# Pride Rail - mumbai_front (generated by tools/voxtrain.py; Blockbench project in blockbench/)
mtllib mumbai_front.mtl
v -5.7500 -0.9500 0.6200
v -5.5000 -0.9500 0.6200
v -5.5000 -0.8489 0.6200
v -5.7500 -0.8489 0.6200
v -5.7500 -0.9500 0.9930
v -5.5000 -0.9500 0.9930
v -5.5000 -0.8489 0.9930
v -5.7500 -0.8489 0.9930
v -5.7500 -0.9500 -0.9930
v -5.5000 -0.9500 -0.9930
v -5.5000 -0.8489 -0.9930
v -5.7500 -0.8489 -0.9930
v -5.7500 -0.9500 -0.6200
v -5.5000 -0.9500 -0.6200
v -5.5000 -0.8489 -0.6200
v -5.7500 -0.8489 -0.6200
v -5.5000 -0.9500 0.6200
v -5.3750 -0.9500 0.6200
v -5.3750 -0.8489 0.6200
v -5.5000 -0.8489 0.6200
v -5.5000 -0.9500 1.0530
v -5.3750 -0.9500 1.0530
v -5.3750 -0.8489 1.0530
v -5.5000 -0.8489 1.0530
v -5.5000 -0.9500 -1.0530
v -5.3750 -0.9500 -1.0530
v -5.3750 -0.8489 -1.0530
v -5.5000 -0.8489 -1.0530
v -5.5000 -0.9500 -0.6200
v -5.3750 -0.9500 -0.6200
v -5.3750 -0.8489 -0.6200
v -5.5000 -0.8489 -0.6200
v -5.3750 -0.9500 0.6200
v -5.2500 -0.9500 0.6200
v -5.2500 -0.8489 0.6200
v -5.3750 -0.8489 0.6200
v -5.3750 -0.9500 1.0480
v -5.2500 -0.9500 1.0480
v -5.2500 -0.8489 1.0480
v -5.3750 -0.8489 1.0480
v -5.3750 -0.9500 -1.0480
v -5.2500 -0.9500 -1.0480
v -5.2500 -0.8489 -1.0480
v -5.3750 -0.8489 -1.0480
v -5.3750 -0.9500 -0.6200
v -5.2500 -0.9500 -0.6200
v -5.2500 -0.8489 -0.6200
v -5.3750 -0.8489 -0.6200
v -5.2500 -0.9500 0.6200
v 4.1250 -0.9500 0.6200
v 4.1250 -0.8489 0.6200
v -5.2500 -0.8489 0.6200
v -5.2500 -0.9500 1.0830
v 4.1250 -0.9500 1.0830
v 4.1250 -0.8489 1.0830
v -5.2500 -0.8489 1.0830
v -5.2500 -0.9500 -1.0830
v 4.1250 -0.9500 -1.0830
v 4.1250 -0.8489 -1.0830
v -5.2500 -0.8489 -1.0830
v -5.2500 -0.9500 -0.6200
v 4.1250 -0.9500 -0.6200
v 4.1250 -0.8489 -0.6200
v -5.2500 -0.8489 -0.6200
v 4.1250 -0.9500 0.6200
v 4.2500 -0.9500 0.6200
v 4.2500 -0.8489 0.6200
v 4.1250 -0.8489 0.6200
v 4.1250 -0.9500 1.0830
v 4.2500 -0.9500 1.0830
v 4.2500 -0.8489 1.0830
v 4.1250 -0.8489 1.0830
v 4.1250 -0.9500 -1.0830
v 4.2500 -0.9500 -1.0830
v 4.2500 -0.8489 -1.0830
v 4.1250 -0.8489 -1.0830
v 4.1250 -0.9500 -0.6200
v 4.2500 -0.9500 -0.6200
v 4.2500 -0.8489 -0.6200
v 4.1250 -0.8489 -0.6200
v 4.2500 -0.9500 0.6200
v 4.3750 -0.9500 0.6200
v 4.3750 -0.8489 0.6200
v 4.2500 -0.8489 0.6200
v 4.2500 -0.9500 1.0790
v 4.3750 -0.9500 1.0790
v 4.3750 -0.8489 1.0790
v 4.2500 -0.8489 1.0790
v 4.2500 -0.9500 -1.0790
v 4.3750 -0.9500 -1.0790
v 4.3750 -0.8489 -1.0790
v 4.2500 -0.8489 -1.0790
v 4.2500 -0.9500 -0.6200
v 4.3750 -0.9500 -0.6200
v 4.3750 -0.8489 -0.6200
v 4.2500 -0.8489 -0.6200
v 4.3750 -0.9500 0.6200
v 4.5000 -0.9500 0.6200
v 4.5000 -0.8489 0.6200
v 4.3750 -0.8489 0.6200
v 4.3750 -0.9500 1.0710
v 4.5000 -0.9500 1.0710
v 4.5000 -0.8489 1.0710
v 4.3750 -0.8489 1.0710
v 4.3750 -0.9500 -1.0710
v 4.5000 -0.9500 -1.0710
v 4.5000 -0.8489 -1.0710
v 4.3750 -0.8489 -1.0710
v 4.3750 -0.9500 -0.6200
v 4.5000 -0.9500 -0.6200
v 4.5000 -0.8489 -0.6200
v 4.3750 -0.8489 -0.6200
v -5.7500 -0.8489 0.6200
v -5.5000 -0.8489 0.6200
v -5.5000 -0.7477 0.6200
v -5.7500 -0.7477 0.6200
v -5.7500 -0.8489 1.0200
v -5.5000 -0.8489 1.0200
v -5.5000 -0.7477 1.0200
v -5.7500 -0.7477 1.0200
v -5.7500 -0.8489 -1.0200
v -5.5000 -0.8489 -1.0200
v -5.5000 -0.7477 -1.0200
v -5.7500 -0.7477 -1.0200
v -5.7500 -0.8489 -0.6200
v -5.5000 -0.8489 -0.6200
v -5.5000 -0.7477 -0.6200
v -5.7500 -0.7477 -0.6200
v -5.5000 -0.8489 0.6200
v -5.3750 -0.8489 0.6200
v -5.3750 -0.7477 0.6200
v -5.5000 -0.7477 0.6200
v -5.5000 -0.8489 1.0800
v -5.3750 -0.8489 1.0800
v -5.3750 -0.7477 1.0800
v -5.5000 -0.7477 1.0800
v -5.5000 -0.8489 -1.0800
v -5.3750 -0.8489 -1.0800
v -5.3750 -0.7477 -1.0800
v -5.5000 -0.7477 -1.0800
v -5.5000 -0.8489 -0.6200
v -5.3750 -0.8489 -0.6200
v -5.3750 -0.7477 -0.6200
v -5.5000 -0.7477 -0.6200
v -5.3750 -0.8489 0.6200
v -5.2500 -0.8489 0.6200
v -5.2500 -0.7477 0.6200
v -5.3750 -0.7477 0.6200
v -5.3750 -0.8489 1.0750
v -5.2500 -0.8489 1.0750
v -5.2500 -0.7477 1.0750
v -5.3750 -0.7477 1.0750
v -5.3750 -0.8489 -1.0750
v -5.2500 -0.8489 -1.0750
v -5.2500 -0.7477 -1.0750
v -5.3750 -0.7477 -1.0750
v -5.3750 -0.8489 -0.6200
v -5.2500 -0.8489 -0.6200
v -5.2500 -0.7477 -0.6200
v -5.3750 -0.7477 -0.6200
v -5.2500 -0.8489 0.6200
v -2.2500 -0.8489 0.6200
v -2.2500 -0.7477 0.6200
v -5.2500 -0.7477 0.6200
v -5.2500 -0.8489 1.1100
v -2.2500 -0.8489 1.1100
v -2.2500 -0.7477 1.1100
v -5.2500 -0.7477 1.1100
v -5.2500 -0.8489 -1.1100
v -2.2500 -0.8489 -1.1100
v -2.2500 -0.7477 -1.1100
v -5.2500 -0.7477 -1.1100
v -5.2500 -0.8489 -0.6200
v -2.2500 -0.8489 -0.6200
v -2.2500 -0.7477 -0.6200
v -5.2500 -0.7477 -0.6200
v -2.2500 -0.8489 0.6200
v -2.1250 -0.8489 0.6200
v -2.1250 -0.7477 0.6200
v -2.2500 -0.7477 0.6200
v -2.2500 -0.8489 1.1100
v -2.1250 -0.8489 1.1100
v -2.1250 -0.7477 1.1100
v -2.2500 -0.7477 1.1100
v -2.2500 -0.8489 -1.1100
v -2.1250 -0.8489 -1.1100
v -2.1250 -0.7477 -1.1100
v -2.2500 -0.7477 -1.1100
v -2.2500 -0.8489 -0.6200
v -2.1250 -0.8489 -0.6200
v -2.1250 -0.7477 -0.6200
v -2.2500 -0.7477 -0.6200
v -2.1250 -0.8489 0.6200
v 4.2500 -0.8489 0.6200
v 4.2500 -0.7477 0.6200
v -2.1250 -0.7477 0.6200
v -2.1250 -0.8489 1.1100
v 4.2500 -0.8489 1.1100
v 4.2500 -0.7477 1.1100
v -2.1250 -0.7477 1.1100
v -2.1250 -0.8489 -1.1100
v 4.2500 -0.8489 -1.1100
v 4.2500 -0.7477 -1.1100
v -2.1250 -0.7477 -1.1100
v -2.1250 -0.8489 -0.6200
v 4.2500 -0.8489 -0.6200
v 4.2500 -0.7477 -0.6200
v -2.1250 -0.7477 -0.6200
v 4.2500 -0.8489 0.6200
v 4.3750 -0.8489 0.6200
v 4.3750 -0.7477 0.6200
v 4.2500 -0.7477 0.6200
v 4.2500 -0.8489 1.1060
v 4.3750 -0.8489 1.1060
v 4.3750 -0.7477 1.1060
v 4.2500 -0.7477 1.1060
v 4.2500 -0.8489 -1.1060
v 4.3750 -0.8489 -1.1060
v 4.3750 -0.7477 -1.1060
v 4.2500 -0.7477 -1.1060
v 4.2500 -0.8489 -0.6200
v 4.3750 -0.8489 -0.6200
v 4.3750 -0.7477 -0.6200
v 4.2500 -0.7477 -0.6200
v 4.3750 -0.8489 0.6200
v 4.5000 -0.8489 0.6200
v 4.5000 -0.7477 0.6200
v 4.3750 -0.7477 0.6200
v 4.3750 -0.8489 1.0970
v 4.5000 -0.8489 1.0970
v 4.5000 -0.7477 1.0970
v 4.3750 -0.7477 1.0970
v 4.3750 -0.8489 -1.0970
v 4.5000 -0.8489 -1.0970
v 4.5000 -0.7477 -1.0970
v 4.3750 -0.7477 -1.0970
v 4.3750 -0.8489 -0.6200
v 4.5000 -0.8489 -0.6200
v 4.5000 -0.7477 -0.6200
v 4.3750 -0.7477 -0.6200
v 4.5000 -0.8489 0.6200
v 4.6250 -0.8489 0.6200
v 4.6250 -0.7477 0.6200
v 4.5000 -0.7477 0.6200
v 4.5000 -0.8489 1.0840
v 4.6250 -0.8489 1.0840
v 4.6250 -0.7477 1.0840
v 4.5000 -0.7477 1.0840
v 4.5000 -0.8489 -1.0840
v 4.6250 -0.8489 -1.0840
v 4.6250 -0.7477 -1.0840
v 4.5000 -0.7477 -1.0840
v 4.5000 -0.8489 -0.6200
v 4.6250 -0.8489 -0.6200
v 4.6250 -0.7477 -0.6200
v 4.5000 -0.7477 -0.6200
v 4.6250 -0.8489 0.6200
v 4.7500 -0.8489 0.6200
v 4.7500 -0.7477 0.6200
v 4.6250 -0.7477 0.6200
v 4.6250 -0.8489 1.0660
v 4.7500 -0.8489 1.0660
v 4.7500 -0.7477 1.0660
v 4.6250 -0.7477 1.0660
v 4.6250 -0.8489 -1.0660
v 4.7500 -0.8489 -1.0660
v 4.7500 -0.7477 -1.0660
v 4.6250 -0.7477 -1.0660
v 4.6250 -0.8489 -0.6200
v 4.7500 -0.8489 -0.6200
v 4.7500 -0.7477 -0.6200
v 4.6250 -0.7477 -0.6200
v -5.7500 -0.7477 0.6200
v -5.5000 -0.7477 0.6200
v -5.5000 -0.6466 0.6200
v -5.7500 -0.6466 0.6200
v -5.7500 -0.7477 1.0470
v -5.5000 -0.7477 1.0470
v -5.5000 -0.6466 1.0470
v -5.7500 -0.6466 1.0470
v -5.7500 -0.7477 -1.0470
v -5.5000 -0.7477 -1.0470
v -5.5000 -0.6466 -1.0470
v -5.7500 -0.6466 -1.0470
v -5.7500 -0.7477 -0.6200
v -5.5000 -0.7477 -0.6200
v -5.5000 -0.6466 -0.6200
v -5.7500 -0.6466 -0.6200
v -5.5000 -0.7477 0.6200
v -5.3750 -0.7477 0.6200
v -5.3750 -0.6466 0.6200
v -5.5000 -0.6466 0.6200
v -5.5000 -0.7477 1.1070
v -5.3750 -0.7477 1.1070
v -5.3750 -0.6466 1.1070
v -5.5000 -0.6466 1.1070
v -5.5000 -0.7477 -1.1070
v -5.3750 -0.7477 -1.1070
v -5.3750 -0.6466 -1.1070
v -5.5000 -0.6466 -1.1070
v -5.5000 -0.7477 -0.6200
v -5.3750 -0.7477 -0.6200
v -5.3750 -0.6466 -0.6200
v -5.5000 -0.6466 -0.6200
v -5.3750 -0.7477 0.6200
v -5.2500 -0.7477 0.6200
v -5.2500 -0.6466 0.6200
v -5.3750 -0.6466 0.6200
v -5.3750 -0.7477 1.1020
v -5.2500 -0.7477 1.1020
v -5.2500 -0.6466 1.1020
v -5.3750 -0.6466 1.1020
v -5.3750 -0.7477 -1.1020
v -5.2500 -0.7477 -1.1020
v -5.2500 -0.6466 -1.1020
v -5.3750 -0.6466 -1.1020
v -5.3750 -0.7477 -0.6200
v -5.2500 -0.7477 -0.6200
v -5.2500 -0.6466 -0.6200
v -5.3750 -0.6466 -0.6200
v -5.2500 -0.7477 0.6200
v -2.2500 -0.7477 0.6200
v -2.2500 -0.6466 0.6200
v -5.2500 -0.6466 0.6200
v -5.2500 -0.7477 1.1370
v -2.2500 -0.7477 1.1370
v -2.2500 -0.6466 1.1370
v -5.2500 -0.6466 1.1370
v -5.2500 -0.7477 -1.1370
v -2.2500 -0.7477 -1.1370
v -2.2500 -0.6466 -1.1370
v -5.2500 -0.6466 -1.1370
v -5.2500 -0.7477 -0.6200
v -2.2500 -0.7477 -0.6200
v -2.2500 -0.6466 -0.6200
v -5.2500 -0.6466 -0.6200
v -2.2500 -0.7477 0.6200
v -2.1250 -0.7477 0.6200
v -2.1250 -0.6466 0.6200
v -2.2500 -0.6466 0.6200
v -2.2500 -0.7477 1.1370
v -2.1250 -0.7477 1.1370
v -2.1250 -0.6466 1.1370
v -2.2500 -0.6466 1.1370
v -2.2500 -0.7477 -1.1370
v -2.1250 -0.7477 -1.1370
v -2.1250 -0.6466 -1.1370
v -2.2500 -0.6466 -1.1370
v -2.2500 -0.7477 -0.6200
v -2.1250 -0.7477 -0.6200
v -2.1250 -0.6466 -0.6200
v -2.2500 -0.6466 -0.6200
v -2.1250 -0.7477 0.6200
v 4.1250 -0.7477 0.6200
v 4.1250 -0.6466 0.6200
v -2.1250 -0.6466 0.6200
v -2.1250 -0.7477 1.1370
v 4.1250 -0.7477 1.1370
v 4.1250 -0.6466 1.1370
v -2.1250 -0.6466 1.1370
v -2.1250 -0.7477 -1.1370
v 4.1250 -0.7477 -1.1370
v 4.1250 -0.6466 -1.1370
v -2.1250 -0.6466 -1.1370
v -2.1250 -0.7477 -0.6200
v 4.1250 -0.7477 -0.6200
v 4.1250 -0.6466 -0.6200
v -2.1250 -0.6466 -0.6200
v 4.1250 -0.7477 0.6200
v 4.2500 -0.7477 0.6200
v 4.2500 -0.6466 0.6200
v 4.1250 -0.6466 0.6200
v 4.1250 -0.7477 1.1360
v 4.2500 -0.7477 1.1360
v 4.2500 -0.6466 1.1360
v 4.1250 -0.6466 1.1360
v 4.1250 -0.7477 -1.1360
v 4.2500 -0.7477 -1.1360
v 4.2500 -0.6466 -1.1360
v 4.1250 -0.6466 -1.1360
v 4.1250 -0.7477 -0.6200
v 4.2500 -0.7477 -0.6200
v 4.2500 -0.6466 -0.6200
v 4.1250 -0.6466 -0.6200
v 4.2500 -0.7477 0.6200
v 4.3750 -0.7477 0.6200
v 4.3750 -0.6466 0.6200
v 4.2500 -0.6466 0.6200
v 4.2500 -0.7477 1.1320
v 4.3750 -0.7477 1.1320
v 4.3750 -0.6466 1.1320
v 4.2500 -0.6466 1.1320
v 4.2500 -0.7477 -1.1320
v 4.3750 -0.7477 -1.1320
v 4.3750 -0.6466 -1.1320
v 4.2500 -0.6466 -1.1320
v 4.2500 -0.7477 -0.6200
v 4.3750 -0.7477 -0.6200
v 4.3750 -0.6466 -0.6200
v 4.2500 -0.6466 -0.6200
v 4.3750 -0.7477 0.6200
v 4.5000 -0.7477 0.6200
v 4.5000 -0.6466 0.6200
v 4.3750 -0.6466 0.6200
v 4.3750 -0.7477 1.1240
v 4.5000 -0.7477 1.1240
v 4.5000 -0.6466 1.1240
v 4.3750 -0.6466 1.1240
v 4.3750 -0.7477 -1.1240
v 4.5000 -0.7477 -1.1240
v 4.5000 -0.6466 -1.1240
v 4.3750 -0.6466 -1.1240
v 4.3750 -0.7477 -0.6200
v 4.5000 -0.7477 -0.6200
v 4.5000 -0.6466 -0.6200
v 4.3750 -0.6466 -0.6200
v 4.5000 -0.7477 0.6200
v 4.6250 -0.7477 0.6200
v 4.6250 -0.6466 0.6200
v 4.5000 -0.6466 0.6200
v 4.5000 -0.7477 1.1100
v 4.6250 -0.7477 1.1100
v 4.6250 -0.6466 1.1100
v 4.5000 -0.6466 1.1100
v 4.5000 -0.7477 -1.1100
v 4.6250 -0.7477 -1.1100
v 4.6250 -0.6466 -1.1100
v 4.5000 -0.6466 -1.1100
v 4.5000 -0.7477 -0.6200
v 4.6250 -0.7477 -0.6200
v 4.6250 -0.6466 -0.6200
v 4.5000 -0.6466 -0.6200
v 4.6250 -0.7477 0.6200
v 4.7500 -0.7477 0.6200
v 4.7500 -0.6466 0.6200
v 4.6250 -0.6466 0.6200
v 4.6250 -0.7477 1.0920
v 4.7500 -0.7477 1.0920
v 4.7500 -0.6466 1.0920
v 4.6250 -0.6466 1.0920
v 4.6250 -0.7477 -1.0920
v 4.7500 -0.7477 -1.0920
v 4.7500 -0.6466 -1.0920
v 4.6250 -0.6466 -1.0920
v 4.6250 -0.7477 -0.6200
v 4.7500 -0.7477 -0.6200
v 4.7500 -0.6466 -0.6200
v 4.6250 -0.6466 -0.6200
v 4.7500 -0.7477 0.6200
v 4.8750 -0.7477 0.6200
v 4.8750 -0.6466 0.6200
v 4.7500 -0.6466 0.6200
v 4.7500 -0.7477 1.0680
v 4.8750 -0.7477 1.0680
v 4.8750 -0.6466 1.0680
v 4.7500 -0.6466 1.0680
v 4.7500 -0.7477 -1.0680
v 4.8750 -0.7477 -1.0680
v 4.8750 -0.6466 -1.0680
v 4.7500 -0.6466 -1.0680
v 4.7500 -0.7477 -0.6200
v 4.8750 -0.7477 -0.6200
v 4.8750 -0.6466 -0.6200
v 4.7500 -0.6466 -0.6200
v -5.7500 -0.6466 0.6200
v -5.5000 -0.6466 0.6200
v -5.5000 -0.5455 0.6200
v -5.7500 -0.5455 0.6200
v -5.7500 -0.6466 1.0730
v -5.5000 -0.6466 1.0730
v -5.5000 -0.5455 1.0730
v -5.7500 -0.5455 1.0730
v -5.7500 -0.6466 -1.0730
v -5.5000 -0.6466 -1.0730
v -5.5000 -0.5455 -1.0730
v -5.7500 -0.5455 -1.0730
v -5.7500 -0.6466 -0.6200
v -5.5000 -0.6466 -0.6200
v -5.5000 -0.5455 -0.6200
v -5.7500 -0.5455 -0.6200
v -5.5000 -0.6466 0.6200
v -5.3750 -0.6466 0.6200
v -5.3750 -0.5455 0.6200
v -5.5000 -0.5455 0.6200
v -5.5000 -0.6466 1.1330
v -5.3750 -0.6466 1.1330
v -5.3750 -0.5455 1.1330
v -5.5000 -0.5455 1.1330
v -5.5000 -0.6466 -1.1330
v -5.3750 -0.6466 -1.1330
v -5.3750 -0.5455 -1.1330
v -5.5000 -0.5455 -1.1330
v -5.5000 -0.6466 -0.6200
v -5.3750 -0.6466 -0.6200
v -5.3750 -0.5455 -0.6200
v -5.5000 -0.5455 -0.6200
v -5.3750 -0.6466 0.6200
v -5.2500 -0.6466 0.6200
v -5.2500 -0.5455 0.6200
v -5.3750 -0.5455 0.6200
v -5.3750 -0.6466 1.1280
v -5.2500 -0.6466 1.1280
v -5.2500 -0.5455 1.1280
v -5.3750 -0.5455 1.1280
v -5.3750 -0.6466 -1.1280
v -5.2500 -0.6466 -1.1280
v -5.2500 -0.5455 -1.1280
v -5.3750 -0.5455 -1.1280
v -5.3750 -0.6466 -0.6200
v -5.2500 -0.6466 -0.6200
v -5.2500 -0.5455 -0.6200
v -5.3750 -0.5455 -0.6200
v -5.2500 -0.6466 0.6200
v -2.2500 -0.6466 0.6200
v -2.2500 -0.5455 0.6200
v -5.2500 -0.5455 0.6200
v -5.2500 -0.6466 1.1630
v -2.2500 -0.6466 1.1630
v -2.2500 -0.5455 1.1630
v -5.2500 -0.5455 1.1630
v -5.2500 -0.6466 -1.1630
v -2.2500 -0.6466 -1.1630
v -2.2500 -0.5455 -1.1630
v -5.2500 -0.5455 -1.1630
v -5.2500 -0.6466 -0.6200
v -2.2500 -0.6466 -0.6200
v -2.2500 -0.5455 -0.6200
v -5.2500 -0.5455 -0.6200
v -2.2500 -0.6466 0.6200
v -2.1250 -0.6466 0.6200
v -2.1250 -0.5455 0.6200
v -2.2500 -0.5455 0.6200
v -2.2500 -0.6466 1.1630
v -2.1250 -0.6466 1.1630
v -2.1250 -0.5455 1.1630
v -2.2500 -0.5455 1.1630
v -2.2500 -0.6466 -1.1630
v -2.1250 -0.6466 -1.1630
v -2.1250 -0.5455 -1.1630
v -2.2500 -0.5455 -1.1630
v -2.2500 -0.6466 -0.6200
v -2.1250 -0.6466 -0.6200
v -2.1250 -0.5455 -0.6200
v -2.2500 -0.5455 -0.6200
v -2.1250 -0.6466 0.6200
v 4.2500 -0.6466 0.6200
v 4.2500 -0.5455 0.6200
v -2.1250 -0.5455 0.6200
v -2.1250 -0.6466 1.1630
v 4.2500 -0.6466 1.1630
v 4.2500 -0.5455 1.1630
v -2.1250 -0.5455 1.1630
v -2.1250 -0.6466 -1.1630
v 4.2500 -0.6466 -1.1630
v 4.2500 -0.5455 -1.1630
v -2.1250 -0.5455 -1.1630
v -2.1250 -0.6466 -0.6200
v 4.2500 -0.6466 -0.6200
v 4.2500 -0.5455 -0.6200
v -2.1250 -0.5455 -0.6200
v 4.2500 -0.6466 0.6200
v 4.3750 -0.6466 0.6200
v 4.3750 -0.5455 0.6200
v 4.2500 -0.5455 0.6200
v 4.2500 -0.6466 1.1590
v 4.3750 -0.6466 1.1590
v 4.3750 -0.5455 1.1590
v 4.2500 -0.5455 1.1590
v 4.2500 -0.6466 -1.1590
v 4.3750 -0.6466 -1.1590
v 4.3750 -0.5455 -1.1590
v 4.2500 -0.5455 -1.1590
v 4.2500 -0.6466 -0.6200
v 4.3750 -0.6466 -0.6200
v 4.3750 -0.5455 -0.6200
v 4.2500 -0.5455 -0.6200
v 4.3750 -0.6466 0.6200
v 4.5000 -0.6466 0.6200
v 4.5000 -0.5455 0.6200
v 4.3750 -0.5455 0.6200
v 4.3750 -0.6466 1.1500
v 4.5000 -0.6466 1.1500
v 4.5000 -0.5455 1.1500
v 4.3750 -0.5455 1.1500
v 4.3750 -0.6466 -1.1500
v 4.5000 -0.6466 -1.1500
v 4.5000 -0.5455 -1.1500
v 4.3750 -0.5455 -1.1500
v 4.3750 -0.6466 -0.6200
v 4.5000 -0.6466 -0.6200
v 4.5000 -0.5455 -0.6200
v 4.3750 -0.5455 -0.6200
v 4.5000 -0.6466 0.6200
v 4.6250 -0.6466 0.6200
v 4.6250 -0.5455 0.6200
v 4.5000 -0.5455 0.6200
v 4.5000 -0.6466 1.1360
v 4.6250 -0.6466 1.1360
v 4.6250 -0.5455 1.1360
v 4.5000 -0.5455 1.1360
v 4.5000 -0.6466 -1.1360
v 4.6250 -0.6466 -1.1360
v 4.6250 -0.5455 -1.1360
v 4.5000 -0.5455 -1.1360
v 4.5000 -0.6466 -0.6200
v 4.6250 -0.6466 -0.6200
v 4.6250 -0.5455 -0.6200
v 4.5000 -0.5455 -0.6200
v 4.6250 -0.6466 0.6200
v 4.7500 -0.6466 0.6200
v 4.7500 -0.5455 0.6200
v 4.6250 -0.5455 0.6200
v 4.6250 -0.6466 1.1170
v 4.7500 -0.6466 1.1170
v 4.7500 -0.5455 1.1170
v 4.6250 -0.5455 1.1170
v 4.6250 -0.6466 -1.1170
v 4.7500 -0.6466 -1.1170
v 4.7500 -0.5455 -1.1170
v 4.6250 -0.5455 -1.1170
v 4.6250 -0.6466 -0.6200
v 4.7500 -0.6466 -0.6200
v 4.7500 -0.5455 -0.6200
v 4.6250 -0.5455 -0.6200
v 4.7500 -0.6466 0.6200
v 4.8750 -0.6466 0.6200
v 4.8750 -0.5455 0.6200
v 4.7500 -0.5455 0.6200
v 4.7500 -0.6466 1.0930
v 4.8750 -0.6466 1.0930
v 4.8750 -0.5455 1.0930
v 4.7500 -0.5455 1.0930
v 4.7500 -0.6466 -1.0930
v 4.8750 -0.6466 -1.0930
v 4.8750 -0.5455 -1.0930
v 4.7500 -0.5455 -1.0930
v 4.7500 -0.6466 -0.6200
v 4.8750 -0.6466 -0.6200
v 4.8750 -0.5455 -0.6200
v 4.7500 -0.5455 -0.6200
v 4.8750 -0.6466 0.6200
v 5.0000 -0.6466 0.6200
v 5.0000 -0.5455 0.6200
v 4.8750 -0.5455 0.6200
v 4.8750 -0.6466 1.0650
v 5.0000 -0.6466 1.0650
v 5.0000 -0.5455 1.0650
v 4.8750 -0.5455 1.0650
v 4.8750 -0.6466 -1.0650
v 5.0000 -0.6466 -1.0650
v 5.0000 -0.5455 -1.0650
v 4.8750 -0.5455 -1.0650
v 4.8750 -0.6466 -0.6200
v 5.0000 -0.6466 -0.6200
v 5.0000 -0.5455 -0.6200
v 4.8750 -0.5455 -0.6200
v -5.7500 -0.5455 0.6200
v -5.5000 -0.5455 0.6200
v -5.5000 -0.4443 0.6200
v -5.7500 -0.4443 0.6200
v -5.7500 -0.5455 1.1000
v -5.5000 -0.5455 1.1000
v -5.5000 -0.4443 1.1000
v -5.7500 -0.4443 1.1000
v -5.7500 -0.5455 -1.1000
v -5.5000 -0.5455 -1.1000
v -5.5000 -0.4443 -1.1000
v -5.7500 -0.4443 -1.1000
v -5.7500 -0.5455 -0.6200
v -5.5000 -0.5455 -0.6200
v -5.5000 -0.4443 -0.6200
v -5.7500 -0.4443 -0.6200
v -5.5000 -0.5455 0.6200
v -5.3750 -0.5455 0.6200
v -5.3750 -0.4443 0.6200
v -5.5000 -0.4443 0.6200
v -5.5000 -0.5455 1.1600
v -5.3750 -0.5455 1.1600
v -5.3750 -0.4443 1.1600
v -5.5000 -0.4443 1.1600
v -5.5000 -0.5455 -1.1600
v -5.3750 -0.5455 -1.1600
v -5.3750 -0.4443 -1.1600
v -5.5000 -0.4443 -1.1600
v -5.5000 -0.5455 -0.6200
v -5.3750 -0.5455 -0.6200
v -5.3750 -0.4443 -0.6200
v -5.5000 -0.4443 -0.6200
v -5.3750 -0.5455 0.6200
v -5.2500 -0.5455 0.6200
v -5.2500 -0.4443 0.6200
v -5.3750 -0.4443 0.6200
v -5.3750 -0.5455 1.1550
v -5.2500 -0.5455 1.1550
v -5.2500 -0.4443 1.1550
v -5.3750 -0.4443 1.1550
v -5.3750 -0.5455 -1.1550
v -5.2500 -0.5455 -1.1550
v -5.2500 -0.4443 -1.1550
v -5.3750 -0.4443 -1.1550
v -5.3750 -0.5455 -0.6200
v -5.2500 -0.5455 -0.6200
v -5.2500 -0.4443 -0.6200
v -5.3750 -0.4443 -0.6200
v -5.2500 -0.5455 0.6200
v -2.2500 -0.5455 0.6200
v -2.2500 -0.4443 0.6200
v -5.2500 -0.4443 0.6200
v -5.2500 -0.5455 1.1900
v -2.2500 -0.5455 1.1900
v -2.2500 -0.4443 1.1900
v -5.2500 -0.4443 1.1900
v -5.2500 -0.5455 -1.1900
v -2.2500 -0.5455 -1.1900
v -2.2500 -0.4443 -1.1900
v -5.2500 -0.4443 -1.1900
v -5.2500 -0.5455 -0.6200
v -2.2500 -0.5455 -0.6200
v -2.2500 -0.4443 -0.6200
v -5.2500 -0.4443 -0.6200
v -2.2500 -0.5455 0.6200
v -2.1250 -0.5455 0.6200
v -2.1250 -0.4443 0.6200
v -2.2500 -0.4443 0.6200
v -2.2500 -0.5455 1.1900
v -2.1250 -0.5455 1.1900
v -2.1250 -0.4443 1.1900
v -2.2500 -0.4443 1.1900
v -2.2500 -0.5455 -1.1900
v -2.1250 -0.5455 -1.1900
v -2.1250 -0.4443 -1.1900
v -2.2500 -0.4443 -1.1900
v -2.2500 -0.5455 -0.6200
v -2.1250 -0.5455 -0.6200
v -2.1250 -0.4443 -0.6200
v -2.2500 -0.4443 -0.6200
v -2.1250 -0.5455 0.6200
v 4.2500 -0.5455 0.6200
v 4.2500 -0.4443 0.6200
v -2.1250 -0.4443 0.6200
v -2.1250 -0.5455 1.1900
v 4.2500 -0.5455 1.1900
v 4.2500 -0.4443 1.1900
v -2.1250 -0.4443 1.1900
v -2.1250 -0.5455 -1.1900
v 4.2500 -0.5455 -1.1900
v 4.2500 -0.4443 -1.1900
v -2.1250 -0.4443 -1.1900
v -2.1250 -0.5455 -0.6200
v 4.2500 -0.5455 -0.6200
v 4.2500 -0.4443 -0.6200
v -2.1250 -0.4443 -0.6200
v 4.2500 -0.5455 0.6200
v 4.3750 -0.5455 0.6200
v 4.3750 -0.4443 0.6200
v 4.2500 -0.4443 0.6200
v 4.2500 -0.5455 1.1850
v 4.3750 -0.5455 1.1850
v 4.3750 -0.4443 1.1850
v 4.2500 -0.4443 1.1850
v 4.2500 -0.5455 -1.1850
v 4.3750 -0.5455 -1.1850
v 4.3750 -0.4443 -1.1850
v 4.2500 -0.4443 -1.1850
v 4.2500 -0.5455 -0.6200
v 4.3750 -0.5455 -0.6200
v 4.3750 -0.4443 -0.6200
v 4.2500 -0.4443 -0.6200
v 4.3750 -0.5455 0.6200
v 4.5000 -0.5455 0.6200
v 4.5000 -0.4443 0.6200
v 4.3750 -0.4443 0.6200
v 4.3750 -0.5455 1.1760
v 4.5000 -0.5455 1.1760
v 4.5000 -0.4443 1.1760
v 4.3750 -0.4443 1.1760
v 4.3750 -0.5455 -1.1760
v 4.5000 -0.5455 -1.1760
v 4.5000 -0.4443 -1.1760
v 4.3750 -0.4443 -1.1760
v 4.3750 -0.5455 -0.6200
v 4.5000 -0.5455 -0.6200
v 4.5000 -0.4443 -0.6200
v 4.3750 -0.4443 -0.6200
v 4.5000 -0.5455 0.6200
v 4.6250 -0.5455 0.6200
v 4.6250 -0.4443 0.6200
v 4.5000 -0.4443 0.6200
v 4.5000 -0.5455 1.1620
v 4.6250 -0.5455 1.1620
v 4.6250 -0.4443 1.1620
v 4.5000 -0.4443 1.1620
v 4.5000 -0.5455 -1.1620
v 4.6250 -0.5455 -1.1620
v 4.6250 -0.4443 -1.1620
v 4.5000 -0.4443 -1.1620
v 4.5000 -0.5455 -0.6200
v 4.6250 -0.5455 -0.6200
v 4.6250 -0.4443 -0.6200
v 4.5000 -0.4443 -0.6200
v 4.6250 -0.5455 0.6200
v 4.7500 -0.5455 0.6200
v 4.7500 -0.4443 0.6200
v 4.6250 -0.4443 0.6200
v 4.6250 -0.5455 1.1430
v 4.7500 -0.5455 1.1430
v 4.7500 -0.4443 1.1430
v 4.6250 -0.4443 1.1430
v 4.6250 -0.5455 -1.1430
v 4.7500 -0.5455 -1.1430
v 4.7500 -0.4443 -1.1430
v 4.6250 -0.4443 -1.1430
v 4.6250 -0.5455 -0.6200
v 4.7500 -0.5455 -0.6200
v 4.7500 -0.4443 -0.6200
v 4.6250 -0.4443 -0.6200
v 4.7500 -0.5455 0.6200
v 4.8750 -0.5455 0.6200
v 4.8750 -0.4443 0.6200
v 4.7500 -0.4443 0.6200
v 4.7500 -0.5455 1.1180
v 4.8750 -0.5455 1.1180
v 4.8750 -0.4443 1.1180
v 4.7500 -0.4443 1.1180
v 4.7500 -0.5455 -1.1180
v 4.8750 -0.5455 -1.1180
v 4.8750 -0.4443 -1.1180
v 4.7500 -0.4443 -1.1180
v 4.7500 -0.5455 -0.6200
v 4.8750 -0.5455 -0.6200
v 4.8750 -0.4443 -0.6200
v 4.7500 -0.4443 -0.6200
v 4.8750 -0.5455 0.6200
v 5.0000 -0.5455 0.6200
v 5.0000 -0.4443 0.6200
v 4.8750 -0.4443 0.6200
v 4.8750 -0.5455 1.0890
v 5.0000 -0.5455 1.0890
v 5.0000 -0.4443 1.0890
v 4.8750 -0.4443 1.0890
v 4.8750 -0.5455 -1.0890
v 5.0000 -0.5455 -1.0890
v 5.0000 -0.4443 -1.0890
v 4.8750 -0.4443 -1.0890
v 4.8750 -0.5455 -0.6200
v 5.0000 -0.5455 -0.6200
v 5.0000 -0.4443 -0.6200
v 4.8750 -0.4443 -0.6200
v 5.0000 -0.5455 0.6200
v 5.1250 -0.5455 0.6200
v 5.1250 -0.4443 0.6200
v 5.0000 -0.4443 0.6200
v 5.0000 -0.5455 1.0540
v 5.1250 -0.5455 1.0540
v 5.1250 -0.4443 1.0540
v 5.0000 -0.4443 1.0540
v 5.0000 -0.5455 -1.0540
v 5.1250 -0.5455 -1.0540
v 5.1250 -0.4443 -1.0540
v 5.0000 -0.4443 -1.0540
v 5.0000 -0.5455 -0.6200
v 5.1250 -0.5455 -0.6200
v 5.1250 -0.4443 -0.6200
v 5.0000 -0.4443 -0.6200
v -5.7500 -0.4443 0.6200
v -5.5000 -0.4443 0.6200
v -5.5000 -0.3432 0.6200
v -5.7500 -0.3432 0.6200
v -5.7500 -0.4443 1.1260
v -5.5000 -0.4443 1.1260
v -5.5000 -0.3432 1.1260
v -5.7500 -0.3432 1.1260
v -5.7500 -0.4443 -1.1260
v -5.5000 -0.4443 -1.1260
v -5.5000 -0.3432 -1.1260
v -5.7500 -0.3432 -1.1260
v -5.7500 -0.4443 -0.6200
v -5.5000 -0.4443 -0.6200
v -5.5000 -0.3432 -0.6200
v -5.7500 -0.3432 -0.6200
v -5.5000 -0.4443 0.6200
v -5.3750 -0.4443 0.6200
v -5.3750 -0.3432 0.6200
v -5.5000 -0.3432 0.6200
v -5.5000 -0.4443 1.1860
v -5.3750 -0.4443 1.1860
v -5.3750 -0.3432 1.1860
v -5.5000 -0.3432 1.1860
v -5.5000 -0.4443 -1.1860
v -5.3750 -0.4443 -1.1860
v -5.3750 -0.3432 -1.1860
v -5.5000 -0.3432 -1.1860
v -5.5000 -0.4443 -0.6200
v -5.3750 -0.4443 -0.6200
v -5.3750 -0.3432 -0.6200
v -5.5000 -0.3432 -0.6200
v -5.3750 -0.4443 0.6200
v -5.2500 -0.4443 0.6200
v -5.2500 -0.3432 0.6200
v -5.3750 -0.3432 0.6200
v -5.3750 -0.4443 1.1810
v -5.2500 -0.4443 1.1810
v -5.2500 -0.3432 1.1810
v -5.3750 -0.3432 1.1810
v -5.3750 -0.4443 -1.1810
v -5.2500 -0.4443 -1.1810
v -5.2500 -0.3432 -1.1810
v -5.3750 -0.3432 -1.1810
v -5.3750 -0.4443 -0.6200
v -5.2500 -0.4443 -0.6200
v -5.2500 -0.3432 -0.6200
v -5.3750 -0.3432 -0.6200
v -5.2500 -0.4443 0.6200
v -2.2500 -0.4443 0.6200
v -2.2500 -0.3432 0.6200
v -5.2500 -0.3432 0.6200
v -5.2500 -0.4443 1.2160
v -2.2500 -0.4443 1.2160
v -2.2500 -0.3432 1.2160
v -5.2500 -0.3432 1.2160
v -5.2500 -0.4443 -1.2160
v -2.2500 -0.4443 -1.2160
v -2.2500 -0.3432 -1.2160
v -5.2500 -0.3432 -1.2160
v -5.2500 -0.4443 -0.6200
v -2.2500 -0.4443 -0.6200
v -2.2500 -0.3432 -0.6200
v -5.2500 -0.3432 -0.6200
v -2.2500 -0.4443 0.6200
v -2.1250 -0.4443 0.6200
v -2.1250 -0.3432 0.6200
v -2.2500 -0.3432 0.6200
v -2.2500 -0.4443 1.2160
v -2.1250 -0.4443 1.2160
v -2.1250 -0.3432 1.2160
v -2.2500 -0.3432 1.2160
v -2.2500 -0.4443 -1.2160
v -2.1250 -0.4443 -1.2160
v -2.1250 -0.3432 -1.2160
v -2.2500 -0.3432 -1.2160
v -2.2500 -0.4443 -0.6200
v -2.1250 -0.4443 -0.6200
v -2.1250 -0.3432 -0.6200
v -2.2500 -0.3432 -0.6200
v -2.1250 -0.4443 0.6200
v 4.2500 -0.4443 0.6200
v 4.2500 -0.3432 0.6200
v -2.1250 -0.3432 0.6200
v -2.1250 -0.4443 1.2160
v 4.2500 -0.4443 1.2160
v 4.2500 -0.3432 1.2160
v -2.1250 -0.3432 1.2160
v -2.1250 -0.4443 -1.2160
v 4.2500 -0.4443 -1.2160
v 4.2500 -0.3432 -1.2160
v -2.1250 -0.3432 -1.2160
v -2.1250 -0.4443 -0.6200
v 4.2500 -0.4443 -0.6200
v 4.2500 -0.3432 -0.6200
v -2.1250 -0.3432 -0.6200
v 4.2500 -0.4443 0.6200
v 4.3750 -0.4443 0.6200
v 4.3750 -0.3432 0.6200
v 4.2500 -0.3432 0.6200
v 4.2500 -0.4443 1.2120
v 4.3750 -0.4443 1.2120
v 4.3750 -0.3432 1.2120
v 4.2500 -0.3432 1.2120
v 4.2500 -0.4443 -1.2120
v 4.3750 -0.4443 -1.2120
v 4.3750 -0.3432 -1.2120
v 4.2500 -0.3432 -1.2120
v 4.2500 -0.4443 -0.6200
v 4.3750 -0.4443 -0.6200
v 4.3750 -0.3432 -0.6200
v 4.2500 -0.3432 -0.6200
v 4.3750 -0.4443 0.6200
v 4.5000 -0.4443 0.6200
v 4.5000 -0.3432 0.6200
v 4.3750 -0.3432 0.6200
v 4.3750 -0.4443 1.2030
v 4.5000 -0.4443 1.2030
v 4.5000 -0.3432 1.2030
v 4.3750 -0.3432 1.2030
v 4.3750 -0.4443 -1.2030
v 4.5000 -0.4443 -1.2030
v 4.5000 -0.3432 -1.2030
v 4.3750 -0.3432 -1.2030
v 4.3750 -0.4443 -0.6200
v 4.5000 -0.4443 -0.6200
v 4.5000 -0.3432 -0.6200
v 4.3750 -0.3432 -0.6200
v 4.5000 -0.4443 0.6200
v 4.6250 -0.4443 0.6200
v 4.6250 -0.3432 0.6200
v 4.5000 -0.3432 0.6200
v 4.5000 -0.4443 1.1880
v 4.6250 -0.4443 1.1880
v 4.6250 -0.3432 1.1880
v 4.5000 -0.3432 1.1880
v 4.5000 -0.4443 -1.1880
v 4.6250 -0.4443 -1.1880
v 4.6250 -0.3432 -1.1880
v 4.5000 -0.3432 -1.1880
v 4.5000 -0.4443 -0.6200
v 4.6250 -0.4443 -0.6200
v 4.6250 -0.3432 -0.6200
v 4.5000 -0.3432 -0.6200
v 4.6250 -0.4443 0.6200
v 4.7500 -0.4443 0.6200
v 4.7500 -0.3432 0.6200
v 4.6250 -0.3432 0.6200
v 4.6250 -0.4443 1.1680
v 4.7500 -0.4443 1.1680
v 4.7500 -0.3432 1.1680
v 4.6250 -0.3432 1.1680
v 4.6250 -0.4443 -1.1680
v 4.7500 -0.4443 -1.1680
v 4.7500 -0.3432 -1.1680
v 4.6250 -0.3432 -1.1680
v 4.6250 -0.4443 -0.6200
v 4.7500 -0.4443 -0.6200
v 4.7500 -0.3432 -0.6200
v 4.6250 -0.3432 -0.6200
v 4.7500 -0.4443 0.6200
v 4.8750 -0.4443 0.6200
v 4.8750 -0.3432 0.6200
v 4.7500 -0.3432 0.6200
v 4.7500 -0.4443 1.1430
v 4.8750 -0.4443 1.1430
v 4.8750 -0.3432 1.1430
v 4.7500 -0.3432 1.1430
v 4.7500 -0.4443 -1.1430
v 4.8750 -0.4443 -1.1430
v 4.8750 -0.3432 -1.1430
v 4.7500 -0.3432 -1.1430
v 4.7500 -0.4443 -0.6200
v 4.8750 -0.4443 -0.6200
v 4.8750 -0.3432 -0.6200
v 4.7500 -0.3432 -0.6200
v 4.8750 -0.4443 0.6200
v 5.0000 -0.4443 0.6200
v 5.0000 -0.3432 0.6200
v 4.8750 -0.3432 0.6200
v 4.8750 -0.4443 1.1130
v 5.0000 -0.4443 1.1130
v 5.0000 -0.3432 1.1130
v 4.8750 -0.3432 1.1130
v 4.8750 -0.4443 -1.1130
v 5.0000 -0.4443 -1.1130
v 5.0000 -0.3432 -1.1130
v 4.8750 -0.3432 -1.1130
v 4.8750 -0.4443 -0.6200
v 5.0000 -0.4443 -0.6200
v 5.0000 -0.3432 -0.6200
v 4.8750 -0.3432 -0.6200
v 5.0000 -0.4443 0.6200
v 5.1250 -0.4443 0.6200
v 5.1250 -0.3432 0.6200
v 5.0000 -0.3432 0.6200
v 5.0000 -0.4443 1.0780
v 5.1250 -0.4443 1.0780
v 5.1250 -0.3432 1.0780
v 5.0000 -0.3432 1.0780
v 5.0000 -0.4443 -1.0780
v 5.1250 -0.4443 -1.0780
v 5.1250 -0.3432 -1.0780
v 5.0000 -0.3432 -1.0780
v 5.0000 -0.4443 -0.6200
v 5.1250 -0.4443 -0.6200
v 5.1250 -0.3432 -0.6200
v 5.0000 -0.3432 -0.6200
v 5.1250 -0.4443 0.6200
v 5.2500 -0.4443 0.6200
v 5.2500 -0.3432 0.6200
v 5.1250 -0.3432 0.6200
v 5.1250 -0.4443 1.0370
v 5.2500 -0.4443 1.0370
v 5.2500 -0.3432 1.0370
v 5.1250 -0.3432 1.0370
v 5.1250 -0.4443 -1.0370
v 5.2500 -0.4443 -1.0370
v 5.2500 -0.3432 -1.0370
v 5.1250 -0.3432 -1.0370
v 5.1250 -0.4443 -0.6200
v 5.2500 -0.4443 -0.6200
v 5.2500 -0.3432 -0.6200
v 5.1250 -0.3432 -0.6200
v -5.7500 -0.3432 0.6200
v -5.5000 -0.3432 0.6200
v -5.5000 -0.2420 0.6200
v -5.7500 -0.2420 0.6200
v -5.7500 -0.3432 1.1530
v -5.5000 -0.3432 1.1530
v -5.5000 -0.2420 1.1530
v -5.7500 -0.2420 1.1530
v -5.7500 -0.3432 -1.1530
v -5.5000 -0.3432 -1.1530
v -5.5000 -0.2420 -1.1530
v -5.7500 -0.2420 -1.1530
v -5.7500 -0.3432 -0.6200
v -5.5000 -0.3432 -0.6200
v -5.5000 -0.2420 -0.6200
v -5.7500 -0.2420 -0.6200
v -5.5000 -0.3432 0.6200
v -5.3750 -0.3432 0.6200
v -5.3750 -0.2420 0.6200
v -5.5000 -0.2420 0.6200
v -5.5000 -0.3432 1.2130
v -5.3750 -0.3432 1.2130
v -5.3750 -0.2420 1.2130
v -5.5000 -0.2420 1.2130
v -5.5000 -0.3432 -1.2130
v -5.3750 -0.3432 -1.2130
v -5.3750 -0.2420 -1.2130
v -5.5000 -0.2420 -1.2130
v -5.5000 -0.3432 -0.6200
v -5.3750 -0.3432 -0.6200
v -5.3750 -0.2420 -0.6200
v -5.5000 -0.2420 -0.6200
v -5.3750 -0.3432 0.6200
v -5.2500 -0.3432 0.6200
v -5.2500 -0.2420 0.6200
v -5.3750 -0.2420 0.6200
v -5.3750 -0.3432 1.2080
v -5.2500 -0.3432 1.2080
v -5.2500 -0.2420 1.2080
v -5.3750 -0.2420 1.2080
v -5.3750 -0.3432 -1.2080
v -5.2500 -0.3432 -1.2080
v -5.2500 -0.2420 -1.2080
v -5.3750 -0.2420 -1.2080
v -5.3750 -0.3432 -0.6200
v -5.2500 -0.3432 -0.6200
v -5.2500 -0.2420 -0.6200
v -5.3750 -0.2420 -0.6200
v -5.2500 -0.3432 0.6200
v -2.2500 -0.3432 0.6200
v -2.2500 -0.2420 0.6200
v -5.2500 -0.2420 0.6200
v -5.2500 -0.3432 1.2430
v -2.2500 -0.3432 1.2430
v -2.2500 -0.2420 1.2430
v -5.2500 -0.2420 1.2430
v -5.2500 -0.3432 -1.2430
v -2.2500 -0.3432 -1.2430
v -2.2500 -0.2420 -1.2430
v -5.2500 -0.2420 -1.2430
v -5.2500 -0.3432 -0.6200
v -2.2500 -0.3432 -0.6200
v -2.2500 -0.2420 -0.6200
v -5.2500 -0.2420 -0.6200
v -2.2500 -0.3432 0.6200
v -2.1250 -0.3432 0.6200
v -2.1250 -0.2420 0.6200
v -2.2500 -0.2420 0.6200
v -2.2500 -0.3432 1.2430
v -2.1250 -0.3432 1.2430
v -2.1250 -0.2420 1.2430
v -2.2500 -0.2420 1.2430
v -2.2500 -0.3432 -1.2430
v -2.1250 -0.3432 -1.2430
v -2.1250 -0.2420 -1.2430
v -2.2500 -0.2420 -1.2430
v -2.2500 -0.3432 -0.6200
v -2.1250 -0.3432 -0.6200
v -2.1250 -0.2420 -0.6200
v -2.2500 -0.2420 -0.6200
v -2.1250 -0.3432 0.6200
v 4.2500 -0.3432 0.6200
v 4.2500 -0.2420 0.6200
v -2.1250 -0.2420 0.6200
v -2.1250 -0.3432 1.2430
v 4.2500 -0.3432 1.2430
v 4.2500 -0.2420 1.2430
v -2.1250 -0.2420 1.2430
v -2.1250 -0.3432 -1.2430
v 4.2500 -0.3432 -1.2430
v 4.2500 -0.2420 -1.2430
v -2.1250 -0.2420 -1.2430
v -2.1250 -0.3432 -0.6200
v 4.2500 -0.3432 -0.6200
v 4.2500 -0.2420 -0.6200
v -2.1250 -0.2420 -0.6200
v 4.2500 -0.3432 0.6200
v 4.3750 -0.3432 0.6200
v 4.3750 -0.2420 0.6200
v 4.2500 -0.2420 0.6200
v 4.2500 -0.3432 1.2390
v 4.3750 -0.3432 1.2390
v 4.3750 -0.2420 1.2390
v 4.2500 -0.2420 1.2390
v 4.2500 -0.3432 -1.2390
v 4.3750 -0.3432 -1.2390
v 4.3750 -0.2420 -1.2390
v 4.2500 -0.2420 -1.2390
v 4.2500 -0.3432 -0.6200
v 4.3750 -0.3432 -0.6200
v 4.3750 -0.2420 -0.6200
v 4.2500 -0.2420 -0.6200
v 4.3750 -0.3432 0.6200
v 4.5000 -0.3432 0.6200
v 4.5000 -0.2420 0.6200
v 4.3750 -0.2420 0.6200
v 4.3750 -0.3432 1.2290
v 4.5000 -0.3432 1.2290
v 4.5000 -0.2420 1.2290
v 4.3750 -0.2420 1.2290
v 4.3750 -0.3432 -1.2290
v 4.5000 -0.3432 -1.2290
v 4.5000 -0.2420 -1.2290
v 4.3750 -0.2420 -1.2290
v 4.3750 -0.3432 -0.6200
v 4.5000 -0.3432 -0.6200
v 4.5000 -0.2420 -0.6200
v 4.3750 -0.2420 -0.6200
v 4.5000 -0.3432 0.6200
v 4.6250 -0.3432 0.6200
v 4.6250 -0.2420 0.6200
v 4.5000 -0.2420 0.6200
v 4.5000 -0.3432 1.2140
v 4.6250 -0.3432 1.2140
v 4.6250 -0.2420 1.2140
v 4.5000 -0.2420 1.2140
v 4.5000 -0.3432 -1.2140
v 4.6250 -0.3432 -1.2140
v 4.6250 -0.2420 -1.2140
v 4.5000 -0.2420 -1.2140
v 4.5000 -0.3432 -0.6200
v 4.6250 -0.3432 -0.6200
v 4.6250 -0.2420 -0.6200
v 4.5000 -0.2420 -0.6200
v 4.6250 -0.3432 0.6200
v 4.7500 -0.3432 0.6200
v 4.7500 -0.2420 0.6200
v 4.6250 -0.2420 0.6200
v 4.6250 -0.3432 1.1940
v 4.7500 -0.3432 1.1940
v 4.7500 -0.2420 1.1940
v 4.6250 -0.2420 1.1940
v 4.6250 -0.3432 -1.1940
v 4.7500 -0.3432 -1.1940
v 4.7500 -0.2420 -1.1940
v 4.6250 -0.2420 -1.1940
v 4.6250 -0.3432 -0.6200
v 4.7500 -0.3432 -0.6200
v 4.7500 -0.2420 -0.6200
v 4.6250 -0.2420 -0.6200
v 4.7500 -0.3432 0.6200
v 4.8750 -0.3432 0.6200
v 4.8750 -0.2420 0.6200
v 4.7500 -0.2420 0.6200
v 4.7500 -0.3432 1.1680
v 4.8750 -0.3432 1.1680
v 4.8750 -0.2420 1.1680
v 4.7500 -0.2420 1.1680
v 4.7500 -0.3432 -1.1680
v 4.8750 -0.3432 -1.1680
v 4.8750 -0.2420 -1.1680
v 4.7500 -0.2420 -1.1680
v 4.7500 -0.3432 -0.6200
v 4.8750 -0.3432 -0.6200
v 4.8750 -0.2420 -0.6200
v 4.7500 -0.2420 -0.6200
v 4.8750 -0.3432 0.6200
v 5.0000 -0.3432 0.6200
v 5.0000 -0.2420 0.6200
v 4.8750 -0.2420 0.6200
v 4.8750 -0.3432 1.1380
v 5.0000 -0.3432 1.1380
v 5.0000 -0.2420 1.1380
v 4.8750 -0.2420 1.1380
v 4.8750 -0.3432 -1.1380
v 5.0000 -0.3432 -1.1380
v 5.0000 -0.2420 -1.1380
v 4.8750 -0.2420 -1.1380
v 4.8750 -0.3432 -0.6200
v 5.0000 -0.3432 -0.6200
v 5.0000 -0.2420 -0.6200
v 4.8750 -0.2420 -0.6200
v 5.0000 -0.3432 0.6200
v 5.1250 -0.3432 0.6200
v 5.1250 -0.2420 0.6200
v 5.0000 -0.2420 0.6200
v 5.0000 -0.3432 1.1010
v 5.1250 -0.3432 1.1010
v 5.1250 -0.2420 1.1010
v 5.0000 -0.2420 1.1010
v 5.0000 -0.3432 -1.1010
v 5.1250 -0.3432 -1.1010
v 5.1250 -0.2420 -1.1010
v 5.0000 -0.2420 -1.1010
v 5.0000 -0.3432 -0.6200
v 5.1250 -0.3432 -0.6200
v 5.1250 -0.2420 -0.6200
v 5.0000 -0.2420 -0.6200
v 5.1250 -0.3432 0.6200
v 5.2500 -0.3432 0.6200
v 5.2500 -0.2420 0.6200
v 5.1250 -0.2420 0.6200
v 5.1250 -0.3432 1.0600
v 5.2500 -0.3432 1.0600
v 5.2500 -0.2420 1.0600
v 5.1250 -0.2420 1.0600
v 5.1250 -0.3432 -1.0600
v 5.2500 -0.3432 -1.0600
v 5.2500 -0.2420 -1.0600
v 5.1250 -0.2420 -1.0600
v 5.1250 -0.3432 -0.6200
v 5.2500 -0.3432 -0.6200
v 5.2500 -0.2420 -0.6200
v 5.1250 -0.2420 -0.6200
v 5.2500 -0.3432 0.6200
v 5.3750 -0.3432 0.6200
v 5.3750 -0.2420 0.6200
v 5.2500 -0.2420 0.6200
v 5.2500 -0.3432 1.0130
v 5.3750 -0.3432 1.0130
v 5.3750 -0.2420 1.0130
v 5.2500 -0.2420 1.0130
v 5.2500 -0.3432 -1.0130
v 5.3750 -0.3432 -1.0130
v 5.3750 -0.2420 -1.0130
v 5.2500 -0.2420 -1.0130
v 5.2500 -0.3432 -0.6200
v 5.3750 -0.3432 -0.6200
v 5.3750 -0.2420 -0.6200
v 5.2500 -0.2420 -0.6200
v -5.7500 -0.2420 0.6200
v -5.5000 -0.2420 0.6200
v -5.5000 -0.1409 0.6200
v -5.7500 -0.1409 0.6200
v -5.7500 -0.2420 1.1800
v -5.5000 -0.2420 1.1800
v -5.5000 -0.1409 1.1800
v -5.7500 -0.1409 1.1800
v -5.7500 -0.2420 -1.1800
v -5.5000 -0.2420 -1.1800
v -5.5000 -0.1409 -1.1800
v -5.7500 -0.1409 -1.1800
v -5.7500 -0.2420 -0.6200
v -5.5000 -0.2420 -0.6200
v -5.5000 -0.1409 -0.6200
v -5.7500 -0.1409 -0.6200
v -5.5000 -0.2420 0.6200
v -5.3750 -0.2420 0.6200
v -5.3750 -0.1409 0.6200
v -5.5000 -0.1409 0.6200
v -5.5000 -0.2420 1.2400
v -5.3750 -0.2420 1.2400
v -5.3750 -0.1409 1.2400
v -5.5000 -0.1409 1.2400
v -5.5000 -0.2420 -1.2400
v -5.3750 -0.2420 -1.2400
v -5.3750 -0.1409 -1.2400
v -5.5000 -0.1409 -1.2400
v -5.5000 -0.2420 -0.6200
v -5.3750 -0.2420 -0.6200
v -5.3750 -0.1409 -0.6200
v -5.5000 -0.1409 -0.6200
v -5.3750 -0.2420 0.6200
v -5.2500 -0.2420 0.6200
v -5.2500 -0.1409 0.6200
v -5.3750 -0.1409 0.6200
v -5.3750 -0.2420 1.2350
v -5.2500 -0.2420 1.2350
v -5.2500 -0.1409 1.2350
v -5.3750 -0.1409 1.2350
v -5.3750 -0.2420 -1.2350
v -5.2500 -0.2420 -1.2350
v -5.2500 -0.1409 -1.2350
v -5.3750 -0.1409 -1.2350
v -5.3750 -0.2420 -0.6200
v -5.2500 -0.2420 -0.6200
v -5.2500 -0.1409 -0.6200
v -5.3750 -0.1409 -0.6200
v -5.2500 -0.2420 0.6200
v -2.2500 -0.2420 0.6200
v -2.2500 -0.1409 0.6200
v -5.2500 -0.1409 0.6200
v -5.2500 -0.2420 1.2700
v -2.2500 -0.2420 1.2700
v -2.2500 -0.1409 1.2700
v -5.2500 -0.1409 1.2700
v -5.2500 -0.2420 -1.2700
v -2.2500 -0.2420 -1.2700
v -2.2500 -0.1409 -1.2700
v -5.2500 -0.1409 -1.2700
v -5.2500 -0.2420 -0.6200
v -2.2500 -0.2420 -0.6200
v -2.2500 -0.1409 -0.6200
v -5.2500 -0.1409 -0.6200
v -2.2500 -0.2420 0.6200
v -2.1250 -0.2420 0.6200
v -2.1250 -0.1409 0.6200
v -2.2500 -0.1409 0.6200
v -2.2500 -0.2420 1.2700
v -2.1250 -0.2420 1.2700
v -2.1250 -0.1409 1.2700
v -2.2500 -0.1409 1.2700
v -2.2500 -0.2420 -1.2700
v -2.1250 -0.2420 -1.2700
v -2.1250 -0.1409 -1.2700
v -2.2500 -0.1409 -1.2700
v -2.2500 -0.2420 -0.6200
v -2.1250 -0.2420 -0.6200
v -2.1250 -0.1409 -0.6200
v -2.2500 -0.1409 -0.6200
v -2.1250 -0.2420 0.6200
v 4.1250 -0.2420 0.6200
v 4.1250 -0.1409 0.6200
v -2.1250 -0.1409 0.6200
v -2.1250 -0.2420 1.2700
v 4.1250 -0.2420 1.2700
v 4.1250 -0.1409 1.2700
v -2.1250 -0.1409 1.2700
v -2.1250 -0.2420 -1.2700
v 4.1250 -0.2420 -1.2700
v 4.1250 -0.1409 -1.2700
v -2.1250 -0.1409 -1.2700
v -2.1250 -0.2420 -0.6200
v 4.1250 -0.2420 -0.6200
v 4.1250 -0.1409 -0.6200
v -2.1250 -0.1409 -0.6200
v 4.1250 -0.2420 0.6200
v 4.2500 -0.2420 0.6200
v 4.2500 -0.1409 0.6200
v 4.1250 -0.1409 0.6200
v 4.1250 -0.2420 1.2690
v 4.2500 -0.2420 1.2690
v 4.2500 -0.1409 1.2690
v 4.1250 -0.1409 1.2690
v 4.1250 -0.2420 -1.2690
v 4.2500 -0.2420 -1.2690
v 4.2500 -0.1409 -1.2690
v 4.1250 -0.1409 -1.2690
v 4.1250 -0.2420 -0.6200
v 4.2500 -0.2420 -0.6200
v 4.2500 -0.1409 -0.6200
v 4.1250 -0.1409 -0.6200
v 4.2500 -0.2420 0.6200
v 4.3750 -0.2420 0.6200
v 4.3750 -0.1409 0.6200
v 4.2500 -0.1409 0.6200
v 4.2500 -0.2420 1.2650
v 4.3750 -0.2420 1.2650
v 4.3750 -0.1409 1.2650
v 4.2500 -0.1409 1.2650
v 4.2500 -0.2420 -1.2650
v 4.3750 -0.2420 -1.2650
v 4.3750 -0.1409 -1.2650
v 4.2500 -0.1409 -1.2650
v 4.2500 -0.2420 -0.6200
v 4.3750 -0.2420 -0.6200
v 4.3750 -0.1409 -0.6200
v 4.2500 -0.1409 -0.6200
v 4.3750 -0.2420 0.6200
v 4.5000 -0.2420 0.6200
v 4.5000 -0.1409 0.6200
v 4.3750 -0.1409 0.6200
v 4.3750 -0.2420 1.2550
v 4.5000 -0.2420 1.2550
v 4.5000 -0.1409 1.2550
v 4.3750 -0.1409 1.2550
v 4.3750 -0.2420 -1.2550
v 4.5000 -0.2420 -1.2550
v 4.5000 -0.1409 -1.2550
v 4.3750 -0.1409 -1.2550
v 4.3750 -0.2420 -0.6200
v 4.5000 -0.2420 -0.6200
v 4.5000 -0.1409 -0.6200
v 4.3750 -0.1409 -0.6200
v 4.5000 -0.2420 0.6200
v 4.6250 -0.2420 0.6200
v 4.6250 -0.1409 0.6200
v 4.5000 -0.1409 0.6200
v 4.5000 -0.2420 1.2400
v 4.6250 -0.2420 1.2400
v 4.6250 -0.1409 1.2400
v 4.5000 -0.1409 1.2400
v 4.5000 -0.2420 -1.2400
v 4.6250 -0.2420 -1.2400
v 4.6250 -0.1409 -1.2400
v 4.5000 -0.1409 -1.2400
v 4.5000 -0.2420 -0.6200
v 4.6250 -0.2420 -0.6200
v 4.6250 -0.1409 -0.6200
v 4.5000 -0.1409 -0.6200
v 4.6250 -0.2420 0.6200
v 4.7500 -0.2420 0.6200
v 4.7500 -0.1409 0.6200
v 4.6250 -0.1409 0.6200
v 4.6250 -0.2420 1.2190
v 4.7500 -0.2420 1.2190
v 4.7500 -0.1409 1.2190
v 4.6250 -0.1409 1.2190
v 4.6250 -0.2420 -1.2190
v 4.7500 -0.2420 -1.2190
v 4.7500 -0.1409 -1.2190
v 4.6250 -0.1409 -1.2190
v 4.6250 -0.2420 -0.6200
v 4.7500 -0.2420 -0.6200
v 4.7500 -0.1409 -0.6200
v 4.6250 -0.1409 -0.6200
v 4.7500 -0.2420 0.6200
v 4.8750 -0.2420 0.6200
v 4.8750 -0.1409 0.6200
v 4.7500 -0.1409 0.6200
v 4.7500 -0.2420 1.1930
v 4.8750 -0.2420 1.1930
v 4.8750 -0.1409 1.1930
v 4.7500 -0.1409 1.1930
v 4.7500 -0.2420 -1.1930
v 4.8750 -0.2420 -1.1930
v 4.8750 -0.1409 -1.1930
v 4.7500 -0.1409 -1.1930
v 4.7500 -0.2420 -0.6200
v 4.8750 -0.2420 -0.6200
v 4.8750 -0.1409 -0.6200
v 4.7500 -0.1409 -0.6200
v 4.8750 -0.2420 0.6200
v 5.0000 -0.2420 0.6200
v 5.0000 -0.1409 0.6200
v 4.8750 -0.1409 0.6200
v 4.8750 -0.2420 1.1620
v 5.0000 -0.2420 1.1620
v 5.0000 -0.1409 1.1620
v 4.8750 -0.1409 1.1620
v 4.8750 -0.2420 -1.1620
v 5.0000 -0.2420 -1.1620
v 5.0000 -0.1409 -1.1620
v 4.8750 -0.1409 -1.1620
v 4.8750 -0.2420 -0.6200
v 5.0000 -0.2420 -0.6200
v 5.0000 -0.1409 -0.6200
v 4.8750 -0.1409 -0.6200
v 5.0000 -0.2420 0.6200
v 5.1250 -0.2420 0.6200
v 5.1250 -0.1409 0.6200
v 5.0000 -0.1409 0.6200
v 5.0000 -0.2420 1.1250
v 5.1250 -0.2420 1.1250
v 5.1250 -0.1409 1.1250
v 5.0000 -0.1409 1.1250
v 5.0000 -0.2420 -1.1250
v 5.1250 -0.2420 -1.1250
v 5.1250 -0.1409 -1.1250
v 5.0000 -0.1409 -1.1250
v 5.0000 -0.2420 -0.6200
v 5.1250 -0.2420 -0.6200
v 5.1250 -0.1409 -0.6200
v 5.0000 -0.1409 -0.6200
v 5.1250 -0.2420 0.6200
v 5.2500 -0.2420 0.6200
v 5.2500 -0.1409 0.6200
v 5.1250 -0.1409 0.6200
v 5.1250 -0.2420 1.0830
v 5.2500 -0.2420 1.0830
v 5.2500 -0.1409 1.0830
v 5.1250 -0.1409 1.0830
v 5.1250 -0.2420 -1.0830
v 5.2500 -0.2420 -1.0830
v 5.2500 -0.1409 -1.0830
v 5.1250 -0.1409 -1.0830
v 5.1250 -0.2420 -0.6200
v 5.2500 -0.2420 -0.6200
v 5.2500 -0.1409 -0.6200
v 5.1250 -0.1409 -0.6200
v 5.2500 -0.2420 0.6200
v 5.3750 -0.2420 0.6200
v 5.3750 -0.1409 0.6200
v 5.2500 -0.1409 0.6200
v 5.2500 -0.2420 1.0350
v 5.3750 -0.2420 1.0350
v 5.3750 -0.1409 1.0350
v 5.2500 -0.1409 1.0350
v 5.2500 -0.2420 -1.0350
v 5.3750 -0.2420 -1.0350
v 5.3750 -0.1409 -1.0350
v 5.2500 -0.1409 -1.0350
v 5.2500 -0.2420 -0.6200
v 5.3750 -0.2420 -0.6200
v 5.3750 -0.1409 -0.6200
v 5.2500 -0.1409 -0.6200
v 5.3750 -0.2420 0.6200
v 5.5000 -0.2420 0.6200
v 5.5000 -0.1409 0.6200
v 5.3750 -0.1409 0.6200
v 5.3750 -0.2420 0.9820
v 5.5000 -0.2420 0.9820
v 5.5000 -0.1409 0.9820
v 5.3750 -0.1409 0.9820
v 5.3750 -0.2420 -0.9820
v 5.5000 -0.2420 -0.9820
v 5.5000 -0.1409 -0.9820
v 5.3750 -0.1409 -0.9820
v 5.3750 -0.2420 -0.6200
v 5.5000 -0.2420 -0.6200
v 5.5000 -0.1409 -0.6200
v 5.3750 -0.1409 -0.6200
v -5.7500 -0.1409 0.6200
v -5.5000 -0.1409 0.6200
v -5.5000 -0.0398 0.6200
v -5.7500 -0.0398 0.6200
v -5.7500 -0.1409 1.2060
v -5.5000 -0.1409 1.2060
v -5.5000 -0.0398 1.2060
v -5.7500 -0.0398 1.2060
v -5.7500 -0.1409 -1.2060
v -5.5000 -0.1409 -1.2060
v -5.5000 -0.0398 -1.2060
v -5.7500 -0.0398 -1.2060
v -5.7500 -0.1409 -0.6200
v -5.5000 -0.1409 -0.6200
v -5.5000 -0.0398 -0.6200
v -5.7500 -0.0398 -0.6200
v -5.5000 -0.1409 0.6200
v -5.3750 -0.1409 0.6200
v -5.3750 -0.0398 0.6200
v -5.5000 -0.0398 0.6200
v -5.5000 -0.1409 1.2660
v -5.3750 -0.1409 1.2660
v -5.3750 -0.0398 1.2660
v -5.5000 -0.0398 1.2660
v -5.5000 -0.1409 -1.2660
v -5.3750 -0.1409 -1.2660
v -5.3750 -0.0398 -1.2660
v -5.5000 -0.0398 -1.2660
v -5.5000 -0.1409 -0.6200
v -5.3750 -0.1409 -0.6200
v -5.3750 -0.0398 -0.6200
v -5.5000 -0.0398 -0.6200
v -5.3750 -0.1409 0.6200
v -5.2500 -0.1409 0.6200
v -5.2500 -0.0398 0.6200
v -5.3750 -0.0398 0.6200
v -5.3750 -0.1409 1.2610
v -5.2500 -0.1409 1.2610
v -5.2500 -0.0398 1.2610
v -5.3750 -0.0398 1.2610
v -5.3750 -0.1409 -1.2610
v -5.2500 -0.1409 -1.2610
v -5.2500 -0.0398 -1.2610
v -5.3750 -0.0398 -1.2610
v -5.3750 -0.1409 -0.6200
v -5.2500 -0.1409 -0.6200
v -5.2500 -0.0398 -0.6200
v -5.3750 -0.0398 -0.6200
v -5.2500 -0.1409 0.6200
v -2.2500 -0.1409 0.6200
v -2.2500 -0.0398 0.6200
v -5.2500 -0.0398 0.6200
v -5.2500 -0.1409 1.2960
v -2.2500 -0.1409 1.2960
v -2.2500 -0.0398 1.2960
v -5.2500 -0.0398 1.2960
v -5.2500 -0.1409 -1.2960
v -2.2500 -0.1409 -1.2960
v -2.2500 -0.0398 -1.2960
v -5.2500 -0.0398 -1.2960
v -5.2500 -0.1409 -0.6200
v -2.2500 -0.1409 -0.6200
v -2.2500 -0.0398 -0.6200
v -5.2500 -0.0398 -0.6200
v -2.2500 -0.1409 0.6200
v -2.1250 -0.1409 0.6200
v -2.1250 -0.0398 0.6200
v -2.2500 -0.0398 0.6200
v -2.2500 -0.1409 1.2960
v -2.1250 -0.1409 1.2960
v -2.1250 -0.0398 1.2960
v -2.2500 -0.0398 1.2960
v -2.2500 -0.1409 -1.2960
v -2.1250 -0.1409 -1.2960
v -2.1250 -0.0398 -1.2960
v -2.2500 -0.0398 -1.2960
v -2.2500 -0.1409 -0.6200
v -2.1250 -0.1409 -0.6200
v -2.1250 -0.0398 -0.6200
v -2.2500 -0.0398 -0.6200
v -2.1250 -0.1409 0.6200
v 4.2500 -0.1409 0.6200
v 4.2500 -0.0398 0.6200
v -2.1250 -0.0398 0.6200
v -2.1250 -0.1409 1.2960
v 4.2500 -0.1409 1.2960
v 4.2500 -0.0398 1.2960
v -2.1250 -0.0398 1.2960
v -2.1250 -0.1409 -1.2960
v 4.2500 -0.1409 -1.2960
v 4.2500 -0.0398 -1.2960
v -2.1250 -0.0398 -1.2960
v -2.1250 -0.1409 -0.6200
v 4.2500 -0.1409 -0.6200
v 4.2500 -0.0398 -0.6200
v -2.1250 -0.0398 -0.6200
v 4.2500 -0.1409 0.6200
v 4.3750 -0.1409 0.6200
v 4.3750 -0.0398 0.6200
v 4.2500 -0.0398 0.6200
v 4.2500 -0.1409 1.2920
v 4.3750 -0.1409 1.2920
v 4.3750 -0.0398 1.2920
v 4.2500 -0.0398 1.2920
v 4.2500 -0.1409 -1.2920
v 4.3750 -0.1409 -1.2920
v 4.3750 -0.0398 -1.2920
v 4.2500 -0.0398 -1.2920
v 4.2500 -0.1409 -0.6200
v 4.3750 -0.1409 -0.6200
v 4.3750 -0.0398 -0.6200
v 4.2500 -0.0398 -0.6200
v 4.3750 -0.1409 0.6200
v 4.5000 -0.1409 0.6200
v 4.5000 -0.0398 0.6200
v 4.3750 -0.0398 0.6200
v 4.3750 -0.1409 1.2820
v 4.5000 -0.1409 1.2820
v 4.5000 -0.0398 1.2820
v 4.3750 -0.0398 1.2820
v 4.3750 -0.1409 -1.2820
v 4.5000 -0.1409 -1.2820
v 4.5000 -0.0398 -1.2820
v 4.3750 -0.0398 -1.2820
v 4.3750 -0.1409 -0.6200
v 4.5000 -0.1409 -0.6200
v 4.5000 -0.0398 -0.6200
v 4.3750 -0.0398 -0.6200
v 4.5000 -0.1409 0.6200
v 4.6250 -0.1409 0.6200
v 4.6250 -0.0398 0.6200
v 4.5000 -0.0398 0.6200
v 4.5000 -0.1409 1.2660
v 4.6250 -0.1409 1.2660
v 4.6250 -0.0398 1.2660
v 4.5000 -0.0398 1.2660
v 4.5000 -0.1409 -1.2660
v 4.6250 -0.1409 -1.2660
v 4.6250 -0.0398 -1.2660
v 4.5000 -0.0398 -1.2660
v 4.5000 -0.1409 -0.6200
v 4.6250 -0.1409 -0.6200
v 4.6250 -0.0398 -0.6200
v 4.5000 -0.0398 -0.6200
v 4.6250 -0.1409 0.6200
v 4.7500 -0.1409 0.6200
v 4.7500 -0.0398 0.6200
v 4.6250 -0.0398 0.6200
v 4.6250 -0.1409 1.2450
v 4.7500 -0.1409 1.2450
v 4.7500 -0.0398 1.2450
v 4.6250 -0.0398 1.2450
v 4.6250 -0.1409 -1.2450
v 4.7500 -0.1409 -1.2450
v 4.7500 -0.0398 -1.2450
v 4.6250 -0.0398 -1.2450
v 4.6250 -0.1409 -0.6200
v 4.7500 -0.1409 -0.6200
v 4.7500 -0.0398 -0.6200
v 4.6250 -0.0398 -0.6200
v 4.7500 -0.1409 0.6200
v 4.8750 -0.1409 0.6200
v 4.8750 -0.0398 0.6200
v 4.7500 -0.0398 0.6200
v 4.7500 -0.1409 1.2180
v 4.8750 -0.1409 1.2180
v 4.8750 -0.0398 1.2180
v 4.7500 -0.0398 1.2180
v 4.7500 -0.1409 -1.2180
v 4.8750 -0.1409 -1.2180
v 4.8750 -0.0398 -1.2180
v 4.7500 -0.0398 -1.2180
v 4.7500 -0.1409 -0.6200
v 4.8750 -0.1409 -0.6200
v 4.8750 -0.0398 -0.6200
v 4.7500 -0.0398 -0.6200
v 4.8750 -0.1409 0.6200
v 5.0000 -0.1409 0.6200
v 5.0000 -0.0398 0.6200
v 4.8750 -0.0398 0.6200
v 4.8750 -0.1409 1.1860
v 5.0000 -0.1409 1.1860
v 5.0000 -0.0398 1.1860
v 4.8750 -0.0398 1.1860
v 4.8750 -0.1409 -1.1860
v 5.0000 -0.1409 -1.1860
v 5.0000 -0.0398 -1.1860
v 4.8750 -0.0398 -1.1860
v 4.8750 -0.1409 -0.6200
v 5.0000 -0.1409 -0.6200
v 5.0000 -0.0398 -0.6200
v 4.8750 -0.0398 -0.6200
v 5.0000 -0.1409 0.6200
v 5.1250 -0.1409 0.6200
v 5.1250 -0.0398 0.6200
v 5.0000 -0.0398 0.6200
v 5.0000 -0.1409 1.1490
v 5.1250 -0.1409 1.1490
v 5.1250 -0.0398 1.1490
v 5.0000 -0.0398 1.1490
v 5.0000 -0.1409 -1.1490
v 5.1250 -0.1409 -1.1490
v 5.1250 -0.0398 -1.1490
v 5.0000 -0.0398 -1.1490
v 5.0000 -0.1409 -0.6200
v 5.1250 -0.1409 -0.6200
v 5.1250 -0.0398 -0.6200
v 5.0000 -0.0398 -0.6200
v 5.1250 -0.1409 0.6200
v 5.2500 -0.1409 0.6200
v 5.2500 -0.0398 0.6200
v 5.1250 -0.0398 0.6200
v 5.1250 -0.1409 1.1050
v 5.2500 -0.1409 1.1050
v 5.2500 -0.0398 1.1050
v 5.1250 -0.0398 1.1050
v 5.1250 -0.1409 -1.1050
v 5.2500 -0.1409 -1.1050
v 5.2500 -0.0398 -1.1050
v 5.1250 -0.0398 -1.1050
v 5.1250 -0.1409 -0.6200
v 5.2500 -0.1409 -0.6200
v 5.2500 -0.0398 -0.6200
v 5.1250 -0.0398 -0.6200
v 5.2500 -0.1409 0.6200
v 5.3750 -0.1409 0.6200
v 5.3750 -0.0398 0.6200
v 5.2500 -0.0398 0.6200
v 5.2500 -0.1409 1.0570
v 5.3750 -0.1409 1.0570
v 5.3750 -0.0398 1.0570
v 5.2500 -0.0398 1.0570
v 5.2500 -0.1409 -1.0570
v 5.3750 -0.1409 -1.0570
v 5.3750 -0.0398 -1.0570
v 5.2500 -0.0398 -1.0570
v 5.2500 -0.1409 -0.6200
v 5.3750 -0.1409 -0.6200
v 5.3750 -0.0398 -0.6200
v 5.2500 -0.0398 -0.6200
v 5.3750 -0.1409 0.6200
v 5.5000 -0.1409 0.6200
v 5.5000 -0.0398 0.6200
v 5.3750 -0.0398 0.6200
v 5.3750 -0.1409 1.0020
v 5.5000 -0.1409 1.0020
v 5.5000 -0.0398 1.0020
v 5.3750 -0.0398 1.0020
v 5.3750 -0.1409 -1.0020
v 5.5000 -0.1409 -1.0020
v 5.5000 -0.0398 -1.0020
v 5.3750 -0.0398 -1.0020
v 5.3750 -0.1409 -0.6200
v 5.5000 -0.1409 -0.6200
v 5.5000 -0.0398 -0.6200
v 5.3750 -0.0398 -0.6200
v 5.5000 -0.1409 0.6200
v 5.6250 -0.1409 0.6200
v 5.6250 -0.0398 0.6200
v 5.5000 -0.0398 0.6200
v 5.5000 -0.1409 0.9430
v 5.6250 -0.1409 0.9430
v 5.6250 -0.0398 0.9430
v 5.5000 -0.0398 0.9430
v 5.5000 -0.1409 -0.9430
v 5.6250 -0.1409 -0.9430
v 5.6250 -0.0398 -0.9430
v 5.5000 -0.0398 -0.9430
v 5.5000 -0.1409 -0.6200
v 5.6250 -0.1409 -0.6200
v 5.6250 -0.0398 -0.6200
v 5.5000 -0.0398 -0.6200
v -5.7500 -0.0398 0.6200
v -5.5000 -0.0398 0.6200
v -5.5000 0.7693 0.6200
v -5.7500 0.7693 0.6200
v -5.7500 -0.0398 1.2300
v -5.5000 -0.0398 1.2300
v -5.5000 0.7693 1.2300
v -5.7500 0.7693 1.2300
v -5.7500 -0.0398 -1.2300
v -5.5000 -0.0398 -1.2300
v -5.5000 0.7693 -1.2300
v -5.7500 0.7693 -1.2300
v -5.7500 -0.0398 -0.6200
v -5.5000 -0.0398 -0.6200
v -5.5000 0.7693 -0.6200
v -5.7500 0.7693 -0.6200
v -5.5000 -0.0398 0.6200
v -5.3750 -0.0398 0.6200
v -5.3750 0.7693 0.6200
v -5.5000 0.7693 0.6200
v -5.5000 -0.0398 1.2900
v -5.3750 -0.0398 1.2900
v -5.3750 0.7693 1.2900
v -5.5000 0.7693 1.2900
v -5.5000 -0.0398 -1.2900
v -5.3750 -0.0398 -1.2900
v -5.3750 0.7693 -1.2900
v -5.5000 0.7693 -1.2900
v -5.5000 -0.0398 -0.6200
v -5.3750 -0.0398 -0.6200
v -5.3750 0.7693 -0.6200
v -5.5000 0.7693 -0.6200
v -5.3750 -0.0398 0.6200
v -5.2500 -0.0398 0.6200
v -5.2500 0.7693 0.6200
v -5.3750 0.7693 0.6200
v -5.3750 -0.0398 1.2850
v -5.2500 -0.0398 1.2850
v -5.2500 0.7693 1.2850
v -5.3750 0.7693 1.2850
v -5.3750 -0.0398 -1.2850
v -5.2500 -0.0398 -1.2850
v -5.2500 0.7693 -1.2850
v -5.3750 0.7693 -1.2850
v -5.3750 -0.0398 -0.6200
v -5.2500 -0.0398 -0.6200
v -5.2500 0.7693 -0.6200
v -5.3750 0.7693 -0.6200
v -5.2500 -0.0398 0.6200
v -2.2500 -0.0398 0.6200
v -2.2500 0.7693 0.6200
v -5.2500 0.7693 0.6200
v -5.2500 -0.0398 1.3200
v -2.2500 -0.0398 1.3200
v -2.2500 0.7693 1.3200
v -5.2500 0.7693 1.3200
v -5.2500 -0.0398 -1.3200
v -2.2500 -0.0398 -1.3200
v -2.2500 0.7693 -1.3200
v -5.2500 0.7693 -1.3200
v -5.2500 -0.0398 -0.6200
v -2.2500 -0.0398 -0.6200
v -2.2500 0.7693 -0.6200
v -5.2500 0.7693 -0.6200
v -2.2500 -0.0398 0.6200
v -2.1250 -0.0398 0.6200
v -2.1250 0.7693 0.6200
v -2.2500 0.7693 0.6200
v -2.2500 -0.0398 1.3200
v -2.1250 -0.0398 1.3200
v -2.1250 0.7693 1.3200
v -2.2500 0.7693 1.3200
v -2.2500 -0.0398 -1.3200
v -2.1250 -0.0398 -1.3200
v -2.1250 0.7693 -1.3200
v -2.2500 0.7693 -1.3200
v -2.2500 -0.0398 -0.6200
v -2.1250 -0.0398 -0.6200
v -2.1250 0.7693 -0.6200
v -2.2500 0.7693 -0.6200
v -2.1250 -0.0398 0.6200
v 4.2500 -0.0398 0.6200
v 4.2500 0.7693 0.6200
v -2.1250 0.7693 0.6200
v -2.1250 -0.0398 1.3200
v 4.2500 -0.0398 1.3200
v 4.2500 0.7693 1.3200
v -2.1250 0.7693 1.3200
v -2.1250 -0.0398 -1.3200
v 4.2500 -0.0398 -1.3200
v 4.2500 0.7693 -1.3200
v -2.1250 0.7693 -1.3200
v -2.1250 -0.0398 -0.6200
v 4.2500 -0.0398 -0.6200
v 4.2500 0.7693 -0.6200
v -2.1250 0.7693 -0.6200
v 4.2500 -0.0398 0.6200
v 4.3750 -0.0398 0.6200
v 4.3750 0.7693 0.6200
v 4.2500 0.7693 0.6200
v 4.2500 -0.0398 1.3150
v 4.3750 -0.0398 1.3150
v 4.3750 0.7693 1.3150
v 4.2500 0.7693 1.3150
v 4.2500 -0.0398 -1.3150
v 4.3750 -0.0398 -1.3150
v 4.3750 0.7693 -1.3150
v 4.2500 0.7693 -1.3150
v 4.2500 -0.0398 -0.6200
v 4.3750 -0.0398 -0.6200
v 4.3750 0.7693 -0.6200
v 4.2500 0.7693 -0.6200
v 4.3750 -0.0398 0.6200
v 4.5000 -0.0398 0.6200
v 4.5000 0.7693 0.6200
v 4.3750 0.7693 0.6200
v 4.3750 -0.0398 1.3050
v 4.5000 -0.0398 1.3050
v 4.5000 0.7693 1.3050
v 4.3750 0.7693 1.3050
v 4.3750 -0.0398 -1.3050
v 4.5000 -0.0398 -1.3050
v 4.5000 0.7693 -1.3050
v 4.3750 0.7693 -1.3050
v 4.3750 -0.0398 -0.6200
v 4.5000 -0.0398 -0.6200
v 4.5000 0.7693 -0.6200
v 4.3750 0.7693 -0.6200
v 4.5000 -0.0398 0.6200
v 4.6250 -0.0398 0.6200
v 4.6250 0.7693 0.6200
v 4.5000 0.7693 0.6200
v 4.5000 -0.0398 1.2890
v 4.6250 -0.0398 1.2890
v 4.6250 0.7693 1.2890
v 4.5000 0.7693 1.2890
v 4.5000 -0.0398 -1.2890
v 4.6250 -0.0398 -1.2890
v 4.6250 0.7693 -1.2890
v 4.5000 0.7693 -1.2890
v 4.5000 -0.0398 -0.6200
v 4.6250 -0.0398 -0.6200
v 4.6250 0.7693 -0.6200
v 4.5000 0.7693 -0.6200
v 4.6250 -0.0398 0.6200
v 4.7500 -0.0398 0.6200
v 4.7500 0.7693 0.6200
v 4.6250 0.7693 0.6200
v 4.6250 -0.0398 1.2680
v 4.7500 -0.0398 1.2680
v 4.7500 0.7693 1.2680
v 4.6250 0.7693 1.2680
v 4.6250 -0.0398 -1.2680
v 4.7500 -0.0398 -1.2680
v 4.7500 0.7693 -1.2680
v 4.6250 0.7693 -1.2680
v 4.6250 -0.0398 -0.6200
v 4.7500 -0.0398 -0.6200
v 4.7500 0.7693 -0.6200
v 4.6250 0.7693 -0.6200
v 4.7500 -0.0398 0.6200
v 4.8750 -0.0398 0.6200
v 4.8750 0.7693 0.6200
v 4.7500 0.7693 0.6200
v 4.7500 -0.0398 1.2410
v 4.8750 -0.0398 1.2410
v 4.8750 0.7693 1.2410
v 4.7500 0.7693 1.2410
v 4.7500 -0.0398 -1.2410
v 4.8750 -0.0398 -1.2410
v 4.8750 0.7693 -1.2410
v 4.7500 0.7693 -1.2410
v 4.7500 -0.0398 -0.6200
v 4.8750 -0.0398 -0.6200
v 4.8750 0.7693 -0.6200
v 4.7500 0.7693 -0.6200
v 4.8750 -0.0398 0.6200
v 5.0000 -0.0398 0.6200
v 5.0000 0.7693 0.6200
v 4.8750 0.7693 0.6200
v 4.8750 -0.0398 1.2080
v 5.0000 -0.0398 1.2080
v 5.0000 0.7693 1.2080
v 4.8750 0.7693 1.2080
v 4.8750 -0.0398 -1.2080
v 5.0000 -0.0398 -1.2080
v 5.0000 0.7693 -1.2080
v 4.8750 0.7693 -1.2080
v 4.8750 -0.0398 -0.6200
v 5.0000 -0.0398 -0.6200
v 5.0000 0.7693 -0.6200
v 4.8750 0.7693 -0.6200
v 5.0000 -0.0398 0.6200
v 5.1250 -0.0398 0.6200
v 5.1250 0.7693 0.6200
v 5.0000 0.7693 0.6200
v 5.0000 -0.0398 1.1700
v 5.1250 -0.0398 1.1700
v 5.1250 0.7693 1.1700
v 5.0000 0.7693 1.1700
v 5.0000 -0.0398 -1.1700
v 5.1250 -0.0398 -1.1700
v 5.1250 0.7693 -1.1700
v 5.0000 0.7693 -1.1700
v 5.0000 -0.0398 -0.6200
v 5.1250 -0.0398 -0.6200
v 5.1250 0.7693 -0.6200
v 5.0000 0.7693 -0.6200
v 5.1250 -0.0398 0.6200
v 5.2500 -0.0398 0.6200
v 5.2500 0.7693 0.6200
v 5.1250 0.7693 0.6200
v 5.1250 -0.0398 1.1260
v 5.2500 -0.0398 1.1260
v 5.2500 0.7693 1.1260
v 5.1250 0.7693 1.1260
v 5.1250 -0.0398 -1.1260
v 5.2500 -0.0398 -1.1260
v 5.2500 0.7693 -1.1260
v 5.1250 0.7693 -1.1260
v 5.1250 -0.0398 -0.6200
v 5.2500 -0.0398 -0.6200
v 5.2500 0.7693 -0.6200
v 5.1250 0.7693 -0.6200
v 5.2500 -0.0398 0.6200
v 5.3750 -0.0398 0.6200
v 5.3750 0.7693 0.6200
v 5.2500 0.7693 0.6200
v 5.2500 -0.0398 1.0760
v 5.3750 -0.0398 1.0760
v 5.3750 0.7693 1.0760
v 5.2500 0.7693 1.0760
v 5.2500 -0.0398 -1.0760
v 5.3750 -0.0398 -1.0760
v 5.3750 0.7693 -1.0760
v 5.2500 0.7693 -1.0760
v 5.2500 -0.0398 -0.6200
v 5.3750 -0.0398 -0.6200
v 5.3750 0.7693 -0.6200
v 5.2500 0.7693 -0.6200
v 5.3750 -0.0398 0.6200
v 5.5000 -0.0398 0.6200
v 5.5000 0.7693 0.6200
v 5.3750 0.7693 0.6200
v 5.3750 -0.0398 1.0210
v 5.5000 -0.0398 1.0210
v 5.5000 0.7693 1.0210
v 5.3750 0.7693 1.0210
v 5.3750 -0.0398 -1.0210
v 5.5000 -0.0398 -1.0210
v 5.5000 0.7693 -1.0210
v 5.3750 0.7693 -1.0210
v 5.3750 -0.0398 -0.6200
v 5.5000 -0.0398 -0.6200
v 5.5000 0.7693 -0.6200
v 5.3750 0.7693 -0.6200
v 5.5000 -0.0398 0.6200
v 5.6250 -0.0398 0.6200
v 5.6250 0.7693 0.6200
v 5.5000 0.7693 0.6200
v 5.5000 -0.0398 0.9600
v 5.6250 -0.0398 0.9600
v 5.6250 0.7693 0.9600
v 5.5000 0.7693 0.9600
v 5.5000 -0.0398 -0.9600
v 5.6250 -0.0398 -0.9600
v 5.6250 0.7693 -0.9600
v 5.5000 0.7693 -0.9600
v 5.5000 -0.0398 -0.6200
v 5.6250 -0.0398 -0.6200
v 5.6250 0.7693 -0.6200
v 5.5000 0.7693 -0.6200
v 5.6250 0.0614 0.6200
v 5.7500 0.0614 0.6200
v 5.7500 0.7693 0.6200
v 5.6250 0.7693 0.6200
v 5.6250 0.0614 0.8930
v 5.7500 0.0614 0.8930
v 5.7500 0.7693 0.8930
v 5.6250 0.7693 0.8930
v 5.6250 0.0614 -0.8930
v 5.7500 0.0614 -0.8930
v 5.7500 0.7693 -0.8930
v 5.6250 0.7693 -0.8930
v 5.6250 0.0614 -0.6200
v 5.7500 0.0614 -0.6200
v 5.7500 0.7693 -0.6200
v 5.6250 0.7693 -0.6200
v -5.7500 0.7693 -1.2300
v -5.5000 0.7693 -1.2300
v -5.5000 0.8705 -1.2300
v -5.7500 0.8705 -1.2300
v -5.7500 0.7693 1.2300
v -5.5000 0.7693 1.2300
v -5.5000 0.8705 1.2300
v -5.7500 0.8705 1.2300
v -5.5000 0.7693 -1.2900
v -5.3750 0.7693 -1.2900
v -5.3750 0.8705 -1.2900
v -5.5000 0.8705 -1.2900
v -5.5000 0.7693 1.2900
v -5.3750 0.7693 1.2900
v -5.3750 0.8705 1.2900
v -5.5000 0.8705 1.2900
v -5.3750 0.7693 -1.2850
v -5.2500 0.7693 -1.2850
v -5.2500 0.8705 -1.2850
v -5.3750 0.8705 -1.2850
v -5.3750 0.7693 1.2850
v -5.2500 0.7693 1.2850
v -5.2500 0.8705 1.2850
v -5.3750 0.8705 1.2850
v -5.2500 0.7693 -1.3200
v -2.0000 0.7693 -1.3200
v -2.0000 0.8705 -1.3200
v -5.2500 0.8705 -1.3200
v -5.2500 0.7693 1.3200
v -2.0000 0.7693 1.3200
v -2.0000 0.8705 1.3200
v -5.2500 0.8705 1.3200
v -2.0000 0.7693 -1.3200
v -1.8750 0.7693 -1.3200
v -1.8750 0.8705 -1.3200
v -2.0000 0.8705 -1.3200
v -2.0000 0.7693 1.3200
v -1.8750 0.7693 1.3200
v -1.8750 0.8705 1.3200
v -2.0000 0.8705 1.3200
v -1.8750 0.7693 -1.3200
v -1.2500 0.7693 -1.3200
v -1.2500 0.8705 -1.3200
v -1.8750 0.8705 -1.3200
v -1.8750 0.7693 1.3200
v -1.2500 0.7693 1.3200
v -1.2500 0.8705 1.3200
v -1.8750 0.8705 1.3200
v -1.2500 0.7693 -1.3200
v -1.1250 0.7693 -1.3200
v -1.1250 0.8705 -1.3200
v -1.2500 0.8705 -1.3200
v -1.2500 0.7693 1.3200
v -1.1250 0.7693 1.3200
v -1.1250 0.8705 1.3200
v -1.2500 0.8705 1.3200
v -1.1250 0.7693 -1.3200
v -0.5000 0.7693 -1.3200
v -0.5000 0.8705 -1.3200
v -1.1250 0.8705 -1.3200
v -1.1250 0.7693 1.3200
v -0.5000 0.7693 1.3200
v -0.5000 0.8705 1.3200
v -1.1250 0.8705 1.3200
v -0.5000 0.7693 -1.3200
v 4.1250 0.7693 -1.3200
v 4.1250 0.8705 -1.3200
v -0.5000 0.8705 -1.3200
v -0.5000 0.7693 1.3200
v 4.1250 0.7693 1.3200
v 4.1250 0.8705 1.3200
v -0.5000 0.8705 1.3200
v 4.1250 0.7693 -1.3200
v 4.2500 0.7693 -1.3200
v 4.2500 0.8705 -1.3200
v 4.1250 0.8705 -1.3200
v 4.1250 0.7693 1.3200
v 4.2500 0.7693 1.3200
v 4.2500 0.8705 1.3200
v 4.1250 0.8705 1.3200
v 4.2500 0.7693 -1.3150
v 4.3750 0.7693 -1.3150
v 4.3750 0.8705 -1.3150
v 4.2500 0.8705 -1.3150
v 4.2500 0.7693 1.3150
v 4.3750 0.7693 1.3150
v 4.3750 0.8705 1.3150
v 4.2500 0.8705 1.3150
v 4.3750 0.7693 -1.3050
v 4.5000 0.7693 -1.3050
v 4.5000 0.8705 -1.3050
v 4.3750 0.8705 -1.3050
v 4.3750 0.7693 1.3050
v 4.5000 0.7693 1.3050
v 4.5000 0.8705 1.3050
v 4.3750 0.8705 1.3050
v 4.5000 0.7693 -1.2890
v 4.6250 0.7693 -1.2890
v 4.6250 0.8705 -1.2890
v 4.5000 0.8705 -1.2890
v 4.5000 0.7693 1.2890
v 4.6250 0.7693 1.2890
v 4.6250 0.8705 1.2890
v 4.5000 0.8705 1.2890
v 4.6250 0.7693 -1.2680
v 4.7500 0.7693 -1.2680
v 4.7500 0.8705 -1.2680
v 4.6250 0.8705 -1.2680
v 4.6250 0.7693 1.2680
v 4.7500 0.7693 1.2680
v 4.7500 0.8705 1.2680
v 4.6250 0.8705 1.2680
v 4.7500 0.7693 -1.2410
v 4.8750 0.7693 -1.2410
v 4.8750 0.8705 -1.2410
v 4.7500 0.8705 -1.2410
v 4.7500 0.7693 1.2410
v 4.8750 0.7693 1.2410
v 4.8750 0.8705 1.2410
v 4.7500 0.8705 1.2410
v 4.8750 0.7693 -1.2080
v 5.0000 0.7693 -1.2080
v 5.0000 0.8705 -1.2080
v 4.8750 0.8705 -1.2080
v 4.8750 0.7693 1.2080
v 5.0000 0.7693 1.2080
v 5.0000 0.8705 1.2080
v 4.8750 0.8705 1.2080
v 5.0000 0.7693 -1.1700
v 5.1250 0.7693 -1.1700
v 5.1250 0.8705 -1.1700
v 5.0000 0.8705 -1.1700
v 5.0000 0.7693 1.1700
v 5.1250 0.7693 1.1700
v 5.1250 0.8705 1.1700
v 5.0000 0.8705 1.1700
v 5.1250 0.7693 -1.1260
v 5.2500 0.7693 -1.1260
v 5.2500 0.8705 -1.1260
v 5.1250 0.8705 -1.1260
v 5.1250 0.7693 1.1260
v 5.2500 0.7693 1.1260
v 5.2500 0.8705 1.1260
v 5.1250 0.8705 1.1260
v 5.2500 0.7693 -1.0760
v 5.3750 0.7693 -1.0760
v 5.3750 0.8705 -1.0760
v 5.2500 0.8705 -1.0760
v 5.2500 0.7693 1.0760
v 5.3750 0.7693 1.0760
v 5.3750 0.8705 1.0760
v 5.2500 0.8705 1.0760
v 5.3750 0.7693 -1.0210
v 5.5000 0.7693 -1.0210
v 5.5000 0.8705 -1.0210
v 5.3750 0.8705 -1.0210
v 5.3750 0.7693 1.0210
v 5.5000 0.7693 1.0210
v 5.5000 0.8705 1.0210
v 5.3750 0.8705 1.0210
v 5.5000 0.7693 -0.9600
v 5.6250 0.7693 -0.9600
v 5.6250 0.8705 -0.9600
v 5.5000 0.8705 -0.9600
v 5.5000 0.7693 0.9600
v 5.6250 0.7693 0.9600
v 5.6250 0.8705 0.9600
v 5.5000 0.8705 0.9600
v 5.6250 0.7693 -0.8930
v 5.7500 0.7693 -0.8930
v 5.7500 0.8705 -0.8930
v 5.6250 0.8705 -0.8930
v 5.6250 0.7693 0.8930
v 5.7500 0.7693 0.8930
v 5.7500 0.8705 0.8930
v 5.6250 0.8705 0.8930
v -5.7500 0.8705 1.1600
v -5.5000 0.8705 1.1600
v -5.5000 2.9943 1.1600
v -5.7500 2.9943 1.1600
v -5.7500 0.8705 1.2300
v -5.5000 0.8705 1.2300
v -5.5000 2.9943 1.2300
v -5.7500 2.9943 1.2300
v -5.7500 0.8705 -1.2300
v -5.5000 0.8705 -1.2300
v -5.5000 2.9943 -1.2300
v -5.7500 2.9943 -1.2300
v -5.7500 0.8705 -1.1600
v -5.5000 0.8705 -1.1600
v -5.5000 2.9943 -1.1600
v -5.7500 2.9943 -1.1600
v -5.5000 0.8705 1.2200
v -5.3750 0.8705 1.2200
v -5.3750 2.9943 1.2200
v -5.5000 2.9943 1.2200
v -5.5000 0.8705 1.2900
v -5.3750 0.8705 1.2900
v -5.3750 2.9943 1.2900
v -5.5000 2.9943 1.2900
v -5.5000 0.8705 -1.2900
v -5.3750 0.8705 -1.2900
v -5.3750 2.9943 -1.2900
v -5.5000 2.9943 -1.2900
v -5.5000 0.8705 -1.2200
v -5.3750 0.8705 -1.2200
v -5.3750 2.9943 -1.2200
v -5.5000 2.9943 -1.2200
v -5.3750 0.8705 1.2150
v -5.2500 0.8705 1.2150
v -5.2500 1.1739 1.2150
v -5.3750 1.1739 1.2150
v -5.3750 0.8705 1.2850
v -5.2500 0.8705 1.2850
v -5.2500 1.1739 1.2850
v -5.3750 1.1739 1.2850
v -5.3750 2.8932 1.2150
v -5.2500 2.8932 1.2150
v -5.2500 2.9943 1.2150
v -5.3750 2.9943 1.2150
v -5.3750 2.8932 1.2850
v -5.2500 2.8932 1.2850
v -5.2500 2.9943 1.2850
v -5.3750 2.9943 1.2850
v -5.3750 0.8705 -1.2850
v -5.2500 0.8705 -1.2850
v -5.2500 1.1739 -1.2850
v -5.3750 1.1739 -1.2850
v -5.3750 0.8705 -1.2150
v -5.2500 0.8705 -1.2150
v -5.2500 1.1739 -1.2150
v -5.3750 1.1739 -1.2150
v -5.3750 2.8932 -1.2850
v -5.2500 2.8932 -1.2850
v -5.2500 2.9943 -1.2850
v -5.3750 2.9943 -1.2850
v -5.3750 2.8932 -1.2150
v -5.2500 2.8932 -1.2150
v -5.2500 2.9943 -1.2150
v -5.3750 2.9943 -1.2150
v -5.2500 0.8705 1.2500
v -2.0000 0.8705 1.2500
v -2.0000 1.1739 1.2500
v -5.2500 1.1739 1.2500
v -5.2500 0.8705 1.3200
v -2.0000 0.8705 1.3200
v -2.0000 1.1739 1.3200
v -5.2500 1.1739 1.3200
v -5.2500 2.8932 1.2500
v -2.0000 2.8932 1.2500
v -2.0000 2.9943 1.2500
v -5.2500 2.9943 1.2500
v -5.2500 2.8932 1.3200
v -2.0000 2.8932 1.3200
v -2.0000 2.9943 1.3200
v -5.2500 2.9943 1.3200
v -5.2500 0.8705 -1.3200
v -2.0000 0.8705 -1.3200
v -2.0000 1.1739 -1.3200
v -5.2500 1.1739 -1.3200
v -5.2500 0.8705 -1.2500
v -2.0000 0.8705 -1.2500
v -2.0000 1.1739 -1.2500
v -5.2500 1.1739 -1.2500
v -5.2500 2.8932 -1.3200
v -2.0000 2.8932 -1.3200
v -2.0000 2.9943 -1.3200
v -5.2500 2.9943 -1.3200
v -5.2500 2.8932 -1.2500
v -2.0000 2.8932 -1.2500
v -2.0000 2.9943 -1.2500
v -5.2500 2.9943 -1.2500
v -0.5000 0.8705 1.2500
v 4.1250 0.8705 1.2500
v 4.1250 1.1739 1.2500
v -0.5000 1.1739 1.2500
v -0.5000 0.8705 1.3200
v 4.1250 0.8705 1.3200
v 4.1250 1.1739 1.3200
v -0.5000 1.1739 1.3200
v -0.5000 2.8932 1.2500
v 4.1250 2.8932 1.2500
v 4.1250 2.9943 1.2500
v -0.5000 2.9943 1.2500
v -0.5000 2.8932 1.3200
v 4.1250 2.8932 1.3200
v 4.1250 2.9943 1.3200
v -0.5000 2.9943 1.3200
v -0.5000 0.8705 -1.3200
v 4.1250 0.8705 -1.3200
v 4.1250 1.1739 -1.3200
v -0.5000 1.1739 -1.3200
v -0.5000 0.8705 -1.2500
v 4.1250 0.8705 -1.2500
v 4.1250 1.1739 -1.2500
v -0.5000 1.1739 -1.2500
v -0.5000 2.8932 -1.3200
v 4.1250 2.8932 -1.3200
v 4.1250 2.9943 -1.3200
v -0.5000 2.9943 -1.3200
v -0.5000 2.8932 -1.2500
v 4.1250 2.8932 -1.2500
v 4.1250 2.9943 -1.2500
v -0.5000 2.9943 -1.2500
v 4.1250 0.8705 1.2500
v 4.2500 0.8705 1.2500
v 4.2500 1.1739 1.2500
v 4.1250 1.1739 1.2500
v 4.1250 0.8705 1.3200
v 4.2500 0.8705 1.3200
v 4.2500 1.1739 1.3200
v 4.1250 1.1739 1.3200
v 4.1250 1.6795 1.2500
v 4.2500 1.6795 1.2500
v 4.2500 2.9943 1.2500
v 4.1250 2.9943 1.2500
v 4.1250 1.6795 1.3200
v 4.2500 1.6795 1.3200
v 4.2500 2.9943 1.3200
v 4.1250 2.9943 1.3200
v 4.1250 0.8705 -1.3200
v 4.2500 0.8705 -1.3200
v 4.2500 1.1739 -1.3200
v 4.1250 1.1739 -1.3200
v 4.1250 0.8705 -1.2500
v 4.2500 0.8705 -1.2500
v 4.2500 1.1739 -1.2500
v 4.1250 1.1739 -1.2500
v 4.1250 1.6795 -1.3200
v 4.2500 1.6795 -1.3200
v 4.2500 2.9943 -1.3200
v 4.1250 2.9943 -1.3200
v 4.1250 1.6795 -1.2500
v 4.2500 1.6795 -1.2500
v 4.2500 2.9943 -1.2500
v 4.1250 2.9943 -1.2500
v 4.2500 0.8705 1.2450
v 4.3750 0.8705 1.2450
v 4.3750 1.1739 1.2450
v 4.2500 1.1739 1.2450
v 4.2500 0.8705 1.3150
v 4.3750 0.8705 1.3150
v 4.3750 1.1739 1.3150
v 4.2500 1.1739 1.3150
v 4.2500 1.6795 1.2450
v 4.3750 1.6795 1.2450
v 4.3750 2.8932 1.2450
v 4.2500 2.8932 1.2450
v 4.2500 1.6795 1.3150
v 4.3750 1.6795 1.3150
v 4.3750 2.8932 1.3150
v 4.2500 2.8932 1.3150
v 4.2500 0.8705 -1.3150
v 4.3750 0.8705 -1.3150
v 4.3750 1.1739 -1.3150
v 4.2500 1.1739 -1.3150
v 4.2500 0.8705 -1.2450
v 4.3750 0.8705 -1.2450
v 4.3750 1.1739 -1.2450
v 4.2500 1.1739 -1.2450
v 4.2500 1.6795 -1.3150
v 4.3750 1.6795 -1.3150
v 4.3750 2.8932 -1.3150
v 4.2500 2.8932 -1.3150
v 4.2500 1.6795 -1.2450
v 4.3750 1.6795 -1.2450
v 4.3750 2.8932 -1.2450
v 4.2500 2.8932 -1.2450
v 4.3750 0.8705 1.2350
v 4.5000 0.8705 1.2350
v 4.5000 1.1739 1.2350
v 4.3750 1.1739 1.2350
v 4.3750 0.8705 1.3050
v 4.5000 0.8705 1.3050
v 4.5000 1.1739 1.3050
v 4.3750 1.1739 1.3050
v 4.3750 0.8705 -1.3050
v 4.5000 0.8705 -1.3050
v 4.5000 1.1739 -1.3050
v 4.3750 1.1739 -1.3050
v 4.3750 0.8705 -1.2350
v 4.5000 0.8705 -1.2350
v 4.5000 1.1739 -1.2350
v 4.3750 1.1739 -1.2350
v 4.5000 0.8705 1.2190
v 4.6250 0.8705 1.2190
v 4.6250 1.1739 1.2190
v 4.5000 1.1739 1.2190
v 4.5000 0.8705 1.2890
v 4.6250 0.8705 1.2890
v 4.6250 1.1739 1.2890
v 4.5000 1.1739 1.2890
v 4.5000 0.8705 -1.2890
v 4.6250 0.8705 -1.2890
v 4.6250 1.1739 -1.2890
v 4.5000 1.1739 -1.2890
v 4.5000 0.8705 -1.2190
v 4.6250 0.8705 -1.2190
v 4.6250 1.1739 -1.2190
v 4.5000 1.1739 -1.2190
v 4.6250 0.8705 1.1980
v 4.7500 0.8705 1.1980
v 4.7500 1.1739 1.1980
v 4.6250 1.1739 1.1980
v 4.6250 0.8705 1.2680
v 4.7500 0.8705 1.2680
v 4.7500 1.1739 1.2680
v 4.6250 1.1739 1.2680
v 4.6250 0.8705 -1.2680
v 4.7500 0.8705 -1.2680
v 4.7500 1.1739 -1.2680
v 4.6250 1.1739 -1.2680
v 4.6250 0.8705 -1.1980
v 4.7500 0.8705 -1.1980
v 4.7500 1.1739 -1.1980
v 4.6250 1.1739 -1.1980
v 4.7500 0.8705 1.1710
v 4.8750 0.8705 1.1710
v 4.8750 1.1739 1.1710
v 4.7500 1.1739 1.1710
v 4.7500 0.8705 1.2410
v 4.8750 0.8705 1.2410
v 4.8750 1.1739 1.2410
v 4.7500 1.1739 1.2410
v 4.7500 0.8705 -1.2410
v 4.8750 0.8705 -1.2410
v 4.8750 1.1739 -1.2410
v 4.7500 1.1739 -1.2410
v 4.7500 0.8705 -1.1710
v 4.8750 0.8705 -1.1710
v 4.8750 1.1739 -1.1710
v 4.7500 1.1739 -1.1710
v 4.8750 0.8705 1.1380
v 5.0000 0.8705 1.1380
v 5.0000 1.1739 1.1380
v 4.8750 1.1739 1.1380
v 4.8750 0.8705 1.2080
v 5.0000 0.8705 1.2080
v 5.0000 1.1739 1.2080
v 4.8750 1.1739 1.2080
v 4.8750 0.8705 -1.2080
v 5.0000 0.8705 -1.2080
v 5.0000 1.1739 -1.2080
v 4.8750 1.1739 -1.2080
v 4.8750 0.8705 -1.1380
v 5.0000 0.8705 -1.1380
v 5.0000 1.1739 -1.1380
v 4.8750 1.1739 -1.1380
v 5.0000 0.8705 1.1000
v 5.1250 0.8705 1.1000
v 5.1250 1.1739 1.1000
v 5.0000 1.1739 1.1000
v 5.0000 0.8705 1.1700
v 5.1250 0.8705 1.1700
v 5.1250 1.1739 1.1700
v 5.0000 1.1739 1.1700
v 5.0000 0.8705 -1.1700
v 5.1250 0.8705 -1.1700
v 5.1250 1.1739 -1.1700
v 5.0000 1.1739 -1.1700
v 5.0000 0.8705 -1.1000
v 5.1250 0.8705 -1.1000
v 5.1250 1.1739 -1.1000
v 5.0000 1.1739 -1.1000
v 5.1250 0.8705 1.0560
v 5.2500 0.8705 1.0560
v 5.2500 1.1739 1.0560
v 5.1250 1.1739 1.0560
v 5.1250 0.8705 1.1260
v 5.2500 0.8705 1.1260
v 5.2500 1.1739 1.1260
v 5.1250 1.1739 1.1260
v 5.1250 0.8705 -1.1260
v 5.2500 0.8705 -1.1260
v 5.2500 1.1739 -1.1260
v 5.1250 1.1739 -1.1260
v 5.1250 0.8705 -1.0560
v 5.2500 0.8705 -1.0560
v 5.2500 1.1739 -1.0560
v 5.1250 1.1739 -1.0560
v 5.2500 0.8705 1.0060
v 5.3750 0.8705 1.0060
v 5.3750 1.1739 1.0060
v 5.2500 1.1739 1.0060
v 5.2500 0.8705 1.0760
v 5.3750 0.8705 1.0760
v 5.3750 1.1739 1.0760
v 5.2500 1.1739 1.0760
v 5.2500 0.8705 -1.0760
v 5.3750 0.8705 -1.0760
v 5.3750 1.1739 -1.0760
v 5.2500 1.1739 -1.0760
v 5.2500 0.8705 -1.0060
v 5.3750 0.8705 -1.0060
v 5.3750 1.1739 -1.0060
v 5.2500 1.1739 -1.0060
v 5.3750 0.8705 0.9510
v 5.5000 0.8705 0.9510
v 5.5000 1.1739 0.9510
v 5.3750 1.1739 0.9510
v 5.3750 0.8705 1.0210
v 5.5000 0.8705 1.0210
v 5.5000 1.1739 1.0210
v 5.3750 1.1739 1.0210
v 5.3750 0.8705 -1.0210
v 5.5000 0.8705 -1.0210
v 5.5000 1.1739 -1.0210
v 5.3750 1.1739 -1.0210
v 5.3750 0.8705 -0.9510
v 5.5000 0.8705 -0.9510
v 5.5000 1.1739 -0.9510
v 5.3750 1.1739 -0.9510
v 5.5000 0.8705 0.8900
v 5.6250 0.8705 0.8900
v 5.6250 1.1739 0.8900
v 5.5000 1.1739 0.8900
v 5.5000 0.8705 0.9600
v 5.6250 0.8705 0.9600
v 5.6250 1.1739 0.9600
v 5.5000 1.1739 0.9600
v 5.5000 0.8705 -0.9600
v 5.6250 0.8705 -0.9600
v 5.6250 1.1739 -0.9600
v 5.5000 1.1739 -0.9600
v 5.5000 0.8705 -0.8900
v 5.6250 0.8705 -0.8900
v 5.6250 1.1739 -0.8900
v 5.5000 1.1739 -0.8900
v 5.6250 0.8705 0.8230
v 5.7500 0.8705 0.8230
v 5.7500 1.1739 0.8230
v 5.6250 1.1739 0.8230
v 5.6250 0.8705 0.8930
v 5.7500 0.8705 0.8930
v 5.7500 1.1739 0.8930
v 5.6250 1.1739 0.8930
v 5.6250 0.8705 -0.8930
v 5.7500 0.8705 -0.8930
v 5.7500 1.1739 -0.8930
v 5.6250 1.1739 -0.8930
v 5.6250 0.8705 -0.8230
v 5.7500 0.8705 -0.8230
v 5.7500 1.1739 -0.8230
v 5.6250 1.1739 -0.8230
v -5.3750 1.1739 1.2150
v -5.2500 1.1739 1.2150
v -5.2500 1.2750 1.2150
v -5.3750 1.2750 1.2150
v -5.3750 1.1739 1.2850
v -5.2500 1.1739 1.2850
v -5.2500 1.2750 1.2850
v -5.3750 1.2750 1.2850
v -5.3750 1.1739 -1.2850
v -5.2500 1.1739 -1.2850
v -5.2500 1.2750 -1.2850
v -5.3750 1.2750 -1.2850
v -5.3750 1.1739 -1.2150
v -5.2500 1.1739 -1.2150
v -5.2500 1.2750 -1.2150
v -5.3750 1.2750 -1.2150
v -5.2500 1.1739 1.2500
v -2.0000 1.1739 1.2500
v -2.0000 1.2750 1.2500
v -5.2500 1.2750 1.2500
v -5.2500 1.1739 1.3200
v -2.0000 1.1739 1.3200
v -2.0000 1.2750 1.3200
v -5.2500 1.2750 1.3200
v -5.2500 1.1739 -1.3200
v -2.0000 1.1739 -1.3200
v -2.0000 1.2750 -1.3200
v -5.2500 1.2750 -1.3200
v -5.2500 1.1739 -1.2500
v -2.0000 1.1739 -1.2500
v -2.0000 1.2750 -1.2500
v -5.2500 1.2750 -1.2500
v -0.5000 1.1739 1.2500
v 4.2500 1.1739 1.2500
v 4.2500 1.2750 1.2500
v -0.5000 1.2750 1.2500
v -0.5000 1.1739 1.3200
v 4.2500 1.1739 1.3200
v 4.2500 1.2750 1.3200
v -0.5000 1.2750 1.3200
v -0.5000 1.1739 -1.3200
v 4.2500 1.1739 -1.3200
v 4.2500 1.2750 -1.3200
v -0.5000 1.2750 -1.3200
v -0.5000 1.1739 -1.2500
v 4.2500 1.1739 -1.2500
v 4.2500 1.2750 -1.2500
v -0.5000 1.2750 -1.2500
v 4.2500 1.1739 1.2450
v 4.3750 1.1739 1.2450
v 4.3750 1.2750 1.2450
v 4.2500 1.2750 1.2450
v 4.2500 1.1739 1.3150
v 4.3750 1.1739 1.3150
v 4.3750 1.2750 1.3150
v 4.2500 1.2750 1.3150
v 4.2500 1.1739 -1.3150
v 4.3750 1.1739 -1.3150
v 4.3750 1.2750 -1.3150
v 4.2500 1.2750 -1.3150
v 4.2500 1.1739 -1.2450
v 4.3750 1.1739 -1.2450
v 4.3750 1.2750 -1.2450
v 4.2500 1.2750 -1.2450
v 4.3750 1.1739 1.2350
v 4.5000 1.1739 1.2350
v 4.5000 1.2750 1.2350
v 4.3750 1.2750 1.2350
v 4.3750 1.1739 1.3050
v 4.5000 1.1739 1.3050
v 4.5000 1.2750 1.3050
v 4.3750 1.2750 1.3050
v 4.3750 1.1739 -1.3050
v 4.5000 1.1739 -1.3050
v 4.5000 1.2750 -1.3050
v 4.3750 1.2750 -1.3050
v 4.3750 1.1739 -1.2350
v 4.5000 1.1739 -1.2350
v 4.5000 1.2750 -1.2350
v 4.3750 1.2750 -1.2350
v 4.5000 1.1739 1.2190
v 4.6250 1.1739 1.2190
v 4.6250 1.2750 1.2190
v 4.5000 1.2750 1.2190
v 4.5000 1.1739 1.2890
v 4.6250 1.1739 1.2890
v 4.6250 1.2750 1.2890
v 4.5000 1.2750 1.2890
v 4.5000 1.1739 -1.2890
v 4.6250 1.1739 -1.2890
v 4.6250 1.2750 -1.2890
v 4.5000 1.2750 -1.2890
v 4.5000 1.1739 -1.2190
v 4.6250 1.1739 -1.2190
v 4.6250 1.2750 -1.2190
v 4.5000 1.2750 -1.2190
v 4.6250 1.1739 1.1980
v 4.7500 1.1739 1.1980
v 4.7500 1.2750 1.1980
v 4.6250 1.2750 1.1980
v 4.6250 1.1739 1.2680
v 4.7500 1.1739 1.2680
v 4.7500 1.2750 1.2680
v 4.6250 1.2750 1.2680
v 4.6250 1.1739 -1.2680
v 4.7500 1.1739 -1.2680
v 4.7500 1.2750 -1.2680
v 4.6250 1.2750 -1.2680
v 4.6250 1.1739 -1.1980
v 4.7500 1.1739 -1.1980
v 4.7500 1.2750 -1.1980
v 4.6250 1.2750 -1.1980
v 4.7500 1.1739 1.1710
v 4.8750 1.1739 1.1710
v 4.8750 1.2750 1.1710
v 4.7500 1.2750 1.1710
v 4.7500 1.1739 1.2410
v 4.8750 1.1739 1.2410
v 4.8750 1.2750 1.2410
v 4.7500 1.2750 1.2410
v 4.7500 1.1739 -1.2410
v 4.8750 1.1739 -1.2410
v 4.8750 1.2750 -1.2410
v 4.7500 1.2750 -1.2410
v 4.7500 1.1739 -1.1710
v 4.8750 1.1739 -1.1710
v 4.8750 1.2750 -1.1710
v 4.7500 1.2750 -1.1710
v 4.8750 1.1739 1.1380
v 5.0000 1.1739 1.1380
v 5.0000 1.2750 1.1380
v 4.8750 1.2750 1.1380
v 4.8750 1.1739 1.2080
v 5.0000 1.1739 1.2080
v 5.0000 1.2750 1.2080
v 4.8750 1.2750 1.2080
v 4.8750 1.1739 -1.2080
v 5.0000 1.1739 -1.2080
v 5.0000 1.2750 -1.2080
v 4.8750 1.2750 -1.2080
v 4.8750 1.1739 -1.1380
v 5.0000 1.1739 -1.1380
v 5.0000 1.2750 -1.1380
v 4.8750 1.2750 -1.1380
v 5.0000 1.1739 1.1000
v 5.1250 1.1739 1.1000
v 5.1250 1.2750 1.1000
v 5.0000 1.2750 1.1000
v 5.0000 1.1739 1.1700
v 5.1250 1.1739 1.1700
v 5.1250 1.2750 1.1700
v 5.0000 1.2750 1.1700
v 5.0000 1.1739 -1.1700
v 5.1250 1.1739 -1.1700
v 5.1250 1.2750 -1.1700
v 5.0000 1.2750 -1.1700
v 5.0000 1.1739 -1.1000
v 5.1250 1.1739 -1.1000
v 5.1250 1.2750 -1.1000
v 5.0000 1.2750 -1.1000
v 5.1250 1.1739 1.0560
v 5.2500 1.1739 1.0560
v 5.2500 1.2750 1.0560
v 5.1250 1.2750 1.0560
v 5.1250 1.1739 1.1260
v 5.2500 1.1739 1.1260
v 5.2500 1.2750 1.1260
v 5.1250 1.2750 1.1260
v 5.1250 1.1739 -1.1260
v 5.2500 1.1739 -1.1260
v 5.2500 1.2750 -1.1260
v 5.1250 1.2750 -1.1260
v 5.1250 1.1739 -1.0560
v 5.2500 1.1739 -1.0560
v 5.2500 1.2750 -1.0560
v 5.1250 1.2750 -1.0560
v 5.2500 1.1739 1.0060
v 5.3750 1.1739 1.0060
v 5.3750 1.2750 1.0060
v 5.2500 1.2750 1.0060
v 5.2500 1.1739 1.0760
v 5.3750 1.1739 1.0760
v 5.3750 1.2750 1.0760
v 5.2500 1.2750 1.0760
v 5.2500 1.1739 -1.0760
v 5.3750 1.1739 -1.0760
v 5.3750 1.2750 -1.0760
v 5.2500 1.2750 -1.0760
v 5.2500 1.1739 -1.0060
v 5.3750 1.1739 -1.0060
v 5.3750 1.2750 -1.0060
v 5.2500 1.2750 -1.0060
v 5.3750 1.1739 0.9510
v 5.5000 1.1739 0.9510
v 5.5000 1.2750 0.9510
v 5.3750 1.2750 0.9510
v 5.3750 1.1739 1.0210
v 5.5000 1.1739 1.0210
v 5.5000 1.2750 1.0210
v 5.3750 1.2750 1.0210
v 5.3750 1.1739 -1.0210
v 5.5000 1.1739 -1.0210
v 5.5000 1.2750 -1.0210
v 5.3750 1.2750 -1.0210
v 5.3750 1.1739 -0.9510
v 5.5000 1.1739 -0.9510
v 5.5000 1.2750 -0.9510
v 5.3750 1.2750 -0.9510
v 5.5000 1.1739 0.8900
v 5.6250 1.1739 0.8900
v 5.6250 1.2750 0.8900
v 5.5000 1.2750 0.8900
v 5.5000 1.1739 0.9600
v 5.6250 1.1739 0.9600
v 5.6250 1.2750 0.9600
v 5.5000 1.2750 0.9600
v 5.5000 1.1739 -0.9600
v 5.6250 1.1739 -0.9600
v 5.6250 1.2750 -0.9600
v 5.5000 1.2750 -0.9600
v 5.5000 1.1739 -0.8900
v 5.6250 1.1739 -0.8900
v 5.6250 1.2750 -0.8900
v 5.5000 1.2750 -0.8900
v 5.6250 1.1739 0.8230
v 5.7500 1.1739 0.8230
v 5.7500 1.2750 0.8230
v 5.6250 1.2750 0.8230
v 5.6250 1.1739 0.8930
v 5.7500 1.1739 0.8930
v 5.7500 1.2750 0.8930
v 5.6250 1.2750 0.8930
v 5.6250 1.1739 -0.8930
v 5.7500 1.1739 -0.8930
v 5.7500 1.2750 -0.8930
v 5.6250 1.2750 -0.8930
v 5.6250 1.1739 -0.8230
v 5.7500 1.1739 -0.8230
v 5.7500 1.2750 -0.8230
v 5.6250 1.2750 -0.8230
v -5.3750 1.2750 1.2150
v -5.2500 1.2750 1.2150
v -5.2500 1.3761 1.2150
v -5.3750 1.3761 1.2150
v -5.3750 1.2750 1.2850
v -5.2500 1.2750 1.2850
v -5.2500 1.3761 1.2850
v -5.3750 1.3761 1.2850
v -5.3750 1.2750 -1.2850
v -5.2500 1.2750 -1.2850
v -5.2500 1.3761 -1.2850
v -5.3750 1.3761 -1.2850
v -5.3750 1.2750 -1.2150
v -5.2500 1.2750 -1.2150
v -5.2500 1.3761 -1.2150
v -5.3750 1.3761 -1.2150
v -5.2500 1.2750 1.2500
v -2.0000 1.2750 1.2500
v -2.0000 1.3761 1.2500
v -5.2500 1.3761 1.2500
v -5.2500 1.2750 1.3200
v -2.0000 1.2750 1.3200
v -2.0000 1.3761 1.3200
v -5.2500 1.3761 1.3200
v -5.2500 1.2750 -1.3200
v -2.0000 1.2750 -1.3200
v -2.0000 1.3761 -1.3200
v -5.2500 1.3761 -1.3200
v -5.2500 1.2750 -1.2500
v -2.0000 1.2750 -1.2500
v -2.0000 1.3761 -1.2500
v -5.2500 1.3761 -1.2500
v -0.5000 1.2750 1.2500
v 4.2500 1.2750 1.2500
v 4.2500 1.3761 1.2500
v -0.5000 1.3761 1.2500
v -0.5000 1.2750 1.3200
v 4.2500 1.2750 1.3200
v 4.2500 1.3761 1.3200
v -0.5000 1.3761 1.3200
v -0.5000 1.2750 -1.3200
v 4.2500 1.2750 -1.3200
v 4.2500 1.3761 -1.3200
v -0.5000 1.3761 -1.3200
v -0.5000 1.2750 -1.2500
v 4.2500 1.2750 -1.2500
v 4.2500 1.3761 -1.2500
v -0.5000 1.3761 -1.2500
v 4.2500 1.2750 1.2450
v 4.3750 1.2750 1.2450
v 4.3750 1.3761 1.2450
v 4.2500 1.3761 1.2450
v 4.2500 1.2750 1.3150
v 4.3750 1.2750 1.3150
v 4.3750 1.3761 1.3150
v 4.2500 1.3761 1.3150
v 4.2500 1.2750 -1.3150
v 4.3750 1.2750 -1.3150
v 4.3750 1.3761 -1.3150
v 4.2500 1.3761 -1.3150
v 4.2500 1.2750 -1.2450
v 4.3750 1.2750 -1.2450
v 4.3750 1.3761 -1.2450
v 4.2500 1.3761 -1.2450
v 4.3750 1.2750 1.2350
v 4.5000 1.2750 1.2350
v 4.5000 1.3761 1.2350
v 4.3750 1.3761 1.2350
v 4.3750 1.2750 1.3050
v 4.5000 1.2750 1.3050
v 4.5000 1.3761 1.3050
v 4.3750 1.3761 1.3050
v 4.3750 1.2750 -1.3050
v 4.5000 1.2750 -1.3050
v 4.5000 1.3761 -1.3050
v 4.3750 1.3761 -1.3050
v 4.3750 1.2750 -1.2350
v 4.5000 1.2750 -1.2350
v 4.5000 1.3761 -1.2350
v 4.3750 1.3761 -1.2350
v 4.5000 1.2750 1.2190
v 4.6250 1.2750 1.2190
v 4.6250 1.3761 1.2190
v 4.5000 1.3761 1.2190
v 4.5000 1.2750 1.2890
v 4.6250 1.2750 1.2890
v 4.6250 1.3761 1.2890
v 4.5000 1.3761 1.2890
v 4.5000 1.2750 -1.2890
v 4.6250 1.2750 -1.2890
v 4.6250 1.3761 -1.2890
v 4.5000 1.3761 -1.2890
v 4.5000 1.2750 -1.2190
v 4.6250 1.2750 -1.2190
v 4.6250 1.3761 -1.2190
v 4.5000 1.3761 -1.2190
v 4.6250 1.2750 1.1980
v 4.7500 1.2750 1.1980
v 4.7500 1.3761 1.1980
v 4.6250 1.3761 1.1980
v 4.6250 1.2750 1.2680
v 4.7500 1.2750 1.2680
v 4.7500 1.3761 1.2680
v 4.6250 1.3761 1.2680
v 4.6250 1.2750 -1.2680
v 4.7500 1.2750 -1.2680
v 4.7500 1.3761 -1.2680
v 4.6250 1.3761 -1.2680
v 4.6250 1.2750 -1.1980
v 4.7500 1.2750 -1.1980
v 4.7500 1.3761 -1.1980
v 4.6250 1.3761 -1.1980
v 4.7500 1.2750 1.1710
v 4.8750 1.2750 1.1710
v 4.8750 1.3761 1.1710
v 4.7500 1.3761 1.1710
v 4.7500 1.2750 1.2410
v 4.8750 1.2750 1.2410
v 4.8750 1.3761 1.2410
v 4.7500 1.3761 1.2410
v 4.7500 1.2750 -1.2410
v 4.8750 1.2750 -1.2410
v 4.8750 1.3761 -1.2410
v 4.7500 1.3761 -1.2410
v 4.7500 1.2750 -1.1710
v 4.8750 1.2750 -1.1710
v 4.8750 1.3761 -1.1710
v 4.7500 1.3761 -1.1710
v 4.8750 1.2750 1.1380
v 5.0000 1.2750 1.1380
v 5.0000 1.3761 1.1380
v 4.8750 1.3761 1.1380
v 4.8750 1.2750 1.2080
v 5.0000 1.2750 1.2080
v 5.0000 1.3761 1.2080
v 4.8750 1.3761 1.2080
v 4.8750 1.2750 -1.2080
v 5.0000 1.2750 -1.2080
v 5.0000 1.3761 -1.2080
v 4.8750 1.3761 -1.2080
v 4.8750 1.2750 -1.1380
v 5.0000 1.2750 -1.1380
v 5.0000 1.3761 -1.1380
v 4.8750 1.3761 -1.1380
v 5.0000 1.2750 1.1000
v 5.1250 1.2750 1.1000
v 5.1250 1.3761 1.1000
v 5.0000 1.3761 1.1000
v 5.0000 1.2750 1.1700
v 5.1250 1.2750 1.1700
v 5.1250 1.3761 1.1700
v 5.0000 1.3761 1.1700
v 5.0000 1.2750 -1.1700
v 5.1250 1.2750 -1.1700
v 5.1250 1.3761 -1.1700
v 5.0000 1.3761 -1.1700
v 5.0000 1.2750 -1.1000
v 5.1250 1.2750 -1.1000
v 5.1250 1.3761 -1.1000
v 5.0000 1.3761 -1.1000
v 5.1250 1.2750 1.0560
v 5.2500 1.2750 1.0560
v 5.2500 1.3761 1.0560
v 5.1250 1.3761 1.0560
v 5.1250 1.2750 1.1260
v 5.2500 1.2750 1.1260
v 5.2500 1.3761 1.1260
v 5.1250 1.3761 1.1260
v 5.1250 1.2750 -1.1260
v 5.2500 1.2750 -1.1260
v 5.2500 1.3761 -1.1260
v 5.1250 1.3761 -1.1260
v 5.1250 1.2750 -1.0560
v 5.2500 1.2750 -1.0560
v 5.2500 1.3761 -1.0560
v 5.1250 1.3761 -1.0560
v 5.2500 1.2750 1.0060
v 5.3750 1.2750 1.0060
v 5.3750 1.3761 1.0060
v 5.2500 1.3761 1.0060
v 5.2500 1.2750 1.0760
v 5.3750 1.2750 1.0760
v 5.3750 1.3761 1.0760
v 5.2500 1.3761 1.0760
v 5.2500 1.2750 -1.0760
v 5.3750 1.2750 -1.0760
v 5.3750 1.3761 -1.0760
v 5.2500 1.3761 -1.0760
v 5.2500 1.2750 -1.0060
v 5.3750 1.2750 -1.0060
v 5.3750 1.3761 -1.0060
v 5.2500 1.3761 -1.0060
v 5.3750 1.2750 0.9510
v 5.5000 1.2750 0.9510
v 5.5000 1.3761 0.9510
v 5.3750 1.3761 0.9510
v 5.3750 1.2750 1.0210
v 5.5000 1.2750 1.0210
v 5.5000 1.3761 1.0210
v 5.3750 1.3761 1.0210
v 5.3750 1.2750 -1.0210
v 5.5000 1.2750 -1.0210
v 5.5000 1.3761 -1.0210
v 5.3750 1.3761 -1.0210
v 5.3750 1.2750 -0.9510
v 5.5000 1.2750 -0.9510
v 5.5000 1.3761 -0.9510
v 5.3750 1.3761 -0.9510
v 5.5000 1.2750 0.8900
v 5.6250 1.2750 0.8900
v 5.6250 1.3761 0.8900
v 5.5000 1.3761 0.8900
v 5.5000 1.2750 0.9600
v 5.6250 1.2750 0.9600
v 5.6250 1.3761 0.9600
v 5.5000 1.3761 0.9600
v 5.5000 1.2750 -0.9600
v 5.6250 1.2750 -0.9600
v 5.6250 1.3761 -0.9600
v 5.5000 1.3761 -0.9600
v 5.5000 1.2750 -0.8900
v 5.6250 1.2750 -0.8900
v 5.6250 1.3761 -0.8900
v 5.5000 1.3761 -0.8900
v 5.6250 1.2750 0.8230
v 5.7500 1.2750 0.8230
v 5.7500 1.3761 0.8230
v 5.6250 1.3761 0.8230
v 5.6250 1.2750 0.8930
v 5.7500 1.2750 0.8930
v 5.7500 1.3761 0.8930
v 5.6250 1.3761 0.8930
v 5.6250 1.2750 -0.8930
v 5.7500 1.2750 -0.8930
v 5.7500 1.3761 -0.8930
v 5.6250 1.3761 -0.8930
v 5.6250 1.2750 -0.8230
v 5.7500 1.2750 -0.8230
v 5.7500 1.3761 -0.8230
v 5.6250 1.3761 -0.8230
v -5.3750 1.3761 1.2150
v -5.2500 1.3761 1.2150
v -5.2500 1.4773 1.2150
v -5.3750 1.4773 1.2150
v -5.3750 1.3761 1.2850
v -5.2500 1.3761 1.2850
v -5.2500 1.4773 1.2850
v -5.3750 1.4773 1.2850
v -5.3750 1.3761 -1.2850
v -5.2500 1.3761 -1.2850
v -5.2500 1.4773 -1.2850
v -5.3750 1.4773 -1.2850
v -5.3750 1.3761 -1.2150
v -5.2500 1.3761 -1.2150
v -5.2500 1.4773 -1.2150
v -5.3750 1.4773 -1.2150
v -5.2500 1.3761 1.2500
v -2.0000 1.3761 1.2500
v -2.0000 1.4773 1.2500
v -5.2500 1.4773 1.2500
v -5.2500 1.3761 1.3200
v -2.0000 1.3761 1.3200
v -2.0000 1.4773 1.3200
v -5.2500 1.4773 1.3200
v -5.2500 1.3761 -1.3200
v -2.0000 1.3761 -1.3200
v -2.0000 1.4773 -1.3200
v -5.2500 1.4773 -1.3200
v -5.2500 1.3761 -1.2500
v -2.0000 1.3761 -1.2500
v -2.0000 1.4773 -1.2500
v -5.2500 1.4773 -1.2500
v -0.5000 1.3761 1.2500
v 4.2500 1.3761 1.2500
v 4.2500 1.4773 1.2500
v -0.5000 1.4773 1.2500
v -0.5000 1.3761 1.3200
v 4.2500 1.3761 1.3200
v 4.2500 1.4773 1.3200
v -0.5000 1.4773 1.3200
v -0.5000 1.3761 -1.3200
v 4.2500 1.3761 -1.3200
v 4.2500 1.4773 -1.3200
v -0.5000 1.4773 -1.3200
v -0.5000 1.3761 -1.2500
v 4.2500 1.3761 -1.2500
v 4.2500 1.4773 -1.2500
v -0.5000 1.4773 -1.2500
v 4.2500 1.3761 1.2450
v 4.3750 1.3761 1.2450
v 4.3750 1.4773 1.2450
v 4.2500 1.4773 1.2450
v 4.2500 1.3761 1.3150
v 4.3750 1.3761 1.3150
v 4.3750 1.4773 1.3150
v 4.2500 1.4773 1.3150
v 4.2500 1.3761 -1.3150
v 4.3750 1.3761 -1.3150
v 4.3750 1.4773 -1.3150
v 4.2500 1.4773 -1.3150
v 4.2500 1.3761 -1.2450
v 4.3750 1.3761 -1.2450
v 4.3750 1.4773 -1.2450
v 4.2500 1.4773 -1.2450
v 4.3750 1.3761 1.2350
v 4.5000 1.3761 1.2350
v 4.5000 2.8932 1.2350
v 4.3750 2.8932 1.2350
v 4.3750 1.3761 1.2850
v 4.5000 1.3761 1.2850
v 4.5000 2.8932 1.2850
v 4.3750 2.8932 1.2850
v 4.3750 1.3761 -1.2850
v 4.5000 1.3761 -1.2850
v 4.5000 2.8932 -1.2850
v 4.3750 2.8932 -1.2850
v 4.3750 1.3761 -1.2350
v 4.5000 1.3761 -1.2350
v 4.5000 2.8932 -1.2350
v 4.3750 2.8932 -1.2350
v 4.5000 1.3761 1.2190
v 4.6250 1.3761 1.2190
v 4.6250 2.8932 1.2190
v 4.5000 2.8932 1.2190
v 4.5000 1.3761 1.2690
v 4.6250 1.3761 1.2690
v 4.6250 2.8932 1.2690
v 4.5000 2.8932 1.2690
v 4.5000 1.3761 -1.2690
v 4.6250 1.3761 -1.2690
v 4.6250 2.8932 -1.2690
v 4.5000 2.8932 -1.2690
v 4.5000 1.3761 -1.2190
v 4.6250 1.3761 -1.2190
v 4.6250 2.8932 -1.2190
v 4.5000 2.8932 -1.2190
v 4.6250 1.3761 1.1980
v 4.7500 1.3761 1.1980
v 4.7500 2.7920 1.1980
v 4.6250 2.7920 1.1980
v 4.6250 1.3761 1.2480
v 4.7500 1.3761 1.2480
v 4.7500 2.7920 1.2480
v 4.6250 2.7920 1.2480
v 4.6250 1.3761 -1.2480
v 4.7500 1.3761 -1.2480
v 4.7500 2.7920 -1.2480
v 4.6250 2.7920 -1.2480
v 4.6250 1.3761 -1.1980
v 4.7500 1.3761 -1.1980
v 4.7500 2.7920 -1.1980
v 4.6250 2.7920 -1.1980
v 4.7500 1.3761 1.1710
v 4.8750 1.3761 1.1710
v 4.8750 2.7920 1.1710
v 4.7500 2.7920 1.1710
v 4.7500 1.3761 1.2210
v 4.8750 1.3761 1.2210
v 4.8750 2.7920 1.2210
v 4.7500 2.7920 1.2210
v 4.7500 1.3761 -1.2210
v 4.8750 1.3761 -1.2210
v 4.8750 2.7920 -1.2210
v 4.7500 2.7920 -1.2210
v 4.7500 1.3761 -1.1710
v 4.8750 1.3761 -1.1710
v 4.8750 2.7920 -1.1710
v 4.7500 2.7920 -1.1710
v 4.8750 1.3761 1.1380
v 5.0000 1.3761 1.1380
v 5.0000 2.6909 1.1380
v 4.8750 2.6909 1.1380
v 4.8750 1.3761 1.1880
v 5.0000 1.3761 1.1880
v 5.0000 2.6909 1.1880
v 4.8750 2.6909 1.1880
v 4.8750 1.3761 -1.1880
v 5.0000 1.3761 -1.1880
v 5.0000 2.6909 -1.1880
v 4.8750 2.6909 -1.1880
v 4.8750 1.3761 -1.1380
v 5.0000 1.3761 -1.1380
v 5.0000 2.6909 -1.1380
v 4.8750 2.6909 -1.1380
v 5.0000 1.3761 1.1000
v 5.1250 1.3761 1.1000
v 5.1250 2.6909 1.1000
v 5.0000 2.6909 1.1000
v 5.0000 1.3761 1.1500
v 5.1250 1.3761 1.1500
v 5.1250 2.6909 1.1500
v 5.0000 2.6909 1.1500
v 5.0000 1.3761 -1.1500
v 5.1250 1.3761 -1.1500
v 5.1250 2.6909 -1.1500
v 5.0000 2.6909 -1.1500
v 5.0000 1.3761 -1.1000
v 5.1250 1.3761 -1.1000
v 5.1250 2.6909 -1.1000
v 5.0000 2.6909 -1.1000
v 5.1250 1.3761 1.0560
v 5.2500 1.3761 1.0560
v 5.2500 2.5898 1.0560
v 5.1250 2.5898 1.0560
v 5.1250 1.3761 1.1060
v 5.2500 1.3761 1.1060
v 5.2500 2.5898 1.1060
v 5.1250 2.5898 1.1060
v 5.1250 1.3761 -1.1060
v 5.2500 1.3761 -1.1060
v 5.2500 2.5898 -1.1060
v 5.1250 2.5898 -1.1060
v 5.1250 1.3761 -1.0560
v 5.2500 1.3761 -1.0560
v 5.2500 2.5898 -1.0560
v 5.1250 2.5898 -1.0560
v 5.2500 1.3761 1.0060
v 5.3750 1.3761 1.0060
v 5.3750 2.4886 1.0060
v 5.2500 2.4886 1.0060
v 5.2500 1.3761 1.0560
v 5.3750 1.3761 1.0560
v 5.3750 2.4886 1.0560
v 5.2500 2.4886 1.0560
v 5.2500 1.3761 -1.0560
v 5.3750 1.3761 -1.0560
v 5.3750 2.4886 -1.0560
v 5.2500 2.4886 -1.0560
v 5.2500 1.3761 -1.0060
v 5.3750 1.3761 -1.0060
v 5.3750 2.4886 -1.0060
v 5.2500 2.4886 -1.0060
v 5.3750 1.3761 0.9510
v 5.5000 1.3761 0.9510
v 5.5000 2.4886 0.9510
v 5.3750 2.4886 0.9510
v 5.3750 1.3761 1.0010
v 5.5000 1.3761 1.0010
v 5.5000 2.4886 1.0010
v 5.3750 2.4886 1.0010
v 5.3750 1.3761 -1.0010
v 5.5000 1.3761 -1.0010
v 5.5000 2.4886 -1.0010
v 5.3750 2.4886 -1.0010
v 5.3750 1.3761 -0.9510
v 5.5000 1.3761 -0.9510
v 5.5000 2.4886 -0.9510
v 5.3750 2.4886 -0.9510
v 5.5000 1.3761 0.8900
v 5.6250 1.3761 0.8900
v 5.6250 2.3875 0.8900
v 5.5000 2.3875 0.8900
v 5.5000 1.3761 0.9400
v 5.6250 1.3761 0.9400
v 5.6250 2.3875 0.9400
v 5.5000 2.3875 0.9400
v 5.5000 1.3761 -0.9400
v 5.6250 1.3761 -0.9400
v 5.6250 2.3875 -0.9400
v 5.5000 2.3875 -0.9400
v 5.5000 1.3761 -0.8900
v 5.6250 1.3761 -0.8900
v 5.6250 2.3875 -0.8900
v 5.5000 2.3875 -0.8900
v 5.6250 1.3761 0.8230
v 5.7500 1.3761 0.8230
v 5.7500 2.2864 0.8230
v 5.6250 2.2864 0.8230
v 5.6250 1.3761 0.8730
v 5.7500 1.3761 0.8730
v 5.7500 2.2864 0.8730
v 5.6250 2.2864 0.8730
v 5.6250 1.3761 -0.8730
v 5.7500 1.3761 -0.8730
v 5.7500 2.2864 -0.8730
v 5.6250 2.2864 -0.8730
v 5.6250 1.3761 -0.8230
v 5.7500 1.3761 -0.8230
v 5.7500 2.2864 -0.8230
v 5.6250 2.2864 -0.8230
v -5.3750 1.4773 1.2150
v -5.2500 1.4773 1.2150
v -5.2500 1.5784 1.2150
v -5.3750 1.5784 1.2150
v -5.3750 1.4773 1.2850
v -5.2500 1.4773 1.2850
v -5.2500 1.5784 1.2850
v -5.3750 1.5784 1.2850
v -5.3750 1.4773 -1.2850
v -5.2500 1.4773 -1.2850
v -5.2500 1.5784 -1.2850
v -5.3750 1.5784 -1.2850
v -5.3750 1.4773 -1.2150
v -5.2500 1.4773 -1.2150
v -5.2500 1.5784 -1.2150
v -5.3750 1.5784 -1.2150
v -5.2500 1.4773 1.2500
v -2.0000 1.4773 1.2500
v -2.0000 1.5784 1.2500
v -5.2500 1.5784 1.2500
v -5.2500 1.4773 1.3200
v -2.0000 1.4773 1.3200
v -2.0000 1.5784 1.3200
v -5.2500 1.5784 1.3200
v -5.2500 1.4773 -1.3200
v -2.0000 1.4773 -1.3200
v -2.0000 1.5784 -1.3200
v -5.2500 1.5784 -1.3200
v -5.2500 1.4773 -1.2500
v -2.0000 1.4773 -1.2500
v -2.0000 1.5784 -1.2500
v -5.2500 1.5784 -1.2500
v -0.5000 1.4773 1.2500
v 4.2500 1.4773 1.2500
v 4.2500 1.5784 1.2500
v -0.5000 1.5784 1.2500
v -0.5000 1.4773 1.3200
v 4.2500 1.4773 1.3200
v 4.2500 1.5784 1.3200
v -0.5000 1.5784 1.3200
v -0.5000 1.4773 -1.3200
v 4.2500 1.4773 -1.3200
v 4.2500 1.5784 -1.3200
v -0.5000 1.5784 -1.3200
v -0.5000 1.4773 -1.2500
v 4.2500 1.4773 -1.2500
v 4.2500 1.5784 -1.2500
v -0.5000 1.5784 -1.2500
v 4.2500 1.4773 1.2450
v 4.3750 1.4773 1.2450
v 4.3750 1.5784 1.2450
v 4.2500 1.5784 1.2450
v 4.2500 1.4773 1.3150
v 4.3750 1.4773 1.3150
v 4.3750 1.5784 1.3150
v 4.2500 1.5784 1.3150
v 4.2500 1.4773 -1.3150
v 4.3750 1.4773 -1.3150
v 4.3750 1.5784 -1.3150
v 4.2500 1.5784 -1.3150
v 4.2500 1.4773 -1.2450
v 4.3750 1.4773 -1.2450
v 4.3750 1.5784 -1.2450
v 4.2500 1.5784 -1.2450
v -5.3750 1.5784 1.2150
v -5.2500 1.5784 1.2150
v -5.2500 1.6795 1.2150
v -5.3750 1.6795 1.2150
v -5.3750 1.5784 1.2850
v -5.2500 1.5784 1.2850
v -5.2500 1.6795 1.2850
v -5.3750 1.6795 1.2850
v -5.3750 1.5784 -1.2850
v -5.2500 1.5784 -1.2850
v -5.2500 1.6795 -1.2850
v -5.3750 1.6795 -1.2850
v -5.3750 1.5784 -1.2150
v -5.2500 1.5784 -1.2150
v -5.2500 1.6795 -1.2150
v -5.3750 1.6795 -1.2150
v -5.2500 1.5784 1.2500
v -2.0000 1.5784 1.2500
v -2.0000 1.6795 1.2500
v -5.2500 1.6795 1.2500
v -5.2500 1.5784 1.3200
v -2.0000 1.5784 1.3200
v -2.0000 1.6795 1.3200
v -5.2500 1.6795 1.3200
v -5.2500 1.5784 -1.3200
v -2.0000 1.5784 -1.3200
v -2.0000 1.6795 -1.3200
v -5.2500 1.6795 -1.3200
v -5.2500 1.5784 -1.2500
v -2.0000 1.5784 -1.2500
v -2.0000 1.6795 -1.2500
v -5.2500 1.6795 -1.2500
v -0.5000 1.5784 1.2500
v 4.2500 1.5784 1.2500
v 4.2500 1.6795 1.2500
v -0.5000 1.6795 1.2500
v -0.5000 1.5784 1.3200
v 4.2500 1.5784 1.3200
v 4.2500 1.6795 1.3200
v -0.5000 1.6795 1.3200
v -0.5000 1.5784 -1.3200
v 4.2500 1.5784 -1.3200
v 4.2500 1.6795 -1.3200
v -0.5000 1.6795 -1.3200
v -0.5000 1.5784 -1.2500
v 4.2500 1.5784 -1.2500
v 4.2500 1.6795 -1.2500
v -0.5000 1.6795 -1.2500
v 4.2500 1.5784 1.2450
v 4.3750 1.5784 1.2450
v 4.3750 1.6795 1.2450
v 4.2500 1.6795 1.2450
v 4.2500 1.5784 1.3150
v 4.3750 1.5784 1.3150
v 4.3750 1.6795 1.3150
v 4.2500 1.6795 1.3150
v 4.2500 1.5784 -1.3150
v 4.3750 1.5784 -1.3150
v 4.3750 1.6795 -1.3150
v 4.2500 1.6795 -1.3150
v 4.2500 1.5784 -1.2450
v 4.3750 1.5784 -1.2450
v 4.3750 1.6795 -1.2450
v 4.2500 1.6795 -1.2450
v -5.3750 1.6795 1.2150
v -5.2500 1.6795 1.2150
v -5.2500 2.8932 1.2150
v -5.3750 2.8932 1.2150
v -5.3750 1.6795 1.2650
v -5.2500 1.6795 1.2650
v -5.2500 2.8932 1.2650
v -5.3750 2.8932 1.2650
v -5.3750 1.6795 -1.2650
v -5.2500 1.6795 -1.2650
v -5.2500 2.8932 -1.2650
v -5.3750 2.8932 -1.2650
v -5.3750 1.6795 -1.2150
v -5.2500 1.6795 -1.2150
v -5.2500 2.8932 -1.2150
v -5.3750 2.8932 -1.2150
v -5.2500 1.6795 1.2500
v -4.3750 1.6795 1.2500
v -4.3750 2.8932 1.2500
v -5.2500 2.8932 1.2500
v -5.2500 1.6795 1.3000
v -4.3750 1.6795 1.3000
v -4.3750 2.8932 1.3000
v -5.2500 2.8932 1.3000
v -5.2500 1.6795 -1.3000
v -4.3750 1.6795 -1.3000
v -4.3750 2.8932 -1.3000
v -5.2500 2.8932 -1.3000
v -5.2500 1.6795 -1.2500
v -4.3750 1.6795 -1.2500
v -4.3750 2.8932 -1.2500
v -5.2500 2.8932 -1.2500
v -4.3750 1.6795 1.2500
v -4.0000 1.6795 1.2500
v -4.0000 2.8932 1.2500
v -4.3750 2.8932 1.2500
v -4.3750 1.6795 1.3200
v -4.0000 1.6795 1.3200
v -4.0000 2.8932 1.3200
v -4.3750 2.8932 1.3200
v -4.3750 1.6795 -1.3200
v -4.0000 1.6795 -1.3200
v -4.0000 2.8932 -1.3200
v -4.3750 2.8932 -1.3200
v -4.3750 1.6795 -1.2500
v -4.0000 1.6795 -1.2500
v -4.0000 2.8932 -1.2500
v -4.3750 2.8932 -1.2500
v -4.0000 1.6795 1.2500
v -3.0000 1.6795 1.2500
v -3.0000 2.8932 1.2500
v -4.0000 2.8932 1.2500
v -4.0000 1.6795 1.3000
v -3.0000 1.6795 1.3000
v -3.0000 2.8932 1.3000
v -4.0000 2.8932 1.3000
v -4.0000 1.6795 -1.3000
v -3.0000 1.6795 -1.3000
v -3.0000 2.8932 -1.3000
v -4.0000 2.8932 -1.3000
v -4.0000 1.6795 -1.2500
v -3.0000 1.6795 -1.2500
v -3.0000 2.8932 -1.2500
v -4.0000 2.8932 -1.2500
v -3.0000 1.6795 1.2500
v -2.7500 1.6795 1.2500
v -2.7500 2.8932 1.2500
v -3.0000 2.8932 1.2500
v -3.0000 1.6795 1.3200
v -2.7500 1.6795 1.3200
v -2.7500 2.8932 1.3200
v -3.0000 2.8932 1.3200
v -3.0000 1.6795 -1.3200
v -2.7500 1.6795 -1.3200
v -2.7500 2.8932 -1.3200
v -3.0000 2.8932 -1.3200
v -3.0000 1.6795 -1.2500
v -2.7500 1.6795 -1.2500
v -2.7500 2.8932 -1.2500
v -3.0000 2.8932 -1.2500
v -2.7500 1.6795 1.2500
v -2.0000 1.6795 1.2500
v -2.0000 2.8932 1.2500
v -2.7500 2.8932 1.2500
v -2.7500 1.6795 1.3000
v -2.0000 1.6795 1.3000
v -2.0000 2.8932 1.3000
v -2.7500 2.8932 1.3000
v -2.7500 1.6795 -1.3000
v -2.0000 1.6795 -1.3000
v -2.0000 2.8932 -1.3000
v -2.7500 2.8932 -1.3000
v -2.7500 1.6795 -1.2500
v -2.0000 1.6795 -1.2500
v -2.0000 2.8932 -1.2500
v -2.7500 2.8932 -1.2500
v -0.5000 1.6795 1.2500
v -0.3750 1.6795 1.2500
v -0.3750 2.8932 1.2500
v -0.5000 2.8932 1.2500
v -0.5000 1.6795 1.3000
v -0.3750 1.6795 1.3000
v -0.3750 2.8932 1.3000
v -0.5000 2.8932 1.3000
v -0.5000 1.6795 -1.3000
v -0.3750 1.6795 -1.3000
v -0.3750 2.8932 -1.3000
v -0.5000 2.8932 -1.3000
v -0.5000 1.6795 -1.2500
v -0.3750 1.6795 -1.2500
v -0.3750 2.8932 -1.2500
v -0.5000 2.8932 -1.2500
v -0.3750 1.6795 1.2500
v 0.0000 1.6795 1.2500
v 0.0000 2.8932 1.2500
v -0.3750 2.8932 1.2500
v -0.3750 1.6795 1.3200
v 0.0000 1.6795 1.3200
v 0.0000 2.8932 1.3200
v -0.3750 2.8932 1.3200
v -0.3750 1.6795 -1.3200
v 0.0000 1.6795 -1.3200
v 0.0000 2.8932 -1.3200
v -0.3750 2.8932 -1.3200
v -0.3750 1.6795 -1.2500
v 0.0000 1.6795 -1.2500
v 0.0000 2.8932 -1.2500
v -0.3750 2.8932 -1.2500
v 0.0000 1.6795 1.2500
v 1.0000 1.6795 1.2500
v 1.0000 2.8932 1.2500
v 0.0000 2.8932 1.2500
v 0.0000 1.6795 1.3000
v 1.0000 1.6795 1.3000
v 1.0000 2.8932 1.3000
v 0.0000 2.8932 1.3000
v 0.0000 1.6795 -1.3000
v 1.0000 1.6795 -1.3000
v 1.0000 2.8932 -1.3000
v 0.0000 2.8932 -1.3000
v 0.0000 1.6795 -1.2500
v 1.0000 1.6795 -1.2500
v 1.0000 2.8932 -1.2500
v 0.0000 2.8932 -1.2500
v 1.0000 1.6795 1.2500
v 1.3750 1.6795 1.2500
v 1.3750 2.8932 1.2500
v 1.0000 2.8932 1.2500
v 1.0000 1.6795 1.3200
v 1.3750 1.6795 1.3200
v 1.3750 2.8932 1.3200
v 1.0000 2.8932 1.3200
v 1.0000 1.6795 -1.3200
v 1.3750 1.6795 -1.3200
v 1.3750 2.8932 -1.3200
v 1.0000 2.8932 -1.3200
v 1.0000 1.6795 -1.2500
v 1.3750 1.6795 -1.2500
v 1.3750 2.8932 -1.2500
v 1.0000 2.8932 -1.2500
v 1.3750 1.6795 1.2500
v 2.3750 1.6795 1.2500
v 2.3750 2.8932 1.2500
v 1.3750 2.8932 1.2500
v 1.3750 1.6795 1.3000
v 2.3750 1.6795 1.3000
v 2.3750 2.8932 1.3000
v 1.3750 2.8932 1.3000
v 1.3750 1.6795 -1.3000
v 2.3750 1.6795 -1.3000
v 2.3750 2.8932 -1.3000
v 1.3750 2.8932 -1.3000
v 1.3750 1.6795 -1.2500
v 2.3750 1.6795 -1.2500
v 2.3750 2.8932 -1.2500
v 1.3750 2.8932 -1.2500
v 2.3750 1.6795 1.2500
v 2.7500 1.6795 1.2500
v 2.7500 2.8932 1.2500
v 2.3750 2.8932 1.2500
v 2.3750 1.6795 1.3200
v 2.7500 1.6795 1.3200
v 2.7500 2.8932 1.3200
v 2.3750 2.8932 1.3200
v 2.3750 1.6795 -1.3200
v 2.7500 1.6795 -1.3200
v 2.7500 2.8932 -1.3200
v 2.3750 2.8932 -1.3200
v 2.3750 1.6795 -1.2500
v 2.7500 1.6795 -1.2500
v 2.7500 2.8932 -1.2500
v 2.3750 2.8932 -1.2500
v 2.7500 1.6795 1.2500
v 3.7500 1.6795 1.2500
v 3.7500 2.8932 1.2500
v 2.7500 2.8932 1.2500
v 2.7500 1.6795 1.3000
v 3.7500 1.6795 1.3000
v 3.7500 2.8932 1.3000
v 2.7500 2.8932 1.3000
v 2.7500 1.6795 -1.3000
v 3.7500 1.6795 -1.3000
v 3.7500 2.8932 -1.3000
v 2.7500 2.8932 -1.3000
v 2.7500 1.6795 -1.2500
v 3.7500 1.6795 -1.2500
v 3.7500 2.8932 -1.2500
v 2.7500 2.8932 -1.2500
v 3.7500 1.6795 1.2500
v 4.0000 1.6795 1.2500
v 4.0000 2.8932 1.2500
v 3.7500 2.8932 1.2500
v 3.7500 1.6795 1.3200
v 4.0000 1.6795 1.3200
v 4.0000 2.8932 1.3200
v 3.7500 2.8932 1.3200
v 3.7500 1.6795 -1.3200
v 4.0000 1.6795 -1.3200
v 4.0000 2.8932 -1.3200
v 3.7500 2.8932 -1.3200
v 3.7500 1.6795 -1.2500
v 4.0000 1.6795 -1.2500
v 4.0000 2.8932 -1.2500
v 3.7500 2.8932 -1.2500
v 4.0000 1.6795 1.2500
v 4.1250 1.6795 1.2500
v 4.1250 2.8932 1.2500
v 4.0000 2.8932 1.2500
v 4.0000 1.6795 1.3000
v 4.1250 1.6795 1.3000
v 4.1250 2.8932 1.3000
v 4.0000 2.8932 1.3000
v 4.0000 1.6795 -1.3000
v 4.1250 1.6795 -1.3000
v 4.1250 2.8932 -1.3000
v 4.0000 2.8932 -1.3000
v 4.0000 1.6795 -1.2500
v 4.1250 1.6795 -1.2500
v 4.1250 2.8932 -1.2500
v 4.0000 2.8932 -1.2500
v 5.6250 2.2864 0.8200
v 5.7500 2.2864 0.8200
v 5.7500 2.3875 0.8200
v 5.6250 2.3875 0.8200
v 5.6250 2.2864 0.8700
v 5.7500 2.2864 0.8700
v 5.7500 2.3875 0.8700
v 5.6250 2.3875 0.8700
v 5.6250 2.2864 -0.8700
v 5.7500 2.2864 -0.8700
v 5.7500 2.3875 -0.8700
v 5.6250 2.3875 -0.8700
v 5.6250 2.2864 -0.8200
v 5.7500 2.2864 -0.8200
v 5.7500 2.3875 -0.8200
v 5.6250 2.3875 -0.8200
v 5.5000 2.3875 0.8820
v 5.6250 2.3875 0.8820
v 5.6250 2.4886 0.8820
v 5.5000 2.4886 0.8820
v 5.5000 2.3875 0.9320
v 5.6250 2.3875 0.9320
v 5.6250 2.4886 0.9320
v 5.5000 2.4886 0.9320
v 5.5000 2.3875 -0.9320
v 5.6250 2.3875 -0.9320
v 5.6250 2.4886 -0.9320
v 5.5000 2.4886 -0.9320
v 5.5000 2.3875 -0.8820
v 5.6250 2.3875 -0.8820
v 5.6250 2.4886 -0.8820
v 5.5000 2.4886 -0.8820
v 5.6250 2.3875 0.7950
v 5.7500 2.3875 0.7950
v 5.7500 2.4886 0.7950
v 5.6250 2.4886 0.7950
v 5.6250 2.3875 0.8650
v 5.7500 2.3875 0.8650
v 5.7500 2.4886 0.8650
v 5.6250 2.4886 0.8650
v 5.6250 2.3875 -0.8650
v 5.7500 2.3875 -0.8650
v 5.7500 2.4886 -0.8650
v 5.6250 2.4886 -0.8650
v 5.6250 2.3875 -0.7950
v 5.7500 2.3875 -0.7950
v 5.7500 2.4886 -0.7950
v 5.6250 2.4886 -0.7950
v 5.2500 2.4886 1.0040
v 5.3750 2.4886 1.0040
v 5.3750 2.5898 1.0040
v 5.2500 2.5898 1.0040
v 5.2500 2.4886 1.0540
v 5.3750 2.4886 1.0540
v 5.3750 2.5898 1.0540
v 5.2500 2.5898 1.0540
v 5.2500 2.4886 -1.0540
v 5.3750 2.4886 -1.0540
v 5.3750 2.5898 -1.0540
v 5.2500 2.5898 -1.0540
v 5.2500 2.4886 -1.0040
v 5.3750 2.4886 -1.0040
v 5.3750 2.5898 -1.0040
v 5.2500 2.5898 -1.0040
v 5.3750 2.4886 0.9350
v 5.5000 2.4886 0.9350
v 5.5000 2.5898 0.9350
v 5.3750 2.5898 0.9350
v 5.3750 2.4886 0.9850
v 5.5000 2.4886 0.9850
v 5.5000 2.5898 0.9850
v 5.3750 2.5898 0.9850
v 5.3750 2.4886 -0.9850
v 5.5000 2.4886 -0.9850
v 5.5000 2.5898 -0.9850
v 5.3750 2.5898 -0.9850
v 5.3750 2.4886 -0.9350
v 5.5000 2.4886 -0.9350
v 5.5000 2.5898 -0.9350
v 5.3750 2.5898 -0.9350
v 5.5000 2.4886 0.8470
v 5.6250 2.4886 0.8470
v 5.6250 2.5898 0.8470
v 5.5000 2.5898 0.8470
v 5.5000 2.4886 0.9170
v 5.6250 2.4886 0.9170
v 5.6250 2.5898 0.9170
v 5.5000 2.5898 0.9170
v 5.5000 2.4886 -0.9170
v 5.6250 2.4886 -0.9170
v 5.6250 2.5898 -0.9170
v 5.5000 2.5898 -0.9170
v 5.5000 2.4886 -0.8470
v 5.6250 2.4886 -0.8470
v 5.6250 2.5898 -0.8470
v 5.5000 2.5898 -0.8470
v 5.6250 2.4886 0.7410
v 5.7500 2.4886 0.7410
v 5.7500 2.5898 0.7410
v 5.6250 2.5898 0.7410
v 5.6250 2.4886 0.8110
v 5.7500 2.4886 0.8110
v 5.7500 2.5898 0.8110
v 5.6250 2.5898 0.8110
v 5.6250 2.4886 -0.8110
v 5.7500 2.4886 -0.8110
v 5.7500 2.5898 -0.8110
v 5.6250 2.5898 -0.8110
v 5.6250 2.4886 -0.7410
v 5.7500 2.4886 -0.7410
v 5.7500 2.5898 -0.7410
v 5.6250 2.5898 -0.7410
v 5.1250 2.5898 1.0480
v 5.2500 2.5898 1.0480
v 5.2500 2.6909 1.0480
v 5.1250 2.6909 1.0480
v 5.1250 2.5898 1.0980
v 5.2500 2.5898 1.0980
v 5.2500 2.6909 1.0980
v 5.1250 2.6909 1.0980
v 5.1250 2.5898 -1.0980
v 5.2500 2.5898 -1.0980
v 5.2500 2.6909 -1.0980
v 5.1250 2.6909 -1.0980
v 5.1250 2.5898 -1.0480
v 5.2500 2.5898 -1.0480
v 5.2500 2.6909 -1.0480
v 5.1250 2.6909 -1.0480
v 5.2500 2.5898 0.9770
v 5.3750 2.5898 0.9770
v 5.3750 2.6909 0.9770
v 5.2500 2.6909 0.9770
v 5.2500 2.5898 1.0270
v 5.3750 2.5898 1.0270
v 5.3750 2.6909 1.0270
v 5.2500 2.6909 1.0270
v 5.2500 2.5898 -1.0270
v 5.3750 2.5898 -1.0270
v 5.3750 2.6909 -1.0270
v 5.2500 2.6909 -1.0270
v 5.2500 2.5898 -0.9770
v 5.3750 2.5898 -0.9770
v 5.3750 2.6909 -0.9770
v 5.2500 2.6909 -0.9770
v 5.3750 2.5898 0.8880
v 5.5000 2.5898 0.8880
v 5.5000 2.6909 0.8880
v 5.3750 2.6909 0.8880
v 5.3750 2.5898 0.9580
v 5.5000 2.5898 0.9580
v 5.5000 2.6909 0.9580
v 5.3750 2.6909 0.9580
v 5.3750 2.5898 -0.9580
v 5.5000 2.5898 -0.9580
v 5.5000 2.6909 -0.9580
v 5.3750 2.6909 -0.9580
v 5.3750 2.5898 -0.8880
v 5.5000 2.5898 -0.8880
v 5.5000 2.6909 -0.8880
v 5.3750 2.6909 -0.8880
v 5.5000 2.5898 0.7800
v 5.6250 2.5898 0.7800
v 5.6250 2.6909 0.7800
v 5.5000 2.6909 0.7800
v 5.5000 2.5898 0.8500
v 5.6250 2.5898 0.8500
v 5.6250 2.6909 0.8500
v 5.5000 2.6909 0.8500
v 5.5000 2.5898 -0.8500
v 5.6250 2.5898 -0.8500
v 5.6250 2.6909 -0.8500
v 5.5000 2.6909 -0.8500
v 5.5000 2.5898 -0.7800
v 5.6250 2.5898 -0.7800
v 5.6250 2.6909 -0.7800
v 5.5000 2.6909 -0.7800
v 5.6250 2.5898 0.6530
v 5.7500 2.5898 0.6530
v 5.7500 2.6909 0.6530
v 5.6250 2.6909 0.6530
v 5.6250 2.5898 0.7230
v 5.7500 2.5898 0.7230
v 5.7500 2.6909 0.7230
v 5.6250 2.6909 0.7230
v 5.6250 2.5898 -0.7230
v 5.7500 2.5898 -0.7230
v 5.7500 2.6909 -0.7230
v 5.6250 2.6909 -0.7230
v 5.6250 2.5898 -0.6530
v 5.7500 2.5898 -0.6530
v 5.7500 2.6909 -0.6530
v 5.6250 2.6909 -0.6530
v 4.8750 2.6909 1.1340
v 5.0000 2.6909 1.1340
v 5.0000 2.7920 1.1340
v 4.8750 2.7920 1.1340
v 4.8750 2.6909 1.1840
v 5.0000 2.6909 1.1840
v 5.0000 2.7920 1.1840
v 4.8750 2.7920 1.1840
v 4.8750 2.6909 -1.1840
v 5.0000 2.6909 -1.1840
v 5.0000 2.7920 -1.1840
v 4.8750 2.7920 -1.1840
v 4.8750 2.6909 -1.1340
v 5.0000 2.6909 -1.1340
v 5.0000 2.7920 -1.1340
v 4.8750 2.7920 -1.1340
v 5.0000 2.6909 1.0800
v 5.1250 2.6909 1.0800
v 5.1250 2.7920 1.0800
v 5.0000 2.7920 1.0800
v 5.0000 2.6909 1.1300
v 5.1250 2.6909 1.1300
v 5.1250 2.7920 1.1300
v 5.0000 2.7920 1.1300
v 5.0000 2.6909 -1.1300
v 5.1250 2.6909 -1.1300
v 5.1250 2.7920 -1.1300
v 5.0000 2.7920 -1.1300
v 5.0000 2.6909 -1.0800
v 5.1250 2.6909 -1.0800
v 5.1250 2.7920 -1.0800
v 5.0000 2.7920 -1.0800
v 5.1250 2.6909 1.0080
v 5.2500 2.6909 1.0080
v 5.2500 2.7920 1.0080
v 5.1250 2.7920 1.0080
v 5.1250 2.6909 1.0780
v 5.2500 2.6909 1.0780
v 5.2500 2.7920 1.0780
v 5.1250 2.7920 1.0780
v 5.1250 2.6909 -1.0780
v 5.2500 2.6909 -1.0780
v 5.2500 2.7920 -1.0780
v 5.1250 2.7920 -1.0780
v 5.1250 2.6909 -1.0080
v 5.2500 2.6909 -1.0080
v 5.2500 2.7920 -1.0080
v 5.1250 2.7920 -1.0080
v 5.2500 2.6909 0.9170
v 5.3750 2.6909 0.9170
v 5.3750 2.7920 0.9170
v 5.2500 2.7920 0.9170
v 5.2500 2.6909 0.9870
v 5.3750 2.6909 0.9870
v 5.3750 2.7920 0.9870
v 5.2500 2.7920 0.9870
v 5.2500 2.6909 -0.9870
v 5.3750 2.6909 -0.9870
v 5.3750 2.7920 -0.9870
v 5.2500 2.7920 -0.9870
v 5.2500 2.6909 -0.9170
v 5.3750 2.6909 -0.9170
v 5.3750 2.7920 -0.9170
v 5.2500 2.7920 -0.9170
v 5.3750 2.6909 0.8060
v 5.5000 2.6909 0.8060
v 5.5000 2.7920 0.8060
v 5.3750 2.7920 0.8060
v 5.3750 2.6909 0.8760
v 5.5000 2.6909 0.8760
v 5.5000 2.7920 0.8760
v 5.3750 2.7920 0.8760
v 5.3750 2.6909 -0.8760
v 5.5000 2.6909 -0.8760
v 5.5000 2.7920 -0.8760
v 5.3750 2.7920 -0.8760
v 5.3750 2.6909 -0.8060
v 5.5000 2.6909 -0.8060
v 5.5000 2.7920 -0.8060
v 5.3750 2.7920 -0.8060
v 5.5000 2.6909 -0.7440
v 5.6250 2.6909 -0.7440
v 5.6250 2.7920 -0.7440
v 5.5000 2.7920 -0.7440
v 5.5000 2.6909 0.7440
v 5.6250 2.6909 0.7440
v 5.6250 2.7920 0.7440
v 5.5000 2.7920 0.7440
v 5.6250 2.6909 -0.5850
v 5.7500 2.6909 -0.5850
v 5.7500 2.7920 -0.5850
v 5.6250 2.7920 -0.5850
v 5.6250 2.6909 0.5850
v 5.7500 2.6909 0.5850
v 5.7500 2.7920 0.5850
v 5.6250 2.7920 0.5850
v 4.6250 2.7920 1.1940
v 4.7500 2.7920 1.1940
v 4.7500 2.8932 1.1940
v 4.6250 2.8932 1.1940
v 4.6250 2.7920 1.2440
v 4.7500 2.7920 1.2440
v 4.7500 2.8932 1.2440
v 4.6250 2.8932 1.2440
v 4.6250 2.7920 -1.2440
v 4.7500 2.7920 -1.2440
v 4.7500 2.8932 -1.2440
v 4.6250 2.8932 -1.2440
v 4.6250 2.7920 -1.1940
v 4.7500 2.7920 -1.1940
v 4.7500 2.8932 -1.1940
v 4.6250 2.8932 -1.1940
v 4.7500 2.7920 1.1550
v 4.8750 2.7920 1.1550
v 4.8750 2.8932 1.1550
v 4.7500 2.8932 1.1550
v 4.7500 2.7920 1.2050
v 4.8750 2.7920 1.2050
v 4.8750 2.8932 1.2050
v 4.7500 2.8932 1.2050
v 4.7500 2.7920 -1.2050
v 4.8750 2.7920 -1.2050
v 4.8750 2.8932 -1.2050
v 4.7500 2.8932 -1.2050
v 4.7500 2.7920 -1.1550
v 4.8750 2.7920 -1.1550
v 4.8750 2.8932 -1.1550
v 4.7500 2.8932 -1.1550
v 4.8750 2.7920 1.0990
v 5.0000 2.7920 1.0990
v 5.0000 2.8932 1.0990
v 4.8750 2.8932 1.0990
v 4.8750 2.7920 1.1690
v 5.0000 2.7920 1.1690
v 5.0000 2.8932 1.1690
v 4.8750 2.8932 1.1690
v 4.8750 2.7920 -1.1690
v 5.0000 2.7920 -1.1690
v 5.0000 2.8932 -1.1690
v 4.8750 2.8932 -1.1690
v 4.8750 2.7920 -1.0990
v 5.0000 2.7920 -1.0990
v 5.0000 2.8932 -1.0990
v 4.8750 2.8932 -1.0990
v 5.0000 2.7920 1.0250
v 5.1250 2.7920 1.0250
v 5.1250 2.8932 1.0250
v 5.0000 2.8932 1.0250
v 5.0000 2.7920 1.0950
v 5.1250 2.7920 1.0950
v 5.1250 2.8932 1.0950
v 5.0000 2.8932 1.0950
v 5.0000 2.7920 -1.0950
v 5.1250 2.7920 -1.0950
v 5.1250 2.8932 -1.0950
v 5.0000 2.8932 -1.0950
v 5.0000 2.7920 -1.0250
v 5.1250 2.7920 -1.0250
v 5.1250 2.8932 -1.0250
v 5.0000 2.8932 -1.0250
v 5.1250 2.7920 0.9310
v 5.2500 2.7920 0.9310
v 5.2500 2.8932 0.9310
v 5.1250 2.8932 0.9310
v 5.1250 2.7920 1.0010
v 5.2500 2.7920 1.0010
v 5.2500 2.8932 1.0010
v 5.1250 2.8932 1.0010
v 5.1250 2.7920 -1.0010
v 5.2500 2.7920 -1.0010
v 5.2500 2.8932 -1.0010
v 5.1250 2.8932 -1.0010
v 5.1250 2.7920 -0.9310
v 5.2500 2.7920 -0.9310
v 5.2500 2.8932 -0.9310
v 5.1250 2.8932 -0.9310
v 5.2500 2.7920 0.8160
v 5.3750 2.7920 0.8160
v 5.3750 2.8932 0.8160
v 5.2500 2.8932 0.8160
v 5.2500 2.7920 0.8860
v 5.3750 2.7920 0.8860
v 5.3750 2.8932 0.8860
v 5.2500 2.8932 0.8860
v 5.2500 2.7920 -0.8860
v 5.3750 2.7920 -0.8860
v 5.3750 2.8932 -0.8860
v 5.2500 2.8932 -0.8860
v 5.2500 2.7920 -0.8160
v 5.3750 2.7920 -0.8160
v 5.3750 2.8932 -0.8160
v 5.2500 2.8932 -0.8160
v 5.3750 2.7920 -0.7470
v 5.5000 2.7920 -0.7470
v 5.5000 2.8932 -0.7470
v 5.3750 2.8932 -0.7470
v 5.3750 2.7920 0.7470
v 5.5000 2.7920 0.7470
v 5.5000 2.8932 0.7470
v 5.3750 2.8932 0.7470
v 5.5000 2.7920 -0.5750
v 5.6250 2.7920 -0.5750
v 5.6250 2.8932 -0.5750
v 5.5000 2.8932 -0.5750
v 5.5000 2.7920 0.5750
v 5.6250 2.7920 0.5750
v 5.6250 2.8932 0.5750
v 5.5000 2.8932 0.5750
v 4.2500 2.8932 1.2440
v 4.3750 2.8932 1.2440
v 4.3750 2.9943 1.2440
v 4.2500 2.9943 1.2440
v 4.2500 2.8932 1.3140
v 4.3750 2.8932 1.3140
v 4.3750 2.9943 1.3140
v 4.2500 2.9943 1.3140
v 4.2500 2.8932 -1.3140
v 4.3750 2.8932 -1.3140
v 4.3750 2.9943 -1.3140
v 4.2500 2.9943 -1.3140
v 4.2500 2.8932 -1.2440
v 4.3750 2.8932 -1.2440
v 4.3750 2.9943 -1.2440
v 4.2500 2.9943 -1.2440
v 4.3750 2.8932 1.2290
v 4.5000 2.8932 1.2290
v 4.5000 2.9943 1.2290
v 4.3750 2.9943 1.2290
v 4.3750 2.8932 1.2790
v 4.5000 2.8932 1.2790
v 4.5000 2.9943 1.2790
v 4.3750 2.9943 1.2790
v 4.3750 2.8932 -1.2790
v 4.5000 2.8932 -1.2790
v 4.5000 2.9943 -1.2790
v 4.3750 2.9943 -1.2790
v 4.3750 2.8932 -1.2290
v 4.5000 2.8932 -1.2290
v 4.5000 2.9943 -1.2290
v 4.3750 2.9943 -1.2290
v 4.5000 2.8932 1.2020
v 4.6250 2.8932 1.2020
v 4.6250 2.9943 1.2020
v 4.5000 2.9943 1.2020
v 4.5000 2.8932 1.2520
v 4.6250 2.8932 1.2520
v 4.6250 2.9943 1.2520
v 4.5000 2.9943 1.2520
v 4.5000 2.8932 -1.2520
v 4.6250 2.8932 -1.2520
v 4.6250 2.9943 -1.2520
v 4.5000 2.9943 -1.2520
v 4.5000 2.8932 -1.2020
v 4.6250 2.8932 -1.2020
v 4.6250 2.9943 -1.2020
v 4.5000 2.9943 -1.2020
v 4.6250 2.8932 1.1600
v 4.7500 2.8932 1.1600
v 4.7500 2.9943 1.1600
v 4.6250 2.9943 1.1600
v 4.6250 2.8932 1.2100
v 4.7500 2.8932 1.2100
v 4.7500 2.9943 1.2100
v 4.6250 2.9943 1.2100
v 4.6250 2.8932 -1.2100
v 4.7500 2.8932 -1.2100
v 4.7500 2.9943 -1.2100
v 4.6250 2.9943 -1.2100
v 4.6250 2.8932 -1.1600
v 4.7500 2.8932 -1.1600
v 4.7500 2.9943 -1.1600
v 4.6250 2.9943 -1.1600
v 4.7500 2.8932 1.1020
v 4.8750 2.8932 1.1020
v 4.8750 2.9943 1.1020
v 4.7500 2.9943 1.1020
v 4.7500 2.8932 1.1720
v 4.8750 2.8932 1.1720
v 4.8750 2.9943 1.1720
v 4.7500 2.9943 1.1720
v 4.7500 2.8932 -1.1720
v 4.8750 2.8932 -1.1720
v 4.8750 2.9943 -1.1720
v 4.7500 2.9943 -1.1720
v 4.7500 2.8932 -1.1020
v 4.8750 2.8932 -1.1020
v 4.8750 2.9943 -1.1020
v 4.7500 2.9943 -1.1020
v 4.8750 2.8932 1.0250
v 5.0000 2.8932 1.0250
v 5.0000 2.9943 1.0250
v 4.8750 2.9943 1.0250
v 4.8750 2.8932 1.0950
v 5.0000 2.8932 1.0950
v 5.0000 2.9943 1.0950
v 4.8750 2.9943 1.0950
v 4.8750 2.8932 -1.0950
v 5.0000 2.8932 -1.0950
v 5.0000 2.9943 -1.0950
v 4.8750 2.9943 -1.0950
v 4.8750 2.8932 -1.0250
v 5.0000 2.8932 -1.0250
v 5.0000 2.9943 -1.0250
v 4.8750 2.9943 -1.0250
v 5.0000 2.8932 0.9280
v 5.1250 2.8932 0.9280
v 5.1250 2.9943 0.9280
v 5.0000 2.9943 0.9280
v 5.0000 2.8932 0.9980
v 5.1250 2.8932 0.9980
v 5.1250 2.9943 0.9980
v 5.0000 2.9943 0.9980
v 5.0000 2.8932 -0.9980
v 5.1250 2.8932 -0.9980
v 5.1250 2.9943 -0.9980
v 5.0000 2.9943 -0.9980
v 5.0000 2.8932 -0.9280
v 5.1250 2.8932 -0.9280
v 5.1250 2.9943 -0.9280
v 5.0000 2.9943 -0.9280
v 5.1250 2.8932 -0.8780
v 5.2500 2.8932 -0.8780
v 5.2500 2.9943 -0.8780
v 5.1250 2.9943 -0.8780
v 5.1250 2.8932 0.8780
v 5.2500 2.8932 0.8780
v 5.2500 2.9943 0.8780
v 5.1250 2.9943 0.8780
v 5.2500 2.8932 -0.7290
v 5.3750 2.8932 -0.7290
v 5.3750 2.9943 -0.7290
v 5.2500 2.9943 -0.7290
v 5.2500 2.8932 0.7290
v 5.3750 2.8932 0.7290
v 5.3750 2.9943 0.7290
v 5.2500 2.9943 0.7290
v 5.3750 2.8932 -0.5370
v 5.5000 2.8932 -0.5370
v 5.5000 2.9943 -0.5370
v 5.3750 2.9943 -0.5370
v 5.3750 2.8932 0.5370
v 5.5000 2.8932 0.5370
v 5.5000 2.9943 0.5370
v 5.3750 2.9943 0.5370
v -5.7500 2.9943 1.1570
v -5.5000 2.9943 1.1570
v -5.5000 3.0955 1.1570
v -5.7500 3.0955 1.1570
v -5.7500 2.9943 1.2270
v -5.5000 2.9943 1.2270
v -5.5000 3.0955 1.2270
v -5.7500 3.0955 1.2270
v -5.7500 2.9943 -1.2270
v -5.5000 2.9943 -1.2270
v -5.5000 3.0955 -1.2270
v -5.7500 3.0955 -1.2270
v -5.7500 2.9943 -1.1570
v -5.5000 2.9943 -1.1570
v -5.5000 3.0955 -1.1570
v -5.7500 3.0955 -1.1570
v -5.5000 2.9943 1.2170
v -5.3750 2.9943 1.2170
v -5.3750 3.0955 1.2170
v -5.5000 3.0955 1.2170
v -5.5000 2.9943 1.2870
v -5.3750 2.9943 1.2870
v -5.3750 3.0955 1.2870
v -5.5000 3.0955 1.2870
v -5.5000 2.9943 -1.2870
v -5.3750 2.9943 -1.2870
v -5.3750 3.0955 -1.2870
v -5.5000 3.0955 -1.2870
v -5.5000 2.9943 -1.2170
v -5.3750 2.9943 -1.2170
v -5.3750 3.0955 -1.2170
v -5.5000 3.0955 -1.2170
v -5.3750 2.9943 1.2120
v -5.2500 2.9943 1.2120
v -5.2500 3.0955 1.2120
v -5.3750 3.0955 1.2120
v -5.3750 2.9943 1.2820
v -5.2500 2.9943 1.2820
v -5.2500 3.0955 1.2820
v -5.3750 3.0955 1.2820
v -5.3750 2.9943 -1.2820
v -5.2500 2.9943 -1.2820
v -5.2500 3.0955 -1.2820
v -5.3750 3.0955 -1.2820
v -5.3750 2.9943 -1.2120
v -5.2500 2.9943 -1.2120
v -5.2500 3.0955 -1.2120
v -5.3750 3.0955 -1.2120
v -5.2500 2.9943 1.2470
v 4.1250 2.9943 1.2470
v 4.1250 3.0955 1.2470
v -5.2500 3.0955 1.2470
v -5.2500 2.9943 1.3170
v 4.1250 2.9943 1.3170
v 4.1250 3.0955 1.3170
v -5.2500 3.0955 1.3170
v -5.2500 2.9943 -1.3170
v 4.1250 2.9943 -1.3170
v 4.1250 3.0955 -1.3170
v -5.2500 3.0955 -1.3170
v -5.2500 2.9943 -1.2470
v 4.1250 2.9943 -1.2470
v 4.1250 3.0955 -1.2470
v -5.2500 3.0955 -1.2470
v 4.1250 2.9943 1.2290
v 4.2500 2.9943 1.2290
v 4.2500 3.0955 1.2290
v 4.1250 3.0955 1.2290
v 4.1250 2.9943 1.2990
v 4.2500 2.9943 1.2990
v 4.2500 3.0955 1.2990
v 4.1250 3.0955 1.2990
v 4.1250 2.9943 -1.2990
v 4.2500 2.9943 -1.2990
v 4.2500 3.0955 -1.2990
v 4.1250 3.0955 -1.2990
v 4.1250 2.9943 -1.2290
v 4.2500 2.9943 -1.2290
v 4.2500 3.0955 -1.2290
v 4.1250 3.0955 -1.2290
v 4.2500 2.9943 1.2140
v 4.3750 2.9943 1.2140
v 4.3750 3.0955 1.2140
v 4.2500 3.0955 1.2140
v 4.2500 2.9943 1.2840
v 4.3750 2.9943 1.2840
v 4.3750 3.0955 1.2840
v 4.2500 3.0955 1.2840
v 4.2500 2.9943 -1.2840
v 4.3750 2.9943 -1.2840
v 4.3750 3.0955 -1.2840
v 4.2500 3.0955 -1.2840
v 4.2500 2.9943 -1.2140
v 4.3750 2.9943 -1.2140
v 4.3750 3.0955 -1.2140
v 4.2500 3.0955 -1.2140
v 4.3750 2.9943 1.1860
v 4.5000 2.9943 1.1860
v 4.5000 3.0955 1.1860
v 4.3750 3.0955 1.1860
v 4.3750 2.9943 1.2560
v 4.5000 2.9943 1.2560
v 4.5000 3.0955 1.2560
v 4.3750 3.0955 1.2560
v 4.3750 2.9943 -1.2560
v 4.5000 2.9943 -1.2560
v 4.5000 3.0955 -1.2560
v 4.3750 3.0955 -1.2560
v 4.3750 2.9943 -1.1860
v 4.5000 2.9943 -1.1860
v 4.5000 3.0955 -1.1860
v 4.3750 3.0955 -1.1860
v 4.5000 2.9943 1.1430
v 4.6250 2.9943 1.1430
v 4.6250 3.0955 1.1430
v 4.5000 3.0955 1.1430
v 4.5000 2.9943 1.2130
v 4.6250 2.9943 1.2130
v 4.6250 3.0955 1.2130
v 4.5000 3.0955 1.2130
v 4.5000 2.9943 -1.2130
v 4.6250 2.9943 -1.2130
v 4.6250 3.0955 -1.2130
v 4.5000 3.0955 -1.2130
v 4.5000 2.9943 -1.1430
v 4.6250 2.9943 -1.1430
v 4.6250 3.0955 -1.1430
v 4.5000 3.0955 -1.1430
v 4.6250 2.9943 1.0830
v 4.7500 2.9943 1.0830
v 4.7500 3.0955 1.0830
v 4.6250 3.0955 1.0830
v 4.6250 2.9943 1.1530
v 4.7500 2.9943 1.1530
v 4.7500 3.0955 1.1530
v 4.6250 3.0955 1.1530
v 4.6250 2.9943 -1.1530
v 4.7500 2.9943 -1.1530
v 4.7500 3.0955 -1.1530
v 4.6250 3.0955 -1.1530
v 4.6250 2.9943 -1.0830
v 4.7500 2.9943 -1.0830
v 4.7500 3.0955 -1.0830
v 4.6250 3.0955 -1.0830
v 4.7500 2.9943 1.0040
v 4.8750 2.9943 1.0040
v 4.8750 3.0955 1.0040
v 4.7500 3.0955 1.0040
v 4.7500 2.9943 1.0740
v 4.8750 2.9943 1.0740
v 4.8750 3.0955 1.0740
v 4.7500 3.0955 1.0740
v 4.7500 2.9943 -1.0740
v 4.8750 2.9943 -1.0740
v 4.8750 3.0955 -1.0740
v 4.7500 3.0955 -1.0740
v 4.7500 2.9943 -1.0040
v 4.8750 2.9943 -1.0040
v 4.8750 3.0955 -1.0040
v 4.7500 3.0955 -1.0040
v 4.8750 2.9943 0.9030
v 5.0000 2.9943 0.9030
v 5.0000 3.0955 0.9030
v 4.8750 3.0955 0.9030
v 4.8750 2.9943 0.9730
v 5.0000 2.9943 0.9730
v 5.0000 3.0955 0.9730
v 4.8750 3.0955 0.9730
v 4.8750 2.9943 -0.9730
v 5.0000 2.9943 -0.9730
v 5.0000 3.0955 -0.9730
v 4.8750 3.0955 -0.9730
v 4.8750 2.9943 -0.9030
v 5.0000 2.9943 -0.9030
v 5.0000 3.0955 -0.9030
v 4.8750 3.0955 -0.9030
v 5.0000 2.9943 -0.8450
v 5.1250 2.9943 -0.8450
v 5.1250 3.0955 -0.8450
v 5.0000 3.0955 -0.8450
v 5.0000 2.9943 0.8450
v 5.1250 2.9943 0.8450
v 5.1250 3.0955 0.8450
v 5.0000 3.0955 0.8450
v 5.1250 2.9943 -0.6820
v 5.2500 2.9943 -0.6820
v 5.2500 3.0955 -0.6820
v 5.1250 3.0955 -0.6820
v 5.1250 2.9943 0.6820
v 5.2500 2.9943 0.6820
v 5.2500 3.0955 0.6820
v 5.1250 3.0955 0.6820
v 5.2500 2.9943 -0.4590
v 5.3750 2.9943 -0.4590
v 5.3750 3.0955 -0.4590
v 5.2500 3.0955 -0.4590
v 5.2500 2.9943 0.4590
v 5.3750 2.9943 0.4590
v 5.3750 3.0955 0.4590
v 5.2500 3.0955 0.4590
v -5.7500 3.0955 1.1300
v -5.5000 3.0955 1.1300
v -5.5000 3.1966 1.1300
v -5.7500 3.1966 1.1300
v -5.7500 3.0955 1.2000
v -5.5000 3.0955 1.2000
v -5.5000 3.1966 1.2000
v -5.7500 3.1966 1.2000
v -5.7500 3.0955 -1.2000
v -5.5000 3.0955 -1.2000
v -5.5000 3.1966 -1.2000
v -5.7500 3.1966 -1.2000
v -5.7500 3.0955 -1.1300
v -5.5000 3.0955 -1.1300
v -5.5000 3.1966 -1.1300
v -5.7500 3.1966 -1.1300
v -5.5000 3.0955 1.1900
v -5.3750 3.0955 1.1900
v -5.3750 3.1966 1.1900
v -5.5000 3.1966 1.1900
v -5.5000 3.0955 1.2600
v -5.3750 3.0955 1.2600
v -5.3750 3.1966 1.2600
v -5.5000 3.1966 1.2600
v -5.5000 3.0955 -1.2600
v -5.3750 3.0955 -1.2600
v -5.3750 3.1966 -1.2600
v -5.5000 3.1966 -1.2600
v -5.5000 3.0955 -1.1900
v -5.3750 3.0955 -1.1900
v -5.3750 3.1966 -1.1900
v -5.5000 3.1966 -1.1900
v -5.3750 3.0955 1.1850
v -5.2500 3.0955 1.1850
v -5.2500 3.1966 1.1850
v -5.3750 3.1966 1.1850
v -5.3750 3.0955 1.2550
v -5.2500 3.0955 1.2550
v -5.2500 3.1966 1.2550
v -5.3750 3.1966 1.2550
v -5.3750 3.0955 -1.2550
v -5.2500 3.0955 -1.2550
v -5.2500 3.1966 -1.2550
v -5.3750 3.1966 -1.2550
v -5.3750 3.0955 -1.1850
v -5.2500 3.0955 -1.1850
v -5.2500 3.1966 -1.1850
v -5.3750 3.1966 -1.1850
v -5.2500 3.0955 1.2200
v 4.1250 3.0955 1.2200
v 4.1250 3.1966 1.2200
v -5.2500 3.1966 1.2200
v -5.2500 3.0955 1.2900
v 4.1250 3.0955 1.2900
v 4.1250 3.1966 1.2900
v -5.2500 3.1966 1.2900
v -5.2500 3.0955 -1.2900
v 4.1250 3.0955 -1.2900
v 4.1250 3.1966 -1.2900
v -5.2500 3.1966 -1.2900
v -5.2500 3.0955 -1.2200
v 4.1250 3.0955 -1.2200
v 4.1250 3.1966 -1.2200
v -5.2500 3.1966 -1.2200
v 4.1250 3.0955 1.1460
v 4.2500 3.0955 1.1460
v 4.2500 3.1966 1.1460
v 4.1250 3.1966 1.1460
v 4.1250 3.0955 1.2160
v 4.2500 3.0955 1.2160
v 4.2500 3.1966 1.2160
v 4.1250 3.1966 1.2160
v 4.1250 3.0955 -1.2160
v 4.2500 3.0955 -1.2160
v 4.2500 3.1966 -1.2160
v 4.1250 3.1966 -1.2160
v 4.1250 3.0955 -1.1460
v 4.2500 3.0955 -1.1460
v 4.2500 3.1966 -1.1460
v 4.1250 3.1966 -1.1460
v 4.2500 3.0955 1.1220
v 4.3750 3.0955 1.1220
v 4.3750 3.1966 1.1220
v 4.2500 3.1966 1.1220
v 4.2500 3.0955 1.1920
v 4.3750 3.0955 1.1920
v 4.3750 3.1966 1.1920
v 4.2500 3.1966 1.1920
v 4.2500 3.0955 -1.1920
v 4.3750 3.0955 -1.1920
v 4.3750 3.1966 -1.1920
v 4.2500 3.1966 -1.1920
v 4.2500 3.0955 -1.1220
v 4.3750 3.0955 -1.1220
v 4.3750 3.1966 -1.1220
v 4.2500 3.1966 -1.1220
v 4.3750 3.0955 1.0800
v 4.5000 3.0955 1.0800
v 4.5000 3.1966 1.0800
v 4.3750 3.1966 1.0800
v 4.3750 3.0955 1.1500
v 4.5000 3.0955 1.1500
v 4.5000 3.1966 1.1500
v 4.3750 3.1966 1.1500
v 4.3750 3.0955 -1.1500
v 4.5000 3.0955 -1.1500
v 4.5000 3.1966 -1.1500
v 4.3750 3.1966 -1.1500
v 4.3750 3.0955 -1.0800
v 4.5000 3.0955 -1.0800
v 4.5000 3.1966 -1.0800
v 4.3750 3.1966 -1.0800
v 4.5000 3.0955 1.0200
v 4.6250 3.0955 1.0200
v 4.6250 3.1966 1.0200
v 4.5000 3.1966 1.0200
v 4.5000 3.0955 1.0900
v 4.6250 3.0955 1.0900
v 4.6250 3.1966 1.0900
v 4.5000 3.1966 1.0900
v 4.5000 3.0955 -1.0900
v 4.6250 3.0955 -1.0900
v 4.6250 3.1966 -1.0900
v 4.5000 3.1966 -1.0900
v 4.5000 3.0955 -1.0200
v 4.6250 3.0955 -1.0200
v 4.6250 3.1966 -1.0200
v 4.5000 3.1966 -1.0200
v 4.6250 3.0955 0.9390
v 4.7500 3.0955 0.9390
v 4.7500 3.1966 0.9390
v 4.6250 3.1966 0.9390
v 4.6250 3.0955 1.0090
v 4.7500 3.0955 1.0090
v 4.7500 3.1966 1.0090
v 4.6250 3.1966 1.0090
v 4.6250 3.0955 -1.0090
v 4.7500 3.0955 -1.0090
v 4.7500 3.1966 -1.0090
v 4.6250 3.1966 -1.0090
v 4.6250 3.0955 -0.9390
v 4.7500 3.0955 -0.9390
v 4.7500 3.1966 -0.9390
v 4.6250 3.1966 -0.9390
v 4.7500 3.0955 -0.9040
v 4.8750 3.0955 -0.9040
v 4.8750 3.1966 -0.9040
v 4.7500 3.1966 -0.9040
v 4.7500 3.0955 0.9040
v 4.8750 3.0955 0.9040
v 4.8750 3.1966 0.9040
v 4.7500 3.1966 0.9040
v 4.8750 3.0955 -0.7690
v 5.0000 3.0955 -0.7690
v 5.0000 3.1966 -0.7690
v 4.8750 3.1966 -0.7690
v 4.8750 3.0955 0.7690
v 5.0000 3.0955 0.7690
v 5.0000 3.1966 0.7690
v 4.8750 3.1966 0.7690
v 5.0000 3.0955 -0.5870
v 5.1250 3.0955 -0.5870
v 5.1250 3.1966 -0.5870
v 5.0000 3.1966 -0.5870
v 5.0000 3.0955 0.5870
v 5.1250 3.0955 0.5870
v 5.1250 3.1966 0.5870
v 5.0000 3.1966 0.5870
v -5.7500 3.1966 1.0740
v -5.5000 3.1966 1.0740
v -5.5000 3.2977 1.0740
v -5.7500 3.2977 1.0740
v -5.7500 3.1966 1.1440
v -5.5000 3.1966 1.1440
v -5.5000 3.2977 1.1440
v -5.7500 3.2977 1.1440
v -5.7500 3.1966 -1.1440
v -5.5000 3.1966 -1.1440
v -5.5000 3.2977 -1.1440
v -5.7500 3.2977 -1.1440
v -5.7500 3.1966 -1.0740
v -5.5000 3.1966 -1.0740
v -5.5000 3.2977 -1.0740
v -5.7500 3.2977 -1.0740
v -5.5000 3.1966 1.1340
v -5.3750 3.1966 1.1340
v -5.3750 3.2977 1.1340
v -5.5000 3.2977 1.1340
v -5.5000 3.1966 1.2040
v -5.3750 3.1966 1.2040
v -5.3750 3.2977 1.2040
v -5.5000 3.2977 1.2040
v -5.5000 3.1966 -1.2040
v -5.3750 3.1966 -1.2040
v -5.3750 3.2977 -1.2040
v -5.5000 3.2977 -1.2040
v -5.5000 3.1966 -1.1340
v -5.3750 3.1966 -1.1340
v -5.3750 3.2977 -1.1340
v -5.5000 3.2977 -1.1340
v -5.3750 3.1966 1.1290
v -5.2500 3.1966 1.1290
v -5.2500 3.2977 1.1290
v -5.3750 3.2977 1.1290
v -5.3750 3.1966 1.1990
v -5.2500 3.1966 1.1990
v -5.2500 3.2977 1.1990
v -5.3750 3.2977 1.1990
v -5.3750 3.1966 -1.1990
v -5.2500 3.1966 -1.1990
v -5.2500 3.2977 -1.1990
v -5.3750 3.2977 -1.1990
v -5.3750 3.1966 -1.1290
v -5.2500 3.1966 -1.1290
v -5.2500 3.2977 -1.1290
v -5.3750 3.2977 -1.1290
v -5.2500 3.1966 1.1640
v 4.1250 3.1966 1.1640
v 4.1250 3.2977 1.1640
v -5.2500 3.2977 1.1640
v -5.2500 3.1966 1.2340
v 4.1250 3.1966 1.2340
v 4.1250 3.2977 1.2340
v -5.2500 3.2977 1.2340
v -5.2500 3.1966 -1.2340
v 4.1250 3.1966 -1.2340
v 4.1250 3.2977 -1.2340
v -5.2500 3.2977 -1.2340
v -5.2500 3.1966 -1.1640
v 4.1250 3.1966 -1.1640
v 4.1250 3.2977 -1.1640
v -5.2500 3.2977 -1.1640
v 4.1250 3.1966 0.9980
v 4.2500 3.1966 0.9980
v 4.2500 3.2977 0.9980
v 4.1250 3.2977 0.9980
v 4.1250 3.1966 1.0680
v 4.2500 3.1966 1.0680
v 4.2500 3.2977 1.0680
v 4.1250 3.2977 1.0680
v 4.1250 3.1966 -1.0680
v 4.2500 3.1966 -1.0680
v 4.2500 3.2977 -1.0680
v 4.1250 3.2977 -1.0680
v 4.1250 3.1966 -0.9980
v 4.2500 3.1966 -0.9980
v 4.2500 3.2977 -0.9980
v 4.1250 3.2977 -0.9980
v 4.2500 3.1966 0.9630
v 4.3750 3.1966 0.9630
v 4.3750 3.2977 0.9630
v 4.2500 3.2977 0.9630
v 4.2500 3.1966 1.0330
v 4.3750 3.1966 1.0330
v 4.3750 3.2977 1.0330
v 4.2500 3.2977 1.0330
v 4.2500 3.1966 -1.0330
v 4.3750 3.1966 -1.0330
v 4.3750 3.2977 -1.0330
v 4.2500 3.2977 -1.0330
v 4.2500 3.1966 -0.9630
v 4.3750 3.1966 -0.9630
v 4.3750 3.2977 -0.9630
v 4.2500 3.2977 -0.9630
v 4.3750 3.1966 0.9060
v 4.5000 3.1966 0.9060
v 4.5000 3.2977 0.9060
v 4.3750 3.2977 0.9060
v 4.3750 3.1966 0.9760
v 4.5000 3.1966 0.9760
v 4.5000 3.2977 0.9760
v 4.3750 3.2977 0.9760
v 4.3750 3.1966 -0.9760
v 4.5000 3.1966 -0.9760
v 4.5000 3.2977 -0.9760
v 4.3750 3.2977 -0.9760
v 4.3750 3.1966 -0.9060
v 4.5000 3.1966 -0.9060
v 4.5000 3.2977 -0.9060
v 4.3750 3.2977 -0.9060
v 4.5000 3.1966 -0.8950
v 4.6250 3.1966 -0.8950
v 4.6250 3.2977 -0.8950
v 4.5000 3.2977 -0.8950
v 4.5000 3.1966 0.8950
v 4.6250 3.1966 0.8950
v 4.6250 3.2977 0.8950
v 4.5000 3.2977 0.8950
v 4.6250 3.1966 -0.7860
v 4.7500 3.1966 -0.7860
v 4.7500 3.2977 -0.7860
v 4.6250 3.2977 -0.7860
v 4.6250 3.1966 0.7860
v 4.7500 3.1966 0.7860
v 4.7500 3.2977 0.7860
v 4.6250 3.2977 0.7860
v 4.7500 3.1966 -0.6390
v 4.8750 3.1966 -0.6390
v 4.8750 3.2977 -0.6390
v 4.7500 3.2977 -0.6390
v 4.7500 3.1966 0.6390
v 4.8750 3.1966 0.6390
v 4.8750 3.2977 0.6390
v 4.7500 3.2977 0.6390
v -5.7500 3.2977 -1.0600
v -5.5000 3.2977 -1.0600
v -5.5000 3.3989 -1.0600
v -5.7500 3.3989 -1.0600
v -5.7500 3.2977 1.0600
v -5.5000 3.2977 1.0600
v -5.5000 3.3989 1.0600
v -5.7500 3.3989 1.0600
v -5.5000 3.2977 -1.1200
v -5.3750 3.2977 -1.1200
v -5.3750 3.3989 -1.1200
v -5.5000 3.3989 -1.1200
v -5.5000 3.2977 1.1200
v -5.3750 3.2977 1.1200
v -5.3750 3.3989 1.1200
v -5.5000 3.3989 1.1200
v -5.3750 3.2977 -1.1150
v -5.2500 3.2977 -1.1150
v -5.2500 3.3989 -1.1150
v -5.3750 3.3989 -1.1150
v -5.3750 3.2977 1.1150
v -5.2500 3.2977 1.1150
v -5.2500 3.3989 1.1150
v -5.3750 3.3989 1.1150
v -5.2500 3.2977 -1.1500
v -2.0000 3.2977 -1.1500
v -2.0000 3.3989 -1.1500
v -5.2500 3.3989 -1.1500
v -5.2500 3.2977 1.1500
v -2.0000 3.2977 1.1500
v -2.0000 3.3989 1.1500
v -5.2500 3.3989 1.1500
v -2.0000 3.2977 -1.1500
v -0.5000 3.2977 -1.1500
v -0.5000 3.3989 -1.1500
v -2.0000 3.3989 -1.1500
v -2.0000 3.2977 1.1500
v -0.5000 3.2977 1.1500
v -0.5000 3.3989 1.1500
v -2.0000 3.3989 1.1500
v -0.5000 3.2977 -1.1500
v 4.1250 3.2977 -1.1500
v 4.1250 3.3989 -1.1500
v -0.5000 3.3989 -1.1500
v -0.5000 3.2977 1.1500
v 4.1250 3.2977 1.1500
v 4.1250 3.3989 1.1500
v -0.5000 3.3989 1.1500
v 4.1250 3.2977 -0.8540
v 4.2500 3.2977 -0.8540
v 4.2500 3.3989 -0.8540
v 4.1250 3.3989 -0.8540
v 4.1250 3.2977 0.8540
v 4.2500 3.2977 0.8540
v 4.2500 3.3989 0.8540
v 4.1250 3.3989 0.8540
v 4.2500 3.2977 -0.8060
v 4.3750 3.2977 -0.8060
v 4.3750 3.3989 -0.8060
v 4.2500 3.3989 -0.8060
v 4.2500 3.2977 0.8060
v 4.3750 3.2977 0.8060
v 4.3750 3.3989 0.8060
v 4.2500 3.3989 0.8060
v 4.3750 3.2977 -0.7260
v 4.5000 3.2977 -0.7260
v 4.5000 3.3989 -0.7260
v 4.3750 3.3989 -0.7260
v 4.3750 3.2977 0.7260
v 4.5000 3.2977 0.7260
v 4.5000 3.3989 0.7260
v 4.3750 3.3989 0.7260
v 4.5000 3.2977 -0.6120
v 4.6250 3.2977 -0.6120
v 4.6250 3.3989 -0.6120
v 4.5000 3.3989 -0.6120
v 4.5000 3.2977 0.6120
v 4.6250 3.2977 0.6120
v 4.6250 3.3989 0.6120
v 4.5000 3.3989 0.6120
v -5.7500 3.3989 -0.9470
v -5.5000 3.3989 -0.9470
v -5.5000 3.5000 -0.9470
v -5.7500 3.5000 -0.9470
v -5.7500 3.3989 0.9470
v -5.5000 3.3989 0.9470
v -5.5000 3.5000 0.9470
v -5.7500 3.5000 0.9470
v -5.5000 3.3989 -1.0070
v -5.3750 3.3989 -1.0070
v -5.3750 3.5000 -1.0070
v -5.5000 3.5000 -1.0070
v -5.5000 3.3989 1.0070
v -5.3750 3.3989 1.0070
v -5.3750 3.5000 1.0070
v -5.5000 3.5000 1.0070
v -5.3750 3.3989 -1.0020
v -5.2500 3.3989 -1.0020
v -5.2500 3.5000 -1.0020
v -5.3750 3.5000 -1.0020
v -5.3750 3.3989 1.0020
v -5.2500 3.3989 1.0020
v -5.2500 3.5000 1.0020
v -5.3750 3.5000 1.0020
v -5.2500 3.3989 -1.0370
v -2.0000 3.3989 -1.0370
v -2.0000 3.5000 -1.0370
v -5.2500 3.5000 -1.0370
v -5.2500 3.3989 1.0370
v -2.0000 3.3989 1.0370
v -2.0000 3.5000 1.0370
v -5.2500 3.5000 1.0370
v -2.0000 3.3989 -1.0370
v -0.5000 3.3989 -1.0370
v -0.5000 3.5000 -1.0370
v -2.0000 3.5000 -1.0370
v -2.0000 3.3989 1.0370
v -0.5000 3.3989 1.0370
v -0.5000 3.5000 1.0370
v -2.0000 3.5000 1.0370
v -0.5000 3.3989 -1.0370
v 4.1250 3.3989 -1.0370
v 4.1250 3.5000 -1.0370
v -0.5000 3.5000 -1.0370
v -0.5000 3.3989 1.0370
v 4.1250 3.3989 1.0370
v 4.1250 3.5000 1.0370
v -0.5000 3.5000 1.0370
v 4.1250 3.3989 -0.5650
v 4.2500 3.3989 -0.5650
v 4.2500 3.5000 -0.5650
v 4.1250 3.5000 -0.5650
v 4.1250 3.3989 0.5650
v 4.2500 3.3989 0.5650
v 4.2500 3.5000 0.5650
v 4.1250 3.5000 0.5650
v 4.2500 3.3989 -0.4910
v 4.3750 3.3989 -0.4910
v 4.3750 3.5000 -0.4910
v 4.2500 3.5000 -0.4910
v 4.2500 3.3989 0.4910
v 4.3750 3.3989 0.4910
v 4.3750 3.5000 0.4910
v 4.2500 3.5000 0.4910
v -5.4500 0.7300 -1.2000
v 3.9500 0.7300 -1.2000
v 3.9500 0.8500 -1.2000
v -5.4500 0.8500 -1.2000
v -5.4500 0.7300 1.2000
v 3.9500 0.7300 1.2000
v 3.9500 0.8500 1.2000
v -5.4500 0.8500 1.2000
v -5.9000 -0.8000 0.6200
v -5.7500 -0.8000 0.6200
v -5.7500 -0.7005 0.6200
v -5.9000 -0.7005 0.6200
v -5.9000 -0.8000 1.0230
v -5.7500 -0.8000 1.0230
v -5.7500 -0.7005 1.0230
v -5.9000 -0.7005 1.0230
v -5.9000 -0.8000 -1.0230
v -5.7500 -0.8000 -1.0230
v -5.7500 -0.7005 -1.0230
v -5.9000 -0.7005 -1.0230
v -5.9000 -0.8000 -0.6200
v -5.7500 -0.8000 -0.6200
v -5.7500 -0.7005 -0.6200
v -5.9000 -0.7005 -0.6200
v -5.9000 -0.7005 0.6200
v -5.7500 -0.7005 0.6200
v -5.7500 -0.6010 0.6200
v -5.9000 -0.6010 0.6200
v -5.9000 -0.7005 1.0490
v -5.7500 -0.7005 1.0490
v -5.7500 -0.6010 1.0490
v -5.9000 -0.6010 1.0490
v -5.9000 -0.7005 -1.0490
v -5.7500 -0.7005 -1.0490
v -5.7500 -0.6010 -1.0490
v -5.9000 -0.6010 -1.0490
v -5.9000 -0.7005 -0.6200
v -5.7500 -0.7005 -0.6200
v -5.7500 -0.6010 -0.6200
v -5.9000 -0.6010 -0.6200
v -5.9000 -0.6010 0.6200
v -5.7500 -0.6010 0.6200
v -5.7500 -0.5014 0.6200
v -5.9000 -0.5014 0.6200
v -5.9000 -0.6010 1.0750
v -5.7500 -0.6010 1.0750
v -5.7500 -0.5014 1.0750
v -5.9000 -0.5014 1.0750
v -5.9000 -0.6010 -1.0750
v -5.7500 -0.6010 -1.0750
v -5.7500 -0.5014 -1.0750
v -5.9000 -0.5014 -1.0750
v -5.9000 -0.6010 -0.6200
v -5.7500 -0.6010 -0.6200
v -5.7500 -0.5014 -0.6200
v -5.9000 -0.5014 -0.6200
v -5.9000 -0.5014 0.6200
v -5.7500 -0.5014 0.6200
v -5.7500 -0.4019 0.6200
v -5.9000 -0.4019 0.6200
v -5.9000 -0.5014 1.1010
v -5.7500 -0.5014 1.1010
v -5.7500 -0.4019 1.1010
v -5.9000 -0.4019 1.1010
v -5.9000 -0.5014 -1.1010
v -5.7500 -0.5014 -1.1010
v -5.7500 -0.4019 -1.1010
v -5.9000 -0.4019 -1.1010
v -5.9000 -0.5014 -0.6200
v -5.7500 -0.5014 -0.6200
v -5.7500 -0.4019 -0.6200
v -5.9000 -0.4019 -0.6200
v -5.9000 -0.4019 0.6200
v -5.7500 -0.4019 0.6200
v -5.7500 -0.3024 0.6200
v -5.9000 -0.3024 0.6200
v -5.9000 -0.4019 1.1270
v -5.7500 -0.4019 1.1270
v -5.7500 -0.3024 1.1270
v -5.9000 -0.3024 1.1270
v -5.9000 -0.4019 -1.1270
v -5.7500 -0.4019 -1.1270
v -5.7500 -0.3024 -1.1270
v -5.9000 -0.3024 -1.1270
v -5.9000 -0.4019 -0.6200
v -5.7500 -0.4019 -0.6200
v -5.7500 -0.3024 -0.6200
v -5.9000 -0.3024 -0.6200
v -5.9000 -0.3024 0.6200
v -5.7500 -0.3024 0.6200
v -5.7500 -0.2029 0.6200
v -5.9000 -0.2029 0.6200
v -5.9000 -0.3024 1.1540
v -5.7500 -0.3024 1.1540
v -5.7500 -0.2029 1.1540
v -5.9000 -0.2029 1.1540
v -5.9000 -0.3024 -1.1540
v -5.7500 -0.3024 -1.1540
v -5.7500 -0.2029 -1.1540
v -5.9000 -0.2029 -1.1540
v -5.9000 -0.3024 -0.6200
v -5.7500 -0.3024 -0.6200
v -5.7500 -0.2029 -0.6200
v -5.9000 -0.2029 -0.6200
v -5.9000 -0.2029 0.6200
v -5.7500 -0.2029 0.6200
v -5.7500 -0.1033 0.6200
v -5.9000 -0.1033 0.6200
v -5.9000 -0.2029 1.1800
v -5.7500 -0.2029 1.1800
v -5.7500 -0.1033 1.1800
v -5.9000 -0.1033 1.1800
v -5.9000 -0.2029 -1.1800
v -5.7500 -0.2029 -1.1800
v -5.7500 -0.1033 -1.1800
v -5.9000 -0.1033 -1.1800
v -5.9000 -0.2029 -0.6200
v -5.7500 -0.2029 -0.6200
v -5.7500 -0.1033 -0.6200
v -5.9000 -0.1033 -0.6200
v -5.9000 -0.1033 0.6200
v -5.7500 -0.1033 0.6200
v -5.7500 -0.0038 0.6200
v -5.9000 -0.0038 0.6200
v -5.9000 -0.1033 1.2060
v -5.7500 -0.1033 1.2060
v -5.7500 -0.0038 1.2060
v -5.9000 -0.0038 1.2060
v -5.9000 -0.1033 -1.2060
v -5.7500 -0.1033 -1.2060
v -5.7500 -0.0038 -1.2060
v -5.9000 -0.0038 -1.2060
v -5.9000 -0.1033 -0.6200
v -5.7500 -0.1033 -0.6200
v -5.7500 -0.0038 -0.6200
v -5.9000 -0.0038 -0.6200
v -5.9000 -0.0038 0.6200
v -5.7500 -0.0038 0.6200
v -5.7500 0.7924 0.6200
v -5.9000 0.7924 0.6200
v -5.9000 -0.0038 1.2200
v -5.7500 -0.0038 1.2200
v -5.7500 0.7924 1.2200
v -5.9000 0.7924 1.2200
v -5.9000 -0.0038 -1.2200
v -5.7500 -0.0038 -1.2200
v -5.7500 0.7924 -1.2200
v -5.9000 0.7924 -1.2200
v -5.9000 -0.0038 -0.6200
v -5.7500 -0.0038 -0.6200
v -5.7500 0.7924 -0.6200
v -5.9000 0.7924 -0.6200
v -5.9000 0.7924 0.5800
v -5.7500 0.7924 0.5800
v -5.7500 2.9819 0.5800
v -5.9000 2.9819 0.5800
v -5.9000 0.7924 1.2200
v -5.7500 0.7924 1.2200
v -5.7500 2.9819 1.2200
v -5.9000 2.9819 1.2200
v -5.9000 0.7924 -1.2200
v -5.7500 0.7924 -1.2200
v -5.7500 2.9819 -1.2200
v -5.9000 2.9819 -1.2200
v -5.9000 0.7924 -0.5800
v -5.7500 0.7924 -0.5800
v -5.7500 2.9819 -0.5800
v -5.9000 2.9819 -0.5800
v -5.9000 2.9819 -1.2190
v -5.7500 2.9819 -1.2190
v -5.7500 3.0814 -1.2190
v -5.9000 3.0814 -1.2190
v -5.9000 2.9819 1.2190
v -5.7500 2.9819 1.2190
v -5.7500 3.0814 1.2190
v -5.9000 3.0814 1.2190
v -5.9000 3.0814 -1.1960
v -5.7500 3.0814 -1.1960
v -5.7500 3.1810 -1.1960
v -5.9000 3.1810 -1.1960
v -5.9000 3.0814 1.1960
v -5.7500 3.0814 1.1960
v -5.7500 3.1810 1.1960
v -5.9000 3.1810 1.1960
v -5.9000 3.1810 -1.1450
v -5.7500 3.1810 -1.1450
v -5.7500 3.2805 -1.1450
v -5.9000 3.2805 -1.1450
v -5.9000 3.1810 1.1450
v -5.7500 3.1810 1.1450
v -5.7500 3.2805 1.1450
v -5.9000 3.2805 1.1450
v -5.9000 3.2805 -1.0670
v -5.7500 3.2805 -1.0670
v -5.7500 3.3800 -1.0670
v -5.9000 3.3800 -1.0670
v -5.9000 3.2805 1.0670
v -5.7500 3.2805 1.0670
v -5.7500 3.3800 1.0670
v -5.9000 3.3800 1.0670
v -5.9100 0.8200 -0.5600
v -5.6300 0.8200 -0.5600
v -5.6300 0.8500 -0.5600
v -5.9100 0.8500 -0.5600
v -5.9100 0.8200 0.5600
v -5.6300 0.8200 0.5600
v -5.6300 0.8500 0.5600
v -5.9100 0.8500 0.5600
v -5.6500 0.8200 -1.2500
v 5.0300 0.8200 -1.2500
v 5.0300 0.8500 -1.2500
v -5.6500 0.8500 -1.2500
v -5.6500 0.8200 1.2500
v 5.0300 0.8200 1.2500
v 5.0300 0.8500 1.2500
v -5.6500 0.8500 1.2500
v -5.9100 0.8300 -0.5600
v -5.6300 0.8300 -0.5600
v -5.6300 0.8550 -0.5600
v -5.9100 0.8550 -0.5600
v -5.9100 0.8300 0.5600
v -5.6300 0.8300 0.5600
v -5.6300 0.8550 0.5600
v -5.9100 0.8550 0.5600
v 2.3500 0.6200 -0.5800
v 4.8500 0.6200 -0.5800
v 4.8500 0.8200 -0.5800
v 2.3500 0.8200 -0.5800
v 2.3500 0.6200 0.5800
v 4.8500 0.6200 0.5800
v 4.8500 0.8200 0.5800
v 2.3500 0.8200 0.5800
v 2.3500 -0.8500 0.5000
v 4.8500 -0.8500 0.5000
v 4.8500 0.6200 0.5000
v 2.3500 0.6200 0.5000
v 2.3500 -0.8500 0.5800
v 4.8500 -0.8500 0.5800
v 4.8500 0.6200 0.5800
v 2.3500 0.6200 0.5800
v 2.3500 -0.8500 -0.5800
v 4.8500 -0.8500 -0.5800
v 4.8500 0.6200 -0.5800
v 2.3500 0.6200 -0.5800
v 2.3500 -0.8500 -0.5000
v 4.8500 -0.8500 -0.5000
v 4.8500 0.6200 -0.5000
v 2.3500 0.6200 -0.5000
v 2.4700 -0.4200 0.4000
v 3.0300 -0.4200 0.4000
v 3.0300 -0.1400 0.4000
v 2.4700 -0.1400 0.4000
v 2.4700 -0.4200 0.5000
v 3.0300 -0.4200 0.5000
v 3.0300 -0.1400 0.5000
v 2.4700 -0.1400 0.5000
v 2.4700 -0.4200 -0.5000
v 3.0300 -0.4200 -0.5000
v 3.0300 -0.1400 -0.5000
v 2.4700 -0.1400 -0.5000
v 2.4700 -0.4200 -0.4000
v 3.0300 -0.4200 -0.4000
v 3.0300 -0.1400 -0.4000
v 2.4700 -0.1400 -0.4000
v 2.5300 -0.8200 0.4000
v 2.9700 -0.8200 0.4000
v 2.9700 -0.6000 0.4000
v 2.5300 -0.6000 0.4000
v 2.5300 -0.8200 0.5000
v 2.9700 -0.8200 0.5000
v 2.9700 -0.6000 0.5000
v 2.5300 -0.6000 0.5000
v 2.5300 -0.8200 -0.5000
v 2.9700 -0.8200 -0.5000
v 2.9700 -0.6000 -0.5000
v 2.5300 -0.6000 -0.5000
v 2.5300 -0.8200 -0.4000
v 2.9700 -0.8200 -0.4000
v 2.9700 -0.6000 -0.4000
v 2.5300 -0.6000 -0.4000
v 4.1700 -0.4200 0.4000
v 4.7300 -0.4200 0.4000
v 4.7300 -0.1400 0.4000
v 4.1700 -0.1400 0.4000
v 4.1700 -0.4200 0.5000
v 4.7300 -0.4200 0.5000
v 4.7300 -0.1400 0.5000
v 4.1700 -0.1400 0.5000
v 4.1700 -0.4200 -0.5000
v 4.7300 -0.4200 -0.5000
v 4.7300 -0.1400 -0.5000
v 4.1700 -0.1400 -0.5000
v 4.1700 -0.4200 -0.4000
v 4.7300 -0.4200 -0.4000
v 4.7300 -0.1400 -0.4000
v 4.1700 -0.1400 -0.4000
v 4.2300 -0.8200 0.4000
v 4.6700 -0.8200 0.4000
v 4.6700 -0.6000 0.4000
v 4.2300 -0.6000 0.4000
v 4.2300 -0.8200 0.5000
v 4.6700 -0.8200 0.5000
v 4.6700 -0.6000 0.5000
v 4.2300 -0.6000 0.5000
v 4.2300 -0.8200 -0.5000
v 4.6700 -0.8200 -0.5000
v 4.6700 -0.6000 -0.5000
v 4.2300 -0.6000 -0.5000
v 4.2300 -0.8200 -0.4000
v 4.6700 -0.8200 -0.4000
v 4.6700 -0.6000 -0.4000
v 4.2300 -0.6000 -0.4000
v 3.7000 0.1910 -0.3000
v 4.6000 0.1910 -0.3000
v 4.6000 0.5690 -0.3000
v 3.7000 0.5690 -0.3000
v 3.7000 0.1910 0.3000
v 4.6000 0.1910 0.3000
v 4.6000 0.5690 0.3000
v 3.7000 0.5690 0.3000
v 3.9610 -0.0700 -0.3000
v 4.3390 -0.0700 -0.3000
v 4.3390 0.8300 -0.3000
v 3.9610 0.8300 -0.3000
v 3.9610 -0.0700 0.3000
v 4.3390 -0.0700 0.3000
v 4.3390 0.8300 0.3000
v 3.9610 0.8300 0.3000
v 3.7990 0.0290 -0.3000
v 4.5010 0.0290 -0.3000
v 4.5010 0.7310 -0.3000
v 3.7990 0.7310 -0.3000
v 3.7990 0.0290 0.3000
v 4.5010 0.0290 0.3000
v 4.5010 0.7310 0.3000
v 3.7990 0.7310 0.3000
v 3.9925 0.2225 -0.3900
v 4.3075 0.2225 -0.3900
v 4.3075 0.5375 -0.3900
v 3.9925 0.5375 -0.3900
v 3.9925 0.2225 0.3900
v 4.3075 0.2225 0.3900
v 4.3075 0.5375 0.3900
v 3.9925 0.5375 0.3900
v 2.6000 0.1910 -0.3000
v 3.5000 0.1910 -0.3000
v 3.5000 0.5690 -0.3000
v 2.6000 0.5690 -0.3000
v 2.6000 0.1910 0.3000
v 3.5000 0.1910 0.3000
v 3.5000 0.5690 0.3000
v 2.6000 0.5690 0.3000
v 2.8610 -0.0700 -0.3000
v 3.2390 -0.0700 -0.3000
v 3.2390 0.8300 -0.3000
v 2.8610 0.8300 -0.3000
v 2.8610 -0.0700 0.3000
v 3.2390 -0.0700 0.3000
v 3.2390 0.8300 0.3000
v 2.8610 0.8300 0.3000
v 2.6990 0.0290 -0.3000
v 3.4010 0.0290 -0.3000
v 3.4010 0.7310 -0.3000
v 2.6990 0.7310 -0.3000
v 2.6990 0.0290 0.3000
v 3.4010 0.0290 0.3000
v 3.4010 0.7310 0.3000
v 2.6990 0.7310 0.3000
v 2.8925 0.2225 -0.3900
v 3.2075 0.2225 -0.3900
v 3.2075 0.5375 -0.3900
v 2.8925 0.5375 -0.3900
v 2.8925 0.2225 0.3900
v 3.2075 0.2225 0.3900
v 3.2075 0.5375 0.3900
v 2.8925 0.5375 0.3900
v -4.8500 0.6200 -0.5800
v -2.3500 0.6200 -0.5800
v -2.3500 0.8200 -0.5800
v -4.8500 0.8200 -0.5800
v -4.8500 0.6200 0.5800
v -2.3500 0.6200 0.5800
v -2.3500 0.8200 0.5800
v -4.8500 0.8200 0.5800
v -4.8500 -0.8500 0.5000
v -2.3500 -0.8500 0.5000
v -2.3500 0.6200 0.5000
v -4.8500 0.6200 0.5000
v -4.8500 -0.8500 0.5800
v -2.3500 -0.8500 0.5800
v -2.3500 0.6200 0.5800
v -4.8500 0.6200 0.5800
v -4.8500 -0.8500 -0.5800
v -2.3500 -0.8500 -0.5800
v -2.3500 0.6200 -0.5800
v -4.8500 0.6200 -0.5800
v -4.8500 -0.8500 -0.5000
v -2.3500 -0.8500 -0.5000
v -2.3500 0.6200 -0.5000
v -4.8500 0.6200 -0.5000
v -4.7300 -0.4200 0.4000
v -4.1700 -0.4200 0.4000
v -4.1700 -0.1400 0.4000
v -4.7300 -0.1400 0.4000
v -4.7300 -0.4200 0.5000
v -4.1700 -0.4200 0.5000
v -4.1700 -0.1400 0.5000
v -4.7300 -0.1400 0.5000
v -4.7300 -0.4200 -0.5000
v -4.1700 -0.4200 -0.5000
v -4.1700 -0.1400 -0.5000
v -4.7300 -0.1400 -0.5000
v -4.7300 -0.4200 -0.4000
v -4.1700 -0.4200 -0.4000
v -4.1700 -0.1400 -0.4000
v -4.7300 -0.1400 -0.4000
v -4.6700 -0.8200 0.4000
v -4.2300 -0.8200 0.4000
v -4.2300 -0.6000 0.4000
v -4.6700 -0.6000 0.4000
v -4.6700 -0.8200 0.5000
v -4.2300 -0.8200 0.5000
v -4.2300 -0.6000 0.5000
v -4.6700 -0.6000 0.5000
v -4.6700 -0.8200 -0.5000
v -4.2300 -0.8200 -0.5000
v -4.2300 -0.6000 -0.5000
v -4.6700 -0.6000 -0.5000
v -4.6700 -0.8200 -0.4000
v -4.2300 -0.8200 -0.4000
v -4.2300 -0.6000 -0.4000
v -4.6700 -0.6000 -0.4000
v -3.0300 -0.4200 0.4000
v -2.4700 -0.4200 0.4000
v -2.4700 -0.1400 0.4000
v -3.0300 -0.1400 0.4000
v -3.0300 -0.4200 0.5000
v -2.4700 -0.4200 0.5000
v -2.4700 -0.1400 0.5000
v -3.0300 -0.1400 0.5000
v -3.0300 -0.4200 -0.5000
v -2.4700 -0.4200 -0.5000
v -2.4700 -0.1400 -0.5000
v -3.0300 -0.1400 -0.5000
v -3.0300 -0.4200 -0.4000
v -2.4700 -0.4200 -0.4000
v -2.4700 -0.1400 -0.4000
v -3.0300 -0.1400 -0.4000
v -2.9700 -0.8200 0.4000
v -2.5300 -0.8200 0.4000
v -2.5300 -0.6000 0.4000
v -2.9700 -0.6000 0.4000
v -2.9700 -0.8200 0.5000
v -2.5300 -0.8200 0.5000
v -2.5300 -0.6000 0.5000
v -2.9700 -0.6000 0.5000
v -2.9700 -0.8200 -0.5000
v -2.5300 -0.8200 -0.5000
v -2.5300 -0.6000 -0.5000
v -2.9700 -0.6000 -0.5000
v -2.9700 -0.8200 -0.4000
v -2.5300 -0.8200 -0.4000
v -2.5300 -0.6000 -0.4000
v -2.9700 -0.6000 -0.4000
v -3.5000 0.1910 -0.3000
v -2.6000 0.1910 -0.3000
v -2.6000 0.5690 -0.3000
v -3.5000 0.5690 -0.3000
v -3.5000 0.1910 0.3000
v -2.6000 0.1910 0.3000
v -2.6000 0.5690 0.3000
v -3.5000 0.5690 0.3000
v -3.2390 -0.0700 -0.3000
v -2.8610 -0.0700 -0.3000
v -2.8610 0.8300 -0.3000
v -3.2390 0.8300 -0.3000
v -3.2390 -0.0700 0.3000
v -2.8610 -0.0700 0.3000
v -2.8610 0.8300 0.3000
v -3.2390 0.8300 0.3000
v -3.4010 0.0290 -0.3000
v -2.6990 0.0290 -0.3000
v -2.6990 0.7310 -0.3000
v -3.4010 0.7310 -0.3000
v -3.4010 0.0290 0.3000
v -2.6990 0.0290 0.3000
v -2.6990 0.7310 0.3000
v -3.4010 0.7310 0.3000
v -3.2075 0.2225 -0.3900
v -2.8925 0.2225 -0.3900
v -2.8925 0.5375 -0.3900
v -3.2075 0.5375 -0.3900
v -3.2075 0.2225 0.3900
v -2.8925 0.2225 0.3900
v -2.8925 0.5375 0.3900
v -3.2075 0.5375 0.3900
v -4.6000 0.1910 -0.3000
v -3.7000 0.1910 -0.3000
v -3.7000 0.5690 -0.3000
v -4.6000 0.5690 -0.3000
v -4.6000 0.1910 0.3000
v -3.7000 0.1910 0.3000
v -3.7000 0.5690 0.3000
v -4.6000 0.5690 0.3000
v -4.3390 -0.0700 -0.3000
v -3.9610 -0.0700 -0.3000
v -3.9610 0.8300 -0.3000
v -4.3390 0.8300 -0.3000
v -4.3390 -0.0700 0.3000
v -3.9610 -0.0700 0.3000
v -3.9610 0.8300 0.3000
v -4.3390 0.8300 0.3000
v -4.5010 0.0290 -0.3000
v -3.7990 0.0290 -0.3000
v -3.7990 0.7310 -0.3000
v -4.5010 0.7310 -0.3000
v -4.5010 0.0290 0.3000
v -3.7990 0.0290 0.3000
v -3.7990 0.7310 0.3000
v -4.5010 0.7310 0.3000
v -4.3075 0.2225 -0.3900
v -3.9925 0.2225 -0.3900
v -3.9925 0.5375 -0.3900
v -4.3075 0.5375 -0.3900
v -4.3075 0.2225 0.3900
v -3.9925 0.2225 0.3900
v -3.9925 0.5375 0.3900
v -4.3075 0.5375 0.3900
v -4.7750 3.4500 -0.7200
v -2.5750 3.4500 -0.7200
v -2.5750 3.7800 -0.7200
v -4.7750 3.7800 -0.7200
v -4.7750 3.4500 0.7200
v -2.5750 3.4500 0.7200
v -2.5750 3.7800 0.7200
v -4.7750 3.7800 0.7200
v -4.5750 3.7800 -0.5500
v -2.7750 3.7800 -0.5500
v -2.7750 3.8400 -0.5500
v -4.5750 3.8400 -0.5500
v -4.5750 3.7800 0.5500
v -2.7750 3.7800 0.5500
v -2.7750 3.8400 0.5500
v -4.5750 3.8400 0.5500
v -4.4950 3.7800 -0.5000
v -4.4150 3.7800 -0.5000
v -4.4150 3.8500 -0.5000
v -4.4950 3.8500 -0.5000
v -4.4950 3.7800 0.5000
v -4.4150 3.7800 0.5000
v -4.4150 3.8500 0.5000
v -4.4950 3.8500 0.5000
v -4.2350 3.7800 -0.5000
v -4.1550 3.7800 -0.5000
v -4.1550 3.8500 -0.5000
v -4.2350 3.8500 -0.5000
v -4.2350 3.7800 0.5000
v -4.1550 3.7800 0.5000
v -4.1550 3.8500 0.5000
v -4.2350 3.8500 0.5000
v -3.9750 3.7800 -0.5000
v -3.8950 3.7800 -0.5000
v -3.8950 3.8500 -0.5000
v -3.9750 3.8500 -0.5000
v -3.9750 3.7800 0.5000
v -3.8950 3.7800 0.5000
v -3.8950 3.8500 0.5000
v -3.9750 3.8500 0.5000
v -3.7150 3.7800 -0.5000
v -3.6350 3.7800 -0.5000
v -3.6350 3.8500 -0.5000
v -3.7150 3.8500 -0.5000
v -3.7150 3.7800 0.5000
v -3.6350 3.7800 0.5000
v -3.6350 3.8500 0.5000
v -3.7150 3.8500 0.5000
v -3.4550 3.7800 -0.5000
v -3.3750 3.7800 -0.5000
v -3.3750 3.8500 -0.5000
v -3.4550 3.8500 -0.5000
v -3.4550 3.7800 0.5000
v -3.3750 3.7800 0.5000
v -3.3750 3.8500 0.5000
v -3.4550 3.8500 0.5000
v -3.1950 3.7800 -0.5000
v -3.1150 3.7800 -0.5000
v -3.1150 3.8500 -0.5000
v -3.1950 3.8500 -0.5000
v -3.1950 3.7800 0.5000
v -3.1150 3.7800 0.5000
v -3.1150 3.8500 0.5000
v -3.1950 3.8500 0.5000
v -2.9350 3.7800 -0.5000
v -2.8550 3.7800 -0.5000
v -2.8550 3.8500 -0.5000
v -2.9350 3.8500 -0.5000
v -2.9350 3.7800 0.5000
v -2.8550 3.7800 0.5000
v -2.8550 3.8500 0.5000
v -2.9350 3.8500 0.5000
v 0.9750 3.4500 -0.7200
v 3.1750 3.4500 -0.7200
v 3.1750 3.7800 -0.7200
v 0.9750 3.7800 -0.7200
v 0.9750 3.4500 0.7200
v 3.1750 3.4500 0.7200
v 3.1750 3.7800 0.7200
v 0.9750 3.7800 0.7200
v 1.1750 3.7800 -0.5500
v 2.9750 3.7800 -0.5500
v 2.9750 3.8400 -0.5500
v 1.1750 3.8400 -0.5500
v 1.1750 3.7800 0.5500
v 2.9750 3.7800 0.5500
v 2.9750 3.8400 0.5500
v 1.1750 3.8400 0.5500
v 1.2550 3.7800 -0.5000
v 1.3350 3.7800 -0.5000
v 1.3350 3.8500 -0.5000
v 1.2550 3.8500 -0.5000
v 1.2550 3.7800 0.5000
v 1.3350 3.7800 0.5000
v 1.3350 3.8500 0.5000
v 1.2550 3.8500 0.5000
v 1.5150 3.7800 -0.5000
v 1.5950 3.7800 -0.5000
v 1.5950 3.8500 -0.5000
v 1.5150 3.8500 -0.5000
v 1.5150 3.7800 0.5000
v 1.5950 3.7800 0.5000
v 1.5950 3.8500 0.5000
v 1.5150 3.8500 0.5000
v 1.7750 3.7800 -0.5000
v 1.8550 3.7800 -0.5000
v 1.8550 3.8500 -0.5000
v 1.7750 3.8500 -0.5000
v 1.7750 3.7800 0.5000
v 1.8550 3.7800 0.5000
v 1.8550 3.8500 0.5000
v 1.7750 3.8500 0.5000
v 2.0350 3.7800 -0.5000
v 2.1150 3.7800 -0.5000
v 2.1150 3.8500 -0.5000
v 2.0350 3.8500 -0.5000
v 2.0350 3.7800 0.5000
v 2.1150 3.7800 0.5000
v 2.1150 3.8500 0.5000
v 2.0350 3.8500 0.5000
v 2.2950 3.7800 -0.5000
v 2.3750 3.7800 -0.5000
v 2.3750 3.8500 -0.5000
v 2.2950 3.8500 -0.5000
v 2.2950 3.7800 0.5000
v 2.3750 3.7800 0.5000
v 2.3750 3.8500 0.5000
v 2.2950 3.8500 0.5000
v 2.5550 3.7800 -0.5000
v 2.6350 3.7800 -0.5000
v 2.6350 3.8500 -0.5000
v 2.5550 3.8500 -0.5000
v 2.5550 3.7800 0.5000
v 2.6350 3.7800 0.5000
v 2.6350 3.8500 0.5000
v 2.5550 3.8500 0.5000
v 2.8150 3.7800 -0.5000
v 2.8950 3.7800 -0.5000
v 2.8950 3.8500 -0.5000
v 2.8150 3.8500 -0.5000
v 2.8150 3.7800 0.5000
v 2.8950 3.7800 0.5000
v 2.8950 3.8500 0.5000
v 2.8150 3.8500 0.5000
v 5.5380 0.5500 0.3221
v 5.6980 0.5500 0.3221
v 5.6980 0.7800 0.3221
v 5.5380 0.7800 0.3221
v 5.5380 0.5500 0.6903
v 5.6980 0.5500 0.6903
v 5.6980 0.7800 0.6903
v 5.5380 0.7800 0.6903
v 5.5380 0.5500 -0.6903
v 5.6980 0.5500 -0.6903
v 5.6980 0.7800 -0.6903
v 5.5380 0.7800 -0.6903
v 5.5380 0.5500 -0.3221
v 5.6980 0.5500 -0.3221
v 5.6980 0.7800 -0.3221
v 5.5380 0.7800 -0.3221
v 5.5180 0.5500 0.7203
v 5.6780 0.5500 0.7203
v 5.6780 0.7800 0.7203
v 5.5180 0.7800 0.7203
v 5.5180 0.5500 0.8560
v 5.6780 0.5500 0.8560
v 5.6780 0.7800 0.8560
v 5.5180 0.7800 0.8560
v 5.5180 0.5500 -0.8560
v 5.6780 0.5500 -0.8560
v 5.6780 0.7800 -0.8560
v 5.5180 0.7800 -0.8560
v 5.5180 0.5500 -0.7203
v 5.6780 0.5500 -0.7203
v 5.6780 0.7800 -0.7203
v 5.5180 0.7800 -0.7203
v -5.3500 3.2100 0.4200
v 3.7500 3.2100 0.4200
v 3.7500 3.2400 0.4200
v -5.3500 3.2400 0.4200
v -5.3500 3.2100 0.6200
v 3.7500 3.2100 0.6200
v 3.7500 3.2400 0.6200
v -5.3500 3.2400 0.6200
v -5.3500 3.2100 -0.6200
v 3.7500 3.2100 -0.6200
v 3.7500 3.2400 -0.6200
v -5.3500 3.2400 -0.6200
v -5.3500 3.2100 -0.4200
v 3.7500 3.2100 -0.4200
v 3.7500 3.2400 -0.4200
v -5.3500 3.2400 -0.4200
v -0.2000 2.8700 1.3100
v 1.4000 2.8700 1.3100
v 1.4000 3.0700 1.3100
v -0.2000 3.0700 1.3100
v -0.2000 2.8700 1.3320
v 1.4000 2.8700 1.3320
v 1.4000 3.0700 1.3320
v -0.2000 3.0700 1.3320
v -0.2000 2.8700 -1.3320
v 1.4000 2.8700 -1.3320
v 1.4000 3.0700 -1.3320
v -0.2000 3.0700 -1.3320
v -0.2000 2.8700 -1.3100
v 1.4000 2.8700 -1.3100
v 1.4000 3.0700 -1.3100
v -0.2000 3.0700 -1.3100
v -5.6500 0.8250 -1.2500
v 5.0300 0.8250 -1.2500
v 5.0300 0.8540 -1.2500
v -5.6500 0.8540 -1.2500
v -5.6500 0.8250 1.2500
v 5.0300 0.8250 1.2500
v 5.0300 0.8540 1.2500
v -5.6500 0.8540 1.2500
v -5.6500 3.2400 -1.2500
v 4.0500 3.2400 -1.2500
v 4.0500 3.2800 -1.2500
v -5.6500 3.2800 -1.2500
v -5.6500 3.2400 1.2500
v 4.0500 3.2400 1.2500
v 4.0500 3.2800 1.2500
v -5.6500 3.2800 1.2500
v -5.7100 0.8500 0.5200
v -5.6300 0.8500 0.5200
v -5.6300 3.2800 0.5200
v -5.7100 3.2800 0.5200
v -5.7100 0.8500 1.2500
v -5.6300 0.8500 1.2500
v -5.6300 3.2800 1.2500
v -5.7100 3.2800 1.2500
v -5.7100 0.8500 -1.2500
v -5.6300 0.8500 -1.2500
v -5.6300 3.2800 -1.2500
v -5.7100 3.2800 -1.2500
v -5.7100 0.8500 -0.5200
v -5.6300 0.8500 -0.5200
v -5.6300 3.2800 -0.5200
v -5.7100 3.2800 -0.5200
v -5.7100 2.9000 -0.5200
v -5.6300 2.9000 -0.5200
v -5.6300 3.2800 -0.5200
v -5.7100 3.2800 -0.5200
v -5.7100 2.9000 0.5200
v -5.6300 2.9000 0.5200
v -5.6300 3.2800 0.5200
v -5.7100 3.2800 0.5200
v -5.7300 2.9000 -0.5000
v -5.6100 2.9000 -0.5000
v -5.6100 3.3000 -0.5000
v -5.7300 3.3000 -0.5000
v -5.7300 2.9000 0.5000
v -5.6100 2.9000 0.5000
v -5.6100 3.3000 0.5000
v -5.7300 3.3000 0.5000
v -5.7200 0.8500 -0.5000
v -5.6400 0.8500 -0.5000
v -5.6400 2.9000 -0.5000
v -5.7200 2.9000 -0.5000
v -5.7200 0.8500 0.5000
v -5.6400 0.8500 0.5000
v -5.6400 2.9000 0.5000
v -5.7200 2.9000 0.5000
v -5.7220 1.8500 -0.4000
v -5.6420 1.8500 -0.4000
v -5.6420 2.7500 -0.4000
v -5.7220 2.7500 -0.4000
v -5.7220 1.8500 0.4000
v -5.6420 1.8500 0.4000
v -5.6420 2.7500 0.4000
v -5.7220 2.7500 0.4000
v -1.9500 0.8500 1.2500
v -1.2000 0.8500 1.2500
v -1.2000 1.4500 1.2500
v -1.9500 1.4500 1.2500
v -1.9500 0.8500 1.3080
v -1.2000 0.8500 1.3080
v -1.2000 1.4500 1.3080
v -1.9500 1.4500 1.3080
v -1.9500 2.7300 1.2500
v -1.2000 2.7300 1.2500
v -1.2000 2.9700 1.2500
v -1.9500 2.9700 1.2500
v -1.9500 2.7300 1.3080
v -1.2000 2.7300 1.3080
v -1.2000 2.9700 1.3080
v -1.9500 2.9700 1.3080
v -1.9500 1.4500 1.2500
v -1.8800 1.4500 1.2500
v -1.8800 2.7300 1.2500
v -1.9500 2.7300 1.2500
v -1.9500 1.4500 1.3080
v -1.8800 1.4500 1.3080
v -1.8800 2.7300 1.3080
v -1.9500 2.7300 1.3080
v -1.2700 1.4500 1.2500
v -1.2000 1.4500 1.2500
v -1.2000 2.7300 1.2500
v -1.2700 2.7300 1.2500
v -1.2700 1.4500 1.3080
v -1.2000 1.4500 1.3080
v -1.2000 2.7300 1.3080
v -1.2700 2.7300 1.3080
v -1.8800 1.4500 1.2700
v -1.2700 1.4500 1.2700
v -1.2700 2.7300 1.2700
v -1.8800 2.7300 1.2700
v -1.8800 1.4500 1.2880
v -1.2700 1.4500 1.2880
v -1.2700 2.7300 1.2880
v -1.8800 2.7300 1.2880
v -1.2150 0.8500 1.2450
v -1.1850 0.8500 1.2450
v -1.1850 2.9700 1.2450
v -1.2150 2.9700 1.2450
v -1.2150 0.8500 1.3130
v -1.1850 0.8500 1.3130
v -1.1850 2.9700 1.3130
v -1.2150 2.9700 1.3130
v -1.2000 0.8500 1.2500
v -0.4500 0.8500 1.2500
v -0.4500 1.4500 1.2500
v -1.2000 1.4500 1.2500
v -1.2000 0.8500 1.3080
v -0.4500 0.8500 1.3080
v -0.4500 1.4500 1.3080
v -1.2000 1.4500 1.3080
v -1.2000 2.7300 1.2500
v -0.4500 2.7300 1.2500
v -0.4500 2.9700 1.2500
v -1.2000 2.9700 1.2500
v -1.2000 2.7300 1.3080
v -0.4500 2.7300 1.3080
v -0.4500 2.9700 1.3080
v -1.2000 2.9700 1.3080
v -1.2000 1.4500 1.2500
v -1.1300 1.4500 1.2500
v -1.1300 2.7300 1.2500
v -1.2000 2.7300 1.2500
v -1.2000 1.4500 1.3080
v -1.1300 1.4500 1.3080
v -1.1300 2.7300 1.3080
v -1.2000 2.7300 1.3080
v -0.5200 1.4500 1.2500
v -0.4500 1.4500 1.2500
v -0.4500 2.7300 1.2500
v -0.5200 2.7300 1.2500
v -0.5200 1.4500 1.3080
v -0.4500 1.4500 1.3080
v -0.4500 2.7300 1.3080
v -0.5200 2.7300 1.3080
v -1.1300 1.4500 1.2700
v -0.5200 1.4500 1.2700
v -0.5200 2.7300 1.2700
v -1.1300 2.7300 1.2700
v -1.1300 1.4500 1.2880
v -0.5200 1.4500 1.2880
v -0.5200 2.7300 1.2880
v -1.1300 2.7300 1.2880
v -1.2150 0.8500 1.2450
v -1.1850 0.8500 1.2450
v -1.1850 2.9700 1.2450
v -1.2150 2.9700 1.2450
v -1.2150 0.8500 1.3130
v -1.1850 0.8500 1.3130
v -1.1850 2.9700 1.3130
v -1.2150 2.9700 1.3130
v -1.9500 0.8500 0.9900
v -0.4500 0.8500 0.9900
v -0.4500 0.8550 0.9900
v -1.9500 0.8550 0.9900
v -1.9500 0.8500 1.2400
v -0.4500 0.8500 1.2400
v -0.4500 0.8550 1.2400
v -1.9500 0.8550 1.2400
v -1.6500 2.9900 1.2000
v -0.7500 2.9900 1.2000
v -0.7500 3.1700 1.2000
v -1.6500 3.1700 1.2000
v -1.6500 2.9900 1.2400
v -0.7500 2.9900 1.2400
v -0.7500 3.1700 1.2400
v -1.6500 3.1700 1.2400
v -1.9500 0.8500 -1.2400
v -0.4500 0.8500 -1.2400
v -0.4500 0.8550 -1.2400
v -1.9500 0.8550 -1.2400
v -1.9500 0.8500 -0.9900
v -0.4500 0.8500 -0.9900
v -0.4500 0.8550 -0.9900
v -1.9500 0.8550 -0.9900
v -1.6500 2.9900 -1.2400
v -0.7500 2.9900 -1.2400
v -0.7500 3.1700 -1.2400
v -1.6500 3.1700 -1.2400
v -1.6500 2.9900 -1.2000
v -0.7500 2.9900 -1.2000
v -0.7500 3.1700 -1.2000
v -1.6500 3.1700 -1.2000
v -1.9500 0.8500 -1.3080
v -1.2000 0.8500 -1.3080
v -1.2000 1.4500 -1.3080
v -1.9500 1.4500 -1.3080
v -1.9500 0.8500 -1.2500
v -1.2000 0.8500 -1.2500
v -1.2000 1.4500 -1.2500
v -1.9500 1.4500 -1.2500
v -1.9500 2.7300 -1.3080
v -1.2000 2.7300 -1.3080
v -1.2000 2.9700 -1.3080
v -1.9500 2.9700 -1.3080
v -1.9500 2.7300 -1.2500
v -1.2000 2.7300 -1.2500
v -1.2000 2.9700 -1.2500
v -1.9500 2.9700 -1.2500
v -1.9500 1.4500 -1.3080
v -1.8800 1.4500 -1.3080
v -1.8800 2.7300 -1.3080
v -1.9500 2.7300 -1.3080
v -1.9500 1.4500 -1.2500
v -1.8800 1.4500 -1.2500
v -1.8800 2.7300 -1.2500
v -1.9500 2.7300 -1.2500
v -1.2700 1.4500 -1.3080
v -1.2000 1.4500 -1.3080
v -1.2000 2.7300 -1.3080
v -1.2700 2.7300 -1.3080
v -1.2700 1.4500 -1.2500
v -1.2000 1.4500 -1.2500
v -1.2000 2.7300 -1.2500
v -1.2700 2.7300 -1.2500
v -1.8800 1.4500 -1.2880
v -1.2700 1.4500 -1.2880
v -1.2700 2.7300 -1.2880
v -1.8800 2.7300 -1.2880
v -1.8800 1.4500 -1.2700
v -1.2700 1.4500 -1.2700
v -1.2700 2.7300 -1.2700
v -1.8800 2.7300 -1.2700
v -1.2150 0.8500 -1.3130
v -1.1850 0.8500 -1.3130
v -1.1850 2.9700 -1.3130
v -1.2150 2.9700 -1.3130
v -1.2150 0.8500 -1.2450
v -1.1850 0.8500 -1.2450
v -1.1850 2.9700 -1.2450
v -1.2150 2.9700 -1.2450
v -1.2000 0.8500 -1.3080
v -0.4500 0.8500 -1.3080
v -0.4500 1.4500 -1.3080
v -1.2000 1.4500 -1.3080
v -1.2000 0.8500 -1.2500
v -0.4500 0.8500 -1.2500
v -0.4500 1.4500 -1.2500
v -1.2000 1.4500 -1.2500
v -1.2000 2.7300 -1.3080
v -0.4500 2.7300 -1.3080
v -0.4500 2.9700 -1.3080
v -1.2000 2.9700 -1.3080
v -1.2000 2.7300 -1.2500
v -0.4500 2.7300 -1.2500
v -0.4500 2.9700 -1.2500
v -1.2000 2.9700 -1.2500
v -1.2000 1.4500 -1.3080
v -1.1300 1.4500 -1.3080
v -1.1300 2.7300 -1.3080
v -1.2000 2.7300 -1.3080
v -1.2000 1.4500 -1.2500
v -1.1300 1.4500 -1.2500
v -1.1300 2.7300 -1.2500
v -1.2000 2.7300 -1.2500
v -0.5200 1.4500 -1.3080
v -0.4500 1.4500 -1.3080
v -0.4500 2.7300 -1.3080
v -0.5200 2.7300 -1.3080
v -0.5200 1.4500 -1.2500
v -0.4500 1.4500 -1.2500
v -0.4500 2.7300 -1.2500
v -0.5200 2.7300 -1.2500
v -1.1300 1.4500 -1.2880
v -0.5200 1.4500 -1.2880
v -0.5200 2.7300 -1.2880
v -1.1300 2.7300 -1.2880
v -1.1300 1.4500 -1.2700
v -0.5200 1.4500 -1.2700
v -0.5200 2.7300 -1.2700
v -1.1300 2.7300 -1.2700
v -1.2150 0.8500 -1.3130
v -1.1850 0.8500 -1.3130
v -1.1850 2.9700 -1.3130
v -1.2150 2.9700 -1.3130
v -1.2150 0.8500 -1.2450
v -1.1850 0.8500 -1.2450
v -1.1850 2.9700 -1.2450
v -1.2150 2.9700 -1.2450
v -5.5000 0.8500 0.8300
v -2.3000 0.8500 0.8300
v -2.3000 1.2500 0.8300
v -5.5000 1.2500 0.8300
v -5.5000 0.8500 1.2350
v -2.3000 0.8500 1.2350
v -2.3000 1.2500 1.2350
v -5.5000 1.2500 1.2350
v -5.5000 1.3500 1.1500
v -2.3000 1.3500 1.1500
v -2.3000 1.9000 1.1500
v -5.5000 1.9000 1.1500
v -5.5000 1.3500 1.2350
v -2.3000 1.3500 1.2350
v -2.3000 1.9000 1.2350
v -5.5000 1.9000 1.2350
v -5.5300 0.8500 0.7000
v -5.4700 0.8500 0.7000
v -5.4700 2.0500 0.7000
v -5.5300 2.0500 0.7000
v -5.5300 0.8500 1.2350
v -5.4700 0.8500 1.2350
v -5.4700 2.0500 1.2350
v -5.5300 2.0500 1.2350
v -2.3300 0.8500 0.7000
v -2.2700 0.8500 0.7000
v -2.2700 2.0500 0.7000
v -2.3300 2.0500 0.7000
v -2.3300 0.8500 1.2350
v -2.2700 0.8500 1.2350
v -2.2700 2.0500 1.2350
v -2.3300 2.0500 1.2350
v -5.5000 0.8500 -1.2350
v -2.3000 0.8500 -1.2350
v -2.3000 1.2500 -1.2350
v -5.5000 1.2500 -1.2350
v -5.5000 0.8500 -0.8300
v -2.3000 0.8500 -0.8300
v -2.3000 1.2500 -0.8300
v -5.5000 1.2500 -0.8300
v -5.5000 1.3500 -1.2350
v -2.3000 1.3500 -1.2350
v -2.3000 1.9000 -1.2350
v -5.5000 1.9000 -1.2350
v -5.5000 1.3500 -1.1500
v -2.3000 1.3500 -1.1500
v -2.3000 1.9000 -1.1500
v -5.5000 1.9000 -1.1500
v -5.5300 0.8500 -1.2350
v -5.4700 0.8500 -1.2350
v -5.4700 2.0500 -1.2350
v -5.5300 2.0500 -1.2350
v -5.5300 0.8500 -0.7000
v -5.4700 0.8500 -0.7000
v -5.4700 2.0500 -0.7000
v -5.5300 2.0500 -0.7000
v -2.3300 0.8500 -1.2350
v -2.2700 0.8500 -1.2350
v -2.2700 2.0500 -1.2350
v -2.3300 2.0500 -1.2350
v -2.3300 0.8500 -0.7000
v -2.2700 0.8500 -0.7000
v -2.2700 2.0500 -0.7000
v -2.3300 2.0500 -0.7000
v -0.1000 0.8500 0.8300
v 3.9000 0.8500 0.8300
v 3.9000 1.2500 0.8300
v -0.1000 1.2500 0.8300
v -0.1000 0.8500 1.2350
v 3.9000 0.8500 1.2350
v 3.9000 1.2500 1.2350
v -0.1000 1.2500 1.2350
v -0.1000 1.3500 1.1500
v 3.9000 1.3500 1.1500
v 3.9000 1.9000 1.1500
v -0.1000 1.9000 1.1500
v -0.1000 1.3500 1.2350
v 3.9000 1.3500 1.2350
v 3.9000 1.9000 1.2350
v -0.1000 1.9000 1.2350
v -0.1300 0.8500 0.7000
v -0.0700 0.8500 0.7000
v -0.0700 2.0500 0.7000
v -0.1300 2.0500 0.7000
v -0.1300 0.8500 1.2350
v -0.0700 0.8500 1.2350
v -0.0700 2.0500 1.2350
v -0.1300 2.0500 1.2350
v 3.8700 0.8500 0.7000
v 3.9300 0.8500 0.7000
v 3.9300 2.0500 0.7000
v 3.8700 2.0500 0.7000
v 3.8700 0.8500 1.2350
v 3.9300 0.8500 1.2350
v 3.9300 2.0500 1.2350
v 3.8700 2.0500 1.2350
v -0.1000 0.8500 -1.2350
v 3.9000 0.8500 -1.2350
v 3.9000 1.2500 -1.2350
v -0.1000 1.2500 -1.2350
v -0.1000 0.8500 -0.8300
v 3.9000 0.8500 -0.8300
v 3.9000 1.2500 -0.8300
v -0.1000 1.2500 -0.8300
v -0.1000 1.3500 -1.2350
v 3.9000 1.3500 -1.2350
v 3.9000 1.9000 -1.2350
v -0.1000 1.9000 -1.2350
v -0.1000 1.3500 -1.1500
v 3.9000 1.3500 -1.1500
v 3.9000 1.9000 -1.1500
v -0.1000 1.9000 -1.1500
v -0.1300 0.8500 -1.2350
v -0.0700 0.8500 -1.2350
v -0.0700 2.0500 -1.2350
v -0.1300 2.0500 -1.2350
v -0.1300 0.8500 -0.7000
v -0.0700 0.8500 -0.7000
v -0.0700 2.0500 -0.7000
v -0.1300 2.0500 -0.7000
v 3.8700 0.8500 -1.2350
v 3.9300 0.8500 -1.2350
v 3.9300 2.0500 -1.2350
v 3.8700 2.0500 -1.2350
v 3.8700 0.8500 -0.7000
v 3.9300 0.8500 -0.7000
v 3.9300 2.0500 -0.7000
v 3.8700 2.0500 -0.7000
v -5.4800 1.2500 0.7500
v -4.9867 1.2500 0.7500
v -4.9867 1.3500 0.7500
v -5.4800 1.3500 0.7500
v -5.4800 1.2500 1.1850
v -4.9867 1.2500 1.1850
v -4.9867 1.3500 1.1850
v -5.4800 1.3500 1.1850
v -4.9467 1.2500 0.7500
v -4.4533 1.2500 0.7500
v -4.4533 1.3500 0.7500
v -4.9467 1.3500 0.7500
v -4.9467 1.2500 1.1850
v -4.4533 1.2500 1.1850
v -4.4533 1.3500 1.1850
v -4.9467 1.3500 1.1850
v -4.4133 1.2500 0.7500
v -3.9200 1.2500 0.7500
v -3.9200 1.3500 0.7500
v -4.4133 1.3500 0.7500
v -4.4133 1.2500 1.1850
v -3.9200 1.2500 1.1850
v -3.9200 1.3500 1.1850
v -4.4133 1.3500 1.1850
v -3.8800 1.2500 0.7500
v -3.3867 1.2500 0.7500
v -3.3867 1.3500 0.7500
v -3.8800 1.3500 0.7500
v -3.8800 1.2500 1.1850
v -3.3867 1.2500 1.1850
v -3.3867 1.3500 1.1850
v -3.8800 1.3500 1.1850
v -3.3467 1.2500 0.7500
v -2.8533 1.2500 0.7500
v -2.8533 1.3500 0.7500
v -3.3467 1.3500 0.7500
v -3.3467 1.2500 1.1850
v -2.8533 1.2500 1.1850
v -2.8533 1.3500 1.1850
v -3.3467 1.3500 1.1850
v -2.8133 1.2500 0.7500
v -2.3200 1.2500 0.7500
v -2.3200 1.3500 0.7500
v -2.8133 1.3500 0.7500
v -2.8133 1.2500 1.1850
v -2.3200 1.2500 1.1850
v -2.3200 1.3500 1.1850
v -2.8133 1.3500 1.1850
v -5.5000 2.9600 0.8000
v -2.3000 2.9600 0.8000
v -2.3000 3.0100 0.8000
v -5.5000 3.0100 0.8000
v -5.5000 2.9600 0.8500
v -2.3000 2.9600 0.8500
v -2.3000 3.0100 0.8500
v -5.5000 3.0100 0.8500
v -5.5000 2.9600 -0.8500
v -2.3000 2.9600 -0.8500
v -2.3000 3.0100 -0.8500
v -5.5000 3.0100 -0.8500
v -5.5000 2.9600 -0.8000
v -2.3000 2.9600 -0.8000
v -2.3000 3.0100 -0.8000
v -5.5000 3.0100 -0.8000
v -0.1000 2.9600 0.8000
v 3.9000 2.9600 0.8000
v 3.9000 3.0100 0.8000
v -0.1000 3.0100 0.8000
v -0.1000 2.9600 0.8500
v 3.9000 2.9600 0.8500
v 3.9000 3.0100 0.8500
v -0.1000 3.0100 0.8500
v -0.1000 2.9600 -0.8500
v 3.9000 2.9600 -0.8500
v 3.9000 3.0100 -0.8500
v -0.1000 3.0100 -0.8500
v -0.1000 2.9600 -0.8000
v 3.9000 2.9600 -0.8000
v 3.9000 3.0100 -0.8000
v -0.1000 3.0100 -0.8000
v -5.2150 2.7300 0.8100
v -5.1850 2.7300 0.8100
v -5.1850 2.9800 0.8100
v -5.2150 2.9800 0.8100
v -5.2150 2.7300 0.8400
v -5.1850 2.7300 0.8400
v -5.1850 2.9800 0.8400
v -5.2150 2.9800 0.8400
v -5.2600 2.6600 0.7900
v -5.1400 2.6600 0.7900
v -5.1400 2.7300 0.7900
v -5.2600 2.7300 0.7900
v -5.2600 2.6600 0.8600
v -5.1400 2.6600 0.8600
v -5.1400 2.7300 0.8600
v -5.2600 2.7300 0.8600
v -4.6150 2.7300 0.8100
v -4.5850 2.7300 0.8100
v -4.5850 2.9800 0.8100
v -4.6150 2.9800 0.8100
v -4.6150 2.7300 0.8400
v -4.5850 2.7300 0.8400
v -4.5850 2.9800 0.8400
v -4.6150 2.9800 0.8400
v -4.6600 2.6600 0.7900
v -4.5400 2.6600 0.7900
v -4.5400 2.7300 0.7900
v -4.6600 2.7300 0.7900
v -4.6600 2.6600 0.8600
v -4.5400 2.6600 0.8600
v -4.5400 2.7300 0.8600
v -4.6600 2.7300 0.8600
v -4.0150 2.7300 0.8100
v -3.9850 2.7300 0.8100
v -3.9850 2.9800 0.8100
v -4.0150 2.9800 0.8100
v -4.0150 2.7300 0.8400
v -3.9850 2.7300 0.8400
v -3.9850 2.9800 0.8400
v -4.0150 2.9800 0.8400
v -4.0600 2.6600 0.7900
v -3.9400 2.6600 0.7900
v -3.9400 2.7300 0.7900
v -4.0600 2.7300 0.7900
v -4.0600 2.6600 0.8600
v -3.9400 2.6600 0.8600
v -3.9400 2.7300 0.8600
v -4.0600 2.7300 0.8600
v -3.4150 2.7300 0.8100
v -3.3850 2.7300 0.8100
v -3.3850 2.9800 0.8100
v -3.4150 2.9800 0.8100
v -3.4150 2.7300 0.8400
v -3.3850 2.7300 0.8400
v -3.3850 2.9800 0.8400
v -3.4150 2.9800 0.8400
v -3.4600 2.6600 0.7900
v -3.3400 2.6600 0.7900
v -3.3400 2.7300 0.7900
v -3.4600 2.7300 0.7900
v -3.4600 2.6600 0.8600
v -3.3400 2.6600 0.8600
v -3.3400 2.7300 0.8600
v -3.4600 2.7300 0.8600
v -2.8150 2.7300 0.8100
v -2.7850 2.7300 0.8100
v -2.7850 2.9800 0.8100
v -2.8150 2.9800 0.8100
v -2.8150 2.7300 0.8400
v -2.7850 2.7300 0.8400
v -2.7850 2.9800 0.8400
v -2.8150 2.9800 0.8400
v -2.8600 2.6600 0.7900
v -2.7400 2.6600 0.7900
v -2.7400 2.7300 0.7900
v -2.8600 2.7300 0.7900
v -2.8600 2.6600 0.8600
v -2.7400 2.6600 0.8600
v -2.7400 2.7300 0.8600
v -2.8600 2.7300 0.8600
v -5.2150 2.7300 -0.8400
v -5.1850 2.7300 -0.8400
v -5.1850 2.9800 -0.8400
v -5.2150 2.9800 -0.8400
v -5.2150 2.7300 -0.8100
v -5.1850 2.7300 -0.8100
v -5.1850 2.9800 -0.8100
v -5.2150 2.9800 -0.8100
v -5.2600 2.6600 -0.8600
v -5.1400 2.6600 -0.8600
v -5.1400 2.7300 -0.8600
v -5.2600 2.7300 -0.8600
v -5.2600 2.6600 -0.7900
v -5.1400 2.6600 -0.7900
v -5.1400 2.7300 -0.7900
v -5.2600 2.7300 -0.7900
v -4.6150 2.7300 -0.8400
v -4.5850 2.7300 -0.8400
v -4.5850 2.9800 -0.8400
v -4.6150 2.9800 -0.8400
v -4.6150 2.7300 -0.8100
v -4.5850 2.7300 -0.8100
v -4.5850 2.9800 -0.8100
v -4.6150 2.9800 -0.8100
v -4.6600 2.6600 -0.8600
v -4.5400 2.6600 -0.8600
v -4.5400 2.7300 -0.8600
v -4.6600 2.7300 -0.8600
v -4.6600 2.6600 -0.7900
v -4.5400 2.6600 -0.7900
v -4.5400 2.7300 -0.7900
v -4.6600 2.7300 -0.7900
v -4.0150 2.7300 -0.8400
v -3.9850 2.7300 -0.8400
v -3.9850 2.9800 -0.8400
v -4.0150 2.9800 -0.8400
v -4.0150 2.7300 -0.8100
v -3.9850 2.7300 -0.8100
v -3.9850 2.9800 -0.8100
v -4.0150 2.9800 -0.8100
v -4.0600 2.6600 -0.8600
v -3.9400 2.6600 -0.8600
v -3.9400 2.7300 -0.8600
v -4.0600 2.7300 -0.8600
v -4.0600 2.6600 -0.7900
v -3.9400 2.6600 -0.7900
v -3.9400 2.7300 -0.7900
v -4.0600 2.7300 -0.7900
v -3.4150 2.7300 -0.8400
v -3.3850 2.7300 -0.8400
v -3.3850 2.9800 -0.8400
v -3.4150 2.9800 -0.8400
v -3.4150 2.7300 -0.8100
v -3.3850 2.7300 -0.8100
v -3.3850 2.9800 -0.8100
v -3.4150 2.9800 -0.8100
v -3.4600 2.6600 -0.8600
v -3.3400 2.6600 -0.8600
v -3.3400 2.7300 -0.8600
v -3.4600 2.7300 -0.8600
v -3.4600 2.6600 -0.7900
v -3.3400 2.6600 -0.7900
v -3.3400 2.7300 -0.7900
v -3.4600 2.7300 -0.7900
v -2.8150 2.7300 -0.8400
v -2.7850 2.7300 -0.8400
v -2.7850 2.9800 -0.8400
v -2.8150 2.9800 -0.8400
v -2.8150 2.7300 -0.8100
v -2.7850 2.7300 -0.8100
v -2.7850 2.9800 -0.8100
v -2.8150 2.9800 -0.8100
v -2.8600 2.6600 -0.8600
v -2.7400 2.6600 -0.8600
v -2.7400 2.7300 -0.8600
v -2.8600 2.7300 -0.8600
v -2.8600 2.6600 -0.7900
v -2.7400 2.6600 -0.7900
v -2.7400 2.7300 -0.7900
v -2.8600 2.7300 -0.7900
v 0.1850 2.7300 0.8100
v 0.2150 2.7300 0.8100
v 0.2150 2.9800 0.8100
v 0.1850 2.9800 0.8100
v 0.1850 2.7300 0.8400
v 0.2150 2.7300 0.8400
v 0.2150 2.9800 0.8400
v 0.1850 2.9800 0.8400
v 0.1400 2.6600 0.7900
v 0.2600 2.6600 0.7900
v 0.2600 2.7300 0.7900
v 0.1400 2.7300 0.7900
v 0.1400 2.6600 0.8600
v 0.2600 2.6600 0.8600
v 0.2600 2.7300 0.8600
v 0.1400 2.7300 0.8600
v 0.7850 2.7300 0.8100
v 0.8150 2.7300 0.8100
v 0.8150 2.9800 0.8100
v 0.7850 2.9800 0.8100
v 0.7850 2.7300 0.8400
v 0.8150 2.7300 0.8400
v 0.8150 2.9800 0.8400
v 0.7850 2.9800 0.8400
v 0.7400 2.6600 0.7900
v 0.8600 2.6600 0.7900
v 0.8600 2.7300 0.7900
v 0.7400 2.7300 0.7900
v 0.7400 2.6600 0.8600
v 0.8600 2.6600 0.8600
v 0.8600 2.7300 0.8600
v 0.7400 2.7300 0.8600
v 1.3850 2.7300 0.8100
v 1.4150 2.7300 0.8100
v 1.4150 2.9800 0.8100
v 1.3850 2.9800 0.8100
v 1.3850 2.7300 0.8400
v 1.4150 2.7300 0.8400
v 1.4150 2.9800 0.8400
v 1.3850 2.9800 0.8400
v 1.3400 2.6600 0.7900
v 1.4600 2.6600 0.7900
v 1.4600 2.7300 0.7900
v 1.3400 2.7300 0.7900
v 1.3400 2.6600 0.8600
v 1.4600 2.6600 0.8600
v 1.4600 2.7300 0.8600
v 1.3400 2.7300 0.8600
v 1.9850 2.7300 0.8100
v 2.0150 2.7300 0.8100
v 2.0150 2.9800 0.8100
v 1.9850 2.9800 0.8100
v 1.9850 2.7300 0.8400
v 2.0150 2.7300 0.8400
v 2.0150 2.9800 0.8400
v 1.9850 2.9800 0.8400
v 1.9400 2.6600 0.7900
v 2.0600 2.6600 0.7900
v 2.0600 2.7300 0.7900
v 1.9400 2.7300 0.7900
v 1.9400 2.6600 0.8600
v 2.0600 2.6600 0.8600
v 2.0600 2.7300 0.8600
v 1.9400 2.7300 0.8600
v 2.5850 2.7300 0.8100
v 2.6150 2.7300 0.8100
v 2.6150 2.9800 0.8100
v 2.5850 2.9800 0.8100
v 2.5850 2.7300 0.8400
v 2.6150 2.7300 0.8400
v 2.6150 2.9800 0.8400
v 2.5850 2.9800 0.8400
v 2.5400 2.6600 0.7900
v 2.6600 2.6600 0.7900
v 2.6600 2.7300 0.7900
v 2.5400 2.7300 0.7900
v 2.5400 2.6600 0.8600
v 2.6600 2.6600 0.8600
v 2.6600 2.7300 0.8600
v 2.5400 2.7300 0.8600
v 3.1850 2.7300 0.8100
v 3.2150 2.7300 0.8100
v 3.2150 2.9800 0.8100
v 3.1850 2.9800 0.8100
v 3.1850 2.7300 0.8400
v 3.2150 2.7300 0.8400
v 3.2150 2.9800 0.8400
v 3.1850 2.9800 0.8400
v 3.1400 2.6600 0.7900
v 3.2600 2.6600 0.7900
v 3.2600 2.7300 0.7900
v 3.1400 2.7300 0.7900
v 3.1400 2.6600 0.8600
v 3.2600 2.6600 0.8600
v 3.2600 2.7300 0.8600
v 3.1400 2.7300 0.8600
v 0.1850 2.7300 -0.8400
v 0.2150 2.7300 -0.8400
v 0.2150 2.9800 -0.8400
v 0.1850 2.9800 -0.8400
v 0.1850 2.7300 -0.8100
v 0.2150 2.7300 -0.8100
v 0.2150 2.9800 -0.8100
v 0.1850 2.9800 -0.8100
v 0.1400 2.6600 -0.8600
v 0.2600 2.6600 -0.8600
v 0.2600 2.7300 -0.8600
v 0.1400 2.7300 -0.8600
v 0.1400 2.6600 -0.7900
v 0.2600 2.6600 -0.7900
v 0.2600 2.7300 -0.7900
v 0.1400 2.7300 -0.7900
v 0.7850 2.7300 -0.8400
v 0.8150 2.7300 -0.8400
v 0.8150 2.9800 -0.8400
v 0.7850 2.9800 -0.8400
v 0.7850 2.7300 -0.8100
v 0.8150 2.7300 -0.8100
v 0.8150 2.9800 -0.8100
v 0.7850 2.9800 -0.8100
v 0.7400 2.6600 -0.8600
v 0.8600 2.6600 -0.8600
v 0.8600 2.7300 -0.8600
v 0.7400 2.7300 -0.8600
v 0.7400 2.6600 -0.7900
v 0.8600 2.6600 -0.7900
v 0.8600 2.7300 -0.7900
v 0.7400 2.7300 -0.7900
v 1.3850 2.7300 -0.8400
v 1.4150 2.7300 -0.8400
v 1.4150 2.9800 -0.8400
v 1.3850 2.9800 -0.8400
v 1.3850 2.7300 -0.8100
v 1.4150 2.7300 -0.8100
v 1.4150 2.9800 -0.8100
v 1.3850 2.9800 -0.8100
v 1.3400 2.6600 -0.8600
v 1.4600 2.6600 -0.8600
v 1.4600 2.7300 -0.8600
v 1.3400 2.7300 -0.8600
v 1.3400 2.6600 -0.7900
v 1.4600 2.6600 -0.7900
v 1.4600 2.7300 -0.7900
v 1.3400 2.7300 -0.7900
v 1.9850 2.7300 -0.8400
v 2.0150 2.7300 -0.8400
v 2.0150 2.9800 -0.8400
v 1.9850 2.9800 -0.8400
v 1.9850 2.7300 -0.8100
v 2.0150 2.7300 -0.8100
v 2.0150 2.9800 -0.8100
v 1.9850 2.9800 -0.8100
v 1.9400 2.6600 -0.8600
v 2.0600 2.6600 -0.8600
v 2.0600 2.7300 -0.8600
v 1.9400 2.7300 -0.8600
v 1.9400 2.6600 -0.7900
v 2.0600 2.6600 -0.7900
v 2.0600 2.7300 -0.7900
v 1.9400 2.7300 -0.7900
v 2.5850 2.7300 -0.8400
v 2.6150 2.7300 -0.8400
v 2.6150 2.9800 -0.8400
v 2.5850 2.9800 -0.8400
v 2.5850 2.7300 -0.8100
v 2.6150 2.7300 -0.8100
v 2.6150 2.9800 -0.8100
v 2.5850 2.9800 -0.8100
v 2.5400 2.6600 -0.8600
v 2.6600 2.6600 -0.8600
v 2.6600 2.7300 -0.8600
v 2.5400 2.7300 -0.8600
v 2.5400 2.6600 -0.7900
v 2.6600 2.6600 -0.7900
v 2.6600 2.7300 -0.7900
v 2.5400 2.7300 -0.7900
v 3.1850 2.7300 -0.8400
v 3.2150 2.7300 -0.8400
v 3.2150 2.9800 -0.8400
v 3.1850 2.9800 -0.8400
v 3.1850 2.7300 -0.8100
v 3.2150 2.7300 -0.8100
v 3.2150 2.9800 -0.8100
v 3.1850 2.9800 -0.8100
v 3.1400 2.6600 -0.8600
v 3.2600 2.6600 -0.8600
v 3.2600 2.7300 -0.8600
v 3.1400 2.7300 -0.8600
v 3.1400 2.6600 -0.7900
v 3.2600 2.6600 -0.7900
v 3.2600 2.7300 -0.7900
v 3.1400 2.7300 -0.7900
v -5.3000 3.0300 1.2300
v -2.5000 3.0300 1.2300
v -2.5000 3.2300 1.2300
v -5.3000 3.2300 1.2300
v -5.3000 3.0300 1.2350
v -2.5000 3.0300 1.2350
v -2.5000 3.2300 1.2350
v -5.3000 3.2300 1.2350
v -5.3000 3.0300 -1.2350
v -2.5000 3.0300 -1.2350
v -2.5000 3.2300 -1.2350
v -5.3000 3.2300 -1.2350
v -5.3000 3.0300 -1.2300
v -2.5000 3.0300 -1.2300
v -2.5000 3.2300 -1.2300
v -5.3000 3.2300 -1.2300
v 0.1000 3.0300 1.2300
v 3.7000 3.0300 1.2300
v 3.7000 3.2300 1.2300
v 0.1000 3.2300 1.2300
v 0.1000 3.0300 1.2350
v 3.7000 3.0300 1.2350
v 3.7000 3.2300 1.2350
v 0.1000 3.2300 1.2350
v 0.1000 3.0300 -1.2350
v 3.7000 3.0300 -1.2350
v 3.7000 3.2300 -1.2350
v 0.1000 3.2300 -1.2350
v 0.1000 3.0300 -1.2300
v 3.7000 3.0300 -1.2300
v 3.7000 3.2300 -1.2300
v 0.1000 3.2300 -1.2300
v -5.4800 1.2500 -1.1850
v -4.9867 1.2500 -1.1850
v -4.9867 1.3500 -1.1850
v -5.4800 1.3500 -1.1850
v -5.4800 1.2500 -0.7500
v -4.9867 1.2500 -0.7500
v -4.9867 1.3500 -0.7500
v -5.4800 1.3500 -0.7500
v -4.9467 1.2500 -1.1850
v -4.4533 1.2500 -1.1850
v -4.4533 1.3500 -1.1850
v -4.9467 1.3500 -1.1850
v -4.9467 1.2500 -0.7500
v -4.4533 1.2500 -0.7500
v -4.4533 1.3500 -0.7500
v -4.9467 1.3500 -0.7500
v -4.4133 1.2500 -1.1850
v -3.9200 1.2500 -1.1850
v -3.9200 1.3500 -1.1850
v -4.4133 1.3500 -1.1850
v -4.4133 1.2500 -0.7500
v -3.9200 1.2500 -0.7500
v -3.9200 1.3500 -0.7500
v -4.4133 1.3500 -0.7500
v -3.8800 1.2500 -1.1850
v -3.3867 1.2500 -1.1850
v -3.3867 1.3500 -1.1850
v -3.8800 1.3500 -1.1850
v -3.8800 1.2500 -0.7500
v -3.3867 1.2500 -0.7500
v -3.3867 1.3500 -0.7500
v -3.8800 1.3500 -0.7500
v -3.3467 1.2500 -1.1850
v -2.8533 1.2500 -1.1850
v -2.8533 1.3500 -1.1850
v -3.3467 1.3500 -1.1850
v -3.3467 1.2500 -0.7500
v -2.8533 1.2500 -0.7500
v -2.8533 1.3500 -0.7500
v -3.3467 1.3500 -0.7500
v -2.8133 1.2500 -1.1850
v -2.3200 1.2500 -1.1850
v -2.3200 1.3500 -1.1850
v -2.8133 1.3500 -1.1850
v -2.8133 1.2500 -0.7500
v -2.3200 1.2500 -0.7500
v -2.3200 1.3500 -0.7500
v -2.8133 1.3500 -0.7500
v -0.0800 1.2500 0.7500
v 0.3800 1.2500 0.7500
v 0.3800 1.3500 0.7500
v -0.0800 1.3500 0.7500
v -0.0800 1.2500 1.1850
v 0.3800 1.2500 1.1850
v 0.3800 1.3500 1.1850
v -0.0800 1.3500 1.1850
v 0.4200 1.2500 0.7500
v 0.8800 1.2500 0.7500
v 0.8800 1.3500 0.7500
v 0.4200 1.3500 0.7500
v 0.4200 1.2500 1.1850
v 0.8800 1.2500 1.1850
v 0.8800 1.3500 1.1850
v 0.4200 1.3500 1.1850
v 0.9200 1.2500 0.7500
v 1.3800 1.2500 0.7500
v 1.3800 1.3500 0.7500
v 0.9200 1.3500 0.7500
v 0.9200 1.2500 1.1850
v 1.3800 1.2500 1.1850
v 1.3800 1.3500 1.1850
v 0.9200 1.3500 1.1850
v 1.4200 1.2500 0.7500
v 1.8800 1.2500 0.7500
v 1.8800 1.3500 0.7500
v 1.4200 1.3500 0.7500
v 1.4200 1.2500 1.1850
v 1.8800 1.2500 1.1850
v 1.8800 1.3500 1.1850
v 1.4200 1.3500 1.1850
v 1.9200 1.2500 0.7500
v 2.3800 1.2500 0.7500
v 2.3800 1.3500 0.7500
v 1.9200 1.3500 0.7500
v 1.9200 1.2500 1.1850
v 2.3800 1.2500 1.1850
v 2.3800 1.3500 1.1850
v 1.9200 1.3500 1.1850
v 2.4200 1.2500 0.7500
v 2.8800 1.2500 0.7500
v 2.8800 1.3500 0.7500
v 2.4200 1.3500 0.7500
v 2.4200 1.2500 1.1850
v 2.8800 1.2500 1.1850
v 2.8800 1.3500 1.1850
v 2.4200 1.3500 1.1850
v 2.9200 1.2500 0.7500
v 3.3800 1.2500 0.7500
v 3.3800 1.3500 0.7500
v 2.9200 1.3500 0.7500
v 2.9200 1.2500 1.1850
v 3.3800 1.2500 1.1850
v 3.3800 1.3500 1.1850
v 2.9200 1.3500 1.1850
v 3.4200 1.2500 0.7500
v 3.8800 1.2500 0.7500
v 3.8800 1.3500 0.7500
v 3.4200 1.3500 0.7500
v 3.4200 1.2500 1.1850
v 3.8800 1.2500 1.1850
v 3.8800 1.3500 1.1850
v 3.4200 1.3500 1.1850
v -0.0800 1.2500 -1.1850
v 0.3800 1.2500 -1.1850
v 0.3800 1.3500 -1.1850
v -0.0800 1.3500 -1.1850
v -0.0800 1.2500 -0.7500
v 0.3800 1.2500 -0.7500
v 0.3800 1.3500 -0.7500
v -0.0800 1.3500 -0.7500
v 0.4200 1.2500 -1.1850
v 0.8800 1.2500 -1.1850
v 0.8800 1.3500 -1.1850
v 0.4200 1.3500 -1.1850
v 0.4200 1.2500 -0.7500
v 0.8800 1.2500 -0.7500
v 0.8800 1.3500 -0.7500
v 0.4200 1.3500 -0.7500
v 0.9200 1.2500 -1.1850
v 1.3800 1.2500 -1.1850
v 1.3800 1.3500 -1.1850
v 0.9200 1.3500 -1.1850
v 0.9200 1.2500 -0.7500
v 1.3800 1.2500 -0.7500
v 1.3800 1.3500 -0.7500
v 0.9200 1.3500 -0.7500
v 1.4200 1.2500 -1.1850
v 1.8800 1.2500 -1.1850
v 1.8800 1.3500 -1.1850
v 1.4200 1.3500 -1.1850
v 1.4200 1.2500 -0.7500
v 1.8800 1.2500 -0.7500
v 1.8800 1.3500 -0.7500
v 1.4200 1.3500 -0.7500
v 1.9200 1.2500 -1.1850
v 2.3800 1.2500 -1.1850
v 2.3800 1.3500 -1.1850
v 1.9200 1.3500 -1.1850
v 1.9200 1.2500 -0.7500
v 2.3800 1.2500 -0.7500
v 2.3800 1.3500 -0.7500
v 1.9200 1.3500 -0.7500
v 2.4200 1.2500 -1.1850
v 2.8800 1.2500 -1.1850
v 2.8800 1.3500 -1.1850
v 2.4200 1.3500 -1.1850
v 2.4200 1.2500 -0.7500
v 2.8800 1.2500 -0.7500
v 2.8800 1.3500 -0.7500
v 2.4200 1.3500 -0.7500
v 2.9200 1.2500 -1.1850
v 3.3800 1.2500 -1.1850
v 3.3800 1.3500 -1.1850
v 2.9200 1.3500 -1.1850
v 2.9200 1.2500 -0.7500
v 3.3800 1.2500 -0.7500
v 3.3800 1.3500 -0.7500
v 2.9200 1.3500 -0.7500
v 3.4200 1.2500 -1.1850
v 3.8800 1.2500 -1.1850
v 3.8800 1.3500 -1.1850
v 3.4200 1.3500 -1.1850
v 3.4200 1.2500 -0.7500
v 3.8800 1.2500 -0.7500
v 3.8800 1.3500 -0.7500
v 3.4200 1.3500 -0.7500
v -2.1750 0.8500 0.6750
v -2.1250 0.8500 0.6750
v -2.1250 3.2800 0.6750
v -2.1750 3.2800 0.6750
v -2.1750 0.8500 0.7250
v -2.1250 0.8500 0.7250
v -2.1250 3.2800 0.7250
v -2.1750 3.2800 0.7250
v -0.2750 0.8500 0.6750
v -0.2250 0.8500 0.6750
v -0.2250 3.2800 0.6750
v -0.2750 3.2800 0.6750
v -0.2750 0.8500 0.7250
v -0.2250 0.8500 0.7250
v -0.2250 3.2800 0.7250
v -0.2750 3.2800 0.7250
v -2.1750 0.8500 -0.7250
v -2.1250 0.8500 -0.7250
v -2.1250 3.2800 -0.7250
v -2.1750 3.2800 -0.7250
v -2.1750 0.8500 -0.6750
v -2.1250 0.8500 -0.6750
v -2.1250 3.2800 -0.6750
v -2.1750 3.2800 -0.6750
v -0.2750 0.8500 -0.7250
v -0.2250 0.8500 -0.7250
v -0.2250 3.2800 -0.7250
v -0.2750 3.2800 -0.7250
v -0.2750 0.8500 -0.6750
v -0.2250 0.8500 -0.6750
v -0.2250 3.2800 -0.6750
v -0.2750 3.2800 -0.6750
v -1.2250 0.8500 -0.0250
v -1.1750 0.8500 -0.0250
v -1.1750 3.2800 -0.0250
v -1.2250 3.2800 -0.0250
v -1.2250 0.8500 0.0250
v -1.1750 0.8500 0.0250
v -1.1750 3.2800 0.0250
v -1.2250 3.2800 0.0250
v -5.2000 3.2200 -0.1800
v -4.5000 3.2200 -0.1800
v -4.5000 3.2400 -0.1800
v -5.2000 3.2400 -0.1800
v -5.2000 3.2200 0.1800
v -4.5000 3.2200 0.1800
v -4.5000 3.2400 0.1800
v -5.2000 3.2400 0.1800
v -5.1500 3.2150 -0.1500
v -5.0900 3.2150 -0.1500
v -5.0900 3.2200 -0.1500
v -5.1500 3.2200 -0.1500
v -5.1500 3.2150 0.1500
v -5.0900 3.2150 0.1500
v -5.0900 3.2200 0.1500
v -5.1500 3.2200 0.1500
v -4.9700 3.2150 -0.1500
v -4.9100 3.2150 -0.1500
v -4.9100 3.2200 -0.1500
v -4.9700 3.2200 -0.1500
v -4.9700 3.2150 0.1500
v -4.9100 3.2150 0.1500
v -4.9100 3.2200 0.1500
v -4.9700 3.2200 0.1500
v -4.7900 3.2150 -0.1500
v -4.7300 3.2150 -0.1500
v -4.7300 3.2200 -0.1500
v -4.7900 3.2200 -0.1500
v -4.7900 3.2150 0.1500
v -4.7300 3.2150 0.1500
v -4.7300 3.2200 0.1500
v -4.7900 3.2200 0.1500
v -4.6100 3.2150 -0.1500
v -4.5500 3.2150 -0.1500
v -4.5500 3.2200 -0.1500
v -4.6100 3.2200 -0.1500
v -4.6100 3.2150 0.1500
v -4.5500 3.2150 0.1500
v -4.5500 3.2200 0.1500
v -4.6100 3.2200 0.1500
v -5.7500 3.2300 0.7500
v -5.6000 3.2300 0.7500
v -5.6000 3.2400 0.7500
v -5.7500 3.2400 0.7500
v -5.7500 3.2300 0.9000
v -5.6000 3.2300 0.9000
v -5.6000 3.2400 0.9000
v -5.7500 3.2400 0.9000
v -3.2000 3.2200 -0.1800
v -2.5000 3.2200 -0.1800
v -2.5000 3.2400 -0.1800
v -3.2000 3.2400 -0.1800
v -3.2000 3.2200 0.1800
v -2.5000 3.2200 0.1800
v -2.5000 3.2400 0.1800
v -3.2000 3.2400 0.1800
v -3.1500 3.2150 -0.1500
v -3.0900 3.2150 -0.1500
v -3.0900 3.2200 -0.1500
v -3.1500 3.2200 -0.1500
v -3.1500 3.2150 0.1500
v -3.0900 3.2150 0.1500
v -3.0900 3.2200 0.1500
v -3.1500 3.2200 0.1500
v -2.9700 3.2150 -0.1500
v -2.9100 3.2150 -0.1500
v -2.9100 3.2200 -0.1500
v -2.9700 3.2200 -0.1500
v -2.9700 3.2150 0.1500
v -2.9100 3.2150 0.1500
v -2.9100 3.2200 0.1500
v -2.9700 3.2200 0.1500
v -2.7900 3.2150 -0.1500
v -2.7300 3.2150 -0.1500
v -2.7300 3.2200 -0.1500
v -2.7900 3.2200 -0.1500
v -2.7900 3.2150 0.1500
v -2.7300 3.2150 0.1500
v -2.7300 3.2200 0.1500
v -2.7900 3.2200 0.1500
v -2.6100 3.2150 -0.1500
v -2.5500 3.2150 -0.1500
v -2.5500 3.2200 -0.1500
v -2.6100 3.2200 -0.1500
v -2.6100 3.2150 0.1500
v -2.5500 3.2150 0.1500
v -2.5500 3.2200 0.1500
v -2.6100 3.2200 0.1500
v -2.2500 3.2000 -0.0700
v -2.1000 3.2000 -0.0700
v -2.1000 3.2400 -0.0700
v -2.2500 3.2400 -0.0700
v -2.2500 3.2000 0.0700
v -2.1000 3.2000 0.0700
v -2.1000 3.2400 0.0700
v -2.2500 3.2400 0.0700
v -1.2000 3.2200 -0.1800
v -0.5000 3.2200 -0.1800
v -0.5000 3.2400 -0.1800
v -1.2000 3.2400 -0.1800
v -1.2000 3.2200 0.1800
v -0.5000 3.2200 0.1800
v -0.5000 3.2400 0.1800
v -1.2000 3.2400 0.1800
v -1.1500 3.2150 -0.1500
v -1.0900 3.2150 -0.1500
v -1.0900 3.2200 -0.1500
v -1.1500 3.2200 -0.1500
v -1.1500 3.2150 0.1500
v -1.0900 3.2150 0.1500
v -1.0900 3.2200 0.1500
v -1.1500 3.2200 0.1500
v -0.9700 3.2150 -0.1500
v -0.9100 3.2150 -0.1500
v -0.9100 3.2200 -0.1500
v -0.9700 3.2200 -0.1500
v -0.9700 3.2150 0.1500
v -0.9100 3.2150 0.1500
v -0.9100 3.2200 0.1500
v -0.9700 3.2200 0.1500
v -0.7900 3.2150 -0.1500
v -0.7300 3.2150 -0.1500
v -0.7300 3.2200 -0.1500
v -0.7900 3.2200 -0.1500
v -0.7900 3.2150 0.1500
v -0.7300 3.2150 0.1500
v -0.7300 3.2200 0.1500
v -0.7900 3.2200 0.1500
v -0.6100 3.2150 -0.1500
v -0.5500 3.2150 -0.1500
v -0.5500 3.2200 -0.1500
v -0.6100 3.2200 -0.1500
v -0.6100 3.2150 0.1500
v -0.5500 3.2150 0.1500
v -0.5500 3.2200 0.1500
v -0.6100 3.2200 0.1500
v -1.7500 3.2300 0.7500
v -1.6000 3.2300 0.7500
v -1.6000 3.2400 0.7500
v -1.7500 3.2400 0.7500
v -1.7500 3.2300 0.9000
v -1.6000 3.2300 0.9000
v -1.6000 3.2400 0.9000
v -1.7500 3.2400 0.9000
v 0.8000 3.2200 -0.1800
v 1.5000 3.2200 -0.1800
v 1.5000 3.2400 -0.1800
v 0.8000 3.2400 -0.1800
v 0.8000 3.2200 0.1800
v 1.5000 3.2200 0.1800
v 1.5000 3.2400 0.1800
v 0.8000 3.2400 0.1800
v 0.8500 3.2150 -0.1500
v 0.9100 3.2150 -0.1500
v 0.9100 3.2200 -0.1500
v 0.8500 3.2200 -0.1500
v 0.8500 3.2150 0.1500
v 0.9100 3.2150 0.1500
v 0.9100 3.2200 0.1500
v 0.8500 3.2200 0.1500
v 1.0300 3.2150 -0.1500
v 1.0900 3.2150 -0.1500
v 1.0900 3.2200 -0.1500
v 1.0300 3.2200 -0.1500
v 1.0300 3.2150 0.1500
v 1.0900 3.2150 0.1500
v 1.0900 3.2200 0.1500
v 1.0300 3.2200 0.1500
v 1.2100 3.2150 -0.1500
v 1.2700 3.2150 -0.1500
v 1.2700 3.2200 -0.1500
v 1.2100 3.2200 -0.1500
v 1.2100 3.2150 0.1500
v 1.2700 3.2150 0.1500
v 1.2700 3.2200 0.1500
v 1.2100 3.2200 0.1500
v 1.3900 3.2150 -0.1500
v 1.4500 3.2150 -0.1500
v 1.4500 3.2200 -0.1500
v 1.3900 3.2200 -0.1500
v 1.3900 3.2150 0.1500
v 1.4500 3.2150 0.1500
v 1.4500 3.2200 0.1500
v 1.3900 3.2200 0.1500
v 2.8000 3.2200 -0.1800
v 3.5000 3.2200 -0.1800
v 3.5000 3.2400 -0.1800
v 2.8000 3.2400 -0.1800
v 2.8000 3.2200 0.1800
v 3.5000 3.2200 0.1800
v 3.5000 3.2400 0.1800
v 2.8000 3.2400 0.1800
v 2.8500 3.2150 -0.1500
v 2.9100 3.2150 -0.1500
v 2.9100 3.2200 -0.1500
v 2.8500 3.2200 -0.1500
v 2.8500 3.2150 0.1500
v 2.9100 3.2150 0.1500
v 2.9100 3.2200 0.1500
v 2.8500 3.2200 0.1500
v 3.0300 3.2150 -0.1500
v 3.0900 3.2150 -0.1500
v 3.0900 3.2200 -0.1500
v 3.0300 3.2200 -0.1500
v 3.0300 3.2150 0.1500
v 3.0900 3.2150 0.1500
v 3.0900 3.2200 0.1500
v 3.0300 3.2200 0.1500
v 3.2100 3.2150 -0.1500
v 3.2700 3.2150 -0.1500
v 3.2700 3.2200 -0.1500
v 3.2100 3.2200 -0.1500
v 3.2100 3.2150 0.1500
v 3.2700 3.2150 0.1500
v 3.2700 3.2200 0.1500
v 3.2100 3.2200 0.1500
v 3.3900 3.2150 -0.1500
v 3.4500 3.2150 -0.1500
v 3.4500 3.2200 -0.1500
v 3.3900 3.2200 -0.1500
v 3.3900 3.2150 0.1500
v 3.4500 3.2150 0.1500
v 3.4500 3.2200 0.1500
v 3.3900 3.2200 0.1500
v 3.7500 3.2000 -0.0700
v 3.9000 3.2000 -0.0700
v 3.9000 3.2400 -0.0700
v 3.7500 3.2400 -0.0700
v 3.7500 3.2000 0.0700
v 3.9000 3.2000 0.0700
v 3.9000 3.2400 0.0700
v 3.7500 3.2400 0.0700
v 2.2500 3.2300 0.7500
v 2.4000 3.2300 0.7500
v 2.4000 3.2400 0.7500
v 2.2500 3.2400 0.7500
v 2.2500 3.2300 0.9000
v 2.4000 3.2300 0.9000
v 2.4000 3.2400 0.9000
v 2.2500 3.2400 0.9000
v -1.8000 2.8600 1.2250
v -0.6000 2.8600 1.2250
v -0.6000 3.0600 1.2250
v -1.8000 3.0600 1.2250
v -1.8000 2.8600 1.2400
v -0.6000 2.8600 1.2400
v -0.6000 3.0600 1.2400
v -1.8000 3.0600 1.2400
v -1.7500 2.9500 1.2200
v -0.6500 2.9500 1.2200
v -0.6500 2.9700 1.2200
v -1.7500 2.9700 1.2200
v -1.7500 2.9500 1.2250
v -0.6500 2.9500 1.2250
v -0.6500 2.9700 1.2250
v -1.7500 2.9700 1.2250
v -1.7400 2.9350 1.2150
v -1.7000 2.9350 1.2150
v -1.7000 2.9850 1.2150
v -1.7400 2.9850 1.2150
v -1.7400 2.9350 1.2250
v -1.7000 2.9350 1.2250
v -1.7000 2.9850 1.2250
v -1.7400 2.9850 1.2250
v -1.5667 2.9350 1.2150
v -1.5267 2.9350 1.2150
v -1.5267 2.9850 1.2150
v -1.5667 2.9850 1.2150
v -1.5667 2.9350 1.2250
v -1.5267 2.9350 1.2250
v -1.5267 2.9850 1.2250
v -1.5667 2.9850 1.2250
v -1.3933 2.9350 1.2150
v -1.3533 2.9350 1.2150
v -1.3533 2.9850 1.2150
v -1.3933 2.9850 1.2150
v -1.3933 2.9350 1.2250
v -1.3533 2.9350 1.2250
v -1.3533 2.9850 1.2250
v -1.3933 2.9850 1.2250
v -1.2200 2.9350 1.2150
v -1.1800 2.9350 1.2150
v -1.1800 2.9850 1.2150
v -1.2200 2.9850 1.2150
v -1.2200 2.9350 1.2250
v -1.1800 2.9350 1.2250
v -1.1800 2.9850 1.2250
v -1.2200 2.9850 1.2250
v -1.0467 2.9350 1.2150
v -1.0067 2.9350 1.2150
v -1.0067 2.9850 1.2150
v -1.0467 2.9850 1.2150
v -1.0467 2.9350 1.2250
v -1.0067 2.9350 1.2250
v -1.0067 2.9850 1.2250
v -1.0467 2.9850 1.2250
v -0.8733 2.9350 1.2150
v -0.8333 2.9350 1.2150
v -0.8333 2.9850 1.2150
v -0.8733 2.9850 1.2150
v -0.8733 2.9350 1.2250
v -0.8333 2.9350 1.2250
v -0.8333 2.9850 1.2250
v -0.8733 2.9850 1.2250
v -0.7000 2.9350 1.2150
v -0.6600 2.9350 1.2150
v -0.6600 2.9850 1.2150
v -0.7000 2.9850 1.2150
v -0.7000 2.9350 1.2250
v -0.6600 2.9350 1.2250
v -0.6600 2.9850 1.2250
v -0.7000 2.9850 1.2250
v -1.8000 2.8600 -1.2400
v -0.6000 2.8600 -1.2400
v -0.6000 3.0600 -1.2400
v -1.8000 3.0600 -1.2400
v -1.8000 2.8600 -1.2250
v -0.6000 2.8600 -1.2250
v -0.6000 3.0600 -1.2250
v -1.8000 3.0600 -1.2250
v -1.7500 2.9500 -1.2250
v -0.6500 2.9500 -1.2250
v -0.6500 2.9700 -1.2250
v -1.7500 2.9700 -1.2250
v -1.7500 2.9500 -1.2200
v -0.6500 2.9500 -1.2200
v -0.6500 2.9700 -1.2200
v -1.7500 2.9700 -1.2200
v -1.7400 2.9350 -1.2250
v -1.7000 2.9350 -1.2250
v -1.7000 2.9850 -1.2250
v -1.7400 2.9850 -1.2250
v -1.7400 2.9350 -1.2150
v -1.7000 2.9350 -1.2150
v -1.7000 2.9850 -1.2150
v -1.7400 2.9850 -1.2150
v -1.5667 2.9350 -1.2250
v -1.5267 2.9350 -1.2250
v -1.5267 2.9850 -1.2250
v -1.5667 2.9850 -1.2250
v -1.5667 2.9350 -1.2150
v -1.5267 2.9350 -1.2150
v -1.5267 2.9850 -1.2150
v -1.5667 2.9850 -1.2150
v -1.3933 2.9350 -1.2250
v -1.3533 2.9350 -1.2250
v -1.3533 2.9850 -1.2250
v -1.3933 2.9850 -1.2250
v -1.3933 2.9350 -1.2150
v -1.3533 2.9350 -1.2150
v -1.3533 2.9850 -1.2150
v -1.3933 2.9850 -1.2150
v -1.2200 2.9350 -1.2250
v -1.1800 2.9350 -1.2250
v -1.1800 2.9850 -1.2250
v -1.2200 2.9850 -1.2250
v -1.2200 2.9350 -1.2150
v -1.1800 2.9350 -1.2150
v -1.1800 2.9850 -1.2150
v -1.2200 2.9850 -1.2150
v -1.0467 2.9350 -1.2250
v -1.0067 2.9350 -1.2250
v -1.0067 2.9850 -1.2250
v -1.0467 2.9850 -1.2250
v -1.0467 2.9350 -1.2150
v -1.0067 2.9350 -1.2150
v -1.0067 2.9850 -1.2150
v -1.0467 2.9850 -1.2150
v -0.8733 2.9350 -1.2250
v -0.8333 2.9350 -1.2250
v -0.8333 2.9850 -1.2250
v -0.8733 2.9850 -1.2250
v -0.8733 2.9350 -1.2150
v -0.8333 2.9350 -1.2150
v -0.8333 2.9850 -1.2150
v -0.8733 2.9850 -1.2150
v -0.7000 2.9350 -1.2250
v -0.6600 2.9350 -1.2250
v -0.6600 2.9850 -1.2250
v -0.7000 2.9850 -1.2250
v -0.7000 2.9350 -1.2150
v -0.6600 2.9350 -1.2150
v -0.6600 2.9850 -1.2150
v -0.7000 2.9850 -1.2150
v -5.3800 1.0000 1.0550
v -5.2200 1.0000 1.0550
v -5.2200 1.5000 1.0550
v -5.3800 1.5000 1.0550
v -5.3800 1.0000 1.2150
v -5.2200 1.0000 1.2150
v -5.2200 1.5000 1.2150
v -5.3800 1.5000 1.2150
v -5.3300 1.5000 1.1150
v -5.2700 1.5000 1.1150
v -5.2700 1.6000 1.1150
v -5.3300 1.6000 1.1150
v -5.3300 1.5000 1.1550
v -5.2700 1.5000 1.1550
v -5.2700 1.6000 1.1550
v -5.3300 1.6000 1.1550
v -5.4000 2.2000 1.2050
v -5.2000 2.2000 1.2050
v -5.2000 2.4500 1.2050
v -5.4000 2.4500 1.2050
v -5.4000 2.2000 1.2350
v -5.2000 2.2000 1.2350
v -5.2000 2.4500 1.2350
v -5.4000 2.4500 1.2350
v -5.3400 2.2700 1.1950
v -5.2600 2.2700 1.1950
v -5.2600 2.3500 1.1950
v -5.3400 2.3500 1.1950
v -5.3400 2.2700 1.2050
v -5.2600 2.2700 1.2050
v -5.2600 2.3500 1.2050
v -5.3400 2.3500 1.2050
v -5.3800 1.0000 -1.2150
v -5.2200 1.0000 -1.2150
v -5.2200 1.5000 -1.2150
v -5.3800 1.5000 -1.2150
v -5.3800 1.0000 -1.0550
v -5.2200 1.0000 -1.0550
v -5.2200 1.5000 -1.0550
v -5.3800 1.5000 -1.0550
v -5.3300 1.5000 -1.1550
v -5.2700 1.5000 -1.1550
v -5.2700 1.6000 -1.1550
v -5.3300 1.6000 -1.1550
v -5.3300 1.5000 -1.1150
v -5.2700 1.5000 -1.1150
v -5.2700 1.6000 -1.1150
v -5.3300 1.6000 -1.1150
v -5.4000 2.2000 -1.2350
v -5.2000 2.2000 -1.2350
v -5.2000 2.4500 -1.2350
v -5.4000 2.4500 -1.2350
v -5.4000 2.2000 -1.2050
v -5.2000 2.2000 -1.2050
v -5.2000 2.4500 -1.2050
v -5.4000 2.4500 -1.2050
v -5.3400 2.2700 -1.2050
v -5.2600 2.2700 -1.2050
v -5.2600 2.3500 -1.2050
v -5.3400 2.3500 -1.2050
v -5.3400 2.2700 -1.1950
v -5.2600 2.2700 -1.1950
v -5.2600 2.3500 -1.1950
v -5.3400 2.3500 -1.1950
v 4.0500 0.8500 0.4500
v 4.1300 0.8500 0.4500
v 4.1300 3.2800 0.4500
v 4.0500 3.2800 0.4500
v 4.0500 0.8500 1.2500
v 4.1300 0.8500 1.2500
v 4.1300 3.2800 1.2500
v 4.0500 3.2800 1.2500
v 4.0500 0.8500 -1.2500
v 4.1300 0.8500 -1.2500
v 4.1300 3.2800 -1.2500
v 4.0500 3.2800 -1.2500
v 4.0500 0.8500 -0.4500
v 4.1300 0.8500 -0.4500
v 4.1300 3.2800 -0.4500
v 4.0500 3.2800 -0.4500
v 4.0500 2.8500 -0.4500
v 4.1300 2.8500 -0.4500
v 4.1300 3.2800 -0.4500
v 4.0500 3.2800 -0.4500
v 4.0500 2.8500 0.4500
v 4.1300 2.8500 0.4500
v 4.1300 3.2800 0.4500
v 4.0500 3.2800 0.4500
v 3.8240 0.8500 -1.1909
v 4.5240 0.8500 -1.1909
v 4.5240 1.7000 -1.1909
v 3.8240 1.7000 -1.1909
v 3.8240 0.8500 1.1909
v 4.5240 0.8500 1.1909
v 4.5240 1.7000 1.1909
v 3.8240 1.7000 1.1909
v 3.7740 1.7000 -1.1909
v 4.4740 1.7000 -1.1909
v 4.4740 1.7700 -1.1909
v 3.7740 1.7700 -1.1909
v 3.7740 1.7000 1.1909
v 4.4740 1.7000 1.1909
v 4.4740 1.7700 1.1909
v 3.7740 1.7700 1.1909
v 4.1240 1.7700 -0.5500
v 4.1940 1.7700 -0.5500
v 4.1940 2.0500 -0.5500
v 4.1240 2.0500 -0.5500
v 4.1240 1.7700 -0.0500
v 4.1940 1.7700 -0.0500
v 4.1940 2.0500 -0.0500
v 4.1240 2.0500 -0.0500
v 4.1140 1.8100 -0.5200
v 4.1240 1.8100 -0.5200
v 4.1240 2.0100 -0.5200
v 4.1140 2.0100 -0.5200
v 4.1140 1.8100 -0.0800
v 4.1240 1.8100 -0.0800
v 4.1240 2.0100 -0.0800
v 4.1140 2.0100 -0.0800
v 4.1240 1.7700 0.0500
v 4.1940 1.7700 0.0500
v 4.1940 2.0500 0.0500
v 4.1240 2.0500 0.0500
v 4.1240 1.7700 0.4500
v 4.1940 1.7700 0.4500
v 4.1940 2.0500 0.4500
v 4.1240 2.0500 0.4500
v 4.1140 1.8100 0.0800
v 4.1240 1.8100 0.0800
v 4.1240 2.0100 0.0800
v 4.1140 2.0100 0.0800
v 4.1140 1.8100 0.4200
v 4.1240 1.8100 0.4200
v 4.1240 2.0100 0.4200
v 4.1140 2.0100 0.4200
v 3.8740 1.7700 -0.4200
v 3.9340 1.7700 -0.4200
v 3.9340 1.9700 -0.4200
v 3.8740 1.9700 -0.4200
v 3.8740 1.7700 -0.3600
v 3.9340 1.7700 -0.3600
v 3.9340 1.9700 -0.3600
v 3.8740 1.9700 -0.3600
v 3.8540 1.9700 -0.4400
v 3.9540 1.9700 -0.4400
v 3.9540 2.0200 -0.4400
v 3.8540 2.0200 -0.4400
v 3.8540 1.9700 -0.3400
v 3.9540 1.9700 -0.3400
v 3.9540 2.0200 -0.3400
v 3.8540 2.0200 -0.3400
v 3.8740 1.7700 -0.2600
v 3.9340 1.7700 -0.2600
v 3.9340 1.9500 -0.2600
v 3.8740 1.9500 -0.2600
v 3.8740 1.7700 -0.2000
v 3.9340 1.7700 -0.2000
v 3.9340 1.9500 -0.2000
v 3.8740 1.9500 -0.2000
v 3.8540 1.9500 -0.2800
v 3.9540 1.9500 -0.2800
v 3.9540 2.0000 -0.2800
v 3.8540 2.0000 -0.2800
v 3.8540 1.9500 -0.1800
v 3.9540 1.9500 -0.1800
v 3.9540 2.0000 -0.1800
v 3.8540 2.0000 -0.1800
v 3.8740 1.7700 0.1200
v 3.9240 1.7700 0.1200
v 3.9240 1.8700 0.1200
v 3.8740 1.8700 0.1200
v 3.8740 1.7700 0.1700
v 3.9240 1.7700 0.1700
v 3.9240 1.8700 0.1700
v 3.8740 1.8700 0.1700
v 3.8740 1.7700 0.2800
v 3.9540 1.7700 0.2800
v 3.9540 1.8100 0.2800
v 3.8740 1.8100 0.2800
v 3.8740 1.7700 0.3600
v 3.9540 1.7700 0.3600
v 3.9540 1.8100 0.3600
v 3.8740 1.8100 0.3600
v 3.8740 1.7700 0.4000
v 3.9540 1.7700 0.4000
v 3.9540 1.8100 0.4000
v 3.8740 1.8100 0.4000
v 3.8740 1.7700 0.4800
v 3.9540 1.7700 0.4800
v 3.9540 1.8100 0.4800
v 3.8740 1.8100 0.4800
v 3.2040 0.8500 -0.4200
v 3.4440 0.8500 -0.4200
v 3.4440 1.2700 -0.4200
v 3.2040 1.2700 -0.4200
v 3.2040 0.8500 -0.1800
v 3.4440 0.8500 -0.1800
v 3.4440 1.2700 -0.1800
v 3.2040 1.2700 -0.1800
v 3.0040 1.3500 -0.5500
v 3.0840 1.3500 -0.5500
v 3.0840 2.1000 -0.5500
v 3.0040 2.1000 -0.5500
v 3.0040 1.3500 -0.0500
v 3.0840 1.3500 -0.0500
v 3.0840 2.1000 -0.0500
v 3.0040 2.1000 -0.0500
v 3.2040 0.8500 0.2200
v 3.4440 0.8500 0.2200
v 3.4440 1.2700 0.2200
v 3.2040 1.2700 0.2200
v 3.2040 0.8500 0.4500
v 3.4440 0.8500 0.4500
v 3.4440 1.2700 0.4500
v 3.2040 1.2700 0.4500
v 3.0740 1.2700 -0.5500
v 3.5740 1.2700 -0.5500
v 3.5740 1.3700 -0.5500
v 3.0740 1.3700 -0.5500
v 3.0740 1.2700 -0.0500
v 3.5740 1.2700 -0.0500
v 3.5740 1.3700 -0.0500
v 3.0740 1.3700 -0.0500
v 3.0740 1.2700 0.1200
v 3.5740 1.2700 0.1200
v 3.5740 1.3700 0.1200
v 3.0740 1.3700 0.1200
v 3.0740 1.2700 0.5500
v 3.5740 1.2700 0.5500
v 3.5740 1.3700 0.5500
v 3.0740 1.3700 0.5500
vt 0.031250 0.968750
vt 0.093750 0.968750
vt 0.156250 0.968750
vt 0.218750 0.968750
vt 0.281250 0.968750
vt 0.343750 0.968750
vt 0.406250 0.968750
vt 0.468750 0.968750
vt 0.531250 0.968750
vt 0.593750 0.968750
vt 0.656250 0.968750
vt 0.718750 0.968750
vt 0.781250 0.968750
vt 0.843750 0.968750
vt 0.906250 0.968750
vt 0.968750 0.968750
vt 0.031250 0.906250
vt 0.093750 0.906250
vt 0.156250 0.906250
vt 0.218750 0.906250
vt 0.281250 0.906250
vt 0.343750 0.906250
vt 0.406250 0.906250
vt 0.468750 0.906250
vt 0.531250 0.906250
vt 0.593750 0.906250
vt 0.656250 0.906250
vt 0.718750 0.906250
vt 0.781250 0.906250
vt 0.843750 0.906250
vt 0.906250 0.906250
vt 0.968750 0.906250
vt 0.031250 0.843750
vt 0.093750 0.843750
vt 0.156250 0.843750
vt 0.218750 0.843750
vt 0.281250 0.843750
vt 0.343750 0.843750
vt 0.406250 0.843750
vt 0.468750 0.843750
vt 0.531250 0.843750
vt 0.593750 0.843750
vt 0.656250 0.843750
vt 0.718750 0.843750
vt 0.781250 0.843750
vt 0.843750 0.843750
vt 0.906250 0.843750
vt 0.968750 0.843750
vt 0.031250 0.781250
vt 0.093750 0.781250
vt 0.156250 0.781250
vt 0.218750 0.781250
vt 0.281250 0.781250
vt 0.343750 0.781250
vt 0.406250 0.781250
vt 0.468750 0.781250
vt 0.531250 0.781250
vt 0.593750 0.781250
vt 0.656250 0.781250
vt 0.718750 0.781250
vt 0.781250 0.781250
vt 0.843750 0.781250
vn 0 0 -1
vn 0 0 1
vn 0 -1 0
vn 0 1 0
vn -1 0 0
vn 1 0 0
o SHELL
usemtl palette
f 1/39/1 4/39/1 3/39/1 2/39/1
f 5/39/2 6/39/2 7/39/2 8/39/2
f 1/39/3 2/39/3 6/39/3 5/39/3
f 4/39/4 8/39/4 7/39/4 3/39/4
f 1/39/5 5/39/5 8/39/5 4/39/5
f 2/39/6 3/39/6 7/39/6 6/39/6
f 9/39/1 12/39/1 11/39/1 10/39/1
f 13/39/2 14/39/2 15/39/2 16/39/2
f 9/39/3 10/39/3 14/39/3 13/39/3
f 12/39/4 16/39/4 15/39/4 11/39/4
f 9/39/5 13/39/5 16/39/5 12/39/5
f 10/39/6 11/39/6 15/39/6 14/39/6
f 17/30/1 20/30/1 19/30/1 18/30/1
f 21/30/2 22/30/2 23/30/2 24/30/2
f 17/30/3 18/30/3 22/30/3 21/30/3
f 20/30/4 24/30/4 23/30/4 19/30/4
f 17/30/5 21/30/5 24/30/5 20/30/5
f 18/30/6 19/30/6 23/30/6 22/30/6
f 25/30/1 28/30/1 27/30/1 26/30/1
f 29/30/2 30/30/2 31/30/2 32/30/2
f 25/30/3 26/30/3 30/30/3 29/30/3
f 28/30/4 32/30/4 31/30/4 27/30/4
f 25/30/5 29/30/5 32/30/5 28/30/5
f 26/30/6 27/30/6 31/30/6 30/30/6
f 33/45/1 36/45/1 35/45/1 34/45/1
f 37/45/2 38/45/2 39/45/2 40/45/2
f 33/45/3 34/45/3 38/45/3 37/45/3
f 36/45/4 40/45/4 39/45/4 35/45/4
f 33/45/5 37/45/5 40/45/5 36/45/5
f 34/45/6 35/45/6 39/45/6 38/45/6
f 41/45/1 44/45/1 43/45/1 42/45/1
f 45/45/2 46/45/2 47/45/2 48/45/2
f 41/45/3 42/45/3 46/45/3 45/45/3
f 44/45/4 48/45/4 47/45/4 43/45/4
f 41/45/5 45/45/5 48/45/5 44/45/5
f 42/45/6 43/45/6 47/45/6 46/45/6
f 49/45/1 52/45/1 51/45/1 50/45/1
f 53/45/2 54/45/2 55/45/2 56/45/2
f 49/45/3 50/45/3 54/45/3 53/45/3
f 52/45/4 56/45/4 55/45/4 51/45/4
f 49/45/5 53/45/5 56/45/5 52/45/5
f 50/45/6 51/45/6 55/45/6 54/45/6
f 57/45/1 60/45/1 59/45/1 58/45/1
f 61/45/2 62/45/2 63/45/2 64/45/2
f 57/45/3 58/45/3 62/45/3 61/45/3
f 60/45/4 64/45/4 63/45/4 59/45/4
f 57/45/5 61/45/5 64/45/5 60/45/5
f 58/45/6 59/45/6 63/45/6 62/45/6
f 65/54/1 68/54/1 67/54/1 66/54/1
f 69/54/2 70/54/2 71/54/2 72/54/2
f 65/54/3 66/54/3 70/54/3 69/54/3
f 68/54/4 72/54/4 71/54/4 67/54/4
f 65/54/5 69/54/5 72/54/5 68/54/5
f 66/54/6 67/54/6 71/54/6 70/54/6
f 73/54/1 76/54/1 75/54/1 74/54/1
f 77/54/2 78/54/2 79/54/2 80/54/2
f 73/54/3 74/54/3 78/54/3 77/54/3
f 76/54/4 80/54/4 79/54/4 75/54/4
f 73/54/5 77/54/5 80/54/5 76/54/5
f 74/54/6 75/54/6 79/54/6 78/54/6
f 81/54/1 84/54/1 83/54/1 82/54/1
f 85/54/2 86/54/2 87/54/2 88/54/2
f 81/54/3 82/54/3 86/54/3 85/54/3
f 84/54/4 88/54/4 87/54/4 83/54/4
f 81/54/5 85/54/5 88/54/5 84/54/5
f 82/54/6 83/54/6 87/54/6 86/54/6
f 89/54/1 92/54/1 91/54/1 90/54/1
f 93/54/2 94/54/2 95/54/2 96/54/2
f 89/54/3 90/54/3 94/54/3 93/54/3
f 92/54/4 96/54/4 95/54/4 91/54/4
f 89/54/5 93/54/5 96/54/5 92/54/5
f 90/54/6 91/54/6 95/54/6 94/54/6
f 97/54/1 100/54/1 99/54/1 98/54/1
f 101/54/2 102/54/2 103/54/2 104/54/2
f 97/54/3 98/54/3 102/54/3 101/54/3
f 100/54/4 104/54/4 103/54/4 99/54/4
f 97/54/5 101/54/5 104/54/5 100/54/5
f 98/54/6 99/54/6 103/54/6 102/54/6
f 105/54/1 108/54/1 107/54/1 106/54/1
f 109/54/2 110/54/2 111/54/2 112/54/2
f 105/54/3 106/54/3 110/54/3 109/54/3
f 108/54/4 112/54/4 111/54/4 107/54/4
f 105/54/5 109/54/5 112/54/5 108/54/5
f 106/54/6 107/54/6 111/54/6 110/54/6
f 113/39/1 116/39/1 115/39/1 114/39/1
f 117/39/2 118/39/2 119/39/2 120/39/2
f 113/39/3 114/39/3 118/39/3 117/39/3
f 116/39/4 120/39/4 119/39/4 115/39/4
f 113/39/5 117/39/5 120/39/5 116/39/5
f 114/39/6 115/39/6 119/39/6 118/39/6
f 121/39/1 124/39/1 123/39/1 122/39/1
f 125/39/2 126/39/2 127/39/2 128/39/2
f 121/39/3 122/39/3 126/39/3 125/39/3
f 124/39/4 128/39/4 127/39/4 123/39/4
f 121/39/5 125/39/5 128/39/5 124/39/5
f 122/39/6 123/39/6 127/39/6 126/39/6
f 129/30/1 132/30/1 131/30/1 130/30/1
f 133/30/2 134/30/2 135/30/2 136/30/2
f 129/30/3 130/30/3 134/30/3 133/30/3
f 132/30/4 136/30/4 135/30/4 131/30/4
f 129/30/5 133/30/5 136/30/5 132/30/5
f 130/30/6 131/30/6 135/30/6 134/30/6
f 137/30/1 140/30/1 139/30/1 138/30/1
f 141/30/2 142/30/2 143/30/2 144/30/2
f 137/30/3 138/30/3 142/30/3 141/30/3
f 140/30/4 144/30/4 143/30/4 139/30/4
f 137/30/5 141/30/5 144/30/5 140/30/5
f 138/30/6 139/30/6 143/30/6 142/30/6
f 145/54/1 148/54/1 147/54/1 146/54/1
f 149/54/2 150/54/2 151/54/2 152/54/2
f 145/54/3 146/54/3 150/54/3 149/54/3
f 148/54/4 152/54/4 151/54/4 147/54/4
f 145/54/5 149/54/5 152/54/5 148/54/5
f 146/54/6 147/54/6 151/54/6 150/54/6
f 153/54/1 156/54/1 155/54/1 154/54/1
f 157/54/2 158/54/2 159/54/2 160/54/2
f 153/54/3 154/54/3 158/54/3 157/54/3
f 156/54/4 160/54/4 159/54/4 155/54/4
f 153/54/5 157/54/5 160/54/5 156/54/5
f 154/54/6 155/54/6 159/54/6 158/54/6
f 161/54/1 164/54/1 163/54/1 162/54/1
f 165/54/2 166/54/2 167/54/2 168/54/2
f 161/54/3 162/54/3 166/54/3 165/54/3
f 164/54/4 168/54/4 167/54/4 163/54/4
f 161/54/5 165/54/5 168/54/5 164/54/5
f 162/54/6 163/54/6 167/54/6 166/54/6
f 169/54/1 172/54/1 171/54/1 170/54/1
f 173/54/2 174/54/2 175/54/2 176/54/2
f 169/54/3 170/54/3 174/54/3 173/54/3
f 172/54/4 176/54/4 175/54/4 171/54/4
f 169/54/5 173/54/5 176/54/5 172/54/5
f 170/54/6 171/54/6 175/54/6 174/54/6
f 177/45/1 180/45/1 179/45/1 178/45/1
f 181/45/2 182/45/2 183/45/2 184/45/2
f 177/45/3 178/45/3 182/45/3 181/45/3
f 180/45/4 184/45/4 183/45/4 179/45/4
f 177/45/5 181/45/5 184/45/5 180/45/5
f 178/45/6 179/45/6 183/45/6 182/45/6
f 185/45/1 188/45/1 187/45/1 186/45/1
f 189/45/2 190/45/2 191/45/2 192/45/2
f 185/45/3 186/45/3 190/45/3 189/45/3
f 188/45/4 192/45/4 191/45/4 187/45/4
f 185/45/5 189/45/5 192/45/5 188/45/5
f 186/45/6 187/45/6 191/45/6 190/45/6
f 193/54/1 196/54/1 195/54/1 194/54/1
f 197/54/2 198/54/2 199/54/2 200/54/2
f 193/54/3 194/54/3 198/54/3 197/54/3
f 196/54/4 200/54/4 199/54/4 195/54/4
f 193/54/5 197/54/5 200/54/5 196/54/5
f 194/54/6 195/54/6 199/54/6 198/54/6
f 201/54/1 204/54/1 203/54/1 202/54/1
f 205/54/2 206/54/2 207/54/2 208/54/2
f 201/54/3 202/54/3 206/54/3 205/54/3
f 204/54/4 208/54/4 207/54/4 203/54/4
f 201/54/5 205/54/5 208/54/5 204/54/5
f 202/54/6 203/54/6 207/54/6 206/54/6
f 209/54/1 212/54/1 211/54/1 210/54/1
f 213/54/2 214/54/2 215/54/2 216/54/2
f 209/54/3 210/54/3 214/54/3 213/54/3
f 212/54/4 216/54/4 215/54/4 211/54/4
f 209/54/5 213/54/5 216/54/5 212/54/5
f 210/54/6 211/54/6 215/54/6 214/54/6
f 217/54/1 220/54/1 219/54/1 218/54/1
f 221/54/2 222/54/2 223/54/2 224/54/2
f 217/54/3 218/54/3 222/54/3 221/54/3
f 220/54/4 224/54/4 223/54/4 219/54/4
f 217/54/5 221/54/5 224/54/5 220/54/5
f 218/54/6 219/54/6 223/54/6 222/54/6
f 225/54/1 228/54/1 227/54/1 226/54/1
f 229/54/2 230/54/2 231/54/2 232/54/2
f 225/54/3 226/54/3 230/54/3 229/54/3
f 228/54/4 232/54/4 231/54/4 227/54/4
f 225/54/5 229/54/5 232/54/5 228/54/5
f 226/54/6 227/54/6 231/54/6 230/54/6
f 233/54/1 236/54/1 235/54/1 234/54/1
f 237/54/2 238/54/2 239/54/2 240/54/2
f 233/54/3 234/54/3 238/54/3 237/54/3
f 236/54/4 240/54/4 239/54/4 235/54/4
f 233/54/5 237/54/5 240/54/5 236/54/5
f 234/54/6 235/54/6 239/54/6 238/54/6
f 241/54/1 244/54/1 243/54/1 242/54/1
f 245/54/2 246/54/2 247/54/2 248/54/2
f 241/54/3 242/54/3 246/54/3 245/54/3
f 244/54/4 248/54/4 247/54/4 243/54/4
f 241/54/5 245/54/5 248/54/5 244/54/5
f 242/54/6 243/54/6 247/54/6 246/54/6
f 249/54/1 252/54/1 251/54/1 250/54/1
f 253/54/2 254/54/2 255/54/2 256/54/2
f 249/54/3 250/54/3 254/54/3 253/54/3
f 252/54/4 256/54/4 255/54/4 251/54/4
f 249/54/5 253/54/5 256/54/5 252/54/5
f 250/54/6 251/54/6 255/54/6 254/54/6
f 257/54/1 260/54/1 259/54/1 258/54/1
f 261/54/2 262/54/2 263/54/2 264/54/2
f 257/54/3 258/54/3 262/54/3 261/54/3
f 260/54/4 264/54/4 263/54/4 259/54/4
f 257/54/5 261/54/5 264/54/5 260/54/5
f 258/54/6 259/54/6 263/54/6 262/54/6
f 265/54/1 268/54/1 267/54/1 266/54/1
f 269/54/2 270/54/2 271/54/2 272/54/2
f 265/54/3 266/54/3 270/54/3 269/54/3
f 268/54/4 272/54/4 271/54/4 267/54/4
f 265/54/5 269/54/5 272/54/5 268/54/5
f 266/54/6 267/54/6 271/54/6 270/54/6
f 273/39/1 276/39/1 275/39/1 274/39/1
f 277/39/2 278/39/2 279/39/2 280/39/2
f 273/39/3 274/39/3 278/39/3 277/39/3
f 276/39/4 280/39/4 279/39/4 275/39/4
f 273/39/5 277/39/5 280/39/5 276/39/5
f 274/39/6 275/39/6 279/39/6 278/39/6
f 281/39/1 284/39/1 283/39/1 282/39/1
f 285/39/2 286/39/2 287/39/2 288/39/2
f 281/39/3 282/39/3 286/39/3 285/39/3
f 284/39/4 288/39/4 287/39/4 283/39/4
f 281/39/5 285/39/5 288/39/5 284/39/5
f 282/39/6 283/39/6 287/39/6 286/39/6
f 289/30/1 292/30/1 291/30/1 290/30/1
f 293/30/2 294/30/2 295/30/2 296/30/2
f 289/30/3 290/30/3 294/30/3 293/30/3
f 292/30/4 296/30/4 295/30/4 291/30/4
f 289/30/5 293/30/5 296/30/5 292/30/5
f 290/30/6 291/30/6 295/30/6 294/30/6
f 297/30/1 300/30/1 299/30/1 298/30/1
f 301/30/2 302/30/2 303/30/2 304/30/2
f 297/30/3 298/30/3 302/30/3 301/30/3
f 300/30/4 304/30/4 303/30/4 299/30/4
f 297/30/5 301/30/5 304/30/5 300/30/5
f 298/30/6 299/30/6 303/30/6 302/30/6
f 305/54/1 308/54/1 307/54/1 306/54/1
f 309/54/2 310/54/2 311/54/2 312/54/2
f 305/54/3 306/54/3 310/54/3 309/54/3
f 308/54/4 312/54/4 311/54/4 307/54/4
f 305/54/5 309/54/5 312/54/5 308/54/5
f 306/54/6 307/54/6 311/54/6 310/54/6
f 313/54/1 316/54/1 315/54/1 314/54/1
f 317/54/2 318/54/2 319/54/2 320/54/2
f 313/54/3 314/54/3 318/54/3 317/54/3
f 316/54/4 320/54/4 319/54/4 315/54/4
f 313/54/5 317/54/5 320/54/5 316/54/5
f 314/54/6 315/54/6 319/54/6 318/54/6
f 321/54/1 324/54/1 323/54/1 322/54/1
f 325/54/2 326/54/2 327/54/2 328/54/2
f 321/54/3 322/54/3 326/54/3 325/54/3
f 324/54/4 328/54/4 327/54/4 323/54/4
f 321/54/5 325/54/5 328/54/5 324/54/5
f 322/54/6 323/54/6 327/54/6 326/54/6
f 329/54/1 332/54/1 331/54/1 330/54/1
f 333/54/2 334/54/2 335/54/2 336/54/2
f 329/54/3 330/54/3 334/54/3 333/54/3
f 332/54/4 336/54/4 335/54/4 331/54/4
f 329/54/5 333/54/5 336/54/5 332/54/5
f 330/54/6 331/54/6 335/54/6 334/54/6
f 337/45/1 340/45/1 339/45/1 338/45/1
f 341/45/2 342/45/2 343/45/2 344/45/2
f 337/45/3 338/45/3 342/45/3 341/45/3
f 340/45/4 344/45/4 343/45/4 339/45/4
f 337/45/5 341/45/5 344/45/5 340/45/5
f 338/45/6 339/45/6 343/45/6 342/45/6
f 345/45/1 348/45/1 347/45/1 346/45/1
f 349/45/2 350/45/2 351/45/2 352/45/2
f 345/45/3 346/45/3 350/45/3 349/45/3
f 348/45/4 352/45/4 351/45/4 347/45/4
f 345/45/5 349/45/5 352/45/5 348/45/5
f 346/45/6 347/45/6 351/45/6 350/45/6
f 353/54/1 356/54/1 355/54/1 354/54/1
f 357/54/2 358/54/2 359/54/2 360/54/2
f 353/54/3 354/54/3 358/54/3 357/54/3
f 356/54/4 360/54/4 359/54/4 355/54/4
f 353/54/5 357/54/5 360/54/5 356/54/5
f 354/54/6 355/54/6 359/54/6 358/54/6
f 361/54/1 364/54/1 363/54/1 362/54/1
f 365/54/2 366/54/2 367/54/2 368/54/2
f 361/54/3 362/54/3 366/54/3 365/54/3
f 364/54/4 368/54/4 367/54/4 363/54/4
f 361/54/5 365/54/5 368/54/5 364/54/5
f 362/54/6 363/54/6 367/54/6 366/54/6
f 369/54/1 372/54/1 371/54/1 370/54/1
f 373/54/2 374/54/2 375/54/2 376/54/2
f 369/54/3 370/54/3 374/54/3 373/54/3
f 372/54/4 376/54/4 375/54/4 371/54/4
f 369/54/5 373/54/5 376/54/5 372/54/5
f 370/54/6 371/54/6 375/54/6 374/54/6
f 377/54/1 380/54/1 379/54/1 378/54/1
f 381/54/2 382/54/2 383/54/2 384/54/2
f 377/54/3 378/54/3 382/54/3 381/54/3
f 380/54/4 384/54/4 383/54/4 379/54/4
f 377/54/5 381/54/5 384/54/5 380/54/5
f 378/54/6 379/54/6 383/54/6 382/54/6
f 385/54/1 388/54/1 387/54/1 386/54/1
f 389/54/2 390/54/2 391/54/2 392/54/2
f 385/54/3 386/54/3 390/54/3 389/54/3
f 388/54/4 392/54/4 391/54/4 387/54/4
f 385/54/5 389/54/5 392/54/5 388/54/5
f 386/54/6 387/54/6 391/54/6 390/54/6
f 393/54/1 396/54/1 395/54/1 394/54/1
f 397/54/2 398/54/2 399/54/2 400/54/2
f 393/54/3 394/54/3 398/54/3 397/54/3
f 396/54/4 400/54/4 399/54/4 395/54/4
f 393/54/5 397/54/5 400/54/5 396/54/5
f 394/54/6 395/54/6 399/54/6 398/54/6
f 401/54/1 404/54/1 403/54/1 402/54/1
f 405/54/2 406/54/2 407/54/2 408/54/2
f 401/54/3 402/54/3 406/54/3 405/54/3
f 404/54/4 408/54/4 407/54/4 403/54/4
f 401/54/5 405/54/5 408/54/5 404/54/5
f 402/54/6 403/54/6 407/54/6 406/54/6
f 409/54/1 412/54/1 411/54/1 410/54/1
f 413/54/2 414/54/2 415/54/2 416/54/2
f 409/54/3 410/54/3 414/54/3 413/54/3
f 412/54/4 416/54/4 415/54/4 411/54/4
f 409/54/5 413/54/5 416/54/5 412/54/5
f 410/54/6 411/54/6 415/54/6 414/54/6
f 417/54/1 420/54/1 419/54/1 418/54/1
f 421/54/2 422/54/2 423/54/2 424/54/2
f 417/54/3 418/54/3 422/54/3 421/54/3
f 420/54/4 424/54/4 423/54/4 419/54/4
f 417/54/5 421/54/5 424/54/5 420/54/5
f 418/54/6 419/54/6 423/54/6 422/54/6
f 425/54/1 428/54/1 427/54/1 426/54/1
f 429/54/2 430/54/2 431/54/2 432/54/2
f 425/54/3 426/54/3 430/54/3 429/54/3
f 428/54/4 432/54/4 431/54/4 427/54/4
f 425/54/5 429/54/5 432/54/5 428/54/5
f 426/54/6 427/54/6 431/54/6 430/54/6
f 433/54/1 436/54/1 435/54/1 434/54/1
f 437/54/2 438/54/2 439/54/2 440/54/2
f 433/54/3 434/54/3 438/54/3 437/54/3
f 436/54/4 440/54/4 439/54/4 435/54/4
f 433/54/5 437/54/5 440/54/5 436/54/5
f 434/54/6 435/54/6 439/54/6 438/54/6
f 441/54/1 444/54/1 443/54/1 442/54/1
f 445/54/2 446/54/2 447/54/2 448/54/2
f 441/54/3 442/54/3 446/54/3 445/54/3
f 444/54/4 448/54/4 447/54/4 443/54/4
f 441/54/5 445/54/5 448/54/5 444/54/5
f 442/54/6 443/54/6 447/54/6 446/54/6
f 449/54/1 452/54/1 451/54/1 450/54/1
f 453/54/2 454/54/2 455/54/2 456/54/2
f 449/54/3 450/54/3 454/54/3 453/54/3
f 452/54/4 456/54/4 455/54/4 451/54/4
f 449/54/5 453/54/5 456/54/5 452/54/5
f 450/54/6 451/54/6 455/54/6 454/54/6
f 457/54/1 460/54/1 459/54/1 458/54/1
f 461/54/2 462/54/2 463/54/2 464/54/2
f 457/54/3 458/54/3 462/54/3 461/54/3
f 460/54/4 464/54/4 463/54/4 459/54/4
f 457/54/5 461/54/5 464/54/5 460/54/5
f 458/54/6 459/54/6 463/54/6 462/54/6
f 465/39/1 468/39/1 467/39/1 466/39/1
f 469/39/2 470/39/2 471/39/2 472/39/2
f 465/39/3 466/39/3 470/39/3 469/39/3
f 468/39/4 472/39/4 471/39/4 467/39/4
f 465/39/5 469/39/5 472/39/5 468/39/5
f 466/39/6 467/39/6 471/39/6 470/39/6
f 473/39/1 476/39/1 475/39/1 474/39/1
f 477/39/2 478/39/2 479/39/2 480/39/2
f 473/39/3 474/39/3 478/39/3 477/39/3
f 476/39/4 480/39/4 479/39/4 475/39/4
f 473/39/5 477/39/5 480/39/5 476/39/5
f 474/39/6 475/39/6 479/39/6 478/39/6
f 481/30/1 484/30/1 483/30/1 482/30/1
f 485/30/2 486/30/2 487/30/2 488/30/2
f 481/30/3 482/30/3 486/30/3 485/30/3
f 484/30/4 488/30/4 487/30/4 483/30/4
f 481/30/5 485/30/5 488/30/5 484/30/5
f 482/30/6 483/30/6 487/30/6 486/30/6
f 489/30/1 492/30/1 491/30/1 490/30/1
f 493/30/2 494/30/2 495/30/2 496/30/2
f 489/30/3 490/30/3 494/30/3 493/30/3
f 492/30/4 496/30/4 495/30/4 491/30/4
f 489/30/5 493/30/5 496/30/5 492/30/5
f 490/30/6 491/30/6 495/30/6 494/30/6
f 497/54/1 500/54/1 499/54/1 498/54/1
f 501/54/2 502/54/2 503/54/2 504/54/2
f 497/54/3 498/54/3 502/54/3 501/54/3
f 500/54/4 504/54/4 503/54/4 499/54/4
f 497/54/5 501/54/5 504/54/5 500/54/5
f 498/54/6 499/54/6 503/54/6 502/54/6
f 505/54/1 508/54/1 507/54/1 506/54/1
f 509/54/2 510/54/2 511/54/2 512/54/2
f 505/54/3 506/54/3 510/54/3 509/54/3
f 508/54/4 512/54/4 511/54/4 507/54/4
f 505/54/5 509/54/5 512/54/5 508/54/5
f 506/54/6 507/54/6 511/54/6 510/54/6
f 513/54/1 516/54/1 515/54/1 514/54/1
f 517/54/2 518/54/2 519/54/2 520/54/2
f 513/54/3 514/54/3 518/54/3 517/54/3
f 516/54/4 520/54/4 519/54/4 515/54/4
f 513/54/5 517/54/5 520/54/5 516/54/5
f 514/54/6 515/54/6 519/54/6 518/54/6
f 521/54/1 524/54/1 523/54/1 522/54/1
f 525/54/2 526/54/2 527/54/2 528/54/2
f 521/54/3 522/54/3 526/54/3 525/54/3
f 524/54/4 528/54/4 527/54/4 523/54/4
f 521/54/5 525/54/5 528/54/5 524/54/5
f 522/54/6 523/54/6 527/54/6 526/54/6
f 529/45/1 532/45/1 531/45/1 530/45/1
f 533/45/2 534/45/2 535/45/2 536/45/2
f 529/45/3 530/45/3 534/45/3 533/45/3
f 532/45/4 536/45/4 535/45/4 531/45/4
f 529/45/5 533/45/5 536/45/5 532/45/5
f 530/45/6 531/45/6 535/45/6 534/45/6
f 537/45/1 540/45/1 539/45/1 538/45/1
f 541/45/2 542/45/2 543/45/2 544/45/2
f 537/45/3 538/45/3 542/45/3 541/45/3
f 540/45/4 544/45/4 543/45/4 539/45/4
f 537/45/5 541/45/5 544/45/5 540/45/5
f 538/45/6 539/45/6 543/45/6 542/45/6
f 545/54/1 548/54/1 547/54/1 546/54/1
f 549/54/2 550/54/2 551/54/2 552/54/2
f 545/54/3 546/54/3 550/54/3 549/54/3
f 548/54/4 552/54/4 551/54/4 547/54/4
f 545/54/5 549/54/5 552/54/5 548/54/5
f 546/54/6 547/54/6 551/54/6 550/54/6
f 553/54/1 556/54/1 555/54/1 554/54/1
f 557/54/2 558/54/2 559/54/2 560/54/2
f 553/54/3 554/54/3 558/54/3 557/54/3
f 556/54/4 560/54/4 559/54/4 555/54/4
f 553/54/5 557/54/5 560/54/5 556/54/5
f 554/54/6 555/54/6 559/54/6 558/54/6
f 561/54/1 564/54/1 563/54/1 562/54/1
f 565/54/2 566/54/2 567/54/2 568/54/2
f 561/54/3 562/54/3 566/54/3 565/54/3
f 564/54/4 568/54/4 567/54/4 563/54/4
f 561/54/5 565/54/5 568/54/5 564/54/5
f 562/54/6 563/54/6 567/54/6 566/54/6
f 569/54/1 572/54/1 571/54/1 570/54/1
f 573/54/2 574/54/2 575/54/2 576/54/2
f 569/54/3 570/54/3 574/54/3 573/54/3
f 572/54/4 576/54/4 575/54/4 571/54/4
f 569/54/5 573/54/5 576/54/5 572/54/5
f 570/54/6 571/54/6 575/54/6 574/54/6
f 577/54/1 580/54/1 579/54/1 578/54/1
f 581/54/2 582/54/2 583/54/2 584/54/2
f 577/54/3 578/54/3 582/54/3 581/54/3
f 580/54/4 584/54/4 583/54/4 579/54/4
f 577/54/5 581/54/5 584/54/5 580/54/5
f 578/54/6 579/54/6 583/54/6 582/54/6
f 585/54/1 588/54/1 587/54/1 586/54/1
f 589/54/2 590/54/2 591/54/2 592/54/2
f 585/54/3 586/54/3 590/54/3 589/54/3
f 588/54/4 592/54/4 591/54/4 587/54/4
f 585/54/5 589/54/5 592/54/5 588/54/5
f 586/54/6 587/54/6 591/54/6 590/54/6
f 593/54/1 596/54/1 595/54/1 594/54/1
f 597/54/2 598/54/2 599/54/2 600/54/2
f 593/54/3 594/54/3 598/54/3 597/54/3
f 596/54/4 600/54/4 599/54/4 595/54/4
f 593/54/5 597/54/5 600/54/5 596/54/5
f 594/54/6 595/54/6 599/54/6 598/54/6
f 601/54/1 604/54/1 603/54/1 602/54/1
f 605/54/2 606/54/2 607/54/2 608/54/2
f 601/54/3 602/54/3 606/54/3 605/54/3
f 604/54/4 608/54/4 607/54/4 603/54/4
f 601/54/5 605/54/5 608/54/5 604/54/5
f 602/54/6 603/54/6 607/54/6 606/54/6
f 609/54/1 612/54/1 611/54/1 610/54/1
f 613/54/2 614/54/2 615/54/2 616/54/2
f 609/54/3 610/54/3 614/54/3 613/54/3
f 612/54/4 616/54/4 615/54/4 611/54/4
f 609/54/5 613/54/5 616/54/5 612/54/5
f 610/54/6 611/54/6 615/54/6 614/54/6
f 617/54/1 620/54/1 619/54/1 618/54/1
f 621/54/2 622/54/2 623/54/2 624/54/2
f 617/54/3 618/54/3 622/54/3 621/54/3
f 620/54/4 624/54/4 623/54/4 619/54/4
f 617/54/5 621/54/5 624/54/5 620/54/5
f 618/54/6 619/54/6 623/54/6 622/54/6
f 625/54/1 628/54/1 627/54/1 626/54/1
f 629/54/2 630/54/2 631/54/2 632/54/2
f 625/54/3 626/54/3 630/54/3 629/54/3
f 628/54/4 632/54/4 631/54/4 627/54/4
f 625/54/5 629/54/5 632/54/5 628/54/5
f 626/54/6 627/54/6 631/54/6 630/54/6
f 633/54/1 636/54/1 635/54/1 634/54/1
f 637/54/2 638/54/2 639/54/2 640/54/2
f 633/54/3 634/54/3 638/54/3 637/54/3
f 636/54/4 640/54/4 639/54/4 635/54/4
f 633/54/5 637/54/5 640/54/5 636/54/5
f 634/54/6 635/54/6 639/54/6 638/54/6
f 641/54/1 644/54/1 643/54/1 642/54/1
f 645/54/2 646/54/2 647/54/2 648/54/2
f 641/54/3 642/54/3 646/54/3 645/54/3
f 644/54/4 648/54/4 647/54/4 643/54/4
f 641/54/5 645/54/5 648/54/5 644/54/5
f 642/54/6 643/54/6 647/54/6 646/54/6
f 649/54/1 652/54/1 651/54/1 650/54/1
f 653/54/2 654/54/2 655/54/2 656/54/2
f 649/54/3 650/54/3 654/54/3 653/54/3
f 652/54/4 656/54/4 655/54/4 651/54/4
f 649/54/5 653/54/5 656/54/5 652/54/5
f 650/54/6 651/54/6 655/54/6 654/54/6
f 657/39/1 660/39/1 659/39/1 658/39/1
f 661/39/2 662/39/2 663/39/2 664/39/2
f 657/39/3 658/39/3 662/39/3 661/39/3
f 660/39/4 664/39/4 663/39/4 659/39/4
f 657/39/5 661/39/5 664/39/5 660/39/5
f 658/39/6 659/39/6 663/39/6 662/39/6
f 665/39/1 668/39/1 667/39/1 666/39/1
f 669/39/2 670/39/2 671/39/2 672/39/2
f 665/39/3 666/39/3 670/39/3 669/39/3
f 668/39/4 672/39/4 671/39/4 667/39/4
f 665/39/5 669/39/5 672/39/5 668/39/5
f 666/39/6 667/39/6 671/39/6 670/39/6
f 673/30/1 676/30/1 675/30/1 674/30/1
f 677/30/2 678/30/2 679/30/2 680/30/2
f 673/30/3 674/30/3 678/30/3 677/30/3
f 676/30/4 680/30/4 679/30/4 675/30/4
f 673/30/5 677/30/5 680/30/5 676/30/5
f 674/30/6 675/30/6 679/30/6 678/30/6
f 681/30/1 684/30/1 683/30/1 682/30/1
f 685/30/2 686/30/2 687/30/2 688/30/2
f 681/30/3 682/30/3 686/30/3 685/30/3
f 684/30/4 688/30/4 687/30/4 683/30/4
f 681/30/5 685/30/5 688/30/5 684/30/5
f 682/30/6 683/30/6 687/30/6 686/30/6
f 689/54/1 692/54/1 691/54/1 690/54/1
f 693/54/2 694/54/2 695/54/2 696/54/2
f 689/54/3 690/54/3 694/54/3 693/54/3
f 692/54/4 696/54/4 695/54/4 691/54/4
f 689/54/5 693/54/5 696/54/5 692/54/5
f 690/54/6 691/54/6 695/54/6 694/54/6
f 697/54/1 700/54/1 699/54/1 698/54/1
f 701/54/2 702/54/2 703/54/2 704/54/2
f 697/54/3 698/54/3 702/54/3 701/54/3
f 700/54/4 704/54/4 703/54/4 699/54/4
f 697/54/5 701/54/5 704/54/5 700/54/5
f 698/54/6 699/54/6 703/54/6 702/54/6
f 705/54/1 708/54/1 707/54/1 706/54/1
f 709/54/2 710/54/2 711/54/2 712/54/2
f 705/54/3 706/54/3 710/54/3 709/54/3
f 708/54/4 712/54/4 711/54/4 707/54/4
f 705/54/5 709/54/5 712/54/5 708/54/5
f 706/54/6 707/54/6 711/54/6 710/54/6
f 713/54/1 716/54/1 715/54/1 714/54/1
f 717/54/2 718/54/2 719/54/2 720/54/2
f 713/54/3 714/54/3 718/54/3 717/54/3
f 716/54/4 720/54/4 719/54/4 715/54/4
f 713/54/5 717/54/5 720/54/5 716/54/5
f 714/54/6 715/54/6 719/54/6 718/54/6
f 721/45/1 724/45/1 723/45/1 722/45/1
f 725/45/2 726/45/2 727/45/2 728/45/2
f 721/45/3 722/45/3 726/45/3 725/45/3
f 724/45/4 728/45/4 727/45/4 723/45/4
f 721/45/5 725/45/5 728/45/5 724/45/5
f 722/45/6 723/45/6 727/45/6 726/45/6
f 729/45/1 732/45/1 731/45/1 730/45/1
f 733/45/2 734/45/2 735/45/2 736/45/2
f 729/45/3 730/45/3 734/45/3 733/45/3
f 732/45/4 736/45/4 735/45/4 731/45/4
f 729/45/5 733/45/5 736/45/5 732/45/5
f 730/45/6 731/45/6 735/45/6 734/45/6
f 737/54/1 740/54/1 739/54/1 738/54/1
f 741/54/2 742/54/2 743/54/2 744/54/2
f 737/54/3 738/54/3 742/54/3 741/54/3
f 740/54/4 744/54/4 743/54/4 739/54/4
f 737/54/5 741/54/5 744/54/5 740/54/5
f 738/54/6 739/54/6 743/54/6 742/54/6
f 745/54/1 748/54/1 747/54/1 746/54/1
f 749/54/2 750/54/2 751/54/2 752/54/2
f 745/54/3 746/54/3 750/54/3 749/54/3
f 748/54/4 752/54/4 751/54/4 747/54/4
f 745/54/5 749/54/5 752/54/5 748/54/5
f 746/54/6 747/54/6 751/54/6 750/54/6
f 753/54/1 756/54/1 755/54/1 754/54/1
f 757/54/2 758/54/2 759/54/2 760/54/2
f 753/54/3 754/54/3 758/54/3 757/54/3
f 756/54/4 760/54/4 759/54/4 755/54/4
f 753/54/5 757/54/5 760/54/5 756/54/5
f 754/54/6 755/54/6 759/54/6 758/54/6
f 761/54/1 764/54/1 763/54/1 762/54/1
f 765/54/2 766/54/2 767/54/2 768/54/2
f 761/54/3 762/54/3 766/54/3 765/54/3
f 764/54/4 768/54/4 767/54/4 763/54/4
f 761/54/5 765/54/5 768/54/5 764/54/5
f 762/54/6 763/54/6 767/54/6 766/54/6
f 769/54/1 772/54/1 771/54/1 770/54/1
f 773/54/2 774/54/2 775/54/2 776/54/2
f 769/54/3 770/54/3 774/54/3 773/54/3
f 772/54/4 776/54/4 775/54/4 771/54/4
f 769/54/5 773/54/5 776/54/5 772/54/5
f 770/54/6 771/54/6 775/54/6 774/54/6
f 777/54/1 780/54/1 779/54/1 778/54/1
f 781/54/2 782/54/2 783/54/2 784/54/2
f 777/54/3 778/54/3 782/54/3 781/54/3
f 780/54/4 784/54/4 783/54/4 779/54/4
f 777/54/5 781/54/5 784/54/5 780/54/5
f 778/54/6 779/54/6 783/54/6 782/54/6
f 785/54/1 788/54/1 787/54/1 786/54/1
f 789/54/2 790/54/2 791/54/2 792/54/2
f 785/54/3 786/54/3 790/54/3 789/54/3
f 788/54/4 792/54/4 791/54/4 787/54/4
f 785/54/5 789/54/5 792/54/5 788/54/5
f 786/54/6 787/54/6 791/54/6 790/54/6
f 793/54/1 796/54/1 795/54/1 794/54/1
f 797/54/2 798/54/2 799/54/2 800/54/2
f 793/54/3 794/54/3 798/54/3 797/54/3
f 796/54/4 800/54/4 799/54/4 795/54/4
f 793/54/5 797/54/5 800/54/5 796/54/5
f 794/54/6 795/54/6 799/54/6 798/54/6
f 801/54/1 804/54/1 803/54/1 802/54/1
f 805/54/2 806/54/2 807/54/2 808/54/2
f 801/54/3 802/54/3 806/54/3 805/54/3
f 804/54/4 808/54/4 807/54/4 803/54/4
f 801/54/5 805/54/5 808/54/5 804/54/5
f 802/54/6 803/54/6 807/54/6 806/54/6
f 809/54/1 812/54/1 811/54/1 810/54/1
f 813/54/2 814/54/2 815/54/2 816/54/2
f 809/54/3 810/54/3 814/54/3 813/54/3
f 812/54/4 816/54/4 815/54/4 811/54/4
f 809/54/5 813/54/5 816/54/5 812/54/5
f 810/54/6 811/54/6 815/54/6 814/54/6
f 817/54/1 820/54/1 819/54/1 818/54/1
f 821/54/2 822/54/2 823/54/2 824/54/2
f 817/54/3 818/54/3 822/54/3 821/54/3
f 820/54/4 824/54/4 823/54/4 819/54/4
f 817/54/5 821/54/5 824/54/5 820/54/5
f 818/54/6 819/54/6 823/54/6 822/54/6
f 825/54/1 828/54/1 827/54/1 826/54/1
f 829/54/2 830/54/2 831/54/2 832/54/2
f 825/54/3 826/54/3 830/54/3 829/54/3
f 828/54/4 832/54/4 831/54/4 827/54/4
f 825/54/5 829/54/5 832/54/5 828/54/5
f 826/54/6 827/54/6 831/54/6 830/54/6
f 833/54/1 836/54/1 835/54/1 834/54/1
f 837/54/2 838/54/2 839/54/2 840/54/2
f 833/54/3 834/54/3 838/54/3 837/54/3
f 836/54/4 840/54/4 839/54/4 835/54/4
f 833/54/5 837/54/5 840/54/5 836/54/5
f 834/54/6 835/54/6 839/54/6 838/54/6
f 841/54/1 844/54/1 843/54/1 842/54/1
f 845/54/2 846/54/2 847/54/2 848/54/2
f 841/54/3 842/54/3 846/54/3 845/54/3
f 844/54/4 848/54/4 847/54/4 843/54/4
f 841/54/5 845/54/5 848/54/5 844/54/5
f 842/54/6 843/54/6 847/54/6 846/54/6
f 849/54/1 852/54/1 851/54/1 850/54/1
f 853/54/2 854/54/2 855/54/2 856/54/2
f 849/54/3 850/54/3 854/54/3 853/54/3
f 852/54/4 856/54/4 855/54/4 851/54/4
f 849/54/5 853/54/5 856/54/5 852/54/5
f 850/54/6 851/54/6 855/54/6 854/54/6
f 857/54/1 860/54/1 859/54/1 858/54/1
f 861/54/2 862/54/2 863/54/2 864/54/2
f 857/54/3 858/54/3 862/54/3 861/54/3
f 860/54/4 864/54/4 863/54/4 859/54/4
f 857/54/5 861/54/5 864/54/5 860/54/5
f 858/54/6 859/54/6 863/54/6 862/54/6
f 865/39/1 868/39/1 867/39/1 866/39/1
f 869/39/2 870/39/2 871/39/2 872/39/2
f 865/39/3 866/39/3 870/39/3 869/39/3
f 868/39/4 872/39/4 871/39/4 867/39/4
f 865/39/5 869/39/5 872/39/5 868/39/5
f 866/39/6 867/39/6 871/39/6 870/39/6
f 873/39/1 876/39/1 875/39/1 874/39/1
f 877/39/2 878/39/2 879/39/2 880/39/2
f 873/39/3 874/39/3 878/39/3 877/39/3
f 876/39/4 880/39/4 879/39/4 875/39/4
f 873/39/5 877/39/5 880/39/5 876/39/5
f 874/39/6 875/39/6 879/39/6 878/39/6
f 881/30/1 884/30/1 883/30/1 882/30/1
f 885/30/2 886/30/2 887/30/2 888/30/2
f 881/30/3 882/30/3 886/30/3 885/30/3
f 884/30/4 888/30/4 887/30/4 883/30/4
f 881/30/5 885/30/5 888/30/5 884/30/5
f 882/30/6 883/30/6 887/30/6 886/30/6
f 889/30/1 892/30/1 891/30/1 890/30/1
f 893/30/2 894/30/2 895/30/2 896/30/2
f 889/30/3 890/30/3 894/30/3 893/30/3
f 892/30/4 896/30/4 895/30/4 891/30/4
f 889/30/5 893/30/5 896/30/5 892/30/5
f 890/30/6 891/30/6 895/30/6 894/30/6
f 897/54/1 900/54/1 899/54/1 898/54/1
f 901/54/2 902/54/2 903/54/2 904/54/2
f 897/54/3 898/54/3 902/54/3 901/54/3
f 900/54/4 904/54/4 903/54/4 899/54/4
f 897/54/5 901/54/5 904/54/5 900/54/5
f 898/54/6 899/54/6 903/54/6 902/54/6
f 905/54/1 908/54/1 907/54/1 906/54/1
f 909/54/2 910/54/2 911/54/2 912/54/2
f 905/54/3 906/54/3 910/54/3 909/54/3
f 908/54/4 912/54/4 911/54/4 907/54/4
f 905/54/5 909/54/5 912/54/5 908/54/5
f 906/54/6 907/54/6 911/54/6 910/54/6
f 913/54/1 916/54/1 915/54/1 914/54/1
f 917/54/2 918/54/2 919/54/2 920/54/2
f 913/54/3 914/54/3 918/54/3 917/54/3
f 916/54/4 920/54/4 919/54/4 915/54/4
f 913/54/5 917/54/5 920/54/5 916/54/5
f 914/54/6 915/54/6 919/54/6 918/54/6
f 921/54/1 924/54/1 923/54/1 922/54/1
f 925/54/2 926/54/2 927/54/2 928/54/2
f 921/54/3 922/54/3 926/54/3 925/54/3
f 924/54/4 928/54/4 927/54/4 923/54/4
f 921/54/5 925/54/5 928/54/5 924/54/5
f 922/54/6 923/54/6 927/54/6 926/54/6
f 929/45/1 932/45/1 931/45/1 930/45/1
f 933/45/2 934/45/2 935/45/2 936/45/2
f 929/45/3 930/45/3 934/45/3 933/45/3
f 932/45/4 936/45/4 935/45/4 931/45/4
f 929/45/5 933/45/5 936/45/5 932/45/5
f 930/45/6 931/45/6 935/45/6 934/45/6
f 937/45/1 940/45/1 939/45/1 938/45/1
f 941/45/2 942/45/2 943/45/2 944/45/2
f 937/45/3 938/45/3 942/45/3 941/45/3
f 940/45/4 944/45/4 943/45/4 939/45/4
f 937/45/5 941/45/5 944/45/5 940/45/5
f 938/45/6 939/45/6 943/45/6 942/45/6
f 945/54/1 948/54/1 947/54/1 946/54/1
f 949/54/2 950/54/2 951/54/2 952/54/2
f 945/54/3 946/54/3 950/54/3 949/54/3
f 948/54/4 952/54/4 951/54/4 947/54/4
f 945/54/5 949/54/5 952/54/5 948/54/5
f 946/54/6 947/54/6 951/54/6 950/54/6
f 953/54/1 956/54/1 955/54/1 954/54/1
f 957/54/2 958/54/2 959/54/2 960/54/2
f 953/54/3 954/54/3 958/54/3 957/54/3
f 956/54/4 960/54/4 959/54/4 955/54/4
f 953/54/5 957/54/5 960/54/5 956/54/5
f 954/54/6 955/54/6 959/54/6 958/54/6
f 961/54/1 964/54/1 963/54/1 962/54/1
f 965/54/2 966/54/2 967/54/2 968/54/2
f 961/54/3 962/54/3 966/54/3 965/54/3
f 964/54/4 968/54/4 967/54/4 963/54/4
f 961/54/5 965/54/5 968/54/5 964/54/5
f 962/54/6 963/54/6 967/54/6 966/54/6
f 969/54/1 972/54/1 971/54/1 970/54/1
f 973/54/2 974/54/2 975/54/2 976/54/2
f 969/54/3 970/54/3 974/54/3 973/54/3
f 972/54/4 976/54/4 975/54/4 971/54/4
f 969/54/5 973/54/5 976/54/5 972/54/5
f 970/54/6 971/54/6 975/54/6 974/54/6
f 977/54/1 980/54/1 979/54/1 978/54/1
f 981/54/2 982/54/2 983/54/2 984/54/2
f 977/54/3 978/54/3 982/54/3 981/54/3
f 980/54/4 984/54/4 983/54/4 979/54/4
f 977/54/5 981/54/5 984/54/5 980/54/5
f 978/54/6 979/54/6 983/54/6 982/54/6
f 985/54/1 988/54/1 987/54/1 986/54/1
f 989/54/2 990/54/2 991/54/2 992/54/2
f 985/54/3 986/54/3 990/54/3 989/54/3
f 988/54/4 992/54/4 991/54/4 987/54/4
f 985/54/5 989/54/5 992/54/5 988/54/5
f 986/54/6 987/54/6 991/54/6 990/54/6
f 993/54/1 996/54/1 995/54/1 994/54/1
f 997/54/2 998/54/2 999/54/2 1000/54/2
f 993/54/3 994/54/3 998/54/3 997/54/3
f 996/54/4 1000/54/4 999/54/4 995/54/4
f 993/54/5 997/54/5 1000/54/5 996/54/5
f 994/54/6 995/54/6 999/54/6 998/54/6
f 1001/54/1 1004/54/1 1003/54/1 1002/54/1
f 1005/54/2 1006/54/2 1007/54/2 1008/54/2
f 1001/54/3 1002/54/3 1006/54/3 1005/54/3
f 1004/54/4 1008/54/4 1007/54/4 1003/54/4
f 1001/54/5 1005/54/5 1008/54/5 1004/54/5
f 1002/54/6 1003/54/6 1007/54/6 1006/54/6
f 1009/54/1 1012/54/1 1011/54/1 1010/54/1
f 1013/54/2 1014/54/2 1015/54/2 1016/54/2
f 1009/54/3 1010/54/3 1014/54/3 1013/54/3
f 1012/54/4 1016/54/4 1015/54/4 1011/54/4
f 1009/54/5 1013/54/5 1016/54/5 1012/54/5
f 1010/54/6 1011/54/6 1015/54/6 1014/54/6
f 1017/54/1 1020/54/1 1019/54/1 1018/54/1
f 1021/54/2 1022/54/2 1023/54/2 1024/54/2
f 1017/54/3 1018/54/3 1022/54/3 1021/54/3
f 1020/54/4 1024/54/4 1023/54/4 1019/54/4
f 1017/54/5 1021/54/5 1024/54/5 1020/54/5
f 1018/54/6 1019/54/6 1023/54/6 1022/54/6
f 1025/54/1 1028/54/1 1027/54/1 1026/54/1
f 1029/54/2 1030/54/2 1031/54/2 1032/54/2
f 1025/54/3 1026/54/3 1030/54/3 1029/54/3
f 1028/54/4 1032/54/4 1031/54/4 1027/54/4
f 1025/54/5 1029/54/5 1032/54/5 1028/54/5
f 1026/54/6 1027/54/6 1031/54/6 1030/54/6
f 1033/54/1 1036/54/1 1035/54/1 1034/54/1
f 1037/54/2 1038/54/2 1039/54/2 1040/54/2
f 1033/54/3 1034/54/3 1038/54/3 1037/54/3
f 1036/54/4 1040/54/4 1039/54/4 1035/54/4
f 1033/54/5 1037/54/5 1040/54/5 1036/54/5
f 1034/54/6 1035/54/6 1039/54/6 1038/54/6
f 1041/54/1 1044/54/1 1043/54/1 1042/54/1
f 1045/54/2 1046/54/2 1047/54/2 1048/54/2
f 1041/54/3 1042/54/3 1046/54/3 1045/54/3
f 1044/54/4 1048/54/4 1047/54/4 1043/54/4
f 1041/54/5 1045/54/5 1048/54/5 1044/54/5
f 1042/54/6 1043/54/6 1047/54/6 1046/54/6
f 1049/54/1 1052/54/1 1051/54/1 1050/54/1
f 1053/54/2 1054/54/2 1055/54/2 1056/54/2
f 1049/54/3 1050/54/3 1054/54/3 1053/54/3
f 1052/54/4 1056/54/4 1055/54/4 1051/54/4
f 1049/54/5 1053/54/5 1056/54/5 1052/54/5
f 1050/54/6 1051/54/6 1055/54/6 1054/54/6
f 1057/54/1 1060/54/1 1059/54/1 1058/54/1
f 1061/54/2 1062/54/2 1063/54/2 1064/54/2
f 1057/54/3 1058/54/3 1062/54/3 1061/54/3
f 1060/54/4 1064/54/4 1063/54/4 1059/54/4
f 1057/54/5 1061/54/5 1064/54/5 1060/54/5
f 1058/54/6 1059/54/6 1063/54/6 1062/54/6
f 1065/54/1 1068/54/1 1067/54/1 1066/54/1
f 1069/54/2 1070/54/2 1071/54/2 1072/54/2
f 1065/54/3 1066/54/3 1070/54/3 1069/54/3
f 1068/54/4 1072/54/4 1071/54/4 1067/54/4
f 1065/54/5 1069/54/5 1072/54/5 1068/54/5
f 1066/54/6 1067/54/6 1071/54/6 1070/54/6
f 1073/54/1 1076/54/1 1075/54/1 1074/54/1
f 1077/54/2 1078/54/2 1079/54/2 1080/54/2
f 1073/54/3 1074/54/3 1078/54/3 1077/54/3
f 1076/54/4 1080/54/4 1079/54/4 1075/54/4
f 1073/54/5 1077/54/5 1080/54/5 1076/54/5
f 1074/54/6 1075/54/6 1079/54/6 1078/54/6
f 1081/54/1 1084/54/1 1083/54/1 1082/54/1
f 1085/54/2 1086/54/2 1087/54/2 1088/54/2
f 1081/54/3 1082/54/3 1086/54/3 1085/54/3
f 1084/54/4 1088/54/4 1087/54/4 1083/54/4
f 1081/54/5 1085/54/5 1088/54/5 1084/54/5
f 1082/54/6 1083/54/6 1087/54/6 1086/54/6
f 1089/39/1 1092/39/1 1091/39/1 1090/39/1
f 1093/39/2 1094/39/2 1095/39/2 1096/39/2
f 1089/39/3 1090/39/3 1094/39/3 1093/39/3
f 1092/39/4 1096/39/4 1095/39/4 1091/39/4
f 1089/39/5 1093/39/5 1096/39/5 1092/39/5
f 1090/39/6 1091/39/6 1095/39/6 1094/39/6
f 1097/39/1 1100/39/1 1099/39/1 1098/39/1
f 1101/39/2 1102/39/2 1103/39/2 1104/39/2
f 1097/39/3 1098/39/3 1102/39/3 1101/39/3
f 1100/39/4 1104/39/4 1103/39/4 1099/39/4
f 1097/39/5 1101/39/5 1104/39/5 1100/39/5
f 1098/39/6 1099/39/6 1103/39/6 1102/39/6
f 1105/30/1 1108/30/1 1107/30/1 1106/30/1
f 1109/30/2 1110/30/2 1111/30/2 1112/30/2
f 1105/30/3 1106/30/3 1110/30/3 1109/30/3
f 1108/30/4 1112/30/4 1111/30/4 1107/30/4
f 1105/30/5 1109/30/5 1112/30/5 1108/30/5
f 1106/30/6 1107/30/6 1111/30/6 1110/30/6
f 1113/30/1 1116/30/1 1115/30/1 1114/30/1
f 1117/30/2 1118/30/2 1119/30/2 1120/30/2
f 1113/30/3 1114/30/3 1118/30/3 1117/30/3
f 1116/30/4 1120/30/4 1119/30/4 1115/30/4
f 1113/30/5 1117/30/5 1120/30/5 1116/30/5
f 1114/30/6 1115/30/6 1119/30/6 1118/30/6
f 1121/54/1 1124/54/1 1123/54/1 1122/54/1
f 1125/54/2 1126/54/2 1127/54/2 1128/54/2
f 1121/54/3 1122/54/3 1126/54/3 1125/54/3
f 1124/54/4 1128/54/4 1127/54/4 1123/54/4
f 1121/54/5 1125/54/5 1128/54/5 1124/54/5
f 1122/54/6 1123/54/6 1127/54/6 1126/54/6
f 1129/54/1 1132/54/1 1131/54/1 1130/54/1
f 1133/54/2 1134/54/2 1135/54/2 1136/54/2
f 1129/54/3 1130/54/3 1134/54/3 1133/54/3
f 1132/54/4 1136/54/4 1135/54/4 1131/54/4
f 1129/54/5 1133/54/5 1136/54/5 1132/54/5
f 1130/54/6 1131/54/6 1135/54/6 1134/54/6
f 1137/54/1 1140/54/1 1139/54/1 1138/54/1
f 1141/54/2 1142/54/2 1143/54/2 1144/54/2
f 1137/54/3 1138/54/3 1142/54/3 1141/54/3
f 1140/54/4 1144/54/4 1143/54/4 1139/54/4
f 1137/54/5 1141/54/5 1144/54/5 1140/54/5
f 1138/54/6 1139/54/6 1143/54/6 1142/54/6
f 1145/54/1 1148/54/1 1147/54/1 1146/54/1
f 1149/54/2 1150/54/2 1151/54/2 1152/54/2
f 1145/54/3 1146/54/3 1150/54/3 1149/54/3
f 1148/54/4 1152/54/4 1151/54/4 1147/54/4
f 1145/54/5 1149/54/5 1152/54/5 1148/54/5
f 1146/54/6 1147/54/6 1151/54/6 1150/54/6
f 1153/45/1 1156/45/1 1155/45/1 1154/45/1
f 1157/45/2 1158/45/2 1159/45/2 1160/45/2
f 1153/45/3 1154/45/3 1158/45/3 1157/45/3
f 1156/45/4 1160/45/4 1159/45/4 1155/45/4
f 1153/45/5 1157/45/5 1160/45/5 1156/45/5
f 1154/45/6 1155/45/6 1159/45/6 1158/45/6
f 1161/45/1 1164/45/1 1163/45/1 1162/45/1
f 1165/45/2 1166/45/2 1167/45/2 1168/45/2
f 1161/45/3 1162/45/3 1166/45/3 1165/45/3
f 1164/45/4 1168/45/4 1167/45/4 1163/45/4
f 1161/45/5 1165/45/5 1168/45/5 1164/45/5
f 1162/45/6 1163/45/6 1167/45/6 1166/45/6
f 1169/54/1 1172/54/1 1171/54/1 1170/54/1
f 1173/54/2 1174/54/2 1175/54/2 1176/54/2
f 1169/54/3 1170/54/3 1174/54/3 1173/54/3
f 1172/54/4 1176/54/4 1175/54/4 1171/54/4
f 1169/54/5 1173/54/5 1176/54/5 1172/54/5
f 1170/54/6 1171/54/6 1175/54/6 1174/54/6
f 1177/54/1 1180/54/1 1179/54/1 1178/54/1
f 1181/54/2 1182/54/2 1183/54/2 1184/54/2
f 1177/54/3 1178/54/3 1182/54/3 1181/54/3
f 1180/54/4 1184/54/4 1183/54/4 1179/54/4
f 1177/54/5 1181/54/5 1184/54/5 1180/54/5
f 1178/54/6 1179/54/6 1183/54/6 1182/54/6
f 1185/54/1 1188/54/1 1187/54/1 1186/54/1
f 1189/54/2 1190/54/2 1191/54/2 1192/54/2
f 1185/54/3 1186/54/3 1190/54/3 1189/54/3
f 1188/54/4 1192/54/4 1191/54/4 1187/54/4
f 1185/54/5 1189/54/5 1192/54/5 1188/54/5
f 1186/54/6 1187/54/6 1191/54/6 1190/54/6
f 1193/54/1 1196/54/1 1195/54/1 1194/54/1
f 1197/54/2 1198/54/2 1199/54/2 1200/54/2
f 1193/54/3 1194/54/3 1198/54/3 1197/54/3
f 1196/54/4 1200/54/4 1199/54/4 1195/54/4
f 1193/54/5 1197/54/5 1200/54/5 1196/54/5
f 1194/54/6 1195/54/6 1199/54/6 1198/54/6
f 1201/54/1 1204/54/1 1203/54/1 1202/54/1
f 1205/54/2 1206/54/2 1207/54/2 1208/54/2
f 1201/54/3 1202/54/3 1206/54/3 1205/54/3
f 1204/54/4 1208/54/4 1207/54/4 1203/54/4
f 1201/54/5 1205/54/5 1208/54/5 1204/54/5
f 1202/54/6 1203/54/6 1207/54/6 1206/54/6
f 1209/54/1 1212/54/1 1211/54/1 1210/54/1
f 1213/54/2 1214/54/2 1215/54/2 1216/54/2
f 1209/54/3 1210/54/3 1214/54/3 1213/54/3
f 1212/54/4 1216/54/4 1215/54/4 1211/54/4
f 1209/54/5 1213/54/5 1216/54/5 1212/54/5
f 1210/54/6 1211/54/6 1215/54/6 1214/54/6
f 1217/54/1 1220/54/1 1219/54/1 1218/54/1
f 1221/54/2 1222/54/2 1223/54/2 1224/54/2
f 1217/54/3 1218/54/3 1222/54/3 1221/54/3
f 1220/54/4 1224/54/4 1223/54/4 1219/54/4
f 1217/54/5 1221/54/5 1224/54/5 1220/54/5
f 1218/54/6 1219/54/6 1223/54/6 1222/54/6
f 1225/54/1 1228/54/1 1227/54/1 1226/54/1
f 1229/54/2 1230/54/2 1231/54/2 1232/54/2
f 1225/54/3 1226/54/3 1230/54/3 1229/54/3
f 1228/54/4 1232/54/4 1231/54/4 1227/54/4
f 1225/54/5 1229/54/5 1232/54/5 1228/54/5
f 1226/54/6 1227/54/6 1231/54/6 1230/54/6
f 1233/54/1 1236/54/1 1235/54/1 1234/54/1
f 1237/54/2 1238/54/2 1239/54/2 1240/54/2
f 1233/54/3 1234/54/3 1238/54/3 1237/54/3
f 1236/54/4 1240/54/4 1239/54/4 1235/54/4
f 1233/54/5 1237/54/5 1240/54/5 1236/54/5
f 1234/54/6 1235/54/6 1239/54/6 1238/54/6
f 1241/54/1 1244/54/1 1243/54/1 1242/54/1
f 1245/54/2 1246/54/2 1247/54/2 1248/54/2
f 1241/54/3 1242/54/3 1246/54/3 1245/54/3
f 1244/54/4 1248/54/4 1247/54/4 1243/54/4
f 1241/54/5 1245/54/5 1248/54/5 1244/54/5
f 1242/54/6 1243/54/6 1247/54/6 1246/54/6
f 1249/54/1 1252/54/1 1251/54/1 1250/54/1
f 1253/54/2 1254/54/2 1255/54/2 1256/54/2
f 1249/54/3 1250/54/3 1254/54/3 1253/54/3
f 1252/54/4 1256/54/4 1255/54/4 1251/54/4
f 1249/54/5 1253/54/5 1256/54/5 1252/54/5
f 1250/54/6 1251/54/6 1255/54/6 1254/54/6
f 1257/54/1 1260/54/1 1259/54/1 1258/54/1
f 1261/54/2 1262/54/2 1263/54/2 1264/54/2
f 1257/54/3 1258/54/3 1262/54/3 1261/54/3
f 1260/54/4 1264/54/4 1263/54/4 1259/54/4
f 1257/54/5 1261/54/5 1264/54/5 1260/54/5
f 1258/54/6 1259/54/6 1263/54/6 1262/54/6
f 1265/54/1 1268/54/1 1267/54/1 1266/54/1
f 1269/54/2 1270/54/2 1271/54/2 1272/54/2
f 1265/54/3 1266/54/3 1270/54/3 1269/54/3
f 1268/54/4 1272/54/4 1271/54/4 1267/54/4
f 1265/54/5 1269/54/5 1272/54/5 1268/54/5
f 1266/54/6 1267/54/6 1271/54/6 1270/54/6
f 1273/54/1 1276/54/1 1275/54/1 1274/54/1
f 1277/54/2 1278/54/2 1279/54/2 1280/54/2
f 1273/54/3 1274/54/3 1278/54/3 1277/54/3
f 1276/54/4 1280/54/4 1279/54/4 1275/54/4
f 1273/54/5 1277/54/5 1280/54/5 1276/54/5
f 1274/54/6 1275/54/6 1279/54/6 1278/54/6
f 1281/54/1 1284/54/1 1283/54/1 1282/54/1
f 1285/54/2 1286/54/2 1287/54/2 1288/54/2
f 1281/54/3 1282/54/3 1286/54/3 1285/54/3
f 1284/54/4 1288/54/4 1287/54/4 1283/54/4
f 1281/54/5 1285/54/5 1288/54/5 1284/54/5
f 1282/54/6 1283/54/6 1287/54/6 1286/54/6
f 1289/54/1 1292/54/1 1291/54/1 1290/54/1
f 1293/54/2 1294/54/2 1295/54/2 1296/54/2
f 1289/54/3 1290/54/3 1294/54/3 1293/54/3
f 1292/54/4 1296/54/4 1295/54/4 1291/54/4
f 1289/54/5 1293/54/5 1296/54/5 1292/54/5
f 1290/54/6 1291/54/6 1295/54/6 1294/54/6
f 1297/54/1 1300/54/1 1299/54/1 1298/54/1
f 1301/54/2 1302/54/2 1303/54/2 1304/54/2
f 1297/54/3 1298/54/3 1302/54/3 1301/54/3
f 1300/54/4 1304/54/4 1303/54/4 1299/54/4
f 1297/54/5 1301/54/5 1304/54/5 1300/54/5
f 1298/54/6 1299/54/6 1303/54/6 1302/54/6
f 1305/54/1 1308/54/1 1307/54/1 1306/54/1
f 1309/54/2 1310/54/2 1311/54/2 1312/54/2
f 1305/54/3 1306/54/3 1310/54/3 1309/54/3
f 1308/54/4 1312/54/4 1311/54/4 1307/54/4
f 1305/54/5 1309/54/5 1312/54/5 1308/54/5
f 1306/54/6 1307/54/6 1311/54/6 1310/54/6
f 1313/54/1 1316/54/1 1315/54/1 1314/54/1
f 1317/54/2 1318/54/2 1319/54/2 1320/54/2
f 1313/54/3 1314/54/3 1318/54/3 1317/54/3
f 1316/54/4 1320/54/4 1319/54/4 1315/54/4
f 1313/54/5 1317/54/5 1320/54/5 1316/54/5
f 1314/54/6 1315/54/6 1319/54/6 1318/54/6
f 1321/54/1 1324/54/1 1323/54/1 1322/54/1
f 1325/54/2 1326/54/2 1327/54/2 1328/54/2
f 1321/54/3 1322/54/3 1326/54/3 1325/54/3
f 1324/54/4 1328/54/4 1327/54/4 1323/54/4
f 1321/54/5 1325/54/5 1328/54/5 1324/54/5
f 1322/54/6 1323/54/6 1327/54/6 1326/54/6
f 1329/39/1 1332/39/1 1331/39/1 1330/39/1
f 1333/39/2 1334/39/2 1335/39/2 1336/39/2
f 1329/39/3 1330/39/3 1334/39/3 1333/39/3
f 1332/39/4 1336/39/4 1335/39/4 1331/39/4
f 1329/39/5 1333/39/5 1336/39/5 1332/39/5
f 1330/39/6 1331/39/6 1335/39/6 1334/39/6
f 1337/39/1 1340/39/1 1339/39/1 1338/39/1
f 1341/39/2 1342/39/2 1343/39/2 1344/39/2
f 1337/39/3 1338/39/3 1342/39/3 1341/39/3
f 1340/39/4 1344/39/4 1343/39/4 1339/39/4
f 1337/39/5 1341/39/5 1344/39/5 1340/39/5
f 1338/39/6 1339/39/6 1343/39/6 1342/39/6
f 1345/30/1 1348/30/1 1347/30/1 1346/30/1
f 1349/30/2 1350/30/2 1351/30/2 1352/30/2
f 1345/30/3 1346/30/3 1350/30/3 1349/30/3
f 1348/30/4 1352/30/4 1351/30/4 1347/30/4
f 1345/30/5 1349/30/5 1352/30/5 1348/30/5
f 1346/30/6 1347/30/6 1351/30/6 1350/30/6
f 1353/30/1 1356/30/1 1355/30/1 1354/30/1
f 1357/30/2 1358/30/2 1359/30/2 1360/30/2
f 1353/30/3 1354/30/3 1358/30/3 1357/30/3
f 1356/30/4 1360/30/4 1359/30/4 1355/30/4
f 1353/30/5 1357/30/5 1360/30/5 1356/30/5
f 1354/30/6 1355/30/6 1359/30/6 1358/30/6
f 1361/54/1 1364/54/1 1363/54/1 1362/54/1
f 1365/54/2 1366/54/2 1367/54/2 1368/54/2
f 1361/54/3 1362/54/3 1366/54/3 1365/54/3
f 1364/54/4 1368/54/4 1367/54/4 1363/54/4
f 1361/54/5 1365/54/5 1368/54/5 1364/54/5
f 1362/54/6 1363/54/6 1367/54/6 1366/54/6
f 1369/54/1 1372/54/1 1371/54/1 1370/54/1
f 1373/54/2 1374/54/2 1375/54/2 1376/54/2
f 1369/54/3 1370/54/3 1374/54/3 1373/54/3
f 1372/54/4 1376/54/4 1375/54/4 1371/54/4
f 1369/54/5 1373/54/5 1376/54/5 1372/54/5
f 1370/54/6 1371/54/6 1375/54/6 1374/54/6
f 1377/54/1 1380/54/1 1379/54/1 1378/54/1
f 1381/54/2 1382/54/2 1383/54/2 1384/54/2
f 1377/54/3 1378/54/3 1382/54/3 1381/54/3
f 1380/54/4 1384/54/4 1383/54/4 1379/54/4
f 1377/54/5 1381/54/5 1384/54/5 1380/54/5
f 1378/54/6 1379/54/6 1383/54/6 1382/54/6
f 1385/54/1 1388/54/1 1387/54/1 1386/54/1
f 1389/54/2 1390/54/2 1391/54/2 1392/54/2
f 1385/54/3 1386/54/3 1390/54/3 1389/54/3
f 1388/54/4 1392/54/4 1391/54/4 1387/54/4
f 1385/54/5 1389/54/5 1392/54/5 1388/54/5
f 1386/54/6 1387/54/6 1391/54/6 1390/54/6
f 1393/45/1 1396/45/1 1395/45/1 1394/45/1
f 1397/45/2 1398/45/2 1399/45/2 1400/45/2
f 1393/45/3 1394/45/3 1398/45/3 1397/45/3
f 1396/45/4 1400/45/4 1399/45/4 1395/45/4
f 1393/45/5 1397/45/5 1400/45/5 1396/45/5
f 1394/45/6 1395/45/6 1399/45/6 1398/45/6
f 1401/45/1 1404/45/1 1403/45/1 1402/45/1
f 1405/45/2 1406/45/2 1407/45/2 1408/45/2
f 1401/45/3 1402/45/3 1406/45/3 1405/45/3
f 1404/45/4 1408/45/4 1407/45/4 1403/45/4
f 1401/45/5 1405/45/5 1408/45/5 1404/45/5
f 1402/45/6 1403/45/6 1407/45/6 1406/45/6
f 1409/54/1 1412/54/1 1411/54/1 1410/54/1
f 1413/54/2 1414/54/2 1415/54/2 1416/54/2
f 1409/54/3 1410/54/3 1414/54/3 1413/54/3
f 1412/54/4 1416/54/4 1415/54/4 1411/54/4
f 1409/54/5 1413/54/5 1416/54/5 1412/54/5
f 1410/54/6 1411/54/6 1415/54/6 1414/54/6
f 1417/54/1 1420/54/1 1419/54/1 1418/54/1
f 1421/54/2 1422/54/2 1423/54/2 1424/54/2
f 1417/54/3 1418/54/3 1422/54/3 1421/54/3
f 1420/54/4 1424/54/4 1423/54/4 1419/54/4
f 1417/54/5 1421/54/5 1424/54/5 1420/54/5
f 1418/54/6 1419/54/6 1423/54/6 1422/54/6
f 1425/54/1 1428/54/1 1427/54/1 1426/54/1
f 1429/54/2 1430/54/2 1431/54/2 1432/54/2
f 1425/54/3 1426/54/3 1430/54/3 1429/54/3
f 1428/54/4 1432/54/4 1431/54/4 1427/54/4
f 1425/54/5 1429/54/5 1432/54/5 1428/54/5
f 1426/54/6 1427/54/6 1431/54/6 1430/54/6
f 1433/54/1 1436/54/1 1435/54/1 1434/54/1
f 1437/54/2 1438/54/2 1439/54/2 1440/54/2
f 1433/54/3 1434/54/3 1438/54/3 1437/54/3
f 1436/54/4 1440/54/4 1439/54/4 1435/54/4
f 1433/54/5 1437/54/5 1440/54/5 1436/54/5
f 1434/54/6 1435/54/6 1439/54/6 1438/54/6
f 1441/54/1 1444/54/1 1443/54/1 1442/54/1
f 1445/54/2 1446/54/2 1447/54/2 1448/54/2
f 1441/54/3 1442/54/3 1446/54/3 1445/54/3
f 1444/54/4 1448/54/4 1447/54/4 1443/54/4
f 1441/54/5 1445/54/5 1448/54/5 1444/54/5
f 1442/54/6 1443/54/6 1447/54/6 1446/54/6
f 1449/54/1 1452/54/1 1451/54/1 1450/54/1
f 1453/54/2 1454/54/2 1455/54/2 1456/54/2
f 1449/54/3 1450/54/3 1454/54/3 1453/54/3
f 1452/54/4 1456/54/4 1455/54/4 1451/54/4
f 1449/54/5 1453/54/5 1456/54/5 1452/54/5
f 1450/54/6 1451/54/6 1455/54/6 1454/54/6
f 1457/54/1 1460/54/1 1459/54/1 1458/54/1
f 1461/54/2 1462/54/2 1463/54/2 1464/54/2
f 1457/54/3 1458/54/3 1462/54/3 1461/54/3
f 1460/54/4 1464/54/4 1463/54/4 1459/54/4
f 1457/54/5 1461/54/5 1464/54/5 1460/54/5
f 1458/54/6 1459/54/6 1463/54/6 1462/54/6
f 1465/54/1 1468/54/1 1467/54/1 1466/54/1
f 1469/54/2 1470/54/2 1471/54/2 1472/54/2
f 1465/54/3 1466/54/3 1470/54/3 1469/54/3
f 1468/54/4 1472/54/4 1471/54/4 1467/54/4
f 1465/54/5 1469/54/5 1472/54/5 1468/54/5
f 1466/54/6 1467/54/6 1471/54/6 1470/54/6
f 1473/54/1 1476/54/1 1475/54/1 1474/54/1
f 1477/54/2 1478/54/2 1479/54/2 1480/54/2
f 1473/54/3 1474/54/3 1478/54/3 1477/54/3
f 1476/54/4 1480/54/4 1479/54/4 1475/54/4
f 1473/54/5 1477/54/5 1480/54/5 1476/54/5
f 1474/54/6 1475/54/6 1479/54/6 1478/54/6
f 1481/54/1 1484/54/1 1483/54/1 1482/54/1
f 1485/54/2 1486/54/2 1487/54/2 1488/54/2
f 1481/54/3 1482/54/3 1486/54/3 1485/54/3
f 1484/54/4 1488/54/4 1487/54/4 1483/54/4
f 1481/54/5 1485/54/5 1488/54/5 1484/54/5
f 1482/54/6 1483/54/6 1487/54/6 1486/54/6
f 1489/54/1 1492/54/1 1491/54/1 1490/54/1
f 1493/54/2 1494/54/2 1495/54/2 1496/54/2
f 1489/54/3 1490/54/3 1494/54/3 1493/54/3
f 1492/54/4 1496/54/4 1495/54/4 1491/54/4
f 1489/54/5 1493/54/5 1496/54/5 1492/54/5
f 1490/54/6 1491/54/6 1495/54/6 1494/54/6
f 1497/54/1 1500/54/1 1499/54/1 1498/54/1
f 1501/54/2 1502/54/2 1503/54/2 1504/54/2
f 1497/54/3 1498/54/3 1502/54/3 1501/54/3
f 1500/54/4 1504/54/4 1503/54/4 1499/54/4
f 1497/54/5 1501/54/5 1504/54/5 1500/54/5
f 1498/54/6 1499/54/6 1503/54/6 1502/54/6
f 1505/54/1 1508/54/1 1507/54/1 1506/54/1
f 1509/54/2 1510/54/2 1511/54/2 1512/54/2
f 1505/54/3 1506/54/3 1510/54/3 1509/54/3
f 1508/54/4 1512/54/4 1511/54/4 1507/54/4
f 1505/54/5 1509/54/5 1512/54/5 1508/54/5
f 1506/54/6 1507/54/6 1511/54/6 1510/54/6
f 1513/54/1 1516/54/1 1515/54/1 1514/54/1
f 1517/54/2 1518/54/2 1519/54/2 1520/54/2
f 1513/54/3 1514/54/3 1518/54/3 1517/54/3
f 1516/54/4 1520/54/4 1519/54/4 1515/54/4
f 1513/54/5 1517/54/5 1520/54/5 1516/54/5
f 1514/54/6 1515/54/6 1519/54/6 1518/54/6
f 1521/54/1 1524/54/1 1523/54/1 1522/54/1
f 1525/54/2 1526/54/2 1527/54/2 1528/54/2
f 1521/54/3 1522/54/3 1526/54/3 1525/54/3
f 1524/54/4 1528/54/4 1527/54/4 1523/54/4
f 1521/54/5 1525/54/5 1528/54/5 1524/54/5
f 1522/54/6 1523/54/6 1527/54/6 1526/54/6
f 1529/54/1 1532/54/1 1531/54/1 1530/54/1
f 1533/54/2 1534/54/2 1535/54/2 1536/54/2
f 1529/54/3 1530/54/3 1534/54/3 1533/54/3
f 1532/54/4 1536/54/4 1535/54/4 1531/54/4
f 1529/54/5 1533/54/5 1536/54/5 1532/54/5
f 1530/54/6 1531/54/6 1535/54/6 1534/54/6
f 1537/54/1 1540/54/1 1539/54/1 1538/54/1
f 1541/54/2 1542/54/2 1543/54/2 1544/54/2
f 1537/54/3 1538/54/3 1542/54/3 1541/54/3
f 1540/54/4 1544/54/4 1543/54/4 1539/54/4
f 1537/54/5 1541/54/5 1544/54/5 1540/54/5
f 1538/54/6 1539/54/6 1543/54/6 1542/54/6
f 1545/54/1 1548/54/1 1547/54/1 1546/54/1
f 1549/54/2 1550/54/2 1551/54/2 1552/54/2
f 1545/54/3 1546/54/3 1550/54/3 1549/54/3
f 1548/54/4 1552/54/4 1551/54/4 1547/54/4
f 1545/54/5 1549/54/5 1552/54/5 1548/54/5
f 1546/54/6 1547/54/6 1551/54/6 1550/54/6
f 1553/54/1 1556/54/1 1555/54/1 1554/54/1
f 1557/54/2 1558/54/2 1559/54/2 1560/54/2
f 1553/54/3 1554/54/3 1558/54/3 1557/54/3
f 1556/54/4 1560/54/4 1559/54/4 1555/54/4
f 1553/54/5 1557/54/5 1560/54/5 1556/54/5
f 1554/54/6 1555/54/6 1559/54/6 1558/54/6
f 1561/54/1 1564/54/1 1563/54/1 1562/54/1
f 1565/54/2 1566/54/2 1567/54/2 1568/54/2
f 1561/54/3 1562/54/3 1566/54/3 1565/54/3
f 1564/54/4 1568/54/4 1567/54/4 1563/54/4
f 1561/54/5 1565/54/5 1568/54/5 1564/54/5
f 1562/54/6 1563/54/6 1567/54/6 1566/54/6
f 1569/54/1 1572/54/1 1571/54/1 1570/54/1
f 1573/54/2 1574/54/2 1575/54/2 1576/54/2
f 1569/54/3 1570/54/3 1574/54/3 1573/54/3
f 1572/54/4 1576/54/4 1575/54/4 1571/54/4
f 1569/54/5 1573/54/5 1576/54/5 1572/54/5
f 1570/54/6 1571/54/6 1575/54/6 1574/54/6
f 1577/54/1 1580/54/1 1579/54/1 1578/54/1
f 1581/54/2 1582/54/2 1583/54/2 1584/54/2
f 1577/54/3 1578/54/3 1582/54/3 1581/54/3
f 1580/54/4 1584/54/4 1583/54/4 1579/54/4
f 1577/54/5 1581/54/5 1584/54/5 1580/54/5
f 1578/54/6 1579/54/6 1583/54/6 1582/54/6
f 1585/54/1 1588/54/1 1587/54/1 1586/54/1
f 1589/54/2 1590/54/2 1591/54/2 1592/54/2
f 1585/54/3 1586/54/3 1590/54/3 1589/54/3
f 1588/54/4 1592/54/4 1591/54/4 1587/54/4
f 1585/54/5 1589/54/5 1592/54/5 1588/54/5
f 1586/54/6 1587/54/6 1591/54/6 1590/54/6
f 1593/54/1 1596/54/1 1595/54/1 1594/54/1
f 1597/54/2 1598/54/2 1599/54/2 1600/54/2
f 1593/54/3 1594/54/3 1598/54/3 1597/54/3
f 1596/54/4 1600/54/4 1599/54/4 1595/54/4
f 1593/54/5 1597/54/5 1600/54/5 1596/54/5
f 1594/54/6 1595/54/6 1599/54/6 1598/54/6
f 1601/39/1 1604/39/1 1603/39/1 1602/39/1
f 1605/39/2 1606/39/2 1607/39/2 1608/39/2
f 1601/39/3 1602/39/3 1606/39/3 1605/39/3
f 1604/39/4 1608/39/4 1607/39/4 1603/39/4
f 1601/39/5 1605/39/5 1608/39/5 1604/39/5
f 1602/39/6 1603/39/6 1607/39/6 1606/39/6
f 1609/39/1 1612/39/1 1611/39/1 1610/39/1
f 1613/39/2 1614/39/2 1615/39/2 1616/39/2
f 1609/39/3 1610/39/3 1614/39/3 1613/39/3
f 1612/39/4 1616/39/4 1615/39/4 1611/39/4
f 1609/39/5 1613/39/5 1616/39/5 1612/39/5
f 1610/39/6 1611/39/6 1615/39/6 1614/39/6
f 1617/30/1 1620/30/1 1619/30/1 1618/30/1
f 1621/30/2 1622/30/2 1623/30/2 1624/30/2
f 1617/30/3 1618/30/3 1622/30/3 1621/30/3
f 1620/30/4 1624/30/4 1623/30/4 1619/30/4
f 1617/30/5 1621/30/5 1624/30/5 1620/30/5
f 1618/30/6 1619/30/6 1623/30/6 1622/30/6
f 1625/30/1 1628/30/1 1627/30/1 1626/30/1
f 1629/30/2 1630/30/2 1631/30/2 1632/30/2
f 1625/30/3 1626/30/3 1630/30/3 1629/30/3
f 1628/30/4 1632/30/4 1631/30/4 1627/30/4
f 1625/30/5 1629/30/5 1632/30/5 1628/30/5
f 1626/30/6 1627/30/6 1631/30/6 1630/30/6
f 1633/54/1 1636/54/1 1635/54/1 1634/54/1
f 1637/54/2 1638/54/2 1639/54/2 1640/54/2
f 1633/54/3 1634/54/3 1638/54/3 1637/54/3
f 1636/54/4 1640/54/4 1639/54/4 1635/54/4
f 1633/54/5 1637/54/5 1640/54/5 1636/54/5
f 1634/54/6 1635/54/6 1639/54/6 1638/54/6
f 1641/54/1 1644/54/1 1643/54/1 1642/54/1
f 1645/54/2 1646/54/2 1647/54/2 1648/54/2
f 1641/54/3 1642/54/3 1646/54/3 1645/54/3
f 1644/54/4 1648/54/4 1647/54/4 1643/54/4
f 1641/54/5 1645/54/5 1648/54/5 1644/54/5
f 1642/54/6 1643/54/6 1647/54/6 1646/54/6
f 1649/54/1 1652/54/1 1651/54/1 1650/54/1
f 1653/54/2 1654/54/2 1655/54/2 1656/54/2
f 1649/54/3 1650/54/3 1654/54/3 1653/54/3
f 1652/54/4 1656/54/4 1655/54/4 1651/54/4
f 1649/54/5 1653/54/5 1656/54/5 1652/54/5
f 1650/54/6 1651/54/6 1655/54/6 1654/54/6
f 1657/54/1 1660/54/1 1659/54/1 1658/54/1
f 1661/54/2 1662/54/2 1663/54/2 1664/54/2
f 1657/54/3 1658/54/3 1662/54/3 1661/54/3
f 1660/54/4 1664/54/4 1663/54/4 1659/54/4
f 1657/54/5 1661/54/5 1664/54/5 1660/54/5
f 1658/54/6 1659/54/6 1663/54/6 1662/54/6
f 1665/45/1 1668/45/1 1667/45/1 1666/45/1
f 1669/45/2 1670/45/2 1671/45/2 1672/45/2
f 1665/45/3 1666/45/3 1670/45/3 1669/45/3
f 1668/45/4 1672/45/4 1671/45/4 1667/45/4
f 1665/45/5 1669/45/5 1672/45/5 1668/45/5
f 1666/45/6 1667/45/6 1671/45/6 1670/45/6
f 1673/45/1 1676/45/1 1675/45/1 1674/45/1
f 1677/45/2 1678/45/2 1679/45/2 1680/45/2
f 1673/45/3 1674/45/3 1678/45/3 1677/45/3
f 1676/45/4 1680/45/4 1679/45/4 1675/45/4
f 1673/45/5 1677/45/5 1680/45/5 1676/45/5
f 1674/45/6 1675/45/6 1679/45/6 1678/45/6
f 1681/54/1 1684/54/1 1683/54/1 1682/54/1
f 1685/54/2 1686/54/2 1687/54/2 1688/54/2
f 1681/54/3 1682/54/3 1686/54/3 1685/54/3
f 1684/54/4 1688/54/4 1687/54/4 1683/54/4
f 1681/54/5 1685/54/5 1688/54/5 1684/54/5
f 1682/54/6 1683/54/6 1687/54/6 1686/54/6
f 1689/54/1 1692/54/1 1691/54/1 1690/54/1
f 1693/54/2 1694/54/2 1695/54/2 1696/54/2
f 1689/54/3 1690/54/3 1694/54/3 1693/54/3
f 1692/54/4 1696/54/4 1695/54/4 1691/54/4
f 1689/54/5 1693/54/5 1696/54/5 1692/54/5
f 1690/54/6 1691/54/6 1695/54/6 1694/54/6
f 1697/54/1 1700/54/1 1699/54/1 1698/54/1
f 1701/54/2 1702/54/2 1703/54/2 1704/54/2
f 1697/54/3 1698/54/3 1702/54/3 1701/54/3
f 1700/54/4 1704/54/4 1703/54/4 1699/54/4
f 1697/54/5 1701/54/5 1704/54/5 1700/54/5
f 1698/54/6 1699/54/6 1703/54/6 1702/54/6
f 1705/54/1 1708/54/1 1707/54/1 1706/54/1
f 1709/54/2 1710/54/2 1711/54/2 1712/54/2
f 1705/54/3 1706/54/3 1710/54/3 1709/54/3
f 1708/54/4 1712/54/4 1711/54/4 1707/54/4
f 1705/54/5 1709/54/5 1712/54/5 1708/54/5
f 1706/54/6 1707/54/6 1711/54/6 1710/54/6
f 1713/54/1 1716/54/1 1715/54/1 1714/54/1
f 1717/54/2 1718/54/2 1719/54/2 1720/54/2
f 1713/54/3 1714/54/3 1718/54/3 1717/54/3
f 1716/54/4 1720/54/4 1719/54/4 1715/54/4
f 1713/54/5 1717/54/5 1720/54/5 1716/54/5
f 1714/54/6 1715/54/6 1719/54/6 1718/54/6
f 1721/54/1 1724/54/1 1723/54/1 1722/54/1
f 1725/54/2 1726/54/2 1727/54/2 1728/54/2
f 1721/54/3 1722/54/3 1726/54/3 1725/54/3
f 1724/54/4 1728/54/4 1727/54/4 1723/54/4
f 1721/54/5 1725/54/5 1728/54/5 1724/54/5
f 1722/54/6 1723/54/6 1727/54/6 1726/54/6
f 1729/54/1 1732/54/1 1731/54/1 1730/54/1
f 1733/54/2 1734/54/2 1735/54/2 1736/54/2
f 1729/54/3 1730/54/3 1734/54/3 1733/54/3
f 1732/54/4 1736/54/4 1735/54/4 1731/54/4
f 1729/54/5 1733/54/5 1736/54/5 1732/54/5
f 1730/54/6 1731/54/6 1735/54/6 1734/54/6
f 1737/54/1 1740/54/1 1739/54/1 1738/54/1
f 1741/54/2 1742/54/2 1743/54/2 1744/54/2
f 1737/54/3 1738/54/3 1742/54/3 1741/54/3
f 1740/54/4 1744/54/4 1743/54/4 1739/54/4
f 1737/54/5 1741/54/5 1744/54/5 1740/54/5
f 1738/54/6 1739/54/6 1743/54/6 1742/54/6
f 1745/54/1 1748/54/1 1747/54/1 1746/54/1
f 1749/54/2 1750/54/2 1751/54/2 1752/54/2
f 1745/54/3 1746/54/3 1750/54/3 1749/54/3
f 1748/54/4 1752/54/4 1751/54/4 1747/54/4
f 1745/54/5 1749/54/5 1752/54/5 1748/54/5
f 1746/54/6 1747/54/6 1751/54/6 1750/54/6
f 1753/54/1 1756/54/1 1755/54/1 1754/54/1
f 1757/54/2 1758/54/2 1759/54/2 1760/54/2
f 1753/54/3 1754/54/3 1758/54/3 1757/54/3
f 1756/54/4 1760/54/4 1759/54/4 1755/54/4
f 1753/54/5 1757/54/5 1760/54/5 1756/54/5
f 1754/54/6 1755/54/6 1759/54/6 1758/54/6
f 1761/54/1 1764/54/1 1763/54/1 1762/54/1
f 1765/54/2 1766/54/2 1767/54/2 1768/54/2
f 1761/54/3 1762/54/3 1766/54/3 1765/54/3
f 1764/54/4 1768/54/4 1767/54/4 1763/54/4
f 1761/54/5 1765/54/5 1768/54/5 1764/54/5
f 1762/54/6 1763/54/6 1767/54/6 1766/54/6
f 1769/54/1 1772/54/1 1771/54/1 1770/54/1
f 1773/54/2 1774/54/2 1775/54/2 1776/54/2
f 1769/54/3 1770/54/3 1774/54/3 1773/54/3
f 1772/54/4 1776/54/4 1775/54/4 1771/54/4
f 1769/54/5 1773/54/5 1776/54/5 1772/54/5
f 1770/54/6 1771/54/6 1775/54/6 1774/54/6
f 1777/54/1 1780/54/1 1779/54/1 1778/54/1
f 1781/54/2 1782/54/2 1783/54/2 1784/54/2
f 1777/54/3 1778/54/3 1782/54/3 1781/54/3
f 1780/54/4 1784/54/4 1783/54/4 1779/54/4
f 1777/54/5 1781/54/5 1784/54/5 1780/54/5
f 1778/54/6 1779/54/6 1783/54/6 1782/54/6
f 1785/54/1 1788/54/1 1787/54/1 1786/54/1
f 1789/54/2 1790/54/2 1791/54/2 1792/54/2
f 1785/54/3 1786/54/3 1790/54/3 1789/54/3
f 1788/54/4 1792/54/4 1791/54/4 1787/54/4
f 1785/54/5 1789/54/5 1792/54/5 1788/54/5
f 1786/54/6 1787/54/6 1791/54/6 1790/54/6
f 1793/54/1 1796/54/1 1795/54/1 1794/54/1
f 1797/54/2 1798/54/2 1799/54/2 1800/54/2
f 1793/54/3 1794/54/3 1798/54/3 1797/54/3
f 1796/54/4 1800/54/4 1799/54/4 1795/54/4
f 1793/54/5 1797/54/5 1800/54/5 1796/54/5
f 1794/54/6 1795/54/6 1799/54/6 1798/54/6
f 1801/54/1 1804/54/1 1803/54/1 1802/54/1
f 1805/54/2 1806/54/2 1807/54/2 1808/54/2
f 1801/54/3 1802/54/3 1806/54/3 1805/54/3
f 1804/54/4 1808/54/4 1807/54/4 1803/54/4
f 1801/54/5 1805/54/5 1808/54/5 1804/54/5
f 1802/54/6 1803/54/6 1807/54/6 1806/54/6
f 1809/54/1 1812/54/1 1811/54/1 1810/54/1
f 1813/54/2 1814/54/2 1815/54/2 1816/54/2
f 1809/54/3 1810/54/3 1814/54/3 1813/54/3
f 1812/54/4 1816/54/4 1815/54/4 1811/54/4
f 1809/54/5 1813/54/5 1816/54/5 1812/54/5
f 1810/54/6 1811/54/6 1815/54/6 1814/54/6
f 1817/54/1 1820/54/1 1819/54/1 1818/54/1
f 1821/54/2 1822/54/2 1823/54/2 1824/54/2
f 1817/54/3 1818/54/3 1822/54/3 1821/54/3
f 1820/54/4 1824/54/4 1823/54/4 1819/54/4
f 1817/54/5 1821/54/5 1824/54/5 1820/54/5
f 1818/54/6 1819/54/6 1823/54/6 1822/54/6
f 1825/54/1 1828/54/1 1827/54/1 1826/54/1
f 1829/54/2 1830/54/2 1831/54/2 1832/54/2
f 1825/54/3 1826/54/3 1830/54/3 1829/54/3
f 1828/54/4 1832/54/4 1831/54/4 1827/54/4
f 1825/54/5 1829/54/5 1832/54/5 1828/54/5
f 1826/54/6 1827/54/6 1831/54/6 1830/54/6
f 1833/54/1 1836/54/1 1835/54/1 1834/54/1
f 1837/54/2 1838/54/2 1839/54/2 1840/54/2
f 1833/54/3 1834/54/3 1838/54/3 1837/54/3
f 1836/54/4 1840/54/4 1839/54/4 1835/54/4
f 1833/54/5 1837/54/5 1840/54/5 1836/54/5
f 1834/54/6 1835/54/6 1839/54/6 1838/54/6
f 1841/54/1 1844/54/1 1843/54/1 1842/54/1
f 1845/54/2 1846/54/2 1847/54/2 1848/54/2
f 1841/54/3 1842/54/3 1846/54/3 1845/54/3
f 1844/54/4 1848/54/4 1847/54/4 1843/54/4
f 1841/54/5 1845/54/5 1848/54/5 1844/54/5
f 1842/54/6 1843/54/6 1847/54/6 1846/54/6
f 1849/54/1 1852/54/1 1851/54/1 1850/54/1
f 1853/54/2 1854/54/2 1855/54/2 1856/54/2
f 1849/54/3 1850/54/3 1854/54/3 1853/54/3
f 1852/54/4 1856/54/4 1855/54/4 1851/54/4
f 1849/54/5 1853/54/5 1856/54/5 1852/54/5
f 1850/54/6 1851/54/6 1855/54/6 1854/54/6
f 1857/54/1 1860/54/1 1859/54/1 1858/54/1
f 1861/54/2 1862/54/2 1863/54/2 1864/54/2
f 1857/54/3 1858/54/3 1862/54/3 1861/54/3
f 1860/54/4 1864/54/4 1863/54/4 1859/54/4
f 1857/54/5 1861/54/5 1864/54/5 1860/54/5
f 1858/54/6 1859/54/6 1863/54/6 1862/54/6
f 1865/54/1 1868/54/1 1867/54/1 1866/54/1
f 1869/54/2 1870/54/2 1871/54/2 1872/54/2
f 1865/54/3 1866/54/3 1870/54/3 1869/54/3
f 1868/54/4 1872/54/4 1871/54/4 1867/54/4
f 1865/54/5 1869/54/5 1872/54/5 1868/54/5
f 1866/54/6 1867/54/6 1871/54/6 1870/54/6
f 1873/39/1 1876/39/1 1875/39/1 1874/39/1
f 1877/39/2 1878/39/2 1879/39/2 1880/39/2
f 1873/39/3 1874/39/3 1878/39/3 1877/39/3
f 1876/39/4 1880/39/4 1879/39/4 1875/39/4
f 1873/39/5 1877/39/5 1880/39/5 1876/39/5
f 1874/39/6 1875/39/6 1879/39/6 1878/39/6
f 1881/39/1 1884/39/1 1883/39/1 1882/39/1
f 1885/39/2 1886/39/2 1887/39/2 1888/39/2
f 1881/39/3 1882/39/3 1886/39/3 1885/39/3
f 1884/39/4 1888/39/4 1887/39/4 1883/39/4
f 1881/39/5 1885/39/5 1888/39/5 1884/39/5
f 1882/39/6 1883/39/6 1887/39/6 1886/39/6
f 1889/30/1 1892/30/1 1891/30/1 1890/30/1
f 1893/30/2 1894/30/2 1895/30/2 1896/30/2
f 1889/30/3 1890/30/3 1894/30/3 1893/30/3
f 1892/30/4 1896/30/4 1895/30/4 1891/30/4
f 1889/30/5 1893/30/5 1896/30/5 1892/30/5
f 1890/30/6 1891/30/6 1895/30/6 1894/30/6
f 1897/30/1 1900/30/1 1899/30/1 1898/30/1
f 1901/30/2 1902/30/2 1903/30/2 1904/30/2
f 1897/30/3 1898/30/3 1902/30/3 1901/30/3
f 1900/30/4 1904/30/4 1903/30/4 1899/30/4
f 1897/30/5 1901/30/5 1904/30/5 1900/30/5
f 1898/30/6 1899/30/6 1903/30/6 1902/30/6
f 1905/54/1 1908/54/1 1907/54/1 1906/54/1
f 1909/54/2 1910/54/2 1911/54/2 1912/54/2
f 1905/54/3 1906/54/3 1910/54/3 1909/54/3
f 1908/54/4 1912/54/4 1911/54/4 1907/54/4
f 1905/54/5 1909/54/5 1912/54/5 1908/54/5
f 1906/54/6 1907/54/6 1911/54/6 1910/54/6
f 1913/54/1 1916/54/1 1915/54/1 1914/54/1
f 1917/54/2 1918/54/2 1919/54/2 1920/54/2
f 1913/54/3 1914/54/3 1918/54/3 1917/54/3
f 1916/54/4 1920/54/4 1919/54/4 1915/54/4
f 1913/54/5 1917/54/5 1920/54/5 1916/54/5
f 1914/54/6 1915/54/6 1919/54/6 1918/54/6
f 1921/54/1 1924/54/1 1923/54/1 1922/54/1
f 1925/54/2 1926/54/2 1927/54/2 1928/54/2
f 1921/54/3 1922/54/3 1926/54/3 1925/54/3
f 1924/54/4 1928/54/4 1927/54/4 1923/54/4
f 1921/54/5 1925/54/5 1928/54/5 1924/54/5
f 1922/54/6 1923/54/6 1927/54/6 1926/54/6
f 1929/54/1 1932/54/1 1931/54/1 1930/54/1
f 1933/54/2 1934/54/2 1935/54/2 1936/54/2
f 1929/54/3 1930/54/3 1934/54/3 1933/54/3
f 1932/54/4 1936/54/4 1935/54/4 1931/54/4
f 1929/54/5 1933/54/5 1936/54/5 1932/54/5
f 1930/54/6 1931/54/6 1935/54/6 1934/54/6
f 1937/45/1 1940/45/1 1939/45/1 1938/45/1
f 1941/45/2 1942/45/2 1943/45/2 1944/45/2
f 1937/45/3 1938/45/3 1942/45/3 1941/45/3
f 1940/45/4 1944/45/4 1943/45/4 1939/45/4
f 1937/45/5 1941/45/5 1944/45/5 1940/45/5
f 1938/45/6 1939/45/6 1943/45/6 1942/45/6
f 1945/45/1 1948/45/1 1947/45/1 1946/45/1
f 1949/45/2 1950/45/2 1951/45/2 1952/45/2
f 1945/45/3 1946/45/3 1950/45/3 1949/45/3
f 1948/45/4 1952/45/4 1951/45/4 1947/45/4
f 1945/45/5 1949/45/5 1952/45/5 1948/45/5
f 1946/45/6 1947/45/6 1951/45/6 1950/45/6
f 1953/54/1 1956/54/1 1955/54/1 1954/54/1
f 1957/54/2 1958/54/2 1959/54/2 1960/54/2
f 1953/54/3 1954/54/3 1958/54/3 1957/54/3
f 1956/54/4 1960/54/4 1959/54/4 1955/54/4
f 1953/54/5 1957/54/5 1960/54/5 1956/54/5
f 1954/54/6 1955/54/6 1959/54/6 1958/54/6
f 1961/54/1 1964/54/1 1963/54/1 1962/54/1
f 1965/54/2 1966/54/2 1967/54/2 1968/54/2
f 1961/54/3 1962/54/3 1966/54/3 1965/54/3
f 1964/54/4 1968/54/4 1967/54/4 1963/54/4
f 1961/54/5 1965/54/5 1968/54/5 1964/54/5
f 1962/54/6 1963/54/6 1967/54/6 1966/54/6
f 1969/54/1 1972/54/1 1971/54/1 1970/54/1
f 1973/54/2 1974/54/2 1975/54/2 1976/54/2
f 1969/54/3 1970/54/3 1974/54/3 1973/54/3
f 1972/54/4 1976/54/4 1975/54/4 1971/54/4
f 1969/54/5 1973/54/5 1976/54/5 1972/54/5
f 1970/54/6 1971/54/6 1975/54/6 1974/54/6
f 1977/54/1 1980/54/1 1979/54/1 1978/54/1
f 1981/54/2 1982/54/2 1983/54/2 1984/54/2
f 1977/54/3 1978/54/3 1982/54/3 1981/54/3
f 1980/54/4 1984/54/4 1983/54/4 1979/54/4
f 1977/54/5 1981/54/5 1984/54/5 1980/54/5
f 1978/54/6 1979/54/6 1983/54/6 1982/54/6
f 1985/54/1 1988/54/1 1987/54/1 1986/54/1
f 1989/54/2 1990/54/2 1991/54/2 1992/54/2
f 1985/54/3 1986/54/3 1990/54/3 1989/54/3
f 1988/54/4 1992/54/4 1991/54/4 1987/54/4
f 1985/54/5 1989/54/5 1992/54/5 1988/54/5
f 1986/54/6 1987/54/6 1991/54/6 1990/54/6
f 1993/54/1 1996/54/1 1995/54/1 1994/54/1
f 1997/54/2 1998/54/2 1999/54/2 2000/54/2
f 1993/54/3 1994/54/3 1998/54/3 1997/54/3
f 1996/54/4 2000/54/4 1999/54/4 1995/54/4
f 1993/54/5 1997/54/5 2000/54/5 1996/54/5
f 1994/54/6 1995/54/6 1999/54/6 1998/54/6
f 2001/54/1 2004/54/1 2003/54/1 2002/54/1
f 2005/54/2 2006/54/2 2007/54/2 2008/54/2
f 2001/54/3 2002/54/3 2006/54/3 2005/54/3
f 2004/54/4 2008/54/4 2007/54/4 2003/54/4
f 2001/54/5 2005/54/5 2008/54/5 2004/54/5
f 2002/54/6 2003/54/6 2007/54/6 2006/54/6
f 2009/54/1 2012/54/1 2011/54/1 2010/54/1
f 2013/54/2 2014/54/2 2015/54/2 2016/54/2
f 2009/54/3 2010/54/3 2014/54/3 2013/54/3
f 2012/54/4 2016/54/4 2015/54/4 2011/54/4
f 2009/54/5 2013/54/5 2016/54/5 2012/54/5
f 2010/54/6 2011/54/6 2015/54/6 2014/54/6
f 2017/54/1 2020/54/1 2019/54/1 2018/54/1
f 2021/54/2 2022/54/2 2023/54/2 2024/54/2
f 2017/54/3 2018/54/3 2022/54/3 2021/54/3
f 2020/54/4 2024/54/4 2023/54/4 2019/54/4
f 2017/54/5 2021/54/5 2024/54/5 2020/54/5
f 2018/54/6 2019/54/6 2023/54/6 2022/54/6
f 2025/54/1 2028/54/1 2027/54/1 2026/54/1
f 2029/54/2 2030/54/2 2031/54/2 2032/54/2
f 2025/54/3 2026/54/3 2030/54/3 2029/54/3
f 2028/54/4 2032/54/4 2031/54/4 2027/54/4
f 2025/54/5 2029/54/5 2032/54/5 2028/54/5
f 2026/54/6 2027/54/6 2031/54/6 2030/54/6
f 2033/54/1 2036/54/1 2035/54/1 2034/54/1
f 2037/54/2 2038/54/2 2039/54/2 2040/54/2
f 2033/54/3 2034/54/3 2038/54/3 2037/54/3
f 2036/54/4 2040/54/4 2039/54/4 2035/54/4
f 2033/54/5 2037/54/5 2040/54/5 2036/54/5
f 2034/54/6 2035/54/6 2039/54/6 2038/54/6
f 2041/54/1 2044/54/1 2043/54/1 2042/54/1
f 2045/54/2 2046/54/2 2047/54/2 2048/54/2
f 2041/54/3 2042/54/3 2046/54/3 2045/54/3
f 2044/54/4 2048/54/4 2047/54/4 2043/54/4
f 2041/54/5 2045/54/5 2048/54/5 2044/54/5
f 2042/54/6 2043/54/6 2047/54/6 2046/54/6
f 2049/54/1 2052/54/1 2051/54/1 2050/54/1
f 2053/54/2 2054/54/2 2055/54/2 2056/54/2
f 2049/54/3 2050/54/3 2054/54/3 2053/54/3
f 2052/54/4 2056/54/4 2055/54/4 2051/54/4
f 2049/54/5 2053/54/5 2056/54/5 2052/54/5
f 2050/54/6 2051/54/6 2055/54/6 2054/54/6
f 2057/54/1 2060/54/1 2059/54/1 2058/54/1
f 2061/54/2 2062/54/2 2063/54/2 2064/54/2
f 2057/54/3 2058/54/3 2062/54/3 2061/54/3
f 2060/54/4 2064/54/4 2063/54/4 2059/54/4
f 2057/54/5 2061/54/5 2064/54/5 2060/54/5
f 2058/54/6 2059/54/6 2063/54/6 2062/54/6
f 2065/54/1 2068/54/1 2067/54/1 2066/54/1
f 2069/54/2 2070/54/2 2071/54/2 2072/54/2
f 2065/54/3 2066/54/3 2070/54/3 2069/54/3
f 2068/54/4 2072/54/4 2071/54/4 2067/54/4
f 2065/54/5 2069/54/5 2072/54/5 2068/54/5
f 2066/54/6 2067/54/6 2071/54/6 2070/54/6
f 2073/54/1 2076/54/1 2075/54/1 2074/54/1
f 2077/54/2 2078/54/2 2079/54/2 2080/54/2
f 2073/54/3 2074/54/3 2078/54/3 2077/54/3
f 2076/54/4 2080/54/4 2079/54/4 2075/54/4
f 2073/54/5 2077/54/5 2080/54/5 2076/54/5
f 2074/54/6 2075/54/6 2079/54/6 2078/54/6
f 2081/54/1 2084/54/1 2083/54/1 2082/54/1
f 2085/54/2 2086/54/2 2087/54/2 2088/54/2
f 2081/54/3 2082/54/3 2086/54/3 2085/54/3
f 2084/54/4 2088/54/4 2087/54/4 2083/54/4
f 2081/54/5 2085/54/5 2088/54/5 2084/54/5
f 2082/54/6 2083/54/6 2087/54/6 2086/54/6
f 2089/54/1 2092/54/1 2091/54/1 2090/54/1
f 2093/54/2 2094/54/2 2095/54/2 2096/54/2
f 2089/54/3 2090/54/3 2094/54/3 2093/54/3
f 2092/54/4 2096/54/4 2095/54/4 2091/54/4
f 2089/54/5 2093/54/5 2096/54/5 2092/54/5
f 2090/54/6 2091/54/6 2095/54/6 2094/54/6
f 2097/54/1 2100/54/1 2099/54/1 2098/54/1
f 2101/54/2 2102/54/2 2103/54/2 2104/54/2
f 2097/54/3 2098/54/3 2102/54/3 2101/54/3
f 2100/54/4 2104/54/4 2103/54/4 2099/54/4
f 2097/54/5 2101/54/5 2104/54/5 2100/54/5
f 2098/54/6 2099/54/6 2103/54/6 2102/54/6
f 2105/54/1 2108/54/1 2107/54/1 2106/54/1
f 2109/54/2 2110/54/2 2111/54/2 2112/54/2
f 2105/54/3 2106/54/3 2110/54/3 2109/54/3
f 2108/54/4 2112/54/4 2111/54/4 2107/54/4
f 2105/54/5 2109/54/5 2112/54/5 2108/54/5
f 2106/54/6 2107/54/6 2111/54/6 2110/54/6
f 2113/54/1 2116/54/1 2115/54/1 2114/54/1
f 2117/54/2 2118/54/2 2119/54/2 2120/54/2
f 2113/54/3 2114/54/3 2118/54/3 2117/54/3
f 2116/54/4 2120/54/4 2119/54/4 2115/54/4
f 2113/54/5 2117/54/5 2120/54/5 2116/54/5
f 2114/54/6 2115/54/6 2119/54/6 2118/54/6
f 2121/54/1 2124/54/1 2123/54/1 2122/54/1
f 2125/54/2 2126/54/2 2127/54/2 2128/54/2
f 2121/54/3 2122/54/3 2126/54/3 2125/54/3
f 2124/54/4 2128/54/4 2127/54/4 2123/54/4
f 2121/54/5 2125/54/5 2128/54/5 2124/54/5
f 2122/54/6 2123/54/6 2127/54/6 2126/54/6
f 2129/54/1 2132/54/1 2131/54/1 2130/54/1
f 2133/54/2 2134/54/2 2135/54/2 2136/54/2
f 2129/54/3 2130/54/3 2134/54/3 2133/54/3
f 2132/54/4 2136/54/4 2135/54/4 2131/54/4
f 2129/54/5 2133/54/5 2136/54/5 2132/54/5
f 2130/54/6 2131/54/6 2135/54/6 2134/54/6
f 2137/54/1 2140/54/1 2139/54/1 2138/54/1
f 2141/54/2 2142/54/2 2143/54/2 2144/54/2
f 2137/54/3 2138/54/3 2142/54/3 2141/54/3
f 2140/54/4 2144/54/4 2143/54/4 2139/54/4
f 2137/54/5 2141/54/5 2144/54/5 2140/54/5
f 2138/54/6 2139/54/6 2143/54/6 2142/54/6
f 2145/54/1 2148/54/1 2147/54/1 2146/54/1
f 2149/54/2 2150/54/2 2151/54/2 2152/54/2
f 2145/54/3 2146/54/3 2150/54/3 2149/54/3
f 2148/54/4 2152/54/4 2151/54/4 2147/54/4
f 2145/54/5 2149/54/5 2152/54/5 2148/54/5
f 2146/54/6 2147/54/6 2151/54/6 2150/54/6
f 2153/54/1 2156/54/1 2155/54/1 2154/54/1
f 2157/54/2 2158/54/2 2159/54/2 2160/54/2
f 2153/54/3 2154/54/3 2158/54/3 2157/54/3
f 2156/54/4 2160/54/4 2159/54/4 2155/54/4
f 2153/54/5 2157/54/5 2160/54/5 2156/54/5
f 2154/54/6 2155/54/6 2159/54/6 2158/54/6
f 2161/39/1 2164/39/1 2163/39/1 2162/39/1
f 2165/39/2 2166/39/2 2167/39/2 2168/39/2
f 2161/39/3 2162/39/3 2166/39/3 2165/39/3
f 2164/39/4 2168/39/4 2167/39/4 2163/39/4
f 2161/39/5 2165/39/5 2168/39/5 2164/39/5
f 2162/39/6 2163/39/6 2167/39/6 2166/39/6
f 2169/30/1 2172/30/1 2171/30/1 2170/30/1
f 2173/30/2 2174/30/2 2175/30/2 2176/30/2
f 2169/30/3 2170/30/3 2174/30/3 2173/30/3
f 2172/30/4 2176/30/4 2175/30/4 2171/30/4
f 2169/30/5 2173/30/5 2176/30/5 2172/30/5
f 2170/30/6 2171/30/6 2175/30/6 2174/30/6
f 2177/52/1 2180/52/1 2179/52/1 2178/52/1
f 2181/52/2 2182/52/2 2183/52/2 2184/52/2
f 2177/52/3 2178/52/3 2182/52/3 2181/52/3
f 2180/52/4 2184/52/4 2183/52/4 2179/52/4
f 2177/52/5 2181/52/5 2184/52/5 2180/52/5
f 2178/52/6 2179/52/6 2183/52/6 2182/52/6
f 2185/52/1 2188/52/1 2187/52/1 2186/52/1
f 2189/52/2 2190/52/2 2191/52/2 2192/52/2
f 2185/52/3 2186/52/3 2190/52/3 2189/52/3
f 2188/52/4 2192/52/4 2191/52/4 2187/52/4
f 2185/52/5 2189/52/5 2192/52/5 2188/52/5
f 2186/52/6 2187/52/6 2191/52/6 2190/52/6
f 2193/31/1 2196/31/1 2195/31/1 2194/31/1
f 2197/31/2 2198/31/2 2199/31/2 2200/31/2
f 2193/31/3 2194/31/3 2198/31/3 2197/31/3
f 2196/31/4 2200/31/4 2199/31/4 2195/31/4
f 2193/31/5 2197/31/5 2200/31/5 2196/31/5
f 2194/31/6 2195/31/6 2199/31/6 2198/31/6
f 2201/55/1 2204/55/1 2203/55/1 2202/55/1
f 2205/55/2 2206/55/2 2207/55/2 2208/55/2
f 2201/55/3 2202/55/3 2206/55/3 2205/55/3
f 2204/55/4 2208/55/4 2207/55/4 2203/55/4
f 2201/55/5 2205/55/5 2208/55/5 2204/55/5
f 2202/55/6 2203/55/6 2207/55/6 2206/55/6
f 2209/31/1 2212/31/1 2211/31/1 2210/31/1
f 2213/31/2 2214/31/2 2215/31/2 2216/31/2
f 2209/31/3 2210/31/3 2214/31/3 2213/31/3
f 2212/31/4 2216/31/4 2215/31/4 2211/31/4
f 2209/31/5 2213/31/5 2216/31/5 2212/31/5
f 2210/31/6 2211/31/6 2215/31/6 2214/31/6
f 2217/55/1 2220/55/1 2219/55/1 2218/55/1
f 2221/55/2 2222/55/2 2223/55/2 2224/55/2
f 2217/55/3 2218/55/3 2222/55/3 2221/55/3
f 2220/55/4 2224/55/4 2223/55/4 2219/55/4
f 2217/55/5 2221/55/5 2224/55/5 2220/55/5
f 2218/55/6 2219/55/6 2223/55/6 2222/55/6
f 2225/52/1 2228/52/1 2227/52/1 2226/52/1
f 2229/52/2 2230/52/2 2231/52/2 2232/52/2
f 2225/52/3 2226/52/3 2230/52/3 2229/52/3
f 2228/52/4 2232/52/4 2231/52/4 2227/52/4
f 2225/52/5 2229/52/5 2232/52/5 2228/52/5
f 2226/52/6 2227/52/6 2231/52/6 2230/52/6
f 2233/56/1 2236/56/1 2235/56/1 2234/56/1
f 2237/56/2 2238/56/2 2239/56/2 2240/56/2
f 2233/56/3 2234/56/3 2238/56/3 2237/56/3
f 2236/56/4 2240/56/4 2239/56/4 2235/56/4
f 2233/56/5 2237/56/5 2240/56/5 2236/56/5
f 2234/56/6 2235/56/6 2239/56/6 2238/56/6
f 2241/56/1 2244/56/1 2243/56/1 2242/56/1
f 2245/56/2 2246/56/2 2247/56/2 2248/56/2
f 2241/56/3 2242/56/3 2246/56/3 2245/56/3
f 2244/56/4 2248/56/4 2247/56/4 2243/56/4
f 2241/56/5 2245/56/5 2248/56/5 2244/56/5
f 2242/56/6 2243/56/6 2247/56/6 2246/56/6
f 2249/56/1 2252/56/1 2251/56/1 2250/56/1
f 2253/56/2 2254/56/2 2255/56/2 2256/56/2
f 2249/56/3 2250/56/3 2254/56/3 2253/56/3
f 2252/56/4 2256/56/4 2255/56/4 2251/56/4
f 2249/56/5 2253/56/5 2256/56/5 2252/56/5
f 2250/56/6 2251/56/6 2255/56/6 2254/56/6
f 2257/56/1 2260/56/1 2259/56/1 2258/56/1
f 2261/56/2 2262/56/2 2263/56/2 2264/56/2
f 2257/56/3 2258/56/3 2262/56/3 2261/56/3
f 2260/56/4 2264/56/4 2263/56/4 2259/56/4
f 2257/56/5 2261/56/5 2264/56/5 2260/56/5
f 2258/56/6 2259/56/6 2263/56/6 2262/56/6
f 2265/56/1 2268/56/1 2267/56/1 2266/56/1
f 2269/56/2 2270/56/2 2271/56/2 2272/56/2
f 2265/56/3 2266/56/3 2270/56/3 2269/56/3
f 2268/56/4 2272/56/4 2271/56/4 2267/56/4
f 2265/56/5 2269/56/5 2272/56/5 2268/56/5
f 2266/56/6 2267/56/6 2271/56/6 2270/56/6
f 2273/56/1 2276/56/1 2275/56/1 2274/56/1
f 2277/56/2 2278/56/2 2279/56/2 2280/56/2
f 2273/56/3 2274/56/3 2278/56/3 2277/56/3
f 2276/56/4 2280/56/4 2279/56/4 2275/56/4
f 2273/56/5 2277/56/5 2280/56/5 2276/56/5
f 2274/56/6 2275/56/6 2279/56/6 2278/56/6
f 2281/56/1 2284/56/1 2283/56/1 2282/56/1
f 2285/56/2 2286/56/2 2287/56/2 2288/56/2
f 2281/56/3 2282/56/3 2286/56/3 2285/56/3
f 2284/56/4 2288/56/4 2287/56/4 2283/56/4
f 2281/56/5 2285/56/5 2288/56/5 2284/56/5
f 2282/56/6 2283/56/6 2287/56/6 2286/56/6
f 2289/56/1 2292/56/1 2291/56/1 2290/56/1
f 2293/56/2 2294/56/2 2295/56/2 2296/56/2
f 2289/56/3 2290/56/3 2294/56/3 2293/56/3
f 2292/56/4 2296/56/4 2295/56/4 2291/56/4
f 2289/56/5 2293/56/5 2296/56/5 2292/56/5
f 2290/56/6 2291/56/6 2295/56/6 2294/56/6
f 2297/56/1 2300/56/1 2299/56/1 2298/56/1
f 2301/56/2 2302/56/2 2303/56/2 2304/56/2
f 2297/56/3 2298/56/3 2302/56/3 2301/56/3
f 2300/56/4 2304/56/4 2303/56/4 2299/56/4
f 2297/56/5 2301/56/5 2304/56/5 2300/56/5
f 2298/56/6 2299/56/6 2303/56/6 2302/56/6
f 2305/56/1 2308/56/1 2307/56/1 2306/56/1
f 2309/56/2 2310/56/2 2311/56/2 2312/56/2
f 2305/56/3 2306/56/3 2310/56/3 2309/56/3
f 2308/56/4 2312/56/4 2311/56/4 2307/56/4
f 2305/56/5 2309/56/5 2312/56/5 2308/56/5
f 2306/56/6 2307/56/6 2311/56/6 2310/56/6
f 2313/56/1 2316/56/1 2315/56/1 2314/56/1
f 2317/56/2 2318/56/2 2319/56/2 2320/56/2
f 2313/56/3 2314/56/3 2318/56/3 2317/56/3
f 2316/56/4 2320/56/4 2319/56/4 2315/56/4
f 2313/56/5 2317/56/5 2320/56/5 2316/56/5
f 2314/56/6 2315/56/6 2319/56/6 2318/56/6
f 2321/56/1 2324/56/1 2323/56/1 2322/56/1
f 2325/56/2 2326/56/2 2327/56/2 2328/56/2
f 2321/56/3 2322/56/3 2326/56/3 2325/56/3
f 2324/56/4 2328/56/4 2327/56/4 2323/56/4
f 2321/56/5 2325/56/5 2328/56/5 2324/56/5
f 2322/56/6 2323/56/6 2327/56/6 2326/56/6
f 2329/56/1 2332/56/1 2331/56/1 2330/56/1
f 2333/56/2 2334/56/2 2335/56/2 2336/56/2
f 2329/56/3 2330/56/3 2334/56/3 2333/56/3
f 2332/56/4 2336/56/4 2335/56/4 2331/56/4
f 2329/56/5 2333/56/5 2336/56/5 2332/56/5
f 2330/56/6 2331/56/6 2335/56/6 2334/56/6
f 2337/39/1 2340/39/1 2339/39/1 2338/39/1
f 2341/39/2 2342/39/2 2343/39/2 2344/39/2
f 2337/39/3 2338/39/3 2342/39/3 2341/39/3
f 2340/39/4 2344/39/4 2343/39/4 2339/39/4
f 2337/39/5 2341/39/5 2344/39/5 2340/39/5
f 2338/39/6 2339/39/6 2343/39/6 2342/39/6
f 2345/39/1 2348/39/1 2347/39/1 2346/39/1
f 2349/39/2 2350/39/2 2351/39/2 2352/39/2
f 2345/39/3 2346/39/3 2350/39/3 2349/39/3
f 2348/39/4 2352/39/4 2351/39/4 2347/39/4
f 2345/39/5 2349/39/5 2352/39/5 2348/39/5
f 2346/39/6 2347/39/6 2351/39/6 2350/39/6
f 2353/30/1 2356/30/1 2355/30/1 2354/30/1
f 2357/30/2 2358/30/2 2359/30/2 2360/30/2
f 2353/30/3 2354/30/3 2358/30/3 2357/30/3
f 2356/30/4 2360/30/4 2359/30/4 2355/30/4
f 2353/30/5 2357/30/5 2360/30/5 2356/30/5
f 2354/30/6 2355/30/6 2359/30/6 2358/30/6
f 2361/30/1 2364/30/1 2363/30/1 2362/30/1
f 2365/30/2 2366/30/2 2367/30/2 2368/30/2
f 2361/30/3 2362/30/3 2366/30/3 2365/30/3
f 2364/30/4 2368/30/4 2367/30/4 2363/30/4
f 2361/30/5 2365/30/5 2368/30/5 2364/30/5
f 2362/30/6 2363/30/6 2367/30/6 2366/30/6
f 2369/52/1 2372/52/1 2371/52/1 2370/52/1
f 2373/52/2 2374/52/2 2375/52/2 2376/52/2
f 2369/52/3 2370/52/3 2374/52/3 2373/52/3
f 2372/52/4 2376/52/4 2375/52/4 2371/52/4
f 2369/52/5 2373/52/5 2376/52/5 2372/52/5
f 2370/52/6 2371/52/6 2375/52/6 2374/52/6
f 2377/52/1 2380/52/1 2379/52/1 2378/52/1
f 2381/52/2 2382/52/2 2383/52/2 2384/52/2
f 2377/52/3 2378/52/3 2382/52/3 2381/52/3
f 2380/52/4 2384/52/4 2383/52/4 2379/52/4
f 2377/52/5 2381/52/5 2384/52/5 2380/52/5
f 2378/52/6 2379/52/6 2383/52/6 2382/52/6
f 2385/52/1 2388/52/1 2387/52/1 2386/52/1
f 2389/52/2 2390/52/2 2391/52/2 2392/52/2
f 2385/52/3 2386/52/3 2390/52/3 2389/52/3
f 2388/52/4 2392/52/4 2391/52/4 2387/52/4
f 2385/52/5 2389/52/5 2392/52/5 2388/52/5
f 2386/52/6 2387/52/6 2391/52/6 2390/52/6
f 2393/52/1 2396/52/1 2395/52/1 2394/52/1
f 2397/52/2 2398/52/2 2399/52/2 2400/52/2
f 2393/52/3 2394/52/3 2398/52/3 2397/52/3
f 2396/52/4 2400/52/4 2399/52/4 2395/52/4
f 2393/52/5 2397/52/5 2400/52/5 2396/52/5
f 2394/52/6 2395/52/6 2399/52/6 2398/52/6
f 2401/52/1 2404/52/1 2403/52/1 2402/52/1
f 2405/52/2 2406/52/2 2407/52/2 2408/52/2
f 2401/52/3 2402/52/3 2406/52/3 2405/52/3
f 2404/52/4 2408/52/4 2407/52/4 2403/52/4
f 2401/52/5 2405/52/5 2408/52/5 2404/52/5
f 2402/52/6 2403/52/6 2407/52/6 2406/52/6
f 2409/52/1 2412/52/1 2411/52/1 2410/52/1
f 2413/52/2 2414/52/2 2415/52/2 2416/52/2
f 2409/52/3 2410/52/3 2414/52/3 2413/52/3
f 2412/52/4 2416/52/4 2415/52/4 2411/52/4
f 2409/52/5 2413/52/5 2416/52/5 2412/52/5
f 2410/52/6 2411/52/6 2415/52/6 2414/52/6
f 2417/52/1 2420/52/1 2419/52/1 2418/52/1
f 2421/52/2 2422/52/2 2423/52/2 2424/52/2
f 2417/52/3 2418/52/3 2422/52/3 2421/52/3
f 2420/52/4 2424/52/4 2423/52/4 2419/52/4
f 2417/52/5 2421/52/5 2424/52/5 2420/52/5
f 2418/52/6 2419/52/6 2423/52/6 2422/52/6
f 2425/52/1 2428/52/1 2427/52/1 2426/52/1
f 2429/52/2 2430/52/2 2431/52/2 2432/52/2
f 2425/52/3 2426/52/3 2430/52/3 2429/52/3
f 2428/52/4 2432/52/4 2431/52/4 2427/52/4
f 2425/52/5 2429/52/5 2432/52/5 2428/52/5
f 2426/52/6 2427/52/6 2431/52/6 2430/52/6
f 2433/52/1 2436/52/1 2435/52/1 2434/52/1
f 2437/52/2 2438/52/2 2439/52/2 2440/52/2
f 2433/52/3 2434/52/3 2438/52/3 2437/52/3
f 2436/52/4 2440/52/4 2439/52/4 2435/52/4
f 2433/52/5 2437/52/5 2440/52/5 2436/52/5
f 2434/52/6 2435/52/6 2439/52/6 2438/52/6
f 2441/52/1 2444/52/1 2443/52/1 2442/52/1
f 2445/52/2 2446/52/2 2447/52/2 2448/52/2
f 2441/52/3 2442/52/3 2446/52/3 2445/52/3
f 2444/52/4 2448/52/4 2447/52/4 2443/52/4
f 2441/52/5 2445/52/5 2448/52/5 2444/52/5
f 2442/52/6 2443/52/6 2447/52/6 2446/52/6
f 2449/52/1 2452/52/1 2451/52/1 2450/52/1
f 2453/52/2 2454/52/2 2455/52/2 2456/52/2
f 2449/52/3 2450/52/3 2454/52/3 2453/52/3
f 2452/52/4 2456/52/4 2455/52/4 2451/52/4
f 2449/52/5 2453/52/5 2456/52/5 2452/52/5
f 2450/52/6 2451/52/6 2455/52/6 2454/52/6
f 2457/52/1 2460/52/1 2459/52/1 2458/52/1
f 2461/52/2 2462/52/2 2463/52/2 2464/52/2
f 2457/52/3 2458/52/3 2462/52/3 2461/52/3
f 2460/52/4 2464/52/4 2463/52/4 2459/52/4
f 2457/52/5 2461/52/5 2464/52/5 2460/52/5
f 2458/52/6 2459/52/6 2463/52/6 2462/52/6
f 2465/56/1 2468/56/1 2467/56/1 2466/56/1
f 2469/56/2 2470/56/2 2471/56/2 2472/56/2
f 2465/56/3 2466/56/3 2470/56/3 2469/56/3
f 2468/56/4 2472/56/4 2471/56/4 2467/56/4
f 2465/56/5 2469/56/5 2472/56/5 2468/56/5
f 2466/56/6 2467/56/6 2471/56/6 2470/56/6
f 2473/56/1 2476/56/1 2475/56/1 2474/56/1
f 2477/56/2 2478/56/2 2479/56/2 2480/56/2
f 2473/56/3 2474/56/3 2478/56/3 2477/56/3
f 2476/56/4 2480/56/4 2479/56/4 2475/56/4
f 2473/56/5 2477/56/5 2480/56/5 2476/56/5
f 2474/56/6 2475/56/6 2479/56/6 2478/56/6
f 2481/56/1 2484/56/1 2483/56/1 2482/56/1
f 2485/56/2 2486/56/2 2487/56/2 2488/56/2
f 2481/56/3 2482/56/3 2486/56/3 2485/56/3
f 2484/56/4 2488/56/4 2487/56/4 2483/56/4
f 2481/56/5 2485/56/5 2488/56/5 2484/56/5
f 2482/56/6 2483/56/6 2487/56/6 2486/56/6
f 2489/56/1 2492/56/1 2491/56/1 2490/56/1
f 2493/56/2 2494/56/2 2495/56/2 2496/56/2
f 2489/56/3 2490/56/3 2494/56/3 2493/56/3
f 2492/56/4 2496/56/4 2495/56/4 2491/56/4
f 2489/56/5 2493/56/5 2496/56/5 2492/56/5
f 2490/56/6 2491/56/6 2495/56/6 2494/56/6
f 2497/56/1 2500/56/1 2499/56/1 2498/56/1
f 2501/56/2 2502/56/2 2503/56/2 2504/56/2
f 2497/56/3 2498/56/3 2502/56/3 2501/56/3
f 2500/56/4 2504/56/4 2503/56/4 2499/56/4
f 2497/56/5 2501/56/5 2504/56/5 2500/56/5
f 2498/56/6 2499/56/6 2503/56/6 2502/56/6
f 2505/56/1 2508/56/1 2507/56/1 2506/56/1
f 2509/56/2 2510/56/2 2511/56/2 2512/56/2
f 2505/56/3 2506/56/3 2510/56/3 2509/56/3
f 2508/56/4 2512/56/4 2511/56/4 2507/56/4
f 2505/56/5 2509/56/5 2512/56/5 2508/56/5
f 2506/56/6 2507/56/6 2511/56/6 2510/56/6
f 2513/56/1 2516/56/1 2515/56/1 2514/56/1
f 2517/56/2 2518/56/2 2519/56/2 2520/56/2
f 2513/56/3 2514/56/3 2518/56/3 2517/56/3
f 2516/56/4 2520/56/4 2519/56/4 2515/56/4
f 2513/56/5 2517/56/5 2520/56/5 2516/56/5
f 2514/56/6 2515/56/6 2519/56/6 2518/56/6
f 2521/56/1 2524/56/1 2523/56/1 2522/56/1
f 2525/56/2 2526/56/2 2527/56/2 2528/56/2
f 2521/56/3 2522/56/3 2526/56/3 2525/56/3
f 2524/56/4 2528/56/4 2527/56/4 2523/56/4
f 2521/56/5 2525/56/5 2528/56/5 2524/56/5
f 2522/56/6 2523/56/6 2527/56/6 2526/56/6
f 2529/56/1 2532/56/1 2531/56/1 2530/56/1
f 2533/56/2 2534/56/2 2535/56/2 2536/56/2
f 2529/56/3 2530/56/3 2534/56/3 2533/56/3
f 2532/56/4 2536/56/4 2535/56/4 2531/56/4
f 2529/56/5 2533/56/5 2536/56/5 2532/56/5
f 2530/56/6 2531/56/6 2535/56/6 2534/56/6
f 2537/56/1 2540/56/1 2539/56/1 2538/56/1
f 2541/56/2 2542/56/2 2543/56/2 2544/56/2
f 2537/56/3 2538/56/3 2542/56/3 2541/56/3
f 2540/56/4 2544/56/4 2543/56/4 2539/56/4
f 2537/56/5 2541/56/5 2544/56/5 2540/56/5
f 2538/56/6 2539/56/6 2543/56/6 2542/56/6
f 2545/56/1 2548/56/1 2547/56/1 2546/56/1
f 2549/56/2 2550/56/2 2551/56/2 2552/56/2
f 2545/56/3 2546/56/3 2550/56/3 2549/56/3
f 2548/56/4 2552/56/4 2551/56/4 2547/56/4
f 2545/56/5 2549/56/5 2552/56/5 2548/56/5
f 2546/56/6 2547/56/6 2551/56/6 2550/56/6
f 2553/56/1 2556/56/1 2555/56/1 2554/56/1
f 2557/56/2 2558/56/2 2559/56/2 2560/56/2
f 2553/56/3 2554/56/3 2558/56/3 2557/56/3
f 2556/56/4 2560/56/4 2559/56/4 2555/56/4
f 2553/56/5 2557/56/5 2560/56/5 2556/56/5
f 2554/56/6 2555/56/6 2559/56/6 2558/56/6
f 2561/56/1 2564/56/1 2563/56/1 2562/56/1
f 2565/56/2 2566/56/2 2567/56/2 2568/56/2
f 2561/56/3 2562/56/3 2566/56/3 2565/56/3
f 2564/56/4 2568/56/4 2567/56/4 2563/56/4
f 2561/56/5 2565/56/5 2568/56/5 2564/56/5
f 2562/56/6 2563/56/6 2567/56/6 2566/56/6
f 2569/56/1 2572/56/1 2571/56/1 2570/56/1
f 2573/56/2 2574/56/2 2575/56/2 2576/56/2
f 2569/56/3 2570/56/3 2574/56/3 2573/56/3
f 2572/56/4 2576/56/4 2575/56/4 2571/56/4
f 2569/56/5 2573/56/5 2576/56/5 2572/56/5
f 2570/56/6 2571/56/6 2575/56/6 2574/56/6
f 2577/56/1 2580/56/1 2579/56/1 2578/56/1
f 2581/56/2 2582/56/2 2583/56/2 2584/56/2
f 2577/56/3 2578/56/3 2582/56/3 2581/56/3
f 2580/56/4 2584/56/4 2583/56/4 2579/56/4
f 2577/56/5 2581/56/5 2584/56/5 2580/56/5
f 2578/56/6 2579/56/6 2583/56/6 2582/56/6
f 2585/56/1 2588/56/1 2587/56/1 2586/56/1
f 2589/56/2 2590/56/2 2591/56/2 2592/56/2
f 2585/56/3 2586/56/3 2590/56/3 2589/56/3
f 2588/56/4 2592/56/4 2591/56/4 2587/56/4
f 2585/56/5 2589/56/5 2592/56/5 2588/56/5
f 2586/56/6 2587/56/6 2591/56/6 2590/56/6
f 2593/56/1 2596/56/1 2595/56/1 2594/56/1
f 2597/56/2 2598/56/2 2599/56/2 2600/56/2
f 2593/56/3 2594/56/3 2598/56/3 2597/56/3
f 2596/56/4 2600/56/4 2599/56/4 2595/56/4
f 2593/56/5 2597/56/5 2600/56/5 2596/56/5
f 2594/56/6 2595/56/6 2599/56/6 2598/56/6
f 2601/56/1 2604/56/1 2603/56/1 2602/56/1
f 2605/56/2 2606/56/2 2607/56/2 2608/56/2
f 2601/56/3 2602/56/3 2606/56/3 2605/56/3
f 2604/56/4 2608/56/4 2607/56/4 2603/56/4
f 2601/56/5 2605/56/5 2608/56/5 2604/56/5
f 2602/56/6 2603/56/6 2607/56/6 2606/56/6
f 2609/56/1 2612/56/1 2611/56/1 2610/56/1
f 2613/56/2 2614/56/2 2615/56/2 2616/56/2
f 2609/56/3 2610/56/3 2614/56/3 2613/56/3
f 2612/56/4 2616/56/4 2615/56/4 2611/56/4
f 2609/56/5 2613/56/5 2616/56/5 2612/56/5
f 2610/56/6 2611/56/6 2615/56/6 2614/56/6
f 2617/56/1 2620/56/1 2619/56/1 2618/56/1
f 2621/56/2 2622/56/2 2623/56/2 2624/56/2
f 2617/56/3 2618/56/3 2622/56/3 2621/56/3
f 2620/56/4 2624/56/4 2623/56/4 2619/56/4
f 2617/56/5 2621/56/5 2624/56/5 2620/56/5
f 2618/56/6 2619/56/6 2623/56/6 2622/56/6
f 2625/56/1 2628/56/1 2627/56/1 2626/56/1
f 2629/56/2 2630/56/2 2631/56/2 2632/56/2
f 2625/56/3 2626/56/3 2630/56/3 2629/56/3
f 2628/56/4 2632/56/4 2631/56/4 2627/56/4
f 2625/56/5 2629/56/5 2632/56/5 2628/56/5
f 2626/56/6 2627/56/6 2631/56/6 2630/56/6
f 2633/56/1 2636/56/1 2635/56/1 2634/56/1
f 2637/56/2 2638/56/2 2639/56/2 2640/56/2
f 2633/56/3 2634/56/3 2638/56/3 2637/56/3
f 2636/56/4 2640/56/4 2639/56/4 2635/56/4
f 2633/56/5 2637/56/5 2640/56/5 2636/56/5
f 2634/56/6 2635/56/6 2639/56/6 2638/56/6
f 2641/56/1 2644/56/1 2643/56/1 2642/56/1
f 2645/56/2 2646/56/2 2647/56/2 2648/56/2
f 2641/56/3 2642/56/3 2646/56/3 2645/56/3
f 2644/56/4 2648/56/4 2647/56/4 2643/56/4
f 2641/56/5 2645/56/5 2648/56/5 2644/56/5
f 2642/56/6 2643/56/6 2647/56/6 2646/56/6
f 2649/56/1 2652/56/1 2651/56/1 2650/56/1
f 2653/56/2 2654/56/2 2655/56/2 2656/56/2
f 2649/56/3 2650/56/3 2654/56/3 2653/56/3
f 2652/56/4 2656/56/4 2655/56/4 2651/56/4
f 2649/56/5 2653/56/5 2656/56/5 2652/56/5
f 2650/56/6 2651/56/6 2655/56/6 2654/56/6
f 2657/56/1 2660/56/1 2659/56/1 2658/56/1
f 2661/56/2 2662/56/2 2663/56/2 2664/56/2
f 2657/56/3 2658/56/3 2662/56/3 2661/56/3
f 2660/56/4 2664/56/4 2663/56/4 2659/56/4
f 2657/56/5 2661/56/5 2664/56/5 2660/56/5
f 2658/56/6 2659/56/6 2663/56/6 2662/56/6
f 2665/56/1 2668/56/1 2667/56/1 2666/56/1
f 2669/56/2 2670/56/2 2671/56/2 2672/56/2
f 2665/56/3 2666/56/3 2670/56/3 2669/56/3
f 2668/56/4 2672/56/4 2671/56/4 2667/56/4
f 2665/56/5 2669/56/5 2672/56/5 2668/56/5
f 2666/56/6 2667/56/6 2671/56/6 2670/56/6
f 2673/56/1 2676/56/1 2675/56/1 2674/56/1
f 2677/56/2 2678/56/2 2679/56/2 2680/56/2
f 2673/56/3 2674/56/3 2678/56/3 2677/56/3
f 2676/56/4 2680/56/4 2679/56/4 2675/56/4
f 2673/56/5 2677/56/5 2680/56/5 2676/56/5
f 2674/56/6 2675/56/6 2679/56/6 2678/56/6
f 2681/56/1 2684/56/1 2683/56/1 2682/56/1
f 2685/56/2 2686/56/2 2687/56/2 2688/56/2
f 2681/56/3 2682/56/3 2686/56/3 2685/56/3
f 2684/56/4 2688/56/4 2687/56/4 2683/56/4
f 2681/56/5 2685/56/5 2688/56/5 2684/56/5
f 2682/56/6 2683/56/6 2687/56/6 2686/56/6
f 2689/56/1 2692/56/1 2691/56/1 2690/56/1
f 2693/56/2 2694/56/2 2695/56/2 2696/56/2
f 2689/56/3 2690/56/3 2694/56/3 2693/56/3
f 2692/56/4 2696/56/4 2695/56/4 2691/56/4
f 2689/56/5 2693/56/5 2696/56/5 2692/56/5
f 2690/56/6 2691/56/6 2695/56/6 2694/56/6
f 2697/56/1 2700/56/1 2699/56/1 2698/56/1
f 2701/56/2 2702/56/2 2703/56/2 2704/56/2
f 2697/56/3 2698/56/3 2702/56/3 2701/56/3
f 2700/56/4 2704/56/4 2703/56/4 2699/56/4
f 2697/56/5 2701/56/5 2704/56/5 2700/56/5
f 2698/56/6 2699/56/6 2703/56/6 2702/56/6
f 2705/57/1 2708/57/1 2707/57/1 2706/57/1
f 2709/57/2 2710/57/2 2711/57/2 2712/57/2
f 2705/57/3 2706/57/3 2710/57/3 2709/57/3
f 2708/57/4 2712/57/4 2711/57/4 2707/57/4
f 2705/57/5 2709/57/5 2712/57/5 2708/57/5
f 2706/57/6 2707/57/6 2711/57/6 2710/57/6
f 2713/57/1 2716/57/1 2715/57/1 2714/57/1
f 2717/57/2 2718/57/2 2719/57/2 2720/57/2
f 2713/57/3 2714/57/3 2718/57/3 2717/57/3
f 2716/57/4 2720/57/4 2719/57/4 2715/57/4
f 2713/57/5 2717/57/5 2720/57/5 2716/57/5
f 2714/57/6 2715/57/6 2719/57/6 2718/57/6
f 2721/57/1 2724/57/1 2723/57/1 2722/57/1
f 2725/57/2 2726/57/2 2727/57/2 2728/57/2
f 2721/57/3 2722/57/3 2726/57/3 2725/57/3
f 2724/57/4 2728/57/4 2727/57/4 2723/57/4
f 2721/57/5 2725/57/5 2728/57/5 2724/57/5
f 2722/57/6 2723/57/6 2727/57/6 2726/57/6
f 2729/57/1 2732/57/1 2731/57/1 2730/57/1
f 2733/57/2 2734/57/2 2735/57/2 2736/57/2
f 2729/57/3 2730/57/3 2734/57/3 2733/57/3
f 2732/57/4 2736/57/4 2735/57/4 2731/57/4
f 2729/57/5 2733/57/5 2736/57/5 2732/57/5
f 2730/57/6 2731/57/6 2735/57/6 2734/57/6
f 2737/57/1 2740/57/1 2739/57/1 2738/57/1
f 2741/57/2 2742/57/2 2743/57/2 2744/57/2
f 2737/57/3 2738/57/3 2742/57/3 2741/57/3
f 2740/57/4 2744/57/4 2743/57/4 2739/57/4
f 2737/57/5 2741/57/5 2744/57/5 2740/57/5
f 2738/57/6 2739/57/6 2743/57/6 2742/57/6
f 2745/57/1 2748/57/1 2747/57/1 2746/57/1
f 2749/57/2 2750/57/2 2751/57/2 2752/57/2
f 2745/57/3 2746/57/3 2750/57/3 2749/57/3
f 2748/57/4 2752/57/4 2751/57/4 2747/57/4
f 2745/57/5 2749/57/5 2752/57/5 2748/57/5
f 2746/57/6 2747/57/6 2751/57/6 2750/57/6
f 2753/57/1 2756/57/1 2755/57/1 2754/57/1
f 2757/57/2 2758/57/2 2759/57/2 2760/57/2
f 2753/57/3 2754/57/3 2758/57/3 2757/57/3
f 2756/57/4 2760/57/4 2759/57/4 2755/57/4
f 2753/57/5 2757/57/5 2760/57/5 2756/57/5
f 2754/57/6 2755/57/6 2759/57/6 2758/57/6
f 2761/57/1 2764/57/1 2763/57/1 2762/57/1
f 2765/57/2 2766/57/2 2767/57/2 2768/57/2
f 2761/57/3 2762/57/3 2766/57/3 2765/57/3
f 2764/57/4 2768/57/4 2767/57/4 2763/57/4
f 2761/57/5 2765/57/5 2768/57/5 2764/57/5
f 2762/57/6 2763/57/6 2767/57/6 2766/57/6
f 2769/57/1 2772/57/1 2771/57/1 2770/57/1
f 2773/57/2 2774/57/2 2775/57/2 2776/57/2
f 2769/57/3 2770/57/3 2774/57/3 2773/57/3
f 2772/57/4 2776/57/4 2775/57/4 2771/57/4
f 2769/57/5 2773/57/5 2776/57/5 2772/57/5
f 2770/57/6 2771/57/6 2775/57/6 2774/57/6
f 2777/57/1 2780/57/1 2779/57/1 2778/57/1
f 2781/57/2 2782/57/2 2783/57/2 2784/57/2
f 2777/57/3 2778/57/3 2782/57/3 2781/57/3
f 2780/57/4 2784/57/4 2783/57/4 2779/57/4
f 2777/57/5 2781/57/5 2784/57/5 2780/57/5
f 2778/57/6 2779/57/6 2783/57/6 2782/57/6
f 2785/57/1 2788/57/1 2787/57/1 2786/57/1
f 2789/57/2 2790/57/2 2791/57/2 2792/57/2
f 2785/57/3 2786/57/3 2790/57/3 2789/57/3
f 2788/57/4 2792/57/4 2791/57/4 2787/57/4
f 2785/57/5 2789/57/5 2792/57/5 2788/57/5
f 2786/57/6 2787/57/6 2791/57/6 2790/57/6
f 2793/57/1 2796/57/1 2795/57/1 2794/57/1
f 2797/57/2 2798/57/2 2799/57/2 2800/57/2
f 2793/57/3 2794/57/3 2798/57/3 2797/57/3
f 2796/57/4 2800/57/4 2799/57/4 2795/57/4
f 2793/57/5 2797/57/5 2800/57/5 2796/57/5
f 2794/57/6 2795/57/6 2799/57/6 2798/57/6
f 2801/57/1 2804/57/1 2803/57/1 2802/57/1
f 2805/57/2 2806/57/2 2807/57/2 2808/57/2
f 2801/57/3 2802/57/3 2806/57/3 2805/57/3
f 2804/57/4 2808/57/4 2807/57/4 2803/57/4
f 2801/57/5 2805/57/5 2808/57/5 2804/57/5
f 2802/57/6 2803/57/6 2807/57/6 2806/57/6
f 2809/57/1 2812/57/1 2811/57/1 2810/57/1
f 2813/57/2 2814/57/2 2815/57/2 2816/57/2
f 2809/57/3 2810/57/3 2814/57/3 2813/57/3
f 2812/57/4 2816/57/4 2815/57/4 2811/57/4
f 2809/57/5 2813/57/5 2816/57/5 2812/57/5
f 2810/57/6 2811/57/6 2815/57/6 2814/57/6
f 2817/57/1 2820/57/1 2819/57/1 2818/57/1
f 2821/57/2 2822/57/2 2823/57/2 2824/57/2
f 2817/57/3 2818/57/3 2822/57/3 2821/57/3
f 2820/57/4 2824/57/4 2823/57/4 2819/57/4
f 2817/57/5 2821/57/5 2824/57/5 2820/57/5
f 2818/57/6 2819/57/6 2823/57/6 2822/57/6
f 2825/57/1 2828/57/1 2827/57/1 2826/57/1
f 2829/57/2 2830/57/2 2831/57/2 2832/57/2
f 2825/57/3 2826/57/3 2830/57/3 2829/57/3
f 2828/57/4 2832/57/4 2831/57/4 2827/57/4
f 2825/57/5 2829/57/5 2832/57/5 2828/57/5
f 2826/57/6 2827/57/6 2831/57/6 2830/57/6
f 2833/57/1 2836/57/1 2835/57/1 2834/57/1
f 2837/57/2 2838/57/2 2839/57/2 2840/57/2
f 2833/57/3 2834/57/3 2838/57/3 2837/57/3
f 2836/57/4 2840/57/4 2839/57/4 2835/57/4
f 2833/57/5 2837/57/5 2840/57/5 2836/57/5
f 2834/57/6 2835/57/6 2839/57/6 2838/57/6
f 2841/57/1 2844/57/1 2843/57/1 2842/57/1
f 2845/57/2 2846/57/2 2847/57/2 2848/57/2
f 2841/57/3 2842/57/3 2846/57/3 2845/57/3
f 2844/57/4 2848/57/4 2847/57/4 2843/57/4
f 2841/57/5 2845/57/5 2848/57/5 2844/57/5
f 2842/57/6 2843/57/6 2847/57/6 2846/57/6
f 2849/57/1 2852/57/1 2851/57/1 2850/57/1
f 2853/57/2 2854/57/2 2855/57/2 2856/57/2
f 2849/57/3 2850/57/3 2854/57/3 2853/57/3
f 2852/57/4 2856/57/4 2855/57/4 2851/57/4
f 2849/57/5 2853/57/5 2856/57/5 2852/57/5
f 2850/57/6 2851/57/6 2855/57/6 2854/57/6
f 2857/57/1 2860/57/1 2859/57/1 2858/57/1
f 2861/57/2 2862/57/2 2863/57/2 2864/57/2
f 2857/57/3 2858/57/3 2862/57/3 2861/57/3
f 2860/57/4 2864/57/4 2863/57/4 2859/57/4
f 2857/57/5 2861/57/5 2864/57/5 2860/57/5
f 2858/57/6 2859/57/6 2863/57/6 2862/57/6
f 2865/57/1 2868/57/1 2867/57/1 2866/57/1
f 2869/57/2 2870/57/2 2871/57/2 2872/57/2
f 2865/57/3 2866/57/3 2870/57/3 2869/57/3
f 2868/57/4 2872/57/4 2871/57/4 2867/57/4
f 2865/57/5 2869/57/5 2872/57/5 2868/57/5
f 2866/57/6 2867/57/6 2871/57/6 2870/57/6
f 2873/57/1 2876/57/1 2875/57/1 2874/57/1
f 2877/57/2 2878/57/2 2879/57/2 2880/57/2
f 2873/57/3 2874/57/3 2878/57/3 2877/57/3
f 2876/57/4 2880/57/4 2879/57/4 2875/57/4
f 2873/57/5 2877/57/5 2880/57/5 2876/57/5
f 2874/57/6 2875/57/6 2879/57/6 2878/57/6
f 2881/57/1 2884/57/1 2883/57/1 2882/57/1
f 2885/57/2 2886/57/2 2887/57/2 2888/57/2
f 2881/57/3 2882/57/3 2886/57/3 2885/57/3
f 2884/57/4 2888/57/4 2887/57/4 2883/57/4
f 2881/57/5 2885/57/5 2888/57/5 2884/57/5
f 2882/57/6 2883/57/6 2887/57/6 2886/57/6
f 2889/57/1 2892/57/1 2891/57/1 2890/57/1
f 2893/57/2 2894/57/2 2895/57/2 2896/57/2
f 2889/57/3 2890/57/3 2894/57/3 2893/57/3
f 2892/57/4 2896/57/4 2895/57/4 2891/57/4
f 2889/57/5 2893/57/5 2896/57/5 2892/57/5
f 2890/57/6 2891/57/6 2895/57/6 2894/57/6
f 2897/57/1 2900/57/1 2899/57/1 2898/57/1
f 2901/57/2 2902/57/2 2903/57/2 2904/57/2
f 2897/57/3 2898/57/3 2902/57/3 2901/57/3
f 2900/57/4 2904/57/4 2903/57/4 2899/57/4
f 2897/57/5 2901/57/5 2904/57/5 2900/57/5
f 2898/57/6 2899/57/6 2903/57/6 2902/57/6
f 2905/57/1 2908/57/1 2907/57/1 2906/57/1
f 2909/57/2 2910/57/2 2911/57/2 2912/57/2
f 2905/57/3 2906/57/3 2910/57/3 2909/57/3
f 2908/57/4 2912/57/4 2911/57/4 2907/57/4
f 2905/57/5 2909/57/5 2912/57/5 2908/57/5
f 2906/57/6 2907/57/6 2911/57/6 2910/57/6
f 2913/57/1 2916/57/1 2915/57/1 2914/57/1
f 2917/57/2 2918/57/2 2919/57/2 2920/57/2
f 2913/57/3 2914/57/3 2918/57/3 2917/57/3
f 2916/57/4 2920/57/4 2919/57/4 2915/57/4
f 2913/57/5 2917/57/5 2920/57/5 2916/57/5
f 2914/57/6 2915/57/6 2919/57/6 2918/57/6
f 2921/57/1 2924/57/1 2923/57/1 2922/57/1
f 2925/57/2 2926/57/2 2927/57/2 2928/57/2
f 2921/57/3 2922/57/3 2926/57/3 2925/57/3
f 2924/57/4 2928/57/4 2927/57/4 2923/57/4
f 2921/57/5 2925/57/5 2928/57/5 2924/57/5
f 2922/57/6 2923/57/6 2927/57/6 2926/57/6
f 2929/57/1 2932/57/1 2931/57/1 2930/57/1
f 2933/57/2 2934/57/2 2935/57/2 2936/57/2
f 2929/57/3 2930/57/3 2934/57/3 2933/57/3
f 2932/57/4 2936/57/4 2935/57/4 2931/57/4
f 2929/57/5 2933/57/5 2936/57/5 2932/57/5
f 2930/57/6 2931/57/6 2935/57/6 2934/57/6
f 2937/57/1 2940/57/1 2939/57/1 2938/57/1
f 2941/57/2 2942/57/2 2943/57/2 2944/57/2
f 2937/57/3 2938/57/3 2942/57/3 2941/57/3
f 2940/57/4 2944/57/4 2943/57/4 2939/57/4
f 2937/57/5 2941/57/5 2944/57/5 2940/57/5
f 2938/57/6 2939/57/6 2943/57/6 2942/57/6
f 2945/58/1 2948/58/1 2947/58/1 2946/58/1
f 2949/58/2 2950/58/2 2951/58/2 2952/58/2
f 2945/58/3 2946/58/3 2950/58/3 2949/58/3
f 2948/58/4 2952/58/4 2951/58/4 2947/58/4
f 2945/58/5 2949/58/5 2952/58/5 2948/58/5
f 2946/58/6 2947/58/6 2951/58/6 2950/58/6
f 2953/58/1 2956/58/1 2955/58/1 2954/58/1
f 2957/58/2 2958/58/2 2959/58/2 2960/58/2
f 2953/58/3 2954/58/3 2958/58/3 2957/58/3
f 2956/58/4 2960/58/4 2959/58/4 2955/58/4
f 2953/58/5 2957/58/5 2960/58/5 2956/58/5
f 2954/58/6 2955/58/6 2959/58/6 2958/58/6
f 2961/58/1 2964/58/1 2963/58/1 2962/58/1
f 2965/58/2 2966/58/2 2967/58/2 2968/58/2
f 2961/58/3 2962/58/3 2966/58/3 2965/58/3
f 2964/58/4 2968/58/4 2967/58/4 2963/58/4
f 2961/58/5 2965/58/5 2968/58/5 2964/58/5
f 2962/58/6 2963/58/6 2967/58/6 2966/58/6
f 2969/58/1 2972/58/1 2971/58/1 2970/58/1
f 2973/58/2 2974/58/2 2975/58/2 2976/58/2
f 2969/58/3 2970/58/3 2974/58/3 2973/58/3
f 2972/58/4 2976/58/4 2975/58/4 2971/58/4
f 2969/58/5 2973/58/5 2976/58/5 2972/58/5
f 2970/58/6 2971/58/6 2975/58/6 2974/58/6
f 2977/58/1 2980/58/1 2979/58/1 2978/58/1
f 2981/58/2 2982/58/2 2983/58/2 2984/58/2
f 2977/58/3 2978/58/3 2982/58/3 2981/58/3
f 2980/58/4 2984/58/4 2983/58/4 2979/58/4
f 2977/58/5 2981/58/5 2984/58/5 2980/58/5
f 2978/58/6 2979/58/6 2983/58/6 2982/58/6
f 2985/58/1 2988/58/1 2987/58/1 2986/58/1
f 2989/58/2 2990/58/2 2991/58/2 2992/58/2
f 2985/58/3 2986/58/3 2990/58/3 2989/58/3
f 2988/58/4 2992/58/4 2991/58/4 2987/58/4
f 2985/58/5 2989/58/5 2992/58/5 2988/58/5
f 2986/58/6 2987/58/6 2991/58/6 2990/58/6
f 2993/58/1 2996/58/1 2995/58/1 2994/58/1
f 2997/58/2 2998/58/2 2999/58/2 3000/58/2
f 2993/58/3 2994/58/3 2998/58/3 2997/58/3
f 2996/58/4 3000/58/4 2999/58/4 2995/58/4
f 2993/58/5 2997/58/5 3000/58/5 2996/58/5
f 2994/58/6 2995/58/6 2999/58/6 2998/58/6
f 3001/58/1 3004/58/1 3003/58/1 3002/58/1
f 3005/58/2 3006/58/2 3007/58/2 3008/58/2
f 3001/58/3 3002/58/3 3006/58/3 3005/58/3
f 3004/58/4 3008/58/4 3007/58/4 3003/58/4
f 3001/58/5 3005/58/5 3008/58/5 3004/58/5
f 3002/58/6 3003/58/6 3007/58/6 3006/58/6
f 3009/58/1 3012/58/1 3011/58/1 3010/58/1
f 3013/58/2 3014/58/2 3015/58/2 3016/58/2
f 3009/58/3 3010/58/3 3014/58/3 3013/58/3
f 3012/58/4 3016/58/4 3015/58/4 3011/58/4
f 3009/58/5 3013/58/5 3016/58/5 3012/58/5
f 3010/58/6 3011/58/6 3015/58/6 3014/58/6
f 3017/58/1 3020/58/1 3019/58/1 3018/58/1
f 3021/58/2 3022/58/2 3023/58/2 3024/58/2
f 3017/58/3 3018/58/3 3022/58/3 3021/58/3
f 3020/58/4 3024/58/4 3023/58/4 3019/58/4
f 3017/58/5 3021/58/5 3024/58/5 3020/58/5
f 3018/58/6 3019/58/6 3023/58/6 3022/58/6
f 3025/58/1 3028/58/1 3027/58/1 3026/58/1
f 3029/58/2 3030/58/2 3031/58/2 3032/58/2
f 3025/58/3 3026/58/3 3030/58/3 3029/58/3
f 3028/58/4 3032/58/4 3031/58/4 3027/58/4
f 3025/58/5 3029/58/5 3032/58/5 3028/58/5
f 3026/58/6 3027/58/6 3031/58/6 3030/58/6
f 3033/58/1 3036/58/1 3035/58/1 3034/58/1
f 3037/58/2 3038/58/2 3039/58/2 3040/58/2
f 3033/58/3 3034/58/3 3038/58/3 3037/58/3
f 3036/58/4 3040/58/4 3039/58/4 3035/58/4
f 3033/58/5 3037/58/5 3040/58/5 3036/58/5
f 3034/58/6 3035/58/6 3039/58/6 3038/58/6
f 3041/58/1 3044/58/1 3043/58/1 3042/58/1
f 3045/58/2 3046/58/2 3047/58/2 3048/58/2
f 3041/58/3 3042/58/3 3046/58/3 3045/58/3
f 3044/58/4 3048/58/4 3047/58/4 3043/58/4
f 3041/58/5 3045/58/5 3048/58/5 3044/58/5
f 3042/58/6 3043/58/6 3047/58/6 3046/58/6
f 3049/58/1 3052/58/1 3051/58/1 3050/58/1
f 3053/58/2 3054/58/2 3055/58/2 3056/58/2
f 3049/58/3 3050/58/3 3054/58/3 3053/58/3
f 3052/58/4 3056/58/4 3055/58/4 3051/58/4
f 3049/58/5 3053/58/5 3056/58/5 3052/58/5
f 3050/58/6 3051/58/6 3055/58/6 3054/58/6
f 3057/58/1 3060/58/1 3059/58/1 3058/58/1
f 3061/58/2 3062/58/2 3063/58/2 3064/58/2
f 3057/58/3 3058/58/3 3062/58/3 3061/58/3
f 3060/58/4 3064/58/4 3063/58/4 3059/58/4
f 3057/58/5 3061/58/5 3064/58/5 3060/58/5
f 3058/58/6 3059/58/6 3063/58/6 3062/58/6
f 3065/58/1 3068/58/1 3067/58/1 3066/58/1
f 3069/58/2 3070/58/2 3071/58/2 3072/58/2
f 3065/58/3 3066/58/3 3070/58/3 3069/58/3
f 3068/58/4 3072/58/4 3071/58/4 3067/58/4
f 3065/58/5 3069/58/5 3072/58/5 3068/58/5
f 3066/58/6 3067/58/6 3071/58/6 3070/58/6
f 3073/58/1 3076/58/1 3075/58/1 3074/58/1
f 3077/58/2 3078/58/2 3079/58/2 3080/58/2
f 3073/58/3 3074/58/3 3078/58/3 3077/58/3
f 3076/58/4 3080/58/4 3079/58/4 3075/58/4
f 3073/58/5 3077/58/5 3080/58/5 3076/58/5
f 3074/58/6 3075/58/6 3079/58/6 3078/58/6
f 3081/58/1 3084/58/1 3083/58/1 3082/58/1
f 3085/58/2 3086/58/2 3087/58/2 3088/58/2
f 3081/58/3 3082/58/3 3086/58/3 3085/58/3
f 3084/58/4 3088/58/4 3087/58/4 3083/58/4
f 3081/58/5 3085/58/5 3088/58/5 3084/58/5
f 3082/58/6 3083/58/6 3087/58/6 3086/58/6
f 3089/58/1 3092/58/1 3091/58/1 3090/58/1
f 3093/58/2 3094/58/2 3095/58/2 3096/58/2
f 3089/58/3 3090/58/3 3094/58/3 3093/58/3
f 3092/58/4 3096/58/4 3095/58/4 3091/58/4
f 3089/58/5 3093/58/5 3096/58/5 3092/58/5
f 3090/58/6 3091/58/6 3095/58/6 3094/58/6
f 3097/58/1 3100/58/1 3099/58/1 3098/58/1
f 3101/58/2 3102/58/2 3103/58/2 3104/58/2
f 3097/58/3 3098/58/3 3102/58/3 3101/58/3
f 3100/58/4 3104/58/4 3103/58/4 3099/58/4
f 3097/58/5 3101/58/5 3104/58/5 3100/58/5
f 3098/58/6 3099/58/6 3103/58/6 3102/58/6
f 3105/58/1 3108/58/1 3107/58/1 3106/58/1
f 3109/58/2 3110/58/2 3111/58/2 3112/58/2
f 3105/58/3 3106/58/3 3110/58/3 3109/58/3
f 3108/58/4 3112/58/4 3111/58/4 3107/58/4
f 3105/58/5 3109/58/5 3112/58/5 3108/58/5
f 3106/58/6 3107/58/6 3111/58/6 3110/58/6
f 3113/58/1 3116/58/1 3115/58/1 3114/58/1
f 3117/58/2 3118/58/2 3119/58/2 3120/58/2
f 3113/58/3 3114/58/3 3118/58/3 3117/58/3
f 3116/58/4 3120/58/4 3119/58/4 3115/58/4
f 3113/58/5 3117/58/5 3120/58/5 3116/58/5
f 3114/58/6 3115/58/6 3119/58/6 3118/58/6
f 3121/58/1 3124/58/1 3123/58/1 3122/58/1
f 3125/58/2 3126/58/2 3127/58/2 3128/58/2
f 3121/58/3 3122/58/3 3126/58/3 3125/58/3
f 3124/58/4 3128/58/4 3127/58/4 3123/58/4
f 3121/58/5 3125/58/5 3128/58/5 3124/58/5
f 3122/58/6 3123/58/6 3127/58/6 3126/58/6
f 3129/58/1 3132/58/1 3131/58/1 3130/58/1
f 3133/58/2 3134/58/2 3135/58/2 3136/58/2
f 3129/58/3 3130/58/3 3134/58/3 3133/58/3
f 3132/58/4 3136/58/4 3135/58/4 3131/58/4
f 3129/58/5 3133/58/5 3136/58/5 3132/58/5
f 3130/58/6 3131/58/6 3135/58/6 3134/58/6
f 3137/58/1 3140/58/1 3139/58/1 3138/58/1
f 3141/58/2 3142/58/2 3143/58/2 3144/58/2
f 3137/58/3 3138/58/3 3142/58/3 3141/58/3
f 3140/58/4 3144/58/4 3143/58/4 3139/58/4
f 3137/58/5 3141/58/5 3144/58/5 3140/58/5
f 3138/58/6 3139/58/6 3143/58/6 3142/58/6
f 3145/58/1 3148/58/1 3147/58/1 3146/58/1
f 3149/58/2 3150/58/2 3151/58/2 3152/58/2
f 3145/58/3 3146/58/3 3150/58/3 3149/58/3
f 3148/58/4 3152/58/4 3151/58/4 3147/58/4
f 3145/58/5 3149/58/5 3152/58/5 3148/58/5
f 3146/58/6 3147/58/6 3151/58/6 3150/58/6
f 3153/58/1 3156/58/1 3155/58/1 3154/58/1
f 3157/58/2 3158/58/2 3159/58/2 3160/58/2
f 3153/58/3 3154/58/3 3158/58/3 3157/58/3
f 3156/58/4 3160/58/4 3159/58/4 3155/58/4
f 3153/58/5 3157/58/5 3160/58/5 3156/58/5
f 3154/58/6 3155/58/6 3159/58/6 3158/58/6
f 3161/58/1 3164/58/1 3163/58/1 3162/58/1
f 3165/58/2 3166/58/2 3167/58/2 3168/58/2
f 3161/58/3 3162/58/3 3166/58/3 3165/58/3
f 3164/58/4 3168/58/4 3167/58/4 3163/58/4
f 3161/58/5 3165/58/5 3168/58/5 3164/58/5
f 3162/58/6 3163/58/6 3167/58/6 3166/58/6
f 3169/58/1 3172/58/1 3171/58/1 3170/58/1
f 3173/58/2 3174/58/2 3175/58/2 3176/58/2
f 3169/58/3 3170/58/3 3174/58/3 3173/58/3
f 3172/58/4 3176/58/4 3175/58/4 3171/58/4
f 3169/58/5 3173/58/5 3176/58/5 3172/58/5
f 3170/58/6 3171/58/6 3175/58/6 3174/58/6
f 3177/58/1 3180/58/1 3179/58/1 3178/58/1
f 3181/58/2 3182/58/2 3183/58/2 3184/58/2
f 3177/58/3 3178/58/3 3182/58/3 3181/58/3
f 3180/58/4 3184/58/4 3183/58/4 3179/58/4
f 3177/58/5 3181/58/5 3184/58/5 3180/58/5
f 3178/58/6 3179/58/6 3183/58/6 3182/58/6
f 3185/59/1 3188/59/1 3187/59/1 3186/59/1
f 3189/59/2 3190/59/2 3191/59/2 3192/59/2
f 3185/59/3 3186/59/3 3190/59/3 3189/59/3
f 3188/59/4 3192/59/4 3191/59/4 3187/59/4
f 3185/59/5 3189/59/5 3192/59/5 3188/59/5
f 3186/59/6 3187/59/6 3191/59/6 3190/59/6
f 3193/59/1 3196/59/1 3195/59/1 3194/59/1
f 3197/59/2 3198/59/2 3199/59/2 3200/59/2
f 3193/59/3 3194/59/3 3198/59/3 3197/59/3
f 3196/59/4 3200/59/4 3199/59/4 3195/59/4
f 3193/59/5 3197/59/5 3200/59/5 3196/59/5
f 3194/59/6 3195/59/6 3199/59/6 3198/59/6
f 3201/59/1 3204/59/1 3203/59/1 3202/59/1
f 3205/59/2 3206/59/2 3207/59/2 3208/59/2
f 3201/59/3 3202/59/3 3206/59/3 3205/59/3
f 3204/59/4 3208/59/4 3207/59/4 3203/59/4
f 3201/59/5 3205/59/5 3208/59/5 3204/59/5
f 3202/59/6 3203/59/6 3207/59/6 3206/59/6
f 3209/59/1 3212/59/1 3211/59/1 3210/59/1
f 3213/59/2 3214/59/2 3215/59/2 3216/59/2
f 3209/59/3 3210/59/3 3214/59/3 3213/59/3
f 3212/59/4 3216/59/4 3215/59/4 3211/59/4
f 3209/59/5 3213/59/5 3216/59/5 3212/59/5
f 3210/59/6 3211/59/6 3215/59/6 3214/59/6
f 3217/59/1 3220/59/1 3219/59/1 3218/59/1
f 3221/59/2 3222/59/2 3223/59/2 3224/59/2
f 3217/59/3 3218/59/3 3222/59/3 3221/59/3
f 3220/59/4 3224/59/4 3223/59/4 3219/59/4
f 3217/59/5 3221/59/5 3224/59/5 3220/59/5
f 3218/59/6 3219/59/6 3223/59/6 3222/59/6
f 3225/59/1 3228/59/1 3227/59/1 3226/59/1
f 3229/59/2 3230/59/2 3231/59/2 3232/59/2
f 3225/59/3 3226/59/3 3230/59/3 3229/59/3
f 3228/59/4 3232/59/4 3231/59/4 3227/59/4
f 3225/59/5 3229/59/5 3232/59/5 3228/59/5
f 3226/59/6 3227/59/6 3231/59/6 3230/59/6
f 3233/59/1 3236/59/1 3235/59/1 3234/59/1
f 3237/59/2 3238/59/2 3239/59/2 3240/59/2
f 3233/59/3 3234/59/3 3238/59/3 3237/59/3
f 3236/59/4 3240/59/4 3239/59/4 3235/59/4
f 3233/59/5 3237/59/5 3240/59/5 3236/59/5
f 3234/59/6 3235/59/6 3239/59/6 3238/59/6
f 3241/59/1 3244/59/1 3243/59/1 3242/59/1
f 3245/59/2 3246/59/2 3247/59/2 3248/59/2
f 3241/59/3 3242/59/3 3246/59/3 3245/59/3
f 3244/59/4 3248/59/4 3247/59/4 3243/59/4
f 3241/59/5 3245/59/5 3248/59/5 3244/59/5
f 3242/59/6 3243/59/6 3247/59/6 3246/59/6
f 3249/1/1 3252/1/1 3251/1/1 3250/1/1
f 3253/1/2 3254/1/2 3255/1/2 3256/1/2
f 3249/1/3 3250/1/3 3254/1/3 3253/1/3
f 3252/1/4 3256/1/4 3255/1/4 3251/1/4
f 3249/1/5 3253/1/5 3256/1/5 3252/1/5
f 3250/1/6 3251/1/6 3255/1/6 3254/1/6
f 3257/1/1 3260/1/1 3259/1/1 3258/1/1
f 3261/1/2 3262/1/2 3263/1/2 3264/1/2
f 3257/1/3 3258/1/3 3262/1/3 3261/1/3
f 3260/1/4 3264/1/4 3263/1/4 3259/1/4
f 3257/1/5 3261/1/5 3264/1/5 3260/1/5
f 3258/1/6 3259/1/6 3263/1/6 3262/1/6
f 3265/1/1 3268/1/1 3267/1/1 3266/1/1
f 3269/1/2 3270/1/2 3271/1/2 3272/1/2
f 3265/1/3 3266/1/3 3270/1/3 3269/1/3
f 3268/1/4 3272/1/4 3271/1/4 3267/1/4
f 3265/1/5 3269/1/5 3272/1/5 3268/1/5
f 3266/1/6 3267/1/6 3271/1/6 3270/1/6
f 3273/1/1 3276/1/1 3275/1/1 3274/1/1
f 3277/1/2 3278/1/2 3279/1/2 3280/1/2
f 3273/1/3 3274/1/3 3278/1/3 3277/1/3
f 3276/1/4 3280/1/4 3279/1/4 3275/1/4
f 3273/1/5 3277/1/5 3280/1/5 3276/1/5
f 3274/1/6 3275/1/6 3279/1/6 3278/1/6
f 3281/1/1 3284/1/1 3283/1/1 3282/1/1
f 3285/1/2 3286/1/2 3287/1/2 3288/1/2
f 3281/1/3 3282/1/3 3286/1/3 3285/1/3
f 3284/1/4 3288/1/4 3287/1/4 3283/1/4
f 3281/1/5 3285/1/5 3288/1/5 3284/1/5
f 3282/1/6 3283/1/6 3287/1/6 3286/1/6
f 3289/1/1 3292/1/1 3291/1/1 3290/1/1
f 3293/1/2 3294/1/2 3295/1/2 3296/1/2
f 3289/1/3 3290/1/3 3294/1/3 3293/1/3
f 3292/1/4 3296/1/4 3295/1/4 3291/1/4
f 3289/1/5 3293/1/5 3296/1/5 3292/1/5
f 3290/1/6 3291/1/6 3295/1/6 3294/1/6
f 3297/1/1 3300/1/1 3299/1/1 3298/1/1
f 3301/1/2 3302/1/2 3303/1/2 3304/1/2
f 3297/1/3 3298/1/3 3302/1/3 3301/1/3
f 3300/1/4 3304/1/4 3303/1/4 3299/1/4
f 3297/1/5 3301/1/5 3304/1/5 3300/1/5
f 3298/1/6 3299/1/6 3303/1/6 3302/1/6
f 3305/1/1 3308/1/1 3307/1/1 3306/1/1
f 3309/1/2 3310/1/2 3311/1/2 3312/1/2
f 3305/1/3 3306/1/3 3310/1/3 3309/1/3
f 3308/1/4 3312/1/4 3311/1/4 3307/1/4
f 3305/1/5 3309/1/5 3312/1/5 3308/1/5
f 3306/1/6 3307/1/6 3311/1/6 3310/1/6
f 3313/1/1 3316/1/1 3315/1/1 3314/1/1
f 3317/1/2 3318/1/2 3319/1/2 3320/1/2
f 3313/1/3 3314/1/3 3318/1/3 3317/1/3
f 3316/1/4 3320/1/4 3319/1/4 3315/1/4
f 3313/1/5 3317/1/5 3320/1/5 3316/1/5
f 3314/1/6 3315/1/6 3319/1/6 3318/1/6
f 3321/1/1 3324/1/1 3323/1/1 3322/1/1
f 3325/1/2 3326/1/2 3327/1/2 3328/1/2
f 3321/1/3 3322/1/3 3326/1/3 3325/1/3
f 3324/1/4 3328/1/4 3327/1/4 3323/1/4
f 3321/1/5 3325/1/5 3328/1/5 3324/1/5
f 3322/1/6 3323/1/6 3327/1/6 3326/1/6
f 3329/1/1 3332/1/1 3331/1/1 3330/1/1
f 3333/1/2 3334/1/2 3335/1/2 3336/1/2
f 3329/1/3 3330/1/3 3334/1/3 3333/1/3
f 3332/1/4 3336/1/4 3335/1/4 3331/1/4
f 3329/1/5 3333/1/5 3336/1/5 3332/1/5
f 3330/1/6 3331/1/6 3335/1/6 3334/1/6
f 3337/1/1 3340/1/1 3339/1/1 3338/1/1
f 3341/1/2 3342/1/2 3343/1/2 3344/1/2
f 3337/1/3 3338/1/3 3342/1/3 3341/1/3
f 3340/1/4 3344/1/4 3343/1/4 3339/1/4
f 3337/1/5 3341/1/5 3344/1/5 3340/1/5
f 3338/1/6 3339/1/6 3343/1/6 3342/1/6
f 3345/1/1 3348/1/1 3347/1/1 3346/1/1
f 3349/1/2 3350/1/2 3351/1/2 3352/1/2
f 3345/1/3 3346/1/3 3350/1/3 3349/1/3
f 3348/1/4 3352/1/4 3351/1/4 3347/1/4
f 3345/1/5 3349/1/5 3352/1/5 3348/1/5
f 3346/1/6 3347/1/6 3351/1/6 3350/1/6
f 3353/1/1 3356/1/1 3355/1/1 3354/1/1
f 3357/1/2 3358/1/2 3359/1/2 3360/1/2
f 3353/1/3 3354/1/3 3358/1/3 3357/1/3
f 3356/1/4 3360/1/4 3359/1/4 3355/1/4
f 3353/1/5 3357/1/5 3360/1/5 3356/1/5
f 3354/1/6 3355/1/6 3359/1/6 3358/1/6
f 3361/1/1 3364/1/1 3363/1/1 3362/1/1
f 3365/1/2 3366/1/2 3367/1/2 3368/1/2
f 3361/1/3 3362/1/3 3366/1/3 3365/1/3
f 3364/1/4 3368/1/4 3367/1/4 3363/1/4
f 3361/1/5 3365/1/5 3368/1/5 3364/1/5
f 3362/1/6 3363/1/6 3367/1/6 3366/1/6
f 3369/1/1 3372/1/1 3371/1/1 3370/1/1
f 3373/1/2 3374/1/2 3375/1/2 3376/1/2
f 3369/1/3 3370/1/3 3374/1/3 3373/1/3
f 3372/1/4 3376/1/4 3375/1/4 3371/1/4
f 3369/1/5 3373/1/5 3376/1/5 3372/1/5
f 3370/1/6 3371/1/6 3375/1/6 3374/1/6
f 3377/1/1 3380/1/1 3379/1/1 3378/1/1
f 3381/1/2 3382/1/2 3383/1/2 3384/1/2
f 3377/1/3 3378/1/3 3382/1/3 3381/1/3
f 3380/1/4 3384/1/4 3383/1/4 3379/1/4
f 3377/1/5 3381/1/5 3384/1/5 3380/1/5
f 3378/1/6 3379/1/6 3383/1/6 3382/1/6
f 3385/1/1 3388/1/1 3387/1/1 3386/1/1
f 3389/1/2 3390/1/2 3391/1/2 3392/1/2
f 3385/1/3 3386/1/3 3390/1/3 3389/1/3
f 3388/1/4 3392/1/4 3391/1/4 3387/1/4
f 3385/1/5 3389/1/5 3392/1/5 3388/1/5
f 3386/1/6 3387/1/6 3391/1/6 3390/1/6
f 3393/1/1 3396/1/1 3395/1/1 3394/1/1
f 3397/1/2 3398/1/2 3399/1/2 3400/1/2
f 3393/1/3 3394/1/3 3398/1/3 3397/1/3
f 3396/1/4 3400/1/4 3399/1/4 3395/1/4
f 3393/1/5 3397/1/5 3400/1/5 3396/1/5
f 3394/1/6 3395/1/6 3399/1/6 3398/1/6
f 3401/1/1 3404/1/1 3403/1/1 3402/1/1
f 3405/1/2 3406/1/2 3407/1/2 3408/1/2
f 3401/1/3 3402/1/3 3406/1/3 3405/1/3
f 3404/1/4 3408/1/4 3407/1/4 3403/1/4
f 3401/1/5 3405/1/5 3408/1/5 3404/1/5
f 3402/1/6 3403/1/6 3407/1/6 3406/1/6
f 3409/1/1 3412/1/1 3411/1/1 3410/1/1
f 3413/1/2 3414/1/2 3415/1/2 3416/1/2
f 3409/1/3 3410/1/3 3414/1/3 3413/1/3
f 3412/1/4 3416/1/4 3415/1/4 3411/1/4
f 3409/1/5 3413/1/5 3416/1/5 3412/1/5
f 3410/1/6 3411/1/6 3415/1/6 3414/1/6
f 3417/1/1 3420/1/1 3419/1/1 3418/1/1
f 3421/1/2 3422/1/2 3423/1/2 3424/1/2
f 3417/1/3 3418/1/3 3422/1/3 3421/1/3
f 3420/1/4 3424/1/4 3423/1/4 3419/1/4
f 3417/1/5 3421/1/5 3424/1/5 3420/1/5
f 3418/1/6 3419/1/6 3423/1/6 3422/1/6
f 3425/61/1 3428/61/1 3427/61/1 3426/61/1
f 3429/61/2 3430/61/2 3431/61/2 3432/61/2
f 3425/61/3 3426/61/3 3430/61/3 3429/61/3
f 3428/61/4 3432/61/4 3431/61/4 3427/61/4
f 3425/61/5 3429/61/5 3432/61/5 3428/61/5
f 3426/61/6 3427/61/6 3431/61/6 3430/61/6
f 3433/61/1 3436/61/1 3435/61/1 3434/61/1
f 3437/61/2 3438/61/2 3439/61/2 3440/61/2
f 3433/61/3 3434/61/3 3438/61/3 3437/61/3
f 3436/61/4 3440/61/4 3439/61/4 3435/61/4
f 3433/61/5 3437/61/5 3440/61/5 3436/61/5
f 3434/61/6 3435/61/6 3439/61/6 3438/61/6
f 3441/61/1 3444/61/1 3443/61/1 3442/61/1
f 3445/61/2 3446/61/2 3447/61/2 3448/61/2
f 3441/61/3 3442/61/3 3446/61/3 3445/61/3
f 3444/61/4 3448/61/4 3447/61/4 3443/61/4
f 3441/61/5 3445/61/5 3448/61/5 3444/61/5
f 3442/61/6 3443/61/6 3447/61/6 3446/61/6
f 3449/61/1 3452/61/1 3451/61/1 3450/61/1
f 3453/61/2 3454/61/2 3455/61/2 3456/61/2
f 3449/61/3 3450/61/3 3454/61/3 3453/61/3
f 3452/61/4 3456/61/4 3455/61/4 3451/61/4
f 3449/61/5 3453/61/5 3456/61/5 3452/61/5
f 3450/61/6 3451/61/6 3455/61/6 3454/61/6
f 3457/61/1 3460/61/1 3459/61/1 3458/61/1
f 3461/61/2 3462/61/2 3463/61/2 3464/61/2
f 3457/61/3 3458/61/3 3462/61/3 3461/61/3
f 3460/61/4 3464/61/4 3463/61/4 3459/61/4
f 3457/61/5 3461/61/5 3464/61/5 3460/61/5
f 3458/61/6 3459/61/6 3463/61/6 3462/61/6
f 3465/61/1 3468/61/1 3467/61/1 3466/61/1
f 3469/61/2 3470/61/2 3471/61/2 3472/61/2
f 3465/61/3 3466/61/3 3470/61/3 3469/61/3
f 3468/61/4 3472/61/4 3471/61/4 3467/61/4
f 3465/61/5 3469/61/5 3472/61/5 3468/61/5
f 3466/61/6 3467/61/6 3471/61/6 3470/61/6
f 3473/61/1 3476/61/1 3475/61/1 3474/61/1
f 3477/61/2 3478/61/2 3479/61/2 3480/61/2
f 3473/61/3 3474/61/3 3478/61/3 3477/61/3
f 3476/61/4 3480/61/4 3479/61/4 3475/61/4
f 3473/61/5 3477/61/5 3480/61/5 3476/61/5
f 3474/61/6 3475/61/6 3479/61/6 3478/61/6
f 3481/61/1 3484/61/1 3483/61/1 3482/61/1
f 3485/61/2 3486/61/2 3487/61/2 3488/61/2
f 3481/61/3 3482/61/3 3486/61/3 3485/61/3
f 3484/61/4 3488/61/4 3487/61/4 3483/61/4
f 3481/61/5 3485/61/5 3488/61/5 3484/61/5
f 3482/61/6 3483/61/6 3487/61/6 3486/61/6
f 3489/62/1 3492/62/1 3491/62/1 3490/62/1
f 3493/62/2 3494/62/2 3495/62/2 3496/62/2
f 3489/62/3 3490/62/3 3494/62/3 3493/62/3
f 3492/62/4 3496/62/4 3495/62/4 3491/62/4
f 3489/62/5 3493/62/5 3496/62/5 3492/62/5
f 3490/62/6 3491/62/6 3495/62/6 3494/62/6
f 3497/62/1 3500/62/1 3499/62/1 3498/62/1
f 3501/62/2 3502/62/2 3503/62/2 3504/62/2
f 3497/62/3 3498/62/3 3502/62/3 3501/62/3
f 3500/62/4 3504/62/4 3503/62/4 3499/62/4
f 3497/62/5 3501/62/5 3504/62/5 3500/62/5
f 3498/62/6 3499/62/6 3503/62/6 3502/62/6
f 3505/62/1 3508/62/1 3507/62/1 3506/62/1
f 3509/62/2 3510/62/2 3511/62/2 3512/62/2
f 3505/62/3 3506/62/3 3510/62/3 3509/62/3
f 3508/62/4 3512/62/4 3511/62/4 3507/62/4
f 3505/62/5 3509/62/5 3512/62/5 3508/62/5
f 3506/62/6 3507/62/6 3511/62/6 3510/62/6
f 3513/62/1 3516/62/1 3515/62/1 3514/62/1
f 3517/62/2 3518/62/2 3519/62/2 3520/62/2
f 3513/62/3 3514/62/3 3518/62/3 3517/62/3
f 3516/62/4 3520/62/4 3519/62/4 3515/62/4
f 3513/62/5 3517/62/5 3520/62/5 3516/62/5
f 3514/62/6 3515/62/6 3519/62/6 3518/62/6
f 3521/62/1 3524/62/1 3523/62/1 3522/62/1
f 3525/62/2 3526/62/2 3527/62/2 3528/62/2
f 3521/62/3 3522/62/3 3526/62/3 3525/62/3
f 3524/62/4 3528/62/4 3527/62/4 3523/62/4
f 3521/62/5 3525/62/5 3528/62/5 3524/62/5
f 3522/62/6 3523/62/6 3527/62/6 3526/62/6
f 3529/62/1 3532/62/1 3531/62/1 3530/62/1
f 3533/62/2 3534/62/2 3535/62/2 3536/62/2
f 3529/62/3 3530/62/3 3534/62/3 3533/62/3
f 3532/62/4 3536/62/4 3535/62/4 3531/62/4
f 3529/62/5 3533/62/5 3536/62/5 3532/62/5
f 3530/62/6 3531/62/6 3535/62/6 3534/62/6
f 3537/62/1 3540/62/1 3539/62/1 3538/62/1
f 3541/62/2 3542/62/2 3543/62/2 3544/62/2
f 3537/62/3 3538/62/3 3542/62/3 3541/62/3
f 3540/62/4 3544/62/4 3543/62/4 3539/62/4
f 3537/62/5 3541/62/5 3544/62/5 3540/62/5
f 3538/62/6 3539/62/6 3543/62/6 3542/62/6
f 3545/62/1 3548/62/1 3547/62/1 3546/62/1
f 3549/62/2 3550/62/2 3551/62/2 3552/62/2
f 3545/62/3 3546/62/3 3550/62/3 3549/62/3
f 3548/62/4 3552/62/4 3551/62/4 3547/62/4
f 3545/62/5 3549/62/5 3552/62/5 3548/62/5
f 3546/62/6 3547/62/6 3551/62/6 3550/62/6
f 3553/1/1 3556/1/1 3555/1/1 3554/1/1
f 3557/1/2 3558/1/2 3559/1/2 3560/1/2
f 3553/1/3 3554/1/3 3558/1/3 3557/1/3
f 3556/1/4 3560/1/4 3559/1/4 3555/1/4
f 3553/1/5 3557/1/5 3560/1/5 3556/1/5
f 3554/1/6 3555/1/6 3559/1/6 3558/1/6
f 3561/1/1 3564/1/1 3563/1/1 3562/1/1
f 3565/1/2 3566/1/2 3567/1/2 3568/1/2
f 3561/1/3 3562/1/3 3566/1/3 3565/1/3
f 3564/1/4 3568/1/4 3567/1/4 3563/1/4
f 3561/1/5 3565/1/5 3568/1/5 3564/1/5
f 3562/1/6 3563/1/6 3567/1/6 3566/1/6
f 3569/1/1 3572/1/1 3571/1/1 3570/1/1
f 3573/1/2 3574/1/2 3575/1/2 3576/1/2
f 3569/1/3 3570/1/3 3574/1/3 3573/1/3
f 3572/1/4 3576/1/4 3575/1/4 3571/1/4
f 3569/1/5 3573/1/5 3576/1/5 3572/1/5
f 3570/1/6 3571/1/6 3575/1/6 3574/1/6
f 3577/1/1 3580/1/1 3579/1/1 3578/1/1
f 3581/1/2 3582/1/2 3583/1/2 3584/1/2
f 3577/1/3 3578/1/3 3582/1/3 3581/1/3
f 3580/1/4 3584/1/4 3583/1/4 3579/1/4
f 3577/1/5 3581/1/5 3584/1/5 3580/1/5
f 3578/1/6 3579/1/6 3583/1/6 3582/1/6
f 3585/52/1 3588/52/1 3587/52/1 3586/52/1
f 3589/52/2 3590/52/2 3591/52/2 3592/52/2
f 3585/52/3 3586/52/3 3590/52/3 3589/52/3
f 3588/52/4 3592/52/4 3591/52/4 3587/52/4
f 3585/52/5 3589/52/5 3592/52/5 3588/52/5
f 3586/52/6 3587/52/6 3591/52/6 3590/52/6
f 3593/52/1 3596/52/1 3595/52/1 3594/52/1
f 3597/52/2 3598/52/2 3599/52/2 3600/52/2
f 3593/52/3 3594/52/3 3598/52/3 3597/52/3
f 3596/52/4 3600/52/4 3599/52/4 3595/52/4
f 3593/52/5 3597/52/5 3600/52/5 3596/52/5
f 3594/52/6 3595/52/6 3599/52/6 3598/52/6
f 3601/1/1 3604/1/1 3603/1/1 3602/1/1
f 3605/1/2 3606/1/2 3607/1/2 3608/1/2
f 3601/1/3 3602/1/3 3606/1/3 3605/1/3
f 3604/1/4 3608/1/4 3607/1/4 3603/1/4
f 3601/1/5 3605/1/5 3608/1/5 3604/1/5
f 3602/1/6 3603/1/6 3607/1/6 3606/1/6
f 3609/1/1 3612/1/1 3611/1/1 3610/1/1
f 3613/1/2 3614/1/2 3615/1/2 3616/1/2
f 3609/1/3 3610/1/3 3614/1/3 3613/1/3
f 3612/1/4 3616/1/4 3615/1/4 3611/1/4
f 3609/1/5 3613/1/5 3616/1/5 3612/1/5
f 3610/1/6 3611/1/6 3615/1/6 3614/1/6
f 3617/52/1 3620/52/1 3619/52/1 3618/52/1
f 3621/52/2 3622/52/2 3623/52/2 3624/52/2
f 3617/52/3 3618/52/3 3622/52/3 3621/52/3
f 3620/52/4 3624/52/4 3623/52/4 3619/52/4
f 3617/52/5 3621/52/5 3624/52/5 3620/52/5
f 3618/52/6 3619/52/6 3623/52/6 3622/52/6
f 3625/52/1 3628/52/1 3627/52/1 3626/52/1
f 3629/52/2 3630/52/2 3631/52/2 3632/52/2
f 3625/52/3 3626/52/3 3630/52/3 3629/52/3
f 3628/52/4 3632/52/4 3631/52/4 3627/52/4
f 3625/52/5 3629/52/5 3632/52/5 3628/52/5
f 3626/52/6 3627/52/6 3631/52/6 3630/52/6
f 3633/1/1 3636/1/1 3635/1/1 3634/1/1
f 3637/1/2 3638/1/2 3639/1/2 3640/1/2
f 3633/1/3 3634/1/3 3638/1/3 3637/1/3
f 3636/1/4 3640/1/4 3639/1/4 3635/1/4
f 3633/1/5 3637/1/5 3640/1/5 3636/1/5
f 3634/1/6 3635/1/6 3639/1/6 3638/1/6
f 3641/1/1 3644/1/1 3643/1/1 3642/1/1
f 3645/1/2 3646/1/2 3647/1/2 3648/1/2
f 3641/1/3 3642/1/3 3646/1/3 3645/1/3
f 3644/1/4 3648/1/4 3647/1/4 3643/1/4
f 3641/1/5 3645/1/5 3648/1/5 3644/1/5
f 3642/1/6 3643/1/6 3647/1/6 3646/1/6
f 3649/1/1 3652/1/1 3651/1/1 3650/1/1
f 3653/1/2 3654/1/2 3655/1/2 3656/1/2
f 3649/1/3 3650/1/3 3654/1/3 3653/1/3
f 3652/1/4 3656/1/4 3655/1/4 3651/1/4
f 3649/1/5 3653/1/5 3656/1/5 3652/1/5
f 3650/1/6 3651/1/6 3655/1/6 3654/1/6
f 3657/1/1 3660/1/1 3659/1/1 3658/1/1
f 3661/1/2 3662/1/2 3663/1/2 3664/1/2
f 3657/1/3 3658/1/3 3662/1/3 3661/1/3
f 3660/1/4 3664/1/4 3663/1/4 3659/1/4
f 3657/1/5 3661/1/5 3664/1/5 3660/1/5
f 3658/1/6 3659/1/6 3663/1/6 3662/1/6
f 3665/52/1 3668/52/1 3667/52/1 3666/52/1
f 3669/52/2 3670/52/2 3671/52/2 3672/52/2
f 3665/52/3 3666/52/3 3670/52/3 3669/52/3
f 3668/52/4 3672/52/4 3671/52/4 3667/52/4
f 3665/52/5 3669/52/5 3672/52/5 3668/52/5
f 3666/52/6 3667/52/6 3671/52/6 3670/52/6
f 3673/52/1 3676/52/1 3675/52/1 3674/52/1
f 3677/52/2 3678/52/2 3679/52/2 3680/52/2
f 3673/52/3 3674/52/3 3678/52/3 3677/52/3
f 3676/52/4 3680/52/4 3679/52/4 3675/52/4
f 3673/52/5 3677/52/5 3680/52/5 3676/52/5
f 3674/52/6 3675/52/6 3679/52/6 3678/52/6
f 3681/1/1 3684/1/1 3683/1/1 3682/1/1
f 3685/1/2 3686/1/2 3687/1/2 3688/1/2
f 3681/1/3 3682/1/3 3686/1/3 3685/1/3
f 3684/1/4 3688/1/4 3687/1/4 3683/1/4
f 3681/1/5 3685/1/5 3688/1/5 3684/1/5
f 3682/1/6 3683/1/6 3687/1/6 3686/1/6
f 3689/1/1 3692/1/1 3691/1/1 3690/1/1
f 3693/1/2 3694/1/2 3695/1/2 3696/1/2
f 3689/1/3 3690/1/3 3694/1/3 3693/1/3
f 3692/1/4 3696/1/4 3695/1/4 3691/1/4
f 3689/1/5 3693/1/5 3696/1/5 3692/1/5
f 3690/1/6 3691/1/6 3695/1/6 3694/1/6
f 3697/52/1 3700/52/1 3699/52/1 3698/52/1
f 3701/52/2 3702/52/2 3703/52/2 3704/52/2
f 3697/52/3 3698/52/3 3702/52/3 3701/52/3
f 3700/52/4 3704/52/4 3703/52/4 3699/52/4
f 3697/52/5 3701/52/5 3704/52/5 3700/52/5
f 3698/52/6 3699/52/6 3703/52/6 3702/52/6
f 3705/52/1 3708/52/1 3707/52/1 3706/52/1
f 3709/52/2 3710/52/2 3711/52/2 3712/52/2
f 3705/52/3 3706/52/3 3710/52/3 3709/52/3
f 3708/52/4 3712/52/4 3711/52/4 3707/52/4
f 3705/52/5 3709/52/5 3712/52/5 3708/52/5
f 3706/52/6 3707/52/6 3711/52/6 3710/52/6
f 3713/1/1 3716/1/1 3715/1/1 3714/1/1
f 3717/1/2 3718/1/2 3719/1/2 3720/1/2
f 3713/1/3 3714/1/3 3718/1/3 3717/1/3
f 3716/1/4 3720/1/4 3719/1/4 3715/1/4
f 3713/1/5 3717/1/5 3720/1/5 3716/1/5
f 3714/1/6 3715/1/6 3719/1/6 3718/1/6
f 3721/1/1 3724/1/1 3723/1/1 3722/1/1
f 3725/1/2 3726/1/2 3727/1/2 3728/1/2
f 3721/1/3 3722/1/3 3726/1/3 3725/1/3
f 3724/1/4 3728/1/4 3727/1/4 3723/1/4
f 3721/1/5 3725/1/5 3728/1/5 3724/1/5
f 3722/1/6 3723/1/6 3727/1/6 3726/1/6
f 3729/52/1 3732/52/1 3731/52/1 3730/52/1
f 3733/52/2 3734/52/2 3735/52/2 3736/52/2
f 3729/52/3 3730/52/3 3734/52/3 3733/52/3
f 3732/52/4 3736/52/4 3735/52/4 3731/52/4
f 3729/52/5 3733/52/5 3736/52/5 3732/52/5
f 3730/52/6 3731/52/6 3735/52/6 3734/52/6
f 3737/52/1 3740/52/1 3739/52/1 3738/52/1
f 3741/52/2 3742/52/2 3743/52/2 3744/52/2
f 3737/52/3 3738/52/3 3742/52/3 3741/52/3
f 3740/52/4 3744/52/4 3743/52/4 3739/52/4
f 3737/52/5 3741/52/5 3744/52/5 3740/52/5
f 3738/52/6 3739/52/6 3743/52/6 3742/52/6
f 3745/1/1 3748/1/1 3747/1/1 3746/1/1
f 3749/1/2 3750/1/2 3751/1/2 3752/1/2
f 3745/1/3 3746/1/3 3750/1/3 3749/1/3
f 3748/1/4 3752/1/4 3751/1/4 3747/1/4
f 3745/1/5 3749/1/5 3752/1/5 3748/1/5
f 3746/1/6 3747/1/6 3751/1/6 3750/1/6
f 3753/1/1 3756/1/1 3755/1/1 3754/1/1
f 3757/1/2 3758/1/2 3759/1/2 3760/1/2
f 3753/1/3 3754/1/3 3758/1/3 3757/1/3
f 3756/1/4 3760/1/4 3759/1/4 3755/1/4
f 3753/1/5 3757/1/5 3760/1/5 3756/1/5
f 3754/1/6 3755/1/6 3759/1/6 3758/1/6
f 3761/52/1 3764/52/1 3763/52/1 3762/52/1
f 3765/52/2 3766/52/2 3767/52/2 3768/52/2
f 3761/52/3 3762/52/3 3766/52/3 3765/52/3
f 3764/52/4 3768/52/4 3767/52/4 3763/52/4
f 3761/52/5 3765/52/5 3768/52/5 3764/52/5
f 3762/52/6 3763/52/6 3767/52/6 3766/52/6
f 3769/52/1 3772/52/1 3771/52/1 3770/52/1
f 3773/52/2 3774/52/2 3775/52/2 3776/52/2
f 3769/52/3 3770/52/3 3774/52/3 3773/52/3
f 3772/52/4 3776/52/4 3775/52/4 3771/52/4
f 3769/52/5 3773/52/5 3776/52/5 3772/52/5
f 3770/52/6 3771/52/6 3775/52/6 3774/52/6
f 3777/1/1 3780/1/1 3779/1/1 3778/1/1
f 3781/1/2 3782/1/2 3783/1/2 3784/1/2
f 3777/1/3 3778/1/3 3782/1/3 3781/1/3
f 3780/1/4 3784/1/4 3783/1/4 3779/1/4
f 3777/1/5 3781/1/5 3784/1/5 3780/1/5
f 3778/1/6 3779/1/6 3783/1/6 3782/1/6
f 3785/1/1 3788/1/1 3787/1/1 3786/1/1
f 3789/1/2 3790/1/2 3791/1/2 3792/1/2
f 3785/1/3 3786/1/3 3790/1/3 3789/1/3
f 3788/1/4 3792/1/4 3791/1/4 3787/1/4
f 3785/1/5 3789/1/5 3792/1/5 3788/1/5
f 3786/1/6 3787/1/6 3791/1/6 3790/1/6
f 3793/1/1 3796/1/1 3795/1/1 3794/1/1
f 3797/1/2 3798/1/2 3799/1/2 3800/1/2
f 3793/1/3 3794/1/3 3798/1/3 3797/1/3
f 3796/1/4 3800/1/4 3799/1/4 3795/1/4
f 3793/1/5 3797/1/5 3800/1/5 3796/1/5
f 3794/1/6 3795/1/6 3799/1/6 3798/1/6
f 3801/1/1 3804/1/1 3803/1/1 3802/1/1
f 3805/1/2 3806/1/2 3807/1/2 3808/1/2
f 3801/1/3 3802/1/3 3806/1/3 3805/1/3
f 3804/1/4 3808/1/4 3807/1/4 3803/1/4
f 3801/1/5 3805/1/5 3808/1/5 3804/1/5
f 3802/1/6 3803/1/6 3807/1/6 3806/1/6
f 3809/1/1 3812/1/1 3811/1/1 3810/1/1
f 3813/1/2 3814/1/2 3815/1/2 3816/1/2
f 3809/1/3 3810/1/3 3814/1/3 3813/1/3
f 3812/1/4 3816/1/4 3815/1/4 3811/1/4
f 3809/1/5 3813/1/5 3816/1/5 3812/1/5
f 3810/1/6 3811/1/6 3815/1/6 3814/1/6
f 3817/1/1 3820/1/1 3819/1/1 3818/1/1
f 3821/1/2 3822/1/2 3823/1/2 3824/1/2
f 3817/1/3 3818/1/3 3822/1/3 3821/1/3
f 3820/1/4 3824/1/4 3823/1/4 3819/1/4
f 3817/1/5 3821/1/5 3824/1/5 3820/1/5
f 3818/1/6 3819/1/6 3823/1/6 3822/1/6
f 3825/2/1 3828/2/1 3827/2/1 3826/2/1
f 3829/2/2 3830/2/2 3831/2/2 3832/2/2
f 3825/2/3 3826/2/3 3830/2/3 3829/2/3
f 3828/2/4 3832/2/4 3831/2/4 3827/2/4
f 3825/2/5 3829/2/5 3832/2/5 3828/2/5
f 3826/2/6 3827/2/6 3831/2/6 3830/2/6
f 3833/2/1 3836/2/1 3835/2/1 3834/2/1
f 3837/2/2 3838/2/2 3839/2/2 3840/2/2
f 3833/2/3 3834/2/3 3838/2/3 3837/2/3
f 3836/2/4 3840/2/4 3839/2/4 3835/2/4
f 3833/2/5 3837/2/5 3840/2/5 3836/2/5
f 3834/2/6 3835/2/6 3839/2/6 3838/2/6
f 3841/1/1 3844/1/1 3843/1/1 3842/1/1
f 3845/1/2 3846/1/2 3847/1/2 3848/1/2
f 3841/1/3 3842/1/3 3846/1/3 3845/1/3
f 3844/1/4 3848/1/4 3847/1/4 3843/1/4
f 3841/1/5 3845/1/5 3848/1/5 3844/1/5
f 3842/1/6 3843/1/6 3847/1/6 3846/1/6
f 3849/1/1 3852/1/1 3851/1/1 3850/1/1
f 3853/1/2 3854/1/2 3855/1/2 3856/1/2
f 3849/1/3 3850/1/3 3854/1/3 3853/1/3
f 3852/1/4 3856/1/4 3855/1/4 3851/1/4
f 3849/1/5 3853/1/5 3856/1/5 3852/1/5
f 3850/1/6 3851/1/6 3855/1/6 3854/1/6
f 3857/1/1 3860/1/1 3859/1/1 3858/1/1
f 3861/1/2 3862/1/2 3863/1/2 3864/1/2
f 3857/1/3 3858/1/3 3862/1/3 3861/1/3
f 3860/1/4 3864/1/4 3863/1/4 3859/1/4
f 3857/1/5 3861/1/5 3864/1/5 3860/1/5
f 3858/1/6 3859/1/6 3863/1/6 3862/1/6
f 3865/1/1 3868/1/1 3867/1/1 3866/1/1
f 3869/1/2 3870/1/2 3871/1/2 3872/1/2
f 3865/1/3 3866/1/3 3870/1/3 3869/1/3
f 3868/1/4 3872/1/4 3871/1/4 3867/1/4
f 3865/1/5 3869/1/5 3872/1/5 3868/1/5
f 3866/1/6 3867/1/6 3871/1/6 3870/1/6
f 3873/2/1 3876/2/1 3875/2/1 3874/2/1
f 3877/2/2 3878/2/2 3879/2/2 3880/2/2
f 3873/2/3 3874/2/3 3878/2/3 3877/2/3
f 3876/2/4 3880/2/4 3879/2/4 3875/2/4
f 3873/2/5 3877/2/5 3880/2/5 3876/2/5
f 3874/2/6 3875/2/6 3879/2/6 3878/2/6
f 3881/2/1 3884/2/1 3883/2/1 3882/2/1
f 3885/2/2 3886/2/2 3887/2/2 3888/2/2
f 3881/2/3 3882/2/3 3886/2/3 3885/2/3
f 3884/2/4 3888/2/4 3887/2/4 3883/2/4
f 3881/2/5 3885/2/5 3888/2/5 3884/2/5
f 3882/2/6 3883/2/6 3887/2/6 3886/2/6
f 3889/2/1 3892/2/1 3891/2/1 3890/2/1
f 3893/2/2 3894/2/2 3895/2/2 3896/2/2
f 3889/2/3 3890/2/3 3894/2/3 3893/2/3
f 3892/2/4 3896/2/4 3895/2/4 3891/2/4
f 3889/2/5 3893/2/5 3896/2/5 3892/2/5
f 3890/2/6 3891/2/6 3895/2/6 3894/2/6
f 3897/2/1 3900/2/1 3899/2/1 3898/2/1
f 3901/2/2 3902/2/2 3903/2/2 3904/2/2
f 3897/2/3 3898/2/3 3902/2/3 3901/2/3
f 3900/2/4 3904/2/4 3903/2/4 3899/2/4
f 3897/2/5 3901/2/5 3904/2/5 3900/2/5
f 3898/2/6 3899/2/6 3903/2/6 3902/2/6
f 3905/1/1 3908/1/1 3907/1/1 3906/1/1
f 3909/1/2 3910/1/2 3911/1/2 3912/1/2
f 3905/1/3 3906/1/3 3910/1/3 3909/1/3
f 3908/1/4 3912/1/4 3911/1/4 3907/1/4
f 3905/1/5 3909/1/5 3912/1/5 3908/1/5
f 3906/1/6 3907/1/6 3911/1/6 3910/1/6
f 3913/1/1 3916/1/1 3915/1/1 3914/1/1
f 3917/1/2 3918/1/2 3919/1/2 3920/1/2
f 3913/1/3 3914/1/3 3918/1/3 3917/1/3
f 3916/1/4 3920/1/4 3919/1/4 3915/1/4
f 3913/1/5 3917/1/5 3920/1/5 3916/1/5
f 3914/1/6 3915/1/6 3919/1/6 3918/1/6
f 3921/1/1 3924/1/1 3923/1/1 3922/1/1
f 3925/1/2 3926/1/2 3927/1/2 3928/1/2
f 3921/1/3 3922/1/3 3926/1/3 3925/1/3
f 3924/1/4 3928/1/4 3927/1/4 3923/1/4
f 3921/1/5 3925/1/5 3928/1/5 3924/1/5
f 3922/1/6 3923/1/6 3927/1/6 3926/1/6
f 3929/1/1 3932/1/1 3931/1/1 3930/1/1
f 3933/1/2 3934/1/2 3935/1/2 3936/1/2
f 3929/1/3 3930/1/3 3934/1/3 3933/1/3
f 3932/1/4 3936/1/4 3935/1/4 3931/1/4
f 3929/1/5 3933/1/5 3936/1/5 3932/1/5
f 3930/1/6 3931/1/6 3935/1/6 3934/1/6
f 3937/2/1 3940/2/1 3939/2/1 3938/2/1
f 3941/2/2 3942/2/2 3943/2/2 3944/2/2
f 3937/2/3 3938/2/3 3942/2/3 3941/2/3
f 3940/2/4 3944/2/4 3943/2/4 3939/2/4
f 3937/2/5 3941/2/5 3944/2/5 3940/2/5
f 3938/2/6 3939/2/6 3943/2/6 3942/2/6
f 3945/2/1 3948/2/1 3947/2/1 3946/2/1
f 3949/2/2 3950/2/2 3951/2/2 3952/2/2
f 3945/2/3 3946/2/3 3950/2/3 3949/2/3
f 3948/2/4 3952/2/4 3951/2/4 3947/2/4
f 3945/2/5 3949/2/5 3952/2/5 3948/2/5
f 3946/2/6 3947/2/6 3951/2/6 3950/2/6
f 3953/2/1 3956/2/1 3955/2/1 3954/2/1
f 3957/2/2 3958/2/2 3959/2/2 3960/2/2
f 3953/2/3 3954/2/3 3958/2/3 3957/2/3
f 3956/2/4 3960/2/4 3959/2/4 3955/2/4
f 3953/2/5 3957/2/5 3960/2/5 3956/2/5
f 3954/2/6 3955/2/6 3959/2/6 3958/2/6
f 3961/2/1 3964/2/1 3963/2/1 3962/2/1
f 3965/2/2 3966/2/2 3967/2/2 3968/2/2
f 3961/2/3 3962/2/3 3966/2/3 3965/2/3
f 3964/2/4 3968/2/4 3967/2/4 3963/2/4
f 3961/2/5 3965/2/5 3968/2/5 3964/2/5
f 3962/2/6 3963/2/6 3967/2/6 3966/2/6
f 3969/2/1 3972/2/1 3971/2/1 3970/2/1
f 3973/2/2 3974/2/2 3975/2/2 3976/2/2
f 3969/2/3 3970/2/3 3974/2/3 3973/2/3
f 3972/2/4 3976/2/4 3975/2/4 3971/2/4
f 3969/2/5 3973/2/5 3976/2/5 3972/2/5
f 3970/2/6 3971/2/6 3975/2/6 3974/2/6
f 3977/2/1 3980/2/1 3979/2/1 3978/2/1
f 3981/2/2 3982/2/2 3983/2/2 3984/2/2
f 3977/2/3 3978/2/3 3982/2/3 3981/2/3
f 3980/2/4 3984/2/4 3983/2/4 3979/2/4
f 3977/2/5 3981/2/5 3984/2/5 3980/2/5
f 3978/2/6 3979/2/6 3983/2/6 3982/2/6
f 3985/1/1 3988/1/1 3987/1/1 3986/1/1
f 3989/1/2 3990/1/2 3991/1/2 3992/1/2
f 3985/1/3 3986/1/3 3990/1/3 3989/1/3
f 3988/1/4 3992/1/4 3991/1/4 3987/1/4
f 3985/1/5 3989/1/5 3992/1/5 3988/1/5
f 3986/1/6 3987/1/6 3991/1/6 3990/1/6
f 3993/1/1 3996/1/1 3995/1/1 3994/1/1
f 3997/1/2 3998/1/2 3999/1/2 4000/1/2
f 3993/1/3 3994/1/3 3998/1/3 3997/1/3
f 3996/1/4 4000/1/4 3999/1/4 3995/1/4
f 3993/1/5 3997/1/5 4000/1/5 3996/1/5
f 3994/1/6 3995/1/6 3999/1/6 3998/1/6
f 4001/1/1 4004/1/1 4003/1/1 4002/1/1
f 4005/1/2 4006/1/2 4007/1/2 4008/1/2
f 4001/1/3 4002/1/3 4006/1/3 4005/1/3
f 4004/1/4 4008/1/4 4007/1/4 4003/1/4
f 4001/1/5 4005/1/5 4008/1/5 4004/1/5
f 4002/1/6 4003/1/6 4007/1/6 4006/1/6
f 4009/1/1 4012/1/1 4011/1/1 4010/1/1
f 4013/1/2 4014/1/2 4015/1/2 4016/1/2
f 4009/1/3 4010/1/3 4014/1/3 4013/1/3
f 4012/1/4 4016/1/4 4015/1/4 4011/1/4
f 4009/1/5 4013/1/5 4016/1/5 4012/1/5
f 4010/1/6 4011/1/6 4015/1/6 4014/1/6
f 4017/2/1 4020/2/1 4019/2/1 4018/2/1
f 4021/2/2 4022/2/2 4023/2/2 4024/2/2
f 4017/2/3 4018/2/3 4022/2/3 4021/2/3
f 4020/2/4 4024/2/4 4023/2/4 4019/2/4
f 4017/2/5 4021/2/5 4024/2/5 4020/2/5
f 4018/2/6 4019/2/6 4023/2/6 4022/2/6
f 4025/2/1 4028/2/1 4027/2/1 4026/2/1
f 4029/2/2 4030/2/2 4031/2/2 4032/2/2
f 4025/2/3 4026/2/3 4030/2/3 4029/2/3
f 4028/2/4 4032/2/4 4031/2/4 4027/2/4
f 4025/2/5 4029/2/5 4032/2/5 4028/2/5
f 4026/2/6 4027/2/6 4031/2/6 4030/2/6
f 4033/2/1 4036/2/1 4035/2/1 4034/2/1
f 4037/2/2 4038/2/2 4039/2/2 4040/2/2
f 4033/2/3 4034/2/3 4038/2/3 4037/2/3
f 4036/2/4 4040/2/4 4039/2/4 4035/2/4
f 4033/2/5 4037/2/5 4040/2/5 4036/2/5
f 4034/2/6 4035/2/6 4039/2/6 4038/2/6
f 4041/2/1 4044/2/1 4043/2/1 4042/2/1
f 4045/2/2 4046/2/2 4047/2/2 4048/2/2
f 4041/2/3 4042/2/3 4046/2/3 4045/2/3
f 4044/2/4 4048/2/4 4047/2/4 4043/2/4
f 4041/2/5 4045/2/5 4048/2/5 4044/2/5
f 4042/2/6 4043/2/6 4047/2/6 4046/2/6
f 4049/2/1 4052/2/1 4051/2/1 4050/2/1
f 4053/2/2 4054/2/2 4055/2/2 4056/2/2
f 4049/2/3 4050/2/3 4054/2/3 4053/2/3
f 4052/2/4 4056/2/4 4055/2/4 4051/2/4
f 4049/2/5 4053/2/5 4056/2/5 4052/2/5
f 4050/2/6 4051/2/6 4055/2/6 4054/2/6
f 4057/2/1 4060/2/1 4059/2/1 4058/2/1
f 4061/2/2 4062/2/2 4063/2/2 4064/2/2
f 4057/2/3 4058/2/3 4062/2/3 4061/2/3
f 4060/2/4 4064/2/4 4063/2/4 4059/2/4
f 4057/2/5 4061/2/5 4064/2/5 4060/2/5
f 4058/2/6 4059/2/6 4063/2/6 4062/2/6
f 4065/2/1 4068/2/1 4067/2/1 4066/2/1
f 4069/2/2 4070/2/2 4071/2/2 4072/2/2
f 4065/2/3 4066/2/3 4070/2/3 4069/2/3
f 4068/2/4 4072/2/4 4071/2/4 4067/2/4
f 4065/2/5 4069/2/5 4072/2/5 4068/2/5
f 4066/2/6 4067/2/6 4071/2/6 4070/2/6
f 4073/56/1 4076/56/1 4075/56/1 4074/56/1
f 4077/56/2 4078/56/2 4079/56/2 4080/56/2
f 4073/56/3 4074/56/3 4078/56/3 4077/56/3
f 4076/56/4 4080/56/4 4079/56/4 4075/56/4
f 4073/56/5 4077/56/5 4080/56/5 4076/56/5
f 4074/56/6 4075/56/6 4079/56/6 4078/56/6
f 4081/1/1 4084/1/1 4083/1/1 4082/1/1
f 4085/1/2 4086/1/2 4087/1/2 4088/1/2
f 4081/1/3 4082/1/3 4086/1/3 4085/1/3
f 4084/1/4 4088/1/4 4087/1/4 4083/1/4
f 4081/1/5 4085/1/5 4088/1/5 4084/1/5
f 4082/1/6 4083/1/6 4087/1/6 4086/1/6
f 4089/1/1 4092/1/1 4091/1/1 4090/1/1
f 4093/1/2 4094/1/2 4095/1/2 4096/1/2
f 4089/1/3 4090/1/3 4094/1/3 4093/1/3
f 4092/1/4 4096/1/4 4095/1/4 4091/1/4
f 4089/1/5 4093/1/5 4096/1/5 4092/1/5
f 4090/1/6 4091/1/6 4095/1/6 4094/1/6
f 4097/1/1 4100/1/1 4099/1/1 4098/1/1
f 4101/1/2 4102/1/2 4103/1/2 4104/1/2
f 4097/1/3 4098/1/3 4102/1/3 4101/1/3
f 4100/1/4 4104/1/4 4103/1/4 4099/1/4
f 4097/1/5 4101/1/5 4104/1/5 4100/1/5
f 4098/1/6 4099/1/6 4103/1/6 4102/1/6
f 4105/1/1 4108/1/1 4107/1/1 4106/1/1
f 4109/1/2 4110/1/2 4111/1/2 4112/1/2
f 4105/1/3 4106/1/3 4110/1/3 4109/1/3
f 4108/1/4 4112/1/4 4111/1/4 4107/1/4
f 4105/1/5 4109/1/5 4112/1/5 4108/1/5
f 4106/1/6 4107/1/6 4111/1/6 4110/1/6
f 4113/2/1 4116/2/1 4115/2/1 4114/2/1
f 4117/2/2 4118/2/2 4119/2/2 4120/2/2
f 4113/2/3 4114/2/3 4118/2/3 4117/2/3
f 4116/2/4 4120/2/4 4119/2/4 4115/2/4
f 4113/2/5 4117/2/5 4120/2/5 4116/2/5
f 4114/2/6 4115/2/6 4119/2/6 4118/2/6
f 4121/2/1 4124/2/1 4123/2/1 4122/2/1
f 4125/2/2 4126/2/2 4127/2/2 4128/2/2
f 4121/2/3 4122/2/3 4126/2/3 4125/2/3
f 4124/2/4 4128/2/4 4127/2/4 4123/2/4
f 4121/2/5 4125/2/5 4128/2/5 4124/2/5
f 4122/2/6 4123/2/6 4127/2/6 4126/2/6
f 4129/2/1 4132/2/1 4131/2/1 4130/2/1
f 4133/2/2 4134/2/2 4135/2/2 4136/2/2
f 4129/2/3 4130/2/3 4134/2/3 4133/2/3
f 4132/2/4 4136/2/4 4135/2/4 4131/2/4
f 4129/2/5 4133/2/5 4136/2/5 4132/2/5
f 4130/2/6 4131/2/6 4135/2/6 4134/2/6
f 4137/2/1 4140/2/1 4139/2/1 4138/2/1
f 4141/2/2 4142/2/2 4143/2/2 4144/2/2
f 4137/2/3 4138/2/3 4142/2/3 4141/2/3
f 4140/2/4 4144/2/4 4143/2/4 4139/2/4
f 4137/2/5 4141/2/5 4144/2/5 4140/2/5
f 4138/2/6 4139/2/6 4143/2/6 4142/2/6
f 4145/2/1 4148/2/1 4147/2/1 4146/2/1
f 4149/2/2 4150/2/2 4151/2/2 4152/2/2
f 4145/2/3 4146/2/3 4150/2/3 4149/2/3
f 4148/2/4 4152/2/4 4151/2/4 4147/2/4
f 4145/2/5 4149/2/5 4152/2/5 4148/2/5
f 4146/2/6 4147/2/6 4151/2/6 4150/2/6
f 4153/2/1 4156/2/1 4155/2/1 4154/2/1
f 4157/2/2 4158/2/2 4159/2/2 4160/2/2
f 4153/2/3 4154/2/3 4158/2/3 4157/2/3
f 4156/2/4 4160/2/4 4159/2/4 4155/2/4
f 4153/2/5 4157/2/5 4160/2/5 4156/2/5
f 4154/2/6 4155/2/6 4159/2/6 4158/2/6
f 4161/2/1 4164/2/1 4163/2/1 4162/2/1
f 4165/2/2 4166/2/2 4167/2/2 4168/2/2
f 4161/2/3 4162/2/3 4166/2/3 4165/2/3
f 4164/2/4 4168/2/4 4167/2/4 4163/2/4
f 4161/2/5 4165/2/5 4168/2/5 4164/2/5
f 4162/2/6 4163/2/6 4167/2/6 4166/2/6
f 4169/2/1 4172/2/1 4171/2/1 4170/2/1
f 4173/2/2 4174/2/2 4175/2/2 4176/2/2
f 4169/2/3 4170/2/3 4174/2/3 4173/2/3
f 4172/2/4 4176/2/4 4175/2/4 4171/2/4
f 4169/2/5 4173/2/5 4176/2/5 4172/2/5
f 4170/2/6 4171/2/6 4175/2/6 4174/2/6
f 4177/56/1 4180/56/1 4179/56/1 4178/56/1
f 4181/56/2 4182/56/2 4183/56/2 4184/56/2
f 4177/56/3 4178/56/3 4182/56/3 4181/56/3
f 4180/56/4 4184/56/4 4183/56/4 4179/56/4
f 4177/56/5 4181/56/5 4184/56/5 4180/56/5
f 4178/56/6 4179/56/6 4183/56/6 4182/56/6
f 4185/56/1 4188/56/1 4187/56/1 4186/56/1
f 4189/56/2 4190/56/2 4191/56/2 4192/56/2
f 4185/56/3 4186/56/3 4190/56/3 4189/56/3
f 4188/56/4 4192/56/4 4191/56/4 4187/56/4
f 4185/56/5 4189/56/5 4192/56/5 4188/56/5
f 4186/56/6 4187/56/6 4191/56/6 4190/56/6
f 4193/56/1 4196/56/1 4195/56/1 4194/56/1
f 4197/56/2 4198/56/2 4199/56/2 4200/56/2
f 4193/56/3 4194/56/3 4198/56/3 4197/56/3
f 4196/56/4 4200/56/4 4199/56/4 4195/56/4
f 4193/56/5 4197/56/5 4200/56/5 4196/56/5
f 4194/56/6 4195/56/6 4199/56/6 4198/56/6
f 4201/56/1 4204/56/1 4203/56/1 4202/56/1
f 4205/56/2 4206/56/2 4207/56/2 4208/56/2
f 4201/56/3 4202/56/3 4206/56/3 4205/56/3
f 4204/56/4 4208/56/4 4207/56/4 4203/56/4
f 4201/56/5 4205/56/5 4208/56/5 4204/56/5
f 4202/56/6 4203/56/6 4207/56/6 4206/56/6
f 4209/1/1 4212/1/1 4211/1/1 4210/1/1
f 4213/1/2 4214/1/2 4215/1/2 4216/1/2
f 4209/1/3 4210/1/3 4214/1/3 4213/1/3
f 4212/1/4 4216/1/4 4215/1/4 4211/1/4
f 4209/1/5 4213/1/5 4216/1/5 4212/1/5
f 4210/1/6 4211/1/6 4215/1/6 4214/1/6
f 4217/1/1 4220/1/1 4219/1/1 4218/1/1
f 4221/1/2 4222/1/2 4223/1/2 4224/1/2
f 4217/1/3 4218/1/3 4222/1/3 4221/1/3
f 4220/1/4 4224/1/4 4223/1/4 4219/1/4
f 4217/1/5 4221/1/5 4224/1/5 4220/1/5
f 4218/1/6 4219/1/6 4223/1/6 4222/1/6
f 4225/1/1 4228/1/1 4227/1/1 4226/1/1
f 4229/1/2 4230/1/2 4231/1/2 4232/1/2
f 4225/1/3 4226/1/3 4230/1/3 4229/1/3
f 4228/1/4 4232/1/4 4231/1/4 4227/1/4
f 4225/1/5 4229/1/5 4232/1/5 4228/1/5
f 4226/1/6 4227/1/6 4231/1/6 4230/1/6
f 4233/1/1 4236/1/1 4235/1/1 4234/1/1
f 4237/1/2 4238/1/2 4239/1/2 4240/1/2
f 4233/1/3 4234/1/3 4238/1/3 4237/1/3
f 4236/1/4 4240/1/4 4239/1/4 4235/1/4
f 4233/1/5 4237/1/5 4240/1/5 4236/1/5
f 4234/1/6 4235/1/6 4239/1/6 4238/1/6
f 4241/1/1 4244/1/1 4243/1/1 4242/1/1
f 4245/1/2 4246/1/2 4247/1/2 4248/1/2
f 4241/1/3 4242/1/3 4246/1/3 4245/1/3
f 4244/1/4 4248/1/4 4247/1/4 4243/1/4
f 4241/1/5 4245/1/5 4248/1/5 4244/1/5
f 4242/1/6 4243/1/6 4247/1/6 4246/1/6
f 4249/1/1 4252/1/1 4251/1/1 4250/1/1
f 4253/1/2 4254/1/2 4255/1/2 4256/1/2
f 4249/1/3 4250/1/3 4254/1/3 4253/1/3
f 4252/1/4 4256/1/4 4255/1/4 4251/1/4
f 4249/1/5 4253/1/5 4256/1/5 4252/1/5
f 4250/1/6 4251/1/6 4255/1/6 4254/1/6
f 4257/2/1 4260/2/1 4259/2/1 4258/2/1
f 4261/2/2 4262/2/2 4263/2/2 4264/2/2
f 4257/2/3 4258/2/3 4262/2/3 4261/2/3
f 4260/2/4 4264/2/4 4263/2/4 4259/2/4
f 4257/2/5 4261/2/5 4264/2/5 4260/2/5
f 4258/2/6 4259/2/6 4263/2/6 4262/2/6
f 4265/2/1 4268/2/1 4267/2/1 4266/2/1
f 4269/2/2 4270/2/2 4271/2/2 4272/2/2
f 4265/2/3 4266/2/3 4270/2/3 4269/2/3
f 4268/2/4 4272/2/4 4271/2/4 4267/2/4
f 4265/2/5 4269/2/5 4272/2/5 4268/2/5
f 4266/2/6 4267/2/6 4271/2/6 4270/2/6
f 4273/2/1 4276/2/1 4275/2/1 4274/2/1
f 4277/2/2 4278/2/2 4279/2/2 4280/2/2
f 4273/2/3 4274/2/3 4278/2/3 4277/2/3
f 4276/2/4 4280/2/4 4279/2/4 4275/2/4
f 4273/2/5 4277/2/5 4280/2/5 4276/2/5
f 4274/2/6 4275/2/6 4279/2/6 4278/2/6
f 4281/2/1 4284/2/1 4283/2/1 4282/2/1
f 4285/2/2 4286/2/2 4287/2/2 4288/2/2
f 4281/2/3 4282/2/3 4286/2/3 4285/2/3
f 4284/2/4 4288/2/4 4287/2/4 4283/2/4
f 4281/2/5 4285/2/5 4288/2/5 4284/2/5
f 4282/2/6 4283/2/6 4287/2/6 4286/2/6
f 4289/2/1 4292/2/1 4291/2/1 4290/2/1
f 4293/2/2 4294/2/2 4295/2/2 4296/2/2
f 4289/2/3 4290/2/3 4294/2/3 4293/2/3
f 4292/2/4 4296/2/4 4295/2/4 4291/2/4
f 4289/2/5 4293/2/5 4296/2/5 4292/2/5
f 4290/2/6 4291/2/6 4295/2/6 4294/2/6
f 4297/2/1 4300/2/1 4299/2/1 4298/2/1
f 4301/2/2 4302/2/2 4303/2/2 4304/2/2
f 4297/2/3 4298/2/3 4302/2/3 4301/2/3
f 4300/2/4 4304/2/4 4303/2/4 4299/2/4
f 4297/2/5 4301/2/5 4304/2/5 4300/2/5
f 4298/2/6 4299/2/6 4303/2/6 4302/2/6
f 4305/2/1 4308/2/1 4307/2/1 4306/2/1
f 4309/2/2 4310/2/2 4311/2/2 4312/2/2
f 4305/2/3 4306/2/3 4310/2/3 4309/2/3
f 4308/2/4 4312/2/4 4311/2/4 4307/2/4
f 4305/2/5 4309/2/5 4312/2/5 4308/2/5
f 4306/2/6 4307/2/6 4311/2/6 4310/2/6
f 4313/56/1 4316/56/1 4315/56/1 4314/56/1
f 4317/56/2 4318/56/2 4319/56/2 4320/56/2
f 4313/56/3 4314/56/3 4318/56/3 4317/56/3
f 4316/56/4 4320/56/4 4319/56/4 4315/56/4
f 4313/56/5 4317/56/5 4320/56/5 4316/56/5
f 4314/56/6 4315/56/6 4319/56/6 4318/56/6
f 4321/56/1 4324/56/1 4323/56/1 4322/56/1
f 4325/56/2 4326/56/2 4327/56/2 4328/56/2
f 4321/56/3 4322/56/3 4326/56/3 4325/56/3
f 4324/56/4 4328/56/4 4327/56/4 4323/56/4
f 4321/56/5 4325/56/5 4328/56/5 4324/56/5
f 4322/56/6 4323/56/6 4327/56/6 4326/56/6
f 4329/39/1 4332/39/1 4331/39/1 4330/39/1
f 4333/39/2 4334/39/2 4335/39/2 4336/39/2
f 4329/39/3 4330/39/3 4334/39/3 4333/39/3
f 4332/39/4 4336/39/4 4335/39/4 4331/39/4
f 4329/39/5 4333/39/5 4336/39/5 4332/39/5
f 4330/39/6 4331/39/6 4335/39/6 4334/39/6
f 4337/39/1 4340/39/1 4339/39/1 4338/39/1
f 4341/39/2 4342/39/2 4343/39/2 4344/39/2
f 4337/39/3 4338/39/3 4342/39/3 4341/39/3
f 4340/39/4 4344/39/4 4343/39/4 4339/39/4
f 4337/39/5 4341/39/5 4344/39/5 4340/39/5
f 4338/39/6 4339/39/6 4343/39/6 4342/39/6
f 4345/30/1 4348/30/1 4347/30/1 4346/30/1
f 4349/30/2 4350/30/2 4351/30/2 4352/30/2
f 4345/30/3 4346/30/3 4350/30/3 4349/30/3
f 4348/30/4 4352/30/4 4351/30/4 4347/30/4
f 4345/30/5 4349/30/5 4352/30/5 4348/30/5
f 4346/30/6 4347/30/6 4351/30/6 4350/30/6
f 4353/30/1 4356/30/1 4355/30/1 4354/30/1
f 4357/30/2 4358/30/2 4359/30/2 4360/30/2
f 4353/30/3 4354/30/3 4358/30/3 4357/30/3
f 4356/30/4 4360/30/4 4359/30/4 4355/30/4
f 4353/30/5 4357/30/5 4360/30/5 4356/30/5
f 4354/30/6 4355/30/6 4359/30/6 4358/30/6
f 4361/52/1 4364/52/1 4363/52/1 4362/52/1
f 4365/52/2 4366/52/2 4367/52/2 4368/52/2
f 4361/52/3 4362/52/3 4366/52/3 4365/52/3
f 4364/52/4 4368/52/4 4367/52/4 4363/52/4
f 4361/52/5 4365/52/5 4368/52/5 4364/52/5
f 4362/52/6 4363/52/6 4367/52/6 4366/52/6
f 4369/52/1 4372/52/1 4371/52/1 4370/52/1
f 4373/52/2 4374/52/2 4375/52/2 4376/52/2
f 4369/52/3 4370/52/3 4374/52/3 4373/52/3
f 4372/52/4 4376/52/4 4375/52/4 4371/52/4
f 4369/52/5 4373/52/5 4376/52/5 4372/52/5
f 4370/52/6 4371/52/6 4375/52/6 4374/52/6
f 4377/52/1 4380/52/1 4379/52/1 4378/52/1
f 4381/52/2 4382/52/2 4383/52/2 4384/52/2
f 4377/52/3 4378/52/3 4382/52/3 4381/52/3
f 4380/52/4 4384/52/4 4383/52/4 4379/52/4
f 4377/52/5 4381/52/5 4384/52/5 4380/52/5
f 4378/52/6 4379/52/6 4383/52/6 4382/52/6
f 4385/52/1 4388/52/1 4387/52/1 4386/52/1
f 4389/52/2 4390/52/2 4391/52/2 4392/52/2
f 4385/52/3 4386/52/3 4390/52/3 4389/52/3
f 4388/52/4 4392/52/4 4391/52/4 4387/52/4
f 4385/52/5 4389/52/5 4392/52/5 4388/52/5
f 4386/52/6 4387/52/6 4391/52/6 4390/52/6
f 4393/56/1 4396/56/1 4395/56/1 4394/56/1
f 4397/56/2 4398/56/2 4399/56/2 4400/56/2
f 4393/56/3 4394/56/3 4398/56/3 4397/56/3
f 4396/56/4 4400/56/4 4399/56/4 4395/56/4
f 4393/56/5 4397/56/5 4400/56/5 4396/56/5
f 4394/56/6 4395/56/6 4399/56/6 4398/56/6
f 4401/56/1 4404/56/1 4403/56/1 4402/56/1
f 4405/56/2 4406/56/2 4407/56/2 4408/56/2
f 4401/56/3 4402/56/3 4406/56/3 4405/56/3
f 4404/56/4 4408/56/4 4407/56/4 4403/56/4
f 4401/56/5 4405/56/5 4408/56/5 4404/56/5
f 4402/56/6 4403/56/6 4407/56/6 4406/56/6
f 4409/56/1 4412/56/1 4411/56/1 4410/56/1
f 4413/56/2 4414/56/2 4415/56/2 4416/56/2
f 4409/56/3 4410/56/3 4414/56/3 4413/56/3
f 4412/56/4 4416/56/4 4415/56/4 4411/56/4
f 4409/56/5 4413/56/5 4416/56/5 4412/56/5
f 4410/56/6 4411/56/6 4415/56/6 4414/56/6
f 4417/56/1 4420/56/1 4419/56/1 4418/56/1
f 4421/56/2 4422/56/2 4423/56/2 4424/56/2
f 4417/56/3 4418/56/3 4422/56/3 4421/56/3
f 4420/56/4 4424/56/4 4423/56/4 4419/56/4
f 4417/56/5 4421/56/5 4424/56/5 4420/56/5
f 4418/56/6 4419/56/6 4423/56/6 4422/56/6
f 4425/2/1 4428/2/1 4427/2/1 4426/2/1
f 4429/2/2 4430/2/2 4431/2/2 4432/2/2
f 4425/2/3 4426/2/3 4430/2/3 4429/2/3
f 4428/2/4 4432/2/4 4431/2/4 4427/2/4
f 4425/2/5 4429/2/5 4432/2/5 4428/2/5
f 4426/2/6 4427/2/6 4431/2/6 4430/2/6
f 4433/2/1 4436/2/1 4435/2/1 4434/2/1
f 4437/2/2 4438/2/2 4439/2/2 4440/2/2
f 4433/2/3 4434/2/3 4438/2/3 4437/2/3
f 4436/2/4 4440/2/4 4439/2/4 4435/2/4
f 4433/2/5 4437/2/5 4440/2/5 4436/2/5
f 4434/2/6 4435/2/6 4439/2/6 4438/2/6
f 4441/2/1 4444/2/1 4443/2/1 4442/2/1
f 4445/2/2 4446/2/2 4447/2/2 4448/2/2
f 4441/2/3 4442/2/3 4446/2/3 4445/2/3
f 4444/2/4 4448/2/4 4447/2/4 4443/2/4
f 4441/2/5 4445/2/5 4448/2/5 4444/2/5
f 4442/2/6 4443/2/6 4447/2/6 4446/2/6
f 4449/2/1 4452/2/1 4451/2/1 4450/2/1
f 4453/2/2 4454/2/2 4455/2/2 4456/2/2
f 4449/2/3 4450/2/3 4454/2/3 4453/2/3
f 4452/2/4 4456/2/4 4455/2/4 4451/2/4
f 4449/2/5 4453/2/5 4456/2/5 4452/2/5
f 4450/2/6 4451/2/6 4455/2/6 4454/2/6
f 4457/2/1 4460/2/1 4459/2/1 4458/2/1
f 4461/2/2 4462/2/2 4463/2/2 4464/2/2
f 4457/2/3 4458/2/3 4462/2/3 4461/2/3
f 4460/2/4 4464/2/4 4463/2/4 4459/2/4
f 4457/2/5 4461/2/5 4464/2/5 4460/2/5
f 4458/2/6 4459/2/6 4463/2/6 4462/2/6
f 4465/2/1 4468/2/1 4467/2/1 4466/2/1
f 4469/2/2 4470/2/2 4471/2/2 4472/2/2
f 4465/2/3 4466/2/3 4470/2/3 4469/2/3
f 4468/2/4 4472/2/4 4471/2/4 4467/2/4
f 4465/2/5 4469/2/5 4472/2/5 4468/2/5
f 4466/2/6 4467/2/6 4471/2/6 4470/2/6
f 4473/2/1 4476/2/1 4475/2/1 4474/2/1
f 4477/2/2 4478/2/2 4479/2/2 4480/2/2
f 4473/2/3 4474/2/3 4478/2/3 4477/2/3
f 4476/2/4 4480/2/4 4479/2/4 4475/2/4
f 4473/2/5 4477/2/5 4480/2/5 4476/2/5
f 4474/2/6 4475/2/6 4479/2/6 4478/2/6
f 4481/2/1 4484/2/1 4483/2/1 4482/2/1
f 4485/2/2 4486/2/2 4487/2/2 4488/2/2
f 4481/2/3 4482/2/3 4486/2/3 4485/2/3
f 4484/2/4 4488/2/4 4487/2/4 4483/2/4
f 4481/2/5 4485/2/5 4488/2/5 4484/2/5
f 4482/2/6 4483/2/6 4487/2/6 4486/2/6
f 4489/2/1 4492/2/1 4491/2/1 4490/2/1
f 4493/2/2 4494/2/2 4495/2/2 4496/2/2
f 4489/2/3 4490/2/3 4494/2/3 4493/2/3
f 4492/2/4 4496/2/4 4495/2/4 4491/2/4
f 4489/2/5 4493/2/5 4496/2/5 4492/2/5
f 4490/2/6 4491/2/6 4495/2/6 4494/2/6
f 4497/2/1 4500/2/1 4499/2/1 4498/2/1
f 4501/2/2 4502/2/2 4503/2/2 4504/2/2
f 4497/2/3 4498/2/3 4502/2/3 4501/2/3
f 4500/2/4 4504/2/4 4503/2/4 4499/2/4
f 4497/2/5 4501/2/5 4504/2/5 4500/2/5
f 4498/2/6 4499/2/6 4503/2/6 4502/2/6
f 4505/56/1 4508/56/1 4507/56/1 4506/56/1
f 4509/56/2 4510/56/2 4511/56/2 4512/56/2
f 4505/56/3 4506/56/3 4510/56/3 4509/56/3
f 4508/56/4 4512/56/4 4511/56/4 4507/56/4
f 4505/56/5 4509/56/5 4512/56/5 4508/56/5
f 4506/56/6 4507/56/6 4511/56/6 4510/56/6
f 4513/56/1 4516/56/1 4515/56/1 4514/56/1
f 4517/56/2 4518/56/2 4519/56/2 4520/56/2
f 4513/56/3 4514/56/3 4518/56/3 4517/56/3
f 4516/56/4 4520/56/4 4519/56/4 4515/56/4
f 4513/56/5 4517/56/5 4520/56/5 4516/56/5
f 4514/56/6 4515/56/6 4519/56/6 4518/56/6
f 4521/56/1 4524/56/1 4523/56/1 4522/56/1
f 4525/56/2 4526/56/2 4527/56/2 4528/56/2
f 4521/56/3 4522/56/3 4526/56/3 4525/56/3
f 4524/56/4 4528/56/4 4527/56/4 4523/56/4
f 4521/56/5 4525/56/5 4528/56/5 4524/56/5
f 4522/56/6 4523/56/6 4527/56/6 4526/56/6
f 4529/39/1 4532/39/1 4531/39/1 4530/39/1
f 4533/39/2 4534/39/2 4535/39/2 4536/39/2
f 4529/39/3 4530/39/3 4534/39/3 4533/39/3
f 4532/39/4 4536/39/4 4535/39/4 4531/39/4
f 4529/39/5 4533/39/5 4536/39/5 4532/39/5
f 4530/39/6 4531/39/6 4535/39/6 4534/39/6
f 4537/39/1 4540/39/1 4539/39/1 4538/39/1
f 4541/39/2 4542/39/2 4543/39/2 4544/39/2
f 4537/39/3 4538/39/3 4542/39/3 4541/39/3
f 4540/39/4 4544/39/4 4543/39/4 4539/39/4
f 4537/39/5 4541/39/5 4544/39/5 4540/39/5
f 4538/39/6 4539/39/6 4543/39/6 4542/39/6
f 4545/30/1 4548/30/1 4547/30/1 4546/30/1
f 4549/30/2 4550/30/2 4551/30/2 4552/30/2
f 4545/30/3 4546/30/3 4550/30/3 4549/30/3
f 4548/30/4 4552/30/4 4551/30/4 4547/30/4
f 4545/30/5 4549/30/5 4552/30/5 4548/30/5
f 4546/30/6 4547/30/6 4551/30/6 4550/30/6
f 4553/30/1 4556/30/1 4555/30/1 4554/30/1
f 4557/30/2 4558/30/2 4559/30/2 4560/30/2
f 4553/30/3 4554/30/3 4558/30/3 4557/30/3
f 4556/30/4 4560/30/4 4559/30/4 4555/30/4
f 4553/30/5 4557/30/5 4560/30/5 4556/30/5
f 4554/30/6 4555/30/6 4559/30/6 4558/30/6
f 4561/52/1 4564/52/1 4563/52/1 4562/52/1
f 4565/52/2 4566/52/2 4567/52/2 4568/52/2
f 4561/52/3 4562/52/3 4566/52/3 4565/52/3
f 4564/52/4 4568/52/4 4567/52/4 4563/52/4
f 4561/52/5 4565/52/5 4568/52/5 4564/52/5
f 4562/52/6 4563/52/6 4567/52/6 4566/52/6
f 4569/52/1 4572/52/1 4571/52/1 4570/52/1
f 4573/52/2 4574/52/2 4575/52/2 4576/52/2
f 4569/52/3 4570/52/3 4574/52/3 4573/52/3
f 4572/52/4 4576/52/4 4575/52/4 4571/52/4
f 4569/52/5 4573/52/5 4576/52/5 4572/52/5
f 4570/52/6 4571/52/6 4575/52/6 4574/52/6
f 4577/52/1 4580/52/1 4579/52/1 4578/52/1
f 4581/52/2 4582/52/2 4583/52/2 4584/52/2
f 4577/52/3 4578/52/3 4582/52/3 4581/52/3
f 4580/52/4 4584/52/4 4583/52/4 4579/52/4
f 4577/52/5 4581/52/5 4584/52/5 4580/52/5
f 4578/52/6 4579/52/6 4583/52/6 4582/52/6
f 4585/52/1 4588/52/1 4587/52/1 4586/52/1
f 4589/52/2 4590/52/2 4591/52/2 4592/52/2
f 4585/52/3 4586/52/3 4590/52/3 4589/52/3
f 4588/52/4 4592/52/4 4591/52/4 4587/52/4
f 4585/52/5 4589/52/5 4592/52/5 4588/52/5
f 4586/52/6 4587/52/6 4591/52/6 4590/52/6
f 4593/56/1 4596/56/1 4595/56/1 4594/56/1
f 4597/56/2 4598/56/2 4599/56/2 4600/56/2
f 4593/56/3 4594/56/3 4598/56/3 4597/56/3
f 4596/56/4 4600/56/4 4599/56/4 4595/56/4
f 4593/56/5 4597/56/5 4600/56/5 4596/56/5
f 4594/56/6 4595/56/6 4599/56/6 4598/56/6
f 4601/56/1 4604/56/1 4603/56/1 4602/56/1
f 4605/56/2 4606/56/2 4607/56/2 4608/56/2
f 4601/56/3 4602/56/3 4606/56/3 4605/56/3
f 4604/56/4 4608/56/4 4607/56/4 4603/56/4
f 4601/56/5 4605/56/5 4608/56/5 4604/56/5
f 4602/56/6 4603/56/6 4607/56/6 4606/56/6
f 4609/56/1 4612/56/1 4611/56/1 4610/56/1
f 4613/56/2 4614/56/2 4615/56/2 4616/56/2
f 4609/56/3 4610/56/3 4614/56/3 4613/56/3
f 4612/56/4 4616/56/4 4615/56/4 4611/56/4
f 4609/56/5 4613/56/5 4616/56/5 4612/56/5
f 4610/56/6 4611/56/6 4615/56/6 4614/56/6
f 4617/56/1 4620/56/1 4619/56/1 4618/56/1
f 4621/56/2 4622/56/2 4623/56/2 4624/56/2
f 4617/56/3 4618/56/3 4622/56/3 4621/56/3
f 4620/56/4 4624/56/4 4623/56/4 4619/56/4
f 4617/56/5 4621/56/5 4624/56/5 4620/56/5
f 4618/56/6 4619/56/6 4623/56/6 4622/56/6
f 4625/2/1 4628/2/1 4627/2/1 4626/2/1
f 4629/2/2 4630/2/2 4631/2/2 4632/2/2
f 4625/2/3 4626/2/3 4630/2/3 4629/2/3
f 4628/2/4 4632/2/4 4631/2/4 4627/2/4
f 4625/2/5 4629/2/5 4632/2/5 4628/2/5
f 4626/2/6 4627/2/6 4631/2/6 4630/2/6
f 4633/2/1 4636/2/1 4635/2/1 4634/2/1
f 4637/2/2 4638/2/2 4639/2/2 4640/2/2
f 4633/2/3 4634/2/3 4638/2/3 4637/2/3
f 4636/2/4 4640/2/4 4639/2/4 4635/2/4
f 4633/2/5 4637/2/5 4640/2/5 4636/2/5
f 4634/2/6 4635/2/6 4639/2/6 4638/2/6
f 4641/2/1 4644/2/1 4643/2/1 4642/2/1
f 4645/2/2 4646/2/2 4647/2/2 4648/2/2
f 4641/2/3 4642/2/3 4646/2/3 4645/2/3
f 4644/2/4 4648/2/4 4647/2/4 4643/2/4
f 4641/2/5 4645/2/5 4648/2/5 4644/2/5
f 4642/2/6 4643/2/6 4647/2/6 4646/2/6
f 4649/2/1 4652/2/1 4651/2/1 4650/2/1
f 4653/2/2 4654/2/2 4655/2/2 4656/2/2
f 4649/2/3 4650/2/3 4654/2/3 4653/2/3
f 4652/2/4 4656/2/4 4655/2/4 4651/2/4
f 4649/2/5 4653/2/5 4656/2/5 4652/2/5
f 4650/2/6 4651/2/6 4655/2/6 4654/2/6
f 4657/2/1 4660/2/1 4659/2/1 4658/2/1
f 4661/2/2 4662/2/2 4663/2/2 4664/2/2
f 4657/2/3 4658/2/3 4662/2/3 4661/2/3
f 4660/2/4 4664/2/4 4663/2/4 4659/2/4
f 4657/2/5 4661/2/5 4664/2/5 4660/2/5
f 4658/2/6 4659/2/6 4663/2/6 4662/2/6
f 4665/2/1 4668/2/1 4667/2/1 4666/2/1
f 4669/2/2 4670/2/2 4671/2/2 4672/2/2
f 4665/2/3 4666/2/3 4670/2/3 4669/2/3
f 4668/2/4 4672/2/4 4671/2/4 4667/2/4
f 4665/2/5 4669/2/5 4672/2/5 4668/2/5
f 4666/2/6 4667/2/6 4671/2/6 4670/2/6
f 4673/2/1 4676/2/1 4675/2/1 4674/2/1
f 4677/2/2 4678/2/2 4679/2/2 4680/2/2
f 4673/2/3 4674/2/3 4678/2/3 4677/2/3
f 4676/2/4 4680/2/4 4679/2/4 4675/2/4
f 4673/2/5 4677/2/5 4680/2/5 4676/2/5
f 4674/2/6 4675/2/6 4679/2/6 4678/2/6
f 4681/56/1 4684/56/1 4683/56/1 4682/56/1
f 4685/56/2 4686/56/2 4687/56/2 4688/56/2
f 4681/56/3 4682/56/3 4686/56/3 4685/56/3
f 4684/56/4 4688/56/4 4687/56/4 4683/56/4
f 4681/56/5 4685/56/5 4688/56/5 4684/56/5
f 4682/56/6 4683/56/6 4687/56/6 4686/56/6
f 4689/56/1 4692/56/1 4691/56/1 4690/56/1
f 4693/56/2 4694/56/2 4695/56/2 4696/56/2
f 4689/56/3 4690/56/3 4694/56/3 4693/56/3
f 4692/56/4 4696/56/4 4695/56/4 4691/56/4
f 4689/56/5 4693/56/5 4696/56/5 4692/56/5
f 4690/56/6 4691/56/6 4695/56/6 4694/56/6
f 4697/39/1 4700/39/1 4699/39/1 4698/39/1
f 4701/39/2 4702/39/2 4703/39/2 4704/39/2
f 4697/39/3 4698/39/3 4702/39/3 4701/39/3
f 4700/39/4 4704/39/4 4703/39/4 4699/39/4
f 4697/39/5 4701/39/5 4704/39/5 4700/39/5
f 4698/39/6 4699/39/6 4703/39/6 4702/39/6
f 4705/39/1 4708/39/1 4707/39/1 4706/39/1
f 4709/39/2 4710/39/2 4711/39/2 4712/39/2
f 4705/39/3 4706/39/3 4710/39/3 4709/39/3
f 4708/39/4 4712/39/4 4711/39/4 4707/39/4
f 4705/39/5 4709/39/5 4712/39/5 4708/39/5
f 4706/39/6 4707/39/6 4711/39/6 4710/39/6
f 4713/30/1 4716/30/1 4715/30/1 4714/30/1
f 4717/30/2 4718/30/2 4719/30/2 4720/30/2
f 4713/30/3 4714/30/3 4718/30/3 4717/30/3
f 4716/30/4 4720/30/4 4719/30/4 4715/30/4
f 4713/30/5 4717/30/5 4720/30/5 4716/30/5
f 4714/30/6 4715/30/6 4719/30/6 4718/30/6
f 4721/30/1 4724/30/1 4723/30/1 4722/30/1
f 4725/30/2 4726/30/2 4727/30/2 4728/30/2
f 4721/30/3 4722/30/3 4726/30/3 4725/30/3
f 4724/30/4 4728/30/4 4727/30/4 4723/30/4
f 4721/30/5 4725/30/5 4728/30/5 4724/30/5
f 4722/30/6 4723/30/6 4727/30/6 4726/30/6
f 4729/52/1 4732/52/1 4731/52/1 4730/52/1
f 4733/52/2 4734/52/2 4735/52/2 4736/52/2
f 4729/52/3 4730/52/3 4734/52/3 4733/52/3
f 4732/52/4 4736/52/4 4735/52/4 4731/52/4
f 4729/52/5 4733/52/5 4736/52/5 4732/52/5
f 4730/52/6 4731/52/6 4735/52/6 4734/52/6
f 4737/52/1 4740/52/1 4739/52/1 4738/52/1
f 4741/52/2 4742/52/2 4743/52/2 4744/52/2
f 4737/52/3 4738/52/3 4742/52/3 4741/52/3
f 4740/52/4 4744/52/4 4743/52/4 4739/52/4
f 4737/52/5 4741/52/5 4744/52/5 4740/52/5
f 4738/52/6 4739/52/6 4743/52/6 4742/52/6
f 4745/52/1 4748/52/1 4747/52/1 4746/52/1
f 4749/52/2 4750/52/2 4751/52/2 4752/52/2
f 4745/52/3 4746/52/3 4750/52/3 4749/52/3
f 4748/52/4 4752/52/4 4751/52/4 4747/52/4
f 4745/52/5 4749/52/5 4752/52/5 4748/52/5
f 4746/52/6 4747/52/6 4751/52/6 4750/52/6
f 4753/52/1 4756/52/1 4755/52/1 4754/52/1
f 4757/52/2 4758/52/2 4759/52/2 4760/52/2
f 4753/52/3 4754/52/3 4758/52/3 4757/52/3
f 4756/52/4 4760/52/4 4759/52/4 4755/52/4
f 4753/52/5 4757/52/5 4760/52/5 4756/52/5
f 4754/52/6 4755/52/6 4759/52/6 4758/52/6
f 4761/56/1 4764/56/1 4763/56/1 4762/56/1
f 4765/56/2 4766/56/2 4767/56/2 4768/56/2
f 4761/56/3 4762/56/3 4766/56/3 4765/56/3
f 4764/56/4 4768/56/4 4767/56/4 4763/56/4
f 4761/56/5 4765/56/5 4768/56/5 4764/56/5
f 4762/56/6 4763/56/6 4767/56/6 4766/56/6
f 4769/56/1 4772/56/1 4771/56/1 4770/56/1
f 4773/56/2 4774/56/2 4775/56/2 4776/56/2
f 4769/56/3 4770/56/3 4774/56/3 4773/56/3
f 4772/56/4 4776/56/4 4775/56/4 4771/56/4
f 4769/56/5 4773/56/5 4776/56/5 4772/56/5
f 4770/56/6 4771/56/6 4775/56/6 4774/56/6
f 4777/56/1 4780/56/1 4779/56/1 4778/56/1
f 4781/56/2 4782/56/2 4783/56/2 4784/56/2
f 4777/56/3 4778/56/3 4782/56/3 4781/56/3
f 4780/56/4 4784/56/4 4783/56/4 4779/56/4
f 4777/56/5 4781/56/5 4784/56/5 4780/56/5
f 4778/56/6 4779/56/6 4783/56/6 4782/56/6
f 4785/56/1 4788/56/1 4787/56/1 4786/56/1
f 4789/56/2 4790/56/2 4791/56/2 4792/56/2
f 4785/56/3 4786/56/3 4790/56/3 4789/56/3
f 4788/56/4 4792/56/4 4791/56/4 4787/56/4
f 4785/56/5 4789/56/5 4792/56/5 4788/56/5
f 4786/56/6 4787/56/6 4791/56/6 4790/56/6
f 4793/2/1 4796/2/1 4795/2/1 4794/2/1
f 4797/2/2 4798/2/2 4799/2/2 4800/2/2
f 4793/2/3 4794/2/3 4798/2/3 4797/2/3
f 4796/2/4 4800/2/4 4799/2/4 4795/2/4
f 4793/2/5 4797/2/5 4800/2/5 4796/2/5
f 4794/2/6 4795/2/6 4799/2/6 4798/2/6
f 4801/2/1 4804/2/1 4803/2/1 4802/2/1
f 4805/2/2 4806/2/2 4807/2/2 4808/2/2
f 4801/2/3 4802/2/3 4806/2/3 4805/2/3
f 4804/2/4 4808/2/4 4807/2/4 4803/2/4
f 4801/2/5 4805/2/5 4808/2/5 4804/2/5
f 4802/2/6 4803/2/6 4807/2/6 4806/2/6
f 4809/56/1 4812/56/1 4811/56/1 4810/56/1
f 4813/56/2 4814/56/2 4815/56/2 4816/56/2
f 4809/56/3 4810/56/3 4814/56/3 4813/56/3
f 4812/56/4 4816/56/4 4815/56/4 4811/56/4
f 4809/56/5 4813/56/5 4816/56/5 4812/56/5
f 4810/56/6 4811/56/6 4815/56/6 4814/56/6
f 4817/56/1 4820/56/1 4819/56/1 4818/56/1
f 4821/56/2 4822/56/2 4823/56/2 4824/56/2
f 4817/56/3 4818/56/3 4822/56/3 4821/56/3
f 4820/56/4 4824/56/4 4823/56/4 4819/56/4
f 4817/56/5 4821/56/5 4824/56/5 4820/56/5
f 4818/56/6 4819/56/6 4823/56/6 4822/56/6
f 4825/56/1 4828/56/1 4827/56/1 4826/56/1
f 4829/56/2 4830/56/2 4831/56/2 4832/56/2
f 4825/56/3 4826/56/3 4830/56/3 4829/56/3
f 4828/56/4 4832/56/4 4831/56/4 4827/56/4
f 4825/56/5 4829/56/5 4832/56/5 4828/56/5
f 4826/56/6 4827/56/6 4831/56/6 4830/56/6
f 4833/39/1 4836/39/1 4835/39/1 4834/39/1
f 4837/39/2 4838/39/2 4839/39/2 4840/39/2
f 4833/39/3 4834/39/3 4838/39/3 4837/39/3
f 4836/39/4 4840/39/4 4839/39/4 4835/39/4
f 4833/39/5 4837/39/5 4840/39/5 4836/39/5
f 4834/39/6 4835/39/6 4839/39/6 4838/39/6
f 4841/30/1 4844/30/1 4843/30/1 4842/30/1
f 4845/30/2 4846/30/2 4847/30/2 4848/30/2
f 4841/30/3 4842/30/3 4846/30/3 4845/30/3
f 4844/30/4 4848/30/4 4847/30/4 4843/30/4
f 4841/30/5 4845/30/5 4848/30/5 4844/30/5
f 4842/30/6 4843/30/6 4847/30/6 4846/30/6
f 4849/53/1 4852/53/1 4851/53/1 4850/53/1
f 4853/53/2 4854/53/2 4855/53/2 4856/53/2
f 4849/53/3 4850/53/3 4854/53/3 4853/53/3
f 4852/53/4 4856/53/4 4855/53/4 4851/53/4
f 4849/53/5 4853/53/5 4856/53/5 4852/53/5
f 4850/53/6 4851/53/6 4855/53/6 4854/53/6
f 4857/53/1 4860/53/1 4859/53/1 4858/53/1
f 4861/53/2 4862/53/2 4863/53/2 4864/53/2
f 4857/53/3 4858/53/3 4862/53/3 4861/53/3
f 4860/53/4 4864/53/4 4863/53/4 4859/53/4
f 4857/53/5 4861/53/5 4864/53/5 4860/53/5
f 4858/53/6 4859/53/6 4863/53/6 4862/53/6
f 4865/52/1 4868/52/1 4867/52/1 4866/52/1
f 4869/52/2 4870/52/2 4871/52/2 4872/52/2
f 4865/52/3 4866/52/3 4870/52/3 4869/52/3
f 4868/52/4 4872/52/4 4871/52/4 4867/52/4
f 4865/52/5 4869/52/5 4872/52/5 4868/52/5
f 4866/52/6 4867/52/6 4871/52/6 4870/52/6
f 4873/53/1 4876/53/1 4875/53/1 4874/53/1
f 4877/53/2 4878/53/2 4879/53/2 4880/53/2
f 4873/53/3 4874/53/3 4878/53/3 4877/53/3
f 4876/53/4 4880/53/4 4879/53/4 4875/53/4
f 4873/53/5 4877/53/5 4880/53/5 4876/53/5
f 4874/53/6 4875/53/6 4879/53/6 4878/53/6
f 4881/56/1 4884/56/1 4883/56/1 4882/56/1
f 4885/56/2 4886/56/2 4887/56/2 4888/56/2
f 4881/56/3 4882/56/3 4886/56/3 4885/56/3
f 4884/56/4 4888/56/4 4887/56/4 4883/56/4
f 4881/56/5 4885/56/5 4888/56/5 4884/56/5
f 4882/56/6 4883/56/6 4887/56/6 4886/56/6
f 4889/56/1 4892/56/1 4891/56/1 4890/56/1
f 4893/56/2 4894/56/2 4895/56/2 4896/56/2
f 4889/56/3 4890/56/3 4894/56/3 4893/56/3
f 4892/56/4 4896/56/4 4895/56/4 4891/56/4
f 4889/56/5 4893/56/5 4896/56/5 4892/56/5
f 4890/56/6 4891/56/6 4895/56/6 4894/56/6
f 4897/56/1 4900/56/1 4899/56/1 4898/56/1
f 4901/56/2 4902/56/2 4903/56/2 4904/56/2
f 4897/56/3 4898/56/3 4902/56/3 4901/56/3
f 4900/56/4 4904/56/4 4903/56/4 4899/56/4
f 4897/56/5 4901/56/5 4904/56/5 4900/56/5
f 4898/56/6 4899/56/6 4903/56/6 4902/56/6
f 4905/56/1 4908/56/1 4907/56/1 4906/56/1
f 4909/56/2 4910/56/2 4911/56/2 4912/56/2
f 4905/56/3 4906/56/3 4910/56/3 4909/56/3
f 4908/56/4 4912/56/4 4911/56/4 4907/56/4
f 4905/56/5 4909/56/5 4912/56/5 4908/56/5
f 4906/56/6 4907/56/6 4911/56/6 4910/56/6
f 4913/39/1 4916/39/1 4915/39/1 4914/39/1
f 4917/39/2 4918/39/2 4919/39/2 4920/39/2
f 4913/39/3 4914/39/3 4918/39/3 4917/39/3
f 4916/39/4 4920/39/4 4919/39/4 4915/39/4
f 4913/39/5 4917/39/5 4920/39/5 4916/39/5
f 4914/39/6 4915/39/6 4919/39/6 4918/39/6
f 4921/30/1 4924/30/1 4923/30/1 4922/30/1
f 4925/30/2 4926/30/2 4927/30/2 4928/30/2
f 4921/30/3 4922/30/3 4926/30/3 4925/30/3
f 4924/30/4 4928/30/4 4927/30/4 4923/30/4
f 4921/30/5 4925/30/5 4928/30/5 4924/30/5
f 4922/30/6 4923/30/6 4927/30/6 4926/30/6
f 4929/53/1 4932/53/1 4931/53/1 4930/53/1
f 4933/53/2 4934/53/2 4935/53/2 4936/53/2
f 4929/53/3 4930/53/3 4934/53/3 4933/53/3
f 4932/53/4 4936/53/4 4935/53/4 4931/53/4
f 4929/53/5 4933/53/5 4936/53/5 4932/53/5
f 4930/53/6 4931/53/6 4935/53/6 4934/53/6
f 4937/53/1 4940/53/1 4939/53/1 4938/53/1
f 4941/53/2 4942/53/2 4943/53/2 4944/53/2
f 4937/53/3 4938/53/3 4942/53/3 4941/53/3
f 4940/53/4 4944/53/4 4943/53/4 4939/53/4
f 4937/53/5 4941/53/5 4944/53/5 4940/53/5
f 4938/53/6 4939/53/6 4943/53/6 4942/53/6
f 4945/52/1 4948/52/1 4947/52/1 4946/52/1
f 4949/52/2 4950/52/2 4951/52/2 4952/52/2
f 4945/52/3 4946/52/3 4950/52/3 4949/52/3
f 4948/52/4 4952/52/4 4951/52/4 4947/52/4
f 4945/52/5 4949/52/5 4952/52/5 4948/52/5
f 4946/52/6 4947/52/6 4951/52/6 4950/52/6
f 4953/53/1 4956/53/1 4955/53/1 4954/53/1
f 4957/53/2 4958/53/2 4959/53/2 4960/53/2
f 4953/53/3 4954/53/3 4958/53/3 4957/53/3
f 4956/53/4 4960/53/4 4959/53/4 4955/53/4
f 4953/53/5 4957/53/5 4960/53/5 4956/53/5
f 4954/53/6 4955/53/6 4959/53/6 4958/53/6
f 4961/56/1 4964/56/1 4963/56/1 4962/56/1
f 4965/56/2 4966/56/2 4967/56/2 4968/56/2
f 4961/56/3 4962/56/3 4966/56/3 4965/56/3
f 4964/56/4 4968/56/4 4967/56/4 4963/56/4
f 4961/56/5 4965/56/5 4968/56/5 4964/56/5
f 4962/56/6 4963/56/6 4967/56/6 4966/56/6
f 4969/56/1 4972/56/1 4971/56/1 4970/56/1
f 4973/56/2 4974/56/2 4975/56/2 4976/56/2
f 4969/56/3 4970/56/3 4974/56/3 4973/56/3
f 4972/56/4 4976/56/4 4975/56/4 4971/56/4
f 4969/56/5 4973/56/5 4976/56/5 4972/56/5
f 4970/56/6 4971/56/6 4975/56/6 4974/56/6
o FRAME
usemtl palette
f 4977/30/1 4980/30/1 4979/30/1 4978/30/1
f 4981/30/2 4982/30/2 4983/30/2 4984/30/2
f 4977/30/3 4978/30/3 4982/30/3 4981/30/3
f 4980/30/4 4984/30/4 4983/30/4 4979/30/4
f 4977/30/5 4981/30/5 4984/30/5 4980/30/5
f 4978/30/6 4979/30/6 4983/30/6 4982/30/6
o SHELL_diaphragm
usemtl palette
f 4985/39/1 4988/39/1 4987/39/1 4986/39/1
f 4989/39/2 4990/39/2 4991/39/2 4992/39/2
f 4985/39/3 4986/39/3 4990/39/3 4989/39/3
f 4988/39/4 4992/39/4 4991/39/4 4987/39/4
f 4985/39/5 4989/39/5 4992/39/5 4988/39/5
f 4986/39/6 4987/39/6 4991/39/6 4990/39/6
f 4993/39/1 4996/39/1 4995/39/1 4994/39/1
f 4997/39/2 4998/39/2 4999/39/2 5000/39/2
f 4993/39/3 4994/39/3 4998/39/3 4997/39/3
f 4996/39/4 5000/39/4 4999/39/4 4995/39/4
f 4993/39/5 4997/39/5 5000/39/5 4996/39/5
f 4994/39/6 4995/39/6 4999/39/6 4998/39/6
f 5001/39/1 5004/39/1 5003/39/1 5002/39/1
f 5005/39/2 5006/39/2 5007/39/2 5008/39/2
f 5001/39/3 5002/39/3 5006/39/3 5005/39/3
f 5004/39/4 5008/39/4 5007/39/4 5003/39/4
f 5001/39/5 5005/39/5 5008/39/5 5004/39/5
f 5002/39/6 5003/39/6 5007/39/6 5006/39/6
f 5009/39/1 5012/39/1 5011/39/1 5010/39/1
f 5013/39/2 5014/39/2 5015/39/2 5016/39/2
f 5009/39/3 5010/39/3 5014/39/3 5013/39/3
f 5012/39/4 5016/39/4 5015/39/4 5011/39/4
f 5009/39/5 5013/39/5 5016/39/5 5012/39/5
f 5010/39/6 5011/39/6 5015/39/6 5014/39/6
f 5017/39/1 5020/39/1 5019/39/1 5018/39/1
f 5021/39/2 5022/39/2 5023/39/2 5024/39/2
f 5017/39/3 5018/39/3 5022/39/3 5021/39/3
f 5020/39/4 5024/39/4 5023/39/4 5019/39/4
f 5017/39/5 5021/39/5 5024/39/5 5020/39/5
f 5018/39/6 5019/39/6 5023/39/6 5022/39/6
f 5025/39/1 5028/39/1 5027/39/1 5026/39/1
f 5029/39/2 5030/39/2 5031/39/2 5032/39/2
f 5025/39/3 5026/39/3 5030/39/3 5029/39/3
f 5028/39/4 5032/39/4 5031/39/4 5027/39/4
f 5025/39/5 5029/39/5 5032/39/5 5028/39/5
f 5026/39/6 5027/39/6 5031/39/6 5030/39/6
f 5033/39/1 5036/39/1 5035/39/1 5034/39/1
f 5037/39/2 5038/39/2 5039/39/2 5040/39/2
f 5033/39/3 5034/39/3 5038/39/3 5037/39/3
f 5036/39/4 5040/39/4 5039/39/4 5035/39/4
f 5033/39/5 5037/39/5 5040/39/5 5036/39/5
f 5034/39/6 5035/39/6 5039/39/6 5038/39/6
f 5041/39/1 5044/39/1 5043/39/1 5042/39/1
f 5045/39/2 5046/39/2 5047/39/2 5048/39/2
f 5041/39/3 5042/39/3 5046/39/3 5045/39/3
f 5044/39/4 5048/39/4 5047/39/4 5043/39/4
f 5041/39/5 5045/39/5 5048/39/5 5044/39/5
f 5042/39/6 5043/39/6 5047/39/6 5046/39/6
f 5049/39/1 5052/39/1 5051/39/1 5050/39/1
f 5053/39/2 5054/39/2 5055/39/2 5056/39/2
f 5049/39/3 5050/39/3 5054/39/3 5053/39/3
f 5052/39/4 5056/39/4 5055/39/4 5051/39/4
f 5049/39/5 5053/39/5 5056/39/5 5052/39/5
f 5050/39/6 5051/39/6 5055/39/6 5054/39/6
f 5057/39/1 5060/39/1 5059/39/1 5058/39/1
f 5061/39/2 5062/39/2 5063/39/2 5064/39/2
f 5057/39/3 5058/39/3 5062/39/3 5061/39/3
f 5060/39/4 5064/39/4 5063/39/4 5059/39/4
f 5057/39/5 5061/39/5 5064/39/5 5060/39/5
f 5058/39/6 5059/39/6 5063/39/6 5062/39/6
f 5065/39/1 5068/39/1 5067/39/1 5066/39/1
f 5069/39/2 5070/39/2 5071/39/2 5072/39/2
f 5065/39/3 5066/39/3 5070/39/3 5069/39/3
f 5068/39/4 5072/39/4 5071/39/4 5067/39/4
f 5065/39/5 5069/39/5 5072/39/5 5068/39/5
f 5066/39/6 5067/39/6 5071/39/6 5070/39/6
f 5073/39/1 5076/39/1 5075/39/1 5074/39/1
f 5077/39/2 5078/39/2 5079/39/2 5080/39/2
f 5073/39/3 5074/39/3 5078/39/3 5077/39/3
f 5076/39/4 5080/39/4 5079/39/4 5075/39/4
f 5073/39/5 5077/39/5 5080/39/5 5076/39/5
f 5074/39/6 5075/39/6 5079/39/6 5078/39/6
f 5081/39/1 5084/39/1 5083/39/1 5082/39/1
f 5085/39/2 5086/39/2 5087/39/2 5088/39/2
f 5081/39/3 5082/39/3 5086/39/3 5085/39/3
f 5084/39/4 5088/39/4 5087/39/4 5083/39/4
f 5081/39/5 5085/39/5 5088/39/5 5084/39/5
f 5082/39/6 5083/39/6 5087/39/6 5086/39/6
f 5089/39/1 5092/39/1 5091/39/1 5090/39/1
f 5093/39/2 5094/39/2 5095/39/2 5096/39/2
f 5089/39/3 5090/39/3 5094/39/3 5093/39/3
f 5092/39/4 5096/39/4 5095/39/4 5091/39/4
f 5089/39/5 5093/39/5 5096/39/5 5092/39/5
f 5090/39/6 5091/39/6 5095/39/6 5094/39/6
f 5097/39/1 5100/39/1 5099/39/1 5098/39/1
f 5101/39/2 5102/39/2 5103/39/2 5104/39/2
f 5097/39/3 5098/39/3 5102/39/3 5101/39/3
f 5100/39/4 5104/39/4 5103/39/4 5099/39/4
f 5097/39/5 5101/39/5 5104/39/5 5100/39/5
f 5098/39/6 5099/39/6 5103/39/6 5102/39/6
f 5105/39/1 5108/39/1 5107/39/1 5106/39/1
f 5109/39/2 5110/39/2 5111/39/2 5112/39/2
f 5105/39/3 5106/39/3 5110/39/3 5109/39/3
f 5108/39/4 5112/39/4 5111/39/4 5107/39/4
f 5105/39/5 5109/39/5 5112/39/5 5108/39/5
f 5106/39/6 5107/39/6 5111/39/6 5110/39/6
f 5113/39/1 5116/39/1 5115/39/1 5114/39/1
f 5117/39/2 5118/39/2 5119/39/2 5120/39/2
f 5113/39/3 5114/39/3 5118/39/3 5117/39/3
f 5116/39/4 5120/39/4 5119/39/4 5115/39/4
f 5113/39/5 5117/39/5 5120/39/5 5116/39/5
f 5114/39/6 5115/39/6 5119/39/6 5118/39/6
f 5121/39/1 5124/39/1 5123/39/1 5122/39/1
f 5125/39/2 5126/39/2 5127/39/2 5128/39/2
f 5121/39/3 5122/39/3 5126/39/3 5125/39/3
f 5124/39/4 5128/39/4 5127/39/4 5123/39/4
f 5121/39/5 5125/39/5 5128/39/5 5124/39/5
f 5122/39/6 5123/39/6 5127/39/6 5126/39/6
f 5129/39/1 5132/39/1 5131/39/1 5130/39/1
f 5133/39/2 5134/39/2 5135/39/2 5136/39/2
f 5129/39/3 5130/39/3 5134/39/3 5133/39/3
f 5132/39/4 5136/39/4 5135/39/4 5131/39/4
f 5129/39/5 5133/39/5 5136/39/5 5132/39/5
f 5130/39/6 5131/39/6 5135/39/6 5134/39/6
f 5137/39/1 5140/39/1 5139/39/1 5138/39/1
f 5141/39/2 5142/39/2 5143/39/2 5144/39/2
f 5137/39/3 5138/39/3 5142/39/3 5141/39/3
f 5140/39/4 5144/39/4 5143/39/4 5139/39/4
f 5137/39/5 5141/39/5 5144/39/5 5140/39/5
f 5138/39/6 5139/39/6 5143/39/6 5142/39/6
f 5145/39/1 5148/39/1 5147/39/1 5146/39/1
f 5149/39/2 5150/39/2 5151/39/2 5152/39/2
f 5145/39/3 5146/39/3 5150/39/3 5149/39/3
f 5148/39/4 5152/39/4 5151/39/4 5147/39/4
f 5145/39/5 5149/39/5 5152/39/5 5148/39/5
f 5146/39/6 5147/39/6 5151/39/6 5150/39/6
f 5153/39/1 5156/39/1 5155/39/1 5154/39/1
f 5157/39/2 5158/39/2 5159/39/2 5160/39/2
f 5153/39/3 5154/39/3 5158/39/3 5157/39/3
f 5156/39/4 5160/39/4 5159/39/4 5155/39/4
f 5153/39/5 5157/39/5 5160/39/5 5156/39/5
f 5154/39/6 5155/39/6 5159/39/6 5158/39/6
f 5161/39/1 5164/39/1 5163/39/1 5162/39/1
f 5165/39/2 5166/39/2 5167/39/2 5168/39/2
f 5161/39/3 5162/39/3 5166/39/3 5165/39/3
f 5164/39/4 5168/39/4 5167/39/4 5163/39/4
f 5161/39/5 5165/39/5 5168/39/5 5164/39/5
f 5162/39/6 5163/39/6 5167/39/6 5166/39/6
f 5169/39/1 5172/39/1 5171/39/1 5170/39/1
f 5173/39/2 5174/39/2 5175/39/2 5176/39/2
f 5169/39/3 5170/39/3 5174/39/3 5173/39/3
f 5172/39/4 5176/39/4 5175/39/4 5171/39/4
f 5169/39/5 5173/39/5 5176/39/5 5172/39/5
f 5170/39/6 5171/39/6 5175/39/6 5174/39/6
o FLOOR
usemtl palette
f 5177/36/1 5180/36/1 5179/36/1 5178/36/1
f 5181/36/2 5182/36/2 5183/36/2 5184/36/2
f 5177/36/3 5178/36/3 5182/36/3 5181/36/3
f 5180/36/4 5184/36/4 5183/36/4 5179/36/4
f 5177/36/5 5181/36/5 5184/36/5 5180/36/5
f 5178/36/6 5179/36/6 5183/36/6 5182/36/6
f 5185/3/1 5188/3/1 5187/3/1 5186/3/1
f 5189/3/2 5190/3/2 5191/3/2 5192/3/2
f 5185/3/3 5186/3/3 5190/3/3 5189/3/3
f 5188/3/4 5192/3/4 5191/3/4 5187/3/4
f 5185/3/5 5189/3/5 5192/3/5 5188/3/5
f 5186/3/6 5187/3/6 5191/3/6 5190/3/6
o SHELL_gangway
usemtl palette
f 5193/36/1 5196/36/1 5195/36/1 5194/36/1
f 5197/36/2 5198/36/2 5199/36/2 5200/36/2
f 5193/36/3 5194/36/3 5198/36/3 5197/36/3
f 5196/36/4 5200/36/4 5199/36/4 5195/36/4
f 5193/36/5 5197/36/5 5200/36/5 5196/36/5
f 5194/36/6 5195/36/6 5199/36/6 5198/36/6
o BOGEY_FRONT
usemtl palette
f 5201/32/1 5204/32/1 5203/32/1 5202/32/1
f 5205/32/2 5206/32/2 5207/32/2 5208/32/2
f 5201/32/3 5202/32/3 5206/32/3 5205/32/3
f 5204/32/4 5208/32/4 5207/32/4 5203/32/4
f 5201/32/5 5205/32/5 5208/32/5 5204/32/5
f 5202/32/6 5203/32/6 5207/32/6 5206/32/6
f 5209/33/1 5212/33/1 5211/33/1 5210/33/1
f 5213/33/2 5214/33/2 5215/33/2 5216/33/2
f 5209/33/3 5210/33/3 5214/33/3 5213/33/3
f 5212/33/4 5216/33/4 5215/33/4 5211/33/4
f 5209/33/5 5213/33/5 5216/33/5 5212/33/5
f 5210/33/6 5211/33/6 5215/33/6 5214/33/6
f 5217/33/1 5220/33/1 5219/33/1 5218/33/1
f 5221/33/2 5222/33/2 5223/33/2 5224/33/2
f 5217/33/3 5218/33/3 5222/33/3 5221/33/3
f 5220/33/4 5224/33/4 5223/33/4 5219/33/4
f 5217/33/5 5221/33/5 5224/33/5 5220/33/5
f 5218/33/6 5219/33/6 5223/33/6 5222/33/6
f 5225/34/1 5228/34/1 5227/34/1 5226/34/1
f 5229/34/2 5230/34/2 5231/34/2 5232/34/2
f 5225/34/3 5226/34/3 5230/34/3 5229/34/3
f 5228/34/4 5232/34/4 5231/34/4 5227/34/4
f 5225/34/5 5229/34/5 5232/34/5 5228/34/5
f 5226/34/6 5227/34/6 5231/34/6 5230/34/6
f 5233/34/1 5236/34/1 5235/34/1 5234/34/1
f 5237/34/2 5238/34/2 5239/34/2 5240/34/2
f 5233/34/3 5234/34/3 5238/34/3 5237/34/3
f 5236/34/4 5240/34/4 5239/34/4 5235/34/4
f 5233/34/5 5237/34/5 5240/34/5 5236/34/5
f 5234/34/6 5235/34/6 5239/34/6 5238/34/6
f 5241/34/1 5244/34/1 5243/34/1 5242/34/1
f 5245/34/2 5246/34/2 5247/34/2 5248/34/2
f 5241/34/3 5242/34/3 5246/34/3 5245/34/3
f 5244/34/4 5248/34/4 5247/34/4 5243/34/4
f 5241/34/5 5245/34/5 5248/34/5 5244/34/5
f 5242/34/6 5243/34/6 5247/34/6 5246/34/6
f 5249/34/1 5252/34/1 5251/34/1 5250/34/1
f 5253/34/2 5254/34/2 5255/34/2 5256/34/2
f 5249/34/3 5250/34/3 5254/34/3 5253/34/3
f 5252/34/4 5256/34/4 5255/34/4 5251/34/4
f 5249/34/5 5253/34/5 5256/34/5 5252/34/5
f 5250/34/6 5251/34/6 5255/34/6 5254/34/6
f 5257/34/1 5260/34/1 5259/34/1 5258/34/1
f 5261/34/2 5262/34/2 5263/34/2 5264/34/2
f 5257/34/3 5258/34/3 5262/34/3 5261/34/3
f 5260/34/4 5264/34/4 5263/34/4 5259/34/4
f 5257/34/5 5261/34/5 5264/34/5 5260/34/5
f 5258/34/6 5259/34/6 5263/34/6 5262/34/6
f 5265/34/1 5268/34/1 5267/34/1 5266/34/1
f 5269/34/2 5270/34/2 5271/34/2 5272/34/2
f 5265/34/3 5266/34/3 5270/34/3 5269/34/3
f 5268/34/4 5272/34/4 5271/34/4 5267/34/4
f 5265/34/5 5269/34/5 5272/34/5 5268/34/5
f 5266/34/6 5267/34/6 5271/34/6 5270/34/6
f 5273/34/1 5276/34/1 5275/34/1 5274/34/1
f 5277/34/2 5278/34/2 5279/34/2 5280/34/2
f 5273/34/3 5274/34/3 5278/34/3 5277/34/3
f 5276/34/4 5280/34/4 5279/34/4 5275/34/4
f 5273/34/5 5277/34/5 5280/34/5 5276/34/5
f 5274/34/6 5275/34/6 5279/34/6 5278/34/6
f 5281/34/1 5284/34/1 5283/34/1 5282/34/1
f 5285/34/2 5286/34/2 5287/34/2 5288/34/2
f 5281/34/3 5282/34/3 5286/34/3 5285/34/3
f 5284/34/4 5288/34/4 5287/34/4 5283/34/4
f 5281/34/5 5285/34/5 5288/34/5 5284/34/5
f 5282/34/6 5283/34/6 5287/34/6 5286/34/6
o BOGEY_FRONT_WHEEL_1
usemtl palette
f 5289/34/1 5292/34/1 5291/34/1 5290/34/1
f 5293/34/2 5294/34/2 5295/34/2 5296/34/2
f 5289/34/3 5290/34/3 5294/34/3 5293/34/3
f 5292/34/4 5296/34/4 5295/34/4 5291/34/4
f 5289/34/5 5293/34/5 5296/34/5 5292/34/5
f 5290/34/6 5291/34/6 5295/34/6 5294/34/6
f 5297/34/1 5300/34/1 5299/34/1 5298/34/1
f 5301/34/2 5302/34/2 5303/34/2 5304/34/2
f 5297/34/3 5298/34/3 5302/34/3 5301/34/3
f 5300/34/4 5304/34/4 5303/34/4 5299/34/4
f 5297/34/5 5301/34/5 5304/34/5 5300/34/5
f 5298/34/6 5299/34/6 5303/34/6 5302/34/6
f 5305/34/1 5308/34/1 5307/34/1 5306/34/1
f 5309/34/2 5310/34/2 5311/34/2 5312/34/2
f 5305/34/3 5306/34/3 5310/34/3 5309/34/3
f 5308/34/4 5312/34/4 5311/34/4 5307/34/4
f 5305/34/5 5309/34/5 5312/34/5 5308/34/5
f 5306/34/6 5307/34/6 5311/34/6 5310/34/6
f 5313/35/1 5316/35/1 5315/35/1 5314/35/1
f 5317/35/2 5318/35/2 5319/35/2 5320/35/2
f 5313/35/3 5314/35/3 5318/35/3 5317/35/3
f 5316/35/4 5320/35/4 5319/35/4 5315/35/4
f 5313/35/5 5317/35/5 5320/35/5 5316/35/5
f 5314/35/6 5315/35/6 5319/35/6 5318/35/6
o BOGEY_FRONT_WHEEL_2
usemtl palette
f 5321/34/1 5324/34/1 5323/34/1 5322/34/1
f 5325/34/2 5326/34/2 5327/34/2 5328/34/2
f 5321/34/3 5322/34/3 5326/34/3 5325/34/3
f 5324/34/4 5328/34/4 5327/34/4 5323/34/4
f 5321/34/5 5325/34/5 5328/34/5 5324/34/5
f 5322/34/6 5323/34/6 5327/34/6 5326/34/6
f 5329/34/1 5332/34/1 5331/34/1 5330/34/1
f 5333/34/2 5334/34/2 5335/34/2 5336/34/2
f 5329/34/3 5330/34/3 5334/34/3 5333/34/3
f 5332/34/4 5336/34/4 5335/34/4 5331/34/4
f 5329/34/5 5333/34/5 5336/34/5 5332/34/5
f 5330/34/6 5331/34/6 5335/34/6 5334/34/6
f 5337/34/1 5340/34/1 5339/34/1 5338/34/1
f 5341/34/2 5342/34/2 5343/34/2 5344/34/2
f 5337/34/3 5338/34/3 5342/34/3 5341/34/3
f 5340/34/4 5344/34/4 5343/34/4 5339/34/4
f 5337/34/5 5341/34/5 5344/34/5 5340/34/5
f 5338/34/6 5339/34/6 5343/34/6 5342/34/6
f 5345/35/1 5348/35/1 5347/35/1 5346/35/1
f 5349/35/2 5350/35/2 5351/35/2 5352/35/2
f 5345/35/3 5346/35/3 5350/35/3 5349/35/3
f 5348/35/4 5352/35/4 5351/35/4 5347/35/4
f 5345/35/5 5349/35/5 5352/35/5 5348/35/5
f 5346/35/6 5347/35/6 5351/35/6 5350/35/6
o BOGEY_REAR
usemtl palette
f 5353/32/1 5356/32/1 5355/32/1 5354/32/1
f 5357/32/2 5358/32/2 5359/32/2 5360/32/2
f 5353/32/3 5354/32/3 5358/32/3 5357/32/3
f 5356/32/4 5360/32/4 5359/32/4 5355/32/4
f 5353/32/5 5357/32/5 5360/32/5 5356/32/5
f 5354/32/6 5355/32/6 5359/32/6 5358/32/6
f 5361/33/1 5364/33/1 5363/33/1 5362/33/1
f 5365/33/2 5366/33/2 5367/33/2 5368/33/2
f 5361/33/3 5362/33/3 5366/33/3 5365/33/3
f 5364/33/4 5368/33/4 5367/33/4 5363/33/4
f 5361/33/5 5365/33/5 5368/33/5 5364/33/5
f 5362/33/6 5363/33/6 5367/33/6 5366/33/6
f 5369/33/1 5372/33/1 5371/33/1 5370/33/1
f 5373/33/2 5374/33/2 5375/33/2 5376/33/2
f 5369/33/3 5370/33/3 5374/33/3 5373/33/3
f 5372/33/4 5376/33/4 5375/33/4 5371/33/4
f 5369/33/5 5373/33/5 5376/33/5 5372/33/5
f 5370/33/6 5371/33/6 5375/33/6 5374/33/6
f 5377/34/1 5380/34/1 5379/34/1 5378/34/1
f 5381/34/2 5382/34/2 5383/34/2 5384/34/2
f 5377/34/3 5378/34/3 5382/34/3 5381/34/3
f 5380/34/4 5384/34/4 5383/34/4 5379/34/4
f 5377/34/5 5381/34/5 5384/34/5 5380/34/5
f 5378/34/6 5379/34/6 5383/34/6 5382/34/6
f 5385/34/1 5388/34/1 5387/34/1 5386/34/1
f 5389/34/2 5390/34/2 5391/34/2 5392/34/2
f 5385/34/3 5386/34/3 5390/34/3 5389/34/3
f 5388/34/4 5392/34/4 5391/34/4 5387/34/4
f 5385/34/5 5389/34/5 5392/34/5 5388/34/5
f 5386/34/6 5387/34/6 5391/34/6 5390/34/6
f 5393/34/1 5396/34/1 5395/34/1 5394/34/1
f 5397/34/2 5398/34/2 5399/34/2 5400/34/2
f 5393/34/3 5394/34/3 5398/34/3 5397/34/3
f 5396/34/4 5400/34/4 5399/34/4 5395/34/4
f 5393/34/5 5397/34/5 5400/34/5 5396/34/5
f 5394/34/6 5395/34/6 5399/34/6 5398/34/6
f 5401/34/1 5404/34/1 5403/34/1 5402/34/1
f 5405/34/2 5406/34/2 5407/34/2 5408/34/2
f 5401/34/3 5402/34/3 5406/34/3 5405/34/3
f 5404/34/4 5408/34/4 5407/34/4 5403/34/4
f 5401/34/5 5405/34/5 5408/34/5 5404/34/5
f 5402/34/6 5403/34/6 5407/34/6 5406/34/6
f 5409/34/1 5412/34/1 5411/34/1 5410/34/1
f 5413/34/2 5414/34/2 5415/34/2 5416/34/2
f 5409/34/3 5410/34/3 5414/34/3 5413/34/3
f 5412/34/4 5416/34/4 5415/34/4 5411/34/4
f 5409/34/5 5413/34/5 5416/34/5 5412/34/5
f 5410/34/6 5411/34/6 5415/34/6 5414/34/6
f 5417/34/1 5420/34/1 5419/34/1 5418/34/1
f 5421/34/2 5422/34/2 5423/34/2 5424/34/2
f 5417/34/3 5418/34/3 5422/34/3 5421/34/3
f 5420/34/4 5424/34/4 5423/34/4 5419/34/4
f 5417/34/5 5421/34/5 5424/34/5 5420/34/5
f 5418/34/6 5419/34/6 5423/34/6 5422/34/6
f 5425/34/1 5428/34/1 5427/34/1 5426/34/1
f 5429/34/2 5430/34/2 5431/34/2 5432/34/2
f 5425/34/3 5426/34/3 5430/34/3 5429/34/3
f 5428/34/4 5432/34/4 5431/34/4 5427/34/4
f 5425/34/5 5429/34/5 5432/34/5 5428/34/5
f 5426/34/6 5427/34/6 5431/34/6 5430/34/6
f 5433/34/1 5436/34/1 5435/34/1 5434/34/1
f 5437/34/2 5438/34/2 5439/34/2 5440/34/2
f 5433/34/3 5434/34/3 5438/34/3 5437/34/3
f 5436/34/4 5440/34/4 5439/34/4 5435/34/4
f 5433/34/5 5437/34/5 5440/34/5 5436/34/5
f 5434/34/6 5435/34/6 5439/34/6 5438/34/6
o BOGEY_REAR_WHEEL_1
usemtl palette
f 5441/34/1 5444/34/1 5443/34/1 5442/34/1
f 5445/34/2 5446/34/2 5447/34/2 5448/34/2
f 5441/34/3 5442/34/3 5446/34/3 5445/34/3
f 5444/34/4 5448/34/4 5447/34/4 5443/34/4
f 5441/34/5 5445/34/5 5448/34/5 5444/34/5
f 5442/34/6 5443/34/6 5447/34/6 5446/34/6
f 5449/34/1 5452/34/1 5451/34/1 5450/34/1
f 5453/34/2 5454/34/2 5455/34/2 5456/34/2
f 5449/34/3 5450/34/3 5454/34/3 5453/34/3
f 5452/34/4 5456/34/4 5455/34/4 5451/34/4
f 5449/34/5 5453/34/5 5456/34/5 5452/34/5
f 5450/34/6 5451/34/6 5455/34/6 5454/34/6
f 5457/34/1 5460/34/1 5459/34/1 5458/34/1
f 5461/34/2 5462/34/2 5463/34/2 5464/34/2
f 5457/34/3 5458/34/3 5462/34/3 5461/34/3
f 5460/34/4 5464/34/4 5463/34/4 5459/34/4
f 5457/34/5 5461/34/5 5464/34/5 5460/34/5
f 5458/34/6 5459/34/6 5463/34/6 5462/34/6
f 5465/35/1 5468/35/1 5467/35/1 5466/35/1
f 5469/35/2 5470/35/2 5471/35/2 5472/35/2
f 5465/35/3 5466/35/3 5470/35/3 5469/35/3
f 5468/35/4 5472/35/4 5471/35/4 5467/35/4
f 5465/35/5 5469/35/5 5472/35/5 5468/35/5
f 5466/35/6 5467/35/6 5471/35/6 5470/35/6
o BOGEY_REAR_WHEEL_2
usemtl palette
f 5473/34/1 5476/34/1 5475/34/1 5474/34/1
f 5477/34/2 5478/34/2 5479/34/2 5480/34/2
f 5473/34/3 5474/34/3 5478/34/3 5477/34/3
f 5476/34/4 5480/34/4 5479/34/4 5475/34/4
f 5473/34/5 5477/34/5 5480/34/5 5476/34/5
f 5474/34/6 5475/34/6 5479/34/6 5478/34/6
f 5481/34/1 5484/34/1 5483/34/1 5482/34/1
f 5485/34/2 5486/34/2 5487/34/2 5488/34/2
f 5481/34/3 5482/34/3 5486/34/3 5485/34/3
f 5484/34/4 5488/34/4 5487/34/4 5483/34/4
f 5481/34/5 5485/34/5 5488/34/5 5484/34/5
f 5482/34/6 5483/34/6 5487/34/6 5486/34/6
f 5489/34/1 5492/34/1 5491/34/1 5490/34/1
f 5493/34/2 5494/34/2 5495/34/2 5496/34/2
f 5489/34/3 5490/34/3 5494/34/3 5493/34/3
f 5492/34/4 5496/34/4 5495/34/4 5491/34/4
f 5489/34/5 5493/34/5 5496/34/5 5492/34/5
f 5490/34/6 5491/34/6 5495/34/6 5494/34/6
f 5497/35/1 5500/35/1 5499/35/1 5498/35/1
f 5501/35/2 5502/35/2 5503/35/2 5504/35/2
f 5497/35/3 5498/35/3 5502/35/3 5501/35/3
f 5500/35/4 5504/35/4 5503/35/4 5499/35/4
f 5497/35/5 5501/35/5 5504/35/5 5500/35/5
f 5498/35/6 5499/35/6 5503/35/6 5502/35/6
o SHELL_roof
usemtl palette
f 5505/40/1 5508/40/1 5507/40/1 5506/40/1
f 5509/40/2 5510/40/2 5511/40/2 5512/40/2
f 5505/40/3 5506/40/3 5510/40/3 5509/40/3
f 5508/40/4 5512/40/4 5511/40/4 5507/40/4
f 5505/40/5 5509/40/5 5512/40/5 5508/40/5
f 5506/40/6 5507/40/6 5511/40/6 5510/40/6
f 5513/41/1 5516/41/1 5515/41/1 5514/41/1
f 5517/41/2 5518/41/2 5519/41/2 5520/41/2
f 5513/41/3 5514/41/3 5518/41/3 5517/41/3
f 5516/41/4 5520/41/4 5519/41/4 5515/41/4
f 5513/41/5 5517/41/5 5520/41/5 5516/41/5
f 5514/41/6 5515/41/6 5519/41/6 5518/41/6
f 5521/30/1 5524/30/1 5523/30/1 5522/30/1
f 5525/30/2 5526/30/2 5527/30/2 5528/30/2
f 5521/30/3 5522/30/3 5526/30/3 5525/30/3
f 5524/30/4 5528/30/4 5527/30/4 5523/30/4
f 5521/30/5 5525/30/5 5528/30/5 5524/30/5
f 5522/30/6 5523/30/6 5527/30/6 5526/30/6
f 5529/30/1 5532/30/1 5531/30/1 5530/30/1
f 5533/30/2 5534/30/2 5535/30/2 5536/30/2
f 5529/30/3 5530/30/3 5534/30/3 5533/30/3
f 5532/30/4 5536/30/4 5535/30/4 5531/30/4
f 5529/30/5 5533/30/5 5536/30/5 5532/30/5
f 5530/30/6 5531/30/6 5535/30/6 5534/30/6
f 5537/30/1 5540/30/1 5539/30/1 5538/30/1
f 5541/30/2 5542/30/2 5543/30/2 5544/30/2
f 5537/30/3 5538/30/3 5542/30/3 5541/30/3
f 5540/30/4 5544/30/4 5543/30/4 5539/30/4
f 5537/30/5 5541/30/5 5544/30/5 5540/30/5
f 5538/30/6 5539/30/6 5543/30/6 5542/30/6
f 5545/30/1 5548/30/1 5547/30/1 5546/30/1
f 5549/30/2 5550/30/2 5551/30/2 5552/30/2
f 5545/30/3 5546/30/3 5550/30/3 5549/30/3
f 5548/30/4 5552/30/4 5551/30/4 5547/30/4
f 5545/30/5 5549/30/5 5552/30/5 5548/30/5
f 5546/30/6 5547/30/6 5551/30/6 5550/30/6
f 5553/30/1 5556/30/1 5555/30/1 5554/30/1
f 5557/30/2 5558/30/2 5559/30/2 5560/30/2
f 5553/30/3 5554/30/3 5558/30/3 5557/30/3
f 5556/30/4 5560/30/4 5559/30/4 5555/30/4
f 5553/30/5 5557/30/5 5560/30/5 5556/30/5
f 5554/30/6 5555/30/6 5559/30/6 5558/30/6
f 5561/30/1 5564/30/1 5563/30/1 5562/30/1
f 5565/30/2 5566/30/2 5567/30/2 5568/30/2
f 5561/30/3 5562/30/3 5566/30/3 5565/30/3
f 5564/30/4 5568/30/4 5567/30/4 5563/30/4
f 5561/30/5 5565/30/5 5568/30/5 5564/30/5
f 5562/30/6 5563/30/6 5567/30/6 5566/30/6
f 5569/30/1 5572/30/1 5571/30/1 5570/30/1
f 5573/30/2 5574/30/2 5575/30/2 5576/30/2
f 5569/30/3 5570/30/3 5574/30/3 5573/30/3
f 5572/30/4 5576/30/4 5575/30/4 5571/30/4
f 5569/30/5 5573/30/5 5576/30/5 5572/30/5
f 5570/30/6 5571/30/6 5575/30/6 5574/30/6
f 5577/40/1 5580/40/1 5579/40/1 5578/40/1
f 5581/40/2 5582/40/2 5583/40/2 5584/40/2
f 5577/40/3 5578/40/3 5582/40/3 5581/40/3
f 5580/40/4 5584/40/4 5583/40/4 5579/40/4
f 5577/40/5 5581/40/5 5584/40/5 5580/40/5
f 5578/40/6 5579/40/6 5583/40/6 5582/40/6
f 5585/41/1 5588/41/1 5587/41/1 5586/41/1
f 5589/41/2 5590/41/2 5591/41/2 5592/41/2
f 5585/41/3 5586/41/3 5590/41/3 5589/41/3
f 5588/41/4 5592/41/4 5591/41/4 5587/41/4
f 5585/41/5 5589/41/5 5592/41/5 5588/41/5
f 5586/41/6 5587/41/6 5591/41/6 5590/41/6
f 5593/30/1 5596/30/1 5595/30/1 5594/30/1
f 5597/30/2 5598/30/2 5599/30/2 5600/30/2
f 5593/30/3 5594/30/3 5598/30/3 5597/30/3
f 5596/30/4 5600/30/4 5599/30/4 5595/30/4
f 5593/30/5 5597/30/5 5600/30/5 5596/30/5
f 5594/30/6 5595/30/6 5599/30/6 5598/30/6
f 5601/30/1 5604/30/1 5603/30/1 5602/30/1
f 5605/30/2 5606/30/2 5607/30/2 5608/30/2
f 5601/30/3 5602/30/3 5606/30/3 5605/30/3
f 5604/30/4 5608/30/4 5607/30/4 5603/30/4
f 5601/30/5 5605/30/5 5608/30/5 5604/30/5
f 5602/30/6 5603/30/6 5607/30/6 5606/30/6
f 5609/30/1 5612/30/1 5611/30/1 5610/30/1
f 5613/30/2 5614/30/2 5615/30/2 5616/30/2
f 5609/30/3 5610/30/3 5614/30/3 5613/30/3
f 5612/30/4 5616/30/4 5615/30/4 5611/30/4
f 5609/30/5 5613/30/5 5616/30/5 5612/30/5
f 5610/30/6 5611/30/6 5615/30/6 5614/30/6
f 5617/30/1 5620/30/1 5619/30/1 5618/30/1
f 5621/30/2 5622/30/2 5623/30/2 5624/30/2
f 5617/30/3 5618/30/3 5622/30/3 5621/30/3
f 5620/30/4 5624/30/4 5623/30/4 5619/30/4
f 5617/30/5 5621/30/5 5624/30/5 5620/30/5
f 5618/30/6 5619/30/6 5623/30/6 5622/30/6
f 5625/30/1 5628/30/1 5627/30/1 5626/30/1
f 5629/30/2 5630/30/2 5631/30/2 5632/30/2
f 5625/30/3 5626/30/3 5630/30/3 5629/30/3
f 5628/30/4 5632/30/4 5631/30/4 5627/30/4
f 5625/30/5 5629/30/5 5632/30/5 5628/30/5
f 5626/30/6 5627/30/6 5631/30/6 5630/30/6
f 5633/30/1 5636/30/1 5635/30/1 5634/30/1
f 5637/30/2 5638/30/2 5639/30/2 5640/30/2
f 5633/30/3 5634/30/3 5638/30/3 5637/30/3
f 5636/30/4 5640/30/4 5639/30/4 5635/30/4
f 5633/30/5 5637/30/5 5640/30/5 5636/30/5
f 5634/30/6 5635/30/6 5639/30/6 5638/30/6
f 5641/30/1 5644/30/1 5643/30/1 5642/30/1
f 5645/30/2 5646/30/2 5647/30/2 5648/30/2
f 5641/30/3 5642/30/3 5646/30/3 5645/30/3
f 5644/30/4 5648/30/4 5647/30/4 5643/30/4
f 5641/30/5 5645/30/5 5648/30/5 5644/30/5
f 5642/30/6 5643/30/6 5647/30/6 5646/30/6
o HEADLIGHT_1
usemtl palette
f 5649/37/1 5652/37/1 5651/37/1 5650/37/1
f 5653/37/2 5654/37/2 5655/37/2 5656/37/2
f 5649/37/3 5650/37/3 5654/37/3 5653/37/3
f 5652/37/4 5656/37/4 5655/37/4 5651/37/4
f 5649/37/5 5653/37/5 5656/37/5 5652/37/5
f 5650/37/6 5651/37/6 5655/37/6 5654/37/6
f 5657/37/1 5660/37/1 5659/37/1 5658/37/1
f 5661/37/2 5662/37/2 5663/37/2 5664/37/2
f 5657/37/3 5658/37/3 5662/37/3 5661/37/3
f 5660/37/4 5664/37/4 5663/37/4 5659/37/4
f 5657/37/5 5661/37/5 5664/37/5 5660/37/5
f 5658/37/6 5659/37/6 5663/37/6 5662/37/6
o SHELL_lights
usemtl palette
f 5665/38/1 5668/38/1 5667/38/1 5666/38/1
f 5669/38/2 5670/38/2 5671/38/2 5672/38/2
f 5665/38/3 5666/38/3 5670/38/3 5669/38/3
f 5668/38/4 5672/38/4 5671/38/4 5667/38/4
f 5665/38/5 5669/38/5 5672/38/5 5668/38/5
f 5666/38/6 5667/38/6 5671/38/6 5670/38/6
f 5673/38/1 5676/38/1 5675/38/1 5674/38/1
f 5677/38/2 5678/38/2 5679/38/2 5680/38/2
f 5673/38/3 5674/38/3 5678/38/3 5677/38/3
f 5676/38/4 5680/38/4 5679/38/4 5675/38/4
f 5673/38/5 5677/38/5 5680/38/5 5676/38/5
f 5674/38/6 5675/38/6 5679/38/6 5678/38/6
f 5681/37/1 5684/37/1 5683/37/1 5682/37/1
f 5685/37/2 5686/37/2 5687/37/2 5688/37/2
f 5681/37/3 5682/37/3 5686/37/3 5685/37/3
f 5684/37/4 5688/37/4 5687/37/4 5683/37/4
f 5681/37/5 5685/37/5 5688/37/5 5684/37/5
f 5682/37/6 5683/37/6 5687/37/6 5686/37/6
f 5689/37/1 5692/37/1 5691/37/1 5690/37/1
f 5693/37/2 5694/37/2 5695/37/2 5696/37/2
f 5689/37/3 5690/37/3 5694/37/3 5693/37/3
f 5692/37/4 5696/37/4 5695/37/4 5691/37/4
f 5689/37/5 5693/37/5 5696/37/5 5692/37/5
f 5690/37/6 5691/37/6 5695/37/6 5694/37/6
o SHELL_sign
usemtl palette
f 5697/47/1 5700/47/1 5699/47/1 5698/47/1
f 5701/47/2 5702/47/2 5703/47/2 5704/47/2
f 5697/47/3 5698/47/3 5702/47/3 5701/47/3
f 5700/47/4 5704/47/4 5703/47/4 5699/47/4
f 5697/47/5 5701/47/5 5704/47/5 5700/47/5
f 5698/47/6 5699/47/6 5703/47/6 5702/47/6
f 5705/47/1 5708/47/1 5707/47/1 5706/47/1
f 5709/47/2 5710/47/2 5711/47/2 5712/47/2
f 5705/47/3 5706/47/3 5710/47/3 5709/47/3
f 5708/47/4 5712/47/4 5711/47/4 5707/47/4
f 5705/47/5 5709/47/5 5712/47/5 5708/47/5
f 5706/47/6 5707/47/6 5711/47/6 5710/47/6
o SHELL_floor
usemtl palette
f 5713/3/1 5716/3/1 5715/3/1 5714/3/1
f 5717/3/2 5718/3/2 5719/3/2 5720/3/2
f 5713/3/3 5714/3/3 5718/3/3 5717/3/3
f 5716/3/4 5720/3/4 5719/3/4 5715/3/4
f 5713/3/5 5717/3/5 5720/3/5 5716/3/5
f 5714/3/6 5715/3/6 5719/3/6 5718/3/6
o SHELL_ceiling
usemtl palette
f 5721/5/1 5724/5/1 5723/5/1 5722/5/1
f 5725/5/2 5726/5/2 5727/5/2 5728/5/2
f 5721/5/3 5722/5/3 5726/5/3 5725/5/3
f 5724/5/4 5728/5/4 5727/5/4 5723/5/4
f 5721/5/5 5725/5/5 5728/5/5 5724/5/5
f 5722/5/6 5723/5/6 5727/5/6 5726/5/6
o SHELL_end
usemtl palette
f 5729/12/1 5732/12/1 5731/12/1 5730/12/1
f 5733/12/2 5734/12/2 5735/12/2 5736/12/2
f 5729/12/3 5730/12/3 5734/12/3 5733/12/3
f 5732/12/4 5736/12/4 5735/12/4 5731/12/4
f 5729/12/5 5733/12/5 5736/12/5 5732/12/5
f 5730/12/6 5731/12/6 5735/12/6 5734/12/6
f 5737/12/1 5740/12/1 5739/12/1 5738/12/1
f 5741/12/2 5742/12/2 5743/12/2 5744/12/2
f 5737/12/3 5738/12/3 5742/12/3 5741/12/3
f 5740/12/4 5744/12/4 5743/12/4 5739/12/4
f 5737/12/5 5741/12/5 5744/12/5 5740/12/5
f 5738/12/6 5739/12/6 5743/12/6 5742/12/6
f 5745/12/1 5748/12/1 5747/12/1 5746/12/1
f 5749/12/2 5750/12/2 5751/12/2 5752/12/2
f 5745/12/3 5746/12/3 5750/12/3 5749/12/3
f 5748/12/4 5752/12/4 5751/12/4 5747/12/4
f 5745/12/5 5749/12/5 5752/12/5 5748/12/5
f 5746/12/6 5747/12/6 5751/12/6 5750/12/6
f 5753/10/1 5756/10/1 5755/10/1 5754/10/1
f 5757/10/2 5758/10/2 5759/10/2 5760/10/2
f 5753/10/3 5754/10/3 5758/10/3 5757/10/3
f 5756/10/4 5760/10/4 5759/10/4 5755/10/4
f 5753/10/5 5757/10/5 5760/10/5 5756/10/5
f 5754/10/6 5755/10/6 5759/10/6 5758/10/6
o CONNECTING_DOOR_1_CG_CR_TOGGLE_TL_0.98_Z
usemtl palette
f 5761/55/1 5764/55/1 5763/55/1 5762/55/1
f 5765/55/2 5766/55/2 5767/55/2 5768/55/2
f 5761/55/3 5762/55/3 5766/55/3 5765/55/3
f 5764/55/4 5768/55/4 5767/55/4 5763/55/4
f 5761/55/5 5765/55/5 5768/55/5 5764/55/5
f 5762/55/6 5763/55/6 5767/55/6 5766/55/6
f 5769/1/1 5772/1/1 5771/1/1 5770/1/1
f 5773/1/2 5774/1/2 5775/1/2 5776/1/2
f 5769/1/3 5770/1/3 5774/1/3 5773/1/3
f 5772/1/4 5776/1/4 5775/1/4 5771/1/4
f 5769/1/5 5773/1/5 5776/1/5 5772/1/5
f 5770/1/6 5771/1/6 5775/1/6 5774/1/6
o EXTERNAL_DOOR_3_CG_DR1_TOGGLE_TL_-0.69_X
usemtl palette
f 5777/55/1 5780/55/1 5779/55/1 5778/55/1
f 5781/55/2 5782/55/2 5783/55/2 5784/55/2
f 5777/55/3 5778/55/3 5782/55/3 5781/55/3
f 5780/55/4 5784/55/4 5783/55/4 5779/55/4
f 5777/55/5 5781/55/5 5784/55/5 5780/55/5
f 5778/55/6 5779/55/6 5783/55/6 5782/55/6
f 5785/55/1 5788/55/1 5787/55/1 5786/55/1
f 5789/55/2 5790/55/2 5791/55/2 5792/55/2
f 5785/55/3 5786/55/3 5790/55/3 5789/55/3
f 5788/55/4 5792/55/4 5791/55/4 5787/55/4
f 5785/55/5 5789/55/5 5792/55/5 5788/55/5
f 5786/55/6 5787/55/6 5791/55/6 5790/55/6
f 5793/55/1 5796/55/1 5795/55/1 5794/55/1
f 5797/55/2 5798/55/2 5799/55/2 5800/55/2
f 5793/55/3 5794/55/3 5798/55/3 5797/55/3
f 5796/55/4 5800/55/4 5799/55/4 5795/55/4
f 5793/55/5 5797/55/5 5800/55/5 5796/55/5
f 5794/55/6 5795/55/6 5799/55/6 5798/55/6
f 5801/55/1 5804/55/1 5803/55/1 5802/55/1
f 5805/55/2 5806/55/2 5807/55/2 5808/55/2
f 5801/55/3 5802/55/3 5806/55/3 5805/55/3
f 5804/55/4 5808/55/4 5807/55/4 5803/55/4
f 5801/55/5 5805/55/5 5808/55/5 5804/55/5
f 5802/55/6 5803/55/6 5807/55/6 5806/55/6
f 5809/1/1 5812/1/1 5811/1/1 5810/1/1
f 5813/1/2 5814/1/2 5815/1/2 5816/1/2
f 5809/1/3 5810/1/3 5814/1/3 5813/1/3
f 5812/1/4 5816/1/4 5815/1/4 5811/1/4
f 5809/1/5 5813/1/5 5816/1/5 5812/1/5
f 5810/1/6 5811/1/6 5815/1/6 5814/1/6
f 5817/7/1 5820/7/1 5819/7/1 5818/7/1
f 5821/7/2 5822/7/2 5823/7/2 5824/7/2
f 5817/7/3 5818/7/3 5822/7/3 5821/7/3
f 5820/7/4 5824/7/4 5823/7/4 5819/7/4
f 5817/7/5 5821/7/5 5824/7/5 5820/7/5
f 5818/7/6 5819/7/6 5823/7/6 5822/7/6
o EXTERNAL_DOOR_4_CG_DR1_TOGGLE_TL_0.69_X
usemtl palette
f 5825/55/1 5828/55/1 5827/55/1 5826/55/1
f 5829/55/2 5830/55/2 5831/55/2 5832/55/2
f 5825/55/3 5826/55/3 5830/55/3 5829/55/3
f 5828/55/4 5832/55/4 5831/55/4 5827/55/4
f 5825/55/5 5829/55/5 5832/55/5 5828/55/5
f 5826/55/6 5827/55/6 5831/55/6 5830/55/6
f 5833/55/1 5836/55/1 5835/55/1 5834/55/1
f 5837/55/2 5838/55/2 5839/55/2 5840/55/2
f 5833/55/3 5834/55/3 5838/55/3 5837/55/3
f 5836/55/4 5840/55/4 5839/55/4 5835/55/4
f 5833/55/5 5837/55/5 5840/55/5 5836/55/5
f 5834/55/6 5835/55/6 5839/55/6 5838/55/6
f 5841/55/1 5844/55/1 5843/55/1 5842/55/1
f 5845/55/2 5846/55/2 5847/55/2 5848/55/2
f 5841/55/3 5842/55/3 5846/55/3 5845/55/3
f 5844/55/4 5848/55/4 5847/55/4 5843/55/4
f 5841/55/5 5845/55/5 5848/55/5 5844/55/5
f 5842/55/6 5843/55/6 5847/55/6 5846/55/6
f 5849/55/1 5852/55/1 5851/55/1 5850/55/1
f 5853/55/2 5854/55/2 5855/55/2 5856/55/2
f 5849/55/3 5850/55/3 5854/55/3 5853/55/3
f 5852/55/4 5856/55/4 5855/55/4 5851/55/4
f 5849/55/5 5853/55/5 5856/55/5 5852/55/5
f 5850/55/6 5851/55/6 5855/55/6 5854/55/6
f 5857/1/1 5860/1/1 5859/1/1 5858/1/1
f 5861/1/2 5862/1/2 5863/1/2 5864/1/2
f 5857/1/3 5858/1/3 5862/1/3 5861/1/3
f 5860/1/4 5864/1/4 5863/1/4 5859/1/4
f 5857/1/5 5861/1/5 5864/1/5 5860/1/5
f 5858/1/6 5859/1/6 5863/1/6 5862/1/6
f 5865/7/1 5868/7/1 5867/7/1 5866/7/1
f 5869/7/2 5870/7/2 5871/7/2 5872/7/2
f 5865/7/3 5866/7/3 5870/7/3 5869/7/3
f 5868/7/4 5872/7/4 5871/7/4 5867/7/4
f 5865/7/5 5869/7/5 5872/7/5 5868/7/5
f 5866/7/6 5867/7/6 5871/7/6 5870/7/6
o SHELL_doorkit
usemtl palette
f 5873/13/1 5876/13/1 5875/13/1 5874/13/1
f 5877/13/2 5878/13/2 5879/13/2 5880/13/2
f 5873/13/3 5874/13/3 5878/13/3 5877/13/3
f 5876/13/4 5880/13/4 5879/13/4 5875/13/4
f 5873/13/5 5877/13/5 5880/13/5 5876/13/5
f 5874/13/6 5875/13/6 5879/13/6 5878/13/6
f 5881/10/1 5884/10/1 5883/10/1 5882/10/1
f 5885/10/2 5886/10/2 5887/10/2 5888/10/2
f 5881/10/3 5882/10/3 5886/10/3 5885/10/3
f 5884/10/4 5888/10/4 5887/10/4 5883/10/4
f 5881/10/5 5885/10/5 5888/10/5 5884/10/5
f 5882/10/6 5883/10/6 5887/10/6 5886/10/6
f 5889/13/1 5892/13/1 5891/13/1 5890/13/1
f 5893/13/2 5894/13/2 5895/13/2 5896/13/2
f 5889/13/3 5890/13/3 5894/13/3 5893/13/3
f 5892/13/4 5896/13/4 5895/13/4 5891/13/4
f 5889/13/5 5893/13/5 5896/13/5 5892/13/5
f 5890/13/6 5891/13/6 5895/13/6 5894/13/6
f 5897/10/1 5900/10/1 5899/10/1 5898/10/1
f 5901/10/2 5902/10/2 5903/10/2 5904/10/2
f 5897/10/3 5898/10/3 5902/10/3 5901/10/3
f 5900/10/4 5904/10/4 5903/10/4 5899/10/4
f 5897/10/5 5901/10/5 5904/10/5 5900/10/5
f 5898/10/6 5899/10/6 5903/10/6 5902/10/6
o EXTERNAL_DOOR_6_CG_DL1_TOGGLE_TL_-0.69_X
usemtl palette
f 5905/55/1 5908/55/1 5907/55/1 5906/55/1
f 5909/55/2 5910/55/2 5911/55/2 5912/55/2
f 5905/55/3 5906/55/3 5910/55/3 5909/55/3
f 5908/55/4 5912/55/4 5911/55/4 5907/55/4
f 5905/55/5 5909/55/5 5912/55/5 5908/55/5
f 5906/55/6 5907/55/6 5911/55/6 5910/55/6
f 5913/55/1 5916/55/1 5915/55/1 5914/55/1
f 5917/55/2 5918/55/2 5919/55/2 5920/55/2
f 5913/55/3 5914/55/3 5918/55/3 5917/55/3
f 5916/55/4 5920/55/4 5919/55/4 5915/55/4
f 5913/55/5 5917/55/5 5920/55/5 5916/55/5
f 5914/55/6 5915/55/6 5919/55/6 5918/55/6
f 5921/55/1 5924/55/1 5923/55/1 5922/55/1
f 5925/55/2 5926/55/2 5927/55/2 5928/55/2
f 5921/55/3 5922/55/3 5926/55/3 5925/55/3
f 5924/55/4 5928/55/4 5927/55/4 5923/55/4
f 5921/55/5 5925/55/5 5928/55/5 5924/55/5
f 5922/55/6 5923/55/6 5927/55/6 5926/55/6
f 5929/55/1 5932/55/1 5931/55/1 5930/55/1
f 5933/55/2 5934/55/2 5935/55/2 5936/55/2
f 5929/55/3 5930/55/3 5934/55/3 5933/55/3
f 5932/55/4 5936/55/4 5935/55/4 5931/55/4
f 5929/55/5 5933/55/5 5936/55/5 5932/55/5
f 5930/55/6 5931/55/6 5935/55/6 5934/55/6
f 5937/1/1 5940/1/1 5939/1/1 5938/1/1
f 5941/1/2 5942/1/2 5943/1/2 5944/1/2
f 5937/1/3 5938/1/3 5942/1/3 5941/1/3
f 5940/1/4 5944/1/4 5943/1/4 5939/1/4
f 5937/1/5 5941/1/5 5944/1/5 5940/1/5
f 5938/1/6 5939/1/6 5943/1/6 5942/1/6
f 5945/7/1 5948/7/1 5947/7/1 5946/7/1
f 5949/7/2 5950/7/2 5951/7/2 5952/7/2
f 5945/7/3 5946/7/3 5950/7/3 5949/7/3
f 5948/7/4 5952/7/4 5951/7/4 5947/7/4
f 5945/7/5 5949/7/5 5952/7/5 5948/7/5
f 5946/7/6 5947/7/6 5951/7/6 5950/7/6
o EXTERNAL_DOOR_7_CG_DL1_TOGGLE_TL_0.69_X
usemtl palette
f 5953/55/1 5956/55/1 5955/55/1 5954/55/1
f 5957/55/2 5958/55/2 5959/55/2 5960/55/2
f 5953/55/3 5954/55/3 5958/55/3 5957/55/3
f 5956/55/4 5960/55/4 5959/55/4 5955/55/4
f 5953/55/5 5957/55/5 5960/55/5 5956/55/5
f 5954/55/6 5955/55/6 5959/55/6 5958/55/6
f 5961/55/1 5964/55/1 5963/55/1 5962/55/1
f 5965/55/2 5966/55/2 5967/55/2 5968/55/2
f 5961/55/3 5962/55/3 5966/55/3 5965/55/3
f 5964/55/4 5968/55/4 5967/55/4 5963/55/4
f 5961/55/5 5965/55/5 5968/55/5 5964/55/5
f 5962/55/6 5963/55/6 5967/55/6 5966/55/6
f 5969/55/1 5972/55/1 5971/55/1 5970/55/1
f 5973/55/2 5974/55/2 5975/55/2 5976/55/2
f 5969/55/3 5970/55/3 5974/55/3 5973/55/3
f 5972/55/4 5976/55/4 5975/55/4 5971/55/4
f 5969/55/5 5973/55/5 5976/55/5 5972/55/5
f 5970/55/6 5971/55/6 5975/55/6 5974/55/6
f 5977/55/1 5980/55/1 5979/55/1 5978/55/1
f 5981/55/2 5982/55/2 5983/55/2 5984/55/2
f 5977/55/3 5978/55/3 5982/55/3 5981/55/3
f 5980/55/4 5984/55/4 5983/55/4 5979/55/4
f 5977/55/5 5981/55/5 5984/55/5 5980/55/5
f 5978/55/6 5979/55/6 5983/55/6 5982/55/6
f 5985/1/1 5988/1/1 5987/1/1 5986/1/1
f 5989/1/2 5990/1/2 5991/1/2 5992/1/2
f 5985/1/3 5986/1/3 5990/1/3 5989/1/3
f 5988/1/4 5992/1/4 5991/1/4 5987/1/4
f 5985/1/5 5989/1/5 5992/1/5 5988/1/5
f 5986/1/6 5987/1/6 5991/1/6 5990/1/6
f 5993/7/1 5996/7/1 5995/7/1 5994/7/1
f 5997/7/2 5998/7/2 5999/7/2 6000/7/2
f 5993/7/3 5994/7/3 5998/7/3 5997/7/3
f 5996/7/4 6000/7/4 5999/7/4 5995/7/4
f 5993/7/5 5997/7/5 6000/7/5 5996/7/5
f 5994/7/6 5995/7/6 5999/7/6 5998/7/6
o SHELL_bench
usemtl palette
f 6001/7/1 6004/7/1 6003/7/1 6002/7/1
f 6005/7/2 6006/7/2 6007/7/2 6008/7/2
f 6001/7/3 6002/7/3 6006/7/3 6005/7/3
f 6004/7/4 6008/7/4 6007/7/4 6003/7/4
f 6001/7/5 6005/7/5 6008/7/5 6004/7/5
f 6002/7/6 6003/7/6 6007/7/6 6006/7/6
f 6009/48/1 6012/48/1 6011/48/1 6010/48/1
f 6013/48/2 6014/48/2 6015/48/2 6016/48/2
f 6009/48/3 6010/48/3 6014/48/3 6013/48/3
f 6012/48/4 6016/48/4 6015/48/4 6011/48/4
f 6009/48/5 6013/48/5 6016/48/5 6012/48/5
f 6010/48/6 6011/48/6 6015/48/6 6014/48/6
f 6017/6/1 6020/6/1 6019/6/1 6018/6/1
f 6021/6/2 6022/6/2 6023/6/2 6024/6/2
f 6017/6/3 6018/6/3 6022/6/3 6021/6/3
f 6020/6/4 6024/6/4 6023/6/4 6019/6/4
f 6017/6/5 6021/6/5 6024/6/5 6020/6/5
f 6018/6/6 6019/6/6 6023/6/6 6022/6/6
f 6025/6/1 6028/6/1 6027/6/1 6026/6/1
f 6029/6/2 6030/6/2 6031/6/2 6032/6/2
f 6025/6/3 6026/6/3 6030/6/3 6029/6/3
f 6028/6/4 6032/6/4 6031/6/4 6027/6/4
f 6025/6/5 6029/6/5 6032/6/5 6028/6/5
f 6026/6/6 6027/6/6 6031/6/6 6030/6/6
f 6033/7/1 6036/7/1 6035/7/1 6034/7/1
f 6037/7/2 6038/7/2 6039/7/2 6040/7/2
f 6033/7/3 6034/7/3 6038/7/3 6037/7/3
f 6036/7/4 6040/7/4 6039/7/4 6035/7/4
f 6033/7/5 6037/7/5 6040/7/5 6036/7/5
f 6034/7/6 6035/7/6 6039/7/6 6038/7/6
f 6041/48/1 6044/48/1 6043/48/1 6042/48/1
f 6045/48/2 6046/48/2 6047/48/2 6048/48/2
f 6041/48/3 6042/48/3 6046/48/3 6045/48/3
f 6044/48/4 6048/48/4 6047/48/4 6043/48/4
f 6041/48/5 6045/48/5 6048/48/5 6044/48/5
f 6042/48/6 6043/48/6 6047/48/6 6046/48/6
f 6049/6/1 6052/6/1 6051/6/1 6050/6/1
f 6053/6/2 6054/6/2 6055/6/2 6056/6/2
f 6049/6/3 6050/6/3 6054/6/3 6053/6/3
f 6052/6/4 6056/6/4 6055/6/4 6051/6/4
f 6049/6/5 6053/6/5 6056/6/5 6052/6/5
f 6050/6/6 6051/6/6 6055/6/6 6054/6/6
f 6057/6/1 6060/6/1 6059/6/1 6058/6/1
f 6061/6/2 6062/6/2 6063/6/2 6064/6/2
f 6057/6/3 6058/6/3 6062/6/3 6061/6/3
f 6060/6/4 6064/6/4 6063/6/4 6059/6/4
f 6057/6/5 6061/6/5 6064/6/5 6060/6/5
f 6058/6/6 6059/6/6 6063/6/6 6062/6/6
f 6065/7/1 6068/7/1 6067/7/1 6066/7/1
f 6069/7/2 6070/7/2 6071/7/2 6072/7/2
f 6065/7/3 6066/7/3 6070/7/3 6069/7/3
f 6068/7/4 6072/7/4 6071/7/4 6067/7/4
f 6065/7/5 6069/7/5 6072/7/5 6068/7/5
f 6066/7/6 6067/7/6 6071/7/6 6070/7/6
f 6073/48/1 6076/48/1 6075/48/1 6074/48/1
f 6077/48/2 6078/48/2 6079/48/2 6080/48/2
f 6073/48/3 6074/48/3 6078/48/3 6077/48/3
f 6076/48/4 6080/48/4 6079/48/4 6075/48/4
f 6073/48/5 6077/48/5 6080/48/5 6076/48/5
f 6074/48/6 6075/48/6 6079/48/6 6078/48/6
f 6081/6/1 6084/6/1 6083/6/1 6082/6/1
f 6085/6/2 6086/6/2 6087/6/2 6088/6/2
f 6081/6/3 6082/6/3 6086/6/3 6085/6/3
f 6084/6/4 6088/6/4 6087/6/4 6083/6/4
f 6081/6/5 6085/6/5 6088/6/5 6084/6/5
f 6082/6/6 6083/6/6 6087/6/6 6086/6/6
f 6089/6/1 6092/6/1 6091/6/1 6090/6/1
f 6093/6/2 6094/6/2 6095/6/2 6096/6/2
f 6089/6/3 6090/6/3 6094/6/3 6093/6/3
f 6092/6/4 6096/6/4 6095/6/4 6091/6/4
f 6089/6/5 6093/6/5 6096/6/5 6092/6/5
f 6090/6/6 6091/6/6 6095/6/6 6094/6/6
f 6097/7/1 6100/7/1 6099/7/1 6098/7/1
f 6101/7/2 6102/7/2 6103/7/2 6104/7/2
f 6097/7/3 6098/7/3 6102/7/3 6101/7/3
f 6100/7/4 6104/7/4 6103/7/4 6099/7/4
f 6097/7/5 6101/7/5 6104/7/5 6100/7/5
f 6098/7/6 6099/7/6 6103/7/6 6102/7/6
f 6105/48/1 6108/48/1 6107/48/1 6106/48/1
f 6109/48/2 6110/48/2 6111/48/2 6112/48/2
f 6105/48/3 6106/48/3 6110/48/3 6109/48/3
f 6108/48/4 6112/48/4 6111/48/4 6107/48/4
f 6105/48/5 6109/48/5 6112/48/5 6108/48/5
f 6106/48/6 6107/48/6 6111/48/6 6110/48/6
f 6113/6/1 6116/6/1 6115/6/1 6114/6/1
f 6117/6/2 6118/6/2 6119/6/2 6120/6/2
f 6113/6/3 6114/6/3 6118/6/3 6117/6/3
f 6116/6/4 6120/6/4 6119/6/4 6115/6/4
f 6113/6/5 6117/6/5 6120/6/5 6116/6/5
f 6114/6/6 6115/6/6 6119/6/6 6118/6/6
f 6121/6/1 6124/6/1 6123/6/1 6122/6/1
f 6125/6/2 6126/6/2 6127/6/2 6128/6/2
f 6121/6/3 6122/6/3 6126/6/3 6125/6/3
f 6124/6/4 6128/6/4 6127/6/4 6123/6/4
f 6121/6/5 6125/6/5 6128/6/5 6124/6/5
f 6122/6/6 6123/6/6 6127/6/6 6126/6/6
o SEAT_1
usemtl palette
f 6129/48/1 6132/48/1 6131/48/1 6130/48/1
f 6133/48/2 6134/48/2 6135/48/2 6136/48/2
f 6129/48/3 6130/48/3 6134/48/3 6133/48/3
f 6132/48/4 6136/48/4 6135/48/4 6131/48/4
f 6129/48/5 6133/48/5 6136/48/5 6132/48/5
f 6130/48/6 6131/48/6 6135/48/6 6134/48/6
o SEAT_2
usemtl palette
f 6137/48/1 6140/48/1 6139/48/1 6138/48/1
f 6141/48/2 6142/48/2 6143/48/2 6144/48/2
f 6137/48/3 6138/48/3 6142/48/3 6141/48/3
f 6140/48/4 6144/48/4 6143/48/4 6139/48/4
f 6137/48/5 6141/48/5 6144/48/5 6140/48/5
f 6138/48/6 6139/48/6 6143/48/6 6142/48/6
o SEAT_3
usemtl palette
f 6145/48/1 6148/48/1 6147/48/1 6146/48/1
f 6149/48/2 6150/48/2 6151/48/2 6152/48/2
f 6145/48/3 6146/48/3 6150/48/3 6149/48/3
f 6148/48/4 6152/48/4 6151/48/4 6147/48/4
f 6145/48/5 6149/48/5 6152/48/5 6148/48/5
f 6146/48/6 6147/48/6 6151/48/6 6150/48/6
o SEAT_4
usemtl palette
f 6153/48/1 6156/48/1 6155/48/1 6154/48/1
f 6157/48/2 6158/48/2 6159/48/2 6160/48/2
f 6153/48/3 6154/48/3 6158/48/3 6157/48/3
f 6156/48/4 6160/48/4 6159/48/4 6155/48/4
f 6153/48/5 6157/48/5 6160/48/5 6156/48/5
f 6154/48/6 6155/48/6 6159/48/6 6158/48/6
o SEAT_5
usemtl palette
f 6161/16/1 6164/16/1 6163/16/1 6162/16/1
f 6165/16/2 6166/16/2 6167/16/2 6168/16/2
f 6161/16/3 6162/16/3 6166/16/3 6165/16/3
f 6164/16/4 6168/16/4 6167/16/4 6163/16/4
f 6161/16/5 6165/16/5 6168/16/5 6164/16/5
f 6162/16/6 6163/16/6 6167/16/6 6166/16/6
o SEAT_6
usemtl palette
f 6169/16/1 6172/16/1 6171/16/1 6170/16/1
f 6173/16/2 6174/16/2 6175/16/2 6176/16/2
f 6169/16/3 6170/16/3 6174/16/3 6173/16/3
f 6172/16/4 6176/16/4 6175/16/4 6171/16/4
f 6169/16/5 6173/16/5 6176/16/5 6172/16/5
f 6170/16/6 6171/16/6 6175/16/6 6174/16/6
o SHELL_rail
usemtl palette
f 6177/6/1 6180/6/1 6179/6/1 6178/6/1
f 6181/6/2 6182/6/2 6183/6/2 6184/6/2
f 6177/6/3 6178/6/3 6182/6/3 6181/6/3
f 6180/6/4 6184/6/4 6183/6/4 6179/6/4
f 6177/6/5 6181/6/5 6184/6/5 6180/6/5
f 6178/6/6 6179/6/6 6183/6/6 6182/6/6
f 6185/6/1 6188/6/1 6187/6/1 6186/6/1
f 6189/6/2 6190/6/2 6191/6/2 6192/6/2
f 6185/6/3 6186/6/3 6190/6/3 6189/6/3
f 6188/6/4 6192/6/4 6191/6/4 6187/6/4
f 6185/6/5 6189/6/5 6192/6/5 6188/6/5
f 6186/6/6 6187/6/6 6191/6/6 6190/6/6
f 6193/6/1 6196/6/1 6195/6/1 6194/6/1
f 6197/6/2 6198/6/2 6199/6/2 6200/6/2
f 6193/6/3 6194/6/3 6198/6/3 6197/6/3
f 6196/6/4 6200/6/4 6199/6/4 6195/6/4
f 6193/6/5 6197/6/5 6200/6/5 6196/6/5
f 6194/6/6 6195/6/6 6199/6/6 6198/6/6
f 6201/6/1 6204/6/1 6203/6/1 6202/6/1
f 6205/6/2 6206/6/2 6207/6/2 6208/6/2
f 6201/6/3 6202/6/3 6206/6/3 6205/6/3
f 6204/6/4 6208/6/4 6207/6/4 6203/6/4
f 6201/6/5 6205/6/5 6208/6/5 6204/6/5
f 6202/6/6 6203/6/6 6207/6/6 6206/6/6
o SHELL_strap
usemtl palette
f 6209/7/1 6212/7/1 6211/7/1 6210/7/1
f 6213/7/2 6214/7/2 6215/7/2 6216/7/2
f 6209/7/3 6210/7/3 6214/7/3 6213/7/3
f 6212/7/4 6216/7/4 6215/7/4 6211/7/4
f 6209/7/5 6213/7/5 6216/7/5 6212/7/5
f 6210/7/6 6211/7/6 6215/7/6 6214/7/6
f 6217/13/1 6220/13/1 6219/13/1 6218/13/1
f 6221/13/2 6222/13/2 6223/13/2 6224/13/2
f 6217/13/3 6218/13/3 6222/13/3 6221/13/3
f 6220/13/4 6224/13/4 6223/13/4 6219/13/4
f 6217/13/5 6221/13/5 6224/13/5 6220/13/5
f 6218/13/6 6219/13/6 6223/13/6 6222/13/6
f 6225/7/1 6228/7/1 6227/7/1 6226/7/1
f 6229/7/2 6230/7/2 6231/7/2 6232/7/2
f 6225/7/3 6226/7/3 6230/7/3 6229/7/3
f 6228/7/4 6232/7/4 6231/7/4 6227/7/4
f 6225/7/5 6229/7/5 6232/7/5 6228/7/5
f 6226/7/6 6227/7/6 6231/7/6 6230/7/6
f 6233/13/1 6236/13/1 6235/13/1 6234/13/1
f 6237/13/2 6238/13/2 6239/13/2 6240/13/2
f 6233/13/3 6234/13/3 6238/13/3 6237/13/3
f 6236/13/4 6240/13/4 6239/13/4 6235/13/4
f 6233/13/5 6237/13/5 6240/13/5 6236/13/5
f 6234/13/6 6235/13/6 6239/13/6 6238/13/6
f 6241/7/1 6244/7/1 6243/7/1 6242/7/1
f 6245/7/2 6246/7/2 6247/7/2 6248/7/2
f 6241/7/3 6242/7/3 6246/7/3 6245/7/3
f 6244/7/4 6248/7/4 6247/7/4 6243/7/4
f 6241/7/5 6245/7/5 6248/7/5 6244/7/5
f 6242/7/6 6243/7/6 6247/7/6 6246/7/6
f 6249/13/1 6252/13/1 6251/13/1 6250/13/1
f 6253/13/2 6254/13/2 6255/13/2 6256/13/2
f 6249/13/3 6250/13/3 6254/13/3 6253/13/3
f 6252/13/4 6256/13/4 6255/13/4 6251/13/4
f 6249/13/5 6253/13/5 6256/13/5 6252/13/5
f 6250/13/6 6251/13/6 6255/13/6 6254/13/6
f 6257/7/1 6260/7/1 6259/7/1 6258/7/1
f 6261/7/2 6262/7/2 6263/7/2 6264/7/2
f 6257/7/3 6258/7/3 6262/7/3 6261/7/3
f 6260/7/4 6264/7/4 6263/7/4 6259/7/4
f 6257/7/5 6261/7/5 6264/7/5 6260/7/5
f 6258/7/6 6259/7/6 6263/7/6 6262/7/6
f 6265/13/1 6268/13/1 6267/13/1 6266/13/1
f 6269/13/2 6270/13/2 6271/13/2 6272/13/2
f 6265/13/3 6266/13/3 6270/13/3 6269/13/3
f 6268/13/4 6272/13/4 6271/13/4 6267/13/4
f 6265/13/5 6269/13/5 6272/13/5 6268/13/5
f 6266/13/6 6267/13/6 6271/13/6 6270/13/6
f 6273/7/1 6276/7/1 6275/7/1 6274/7/1
f 6277/7/2 6278/7/2 6279/7/2 6280/7/2
f 6273/7/3 6274/7/3 6278/7/3 6277/7/3
f 6276/7/4 6280/7/4 6279/7/4 6275/7/4
f 6273/7/5 6277/7/5 6280/7/5 6276/7/5
f 6274/7/6 6275/7/6 6279/7/6 6278/7/6
f 6281/13/1 6284/13/1 6283/13/1 6282/13/1
f 6285/13/2 6286/13/2 6287/13/2 6288/13/2
f 6281/13/3 6282/13/3 6286/13/3 6285/13/3
f 6284/13/4 6288/13/4 6287/13/4 6283/13/4
f 6281/13/5 6285/13/5 6288/13/5 6284/13/5
f 6282/13/6 6283/13/6 6287/13/6 6286/13/6
f 6289/7/1 6292/7/1 6291/7/1 6290/7/1
f 6293/7/2 6294/7/2 6295/7/2 6296/7/2
f 6289/7/3 6290/7/3 6294/7/3 6293/7/3
f 6292/7/4 6296/7/4 6295/7/4 6291/7/4
f 6289/7/5 6293/7/5 6296/7/5 6292/7/5
f 6290/7/6 6291/7/6 6295/7/6 6294/7/6
f 6297/13/1 6300/13/1 6299/13/1 6298/13/1
f 6301/13/2 6302/13/2 6303/13/2 6304/13/2
f 6297/13/3 6298/13/3 6302/13/3 6301/13/3
f 6300/13/4 6304/13/4 6303/13/4 6299/13/4
f 6297/13/5 6301/13/5 6304/13/5 6300/13/5
f 6298/13/6 6299/13/6 6303/13/6 6302/13/6
f 6305/7/1 6308/7/1 6307/7/1 6306/7/1
f 6309/7/2 6310/7/2 6311/7/2 6312/7/2
f 6305/7/3 6306/7/3 6310/7/3 6309/7/3
f 6308/7/4 6312/7/4 6311/7/4 6307/7/4
f 6305/7/5 6309/7/5 6312/7/5 6308/7/5
f 6306/7/6 6307/7/6 6311/7/6 6310/7/6
f 6313/13/1 6316/13/1 6315/13/1 6314/13/1
f 6317/13/2 6318/13/2 6319/13/2 6320/13/2
f 6313/13/3 6314/13/3 6318/13/3 6317/13/3
f 6316/13/4 6320/13/4 6319/13/4 6315/13/4
f 6313/13/5 6317/13/5 6320/13/5 6316/13/5
f 6314/13/6 6315/13/6 6319/13/6 6318/13/6
f 6321/7/1 6324/7/1 6323/7/1 6322/7/1
f 6325/7/2 6326/7/2 6327/7/2 6328/7/2
f 6321/7/3 6322/7/3 6326/7/3 6325/7/3
f 6324/7/4 6328/7/4 6327/7/4 6323/7/4
f 6321/7/5 6325/7/5 6328/7/5 6324/7/5
f 6322/7/6 6323/7/6 6327/7/6 6326/7/6
f 6329/13/1 6332/13/1 6331/13/1 6330/13/1
f 6333/13/2 6334/13/2 6335/13/2 6336/13/2
f 6329/13/3 6330/13/3 6334/13/3 6333/13/3
f 6332/13/4 6336/13/4 6335/13/4 6331/13/4
f 6329/13/5 6333/13/5 6336/13/5 6332/13/5
f 6330/13/6 6331/13/6 6335/13/6 6334/13/6
f 6337/7/1 6340/7/1 6339/7/1 6338/7/1
f 6341/7/2 6342/7/2 6343/7/2 6344/7/2
f 6337/7/3 6338/7/3 6342/7/3 6341/7/3
f 6340/7/4 6344/7/4 6343/7/4 6339/7/4
f 6337/7/5 6341/7/5 6344/7/5 6340/7/5
f 6338/7/6 6339/7/6 6343/7/6 6342/7/6
f 6345/13/1 6348/13/1 6347/13/1 6346/13/1
f 6349/13/2 6350/13/2 6351/13/2 6352/13/2
f 6345/13/3 6346/13/3 6350/13/3 6349/13/3
f 6348/13/4 6352/13/4 6351/13/4 6347/13/4
f 6345/13/5 6349/13/5 6352/13/5 6348/13/5
f 6346/13/6 6347/13/6 6351/13/6 6350/13/6
f 6353/7/1 6356/7/1 6355/7/1 6354/7/1
f 6357/7/2 6358/7/2 6359/7/2 6360/7/2
f 6353/7/3 6354/7/3 6358/7/3 6357/7/3
f 6356/7/4 6360/7/4 6359/7/4 6355/7/4
f 6353/7/5 6357/7/5 6360/7/5 6356/7/5
f 6354/7/6 6355/7/6 6359/7/6 6358/7/6
f 6361/13/1 6364/13/1 6363/13/1 6362/13/1
f 6365/13/2 6366/13/2 6367/13/2 6368/13/2
f 6361/13/3 6362/13/3 6366/13/3 6365/13/3
f 6364/13/4 6368/13/4 6367/13/4 6363/13/4
f 6361/13/5 6365/13/5 6368/13/5 6364/13/5
f 6362/13/6 6363/13/6 6367/13/6 6366/13/6
f 6369/7/1 6372/7/1 6371/7/1 6370/7/1
f 6373/7/2 6374/7/2 6375/7/2 6376/7/2
f 6369/7/3 6370/7/3 6374/7/3 6373/7/3
f 6372/7/4 6376/7/4 6375/7/4 6371/7/4
f 6369/7/5 6373/7/5 6376/7/5 6372/7/5
f 6370/7/6 6371/7/6 6375/7/6 6374/7/6
f 6377/13/1 6380/13/1 6379/13/1 6378/13/1
f 6381/13/2 6382/13/2 6383/13/2 6384/13/2
f 6377/13/3 6378/13/3 6382/13/3 6381/13/3
f 6380/13/4 6384/13/4 6383/13/4 6379/13/4
f 6377/13/5 6381/13/5 6384/13/5 6380/13/5
f 6378/13/6 6379/13/6 6383/13/6 6382/13/6
f 6385/7/1 6388/7/1 6387/7/1 6386/7/1
f 6389/7/2 6390/7/2 6391/7/2 6392/7/2
f 6385/7/3 6386/7/3 6390/7/3 6389/7/3
f 6388/7/4 6392/7/4 6391/7/4 6387/7/4
f 6385/7/5 6389/7/5 6392/7/5 6388/7/5
f 6386/7/6 6387/7/6 6391/7/6 6390/7/6
f 6393/13/1 6396/13/1 6395/13/1 6394/13/1
f 6397/13/2 6398/13/2 6399/13/2 6400/13/2
f 6393/13/3 6394/13/3 6398/13/3 6397/13/3
f 6396/13/4 6400/13/4 6399/13/4 6395/13/4
f 6393/13/5 6397/13/5 6400/13/5 6396/13/5
f 6394/13/6 6395/13/6 6399/13/6 6398/13/6
f 6401/7/1 6404/7/1 6403/7/1 6402/7/1
f 6405/7/2 6406/7/2 6407/7/2 6408/7/2
f 6401/7/3 6402/7/3 6406/7/3 6405/7/3
f 6404/7/4 6408/7/4 6407/7/4 6403/7/4
f 6401/7/5 6405/7/5 6408/7/5 6404/7/5
f 6402/7/6 6403/7/6 6407/7/6 6406/7/6
f 6409/13/1 6412/13/1 6411/13/1 6410/13/1
f 6413/13/2 6414/13/2 6415/13/2 6416/13/2
f 6409/13/3 6410/13/3 6414/13/3 6413/13/3
f 6412/13/4 6416/13/4 6415/13/4 6411/13/4
f 6409/13/5 6413/13/5 6416/13/5 6412/13/5
f 6410/13/6 6411/13/6 6415/13/6 6414/13/6
f 6417/7/1 6420/7/1 6419/7/1 6418/7/1
f 6421/7/2 6422/7/2 6423/7/2 6424/7/2
f 6417/7/3 6418/7/3 6422/7/3 6421/7/3
f 6420/7/4 6424/7/4 6423/7/4 6419/7/4
f 6417/7/5 6421/7/5 6424/7/5 6420/7/5
f 6418/7/6 6419/7/6 6423/7/6 6422/7/6
f 6425/13/1 6428/13/1 6427/13/1 6426/13/1
f 6429/13/2 6430/13/2 6431/13/2 6432/13/2
f 6425/13/3 6426/13/3 6430/13/3 6429/13/3
f 6428/13/4 6432/13/4 6431/13/4 6427/13/4
f 6425/13/5 6429/13/5 6432/13/5 6428/13/5
f 6426/13/6 6427/13/6 6431/13/6 6430/13/6
f 6433/7/1 6436/7/1 6435/7/1 6434/7/1
f 6437/7/2 6438/7/2 6439/7/2 6440/7/2
f 6433/7/3 6434/7/3 6438/7/3 6437/7/3
f 6436/7/4 6440/7/4 6439/7/4 6435/7/4
f 6433/7/5 6437/7/5 6440/7/5 6436/7/5
f 6434/7/6 6435/7/6 6439/7/6 6438/7/6
f 6441/13/1 6444/13/1 6443/13/1 6442/13/1
f 6445/13/2 6446/13/2 6447/13/2 6448/13/2
f 6441/13/3 6442/13/3 6446/13/3 6445/13/3
f 6444/13/4 6448/13/4 6447/13/4 6443/13/4
f 6441/13/5 6445/13/5 6448/13/5 6444/13/5
f 6442/13/6 6443/13/6 6447/13/6 6446/13/6
f 6449/7/1 6452/7/1 6451/7/1 6450/7/1
f 6453/7/2 6454/7/2 6455/7/2 6456/7/2
f 6449/7/3 6450/7/3 6454/7/3 6453/7/3
f 6452/7/4 6456/7/4 6455/7/4 6451/7/4
f 6449/7/5 6453/7/5 6456/7/5 6452/7/5
f 6450/7/6 6451/7/6 6455/7/6 6454/7/6
f 6457/13/1 6460/13/1 6459/13/1 6458/13/1
f 6461/13/2 6462/13/2 6463/13/2 6464/13/2
f 6457/13/3 6458/13/3 6462/13/3 6461/13/3
f 6460/13/4 6464/13/4 6463/13/4 6459/13/4
f 6457/13/5 6461/13/5 6464/13/5 6460/13/5
f 6458/13/6 6459/13/6 6463/13/6 6462/13/6
f 6465/7/1 6468/7/1 6467/7/1 6466/7/1
f 6469/7/2 6470/7/2 6471/7/2 6472/7/2
f 6465/7/3 6466/7/3 6470/7/3 6469/7/3
f 6468/7/4 6472/7/4 6471/7/4 6467/7/4
f 6465/7/5 6469/7/5 6472/7/5 6468/7/5
f 6466/7/6 6467/7/6 6471/7/6 6470/7/6
f 6473/13/1 6476/13/1 6475/13/1 6474/13/1
f 6477/13/2 6478/13/2 6479/13/2 6480/13/2
f 6473/13/3 6474/13/3 6478/13/3 6477/13/3
f 6476/13/4 6480/13/4 6479/13/4 6475/13/4
f 6473/13/5 6477/13/5 6480/13/5 6476/13/5
f 6474/13/6 6475/13/6 6479/13/6 6478/13/6
f 6481/7/1 6484/7/1 6483/7/1 6482/7/1
f 6485/7/2 6486/7/2 6487/7/2 6488/7/2
f 6481/7/3 6482/7/3 6486/7/3 6485/7/3
f 6484/7/4 6488/7/4 6487/7/4 6483/7/4
f 6481/7/5 6485/7/5 6488/7/5 6484/7/5
f 6482/7/6 6483/7/6 6487/7/6 6486/7/6
f 6489/13/1 6492/13/1 6491/13/1 6490/13/1
f 6493/13/2 6494/13/2 6495/13/2 6496/13/2
f 6489/13/3 6490/13/3 6494/13/3 6493/13/3
f 6492/13/4 6496/13/4 6495/13/4 6491/13/4
f 6489/13/5 6493/13/5 6496/13/5 6492/13/5
f 6490/13/6 6491/13/6 6495/13/6 6494/13/6
f 6497/7/1 6500/7/1 6499/7/1 6498/7/1
f 6501/7/2 6502/7/2 6503/7/2 6504/7/2
f 6497/7/3 6498/7/3 6502/7/3 6501/7/3
f 6500/7/4 6504/7/4 6503/7/4 6499/7/4
f 6497/7/5 6501/7/5 6504/7/5 6500/7/5
f 6498/7/6 6499/7/6 6503/7/6 6502/7/6
f 6505/13/1 6508/13/1 6507/13/1 6506/13/1
f 6509/13/2 6510/13/2 6511/13/2 6512/13/2
f 6505/13/3 6506/13/3 6510/13/3 6509/13/3
f 6508/13/4 6512/13/4 6511/13/4 6507/13/4
f 6505/13/5 6509/13/5 6512/13/5 6508/13/5
f 6506/13/6 6507/13/6 6511/13/6 6510/13/6
f 6513/7/1 6516/7/1 6515/7/1 6514/7/1
f 6517/7/2 6518/7/2 6519/7/2 6520/7/2
f 6513/7/3 6514/7/3 6518/7/3 6517/7/3
f 6516/7/4 6520/7/4 6519/7/4 6515/7/4
f 6513/7/5 6517/7/5 6520/7/5 6516/7/5
f 6514/7/6 6515/7/6 6519/7/6 6518/7/6
f 6521/13/1 6524/13/1 6523/13/1 6522/13/1
f 6525/13/2 6526/13/2 6527/13/2 6528/13/2
f 6521/13/3 6522/13/3 6526/13/3 6525/13/3
f 6524/13/4 6528/13/4 6527/13/4 6523/13/4
f 6521/13/5 6525/13/5 6528/13/5 6524/13/5
f 6522/13/6 6523/13/6 6527/13/6 6526/13/6
f 6529/7/1 6532/7/1 6531/7/1 6530/7/1
f 6533/7/2 6534/7/2 6535/7/2 6536/7/2
f 6529/7/3 6530/7/3 6534/7/3 6533/7/3
f 6532/7/4 6536/7/4 6535/7/4 6531/7/4
f 6529/7/5 6533/7/5 6536/7/5 6532/7/5
f 6530/7/6 6531/7/6 6535/7/6 6534/7/6
f 6537/13/1 6540/13/1 6539/13/1 6538/13/1
f 6541/13/2 6542/13/2 6543/13/2 6544/13/2
f 6537/13/3 6538/13/3 6542/13/3 6541/13/3
f 6540/13/4 6544/13/4 6543/13/4 6539/13/4
f 6537/13/5 6541/13/5 6544/13/5 6540/13/5
f 6538/13/6 6539/13/6 6543/13/6 6542/13/6
f 6545/7/1 6548/7/1 6547/7/1 6546/7/1
f 6549/7/2 6550/7/2 6551/7/2 6552/7/2
f 6545/7/3 6546/7/3 6550/7/3 6549/7/3
f 6548/7/4 6552/7/4 6551/7/4 6547/7/4
f 6545/7/5 6549/7/5 6552/7/5 6548/7/5
f 6546/7/6 6547/7/6 6551/7/6 6550/7/6
f 6553/13/1 6556/13/1 6555/13/1 6554/13/1
f 6557/13/2 6558/13/2 6559/13/2 6560/13/2
f 6553/13/3 6554/13/3 6558/13/3 6557/13/3
f 6556/13/4 6560/13/4 6559/13/4 6555/13/4
f 6553/13/5 6557/13/5 6560/13/5 6556/13/5
f 6554/13/6 6555/13/6 6559/13/6 6558/13/6
o SHELL_ad
usemtl palette
f 6561/12/1 6564/12/1 6563/12/1 6562/12/1
f 6565/12/2 6566/12/2 6567/12/2 6568/12/2
f 6561/12/3 6562/12/3 6566/12/3 6565/12/3
f 6564/12/4 6568/12/4 6567/12/4 6563/12/4
f 6561/12/5 6565/12/5 6568/12/5 6564/12/5
f 6562/12/6 6563/12/6 6567/12/6 6566/12/6
f 6569/12/1 6572/12/1 6571/12/1 6570/12/1
f 6573/12/2 6574/12/2 6575/12/2 6576/12/2
f 6569/12/3 6570/12/3 6574/12/3 6573/12/3
f 6572/12/4 6576/12/4 6575/12/4 6571/12/4
f 6569/12/5 6573/12/5 6576/12/5 6572/12/5
f 6570/12/6 6571/12/6 6575/12/6 6574/12/6
f 6577/12/1 6580/12/1 6579/12/1 6578/12/1
f 6581/12/2 6582/12/2 6583/12/2 6584/12/2
f 6577/12/3 6578/12/3 6582/12/3 6581/12/3
f 6580/12/4 6584/12/4 6583/12/4 6579/12/4
f 6577/12/5 6581/12/5 6584/12/5 6580/12/5
f 6578/12/6 6579/12/6 6583/12/6 6582/12/6
f 6585/12/1 6588/12/1 6587/12/1 6586/12/1
f 6589/12/2 6590/12/2 6591/12/2 6592/12/2
f 6585/12/3 6586/12/3 6590/12/3 6589/12/3
f 6588/12/4 6592/12/4 6591/12/4 6587/12/4
f 6585/12/5 6589/12/5 6592/12/5 6588/12/5
f 6586/12/6 6587/12/6 6591/12/6 6590/12/6
o SEAT_7
usemtl palette
f 6593/48/1 6596/48/1 6595/48/1 6594/48/1
f 6597/48/2 6598/48/2 6599/48/2 6600/48/2
f 6593/48/3 6594/48/3 6598/48/3 6597/48/3
f 6596/48/4 6600/48/4 6599/48/4 6595/48/4
f 6593/48/5 6597/48/5 6600/48/5 6596/48/5
f 6594/48/6 6595/48/6 6599/48/6 6598/48/6
o SEAT_8
usemtl palette
f 6601/48/1 6604/48/1 6603/48/1 6602/48/1
f 6605/48/2 6606/48/2 6607/48/2 6608/48/2
f 6601/48/3 6602/48/3 6606/48/3 6605/48/3
f 6604/48/4 6608/48/4 6607/48/4 6603/48/4
f 6601/48/5 6605/48/5 6608/48/5 6604/48/5
f 6602/48/6 6603/48/6 6607/48/6 6606/48/6
o SEAT_9
usemtl palette
f 6609/48/1 6612/48/1 6611/48/1 6610/48/1
f 6613/48/2 6614/48/2 6615/48/2 6616/48/2
f 6609/48/3 6610/48/3 6614/48/3 6613/48/3
f 6612/48/4 6616/48/4 6615/48/4 6611/48/4
f 6609/48/5 6613/48/5 6616/48/5 6612/48/5
f 6610/48/6 6611/48/6 6615/48/6 6614/48/6
o SEAT_10
usemtl palette
f 6617/48/1 6620/48/1 6619/48/1 6618/48/1
f 6621/48/2 6622/48/2 6623/48/2 6624/48/2
f 6617/48/3 6618/48/3 6622/48/3 6621/48/3
f 6620/48/4 6624/48/4 6623/48/4 6619/48/4
f 6617/48/5 6621/48/5 6624/48/5 6620/48/5
f 6618/48/6 6619/48/6 6623/48/6 6622/48/6
o SEAT_11
usemtl palette
f 6625/16/1 6628/16/1 6627/16/1 6626/16/1
f 6629/16/2 6630/16/2 6631/16/2 6632/16/2
f 6625/16/3 6626/16/3 6630/16/3 6629/16/3
f 6628/16/4 6632/16/4 6631/16/4 6627/16/4
f 6625/16/5 6629/16/5 6632/16/5 6628/16/5
f 6626/16/6 6627/16/6 6631/16/6 6630/16/6
o SEAT_12
usemtl palette
f 6633/16/1 6636/16/1 6635/16/1 6634/16/1
f 6637/16/2 6638/16/2 6639/16/2 6640/16/2
f 6633/16/3 6634/16/3 6638/16/3 6637/16/3
f 6636/16/4 6640/16/4 6639/16/4 6635/16/4
f 6633/16/5 6637/16/5 6640/16/5 6636/16/5
f 6634/16/6 6635/16/6 6639/16/6 6638/16/6
o SEAT_13
usemtl palette
f 6641/16/1 6644/16/1 6643/16/1 6642/16/1
f 6645/16/2 6646/16/2 6647/16/2 6648/16/2
f 6641/16/3 6642/16/3 6646/16/3 6645/16/3
f 6644/16/4 6648/16/4 6647/16/4 6643/16/4
f 6641/16/5 6645/16/5 6648/16/5 6644/16/5
f 6642/16/6 6643/16/6 6647/16/6 6646/16/6
o SEAT_14
usemtl palette
f 6649/16/1 6652/16/1 6651/16/1 6650/16/1
f 6653/16/2 6654/16/2 6655/16/2 6656/16/2
f 6649/16/3 6650/16/3 6654/16/3 6653/16/3
f 6652/16/4 6656/16/4 6655/16/4 6651/16/4
f 6649/16/5 6653/16/5 6656/16/5 6652/16/5
f 6650/16/6 6651/16/6 6655/16/6 6654/16/6
o SEAT_15
usemtl palette
f 6657/48/1 6660/48/1 6659/48/1 6658/48/1
f 6661/48/2 6662/48/2 6663/48/2 6664/48/2
f 6657/48/3 6658/48/3 6662/48/3 6661/48/3
f 6660/48/4 6664/48/4 6663/48/4 6659/48/4
f 6657/48/5 6661/48/5 6664/48/5 6660/48/5
f 6658/48/6 6659/48/6 6663/48/6 6662/48/6
o SEAT_16
usemtl palette
f 6665/48/1 6668/48/1 6667/48/1 6666/48/1
f 6669/48/2 6670/48/2 6671/48/2 6672/48/2
f 6665/48/3 6666/48/3 6670/48/3 6669/48/3
f 6668/48/4 6672/48/4 6671/48/4 6667/48/4
f 6665/48/5 6669/48/5 6672/48/5 6668/48/5
f 6666/48/6 6667/48/6 6671/48/6 6670/48/6
o SEAT_17
usemtl palette
f 6673/48/1 6676/48/1 6675/48/1 6674/48/1
f 6677/48/2 6678/48/2 6679/48/2 6680/48/2
f 6673/48/3 6674/48/3 6678/48/3 6677/48/3
f 6676/48/4 6680/48/4 6679/48/4 6675/48/4
f 6673/48/5 6677/48/5 6680/48/5 6676/48/5
f 6674/48/6 6675/48/6 6679/48/6 6678/48/6
o SEAT_18
usemtl palette
f 6681/48/1 6684/48/1 6683/48/1 6682/48/1
f 6685/48/2 6686/48/2 6687/48/2 6688/48/2
f 6681/48/3 6682/48/3 6686/48/3 6685/48/3
f 6684/48/4 6688/48/4 6687/48/4 6683/48/4
f 6681/48/5 6685/48/5 6688/48/5 6684/48/5
f 6682/48/6 6683/48/6 6687/48/6 6686/48/6
o SEAT_19
usemtl palette
f 6689/48/1 6692/48/1 6691/48/1 6690/48/1
f 6693/48/2 6694/48/2 6695/48/2 6696/48/2
f 6689/48/3 6690/48/3 6694/48/3 6693/48/3
f 6692/48/4 6696/48/4 6695/48/4 6691/48/4
f 6689/48/5 6693/48/5 6696/48/5 6692/48/5
f 6690/48/6 6691/48/6 6695/48/6 6694/48/6
o SEAT_20
usemtl palette
f 6697/48/1 6700/48/1 6699/48/1 6698/48/1
f 6701/48/2 6702/48/2 6703/48/2 6704/48/2
f 6697/48/3 6698/48/3 6702/48/3 6701/48/3
f 6700/48/4 6704/48/4 6703/48/4 6699/48/4
f 6697/48/5 6701/48/5 6704/48/5 6700/48/5
f 6698/48/6 6699/48/6 6703/48/6 6702/48/6
o SEAT_21
usemtl palette
f 6705/16/1 6708/16/1 6707/16/1 6706/16/1
f 6709/16/2 6710/16/2 6711/16/2 6712/16/2
f 6705/16/3 6706/16/3 6710/16/3 6709/16/3
f 6708/16/4 6712/16/4 6711/16/4 6707/16/4
f 6705/16/5 6709/16/5 6712/16/5 6708/16/5
f 6706/16/6 6707/16/6 6711/16/6 6710/16/6
o SEAT_22
usemtl palette
f 6713/16/1 6716/16/1 6715/16/1 6714/16/1
f 6717/16/2 6718/16/2 6719/16/2 6720/16/2
f 6713/16/3 6714/16/3 6718/16/3 6717/16/3
f 6716/16/4 6720/16/4 6719/16/4 6715/16/4
f 6713/16/5 6717/16/5 6720/16/5 6716/16/5
f 6714/16/6 6715/16/6 6719/16/6 6718/16/6
o SEAT_23
usemtl palette
f 6721/48/1 6724/48/1 6723/48/1 6722/48/1
f 6725/48/2 6726/48/2 6727/48/2 6728/48/2
f 6721/48/3 6722/48/3 6726/48/3 6725/48/3
f 6724/48/4 6728/48/4 6727/48/4 6723/48/4
f 6721/48/5 6725/48/5 6728/48/5 6724/48/5
f 6722/48/6 6723/48/6 6727/48/6 6726/48/6
o SEAT_24
usemtl palette
f 6729/48/1 6732/48/1 6731/48/1 6730/48/1
f 6733/48/2 6734/48/2 6735/48/2 6736/48/2
f 6729/48/3 6730/48/3 6734/48/3 6733/48/3
f 6732/48/4 6736/48/4 6735/48/4 6731/48/4
f 6729/48/5 6733/48/5 6736/48/5 6732/48/5
f 6730/48/6 6731/48/6 6735/48/6 6734/48/6
o SEAT_25
usemtl palette
f 6737/48/1 6740/48/1 6739/48/1 6738/48/1
f 6741/48/2 6742/48/2 6743/48/2 6744/48/2
f 6737/48/3 6738/48/3 6742/48/3 6741/48/3
f 6740/48/4 6744/48/4 6743/48/4 6739/48/4
f 6737/48/5 6741/48/5 6744/48/5 6740/48/5
f 6738/48/6 6739/48/6 6743/48/6 6742/48/6
o SEAT_26
usemtl palette
f 6745/48/1 6748/48/1 6747/48/1 6746/48/1
f 6749/48/2 6750/48/2 6751/48/2 6752/48/2
f 6745/48/3 6746/48/3 6750/48/3 6749/48/3
f 6748/48/4 6752/48/4 6751/48/4 6747/48/4
f 6745/48/5 6749/48/5 6752/48/5 6748/48/5
f 6746/48/6 6747/48/6 6751/48/6 6750/48/6
o SEAT_27
usemtl palette
f 6753/48/1 6756/48/1 6755/48/1 6754/48/1
f 6757/48/2 6758/48/2 6759/48/2 6760/48/2
f 6753/48/3 6754/48/3 6758/48/3 6757/48/3
f 6756/48/4 6760/48/4 6759/48/4 6755/48/4
f 6753/48/5 6757/48/5 6760/48/5 6756/48/5
f 6754/48/6 6755/48/6 6759/48/6 6758/48/6
o SEAT_28
usemtl palette
f 6761/48/1 6764/48/1 6763/48/1 6762/48/1
f 6765/48/2 6766/48/2 6767/48/2 6768/48/2
f 6761/48/3 6762/48/3 6766/48/3 6765/48/3
f 6764/48/4 6768/48/4 6767/48/4 6763/48/4
f 6761/48/5 6765/48/5 6768/48/5 6764/48/5
f 6762/48/6 6763/48/6 6767/48/6 6766/48/6
o SHELL_pole
usemtl palette
f 6769/6/1 6772/6/1 6771/6/1 6770/6/1
f 6773/6/2 6774/6/2 6775/6/2 6776/6/2
f 6769/6/3 6770/6/3 6774/6/3 6773/6/3
f 6772/6/4 6776/6/4 6775/6/4 6771/6/4
f 6769/6/5 6773/6/5 6776/6/5 6772/6/5
f 6770/6/6 6771/6/6 6775/6/6 6774/6/6
f 6777/6/1 6780/6/1 6779/6/1 6778/6/1
f 6781/6/2 6782/6/2 6783/6/2 6784/6/2
f 6777/6/3 6778/6/3 6782/6/3 6781/6/3
f 6780/6/4 6784/6/4 6783/6/4 6779/6/4
f 6777/6/5 6781/6/5 6784/6/5 6780/6/5
f 6778/6/6 6779/6/6 6783/6/6 6782/6/6
f 6785/6/1 6788/6/1 6787/6/1 6786/6/1
f 6789/6/2 6790/6/2 6791/6/2 6792/6/2
f 6785/6/3 6786/6/3 6790/6/3 6789/6/3
f 6788/6/4 6792/6/4 6791/6/4 6787/6/4
f 6785/6/5 6789/6/5 6792/6/5 6788/6/5
f 6786/6/6 6787/6/6 6791/6/6 6790/6/6
f 6793/6/1 6796/6/1 6795/6/1 6794/6/1
f 6797/6/2 6798/6/2 6799/6/2 6800/6/2
f 6793/6/3 6794/6/3 6798/6/3 6797/6/3
f 6796/6/4 6800/6/4 6799/6/4 6795/6/4
f 6793/6/5 6797/6/5 6800/6/5 6796/6/5
f 6794/6/6 6795/6/6 6799/6/6 6798/6/6
f 6801/6/1 6804/6/1 6803/6/1 6802/6/1
f 6805/6/2 6806/6/2 6807/6/2 6808/6/2
f 6801/6/3 6802/6/3 6806/6/3 6805/6/3
f 6804/6/4 6808/6/4 6807/6/4 6803/6/4
f 6801/6/5 6805/6/5 6808/6/5 6804/6/5
f 6802/6/6 6803/6/6 6807/6/6 6806/6/6
o SHELL_ceil
usemtl palette
f 6809/19/1 6812/19/1 6811/19/1 6810/19/1
f 6813/19/2 6814/19/2 6815/19/2 6816/19/2
f 6809/19/3 6810/19/3 6814/19/3 6813/19/3
f 6812/19/4 6816/19/4 6815/19/4 6811/19/4
f 6809/19/5 6813/19/5 6816/19/5 6812/19/5
f 6810/19/6 6811/19/6 6815/19/6 6814/19/6
f 6817/30/1 6820/30/1 6819/30/1 6818/30/1
f 6821/30/2 6822/30/2 6823/30/2 6824/30/2
f 6817/30/3 6818/30/3 6822/30/3 6821/30/3
f 6820/30/4 6824/30/4 6823/30/4 6819/30/4
f 6817/30/5 6821/30/5 6824/30/5 6820/30/5
f 6818/30/6 6819/30/6 6823/30/6 6822/30/6
f 6825/30/1 6828/30/1 6827/30/1 6826/30/1
f 6829/30/2 6830/30/2 6831/30/2 6832/30/2
f 6825/30/3 6826/30/3 6830/30/3 6829/30/3
f 6828/30/4 6832/30/4 6831/30/4 6827/30/4
f 6825/30/5 6829/30/5 6832/30/5 6828/30/5
f 6826/30/6 6827/30/6 6831/30/6 6830/30/6
f 6833/30/1 6836/30/1 6835/30/1 6834/30/1
f 6837/30/2 6838/30/2 6839/30/2 6840/30/2
f 6833/30/3 6834/30/3 6838/30/3 6837/30/3
f 6836/30/4 6840/30/4 6839/30/4 6835/30/4
f 6833/30/5 6837/30/5 6840/30/5 6836/30/5
f 6834/30/6 6835/30/6 6839/30/6 6838/30/6
f 6841/30/1 6844/30/1 6843/30/1 6842/30/1
f 6845/30/2 6846/30/2 6847/30/2 6848/30/2
f 6841/30/3 6842/30/3 6846/30/3 6845/30/3
f 6844/30/4 6848/30/4 6847/30/4 6843/30/4
f 6841/30/5 6845/30/5 6848/30/5 6844/30/5
f 6842/30/6 6843/30/6 6847/30/6 6846/30/6
f 6849/30/1 6852/30/1 6851/30/1 6850/30/1
f 6853/30/2 6854/30/2 6855/30/2 6856/30/2
f 6849/30/3 6850/30/3 6854/30/3 6853/30/3
f 6852/30/4 6856/30/4 6855/30/4 6851/30/4
f 6849/30/5 6853/30/5 6856/30/5 6852/30/5
f 6850/30/6 6851/30/6 6855/30/6 6854/30/6
f 6857/19/1 6860/19/1 6859/19/1 6858/19/1
f 6861/19/2 6862/19/2 6863/19/2 6864/19/2
f 6857/19/3 6858/19/3 6862/19/3 6861/19/3
f 6860/19/4 6864/19/4 6863/19/4 6859/19/4
f 6857/19/5 6861/19/5 6864/19/5 6860/19/5
f 6858/19/6 6859/19/6 6863/19/6 6862/19/6
f 6865/30/1 6868/30/1 6867/30/1 6866/30/1
f 6869/30/2 6870/30/2 6871/30/2 6872/30/2
f 6865/30/3 6866/30/3 6870/30/3 6869/30/3
f 6868/30/4 6872/30/4 6871/30/4 6867/30/4
f 6865/30/5 6869/30/5 6872/30/5 6868/30/5
f 6866/30/6 6867/30/6 6871/30/6 6870/30/6
f 6873/30/1 6876/30/1 6875/30/1 6874/30/1
f 6877/30/2 6878/30/2 6879/30/2 6880/30/2
f 6873/30/3 6874/30/3 6878/30/3 6877/30/3
f 6876/30/4 6880/30/4 6879/30/4 6875/30/4
f 6873/30/5 6877/30/5 6880/30/5 6876/30/5
f 6874/30/6 6875/30/6 6879/30/6 6878/30/6
f 6881/30/1 6884/30/1 6883/30/1 6882/30/1
f 6885/30/2 6886/30/2 6887/30/2 6888/30/2
f 6881/30/3 6882/30/3 6886/30/3 6885/30/3
f 6884/30/4 6888/30/4 6887/30/4 6883/30/4
f 6881/30/5 6885/30/5 6888/30/5 6884/30/5
f 6882/30/6 6883/30/6 6887/30/6 6886/30/6
f 6889/30/1 6892/30/1 6891/30/1 6890/30/1
f 6893/30/2 6894/30/2 6895/30/2 6896/30/2
f 6889/30/3 6890/30/3 6894/30/3 6893/30/3
f 6892/30/4 6896/30/4 6895/30/4 6891/30/4
f 6889/30/5 6893/30/5 6896/30/5 6892/30/5
f 6890/30/6 6891/30/6 6895/30/6 6894/30/6
f 6897/50/1 6900/50/1 6899/50/1 6898/50/1
f 6901/50/2 6902/50/2 6903/50/2 6904/50/2
f 6897/50/3 6898/50/3 6902/50/3 6901/50/3
f 6900/50/4 6904/50/4 6903/50/4 6899/50/4
f 6897/50/5 6901/50/5 6904/50/5 6900/50/5
f 6898/50/6 6899/50/6 6903/50/6 6902/50/6
f 6905/19/1 6908/19/1 6907/19/1 6906/19/1
f 6909/19/2 6910/19/2 6911/19/2 6912/19/2
f 6905/19/3 6906/19/3 6910/19/3 6909/19/3
f 6908/19/4 6912/19/4 6911/19/4 6907/19/4
f 6905/19/5 6909/19/5 6912/19/5 6908/19/5
f 6906/19/6 6907/19/6 6911/19/6 6910/19/6
f 6913/30/1 6916/30/1 6915/30/1 6914/30/1
f 6917/30/2 6918/30/2 6919/30/2 6920/30/2
f 6913/30/3 6914/30/3 6918/30/3 6917/30/3
f 6916/30/4 6920/30/4 6919/30/4 6915/30/4
f 6913/30/5 6917/30/5 6920/30/5 6916/30/5
f 6914/30/6 6915/30/6 6919/30/6 6918/30/6
f 6921/30/1 6924/30/1 6923/30/1 6922/30/1
f 6925/30/2 6926/30/2 6927/30/2 6928/30/2
f 6921/30/3 6922/30/3 6926/30/3 6925/30/3
f 6924/30/4 6928/30/4 6927/30/4 6923/30/4
f 6921/30/5 6925/30/5 6928/30/5 6924/30/5
f 6922/30/6 6923/30/6 6927/30/6 6926/30/6
f 6929/30/1 6932/30/1 6931/30/1 6930/30/1
f 6933/30/2 6934/30/2 6935/30/2 6936/30/2
f 6929/30/3 6930/30/3 6934/30/3 6933/30/3
f 6932/30/4 6936/30/4 6935/30/4 6931/30/4
f 6929/30/5 6933/30/5 6936/30/5 6932/30/5
f 6930/30/6 6931/30/6 6935/30/6 6934/30/6
f 6937/30/1 6940/30/1 6939/30/1 6938/30/1
f 6941/30/2 6942/30/2 6943/30/2 6944/30/2
f 6937/30/3 6938/30/3 6942/30/3 6941/30/3
f 6940/30/4 6944/30/4 6943/30/4 6939/30/4
f 6937/30/5 6941/30/5 6944/30/5 6940/30/5
f 6938/30/6 6939/30/6 6943/30/6 6942/30/6
f 6945/30/1 6948/30/1 6947/30/1 6946/30/1
f 6949/30/2 6950/30/2 6951/30/2 6952/30/2
f 6945/30/3 6946/30/3 6950/30/3 6949/30/3
f 6948/30/4 6952/30/4 6951/30/4 6947/30/4
f 6945/30/5 6949/30/5 6952/30/5 6948/30/5
f 6946/30/6 6947/30/6 6951/30/6 6950/30/6
f 6953/19/1 6956/19/1 6955/19/1 6954/19/1
f 6957/19/2 6958/19/2 6959/19/2 6960/19/2
f 6953/19/3 6954/19/3 6958/19/3 6957/19/3
f 6956/19/4 6960/19/4 6959/19/4 6955/19/4
f 6953/19/5 6957/19/5 6960/19/5 6956/19/5
f 6954/19/6 6955/19/6 6959/19/6 6958/19/6
f 6961/30/1 6964/30/1 6963/30/1 6962/30/1
f 6965/30/2 6966/30/2 6967/30/2 6968/30/2
f 6961/30/3 6962/30/3 6966/30/3 6965/30/3
f 6964/30/4 6968/30/4 6967/30/4 6963/30/4
f 6961/30/5 6965/30/5 6968/30/5 6964/30/5
f 6962/30/6 6963/30/6 6967/30/6 6966/30/6
f 6969/30/1 6972/30/1 6971/30/1 6970/30/1
f 6973/30/2 6974/30/2 6975/30/2 6976/30/2
f 6969/30/3 6970/30/3 6974/30/3 6973/30/3
f 6972/30/4 6976/30/4 6975/30/4 6971/30/4
f 6969/30/5 6973/30/5 6976/30/5 6972/30/5
f 6970/30/6 6971/30/6 6975/30/6 6974/30/6
f 6977/30/1 6980/30/1 6979/30/1 6978/30/1
f 6981/30/2 6982/30/2 6983/30/2 6984/30/2
f 6977/30/3 6978/30/3 6982/30/3 6981/30/3
f 6980/30/4 6984/30/4 6983/30/4 6979/30/4
f 6977/30/5 6981/30/5 6984/30/5 6980/30/5
f 6978/30/6 6979/30/6 6983/30/6 6982/30/6
f 6985/30/1 6988/30/1 6987/30/1 6986/30/1
f 6989/30/2 6990/30/2 6991/30/2 6992/30/2
f 6985/30/3 6986/30/3 6990/30/3 6989/30/3
f 6988/30/4 6992/30/4 6991/30/4 6987/30/4
f 6985/30/5 6989/30/5 6992/30/5 6988/30/5
f 6986/30/6 6987/30/6 6991/30/6 6990/30/6
f 6993/19/1 6996/19/1 6995/19/1 6994/19/1
f 6997/19/2 6998/19/2 6999/19/2 7000/19/2
f 6993/19/3 6994/19/3 6998/19/3 6997/19/3
f 6996/19/4 7000/19/4 6999/19/4 6995/19/4
f 6993/19/5 6997/19/5 7000/19/5 6996/19/5
f 6994/19/6 6995/19/6 6999/19/6 6998/19/6
f 7001/30/1 7004/30/1 7003/30/1 7002/30/1
f 7005/30/2 7006/30/2 7007/30/2 7008/30/2
f 7001/30/3 7002/30/3 7006/30/3 7005/30/3
f 7004/30/4 7008/30/4 7007/30/4 7003/30/4
f 7001/30/5 7005/30/5 7008/30/5 7004/30/5
f 7002/30/6 7003/30/6 7007/30/6 7006/30/6
f 7009/30/1 7012/30/1 7011/30/1 7010/30/1
f 7013/30/2 7014/30/2 7015/30/2 7016/30/2
f 7009/30/3 7010/30/3 7014/30/3 7013/30/3
f 7012/30/4 7016/30/4 7015/30/4 7011/30/4
f 7009/30/5 7013/30/5 7016/30/5 7012/30/5
f 7010/30/6 7011/30/6 7015/30/6 7014/30/6
f 7017/30/1 7020/30/1 7019/30/1 7018/30/1
f 7021/30/2 7022/30/2 7023/30/2 7024/30/2
f 7017/30/3 7018/30/3 7022/30/3 7021/30/3
f 7020/30/4 7024/30/4 7023/30/4 7019/30/4
f 7017/30/5 7021/30/5 7024/30/5 7020/30/5
f 7018/30/6 7019/30/6 7023/30/6 7022/30/6
f 7025/30/1 7028/30/1 7027/30/1 7026/30/1
f 7029/30/2 7030/30/2 7031/30/2 7032/30/2
f 7025/30/3 7026/30/3 7030/30/3 7029/30/3
f 7028/30/4 7032/30/4 7031/30/4 7027/30/4
f 7025/30/5 7029/30/5 7032/30/5 7028/30/5
f 7026/30/6 7027/30/6 7031/30/6 7030/30/6
f 7033/50/1 7036/50/1 7035/50/1 7034/50/1
f 7037/50/2 7038/50/2 7039/50/2 7040/50/2
f 7033/50/3 7034/50/3 7038/50/3 7037/50/3
f 7036/50/4 7040/50/4 7039/50/4 7035/50/4
f 7033/50/5 7037/50/5 7040/50/5 7036/50/5
f 7034/50/6 7035/50/6 7039/50/6 7038/50/6
f 7041/30/1 7044/30/1 7043/30/1 7042/30/1
f 7045/30/2 7046/30/2 7047/30/2 7048/30/2
f 7041/30/3 7042/30/3 7046/30/3 7045/30/3
f 7044/30/4 7048/30/4 7047/30/4 7043/30/4
f 7041/30/5 7045/30/5 7048/30/5 7044/30/5
f 7042/30/6 7043/30/6 7047/30/6 7046/30/6
o SHELL_map
usemtl palette
f 7049/23/1 7052/23/1 7051/23/1 7050/23/1
f 7053/23/2 7054/23/2 7055/23/2 7056/23/2
f 7049/23/3 7050/23/3 7054/23/3 7053/23/3
f 7052/23/4 7056/23/4 7055/23/4 7051/23/4
f 7049/23/5 7053/23/5 7056/23/5 7052/23/5
f 7050/23/6 7051/23/6 7055/23/6 7054/23/6
f 7057/24/1 7060/24/1 7059/24/1 7058/24/1
f 7061/24/2 7062/24/2 7063/24/2 7064/24/2
f 7057/24/3 7058/24/3 7062/24/3 7061/24/3
f 7060/24/4 7064/24/4 7063/24/4 7059/24/4
f 7057/24/5 7061/24/5 7064/24/5 7060/24/5
f 7058/24/6 7059/24/6 7063/24/6 7062/24/6
f 7065/38/1 7068/38/1 7067/38/1 7066/38/1
f 7069/38/2 7070/38/2 7071/38/2 7072/38/2
f 7065/38/3 7066/38/3 7070/38/3 7069/38/3
f 7068/38/4 7072/38/4 7071/38/4 7067/38/4
f 7065/38/5 7069/38/5 7072/38/5 7068/38/5
f 7066/38/6 7067/38/6 7071/38/6 7070/38/6
f 7073/51/1 7076/51/1 7075/51/1 7074/51/1
f 7077/51/2 7078/51/2 7079/51/2 7080/51/2
f 7073/51/3 7074/51/3 7078/51/3 7077/51/3
f 7076/51/4 7080/51/4 7079/51/4 7075/51/4
f 7073/51/5 7077/51/5 7080/51/5 7076/51/5
f 7074/51/6 7075/51/6 7079/51/6 7078/51/6
f 7081/51/1 7084/51/1 7083/51/1 7082/51/1
f 7085/51/2 7086/51/2 7087/51/2 7088/51/2
f 7081/51/3 7082/51/3 7086/51/3 7085/51/3
f 7084/51/4 7088/51/4 7087/51/4 7083/51/4
f 7081/51/5 7085/51/5 7088/51/5 7084/51/5
f 7082/51/6 7083/51/6 7087/51/6 7086/51/6
f 7089/38/1 7092/38/1 7091/38/1 7090/38/1
f 7093/38/2 7094/38/2 7095/38/2 7096/38/2
f 7089/38/3 7090/38/3 7094/38/3 7093/38/3
f 7092/38/4 7096/38/4 7095/38/4 7091/38/4
f 7089/38/5 7093/38/5 7096/38/5 7092/38/5
f 7090/38/6 7091/38/6 7095/38/6 7094/38/6
f 7097/51/1 7100/51/1 7099/51/1 7098/51/1
f 7101/51/2 7102/51/2 7103/51/2 7104/51/2
f 7097/51/3 7098/51/3 7102/51/3 7101/51/3
f 7100/51/4 7104/51/4 7103/51/4 7099/51/4
f 7097/51/5 7101/51/5 7104/51/5 7100/51/5
f 7098/51/6 7099/51/6 7103/51/6 7102/51/6
f 7105/51/1 7108/51/1 7107/51/1 7106/51/1
f 7109/51/2 7110/51/2 7111/51/2 7112/51/2
f 7105/51/3 7106/51/3 7110/51/3 7109/51/3
f 7108/51/4 7112/51/4 7111/51/4 7107/51/4
f 7105/51/5 7109/51/5 7112/51/5 7108/51/5
f 7106/51/6 7107/51/6 7111/51/6 7110/51/6
f 7113/38/1 7116/38/1 7115/38/1 7114/38/1
f 7117/38/2 7118/38/2 7119/38/2 7120/38/2
f 7113/38/3 7114/38/3 7118/38/3 7117/38/3
f 7116/38/4 7120/38/4 7119/38/4 7115/38/4
f 7113/38/5 7117/38/5 7120/38/5 7116/38/5
f 7114/38/6 7115/38/6 7119/38/6 7118/38/6
f 7121/23/1 7124/23/1 7123/23/1 7122/23/1
f 7125/23/2 7126/23/2 7127/23/2 7128/23/2
f 7121/23/3 7122/23/3 7126/23/3 7125/23/3
f 7124/23/4 7128/23/4 7127/23/4 7123/23/4
f 7121/23/5 7125/23/5 7128/23/5 7124/23/5
f 7122/23/6 7123/23/6 7127/23/6 7126/23/6
f 7129/24/1 7132/24/1 7131/24/1 7130/24/1
f 7133/24/2 7134/24/2 7135/24/2 7136/24/2
f 7129/24/3 7130/24/3 7134/24/3 7133/24/3
f 7132/24/4 7136/24/4 7135/24/4 7131/24/4
f 7129/24/5 7133/24/5 7136/24/5 7132/24/5
f 7130/24/6 7131/24/6 7135/24/6 7134/24/6
f 7137/38/1 7140/38/1 7139/38/1 7138/38/1
f 7141/38/2 7142/38/2 7143/38/2 7144/38/2
f 7137/38/3 7138/38/3 7142/38/3 7141/38/3
f 7140/38/4 7144/38/4 7143/38/4 7139/38/4
f 7137/38/5 7141/38/5 7144/38/5 7140/38/5
f 7138/38/6 7139/38/6 7143/38/6 7142/38/6
f 7145/51/1 7148/51/1 7147/51/1 7146/51/1
f 7149/51/2 7150/51/2 7151/51/2 7152/51/2
f 7145/51/3 7146/51/3 7150/51/3 7149/51/3
f 7148/51/4 7152/51/4 7151/51/4 7147/51/4
f 7145/51/5 7149/51/5 7152/51/5 7148/51/5
f 7146/51/6 7147/51/6 7151/51/6 7150/51/6
f 7153/51/1 7156/51/1 7155/51/1 7154/51/1
f 7157/51/2 7158/51/2 7159/51/2 7160/51/2
f 7153/51/3 7154/51/3 7158/51/3 7157/51/3
f 7156/51/4 7160/51/4 7159/51/4 7155/51/4
f 7153/51/5 7157/51/5 7160/51/5 7156/51/5
f 7154/51/6 7155/51/6 7159/51/6 7158/51/6
f 7161/38/1 7164/38/1 7163/38/1 7162/38/1
f 7165/38/2 7166/38/2 7167/38/2 7168/38/2
f 7161/38/3 7162/38/3 7166/38/3 7165/38/3
f 7164/38/4 7168/38/4 7167/38/4 7163/38/4
f 7161/38/5 7165/38/5 7168/38/5 7164/38/5
f 7162/38/6 7163/38/6 7167/38/6 7166/38/6
f 7169/51/1 7172/51/1 7171/51/1 7170/51/1
f 7173/51/2 7174/51/2 7175/51/2 7176/51/2
f 7169/51/3 7170/51/3 7174/51/3 7173/51/3
f 7172/51/4 7176/51/4 7175/51/4 7171/51/4
f 7169/51/5 7173/51/5 7176/51/5 7172/51/5
f 7170/51/6 7171/51/6 7175/51/6 7174/51/6
f 7177/51/1 7180/51/1 7179/51/1 7178/51/1
f 7181/51/2 7182/51/2 7183/51/2 7184/51/2
f 7177/51/3 7178/51/3 7182/51/3 7181/51/3
f 7180/51/4 7184/51/4 7183/51/4 7179/51/4
f 7177/51/5 7181/51/5 7184/51/5 7180/51/5
f 7178/51/6 7179/51/6 7183/51/6 7182/51/6
f 7185/38/1 7188/38/1 7187/38/1 7186/38/1
f 7189/38/2 7190/38/2 7191/38/2 7192/38/2
f 7185/38/3 7186/38/3 7190/38/3 7189/38/3
f 7188/38/4 7192/38/4 7191/38/4 7187/38/4
f 7185/38/5 7189/38/5 7192/38/5 7188/38/5
f 7186/38/6 7187/38/6 7191/38/6 7190/38/6
o SHELL_safety
usemtl palette
f 7193/20/1 7196/20/1 7195/20/1 7194/20/1
f 7197/20/2 7198/20/2 7199/20/2 7200/20/2
f 7193/20/3 7194/20/3 7198/20/3 7197/20/3
f 7196/20/4 7200/20/4 7199/20/4 7195/20/4
f 7193/20/5 7197/20/5 7200/20/5 7196/20/5
f 7194/20/6 7195/20/6 7199/20/6 7198/20/6
f 7201/50/1 7204/50/1 7203/50/1 7202/50/1
f 7205/50/2 7206/50/2 7207/50/2 7208/50/2
f 7201/50/3 7202/50/3 7206/50/3 7205/50/3
f 7204/50/4 7208/50/4 7207/50/4 7203/50/4
f 7201/50/5 7205/50/5 7208/50/5 7204/50/5
f 7202/50/6 7203/50/6 7207/50/6 7206/50/6
f 7209/13/1 7212/13/1 7211/13/1 7210/13/1
f 7213/13/2 7214/13/2 7215/13/2 7216/13/2
f 7209/13/3 7210/13/3 7214/13/3 7213/13/3
f 7212/13/4 7216/13/4 7215/13/4 7211/13/4
f 7209/13/5 7213/13/5 7216/13/5 7212/13/5
f 7210/13/6 7211/13/6 7215/13/6 7214/13/6
f 7217/38/1 7220/38/1 7219/38/1 7218/38/1
f 7221/38/2 7222/38/2 7223/38/2 7224/38/2
f 7217/38/3 7218/38/3 7222/38/3 7221/38/3
f 7220/38/4 7224/38/4 7223/38/4 7219/38/4
f 7217/38/5 7221/38/5 7224/38/5 7220/38/5
f 7218/38/6 7219/38/6 7223/38/6 7222/38/6
f 7225/20/1 7228/20/1 7227/20/1 7226/20/1
f 7229/20/2 7230/20/2 7231/20/2 7232/20/2
f 7225/20/3 7226/20/3 7230/20/3 7229/20/3
f 7228/20/4 7232/20/4 7231/20/4 7227/20/4
f 7225/20/5 7229/20/5 7232/20/5 7228/20/5
f 7226/20/6 7227/20/6 7231/20/6 7230/20/6
f 7233/50/1 7236/50/1 7235/50/1 7234/50/1
f 7237/50/2 7238/50/2 7239/50/2 7240/50/2
f 7233/50/3 7234/50/3 7238/50/3 7237/50/3
f 7236/50/4 7240/50/4 7239/50/4 7235/50/4
f 7233/50/5 7237/50/5 7240/50/5 7236/50/5
f 7234/50/6 7235/50/6 7239/50/6 7238/50/6
f 7241/13/1 7244/13/1 7243/13/1 7242/13/1
f 7245/13/2 7246/13/2 7247/13/2 7248/13/2
f 7241/13/3 7242/13/3 7246/13/3 7245/13/3
f 7244/13/4 7248/13/4 7247/13/4 7243/13/4
f 7241/13/5 7245/13/5 7248/13/5 7244/13/5
f 7242/13/6 7243/13/6 7247/13/6 7246/13/6
f 7249/38/1 7252/38/1 7251/38/1 7250/38/1
f 7253/38/2 7254/38/2 7255/38/2 7256/38/2
f 7249/38/3 7250/38/3 7254/38/3 7253/38/3
f 7252/38/4 7256/38/4 7255/38/4 7251/38/4
f 7249/38/5 7253/38/5 7256/38/5 7252/38/5
f 7250/38/6 7251/38/6 7255/38/6 7254/38/6
o SHELL_cabwall
usemtl palette
f 7257/12/1 7260/12/1 7259/12/1 7258/12/1
f 7261/12/2 7262/12/2 7263/12/2 7264/12/2
f 7257/12/3 7258/12/3 7262/12/3 7261/12/3
f 7260/12/4 7264/12/4 7263/12/4 7259/12/4
f 7257/12/5 7261/12/5 7264/12/5 7260/12/5
f 7258/12/6 7259/12/6 7263/12/6 7262/12/6
f 7265/12/1 7268/12/1 7267/12/1 7266/12/1
f 7269/12/2 7270/12/2 7271/12/2 7272/12/2
f 7265/12/3 7266/12/3 7270/12/3 7269/12/3
f 7268/12/4 7272/12/4 7271/12/4 7267/12/4
f 7265/12/5 7269/12/5 7272/12/5 7268/12/5
f 7266/12/6 7267/12/6 7271/12/6 7270/12/6
f 7273/12/1 7276/12/1 7275/12/1 7274/12/1
f 7277/12/2 7278/12/2 7279/12/2 7280/12/2
f 7273/12/3 7274/12/3 7278/12/3 7277/12/3
f 7276/12/4 7280/12/4 7279/12/4 7275/12/4
f 7273/12/5 7277/12/5 7280/12/5 7276/12/5
f 7274/12/6 7275/12/6 7279/12/6 7278/12/6
o SHELL_desk
usemtl palette
f 7281/11/1 7284/11/1 7283/11/1 7282/11/1
f 7285/11/2 7286/11/2 7287/11/2 7288/11/2
f 7281/11/3 7282/11/3 7286/11/3 7285/11/3
f 7284/11/4 7288/11/4 7287/11/4 7283/11/4
f 7281/11/5 7285/11/5 7288/11/5 7284/11/5
f 7282/11/6 7283/11/6 7287/11/6 7286/11/6
f 7289/30/1 7292/30/1 7291/30/1 7290/30/1
f 7293/30/2 7294/30/2 7295/30/2 7296/30/2
f 7289/30/3 7290/30/3 7294/30/3 7293/30/3
f 7292/30/4 7296/30/4 7295/30/4 7291/30/4
f 7289/30/5 7293/30/5 7296/30/5 7292/30/5
f 7290/30/6 7291/30/6 7295/30/6 7294/30/6
f 7297/10/1 7300/10/1 7299/10/1 7298/10/1
f 7301/10/2 7302/10/2 7303/10/2 7304/10/2
f 7297/10/3 7298/10/3 7302/10/3 7301/10/3
f 7300/10/4 7304/10/4 7303/10/4 7299/10/4
f 7297/10/5 7301/10/5 7304/10/5 7300/10/5
f 7298/10/6 7299/10/6 7303/10/6 7302/10/6
f 7305/14/1 7308/14/1 7307/14/1 7306/14/1
f 7309/14/2 7310/14/2 7311/14/2 7312/14/2
f 7305/14/3 7306/14/3 7310/14/3 7309/14/3
f 7308/14/4 7312/14/4 7311/14/4 7307/14/4
f 7305/14/5 7309/14/5 7312/14/5 7308/14/5
f 7306/14/6 7307/14/6 7311/14/6 7310/14/6
f 7313/10/1 7316/10/1 7315/10/1 7314/10/1
f 7317/10/2 7318/10/2 7319/10/2 7320/10/2
f 7313/10/3 7314/10/3 7318/10/3 7317/10/3
f 7316/10/4 7320/10/4 7319/10/4 7315/10/4
f 7313/10/5 7317/10/5 7320/10/5 7316/10/5
f 7314/10/6 7315/10/6 7319/10/6 7318/10/6
f 7321/46/1 7324/46/1 7323/46/1 7322/46/1
f 7325/46/2 7326/46/2 7327/46/2 7328/46/2
f 7321/46/3 7322/46/3 7326/46/3 7325/46/3
f 7324/46/4 7328/46/4 7327/46/4 7323/46/4
f 7321/46/5 7325/46/5 7328/46/5 7324/46/5
f 7322/46/6 7323/46/6 7327/46/6 7326/46/6
o THROTTLE_1_TL_0.12_X
usemtl palette
f 7329/35/1 7332/35/1 7331/35/1 7330/35/1
f 7333/35/2 7334/35/2 7335/35/2 7336/35/2
f 7329/35/3 7330/35/3 7334/35/3 7333/35/3
f 7332/35/4 7336/35/4 7335/35/4 7331/35/4
f 7329/35/5 7333/35/5 7336/35/5 7332/35/5
f 7330/35/6 7331/35/6 7335/35/6 7334/35/6
f 7337/50/1 7340/50/1 7339/50/1 7338/50/1
f 7341/50/2 7342/50/2 7343/50/2 7344/50/2
f 7337/50/3 7338/50/3 7342/50/3 7341/50/3
f 7340/50/4 7344/50/4 7343/50/4 7339/50/4
f 7337/50/5 7341/50/5 7344/50/5 7340/50/5
f 7338/50/6 7339/50/6 7343/50/6 7342/50/6
o TRAIN_BRAKE_1_TL_0.12_X
usemtl palette
f 7345/35/1 7348/35/1 7347/35/1 7346/35/1
f 7349/35/2 7350/35/2 7351/35/2 7352/35/2
f 7345/35/3 7346/35/3 7350/35/3 7349/35/3
f 7348/35/4 7352/35/4 7351/35/4 7347/35/4
f 7345/35/5 7349/35/5 7352/35/5 7348/35/5
f 7346/35/6 7347/35/6 7351/35/6 7350/35/6
f 7353/38/1 7356/38/1 7355/38/1 7354/38/1
f 7357/38/2 7358/38/2 7359/38/2 7360/38/2
f 7353/38/3 7354/38/3 7358/38/3 7357/38/3
f 7356/38/4 7360/38/4 7359/38/4 7355/38/4
f 7353/38/5 7357/38/5 7360/38/5 7356/38/5
f 7354/38/6 7355/38/6 7359/38/6 7358/38/6
o REVERSER_1_TL_0.08_X
usemtl palette
f 7361/13/1 7364/13/1 7363/13/1 7362/13/1
f 7365/13/2 7366/13/2 7367/13/2 7368/13/2
f 7361/13/3 7362/13/3 7366/13/3 7365/13/3
f 7364/13/4 7368/13/4 7367/13/4 7363/13/4
f 7361/13/5 7365/13/5 7368/13/5 7364/13/5
f 7362/13/6 7363/13/6 7367/13/6 7366/13/6
o HORN_CONTROL_1_PRESS
usemtl palette
f 7369/38/1 7372/38/1 7371/38/1 7370/38/1
f 7373/38/2 7374/38/2 7375/38/2 7376/38/2
f 7369/38/3 7370/38/3 7374/38/3 7373/38/3
f 7372/38/4 7376/38/4 7375/38/4 7371/38/4
f 7369/38/5 7373/38/5 7376/38/5 7372/38/5
f 7370/38/6 7371/38/6 7375/38/6 7374/38/6
o BELL_CONTROL_1_PRESS
usemtl palette
f 7377/13/1 7380/13/1 7379/13/1 7378/13/1
f 7381/13/2 7382/13/2 7383/13/2 7384/13/2
f 7377/13/3 7378/13/3 7382/13/3 7381/13/3
f 7380/13/4 7384/13/4 7383/13/4 7379/13/4
f 7377/13/5 7381/13/5 7384/13/5 7380/13/5
f 7378/13/6 7379/13/6 7383/13/6 7382/13/6
o SHELL_cabseat
usemtl palette
f 7385/36/1 7388/36/1 7387/36/1 7386/36/1
f 7389/36/2 7390/36/2 7391/36/2 7392/36/2
f 7385/36/3 7386/36/3 7390/36/3 7389/36/3
f 7388/36/4 7392/36/4 7391/36/4 7387/36/4
f 7385/36/5 7389/36/5 7392/36/5 7388/36/5
f 7386/36/6 7387/36/6 7391/36/6 7390/36/6
f 7393/7/1 7396/7/1 7395/7/1 7394/7/1
f 7397/7/2 7398/7/2 7399/7/2 7400/7/2
f 7393/7/3 7394/7/3 7398/7/3 7397/7/3
f 7396/7/4 7400/7/4 7399/7/4 7395/7/4
f 7393/7/5 7397/7/5 7400/7/5 7396/7/5
f 7394/7/6 7395/7/6 7399/7/6 7398/7/6
f 7401/36/1 7404/36/1 7403/36/1 7402/36/1
f 7405/36/2 7406/36/2 7407/36/2 7408/36/2
f 7401/36/3 7402/36/3 7406/36/3 7405/36/3
f 7404/36/4 7408/36/4 7407/36/4 7403/36/4
f 7401/36/5 7405/36/5 7408/36/5 7404/36/5
f 7402/36/6 7403/36/6 7407/36/6 7406/36/6
o SEAT_29
usemtl palette
f 7409/7/1 7412/7/1 7411/7/1 7410/7/1
f 7413/7/2 7414/7/2 7415/7/2 7416/7/2
f 7409/7/3 7410/7/3 7414/7/3 7413/7/3
f 7412/7/4 7416/7/4 7415/7/4 7411/7/4
f 7409/7/5 7413/7/5 7416/7/5 7412/7/5
f 7410/7/6 7411/7/6 7415/7/6 7414/7/6
o SEAT_30
usemtl palette
f 7417/7/1 7420/7/1 7419/7/1 7418/7/1
f 7421/7/2 7422/7/2 7423/7/2 7424/7/2
f 7417/7/3 7418/7/3 7422/7/3 7421/7/3
f 7420/7/4 7424/7/4 7423/7/4 7419/7/4
f 7417/7/5 7421/7/5 7424/7/5 7420/7/5
f 7418/7/6 7419/7/6 7423/7/6 7422/7/6
