# Pride Rail - yui_rail_car (generated by tools/voxtrain.py; Blockbench project in blockbench/)
mtllib yui_rail_car.mtl
v -7.0000 -0.9500 0.6200
v -6.5000 -0.9500 0.6200
v -6.5000 -0.8500 0.6200
v -7.0000 -0.8500 0.6200
v -7.0000 -0.9500 1.1280
v -6.5000 -0.9500 1.1280
v -6.5000 -0.8500 1.1280
v -7.0000 -0.8500 1.1280
v -7.0000 -0.9500 -1.1280
v -6.5000 -0.9500 -1.1280
v -6.5000 -0.8500 -1.1280
v -7.0000 -0.8500 -1.1280
v -7.0000 -0.9500 -0.6200
v -6.5000 -0.9500 -0.6200
v -6.5000 -0.8500 -0.6200
v -7.0000 -0.8500 -0.6200
v -6.5000 -0.9500 0.6200
v 6.5000 -0.9500 0.6200
v 6.5000 -0.8500 0.6200
v -6.5000 -0.8500 0.6200
v -6.5000 -0.9500 1.1630
v 6.5000 -0.9500 1.1630
v 6.5000 -0.8500 1.1630
v -6.5000 -0.8500 1.1630
v -6.5000 -0.9500 -1.1630
v 6.5000 -0.9500 -1.1630
v 6.5000 -0.8500 -1.1630
v -6.5000 -0.8500 -1.1630
v -6.5000 -0.9500 -0.6200
v 6.5000 -0.9500 -0.6200
v 6.5000 -0.8500 -0.6200
v -6.5000 -0.8500 -0.6200
v 6.5000 -0.9500 0.6200
v 7.0000 -0.9500 0.6200
v 7.0000 -0.8500 0.6200
v 6.5000 -0.8500 0.6200
v 6.5000 -0.9500 1.1280
v 7.0000 -0.9500 1.1280
v 7.0000 -0.8500 1.1280
v 6.5000 -0.8500 1.1280
v 6.5000 -0.9500 -1.1280
v 7.0000 -0.9500 -1.1280
v 7.0000 -0.8500 -1.1280
v 6.5000 -0.8500 -1.1280
v 6.5000 -0.9500 -0.6200
v 7.0000 -0.9500 -0.6200
v 7.0000 -0.8500 -0.6200
v 6.5000 -0.8500 -0.6200
v -7.0000 -0.8500 0.6200
v -6.7500 -0.8500 0.6200
v -6.7500 -0.7500 0.6200
v -7.0000 -0.7500 0.6200
v -7.0000 -0.8500 1.0990
v -6.7500 -0.8500 1.0990
v -6.7500 -0.7500 1.0990
v -7.0000 -0.7500 1.0990
v -7.0000 -0.8500 -1.0990
v -6.7500 -0.8500 -1.0990
v -6.7500 -0.7500 -1.0990
v -7.0000 -0.7500 -1.0990
v -7.0000 -0.8500 -0.6200
v -6.7500 -0.8500 -0.6200
v -6.7500 -0.7500 -0.6200
v -7.0000 -0.7500 -0.6200
v -6.7500 -0.8500 0.6200
v -6.6250 -0.8500 0.6200
v -6.6250 -0.7500 0.6200
v -6.7500 -0.7500 0.6200
v -6.7500 -0.8500 1.1590
v -6.6250 -0.8500 1.1590
v -6.6250 -0.7500 1.1590
v -6.7500 -0.7500 1.1590
v -6.7500 -0.8500 -1.1590
v -6.6250 -0.8500 -1.1590
v -6.6250 -0.7500 -1.1590
v -6.7500 -0.7500 -1.1590
v -6.7500 -0.8500 -0.6200
v -6.6250 -0.8500 -0.6200
v -6.6250 -0.7500 -0.6200
v -6.7500 -0.7500 -0.6200
v -6.6250 -0.8500 0.6200
v -6.5000 -0.8500 0.6200
v -6.5000 -0.7500 0.6200
v -6.6250 -0.7500 0.6200
v -6.6250 -0.8500 1.1540
v -6.5000 -0.8500 1.1540
v -6.5000 -0.7500 1.1540
v -6.6250 -0.7500 1.1540
v -6.6250 -0.8500 -1.1540
v -6.5000 -0.8500 -1.1540
v -6.5000 -0.7500 -1.1540
v -6.6250 -0.7500 -1.1540
v -6.6250 -0.8500 -0.6200
v -6.5000 -0.8500 -0.6200
v -6.5000 -0.7500 -0.6200
v -6.6250 -0.7500 -0.6200
v -6.5000 -0.8500 0.6200
v -2.2500 -0.8500 0.6200
v -2.2500 -0.7500 0.6200
v -6.5000 -0.7500 0.6200
v -6.5000 -0.8500 1.1890
v -2.2500 -0.8500 1.1890
v -2.2500 -0.7500 1.1890
v -6.5000 -0.7500 1.1890
v -6.5000 -0.8500 -1.1890
v -2.2500 -0.8500 -1.1890
v -2.2500 -0.7500 -1.1890
v -6.5000 -0.7500 -1.1890
v -6.5000 -0.8500 -0.6200
v -2.2500 -0.8500 -0.6200
v -2.2500 -0.7500 -0.6200
v -6.5000 -0.7500 -0.6200
v -2.2500 -0.8500 0.6200
v -2.1250 -0.8500 0.6200
v -2.1250 -0.7500 0.6200
v -2.2500 -0.7500 0.6200
v -2.2500 -0.8500 1.1890
v -2.1250 -0.8500 1.1890
v -2.1250 -0.7500 1.1890
v -2.2500 -0.7500 1.1890
v -2.2500 -0.8500 -1.1890
v -2.1250 -0.8500 -1.1890
v -2.1250 -0.7500 -1.1890
v -2.2500 -0.7500 -1.1890
v -2.2500 -0.8500 -0.6200
v -2.1250 -0.8500 -0.6200
v -2.1250 -0.7500 -0.6200
v -2.2500 -0.7500 -0.6200
v -2.1250 -0.8500 0.6200
v 4.3750 -0.8500 0.6200
v 4.3750 -0.7500 0.6200
v -2.1250 -0.7500 0.6200
v -2.1250 -0.8500 1.1890
v 4.3750 -0.8500 1.1890
v 4.3750 -0.7500 1.1890
v -2.1250 -0.7500 1.1890
v -2.1250 -0.8500 -1.1890
v 4.3750 -0.8500 -1.1890
v 4.3750 -0.7500 -1.1890
v -2.1250 -0.7500 -1.1890
v -2.1250 -0.8500 -0.6200
v 4.3750 -0.8500 -0.6200
v 4.3750 -0.7500 -0.6200
v -2.1250 -0.7500 -0.6200
v 4.3750 -0.8500 0.6200
v 4.5000 -0.8500 0.6200
v 4.5000 -0.7500 0.6200
v 4.3750 -0.7500 0.6200
v 4.3750 -0.8500 1.1890
v 4.5000 -0.8500 1.1890
v 4.5000 -0.7500 1.1890
v 4.3750 -0.7500 1.1890
v 4.3750 -0.8500 -1.1890
v 4.5000 -0.8500 -1.1890
v 4.5000 -0.7500 -1.1890
v 4.3750 -0.7500 -1.1890
v 4.3750 -0.8500 -0.6200
v 4.5000 -0.8500 -0.6200
v 4.5000 -0.7500 -0.6200
v 4.3750 -0.7500 -0.6200
v 4.5000 -0.8500 0.6200
v 6.5000 -0.8500 0.6200
v 6.5000 -0.7500 0.6200
v 4.5000 -0.7500 0.6200
v 4.5000 -0.8500 1.1890
v 6.5000 -0.8500 1.1890
v 6.5000 -0.7500 1.1890
v 4.5000 -0.7500 1.1890
v 4.5000 -0.8500 -1.1890
v 6.5000 -0.8500 -1.1890
v 6.5000 -0.7500 -1.1890
v 4.5000 -0.7500 -1.1890
v 4.5000 -0.8500 -0.6200
v 6.5000 -0.8500 -0.6200
v 6.5000 -0.7500 -0.6200
v 4.5000 -0.7500 -0.6200
v 6.5000 -0.8500 0.6200
v 6.6250 -0.8500 0.6200
v 6.6250 -0.7500 0.6200
v 6.5000 -0.7500 0.6200
v 6.5000 -0.8500 1.1540
v 6.6250 -0.8500 1.1540
v 6.6250 -0.7500 1.1540
v 6.5000 -0.7500 1.1540
v 6.5000 -0.8500 -1.1540
v 6.6250 -0.8500 -1.1540
v 6.6250 -0.7500 -1.1540
v 6.5000 -0.7500 -1.1540
v 6.5000 -0.8500 -0.6200
v 6.6250 -0.8500 -0.6200
v 6.6250 -0.7500 -0.6200
v 6.5000 -0.7500 -0.6200
v 6.6250 -0.8500 0.6200
v 6.7500 -0.8500 0.6200
v 6.7500 -0.7500 0.6200
v 6.6250 -0.7500 0.6200
v 6.6250 -0.8500 1.1590
v 6.7500 -0.8500 1.1590
v 6.7500 -0.7500 1.1590
v 6.6250 -0.7500 1.1590
v 6.6250 -0.8500 -1.1590
v 6.7500 -0.8500 -1.1590
v 6.7500 -0.7500 -1.1590
v 6.6250 -0.7500 -1.1590
v 6.6250 -0.8500 -0.6200
v 6.7500 -0.8500 -0.6200
v 6.7500 -0.7500 -0.6200
v 6.6250 -0.7500 -0.6200
v 6.7500 -0.8500 0.6200
v 7.0000 -0.8500 0.6200
v 7.0000 -0.7500 0.6200
v 6.7500 -0.7500 0.6200
v 6.7500 -0.8500 1.0990
v 7.0000 -0.8500 1.0990
v 7.0000 -0.7500 1.0990
v 6.7500 -0.7500 1.0990
v 6.7500 -0.8500 -1.0990
v 7.0000 -0.8500 -1.0990
v 7.0000 -0.7500 -1.0990
v 6.7500 -0.7500 -1.0990
v 6.7500 -0.8500 -0.6200
v 7.0000 -0.8500 -0.6200
v 7.0000 -0.7500 -0.6200
v 6.7500 -0.7500 -0.6200
v -7.0000 -0.7500 0.6200
v -6.7500 -0.7500 0.6200
v -6.7500 -0.6500 0.6200
v -7.0000 -0.6500 0.6200
v -7.0000 -0.7500 1.1260
v -6.7500 -0.7500 1.1260
v -6.7500 -0.6500 1.1260
v -7.0000 -0.6500 1.1260
v -7.0000 -0.7500 -1.1260
v -6.7500 -0.7500 -1.1260
v -6.7500 -0.6500 -1.1260
v -7.0000 -0.6500 -1.1260
v -7.0000 -0.7500 -0.6200
v -6.7500 -0.7500 -0.6200
v -6.7500 -0.6500 -0.6200
v -7.0000 -0.6500 -0.6200
v -6.7500 -0.7500 0.6200
v -6.6250 -0.7500 0.6200
v -6.6250 -0.6500 0.6200
v -6.7500 -0.6500 0.6200
v -6.7500 -0.7500 1.1860
v -6.6250 -0.7500 1.1860
v -6.6250 -0.6500 1.1860
v -6.7500 -0.6500 1.1860
v -6.7500 -0.7500 -1.1860
v -6.6250 -0.7500 -1.1860
v -6.6250 -0.6500 -1.1860
v -6.7500 -0.6500 -1.1860
v -6.7500 -0.7500 -0.6200
v -6.6250 -0.7500 -0.6200
v -6.6250 -0.6500 -0.6200
v -6.7500 -0.6500 -0.6200
v -6.6250 -0.7500 0.6200
v -6.5000 -0.7500 0.6200
v -6.5000 -0.6500 0.6200
v -6.6250 -0.6500 0.6200
v -6.6250 -0.7500 1.1810
v -6.5000 -0.7500 1.1810
v -6.5000 -0.6500 1.1810
v -6.6250 -0.6500 1.1810
v -6.6250 -0.7500 -1.1810
v -6.5000 -0.7500 -1.1810
v -6.5000 -0.6500 -1.1810
v -6.6250 -0.6500 -1.1810
v -6.6250 -0.7500 -0.6200
v -6.5000 -0.7500 -0.6200
v -6.5000 -0.6500 -0.6200
v -6.6250 -0.6500 -0.6200
v -6.5000 -0.7500 0.6200
v -2.2500 -0.7500 0.6200
v -2.2500 -0.6500 0.6200
v -6.5000 -0.6500 0.6200
v -6.5000 -0.7500 1.2160
v -2.2500 -0.7500 1.2160
v -2.2500 -0.6500 1.2160
v -6.5000 -0.6500 1.2160
v -6.5000 -0.7500 -1.2160
v -2.2500 -0.7500 -1.2160
v -2.2500 -0.6500 -1.2160
v -6.5000 -0.6500 -1.2160
v -6.5000 -0.7500 -0.6200
v -2.2500 -0.7500 -0.6200
v -2.2500 -0.6500 -0.6200
v -6.5000 -0.6500 -0.6200
v -2.2500 -0.7500 0.6200
v -2.1250 -0.7500 0.6200
v -2.1250 -0.6500 0.6200
v -2.2500 -0.6500 0.6200
v -2.2500 -0.7500 1.2160
v -2.1250 -0.7500 1.2160
v -2.1250 -0.6500 1.2160
v -2.2500 -0.6500 1.2160
v -2.2500 -0.7500 -1.2160
v -2.1250 -0.7500 -1.2160
v -2.1250 -0.6500 -1.2160
v -2.2500 -0.6500 -1.2160
v -2.2500 -0.7500 -0.6200
v -2.1250 -0.7500 -0.6200
v -2.1250 -0.6500 -0.6200
v -2.2500 -0.6500 -0.6200
v -2.1250 -0.7500 0.6200
v 4.3750 -0.7500 0.6200
v 4.3750 -0.6500 0.6200
v -2.1250 -0.6500 0.6200
v -2.1250 -0.7500 1.2160
v 4.3750 -0.7500 1.2160
v 4.3750 -0.6500 1.2160
v -2.1250 -0.6500 1.2160
v -2.1250 -0.7500 -1.2160
v 4.3750 -0.7500 -1.2160
v 4.3750 -0.6500 -1.2160
v -2.1250 -0.6500 -1.2160
v -2.1250 -0.7500 -0.6200
v 4.3750 -0.7500 -0.6200
v 4.3750 -0.6500 -0.6200
v -2.1250 -0.6500 -0.6200
v 4.3750 -0.7500 0.6200
v 4.5000 -0.7500 0.6200
v 4.5000 -0.6500 0.6200
v 4.3750 -0.6500 0.6200
v 4.3750 -0.7500 1.2160
v 4.5000 -0.7500 1.2160
v 4.5000 -0.6500 1.2160
v 4.3750 -0.6500 1.2160
v 4.3750 -0.7500 -1.2160
v 4.5000 -0.7500 -1.2160
v 4.5000 -0.6500 -1.2160
v 4.3750 -0.6500 -1.2160
v 4.3750 -0.7500 -0.6200
v 4.5000 -0.7500 -0.6200
v 4.5000 -0.6500 -0.6200
v 4.3750 -0.6500 -0.6200
v 4.5000 -0.7500 0.6200
v 6.5000 -0.7500 0.6200
v 6.5000 -0.6500 0.6200
v 4.5000 -0.6500 0.6200
v 4.5000 -0.7500 1.2160
v 6.5000 -0.7500 1.2160
v 6.5000 -0.6500 1.2160
v 4.5000 -0.6500 1.2160
v 4.5000 -0.7500 -1.2160
v 6.5000 -0.7500 -1.2160
v 6.5000 -0.6500 -1.2160
v 4.5000 -0.6500 -1.2160
v 4.5000 -0.7500 -0.6200
v 6.5000 -0.7500 -0.6200
v 6.5000 -0.6500 -0.6200
v 4.5000 -0.6500 -0.6200
v 6.5000 -0.7500 0.6200
v 6.6250 -0.7500 0.6200
v 6.6250 -0.6500 0.6200
v 6.5000 -0.6500 0.6200
v 6.5000 -0.7500 1.1810
v 6.6250 -0.7500 1.1810
v 6.6250 -0.6500 1.1810
v 6.5000 -0.6500 1.1810
v 6.5000 -0.7500 -1.1810
v 6.6250 -0.7500 -1.1810
v 6.6250 -0.6500 -1.1810
v 6.5000 -0.6500 -1.1810
v 6.5000 -0.7500 -0.6200
v 6.6250 -0.7500 -0.6200
v 6.6250 -0.6500 -0.6200
v 6.5000 -0.6500 -0.6200
v 6.6250 -0.7500 0.6200
v 6.7500 -0.7500 0.6200
v 6.7500 -0.6500 0.6200
v 6.6250 -0.6500 0.6200
v 6.6250 -0.7500 1.1860
v 6.7500 -0.7500 1.1860
v 6.7500 -0.6500 1.1860
v 6.6250 -0.6500 1.1860
v 6.6250 -0.7500 -1.1860
v 6.7500 -0.7500 -1.1860
v 6.7500 -0.6500 -1.1860
v 6.6250 -0.6500 -1.1860
v 6.6250 -0.7500 -0.6200
v 6.7500 -0.7500 -0.6200
v 6.7500 -0.6500 -0.6200
v 6.6250 -0.6500 -0.6200
v 6.7500 -0.7500 0.6200
v 7.0000 -0.7500 0.6200
v 7.0000 -0.6500 0.6200
v 6.7500 -0.6500 0.6200
v 6.7500 -0.7500 1.1260
v 7.0000 -0.7500 1.1260
v 7.0000 -0.6500 1.1260
v 6.7500 -0.6500 1.1260
v 6.7500 -0.7500 -1.1260
v 7.0000 -0.7500 -1.1260
v 7.0000 -0.6500 -1.1260
v 6.7500 -0.6500 -1.1260
v 6.7500 -0.7500 -0.6200
v 7.0000 -0.7500 -0.6200
v 7.0000 -0.6500 -0.6200
v 6.7500 -0.6500 -0.6200
v -7.0000 -0.6500 0.6200
v -6.7500 -0.6500 0.6200
v -6.7500 -0.5500 0.6200
v -7.0000 -0.5500 0.6200
v -7.0000 -0.6500 1.1520
v -6.7500 -0.6500 1.1520
v -6.7500 -0.5500 1.1520
v -7.0000 -0.5500 1.1520
v -7.0000 -0.6500 -1.1520
v -6.7500 -0.6500 -1.1520
v -6.7500 -0.5500 -1.1520
v -7.0000 -0.5500 -1.1520
v -7.0000 -0.6500 -0.6200
v -6.7500 -0.6500 -0.6200
v -6.7500 -0.5500 -0.6200
v -7.0000 -0.5500 -0.6200
v -6.7500 -0.6500 0.6200
v -6.6250 -0.6500 0.6200
v -6.6250 -0.5500 0.6200
v -6.7500 -0.5500 0.6200
v -6.7500 -0.6500 1.2120
v -6.6250 -0.6500 1.2120
v -6.6250 -0.5500 1.2120
v -6.7500 -0.5500 1.2120
v -6.7500 -0.6500 -1.2120
v -6.6250 -0.6500 -1.2120
v -6.6250 -0.5500 -1.2120
v -6.7500 -0.5500 -1.2120
v -6.7500 -0.6500 -0.6200
v -6.6250 -0.6500 -0.6200
v -6.6250 -0.5500 -0.6200
v -6.7500 -0.5500 -0.6200
v -6.6250 -0.6500 0.6200
v -6.5000 -0.6500 0.6200
v -6.5000 -0.5500 0.6200
v -6.6250 -0.5500 0.6200
v -6.6250 -0.6500 1.2070
v -6.5000 -0.6500 1.2070
v -6.5000 -0.5500 1.2070
v -6.6250 -0.5500 1.2070
v -6.6250 -0.6500 -1.2070
v -6.5000 -0.6500 -1.2070
v -6.5000 -0.5500 -1.2070
v -6.6250 -0.5500 -1.2070
v -6.6250 -0.6500 -0.6200
v -6.5000 -0.6500 -0.6200
v -6.5000 -0.5500 -0.6200
v -6.6250 -0.5500 -0.6200
v -6.5000 -0.6500 0.6200
v -2.2500 -0.6500 0.6200
v -2.2500 -0.5500 0.6200
v -6.5000 -0.5500 0.6200
v -6.5000 -0.6500 1.2420
v -2.2500 -0.6500 1.2420
v -2.2500 -0.5500 1.2420
v -6.5000 -0.5500 1.2420
v -6.5000 -0.6500 -1.2420
v -2.2500 -0.6500 -1.2420
v -2.2500 -0.5500 -1.2420
v -6.5000 -0.5500 -1.2420
v -6.5000 -0.6500 -0.6200
v -2.2500 -0.6500 -0.6200
v -2.2500 -0.5500 -0.6200
v -6.5000 -0.5500 -0.6200
v -2.2500 -0.6500 0.6200
v -2.1250 -0.6500 0.6200
v -2.1250 -0.5500 0.6200
v -2.2500 -0.5500 0.6200
v -2.2500 -0.6500 1.2420
v -2.1250 -0.6500 1.2420
v -2.1250 -0.5500 1.2420
v -2.2500 -0.5500 1.2420
v -2.2500 -0.6500 -1.2420
v -2.1250 -0.6500 -1.2420
v -2.1250 -0.5500 -1.2420
v -2.2500 -0.5500 -1.2420
v -2.2500 -0.6500 -0.6200
v -2.1250 -0.6500 -0.6200
v -2.1250 -0.5500 -0.6200
v -2.2500 -0.5500 -0.6200
v -2.1250 -0.6500 0.6200
v 4.3750 -0.6500 0.6200
v 4.3750 -0.5500 0.6200
v -2.1250 -0.5500 0.6200
v -2.1250 -0.6500 1.2420
v 4.3750 -0.6500 1.2420
v 4.3750 -0.5500 1.2420
v -2.1250 -0.5500 1.2420
v -2.1250 -0.6500 -1.2420
v 4.3750 -0.6500 -1.2420
v 4.3750 -0.5500 -1.2420
v -2.1250 -0.5500 -1.2420
v -2.1250 -0.6500 -0.6200
v 4.3750 -0.6500 -0.6200
v 4.3750 -0.5500 -0.6200
v -2.1250 -0.5500 -0.6200
v 4.3750 -0.6500 0.6200
v 4.5000 -0.6500 0.6200
v 4.5000 -0.5500 0.6200
v 4.3750 -0.5500 0.6200
v 4.3750 -0.6500 1.2420
v 4.5000 -0.6500 1.2420
v 4.5000 -0.5500 1.2420
v 4.3750 -0.5500 1.2420
v 4.3750 -0.6500 -1.2420
v 4.5000 -0.6500 -1.2420
v 4.5000 -0.5500 -1.2420
v 4.3750 -0.5500 -1.2420
v 4.3750 -0.6500 -0.6200
v 4.5000 -0.6500 -0.6200
v 4.5000 -0.5500 -0.6200
v 4.3750 -0.5500 -0.6200
v 4.5000 -0.6500 0.6200
v 6.5000 -0.6500 0.6200
v 6.5000 -0.5500 0.6200
v 4.5000 -0.5500 0.6200
v 4.5000 -0.6500 1.2420
v 6.5000 -0.6500 1.2420
v 6.5000 -0.5500 1.2420
v 4.5000 -0.5500 1.2420
v 4.5000 -0.6500 -1.2420
v 6.5000 -0.6500 -1.2420
v 6.5000 -0.5500 -1.2420
v 4.5000 -0.5500 -1.2420
v 4.5000 -0.6500 -0.6200
v 6.5000 -0.6500 -0.6200
v 6.5000 -0.5500 -0.6200
v 4.5000 -0.5500 -0.6200
v 6.5000 -0.6500 0.6200
v 6.6250 -0.6500 0.6200
v 6.6250 -0.5500 0.6200
v 6.5000 -0.5500 0.6200
v 6.5000 -0.6500 1.2070
v 6.6250 -0.6500 1.2070
v 6.6250 -0.5500 1.2070
v 6.5000 -0.5500 1.2070
v 6.5000 -0.6500 -1.2070
v 6.6250 -0.6500 -1.2070
v 6.6250 -0.5500 -1.2070
v 6.5000 -0.5500 -1.2070
v 6.5000 -0.6500 -0.6200
v 6.6250 -0.6500 -0.6200
v 6.6250 -0.5500 -0.6200
v 6.5000 -0.5500 -0.6200
v 6.6250 -0.6500 0.6200
v 6.7500 -0.6500 0.6200
v 6.7500 -0.5500 0.6200
v 6.6250 -0.5500 0.6200
v 6.6250 -0.6500 1.2120
v 6.7500 -0.6500 1.2120
v 6.7500 -0.5500 1.2120
v 6.6250 -0.5500 1.2120
v 6.6250 -0.6500 -1.2120
v 6.7500 -0.6500 -1.2120
v 6.7500 -0.5500 -1.2120
v 6.6250 -0.5500 -1.2120
v 6.6250 -0.6500 -0.6200
v 6.7500 -0.6500 -0.6200
v 6.7500 -0.5500 -0.6200
v 6.6250 -0.5500 -0.6200
v 6.7500 -0.6500 0.6200
v 7.0000 -0.6500 0.6200
v 7.0000 -0.5500 0.6200
v 6.7500 -0.5500 0.6200
v 6.7500 -0.6500 1.1520
v 7.0000 -0.6500 1.1520
v 7.0000 -0.5500 1.1520
v 6.7500 -0.5500 1.1520
v 6.7500 -0.6500 -1.1520
v 7.0000 -0.6500 -1.1520
v 7.0000 -0.5500 -1.1520
v 6.7500 -0.5500 -1.1520
v 6.7500 -0.6500 -0.6200
v 7.0000 -0.6500 -0.6200
v 7.0000 -0.5500 -0.6200
v 6.7500 -0.5500 -0.6200
v -7.0000 -0.5500 0.6200
v -6.7500 -0.5500 0.6200
v -6.7500 -0.4500 0.6200
v -7.0000 -0.4500 0.6200
v -7.0000 -0.5500 1.1780
v -6.7500 -0.5500 1.1780
v -6.7500 -0.4500 1.1780
v -7.0000 -0.4500 1.1780
v -7.0000 -0.5500 -1.1780
v -6.7500 -0.5500 -1.1780
v -6.7500 -0.4500 -1.1780
v -7.0000 -0.4500 -1.1780
v -7.0000 -0.5500 -0.6200
v -6.7500 -0.5500 -0.6200
v -6.7500 -0.4500 -0.6200
v -7.0000 -0.4500 -0.6200
v -6.7500 -0.5500 0.6200
v -6.6250 -0.5500 0.6200
v -6.6250 -0.4500 0.6200
v -6.7500 -0.4500 0.6200
v -6.7500 -0.5500 1.2380
v -6.6250 -0.5500 1.2380
v -6.6250 -0.4500 1.2380
v -6.7500 -0.4500 1.2380
v -6.7500 -0.5500 -1.2380
v -6.6250 -0.5500 -1.2380
v -6.6250 -0.4500 -1.2380
v -6.7500 -0.4500 -1.2380
v -6.7500 -0.5500 -0.6200
v -6.6250 -0.5500 -0.6200
v -6.6250 -0.4500 -0.6200
v -6.7500 -0.4500 -0.6200
v -6.6250 -0.5500 0.6200
v -6.5000 -0.5500 0.6200
v -6.5000 -0.4500 0.6200
v -6.6250 -0.4500 0.6200
v -6.6250 -0.5500 1.2330
v -6.5000 -0.5500 1.2330
v -6.5000 -0.4500 1.2330
v -6.6250 -0.4500 1.2330
v -6.6250 -0.5500 -1.2330
v -6.5000 -0.5500 -1.2330
v -6.5000 -0.4500 -1.2330
v -6.6250 -0.4500 -1.2330
v -6.6250 -0.5500 -0.6200
v -6.5000 -0.5500 -0.6200
v -6.5000 -0.4500 -0.6200
v -6.6250 -0.4500 -0.6200
v -6.5000 -0.5500 0.6200
v -2.2500 -0.5500 0.6200
v -2.2500 -0.4500 0.6200
v -6.5000 -0.4500 0.6200
v -6.5000 -0.5500 1.2680
v -2.2500 -0.5500 1.2680
v -2.2500 -0.4500 1.2680
v -6.5000 -0.4500 1.2680
v -6.5000 -0.5500 -1.2680
v -2.2500 -0.5500 -1.2680
v -2.2500 -0.4500 -1.2680
v -6.5000 -0.4500 -1.2680
v -6.5000 -0.5500 -0.6200
v -2.2500 -0.5500 -0.6200
v -2.2500 -0.4500 -0.6200
v -6.5000 -0.4500 -0.6200
v -2.2500 -0.5500 0.6200
v -2.1250 -0.5500 0.6200
v -2.1250 -0.4500 0.6200
v -2.2500 -0.4500 0.6200
v -2.2500 -0.5500 1.2680
v -2.1250 -0.5500 1.2680
v -2.1250 -0.4500 1.2680
v -2.2500 -0.4500 1.2680
v -2.2500 -0.5500 -1.2680
v -2.1250 -0.5500 -1.2680
v -2.1250 -0.4500 -1.2680
v -2.2500 -0.4500 -1.2680
v -2.2500 -0.5500 -0.6200
v -2.1250 -0.5500 -0.6200
v -2.1250 -0.4500 -0.6200
v -2.2500 -0.4500 -0.6200
v -2.1250 -0.5500 0.6200
v 4.3750 -0.5500 0.6200
v 4.3750 -0.4500 0.6200
v -2.1250 -0.4500 0.6200
v -2.1250 -0.5500 1.2680
v 4.3750 -0.5500 1.2680
v 4.3750 -0.4500 1.2680
v -2.1250 -0.4500 1.2680
v -2.1250 -0.5500 -1.2680
v 4.3750 -0.5500 -1.2680
v 4.3750 -0.4500 -1.2680
v -2.1250 -0.4500 -1.2680
v -2.1250 -0.5500 -0.6200
v 4.3750 -0.5500 -0.6200
v 4.3750 -0.4500 -0.6200
v -2.1250 -0.4500 -0.6200
v 4.3750 -0.5500 0.6200
v 4.5000 -0.5500 0.6200
v 4.5000 -0.4500 0.6200
v 4.3750 -0.4500 0.6200
v 4.3750 -0.5500 1.2680
v 4.5000 -0.5500 1.2680
v 4.5000 -0.4500 1.2680
v 4.3750 -0.4500 1.2680
v 4.3750 -0.5500 -1.2680
v 4.5000 -0.5500 -1.2680
v 4.5000 -0.4500 -1.2680
v 4.3750 -0.4500 -1.2680
v 4.3750 -0.5500 -0.6200
v 4.5000 -0.5500 -0.6200
v 4.5000 -0.4500 -0.6200
v 4.3750 -0.4500 -0.6200
v 4.5000 -0.5500 0.6200
v 6.5000 -0.5500 0.6200
v 6.5000 -0.4500 0.6200
v 4.5000 -0.4500 0.6200
v 4.5000 -0.5500 1.2680
v 6.5000 -0.5500 1.2680
v 6.5000 -0.4500 1.2680
v 4.5000 -0.4500 1.2680
v 4.5000 -0.5500 -1.2680
v 6.5000 -0.5500 -1.2680
v 6.5000 -0.4500 -1.2680
v 4.5000 -0.4500 -1.2680
v 4.5000 -0.5500 -0.6200
v 6.5000 -0.5500 -0.6200
v 6.5000 -0.4500 -0.6200
v 4.5000 -0.4500 -0.6200
v 6.5000 -0.5500 0.6200
v 6.6250 -0.5500 0.6200
v 6.6250 -0.4500 0.6200
v 6.5000 -0.4500 0.6200
v 6.5000 -0.5500 1.2330
v 6.6250 -0.5500 1.2330
v 6.6250 -0.4500 1.2330
v 6.5000 -0.4500 1.2330
v 6.5000 -0.5500 -1.2330
v 6.6250 -0.5500 -1.2330
v 6.6250 -0.4500 -1.2330
v 6.5000 -0.4500 -1.2330
v 6.5000 -0.5500 -0.6200
v 6.6250 -0.5500 -0.6200
v 6.6250 -0.4500 -0.6200
v 6.5000 -0.4500 -0.6200
v 6.6250 -0.5500 0.6200
v 6.7500 -0.5500 0.6200
v 6.7500 -0.4500 0.6200
v 6.6250 -0.4500 0.6200
v 6.6250 -0.5500 1.2380
v 6.7500 -0.5500 1.2380
v 6.7500 -0.4500 1.2380
v 6.6250 -0.4500 1.2380
v 6.6250 -0.5500 -1.2380
v 6.7500 -0.5500 -1.2380
v 6.7500 -0.4500 -1.2380
v 6.6250 -0.4500 -1.2380
v 6.6250 -0.5500 -0.6200
v 6.7500 -0.5500 -0.6200
v 6.7500 -0.4500 -0.6200
v 6.6250 -0.4500 -0.6200
v 6.7500 -0.5500 0.6200
v 7.0000 -0.5500 0.6200
v 7.0000 -0.4500 0.6200
v 6.7500 -0.4500 0.6200
v 6.7500 -0.5500 1.1780
v 7.0000 -0.5500 1.1780
v 7.0000 -0.4500 1.1780
v 6.7500 -0.4500 1.1780
v 6.7500 -0.5500 -1.1780
v 7.0000 -0.5500 -1.1780
v 7.0000 -0.4500 -1.1780
v 6.7500 -0.4500 -1.1780
v 6.7500 -0.5500 -0.6200
v 7.0000 -0.5500 -0.6200
v 7.0000 -0.4500 -0.6200
v 6.7500 -0.4500 -0.6200
v -7.0000 -0.4500 0.6200
v -6.7500 -0.4500 0.6200
v -6.7500 -0.3500 0.6200
v -7.0000 -0.3500 0.6200
v -7.0000 -0.4500 1.2050
v -6.7500 -0.4500 1.2050
v -6.7500 -0.3500 1.2050
v -7.0000 -0.3500 1.2050
v -7.0000 -0.4500 -1.2050
v -6.7500 -0.4500 -1.2050
v -6.7500 -0.3500 -1.2050
v -7.0000 -0.3500 -1.2050
v -7.0000 -0.4500 -0.6200
v -6.7500 -0.4500 -0.6200
v -6.7500 -0.3500 -0.6200
v -7.0000 -0.3500 -0.6200
v -6.7500 -0.4500 0.6200
v -6.6250 -0.4500 0.6200
v -6.6250 -0.3500 0.6200
v -6.7500 -0.3500 0.6200
v -6.7500 -0.4500 1.2650
v -6.6250 -0.4500 1.2650
v -6.6250 -0.3500 1.2650
v -6.7500 -0.3500 1.2650
v -6.7500 -0.4500 -1.2650
v -6.6250 -0.4500 -1.2650
v -6.6250 -0.3500 -1.2650
v -6.7500 -0.3500 -1.2650
v -6.7500 -0.4500 -0.6200
v -6.6250 -0.4500 -0.6200
v -6.6250 -0.3500 -0.6200
v -6.7500 -0.3500 -0.6200
v -6.6250 -0.4500 0.6200
v -6.5000 -0.4500 0.6200
v -6.5000 -0.3500 0.6200
v -6.6250 -0.3500 0.6200
v -6.6250 -0.4500 1.2600
v -6.5000 -0.4500 1.2600
v -6.5000 -0.3500 1.2600
v -6.6250 -0.3500 1.2600
v -6.6250 -0.4500 -1.2600
v -6.5000 -0.4500 -1.2600
v -6.5000 -0.3500 -1.2600
v -6.6250 -0.3500 -1.2600
v -6.6250 -0.4500 -0.6200
v -6.5000 -0.4500 -0.6200
v -6.5000 -0.3500 -0.6200
v -6.6250 -0.3500 -0.6200
v -6.5000 -0.4500 0.6200
v -2.2500 -0.4500 0.6200
v -2.2500 -0.3500 0.6200
v -6.5000 -0.3500 0.6200
v -6.5000 -0.4500 1.2950
v -2.2500 -0.4500 1.2950
v -2.2500 -0.3500 1.2950
v -6.5000 -0.3500 1.2950
v -6.5000 -0.4500 -1.2950
v -2.2500 -0.4500 -1.2950
v -2.2500 -0.3500 -1.2950
v -6.5000 -0.3500 -1.2950
v -6.5000 -0.4500 -0.6200
v -2.2500 -0.4500 -0.6200
v -2.2500 -0.3500 -0.6200
v -6.5000 -0.3500 -0.6200
v -2.2500 -0.4500 0.6200
v -2.1250 -0.4500 0.6200
v -2.1250 -0.3500 0.6200
v -2.2500 -0.3500 0.6200
v -2.2500 -0.4500 1.2950
v -2.1250 -0.4500 1.2950
v -2.1250 -0.3500 1.2950
v -2.2500 -0.3500 1.2950
v -2.2500 -0.4500 -1.2950
v -2.1250 -0.4500 -1.2950
v -2.1250 -0.3500 -1.2950
v -2.2500 -0.3500 -1.2950
v -2.2500 -0.4500 -0.6200
v -2.1250 -0.4500 -0.6200
v -2.1250 -0.3500 -0.6200
v -2.2500 -0.3500 -0.6200
v -2.1250 -0.4500 0.6200
v 4.3750 -0.4500 0.6200
v 4.3750 -0.3500 0.6200
v -2.1250 -0.3500 0.6200
v -2.1250 -0.4500 1.2950
v 4.3750 -0.4500 1.2950
v 4.3750 -0.3500 1.2950
v -2.1250 -0.3500 1.2950
v -2.1250 -0.4500 -1.2950
v 4.3750 -0.4500 -1.2950
v 4.3750 -0.3500 -1.2950
v -2.1250 -0.3500 -1.2950
v -2.1250 -0.4500 -0.6200
v 4.3750 -0.4500 -0.6200
v 4.3750 -0.3500 -0.6200
v -2.1250 -0.3500 -0.6200
v 4.3750 -0.4500 0.6200
v 4.5000 -0.4500 0.6200
v 4.5000 -0.3500 0.6200
v 4.3750 -0.3500 0.6200
v 4.3750 -0.4500 1.2950
v 4.5000 -0.4500 1.2950
v 4.5000 -0.3500 1.2950
v 4.3750 -0.3500 1.2950
v 4.3750 -0.4500 -1.2950
v 4.5000 -0.4500 -1.2950
v 4.5000 -0.3500 -1.2950
v 4.3750 -0.3500 -1.2950
v 4.3750 -0.4500 -0.6200
v 4.5000 -0.4500 -0.6200
v 4.5000 -0.3500 -0.6200
v 4.3750 -0.3500 -0.6200
v 4.5000 -0.4500 0.6200
v 6.5000 -0.4500 0.6200
v 6.5000 -0.3500 0.6200
v 4.5000 -0.3500 0.6200
v 4.5000 -0.4500 1.2950
v 6.5000 -0.4500 1.2950
v 6.5000 -0.3500 1.2950
v 4.5000 -0.3500 1.2950
v 4.5000 -0.4500 -1.2950
v 6.5000 -0.4500 -1.2950
v 6.5000 -0.3500 -1.2950
v 4.5000 -0.3500 -1.2950
v 4.5000 -0.4500 -0.6200
v 6.5000 -0.4500 -0.6200
v 6.5000 -0.3500 -0.6200
v 4.5000 -0.3500 -0.6200
v 6.5000 -0.4500 0.6200
v 6.6250 -0.4500 0.6200
v 6.6250 -0.3500 0.6200
v 6.5000 -0.3500 0.6200
v 6.5000 -0.4500 1.2600
v 6.6250 -0.4500 1.2600
v 6.6250 -0.3500 1.2600
v 6.5000 -0.3500 1.2600
v 6.5000 -0.4500 -1.2600
v 6.6250 -0.4500 -1.2600
v 6.6250 -0.3500 -1.2600
v 6.5000 -0.3500 -1.2600
v 6.5000 -0.4500 -0.6200
v 6.6250 -0.4500 -0.6200
v 6.6250 -0.3500 -0.6200
v 6.5000 -0.3500 -0.6200
v 6.6250 -0.4500 0.6200
v 6.7500 -0.4500 0.6200
v 6.7500 -0.3500 0.6200
v 6.6250 -0.3500 0.6200
v 6.6250 -0.4500 1.2650
v 6.7500 -0.4500 1.2650
v 6.7500 -0.3500 1.2650
v 6.6250 -0.3500 1.2650
v 6.6250 -0.4500 -1.2650
v 6.7500 -0.4500 -1.2650
v 6.7500 -0.3500 -1.2650
v 6.6250 -0.3500 -1.2650
v 6.6250 -0.4500 -0.6200
v 6.7500 -0.4500 -0.6200
v 6.7500 -0.3500 -0.6200
v 6.6250 -0.3500 -0.6200
v 6.7500 -0.4500 0.6200
v 7.0000 -0.4500 0.6200
v 7.0000 -0.3500 0.6200
v 6.7500 -0.3500 0.6200
v 6.7500 -0.4500 1.2050
v 7.0000 -0.4500 1.2050
v 7.0000 -0.3500 1.2050
v 6.7500 -0.3500 1.2050
v 6.7500 -0.4500 -1.2050
v 7.0000 -0.4500 -1.2050
v 7.0000 -0.3500 -1.2050
v 6.7500 -0.3500 -1.2050
v 6.7500 -0.4500 -0.6200
v 7.0000 -0.4500 -0.6200
v 7.0000 -0.3500 -0.6200
v 6.7500 -0.3500 -0.6200
v -7.0000 -0.3500 0.6200
v -6.7500 -0.3500 0.6200
v -6.7500 -0.2500 0.6200
v -7.0000 -0.2500 0.6200
v -7.0000 -0.3500 1.2310
v -6.7500 -0.3500 1.2310
v -6.7500 -0.2500 1.2310
v -7.0000 -0.2500 1.2310
v -7.0000 -0.3500 -1.2310
v -6.7500 -0.3500 -1.2310
v -6.7500 -0.2500 -1.2310
v -7.0000 -0.2500 -1.2310
v -7.0000 -0.3500 -0.6200
v -6.7500 -0.3500 -0.6200
v -6.7500 -0.2500 -0.6200
v -7.0000 -0.2500 -0.6200
v -6.7500 -0.3500 0.6200
v -6.6250 -0.3500 0.6200
v -6.6250 -0.2500 0.6200
v -6.7500 -0.2500 0.6200
v -6.7500 -0.3500 1.2910
v -6.6250 -0.3500 1.2910
v -6.6250 -0.2500 1.2910
v -6.7500 -0.2500 1.2910
v -6.7500 -0.3500 -1.2910
v -6.6250 -0.3500 -1.2910
v -6.6250 -0.2500 -1.2910
v -6.7500 -0.2500 -1.2910
v -6.7500 -0.3500 -0.6200
v -6.6250 -0.3500 -0.6200
v -6.6250 -0.2500 -0.6200
v -6.7500 -0.2500 -0.6200
v -6.6250 -0.3500 0.6200
v -6.5000 -0.3500 0.6200
v -6.5000 -0.2500 0.6200
v -6.6250 -0.2500 0.6200
v -6.6250 -0.3500 1.2860
v -6.5000 -0.3500 1.2860
v -6.5000 -0.2500 1.2860
v -6.6250 -0.2500 1.2860
v -6.6250 -0.3500 -1.2860
v -6.5000 -0.3500 -1.2860
v -6.5000 -0.2500 -1.2860
v -6.6250 -0.2500 -1.2860
v -6.6250 -0.3500 -0.6200
v -6.5000 -0.3500 -0.6200
v -6.5000 -0.2500 -0.6200
v -6.6250 -0.2500 -0.6200
v -6.5000 -0.3500 0.6200
v -2.2500 -0.3500 0.6200
v -2.2500 -0.2500 0.6200
v -6.5000 -0.2500 0.6200
v -6.5000 -0.3500 1.3210
v -2.2500 -0.3500 1.3210
v -2.2500 -0.2500 1.3210
v -6.5000 -0.2500 1.3210
v -6.5000 -0.3500 -1.3210
v -2.2500 -0.3500 -1.3210
v -2.2500 -0.2500 -1.3210
v -6.5000 -0.2500 -1.3210
v -6.5000 -0.3500 -0.6200
v -2.2500 -0.3500 -0.6200
v -2.2500 -0.2500 -0.6200
v -6.5000 -0.2500 -0.6200
v -2.2500 -0.3500 0.6200
v -2.1250 -0.3500 0.6200
v -2.1250 -0.2500 0.6200
v -2.2500 -0.2500 0.6200
v -2.2500 -0.3500 1.3210
v -2.1250 -0.3500 1.3210
v -2.1250 -0.2500 1.3210
v -2.2500 -0.2500 1.3210
v -2.2500 -0.3500 -1.3210
v -2.1250 -0.3500 -1.3210
v -2.1250 -0.2500 -1.3210
v -2.2500 -0.2500 -1.3210
v -2.2500 -0.3500 -0.6200
v -2.1250 -0.3500 -0.6200
v -2.1250 -0.2500 -0.6200
v -2.2500 -0.2500 -0.6200
v -2.1250 -0.3500 0.6200
v 4.3750 -0.3500 0.6200
v 4.3750 -0.2500 0.6200
v -2.1250 -0.2500 0.6200
v -2.1250 -0.3500 1.3210
v 4.3750 -0.3500 1.3210
v 4.3750 -0.2500 1.3210
v -2.1250 -0.2500 1.3210
v -2.1250 -0.3500 -1.3210
v 4.3750 -0.3500 -1.3210
v 4.3750 -0.2500 -1.3210
v -2.1250 -0.2500 -1.3210
v -2.1250 -0.3500 -0.6200
v 4.3750 -0.3500 -0.6200
v 4.3750 -0.2500 -0.6200
v -2.1250 -0.2500 -0.6200
v 4.3750 -0.3500 0.6200
v 4.5000 -0.3500 0.6200
v 4.5000 -0.2500 0.6200
v 4.3750 -0.2500 0.6200
v 4.3750 -0.3500 1.3210
v 4.5000 -0.3500 1.3210
v 4.5000 -0.2500 1.3210
v 4.3750 -0.2500 1.3210
v 4.3750 -0.3500 -1.3210
v 4.5000 -0.3500 -1.3210
v 4.5000 -0.2500 -1.3210
v 4.3750 -0.2500 -1.3210
v 4.3750 -0.3500 -0.6200
v 4.5000 -0.3500 -0.6200
v 4.5000 -0.2500 -0.6200
v 4.3750 -0.2500 -0.6200
v 4.5000 -0.3500 0.6200
v 6.5000 -0.3500 0.6200
v 6.5000 -0.2500 0.6200
v 4.5000 -0.2500 0.6200
v 4.5000 -0.3500 1.3210
v 6.5000 -0.3500 1.3210
v 6.5000 -0.2500 1.3210
v 4.5000 -0.2500 1.3210
v 4.5000 -0.3500 -1.3210
v 6.5000 -0.3500 -1.3210
v 6.5000 -0.2500 -1.3210
v 4.5000 -0.2500 -1.3210
v 4.5000 -0.3500 -0.6200
v 6.5000 -0.3500 -0.6200
v 6.5000 -0.2500 -0.6200
v 4.5000 -0.2500 -0.6200
v 6.5000 -0.3500 0.6200
v 6.6250 -0.3500 0.6200
v 6.6250 -0.2500 0.6200
v 6.5000 -0.2500 0.6200
v 6.5000 -0.3500 1.2860
v 6.6250 -0.3500 1.2860
v 6.6250 -0.2500 1.2860
v 6.5000 -0.2500 1.2860
v 6.5000 -0.3500 -1.2860
v 6.6250 -0.3500 -1.2860
v 6.6250 -0.2500 -1.2860
v 6.5000 -0.2500 -1.2860
v 6.5000 -0.3500 -0.6200
v 6.6250 -0.3500 -0.6200
v 6.6250 -0.2500 -0.6200
v 6.5000 -0.2500 -0.6200
v 6.6250 -0.3500 0.6200
v 6.7500 -0.3500 0.6200
v 6.7500 -0.2500 0.6200
v 6.6250 -0.2500 0.6200
v 6.6250 -0.3500 1.2910
v 6.7500 -0.3500 1.2910
v 6.7500 -0.2500 1.2910
v 6.6250 -0.2500 1.2910
v 6.6250 -0.3500 -1.2910
v 6.7500 -0.3500 -1.2910
v 6.7500 -0.2500 -1.2910
v 6.6250 -0.2500 -1.2910
v 6.6250 -0.3500 -0.6200
v 6.7500 -0.3500 -0.6200
v 6.7500 -0.2500 -0.6200
v 6.6250 -0.2500 -0.6200
v 6.7500 -0.3500 0.6200
v 7.0000 -0.3500 0.6200
v 7.0000 -0.2500 0.6200
v 6.7500 -0.2500 0.6200
v 6.7500 -0.3500 1.2310
v 7.0000 -0.3500 1.2310
v 7.0000 -0.2500 1.2310
v 6.7500 -0.2500 1.2310
v 6.7500 -0.3500 -1.2310
v 7.0000 -0.3500 -1.2310
v 7.0000 -0.2500 -1.2310
v 6.7500 -0.2500 -1.2310
v 6.7500 -0.3500 -0.6200
v 7.0000 -0.3500 -0.6200
v 7.0000 -0.2500 -0.6200
v 6.7500 -0.2500 -0.6200
v -7.0000 -0.2500 0.6200
v -6.7500 -0.2500 0.6200
v -6.7500 -0.1500 0.6200
v -7.0000 -0.1500 0.6200
v -7.0000 -0.2500 1.2570
v -6.7500 -0.2500 1.2570
v -6.7500 -0.1500 1.2570
v -7.0000 -0.1500 1.2570
v -7.0000 -0.2500 -1.2570
v -6.7500 -0.2500 -1.2570
v -6.7500 -0.1500 -1.2570
v -7.0000 -0.1500 -1.2570
v -7.0000 -0.2500 -0.6200
v -6.7500 -0.2500 -0.6200
v -6.7500 -0.1500 -0.6200
v -7.0000 -0.1500 -0.6200
v -6.7500 -0.2500 0.6200
v -6.6250 -0.2500 0.6200
v -6.6250 -0.1500 0.6200
v -6.7500 -0.1500 0.6200
v -6.7500 -0.2500 1.3170
v -6.6250 -0.2500 1.3170
v -6.6250 -0.1500 1.3170
v -6.7500 -0.1500 1.3170
v -6.7500 -0.2500 -1.3170
v -6.6250 -0.2500 -1.3170
v -6.6250 -0.1500 -1.3170
v -6.7500 -0.1500 -1.3170
v -6.7500 -0.2500 -0.6200
v -6.6250 -0.2500 -0.6200
v -6.6250 -0.1500 -0.6200
v -6.7500 -0.1500 -0.6200
v -6.6250 -0.2500 0.6200
v -6.5000 -0.2500 0.6200
v -6.5000 -0.1500 0.6200
v -6.6250 -0.1500 0.6200
v -6.6250 -0.2500 1.3120
v -6.5000 -0.2500 1.3120
v -6.5000 -0.1500 1.3120
v -6.6250 -0.1500 1.3120
v -6.6250 -0.2500 -1.3120
v -6.5000 -0.2500 -1.3120
v -6.5000 -0.1500 -1.3120
v -6.6250 -0.1500 -1.3120
v -6.6250 -0.2500 -0.6200
v -6.5000 -0.2500 -0.6200
v -6.5000 -0.1500 -0.6200
v -6.6250 -0.1500 -0.6200
v -6.5000 -0.2500 0.6200
v -2.2500 -0.2500 0.6200
v -2.2500 -0.1500 0.6200
v -6.5000 -0.1500 0.6200
v -6.5000 -0.2500 1.3470
v -2.2500 -0.2500 1.3470
v -2.2500 -0.1500 1.3470
v -6.5000 -0.1500 1.3470
v -6.5000 -0.2500 -1.3470
v -2.2500 -0.2500 -1.3470
v -2.2500 -0.1500 -1.3470
v -6.5000 -0.1500 -1.3470
v -6.5000 -0.2500 -0.6200
v -2.2500 -0.2500 -0.6200
v -2.2500 -0.1500 -0.6200
v -6.5000 -0.1500 -0.6200
v -2.2500 -0.2500 0.6200
v -2.1250 -0.2500 0.6200
v -2.1250 -0.1500 0.6200
v -2.2500 -0.1500 0.6200
v -2.2500 -0.2500 1.3470
v -2.1250 -0.2500 1.3470
v -2.1250 -0.1500 1.3470
v -2.2500 -0.1500 1.3470
v -2.2500 -0.2500 -1.3470
v -2.1250 -0.2500 -1.3470
v -2.1250 -0.1500 -1.3470
v -2.2500 -0.1500 -1.3470
v -2.2500 -0.2500 -0.6200
v -2.1250 -0.2500 -0.6200
v -2.1250 -0.1500 -0.6200
v -2.2500 -0.1500 -0.6200
v -2.1250 -0.2500 0.6200
v 4.3750 -0.2500 0.6200
v 4.3750 -0.1500 0.6200
v -2.1250 -0.1500 0.6200
v -2.1250 -0.2500 1.3470
v 4.3750 -0.2500 1.3470
v 4.3750 -0.1500 1.3470
v -2.1250 -0.1500 1.3470
v -2.1250 -0.2500 -1.3470
v 4.3750 -0.2500 -1.3470
v 4.3750 -0.1500 -1.3470
v -2.1250 -0.1500 -1.3470
v -2.1250 -0.2500 -0.6200
v 4.3750 -0.2500 -0.6200
v 4.3750 -0.1500 -0.6200
v -2.1250 -0.1500 -0.6200
v 4.3750 -0.2500 0.6200
v 4.5000 -0.2500 0.6200
v 4.5000 -0.1500 0.6200
v 4.3750 -0.1500 0.6200
v 4.3750 -0.2500 1.3470
v 4.5000 -0.2500 1.3470
v 4.5000 -0.1500 1.3470
v 4.3750 -0.1500 1.3470
v 4.3750 -0.2500 -1.3470
v 4.5000 -0.2500 -1.3470
v 4.5000 -0.1500 -1.3470
v 4.3750 -0.1500 -1.3470
v 4.3750 -0.2500 -0.6200
v 4.5000 -0.2500 -0.6200
v 4.5000 -0.1500 -0.6200
v 4.3750 -0.1500 -0.6200
v 4.5000 -0.2500 0.6200
v 6.5000 -0.2500 0.6200
v 6.5000 -0.1500 0.6200
v 4.5000 -0.1500 0.6200
v 4.5000 -0.2500 1.3470
v 6.5000 -0.2500 1.3470
v 6.5000 -0.1500 1.3470
v 4.5000 -0.1500 1.3470
v 4.5000 -0.2500 -1.3470
v 6.5000 -0.2500 -1.3470
v 6.5000 -0.1500 -1.3470
v 4.5000 -0.1500 -1.3470
v 4.5000 -0.2500 -0.6200
v 6.5000 -0.2500 -0.6200
v 6.5000 -0.1500 -0.6200
v 4.5000 -0.1500 -0.6200
v 6.5000 -0.2500 0.6200
v 6.6250 -0.2500 0.6200
v 6.6250 -0.1500 0.6200
v 6.5000 -0.1500 0.6200
v 6.5000 -0.2500 1.3120
v 6.6250 -0.2500 1.3120
v 6.6250 -0.1500 1.3120
v 6.5000 -0.1500 1.3120
v 6.5000 -0.2500 -1.3120
v 6.6250 -0.2500 -1.3120
v 6.6250 -0.1500 -1.3120
v 6.5000 -0.1500 -1.3120
v 6.5000 -0.2500 -0.6200
v 6.6250 -0.2500 -0.6200
v 6.6250 -0.1500 -0.6200
v 6.5000 -0.1500 -0.6200
v 6.6250 -0.2500 0.6200
v 6.7500 -0.2500 0.6200
v 6.7500 -0.1500 0.6200
v 6.6250 -0.1500 0.6200
v 6.6250 -0.2500 1.3170
v 6.7500 -0.2500 1.3170
v 6.7500 -0.1500 1.3170
v 6.6250 -0.1500 1.3170
v 6.6250 -0.2500 -1.3170
v 6.7500 -0.2500 -1.3170
v 6.7500 -0.1500 -1.3170
v 6.6250 -0.1500 -1.3170
v 6.6250 -0.2500 -0.6200
v 6.7500 -0.2500 -0.6200
v 6.7500 -0.1500 -0.6200
v 6.6250 -0.1500 -0.6200
v 6.7500 -0.2500 0.6200
v 7.0000 -0.2500 0.6200
v 7.0000 -0.1500 0.6200
v 6.7500 -0.1500 0.6200
v 6.7500 -0.2500 1.2570
v 7.0000 -0.2500 1.2570
v 7.0000 -0.1500 1.2570
v 6.7500 -0.1500 1.2570
v 6.7500 -0.2500 -1.2570
v 7.0000 -0.2500 -1.2570
v 7.0000 -0.1500 -1.2570
v 6.7500 -0.1500 -1.2570
v 6.7500 -0.2500 -0.6200
v 7.0000 -0.2500 -0.6200
v 7.0000 -0.1500 -0.6200
v 6.7500 -0.1500 -0.6200
v -7.0000 -0.1500 0.6200
v -6.7500 -0.1500 0.6200
v -6.7500 -0.0500 0.6200
v -7.0000 -0.0500 0.6200
v -7.0000 -0.1500 1.2840
v -6.7500 -0.1500 1.2840
v -6.7500 -0.0500 1.2840
v -7.0000 -0.0500 1.2840
v -7.0000 -0.1500 -1.2840
v -6.7500 -0.1500 -1.2840
v -6.7500 -0.0500 -1.2840
v -7.0000 -0.0500 -1.2840
v -7.0000 -0.1500 -0.6200
v -6.7500 -0.1500 -0.6200
v -6.7500 -0.0500 -0.6200
v -7.0000 -0.0500 -0.6200
v -6.7500 -0.1500 0.6200
v -6.6250 -0.1500 0.6200
v -6.6250 -0.0500 0.6200
v -6.7500 -0.0500 0.6200
v -6.7500 -0.1500 1.3440
v -6.6250 -0.1500 1.3440
v -6.6250 -0.0500 1.3440
v -6.7500 -0.0500 1.3440
v -6.7500 -0.1500 -1.3440
v -6.6250 -0.1500 -1.3440
v -6.6250 -0.0500 -1.3440
v -6.7500 -0.0500 -1.3440
v -6.7500 -0.1500 -0.6200
v -6.6250 -0.1500 -0.6200
v -6.6250 -0.0500 -0.6200
v -6.7500 -0.0500 -0.6200
v -6.6250 -0.1500 0.6200
v -6.5000 -0.1500 0.6200
v -6.5000 -0.0500 0.6200
v -6.6250 -0.0500 0.6200
v -6.6250 -0.1500 1.3390
v -6.5000 -0.1500 1.3390
v -6.5000 -0.0500 1.3390
v -6.6250 -0.0500 1.3390
v -6.6250 -0.1500 -1.3390
v -6.5000 -0.1500 -1.3390
v -6.5000 -0.0500 -1.3390
v -6.6250 -0.0500 -1.3390
v -6.6250 -0.1500 -0.6200
v -6.5000 -0.1500 -0.6200
v -6.5000 -0.0500 -0.6200
v -6.6250 -0.0500 -0.6200
v -6.5000 -0.1500 0.6200
v -2.2500 -0.1500 0.6200
v -2.2500 -0.0500 0.6200
v -6.5000 -0.0500 0.6200
v -6.5000 -0.1500 1.3740
v -2.2500 -0.1500 1.3740
v -2.2500 -0.0500 1.3740
v -6.5000 -0.0500 1.3740
v -6.5000 -0.1500 -1.3740
v -2.2500 -0.1500 -1.3740
v -2.2500 -0.0500 -1.3740
v -6.5000 -0.0500 -1.3740
v -6.5000 -0.1500 -0.6200
v -2.2500 -0.1500 -0.6200
v -2.2500 -0.0500 -0.6200
v -6.5000 -0.0500 -0.6200
v -2.2500 -0.1500 0.6200
v -2.1250 -0.1500 0.6200
v -2.1250 -0.0500 0.6200
v -2.2500 -0.0500 0.6200
v -2.2500 -0.1500 1.3740
v -2.1250 -0.1500 1.3740
v -2.1250 -0.0500 1.3740
v -2.2500 -0.0500 1.3740
v -2.2500 -0.1500 -1.3740
v -2.1250 -0.1500 -1.3740
v -2.1250 -0.0500 -1.3740
v -2.2500 -0.0500 -1.3740
v -2.2500 -0.1500 -0.6200
v -2.1250 -0.1500 -0.6200
v -2.1250 -0.0500 -0.6200
v -2.2500 -0.0500 -0.6200
v -2.1250 -0.1500 0.6200
v 4.3750 -0.1500 0.6200
v 4.3750 -0.0500 0.6200
v -2.1250 -0.0500 0.6200
v -2.1250 -0.1500 1.3740
v 4.3750 -0.1500 1.3740
v 4.3750 -0.0500 1.3740
v -2.1250 -0.0500 1.3740
v -2.1250 -0.1500 -1.3740
v 4.3750 -0.1500 -1.3740
v 4.3750 -0.0500 -1.3740
v -2.1250 -0.0500 -1.3740
v -2.1250 -0.1500 -0.6200
v 4.3750 -0.1500 -0.6200
v 4.3750 -0.0500 -0.6200
v -2.1250 -0.0500 -0.6200
v 4.3750 -0.1500 0.6200
v 4.5000 -0.1500 0.6200
v 4.5000 -0.0500 0.6200
v 4.3750 -0.0500 0.6200
v 4.3750 -0.1500 1.3740
v 4.5000 -0.1500 1.3740
v 4.5000 -0.0500 1.3740
v 4.3750 -0.0500 1.3740
v 4.3750 -0.1500 -1.3740
v 4.5000 -0.1500 -1.3740
v 4.5000 -0.0500 -1.3740
v 4.3750 -0.0500 -1.3740
v 4.3750 -0.1500 -0.6200
v 4.5000 -0.1500 -0.6200
v 4.5000 -0.0500 -0.6200
v 4.3750 -0.0500 -0.6200
v 4.5000 -0.1500 0.6200
v 6.5000 -0.1500 0.6200
v 6.5000 -0.0500 0.6200
v 4.5000 -0.0500 0.6200
v 4.5000 -0.1500 1.3740
v 6.5000 -0.1500 1.3740
v 6.5000 -0.0500 1.3740
v 4.5000 -0.0500 1.3740
v 4.5000 -0.1500 -1.3740
v 6.5000 -0.1500 -1.3740
v 6.5000 -0.0500 -1.3740
v 4.5000 -0.0500 -1.3740
v 4.5000 -0.1500 -0.6200
v 6.5000 -0.1500 -0.6200
v 6.5000 -0.0500 -0.6200
v 4.5000 -0.0500 -0.6200
v 6.5000 -0.1500 0.6200
v 6.6250 -0.1500 0.6200
v 6.6250 -0.0500 0.6200
v 6.5000 -0.0500 0.6200
v 6.5000 -0.1500 1.3390
v 6.6250 -0.1500 1.3390
v 6.6250 -0.0500 1.3390
v 6.5000 -0.0500 1.3390
v 6.5000 -0.1500 -1.3390
v 6.6250 -0.1500 -1.3390
v 6.6250 -0.0500 -1.3390
v 6.5000 -0.0500 -1.3390
v 6.5000 -0.1500 -0.6200
v 6.6250 -0.1500 -0.6200
v 6.6250 -0.0500 -0.6200
v 6.5000 -0.0500 -0.6200
v 6.6250 -0.1500 0.6200
v 6.7500 -0.1500 0.6200
v 6.7500 -0.0500 0.6200
v 6.6250 -0.0500 0.6200
v 6.6250 -0.1500 1.3440
v 6.7500 -0.1500 1.3440
v 6.7500 -0.0500 1.3440
v 6.6250 -0.0500 1.3440
v 6.6250 -0.1500 -1.3440
v 6.7500 -0.1500 -1.3440
v 6.7500 -0.0500 -1.3440
v 6.6250 -0.0500 -1.3440
v 6.6250 -0.1500 -0.6200
v 6.7500 -0.1500 -0.6200
v 6.7500 -0.0500 -0.6200
v 6.6250 -0.0500 -0.6200
v 6.7500 -0.1500 0.6200
v 7.0000 -0.1500 0.6200
v 7.0000 -0.0500 0.6200
v 6.7500 -0.0500 0.6200
v 6.7500 -0.1500 1.2840
v 7.0000 -0.1500 1.2840
v 7.0000 -0.0500 1.2840
v 6.7500 -0.0500 1.2840
v 6.7500 -0.1500 -1.2840
v 7.0000 -0.1500 -1.2840
v 7.0000 -0.0500 -1.2840
v 6.7500 -0.0500 -1.2840
v 6.7500 -0.1500 -0.6200
v 7.0000 -0.1500 -0.6200
v 7.0000 -0.0500 -0.6200
v 6.7500 -0.0500 -0.6200
v -7.0000 -0.0500 0.6200
v -6.7500 -0.0500 0.6200
v -6.7500 0.7500 0.6200
v -7.0000 0.7500 0.6200
v -7.0000 -0.0500 1.3100
v -6.7500 -0.0500 1.3100
v -6.7500 0.7500 1.3100
v -7.0000 0.7500 1.3100
v -7.0000 -0.0500 -1.3100
v -6.7500 -0.0500 -1.3100
v -6.7500 0.7500 -1.3100
v -7.0000 0.7500 -1.3100
v -7.0000 -0.0500 -0.6200
v -6.7500 -0.0500 -0.6200
v -6.7500 0.7500 -0.6200
v -7.0000 0.7500 -0.6200
v -6.7500 -0.0500 0.6200
v -6.6250 -0.0500 0.6200
v -6.6250 0.7500 0.6200
v -6.7500 0.7500 0.6200
v -6.7500 -0.0500 1.3700
v -6.6250 -0.0500 1.3700
v -6.6250 0.7500 1.3700
v -6.7500 0.7500 1.3700
v -6.7500 -0.0500 -1.3700
v -6.6250 -0.0500 -1.3700
v -6.6250 0.7500 -1.3700
v -6.7500 0.7500 -1.3700
v -6.7500 -0.0500 -0.6200
v -6.6250 -0.0500 -0.6200
v -6.6250 0.7500 -0.6200
v -6.7500 0.7500 -0.6200
v -6.6250 -0.0500 0.6200
v -6.5000 -0.0500 0.6200
v -6.5000 0.7500 0.6200
v -6.6250 0.7500 0.6200
v -6.6250 -0.0500 1.3650
v -6.5000 -0.0500 1.3650
v -6.5000 0.7500 1.3650
v -6.6250 0.7500 1.3650
v -6.6250 -0.0500 -1.3650
v -6.5000 -0.0500 -1.3650
v -6.5000 0.7500 -1.3650
v -6.6250 0.7500 -1.3650
v -6.6250 -0.0500 -0.6200
v -6.5000 -0.0500 -0.6200
v -6.5000 0.7500 -0.6200
v -6.6250 0.7500 -0.6200
v -6.5000 -0.0500 0.6200
v -2.2500 -0.0500 0.6200
v -2.2500 0.7500 0.6200
v -6.5000 0.7500 0.6200
v -6.5000 -0.0500 1.4000
v -2.2500 -0.0500 1.4000
v -2.2500 0.7500 1.4000
v -6.5000 0.7500 1.4000
v -6.5000 -0.0500 -1.4000
v -2.2500 -0.0500 -1.4000
v -2.2500 0.7500 -1.4000
v -6.5000 0.7500 -1.4000
v -6.5000 -0.0500 -0.6200
v -2.2500 -0.0500 -0.6200
v -2.2500 0.7500 -0.6200
v -6.5000 0.7500 -0.6200
v -2.2500 -0.0500 0.6200
v -2.1250 -0.0500 0.6200
v -2.1250 0.7500 0.6200
v -2.2500 0.7500 0.6200
v -2.2500 -0.0500 1.4000
v -2.1250 -0.0500 1.4000
v -2.1250 0.7500 1.4000
v -2.2500 0.7500 1.4000
v -2.2500 -0.0500 -1.4000
v -2.1250 -0.0500 -1.4000
v -2.1250 0.7500 -1.4000
v -2.2500 0.7500 -1.4000
v -2.2500 -0.0500 -0.6200
v -2.1250 -0.0500 -0.6200
v -2.1250 0.7500 -0.6200
v -2.2500 0.7500 -0.6200
v -2.1250 -0.0500 0.6200
v 4.3750 -0.0500 0.6200
v 4.3750 0.7500 0.6200
v -2.1250 0.7500 0.6200
v -2.1250 -0.0500 1.4000
v 4.3750 -0.0500 1.4000
v 4.3750 0.7500 1.4000
v -2.1250 0.7500 1.4000
v -2.1250 -0.0500 -1.4000
v 4.3750 -0.0500 -1.4000
v 4.3750 0.7500 -1.4000
v -2.1250 0.7500 -1.4000
v -2.1250 -0.0500 -0.6200
v 4.3750 -0.0500 -0.6200
v 4.3750 0.7500 -0.6200
v -2.1250 0.7500 -0.6200
v 4.3750 -0.0500 0.6200
v 4.5000 -0.0500 0.6200
v 4.5000 0.7500 0.6200
v 4.3750 0.7500 0.6200
v 4.3750 -0.0500 1.4000
v 4.5000 -0.0500 1.4000
v 4.5000 0.7500 1.4000
v 4.3750 0.7500 1.4000
v 4.3750 -0.0500 -1.4000
v 4.5000 -0.0500 -1.4000
v 4.5000 0.7500 -1.4000
v 4.3750 0.7500 -1.4000
v 4.3750 -0.0500 -0.6200
v 4.5000 -0.0500 -0.6200
v 4.5000 0.7500 -0.6200
v 4.3750 0.7500 -0.6200
v 4.5000 -0.0500 0.6200
v 6.5000 -0.0500 0.6200
v 6.5000 0.7500 0.6200
v 4.5000 0.7500 0.6200
v 4.5000 -0.0500 1.4000
v 6.5000 -0.0500 1.4000
v 6.5000 0.7500 1.4000
v 4.5000 0.7500 1.4000
v 4.5000 -0.0500 -1.4000
v 6.5000 -0.0500 -1.4000
v 6.5000 0.7500 -1.4000
v 4.5000 0.7500 -1.4000
v 4.5000 -0.0500 -0.6200
v 6.5000 -0.0500 -0.6200
v 6.5000 0.7500 -0.6200
v 4.5000 0.7500 -0.6200
v 6.5000 -0.0500 0.6200
v 6.6250 -0.0500 0.6200
v 6.6250 0.7500 0.6200
v 6.5000 0.7500 0.6200
v 6.5000 -0.0500 1.3650
v 6.6250 -0.0500 1.3650
v 6.6250 0.7500 1.3650
v 6.5000 0.7500 1.3650
v 6.5000 -0.0500 -1.3650
v 6.6250 -0.0500 -1.3650
v 6.6250 0.7500 -1.3650
v 6.5000 0.7500 -1.3650
v 6.5000 -0.0500 -0.6200
v 6.6250 -0.0500 -0.6200
v 6.6250 0.7500 -0.6200
v 6.5000 0.7500 -0.6200
v 6.6250 -0.0500 0.6200
v 6.7500 -0.0500 0.6200
v 6.7500 0.7500 0.6200
v 6.6250 0.7500 0.6200
v 6.6250 -0.0500 1.3700
v 6.7500 -0.0500 1.3700
v 6.7500 0.7500 1.3700
v 6.6250 0.7500 1.3700
v 6.6250 -0.0500 -1.3700
v 6.7500 -0.0500 -1.3700
v 6.7500 0.7500 -1.3700
v 6.6250 0.7500 -1.3700
v 6.6250 -0.0500 -0.6200
v 6.7500 -0.0500 -0.6200
v 6.7500 0.7500 -0.6200
v 6.6250 0.7500 -0.6200
v 6.7500 -0.0500 0.6200
v 7.0000 -0.0500 0.6200
v 7.0000 0.7500 0.6200
v 6.7500 0.7500 0.6200
v 6.7500 -0.0500 1.3100
v 7.0000 -0.0500 1.3100
v 7.0000 0.7500 1.3100
v 6.7500 0.7500 1.3100
v 6.7500 -0.0500 -1.3100
v 7.0000 -0.0500 -1.3100
v 7.0000 0.7500 -1.3100
v 6.7500 0.7500 -1.3100
v 6.7500 -0.0500 -0.6200
v 7.0000 -0.0500 -0.6200
v 7.0000 0.7500 -0.6200
v 6.7500 0.7500 -0.6200
v -7.0000 0.7500 -1.3100
v -6.7500 0.7500 -1.3100
v -6.7500 0.8500 -1.3100
v -7.0000 0.8500 -1.3100
v -7.0000 0.7500 1.3100
v -6.7500 0.7500 1.3100
v -6.7500 0.8500 1.3100
v -7.0000 0.8500 1.3100
v -6.7500 0.7500 -1.3700
v -6.6250 0.7500 -1.3700
v -6.6250 0.8500 -1.3700
v -6.7500 0.8500 -1.3700
v -6.7500 0.7500 1.3700
v -6.6250 0.7500 1.3700
v -6.6250 0.8500 1.3700
v -6.7500 0.8500 1.3700
v -6.6250 0.7500 -1.3650
v -6.5000 0.7500 -1.3650
v -6.5000 0.8500 -1.3650
v -6.6250 0.8500 -1.3650
v -6.6250 0.7500 1.3650
v -6.5000 0.7500 1.3650
v -6.5000 0.8500 1.3650
v -6.6250 0.8500 1.3650
v -6.5000 0.7500 -1.4000
v -4.0000 0.7500 -1.4000
v -4.0000 0.8500 -1.4000
v -6.5000 0.8500 -1.4000
v -6.5000 0.7500 1.4000
v -4.0000 0.7500 1.4000
v -4.0000 0.8500 1.4000
v -6.5000 0.8500 1.4000
v -4.0000 0.7500 -1.4000
v -3.8750 0.7500 -1.4000
v -3.8750 0.8500 -1.4000
v -4.0000 0.8500 -1.4000
v -4.0000 0.7500 1.4000
v -3.8750 0.7500 1.4000
v -3.8750 0.8500 1.4000
v -4.0000 0.8500 1.4000
v -3.8750 0.7500 -1.4000
v -3.5000 0.7500 -1.4000
v -3.5000 0.8500 -1.4000
v -3.8750 0.8500 -1.4000
v -3.8750 0.7500 1.4000
v -3.5000 0.7500 1.4000
v -3.5000 0.8500 1.4000
v -3.8750 0.8500 1.4000
v -3.5000 0.7500 -1.4000
v -3.3750 0.7500 -1.4000
v -3.3750 0.8500 -1.4000
v -3.5000 0.8500 -1.4000
v -3.5000 0.7500 1.4000
v -3.3750 0.7500 1.4000
v -3.3750 0.8500 1.4000
v -3.5000 0.8500 1.4000
v -3.3750 0.7500 -1.4000
v -2.8750 0.7500 -1.4000
v -2.8750 0.8500 -1.4000
v -3.3750 0.8500 -1.4000
v -3.3750 0.7500 1.4000
v -2.8750 0.7500 1.4000
v -2.8750 0.8500 1.4000
v -3.3750 0.8500 1.4000
v -2.8750 0.7500 -1.4000
v -2.7500 0.7500 -1.4000
v -2.7500 0.8500 -1.4000
v -2.8750 0.8500 -1.4000
v -2.8750 0.7500 1.4000
v -2.7500 0.7500 1.4000
v -2.7500 0.8500 1.4000
v -2.8750 0.8500 1.4000
v -2.7500 0.7500 -1.4000
v 1.0000 0.7500 -1.4000
v 1.0000 0.8500 -1.4000
v -2.7500 0.8500 -1.4000
v -2.7500 0.7500 1.4000
v 1.0000 0.7500 1.4000
v 1.0000 0.8500 1.4000
v -2.7500 0.8500 1.4000
v 1.0000 0.7500 -1.4000
v 1.1250 0.7500 -1.4000
v 1.1250 0.8500 -1.4000
v 1.0000 0.8500 -1.4000
v 1.0000 0.7500 1.4000
v 1.1250 0.7500 1.4000
v 1.1250 0.8500 1.4000
v 1.0000 0.8500 1.4000
v 1.1250 0.7500 -1.4000
v 1.5000 0.7500 -1.4000
v 1.5000 0.8500 -1.4000
v 1.1250 0.8500 -1.4000
v 1.1250 0.7500 1.4000
v 1.5000 0.7500 1.4000
v 1.5000 0.8500 1.4000
v 1.1250 0.8500 1.4000
v 1.5000 0.7500 -1.4000
v 1.6250 0.7500 -1.4000
v 1.6250 0.8500 -1.4000
v 1.5000 0.8500 -1.4000
v 1.5000 0.7500 1.4000
v 1.6250 0.7500 1.4000
v 1.6250 0.8500 1.4000
v 1.5000 0.8500 1.4000
v 1.6250 0.7500 -1.4000
v 2.1250 0.7500 -1.4000
v 2.1250 0.8500 -1.4000
v 1.6250 0.8500 -1.4000
v 1.6250 0.7500 1.4000
v 2.1250 0.7500 1.4000
v 2.1250 0.8500 1.4000
v 1.6250 0.8500 1.4000
v 2.1250 0.7500 -1.4000
v 2.2500 0.7500 -1.4000
v 2.2500 0.8500 -1.4000
v 2.1250 0.8500 -1.4000
v 2.1250 0.7500 1.4000
v 2.2500 0.7500 1.4000
v 2.2500 0.8500 1.4000
v 2.1250 0.8500 1.4000
v 2.2500 0.7500 -1.4000
v 6.5000 0.7500 -1.4000
v 6.5000 0.8500 -1.4000
v 2.2500 0.8500 -1.4000
v 2.2500 0.7500 1.4000
v 6.5000 0.7500 1.4000
v 6.5000 0.8500 1.4000
v 2.2500 0.8500 1.4000
v 6.5000 0.7500 -1.3650
v 6.6250 0.7500 -1.3650
v 6.6250 0.8500 -1.3650
v 6.5000 0.8500 -1.3650
v 6.5000 0.7500 1.3650
v 6.6250 0.7500 1.3650
v 6.6250 0.8500 1.3650
v 6.5000 0.8500 1.3650
v 6.6250 0.7500 -1.3700
v 6.7500 0.7500 -1.3700
v 6.7500 0.8500 -1.3700
v 6.6250 0.8500 -1.3700
v 6.6250 0.7500 1.3700
v 6.7500 0.7500 1.3700
v 6.7500 0.8500 1.3700
v 6.6250 0.8500 1.3700
v 6.7500 0.7500 -1.3100
v 7.0000 0.7500 -1.3100
v 7.0000 0.8500 -1.3100
v 6.7500 0.8500 -1.3100
v 6.7500 0.7500 1.3100
v 7.0000 0.7500 1.3100
v 7.0000 0.8500 1.3100
v 6.7500 0.8500 1.3100
v -7.0000 0.8500 1.2400
v -6.7500 0.8500 1.2400
v -6.7500 3.0500 1.2400
v -7.0000 3.0500 1.2400
v -7.0000 0.8500 1.3100
v -6.7500 0.8500 1.3100
v -6.7500 3.0500 1.3100
v -7.0000 3.0500 1.3100
v -7.0000 0.8500 -1.3100
v -6.7500 0.8500 -1.3100
v -6.7500 3.0500 -1.3100
v -7.0000 3.0500 -1.3100
v -7.0000 0.8500 -1.2400
v -6.7500 0.8500 -1.2400
v -6.7500 3.0500 -1.2400
v -7.0000 3.0500 -1.2400
v -6.7500 0.8500 1.3000
v -6.6250 0.8500 1.3000
v -6.6250 3.0500 1.3000
v -6.7500 3.0500 1.3000
v -6.7500 0.8500 1.3700
v -6.6250 0.8500 1.3700
v -6.6250 3.0500 1.3700
v -6.7500 3.0500 1.3700
v -6.7500 0.8500 -1.3700
v -6.6250 0.8500 -1.3700
v -6.6250 3.0500 -1.3700
v -6.7500 3.0500 -1.3700
v -6.7500 0.8500 -1.3000
v -6.6250 0.8500 -1.3000
v -6.6250 3.0500 -1.3000
v -6.7500 3.0500 -1.3000
v -6.6250 0.8500 1.2950
v -6.5000 0.8500 1.2950
v -6.5000 1.1500 1.2950
v -6.6250 1.1500 1.2950
v -6.6250 0.8500 1.3650
v -6.5000 0.8500 1.3650
v -6.5000 1.1500 1.3650
v -6.6250 1.1500 1.3650
v -6.6250 2.8500 1.2950
v -6.5000 2.8500 1.2950
v -6.5000 3.0500 1.2950
v -6.6250 3.0500 1.2950
v -6.6250 2.8500 1.3650
v -6.5000 2.8500 1.3650
v -6.5000 3.0500 1.3650
v -6.6250 3.0500 1.3650
v -6.6250 0.8500 -1.3650
v -6.5000 0.8500 -1.3650
v -6.5000 1.1500 -1.3650
v -6.6250 1.1500 -1.3650
v -6.6250 0.8500 -1.2950
v -6.5000 0.8500 -1.2950
v -6.5000 1.1500 -1.2950
v -6.6250 1.1500 -1.2950
v -6.6250 2.8500 -1.3650
v -6.5000 2.8500 -1.3650
v -6.5000 3.0500 -1.3650
v -6.6250 3.0500 -1.3650
v -6.6250 2.8500 -1.2950
v -6.5000 2.8500 -1.2950
v -6.5000 3.0500 -1.2950
v -6.6250 3.0500 -1.2950
v -6.5000 0.8500 1.3300
v -4.0000 0.8500 1.3300
v -4.0000 1.1500 1.3300
v -6.5000 1.1500 1.3300
v -6.5000 0.8500 1.4000
v -4.0000 0.8500 1.4000
v -4.0000 1.1500 1.4000
v -6.5000 1.1500 1.4000
v -6.5000 2.8500 1.3300
v -4.0000 2.8500 1.3300
v -4.0000 2.9500 1.3300
v -6.5000 2.9500 1.3300
v -6.5000 2.8500 1.4000
v -4.0000 2.8500 1.4000
v -4.0000 2.9500 1.4000
v -6.5000 2.9500 1.4000
v -6.5000 0.8500 -1.4000
v -4.0000 0.8500 -1.4000
v -4.0000 1.1500 -1.4000
v -6.5000 1.1500 -1.4000
v -6.5000 0.8500 -1.3300
v -4.0000 0.8500 -1.3300
v -4.0000 1.1500 -1.3300
v -6.5000 1.1500 -1.3300
v -6.5000 2.8500 -1.4000
v -4.0000 2.8500 -1.4000
v -4.0000 2.9500 -1.4000
v -6.5000 2.9500 -1.4000
v -6.5000 2.8500 -1.3300
v -4.0000 2.8500 -1.3300
v -4.0000 2.9500 -1.3300
v -6.5000 2.9500 -1.3300
v -2.7500 0.8500 1.3300
v 1.0000 0.8500 1.3300
v 1.0000 1.1500 1.3300
v -2.7500 1.1500 1.3300
v -2.7500 0.8500 1.4000
v 1.0000 0.8500 1.4000
v 1.0000 1.1500 1.4000
v -2.7500 1.1500 1.4000
v -2.7500 2.8500 1.3300
v 1.0000 2.8500 1.3300
v 1.0000 2.9500 1.3300
v -2.7500 2.9500 1.3300
v -2.7500 2.8500 1.4000
v 1.0000 2.8500 1.4000
v 1.0000 2.9500 1.4000
v -2.7500 2.9500 1.4000
v -2.7500 0.8500 -1.4000
v 1.0000 0.8500 -1.4000
v 1.0000 1.1500 -1.4000
v -2.7500 1.1500 -1.4000
v -2.7500 0.8500 -1.3300
v 1.0000 0.8500 -1.3300
v 1.0000 1.1500 -1.3300
v -2.7500 1.1500 -1.3300
v -2.7500 2.8500 -1.4000
v 1.0000 2.8500 -1.4000
v 1.0000 2.9500 -1.4000
v -2.7500 2.9500 -1.4000
v -2.7500 2.8500 -1.3300
v 1.0000 2.8500 -1.3300
v 1.0000 2.9500 -1.3300
v -2.7500 2.9500 -1.3300
v 2.2500 0.8500 1.3300
v 6.5000 0.8500 1.3300
v 6.5000 1.1500 1.3300
v 2.2500 1.1500 1.3300
v 2.2500 0.8500 1.4000
v 6.5000 0.8500 1.4000
v 6.5000 1.1500 1.4000
v 2.2500 1.1500 1.4000
v 2.2500 2.8500 1.3300
v 6.5000 2.8500 1.3300
v 6.5000 2.9500 1.3300
v 2.2500 2.9500 1.3300
v 2.2500 2.8500 1.4000
v 6.5000 2.8500 1.4000
v 6.5000 2.9500 1.4000
v 2.2500 2.9500 1.4000
v 2.2500 0.8500 -1.4000
v 6.5000 0.8500 -1.4000
v 6.5000 1.1500 -1.4000
v 2.2500 1.1500 -1.4000
v 2.2500 0.8500 -1.3300
v 6.5000 0.8500 -1.3300
v 6.5000 1.1500 -1.3300
v 2.2500 1.1500 -1.3300
v 2.2500 2.8500 -1.4000
v 6.5000 2.8500 -1.4000
v 6.5000 2.9500 -1.4000
v 2.2500 2.9500 -1.4000
v 2.2500 2.8500 -1.3300
v 6.5000 2.8500 -1.3300
v 6.5000 2.9500 -1.3300
v 2.2500 2.9500 -1.3300
v 6.5000 0.8500 1.2950
v 6.6250 0.8500 1.2950
v 6.6250 1.1500 1.2950
v 6.5000 1.1500 1.2950
v 6.5000 0.8500 1.3650
v 6.6250 0.8500 1.3650
v 6.6250 1.1500 1.3650
v 6.5000 1.1500 1.3650
v 6.5000 2.8500 1.2950
v 6.6250 2.8500 1.2950
v 6.6250 3.0500 1.2950
v 6.5000 3.0500 1.2950
v 6.5000 2.8500 1.3650
v 6.6250 2.8500 1.3650
v 6.6250 3.0500 1.3650
v 6.5000 3.0500 1.3650
v 6.5000 0.8500 -1.3650
v 6.6250 0.8500 -1.3650
v 6.6250 1.1500 -1.3650
v 6.5000 1.1500 -1.3650
v 6.5000 0.8500 -1.2950
v 6.6250 0.8500 -1.2950
v 6.6250 1.1500 -1.2950
v 6.5000 1.1500 -1.2950
v 6.5000 2.8500 -1.3650
v 6.6250 2.8500 -1.3650
v 6.6250 3.0500 -1.3650
v 6.5000 3.0500 -1.3650
v 6.5000 2.8500 -1.2950
v 6.6250 2.8500 -1.2950
v 6.6250 3.0500 -1.2950
v 6.5000 3.0500 -1.2950
v 6.6250 0.8500 1.3000
v 6.7500 0.8500 1.3000
v 6.7500 3.0500 1.3000
v 6.6250 3.0500 1.3000
v 6.6250 0.8500 1.3700
v 6.7500 0.8500 1.3700
v 6.7500 3.0500 1.3700
v 6.6250 3.0500 1.3700
v 6.6250 0.8500 -1.3700
v 6.7500 0.8500 -1.3700
v 6.7500 3.0500 -1.3700
v 6.6250 3.0500 -1.3700
v 6.6250 0.8500 -1.3000
v 6.7500 0.8500 -1.3000
v 6.7500 3.0500 -1.3000
v 6.6250 3.0500 -1.3000
v 6.7500 0.8500 1.2400
v 7.0000 0.8500 1.2400
v 7.0000 3.0500 1.2400
v 6.7500 3.0500 1.2400
v 6.7500 0.8500 1.3100
v 7.0000 0.8500 1.3100
v 7.0000 3.0500 1.3100
v 6.7500 3.0500 1.3100
v 6.7500 0.8500 -1.3100
v 7.0000 0.8500 -1.3100
v 7.0000 3.0500 -1.3100
v 6.7500 3.0500 -1.3100
v 6.7500 0.8500 -1.2400
v 7.0000 0.8500 -1.2400
v 7.0000 3.0500 -1.2400
v 6.7500 3.0500 -1.2400
v -6.6250 1.1500 1.2950
v -6.5000 1.1500 1.2950
v -6.5000 1.2500 1.2950
v -6.6250 1.2500 1.2950
v -6.6250 1.1500 1.3650
v -6.5000 1.1500 1.3650
v -6.5000 1.2500 1.3650
v -6.6250 1.2500 1.3650
v -6.6250 1.1500 -1.3650
v -6.5000 1.1500 -1.3650
v -6.5000 1.2500 -1.3650
v -6.6250 1.2500 -1.3650
v -6.6250 1.1500 -1.2950
v -6.5000 1.1500 -1.2950
v -6.5000 1.2500 -1.2950
v -6.6250 1.2500 -1.2950
v -6.5000 1.1500 1.3300
v -4.0000 1.1500 1.3300
v -4.0000 1.2500 1.3300
v -6.5000 1.2500 1.3300
v -6.5000 1.1500 1.4000
v -4.0000 1.1500 1.4000
v -4.0000 1.2500 1.4000
v -6.5000 1.2500 1.4000
v -6.5000 1.1500 -1.4000
v -4.0000 1.1500 -1.4000
v -4.0000 1.2500 -1.4000
v -6.5000 1.2500 -1.4000
v -6.5000 1.1500 -1.3300
v -4.0000 1.1500 -1.3300
v -4.0000 1.2500 -1.3300
v -6.5000 1.2500 -1.3300
v -2.7500 1.1500 1.3300
v 1.0000 1.1500 1.3300
v 1.0000 1.2500 1.3300
v -2.7500 1.2500 1.3300
v -2.7500 1.1500 1.4000
v 1.0000 1.1500 1.4000
v 1.0000 1.2500 1.4000
v -2.7500 1.2500 1.4000
v -2.7500 1.1500 -1.4000
v 1.0000 1.1500 -1.4000
v 1.0000 1.2500 -1.4000
v -2.7500 1.2500 -1.4000
v -2.7500 1.1500 -1.3300
v 1.0000 1.1500 -1.3300
v 1.0000 1.2500 -1.3300
v -2.7500 1.2500 -1.3300
v 2.2500 1.1500 1.3300
v 6.5000 1.1500 1.3300
v 6.5000 1.2500 1.3300
v 2.2500 1.2500 1.3300
v 2.2500 1.1500 1.4000
v 6.5000 1.1500 1.4000
v 6.5000 1.2500 1.4000
v 2.2500 1.2500 1.4000
v 2.2500 1.1500 -1.4000
v 6.5000 1.1500 -1.4000
v 6.5000 1.2500 -1.4000
v 2.2500 1.2500 -1.4000
v 2.2500 1.1500 -1.3300
v 6.5000 1.1500 -1.3300
v 6.5000 1.2500 -1.3300
v 2.2500 1.2500 -1.3300
v 6.5000 1.1500 1.2950
v 6.6250 1.1500 1.2950
v 6.6250 1.2500 1.2950
v 6.5000 1.2500 1.2950
v 6.5000 1.1500 1.3650
v 6.6250 1.1500 1.3650
v 6.6250 1.2500 1.3650
v 6.5000 1.2500 1.3650
v 6.5000 1.1500 -1.3650
v 6.6250 1.1500 -1.3650
v 6.6250 1.2500 -1.3650
v 6.5000 1.2500 -1.3650
v 6.5000 1.1500 -1.2950
v 6.6250 1.1500 -1.2950
v 6.6250 1.2500 -1.2950
v 6.5000 1.2500 -1.2950
v -6.6250 1.2500 1.2950
v -6.5000 1.2500 1.2950
v -6.5000 1.3500 1.2950
v -6.6250 1.3500 1.2950
v -6.6250 1.2500 1.3650
v -6.5000 1.2500 1.3650
v -6.5000 1.3500 1.3650
v -6.6250 1.3500 1.3650
v -6.6250 1.2500 -1.3650
v -6.5000 1.2500 -1.3650
v -6.5000 1.3500 -1.3650
v -6.6250 1.3500 -1.3650
v -6.6250 1.2500 -1.2950
v -6.5000 1.2500 -1.2950
v -6.5000 1.3500 -1.2950
v -6.6250 1.3500 -1.2950
v -6.5000 1.2500 1.3300
v -4.0000 1.2500 1.3300
v -4.0000 1.3500 1.3300
v -6.5000 1.3500 1.3300
v -6.5000 1.2500 1.4000
v -4.0000 1.2500 1.4000
v -4.0000 1.3500 1.4000
v -6.5000 1.3500 1.4000
v -6.5000 1.2500 -1.4000
v -4.0000 1.2500 -1.4000
v -4.0000 1.3500 -1.4000
v -6.5000 1.3500 -1.4000
v -6.5000 1.2500 -1.3300
v -4.0000 1.2500 -1.3300
v -4.0000 1.3500 -1.3300
v -6.5000 1.3500 -1.3300
v -2.7500 1.2500 1.3300
v 1.0000 1.2500 1.3300
v 1.0000 1.3500 1.3300
v -2.7500 1.3500 1.3300
v -2.7500 1.2500 1.4000
v 1.0000 1.2500 1.4000
v 1.0000 1.3500 1.4000
v -2.7500 1.3500 1.4000
v -2.7500 1.2500 -1.4000
v 1.0000 1.2500 -1.4000
v 1.0000 1.3500 -1.4000
v -2.7500 1.3500 -1.4000
v -2.7500 1.2500 -1.3300
v 1.0000 1.2500 -1.3300
v 1.0000 1.3500 -1.3300
v -2.7500 1.3500 -1.3300
v 2.2500 1.2500 1.3300
v 6.5000 1.2500 1.3300
v 6.5000 1.3500 1.3300
v 2.2500 1.3500 1.3300
v 2.2500 1.2500 1.4000
v 6.5000 1.2500 1.4000
v 6.5000 1.3500 1.4000
v 2.2500 1.3500 1.4000
v 2.2500 1.2500 -1.4000
v 6.5000 1.2500 -1.4000
v 6.5000 1.3500 -1.4000
v 2.2500 1.3500 -1.4000
v 2.2500 1.2500 -1.3300
v 6.5000 1.2500 -1.3300
v 6.5000 1.3500 -1.3300
v 2.2500 1.3500 -1.3300
v 6.5000 1.2500 1.2950
v 6.6250 1.2500 1.2950
v 6.6250 1.3500 1.2950
v 6.5000 1.3500 1.2950
v 6.5000 1.2500 1.3650
v 6.6250 1.2500 1.3650
v 6.6250 1.3500 1.3650
v 6.5000 1.3500 1.3650
v 6.5000 1.2500 -1.3650
v 6.6250 1.2500 -1.3650
v 6.6250 1.3500 -1.3650
v 6.5000 1.3500 -1.3650
v 6.5000 1.2500 -1.2950
v 6.6250 1.2500 -1.2950
v 6.6250 1.3500 -1.2950
v 6.5000 1.3500 -1.2950
v -6.6250 1.3500 1.2950
v -6.5000 1.3500 1.2950
v -6.5000 1.4500 1.2950
v -6.6250 1.4500 1.2950
v -6.6250 1.3500 1.3650
v -6.5000 1.3500 1.3650
v -6.5000 1.4500 1.3650
v -6.6250 1.4500 1.3650
v -6.6250 1.3500 -1.3650
v -6.5000 1.3500 -1.3650
v -6.5000 1.4500 -1.3650
v -6.6250 1.4500 -1.3650
v -6.6250 1.3500 -1.2950
v -6.5000 1.3500 -1.2950
v -6.5000 1.4500 -1.2950
v -6.6250 1.4500 -1.2950
v -6.5000 1.3500 1.3300
v -4.0000 1.3500 1.3300
v -4.0000 1.4500 1.3300
v -6.5000 1.4500 1.3300
v -6.5000 1.3500 1.4000
v -4.0000 1.3500 1.4000
v -4.0000 1.4500 1.4000
v -6.5000 1.4500 1.4000
v -6.5000 1.3500 -1.4000
v -4.0000 1.3500 -1.4000
v -4.0000 1.4500 -1.4000
v -6.5000 1.4500 -1.4000
v -6.5000 1.3500 -1.3300
v -4.0000 1.3500 -1.3300
v -4.0000 1.4500 -1.3300
v -6.5000 1.4500 -1.3300
v -2.7500 1.3500 1.3300
v 1.0000 1.3500 1.3300
v 1.0000 1.4500 1.3300
v -2.7500 1.4500 1.3300
v -2.7500 1.3500 1.4000
v 1.0000 1.3500 1.4000
v 1.0000 1.4500 1.4000
v -2.7500 1.4500 1.4000
v -2.7500 1.3500 -1.4000
v 1.0000 1.3500 -1.4000
v 1.0000 1.4500 -1.4000
v -2.7500 1.4500 -1.4000
v -2.7500 1.3500 -1.3300
v 1.0000 1.3500 -1.3300
v 1.0000 1.4500 -1.3300
v -2.7500 1.4500 -1.3300
v 2.2500 1.3500 1.3300
v 6.5000 1.3500 1.3300
v 6.5000 1.4500 1.3300
v 2.2500 1.4500 1.3300
v 2.2500 1.3500 1.4000
v 6.5000 1.3500 1.4000
v 6.5000 1.4500 1.4000
v 2.2500 1.4500 1.4000
v 2.2500 1.3500 -1.4000
v 6.5000 1.3500 -1.4000
v 6.5000 1.4500 -1.4000
v 2.2500 1.4500 -1.4000
v 2.2500 1.3500 -1.3300
v 6.5000 1.3500 -1.3300
v 6.5000 1.4500 -1.3300
v 2.2500 1.4500 -1.3300
v 6.5000 1.3500 1.2950
v 6.6250 1.3500 1.2950
v 6.6250 1.4500 1.2950
v 6.5000 1.4500 1.2950
v 6.5000 1.3500 1.3650
v 6.6250 1.3500 1.3650
v 6.6250 1.4500 1.3650
v 6.5000 1.4500 1.3650
v 6.5000 1.3500 -1.3650
v 6.6250 1.3500 -1.3650
v 6.6250 1.4500 -1.3650
v 6.5000 1.4500 -1.3650
v 6.5000 1.3500 -1.2950
v 6.6250 1.3500 -1.2950
v 6.6250 1.4500 -1.2950
v 6.5000 1.4500 -1.2950
v -6.6250 1.4500 1.2950
v -6.5000 1.4500 1.2950
v -6.5000 1.5500 1.2950
v -6.6250 1.5500 1.2950
v -6.6250 1.4500 1.3650
v -6.5000 1.4500 1.3650
v -6.5000 1.5500 1.3650
v -6.6250 1.5500 1.3650
v -6.6250 1.4500 -1.3650
v -6.5000 1.4500 -1.3650
v -6.5000 1.5500 -1.3650
v -6.6250 1.5500 -1.3650
v -6.6250 1.4500 -1.2950
v -6.5000 1.4500 -1.2950
v -6.5000 1.5500 -1.2950
v -6.6250 1.5500 -1.2950
v -6.5000 1.4500 1.3300
v -4.0000 1.4500 1.3300
v -4.0000 1.5500 1.3300
v -6.5000 1.5500 1.3300
v -6.5000 1.4500 1.4000
v -4.0000 1.4500 1.4000
v -4.0000 1.5500 1.4000
v -6.5000 1.5500 1.4000
v -6.5000 1.4500 -1.4000
v -4.0000 1.4500 -1.4000
v -4.0000 1.5500 -1.4000
v -6.5000 1.5500 -1.4000
v -6.5000 1.4500 -1.3300
v -4.0000 1.4500 -1.3300
v -4.0000 1.5500 -1.3300
v -6.5000 1.5500 -1.3300
v -2.7500 1.4500 1.3300
v 1.0000 1.4500 1.3300
v 1.0000 1.5500 1.3300
v -2.7500 1.5500 1.3300
v -2.7500 1.4500 1.4000
v 1.0000 1.4500 1.4000
v 1.0000 1.5500 1.4000
v -2.7500 1.5500 1.4000
v -2.7500 1.4500 -1.4000
v 1.0000 1.4500 -1.4000
v 1.0000 1.5500 -1.4000
v -2.7500 1.5500 -1.4000
v -2.7500 1.4500 -1.3300
v 1.0000 1.4500 -1.3300
v 1.0000 1.5500 -1.3300
v -2.7500 1.5500 -1.3300
v 2.2500 1.4500 1.3300
v 6.5000 1.4500 1.3300
v 6.5000 1.5500 1.3300
v 2.2500 1.5500 1.3300
v 2.2500 1.4500 1.4000
v 6.5000 1.4500 1.4000
v 6.5000 1.5500 1.4000
v 2.2500 1.5500 1.4000
v 2.2500 1.4500 -1.4000
v 6.5000 1.4500 -1.4000
v 6.5000 1.5500 -1.4000
v 2.2500 1.5500 -1.4000
v 2.2500 1.4500 -1.3300
v 6.5000 1.4500 -1.3300
v 6.5000 1.5500 -1.3300
v 2.2500 1.5500 -1.3300
v 6.5000 1.4500 1.2950
v 6.6250 1.4500 1.2950
v 6.6250 1.5500 1.2950
v 6.5000 1.5500 1.2950
v 6.5000 1.4500 1.3650
v 6.6250 1.4500 1.3650
v 6.6250 1.5500 1.3650
v 6.5000 1.5500 1.3650
v 6.5000 1.4500 -1.3650
v 6.6250 1.4500 -1.3650
v 6.6250 1.5500 -1.3650
v 6.5000 1.5500 -1.3650
v 6.5000 1.4500 -1.2950
v 6.6250 1.4500 -1.2950
v 6.6250 1.5500 -1.2950
v 6.5000 1.5500 -1.2950
v -6.6250 1.5500 1.2950
v -6.5000 1.5500 1.2950
v -6.5000 1.6500 1.2950
v -6.6250 1.6500 1.2950
v -6.6250 1.5500 1.3650
v -6.5000 1.5500 1.3650
v -6.5000 1.6500 1.3650
v -6.6250 1.6500 1.3650
v -6.6250 1.5500 -1.3650
v -6.5000 1.5500 -1.3650
v -6.5000 1.6500 -1.3650
v -6.6250 1.6500 -1.3650
v -6.6250 1.5500 -1.2950
v -6.5000 1.5500 -1.2950
v -6.5000 1.6500 -1.2950
v -6.6250 1.6500 -1.2950
v -6.5000 1.5500 1.3300
v -4.0000 1.5500 1.3300
v -4.0000 1.6500 1.3300
v -6.5000 1.6500 1.3300
v -6.5000 1.5500 1.4000
v -4.0000 1.5500 1.4000
v -4.0000 1.6500 1.4000
v -6.5000 1.6500 1.4000
v -6.5000 1.5500 -1.4000
v -4.0000 1.5500 -1.4000
v -4.0000 1.6500 -1.4000
v -6.5000 1.6500 -1.4000
v -6.5000 1.5500 -1.3300
v -4.0000 1.5500 -1.3300
v -4.0000 1.6500 -1.3300
v -6.5000 1.6500 -1.3300
v -2.7500 1.5500 1.3300
v 1.0000 1.5500 1.3300
v 1.0000 1.6500 1.3300
v -2.7500 1.6500 1.3300
v -2.7500 1.5500 1.4000
v 1.0000 1.5500 1.4000
v 1.0000 1.6500 1.4000
v -2.7500 1.6500 1.4000
v -2.7500 1.5500 -1.4000
v 1.0000 1.5500 -1.4000
v 1.0000 1.6500 -1.4000
v -2.7500 1.6500 -1.4000
v -2.7500 1.5500 -1.3300
v 1.0000 1.5500 -1.3300
v 1.0000 1.6500 -1.3300
v -2.7500 1.6500 -1.3300
v 2.2500 1.5500 1.3300
v 6.5000 1.5500 1.3300
v 6.5000 1.6500 1.3300
v 2.2500 1.6500 1.3300
v 2.2500 1.5500 1.4000
v 6.5000 1.5500 1.4000
v 6.5000 1.6500 1.4000
v 2.2500 1.6500 1.4000
v 2.2500 1.5500 -1.4000
v 6.5000 1.5500 -1.4000
v 6.5000 1.6500 -1.4000
v 2.2500 1.6500 -1.4000
v 2.2500 1.5500 -1.3300
v 6.5000 1.5500 -1.3300
v 6.5000 1.6500 -1.3300
v 2.2500 1.6500 -1.3300
v 6.5000 1.5500 1.2950
v 6.6250 1.5500 1.2950
v 6.6250 1.6500 1.2950
v 6.5000 1.6500 1.2950
v 6.5000 1.5500 1.3650
v 6.6250 1.5500 1.3650
v 6.6250 1.6500 1.3650
v 6.5000 1.6500 1.3650
v 6.5000 1.5500 -1.3650
v 6.6250 1.5500 -1.3650
v 6.6250 1.6500 -1.3650
v 6.5000 1.6500 -1.3650
v 6.5000 1.5500 -1.2950
v 6.6250 1.5500 -1.2950
v 6.6250 1.6500 -1.2950
v 6.5000 1.6500 -1.2950
v -6.6250 1.6500 1.2950
v -6.5000 1.6500 1.2950
v -6.5000 2.8500 1.2950
v -6.6250 2.8500 1.2950
v -6.6250 1.6500 1.3450
v -6.5000 1.6500 1.3450
v -6.5000 2.8500 1.3450
v -6.6250 2.8500 1.3450
v -6.6250 1.6500 -1.3450
v -6.5000 1.6500 -1.3450
v -6.5000 2.8500 -1.3450
v -6.6250 2.8500 -1.3450
v -6.6250 1.6500 -1.2950
v -6.5000 1.6500 -1.2950
v -6.5000 2.8500 -1.2950
v -6.6250 2.8500 -1.2950
v -6.5000 1.6500 1.3300
v -6.1250 1.6500 1.3300
v -6.1250 2.8500 1.3300
v -6.5000 2.8500 1.3300
v -6.5000 1.6500 1.3800
v -6.1250 1.6500 1.3800
v -6.1250 2.8500 1.3800
v -6.5000 2.8500 1.3800
v -6.5000 1.6500 -1.3800
v -6.1250 1.6500 -1.3800
v -6.1250 2.8500 -1.3800
v -6.5000 2.8500 -1.3800
v -6.5000 1.6500 -1.3300
v -6.1250 1.6500 -1.3300
v -6.1250 2.8500 -1.3300
v -6.5000 2.8500 -1.3300
v -6.1250 1.6500 1.3300
v -5.7500 1.6500 1.3300
v -5.7500 2.8500 1.3300
v -6.1250 2.8500 1.3300
v -6.1250 1.6500 1.4000
v -5.7500 1.6500 1.4000
v -5.7500 2.8500 1.4000
v -6.1250 2.8500 1.4000
v -6.1250 1.6500 -1.4000
v -5.7500 1.6500 -1.4000
v -5.7500 2.8500 -1.4000
v -6.1250 2.8500 -1.4000
v -6.1250 1.6500 -1.3300
v -5.7500 1.6500 -1.3300
v -5.7500 2.8500 -1.3300
v -6.1250 2.8500 -1.3300
v -5.7500 1.6500 1.3300
v -4.7500 1.6500 1.3300
v -4.7500 2.8500 1.3300
v -5.7500 2.8500 1.3300
v -5.7500 1.6500 1.3800
v -4.7500 1.6500 1.3800
v -4.7500 2.8500 1.3800
v -5.7500 2.8500 1.3800
v -5.7500 1.6500 -1.3800
v -4.7500 1.6500 -1.3800
v -4.7500 2.8500 -1.3800
v -5.7500 2.8500 -1.3800
v -5.7500 1.6500 -1.3300
v -4.7500 1.6500 -1.3300
v -4.7500 2.8500 -1.3300
v -5.7500 2.8500 -1.3300
v -4.7500 1.6500 1.3300
v -4.3750 1.6500 1.3300
v -4.3750 2.8500 1.3300
v -4.7500 2.8500 1.3300
v -4.7500 1.6500 1.4000
v -4.3750 1.6500 1.4000
v -4.3750 2.8500 1.4000
v -4.7500 2.8500 1.4000
v -4.7500 1.6500 -1.4000
v -4.3750 1.6500 -1.4000
v -4.3750 2.8500 -1.4000
v -4.7500 2.8500 -1.4000
v -4.7500 1.6500 -1.3300
v -4.3750 1.6500 -1.3300
v -4.3750 2.8500 -1.3300
v -4.7500 2.8500 -1.3300
v -4.3750 1.6500 1.3300
v -4.0000 1.6500 1.3300
v -4.0000 2.8500 1.3300
v -4.3750 2.8500 1.3300
v -4.3750 1.6500 1.3800
v -4.0000 1.6500 1.3800
v -4.0000 2.8500 1.3800
v -4.3750 2.8500 1.3800
v -4.3750 1.6500 -1.3800
v -4.0000 1.6500 -1.3800
v -4.0000 2.8500 -1.3800
v -4.3750 2.8500 -1.3800
v -4.3750 1.6500 -1.3300
v -4.0000 1.6500 -1.3300
v -4.0000 2.8500 -1.3300
v -4.3750 2.8500 -1.3300
v -2.7500 1.6500 1.3300
v -1.7500 1.6500 1.3300
v -1.7500 2.8500 1.3300
v -2.7500 2.8500 1.3300
v -2.7500 1.6500 1.3800
v -1.7500 1.6500 1.3800
v -1.7500 2.8500 1.3800
v -2.7500 2.8500 1.3800
v -2.7500 1.6500 -1.3800
v -1.7500 1.6500 -1.3800
v -1.7500 2.8500 -1.3800
v -2.7500 2.8500 -1.3800
v -2.7500 1.6500 -1.3300
v -1.7500 1.6500 -1.3300
v -1.7500 2.8500 -1.3300
v -2.7500 2.8500 -1.3300
v -1.7500 1.6500 1.3300
v -1.5000 1.6500 1.3300
v -1.5000 2.8500 1.3300
v -1.7500 2.8500 1.3300
v -1.7500 1.6500 1.4000
v -1.5000 1.6500 1.4000
v -1.5000 2.8500 1.4000
v -1.7500 2.8500 1.4000
v -1.7500 1.6500 -1.4000
v -1.5000 1.6500 -1.4000
v -1.5000 2.8500 -1.4000
v -1.7500 2.8500 -1.4000
v -1.7500 1.6500 -1.3300
v -1.5000 1.6500 -1.3300
v -1.5000 2.8500 -1.3300
v -1.7500 2.8500 -1.3300
v -1.5000 1.6500 1.3300
v -0.3750 1.6500 1.3300
v -0.3750 2.8500 1.3300
v -1.5000 2.8500 1.3300
v -1.5000 1.6500 1.3800
v -0.3750 1.6500 1.3800
v -0.3750 2.8500 1.3800
v -1.5000 2.8500 1.3800
v -1.5000 1.6500 -1.3800
v -0.3750 1.6500 -1.3800
v -0.3750 2.8500 -1.3800
v -1.5000 2.8500 -1.3800
v -1.5000 1.6500 -1.3300
v -0.3750 1.6500 -1.3300
v -0.3750 2.8500 -1.3300
v -1.5000 2.8500 -1.3300
v -0.3750 1.6500 1.3300
v 0.0000 1.6500 1.3300
v 0.0000 2.8500 1.3300
v -0.3750 2.8500 1.3300
v -0.3750 1.6500 1.4000
v 0.0000 1.6500 1.4000
v 0.0000 2.8500 1.4000
v -0.3750 2.8500 1.4000
v -0.3750 1.6500 -1.4000
v 0.0000 1.6500 -1.4000
v 0.0000 2.8500 -1.4000
v -0.3750 2.8500 -1.4000
v -0.3750 1.6500 -1.3300
v 0.0000 1.6500 -1.3300
v 0.0000 2.8500 -1.3300
v -0.3750 2.8500 -1.3300
v 0.0000 1.6500 1.3300
v 1.0000 1.6500 1.3300
v 1.0000 2.8500 1.3300
v 0.0000 2.8500 1.3300
v 0.0000 1.6500 1.3800
v 1.0000 1.6500 1.3800
v 1.0000 2.8500 1.3800
v 0.0000 2.8500 1.3800
v 0.0000 1.6500 -1.3800
v 1.0000 1.6500 -1.3800
v 1.0000 2.8500 -1.3800
v 0.0000 2.8500 -1.3800
v 0.0000 1.6500 -1.3300
v 1.0000 1.6500 -1.3300
v 1.0000 2.8500 -1.3300
v 0.0000 2.8500 -1.3300
v 2.2500 1.6500 1.3300
v 2.5000 1.6500 1.3300
v 2.5000 2.8500 1.3300
v 2.2500 2.8500 1.3300
v 2.2500 1.6500 1.3800
v 2.5000 1.6500 1.3800
v 2.5000 2.8500 1.3800
v 2.2500 2.8500 1.3800
v 2.2500 1.6500 -1.3800
v 2.5000 1.6500 -1.3800
v 2.5000 2.8500 -1.3800
v 2.2500 2.8500 -1.3800
v 2.2500 1.6500 -1.3300
v 2.5000 1.6500 -1.3300
v 2.5000 2.8500 -1.3300
v 2.2500 2.8500 -1.3300
v 2.5000 1.6500 1.3300
v 2.8750 1.6500 1.3300
v 2.8750 2.8500 1.3300
v 2.5000 2.8500 1.3300
v 2.5000 1.6500 1.4000
v 2.8750 1.6500 1.4000
v 2.8750 2.8500 1.4000
v 2.5000 2.8500 1.4000
v 2.5000 1.6500 -1.4000
v 2.8750 1.6500 -1.4000
v 2.8750 2.8500 -1.4000
v 2.5000 2.8500 -1.4000
v 2.5000 1.6500 -1.3300
v 2.8750 1.6500 -1.3300
v 2.8750 2.8500 -1.3300
v 2.5000 2.8500 -1.3300
v 2.8750 1.6500 1.3300
v 4.0000 1.6500 1.3300
v 4.0000 2.8500 1.3300
v 2.8750 2.8500 1.3300
v 2.8750 1.6500 1.3800
v 4.0000 1.6500 1.3800
v 4.0000 2.8500 1.3800
v 2.8750 2.8500 1.3800
v 2.8750 1.6500 -1.3800
v 4.0000 1.6500 -1.3800
v 4.0000 2.8500 -1.3800
v 2.8750 2.8500 -1.3800
v 2.8750 1.6500 -1.3300
v 4.0000 1.6500 -1.3300
v 4.0000 2.8500 -1.3300
v 2.8750 2.8500 -1.3300
v 4.0000 1.6500 1.3300
v 4.3750 1.6500 1.3300
v 4.3750 2.8500 1.3300
v 4.0000 2.8500 1.3300
v 4.0000 1.6500 1.4000
v 4.3750 1.6500 1.4000
v 4.3750 2.8500 1.4000
v 4.0000 2.8500 1.4000
v 4.0000 1.6500 -1.4000
v 4.3750 1.6500 -1.4000
v 4.3750 2.8500 -1.4000
v 4.0000 2.8500 -1.4000
v 4.0000 1.6500 -1.3300
v 4.3750 1.6500 -1.3300
v 4.3750 2.8500 -1.3300
v 4.0000 2.8500 -1.3300
v 4.3750 1.6500 1.3300
v 5.5000 1.6500 1.3300
v 5.5000 2.8500 1.3300
v 4.3750 2.8500 1.3300
v 4.3750 1.6500 1.3800
v 5.5000 1.6500 1.3800
v 5.5000 2.8500 1.3800
v 4.3750 2.8500 1.3800
v 4.3750 1.6500 -1.3800
v 5.5000 1.6500 -1.3800
v 5.5000 2.8500 -1.3800
v 4.3750 2.8500 -1.3800
v 4.3750 1.6500 -1.3300
v 5.5000 1.6500 -1.3300
v 5.5000 2.8500 -1.3300
v 4.3750 2.8500 -1.3300
v 5.5000 1.6500 1.3300
v 5.7500 1.6500 1.3300
v 5.7500 2.8500 1.3300
v 5.5000 2.8500 1.3300
v 5.5000 1.6500 1.4000
v 5.7500 1.6500 1.4000
v 5.7500 2.8500 1.4000
v 5.5000 2.8500 1.4000
v 5.5000 1.6500 -1.4000
v 5.7500 1.6500 -1.4000
v 5.7500 2.8500 -1.4000
v 5.5000 2.8500 -1.4000
v 5.5000 1.6500 -1.3300
v 5.7500 1.6500 -1.3300
v 5.7500 2.8500 -1.3300
v 5.5000 2.8500 -1.3300
v 5.7500 1.6500 1.3300
v 6.5000 1.6500 1.3300
v 6.5000 2.8500 1.3300
v 5.7500 2.8500 1.3300
v 5.7500 1.6500 1.3800
v 6.5000 1.6500 1.3800
v 6.5000 2.8500 1.3800
v 5.7500 2.8500 1.3800
v 5.7500 1.6500 -1.3800
v 6.5000 1.6500 -1.3800
v 6.5000 2.8500 -1.3800
v 5.7500 2.8500 -1.3800
v 5.7500 1.6500 -1.3300
v 6.5000 1.6500 -1.3300
v 6.5000 2.8500 -1.3300
v 5.7500 2.8500 -1.3300
v 6.5000 1.6500 1.2950
v 6.6250 1.6500 1.2950
v 6.6250 2.8500 1.2950
v 6.5000 2.8500 1.2950
v 6.5000 1.6500 1.3450
v 6.6250 1.6500 1.3450
v 6.6250 2.8500 1.3450
v 6.5000 2.8500 1.3450
v 6.5000 1.6500 -1.3450
v 6.6250 1.6500 -1.3450
v 6.6250 2.8500 -1.3450
v 6.5000 2.8500 -1.3450
v 6.5000 1.6500 -1.2950
v 6.6250 1.6500 -1.2950
v 6.6250 2.8500 -1.2950
v 6.5000 2.8500 -1.2950
v -6.5000 2.9500 1.3300
v 6.5000 2.9500 1.3300
v 6.5000 3.0500 1.3300
v -6.5000 3.0500 1.3300
v -6.5000 2.9500 1.4000
v 6.5000 2.9500 1.4000
v 6.5000 3.0500 1.4000
v -6.5000 3.0500 1.4000
v -6.5000 2.9500 -1.4000
v 6.5000 2.9500 -1.4000
v 6.5000 3.0500 -1.4000
v -6.5000 3.0500 -1.4000
v -6.5000 2.9500 -1.3300
v 6.5000 2.9500 -1.3300
v 6.5000 3.0500 -1.3300
v -6.5000 3.0500 -1.3300
v -7.0000 3.0500 1.2360
v -6.7500 3.0500 1.2360
v -6.7500 3.1500 1.2360
v -7.0000 3.1500 1.2360
v -7.0000 3.0500 1.3060
v -6.7500 3.0500 1.3060
v -6.7500 3.1500 1.3060
v -7.0000 3.1500 1.3060
v -7.0000 3.0500 -1.3060
v -6.7500 3.0500 -1.3060
v -6.7500 3.1500 -1.3060
v -7.0000 3.1500 -1.3060
v -7.0000 3.0500 -1.2360
v -6.7500 3.0500 -1.2360
v -6.7500 3.1500 -1.2360
v -7.0000 3.1500 -1.2360
v -6.7500 3.0500 1.2960
v -6.6250 3.0500 1.2960
v -6.6250 3.1500 1.2960
v -6.7500 3.1500 1.2960
v -6.7500 3.0500 1.3660
v -6.6250 3.0500 1.3660
v -6.6250 3.1500 1.3660
v -6.7500 3.1500 1.3660
v -6.7500 3.0500 -1.3660
v -6.6250 3.0500 -1.3660
v -6.6250 3.1500 -1.3660
v -6.7500 3.1500 -1.3660
v -6.7500 3.0500 -1.2960
v -6.6250 3.0500 -1.2960
v -6.6250 3.1500 -1.2960
v -6.7500 3.1500 -1.2960
v -6.6250 3.0500 1.2910
v -6.5000 3.0500 1.2910
v -6.5000 3.1500 1.2910
v -6.6250 3.1500 1.2910
v -6.6250 3.0500 1.3610
v -6.5000 3.0500 1.3610
v -6.5000 3.1500 1.3610
v -6.6250 3.1500 1.3610
v -6.6250 3.0500 -1.3610
v -6.5000 3.0500 -1.3610
v -6.5000 3.1500 -1.3610
v -6.6250 3.1500 -1.3610
v -6.6250 3.0500 -1.2910
v -6.5000 3.0500 -1.2910
v -6.5000 3.1500 -1.2910
v -6.6250 3.1500 -1.2910
v -6.5000 3.0500 1.3260
v 6.5000 3.0500 1.3260
v 6.5000 3.1500 1.3260
v -6.5000 3.1500 1.3260
v -6.5000 3.0500 1.3960
v 6.5000 3.0500 1.3960
v 6.5000 3.1500 1.3960
v -6.5000 3.1500 1.3960
v -6.5000 3.0500 -1.3960
v 6.5000 3.0500 -1.3960
v 6.5000 3.1500 -1.3960
v -6.5000 3.1500 -1.3960
v -6.5000 3.0500 -1.3260
v 6.5000 3.0500 -1.3260
v 6.5000 3.1500 -1.3260
v -6.5000 3.1500 -1.3260
v 6.5000 3.0500 1.2910
v 6.6250 3.0500 1.2910
v 6.6250 3.1500 1.2910
v 6.5000 3.1500 1.2910
v 6.5000 3.0500 1.3610
v 6.6250 3.0500 1.3610
v 6.6250 3.1500 1.3610
v 6.5000 3.1500 1.3610
v 6.5000 3.0500 -1.3610
v 6.6250 3.0500 -1.3610
v 6.6250 3.1500 -1.3610
v 6.5000 3.1500 -1.3610
v 6.5000 3.0500 -1.2910
v 6.6250 3.0500 -1.2910
v 6.6250 3.1500 -1.2910
v 6.5000 3.1500 -1.2910
v 6.6250 3.0500 1.2960
v 6.7500 3.0500 1.2960
v 6.7500 3.1500 1.2960
v 6.6250 3.1500 1.2960
v 6.6250 3.0500 1.3660
v 6.7500 3.0500 1.3660
v 6.7500 3.1500 1.3660
v 6.6250 3.1500 1.3660
v 6.6250 3.0500 -1.3660
v 6.7500 3.0500 -1.3660
v 6.7500 3.1500 -1.3660
v 6.6250 3.1500 -1.3660
v 6.6250 3.0500 -1.2960
v 6.7500 3.0500 -1.2960
v 6.7500 3.1500 -1.2960
v 6.6250 3.1500 -1.2960
v 6.7500 3.0500 1.2360
v 7.0000 3.0500 1.2360
v 7.0000 3.1500 1.2360
v 6.7500 3.1500 1.2360
v 6.7500 3.0500 1.3060
v 7.0000 3.0500 1.3060
v 7.0000 3.1500 1.3060
v 6.7500 3.1500 1.3060
v 6.7500 3.0500 -1.3060
v 7.0000 3.0500 -1.3060
v 7.0000 3.1500 -1.3060
v 6.7500 3.1500 -1.3060
v 6.7500 3.0500 -1.2360
v 7.0000 3.0500 -1.2360
v 7.0000 3.1500 -1.2360
v 6.7500 3.1500 -1.2360
v -7.0000 3.1500 1.2080
v -6.7500 3.1500 1.2080
v -6.7500 3.2500 1.2080
v -7.0000 3.2500 1.2080
v -7.0000 3.1500 1.2780
v -6.7500 3.1500 1.2780
v -6.7500 3.2500 1.2780
v -7.0000 3.2500 1.2780
v -7.0000 3.1500 -1.2780
v -6.7500 3.1500 -1.2780
v -6.7500 3.2500 -1.2780
v -7.0000 3.2500 -1.2780
v -7.0000 3.1500 -1.2080
v -6.7500 3.1500 -1.2080
v -6.7500 3.2500 -1.2080
v -7.0000 3.2500 -1.2080
v -6.7500 3.1500 1.2680
v -6.6250 3.1500 1.2680
v -6.6250 3.2500 1.2680
v -6.7500 3.2500 1.2680
v -6.7500 3.1500 1.3380
v -6.6250 3.1500 1.3380
v -6.6250 3.2500 1.3380
v -6.7500 3.2500 1.3380
v -6.7500 3.1500 -1.3380
v -6.6250 3.1500 -1.3380
v -6.6250 3.2500 -1.3380
v -6.7500 3.2500 -1.3380
v -6.7500 3.1500 -1.2680
v -6.6250 3.1500 -1.2680
v -6.6250 3.2500 -1.2680
v -6.7500 3.2500 -1.2680
v -6.6250 3.1500 1.2630
v -6.5000 3.1500 1.2630
v -6.5000 3.2500 1.2630
v -6.6250 3.2500 1.2630
v -6.6250 3.1500 1.3330
v -6.5000 3.1500 1.3330
v -6.5000 3.2500 1.3330
v -6.6250 3.2500 1.3330
v -6.6250 3.1500 -1.3330
v -6.5000 3.1500 -1.3330
v -6.5000 3.2500 -1.3330
v -6.6250 3.2500 -1.3330
v -6.6250 3.1500 -1.2630
v -6.5000 3.1500 -1.2630
v -6.5000 3.2500 -1.2630
v -6.6250 3.2500 -1.2630
v -6.5000 3.1500 1.2980
v 6.5000 3.1500 1.2980
v 6.5000 3.2500 1.2980
v -6.5000 3.2500 1.2980
v -6.5000 3.1500 1.3680
v 6.5000 3.1500 1.3680
v 6.5000 3.2500 1.3680
v -6.5000 3.2500 1.3680
v -6.5000 3.1500 -1.3680
v 6.5000 3.1500 -1.3680
v 6.5000 3.2500 -1.3680
v -6.5000 3.2500 -1.3680
v -6.5000 3.1500 -1.2980
v 6.5000 3.1500 -1.2980
v 6.5000 3.2500 -1.2980
v -6.5000 3.2500 -1.2980
v 6.5000 3.1500 1.2630
v 6.6250 3.1500 1.2630
v 6.6250 3.2500 1.2630
v 6.5000 3.2500 1.2630
v 6.5000 3.1500 1.3330
v 6.6250 3.1500 1.3330
v 6.6250 3.2500 1.3330
v 6.5000 3.2500 1.3330
v 6.5000 3.1500 -1.3330
v 6.6250 3.1500 -1.3330
v 6.6250 3.2500 -1.3330
v 6.5000 3.2500 -1.3330
v 6.5000 3.1500 -1.2630
v 6.6250 3.1500 -1.2630
v 6.6250 3.2500 -1.2630
v 6.5000 3.2500 -1.2630
v 6.6250 3.1500 1.2680
v 6.7500 3.1500 1.2680
v 6.7500 3.2500 1.2680
v 6.6250 3.2500 1.2680
v 6.6250 3.1500 1.3380
v 6.7500 3.1500 1.3380
v 6.7500 3.2500 1.3380
v 6.6250 3.2500 1.3380
v 6.6250 3.1500 -1.3380
v 6.7500 3.1500 -1.3380
v 6.7500 3.2500 -1.3380
v 6.6250 3.2500 -1.3380
v 6.6250 3.1500 -1.2680
v 6.7500 3.1500 -1.2680
v 6.7500 3.2500 -1.2680
v 6.6250 3.2500 -1.2680
v 6.7500 3.1500 1.2080
v 7.0000 3.1500 1.2080
v 7.0000 3.2500 1.2080
v 6.7500 3.2500 1.2080
v 6.7500 3.1500 1.2780
v 7.0000 3.1500 1.2780
v 7.0000 3.2500 1.2780
v 6.7500 3.2500 1.2780
v 6.7500 3.1500 -1.2780
v 7.0000 3.1500 -1.2780
v 7.0000 3.2500 -1.2780
v 6.7500 3.2500 -1.2780
v 6.7500 3.1500 -1.2080
v 7.0000 3.1500 -1.2080
v 7.0000 3.2500 -1.2080
v 6.7500 3.2500 -1.2080
v -7.0000 3.2500 1.1520
v -6.7500 3.2500 1.1520
v -6.7500 3.3500 1.1520
v -7.0000 3.3500 1.1520
v -7.0000 3.2500 1.2220
v -6.7500 3.2500 1.2220
v -6.7500 3.3500 1.2220
v -7.0000 3.3500 1.2220
v -7.0000 3.2500 -1.2220
v -6.7500 3.2500 -1.2220
v -6.7500 3.3500 -1.2220
v -7.0000 3.3500 -1.2220
v -7.0000 3.2500 -1.1520
v -6.7500 3.2500 -1.1520
v -6.7500 3.3500 -1.1520
v -7.0000 3.3500 -1.1520
v -6.7500 3.2500 1.2120
v -6.6250 3.2500 1.2120
v -6.6250 3.3500 1.2120
v -6.7500 3.3500 1.2120
v -6.7500 3.2500 1.2820
v -6.6250 3.2500 1.2820
v -6.6250 3.3500 1.2820
v -6.7500 3.3500 1.2820
v -6.7500 3.2500 -1.2820
v -6.6250 3.2500 -1.2820
v -6.6250 3.3500 -1.2820
v -6.7500 3.3500 -1.2820
v -6.7500 3.2500 -1.2120
v -6.6250 3.2500 -1.2120
v -6.6250 3.3500 -1.2120
v -6.7500 3.3500 -1.2120
v -6.6250 3.2500 1.2080
v -6.5000 3.2500 1.2080
v -6.5000 3.3500 1.2080
v -6.6250 3.3500 1.2080
v -6.6250 3.2500 1.2780
v -6.5000 3.2500 1.2780
v -6.5000 3.3500 1.2780
v -6.6250 3.3500 1.2780
v -6.6250 3.2500 -1.2780
v -6.5000 3.2500 -1.2780
v -6.5000 3.3500 -1.2780
v -6.6250 3.3500 -1.2780
v -6.6250 3.2500 -1.2080
v -6.5000 3.2500 -1.2080
v -6.5000 3.3500 -1.2080
v -6.6250 3.3500 -1.2080
v -6.5000 3.2500 1.2420
v 6.5000 3.2500 1.2420
v 6.5000 3.3500 1.2420
v -6.5000 3.3500 1.2420
v -6.5000 3.2500 1.3120
v 6.5000 3.2500 1.3120
v 6.5000 3.3500 1.3120
v -6.5000 3.3500 1.3120
v -6.5000 3.2500 -1.3120
v 6.5000 3.2500 -1.3120
v 6.5000 3.3500 -1.3120
v -6.5000 3.3500 -1.3120
v -6.5000 3.2500 -1.2420
v 6.5000 3.2500 -1.2420
v 6.5000 3.3500 -1.2420
v -6.5000 3.3500 -1.2420
v 6.5000 3.2500 1.2080
v 6.6250 3.2500 1.2080
v 6.6250 3.3500 1.2080
v 6.5000 3.3500 1.2080
v 6.5000 3.2500 1.2780
v 6.6250 3.2500 1.2780
v 6.6250 3.3500 1.2780
v 6.5000 3.3500 1.2780
v 6.5000 3.2500 -1.2780
v 6.6250 3.2500 -1.2780
v 6.6250 3.3500 -1.2780
v 6.5000 3.3500 -1.2780
v 6.5000 3.2500 -1.2080
v 6.6250 3.2500 -1.2080
v 6.6250 3.3500 -1.2080
v 6.5000 3.3500 -1.2080
v 6.6250 3.2500 1.2120
v 6.7500 3.2500 1.2120
v 6.7500 3.3500 1.2120
v 6.6250 3.3500 1.2120
v 6.6250 3.2500 1.2820
v 6.7500 3.2500 1.2820
v 6.7500 3.3500 1.2820
v 6.6250 3.3500 1.2820
v 6.6250 3.2500 -1.2820
v 6.7500 3.2500 -1.2820
v 6.7500 3.3500 -1.2820
v 6.6250 3.3500 -1.2820
v 6.6250 3.2500 -1.2120
v 6.7500 3.2500 -1.2120
v 6.7500 3.3500 -1.2120
v 6.6250 3.3500 -1.2120
v 6.7500 3.2500 1.1520
v 7.0000 3.2500 1.1520
v 7.0000 3.3500 1.1520
v 6.7500 3.3500 1.1520
v 6.7500 3.2500 1.2220
v 7.0000 3.2500 1.2220
v 7.0000 3.3500 1.2220
v 6.7500 3.3500 1.2220
v 6.7500 3.2500 -1.2220
v 7.0000 3.2500 -1.2220
v 7.0000 3.3500 -1.2220
v 6.7500 3.3500 -1.2220
v 6.7500 3.2500 -1.1520
v 7.0000 3.2500 -1.1520
v 7.0000 3.3500 -1.1520
v 6.7500 3.3500 -1.1520
v -7.0000 3.3500 -1.1390
v -6.7500 3.3500 -1.1390
v -6.7500 3.4500 -1.1390
v -7.0000 3.4500 -1.1390
v -7.0000 3.3500 1.1390
v -6.7500 3.3500 1.1390
v -6.7500 3.4500 1.1390
v -7.0000 3.4500 1.1390
v -6.7500 3.3500 -1.1990
v -6.6250 3.3500 -1.1990
v -6.6250 3.4500 -1.1990
v -6.7500 3.4500 -1.1990
v -6.7500 3.3500 1.1990
v -6.6250 3.3500 1.1990
v -6.6250 3.4500 1.1990
v -6.7500 3.4500 1.1990
v -6.6250 3.3500 -1.1940
v -6.5000 3.3500 -1.1940
v -6.5000 3.4500 -1.1940
v -6.6250 3.4500 -1.1940
v -6.6250 3.3500 1.1940
v -6.5000 3.3500 1.1940
v -6.5000 3.4500 1.1940
v -6.6250 3.4500 1.1940
v -6.5000 3.3500 -1.2290
v -4.0000 3.3500 -1.2290
v -4.0000 3.4500 -1.2290
v -6.5000 3.4500 -1.2290
v -6.5000 3.3500 1.2290
v -4.0000 3.3500 1.2290
v -4.0000 3.4500 1.2290
v -6.5000 3.4500 1.2290
v -4.0000 3.3500 -1.2290
v -2.7500 3.3500 -1.2290
v -2.7500 3.4500 -1.2290
v -4.0000 3.4500 -1.2290
v -4.0000 3.3500 1.2290
v -2.7500 3.3500 1.2290
v -2.7500 3.4500 1.2290
v -4.0000 3.4500 1.2290
v -2.7500 3.3500 -1.2290
v 1.0000 3.3500 -1.2290
v 1.0000 3.4500 -1.2290
v -2.7500 3.4500 -1.2290
v -2.7500 3.3500 1.2290
v 1.0000 3.3500 1.2290
v 1.0000 3.4500 1.2290
v -2.7500 3.4500 1.2290
v 1.0000 3.3500 -1.2290
v 2.2500 3.3500 -1.2290
v 2.2500 3.4500 -1.2290
v 1.0000 3.4500 -1.2290
v 1.0000 3.3500 1.2290
v 2.2500 3.3500 1.2290
v 2.2500 3.4500 1.2290
v 1.0000 3.4500 1.2290
v 2.2500 3.3500 -1.2290
v 6.5000 3.3500 -1.2290
v 6.5000 3.4500 -1.2290
v 2.2500 3.4500 -1.2290
v 2.2500 3.3500 1.2290
v 6.5000 3.3500 1.2290
v 6.5000 3.4500 1.2290
v 2.2500 3.4500 1.2290
v 6.5000 3.3500 -1.1940
v 6.6250 3.3500 -1.1940
v 6.6250 3.4500 -1.1940
v 6.5000 3.4500 -1.1940
v 6.5000 3.3500 1.1940
v 6.6250 3.3500 1.1940
v 6.6250 3.4500 1.1940
v 6.5000 3.4500 1.1940
v 6.6250 3.3500 -1.1990
v 6.7500 3.3500 -1.1990
v 6.7500 3.4500 -1.1990
v 6.6250 3.4500 -1.1990
v 6.6250 3.3500 1.1990
v 6.7500 3.3500 1.1990
v 6.7500 3.4500 1.1990
v 6.6250 3.4500 1.1990
v 6.7500 3.3500 -1.1390
v 7.0000 3.3500 -1.1390
v 7.0000 3.4500 -1.1390
v 6.7500 3.4500 -1.1390
v 6.7500 3.3500 1.1390
v 7.0000 3.3500 1.1390
v 7.0000 3.4500 1.1390
v 6.7500 3.4500 1.1390
v -7.0000 3.4500 -1.0260
v -6.7500 3.4500 -1.0260
v -6.7500 3.5500 -1.0260
v -7.0000 3.5500 -1.0260
v -7.0000 3.4500 1.0260
v -6.7500 3.4500 1.0260
v -6.7500 3.5500 1.0260
v -7.0000 3.5500 1.0260
v -6.7500 3.4500 -1.0860
v -6.6250 3.4500 -1.0860
v -6.6250 3.5500 -1.0860
v -6.7500 3.5500 -1.0860
v -6.7500 3.4500 1.0860
v -6.6250 3.4500 1.0860
v -6.6250 3.5500 1.0860
v -6.7500 3.5500 1.0860
v -6.6250 3.4500 -1.0810
v -6.5000 3.4500 -1.0810
v -6.5000 3.5500 -1.0810
v -6.6250 3.5500 -1.0810
v -6.6250 3.4500 1.0810
v -6.5000 3.4500 1.0810
v -6.5000 3.5500 1.0810
v -6.6250 3.5500 1.0810
v -6.5000 3.4500 -1.1160
v -4.0000 3.4500 -1.1160
v -4.0000 3.5500 -1.1160
v -6.5000 3.5500 -1.1160
v -6.5000 3.4500 1.1160
v -4.0000 3.4500 1.1160
v -4.0000 3.5500 1.1160
v -6.5000 3.5500 1.1160
v -4.0000 3.4500 -1.1160
v -2.7500 3.4500 -1.1160
v -2.7500 3.5500 -1.1160
v -4.0000 3.5500 -1.1160
v -4.0000 3.4500 1.1160
v -2.7500 3.4500 1.1160
v -2.7500 3.5500 1.1160
v -4.0000 3.5500 1.1160
v -2.7500 3.4500 -1.1160
v 1.0000 3.4500 -1.1160
v 1.0000 3.5500 -1.1160
v -2.7500 3.5500 -1.1160
v -2.7500 3.4500 1.1160
v 1.0000 3.4500 1.1160
v 1.0000 3.5500 1.1160
v -2.7500 3.5500 1.1160
v 1.0000 3.4500 -1.1160
v 2.2500 3.4500 -1.1160
v 2.2500 3.5500 -1.1160
v 1.0000 3.5500 -1.1160
v 1.0000 3.4500 1.1160
v 2.2500 3.4500 1.1160
v 2.2500 3.5500 1.1160
v 1.0000 3.5500 1.1160
v 2.2500 3.4500 -1.1160
v 6.5000 3.4500 -1.1160
v 6.5000 3.5500 -1.1160
v 2.2500 3.5500 -1.1160
v 2.2500 3.4500 1.1160
v 6.5000 3.4500 1.1160
v 6.5000 3.5500 1.1160
v 2.2500 3.5500 1.1160
v 6.5000 3.4500 -1.0810
v 6.6250 3.4500 -1.0810
v 6.6250 3.5500 -1.0810
v 6.5000 3.5500 -1.0810
v 6.5000 3.4500 1.0810
v 6.6250 3.4500 1.0810
v 6.6250 3.5500 1.0810
v 6.5000 3.5500 1.0810
v 6.6250 3.4500 -1.0860
v 6.7500 3.4500 -1.0860
v 6.7500 3.5500 -1.0860
v 6.6250 3.5500 -1.0860
v 6.6250 3.4500 1.0860
v 6.7500 3.4500 1.0860
v 6.7500 3.5500 1.0860
v 6.6250 3.5500 1.0860
v 6.7500 3.4500 -1.0260
v 7.0000 3.4500 -1.0260
v 7.0000 3.5500 -1.0260
v 6.7500 3.5500 -1.0260
v 6.7500 3.4500 1.0260
v 7.0000 3.4500 1.0260
v 7.0000 3.5500 1.0260
v 6.7500 3.5500 1.0260
v -6.7000 0.7300 -1.2800
v 6.7000 0.7300 -1.2800
v 6.7000 0.8500 -1.2800
v -6.7000 0.8500 -1.2800
v -6.7000 0.7300 1.2800
v 6.7000 0.7300 1.2800
v 6.7000 0.8500 1.2800
v -6.7000 0.8500 1.2800
v -7.1500 -0.8000 0.6200
v -7.0000 -0.8000 0.6200
v -7.0000 -0.6993 0.6200
v -7.1500 -0.6993 0.6200
v -7.1500 -0.8000 1.1030
v -7.0000 -0.8000 1.1030
v -7.0000 -0.6993 1.1030
v -7.1500 -0.6993 1.1030
v -7.1500 -0.8000 -1.1030
v -7.0000 -0.8000 -1.1030
v -7.0000 -0.6993 -1.1030
v -7.1500 -0.6993 -1.1030
v -7.1500 -0.8000 -0.6200
v -7.0000 -0.8000 -0.6200
v -7.0000 -0.6993 -0.6200
v -7.1500 -0.6993 -0.6200
v -7.1500 -0.6993 0.6200
v -7.0000 -0.6993 0.6200
v -7.0000 -0.5986 0.6200
v -7.1500 -0.5986 0.6200
v -7.1500 -0.6993 1.1290
v -7.0000 -0.6993 1.1290
v -7.0000 -0.5986 1.1290
v -7.1500 -0.5986 1.1290
v -7.1500 -0.6993 -1.1290
v -7.0000 -0.6993 -1.1290
v -7.0000 -0.5986 -1.1290
v -7.1500 -0.5986 -1.1290
v -7.1500 -0.6993 -0.6200
v -7.0000 -0.6993 -0.6200
v -7.0000 -0.5986 -0.6200
v -7.1500 -0.5986 -0.6200
v -7.1500 -0.5986 0.6200
v -7.0000 -0.5986 0.6200
v -7.0000 -0.4979 0.6200
v -7.1500 -0.4979 0.6200
v -7.1500 -0.5986 1.1560
v -7.0000 -0.5986 1.1560
v -7.0000 -0.4979 1.1560
v -7.1500 -0.4979 1.1560
v -7.1500 -0.5986 -1.1560
v -7.0000 -0.5986 -1.1560
v -7.0000 -0.4979 -1.1560
v -7.1500 -0.4979 -1.1560
v -7.1500 -0.5986 -0.6200
v -7.0000 -0.5986 -0.6200
v -7.0000 -0.4979 -0.6200
v -7.1500 -0.4979 -0.6200
v -7.1500 -0.4979 0.6200
v -7.0000 -0.4979 0.6200
v -7.0000 -0.3971 0.6200
v -7.1500 -0.3971 0.6200
v -7.1500 -0.4979 1.1820
v -7.0000 -0.4979 1.1820
v -7.0000 -0.3971 1.1820
v -7.1500 -0.3971 1.1820
v -7.1500 -0.4979 -1.1820
v -7.0000 -0.4979 -1.1820
v -7.0000 -0.3971 -1.1820
v -7.1500 -0.3971 -1.1820
v -7.1500 -0.4979 -0.6200
v -7.0000 -0.4979 -0.6200
v -7.0000 -0.3971 -0.6200
v -7.1500 -0.3971 -0.6200
v -7.1500 -0.3971 0.6200
v -7.0000 -0.3971 0.6200
v -7.0000 -0.2964 0.6200
v -7.1500 -0.2964 0.6200
v -7.1500 -0.3971 1.2090
v -7.0000 -0.3971 1.2090
v -7.0000 -0.2964 1.2090
v -7.1500 -0.2964 1.2090
v -7.1500 -0.3971 -1.2090
v -7.0000 -0.3971 -1.2090
v -7.0000 -0.2964 -1.2090
v -7.1500 -0.2964 -1.2090
v -7.1500 -0.3971 -0.6200
v -7.0000 -0.3971 -0.6200
v -7.0000 -0.2964 -0.6200
v -7.1500 -0.2964 -0.6200
v -7.1500 -0.2964 0.6200
v -7.0000 -0.2964 0.6200
v -7.0000 -0.1957 0.6200
v -7.1500 -0.1957 0.6200
v -7.1500 -0.2964 1.2350
v -7.0000 -0.2964 1.2350
v -7.0000 -0.1957 1.2350
v -7.1500 -0.1957 1.2350
v -7.1500 -0.2964 -1.2350
v -7.0000 -0.2964 -1.2350
v -7.0000 -0.1957 -1.2350
v -7.1500 -0.1957 -1.2350
v -7.1500 -0.2964 -0.6200
v -7.0000 -0.2964 -0.6200
v -7.0000 -0.1957 -0.6200
v -7.1500 -0.1957 -0.6200
v -7.1500 -0.1957 0.6200
v -7.0000 -0.1957 0.6200
v -7.0000 -0.0950 0.6200
v -7.1500 -0.0950 0.6200
v -7.1500 -0.1957 1.2620
v -7.0000 -0.1957 1.2620
v -7.0000 -0.0950 1.2620
v -7.1500 -0.0950 1.2620
v -7.1500 -0.1957 -1.2620
v -7.0000 -0.1957 -1.2620
v -7.0000 -0.0950 -1.2620
v -7.1500 -0.0950 -1.2620
v -7.1500 -0.1957 -0.6200
v -7.0000 -0.1957 -0.6200
v -7.0000 -0.0950 -0.6200
v -7.1500 -0.0950 -0.6200
v -7.1500 -0.0950 0.6200
v -7.0000 -0.0950 0.6200
v -7.0000 0.0057 0.6200
v -7.1500 0.0057 0.6200
v -7.1500 -0.0950 1.2880
v -7.0000 -0.0950 1.2880
v -7.0000 0.0057 1.2880
v -7.1500 0.0057 1.2880
v -7.1500 -0.0950 -1.2880
v -7.0000 -0.0950 -1.2880
v -7.0000 0.0057 -1.2880
v -7.1500 0.0057 -1.2880
v -7.1500 -0.0950 -0.6200
v -7.0000 -0.0950 -0.6200
v -7.0000 0.0057 -0.6200
v -7.1500 0.0057 -0.6200
v -7.1500 0.0057 0.6200
v -7.0000 0.0057 0.6200
v -7.0000 0.8114 0.6200
v -7.1500 0.8114 0.6200
v -7.1500 0.0057 1.3000
v -7.0000 0.0057 1.3000
v -7.0000 0.8114 1.3000
v -7.1500 0.8114 1.3000
v -7.1500 0.0057 -1.3000
v -7.0000 0.0057 -1.3000
v -7.0000 0.8114 -1.3000
v -7.1500 0.8114 -1.3000
v -7.1500 0.0057 -0.6200
v -7.0000 0.0057 -0.6200
v -7.0000 0.8114 -0.6200
v -7.1500 0.8114 -0.6200
v -7.1500 0.8114 0.5800
v -7.0000 0.8114 0.5800
v -7.0000 2.9264 0.5800
v -7.1500 2.9264 0.5800
v -7.1500 0.8114 1.3000
v -7.0000 0.8114 1.3000
v -7.0000 2.9264 1.3000
v -7.1500 2.9264 1.3000
v -7.1500 0.8114 -1.3000
v -7.0000 0.8114 -1.3000
v -7.0000 2.9264 -1.3000
v -7.1500 2.9264 -1.3000
v -7.1500 0.8114 -0.5800
v -7.0000 0.8114 -0.5800
v -7.0000 2.9264 -0.5800
v -7.1500 2.9264 -0.5800
v -7.1500 2.9264 -1.3000
v -7.0000 2.9264 -1.3000
v -7.0000 3.0271 -1.3000
v -7.1500 3.0271 -1.3000
v -7.1500 2.9264 1.3000
v -7.0000 2.9264 1.3000
v -7.0000 3.0271 1.3000
v -7.1500 3.0271 1.3000
v -7.1500 3.0271 -1.2990
v -7.0000 3.0271 -1.2990
v -7.0000 3.1279 -1.2990
v -7.1500 3.1279 -1.2990
v -7.1500 3.0271 1.2990
v -7.0000 3.0271 1.2990
v -7.0000 3.1279 1.2990
v -7.1500 3.1279 1.2990
v -7.1500 3.1279 -1.2770
v -7.0000 3.1279 -1.2770
v -7.0000 3.2286 -1.2770
v -7.1500 3.2286 -1.2770
v -7.1500 3.1279 1.2770
v -7.0000 3.1279 1.2770
v -7.0000 3.2286 1.2770
v -7.1500 3.2286 1.2770
v -7.1500 3.2286 -1.2270
v -7.0000 3.2286 -1.2270
v -7.0000 3.3293 -1.2270
v -7.1500 3.3293 -1.2270
v -7.1500 3.2286 1.2270
v -7.0000 3.2286 1.2270
v -7.0000 3.3293 1.2270
v -7.1500 3.3293 1.2270
v -7.1500 3.3293 -1.1480
v -7.0000 3.3293 -1.1480
v -7.0000 3.4300 -1.1480
v -7.1500 3.4300 -1.1480
v -7.1500 3.3293 1.1480
v -7.0000 3.3293 1.1480
v -7.0000 3.4300 1.1480
v -7.1500 3.4300 1.1480
v 7.0000 -0.8000 0.6200
v 7.1500 -0.8000 0.6200
v 7.1500 -0.6993 0.6200
v 7.0000 -0.6993 0.6200
v 7.0000 -0.8000 1.1030
v 7.1500 -0.8000 1.1030
v 7.1500 -0.6993 1.1030
v 7.0000 -0.6993 1.1030
v 7.0000 -0.8000 -1.1030
v 7.1500 -0.8000 -1.1030
v 7.1500 -0.6993 -1.1030
v 7.0000 -0.6993 -1.1030
v 7.0000 -0.8000 -0.6200
v 7.1500 -0.8000 -0.6200
v 7.1500 -0.6993 -0.6200
v 7.0000 -0.6993 -0.6200
v 7.0000 -0.6993 0.6200
v 7.1500 -0.6993 0.6200
v 7.1500 -0.5986 0.6200
v 7.0000 -0.5986 0.6200
v 7.0000 -0.6993 1.1290
v 7.1500 -0.6993 1.1290
v 7.1500 -0.5986 1.1290
v 7.0000 -0.5986 1.1290
v 7.0000 -0.6993 -1.1290
v 7.1500 -0.6993 -1.1290
v 7.1500 -0.5986 -1.1290
v 7.0000 -0.5986 -1.1290
v 7.0000 -0.6993 -0.6200
v 7.1500 -0.6993 -0.6200
v 7.1500 -0.5986 -0.6200
v 7.0000 -0.5986 -0.6200
v 7.0000 -0.5986 0.6200
v 7.1500 -0.5986 0.6200
v 7.1500 -0.4979 0.6200
v 7.0000 -0.4979 0.6200
v 7.0000 -0.5986 1.1560
v 7.1500 -0.5986 1.1560
v 7.1500 -0.4979 1.1560
v 7.0000 -0.4979 1.1560
v 7.0000 -0.5986 -1.1560
v 7.1500 -0.5986 -1.1560
v 7.1500 -0.4979 -1.1560
v 7.0000 -0.4979 -1.1560
v 7.0000 -0.5986 -0.6200
v 7.1500 -0.5986 -0.6200
v 7.1500 -0.4979 -0.6200
v 7.0000 -0.4979 -0.6200
v 7.0000 -0.4979 0.6200
v 7.1500 -0.4979 0.6200
v 7.1500 -0.3971 0.6200
v 7.0000 -0.3971 0.6200
v 7.0000 -0.4979 1.1820
v 7.1500 -0.4979 1.1820
v 7.1500 -0.3971 1.1820
v 7.0000 -0.3971 1.1820
v 7.0000 -0.4979 -1.1820
v 7.1500 -0.4979 -1.1820
v 7.1500 -0.3971 -1.1820
v 7.0000 -0.3971 -1.1820
v 7.0000 -0.4979 -0.6200
v 7.1500 -0.4979 -0.6200
v 7.1500 -0.3971 -0.6200
v 7.0000 -0.3971 -0.6200
v 7.0000 -0.3971 0.6200
v 7.1500 -0.3971 0.6200
v 7.1500 -0.2964 0.6200
v 7.0000 -0.2964 0.6200
v 7.0000 -0.3971 1.2090
v 7.1500 -0.3971 1.2090
v 7.1500 -0.2964 1.2090
v 7.0000 -0.2964 1.2090
v 7.0000 -0.3971 -1.2090
v 7.1500 -0.3971 -1.2090
v 7.1500 -0.2964 -1.2090
v 7.0000 -0.2964 -1.2090
v 7.0000 -0.3971 -0.6200
v 7.1500 -0.3971 -0.6200
v 7.1500 -0.2964 -0.6200
v 7.0000 -0.2964 -0.6200
v 7.0000 -0.2964 0.6200
v 7.1500 -0.2964 0.6200
v 7.1500 -0.1957 0.6200
v 7.0000 -0.1957 0.6200
v 7.0000 -0.2964 1.2350
v 7.1500 -0.2964 1.2350
v 7.1500 -0.1957 1.2350
v 7.0000 -0.1957 1.2350
v 7.0000 -0.2964 -1.2350
v 7.1500 -0.2964 -1.2350
v 7.1500 -0.1957 -1.2350
v 7.0000 -0.1957 -1.2350
v 7.0000 -0.2964 -0.6200
v 7.1500 -0.2964 -0.6200
v 7.1500 -0.1957 -0.6200
v 7.0000 -0.1957 -0.6200
v 7.0000 -0.1957 0.6200
v 7.1500 -0.1957 0.6200
v 7.1500 -0.0950 0.6200
v 7.0000 -0.0950 0.6200
v 7.0000 -0.1957 1.2620
v 7.1500 -0.1957 1.2620
v 7.1500 -0.0950 1.2620
v 7.0000 -0.0950 1.2620
v 7.0000 -0.1957 -1.2620
v 7.1500 -0.1957 -1.2620
v 7.1500 -0.0950 -1.2620
v 7.0000 -0.0950 -1.2620
v 7.0000 -0.1957 -0.6200
v 7.1500 -0.1957 -0.6200
v 7.1500 -0.0950 -0.6200
v 7.0000 -0.0950 -0.6200
v 7.0000 -0.0950 0.6200
v 7.1500 -0.0950 0.6200
v 7.1500 0.0057 0.6200
v 7.0000 0.0057 0.6200
v 7.0000 -0.0950 1.2880
v 7.1500 -0.0950 1.2880
v 7.1500 0.0057 1.2880
v 7.0000 0.0057 1.2880
v 7.0000 -0.0950 -1.2880
v 7.1500 -0.0950 -1.2880
v 7.1500 0.0057 -1.2880
v 7.0000 0.0057 -1.2880
v 7.0000 -0.0950 -0.6200
v 7.1500 -0.0950 -0.6200
v 7.1500 0.0057 -0.6200
v 7.0000 0.0057 -0.6200
v 7.0000 0.0057 0.6200
v 7.1500 0.0057 0.6200
v 7.1500 0.8114 0.6200
v 7.0000 0.8114 0.6200
v 7.0000 0.0057 1.3000
v 7.1500 0.0057 1.3000
v 7.1500 0.8114 1.3000
v 7.0000 0.8114 1.3000
v 7.0000 0.0057 -1.3000
v 7.1500 0.0057 -1.3000
v 7.1500 0.8114 -1.3000
v 7.0000 0.8114 -1.3000
v 7.0000 0.0057 -0.6200
v 7.1500 0.0057 -0.6200
v 7.1500 0.8114 -0.6200
v 7.0000 0.8114 -0.6200
v 7.0000 0.8114 0.5800
v 7.1500 0.8114 0.5800
v 7.1500 2.9264 0.5800
v 7.0000 2.9264 0.5800
v 7.0000 0.8114 1.3000
v 7.1500 0.8114 1.3000
v 7.1500 2.9264 1.3000
v 7.0000 2.9264 1.3000
v 7.0000 0.8114 -1.3000
v 7.1500 0.8114 -1.3000
v 7.1500 2.9264 -1.3000
v 7.0000 2.9264 -1.3000
v 7.0000 0.8114 -0.5800
v 7.1500 0.8114 -0.5800
v 7.1500 2.9264 -0.5800
v 7.0000 2.9264 -0.5800
v 7.0000 2.9264 -1.3000
v 7.1500 2.9264 -1.3000
v 7.1500 3.0271 -1.3000
v 7.0000 3.0271 -1.3000
v 7.0000 2.9264 1.3000
v 7.1500 2.9264 1.3000
v 7.1500 3.0271 1.3000
v 7.0000 3.0271 1.3000
v 7.0000 3.0271 -1.2990
v 7.1500 3.0271 -1.2990
v 7.1500 3.1279 -1.2990
v 7.0000 3.1279 -1.2990
v 7.0000 3.0271 1.2990
v 7.1500 3.0271 1.2990
v 7.1500 3.1279 1.2990
v 7.0000 3.1279 1.2990
v 7.0000 3.1279 -1.2770
v 7.1500 3.1279 -1.2770
v 7.1500 3.2286 -1.2770
v 7.0000 3.2286 -1.2770
v 7.0000 3.1279 1.2770
v 7.1500 3.1279 1.2770
v 7.1500 3.2286 1.2770
v 7.0000 3.2286 1.2770
v 7.0000 3.2286 -1.2270
v 7.1500 3.2286 -1.2270
v 7.1500 3.3293 -1.2270
v 7.0000 3.3293 -1.2270
v 7.0000 3.2286 1.2270
v 7.1500 3.2286 1.2270
v 7.1500 3.3293 1.2270
v 7.0000 3.3293 1.2270
v 7.0000 3.3293 -1.1480
v 7.1500 3.3293 -1.1480
v 7.1500 3.4300 -1.1480
v 7.0000 3.4300 -1.1480
v 7.0000 3.3293 1.1480
v 7.1500 3.3293 1.1480
v 7.1500 3.4300 1.1480
v 7.0000 3.4300 1.1480
v -7.1600 0.8200 -0.5600
v -6.8800 0.8200 -0.5600
v -6.8800 0.8500 -0.5600
v -7.1600 0.8500 -0.5600
v -7.1600 0.8200 0.5600
v -6.8800 0.8200 0.5600
v -6.8800 0.8500 0.5600
v -7.1600 0.8500 0.5600
v 6.8800 0.8200 -0.5600
v 7.1600 0.8200 -0.5600
v 7.1600 0.8500 -0.5600
v 6.8800 0.8500 -0.5600
v 6.8800 0.8200 0.5600
v 7.1600 0.8200 0.5600
v 7.1600 0.8500 0.5600
v 6.8800 0.8500 0.5600
v -6.9000 0.8200 -1.3300
v 6.9000 0.8200 -1.3300
v 6.9000 0.8500 -1.3300
v -6.9000 0.8500 -1.3300
v -6.9000 0.8200 1.3300
v 6.9000 0.8200 1.3300
v 6.9000 0.8500 1.3300
v -6.9000 0.8500 1.3300
v -7.1600 0.8300 -0.5600
v -6.8800 0.8300 -0.5600
v -6.8800 0.8550 -0.5600
v -7.1600 0.8550 -0.5600
v -7.1600 0.8300 0.5600
v -6.8800 0.8300 0.5600
v -6.8800 0.8550 0.5600
v -7.1600 0.8550 0.5600
v 6.8800 0.8300 -0.5600
v 7.1600 0.8300 -0.5600
v 7.1600 0.8550 -0.5600
v 6.8800 0.8550 -0.5600
v 6.8800 0.8300 0.5600
v 7.1600 0.8300 0.5600
v 7.1600 0.8550 0.5600
v 6.8800 0.8550 0.5600
v 2.3500 0.6200 -0.5800
v 4.8500 0.6200 -0.5800
v 4.8500 0.8200 -0.5800
v 2.3500 0.8200 -0.5800
v 2.3500 0.6200 0.5800
v 4.8500 0.6200 0.5800
v 4.8500 0.8200 0.5800
v 2.3500 0.8200 0.5800
v 2.3500 -0.8500 0.5000
v 4.8500 -0.8500 0.5000
v 4.8500 0.6200 0.5000
v 2.3500 0.6200 0.5000
v 2.3500 -0.8500 0.5800
v 4.8500 -0.8500 0.5800
v 4.8500 0.6200 0.5800
v 2.3500 0.6200 0.5800
v 2.3500 -0.8500 -0.5800
v 4.8500 -0.8500 -0.5800
v 4.8500 0.6200 -0.5800
v 2.3500 0.6200 -0.5800
v 2.3500 -0.8500 -0.5000
v 4.8500 -0.8500 -0.5000
v 4.8500 0.6200 -0.5000
v 2.3500 0.6200 -0.5000
v 2.4700 -0.4200 0.4000
v 3.0300 -0.4200 0.4000
v 3.0300 -0.1400 0.4000
v 2.4700 -0.1400 0.4000
v 2.4700 -0.4200 0.5000
v 3.0300 -0.4200 0.5000
v 3.0300 -0.1400 0.5000
v 2.4700 -0.1400 0.5000
v 2.4700 -0.4200 -0.5000
v 3.0300 -0.4200 -0.5000
v 3.0300 -0.1400 -0.5000
v 2.4700 -0.1400 -0.5000
v 2.4700 -0.4200 -0.4000
v 3.0300 -0.4200 -0.4000
v 3.0300 -0.1400 -0.4000
v 2.4700 -0.1400 -0.4000
v 2.5300 -0.8200 0.4000
v 2.9700 -0.8200 0.4000
v 2.9700 -0.6000 0.4000
v 2.5300 -0.6000 0.4000
v 2.5300 -0.8200 0.5000
v 2.9700 -0.8200 0.5000
v 2.9700 -0.6000 0.5000
v 2.5300 -0.6000 0.5000
v 2.5300 -0.8200 -0.5000
v 2.9700 -0.8200 -0.5000
v 2.9700 -0.6000 -0.5000
v 2.5300 -0.6000 -0.5000
v 2.5300 -0.8200 -0.4000
v 2.9700 -0.8200 -0.4000
v 2.9700 -0.6000 -0.4000
v 2.5300 -0.6000 -0.4000
v 4.1700 -0.4200 0.4000
v 4.7300 -0.4200 0.4000
v 4.7300 -0.1400 0.4000
v 4.1700 -0.1400 0.4000
v 4.1700 -0.4200 0.5000
v 4.7300 -0.4200 0.5000
v 4.7300 -0.1400 0.5000
v 4.1700 -0.1400 0.5000
v 4.1700 -0.4200 -0.5000
v 4.7300 -0.4200 -0.5000
v 4.7300 -0.1400 -0.5000
v 4.1700 -0.1400 -0.5000
v 4.1700 -0.4200 -0.4000
v 4.7300 -0.4200 -0.4000
v 4.7300 -0.1400 -0.4000
v 4.1700 -0.1400 -0.4000
v 4.2300 -0.8200 0.4000
v 4.6700 -0.8200 0.4000
v 4.6700 -0.6000 0.4000
v 4.2300 -0.6000 0.4000
v 4.2300 -0.8200 0.5000
v 4.6700 -0.8200 0.5000
v 4.6700 -0.6000 0.5000
v 4.2300 -0.6000 0.5000
v 4.2300 -0.8200 -0.5000
v 4.6700 -0.8200 -0.5000
v 4.6700 -0.6000 -0.5000
v 4.2300 -0.6000 -0.5000
v 4.2300 -0.8200 -0.4000
v 4.6700 -0.8200 -0.4000
v 4.6700 -0.6000 -0.4000
v 4.2300 -0.6000 -0.4000
v 3.7000 0.1910 -0.3000
v 4.6000 0.1910 -0.3000
v 4.6000 0.5690 -0.3000
v 3.7000 0.5690 -0.3000
v 3.7000 0.1910 0.3000
v 4.6000 0.1910 0.3000
v 4.6000 0.5690 0.3000
v 3.7000 0.5690 0.3000
v 3.9610 -0.0700 -0.3000
v 4.3390 -0.0700 -0.3000
v 4.3390 0.8300 -0.3000
v 3.9610 0.8300 -0.3000
v 3.9610 -0.0700 0.3000
v 4.3390 -0.0700 0.3000
v 4.3390 0.8300 0.3000
v 3.9610 0.8300 0.3000
v 3.7990 0.0290 -0.3000
v 4.5010 0.0290 -0.3000
v 4.5010 0.7310 -0.3000
v 3.7990 0.7310 -0.3000
v 3.7990 0.0290 0.3000
v 4.5010 0.0290 0.3000
v 4.5010 0.7310 0.3000
v 3.7990 0.7310 0.3000
v 3.9925 0.2225 -0.3900
v 4.3075 0.2225 -0.3900
v 4.3075 0.5375 -0.3900
v 3.9925 0.5375 -0.3900
v 3.9925 0.2225 0.3900
v 4.3075 0.2225 0.3900
v 4.3075 0.5375 0.3900
v 3.9925 0.5375 0.3900
v 2.6000 0.1910 -0.3000
v 3.5000 0.1910 -0.3000
v 3.5000 0.5690 -0.3000
v 2.6000 0.5690 -0.3000
v 2.6000 0.1910 0.3000
v 3.5000 0.1910 0.3000
v 3.5000 0.5690 0.3000
v 2.6000 0.5690 0.3000
v 2.8610 -0.0700 -0.3000
v 3.2390 -0.0700 -0.3000
v 3.2390 0.8300 -0.3000
v 2.8610 0.8300 -0.3000
v 2.8610 -0.0700 0.3000
v 3.2390 -0.0700 0.3000
v 3.2390 0.8300 0.3000
v 2.8610 0.8300 0.3000
v 2.6990 0.0290 -0.3000
v 3.4010 0.0290 -0.3000
v 3.4010 0.7310 -0.3000
v 2.6990 0.7310 -0.3000
v 2.6990 0.0290 0.3000
v 3.4010 0.0290 0.3000
v 3.4010 0.7310 0.3000
v 2.6990 0.7310 0.3000
v 2.8925 0.2225 -0.3900
v 3.2075 0.2225 -0.3900
v 3.2075 0.5375 -0.3900
v 2.8925 0.5375 -0.3900
v 2.8925 0.2225 0.3900
v 3.2075 0.2225 0.3900
v 3.2075 0.5375 0.3900
v 2.8925 0.5375 0.3900
v -4.8500 0.6200 -0.5800
v -2.3500 0.6200 -0.5800
v -2.3500 0.8200 -0.5800
v -4.8500 0.8200 -0.5800
v -4.8500 0.6200 0.5800
v -2.3500 0.6200 0.5800
v -2.3500 0.8200 0.5800
v -4.8500 0.8200 0.5800
v -4.8500 -0.8500 0.5000
v -2.3500 -0.8500 0.5000
v -2.3500 0.6200 0.5000
v -4.8500 0.6200 0.5000
v -4.8500 -0.8500 0.5800
v -2.3500 -0.8500 0.5800
v -2.3500 0.6200 0.5800
v -4.8500 0.6200 0.5800
v -4.8500 -0.8500 -0.5800
v -2.3500 -0.8500 -0.5800
v -2.3500 0.6200 -0.5800
v -4.8500 0.6200 -0.5800
v -4.8500 -0.8500 -0.5000
v -2.3500 -0.8500 -0.5000
v -2.3500 0.6200 -0.5000
v -4.8500 0.6200 -0.5000
v -4.7300 -0.4200 0.4000
v -4.1700 -0.4200 0.4000
v -4.1700 -0.1400 0.4000
v -4.7300 -0.1400 0.4000
v -4.7300 -0.4200 0.5000
v -4.1700 -0.4200 0.5000
v -4.1700 -0.1400 0.5000
v -4.7300 -0.1400 0.5000
v -4.7300 -0.4200 -0.5000
v -4.1700 -0.4200 -0.5000
v -4.1700 -0.1400 -0.5000
v -4.7300 -0.1400 -0.5000
v -4.7300 -0.4200 -0.4000
v -4.1700 -0.4200 -0.4000
v -4.1700 -0.1400 -0.4000
v -4.7300 -0.1400 -0.4000
v -4.6700 -0.8200 0.4000
v -4.2300 -0.8200 0.4000
v -4.2300 -0.6000 0.4000
v -4.6700 -0.6000 0.4000
v -4.6700 -0.8200 0.5000
v -4.2300 -0.8200 0.5000
v -4.2300 -0.6000 0.5000
v -4.6700 -0.6000 0.5000
v -4.6700 -0.8200 -0.5000
v -4.2300 -0.8200 -0.5000
v -4.2300 -0.6000 -0.5000
v -4.6700 -0.6000 -0.5000
v -4.6700 -0.8200 -0.4000
v -4.2300 -0.8200 -0.4000
v -4.2300 -0.6000 -0.4000
v -4.6700 -0.6000 -0.4000
v -3.0300 -0.4200 0.4000
v -2.4700 -0.4200 0.4000
v -2.4700 -0.1400 0.4000
v -3.0300 -0.1400 0.4000
v -3.0300 -0.4200 0.5000
v -2.4700 -0.4200 0.5000
v -2.4700 -0.1400 0.5000
v -3.0300 -0.1400 0.5000
v -3.0300 -0.4200 -0.5000
v -2.4700 -0.4200 -0.5000
v -2.4700 -0.1400 -0.5000
v -3.0300 -0.1400 -0.5000
v -3.0300 -0.4200 -0.4000
v -2.4700 -0.4200 -0.4000
v -2.4700 -0.1400 -0.4000
v -3.0300 -0.1400 -0.4000
v -2.9700 -0.8200 0.4000
v -2.5300 -0.8200 0.4000
v -2.5300 -0.6000 0.4000
v -2.9700 -0.6000 0.4000
v -2.9700 -0.8200 0.5000
v -2.5300 -0.8200 0.5000
v -2.5300 -0.6000 0.5000
v -2.9700 -0.6000 0.5000
v -2.9700 -0.8200 -0.5000
v -2.5300 -0.8200 -0.5000
v -2.5300 -0.6000 -0.5000
v -2.9700 -0.6000 -0.5000
v -2.9700 -0.8200 -0.4000
v -2.5300 -0.8200 -0.4000
v -2.5300 -0.6000 -0.4000
v -2.9700 -0.6000 -0.4000
v -3.5000 0.1910 -0.3000
v -2.6000 0.1910 -0.3000
v -2.6000 0.5690 -0.3000
v -3.5000 0.5690 -0.3000
v -3.5000 0.1910 0.3000
v -2.6000 0.1910 0.3000
v -2.6000 0.5690 0.3000
v -3.5000 0.5690 0.3000
v -3.2390 -0.0700 -0.3000
v -2.8610 -0.0700 -0.3000
v -2.8610 0.8300 -0.3000
v -3.2390 0.8300 -0.3000
v -3.2390 -0.0700 0.3000
v -2.8610 -0.0700 0.3000
v -2.8610 0.8300 0.3000
v -3.2390 0.8300 0.3000
v -3.4010 0.0290 -0.3000
v -2.6990 0.0290 -0.3000
v -2.6990 0.7310 -0.3000
v -3.4010 0.7310 -0.3000
v -3.4010 0.0290 0.3000
v -2.6990 0.0290 0.3000
v -2.6990 0.7310 0.3000
v -3.4010 0.7310 0.3000
v -3.2075 0.2225 -0.3900
v -2.8925 0.2225 -0.3900
v -2.8925 0.5375 -0.3900
v -3.2075 0.5375 -0.3900
v -3.2075 0.2225 0.3900
v -2.8925 0.2225 0.3900
v -2.8925 0.5375 0.3900
v -3.2075 0.5375 0.3900
v -4.6000 0.1910 -0.3000
v -3.7000 0.1910 -0.3000
v -3.7000 0.5690 -0.3000
v -4.6000 0.5690 -0.3000
v -4.6000 0.1910 0.3000
v -3.7000 0.1910 0.3000
v -3.7000 0.5690 0.3000
v -4.6000 0.5690 0.3000
v -4.3390 -0.0700 -0.3000
v -3.9610 -0.0700 -0.3000
v -3.9610 0.8300 -0.3000
v -4.3390 0.8300 -0.3000
v -4.3390 -0.0700 0.3000
v -3.9610 -0.0700 0.3000
v -3.9610 0.8300 0.3000
v -4.3390 0.8300 0.3000
v -4.5010 0.0290 -0.3000
v -3.7990 0.0290 -0.3000
v -3.7990 0.7310 -0.3000
v -4.5010 0.7310 -0.3000
v -4.5010 0.0290 0.3000
v -3.7990 0.0290 0.3000
v -3.7990 0.7310 0.3000
v -4.5010 0.7310 0.3000
v -4.3075 0.2225 -0.3900
v -3.9925 0.2225 -0.3900
v -3.9925 0.5375 -0.3900
v -4.3075 0.5375 -0.3900
v -4.3075 0.2225 0.3900
v -3.9925 0.2225 0.3900
v -3.9925 0.5375 0.3900
v -4.3075 0.5375 0.3900
v -4.6000 3.5000 -0.7200
v -2.4000 3.5000 -0.7200
v -2.4000 3.8300 -0.7200
v -4.6000 3.8300 -0.7200
v -4.6000 3.5000 0.7200
v -2.4000 3.5000 0.7200
v -2.4000 3.8300 0.7200
v -4.6000 3.8300 0.7200
v -4.4000 3.8300 -0.5500
v -2.6000 3.8300 -0.5500
v -2.6000 3.8900 -0.5500
v -4.4000 3.8900 -0.5500
v -4.4000 3.8300 0.5500
v -2.6000 3.8300 0.5500
v -2.6000 3.8900 0.5500
v -4.4000 3.8900 0.5500
v -4.3200 3.8300 -0.5000
v -4.2400 3.8300 -0.5000
v -4.2400 3.9000 -0.5000
v -4.3200 3.9000 -0.5000
v -4.3200 3.8300 0.5000
v -4.2400 3.8300 0.5000
v -4.2400 3.9000 0.5000
v -4.3200 3.9000 0.5000
v -4.0600 3.8300 -0.5000
v -3.9800 3.8300 -0.5000
v -3.9800 3.9000 -0.5000
v -4.0600 3.9000 -0.5000
v -4.0600 3.8300 0.5000
v -3.9800 3.8300 0.5000
v -3.9800 3.9000 0.5000
v -4.0600 3.9000 0.5000
v -3.8000 3.8300 -0.5000
v -3.7200 3.8300 -0.5000
v -3.7200 3.9000 -0.5000
v -3.8000 3.9000 -0.5000
v -3.8000 3.8300 0.5000
v -3.7200 3.8300 0.5000
v -3.7200 3.9000 0.5000
v -3.8000 3.9000 0.5000
v -3.5400 3.8300 -0.5000
v -3.4600 3.8300 -0.5000
v -3.4600 3.9000 -0.5000
v -3.5400 3.9000 -0.5000
v -3.5400 3.8300 0.5000
v -3.4600 3.8300 0.5000
v -3.4600 3.9000 0.5000
v -3.5400 3.9000 0.5000
v -3.2800 3.8300 -0.5000
v -3.2000 3.8300 -0.5000
v -3.2000 3.9000 -0.5000
v -3.2800 3.9000 -0.5000
v -3.2800 3.8300 0.5000
v -3.2000 3.8300 0.5000
v -3.2000 3.9000 0.5000
v -3.2800 3.9000 0.5000
v -3.0200 3.8300 -0.5000
v -2.9400 3.8300 -0.5000
v -2.9400 3.9000 -0.5000
v -3.0200 3.9000 -0.5000
v -3.0200 3.8300 0.5000
v -2.9400 3.8300 0.5000
v -2.9400 3.9000 0.5000
v -3.0200 3.9000 0.5000
v -2.7600 3.8300 -0.5000
v -2.6800 3.8300 -0.5000
v -2.6800 3.9000 -0.5000
v -2.7600 3.9000 -0.5000
v -2.7600 3.8300 0.5000
v -2.6800 3.8300 0.5000
v -2.6800 3.9000 0.5000
v -2.7600 3.9000 0.5000
v 2.4000 3.5000 -0.7200
v 4.6000 3.5000 -0.7200
v 4.6000 3.8300 -0.7200
v 2.4000 3.8300 -0.7200
v 2.4000 3.5000 0.7200
v 4.6000 3.5000 0.7200
v 4.6000 3.8300 0.7200
v 2.4000 3.8300 0.7200
v 2.6000 3.8300 -0.5500
v 4.4000 3.8300 -0.5500
v 4.4000 3.8900 -0.5500
v 2.6000 3.8900 -0.5500
v 2.6000 3.8300 0.5500
v 4.4000 3.8300 0.5500
v 4.4000 3.8900 0.5500
v 2.6000 3.8900 0.5500
v 2.6800 3.8300 -0.5000
v 2.7600 3.8300 -0.5000
v 2.7600 3.9000 -0.5000
v 2.6800 3.9000 -0.5000
v 2.6800 3.8300 0.5000
v 2.7600 3.8300 0.5000
v 2.7600 3.9000 0.5000
v 2.6800 3.9000 0.5000
v 2.9400 3.8300 -0.5000
v 3.0200 3.8300 -0.5000
v 3.0200 3.9000 -0.5000
v 2.9400 3.9000 -0.5000
v 2.9400 3.8300 0.5000
v 3.0200 3.8300 0.5000
v 3.0200 3.9000 0.5000
v 2.9400 3.9000 0.5000
v 3.2000 3.8300 -0.5000
v 3.2800 3.8300 -0.5000
v 3.2800 3.9000 -0.5000
v 3.2000 3.9000 -0.5000
v 3.2000 3.8300 0.5000
v 3.2800 3.8300 0.5000
v 3.2800 3.9000 0.5000
v 3.2000 3.9000 0.5000
v 3.4600 3.8300 -0.5000
v 3.5400 3.8300 -0.5000
v 3.5400 3.9000 -0.5000
v 3.4600 3.9000 -0.5000
v 3.4600 3.8300 0.5000
v 3.5400 3.8300 0.5000
v 3.5400 3.9000 0.5000
v 3.4600 3.9000 0.5000
v 3.7200 3.8300 -0.5000
v 3.8000 3.8300 -0.5000
v 3.8000 3.9000 -0.5000
v 3.7200 3.9000 -0.5000
v 3.7200 3.8300 0.5000
v 3.8000 3.8300 0.5000
v 3.8000 3.9000 0.5000
v 3.7200 3.9000 0.5000
v 3.9800 3.8300 -0.5000
v 4.0600 3.8300 -0.5000
v 4.0600 3.9000 -0.5000
v 3.9800 3.9000 -0.5000
v 3.9800 3.8300 0.5000
v 4.0600 3.8300 0.5000
v 4.0600 3.9000 0.5000
v 3.9800 3.9000 0.5000
v 4.2400 3.8300 -0.5000
v 4.3200 3.8300 -0.5000
v 4.3200 3.9000 -0.5000
v 4.2400 3.9000 -0.5000
v 4.2400 3.8300 0.5000
v 4.3200 3.8300 0.5000
v 4.3200 3.9000 0.5000
v 4.2400 3.9000 0.5000
v 2.4500 2.8700 1.3900
v 4.0500 2.8700 1.3900
v 4.0500 3.0700 1.3900
v 2.4500 3.0700 1.3900
v 2.4500 2.8700 1.4120
v 4.0500 2.8700 1.4120
v 4.0500 3.0700 1.4120
v 2.4500 3.0700 1.4120
v 2.4500 2.8700 -1.4120
v 4.0500 2.8700 -1.4120
v 4.0500 3.0700 -1.4120
v 2.4500 3.0700 -1.4120
v 2.4500 2.8700 -1.3900
v 4.0500 2.8700 -1.3900
v 4.0500 3.0700 -1.3900
v 2.4500 3.0700 -1.3900
v -6.9000 0.8250 -1.3300
v 6.9000 0.8250 -1.3300
v 6.9000 0.8540 -1.3300
v -6.9000 0.8540 -1.3300
v -6.9000 0.8250 1.3300
v 6.9000 0.8250 1.3300
v 6.9000 0.8540 1.3300
v -6.9000 0.8540 1.3300
v -6.9000 3.2900 -1.3300
v 6.9000 3.2900 -1.3300
v 6.9000 3.3300 -1.3300
v -6.9000 3.3300 -1.3300
v -6.9000 3.2900 1.3300
v 6.9000 3.2900 1.3300
v 6.9000 3.3300 1.3300
v -6.9000 3.3300 1.3300
v -6.6000 3.2600 0.4200
v 6.6000 3.2600 0.4200
v 6.6000 3.2900 0.4200
v -6.6000 3.2900 0.4200
v -6.6000 3.2600 0.6200
v 6.6000 3.2600 0.6200
v 6.6000 3.2900 0.6200
v -6.6000 3.2900 0.6200
v -6.6000 3.2600 -0.6200
v 6.6000 3.2600 -0.6200
v 6.6000 3.2900 -0.6200
v -6.6000 3.2900 -0.6200
v -6.6000 3.2600 -0.4200
v 6.6000 3.2600 -0.4200
v 6.6000 3.2900 -0.4200
v -6.6000 3.2900 -0.4200
v -6.9600 0.8500 0.5200
v -6.8800 0.8500 0.5200
v -6.8800 3.3300 0.5200
v -6.9600 3.3300 0.5200
v -6.9600 0.8500 1.3300
v -6.8800 0.8500 1.3300
v -6.8800 3.3300 1.3300
v -6.9600 3.3300 1.3300
v -6.9600 0.8500 -1.3300
v -6.8800 0.8500 -1.3300
v -6.8800 3.3300 -1.3300
v -6.9600 3.3300 -1.3300
v -6.9600 0.8500 -0.5200
v -6.8800 0.8500 -0.5200
v -6.8800 3.3300 -0.5200
v -6.9600 3.3300 -0.5200
v -6.9600 2.9000 -0.5200
v -6.8800 2.9000 -0.5200
v -6.8800 3.3300 -0.5200
v -6.9600 3.3300 -0.5200
v -6.9600 2.9000 0.5200
v -6.8800 2.9000 0.5200
v -6.8800 3.3300 0.5200
v -6.9600 3.3300 0.5200
v -6.9800 2.9000 -0.5000
v -6.8600 2.9000 -0.5000
v -6.8600 3.3000 -0.5000
v -6.9800 3.3000 -0.5000
v -6.9800 2.9000 0.5000
v -6.8600 2.9000 0.5000
v -6.8600 3.3000 0.5000
v -6.9800 3.3000 0.5000
v 6.8800 0.8500 0.5200
v 6.9600 0.8500 0.5200
v 6.9600 3.3300 0.5200
v 6.8800 3.3300 0.5200
v 6.8800 0.8500 1.3300
v 6.9600 0.8500 1.3300
v 6.9600 3.3300 1.3300
v 6.8800 3.3300 1.3300
v 6.8800 0.8500 -1.3300
v 6.9600 0.8500 -1.3300
v 6.9600 3.3300 -1.3300
v 6.8800 3.3300 -1.3300
v 6.8800 0.8500 -0.5200
v 6.9600 0.8500 -0.5200
v 6.9600 3.3300 -0.5200
v 6.8800 3.3300 -0.5200
v 6.8800 2.9000 -0.5200
v 6.9600 2.9000 -0.5200
v 6.9600 3.3300 -0.5200
v 6.8800 3.3300 -0.5200
v 6.8800 2.9000 0.5200
v 6.9600 2.9000 0.5200
v 6.9600 3.3300 0.5200
v 6.8800 3.3300 0.5200
v 6.9000 2.9000 -0.5000
v 6.9400 2.9000 -0.5000
v 6.9400 3.3000 -0.5000
v 6.9000 3.3000 -0.5000
v 6.9000 2.9000 0.5000
v 6.9400 2.9000 0.5000
v 6.9400 3.3000 0.5000
v 6.9000 3.3000 0.5000
v -6.9700 0.8500 -0.5000
v -6.8900 0.8500 -0.5000
v -6.8900 2.9000 -0.5000
v -6.9700 2.9000 -0.5000
v -6.9700 0.8500 0.5000
v -6.8900 0.8500 0.5000
v -6.8900 2.9000 0.5000
v -6.9700 2.9000 0.5000
v -6.9720 1.8500 -0.4000
v -6.8920 1.8500 -0.4000
v -6.8920 2.7500 -0.4000
v -6.9720 2.7500 -0.4000
v -6.9720 1.8500 0.4000
v -6.8920 1.8500 0.4000
v -6.8920 2.7500 0.4000
v -6.9720 2.7500 0.4000
v 6.8900 0.8500 -0.5000
v 6.9700 0.8500 -0.5000
v 6.9700 2.9000 -0.5000
v 6.8900 2.9000 -0.5000
v 6.8900 0.8500 0.5000
v 6.9700 0.8500 0.5000
v 6.9700 2.9000 0.5000
v 6.8900 2.9000 0.5000
v 6.8920 1.8500 -0.4000
v 6.9720 1.8500 -0.4000
v 6.9720 2.7500 -0.4000
v 6.8920 2.7500 -0.4000
v 6.8920 1.8500 0.4000
v 6.9720 1.8500 0.4000
v 6.9720 2.7500 0.4000
v 6.8920 2.7500 0.4000
v -4.0000 0.8500 1.3300
v -3.4000 0.8500 1.3300
v -3.4000 1.4500 1.3300
v -4.0000 1.4500 1.3300
v -4.0000 0.8500 1.3880
v -3.4000 0.8500 1.3880
v -3.4000 1.4500 1.3880
v -4.0000 1.4500 1.3880
v -4.0000 2.7300 1.3300
v -3.4000 2.7300 1.3300
v -3.4000 2.9700 1.3300
v -4.0000 2.9700 1.3300
v -4.0000 2.7300 1.3880
v -3.4000 2.7300 1.3880
v -3.4000 2.9700 1.3880
v -4.0000 2.9700 1.3880
v -4.0000 1.4500 1.3300
v -3.9300 1.4500 1.3300
v -3.9300 2.7300 1.3300
v -4.0000 2.7300 1.3300
v -4.0000 1.4500 1.3880
v -3.9300 1.4500 1.3880
v -3.9300 2.7300 1.3880
v -4.0000 2.7300 1.3880
v -3.4700 1.4500 1.3300
v -3.4000 1.4500 1.3300
v -3.4000 2.7300 1.3300
v -3.4700 2.7300 1.3300
v -3.4700 1.4500 1.3880
v -3.4000 1.4500 1.3880
v -3.4000 2.7300 1.3880
v -3.4700 2.7300 1.3880
v -3.9300 1.4500 1.3500
v -3.4700 1.4500 1.3500
v -3.4700 2.7300 1.3500
v -3.9300 2.7300 1.3500
v -3.9300 1.4500 1.3680
v -3.4700 1.4500 1.3680
v -3.4700 2.7300 1.3680
v -3.9300 2.7300 1.3680
v -3.4150 0.8500 1.3250
v -3.3850 0.8500 1.3250
v -3.3850 2.9700 1.3250
v -3.4150 2.9700 1.3250
v -3.4150 0.8500 1.3930
v -3.3850 0.8500 1.3930
v -3.3850 2.9700 1.3930
v -3.4150 2.9700 1.3930
v -3.4000 0.8500 1.3300
v -2.8000 0.8500 1.3300
v -2.8000 1.4500 1.3300
v -3.4000 1.4500 1.3300
v -3.4000 0.8500 1.3880
v -2.8000 0.8500 1.3880
v -2.8000 1.4500 1.3880
v -3.4000 1.4500 1.3880
v -3.4000 2.7300 1.3300
v -2.8000 2.7300 1.3300
v -2.8000 2.9700 1.3300
v -3.4000 2.9700 1.3300
v -3.4000 2.7300 1.3880
v -2.8000 2.7300 1.3880
v -2.8000 2.9700 1.3880
v -3.4000 2.9700 1.3880
v -3.4000 1.4500 1.3300
v -3.3300 1.4500 1.3300
v -3.3300 2.7300 1.3300
v -3.4000 2.7300 1.3300
v -3.4000 1.4500 1.3880
v -3.3300 1.4500 1.3880
v -3.3300 2.7300 1.3880
v -3.4000 2.7300 1.3880
v -2.8700 1.4500 1.3300
v -2.8000 1.4500 1.3300
v -2.8000 2.7300 1.3300
v -2.8700 2.7300 1.3300
v -2.8700 1.4500 1.3880
v -2.8000 1.4500 1.3880
v -2.8000 2.7300 1.3880
v -2.8700 2.7300 1.3880
v -3.3300 1.4500 1.3500
v -2.8700 1.4500 1.3500
v -2.8700 2.7300 1.3500
v -3.3300 2.7300 1.3500
v -3.3300 1.4500 1.3680
v -2.8700 1.4500 1.3680
v -2.8700 2.7300 1.3680
v -3.3300 2.7300 1.3680
v -3.4150 0.8500 1.3250
v -3.3850 0.8500 1.3250
v -3.3850 2.9700 1.3250
v -3.4150 2.9700 1.3250
v -3.4150 0.8500 1.3930
v -3.3850 0.8500 1.3930
v -3.3850 2.9700 1.3930
v -3.4150 2.9700 1.3930
v -4.0000 0.8500 1.0700
v -2.8000 0.8500 1.0700
v -2.8000 0.8550 1.0700
v -4.0000 0.8550 1.0700
v -4.0000 0.8500 1.3200
v -2.8000 0.8500 1.3200
v -2.8000 0.8550 1.3200
v -4.0000 0.8550 1.3200
v -3.8500 2.9900 1.2800
v -2.9500 2.9900 1.2800
v -2.9500 3.1700 1.2800
v -3.8500 3.1700 1.2800
v -3.8500 2.9900 1.3200
v -2.9500 2.9900 1.3200
v -2.9500 3.1700 1.3200
v -3.8500 3.1700 1.3200
v -4.0000 0.8500 -1.3200
v -2.8000 0.8500 -1.3200
v -2.8000 0.8550 -1.3200
v -4.0000 0.8550 -1.3200
v -4.0000 0.8500 -1.0700
v -2.8000 0.8500 -1.0700
v -2.8000 0.8550 -1.0700
v -4.0000 0.8550 -1.0700
v -3.8500 2.9900 -1.3200
v -2.9500 2.9900 -1.3200
v -2.9500 3.1700 -1.3200
v -3.8500 3.1700 -1.3200
v -3.8500 2.9900 -1.2800
v -2.9500 2.9900 -1.2800
v -2.9500 3.1700 -1.2800
v -3.8500 3.1700 -1.2800
v 1.0000 0.8500 1.0700
v 2.2000 0.8500 1.0700
v 2.2000 0.8550 1.0700
v 1.0000 0.8550 1.0700
v 1.0000 0.8500 1.3200
v 2.2000 0.8500 1.3200
v 2.2000 0.8550 1.3200
v 1.0000 0.8550 1.3200
v 1.1500 2.9900 1.2800
v 2.0500 2.9900 1.2800
v 2.0500 3.1700 1.2800
v 1.1500 3.1700 1.2800
v 1.1500 2.9900 1.3200
v 2.0500 2.9900 1.3200
v 2.0500 3.1700 1.3200
v 1.1500 3.1700 1.3200
v 1.0000 0.8500 -1.3200
v 2.2000 0.8500 -1.3200
v 2.2000 0.8550 -1.3200
v 1.0000 0.8550 -1.3200
v 1.0000 0.8500 -1.0700
v 2.2000 0.8500 -1.0700
v 2.2000 0.8550 -1.0700
v 1.0000 0.8550 -1.0700
v 1.1500 2.9900 -1.3200
v 2.0500 2.9900 -1.3200
v 2.0500 3.1700 -1.3200
v 1.1500 3.1700 -1.3200
v 1.1500 2.9900 -1.2800
v 2.0500 2.9900 -1.2800
v 2.0500 3.1700 -1.2800
v 1.1500 3.1700 -1.2800
v -4.0000 0.8500 -1.3880
v -3.4000 0.8500 -1.3880
v -3.4000 1.4500 -1.3880
v -4.0000 1.4500 -1.3880
v -4.0000 0.8500 -1.3300
v -3.4000 0.8500 -1.3300
v -3.4000 1.4500 -1.3300
v -4.0000 1.4500 -1.3300
v -4.0000 2.7300 -1.3880
v -3.4000 2.7300 -1.3880
v -3.4000 2.9700 -1.3880
v -4.0000 2.9700 -1.3880
v -4.0000 2.7300 -1.3300
v -3.4000 2.7300 -1.3300
v -3.4000 2.9700 -1.3300
v -4.0000 2.9700 -1.3300
v -4.0000 1.4500 -1.3880
v -3.9300 1.4500 -1.3880
v -3.9300 2.7300 -1.3880
v -4.0000 2.7300 -1.3880
v -4.0000 1.4500 -1.3300
v -3.9300 1.4500 -1.3300
v -3.9300 2.7300 -1.3300
v -4.0000 2.7300 -1.3300
v -3.4700 1.4500 -1.3880
v -3.4000 1.4500 -1.3880
v -3.4000 2.7300 -1.3880
v -3.4700 2.7300 -1.3880
v -3.4700 1.4500 -1.3300
v -3.4000 1.4500 -1.3300
v -3.4000 2.7300 -1.3300
v -3.4700 2.7300 -1.3300
v -3.9300 1.4500 -1.3680
v -3.4700 1.4500 -1.3680
v -3.4700 2.7300 -1.3680
v -3.9300 2.7300 -1.3680
v -3.9300 1.4500 -1.3500
v -3.4700 1.4500 -1.3500
v -3.4700 2.7300 -1.3500
v -3.9300 2.7300 -1.3500
v -3.4150 0.8500 -1.3930
v -3.3850 0.8500 -1.3930
v -3.3850 2.9700 -1.3930
v -3.4150 2.9700 -1.3930
v -3.4150 0.8500 -1.3250
v -3.3850 0.8500 -1.3250
v -3.3850 2.9700 -1.3250
v -3.4150 2.9700 -1.3250
v -3.4000 0.8500 -1.3880
v -2.8000 0.8500 -1.3880
v -2.8000 1.4500 -1.3880
v -3.4000 1.4500 -1.3880
v -3.4000 0.8500 -1.3300
v -2.8000 0.8500 -1.3300
v -2.8000 1.4500 -1.3300
v -3.4000 1.4500 -1.3300
v -3.4000 2.7300 -1.3880
v -2.8000 2.7300 -1.3880
v -2.8000 2.9700 -1.3880
v -3.4000 2.9700 -1.3880
v -3.4000 2.7300 -1.3300
v -2.8000 2.7300 -1.3300
v -2.8000 2.9700 -1.3300
v -3.4000 2.9700 -1.3300
v -3.4000 1.4500 -1.3880
v -3.3300 1.4500 -1.3880
v -3.3300 2.7300 -1.3880
v -3.4000 2.7300 -1.3880
v -3.4000 1.4500 -1.3300
v -3.3300 1.4500 -1.3300
v -3.3300 2.7300 -1.3300
v -3.4000 2.7300 -1.3300
v -2.8700 1.4500 -1.3880
v -2.8000 1.4500 -1.3880
v -2.8000 2.7300 -1.3880
v -2.8700 2.7300 -1.3880
v -2.8700 1.4500 -1.3300
v -2.8000 1.4500 -1.3300
v -2.8000 2.7300 -1.3300
v -2.8700 2.7300 -1.3300
v -3.3300 1.4500 -1.3680
v -2.8700 1.4500 -1.3680
v -2.8700 2.7300 -1.3680
v -3.3300 2.7300 -1.3680
v -3.3300 1.4500 -1.3500
v -2.8700 1.4500 -1.3500
v -2.8700 2.7300 -1.3500
v -3.3300 2.7300 -1.3500
v -3.4150 0.8500 -1.3930
v -3.3850 0.8500 -1.3930
v -3.3850 2.9700 -1.3930
v -3.4150 2.9700 -1.3930
v -3.4150 0.8500 -1.3250
v -3.3850 0.8500 -1.3250
v -3.3850 2.9700 -1.3250
v -3.4150 2.9700 -1.3250
v 1.0000 0.8500 1.3300
v 1.6000 0.8500 1.3300
v 1.6000 1.4500 1.3300
v 1.0000 1.4500 1.3300
v 1.0000 0.8500 1.3880
v 1.6000 0.8500 1.3880
v 1.6000 1.4500 1.3880
v 1.0000 1.4500 1.3880
v 1.0000 2.7300 1.3300
v 1.6000 2.7300 1.3300
v 1.6000 2.9700 1.3300
v 1.0000 2.9700 1.3300
v 1.0000 2.7300 1.3880
v 1.6000 2.7300 1.3880
v 1.6000 2.9700 1.3880
v 1.0000 2.9700 1.3880
v 1.0000 1.4500 1.3300
v 1.0700 1.4500 1.3300
v 1.0700 2.7300 1.3300
v 1.0000 2.7300 1.3300
v 1.0000 1.4500 1.3880
v 1.0700 1.4500 1.3880
v 1.0700 2.7300 1.3880
v 1.0000 2.7300 1.3880
v 1.5300 1.4500 1.3300
v 1.6000 1.4500 1.3300
v 1.6000 2.7300 1.3300
v 1.5300 2.7300 1.3300
v 1.5300 1.4500 1.3880
v 1.6000 1.4500 1.3880
v 1.6000 2.7300 1.3880
v 1.5300 2.7300 1.3880
v 1.0700 1.4500 1.3500
v 1.5300 1.4500 1.3500
v 1.5300 2.7300 1.3500
v 1.0700 2.7300 1.3500
v 1.0700 1.4500 1.3680
v 1.5300 1.4500 1.3680
v 1.5300 2.7300 1.3680
v 1.0700 2.7300 1.3680
v 1.5850 0.8500 1.3250
v 1.6150 0.8500 1.3250
v 1.6150 2.9700 1.3250
v 1.5850 2.9700 1.3250
v 1.5850 0.8500 1.3930
v 1.6150 0.8500 1.3930
v 1.6150 2.9700 1.3930
v 1.5850 2.9700 1.3930
v 1.6000 0.8500 1.3300
v 2.2000 0.8500 1.3300
v 2.2000 1.4500 1.3300
v 1.6000 1.4500 1.3300
v 1.6000 0.8500 1.3880
v 2.2000 0.8500 1.3880
v 2.2000 1.4500 1.3880
v 1.6000 1.4500 1.3880
v 1.6000 2.7300 1.3300
v 2.2000 2.7300 1.3300
v 2.2000 2.9700 1.3300
v 1.6000 2.9700 1.3300
v 1.6000 2.7300 1.3880
v 2.2000 2.7300 1.3880
v 2.2000 2.9700 1.3880
v 1.6000 2.9700 1.3880
v 1.6000 1.4500 1.3300
v 1.6700 1.4500 1.3300
v 1.6700 2.7300 1.3300
v 1.6000 2.7300 1.3300
v 1.6000 1.4500 1.3880
v 1.6700 1.4500 1.3880
v 1.6700 2.7300 1.3880
v 1.6000 2.7300 1.3880
v 2.1300 1.4500 1.3300
v 2.2000 1.4500 1.3300
v 2.2000 2.7300 1.3300
v 2.1300 2.7300 1.3300
v 2.1300 1.4500 1.3880
v 2.2000 1.4500 1.3880
v 2.2000 2.7300 1.3880
v 2.1300 2.7300 1.3880
v 1.6700 1.4500 1.3500
v 2.1300 1.4500 1.3500
v 2.1300 2.7300 1.3500
v 1.6700 2.7300 1.3500
v 1.6700 1.4500 1.3680
v 2.1300 1.4500 1.3680
v 2.1300 2.7300 1.3680
v 1.6700 2.7300 1.3680
v 1.5850 0.8500 1.3250
v 1.6150 0.8500 1.3250
v 1.6150 2.9700 1.3250
v 1.5850 2.9700 1.3250
v 1.5850 0.8500 1.3930
v 1.6150 0.8500 1.3930
v 1.6150 2.9700 1.3930
v 1.5850 2.9700 1.3930
v 1.0000 0.8500 -1.3880
v 1.6000 0.8500 -1.3880
v 1.6000 1.4500 -1.3880
v 1.0000 1.4500 -1.3880
v 1.0000 0.8500 -1.3300
v 1.6000 0.8500 -1.3300
v 1.6000 1.4500 -1.3300
v 1.0000 1.4500 -1.3300
v 1.0000 2.7300 -1.3880
v 1.6000 2.7300 -1.3880
v 1.6000 2.9700 -1.3880
v 1.0000 2.9700 -1.3880
v 1.0000 2.7300 -1.3300
v 1.6000 2.7300 -1.3300
v 1.6000 2.9700 -1.3300
v 1.0000 2.9700 -1.3300
v 1.0000 1.4500 -1.3880
v 1.0700 1.4500 -1.3880
v 1.0700 2.7300 -1.3880
v 1.0000 2.7300 -1.3880
v 1.0000 1.4500 -1.3300
v 1.0700 1.4500 -1.3300
v 1.0700 2.7300 -1.3300
v 1.0000 2.7300 -1.3300
v 1.5300 1.4500 -1.3880
v 1.6000 1.4500 -1.3880
v 1.6000 2.7300 -1.3880
v 1.5300 2.7300 -1.3880
v 1.5300 1.4500 -1.3300
v 1.6000 1.4500 -1.3300
v 1.6000 2.7300 -1.3300
v 1.5300 2.7300 -1.3300
v 1.0700 1.4500 -1.3680
v 1.5300 1.4500 -1.3680
v 1.5300 2.7300 -1.3680
v 1.0700 2.7300 -1.3680
v 1.0700 1.4500 -1.3500
v 1.5300 1.4500 -1.3500
v 1.5300 2.7300 -1.3500
v 1.0700 2.7300 -1.3500
v 1.5850 0.8500 -1.3930
v 1.6150 0.8500 -1.3930
v 1.6150 2.9700 -1.3930
v 1.5850 2.9700 -1.3930
v 1.5850 0.8500 -1.3250
v 1.6150 0.8500 -1.3250
v 1.6150 2.9700 -1.3250
v 1.5850 2.9700 -1.3250
v 1.6000 0.8500 -1.3880
v 2.2000 0.8500 -1.3880
v 2.2000 1.4500 -1.3880
v 1.6000 1.4500 -1.3880
v 1.6000 0.8500 -1.3300
v 2.2000 0.8500 -1.3300
v 2.2000 1.4500 -1.3300
v 1.6000 1.4500 -1.3300
v 1.6000 2.7300 -1.3880
v 2.2000 2.7300 -1.3880
v 2.2000 2.9700 -1.3880
v 1.6000 2.9700 -1.3880
v 1.6000 2.7300 -1.3300
v 2.2000 2.7300 -1.3300
v 2.2000 2.9700 -1.3300
v 1.6000 2.9700 -1.3300
v 1.6000 1.4500 -1.3880
v 1.6700 1.4500 -1.3880
v 1.6700 2.7300 -1.3880
v 1.6000 2.7300 -1.3880
v 1.6000 1.4500 -1.3300
v 1.6700 1.4500 -1.3300
v 1.6700 2.7300 -1.3300
v 1.6000 2.7300 -1.3300
v 2.1300 1.4500 -1.3880
v 2.2000 1.4500 -1.3880
v 2.2000 2.7300 -1.3880
v 2.1300 2.7300 -1.3880
v 2.1300 1.4500 -1.3300
v 2.2000 1.4500 -1.3300
v 2.2000 2.7300 -1.3300
v 2.1300 2.7300 -1.3300
v 1.6700 1.4500 -1.3680
v 2.1300 1.4500 -1.3680
v 2.1300 2.7300 -1.3680
v 1.6700 2.7300 -1.3680
v 1.6700 1.4500 -1.3500
v 2.1300 1.4500 -1.3500
v 2.1300 2.7300 -1.3500
v 1.6700 2.7300 -1.3500
v 1.5850 0.8500 -1.3930
v 1.6150 0.8500 -1.3930
v 1.6150 2.9700 -1.3930
v 1.5850 2.9700 -1.3930
v 1.5850 0.8500 -1.3250
v 1.6150 0.8500 -1.3250
v 1.6150 2.9700 -1.3250
v 1.5850 2.9700 -1.3250
v -6.7500 0.8500 0.9100
v -4.3500 0.8500 0.9100
v -4.3500 1.2500 0.9100
v -6.7500 1.2500 0.9100
v -6.7500 0.8500 1.3150
v -4.3500 0.8500 1.3150
v -4.3500 1.2500 1.3150
v -6.7500 1.2500 1.3150
v -6.7500 1.3500 1.2300
v -4.3500 1.3500 1.2300
v -4.3500 1.9000 1.2300
v -6.7500 1.9000 1.2300
v -6.7500 1.3500 1.3150
v -4.3500 1.3500 1.3150
v -4.3500 1.9000 1.3150
v -6.7500 1.9000 1.3150
v -6.7800 0.8500 0.7800
v -6.7200 0.8500 0.7800
v -6.7200 2.0500 0.7800
v -6.7800 2.0500 0.7800
v -6.7800 0.8500 1.3150
v -6.7200 0.8500 1.3150
v -6.7200 2.0500 1.3150
v -6.7800 2.0500 1.3150
v -4.3800 0.8500 0.7800
v -4.3200 0.8500 0.7800
v -4.3200 2.0500 0.7800
v -4.3800 2.0500 0.7800
v -4.3800 0.8500 1.3150
v -4.3200 0.8500 1.3150
v -4.3200 2.0500 1.3150
v -4.3800 2.0500 1.3150
v -6.7500 0.8500 -1.3150
v -4.3500 0.8500 -1.3150
v -4.3500 1.2500 -1.3150
v -6.7500 1.2500 -1.3150
v -6.7500 0.8500 -0.9100
v -4.3500 0.8500 -0.9100
v -4.3500 1.2500 -0.9100
v -6.7500 1.2500 -0.9100
v -6.7500 1.3500 -1.3150
v -4.3500 1.3500 -1.3150
v -4.3500 1.9000 -1.3150
v -6.7500 1.9000 -1.3150
v -6.7500 1.3500 -1.2300
v -4.3500 1.3500 -1.2300
v -4.3500 1.9000 -1.2300
v -6.7500 1.9000 -1.2300
v -6.7800 0.8500 -1.3150
v -6.7200 0.8500 -1.3150
v -6.7200 2.0500 -1.3150
v -6.7800 2.0500 -1.3150
v -6.7800 0.8500 -0.7800
v -6.7200 0.8500 -0.7800
v -6.7200 2.0500 -0.7800
v -6.7800 2.0500 -0.7800
v -4.3800 0.8500 -1.3150
v -4.3200 0.8500 -1.3150
v -4.3200 2.0500 -1.3150
v -4.3800 2.0500 -1.3150
v -4.3800 0.8500 -0.7800
v -4.3200 0.8500 -0.7800
v -4.3200 2.0500 -0.7800
v -4.3800 2.0500 -0.7800
v -2.4500 0.8500 0.9100
v 0.6500 0.8500 0.9100
v 0.6500 1.2500 0.9100
v -2.4500 1.2500 0.9100
v -2.4500 0.8500 1.3150
v 0.6500 0.8500 1.3150
v 0.6500 1.2500 1.3150
v -2.4500 1.2500 1.3150
v -2.4500 1.3500 1.2300
v 0.6500 1.3500 1.2300
v 0.6500 1.9000 1.2300
v -2.4500 1.9000 1.2300
v -2.4500 1.3500 1.3150
v 0.6500 1.3500 1.3150
v 0.6500 1.9000 1.3150
v -2.4500 1.9000 1.3150
v -2.4800 0.8500 0.7800
v -2.4200 0.8500 0.7800
v -2.4200 2.0500 0.7800
v -2.4800 2.0500 0.7800
v -2.4800 0.8500 1.3150
v -2.4200 0.8500 1.3150
v -2.4200 2.0500 1.3150
v -2.4800 2.0500 1.3150
v 0.6200 0.8500 0.7800
v 0.6800 0.8500 0.7800
v 0.6800 2.0500 0.7800
v 0.6200 2.0500 0.7800
v 0.6200 0.8500 1.3150
v 0.6800 0.8500 1.3150
v 0.6800 2.0500 1.3150
v 0.6200 2.0500 1.3150
v -2.4500 0.8500 -1.3150
v 0.6500 0.8500 -1.3150
v 0.6500 1.2500 -1.3150
v -2.4500 1.2500 -1.3150
v -2.4500 0.8500 -0.9100
v 0.6500 0.8500 -0.9100
v 0.6500 1.2500 -0.9100
v -2.4500 1.2500 -0.9100
v -2.4500 1.3500 -1.3150
v 0.6500 1.3500 -1.3150
v 0.6500 1.9000 -1.3150
v -2.4500 1.9000 -1.3150
v -2.4500 1.3500 -1.2300
v 0.6500 1.3500 -1.2300
v 0.6500 1.9000 -1.2300
v -2.4500 1.9000 -1.2300
v -2.4800 0.8500 -1.3150
v -2.4200 0.8500 -1.3150
v -2.4200 2.0500 -1.3150
v -2.4800 2.0500 -1.3150
v -2.4800 0.8500 -0.7800
v -2.4200 0.8500 -0.7800
v -2.4200 2.0500 -0.7800
v -2.4800 2.0500 -0.7800
v 0.6200 0.8500 -1.3150
v 0.6800 0.8500 -1.3150
v 0.6800 2.0500 -1.3150
v 0.6200 2.0500 -1.3150
v 0.6200 0.8500 -0.7800
v 0.6800 0.8500 -0.7800
v 0.6800 2.0500 -0.7800
v 0.6200 2.0500 -0.7800
v 2.5500 0.8500 0.9100
v 6.7500 0.8500 0.9100
v 6.7500 1.2500 0.9100
v 2.5500 1.2500 0.9100
v 2.5500 0.8500 1.3150
v 6.7500 0.8500 1.3150
v 6.7500 1.2500 1.3150
v 2.5500 1.2500 1.3150
v 2.5500 1.3500 1.2300
v 6.7500 1.3500 1.2300
v 6.7500 1.9000 1.2300
v 2.5500 1.9000 1.2300
v 2.5500 1.3500 1.3150
v 6.7500 1.3500 1.3150
v 6.7500 1.9000 1.3150
v 2.5500 1.9000 1.3150
v 2.5200 0.8500 0.7800
v 2.5800 0.8500 0.7800
v 2.5800 2.0500 0.7800
v 2.5200 2.0500 0.7800
v 2.5200 0.8500 1.3150
v 2.5800 0.8500 1.3150
v 2.5800 2.0500 1.3150
v 2.5200 2.0500 1.3150
v 6.7200 0.8500 0.7800
v 6.7800 0.8500 0.7800
v 6.7800 2.0500 0.7800
v 6.7200 2.0500 0.7800
v 6.7200 0.8500 1.3150
v 6.7800 0.8500 1.3150
v 6.7800 2.0500 1.3150
v 6.7200 2.0500 1.3150
v 2.5500 0.8500 -1.3150
v 6.7500 0.8500 -1.3150
v 6.7500 1.2500 -1.3150
v 2.5500 1.2500 -1.3150
v 2.5500 0.8500 -0.9100
v 6.7500 0.8500 -0.9100
v 6.7500 1.2500 -0.9100
v 2.5500 1.2500 -0.9100
v 2.5500 1.3500 -1.3150
v 6.7500 1.3500 -1.3150
v 6.7500 1.9000 -1.3150
v 2.5500 1.9000 -1.3150
v 2.5500 1.3500 -1.2300
v 6.7500 1.3500 -1.2300
v 6.7500 1.9000 -1.2300
v 2.5500 1.9000 -1.2300
v 2.5200 0.8500 -1.3150
v 2.5800 0.8500 -1.3150
v 2.5800 2.0500 -1.3150
v 2.5200 2.0500 -1.3150
v 2.5200 0.8500 -0.7800
v 2.5800 0.8500 -0.7800
v 2.5800 2.0500 -0.7800
v 2.5200 2.0500 -0.7800
v 6.7200 0.8500 -1.3150
v 6.7800 0.8500 -1.3150
v 6.7800 2.0500 -1.3150
v 6.7200 2.0500 -1.3150
v 6.7200 0.8500 -0.7800
v 6.7800 0.8500 -0.7800
v 6.7800 2.0500 -0.7800
v 6.7200 2.0500 -0.7800
v -6.7300 1.2500 0.8300
v -6.1700 1.2500 0.8300
v -6.1700 1.3500 0.8300
v -6.7300 1.3500 0.8300
v -6.7300 1.2500 1.2650
v -6.1700 1.2500 1.2650
v -6.1700 1.3500 1.2650
v -6.7300 1.3500 1.2650
v -6.1300 1.2500 0.8300
v -5.5700 1.2500 0.8300
v -5.5700 1.3500 0.8300
v -6.1300 1.3500 0.8300
v -6.1300 1.2500 1.2650
v -5.5700 1.2500 1.2650
v -5.5700 1.3500 1.2650
v -6.1300 1.3500 1.2650
v -5.5300 1.2500 0.8300
v -4.9700 1.2500 0.8300
v -4.9700 1.3500 0.8300
v -5.5300 1.3500 0.8300
v -5.5300 1.2500 1.2650
v -4.9700 1.2500 1.2650
v -4.9700 1.3500 1.2650
v -5.5300 1.3500 1.2650
v -4.9300 1.2500 0.8300
v -4.3700 1.2500 0.8300
v -4.3700 1.3500 0.8300
v -4.9300 1.3500 0.8300
v -4.9300 1.2500 1.2650
v -4.3700 1.2500 1.2650
v -4.3700 1.3500 1.2650
v -4.9300 1.3500 1.2650
v -6.7500 3.0100 0.8800
v -4.3500 3.0100 0.8800
v -4.3500 3.0600 0.8800
v -6.7500 3.0600 0.8800
v -6.7500 3.0100 0.9300
v -4.3500 3.0100 0.9300
v -4.3500 3.0600 0.9300
v -6.7500 3.0600 0.9300
v -6.7500 3.0100 -0.9300
v -4.3500 3.0100 -0.9300
v -4.3500 3.0600 -0.9300
v -6.7500 3.0600 -0.9300
v -6.7500 3.0100 -0.8800
v -4.3500 3.0100 -0.8800
v -4.3500 3.0600 -0.8800
v -6.7500 3.0600 -0.8800
v -2.4500 3.0100 0.8800
v 0.6500 3.0100 0.8800
v 0.6500 3.0600 0.8800
v -2.4500 3.0600 0.8800
v -2.4500 3.0100 0.9300
v 0.6500 3.0100 0.9300
v 0.6500 3.0600 0.9300
v -2.4500 3.0600 0.9300
v -2.4500 3.0100 -0.9300
v 0.6500 3.0100 -0.9300
v 0.6500 3.0600 -0.9300
v -2.4500 3.0600 -0.9300
v -2.4500 3.0100 -0.8800
v 0.6500 3.0100 -0.8800
v 0.6500 3.0600 -0.8800
v -2.4500 3.0600 -0.8800
v 2.5500 3.0100 0.8800
v 6.7500 3.0100 0.8800
v 6.7500 3.0600 0.8800
v 2.5500 3.0600 0.8800
v 2.5500 3.0100 0.9300
v 6.7500 3.0100 0.9300
v 6.7500 3.0600 0.9300
v 2.5500 3.0600 0.9300
v 2.5500 3.0100 -0.9300
v 6.7500 3.0100 -0.9300
v 6.7500 3.0600 -0.9300
v 2.5500 3.0600 -0.9300
v 2.5500 3.0100 -0.8800
v 6.7500 3.0100 -0.8800
v 6.7500 3.0600 -0.8800
v 2.5500 3.0600 -0.8800
v -6.4650 2.7800 0.8900
v -6.4350 2.7800 0.8900
v -6.4350 3.0300 0.8900
v -6.4650 3.0300 0.8900
v -6.4650 2.7800 0.9200
v -6.4350 2.7800 0.9200
v -6.4350 3.0300 0.9200
v -6.4650 3.0300 0.9200
v -6.5100 2.7100 0.8700
v -6.3900 2.7100 0.8700
v -6.3900 2.7800 0.8700
v -6.5100 2.7800 0.8700
v -6.5100 2.7100 0.9400
v -6.3900 2.7100 0.9400
v -6.3900 2.7800 0.9400
v -6.5100 2.7800 0.9400
v -5.8650 2.7800 0.8900
v -5.8350 2.7800 0.8900
v -5.8350 3.0300 0.8900
v -5.8650 3.0300 0.8900
v -5.8650 2.7800 0.9200
v -5.8350 2.7800 0.9200
v -5.8350 3.0300 0.9200
v -5.8650 3.0300 0.9200
v -5.9100 2.7100 0.8700
v -5.7900 2.7100 0.8700
v -5.7900 2.7800 0.8700
v -5.9100 2.7800 0.8700
v -5.9100 2.7100 0.9400
v -5.7900 2.7100 0.9400
v -5.7900 2.7800 0.9400
v -5.9100 2.7800 0.9400
v -5.2650 2.7800 0.8900
v -5.2350 2.7800 0.8900
v -5.2350 3.0300 0.8900
v -5.2650 3.0300 0.8900
v -5.2650 2.7800 0.9200
v -5.2350 2.7800 0.9200
v -5.2350 3.0300 0.9200
v -5.2650 3.0300 0.9200
v -5.3100 2.7100 0.8700
v -5.1900 2.7100 0.8700
v -5.1900 2.7800 0.8700
v -5.3100 2.7800 0.8700
v -5.3100 2.7100 0.9400
v -5.1900 2.7100 0.9400
v -5.1900 2.7800 0.9400
v -5.3100 2.7800 0.9400
v -4.6650 2.7800 0.8900
v -4.6350 2.7800 0.8900
v -4.6350 3.0300 0.8900
v -4.6650 3.0300 0.8900
v -4.6650 2.7800 0.9200
v -4.6350 2.7800 0.9200
v -4.6350 3.0300 0.9200
v -4.6650 3.0300 0.9200
v -4.7100 2.7100 0.8700
v -4.5900 2.7100 0.8700
v -4.5900 2.7800 0.8700
v -4.7100 2.7800 0.8700
v -4.7100 2.7100 0.9400
v -4.5900 2.7100 0.9400
v -4.5900 2.7800 0.9400
v -4.7100 2.7800 0.9400
v -6.4650 2.7800 -0.9200
v -6.4350 2.7800 -0.9200
v -6.4350 3.0300 -0.9200
v -6.4650 3.0300 -0.9200
v -6.4650 2.7800 -0.8900
v -6.4350 2.7800 -0.8900
v -6.4350 3.0300 -0.8900
v -6.4650 3.0300 -0.8900
v -6.5100 2.7100 -0.9400
v -6.3900 2.7100 -0.9400
v -6.3900 2.7800 -0.9400
v -6.5100 2.7800 -0.9400
v -6.5100 2.7100 -0.8700
v -6.3900 2.7100 -0.8700
v -6.3900 2.7800 -0.8700
v -6.5100 2.7800 -0.8700
v -5.8650 2.7800 -0.9200
v -5.8350 2.7800 -0.9200
v -5.8350 3.0300 -0.9200
v -5.8650 3.0300 -0.9200
v -5.8650 2.7800 -0.8900
v -5.8350 2.7800 -0.8900
v -5.8350 3.0300 -0.8900
v -5.8650 3.0300 -0.8900
v -5.9100 2.7100 -0.9400
v -5.7900 2.7100 -0.9400
v -5.7900 2.7800 -0.9400
v -5.9100 2.7800 -0.9400
v -5.9100 2.7100 -0.8700
v -5.7900 2.7100 -0.8700
v -5.7900 2.7800 -0.8700
v -5.9100 2.7800 -0.8700
v -5.2650 2.7800 -0.9200
v -5.2350 2.7800 -0.9200
v -5.2350 3.0300 -0.9200
v -5.2650 3.0300 -0.9200
v -5.2650 2.7800 -0.8900
v -5.2350 2.7800 -0.8900
v -5.2350 3.0300 -0.8900
v -5.2650 3.0300 -0.8900
v -5.3100 2.7100 -0.9400
v -5.1900 2.7100 -0.9400
v -5.1900 2.7800 -0.9400
v -5.3100 2.7800 -0.9400
v -5.3100 2.7100 -0.8700
v -5.1900 2.7100 -0.8700
v -5.1900 2.7800 -0.8700
v -5.3100 2.7800 -0.8700
v -4.6650 2.7800 -0.9200
v -4.6350 2.7800 -0.9200
v -4.6350 3.0300 -0.9200
v -4.6650 3.0300 -0.9200
v -4.6650 2.7800 -0.8900
v -4.6350 2.7800 -0.8900
v -4.6350 3.0300 -0.8900
v -4.6650 3.0300 -0.8900
v -4.7100 2.7100 -0.9400
v -4.5900 2.7100 -0.9400
v -4.5900 2.7800 -0.9400
v -4.7100 2.7800 -0.9400
v -4.7100 2.7100 -0.8700
v -4.5900 2.7100 -0.8700
v -4.5900 2.7800 -0.8700
v -4.7100 2.7800 -0.8700
v -2.1650 2.7800 0.8900
v -2.1350 2.7800 0.8900
v -2.1350 3.0300 0.8900
v -2.1650 3.0300 0.8900
v -2.1650 2.7800 0.9200
v -2.1350 2.7800 0.9200
v -2.1350 3.0300 0.9200
v -2.1650 3.0300 0.9200
v -2.2100 2.7100 0.8700
v -2.0900 2.7100 0.8700
v -2.0900 2.7800 0.8700
v -2.2100 2.7800 0.8700
v -2.2100 2.7100 0.9400
v -2.0900 2.7100 0.9400
v -2.0900 2.7800 0.9400
v -2.2100 2.7800 0.9400
v -1.5650 2.7800 0.8900
v -1.5350 2.7800 0.8900
v -1.5350 3.0300 0.8900
v -1.5650 3.0300 0.8900
v -1.5650 2.7800 0.9200
v -1.5350 2.7800 0.9200
v -1.5350 3.0300 0.9200
v -1.5650 3.0300 0.9200
v -1.6100 2.7100 0.8700
v -1.4900 2.7100 0.8700
v -1.4900 2.7800 0.8700
v -1.6100 2.7800 0.8700
v -1.6100 2.7100 0.9400
v -1.4900 2.7100 0.9400
v -1.4900 2.7800 0.9400
v -1.6100 2.7800 0.9400
v -0.9650 2.7800 0.8900
v -0.9350 2.7800 0.8900
v -0.9350 3.0300 0.8900
v -0.9650 3.0300 0.8900
v -0.9650 2.7800 0.9200
v -0.9350 2.7800 0.9200
v -0.9350 3.0300 0.9200
v -0.9650 3.0300 0.9200
v -1.0100 2.7100 0.8700
v -0.8900 2.7100 0.8700
v -0.8900 2.7800 0.8700
v -1.0100 2.7800 0.8700
v -1.0100 2.7100 0.9400
v -0.8900 2.7100 0.9400
v -0.8900 2.7800 0.9400
v -1.0100 2.7800 0.9400
v -0.3650 2.7800 0.8900
v -0.3350 2.7800 0.8900
v -0.3350 3.0300 0.8900
v -0.3650 3.0300 0.8900
v -0.3650 2.7800 0.9200
v -0.3350 2.7800 0.9200
v -0.3350 3.0300 0.9200
v -0.3650 3.0300 0.9200
v -0.4100 2.7100 0.8700
v -0.2900 2.7100 0.8700
v -0.2900 2.7800 0.8700
v -0.4100 2.7800 0.8700
v -0.4100 2.7100 0.9400
v -0.2900 2.7100 0.9400
v -0.2900 2.7800 0.9400
v -0.4100 2.7800 0.9400
v 0.2350 2.7800 0.8900
v 0.2650 2.7800 0.8900
v 0.2650 3.0300 0.8900
v 0.2350 3.0300 0.8900
v 0.2350 2.7800 0.9200
v 0.2650 2.7800 0.9200
v 0.2650 3.0300 0.9200
v 0.2350 3.0300 0.9200
v 0.1900 2.7100 0.8700
v 0.3100 2.7100 0.8700
v 0.3100 2.7800 0.8700
v 0.1900 2.7800 0.8700
v 0.1900 2.7100 0.9400
v 0.3100 2.7100 0.9400
v 0.3100 2.7800 0.9400
v 0.1900 2.7800 0.9400
v -2.1650 2.7800 -0.9200
v -2.1350 2.7800 -0.9200
v -2.1350 3.0300 -0.9200
v -2.1650 3.0300 -0.9200
v -2.1650 2.7800 -0.8900
v -2.1350 2.7800 -0.8900
v -2.1350 3.0300 -0.8900
v -2.1650 3.0300 -0.8900
v -2.2100 2.7100 -0.9400
v -2.0900 2.7100 -0.9400
v -2.0900 2.7800 -0.9400
v -2.2100 2.7800 -0.9400
v -2.2100 2.7100 -0.8700
v -2.0900 2.7100 -0.8700
v -2.0900 2.7800 -0.8700
v -2.2100 2.7800 -0.8700
v -1.5650 2.7800 -0.9200
v -1.5350 2.7800 -0.9200
v -1.5350 3.0300 -0.9200
v -1.5650 3.0300 -0.9200
v -1.5650 2.7800 -0.8900
v -1.5350 2.7800 -0.8900
v -1.5350 3.0300 -0.8900
v -1.5650 3.0300 -0.8900
v -1.6100 2.7100 -0.9400
v -1.4900 2.7100 -0.9400
v -1.4900 2.7800 -0.9400
v -1.6100 2.7800 -0.9400
v -1.6100 2.7100 -0.8700
v -1.4900 2.7100 -0.8700
v -1.4900 2.7800 -0.8700
v -1.6100 2.7800 -0.8700
v -0.9650 2.7800 -0.9200
v -0.9350 2.7800 -0.9200
v -0.9350 3.0300 -0.9200
v -0.9650 3.0300 -0.9200
v -0.9650 2.7800 -0.8900
v -0.9350 2.7800 -0.8900
v -0.9350 3.0300 -0.8900
v -0.9650 3.0300 -0.8900
v -1.0100 2.7100 -0.9400
v -0.8900 2.7100 -0.9400
v -0.8900 2.7800 -0.9400
v -1.0100 2.7800 -0.9400
v -1.0100 2.7100 -0.8700
v -0.8900 2.7100 -0.8700
v -0.8900 2.7800 -0.8700
v -1.0100 2.7800 -0.8700
v -0.3650 2.7800 -0.9200
v -0.3350 2.7800 -0.9200
v -0.3350 3.0300 -0.9200
v -0.3650 3.0300 -0.9200
v -0.3650 2.7800 -0.8900
v -0.3350 2.7800 -0.8900
v -0.3350 3.0300 -0.8900
v -0.3650 3.0300 -0.8900
v -0.4100 2.7100 -0.9400
v -0.2900 2.7100 -0.9400
v -0.2900 2.7800 -0.9400
v -0.4100 2.7800 -0.9400
v -0.4100 2.7100 -0.8700
v -0.2900 2.7100 -0.8700
v -0.2900 2.7800 -0.8700
v -0.4100 2.7800 -0.8700
v 0.2350 2.7800 -0.9200
v 0.2650 2.7800 -0.9200
v 0.2650 3.0300 -0.9200
v 0.2350 3.0300 -0.9200
v 0.2350 2.7800 -0.8900
v 0.2650 2.7800 -0.8900
v 0.2650 3.0300 -0.8900
v 0.2350 3.0300 -0.8900
v 0.1900 2.7100 -0.9400
v 0.3100 2.7100 -0.9400
v 0.3100 2.7800 -0.9400
v 0.1900 2.7800 -0.9400
v 0.1900 2.7100 -0.8700
v 0.3100 2.7100 -0.8700
v 0.3100 2.7800 -0.8700
v 0.1900 2.7800 -0.8700
v 2.8350 2.7800 0.8900
v 2.8650 2.7800 0.8900
v 2.8650 3.0300 0.8900
v 2.8350 3.0300 0.8900
v 2.8350 2.7800 0.9200
v 2.8650 2.7800 0.9200
v 2.8650 3.0300 0.9200
v 2.8350 3.0300 0.9200
v 2.7900 2.7100 0.8700
v 2.9100 2.7100 0.8700
v 2.9100 2.7800 0.8700
v 2.7900 2.7800 0.8700
v 2.7900 2.7100 0.9400
v 2.9100 2.7100 0.9400
v 2.9100 2.7800 0.9400
v 2.7900 2.7800 0.9400
v 3.4350 2.7800 0.8900
v 3.4650 2.7800 0.8900
v 3.4650 3.0300 0.8900
v 3.4350 3.0300 0.8900
v 3.4350 2.7800 0.9200
v 3.4650 2.7800 0.9200
v 3.4650 3.0300 0.9200
v 3.4350 3.0300 0.9200
v 3.3900 2.7100 0.8700
v 3.5100 2.7100 0.8700
v 3.5100 2.7800 0.8700
v 3.3900 2.7800 0.8700
v 3.3900 2.7100 0.9400
v 3.5100 2.7100 0.9400
v 3.5100 2.7800 0.9400
v 3.3900 2.7800 0.9400
v 4.0350 2.7800 0.8900
v 4.0650 2.7800 0.8900
v 4.0650 3.0300 0.8900
v 4.0350 3.0300 0.8900
v 4.0350 2.7800 0.9200
v 4.0650 2.7800 0.9200
v 4.0650 3.0300 0.9200
v 4.0350 3.0300 0.9200
v 3.9900 2.7100 0.8700
v 4.1100 2.7100 0.8700
v 4.1100 2.7800 0.8700
v 3.9900 2.7800 0.8700
v 3.9900 2.7100 0.9400
v 4.1100 2.7100 0.9400
v 4.1100 2.7800 0.9400
v 3.9900 2.7800 0.9400
v 4.6350 2.7800 0.8900
v 4.6650 2.7800 0.8900
v 4.6650 3.0300 0.8900
v 4.6350 3.0300 0.8900
v 4.6350 2.7800 0.9200
v 4.6650 2.7800 0.9200
v 4.6650 3.0300 0.9200
v 4.6350 3.0300 0.9200
v 4.5900 2.7100 0.8700
v 4.7100 2.7100 0.8700
v 4.7100 2.7800 0.8700
v 4.5900 2.7800 0.8700
v 4.5900 2.7100 0.9400
v 4.7100 2.7100 0.9400
v 4.7100 2.7800 0.9400
v 4.5900 2.7800 0.9400
v 5.2350 2.7800 0.8900
v 5.2650 2.7800 0.8900
v 5.2650 3.0300 0.8900
v 5.2350 3.0300 0.8900
v 5.2350 2.7800 0.9200
v 5.2650 2.7800 0.9200
v 5.2650 3.0300 0.9200
v 5.2350 3.0300 0.9200
v 5.1900 2.7100 0.8700
v 5.3100 2.7100 0.8700
v 5.3100 2.7800 0.8700
v 5.1900 2.7800 0.8700
v 5.1900 2.7100 0.9400
v 5.3100 2.7100 0.9400
v 5.3100 2.7800 0.9400
v 5.1900 2.7800 0.9400
v 5.8350 2.7800 0.8900
v 5.8650 2.7800 0.8900
v 5.8650 3.0300 0.8900
v 5.8350 3.0300 0.8900
v 5.8350 2.7800 0.9200
v 5.8650 2.7800 0.9200
v 5.8650 3.0300 0.9200
v 5.8350 3.0300 0.9200
v 5.7900 2.7100 0.8700
v 5.9100 2.7100 0.8700
v 5.9100 2.7800 0.8700
v 5.7900 2.7800 0.8700
v 5.7900 2.7100 0.9400
v 5.9100 2.7100 0.9400
v 5.9100 2.7800 0.9400
v 5.7900 2.7800 0.9400
v 2.8350 2.7800 -0.9200
v 2.8650 2.7800 -0.9200
v 2.8650 3.0300 -0.9200
v 2.8350 3.0300 -0.9200
v 2.8350 2.7800 -0.8900
v 2.8650 2.7800 -0.8900
v 2.8650 3.0300 -0.8900
v 2.8350 3.0300 -0.8900
v 2.7900 2.7100 -0.9400
v 2.9100 2.7100 -0.9400
v 2.9100 2.7800 -0.9400
v 2.7900 2.7800 -0.9400
v 2.7900 2.7100 -0.8700
v 2.9100 2.7100 -0.8700
v 2.9100 2.7800 -0.8700
v 2.7900 2.7800 -0.8700
v 3.4350 2.7800 -0.9200
v 3.4650 2.7800 -0.9200
v 3.4650 3.0300 -0.9200
v 3.4350 3.0300 -0.9200
v 3.4350 2.7800 -0.8900
v 3.4650 2.7800 -0.8900
v 3.4650 3.0300 -0.8900
v 3.4350 3.0300 -0.8900
v 3.3900 2.7100 -0.9400
v 3.5100 2.7100 -0.9400
v 3.5100 2.7800 -0.9400
v 3.3900 2.7800 -0.9400
v 3.3900 2.7100 -0.8700
v 3.5100 2.7100 -0.8700
v 3.5100 2.7800 -0.8700
v 3.3900 2.7800 -0.8700
v 4.0350 2.7800 -0.9200
v 4.0650 2.7800 -0.9200
v 4.0650 3.0300 -0.9200
v 4.0350 3.0300 -0.9200
v 4.0350 2.7800 -0.8900
v 4.0650 2.7800 -0.8900
v 4.0650 3.0300 -0.8900
v 4.0350 3.0300 -0.8900
v 3.9900 2.7100 -0.9400
v 4.1100 2.7100 -0.9400
v 4.1100 2.7800 -0.9400
v 3.9900 2.7800 -0.9400
v 3.9900 2.7100 -0.8700
v 4.1100 2.7100 -0.8700
v 4.1100 2.7800 -0.8700
v 3.9900 2.7800 -0.8700
v 4.6350 2.7800 -0.9200
v 4.6650 2.7800 -0.9200
v 4.6650 3.0300 -0.9200
v 4.6350 3.0300 -0.9200
v 4.6350 2.7800 -0.8900
v 4.6650 2.7800 -0.8900
v 4.6650 3.0300 -0.8900
v 4.6350 3.0300 -0.8900
v 4.5900 2.7100 -0.9400
v 4.7100 2.7100 -0.9400
v 4.7100 2.7800 -0.9400
v 4.5900 2.7800 -0.9400
v 4.5900 2.7100 -0.8700
v 4.7100 2.7100 -0.8700
v 4.7100 2.7800 -0.8700
v 4.5900 2.7800 -0.8700
v 5.2350 2.7800 -0.9200
v 5.2650 2.7800 -0.9200
v 5.2650 3.0300 -0.9200
v 5.2350 3.0300 -0.9200
v 5.2350 2.7800 -0.8900
v 5.2650 2.7800 -0.8900
v 5.2650 3.0300 -0.8900
v 5.2350 3.0300 -0.8900
v 5.1900 2.7100 -0.9400
v 5.3100 2.7100 -0.9400
v 5.3100 2.7800 -0.9400
v 5.1900 2.7800 -0.9400
v 5.1900 2.7100 -0.8700
v 5.3100 2.7100 -0.8700
v 5.3100 2.7800 -0.8700
v 5.1900 2.7800 -0.8700
v 5.8350 2.7800 -0.9200
v 5.8650 2.7800 -0.9200
v 5.8650 3.0300 -0.9200
v 5.8350 3.0300 -0.9200
v 5.8350 2.7800 -0.8900
v 5.8650 2.7800 -0.8900
v 5.8650 3.0300 -0.8900
v 5.8350 3.0300 -0.8900
v 5.7900 2.7100 -0.9400
v 5.9100 2.7100 -0.9400
v 5.9100 2.7800 -0.9400
v 5.7900 2.7800 -0.9400
v 5.7900 2.7100 -0.8700
v 5.9100 2.7100 -0.8700
v 5.9100 2.7800 -0.8700
v 5.7900 2.7800 -0.8700
v -6.5500 3.0800 1.3100
v -4.5500 3.0800 1.3100
v -4.5500 3.2800 1.3100
v -6.5500 3.2800 1.3100
v -6.5500 3.0800 1.3150
v -4.5500 3.0800 1.3150
v -4.5500 3.2800 1.3150
v -6.5500 3.2800 1.3150
v -6.5500 3.0800 -1.3150
v -4.5500 3.0800 -1.3150
v -4.5500 3.2800 -1.3150
v -6.5500 3.2800 -1.3150
v -6.5500 3.0800 -1.3100
v -4.5500 3.0800 -1.3100
v -4.5500 3.2800 -1.3100
v -6.5500 3.2800 -1.3100
v -2.2500 3.0800 1.3100
v 0.4500 3.0800 1.3100
v 0.4500 3.2800 1.3100
v -2.2500 3.2800 1.3100
v -2.2500 3.0800 1.3150
v 0.4500 3.0800 1.3150
v 0.4500 3.2800 1.3150
v -2.2500 3.2800 1.3150
v -2.2500 3.0800 -1.3150
v 0.4500 3.0800 -1.3150
v 0.4500 3.2800 -1.3150
v -2.2500 3.2800 -1.3150
v -2.2500 3.0800 -1.3100
v 0.4500 3.0800 -1.3100
v 0.4500 3.2800 -1.3100
v -2.2500 3.2800 -1.3100
v 2.7500 3.0800 1.3100
v 6.5500 3.0800 1.3100
v 6.5500 3.2800 1.3100
v 2.7500 3.2800 1.3100
v 2.7500 3.0800 1.3150
v 6.5500 3.0800 1.3150
v 6.5500 3.2800 1.3150
v 2.7500 3.2800 1.3150
v 2.7500 3.0800 -1.3150
v 6.5500 3.0800 -1.3150
v 6.5500 3.2800 -1.3150
v 2.7500 3.2800 -1.3150
v 2.7500 3.0800 -1.3100
v 6.5500 3.0800 -1.3100
v 6.5500 3.2800 -1.3100
v 2.7500 3.2800 -1.3100
v -6.7300 1.2500 -1.2650
v -6.1700 1.2500 -1.2650
v -6.1700 1.3500 -1.2650
v -6.7300 1.3500 -1.2650
v -6.7300 1.2500 -0.8300
v -6.1700 1.2500 -0.8300
v -6.1700 1.3500 -0.8300
v -6.7300 1.3500 -0.8300
v -6.1300 1.2500 -1.2650
v -5.5700 1.2500 -1.2650
v -5.5700 1.3500 -1.2650
v -6.1300 1.3500 -1.2650
v -6.1300 1.2500 -0.8300
v -5.5700 1.2500 -0.8300
v -5.5700 1.3500 -0.8300
v -6.1300 1.3500 -0.8300
v -5.5300 1.2500 -1.2650
v -4.9700 1.2500 -1.2650
v -4.9700 1.3500 -1.2650
v -5.5300 1.3500 -1.2650
v -5.5300 1.2500 -0.8300
v -4.9700 1.2500 -0.8300
v -4.9700 1.3500 -0.8300
v -5.5300 1.3500 -0.8300
v -4.9300 1.2500 -1.2650
v -4.3700 1.2500 -1.2650
v -4.3700 1.3500 -1.2650
v -4.9300 1.3500 -1.2650
v -4.9300 1.2500 -0.8300
v -4.3700 1.2500 -0.8300
v -4.3700 1.3500 -0.8300
v -4.9300 1.3500 -0.8300
v -2.4300 1.2500 0.8300
v -1.9533 1.2500 0.8300
v -1.9533 1.3500 0.8300
v -2.4300 1.3500 0.8300
v -2.4300 1.2500 1.2650
v -1.9533 1.2500 1.2650
v -1.9533 1.3500 1.2650
v -2.4300 1.3500 1.2650
v -1.9133 1.2500 0.8300
v -1.4367 1.2500 0.8300
v -1.4367 1.3500 0.8300
v -1.9133 1.3500 0.8300
v -1.9133 1.2500 1.2650
v -1.4367 1.2500 1.2650
v -1.4367 1.3500 1.2650
v -1.9133 1.3500 1.2650
v -1.3967 1.2500 0.8300
v -0.9200 1.2500 0.8300
v -0.9200 1.3500 0.8300
v -1.3967 1.3500 0.8300
v -1.3967 1.2500 1.2650
v -0.9200 1.2500 1.2650
v -0.9200 1.3500 1.2650
v -1.3967 1.3500 1.2650
v -0.8800 1.2500 0.8300
v -0.4033 1.2500 0.8300
v -0.4033 1.3500 0.8300
v -0.8800 1.3500 0.8300
v -0.8800 1.2500 1.2650
v -0.4033 1.2500 1.2650
v -0.4033 1.3500 1.2650
v -0.8800 1.3500 1.2650
v -0.3633 1.2500 0.8300
v 0.1133 1.2500 0.8300
v 0.1133 1.3500 0.8300
v -0.3633 1.3500 0.8300
v -0.3633 1.2500 1.2650
v 0.1133 1.2500 1.2650
v 0.1133 1.3500 1.2650
v -0.3633 1.3500 1.2650
v 0.1533 1.2500 0.8300
v 0.6300 1.2500 0.8300
v 0.6300 1.3500 0.8300
v 0.1533 1.3500 0.8300
v 0.1533 1.2500 1.2650
v 0.6300 1.2500 1.2650
v 0.6300 1.3500 1.2650
v 0.1533 1.3500 1.2650
v -2.4300 1.2500 -1.2650
v -1.9533 1.2500 -1.2650
v -1.9533 1.3500 -1.2650
v -2.4300 1.3500 -1.2650
v -2.4300 1.2500 -0.8300
v -1.9533 1.2500 -0.8300
v -1.9533 1.3500 -0.8300
v -2.4300 1.3500 -0.8300
v -1.9133 1.2500 -1.2650
v -1.4367 1.2500 -1.2650
v -1.4367 1.3500 -1.2650
v -1.9133 1.3500 -1.2650
v -1.9133 1.2500 -0.8300
v -1.4367 1.2500 -0.8300
v -1.4367 1.3500 -0.8300
v -1.9133 1.3500 -0.8300
v -1.3967 1.2500 -1.2650
v -0.9200 1.2500 -1.2650
v -0.9200 1.3500 -1.2650
v -1.3967 1.3500 -1.2650
v -1.3967 1.2500 -0.8300
v -0.9200 1.2500 -0.8300
v -0.9200 1.3500 -0.8300
v -1.3967 1.3500 -0.8300
v -0.8800 1.2500 -1.2650
v -0.4033 1.2500 -1.2650
v -0.4033 1.3500 -1.2650
v -0.8800 1.3500 -1.2650
v -0.8800 1.2500 -0.8300
v -0.4033 1.2500 -0.8300
v -0.4033 1.3500 -0.8300
v -0.8800 1.3500 -0.8300
v -0.3633 1.2500 -1.2650
v 0.1133 1.2500 -1.2650
v 0.1133 1.3500 -1.2650
v -0.3633 1.3500 -1.2650
v -0.3633 1.2500 -0.8300
v 0.1133 1.2500 -0.8300
v 0.1133 1.3500 -0.8300
v -0.3633 1.3500 -0.8300
v 0.1533 1.2500 -1.2650
v 0.6300 1.2500 -1.2650
v 0.6300 1.3500 -1.2650
v 0.1533 1.3500 -1.2650
v 0.1533 1.2500 -0.8300
v 0.6300 1.2500 -0.8300
v 0.6300 1.3500 -0.8300
v 0.1533 1.3500 -0.8300
v 2.5700 1.2500 0.8300
v 3.0550 1.2500 0.8300
v 3.0550 1.3500 0.8300
v 2.5700 1.3500 0.8300
v 2.5700 1.2500 1.2650
v 3.0550 1.2500 1.2650
v 3.0550 1.3500 1.2650
v 2.5700 1.3500 1.2650
v 3.0950 1.2500 0.8300
v 3.5800 1.2500 0.8300
v 3.5800 1.3500 0.8300
v 3.0950 1.3500 0.8300
v 3.0950 1.2500 1.2650
v 3.5800 1.2500 1.2650
v 3.5800 1.3500 1.2650
v 3.0950 1.3500 1.2650
v 3.6200 1.2500 0.8300
v 4.1050 1.2500 0.8300
v 4.1050 1.3500 0.8300
v 3.6200 1.3500 0.8300
v 3.6200 1.2500 1.2650
v 4.1050 1.2500 1.2650
v 4.1050 1.3500 1.2650
v 3.6200 1.3500 1.2650
v 4.1450 1.2500 0.8300
v 4.6300 1.2500 0.8300
v 4.6300 1.3500 0.8300
v 4.1450 1.3500 0.8300
v 4.1450 1.2500 1.2650
v 4.6300 1.2500 1.2650
v 4.6300 1.3500 1.2650
v 4.1450 1.3500 1.2650
v 4.6700 1.2500 0.8300
v 5.1550 1.2500 0.8300
v 5.1550 1.3500 0.8300
v 4.6700 1.3500 0.8300
v 4.6700 1.2500 1.2650
v 5.1550 1.2500 1.2650
v 5.1550 1.3500 1.2650
v 4.6700 1.3500 1.2650
v 5.1950 1.2500 0.8300
v 5.6800 1.2500 0.8300
v 5.6800 1.3500 0.8300
v 5.1950 1.3500 0.8300
v 5.1950 1.2500 1.2650
v 5.6800 1.2500 1.2650
v 5.6800 1.3500 1.2650
v 5.1950 1.3500 1.2650
v 5.7200 1.2500 0.8300
v 6.2050 1.2500 0.8300
v 6.2050 1.3500 0.8300
v 5.7200 1.3500 0.8300
v 5.7200 1.2500 1.2650
v 6.2050 1.2500 1.2650
v 6.2050 1.3500 1.2650
v 5.7200 1.3500 1.2650
v 6.2450 1.2500 0.8300
v 6.7300 1.2500 0.8300
v 6.7300 1.3500 0.8300
v 6.2450 1.3500 0.8300
v 6.2450 1.2500 1.2650
v 6.7300 1.2500 1.2650
v 6.7300 1.3500 1.2650
v 6.2450 1.3500 1.2650
v 2.5700 1.2500 -1.2650
v 3.0550 1.2500 -1.2650
v 3.0550 1.3500 -1.2650
v 2.5700 1.3500 -1.2650
v 2.5700 1.2500 -0.8300
v 3.0550 1.2500 -0.8300
v 3.0550 1.3500 -0.8300
v 2.5700 1.3500 -0.8300
v 3.0950 1.2500 -1.2650
v 3.5800 1.2500 -1.2650
v 3.5800 1.3500 -1.2650
v 3.0950 1.3500 -1.2650
v 3.0950 1.2500 -0.8300
v 3.5800 1.2500 -0.8300
v 3.5800 1.3500 -0.8300
v 3.0950 1.3500 -0.8300
v 3.6200 1.2500 -1.2650
v 4.1050 1.2500 -1.2650
v 4.1050 1.3500 -1.2650
v 3.6200 1.3500 -1.2650
v 3.6200 1.2500 -0.8300
v 4.1050 1.2500 -0.8300
v 4.1050 1.3500 -0.8300
v 3.6200 1.3500 -0.8300
v 4.1450 1.2500 -1.2650
v 4.6300 1.2500 -1.2650
v 4.6300 1.3500 -1.2650
v 4.1450 1.3500 -1.2650
v 4.1450 1.2500 -0.8300
v 4.6300 1.2500 -0.8300
v 4.6300 1.3500 -0.8300
v 4.1450 1.3500 -0.8300
v 4.6700 1.2500 -1.2650
v 5.1550 1.2500 -1.2650
v 5.1550 1.3500 -1.2650
v 4.6700 1.3500 -1.2650
v 4.6700 1.2500 -0.8300
v 5.1550 1.2500 -0.8300
v 5.1550 1.3500 -0.8300
v 4.6700 1.3500 -0.8300
v 5.1950 1.2500 -1.2650
v 5.6800 1.2500 -1.2650
v 5.6800 1.3500 -1.2650
v 5.1950 1.3500 -1.2650
v 5.1950 1.2500 -0.8300
v 5.6800 1.2500 -0.8300
v 5.6800 1.3500 -0.8300
v 5.1950 1.3500 -0.8300
v 5.7200 1.2500 -1.2650
v 6.2050 1.2500 -1.2650
v 6.2050 1.3500 -1.2650
v 5.7200 1.3500 -1.2650
v 5.7200 1.2500 -0.8300
v 6.2050 1.2500 -0.8300
v 6.2050 1.3500 -0.8300
v 5.7200 1.3500 -0.8300
v 6.2450 1.2500 -1.2650
v 6.7300 1.2500 -1.2650
v 6.7300 1.3500 -1.2650
v 6.2450 1.3500 -1.2650
v 6.2450 1.2500 -0.8300
v 6.7300 1.2500 -0.8300
v 6.7300 1.3500 -0.8300
v 6.2450 1.3500 -0.8300
v -4.2250 0.8500 0.7550
v -4.1750 0.8500 0.7550
v -4.1750 3.3300 0.7550
v -4.2250 3.3300 0.7550
v -4.2250 0.8500 0.8050
v -4.1750 0.8500 0.8050
v -4.1750 3.3300 0.8050
v -4.2250 3.3300 0.8050
v -2.6250 0.8500 0.7550
v -2.5750 0.8500 0.7550
v -2.5750 3.3300 0.7550
v -2.6250 3.3300 0.7550
v -2.6250 0.8500 0.8050
v -2.5750 0.8500 0.8050
v -2.5750 3.3300 0.8050
v -2.6250 3.3300 0.8050
v -4.2250 0.8500 -0.8050
v -4.1750 0.8500 -0.8050
v -4.1750 3.3300 -0.8050
v -4.2250 3.3300 -0.8050
v -4.2250 0.8500 -0.7550
v -4.1750 0.8500 -0.7550
v -4.1750 3.3300 -0.7550
v -4.2250 3.3300 -0.7550
v -2.6250 0.8500 -0.8050
v -2.5750 0.8500 -0.8050
v -2.5750 3.3300 -0.8050
v -2.6250 3.3300 -0.8050
v -2.6250 0.8500 -0.7550
v -2.5750 0.8500 -0.7550
v -2.5750 3.3300 -0.7550
v -2.6250 3.3300 -0.7550
v -3.4250 0.8500 -0.0250
v -3.3750 0.8500 -0.0250
v -3.3750 3.3300 -0.0250
v -3.4250 3.3300 -0.0250
v -3.4250 0.8500 0.0250
v -3.3750 0.8500 0.0250
v -3.3750 3.3300 0.0250
v -3.4250 3.3300 0.0250
v 0.7750 0.8500 0.7550
v 0.8250 0.8500 0.7550
v 0.8250 3.3300 0.7550
v 0.7750 3.3300 0.7550
v 0.7750 0.8500 0.8050
v 0.8250 0.8500 0.8050
v 0.8250 3.3300 0.8050
v 0.7750 3.3300 0.8050
v 2.3750 0.8500 0.7550
v 2.4250 0.8500 0.7550
v 2.4250 3.3300 0.7550
v 2.3750 3.3300 0.7550
v 2.3750 0.8500 0.8050
v 2.4250 0.8500 0.8050
v 2.4250 3.3300 0.8050
v 2.3750 3.3300 0.8050
v 0.7750 0.8500 -0.8050
v 0.8250 0.8500 -0.8050
v 0.8250 3.3300 -0.8050
v 0.7750 3.3300 -0.8050
v 0.7750 0.8500 -0.7550
v 0.8250 0.8500 -0.7550
v 0.8250 3.3300 -0.7550
v 0.7750 3.3300 -0.7550
v 2.3750 0.8500 -0.8050
v 2.4250 0.8500 -0.8050
v 2.4250 3.3300 -0.8050
v 2.3750 3.3300 -0.8050
v 2.3750 0.8500 -0.7550
v 2.4250 0.8500 -0.7550
v 2.4250 3.3300 -0.7550
v 2.3750 3.3300 -0.7550
v 1.5750 0.8500 -0.0250
v 1.6250 0.8500 -0.0250
v 1.6250 3.3300 -0.0250
v 1.5750 3.3300 -0.0250
v 1.5750 0.8500 0.0250
v 1.6250 0.8500 0.0250
v 1.6250 3.3300 0.0250
v 1.5750 3.3300 0.0250
v -6.4500 3.2700 -0.1800
v -5.7500 3.2700 -0.1800
v -5.7500 3.2900 -0.1800
v -6.4500 3.2900 -0.1800
v -6.4500 3.2700 0.1800
v -5.7500 3.2700 0.1800
v -5.7500 3.2900 0.1800
v -6.4500 3.2900 0.1800
v -6.4000 3.2650 -0.1500
v -6.3400 3.2650 -0.1500
v -6.3400 3.2700 -0.1500
v -6.4000 3.2700 -0.1500
v -6.4000 3.2650 0.1500
v -6.3400 3.2650 0.1500
v -6.3400 3.2700 0.1500
v -6.4000 3.2700 0.1500
v -6.2200 3.2650 -0.1500
v -6.1600 3.2650 -0.1500
v -6.1600 3.2700 -0.1500
v -6.2200 3.2700 -0.1500
v -6.2200 3.2650 0.1500
v -6.1600 3.2650 0.1500
v -6.1600 3.2700 0.1500
v -6.2200 3.2700 0.1500
v -6.0400 3.2650 -0.1500
v -5.9800 3.2650 -0.1500
v -5.9800 3.2700 -0.1500
v -6.0400 3.2700 -0.1500
v -6.0400 3.2650 0.1500
v -5.9800 3.2650 0.1500
v -5.9800 3.2700 0.1500
v -6.0400 3.2700 0.1500
v -5.8600 3.2650 -0.1500
v -5.8000 3.2650 -0.1500
v -5.8000 3.2700 -0.1500
v -5.8600 3.2700 -0.1500
v -5.8600 3.2650 0.1500
v -5.8000 3.2650 0.1500
v -5.8000 3.2700 0.1500
v -5.8600 3.2700 0.1500
v -7.0000 3.2800 0.7500
v -6.8500 3.2800 0.7500
v -6.8500 3.2900 0.7500
v -7.0000 3.2900 0.7500
v -7.0000 3.2800 0.9000
v -6.8500 3.2800 0.9000
v -6.8500 3.2900 0.9000
v -7.0000 3.2900 0.9000
v -4.4500 3.2700 -0.1800
v -3.7500 3.2700 -0.1800
v -3.7500 3.2900 -0.1800
v -4.4500 3.2900 -0.1800
v -4.4500 3.2700 0.1800
v -3.7500 3.2700 0.1800
v -3.7500 3.2900 0.1800
v -4.4500 3.2900 0.1800
v -4.4000 3.2650 -0.1500
v -4.3400 3.2650 -0.1500
v -4.3400 3.2700 -0.1500
v -4.4000 3.2700 -0.1500
v -4.4000 3.2650 0.1500
v -4.3400 3.2650 0.1500
v -4.3400 3.2700 0.1500
v -4.4000 3.2700 0.1500
v -4.2200 3.2650 -0.1500
v -4.1600 3.2650 -0.1500
v -4.1600 3.2700 -0.1500
v -4.2200 3.2700 -0.1500
v -4.2200 3.2650 0.1500
v -4.1600 3.2650 0.1500
v -4.1600 3.2700 0.1500
v -4.2200 3.2700 0.1500
v -4.0400 3.2650 -0.1500
v -3.9800 3.2650 -0.1500
v -3.9800 3.2700 -0.1500
v -4.0400 3.2700 -0.1500
v -4.0400 3.2650 0.1500
v -3.9800 3.2650 0.1500
v -3.9800 3.2700 0.1500
v -4.0400 3.2700 0.1500
v -3.8600 3.2650 -0.1500
v -3.8000 3.2650 -0.1500
v -3.8000 3.2700 -0.1500
v -3.8600 3.2700 -0.1500
v -3.8600 3.2650 0.1500
v -3.8000 3.2650 0.1500
v -3.8000 3.2700 0.1500
v -3.8600 3.2700 0.1500
v -3.5000 3.2500 -0.0700
v -3.3500 3.2500 -0.0700
v -3.3500 3.2900 -0.0700
v -3.5000 3.2900 -0.0700
v -3.5000 3.2500 0.0700
v -3.3500 3.2500 0.0700
v -3.3500 3.2900 0.0700
v -3.5000 3.2900 0.0700
v -2.4500 3.2700 -0.1800
v -1.7500 3.2700 -0.1800
v -1.7500 3.2900 -0.1800
v -2.4500 3.2900 -0.1800
v -2.4500 3.2700 0.1800
v -1.7500 3.2700 0.1800
v -1.7500 3.2900 0.1800
v -2.4500 3.2900 0.1800
v -2.4000 3.2650 -0.1500
v -2.3400 3.2650 -0.1500
v -2.3400 3.2700 -0.1500
v -2.4000 3.2700 -0.1500
v -2.4000 3.2650 0.1500
v -2.3400 3.2650 0.1500
v -2.3400 3.2700 0.1500
v -2.4000 3.2700 0.1500
v -2.2200 3.2650 -0.1500
v -2.1600 3.2650 -0.1500
v -2.1600 3.2700 -0.1500
v -2.2200 3.2700 -0.1500
v -2.2200 3.2650 0.1500
v -2.1600 3.2650 0.1500
v -2.1600 3.2700 0.1500
v -2.2200 3.2700 0.1500
v -2.0400 3.2650 -0.1500
v -1.9800 3.2650 -0.1500
v -1.9800 3.2700 -0.1500
v -2.0400 3.2700 -0.1500
v -2.0400 3.2650 0.1500
v -1.9800 3.2650 0.1500
v -1.9800 3.2700 0.1500
v -2.0400 3.2700 0.1500
v -1.8600 3.2650 -0.1500
v -1.8000 3.2650 -0.1500
v -1.8000 3.2700 -0.1500
v -1.8600 3.2700 -0.1500
v -1.8600 3.2650 0.1500
v -1.8000 3.2650 0.1500
v -1.8000 3.2700 0.1500
v -1.8600 3.2700 0.1500
v -3.0000 3.2800 0.7500
v -2.8500 3.2800 0.7500
v -2.8500 3.2900 0.7500
v -3.0000 3.2900 0.7500
v -3.0000 3.2800 0.9000
v -2.8500 3.2800 0.9000
v -2.8500 3.2900 0.9000
v -3.0000 3.2900 0.9000
v -0.4500 3.2700 -0.1800
v 0.2500 3.2700 -0.1800
v 0.2500 3.2900 -0.1800
v -0.4500 3.2900 -0.1800
v -0.4500 3.2700 0.1800
v 0.2500 3.2700 0.1800
v 0.2500 3.2900 0.1800
v -0.4500 3.2900 0.1800
v -0.4000 3.2650 -0.1500
v -0.3400 3.2650 -0.1500
v -0.3400 3.2700 -0.1500
v -0.4000 3.2700 -0.1500
v -0.4000 3.2650 0.1500
v -0.3400 3.2650 0.1500
v -0.3400 3.2700 0.1500
v -0.4000 3.2700 0.1500
v -0.2200 3.2650 -0.1500
v -0.1600 3.2650 -0.1500
v -0.1600 3.2700 -0.1500
v -0.2200 3.2700 -0.1500
v -0.2200 3.2650 0.1500
v -0.1600 3.2650 0.1500
v -0.1600 3.2700 0.1500
v -0.2200 3.2700 0.1500
v -0.0400 3.2650 -0.1500
v 0.0200 3.2650 -0.1500
v 0.0200 3.2700 -0.1500
v -0.0400 3.2700 -0.1500
v -0.0400 3.2650 0.1500
v 0.0200 3.2650 0.1500
v 0.0200 3.2700 0.1500
v -0.0400 3.2700 0.1500
v 0.1400 3.2650 -0.1500
v 0.2000 3.2650 -0.1500
v 0.2000 3.2700 -0.1500
v 0.1400 3.2700 -0.1500
v 0.1400 3.2650 0.1500
v 0.2000 3.2650 0.1500
v 0.2000 3.2700 0.1500
v 0.1400 3.2700 0.1500
v 1.5500 3.2700 -0.1800
v 2.2500 3.2700 -0.1800
v 2.2500 3.2900 -0.1800
v 1.5500 3.2900 -0.1800
v 1.5500 3.2700 0.1800
v 2.2500 3.2700 0.1800
v 2.2500 3.2900 0.1800
v 1.5500 3.2900 0.1800
v 1.6000 3.2650 -0.1500
v 1.6600 3.2650 -0.1500
v 1.6600 3.2700 -0.1500
v 1.6000 3.2700 -0.1500
v 1.6000 3.2650 0.1500
v 1.6600 3.2650 0.1500
v 1.6600 3.2700 0.1500
v 1.6000 3.2700 0.1500
v 1.7800 3.2650 -0.1500
v 1.8400 3.2650 -0.1500
v 1.8400 3.2700 -0.1500
v 1.7800 3.2700 -0.1500
v 1.7800 3.2650 0.1500
v 1.8400 3.2650 0.1500
v 1.8400 3.2700 0.1500
v 1.7800 3.2700 0.1500
v 1.9600 3.2650 -0.1500
v 2.0200 3.2650 -0.1500
v 2.0200 3.2700 -0.1500
v 1.9600 3.2700 -0.1500
v 1.9600 3.2650 0.1500
v 2.0200 3.2650 0.1500
v 2.0200 3.2700 0.1500
v 1.9600 3.2700 0.1500
v 2.1400 3.2650 -0.1500
v 2.2000 3.2650 -0.1500
v 2.2000 3.2700 -0.1500
v 2.1400 3.2700 -0.1500
v 2.1400 3.2650 0.1500
v 2.2000 3.2650 0.1500
v 2.2000 3.2700 0.1500
v 2.1400 3.2700 0.1500
v 2.5000 3.2500 -0.0700
v 2.6500 3.2500 -0.0700
v 2.6500 3.2900 -0.0700
v 2.5000 3.2900 -0.0700
v 2.5000 3.2500 0.0700
v 2.6500 3.2500 0.0700
v 2.6500 3.2900 0.0700
v 2.5000 3.2900 0.0700
v 1.0000 3.2800 0.7500
v 1.1500 3.2800 0.7500
v 1.1500 3.2900 0.7500
v 1.0000 3.2900 0.7500
v 1.0000 3.2800 0.9000
v 1.1500 3.2800 0.9000
v 1.1500 3.2900 0.9000
v 1.0000 3.2900 0.9000
v 3.5500 3.2700 -0.1800
v 4.2500 3.2700 -0.1800
v 4.2500 3.2900 -0.1800
v 3.5500 3.2900 -0.1800
v 3.5500 3.2700 0.1800
v 4.2500 3.2700 0.1800
v 4.2500 3.2900 0.1800
v 3.5500 3.2900 0.1800
v 3.6000 3.2650 -0.1500
v 3.6600 3.2650 -0.1500
v 3.6600 3.2700 -0.1500
v 3.6000 3.2700 -0.1500
v 3.6000 3.2650 0.1500
v 3.6600 3.2650 0.1500
v 3.6600 3.2700 0.1500
v 3.6000 3.2700 0.1500
v 3.7800 3.2650 -0.1500
v 3.8400 3.2650 -0.1500
v 3.8400 3.2700 -0.1500
v 3.7800 3.2700 -0.1500
v 3.7800 3.2650 0.1500
v 3.8400 3.2650 0.1500
v 3.8400 3.2700 0.1500
v 3.7800 3.2700 0.1500
v 3.9600 3.2650 -0.1500
v 4.0200 3.2650 -0.1500
v 4.0200 3.2700 -0.1500
v 3.9600 3.2700 -0.1500
v 3.9600 3.2650 0.1500
v 4.0200 3.2650 0.1500
v 4.0200 3.2700 0.1500
v 3.9600 3.2700 0.1500
v 4.1400 3.2650 -0.1500
v 4.2000 3.2650 -0.1500
v 4.2000 3.2700 -0.1500
v 4.1400 3.2700 -0.1500
v 4.1400 3.2650 0.1500
v 4.2000 3.2650 0.1500
v 4.2000 3.2700 0.1500
v 4.1400 3.2700 0.1500
v 5.5500 3.2700 -0.1800
v 6.2500 3.2700 -0.1800
v 6.2500 3.2900 -0.1800
v 5.5500 3.2900 -0.1800
v 5.5500 3.2700 0.1800
v 6.2500 3.2700 0.1800
v 6.2500 3.2900 0.1800
v 5.5500 3.2900 0.1800
v 5.6000 3.2650 -0.1500
v 5.6600 3.2650 -0.1500
v 5.6600 3.2700 -0.1500
v 5.6000 3.2700 -0.1500
v 5.6000 3.2650 0.1500
v 5.6600 3.2650 0.1500
v 5.6600 3.2700 0.1500
v 5.6000 3.2700 0.1500
v 5.7800 3.2650 -0.1500
v 5.8400 3.2650 -0.1500
v 5.8400 3.2700 -0.1500
v 5.7800 3.2700 -0.1500
v 5.7800 3.2650 0.1500
v 5.8400 3.2650 0.1500
v 5.8400 3.2700 0.1500
v 5.7800 3.2700 0.1500
v 5.9600 3.2650 -0.1500
v 6.0200 3.2650 -0.1500
v 6.0200 3.2700 -0.1500
v 5.9600 3.2700 -0.1500
v 5.9600 3.2650 0.1500
v 6.0200 3.2650 0.1500
v 6.0200 3.2700 0.1500
v 5.9600 3.2700 0.1500
v 6.1400 3.2650 -0.1500
v 6.2000 3.2650 -0.1500
v 6.2000 3.2700 -0.1500
v 6.1400 3.2700 -0.1500
v 6.1400 3.2650 0.1500
v 6.2000 3.2650 0.1500
v 6.2000 3.2700 0.1500
v 6.1400 3.2700 0.1500
v 5.0000 3.2800 0.7500
v 5.1500 3.2800 0.7500
v 5.1500 3.2900 0.7500
v 5.0000 3.2900 0.7500
v 5.0000 3.2800 0.9000
v 5.1500 3.2800 0.9000
v 5.1500 3.2900 0.9000
v 5.0000 3.2900 0.9000
v -4.0000 2.9100 1.3050
v -2.8000 2.9100 1.3050
v -2.8000 3.1100 1.3050
v -4.0000 3.1100 1.3050
v -4.0000 2.9100 1.3200
v -2.8000 2.9100 1.3200
v -2.8000 3.1100 1.3200
v -4.0000 3.1100 1.3200
v -3.9500 3.0000 1.3000
v -2.8500 3.0000 1.3000
v -2.8500 3.0200 1.3000
v -3.9500 3.0200 1.3000
v -3.9500 3.0000 1.3050
v -2.8500 3.0000 1.3050
v -2.8500 3.0200 1.3050
v -3.9500 3.0200 1.3050
v -3.9400 2.9850 1.2950
v -3.9000 2.9850 1.2950
v -3.9000 3.0350 1.2950
v -3.9400 3.0350 1.2950
v -3.9400 2.9850 1.3050
v -3.9000 2.9850 1.3050
v -3.9000 3.0350 1.3050
v -3.9400 3.0350 1.3050
v -3.7667 2.9850 1.2950
v -3.7267 2.9850 1.2950
v -3.7267 3.0350 1.2950
v -3.7667 3.0350 1.2950
v -3.7667 2.9850 1.3050
v -3.7267 2.9850 1.3050
v -3.7267 3.0350 1.3050
v -3.7667 3.0350 1.3050
v -3.5933 2.9850 1.2950
v -3.5533 2.9850 1.2950
v -3.5533 3.0350 1.2950
v -3.5933 3.0350 1.2950
v -3.5933 2.9850 1.3050
v -3.5533 2.9850 1.3050
v -3.5533 3.0350 1.3050
v -3.5933 3.0350 1.3050
v -3.4200 2.9850 1.2950
v -3.3800 2.9850 1.2950
v -3.3800 3.0350 1.2950
v -3.4200 3.0350 1.2950
v -3.4200 2.9850 1.3050
v -3.3800 2.9850 1.3050
v -3.3800 3.0350 1.3050
v -3.4200 3.0350 1.3050
v -3.2467 2.9850 1.2950
v -3.2067 2.9850 1.2950
v -3.2067 3.0350 1.2950
v -3.2467 3.0350 1.2950
v -3.2467 2.9850 1.3050
v -3.2067 2.9850 1.3050
v -3.2067 3.0350 1.3050
v -3.2467 3.0350 1.3050
v -3.0733 2.9850 1.2950
v -3.0333 2.9850 1.2950
v -3.0333 3.0350 1.2950
v -3.0733 3.0350 1.2950
v -3.0733 2.9850 1.3050
v -3.0333 2.9850 1.3050
v -3.0333 3.0350 1.3050
v -3.0733 3.0350 1.3050
v -2.9000 2.9850 1.2950
v -2.8600 2.9850 1.2950
v -2.8600 3.0350 1.2950
v -2.9000 3.0350 1.2950
v -2.9000 2.9850 1.3050
v -2.8600 2.9850 1.3050
v -2.8600 3.0350 1.3050
v -2.9000 3.0350 1.3050
v -4.0000 2.9100 -1.3200
v -2.8000 2.9100 -1.3200
v -2.8000 3.1100 -1.3200
v -4.0000 3.1100 -1.3200
v -4.0000 2.9100 -1.3050
v -2.8000 2.9100 -1.3050
v -2.8000 3.1100 -1.3050
v -4.0000 3.1100 -1.3050
v -3.9500 3.0000 -1.3050
v -2.8500 3.0000 -1.3050
v -2.8500 3.0200 -1.3050
v -3.9500 3.0200 -1.3050
v -3.9500 3.0000 -1.3000
v -2.8500 3.0000 -1.3000
v -2.8500 3.0200 -1.3000
v -3.9500 3.0200 -1.3000
v -3.9400 2.9850 -1.3050
v -3.9000 2.9850 -1.3050
v -3.9000 3.0350 -1.3050
v -3.9400 3.0350 -1.3050
v -3.9400 2.9850 -1.2950
v -3.9000 2.9850 -1.2950
v -3.9000 3.0350 -1.2950
v -3.9400 3.0350 -1.2950
v -3.7667 2.9850 -1.3050
v -3.7267 2.9850 -1.3050
v -3.7267 3.0350 -1.3050
v -3.7667 3.0350 -1.3050
v -3.7667 2.9850 -1.2950
v -3.7267 2.9850 -1.2950
v -3.7267 3.0350 -1.2950
v -3.7667 3.0350 -1.2950
v -3.5933 2.9850 -1.3050
v -3.5533 2.9850 -1.3050
v -3.5533 3.0350 -1.3050
v -3.5933 3.0350 -1.3050
v -3.5933 2.9850 -1.2950
v -3.5533 2.9850 -1.2950
v -3.5533 3.0350 -1.2950
v -3.5933 3.0350 -1.2950
v -3.4200 2.9850 -1.3050
v -3.3800 2.9850 -1.3050
v -3.3800 3.0350 -1.3050
v -3.4200 3.0350 -1.3050
v -3.4200 2.9850 -1.2950
v -3.3800 2.9850 -1.2950
v -3.3800 3.0350 -1.2950
v -3.4200 3.0350 -1.2950
v -3.2467 2.9850 -1.3050
v -3.2067 2.9850 -1.3050
v -3.2067 3.0350 -1.3050
v -3.2467 3.0350 -1.3050
v -3.2467 2.9850 -1.2950
v -3.2067 2.9850 -1.2950
v -3.2067 3.0350 -1.2950
v -3.2467 3.0350 -1.2950
v -3.0733 2.9850 -1.3050
v -3.0333 2.9850 -1.3050
v -3.0333 3.0350 -1.3050
v -3.0733 3.0350 -1.3050
v -3.0733 2.9850 -1.2950
v -3.0333 2.9850 -1.2950
v -3.0333 3.0350 -1.2950
v -3.0733 3.0350 -1.2950
v -2.9000 2.9850 -1.3050
v -2.8600 2.9850 -1.3050
v -2.8600 3.0350 -1.3050
v -2.9000 3.0350 -1.3050
v -2.9000 2.9850 -1.2950
v -2.8600 2.9850 -1.2950
v -2.8600 3.0350 -1.2950
v -2.9000 3.0350 -1.2950
v 1.0000 2.9100 1.3050
v 2.2000 2.9100 1.3050
v 2.2000 3.1100 1.3050
v 1.0000 3.1100 1.3050
v 1.0000 2.9100 1.3200
v 2.2000 2.9100 1.3200
v 2.2000 3.1100 1.3200
v 1.0000 3.1100 1.3200
v 1.0500 3.0000 1.3000
v 2.1500 3.0000 1.3000
v 2.1500 3.0200 1.3000
v 1.0500 3.0200 1.3000
v 1.0500 3.0000 1.3050
v 2.1500 3.0000 1.3050
v 2.1500 3.0200 1.3050
v 1.0500 3.0200 1.3050
v 1.0600 2.9850 1.2950
v 1.1000 2.9850 1.2950
v 1.1000 3.0350 1.2950
v 1.0600 3.0350 1.2950
v 1.0600 2.9850 1.3050
v 1.1000 2.9850 1.3050
v 1.1000 3.0350 1.3050
v 1.0600 3.0350 1.3050
v 1.2333 2.9850 1.2950
v 1.2733 2.9850 1.2950
v 1.2733 3.0350 1.2950
v 1.2333 3.0350 1.2950
v 1.2333 2.9850 1.3050
v 1.2733 2.9850 1.3050
v 1.2733 3.0350 1.3050
v 1.2333 3.0350 1.3050
v 1.4067 2.9850 1.2950
v 1.4467 2.9850 1.2950
v 1.4467 3.0350 1.2950
v 1.4067 3.0350 1.2950
v 1.4067 2.9850 1.3050
v 1.4467 2.9850 1.3050
v 1.4467 3.0350 1.3050
v 1.4067 3.0350 1.3050
v 1.5800 2.9850 1.2950
v 1.6200 2.9850 1.2950
v 1.6200 3.0350 1.2950
v 1.5800 3.0350 1.2950
v 1.5800 2.9850 1.3050
v 1.6200 2.9850 1.3050
v 1.6200 3.0350 1.3050
v 1.5800 3.0350 1.3050
v 1.7533 2.9850 1.2950
v 1.7933 2.9850 1.2950
v 1.7933 3.0350 1.2950
v 1.7533 3.0350 1.2950
v 1.7533 2.9850 1.3050
v 1.7933 2.9850 1.3050
v 1.7933 3.0350 1.3050
v 1.7533 3.0350 1.3050
v 1.9267 2.9850 1.2950
v 1.9667 2.9850 1.2950
v 1.9667 3.0350 1.2950
v 1.9267 3.0350 1.2950
v 1.9267 2.9850 1.3050
v 1.9667 2.9850 1.3050
v 1.9667 3.0350 1.3050
v 1.9267 3.0350 1.3050
v 2.1000 2.9850 1.2950
v 2.1400 2.9850 1.2950
v 2.1400 3.0350 1.2950
v 2.1000 3.0350 1.2950
v 2.1000 2.9850 1.3050
v 2.1400 2.9850 1.3050
v 2.1400 3.0350 1.3050
v 2.1000 3.0350 1.3050
v 1.0000 2.9100 -1.3200
v 2.2000 2.9100 -1.3200
v 2.2000 3.1100 -1.3200
v 1.0000 3.1100 -1.3200
v 1.0000 2.9100 -1.3050
v 2.2000 2.9100 -1.3050
v 2.2000 3.1100 -1.3050
v 1.0000 3.1100 -1.3050
v 1.0500 3.0000 -1.3050
v 2.1500 3.0000 -1.3050
v 2.1500 3.0200 -1.3050
v 1.0500 3.0200 -1.3050
v 1.0500 3.0000 -1.3000
v 2.1500 3.0000 -1.3000
v 2.1500 3.0200 -1.3000
v 1.0500 3.0200 -1.3000
v 1.0600 2.9850 -1.3050
v 1.1000 2.9850 -1.3050
v 1.1000 3.0350 -1.3050
v 1.0600 3.0350 -1.3050
v 1.0600 2.9850 -1.2950
v 1.1000 2.9850 -1.2950
v 1.1000 3.0350 -1.2950
v 1.0600 3.0350 -1.2950
v 1.2333 2.9850 -1.3050
v 1.2733 2.9850 -1.3050
v 1.2733 3.0350 -1.3050
v 1.2333 3.0350 -1.3050
v 1.2333 2.9850 -1.2950
v 1.2733 2.9850 -1.2950
v 1.2733 3.0350 -1.2950
v 1.2333 3.0350 -1.2950
v 1.4067 2.9850 -1.3050
v 1.4467 2.9850 -1.3050
v 1.4467 3.0350 -1.3050
v 1.4067 3.0350 -1.3050
v 1.4067 2.9850 -1.2950
v 1.4467 2.9850 -1.2950
v 1.4467 3.0350 -1.2950
v 1.4067 3.0350 -1.2950
v 1.5800 2.9850 -1.3050
v 1.6200 2.9850 -1.3050
v 1.6200 3.0350 -1.3050
v 1.5800 3.0350 -1.3050
v 1.5800 2.9850 -1.2950
v 1.6200 2.9850 -1.2950
v 1.6200 3.0350 -1.2950
v 1.5800 3.0350 -1.2950
v 1.7533 2.9850 -1.3050
v 1.7933 2.9850 -1.3050
v 1.7933 3.0350 -1.3050
v 1.7533 3.0350 -1.3050
v 1.7533 2.9850 -1.2950
v 1.7933 2.9850 -1.2950
v 1.7933 3.0350 -1.2950
v 1.7533 3.0350 -1.2950
v 1.9267 2.9850 -1.3050
v 1.9667 2.9850 -1.3050
v 1.9667 3.0350 -1.3050
v 1.9267 3.0350 -1.3050
v 1.9267 2.9850 -1.2950
v 1.9667 2.9850 -1.2950
v 1.9667 3.0350 -1.2950
v 1.9267 3.0350 -1.2950
v 2.1000 2.9850 -1.3050
v 2.1400 2.9850 -1.3050
v 2.1400 3.0350 -1.3050
v 2.1000 3.0350 -1.3050
v 2.1000 2.9850 -1.2950
v 2.1400 2.9850 -1.2950
v 2.1400 3.0350 -1.2950
v 2.1000 3.0350 -1.2950
v -6.6300 1.0000 1.1350
v -6.4700 1.0000 1.1350
v -6.4700 1.5000 1.1350
v -6.6300 1.5000 1.1350
v -6.6300 1.0000 1.2950
v -6.4700 1.0000 1.2950
v -6.4700 1.5000 1.2950
v -6.6300 1.5000 1.2950
v -6.5800 1.5000 1.1950
v -6.5200 1.5000 1.1950
v -6.5200 1.6000 1.1950
v -6.5800 1.6000 1.1950
v -6.5800 1.5000 1.2350
v -6.5200 1.5000 1.2350
v -6.5200 1.6000 1.2350
v -6.5800 1.6000 1.2350
v -6.6500 2.2000 1.2850
v -6.4500 2.2000 1.2850
v -6.4500 2.4500 1.2850
v -6.6500 2.4500 1.2850
v -6.6500 2.2000 1.3150
v -6.4500 2.2000 1.3150
v -6.4500 2.4500 1.3150
v -6.6500 2.4500 1.3150
v -6.5900 2.2700 1.2750
v -6.5100 2.2700 1.2750
v -6.5100 2.3500 1.2750
v -6.5900 2.3500 1.2750
v -6.5900 2.2700 1.2850
v -6.5100 2.2700 1.2850
v -6.5100 2.3500 1.2850
v -6.5900 2.3500 1.2850
v -6.6300 1.0000 -1.2950
v -6.4700 1.0000 -1.2950
v -6.4700 1.5000 -1.2950
v -6.6300 1.5000 -1.2950
v -6.6300 1.0000 -1.1350
v -6.4700 1.0000 -1.1350
v -6.4700 1.5000 -1.1350
v -6.6300 1.5000 -1.1350
v -6.5800 1.5000 -1.2350
v -6.5200 1.5000 -1.2350
v -6.5200 1.6000 -1.2350
v -6.5800 1.6000 -1.2350
v -6.5800 1.5000 -1.1950
v -6.5200 1.5000 -1.1950
v -6.5200 1.6000 -1.1950
v -6.5800 1.6000 -1.1950
v -6.6500 2.2000 -1.3150
v -6.4500 2.2000 -1.3150
v -6.4500 2.4500 -1.3150
v -6.6500 2.4500 -1.3150
v -6.6500 2.2000 -1.2850
v -6.4500 2.2000 -1.2850
v -6.4500 2.4500 -1.2850
v -6.6500 2.4500 -1.2850
v -6.5900 2.2700 -1.2850
v -6.5100 2.2700 -1.2850
v -6.5100 2.3500 -1.2850
v -6.5900 2.3500 -1.2850
v -6.5900 2.2700 -1.2750
v -6.5100 2.2700 -1.2750
v -6.5100 2.3500 -1.2750
v -6.5900 2.3500 -1.2750
vt 0.031250 0.968750
vt 0.093750 0.968750
vt 0.156250 0.968750
vt 0.218750 0.968750
vt 0.281250 0.968750
vt 0.343750 0.968750
vt 0.406250 0.968750
vt 0.468750 0.968750
vt 0.531250 0.968750
vt 0.593750 0.968750
vt 0.656250 0.968750
vt 0.718750 0.968750
vt 0.781250 0.968750
vt 0.843750 0.968750
vt 0.906250 0.968750
vt 0.968750 0.968750
vt 0.031250 0.906250
vt 0.093750 0.906250
vt 0.156250 0.906250
vt 0.218750 0.906250
vt 0.281250 0.906250
vt 0.343750 0.906250
vt 0.406250 0.906250
vt 0.468750 0.906250
vt 0.531250 0.906250
vt 0.593750 0.906250
vt 0.656250 0.906250
vt 0.718750 0.906250
vt 0.781250 0.906250
vt 0.843750 0.906250
vt 0.906250 0.906250
vt 0.968750 0.906250
vt 0.031250 0.843750
vt 0.093750 0.843750
vt 0.156250 0.843750
vt 0.218750 0.843750
vt 0.281250 0.843750
vt 0.343750 0.843750
vt 0.406250 0.843750
vt 0.468750 0.843750
vt 0.531250 0.843750
vt 0.593750 0.843750
vt 0.656250 0.843750
vt 0.718750 0.843750
vt 0.781250 0.843750
vt 0.843750 0.843750
vt 0.906250 0.843750
vt 0.968750 0.843750
vt 0.031250 0.781250
vt 0.093750 0.781250
vt 0.156250 0.781250
vt 0.218750 0.781250
vt 0.281250 0.781250
vt 0.343750 0.781250
vt 0.406250 0.781250
vt 0.468750 0.781250
vt 0.531250 0.781250
vt 0.593750 0.781250
vt 0.656250 0.781250
vt 0.718750 0.781250
vt 0.781250 0.781250
vt 0.843750 0.781250
vn 0 0 -1
vn 0 0 1
vn 0 -1 0
vn 0 1 0
vn -1 0 0
vn 1 0 0
o SHELL
usemtl palette
f 1/45/1 4/45/1 3/45/1 2/45/1
f 5/45/2 6/45/2 7/45/2 8/45/2
f 1/45/3 2/45/3 6/45/3 5/45/3
f 4/45/4 8/45/4 7/45/4 3/45/4
f 1/45/5 5/45/5 8/45/5 4/45/5
f 2/45/6 3/45/6 7/45/6 6/45/6
f 9/45/1 12/45/1 11/45/1 10/45/1
f 13/45/2 14/45/2 15/45/2 16/45/2
f 9/45/3 10/45/3 14/45/3 13/45/3
f 12/45/4 16/45/4 15/45/4 11/45/4
f 9/45/5 13/45/5 16/45/5 12/45/5
f 10/45/6 11/45/6 15/45/6 14/45/6
f 17/45/1 20/45/1 19/45/1 18/45/1
f 21/45/2 22/45/2 23/45/2 24/45/2
f 17/45/3 18/45/3 22/45/3 21/45/3
f 20/45/4 24/45/4 23/45/4 19/45/4
f 17/45/5 21/45/5 24/45/5 20/45/5
f 18/45/6 19/45/6 23/45/6 22/45/6
f 25/45/1 28/45/1 27/45/1 26/45/1
f 29/45/2 30/45/2 31/45/2 32/45/2
f 25/45/3 26/45/3 30/45/3 29/45/3
f 28/45/4 32/45/4 31/45/4 27/45/4
f 25/45/5 29/45/5 32/45/5 28/45/5
f 26/45/6 27/45/6 31/45/6 30/45/6
f 33/45/1 36/45/1 35/45/1 34/45/1
f 37/45/2 38/45/2 39/45/2 40/45/2
f 33/45/3 34/45/3 38/45/3 37/45/3
f 36/45/4 40/45/4 39/45/4 35/45/4
f 33/45/5 37/45/5 40/45/5 36/45/5
f 34/45/6 35/45/6 39/45/6 38/45/6
f 41/45/1 44/45/1 43/45/1 42/45/1
f 45/45/2 46/45/2 47/45/2 48/45/2
f 41/45/3 42/45/3 46/45/3 45/45/3
f 44/45/4 48/45/4 47/45/4 43/45/4
f 41/45/5 45/45/5 48/45/5 44/45/5
f 42/45/6 43/45/6 47/45/6 46/45/6
f 49/39/1 52/39/1 51/39/1 50/39/1
f 53/39/2 54/39/2 55/39/2 56/39/2
f 49/39/3 50/39/3 54/39/3 53/39/3
f 52/39/4 56/39/4 55/39/4 51/39/4
f 49/39/5 53/39/5 56/39/5 52/39/5
f 50/39/6 51/39/6 55/39/6 54/39/6
f 57/39/1 60/39/1 59/39/1 58/39/1
f 61/39/2 62/39/2 63/39/2 64/39/2
f 57/39/3 58/39/3 62/39/3 61/39/3
f 60/39/4 64/39/4 63/39/4 59/39/4
f 57/39/5 61/39/5 64/39/5 60/39/5
f 58/39/6 59/39/6 63/39/6 62/39/6
f 65/30/1 68/30/1 67/30/1 66/30/1
f 69/30/2 70/30/2 71/30/2 72/30/2
f 65/30/3 66/30/3 70/30/3 69/30/3
f 68/30/4 72/30/4 71/30/4 67/30/4
f 65/30/5 69/30/5 72/30/5 68/30/5
f 66/30/6 67/30/6 71/30/6 70/30/6
f 73/30/1 76/30/1 75/30/1 74/30/1
f 77/30/2 78/30/2 79/30/2 80/30/2
f 73/30/3 74/30/3 78/30/3 77/30/3
f 76/30/4 80/30/4 79/30/4 75/30/4
f 73/30/5 77/30/5 80/30/5 76/30/5
f 74/30/6 75/30/6 79/30/6 78/30/6
f 81/45/1 84/45/1 83/45/1 82/45/1
f 85/45/2 86/45/2 87/45/2 88/45/2
f 81/45/3 82/45/3 86/45/3 85/45/3
f 84/45/4 88/45/4 87/45/4 83/45/4
f 81/45/5 85/45/5 88/45/5 84/45/5
f 82/45/6 83/45/6 87/45/6 86/45/6
f 89/45/1 92/45/1 91/45/1 90/45/1
f 93/45/2 94/45/2 95/45/2 96/45/2
f 89/45/3 90/45/3 94/45/3 93/45/3
f 92/45/4 96/45/4 95/45/4 91/45/4
f 89/45/5 93/45/5 96/45/5 92/45/5
f 90/45/6 91/45/6 95/45/6 94/45/6
f 97/54/1 100/54/1 99/54/1 98/54/1
f 101/54/2 102/54/2 103/54/2 104/54/2
f 97/54/3 98/54/3 102/54/3 101/54/3
f 100/54/4 104/54/4 103/54/4 99/54/4
f 97/54/5 101/54/5 104/54/5 100/54/5
f 98/54/6 99/54/6 103/54/6 102/54/6
f 105/54/1 108/54/1 107/54/1 106/54/1
f 109/54/2 110/54/2 111/54/2 112/54/2
f 105/54/3 106/54/3 110/54/3 109/54/3
f 108/54/4 112/54/4 111/54/4 107/54/4
f 105/54/5 109/54/5 112/54/5 108/54/5
f 106/54/6 107/54/6 111/54/6 110/54/6
f 113/45/1 116/45/1 115/45/1 114/45/1
f 117/45/2 118/45/2 119/45/2 120/45/2
f 113/45/3 114/45/3 118/45/3 117/45/3
f 116/45/4 120/45/4 119/45/4 115/45/4
f 113/45/5 117/45/5 120/45/5 116/45/5
f 114/45/6 115/45/6 119/45/6 118/45/6
f 121/45/1 124/45/1 123/45/1 122/45/1
f 125/45/2 126/45/2 127/45/2 128/45/2
f 121/45/3 122/45/3 126/45/3 125/45/3
f 124/45/4 128/45/4 127/45/4 123/45/4
f 121/45/5 125/45/5 128/45/5 124/45/5
f 122/45/6 123/45/6 127/45/6 126/45/6
f 129/54/1 132/54/1 131/54/1 130/54/1
f 133/54/2 134/54/2 135/54/2 136/54/2
f 129/54/3 130/54/3 134/54/3 133/54/3
f 132/54/4 136/54/4 135/54/4 131/54/4
f 129/54/5 133/54/5 136/54/5 132/54/5
f 130/54/6 131/54/6 135/54/6 134/54/6
f 137/54/1 140/54/1 139/54/1 138/54/1
f 141/54/2 142/54/2 143/54/2 144/54/2
f 137/54/3 138/54/3 142/54/3 141/54/3
f 140/54/4 144/54/4 143/54/4 139/54/4
f 137/54/5 141/54/5 144/54/5 140/54/5
f 138/54/6 139/54/6 143/54/6 142/54/6
f 145/45/1 148/45/1 147/45/1 146/45/1
f 149/45/2 150/45/2 151/45/2 152/45/2
f 145/45/3 146/45/3 150/45/3 149/45/3
f 148/45/4 152/45/4 151/45/4 147/45/4
f 145/45/5 149/45/5 152/45/5 148/45/5
f 146/45/6 147/45/6 151/45/6 150/45/6
f 153/45/1 156/45/1 155/45/1 154/45/1
f 157/45/2 158/45/2 159/45/2 160/45/2
f 153/45/3 154/45/3 158/45/3 157/45/3
f 156/45/4 160/45/4 159/45/4 155/45/4
f 153/45/5 157/45/5 160/45/5 156/45/5
f 154/45/6 155/45/6 159/45/6 158/45/6
f 161/54/1 164/54/1 163/54/1 162/54/1
f 165/54/2 166/54/2 167/54/2 168/54/2
f 161/54/3 162/54/3 166/54/3 165/54/3
f 164/54/4 168/54/4 167/54/4 163/54/4
f 161/54/5 165/54/5 168/54/5 164/54/5
f 162/54/6 163/54/6 167/54/6 166/54/6
f 169/54/1 172/54/1 171/54/1 170/54/1
f 173/54/2 174/54/2 175/54/2 176/54/2
f 169/54/3 170/54/3 174/54/3 173/54/3
f 172/54/4 176/54/4 175/54/4 171/54/4
f 169/54/5 173/54/5 176/54/5 172/54/5
f 170/54/6 171/54/6 175/54/6 174/54/6
f 177/54/1 180/54/1 179/54/1 178/54/1
f 181/54/2 182/54/2 183/54/2 184/54/2
f 177/54/3 178/54/3 182/54/3 181/54/3
f 180/54/4 184/54/4 183/54/4 179/54/4
f 177/54/5 181/54/5 184/54/5 180/54/5
f 178/54/6 179/54/6 183/54/6 182/54/6
f 185/54/1 188/54/1 187/54/1 186/54/1
f 189/54/2 190/54/2 191/54/2 192/54/2
f 185/54/3 186/54/3 190/54/3 189/54/3
f 188/54/4 192/54/4 191/54/4 187/54/4
f 185/54/5 189/54/5 192/54/5 188/54/5
f 186/54/6 187/54/6 191/54/6 190/54/6
f 193/30/1 196/30/1 195/30/1 194/30/1
f 197/30/2 198/30/2 199/30/2 200/30/2
f 193/30/3 194/30/3 198/30/3 197/30/3
f 196/30/4 200/30/4 199/30/4 195/30/4
f 193/30/5 197/30/5 200/30/5 196/30/5
f 194/30/6 195/30/6 199/30/6 198/30/6
f 201/30/1 204/30/1 203/30/1 202/30/1
f 205/30/2 206/30/2 207/30/2 208/30/2
f 201/30/3 202/30/3 206/30/3 205/30/3
f 204/30/4 208/30/4 207/30/4 203/30/4
f 201/30/5 205/30/5 208/30/5 204/30/5
f 202/30/6 203/30/6 207/30/6 206/30/6
f 209/39/1 212/39/1 211/39/1 210/39/1
f 213/39/2 214/39/2 215/39/2 216/39/2
f 209/39/3 210/39/3 214/39/3 213/39/3
f 212/39/4 216/39/4 215/39/4 211/39/4
f 209/39/5 213/39/5 216/39/5 212/39/5
f 210/39/6 211/39/6 215/39/6 214/39/6
f 217/39/1 220/39/1 219/39/1 218/39/1
f 221/39/2 222/39/2 223/39/2 224/39/2
f 217/39/3 218/39/3 222/39/3 221/39/3
f 220/39/4 224/39/4 223/39/4 219/39/4
f 217/39/5 221/39/5 224/39/5 220/39/5
f 218/39/6 219/39/6 223/39/6 222/39/6
f 225/39/1 228/39/1 227/39/1 226/39/1
f 229/39/2 230/39/2 231/39/2 232/39/2
f 225/39/3 226/39/3 230/39/3 229/39/3
f 228/39/4 232/39/4 231/39/4 227/39/4
f 225/39/5 229/39/5 232/39/5 228/39/5
f 226/39/6 227/39/6 231/39/6 230/39/6
f 233/39/1 236/39/1 235/39/1 234/39/1
f 237/39/2 238/39/2 239/39/2 240/39/2
f 233/39/3 234/39/3 238/39/3 237/39/3
f 236/39/4 240/39/4 239/39/4 235/39/4
f 233/39/5 237/39/5 240/39/5 236/39/5
f 234/39/6 235/39/6 239/39/6 238/39/6
f 241/30/1 244/30/1 243/30/1 242/30/1
f 245/30/2 246/30/2 247/30/2 248/30/2
f 241/30/3 242/30/3 246/30/3 245/30/3
f 244/30/4 248/30/4 247/30/4 243/30/4
f 241/30/5 245/30/5 248/30/5 244/30/5
f 242/30/6 243/30/6 247/30/6 246/30/6
f 249/30/1 252/30/1 251/30/1 250/30/1
f 253/30/2 254/30/2 255/30/2 256/30/2
f 249/30/3 250/30/3 254/30/3 253/30/3
f 252/30/4 256/30/4 255/30/4 251/30/4
f 249/30/5 253/30/5 256/30/5 252/30/5
f 250/30/6 251/30/6 255/30/6 254/30/6
f 257/45/1 260/45/1 259/45/1 258/45/1
f 261/45/2 262/45/2 263/45/2 264/45/2
f 257/45/3 258/45/3 262/45/3 261/45/3
f 260/45/4 264/45/4 263/45/4 259/45/4
f 257/45/5 261/45/5 264/45/5 260/45/5
f 258/45/6 259/45/6 263/45/6 262/45/6
f 265/45/1 268/45/1 267/45/1 266/45/1
f 269/45/2 270/45/2 271/45/2 272/45/2
f 265/45/3 266/45/3 270/45/3 269/45/3
f 268/45/4 272/45/4 271/45/4 267/45/4
f 265/45/5 269/45/5 272/45/5 268/45/5
f 266/45/6 267/45/6 271/45/6 270/45/6
f 273/54/1 276/54/1 275/54/1 274/54/1
f 277/54/2 278/54/2 279/54/2 280/54/2
f 273/54/3 274/54/3 278/54/3 277/54/3
f 276/54/4 280/54/4 279/54/4 275/54/4
f 273/54/5 277/54/5 280/54/5 276/54/5
f 274/54/6 275/54/6 279/54/6 278/54/6
f 281/54/1 284/54/1 283/54/1 282/54/1
f 285/54/2 286/54/2 287/54/2 288/54/2
f 281/54/3 282/54/3 286/54/3 285/54/3
f 284/54/4 288/54/4 287/54/4 283/54/4
f 281/54/5 285/54/5 288/54/5 284/54/5
f 282/54/6 283/54/6 287/54/6 286/54/6
f 289/45/1 292/45/1 291/45/1 290/45/1
f 293/45/2 294/45/2 295/45/2 296/45/2
f 289/45/3 290/45/3 294/45/3 293/45/3
f 292/45/4 296/45/4 295/45/4 291/45/4
f 289/45/5 293/45/5 296/45/5 292/45/5
f 290/45/6 291/45/6 295/45/6 294/45/6
f 297/45/1 300/45/1 299/45/1 298/45/1
f 301/45/2 302/45/2 303/45/2 304/45/2
f 297/45/3 298/45/3 302/45/3 301/45/3
f 300/45/4 304/45/4 303/45/4 299/45/4
f 297/45/5 301/45/5 304/45/5 300/45/5
f 298/45/6 299/45/6 303/45/6 302/45/6
f 305/54/1 308/54/1 307/54/1 306/54/1
f 309/54/2 310/54/2 311/54/2 312/54/2
f 305/54/3 306/54/3 310/54/3 309/54/3
f 308/54/4 312/54/4 311/54/4 307/54/4
f 305/54/5 309/54/5 312/54/5 308/54/5
f 306/54/6 307/54/6 311/54/6 310/54/6
f 313/54/1 316/54/1 315/54/1 314/54/1
f 317/54/2 318/54/2 319/54/2 320/54/2
f 313/54/3 314/54/3 318/54/3 317/54/3
f 316/54/4 320/54/4 319/54/4 315/54/4
f 313/54/5 317/54/5 320/54/5 316/54/5
f 314/54/6 315/54/6 319/54/6 318/54/6
f 321/45/1 324/45/1 323/45/1 322/45/1
f 325/45/2 326/45/2 327/45/2 328/45/2
f 321/45/3 322/45/3 326/45/3 325/45/3
f 324/45/4 328/45/4 327/45/4 323/45/4
f 321/45/5 325/45/5 328/45/5 324/45/5
f 322/45/6 323/45/6 327/45/6 326/45/6
f 329/45/1 332/45/1 331/45/1 330/45/1
f 333/45/2 334/45/2 335/45/2 336/45/2
f 329/45/3 330/45/3 334/45/3 333/45/3
f 332/45/4 336/45/4 335/45/4 331/45/4
f 329/45/5 333/45/5 336/45/5 332/45/5
f 330/45/6 331/45/6 335/45/6 334/45/6
f 337/54/1 340/54/1 339/54/1 338/54/1
f 341/54/2 342/54/2 343/54/2 344/54/2
f 337/54/3 338/54/3 342/54/3 341/54/3
f 340/54/4 344/54/4 343/54/4 339/54/4
f 337/54/5 341/54/5 344/54/5 340/54/5
f 338/54/6 339/54/6 343/54/6 342/54/6
f 345/54/1 348/54/1 347/54/1 346/54/1
f 349/54/2 350/54/2 351/54/2 352/54/2
f 345/54/3 346/54/3 350/54/3 349/54/3
f 348/54/4 352/54/4 351/54/4 347/54/4
f 345/54/5 349/54/5 352/54/5 348/54/5
f 346/54/6 347/54/6 351/54/6 350/54/6
f 353/54/1 356/54/1 355/54/1 354/54/1
f 357/54/2 358/54/2 359/54/2 360/54/2
f 353/54/3 354/54/3 358/54/3 357/54/3
f 356/54/4 360/54/4 359/54/4 355/54/4
f 353/54/5 357/54/5 360/54/5 356/54/5
f 354/54/6 355/54/6 359/54/6 358/54/6
f 361/54/1 364/54/1 363/54/1 362/54/1
f 365/54/2 366/54/2 367/54/2 368/54/2
f 361/54/3 362/54/3 366/54/3 365/54/3
f 364/54/4 368/54/4 367/54/4 363/54/4
f 361/54/5 365/54/5 368/54/5 364/54/5
f 362/54/6 363/54/6 367/54/6 366/54/6
f 369/30/1 372/30/1 371/30/1 370/30/1
f 373/30/2 374/30/2 375/30/2 376/30/2
f 369/30/3 370/30/3 374/30/3 373/30/3
f 372/30/4 376/30/4 375/30/4 371/30/4
f 369/30/5 373/30/5 376/30/5 372/30/5
f 370/30/6 371/30/6 375/30/6 374/30/6
f 377/30/1 380/30/1 379/30/1 378/30/1
f 381/30/2 382/30/2 383/30/2 384/30/2
f 377/30/3 378/30/3 382/30/3 381/30/3
f 380/30/4 384/30/4 383/30/4 379/30/4
f 377/30/5 381/30/5 384/30/5 380/30/5
f 378/30/6 379/30/6 383/30/6 382/30/6
f 385/39/1 388/39/1 387/39/1 386/39/1
f 389/39/2 390/39/2 391/39/2 392/39/2
f 385/39/3 386/39/3 390/39/3 389/39/3
f 388/39/4 392/39/4 391/39/4 387/39/4
f 385/39/5 389/39/5 392/39/5 388/39/5
f 386/39/6 387/39/6 391/39/6 390/39/6
f 393/39/1 396/39/1 395/39/1 394/39/1
f 397/39/2 398/39/2 399/39/2 400/39/2
f 393/39/3 394/39/3 398/39/3 397/39/3
f 396/39/4 400/39/4 399/39/4 395/39/4
f 393/39/5 397/39/5 400/39/5 396/39/5
f 394/39/6 395/39/6 399/39/6 398/39/6
f 401/39/1 404/39/1 403/39/1 402/39/1
f 405/39/2 406/39/2 407/39/2 408/39/2
f 401/39/3 402/39/3 406/39/3 405/39/3
f 404/39/4 408/39/4 407/39/4 403/39/4
f 401/39/5 405/39/5 408/39/5 404/39/5
f 402/39/6 403/39/6 407/39/6 406/39/6
f 409/39/1 412/39/1 411/39/1 410/39/1
f 413/39/2 414/39/2 415/39/2 416/39/2
f 409/39/3 410/39/3 414/39/3 413/39/3
f 412/39/4 416/39/4 415/39/4 411/39/4
f 409/39/5 413/39/5 416/39/5 412/39/5
f 410/39/6 411/39/6 415/39/6 414/39/6
f 417/30/1 420/30/1 419/30/1 418/30/1
f 421/30/2 422/30/2 423/30/2 424/30/2
f 417/30/3 418/30/3 422/30/3 421/30/3
f 420/30/4 424/30/4 423/30/4 419/30/4
f 417/30/5 421/30/5 424/30/5 420/30/5
f 418/30/6 419/30/6 423/30/6 422/30/6
f 425/30/1 428/30/1 427/30/1 426/30/1
f 429/30/2 430/30/2 431/30/2 432/30/2
f 425/30/3 426/30/3 430/30/3 429/30/3
f 428/30/4 432/30/4 431/30/4 427/30/4
f 425/30/5 429/30/5 432/30/5 428/30/5
f 426/30/6 427/30/6 431/30/6 430/30/6
f 433/45/1 436/45/1 435/45/1 434/45/1
f 437/45/2 438/45/2 439/45/2 440/45/2
f 433/45/3 434/45/3 438/45/3 437/45/3
f 436/45/4 440/45/4 439/45/4 435/45/4
f 433/45/5 437/45/5 440/45/5 436/45/5
f 434/45/6 435/45/6 439/45/6 438/45/6
f 441/45/1 444/45/1 443/45/1 442/45/1
f 445/45/2 446/45/2 447/45/2 448/45/2
f 441/45/3 442/45/3 446/45/3 445/45/3
f 444/45/4 448/45/4 447/45/4 443/45/4
f 441/45/5 445/45/5 448/45/5 444/45/5
f 442/45/6 443/45/6 447/45/6 446/45/6
f 449/54/1 452/54/1 451/54/1 450/54/1
f 453/54/2 454/54/2 455/54/2 456/54/2
f 449/54/3 450/54/3 454/54/3 453/54/3
f 452/54/4 456/54/4 455/54/4 451/54/4
f 449/54/5 453/54/5 456/54/5 452/54/5
f 450/54/6 451/54/6 455/54/6 454/54/6
f 457/54/1 460/54/1 459/54/1 458/54/1
f 461/54/2 462/54/2 463/54/2 464/54/2
f 457/54/3 458/54/3 462/54/3 461/54/3
f 460/54/4 464/54/4 463/54/4 459/54/4
f 457/54/5 461/54/5 464/54/5 460/54/5
f 458/54/6 459/54/6 463/54/6 462/54/6
f 465/45/1 468/45/1 467/45/1 466/45/1
f 469/45/2 470/45/2 471/45/2 472/45/2
f 465/45/3 466/45/3 470/45/3 469/45/3
f 468/45/4 472/45/4 471/45/4 467/45/4
f 465/45/5 469/45/5 472/45/5 468/45/5
f 466/45/6 467/45/6 471/45/6 470/45/6
f 473/45/1 476/45/1 475/45/1 474/45/1
f 477/45/2 478/45/2 479/45/2 480/45/2
f 473/45/3 474/45/3 478/45/3 477/45/3
f 476/45/4 480/45/4 479/45/4 475/45/4
f 473/45/5 477/45/5 480/45/5 476/45/5
f 474/45/6 475/45/6 479/45/6 478/45/6
f 481/54/1 484/54/1 483/54/1 482/54/1
f 485/54/2 486/54/2 487/54/2 488/54/2
f 481/54/3 482/54/3 486/54/3 485/54/3
f 484/54/4 488/54/4 487/54/4 483/54/4
f 481/54/5 485/54/5 488/54/5 484/54/5
f 482/54/6 483/54/6 487/54/6 486/54/6
f 489/54/1 492/54/1 491/54/1 490/54/1
f 493/54/2 494/54/2 495/54/2 496/54/2
f 489/54/3 490/54/3 494/54/3 493/54/3
f 492/54/4 496/54/4 495/54/4 491/54/4
f 489/54/5 493/54/5 496/54/5 492/54/5
f 490/54/6 491/54/6 495/54/6 494/54/6
f 497/45/1 500/45/1 499/45/1 498/45/1
f 501/45/2 502/45/2 503/45/2 504/45/2
f 497/45/3 498/45/3 502/45/3 501/45/3
f 500/45/4 504/45/4 503/45/4 499/45/4
f 497/45/5 501/45/5 504/45/5 500/45/5
f 498/45/6 499/45/6 503/45/6 502/45/6
f 505/45/1 508/45/1 507/45/1 506/45/1
f 509/45/2 510/45/2 511/45/2 512/45/2
f 505/45/3 506/45/3 510/45/3 509/45/3
f 508/45/4 512/45/4 511/45/4 507/45/4
f 505/45/5 509/45/5 512/45/5 508/45/5
f 506/45/6 507/45/6 511/45/6 510/45/6
f 513/54/1 516/54/1 515/54/1 514/54/1
f 517/54/2 518/54/2 519/54/2 520/54/2
f 513/54/3 514/54/3 518/54/3 517/54/3
f 516/54/4 520/54/4 519/54/4 515/54/4
f 513/54/5 517/54/5 520/54/5 516/54/5
f 514/54/6 515/54/6 519/54/6 518/54/6
f 521/54/1 524/54/1 523/54/1 522/54/1
f 525/54/2 526/54/2 527/54/2 528/54/2
f 521/54/3 522/54/3 526/54/3 525/54/3
f 524/54/4 528/54/4 527/54/4 523/54/4
f 521/54/5 525/54/5 528/54/5 524/54/5
f 522/54/6 523/54/6 527/54/6 526/54/6
f 529/54/1 532/54/1 531/54/1 530/54/1
f 533/54/2 534/54/2 535/54/2 536/54/2
f 529/54/3 530/54/3 534/54/3 533/54/3
f 532/54/4 536/54/4 535/54/4 531/54/4
f 529/54/5 533/54/5 536/54/5 532/54/5
f 530/54/6 531/54/6 535/54/6 534/54/6
f 537/54/1 540/54/1 539/54/1 538/54/1
f 541/54/2 542/54/2 543/54/2 544/54/2
f 537/54/3 538/54/3 542/54/3 541/54/3
f 540/54/4 544/54/4 543/54/4 539/54/4
f 537/54/5 541/54/5 544/54/5 540/54/5
f 538/54/6 539/54/6 543/54/6 542/54/6
f 545/30/1 548/30/1 547/30/1 546/30/1
f 549/30/2 550/30/2 551/30/2 552/30/2
f 545/30/3 546/30/3 550/30/3 549/30/3
f 548/30/4 552/30/4 551/30/4 547/30/4
f 545/30/5 549/30/5 552/30/5 548/30/5
f 546/30/6 547/30/6 551/30/6 550/30/6
f 553/30/1 556/30/1 555/30/1 554/30/1
f 557/30/2 558/30/2 559/30/2 560/30/2
f 553/30/3 554/30/3 558/30/3 557/30/3
f 556/30/4 560/30/4 559/30/4 555/30/4
f 553/30/5 557/30/5 560/30/5 556/30/5
f 554/30/6 555/30/6 559/30/6 558/30/6
f 561/39/1 564/39/1 563/39/1 562/39/1
f 565/39/2 566/39/2 567/39/2 568/39/2
f 561/39/3 562/39/3 566/39/3 565/39/3
f 564/39/4 568/39/4 567/39/4 563/39/4
f 561/39/5 565/39/5 568/39/5 564/39/5
f 562/39/6 563/39/6 567/39/6 566/39/6
f 569/39/1 572/39/1 571/39/1 570/39/1
f 573/39/2 574/39/2 575/39/2 576/39/2
f 569/39/3 570/39/3 574/39/3 573/39/3
f 572/39/4 576/39/4 575/39/4 571/39/4
f 569/39/5 573/39/5 576/39/5 572/39/5
f 570/39/6 571/39/6 575/39/6 574/39/6
f 577/39/1 580/39/1 579/39/1 578/39/1
f 581/39/2 582/39/2 583/39/2 584/39/2
f 577/39/3 578/39/3 582/39/3 581/39/3
f 580/39/4 584/39/4 583/39/4 579/39/4
f 577/39/5 581/39/5 584/39/5 580/39/5
f 578/39/6 579/39/6 583/39/6 582/39/6
f 585/39/1 588/39/1 587/39/1 586/39/1
f 589/39/2 590/39/2 591/39/2 592/39/2
f 585/39/3 586/39/3 590/39/3 589/39/3
f 588/39/4 592/39/4 591/39/4 587/39/4
f 585/39/5 589/39/5 592/39/5 588/39/5
f 586/39/6 587/39/6 591/39/6 590/39/6
f 593/30/1 596/30/1 595/30/1 594/30/1
f 597/30/2 598/30/2 599/30/2 600/30/2
f 593/30/3 594/30/3 598/30/3 597/30/3
f 596/30/4 600/30/4 599/30/4 595/30/4
f 593/30/5 597/30/5 600/30/5 596/30/5
f 594/30/6 595/30/6 599/30/6 598/30/6
f 601/30/1 604/30/1 603/30/1 602/30/1
f 605/30/2 606/30/2 607/30/2 608/30/2
f 601/30/3 602/30/3 606/30/3 605/30/3
f 604/30/4 608/30/4 607/30/4 603/30/4
f 601/30/5 605/30/5 608/30/5 604/30/5
f 602/30/6 603/30/6 607/30/6 606/30/6
f 609/45/1 612/45/1 611/45/1 610/45/1
f 613/45/2 614/45/2 615/45/2 616/45/2
f 609/45/3 610/45/3 614/45/3 613/45/3
f 612/45/4 616/45/4 615/45/4 611/45/4
f 609/45/5 613/45/5 616/45/5 612/45/5
f 610/45/6 611/45/6 615/45/6 614/45/6
f 617/45/1 620/45/1 619/45/1 618/45/1
f 621/45/2 622/45/2 623/45/2 624/45/2
f 617/45/3 618/45/3 622/45/3 621/45/3
f 620/45/4 624/45/4 623/45/4 619/45/4
f 617/45/5 621/45/5 624/45/5 620/45/5
f 618/45/6 619/45/6 623/45/6 622/45/6
f 625/54/1 628/54/1 627/54/1 626/54/1
f 629/54/2 630/54/2 631/54/2 632/54/2
f 625/54/3 626/54/3 630/54/3 629/54/3
f 628/54/4 632/54/4 631/54/4 627/54/4
f 625/54/5 629/54/5 632/54/5 628/54/5
f 626/54/6 627/54/6 631/54/6 630/54/6
f 633/54/1 636/54/1 635/54/1 634/54/1
f 637/54/2 638/54/2 639/54/2 640/54/2
f 633/54/3 634/54/3 638/54/3 637/54/3
f 636/54/4 640/54/4 639/54/4 635/54/4
f 633/54/5 637/54/5 640/54/5 636/54/5
f 634/54/6 635/54/6 639/54/6 638/54/6
f 641/45/1 644/45/1 643/45/1 642/45/1
f 645/45/2 646/45/2 647/45/2 648/45/2
f 641/45/3 642/45/3 646/45/3 645/45/3
f 644/45/4 648/45/4 647/45/4 643/45/4
f 641/45/5 645/45/5 648/45/5 644/45/5
f 642/45/6 643/45/6 647/45/6 646/45/6
f 649/45/1 652/45/1 651/45/1 650/45/1
f 653/45/2 654/45/2 655/45/2 656/45/2
f 649/45/3 650/45/3 654/45/3 653/45/3
f 652/45/4 656/45/4 655/45/4 651/45/4
f 649/45/5 653/45/5 656/45/5 652/45/5
f 650/45/6 651/45/6 655/45/6 654/45/6
f 657/54/1 660/54/1 659/54/1 658/54/1
f 661/54/2 662/54/2 663/54/2 664/54/2
f 657/54/3 658/54/3 662/54/3 661/54/3
f 660/54/4 664/54/4 663/54/4 659/54/4
f 657/54/5 661/54/5 664/54/5 660/54/5
f 658/54/6 659/54/6 663/54/6 662/54/6
f 665/54/1 668/54/1 667/54/1 666/54/1
f 669/54/2 670/54/2 671/54/2 672/54/2
f 665/54/3 666/54/3 670/54/3 669/54/3
f 668/54/4 672/54/4 671/54/4 667/54/4
f 665/54/5 669/54/5 672/54/5 668/54/5
f 666/54/6 667/54/6 671/54/6 670/54/6
f 673/45/1 676/45/1 675/45/1 674/45/1
f 677/45/2 678/45/2 679/45/2 680/45/2
f 673/45/3 674/45/3 678/45/3 677/45/3
f 676/45/4 680/45/4 679/45/4 675/45/4
f 673/45/5 677/45/5 680/45/5 676/45/5
f 674/45/6 675/45/6 679/45/6 678/45/6
f 681/45/1 684/45/1 683/45/1 682/45/1
f 685/45/2 686/45/2 687/45/2 688/45/2
f 681/45/3 682/45/3 686/45/3 685/45/3
f 684/45/4 688/45/4 687/45/4 683/45/4
f 681/45/5 685/45/5 688/45/5 684/45/5
f 682/45/6 683/45/6 687/45/6 686/45/6
f 689/54/1 692/54/1 691/54/1 690/54/1
f 693/54/2 694/54/2 695/54/2 696/54/2
f 689/54/3 690/54/3 694/54/3 693/54/3
f 692/54/4 696/54/4 695/54/4 691/54/4
f 689/54/5 693/54/5 696/54/5 692/54/5
f 690/54/6 691/54/6 695/54/6 694/54/6
f 697/54/1 700/54/1 699/54/1 698/54/1
f 701/54/2 702/54/2 703/54/2 704/54/2
f 697/54/3 698/54/3 702/54/3 701/54/3
f 700/54/4 704/54/4 703/54/4 699/54/4
f 697/54/5 701/54/5 704/54/5 700/54/5
f 698/54/6 699/54/6 703/54/6 702/54/6
f 705/54/1 708/54/1 707/54/1 706/54/1
f 709/54/2 710/54/2 711/54/2 712/54/2
f 705/54/3 706/54/3 710/54/3 709/54/3
f 708/54/4 712/54/4 711/54/4 707/54/4
f 705/54/5 709/54/5 712/54/5 708/54/5
f 706/54/6 707/54/6 711/54/6 710/54/6
f 713/54/1 716/54/1 715/54/1 714/54/1
f 717/54/2 718/54/2 719/54/2 720/54/2
f 713/54/3 714/54/3 718/54/3 717/54/3
f 716/54/4 720/54/4 719/54/4 715/54/4
f 713/54/5 717/54/5 720/54/5 716/54/5
f 714/54/6 715/54/6 719/54/6 718/54/6
f 721/30/1 724/30/1 723/30/1 722/30/1
f 725/30/2 726/30/2 727/30/2 728/30/2
f 721/30/3 722/30/3 726/30/3 725/30/3
f 724/30/4 728/30/4 727/30/4 723/30/4
f 721/30/5 725/30/5 728/30/5 724/30/5
f 722/30/6 723/30/6 727/30/6 726/30/6
f 729/30/1 732/30/1 731/30/1 730/30/1
f 733/30/2 734/30/2 735/30/2 736/30/2
f 729/30/3 730/30/3 734/30/3 733/30/3
f 732/30/4 736/30/4 735/30/4 731/30/4
f 729/30/5 733/30/5 736/30/5 732/30/5
f 730/30/6 731/30/6 735/30/6 734/30/6
f 737/39/1 740/39/1 739/39/1 738/39/1
f 741/39/2 742/39/2 743/39/2 744/39/2
f 737/39/3 738/39/3 742/39/3 741/39/3
f 740/39/4 744/39/4 743/39/4 739/39/4
f 737/39/5 741/39/5 744/39/5 740/39/5
f 738/39/6 739/39/6 743/39/6 742/39/6
f 745/39/1 748/39/1 747/39/1 746/39/1
f 749/39/2 750/39/2 751/39/2 752/39/2
f 745/39/3 746/39/3 750/39/3 749/39/3
f 748/39/4 752/39/4 751/39/4 747/39/4
f 745/39/5 749/39/5 752/39/5 748/39/5
f 746/39/6 747/39/6 751/39/6 750/39/6
f 753/39/1 756/39/1 755/39/1 754/39/1
f 757/39/2 758/39/2 759/39/2 760/39/2
f 753/39/3 754/39/3 758/39/3 757/39/3
f 756/39/4 760/39/4 759/39/4 755/39/4
f 753/39/5 757/39/5 760/39/5 756/39/5
f 754/39/6 755/39/6 759/39/6 758/39/6
f 761/39/1 764/39/1 763/39/1 762/39/1
f 765/39/2 766/39/2 767/39/2 768/39/2
f 761/39/3 762/39/3 766/39/3 765/39/3
f 764/39/4 768/39/4 767/39/4 763/39/4
f 761/39/5 765/39/5 768/39/5 764/39/5
f 762/39/6 763/39/6 767/39/6 766/39/6
f 769/30/1 772/30/1 771/30/1 770/30/1
f 773/30/2 774/30/2 775/30/2 776/30/2
f 769/30/3 770/30/3 774/30/3 773/30/3
f 772/30/4 776/30/4 775/30/4 771/30/4
f 769/30/5 773/30/5 776/30/5 772/30/5
f 770/30/6 771/30/6 775/30/6 774/30/6
f 777/30/1 780/30/1 779/30/1 778/30/1
f 781/30/2 782/30/2 783/30/2 784/30/2
f 777/30/3 778/30/3 782/30/3 781/30/3
f 780/30/4 784/30/4 783/30/4 779/30/4
f 777/30/5 781/30/5 784/30/5 780/30/5
f 778/30/6 779/30/6 783/30/6 782/30/6
f 785/45/1 788/45/1 787/45/1 786/45/1
f 789/45/2 790/45/2 791/45/2 792/45/2
f 785/45/3 786/45/3 790/45/3 789/45/3
f 788/45/4 792/45/4 791/45/4 787/45/4
f 785/45/5 789/45/5 792/45/5 788/45/5
f 786/45/6 787/45/6 791/45/6 790/45/6
f 793/45/1 796/45/1 795/45/1 794/45/1
f 797/45/2 798/45/2 799/45/2 800/45/2
f 793/45/3 794/45/3 798/45/3 797/45/3
f 796/45/4 800/45/4 799/45/4 795/45/4
f 793/45/5 797/45/5 800/45/5 796/45/5
f 794/45/6 795/45/6 799/45/6 798/45/6
f 801/54/1 804/54/1 803/54/1 802/54/1
f 805/54/2 806/54/2 807/54/2 808/54/2
f 801/54/3 802/54/3 806/54/3 805/54/3
f 804/54/4 808/54/4 807/54/4 803/54/4
f 801/54/5 805/54/5 808/54/5 804/54/5
f 802/54/6 803/54/6 807/54/6 806/54/6
f 809/54/1 812/54/1 811/54/1 810/54/1
f 813/54/2 814/54/2 815/54/2 816/54/2
f 809/54/3 810/54/3 814/54/3 813/54/3
f 812/54/4 816/54/4 815/54/4 811/54/4
f 809/54/5 813/54/5 816/54/5 812/54/5
f 810/54/6 811/54/6 815/54/6 814/54/6
f 817/45/1 820/45/1 819/45/1 818/45/1
f 821/45/2 822/45/2 823/45/2 824/45/2
f 817/45/3 818/45/3 822/45/3 821/45/3
f 820/45/4 824/45/4 823/45/4 819/45/4
f 817/45/5 821/45/5 824/45/5 820/45/5
f 818/45/6 819/45/6 823/45/6 822/45/6
f 825/45/1 828/45/1 827/45/1 826/45/1
f 829/45/2 830/45/2 831/45/2 832/45/2
f 825/45/3 826/45/3 830/45/3 829/45/3
f 828/45/4 832/45/4 831/45/4 827/45/4
f 825/45/5 829/45/5 832/45/5 828/45/5
f 826/45/6 827/45/6 831/45/6 830/45/6
f 833/54/1 836/54/1 835/54/1 834/54/1
f 837/54/2 838/54/2 839/54/2 840/54/2
f 833/54/3 834/54/3 838/54/3 837/54/3
f 836/54/4 840/54/4 839/54/4 835/54/4
f 833/54/5 837/54/5 840/54/5 836/54/5
f 834/54/6 835/54/6 839/54/6 838/54/6
f 841/54/1 844/54/1 843/54/1 842/54/1
f 845/54/2 846/54/2 847/54/2 848/54/2
f 841/54/3 842/54/3 846/54/3 845/54/3
f 844/54/4 848/54/4 847/54/4 843/54/4
f 841/54/5 845/54/5 848/54/5 844/54/5
f 842/54/6 843/54/6 847/54/6 846/54/6
f 849/45/1 852/45/1 851/45/1 850/45/1
f 853/45/2 854/45/2 855/45/2 856/45/2
f 849/45/3 850/45/3 854/45/3 853/45/3
f 852/45/4 856/45/4 855/45/4 851/45/4
f 849/45/5 853/45/5 856/45/5 852/45/5
f 850/45/6 851/45/6 855/45/6 854/45/6
f 857/45/1 860/45/1 859/45/1 858/45/1
f 861/45/2 862/45/2 863/45/2 864/45/2
f 857/45/3 858/45/3 862/45/3 861/45/3
f 860/45/4 864/45/4 863/45/4 859/45/4
f 857/45/5 861/45/5 864/45/5 860/45/5
f 858/45/6 859/45/6 863/45/6 862/45/6
f 865/54/1 868/54/1 867/54/1 866/54/1
f 869/54/2 870/54/2 871/54/2 872/54/2
f 865/54/3 866/54/3 870/54/3 869/54/3
f 868/54/4 872/54/4 871/54/4 867/54/4
f 865/54/5 869/54/5 872/54/5 868/54/5
f 866/54/6 867/54/6 871/54/6 870/54/6
f 873/54/1 876/54/1 875/54/1 874/54/1
f 877/54/2 878/54/2 879/54/2 880/54/2
f 873/54/3 874/54/3 878/54/3 877/54/3
f 876/54/4 880/54/4 879/54/4 875/54/4
f 873/54/5 877/54/5 880/54/5 876/54/5
f 874/54/6 875/54/6 879/54/6 878/54/6
f 881/54/1 884/54/1 883/54/1 882/54/1
f 885/54/2 886/54/2 887/54/2 888/54/2
f 881/54/3 882/54/3 886/54/3 885/54/3
f 884/54/4 888/54/4 887/54/4 883/54/4
f 881/54/5 885/54/5 888/54/5 884/54/5
f 882/54/6 883/54/6 887/54/6 886/54/6
f 889/54/1 892/54/1 891/54/1 890/54/1
f 893/54/2 894/54/2 895/54/2 896/54/2
f 889/54/3 890/54/3 894/54/3 893/54/3
f 892/54/4 896/54/4 895/54/4 891/54/4
f 889/54/5 893/54/5 896/54/5 892/54/5
f 890/54/6 891/54/6 895/54/6 894/54/6
f 897/30/1 900/30/1 899/30/1 898/30/1
f 901/30/2 902/30/2 903/30/2 904/30/2
f 897/30/3 898/30/3 902/30/3 901/30/3
f 900/30/4 904/30/4 903/30/4 899/30/4
f 897/30/5 901/30/5 904/30/5 900/30/5
f 898/30/6 899/30/6 903/30/6 902/30/6
f 905/30/1 908/30/1 907/30/1 906/30/1
f 909/30/2 910/30/2 911/30/2 912/30/2
f 905/30/3 906/30/3 910/30/3 909/30/3
f 908/30/4 912/30/4 911/30/4 907/30/4
f 905/30/5 909/30/5 912/30/5 908/30/5
f 906/30/6 907/30/6 911/30/6 910/30/6
f 913/39/1 916/39/1 915/39/1 914/39/1
f 917/39/2 918/39/2 919/39/2 920/39/2
f 913/39/3 914/39/3 918/39/3 917/39/3
f 916/39/4 920/39/4 919/39/4 915/39/4
f 913/39/5 917/39/5 920/39/5 916/39/5
f 914/39/6 915/39/6 919/39/6 918/39/6
f 921/39/1 924/39/1 923/39/1 922/39/1
f 925/39/2 926/39/2 927/39/2 928/39/2
f 921/39/3 922/39/3 926/39/3 925/39/3
f 924/39/4 928/39/4 927/39/4 923/39/4
f 921/39/5 925/39/5 928/39/5 924/39/5
f 922/39/6 923/39/6 927/39/6 926/39/6
f 929/39/1 932/39/1 931/39/1 930/39/1
f 933/39/2 934/39/2 935/39/2 936/39/2
f 929/39/3 930/39/3 934/39/3 933/39/3
f 932/39/4 936/39/4 935/39/4 931/39/4
f 929/39/5 933/39/5 936/39/5 932/39/5
f 930/39/6 931/39/6 935/39/6 934/39/6
f 937/39/1 940/39/1 939/39/1 938/39/1
f 941/39/2 942/39/2 943/39/2 944/39/2
f 937/39/3 938/39/3 942/39/3 941/39/3
f 940/39/4 944/39/4 943/39/4 939/39/4
f 937/39/5 941/39/5 944/39/5 940/39/5
f 938/39/6 939/39/6 943/39/6 942/39/6
f 945/30/1 948/30/1 947/30/1 946/30/1
f 949/30/2 950/30/2 951/30/2 952/30/2
f 945/30/3 946/30/3 950/30/3 949/30/3
f 948/30/4 952/30/4 951/30/4 947/30/4
f 945/30/5 949/30/5 952/30/5 948/30/5
f 946/30/6 947/30/6 951/30/6 950/30/6
f 953/30/1 956/30/1 955/30/1 954/30/1
f 957/30/2 958/30/2 959/30/2 960/30/2
f 953/30/3 954/30/3 958/30/3 957/30/3
f 956/30/4 960/30/4 959/30/4 955/30/4
f 953/30/5 957/30/5 960/30/5 956/30/5
f 954/30/6 955/30/6 959/30/6 958/30/6
f 961/45/1 964/45/1 963/45/1 962/45/1
f 965/45/2 966/45/2 967/45/2 968/45/2
f 961/45/3 962/45/3 966/45/3 965/45/3
f 964/45/4 968/45/4 967/45/4 963/45/4
f 961/45/5 965/45/5 968/45/5 964/45/5
f 962/45/6 963/45/6 967/45/6 966/45/6
f 969/45/1 972/45/1 971/45/1 970/45/1
f 973/45/2 974/45/2 975/45/2 976/45/2
f 969/45/3 970/45/3 974/45/3 973/45/3
f 972/45/4 976/45/4 975/45/4 971/45/4
f 969/45/5 973/45/5 976/45/5 972/45/5
f 970/45/6 971/45/6 975/45/6 974/45/6
f 977/54/1 980/54/1 979/54/1 978/54/1
f 981/54/2 982/54/2 983/54/2 984/54/2
f 977/54/3 978/54/3 982/54/3 981/54/3
f 980/54/4 984/54/4 983/54/4 979/54/4
f 977/54/5 981/54/5 984/54/5 980/54/5
f 978/54/6 979/54/6 983/54/6 982/54/6
f 985/54/1 988/54/1 987/54/1 986/54/1
f 989/54/2 990/54/2 991/54/2 992/54/2
f 985/54/3 986/54/3 990/54/3 989/54/3
f 988/54/4 992/54/4 991/54/4 987/54/4
f 985/54/5 989/54/5 992/54/5 988/54/5
f 986/54/6 987/54/6 991/54/6 990/54/6
f 993/45/1 996/45/1 995/45/1 994/45/1
f 997/45/2 998/45/2 999/45/2 1000/45/2
f 993/45/3 994/45/3 998/45/3 997/45/3
f 996/45/4 1000/45/4 999/45/4 995/45/4
f 993/45/5 997/45/5 1000/45/5 996/45/5
f 994/45/6 995/45/6 999/45/6 998/45/6
f 1001/45/1 1004/45/1 1003/45/1 1002/45/1
f 1005/45/2 1006/45/2 1007/45/2 1008/45/2
f 1001/45/3 1002/45/3 1006/45/3 1005/45/3
f 1004/45/4 1008/45/4 1007/45/4 1003/45/4
f 1001/45/5 1005/45/5 1008/45/5 1004/45/5
f 1002/45/6 1003/45/6 1007/45/6 1006/45/6
f 1009/54/1 1012/54/1 1011/54/1 1010/54/1
f 1013/54/2 1014/54/2 1015/54/2 1016/54/2
f 1009/54/3 1010/54/3 1014/54/3 1013/54/3
f 1012/54/4 1016/54/4 1015/54/4 1011/54/4
f 1009/54/5 1013/54/5 1016/54/5 1012/54/5
f 1010/54/6 1011/54/6 1015/54/6 1014/54/6
f 1017/54/1 1020/54/1 1019/54/1 1018/54/1
f 1021/54/2 1022/54/2 1023/54/2 1024/54/2
f 1017/54/3 1018/54/3 1022/54/3 1021/54/3
f 1020/54/4 1024/54/4 1023/54/4 1019/54/4
f 1017/54/5 1021/54/5 1024/54/5 1020/54/5
f 1018/54/6 1019/54/6 1023/54/6 1022/54/6
f 1025/45/1 1028/45/1 1027/45/1 1026/45/1
f 1029/45/2 1030/45/2 1031/45/2 1032/45/2
f 1025/45/3 1026/45/3 1030/45/3 1029/45/3
f 1028/45/4 1032/45/4 1031/45/4 1027/45/4
f 1025/45/5 1029/45/5 1032/45/5 1028/45/5
f 1026/45/6 1027/45/6 1031/45/6 1030/45/6
f 1033/45/1 1036/45/1 1035/45/1 1034/45/1
f 1037/45/2 1038/45/2 1039/45/2 1040/45/2
f 1033/45/3 1034/45/3 1038/45/3 1037/45/3
f 1036/45/4 1040/45/4 1039/45/4 1035/45/4
f 1033/45/5 1037/45/5 1040/45/5 1036/45/5
f 1034/45/6 1035/45/6 1039/45/6 1038/45/6
f 1041/54/1 1044/54/1 1043/54/1 1042/54/1
f 1045/54/2 1046/54/2 1047/54/2 1048/54/2
f 1041/54/3 1042/54/3 1046/54/3 1045/54/3
f 1044/54/4 1048/54/4 1047/54/4 1043/54/4
f 1041/54/5 1045/54/5 1048/54/5 1044/54/5
f 1042/54/6 1043/54/6 1047/54/6 1046/54/6
f 1049/54/1 1052/54/1 1051/54/1 1050/54/1
f 1053/54/2 1054/54/2 1055/54/2 1056/54/2
f 1049/54/3 1050/54/3 1054/54/3 1053/54/3
f 1052/54/4 1056/54/4 1055/54/4 1051/54/4
f 1049/54/5 1053/54/5 1056/54/5 1052/54/5
f 1050/54/6 1051/54/6 1055/54/6 1054/54/6
f 1057/54/1 1060/54/1 1059/54/1 1058/54/1
f 1061/54/2 1062/54/2 1063/54/2 1064/54/2
f 1057/54/3 1058/54/3 1062/54/3 1061/54/3
f 1060/54/4 1064/54/4 1063/54/4 1059/54/4
f 1057/54/5 1061/54/5 1064/54/5 1060/54/5
f 1058/54/6 1059/54/6 1063/54/6 1062/54/6
f 1065/54/1 1068/54/1 1067/54/1 1066/54/1
f 1069/54/2 1070/54/2 1071/54/2 1072/54/2
f 1065/54/3 1066/54/3 1070/54/3 1069/54/3
f 1068/54/4 1072/54/4 1071/54/4 1067/54/4
f 1065/54/5 1069/54/5 1072/54/5 1068/54/5
f 1066/54/6 1067/54/6 1071/54/6 1070/54/6
f 1073/30/1 1076/30/1 1075/30/1 1074/30/1
f 1077/30/2 1078/30/2 1079/30/2 1080/30/2
f 1073/30/3 1074/30/3 1078/30/3 1077/30/3
f 1076/30/4 1080/30/4 1079/30/4 1075/30/4
f 1073/30/5 1077/30/5 1080/30/5 1076/30/5
f 1074/30/6 1075/30/6 1079/30/6 1078/30/6
f 1081/30/1 1084/30/1 1083/30/1 1082/30/1
f 1085/30/2 1086/30/2 1087/30/2 1088/30/2
f 1081/30/3 1082/30/3 1086/30/3 1085/30/3
f 1084/30/4 1088/30/4 1087/30/4 1083/30/4
f 1081/30/5 1085/30/5 1088/30/5 1084/30/5
f 1082/30/6 1083/30/6 1087/30/6 1086/30/6
f 1089/39/1 1092/39/1 1091/39/1 1090/39/1
f 1093/39/2 1094/39/2 1095/39/2 1096/39/2
f 1089/39/3 1090/39/3 1094/39/3 1093/39/3
f 1092/39/4 1096/39/4 1095/39/4 1091/39/4
f 1089/39/5 1093/39/5 1096/39/5 1092/39/5
f 1090/39/6 1091/39/6 1095/39/6 1094/39/6
f 1097/39/1 1100/39/1 1099/39/1 1098/39/1
f 1101/39/2 1102/39/2 1103/39/2 1104/39/2
f 1097/39/3 1098/39/3 1102/39/3 1101/39/3
f 1100/39/4 1104/39/4 1103/39/4 1099/39/4
f 1097/39/5 1101/39/5 1104/39/5 1100/39/5
f 1098/39/6 1099/39/6 1103/39/6 1102/39/6
f 1105/39/1 1108/39/1 1107/39/1 1106/39/1
f 1109/39/2 1110/39/2 1111/39/2 1112/39/2
f 1105/39/3 1106/39/3 1110/39/3 1109/39/3
f 1108/39/4 1112/39/4 1111/39/4 1107/39/4
f 1105/39/5 1109/39/5 1112/39/5 1108/39/5
f 1106/39/6 1107/39/6 1111/39/6 1110/39/6
f 1113/39/1 1116/39/1 1115/39/1 1114/39/1
f 1117/39/2 1118/39/2 1119/39/2 1120/39/2
f 1113/39/3 1114/39/3 1118/39/3 1117/39/3
f 1116/39/4 1120/39/4 1119/39/4 1115/39/4
f 1113/39/5 1117/39/5 1120/39/5 1116/39/5
f 1114/39/6 1115/39/6 1119/39/6 1118/39/6
f 1121/30/1 1124/30/1 1123/30/1 1122/30/1
f 1125/30/2 1126/30/2 1127/30/2 1128/30/2
f 1121/30/3 1122/30/3 1126/30/3 1125/30/3
f 1124/30/4 1128/30/4 1127/30/4 1123/30/4
f 1121/30/5 1125/30/5 1128/30/5 1124/30/5
f 1122/30/6 1123/30/6 1127/30/6 1126/30/6
f 1129/30/1 1132/30/1 1131/30/1 1130/30/1
f 1133/30/2 1134/30/2 1135/30/2 1136/30/2
f 1129/30/3 1130/30/3 1134/30/3 1133/30/3
f 1132/30/4 1136/30/4 1135/30/4 1131/30/4
f 1129/30/5 1133/30/5 1136/30/5 1132/30/5
f 1130/30/6 1131/30/6 1135/30/6 1134/30/6
f 1137/45/1 1140/45/1 1139/45/1 1138/45/1
f 1141/45/2 1142/45/2 1143/45/2 1144/45/2
f 1137/45/3 1138/45/3 1142/45/3 1141/45/3
f 1140/45/4 1144/45/4 1143/45/4 1139/45/4
f 1137/45/5 1141/45/5 1144/45/5 1140/45/5
f 1138/45/6 1139/45/6 1143/45/6 1142/45/6
f 1145/45/1 1148/45/1 1147/45/1 1146/45/1
f 1149/45/2 1150/45/2 1151/45/2 1152/45/2
f 1145/45/3 1146/45/3 1150/45/3 1149/45/3
f 1148/45/4 1152/45/4 1151/45/4 1147/45/4
f 1145/45/5 1149/45/5 1152/45/5 1148/45/5
f 1146/45/6 1147/45/6 1151/45/6 1150/45/6
f 1153/54/1 1156/54/1 1155/54/1 1154/54/1
f 1157/54/2 1158/54/2 1159/54/2 1160/54/2
f 1153/54/3 1154/54/3 1158/54/3 1157/54/3
f 1156/54/4 1160/54/4 1159/54/4 1155/54/4
f 1153/54/5 1157/54/5 1160/54/5 1156/54/5
f 1154/54/6 1155/54/6 1159/54/6 1158/54/6
f 1161/54/1 1164/54/1 1163/54/1 1162/54/1
f 1165/54/2 1166/54/2 1167/54/2 1168/54/2
f 1161/54/3 1162/54/3 1166/54/3 1165/54/3
f 1164/54/4 1168/54/4 1167/54/4 1163/54/4
f 1161/54/5 1165/54/5 1168/54/5 1164/54/5
f 1162/54/6 1163/54/6 1167/54/6 1166/54/6
f 1169/45/1 1172/45/1 1171/45/1 1170/45/1
f 1173/45/2 1174/45/2 1175/45/2 1176/45/2
f 1169/45/3 1170/45/3 1174/45/3 1173/45/3
f 1172/45/4 1176/45/4 1175/45/4 1171/45/4
f 1169/45/5 1173/45/5 1176/45/5 1172/45/5
f 1170/45/6 1171/45/6 1175/45/6 1174/45/6
f 1177/45/1 1180/45/1 1179/45/1 1178/45/1
f 1181/45/2 1182/45/2 1183/45/2 1184/45/2
f 1177/45/3 1178/45/3 1182/45/3 1181/45/3
f 1180/45/4 1184/45/4 1183/45/4 1179/45/4
f 1177/45/5 1181/45/5 1184/45/5 1180/45/5
f 1178/45/6 1179/45/6 1183/45/6 1182/45/6
f 1185/54/1 1188/54/1 1187/54/1 1186/54/1
f 1189/54/2 1190/54/2 1191/54/2 1192/54/2
f 1185/54/3 1186/54/3 1190/54/3 1189/54/3
f 1188/54/4 1192/54/4 1191/54/4 1187/54/4
f 1185/54/5 1189/54/5 1192/54/5 1188/54/5
f 1186/54/6 1187/54/6 1191/54/6 1190/54/6
f 1193/54/1 1196/54/1 1195/54/1 1194/54/1
f 1197/54/2 1198/54/2 1199/54/2 1200/54/2
f 1193/54/3 1194/54/3 1198/54/3 1197/54/3
f 1196/54/4 1200/54/4 1199/54/4 1195/54/4
f 1193/54/5 1197/54/5 1200/54/5 1196/54/5
f 1194/54/6 1195/54/6 1199/54/6 1198/54/6
f 1201/45/1 1204/45/1 1203/45/1 1202/45/1
f 1205/45/2 1206/45/2 1207/45/2 1208/45/2
f 1201/45/3 1202/45/3 1206/45/3 1205/45/3
f 1204/45/4 1208/45/4 1207/45/4 1203/45/4
f 1201/45/5 1205/45/5 1208/45/5 1204/45/5
f 1202/45/6 1203/45/6 1207/45/6 1206/45/6
f 1209/45/1 1212/45/1 1211/45/1 1210/45/1
f 1213/45/2 1214/45/2 1215/45/2 1216/45/2
f 1209/45/3 1210/45/3 1214/45/3 1213/45/3
f 1212/45/4 1216/45/4 1215/45/4 1211/45/4
f 1209/45/5 1213/45/5 1216/45/5 1212/45/5
f 1210/45/6 1211/45/6 1215/45/6 1214/45/6
f 1217/54/1 1220/54/1 1219/54/1 1218/54/1
f 1221/54/2 1222/54/2 1223/54/2 1224/54/2
f 1217/54/3 1218/54/3 1222/54/3 1221/54/3
f 1220/54/4 1224/54/4 1223/54/4 1219/54/4
f 1217/54/5 1221/54/5 1224/54/5 1220/54/5
f 1218/54/6 1219/54/6 1223/54/6 1222/54/6
f 1225/54/1 1228/54/1 1227/54/1 1226/54/1
f 1229/54/2 1230/54/2 1231/54/2 1232/54/2
f 1225/54/3 1226/54/3 1230/54/3 1229/54/3
f 1228/54/4 1232/54/4 1231/54/4 1227/54/4
f 1225/54/5 1229/54/5 1232/54/5 1228/54/5
f 1226/54/6 1227/54/6 1231/54/6 1230/54/6
f 1233/54/1 1236/54/1 1235/54/1 1234/54/1
f 1237/54/2 1238/54/2 1239/54/2 1240/54/2
f 1233/54/3 1234/54/3 1238/54/3 1237/54/3
f 1236/54/4 1240/54/4 1239/54/4 1235/54/4
f 1233/54/5 1237/54/5 1240/54/5 1236/54/5
f 1234/54/6 1235/54/6 1239/54/6 1238/54/6
f 1241/54/1 1244/54/1 1243/54/1 1242/54/1
f 1245/54/2 1246/54/2 1247/54/2 1248/54/2
f 1241/54/3 1242/54/3 1246/54/3 1245/54/3
f 1244/54/4 1248/54/4 1247/54/4 1243/54/4
f 1241/54/5 1245/54/5 1248/54/5 1244/54/5
f 1242/54/6 1243/54/6 1247/54/6 1246/54/6
f 1249/30/1 1252/30/1 1251/30/1 1250/30/1
f 1253/30/2 1254/30/2 1255/30/2 1256/30/2
f 1249/30/3 1250/30/3 1254/30/3 1253/30/3
f 1252/30/4 1256/30/4 1255/30/4 1251/30/4
f 1249/30/5 1253/30/5 1256/30/5 1252/30/5
f 1250/30/6 1251/30/6 1255/30/6 1254/30/6
f 1257/30/1 1260/30/1 1259/30/1 1258/30/1
f 1261/30/2 1262/30/2 1263/30/2 1264/30/2
f 1257/30/3 1258/30/3 1262/30/3 1261/30/3
f 1260/30/4 1264/30/4 1263/30/4 1259/30/4
f 1257/30/5 1261/30/5 1264/30/5 1260/30/5
f 1258/30/6 1259/30/6 1263/30/6 1262/30/6
f 1265/39/1 1268/39/1 1267/39/1 1266/39/1
f 1269/39/2 1270/39/2 1271/39/2 1272/39/2
f 1265/39/3 1266/39/3 1270/39/3 1269/39/3
f 1268/39/4 1272/39/4 1271/39/4 1267/39/4
f 1265/39/5 1269/39/5 1272/39/5 1268/39/5
f 1266/39/6 1267/39/6 1271/39/6 1270/39/6
f 1273/39/1 1276/39/1 1275/39/1 1274/39/1
f 1277/39/2 1278/39/2 1279/39/2 1280/39/2
f 1273/39/3 1274/39/3 1278/39/3 1277/39/3
f 1276/39/4 1280/39/4 1279/39/4 1275/39/4
f 1273/39/5 1277/39/5 1280/39/5 1276/39/5
f 1274/39/6 1275/39/6 1279/39/6 1278/39/6
f 1281/39/1 1284/39/1 1283/39/1 1282/39/1
f 1285/39/2 1286/39/2 1287/39/2 1288/39/2
f 1281/39/3 1282/39/3 1286/39/3 1285/39/3
f 1284/39/4 1288/39/4 1287/39/4 1283/39/4
f 1281/39/5 1285/39/5 1288/39/5 1284/39/5
f 1282/39/6 1283/39/6 1287/39/6 1286/39/6
f 1289/39/1 1292/39/1 1291/39/1 1290/39/1
f 1293/39/2 1294/39/2 1295/39/2 1296/39/2
f 1289/39/3 1290/39/3 1294/39/3 1293/39/3
f 1292/39/4 1296/39/4 1295/39/4 1291/39/4
f 1289/39/5 1293/39/5 1296/39/5 1292/39/5
f 1290/39/6 1291/39/6 1295/39/6 1294/39/6
f 1297/30/1 1300/30/1 1299/30/1 1298/30/1
f 1301/30/2 1302/30/2 1303/30/2 1304/30/2
f 1297/30/3 1298/30/3 1302/30/3 1301/30/3
f 1300/30/4 1304/30/4 1303/30/4 1299/30/4
f 1297/30/5 1301/30/5 1304/30/5 1300/30/5
f 1298/30/6 1299/30/6 1303/30/6 1302/30/6
f 1305/30/1 1308/30/1 1307/30/1 1306/30/1
f 1309/30/2 1310/30/2 1311/30/2 1312/30/2
f 1305/30/3 1306/30/3 1310/30/3 1309/30/3
f 1308/30/4 1312/30/4 1311/30/4 1307/30/4
f 1305/30/5 1309/30/5 1312/30/5 1308/30/5
f 1306/30/6 1307/30/6 1311/30/6 1310/30/6
f 1313/45/1 1316/45/1 1315/45/1 1314/45/1
f 1317/45/2 1318/45/2 1319/45/2 1320/45/2
f 1313/45/3 1314/45/3 1318/45/3 1317/45/3
f 1316/45/4 1320/45/4 1319/45/4 1315/45/4
f 1313/45/5 1317/45/5 1320/45/5 1316/45/5
f 1314/45/6 1315/45/6 1319/45/6 1318/45/6
f 1321/45/1 1324/45/1 1323/45/1 1322/45/1
f 1325/45/2 1326/45/2 1327/45/2 1328/45/2
f 1321/45/3 1322/45/3 1326/45/3 1325/45/3
f 1324/45/4 1328/45/4 1327/45/4 1323/45/4
f 1321/45/5 1325/45/5 1328/45/5 1324/45/5
f 1322/45/6 1323/45/6 1327/45/6 1326/45/6
f 1329/54/1 1332/54/1 1331/54/1 1330/54/1
f 1333/54/2 1334/54/2 1335/54/2 1336/54/2
f 1329/54/3 1330/54/3 1334/54/3 1333/54/3
f 1332/54/4 1336/54/4 1335/54/4 1331/54/4
f 1329/54/5 1333/54/5 1336/54/5 1332/54/5
f 1330/54/6 1331/54/6 1335/54/6 1334/54/6
f 1337/54/1 1340/54/1 1339/54/1 1338/54/1
f 1341/54/2 1342/54/2 1343/54/2 1344/54/2
f 1337/54/3 1338/54/3 1342/54/3 1341/54/3
f 1340/54/4 1344/54/4 1343/54/4 1339/54/4
f 1337/54/5 1341/54/5 1344/54/5 1340/54/5
f 1338/54/6 1339/54/6 1343/54/6 1342/54/6
f 1345/45/1 1348/45/1 1347/45/1 1346/45/1
f 1349/45/2 1350/45/2 1351/45/2 1352/45/2
f 1345/45/3 1346/45/3 1350/45/3 1349/45/3
f 1348/45/4 1352/45/4 1351/45/4 1347/45/4
f 1345/45/5 1349/45/5 1352/45/5 1348/45/5
f 1346/45/6 1347/45/6 1351/45/6 1350/45/6
f 1353/45/1 1356/45/1 1355/45/1 1354/45/1
f 1357/45/2 1358/45/2 1359/45/2 1360/45/2
f 1353/45/3 1354/45/3 1358/45/3 1357/45/3
f 1356/45/4 1360/45/4 1359/45/4 1355/45/4
f 1353/45/5 1357/45/5 1360/45/5 1356/45/5
f 1354/45/6 1355/45/6 1359/45/6 1358/45/6
f 1361/54/1 1364/54/1 1363/54/1 1362/54/1
f 1365/54/2 1366/54/2 1367/54/2 1368/54/2
f 1361/54/3 1362/54/3 1366/54/3 1365/54/3
f 1364/54/4 1368/54/4 1367/54/4 1363/54/4
f 1361/54/5 1365/54/5 1368/54/5 1364/54/5
f 1362/54/6 1363/54/6 1367/54/6 1366/54/6
f 1369/54/1 1372/54/1 1371/54/1 1370/54/1
f 1373/54/2 1374/54/2 1375/54/2 1376/54/2
f 1369/54/3 1370/54/3 1374/54/3 1373/54/3
f 1372/54/4 1376/54/4 1375/54/4 1371/54/4
f 1369/54/5 1373/54/5 1376/54/5 1372/54/5
f 1370/54/6 1371/54/6 1375/54/6 1374/54/6
f 1377/45/1 1380/45/1 1379/45/1 1378/45/1
f 1381/45/2 1382/45/2 1383/45/2 1384/45/2
f 1377/45/3 1378/45/3 1382/45/3 1381/45/3
f 1380/45/4 1384/45/4 1383/45/4 1379/45/4
f 1377/45/5 1381/45/5 1384/45/5 1380/45/5
f 1378/45/6 1379/45/6 1383/45/6 1382/45/6
f 1385/45/1 1388/45/1 1387/45/1 1386/45/1
f 1389/45/2 1390/45/2 1391/45/2 1392/45/2
f 1385/45/3 1386/45/3 1390/45/3 1389/45/3
f 1388/45/4 1392/45/4 1391/45/4 1387/45/4
f 1385/45/5 1389/45/5 1392/45/5 1388/45/5
f 1386/45/6 1387/45/6 1391/45/6 1390/45/6
f 1393/54/1 1396/54/1 1395/54/1 1394/54/1
f 1397/54/2 1398/54/2 1399/54/2 1400/54/2
f 1393/54/3 1394/54/3 1398/54/3 1397/54/3
f 1396/54/4 1400/54/4 1399/54/4 1395/54/4
f 1393/54/5 1397/54/5 1400/54/5 1396/54/5
f 1394/54/6 1395/54/6 1399/54/6 1398/54/6
f 1401/54/1 1404/54/1 1403/54/1 1402/54/1
f 1405/54/2 1406/54/2 1407/54/2 1408/54/2
f 1401/54/3 1402/54/3 1406/54/3 1405/54/3
f 1404/54/4 1408/54/4 1407/54/4 1403/54/4
f 1401/54/5 1405/54/5 1408/54/5 1404/54/5
f 1402/54/6 1403/54/6 1407/54/6 1406/54/6
f 1409/54/1 1412/54/1 1411/54/1 1410/54/1
f 1413/54/2 1414/54/2 1415/54/2 1416/54/2
f 1409/54/3 1410/54/3 1414/54/3 1413/54/3
f 1412/54/4 1416/54/4 1415/54/4 1411/54/4
f 1409/54/5 1413/54/5 1416/54/5 1412/54/5
f 1410/54/6 1411/54/6 1415/54/6 1414/54/6
f 1417/54/1 1420/54/1 1419/54/1 1418/54/1
f 1421/54/2 1422/54/2 1423/54/2 1424/54/2
f 1417/54/3 1418/54/3 1422/54/3 1421/54/3
f 1420/54/4 1424/54/4 1423/54/4 1419/54/4
f 1417/54/5 1421/54/5 1424/54/5 1420/54/5
f 1418/54/6 1419/54/6 1423/54/6 1422/54/6
f 1425/30/1 1428/30/1 1427/30/1 1426/30/1
f 1429/30/2 1430/30/2 1431/30/2 1432/30/2
f 1425/30/3 1426/30/3 1430/30/3 1429/30/3
f 1428/30/4 1432/30/4 1431/30/4 1427/30/4
f 1425/30/5 1429/30/5 1432/30/5 1428/30/5
f 1426/30/6 1427/30/6 1431/30/6 1430/30/6
f 1433/30/1 1436/30/1 1435/30/1 1434/30/1
f 1437/30/2 1438/30/2 1439/30/2 1440/30/2
f 1433/30/3 1434/30/3 1438/30/3 1437/30/3
f 1436/30/4 1440/30/4 1439/30/4 1435/30/4
f 1433/30/5 1437/30/5 1440/30/5 1436/30/5
f 1434/30/6 1435/30/6 1439/30/6 1438/30/6
f 1441/39/1 1444/39/1 1443/39/1 1442/39/1
f 1445/39/2 1446/39/2 1447/39/2 1448/39/2
f 1441/39/3 1442/39/3 1446/39/3 1445/39/3
f 1444/39/4 1448/39/4 1447/39/4 1443/39/4
f 1441/39/5 1445/39/5 1448/39/5 1444/39/5
f 1442/39/6 1443/39/6 1447/39/6 1446/39/6
f 1449/39/1 1452/39/1 1451/39/1 1450/39/1
f 1453/39/2 1454/39/2 1455/39/2 1456/39/2
f 1449/39/3 1450/39/3 1454/39/3 1453/39/3
f 1452/39/4 1456/39/4 1455/39/4 1451/39/4
f 1449/39/5 1453/39/5 1456/39/5 1452/39/5
f 1450/39/6 1451/39/6 1455/39/6 1454/39/6
f 1457/39/1 1460/39/1 1459/39/1 1458/39/1
f 1461/39/2 1462/39/2 1463/39/2 1464/39/2
f 1457/39/3 1458/39/3 1462/39/3 1461/39/3
f 1460/39/4 1464/39/4 1463/39/4 1459/39/4
f 1457/39/5 1461/39/5 1464/39/5 1460/39/5
f 1458/39/6 1459/39/6 1463/39/6 1462/39/6
f 1465/39/1 1468/39/1 1467/39/1 1466/39/1
f 1469/39/2 1470/39/2 1471/39/2 1472/39/2
f 1465/39/3 1466/39/3 1470/39/3 1469/39/3
f 1468/39/4 1472/39/4 1471/39/4 1467/39/4
f 1465/39/5 1469/39/5 1472/39/5 1468/39/5
f 1466/39/6 1467/39/6 1471/39/6 1470/39/6
f 1473/30/1 1476/30/1 1475/30/1 1474/30/1
f 1477/30/2 1478/30/2 1479/30/2 1480/30/2
f 1473/30/3 1474/30/3 1478/30/3 1477/30/3
f 1476/30/4 1480/30/4 1479/30/4 1475/30/4
f 1473/30/5 1477/30/5 1480/30/5 1476/30/5
f 1474/30/6 1475/30/6 1479/30/6 1478/30/6
f 1481/30/1 1484/30/1 1483/30/1 1482/30/1
f 1485/30/2 1486/30/2 1487/30/2 1488/30/2
f 1481/30/3 1482/30/3 1486/30/3 1485/30/3
f 1484/30/4 1488/30/4 1487/30/4 1483/30/4
f 1481/30/5 1485/30/5 1488/30/5 1484/30/5
f 1482/30/6 1483/30/6 1487/30/6 1486/30/6
f 1489/45/1 1492/45/1 1491/45/1 1490/45/1
f 1493/45/2 1494/45/2 1495/45/2 1496/45/2
f 1489/45/3 1490/45/3 1494/45/3 1493/45/3
f 1492/45/4 1496/45/4 1495/45/4 1491/45/4
f 1489/45/5 1493/45/5 1496/45/5 1492/45/5
f 1490/45/6 1491/45/6 1495/45/6 1494/45/6
f 1497/45/1 1500/45/1 1499/45/1 1498/45/1
f 1501/45/2 1502/45/2 1503/45/2 1504/45/2
f 1497/45/3 1498/45/3 1502/45/3 1501/45/3
f 1500/45/4 1504/45/4 1503/45/4 1499/45/4
f 1497/45/5 1501/45/5 1504/45/5 1500/45/5
f 1498/45/6 1499/45/6 1503/45/6 1502/45/6
f 1505/54/1 1508/54/1 1507/54/1 1506/54/1
f 1509/54/2 1510/54/2 1511/54/2 1512/54/2
f 1505/54/3 1506/54/3 1510/54/3 1509/54/3
f 1508/54/4 1512/54/4 1511/54/4 1507/54/4
f 1505/54/5 1509/54/5 1512/54/5 1508/54/5
f 1506/54/6 1507/54/6 1511/54/6 1510/54/6
f 1513/54/1 1516/54/1 1515/54/1 1514/54/1
f 1517/54/2 1518/54/2 1519/54/2 1520/54/2
f 1513/54/3 1514/54/3 1518/54/3 1517/54/3
f 1516/54/4 1520/54/4 1519/54/4 1515/54/4
f 1513/54/5 1517/54/5 1520/54/5 1516/54/5
f 1514/54/6 1515/54/6 1519/54/6 1518/54/6
f 1521/45/1 1524/45/1 1523/45/1 1522/45/1
f 1525/45/2 1526/45/2 1527/45/2 1528/45/2
f 1521/45/3 1522/45/3 1526/45/3 1525/45/3
f 1524/45/4 1528/45/4 1527/45/4 1523/45/4
f 1521/45/5 1525/45/5 1528/45/5 1524/45/5
f 1522/45/6 1523/45/6 1527/45/6 1526/45/6
f 1529/45/1 1532/45/1 1531/45/1 1530/45/1
f 1533/45/2 1534/45/2 1535/45/2 1536/45/2
f 1529/45/3 1530/45/3 1534/45/3 1533/45/3
f 1532/45/4 1536/45/4 1535/45/4 1531/45/4
f 1529/45/5 1533/45/5 1536/45/5 1532/45/5
f 1530/45/6 1531/45/6 1535/45/6 1534/45/6
f 1537/54/1 1540/54/1 1539/54/1 1538/54/1
f 1541/54/2 1542/54/2 1543/54/2 1544/54/2
f 1537/54/3 1538/54/3 1542/54/3 1541/54/3
f 1540/54/4 1544/54/4 1543/54/4 1539/54/4
f 1537/54/5 1541/54/5 1544/54/5 1540/54/5
f 1538/54/6 1539/54/6 1543/54/6 1542/54/6
f 1545/54/1 1548/54/1 1547/54/1 1546/54/1
f 1549/54/2 1550/54/2 1551/54/2 1552/54/2
f 1545/54/3 1546/54/3 1550/54/3 1549/54/3
f 1548/54/4 1552/54/4 1551/54/4 1547/54/4
f 1545/54/5 1549/54/5 1552/54/5 1548/54/5
f 1546/54/6 1547/54/6 1551/54/6 1550/54/6
f 1553/45/1 1556/45/1 1555/45/1 1554/45/1
f 1557/45/2 1558/45/2 1559/45/2 1560/45/2
f 1553/45/3 1554/45/3 1558/45/3 1557/45/3
f 1556/45/4 1560/45/4 1559/45/4 1555/45/4
f 1553/45/5 1557/45/5 1560/45/5 1556/45/5
f 1554/45/6 1555/45/6 1559/45/6 1558/45/6
f 1561/45/1 1564/45/1 1563/45/1 1562/45/1
f 1565/45/2 1566/45/2 1567/45/2 1568/45/2
f 1561/45/3 1562/45/3 1566/45/3 1565/45/3
f 1564/45/4 1568/45/4 1567/45/4 1563/45/4
f 1561/45/5 1565/45/5 1568/45/5 1564/45/5
f 1562/45/6 1563/45/6 1567/45/6 1566/45/6
f 1569/54/1 1572/54/1 1571/54/1 1570/54/1
f 1573/54/2 1574/54/2 1575/54/2 1576/54/2
f 1569/54/3 1570/54/3 1574/54/3 1573/54/3
f 1572/54/4 1576/54/4 1575/54/4 1571/54/4
f 1569/54/5 1573/54/5 1576/54/5 1572/54/5
f 1570/54/6 1571/54/6 1575/54/6 1574/54/6
f 1577/54/1 1580/54/1 1579/54/1 1578/54/1
f 1581/54/2 1582/54/2 1583/54/2 1584/54/2
f 1577/54/3 1578/54/3 1582/54/3 1581/54/3
f 1580/54/4 1584/54/4 1583/54/4 1579/54/4
f 1577/54/5 1581/54/5 1584/54/5 1580/54/5
f 1578/54/6 1579/54/6 1583/54/6 1582/54/6
f 1585/54/1 1588/54/1 1587/54/1 1586/54/1
f 1589/54/2 1590/54/2 1591/54/2 1592/54/2
f 1585/54/3 1586/54/3 1590/54/3 1589/54/3
f 1588/54/4 1592/54/4 1591/54/4 1587/54/4
f 1585/54/5 1589/54/5 1592/54/5 1588/54/5
f 1586/54/6 1587/54/6 1591/54/6 1590/54/6
f 1593/54/1 1596/54/1 1595/54/1 1594/54/1
f 1597/54/2 1598/54/2 1599/54/2 1600/54/2
f 1593/54/3 1594/54/3 1598/54/3 1597/54/3
f 1596/54/4 1600/54/4 1599/54/4 1595/54/4
f 1593/54/5 1597/54/5 1600/54/5 1596/54/5
f 1594/54/6 1595/54/6 1599/54/6 1598/54/6
f 1601/30/1 1604/30/1 1603/30/1 1602/30/1
f 1605/30/2 1606/30/2 1607/30/2 1608/30/2
f 1601/30/3 1602/30/3 1606/30/3 1605/30/3
f 1604/30/4 1608/30/4 1607/30/4 1603/30/4
f 1601/30/5 1605/30/5 1608/30/5 1604/30/5
f 1602/30/6 1603/30/6 1607/30/6 1606/30/6
f 1609/30/1 1612/30/1 1611/30/1 1610/30/1
f 1613/30/2 1614/30/2 1615/30/2 1616/30/2
f 1609/30/3 1610/30/3 1614/30/3 1613/30/3
f 1612/30/4 1616/30/4 1615/30/4 1611/30/4
f 1609/30/5 1613/30/5 1616/30/5 1612/30/5
f 1610/30/6 1611/30/6 1615/30/6 1614/30/6
f 1617/39/1 1620/39/1 1619/39/1 1618/39/1
f 1621/39/2 1622/39/2 1623/39/2 1624/39/2
f 1617/39/3 1618/39/3 1622/39/3 1621/39/3
f 1620/39/4 1624/39/4 1623/39/4 1619/39/4
f 1617/39/5 1621/39/5 1624/39/5 1620/39/5
f 1618/39/6 1619/39/6 1623/39/6 1622/39/6
f 1625/39/1 1628/39/1 1627/39/1 1626/39/1
f 1629/39/2 1630/39/2 1631/39/2 1632/39/2
f 1625/39/3 1626/39/3 1630/39/3 1629/39/3
f 1628/39/4 1632/39/4 1631/39/4 1627/39/4
f 1625/39/5 1629/39/5 1632/39/5 1628/39/5
f 1626/39/6 1627/39/6 1631/39/6 1630/39/6
f 1633/39/1 1636/39/1 1635/39/1 1634/39/1
f 1637/39/2 1638/39/2 1639/39/2 1640/39/2
f 1633/39/3 1634/39/3 1638/39/3 1637/39/3
f 1636/39/4 1640/39/4 1639/39/4 1635/39/4
f 1633/39/5 1637/39/5 1640/39/5 1636/39/5
f 1634/39/6 1635/39/6 1639/39/6 1638/39/6
f 1641/30/1 1644/30/1 1643/30/1 1642/30/1
f 1645/30/2 1646/30/2 1647/30/2 1648/30/2
f 1641/30/3 1642/30/3 1646/30/3 1645/30/3
f 1644/30/4 1648/30/4 1647/30/4 1643/30/4
f 1641/30/5 1645/30/5 1648/30/5 1644/30/5
f 1642/30/6 1643/30/6 1647/30/6 1646/30/6
f 1649/52/1 1652/52/1 1651/52/1 1650/52/1
f 1653/52/2 1654/52/2 1655/52/2 1656/52/2
f 1649/52/3 1650/52/3 1654/52/3 1653/52/3
f 1652/52/4 1656/52/4 1655/52/4 1651/52/4
f 1649/52/5 1653/52/5 1656/52/5 1652/52/5
f 1650/52/6 1651/52/6 1655/52/6 1654/52/6
f 1657/52/1 1660/52/1 1659/52/1 1658/52/1
f 1661/52/2 1662/52/2 1663/52/2 1664/52/2
f 1657/52/3 1658/52/3 1662/52/3 1661/52/3
f 1660/52/4 1664/52/4 1663/52/4 1659/52/4
f 1657/52/5 1661/52/5 1664/52/5 1660/52/5
f 1658/52/6 1659/52/6 1663/52/6 1662/52/6
f 1665/31/1 1668/31/1 1667/31/1 1666/31/1
f 1669/31/2 1670/31/2 1671/31/2 1672/31/2
f 1665/31/3 1666/31/3 1670/31/3 1669/31/3
f 1668/31/4 1672/31/4 1671/31/4 1667/31/4
f 1665/31/5 1669/31/5 1672/31/5 1668/31/5
f 1666/31/6 1667/31/6 1671/31/6 1670/31/6
f 1673/55/1 1676/55/1 1675/55/1 1674/55/1
f 1677/55/2 1678/55/2 1679/55/2 1680/55/2
f 1673/55/3 1674/55/3 1678/55/3 1677/55/3
f 1676/55/4 1680/55/4 1679/55/4 1675/55/4
f 1673/55/5 1677/55/5 1680/55/5 1676/55/5
f 1674/55/6 1675/55/6 1679/55/6 1678/55/6
f 1681/31/1 1684/31/1 1683/31/1 1682/31/1
f 1685/31/2 1686/31/2 1687/31/2 1688/31/2
f 1681/31/3 1682/31/3 1686/31/3 1685/31/3
f 1684/31/4 1688/31/4 1687/31/4 1683/31/4
f 1681/31/5 1685/31/5 1688/31/5 1684/31/5
f 1682/31/6 1683/31/6 1687/31/6 1686/31/6
f 1689/55/1 1692/55/1 1691/55/1 1690/55/1
f 1693/55/2 1694/55/2 1695/55/2 1696/55/2
f 1689/55/3 1690/55/3 1694/55/3 1693/55/3
f 1692/55/4 1696/55/4 1695/55/4 1691/55/4
f 1689/55/5 1693/55/5 1696/55/5 1692/55/5
f 1690/55/6 1691/55/6 1695/55/6 1694/55/6
f 1697/31/1 1700/31/1 1699/31/1 1698/31/1
f 1701/31/2 1702/31/2 1703/31/2 1704/31/2
f 1697/31/3 1698/31/3 1702/31/3 1701/31/3
f 1700/31/4 1704/31/4 1703/31/4 1699/31/4
f 1697/31/5 1701/31/5 1704/31/5 1700/31/5
f 1698/31/6 1699/31/6 1703/31/6 1702/31/6
f 1705/52/1 1708/52/1 1707/52/1 1706/52/1
f 1709/52/2 1710/52/2 1711/52/2 1712/52/2
f 1705/52/3 1706/52/3 1710/52/3 1709/52/3
f 1708/52/4 1712/52/4 1711/52/4 1707/52/4
f 1705/52/5 1709/52/5 1712/52/5 1708/52/5
f 1706/52/6 1707/52/6 1711/52/6 1710/52/6
f 1713/31/1 1716/31/1 1715/31/1 1714/31/1
f 1717/31/2 1718/31/2 1719/31/2 1720/31/2
f 1713/31/3 1714/31/3 1718/31/3 1717/31/3
f 1716/31/4 1720/31/4 1719/31/4 1715/31/4
f 1713/31/5 1717/31/5 1720/31/5 1716/31/5
f 1714/31/6 1715/31/6 1719/31/6 1718/31/6
f 1721/55/1 1724/55/1 1723/55/1 1722/55/1
f 1725/55/2 1726/55/2 1727/55/2 1728/55/2
f 1721/55/3 1722/55/3 1726/55/3 1725/55/3
f 1724/55/4 1728/55/4 1727/55/4 1723/55/4
f 1721/55/5 1725/55/5 1728/55/5 1724/55/5
f 1722/55/6 1723/55/6 1727/55/6 1726/55/6
f 1729/31/1 1732/31/1 1731/31/1 1730/31/1
f 1733/31/2 1734/31/2 1735/31/2 1736/31/2
f 1729/31/3 1730/31/3 1734/31/3 1733/31/3
f 1732/31/4 1736/31/4 1735/31/4 1731/31/4
f 1729/31/5 1733/31/5 1736/31/5 1732/31/5
f 1730/31/6 1731/31/6 1735/31/6 1734/31/6
f 1737/55/1 1740/55/1 1739/55/1 1738/55/1
f 1741/55/2 1742/55/2 1743/55/2 1744/55/2
f 1737/55/3 1738/55/3 1742/55/3 1741/55/3
f 1740/55/4 1744/55/4 1743/55/4 1739/55/4
f 1737/55/5 1741/55/5 1744/55/5 1740/55/5
f 1738/55/6 1739/55/6 1743/55/6 1742/55/6
f 1745/31/1 1748/31/1 1747/31/1 1746/31/1
f 1749/31/2 1750/31/2 1751/31/2 1752/31/2
f 1745/31/3 1746/31/3 1750/31/3 1749/31/3
f 1748/31/4 1752/31/4 1751/31/4 1747/31/4
f 1745/31/5 1749/31/5 1752/31/5 1748/31/5
f 1746/31/6 1747/31/6 1751/31/6 1750/31/6
f 1753/52/1 1756/52/1 1755/52/1 1754/52/1
f 1757/52/2 1758/52/2 1759/52/2 1760/52/2
f 1753/52/3 1754/52/3 1758/52/3 1757/52/3
f 1756/52/4 1760/52/4 1759/52/4 1755/52/4
f 1753/52/5 1757/52/5 1760/52/5 1756/52/5
f 1754/52/6 1755/52/6 1759/52/6 1758/52/6
f 1761/52/1 1764/52/1 1763/52/1 1762/52/1
f 1765/52/2 1766/52/2 1767/52/2 1768/52/2
f 1761/52/3 1762/52/3 1766/52/3 1765/52/3
f 1764/52/4 1768/52/4 1767/52/4 1763/52/4
f 1761/52/5 1765/52/5 1768/52/5 1764/52/5
f 1762/52/6 1763/52/6 1767/52/6 1766/52/6
f 1769/30/1 1772/30/1 1771/30/1 1770/30/1
f 1773/30/2 1774/30/2 1775/30/2 1776/30/2
f 1769/30/3 1770/30/3 1774/30/3 1773/30/3
f 1772/30/4 1776/30/4 1775/30/4 1771/30/4
f 1769/30/5 1773/30/5 1776/30/5 1772/30/5
f 1770/30/6 1771/30/6 1775/30/6 1774/30/6
f 1777/39/1 1780/39/1 1779/39/1 1778/39/1
f 1781/39/2 1782/39/2 1783/39/2 1784/39/2
f 1777/39/3 1778/39/3 1782/39/3 1781/39/3
f 1780/39/4 1784/39/4 1783/39/4 1779/39/4
f 1777/39/5 1781/39/5 1784/39/5 1780/39/5
f 1778/39/6 1779/39/6 1783/39/6 1782/39/6
f 1785/39/1 1788/39/1 1787/39/1 1786/39/1
f 1789/39/2 1790/39/2 1791/39/2 1792/39/2
f 1785/39/3 1786/39/3 1790/39/3 1789/39/3
f 1788/39/4 1792/39/4 1791/39/4 1787/39/4
f 1785/39/5 1789/39/5 1792/39/5 1788/39/5
f 1786/39/6 1787/39/6 1791/39/6 1790/39/6
f 1793/39/1 1796/39/1 1795/39/1 1794/39/1
f 1797/39/2 1798/39/2 1799/39/2 1800/39/2
f 1793/39/3 1794/39/3 1798/39/3 1797/39/3
f 1796/39/4 1800/39/4 1799/39/4 1795/39/4
f 1793/39/5 1797/39/5 1800/39/5 1796/39/5
f 1794/39/6 1795/39/6 1799/39/6 1798/39/6
f 1801/30/1 1804/30/1 1803/30/1 1802/30/1
f 1805/30/2 1806/30/2 1807/30/2 1808/30/2
f 1801/30/3 1802/30/3 1806/30/3 1805/30/3
f 1804/30/4 1808/30/4 1807/30/4 1803/30/4
f 1801/30/5 1805/30/5 1808/30/5 1804/30/5
f 1802/30/6 1803/30/6 1807/30/6 1806/30/6
f 1809/30/1 1812/30/1 1811/30/1 1810/30/1
f 1813/30/2 1814/30/2 1815/30/2 1816/30/2
f 1809/30/3 1810/30/3 1814/30/3 1813/30/3
f 1812/30/4 1816/30/4 1815/30/4 1811/30/4
f 1809/30/5 1813/30/5 1816/30/5 1812/30/5
f 1810/30/6 1811/30/6 1815/30/6 1814/30/6
f 1817/52/1 1820/52/1 1819/52/1 1818/52/1
f 1821/52/2 1822/52/2 1823/52/2 1824/52/2
f 1817/52/3 1818/52/3 1822/52/3 1821/52/3
f 1820/52/4 1824/52/4 1823/52/4 1819/52/4
f 1817/52/5 1821/52/5 1824/52/5 1820/52/5
f 1818/52/6 1819/52/6 1823/52/6 1822/52/6
f 1825/52/1 1828/52/1 1827/52/1 1826/52/1
f 1829/52/2 1830/52/2 1831/52/2 1832/52/2
f 1825/52/3 1826/52/3 1830/52/3 1829/52/3
f 1828/52/4 1832/52/4 1831/52/4 1827/52/4
f 1825/52/5 1829/52/5 1832/52/5 1828/52/5
f 1826/52/6 1827/52/6 1831/52/6 1830/52/6
f 1833/52/1 1836/52/1 1835/52/1 1834/52/1
f 1837/52/2 1838/52/2 1839/52/2 1840/52/2
f 1833/52/3 1834/52/3 1838/52/3 1837/52/3
f 1836/52/4 1840/52/4 1839/52/4 1835/52/4
f 1833/52/5 1837/52/5 1840/52/5 1836/52/5
f 1834/52/6 1835/52/6 1839/52/6 1838/52/6
f 1841/52/1 1844/52/1 1843/52/1 1842/52/1
f 1845/52/2 1846/52/2 1847/52/2 1848/52/2
f 1841/52/3 1842/52/3 1846/52/3 1845/52/3
f 1844/52/4 1848/52/4 1847/52/4 1843/52/4
f 1841/52/5 1845/52/5 1848/52/5 1844/52/5
f 1842/52/6 1843/52/6 1847/52/6 1846/52/6
f 1849/52/1 1852/52/1 1851/52/1 1850/52/1
f 1853/52/2 1854/52/2 1855/52/2 1856/52/2
f 1849/52/3 1850/52/3 1854/52/3 1853/52/3
f 1852/52/4 1856/52/4 1855/52/4 1851/52/4
f 1849/52/5 1853/52/5 1856/52/5 1852/52/5
f 1850/52/6 1851/52/6 1855/52/6 1854/52/6
f 1857/52/1 1860/52/1 1859/52/1 1858/52/1
f 1861/52/2 1862/52/2 1863/52/2 1864/52/2
f 1857/52/3 1858/52/3 1862/52/3 1861/52/3
f 1860/52/4 1864/52/4 1863/52/4 1859/52/4
f 1857/52/5 1861/52/5 1864/52/5 1860/52/5
f 1858/52/6 1859/52/6 1863/52/6 1862/52/6
f 1865/52/1 1868/52/1 1867/52/1 1866/52/1
f 1869/52/2 1870/52/2 1871/52/2 1872/52/2
f 1865/52/3 1866/52/3 1870/52/3 1869/52/3
f 1868/52/4 1872/52/4 1871/52/4 1867/52/4
f 1865/52/5 1869/52/5 1872/52/5 1868/52/5
f 1866/52/6 1867/52/6 1871/52/6 1870/52/6
f 1873/52/1 1876/52/1 1875/52/1 1874/52/1
f 1877/52/2 1878/52/2 1879/52/2 1880/52/2
f 1873/52/3 1874/52/3 1878/52/3 1877/52/3
f 1876/52/4 1880/52/4 1879/52/4 1875/52/4
f 1873/52/5 1877/52/5 1880/52/5 1876/52/5
f 1874/52/6 1875/52/6 1879/52/6 1878/52/6
f 1881/52/1 1884/52/1 1883/52/1 1882/52/1
f 1885/52/2 1886/52/2 1887/52/2 1888/52/2
f 1881/52/3 1882/52/3 1886/52/3 1885/52/3
f 1884/52/4 1888/52/4 1887/52/4 1883/52/4
f 1881/52/5 1885/52/5 1888/52/5 1884/52/5
f 1882/52/6 1883/52/6 1887/52/6 1886/52/6
f 1889/52/1 1892/52/1 1891/52/1 1890/52/1
f 1893/52/2 1894/52/2 1895/52/2 1896/52/2
f 1889/52/3 1890/52/3 1894/52/3 1893/52/3
f 1892/52/4 1896/52/4 1895/52/4 1891/52/4
f 1889/52/5 1893/52/5 1896/52/5 1892/52/5
f 1890/52/6 1891/52/6 1895/52/6 1894/52/6
f 1897/52/1 1900/52/1 1899/52/1 1898/52/1
f 1901/52/2 1902/52/2 1903/52/2 1904/52/2
f 1897/52/3 1898/52/3 1902/52/3 1901/52/3
f 1900/52/4 1904/52/4 1903/52/4 1899/52/4
f 1897/52/5 1901/52/5 1904/52/5 1900/52/5
f 1898/52/6 1899/52/6 1903/52/6 1902/52/6
f 1905/52/1 1908/52/1 1907/52/1 1906/52/1
f 1909/52/2 1910/52/2 1911/52/2 1912/52/2
f 1905/52/3 1906/52/3 1910/52/3 1909/52/3
f 1908/52/4 1912/52/4 1911/52/4 1907/52/4
f 1905/52/5 1909/52/5 1912/52/5 1908/52/5
f 1906/52/6 1907/52/6 1911/52/6 1910/52/6
f 1913/52/1 1916/52/1 1915/52/1 1914/52/1
f 1917/52/2 1918/52/2 1919/52/2 1920/52/2
f 1913/52/3 1914/52/3 1918/52/3 1917/52/3
f 1916/52/4 1920/52/4 1919/52/4 1915/52/4
f 1913/52/5 1917/52/5 1920/52/5 1916/52/5
f 1914/52/6 1915/52/6 1919/52/6 1918/52/6
f 1921/52/1 1924/52/1 1923/52/1 1922/52/1
f 1925/52/2 1926/52/2 1927/52/2 1928/52/2
f 1921/52/3 1922/52/3 1926/52/3 1925/52/3
f 1924/52/4 1928/52/4 1927/52/4 1923/52/4
f 1921/52/5 1925/52/5 1928/52/5 1924/52/5
f 1922/52/6 1923/52/6 1927/52/6 1926/52/6
f 1929/52/1 1932/52/1 1931/52/1 1930/52/1
f 1933/52/2 1934/52/2 1935/52/2 1936/52/2
f 1929/52/3 1930/52/3 1934/52/3 1933/52/3
f 1932/52/4 1936/52/4 1935/52/4 1931/52/4
f 1929/52/5 1933/52/5 1936/52/5 1932/52/5
f 1930/52/6 1931/52/6 1935/52/6 1934/52/6
f 1937/52/1 1940/52/1 1939/52/1 1938/52/1
f 1941/52/2 1942/52/2 1943/52/2 1944/52/2
f 1937/52/3 1938/52/3 1942/52/3 1941/52/3
f 1940/52/4 1944/52/4 1943/52/4 1939/52/4
f 1937/52/5 1941/52/5 1944/52/5 1940/52/5
f 1938/52/6 1939/52/6 1943/52/6 1942/52/6
f 1945/52/1 1948/52/1 1947/52/1 1946/52/1
f 1949/52/2 1950/52/2 1951/52/2 1952/52/2
f 1945/52/3 1946/52/3 1950/52/3 1949/52/3
f 1948/52/4 1952/52/4 1951/52/4 1947/52/4
f 1945/52/5 1949/52/5 1952/52/5 1948/52/5
f 1946/52/6 1947/52/6 1951/52/6 1950/52/6
f 1953/52/1 1956/52/1 1955/52/1 1954/52/1
f 1957/52/2 1958/52/2 1959/52/2 1960/52/2
f 1953/52/3 1954/52/3 1958/52/3 1957/52/3
f 1956/52/4 1960/52/4 1959/52/4 1955/52/4
f 1953/52/5 1957/52/5 1960/52/5 1956/52/5
f 1954/52/6 1955/52/6 1959/52/6 1958/52/6
f 1961/52/1 1964/52/1 1963/52/1 1962/52/1
f 1965/52/2 1966/52/2 1967/52/2 1968/52/2
f 1961/52/3 1962/52/3 1966/52/3 1965/52/3
f 1964/52/4 1968/52/4 1967/52/4 1963/52/4
f 1961/52/5 1965/52/5 1968/52/5 1964/52/5
f 1962/52/6 1963/52/6 1967/52/6 1966/52/6
f 1969/52/1 1972/52/1 1971/52/1 1970/52/1
f 1973/52/2 1974/52/2 1975/52/2 1976/52/2
f 1969/52/3 1970/52/3 1974/52/3 1973/52/3
f 1972/52/4 1976/52/4 1975/52/4 1971/52/4
f 1969/52/5 1973/52/5 1976/52/5 1972/52/5
f 1970/52/6 1971/52/6 1975/52/6 1974/52/6
f 1977/30/1 1980/30/1 1979/30/1 1978/30/1
f 1981/30/2 1982/30/2 1983/30/2 1984/30/2
f 1977/30/3 1978/30/3 1982/30/3 1981/30/3
f 1980/30/4 1984/30/4 1983/30/4 1979/30/4
f 1977/30/5 1981/30/5 1984/30/5 1980/30/5
f 1978/30/6 1979/30/6 1983/30/6 1982/30/6
f 1985/30/1 1988/30/1 1987/30/1 1986/30/1
f 1989/30/2 1990/30/2 1991/30/2 1992/30/2
f 1985/30/3 1986/30/3 1990/30/3 1989/30/3
f 1988/30/4 1992/30/4 1991/30/4 1987/30/4
f 1985/30/5 1989/30/5 1992/30/5 1988/30/5
f 1986/30/6 1987/30/6 1991/30/6 1990/30/6
f 1993/39/1 1996/39/1 1995/39/1 1994/39/1
f 1997/39/2 1998/39/2 1999/39/2 2000/39/2
f 1993/39/3 1994/39/3 1998/39/3 1997/39/3
f 1996/39/4 2000/39/4 1999/39/4 1995/39/4
f 1993/39/5 1997/39/5 2000/39/5 1996/39/5
f 1994/39/6 1995/39/6 1999/39/6 1998/39/6
f 2001/39/1 2004/39/1 2003/39/1 2002/39/1
f 2005/39/2 2006/39/2 2007/39/2 2008/39/2
f 2001/39/3 2002/39/3 2006/39/3 2005/39/3
f 2004/39/4 2008/39/4 2007/39/4 2003/39/4
f 2001/39/5 2005/39/5 2008/39/5 2004/39/5
f 2002/39/6 2003/39/6 2007/39/6 2006/39/6
f 2009/57/1 2012/57/1 2011/57/1 2010/57/1
f 2013/57/2 2014/57/2 2015/57/2 2016/57/2
f 2009/57/3 2010/57/3 2014/57/3 2013/57/3
f 2012/57/4 2016/57/4 2015/57/4 2011/57/4
f 2009/57/5 2013/57/5 2016/57/5 2012/57/5
f 2010/57/6 2011/57/6 2015/57/6 2014/57/6
f 2017/57/1 2020/57/1 2019/57/1 2018/57/1
f 2021/57/2 2022/57/2 2023/57/2 2024/57/2
f 2017/57/3 2018/57/3 2022/57/3 2021/57/3
f 2020/57/4 2024/57/4 2023/57/4 2019/57/4
f 2017/57/5 2021/57/5 2024/57/5 2020/57/5
f 2018/57/6 2019/57/6 2023/57/6 2022/57/6
f 2025/57/1 2028/57/1 2027/57/1 2026/57/1
f 2029/57/2 2030/57/2 2031/57/2 2032/57/2
f 2025/57/3 2026/57/3 2030/57/3 2029/57/3
f 2028/57/4 2032/57/4 2031/57/4 2027/57/4
f 2025/57/5 2029/57/5 2032/57/5 2028/57/5
f 2026/57/6 2027/57/6 2031/57/6 2030/57/6
f 2033/57/1 2036/57/1 2035/57/1 2034/57/1
f 2037/57/2 2038/57/2 2039/57/2 2040/57/2
f 2033/57/3 2034/57/3 2038/57/3 2037/57/3
f 2036/57/4 2040/57/4 2039/57/4 2035/57/4
f 2033/57/5 2037/57/5 2040/57/5 2036/57/5
f 2034/57/6 2035/57/6 2039/57/6 2038/57/6
f 2041/57/1 2044/57/1 2043/57/1 2042/57/1
f 2045/57/2 2046/57/2 2047/57/2 2048/57/2
f 2041/57/3 2042/57/3 2046/57/3 2045/57/3
f 2044/57/4 2048/57/4 2047/57/4 2043/57/4
f 2041/57/5 2045/57/5 2048/57/5 2044/57/5
f 2042/57/6 2043/57/6 2047/57/6 2046/57/6
f 2049/57/1 2052/57/1 2051/57/1 2050/57/1
f 2053/57/2 2054/57/2 2055/57/2 2056/57/2
f 2049/57/3 2050/57/3 2054/57/3 2053/57/3
f 2052/57/4 2056/57/4 2055/57/4 2051/57/4
f 2049/57/5 2053/57/5 2056/57/5 2052/57/5
f 2050/57/6 2051/57/6 2055/57/6 2054/57/6
f 2057/57/1 2060/57/1 2059/57/1 2058/57/1
f 2061/57/2 2062/57/2 2063/57/2 2064/57/2
f 2057/57/3 2058/57/3 2062/57/3 2061/57/3
f 2060/57/4 2064/57/4 2063/57/4 2059/57/4
f 2057/57/5 2061/57/5 2064/57/5 2060/57/5
f 2058/57/6 2059/57/6 2063/57/6 2062/57/6
f 2065/57/1 2068/57/1 2067/57/1 2066/57/1
f 2069/57/2 2070/57/2 2071/57/2 2072/57/2
f 2065/57/3 2066/57/3 2070/57/3 2069/57/3
f 2068/57/4 2072/57/4 2071/57/4 2067/57/4
f 2065/57/5 2069/57/5 2072/57/5 2068/57/5
f 2066/57/6 2067/57/6 2071/57/6 2070/57/6
f 2073/57/1 2076/57/1 2075/57/1 2074/57/1
f 2077/57/2 2078/57/2 2079/57/2 2080/57/2
f 2073/57/3 2074/57/3 2078/57/3 2077/57/3
f 2076/57/4 2080/57/4 2079/57/4 2075/57/4
f 2073/57/5 2077/57/5 2080/57/5 2076/57/5
f 2074/57/6 2075/57/6 2079/57/6 2078/57/6
f 2081/57/1 2084/57/1 2083/57/1 2082/57/1
f 2085/57/2 2086/57/2 2087/57/2 2088/57/2
f 2081/57/3 2082/57/3 2086/57/3 2085/57/3
f 2084/57/4 2088/57/4 2087/57/4 2083/57/4
f 2081/57/5 2085/57/5 2088/57/5 2084/57/5
f 2082/57/6 2083/57/6 2087/57/6 2086/57/6
f 2089/58/1 2092/58/1 2091/58/1 2090/58/1
f 2093/58/2 2094/58/2 2095/58/2 2096/58/2
f 2089/58/3 2090/58/3 2094/58/3 2093/58/3
f 2092/58/4 2096/58/4 2095/58/4 2091/58/4
f 2089/58/5 2093/58/5 2096/58/5 2092/58/5
f 2090/58/6 2091/58/6 2095/58/6 2094/58/6
f 2097/58/1 2100/58/1 2099/58/1 2098/58/1
f 2101/58/2 2102/58/2 2103/58/2 2104/58/2
f 2097/58/3 2098/58/3 2102/58/3 2101/58/3
f 2100/58/4 2104/58/4 2103/58/4 2099/58/4
f 2097/58/5 2101/58/5 2104/58/5 2100/58/5
f 2098/58/6 2099/58/6 2103/58/6 2102/58/6
f 2105/58/1 2108/58/1 2107/58/1 2106/58/1
f 2109/58/2 2110/58/2 2111/58/2 2112/58/2
f 2105/58/3 2106/58/3 2110/58/3 2109/58/3
f 2108/58/4 2112/58/4 2111/58/4 2107/58/4
f 2105/58/5 2109/58/5 2112/58/5 2108/58/5
f 2106/58/6 2107/58/6 2111/58/6 2110/58/6
f 2113/58/1 2116/58/1 2115/58/1 2114/58/1
f 2117/58/2 2118/58/2 2119/58/2 2120/58/2
f 2113/58/3 2114/58/3 2118/58/3 2117/58/3
f 2116/58/4 2120/58/4 2119/58/4 2115/58/4
f 2113/58/5 2117/58/5 2120/58/5 2116/58/5
f 2114/58/6 2115/58/6 2119/58/6 2118/58/6
f 2121/58/1 2124/58/1 2123/58/1 2122/58/1
f 2125/58/2 2126/58/2 2127/58/2 2128/58/2
f 2121/58/3 2122/58/3 2126/58/3 2125/58/3
f 2124/58/4 2128/58/4 2127/58/4 2123/58/4
f 2121/58/5 2125/58/5 2128/58/5 2124/58/5
f 2122/58/6 2123/58/6 2127/58/6 2126/58/6
f 2129/58/1 2132/58/1 2131/58/1 2130/58/1
f 2133/58/2 2134/58/2 2135/58/2 2136/58/2
f 2129/58/3 2130/58/3 2134/58/3 2133/58/3
f 2132/58/4 2136/58/4 2135/58/4 2131/58/4
f 2129/58/5 2133/58/5 2136/58/5 2132/58/5
f 2130/58/6 2131/58/6 2135/58/6 2134/58/6
f 2137/58/1 2140/58/1 2139/58/1 2138/58/1
f 2141/58/2 2142/58/2 2143/58/2 2144/58/2
f 2137/58/3 2138/58/3 2142/58/3 2141/58/3
f 2140/58/4 2144/58/4 2143/58/4 2139/58/4
f 2137/58/5 2141/58/5 2144/58/5 2140/58/5
f 2138/58/6 2139/58/6 2143/58/6 2142/58/6
f 2145/58/1 2148/58/1 2147/58/1 2146/58/1
f 2149/58/2 2150/58/2 2151/58/2 2152/58/2
f 2145/58/3 2146/58/3 2150/58/3 2149/58/3
f 2148/58/4 2152/58/4 2151/58/4 2147/58/4
f 2145/58/5 2149/58/5 2152/58/5 2148/58/5
f 2146/58/6 2147/58/6 2151/58/6 2150/58/6
f 2153/58/1 2156/58/1 2155/58/1 2154/58/1
f 2157/58/2 2158/58/2 2159/58/2 2160/58/2
f 2153/58/3 2154/58/3 2158/58/3 2157/58/3
f 2156/58/4 2160/58/4 2159/58/4 2155/58/4
f 2153/58/5 2157/58/5 2160/58/5 2156/58/5
f 2154/58/6 2155/58/6 2159/58/6 2158/58/6
f 2161/58/1 2164/58/1 2163/58/1 2162/58/1
f 2165/58/2 2166/58/2 2167/58/2 2168/58/2
f 2161/58/3 2162/58/3 2166/58/3 2165/58/3
f 2164/58/4 2168/58/4 2167/58/4 2163/58/4
f 2161/58/5 2165/58/5 2168/58/5 2164/58/5
f 2162/58/6 2163/58/6 2167/58/6 2166/58/6
f 2169/59/1 2172/59/1 2171/59/1 2170/59/1
f 2173/59/2 2174/59/2 2175/59/2 2176/59/2
f 2169/59/3 2170/59/3 2174/59/3 2173/59/3
f 2172/59/4 2176/59/4 2175/59/4 2171/59/4
f 2169/59/5 2173/59/5 2176/59/5 2172/59/5
f 2170/59/6 2171/59/6 2175/59/6 2174/59/6
f 2177/59/1 2180/59/1 2179/59/1 2178/59/1
f 2181/59/2 2182/59/2 2183/59/2 2184/59/2
f 2177/59/3 2178/59/3 2182/59/3 2181/59/3
f 2180/59/4 2184/59/4 2183/59/4 2179/59/4
f 2177/59/5 2181/59/5 2184/59/5 2180/59/5
f 2178/59/6 2179/59/6 2183/59/6 2182/59/6
f 2185/59/1 2188/59/1 2187/59/1 2186/59/1
f 2189/59/2 2190/59/2 2191/59/2 2192/59/2
f 2185/59/3 2186/59/3 2190/59/3 2189/59/3
f 2188/59/4 2192/59/4 2191/59/4 2187/59/4
f 2185/59/5 2189/59/5 2192/59/5 2188/59/5
f 2186/59/6 2187/59/6 2191/59/6 2190/59/6
f 2193/59/1 2196/59/1 2195/59/1 2194/59/1
f 2197/59/2 2198/59/2 2199/59/2 2200/59/2
f 2193/59/3 2194/59/3 2198/59/3 2197/59/3
f 2196/59/4 2200/59/4 2199/59/4 2195/59/4
f 2193/59/5 2197/59/5 2200/59/5 2196/59/5
f 2194/59/6 2195/59/6 2199/59/6 2198/59/6
f 2201/59/1 2204/59/1 2203/59/1 2202/59/1
f 2205/59/2 2206/59/2 2207/59/2 2208/59/2
f 2201/59/3 2202/59/3 2206/59/3 2205/59/3
f 2204/59/4 2208/59/4 2207/59/4 2203/59/4
f 2201/59/5 2205/59/5 2208/59/5 2204/59/5
f 2202/59/6 2203/59/6 2207/59/6 2206/59/6
f 2209/59/1 2212/59/1 2211/59/1 2210/59/1
f 2213/59/2 2214/59/2 2215/59/2 2216/59/2
f 2209/59/3 2210/59/3 2214/59/3 2213/59/3
f 2212/59/4 2216/59/4 2215/59/4 2211/59/4
f 2209/59/5 2213/59/5 2216/59/5 2212/59/5
f 2210/59/6 2211/59/6 2215/59/6 2214/59/6
f 2217/59/1 2220/59/1 2219/59/1 2218/59/1
f 2221/59/2 2222/59/2 2223/59/2 2224/59/2
f 2217/59/3 2218/59/3 2222/59/3 2221/59/3
f 2220/59/4 2224/59/4 2223/59/4 2219/59/4
f 2217/59/5 2221/59/5 2224/59/5 2220/59/5
f 2218/59/6 2219/59/6 2223/59/6 2222/59/6
f 2225/59/1 2228/59/1 2227/59/1 2226/59/1
f 2229/59/2 2230/59/2 2231/59/2 2232/59/2
f 2225/59/3 2226/59/3 2230/59/3 2229/59/3
f 2228/59/4 2232/59/4 2231/59/4 2227/59/4
f 2225/59/5 2229/59/5 2232/59/5 2228/59/5
f 2226/59/6 2227/59/6 2231/59/6 2230/59/6
f 2233/59/1 2236/59/1 2235/59/1 2234/59/1
f 2237/59/2 2238/59/2 2239/59/2 2240/59/2
f 2233/59/3 2234/59/3 2238/59/3 2237/59/3
f 2236/59/4 2240/59/4 2239/59/4 2235/59/4
f 2233/59/5 2237/59/5 2240/59/5 2236/59/5
f 2234/59/6 2235/59/6 2239/59/6 2238/59/6
f 2241/59/1 2244/59/1 2243/59/1 2242/59/1
f 2245/59/2 2246/59/2 2247/59/2 2248/59/2
f 2241/59/3 2242/59/3 2246/59/3 2245/59/3
f 2244/59/4 2248/59/4 2247/59/4 2243/59/4
f 2241/59/5 2245/59/5 2248/59/5 2244/59/5
f 2242/59/6 2243/59/6 2247/59/6 2246/59/6
f 2249/61/1 2252/61/1 2251/61/1 2250/61/1
f 2253/61/2 2254/61/2 2255/61/2 2256/61/2
f 2249/61/3 2250/61/3 2254/61/3 2253/61/3
f 2252/61/4 2256/61/4 2255/61/4 2251/61/4
f 2249/61/5 2253/61/5 2256/61/5 2252/61/5
f 2250/61/6 2251/61/6 2255/61/6 2254/61/6
f 2257/61/1 2260/61/1 2259/61/1 2258/61/1
f 2261/61/2 2262/61/2 2263/61/2 2264/61/2
f 2257/61/3 2258/61/3 2262/61/3 2261/61/3
f 2260/61/4 2264/61/4 2263/61/4 2259/61/4
f 2257/61/5 2261/61/5 2264/61/5 2260/61/5
f 2258/61/6 2259/61/6 2263/61/6 2262/61/6
f 2265/61/1 2268/61/1 2267/61/1 2266/61/1
f 2269/61/2 2270/61/2 2271/61/2 2272/61/2
f 2265/61/3 2266/61/3 2270/61/3 2269/61/3
f 2268/61/4 2272/61/4 2271/61/4 2267/61/4
f 2265/61/5 2269/61/5 2272/61/5 2268/61/5
f 2266/61/6 2267/61/6 2271/61/6 2270/61/6
f 2273/61/1 2276/61/1 2275/61/1 2274/61/1
f 2277/61/2 2278/61/2 2279/61/2 2280/61/2
f 2273/61/3 2274/61/3 2278/61/3 2277/61/3
f 2276/61/4 2280/61/4 2279/61/4 2275/61/4
f 2273/61/5 2277/61/5 2280/61/5 2276/61/5
f 2274/61/6 2275/61/6 2279/61/6 2278/61/6
f 2281/61/1 2284/61/1 2283/61/1 2282/61/1
f 2285/61/2 2286/61/2 2287/61/2 2288/61/2
f 2281/61/3 2282/61/3 2286/61/3 2285/61/3
f 2284/61/4 2288/61/4 2287/61/4 2283/61/4
f 2281/61/5 2285/61/5 2288/61/5 2284/61/5
f 2282/61/6 2283/61/6 2287/61/6 2286/61/6
f 2289/61/1 2292/61/1 2291/61/1 2290/61/1
f 2293/61/2 2294/61/2 2295/61/2 2296/61/2
f 2289/61/3 2290/61/3 2294/61/3 2293/61/3
f 2292/61/4 2296/61/4 2295/61/4 2291/61/4
f 2289/61/5 2293/61/5 2296/61/5 2292/61/5
f 2290/61/6 2291/61/6 2295/61/6 2294/61/6
f 2297/61/1 2300/61/1 2299/61/1 2298/61/1
f 2301/61/2 2302/61/2 2303/61/2 2304/61/2
f 2297/61/3 2298/61/3 2302/61/3 2301/61/3
f 2300/61/4 2304/61/4 2303/61/4 2299/61/4
f 2297/61/5 2301/61/5 2304/61/5 2300/61/5
f 2298/61/6 2299/61/6 2303/61/6 2302/61/6
f 2305/61/1 2308/61/1 2307/61/1 2306/61/1
f 2309/61/2 2310/61/2 2311/61/2 2312/61/2
f 2305/61/3 2306/61/3 2310/61/3 2309/61/3
f 2308/61/4 2312/61/4 2311/61/4 2307/61/4
f 2305/61/5 2309/61/5 2312/61/5 2308/61/5
f 2306/61/6 2307/61/6 2311/61/6 2310/61/6
f 2313/61/1 2316/61/1 2315/61/1 2314/61/1
f 2317/61/2 2318/61/2 2319/61/2 2320/61/2
f 2313/61/3 2314/61/3 2318/61/3 2317/61/3
f 2316/61/4 2320/61/4 2319/61/4 2315/61/4
f 2313/61/5 2317/61/5 2320/61/5 2316/61/5
f 2314/61/6 2315/61/6 2319/61/6 2318/61/6
f 2321/61/1 2324/61/1 2323/61/1 2322/61/1
f 2325/61/2 2326/61/2 2327/61/2 2328/61/2
f 2321/61/3 2322/61/3 2326/61/3 2325/61/3
f 2324/61/4 2328/61/4 2327/61/4 2323/61/4
f 2321/61/5 2325/61/5 2328/61/5 2324/61/5
f 2322/61/6 2323/61/6 2327/61/6 2326/61/6
f 2329/62/1 2332/62/1 2331/62/1 2330/62/1
f 2333/62/2 2334/62/2 2335/62/2 2336/62/2
f 2329/62/3 2330/62/3 2334/62/3 2333/62/3
f 2332/62/4 2336/62/4 2335/62/4 2331/62/4
f 2329/62/5 2333/62/5 2336/62/5 2332/62/5
f 2330/62/6 2331/62/6 2335/62/6 2334/62/6
f 2337/62/1 2340/62/1 2339/62/1 2338/62/1
f 2341/62/2 2342/62/2 2343/62/2 2344/62/2
f 2337/62/3 2338/62/3 2342/62/3 2341/62/3
f 2340/62/4 2344/62/4 2343/62/4 2339/62/4
f 2337/62/5 2341/62/5 2344/62/5 2340/62/5
f 2338/62/6 2339/62/6 2343/62/6 2342/62/6
f 2345/62/1 2348/62/1 2347/62/1 2346/62/1
f 2349/62/2 2350/62/2 2351/62/2 2352/62/2
f 2345/62/3 2346/62/3 2350/62/3 2349/62/3
f 2348/62/4 2352/62/4 2351/62/4 2347/62/4
f 2345/62/5 2349/62/5 2352/62/5 2348/62/5
f 2346/62/6 2347/62/6 2351/62/6 2350/62/6
f 2353/62/1 2356/62/1 2355/62/1 2354/62/1
f 2357/62/2 2358/62/2 2359/62/2 2360/62/2
f 2353/62/3 2354/62/3 2358/62/3 2357/62/3
f 2356/62/4 2360/62/4 2359/62/4 2355/62/4
f 2353/62/5 2357/62/5 2360/62/5 2356/62/5
f 2354/62/6 2355/62/6 2359/62/6 2358/62/6
f 2361/62/1 2364/62/1 2363/62/1 2362/62/1
f 2365/62/2 2366/62/2 2367/62/2 2368/62/2
f 2361/62/3 2362/62/3 2366/62/3 2365/62/3
f 2364/62/4 2368/62/4 2367/62/4 2363/62/4
f 2361/62/5 2365/62/5 2368/62/5 2364/62/5
f 2362/62/6 2363/62/6 2367/62/6 2366/62/6
f 2369/62/1 2372/62/1 2371/62/1 2370/62/1
f 2373/62/2 2374/62/2 2375/62/2 2376/62/2
f 2369/62/3 2370/62/3 2374/62/3 2373/62/3
f 2372/62/4 2376/62/4 2375/62/4 2371/62/4
f 2369/62/5 2373/62/5 2376/62/5 2372/62/5
f 2370/62/6 2371/62/6 2375/62/6 2374/62/6
f 2377/62/1 2380/62/1 2379/62/1 2378/62/1
f 2381/62/2 2382/62/2 2383/62/2 2384/62/2
f 2377/62/3 2378/62/3 2382/62/3 2381/62/3
f 2380/62/4 2384/62/4 2383/62/4 2379/62/4
f 2377/62/5 2381/62/5 2384/62/5 2380/62/5
f 2378/62/6 2379/62/6 2383/62/6 2382/62/6
f 2385/62/1 2388/62/1 2387/62/1 2386/62/1
f 2389/62/2 2390/62/2 2391/62/2 2392/62/2
f 2385/62/3 2386/62/3 2390/62/3 2389/62/3
f 2388/62/4 2392/62/4 2391/62/4 2387/62/4
f 2385/62/5 2389/62/5 2392/62/5 2388/62/5
f 2386/62/6 2387/62/6 2391/62/6 2390/62/6
f 2393/62/1 2396/62/1 2395/62/1 2394/62/1
f 2397/62/2 2398/62/2 2399/62/2 2400/62/2
f 2393/62/3 2394/62/3 2398/62/3 2397/62/3
f 2396/62/4 2400/62/4 2399/62/4 2395/62/4
f 2393/62/5 2397/62/5 2400/62/5 2396/62/5
f 2394/62/6 2395/62/6 2399/62/6 2398/62/6
f 2401/62/1 2404/62/1 2403/62/1 2402/62/1
f 2405/62/2 2406/62/2 2407/62/2 2408/62/2
f 2401/62/3 2402/62/3 2406/62/3 2405/62/3
f 2404/62/4 2408/62/4 2407/62/4 2403/62/4
f 2401/62/5 2405/62/5 2408/62/5 2404/62/5
f 2402/62/6 2403/62/6 2407/62/6 2406/62/6
f 2409/1/1 2412/1/1 2411/1/1 2410/1/1
f 2413/1/2 2414/1/2 2415/1/2 2416/1/2
f 2409/1/3 2410/1/3 2414/1/3 2413/1/3
f 2412/1/4 2416/1/4 2415/1/4 2411/1/4
f 2409/1/5 2413/1/5 2416/1/5 2412/1/5
f 2410/1/6 2411/1/6 2415/1/6 2414/1/6
f 2417/1/1 2420/1/1 2419/1/1 2418/1/1
f 2421/1/2 2422/1/2 2423/1/2 2424/1/2
f 2417/1/3 2418/1/3 2422/1/3 2421/1/3
f 2420/1/4 2424/1/4 2423/1/4 2419/1/4
f 2417/1/5 2421/1/5 2424/1/5 2420/1/5
f 2418/1/6 2419/1/6 2423/1/6 2422/1/6
f 2425/1/1 2428/1/1 2427/1/1 2426/1/1
f 2429/1/2 2430/1/2 2431/1/2 2432/1/2
f 2425/1/3 2426/1/3 2430/1/3 2429/1/3
f 2428/1/4 2432/1/4 2431/1/4 2427/1/4
f 2425/1/5 2429/1/5 2432/1/5 2428/1/5
f 2426/1/6 2427/1/6 2431/1/6 2430/1/6
f 2433/1/1 2436/1/1 2435/1/1 2434/1/1
f 2437/1/2 2438/1/2 2439/1/2 2440/1/2
f 2433/1/3 2434/1/3 2438/1/3 2437/1/3
f 2436/1/4 2440/1/4 2439/1/4 2435/1/4
f 2433/1/5 2437/1/5 2440/1/5 2436/1/5
f 2434/1/6 2435/1/6 2439/1/6 2438/1/6
f 2441/52/1 2444/52/1 2443/52/1 2442/52/1
f 2445/52/2 2446/52/2 2447/52/2 2448/52/2
f 2441/52/3 2442/52/3 2446/52/3 2445/52/3
f 2444/52/4 2448/52/4 2447/52/4 2443/52/4
f 2441/52/5 2445/52/5 2448/52/5 2444/52/5
f 2442/52/6 2443/52/6 2447/52/6 2446/52/6
f 2449/52/1 2452/52/1 2451/52/1 2450/52/1
f 2453/52/2 2454/52/2 2455/52/2 2456/52/2
f 2449/52/3 2450/52/3 2454/52/3 2453/52/3
f 2452/52/4 2456/52/4 2455/52/4 2451/52/4
f 2449/52/5 2453/52/5 2456/52/5 2452/52/5
f 2450/52/6 2451/52/6 2455/52/6 2454/52/6
f 2457/1/1 2460/1/1 2459/1/1 2458/1/1
f 2461/1/2 2462/1/2 2463/1/2 2464/1/2
f 2457/1/3 2458/1/3 2462/1/3 2461/1/3
f 2460/1/4 2464/1/4 2463/1/4 2459/1/4
f 2457/1/5 2461/1/5 2464/1/5 2460/1/5
f 2458/1/6 2459/1/6 2463/1/6 2462/1/6
f 2465/1/1 2468/1/1 2467/1/1 2466/1/1
f 2469/1/2 2470/1/2 2471/1/2 2472/1/2
f 2465/1/3 2466/1/3 2470/1/3 2469/1/3
f 2468/1/4 2472/1/4 2471/1/4 2467/1/4
f 2465/1/5 2469/1/5 2472/1/5 2468/1/5
f 2466/1/6 2467/1/6 2471/1/6 2470/1/6
f 2473/52/1 2476/52/1 2475/52/1 2474/52/1
f 2477/52/2 2478/52/2 2479/52/2 2480/52/2
f 2473/52/3 2474/52/3 2478/52/3 2477/52/3
f 2476/52/4 2480/52/4 2479/52/4 2475/52/4
f 2473/52/5 2477/52/5 2480/52/5 2476/52/5
f 2474/52/6 2475/52/6 2479/52/6 2478/52/6
f 2481/52/1 2484/52/1 2483/52/1 2482/52/1
f 2485/52/2 2486/52/2 2487/52/2 2488/52/2
f 2481/52/3 2482/52/3 2486/52/3 2485/52/3
f 2484/52/4 2488/52/4 2487/52/4 2483/52/4
f 2481/52/5 2485/52/5 2488/52/5 2484/52/5
f 2482/52/6 2483/52/6 2487/52/6 2486/52/6
f 2489/1/1 2492/1/1 2491/1/1 2490/1/1
f 2493/1/2 2494/1/2 2495/1/2 2496/1/2
f 2489/1/3 2490/1/3 2494/1/3 2493/1/3
f 2492/1/4 2496/1/4 2495/1/4 2491/1/4
f 2489/1/5 2493/1/5 2496/1/5 2492/1/5
f 2490/1/6 2491/1/6 2495/1/6 2494/1/6
f 2497/1/1 2500/1/1 2499/1/1 2498/1/1
f 2501/1/2 2502/1/2 2503/1/2 2504/1/2
f 2497/1/3 2498/1/3 2502/1/3 2501/1/3
f 2500/1/4 2504/1/4 2503/1/4 2499/1/4
f 2497/1/5 2501/1/5 2504/1/5 2500/1/5
f 2498/1/6 2499/1/6 2503/1/6 2502/1/6
f 2505/1/1 2508/1/1 2507/1/1 2506/1/1
f 2509/1/2 2510/1/2 2511/1/2 2512/1/2
f 2505/1/3 2506/1/3 2510/1/3 2509/1/3
f 2508/1/4 2512/1/4 2511/1/4 2507/1/4
f 2505/1/5 2509/1/5 2512/1/5 2508/1/5
f 2506/1/6 2507/1/6 2511/1/6 2510/1/6
f 2513/1/1 2516/1/1 2515/1/1 2514/1/1
f 2517/1/2 2518/1/2 2519/1/2 2520/1/2
f 2513/1/3 2514/1/3 2518/1/3 2517/1/3
f 2516/1/4 2520/1/4 2519/1/4 2515/1/4
f 2513/1/5 2517/1/5 2520/1/5 2516/1/5
f 2514/1/6 2515/1/6 2519/1/6 2518/1/6
f 2521/52/1 2524/52/1 2523/52/1 2522/52/1
f 2525/52/2 2526/52/2 2527/52/2 2528/52/2
f 2521/52/3 2522/52/3 2526/52/3 2525/52/3
f 2524/52/4 2528/52/4 2527/52/4 2523/52/4
f 2521/52/5 2525/52/5 2528/52/5 2524/52/5
f 2522/52/6 2523/52/6 2527/52/6 2526/52/6
f 2529/52/1 2532/52/1 2531/52/1 2530/52/1
f 2533/52/2 2534/52/2 2535/52/2 2536/52/2
f 2529/52/3 2530/52/3 2534/52/3 2533/52/3
f 2532/52/4 2536/52/4 2535/52/4 2531/52/4
f 2529/52/5 2533/52/5 2536/52/5 2532/52/5
f 2530/52/6 2531/52/6 2535/52/6 2534/52/6
f 2537/1/1 2540/1/1 2539/1/1 2538/1/1
f 2541/1/2 2542/1/2 2543/1/2 2544/1/2
f 2537/1/3 2538/1/3 2542/1/3 2541/1/3
f 2540/1/4 2544/1/4 2543/1/4 2539/1/4
f 2537/1/5 2541/1/5 2544/1/5 2540/1/5
f 2538/1/6 2539/1/6 2543/1/6 2542/1/6
f 2545/1/1 2548/1/1 2547/1/1 2546/1/1
f 2549/1/2 2550/1/2 2551/1/2 2552/1/2
f 2545/1/3 2546/1/3 2550/1/3 2549/1/3
f 2548/1/4 2552/1/4 2551/1/4 2547/1/4
f 2545/1/5 2549/1/5 2552/1/5 2548/1/5
f 2546/1/6 2547/1/6 2551/1/6 2550/1/6
f 2553/52/1 2556/52/1 2555/52/1 2554/52/1
f 2557/52/2 2558/52/2 2559/52/2 2560/52/2
f 2553/52/3 2554/52/3 2558/52/3 2557/52/3
f 2556/52/4 2560/52/4 2559/52/4 2555/52/4
f 2553/52/5 2557/52/5 2560/52/5 2556/52/5
f 2554/52/6 2555/52/6 2559/52/6 2558/52/6
f 2561/52/1 2564/52/1 2563/52/1 2562/52/1
f 2565/52/2 2566/52/2 2567/52/2 2568/52/2
f 2561/52/3 2562/52/3 2566/52/3 2565/52/3
f 2564/52/4 2568/52/4 2567/52/4 2563/52/4
f 2561/52/5 2565/52/5 2568/52/5 2564/52/5
f 2562/52/6 2563/52/6 2567/52/6 2566/52/6
f 2569/1/1 2572/1/1 2571/1/1 2570/1/1
f 2573/1/2 2574/1/2 2575/1/2 2576/1/2
f 2569/1/3 2570/1/3 2574/1/3 2573/1/3
f 2572/1/4 2576/1/4 2575/1/4 2571/1/4
f 2569/1/5 2573/1/5 2576/1/5 2572/1/5
f 2570/1/6 2571/1/6 2575/1/6 2574/1/6
f 2577/1/1 2580/1/1 2579/1/1 2578/1/1
f 2581/1/2 2582/1/2 2583/1/2 2584/1/2
f 2577/1/3 2578/1/3 2582/1/3 2581/1/3
f 2580/1/4 2584/1/4 2583/1/4 2579/1/4
f 2577/1/5 2581/1/5 2584/1/5 2580/1/5
f 2578/1/6 2579/1/6 2583/1/6 2582/1/6
f 2585/1/1 2588/1/1 2587/1/1 2586/1/1
f 2589/1/2 2590/1/2 2591/1/2 2592/1/2
f 2585/1/3 2586/1/3 2590/1/3 2589/1/3
f 2588/1/4 2592/1/4 2591/1/4 2587/1/4
f 2585/1/5 2589/1/5 2592/1/5 2588/1/5
f 2586/1/6 2587/1/6 2591/1/6 2590/1/6
f 2593/1/1 2596/1/1 2595/1/1 2594/1/1
f 2597/1/2 2598/1/2 2599/1/2 2600/1/2
f 2593/1/3 2594/1/3 2598/1/3 2597/1/3
f 2596/1/4 2600/1/4 2599/1/4 2595/1/4
f 2593/1/5 2597/1/5 2600/1/5 2596/1/5
f 2594/1/6 2595/1/6 2599/1/6 2598/1/6
f 2601/52/1 2604/52/1 2603/52/1 2602/52/1
f 2605/52/2 2606/52/2 2607/52/2 2608/52/2
f 2601/52/3 2602/52/3 2606/52/3 2605/52/3
f 2604/52/4 2608/52/4 2607/52/4 2603/52/4
f 2601/52/5 2605/52/5 2608/52/5 2604/52/5
f 2602/52/6 2603/52/6 2607/52/6 2606/52/6
f 2609/52/1 2612/52/1 2611/52/1 2610/52/1
f 2613/52/2 2614/52/2 2615/52/2 2616/52/2
f 2609/52/3 2610/52/3 2614/52/3 2613/52/3
f 2612/52/4 2616/52/4 2615/52/4 2611/52/4
f 2609/52/5 2613/52/5 2616/52/5 2612/52/5
f 2610/52/6 2611/52/6 2615/52/6 2614/52/6
f 2617/1/1 2620/1/1 2619/1/1 2618/1/1
f 2621/1/2 2622/1/2 2623/1/2 2624/1/2
f 2617/1/3 2618/1/3 2622/1/3 2621/1/3
f 2620/1/4 2624/1/4 2623/1/4 2619/1/4
f 2617/1/5 2621/1/5 2624/1/5 2620/1/5
f 2618/1/6 2619/1/6 2623/1/6 2622/1/6
f 2625/1/1 2628/1/1 2627/1/1 2626/1/1
f 2629/1/2 2630/1/2 2631/1/2 2632/1/2
f 2625/1/3 2626/1/3 2630/1/3 2629/1/3
f 2628/1/4 2632/1/4 2631/1/4 2627/1/4
f 2625/1/5 2629/1/5 2632/1/5 2628/1/5
f 2626/1/6 2627/1/6 2631/1/6 2630/1/6
f 2633/52/1 2636/52/1 2635/52/1 2634/52/1
f 2637/52/2 2638/52/2 2639/52/2 2640/52/2
f 2633/52/3 2634/52/3 2638/52/3 2637/52/3
f 2636/52/4 2640/52/4 2639/52/4 2635/52/4
f 2633/52/5 2637/52/5 2640/52/5 2636/52/5
f 2634/52/6 2635/52/6 2639/52/6 2638/52/6
f 2641/52/1 2644/52/1 2643/52/1 2642/52/1
f 2645/52/2 2646/52/2 2647/52/2 2648/52/2
f 2641/52/3 2642/52/3 2646/52/3 2645/52/3
f 2644/52/4 2648/52/4 2647/52/4 2643/52/4
f 2641/52/5 2645/52/5 2648/52/5 2644/52/5
f 2642/52/6 2643/52/6 2647/52/6 2646/52/6
f 2649/1/1 2652/1/1 2651/1/1 2650/1/1
f 2653/1/2 2654/1/2 2655/1/2 2656/1/2
f 2649/1/3 2650/1/3 2654/1/3 2653/1/3
f 2652/1/4 2656/1/4 2655/1/4 2651/1/4
f 2649/1/5 2653/1/5 2656/1/5 2652/1/5
f 2650/1/6 2651/1/6 2655/1/6 2654/1/6
f 2657/1/1 2660/1/1 2659/1/1 2658/1/1
f 2661/1/2 2662/1/2 2663/1/2 2664/1/2
f 2657/1/3 2658/1/3 2662/1/3 2661/1/3
f 2660/1/4 2664/1/4 2663/1/4 2659/1/4
f 2657/1/5 2661/1/5 2664/1/5 2660/1/5
f 2658/1/6 2659/1/6 2663/1/6 2662/1/6
f 2665/52/1 2668/52/1 2667/52/1 2666/52/1
f 2669/52/2 2670/52/2 2671/52/2 2672/52/2
f 2665/52/3 2666/52/3 2670/52/3 2669/52/3
f 2668/52/4 2672/52/4 2671/52/4 2667/52/4
f 2665/52/5 2669/52/5 2672/52/5 2668/52/5
f 2666/52/6 2667/52/6 2671/52/6 2670/52/6
f 2673/52/1 2676/52/1 2675/52/1 2674/52/1
f 2677/52/2 2678/52/2 2679/52/2 2680/52/2
f 2673/52/3 2674/52/3 2678/52/3 2677/52/3
f 2676/52/4 2680/52/4 2679/52/4 2675/52/4
f 2673/52/5 2677/52/5 2680/52/5 2676/52/5
f 2674/52/6 2675/52/6 2679/52/6 2678/52/6
f 2681/1/1 2684/1/1 2683/1/1 2682/1/1
f 2685/1/2 2686/1/2 2687/1/2 2688/1/2
f 2681/1/3 2682/1/3 2686/1/3 2685/1/3
f 2684/1/4 2688/1/4 2687/1/4 2683/1/4
f 2681/1/5 2685/1/5 2688/1/5 2684/1/5
f 2682/1/6 2683/1/6 2687/1/6 2686/1/6
f 2689/1/1 2692/1/1 2691/1/1 2690/1/1
f 2693/1/2 2694/1/2 2695/1/2 2696/1/2
f 2689/1/3 2690/1/3 2694/1/3 2693/1/3
f 2692/1/4 2696/1/4 2695/1/4 2691/1/4
f 2689/1/5 2693/1/5 2696/1/5 2692/1/5
f 2690/1/6 2691/1/6 2695/1/6 2694/1/6
f 2697/1/1 2700/1/1 2699/1/1 2698/1/1
f 2701/1/2 2702/1/2 2703/1/2 2704/1/2
f 2697/1/3 2698/1/3 2702/1/3 2701/1/3
f 2700/1/4 2704/1/4 2703/1/4 2699/1/4
f 2697/1/5 2701/1/5 2704/1/5 2700/1/5
f 2698/1/6 2699/1/6 2703/1/6 2702/1/6
f 2705/1/1 2708/1/1 2707/1/1 2706/1/1
f 2709/1/2 2710/1/2 2711/1/2 2712/1/2
f 2705/1/3 2706/1/3 2710/1/3 2709/1/3
f 2708/1/4 2712/1/4 2711/1/4 2707/1/4
f 2705/1/5 2709/1/5 2712/1/5 2708/1/5
f 2706/1/6 2707/1/6 2711/1/6 2710/1/6
f 2713/52/1 2716/52/1 2715/52/1 2714/52/1
f 2717/52/2 2718/52/2 2719/52/2 2720/52/2
f 2713/52/3 2714/52/3 2718/52/3 2717/52/3
f 2716/52/4 2720/52/4 2719/52/4 2715/52/4
f 2713/52/5 2717/52/5 2720/52/5 2716/52/5
f 2714/52/6 2715/52/6 2719/52/6 2718/52/6
f 2721/52/1 2724/52/1 2723/52/1 2722/52/1
f 2725/52/2 2726/52/2 2727/52/2 2728/52/2
f 2721/52/3 2722/52/3 2726/52/3 2725/52/3
f 2724/52/4 2728/52/4 2727/52/4 2723/52/4
f 2721/52/5 2725/52/5 2728/52/5 2724/52/5
f 2722/52/6 2723/52/6 2727/52/6 2726/52/6
f 2729/39/1 2732/39/1 2731/39/1 2730/39/1
f 2733/39/2 2734/39/2 2735/39/2 2736/39/2
f 2729/39/3 2730/39/3 2734/39/3 2733/39/3
f 2732/39/4 2736/39/4 2735/39/4 2731/39/4
f 2729/39/5 2733/39/5 2736/39/5 2732/39/5
f 2730/39/6 2731/39/6 2735/39/6 2734/39/6
f 2737/39/1 2740/39/1 2739/39/1 2738/39/1
f 2741/39/2 2742/39/2 2743/39/2 2744/39/2
f 2737/39/3 2738/39/3 2742/39/3 2741/39/3
f 2740/39/4 2744/39/4 2743/39/4 2739/39/4
f 2737/39/5 2741/39/5 2744/39/5 2740/39/5
f 2738/39/6 2739/39/6 2743/39/6 2742/39/6
f 2745/30/1 2748/30/1 2747/30/1 2746/30/1
f 2749/30/2 2750/30/2 2751/30/2 2752/30/2
f 2745/30/3 2746/30/3 2750/30/3 2749/30/3
f 2748/30/4 2752/30/4 2751/30/4 2747/30/4
f 2745/30/5 2749/30/5 2752/30/5 2748/30/5
f 2746/30/6 2747/30/6 2751/30/6 2750/30/6
f 2753/30/1 2756/30/1 2755/30/1 2754/30/1
f 2757/30/2 2758/30/2 2759/30/2 2760/30/2
f 2753/30/3 2754/30/3 2758/30/3 2757/30/3
f 2756/30/4 2760/30/4 2759/30/4 2755/30/4
f 2753/30/5 2757/30/5 2760/30/5 2756/30/5
f 2754/30/6 2755/30/6 2759/30/6 2758/30/6
f 2761/52/1 2764/52/1 2763/52/1 2762/52/1
f 2765/52/2 2766/52/2 2767/52/2 2768/52/2
f 2761/52/3 2762/52/3 2766/52/3 2765/52/3
f 2764/52/4 2768/52/4 2767/52/4 2763/52/4
f 2761/52/5 2765/52/5 2768/52/5 2764/52/5
f 2762/52/6 2763/52/6 2767/52/6 2766/52/6
f 2769/52/1 2772/52/1 2771/52/1 2770/52/1
f 2773/52/2 2774/52/2 2775/52/2 2776/52/2
f 2769/52/3 2770/52/3 2774/52/3 2773/52/3
f 2772/52/4 2776/52/4 2775/52/4 2771/52/4
f 2769/52/5 2773/52/5 2776/52/5 2772/52/5
f 2770/52/6 2771/52/6 2775/52/6 2774/52/6
f 2777/52/1 2780/52/1 2779/52/1 2778/52/1
f 2781/52/2 2782/52/2 2783/52/2 2784/52/2
f 2777/52/3 2778/52/3 2782/52/3 2781/52/3
f 2780/52/4 2784/52/4 2783/52/4 2779/52/4
f 2777/52/5 2781/52/5 2784/52/5 2780/52/5
f 2778/52/6 2779/52/6 2783/52/6 2782/52/6
f 2785/52/1 2788/52/1 2787/52/1 2786/52/1
f 2789/52/2 2790/52/2 2791/52/2 2792/52/2
f 2785/52/3 2786/52/3 2790/52/3 2789/52/3
f 2788/52/4 2792/52/4 2791/52/4 2787/52/4
f 2785/52/5 2789/52/5 2792/52/5 2788/52/5
f 2786/52/6 2787/52/6 2791/52/6 2790/52/6
f 2793/52/1 2796/52/1 2795/52/1 2794/52/1
f 2797/52/2 2798/52/2 2799/52/2 2800/52/2
f 2793/52/3 2794/52/3 2798/52/3 2797/52/3
f 2796/52/4 2800/52/4 2799/52/4 2795/52/4
f 2793/52/5 2797/52/5 2800/52/5 2796/52/5
f 2794/52/6 2795/52/6 2799/52/6 2798/52/6
f 2801/52/1 2804/52/1 2803/52/1 2802/52/1
f 2805/52/2 2806/52/2 2807/52/2 2808/52/2
f 2801/52/3 2802/52/3 2806/52/3 2805/52/3
f 2804/52/4 2808/52/4 2807/52/4 2803/52/4
f 2801/52/5 2805/52/5 2808/52/5 2804/52/5
f 2802/52/6 2803/52/6 2807/52/6 2806/52/6
f 2809/30/1 2812/30/1 2811/30/1 2810/30/1
f 2813/30/2 2814/30/2 2815/30/2 2816/30/2
f 2809/30/3 2810/30/3 2814/30/3 2813/30/3
f 2812/30/4 2816/30/4 2815/30/4 2811/30/4
f 2809/30/5 2813/30/5 2816/30/5 2812/30/5
f 2810/30/6 2811/30/6 2815/30/6 2814/30/6
f 2817/30/1 2820/30/1 2819/30/1 2818/30/1
f 2821/30/2 2822/30/2 2823/30/2 2824/30/2
f 2817/30/3 2818/30/3 2822/30/3 2821/30/3
f 2820/30/4 2824/30/4 2823/30/4 2819/30/4
f 2817/30/5 2821/30/5 2824/30/5 2820/30/5
f 2818/30/6 2819/30/6 2823/30/6 2822/30/6
f 2825/39/1 2828/39/1 2827/39/1 2826/39/1
f 2829/39/2 2830/39/2 2831/39/2 2832/39/2
f 2825/39/3 2826/39/3 2830/39/3 2829/39/3
f 2828/39/4 2832/39/4 2831/39/4 2827/39/4
f 2825/39/5 2829/39/5 2832/39/5 2828/39/5
f 2826/39/6 2827/39/6 2831/39/6 2830/39/6
f 2833/39/1 2836/39/1 2835/39/1 2834/39/1
f 2837/39/2 2838/39/2 2839/39/2 2840/39/2
f 2833/39/3 2834/39/3 2838/39/3 2837/39/3
f 2836/39/4 2840/39/4 2839/39/4 2835/39/4
f 2833/39/5 2837/39/5 2840/39/5 2836/39/5
f 2834/39/6 2835/39/6 2839/39/6 2838/39/6
f 2841/39/1 2844/39/1 2843/39/1 2842/39/1
f 2845/39/2 2846/39/2 2847/39/2 2848/39/2
f 2841/39/3 2842/39/3 2846/39/3 2845/39/3
f 2844/39/4 2848/39/4 2847/39/4 2843/39/4
f 2841/39/5 2845/39/5 2848/39/5 2844/39/5
f 2842/39/6 2843/39/6 2847/39/6 2846/39/6
f 2849/39/1 2852/39/1 2851/39/1 2850/39/1
f 2853/39/2 2854/39/2 2855/39/2 2856/39/2
f 2849/39/3 2850/39/3 2854/39/3 2853/39/3
f 2852/39/4 2856/39/4 2855/39/4 2851/39/4
f 2849/39/5 2853/39/5 2856/39/5 2852/39/5
f 2850/39/6 2851/39/6 2855/39/6 2854/39/6
f 2857/30/1 2860/30/1 2859/30/1 2858/30/1
f 2861/30/2 2862/30/2 2863/30/2 2864/30/2
f 2857/30/3 2858/30/3 2862/30/3 2861/30/3
f 2860/30/4 2864/30/4 2863/30/4 2859/30/4
f 2857/30/5 2861/30/5 2864/30/5 2860/30/5
f 2858/30/6 2859/30/6 2863/30/6 2862/30/6
f 2865/30/1 2868/30/1 2867/30/1 2866/30/1
f 2869/30/2 2870/30/2 2871/30/2 2872/30/2
f 2865/30/3 2866/30/3 2870/30/3 2869/30/3
f 2868/30/4 2872/30/4 2871/30/4 2867/30/4
f 2865/30/5 2869/30/5 2872/30/5 2868/30/5
f 2866/30/6 2867/30/6 2871/30/6 2870/30/6
f 2873/52/1 2876/52/1 2875/52/1 2874/52/1
f 2877/52/2 2878/52/2 2879/52/2 2880/52/2
f 2873/52/3 2874/52/3 2878/52/3 2877/52/3
f 2876/52/4 2880/52/4 2879/52/4 2875/52/4
f 2873/52/5 2877/52/5 2880/52/5 2876/52/5
f 2874/52/6 2875/52/6 2879/52/6 2878/52/6
f 2881/52/1 2884/52/1 2883/52/1 2882/52/1
f 2885/52/2 2886/52/2 2887/52/2 2888/52/2
f 2881/52/3 2882/52/3 2886/52/3 2885/52/3
f 2884/52/4 2888/52/4 2887/52/4 2883/52/4
f 2881/52/5 2885/52/5 2888/52/5 2884/52/5
f 2882/52/6 2883/52/6 2887/52/6 2886/52/6
f 2889/52/1 2892/52/1 2891/52/1 2890/52/1
f 2893/52/2 2894/52/2 2895/52/2 2896/52/2
f 2889/52/3 2890/52/3 2894/52/3 2893/52/3
f 2892/52/4 2896/52/4 2895/52/4 2891/52/4
f 2889/52/5 2893/52/5 2896/52/5 2892/52/5
f 2890/52/6 2891/52/6 2895/52/6 2894/52/6
f 2897/52/1 2900/52/1 2899/52/1 2898/52/1
f 2901/52/2 2902/52/2 2903/52/2 2904/52/2
f 2897/52/3 2898/52/3 2902/52/3 2901/52/3
f 2900/52/4 2904/52/4 2903/52/4 2899/52/4
f 2897/52/5 2901/52/5 2904/52/5 2900/52/5
f 2898/52/6 2899/52/6 2903/52/6 2902/52/6
f 2905/52/1 2908/52/1 2907/52/1 2906/52/1
f 2909/52/2 2910/52/2 2911/52/2 2912/52/2
f 2905/52/3 2906/52/3 2910/52/3 2909/52/3
f 2908/52/4 2912/52/4 2911/52/4 2907/52/4
f 2905/52/5 2909/52/5 2912/52/5 2908/52/5
f 2906/52/6 2907/52/6 2911/52/6 2910/52/6
f 2913/52/1 2916/52/1 2915/52/1 2914/52/1
f 2917/52/2 2918/52/2 2919/52/2 2920/52/2
f 2913/52/3 2914/52/3 2918/52/3 2917/52/3
f 2916/52/4 2920/52/4 2919/52/4 2915/52/4
f 2913/52/5 2917/52/5 2920/52/5 2916/52/5
f 2914/52/6 2915/52/6 2919/52/6 2918/52/6
f 2921/30/1 2924/30/1 2923/30/1 2922/30/1
f 2925/30/2 2926/30/2 2927/30/2 2928/30/2
f 2921/30/3 2922/30/3 2926/30/3 2925/30/3
f 2924/30/4 2928/30/4 2927/30/4 2923/30/4
f 2921/30/5 2925/30/5 2928/30/5 2924/30/5
f 2922/30/6 2923/30/6 2927/30/6 2926/30/6
f 2929/30/1 2932/30/1 2931/30/1 2930/30/1
f 2933/30/2 2934/30/2 2935/30/2 2936/30/2
f 2929/30/3 2930/30/3 2934/30/3 2933/30/3
f 2932/30/4 2936/30/4 2935/30/4 2931/30/4
f 2929/30/5 2933/30/5 2936/30/5 2932/30/5
f 2930/30/6 2931/30/6 2935/30/6 2934/30/6
f 2937/39/1 2940/39/1 2939/39/1 2938/39/1
f 2941/39/2 2942/39/2 2943/39/2 2944/39/2
f 2937/39/3 2938/39/3 2942/39/3 2941/39/3
f 2940/39/4 2944/39/4 2943/39/4 2939/39/4
f 2937/39/5 2941/39/5 2944/39/5 2940/39/5
f 2938/39/6 2939/39/6 2943/39/6 2942/39/6
f 2945/39/1 2948/39/1 2947/39/1 2946/39/1
f 2949/39/2 2950/39/2 2951/39/2 2952/39/2
f 2945/39/3 2946/39/3 2950/39/3 2949/39/3
f 2948/39/4 2952/39/4 2951/39/4 2947/39/4
f 2945/39/5 2949/39/5 2952/39/5 2948/39/5
f 2946/39/6 2947/39/6 2951/39/6 2950/39/6
f 2953/39/1 2956/39/1 2955/39/1 2954/39/1
f 2957/39/2 2958/39/2 2959/39/2 2960/39/2
f 2953/39/3 2954/39/3 2958/39/3 2957/39/3
f 2956/39/4 2960/39/4 2959/39/4 2955/39/4
f 2953/39/5 2957/39/5 2960/39/5 2956/39/5
f 2954/39/6 2955/39/6 2959/39/6 2958/39/6
f 2961/39/1 2964/39/1 2963/39/1 2962/39/1
f 2965/39/2 2966/39/2 2967/39/2 2968/39/2
f 2961/39/3 2962/39/3 2966/39/3 2965/39/3
f 2964/39/4 2968/39/4 2967/39/4 2963/39/4
f 2961/39/5 2965/39/5 2968/39/5 2964/39/5
f 2962/39/6 2963/39/6 2967/39/6 2966/39/6
f 2969/30/1 2972/30/1 2971/30/1 2970/30/1
f 2973/30/2 2974/30/2 2975/30/2 2976/30/2
f 2969/30/3 2970/30/3 2974/30/3 2973/30/3
f 2972/30/4 2976/30/4 2975/30/4 2971/30/4
f 2969/30/5 2973/30/5 2976/30/5 2972/30/5
f 2970/30/6 2971/30/6 2975/30/6 2974/30/6
f 2977/30/1 2980/30/1 2979/30/1 2978/30/1
f 2981/30/2 2982/30/2 2983/30/2 2984/30/2
f 2977/30/3 2978/30/3 2982/30/3 2981/30/3
f 2980/30/4 2984/30/4 2983/30/4 2979/30/4
f 2977/30/5 2981/30/5 2984/30/5 2980/30/5
f 2978/30/6 2979/30/6 2983/30/6 2982/30/6
f 2985/52/1 2988/52/1 2987/52/1 2986/52/1
f 2989/52/2 2990/52/2 2991/52/2 2992/52/2
f 2985/52/3 2986/52/3 2990/52/3 2989/52/3
f 2988/52/4 2992/52/4 2991/52/4 2987/52/4
f 2985/52/5 2989/52/5 2992/52/5 2988/52/5
f 2986/52/6 2987/52/6 2991/52/6 2990/52/6
f 2993/52/1 2996/52/1 2995/52/1 2994/52/1
f 2997/52/2 2998/52/2 2999/52/2 3000/52/2
f 2993/52/3 2994/52/3 2998/52/3 2997/52/3
f 2996/52/4 3000/52/4 2999/52/4 2995/52/4
f 2993/52/5 2997/52/5 3000/52/5 2996/52/5
f 2994/52/6 2995/52/6 2999/52/6 2998/52/6
f 3001/52/1 3004/52/1 3003/52/1 3002/52/1
f 3005/52/2 3006/52/2 3007/52/2 3008/52/2
f 3001/52/3 3002/52/3 3006/52/3 3005/52/3
f 3004/52/4 3008/52/4 3007/52/4 3003/52/4
f 3001/52/5 3005/52/5 3008/52/5 3004/52/5
f 3002/52/6 3003/52/6 3007/52/6 3006/52/6
f 3009/52/1 3012/52/1 3011/52/1 3010/52/1
f 3013/52/2 3014/52/2 3015/52/2 3016/52/2
f 3009/52/3 3010/52/3 3014/52/3 3013/52/3
f 3012/52/4 3016/52/4 3015/52/4 3011/52/4
f 3009/52/5 3013/52/5 3016/52/5 3012/52/5
f 3010/52/6 3011/52/6 3015/52/6 3014/52/6
f 3017/52/1 3020/52/1 3019/52/1 3018/52/1
f 3021/52/2 3022/52/2 3023/52/2 3024/52/2
f 3017/52/3 3018/52/3 3022/52/3 3021/52/3
f 3020/52/4 3024/52/4 3023/52/4 3019/52/4
f 3017/52/5 3021/52/5 3024/52/5 3020/52/5
f 3018/52/6 3019/52/6 3023/52/6 3022/52/6
f 3025/52/1 3028/52/1 3027/52/1 3026/52/1
f 3029/52/2 3030/52/2 3031/52/2 3032/52/2
f 3025/52/3 3026/52/3 3030/52/3 3029/52/3
f 3028/52/4 3032/52/4 3031/52/4 3027/52/4
f 3025/52/5 3029/52/5 3032/52/5 3028/52/5
f 3026/52/6 3027/52/6 3031/52/6 3030/52/6
f 3033/30/1 3036/30/1 3035/30/1 3034/30/1
f 3037/30/2 3038/30/2 3039/30/2 3040/30/2
f 3033/30/3 3034/30/3 3038/30/3 3037/30/3
f 3036/30/4 3040/30/4 3039/30/4 3035/30/4
f 3033/30/5 3037/30/5 3040/30/5 3036/30/5
f 3034/30/6 3035/30/6 3039/30/6 3038/30/6
f 3041/30/1 3044/30/1 3043/30/1 3042/30/1
f 3045/30/2 3046/30/2 3047/30/2 3048/30/2
f 3041/30/3 3042/30/3 3046/30/3 3045/30/3
f 3044/30/4 3048/30/4 3047/30/4 3043/30/4
f 3041/30/5 3045/30/5 3048/30/5 3044/30/5
f 3042/30/6 3043/30/6 3047/30/6 3046/30/6
f 3049/39/1 3052/39/1 3051/39/1 3050/39/1
f 3053/39/2 3054/39/2 3055/39/2 3056/39/2
f 3049/39/3 3050/39/3 3054/39/3 3053/39/3
f 3052/39/4 3056/39/4 3055/39/4 3051/39/4
f 3049/39/5 3053/39/5 3056/39/5 3052/39/5
f 3050/39/6 3051/39/6 3055/39/6 3054/39/6
f 3057/39/1 3060/39/1 3059/39/1 3058/39/1
f 3061/39/2 3062/39/2 3063/39/2 3064/39/2
f 3057/39/3 3058/39/3 3062/39/3 3061/39/3
f 3060/39/4 3064/39/4 3063/39/4 3059/39/4
f 3057/39/5 3061/39/5 3064/39/5 3060/39/5
f 3058/39/6 3059/39/6 3063/39/6 3062/39/6
f 3065/39/1 3068/39/1 3067/39/1 3066/39/1
f 3069/39/2 3070/39/2 3071/39/2 3072/39/2
f 3065/39/3 3066/39/3 3070/39/3 3069/39/3
f 3068/39/4 3072/39/4 3071/39/4 3067/39/4
f 3065/39/5 3069/39/5 3072/39/5 3068/39/5
f 3066/39/6 3067/39/6 3071/39/6 3070/39/6
f 3073/30/1 3076/30/1 3075/30/1 3074/30/1
f 3077/30/2 3078/30/2 3079/30/2 3080/30/2
f 3073/30/3 3074/30/3 3078/30/3 3077/30/3
f 3076/30/4 3080/30/4 3079/30/4 3075/30/4
f 3073/30/5 3077/30/5 3080/30/5 3076/30/5
f 3074/30/6 3075/30/6 3079/30/6 3078/30/6
f 3081/53/1 3084/53/1 3083/53/1 3082/53/1
f 3085/53/2 3086/53/2 3087/53/2 3088/53/2
f 3081/53/3 3082/53/3 3086/53/3 3085/53/3
f 3084/53/4 3088/53/4 3087/53/4 3083/53/4
f 3081/53/5 3085/53/5 3088/53/5 3084/53/5
f 3082/53/6 3083/53/6 3087/53/6 3086/53/6
f 3089/53/1 3092/53/1 3091/53/1 3090/53/1
f 3093/53/2 3094/53/2 3095/53/2 3096/53/2
f 3089/53/3 3090/53/3 3094/53/3 3093/53/3
f 3092/53/4 3096/53/4 3095/53/4 3091/53/4
f 3089/53/5 3093/53/5 3096/53/5 3092/53/5
f 3090/53/6 3091/53/6 3095/53/6 3094/53/6
f 3097/52/1 3100/52/1 3099/52/1 3098/52/1
f 3101/52/2 3102/52/2 3103/52/2 3104/52/2
f 3097/52/3 3098/52/3 3102/52/3 3101/52/3
f 3100/52/4 3104/52/4 3103/52/4 3099/52/4
f 3097/52/5 3101/52/5 3104/52/5 3100/52/5
f 3098/52/6 3099/52/6 3103/52/6 3102/52/6
f 3105/53/1 3108/53/1 3107/53/1 3106/53/1
f 3109/53/2 3110/53/2 3111/53/2 3112/53/2
f 3105/53/3 3106/53/3 3110/53/3 3109/53/3
f 3108/53/4 3112/53/4 3111/53/4 3107/53/4
f 3105/53/5 3109/53/5 3112/53/5 3108/53/5
f 3106/53/6 3107/53/6 3111/53/6 3110/53/6
f 3113/52/1 3116/52/1 3115/52/1 3114/52/1
f 3117/52/2 3118/52/2 3119/52/2 3120/52/2
f 3113/52/3 3114/52/3 3118/52/3 3117/52/3
f 3116/52/4 3120/52/4 3119/52/4 3115/52/4
f 3113/52/5 3117/52/5 3120/52/5 3116/52/5
f 3114/52/6 3115/52/6 3119/52/6 3118/52/6
f 3121/53/1 3124/53/1 3123/53/1 3122/53/1
f 3125/53/2 3126/53/2 3127/53/2 3128/53/2
f 3121/53/3 3122/53/3 3126/53/3 3125/53/3
f 3124/53/4 3128/53/4 3127/53/4 3123/53/4
f 3121/53/5 3125/53/5 3128/53/5 3124/53/5
f 3122/53/6 3123/53/6 3127/53/6 3126/53/6
f 3129/53/1 3132/53/1 3131/53/1 3130/53/1
f 3133/53/2 3134/53/2 3135/53/2 3136/53/2
f 3129/53/3 3130/53/3 3134/53/3 3133/53/3
f 3132/53/4 3136/53/4 3135/53/4 3131/53/4
f 3129/53/5 3133/53/5 3136/53/5 3132/53/5
f 3130/53/6 3131/53/6 3135/53/6 3134/53/6
f 3137/30/1 3140/30/1 3139/30/1 3138/30/1
f 3141/30/2 3142/30/2 3143/30/2 3144/30/2
f 3137/30/3 3138/30/3 3142/30/3 3141/30/3
f 3140/30/4 3144/30/4 3143/30/4 3139/30/4
f 3137/30/5 3141/30/5 3144/30/5 3140/30/5
f 3138/30/6 3139/30/6 3143/30/6 3142/30/6
f 3145/39/1 3148/39/1 3147/39/1 3146/39/1
f 3149/39/2 3150/39/2 3151/39/2 3152/39/2
f 3145/39/3 3146/39/3 3150/39/3 3149/39/3
f 3148/39/4 3152/39/4 3151/39/4 3147/39/4
f 3145/39/5 3149/39/5 3152/39/5 3148/39/5
f 3146/39/6 3147/39/6 3151/39/6 3150/39/6
f 3153/39/1 3156/39/1 3155/39/1 3154/39/1
f 3157/39/2 3158/39/2 3159/39/2 3160/39/2
f 3153/39/3 3154/39/3 3158/39/3 3157/39/3
f 3156/39/4 3160/39/4 3159/39/4 3155/39/4
f 3153/39/5 3157/39/5 3160/39/5 3156/39/5
f 3154/39/6 3155/39/6 3159/39/6 3158/39/6
f 3161/30/1 3164/30/1 3163/30/1 3162/30/1
f 3165/30/2 3166/30/2 3167/30/2 3168/30/2
f 3161/30/3 3162/30/3 3166/30/3 3165/30/3
f 3164/30/4 3168/30/4 3167/30/4 3163/30/4
f 3161/30/5 3165/30/5 3168/30/5 3164/30/5
f 3162/30/6 3163/30/6 3167/30/6 3166/30/6
f 3169/53/1 3172/53/1 3171/53/1 3170/53/1
f 3173/53/2 3174/53/2 3175/53/2 3176/53/2
f 3169/53/3 3170/53/3 3174/53/3 3173/53/3
f 3172/53/4 3176/53/4 3175/53/4 3171/53/4
f 3169/53/5 3173/53/5 3176/53/5 3172/53/5
f 3170/53/6 3171/53/6 3175/53/6 3174/53/6
f 3177/53/1 3180/53/1 3179/53/1 3178/53/1
f 3181/53/2 3182/53/2 3183/53/2 3184/53/2
f 3177/53/3 3178/53/3 3182/53/3 3181/53/3
f 3180/53/4 3184/53/4 3183/53/4 3179/53/4
f 3177/53/5 3181/53/5 3184/53/5 3180/53/5
f 3178/53/6 3179/53/6 3183/53/6 3182/53/6
f 3185/52/1 3188/52/1 3187/52/1 3186/52/1
f 3189/52/2 3190/52/2 3191/52/2 3192/52/2
f 3185/52/3 3186/52/3 3190/52/3 3189/52/3
f 3188/52/4 3192/52/4 3191/52/4 3187/52/4
f 3185/52/5 3189/52/5 3192/52/5 3188/52/5
f 3186/52/6 3187/52/6 3191/52/6 3190/52/6
f 3193/53/1 3196/53/1 3195/53/1 3194/53/1
f 3197/53/2 3198/53/2 3199/53/2 3200/53/2
f 3193/53/3 3194/53/3 3198/53/3 3197/53/3
f 3196/53/4 3200/53/4 3199/53/4 3195/53/4
f 3193/53/5 3197/53/5 3200/53/5 3196/53/5
f 3194/53/6 3195/53/6 3199/53/6 3198/53/6
f 3201/52/1 3204/52/1 3203/52/1 3202/52/1
f 3205/52/2 3206/52/2 3207/52/2 3208/52/2
f 3201/52/3 3202/52/3 3206/52/3 3205/52/3
f 3204/52/4 3208/52/4 3207/52/4 3203/52/4
f 3201/52/5 3205/52/5 3208/52/5 3204/52/5
f 3202/52/6 3203/52/6 3207/52/6 3206/52/6
f 3209/53/1 3212/53/1 3211/53/1 3210/53/1
f 3213/53/2 3214/53/2 3215/53/2 3216/53/2
f 3209/53/3 3210/53/3 3214/53/3 3213/53/3
f 3212/53/4 3216/53/4 3215/53/4 3211/53/4
f 3209/53/5 3213/53/5 3216/53/5 3212/53/5
f 3210/53/6 3211/53/6 3215/53/6 3214/53/6
f 3217/53/1 3220/53/1 3219/53/1 3218/53/1
f 3221/53/2 3222/53/2 3223/53/2 3224/53/2
f 3217/53/3 3218/53/3 3222/53/3 3221/53/3
f 3220/53/4 3224/53/4 3223/53/4 3219/53/4
f 3217/53/5 3221/53/5 3224/53/5 3220/53/5
f 3218/53/6 3219/53/6 3223/53/6 3222/53/6
f 3225/30/1 3228/30/1 3227/30/1 3226/30/1
f 3229/30/2 3230/30/2 3231/30/2 3232/30/2
f 3225/30/3 3226/30/3 3230/30/3 3229/30/3
f 3228/30/4 3232/30/4 3231/30/4 3227/30/4
f 3225/30/5 3229/30/5 3232/30/5 3228/30/5
f 3226/30/6 3227/30/6 3231/30/6 3230/30/6
f 3233/39/1 3236/39/1 3235/39/1 3234/39/1
f 3237/39/2 3238/39/2 3239/39/2 3240/39/2
f 3233/39/3 3234/39/3 3238/39/3 3237/39/3
f 3236/39/4 3240/39/4 3239/39/4 3235/39/4
f 3233/39/5 3237/39/5 3240/39/5 3236/39/5
f 3234/39/6 3235/39/6 3239/39/6 3238/39/6
o FRAME
usemtl palette
f 3241/30/1 3244/30/1 3243/30/1 3242/30/1
f 3245/30/2 3246/30/2 3247/30/2 3248/30/2
f 3241/30/3 3242/30/3 3246/30/3 3245/30/3
f 3244/30/4 3248/30/4 3247/30/4 3243/30/4
f 3241/30/5 3245/30/5 3248/30/5 3244/30/5
f 3242/30/6 3243/30/6 3247/30/6 3246/30/6
o SHELL_diaphragm
usemtl palette
f 3249/39/1 3252/39/1 3251/39/1 3250/39/1
f 3253/39/2 3254/39/2 3255/39/2 3256/39/2
f 3249/39/3 3250/39/3 3254/39/3 3253/39/3
f 3252/39/4 3256/39/4 3255/39/4 3251/39/4
f 3249/39/5 3253/39/5 3256/39/5 3252/39/5
f 3250/39/6 3251/39/6 3255/39/6 3254/39/6
f 3257/39/1 3260/39/1 3259/39/1 3258/39/1
f 3261/39/2 3262/39/2 3263/39/2 3264/39/2
f 3257/39/3 3258/39/3 3262/39/3 3261/39/3
f 3260/39/4 3264/39/4 3263/39/4 3259/39/4
f 3257/39/5 3261/39/5 3264/39/5 3260/39/5
f 3258/39/6 3259/39/6 3263/39/6 3262/39/6
f 3265/39/1 3268/39/1 3267/39/1 3266/39/1
f 3269/39/2 3270/39/2 3271/39/2 3272/39/2
f 3265/39/3 3266/39/3 3270/39/3 3269/39/3
f 3268/39/4 3272/39/4 3271/39/4 3267/39/4
f 3265/39/5 3269/39/5 3272/39/5 3268/39/5
f 3266/39/6 3267/39/6 3271/39/6 3270/39/6
f 3273/39/1 3276/39/1 3275/39/1 3274/39/1
f 3277/39/2 3278/39/2 3279/39/2 3280/39/2
f 3273/39/3 3274/39/3 3278/39/3 3277/39/3
f 3276/39/4 3280/39/4 3279/39/4 3275/39/4
f 3273/39/5 3277/39/5 3280/39/5 3276/39/5
f 3274/39/6 3275/39/6 3279/39/6 3278/39/6
f 3281/39/1 3284/39/1 3283/39/1 3282/39/1
f 3285/39/2 3286/39/2 3287/39/2 3288/39/2
f 3281/39/3 3282/39/3 3286/39/3 3285/39/3
f 3284/39/4 3288/39/4 3287/39/4 3283/39/4
f 3281/39/5 3285/39/5 3288/39/5 3284/39/5
f 3282/39/6 3283/39/6 3287/39/6 3286/39/6
f 3289/39/1 3292/39/1 3291/39/1 3290/39/1
f 3293/39/2 3294/39/2 3295/39/2 3296/39/2
f 3289/39/3 3290/39/3 3294/39/3 3293/39/3
f 3292/39/4 3296/39/4 3295/39/4 3291/39/4
f 3289/39/5 3293/39/5 3296/39/5 3292/39/5
f 3290/39/6 3291/39/6 3295/39/6 3294/39/6
f 3297/39/1 3300/39/1 3299/39/1 3298/39/1
f 3301/39/2 3302/39/2 3303/39/2 3304/39/2
f 3297/39/3 3298/39/3 3302/39/3 3301/39/3
f 3300/39/4 3304/39/4 3303/39/4 3299/39/4
f 3297/39/5 3301/39/5 3304/39/5 3300/39/5
f 3298/39/6 3299/39/6 3303/39/6 3302/39/6
f 3305/39/1 3308/39/1 3307/39/1 3306/39/1
f 3309/39/2 3310/39/2 3311/39/2 3312/39/2
f 3305/39/3 3306/39/3 3310/39/3 3309/39/3
f 3308/39/4 3312/39/4 3311/39/4 3307/39/4
f 3305/39/5 3309/39/5 3312/39/5 3308/39/5
f 3306/39/6 3307/39/6 3311/39/6 3310/39/6
f 3313/39/1 3316/39/1 3315/39/1 3314/39/1
f 3317/39/2 3318/39/2 3319/39/2 3320/39/2
f 3313/39/3 3314/39/3 3318/39/3 3317/39/3
f 3316/39/4 3320/39/4 3319/39/4 3315/39/4
f 3313/39/5 3317/39/5 3320/39/5 3316/39/5
f 3314/39/6 3315/39/6 3319/39/6 3318/39/6
f 3321/39/1 3324/39/1 3323/39/1 3322/39/1
f 3325/39/2 3326/39/2 3327/39/2 3328/39/2
f 3321/39/3 3322/39/3 3326/39/3 3325/39/3
f 3324/39/4 3328/39/4 3327/39/4 3323/39/4
f 3321/39/5 3325/39/5 3328/39/5 3324/39/5
f 3322/39/6 3323/39/6 3327/39/6 3326/39/6
f 3329/39/1 3332/39/1 3331/39/1 3330/39/1
f 3333/39/2 3334/39/2 3335/39/2 3336/39/2
f 3329/39/3 3330/39/3 3334/39/3 3333/39/3
f 3332/39/4 3336/39/4 3335/39/4 3331/39/4
f 3329/39/5 3333/39/5 3336/39/5 3332/39/5
f 3330/39/6 3331/39/6 3335/39/6 3334/39/6
f 3337/39/1 3340/39/1 3339/39/1 3338/39/1
f 3341/39/2 3342/39/2 3343/39/2 3344/39/2
f 3337/39/3 3338/39/3 3342/39/3 3341/39/3
f 3340/39/4 3344/39/4 3343/39/4 3339/39/4
f 3337/39/5 3341/39/5 3344/39/5 3340/39/5
f 3338/39/6 3339/39/6 3343/39/6 3342/39/6
f 3345/39/1 3348/39/1 3347/39/1 3346/39/1
f 3349/39/2 3350/39/2 3351/39/2 3352/39/2
f 3345/39/3 3346/39/3 3350/39/3 3349/39/3
f 3348/39/4 3352/39/4 3351/39/4 3347/39/4
f 3345/39/5 3349/39/5 3352/39/5 3348/39/5
f 3346/39/6 3347/39/6 3351/39/6 3350/39/6
f 3353/39/1 3356/39/1 3355/39/1 3354/39/1
f 3357/39/2 3358/39/2 3359/39/2 3360/39/2
f 3353/39/3 3354/39/3 3358/39/3 3357/39/3
f 3356/39/4 3360/39/4 3359/39/4 3355/39/4
f 3353/39/5 3357/39/5 3360/39/5 3356/39/5
f 3354/39/6 3355/39/6 3359/39/6 3358/39/6
f 3361/39/1 3364/39/1 3363/39/1 3362/39/1
f 3365/39/2 3366/39/2 3367/39/2 3368/39/2
f 3361/39/3 3362/39/3 3366/39/3 3365/39/3
f 3364/39/4 3368/39/4 3367/39/4 3363/39/4
f 3361/39/5 3365/39/5 3368/39/5 3364/39/5
f 3362/39/6 3363/39/6 3367/39/6 3366/39/6
f 3369/39/1 3372/39/1 3371/39/1 3370/39/1
f 3373/39/2 3374/39/2 3375/39/2 3376/39/2
f 3369/39/3 3370/39/3 3374/39/3 3373/39/3
f 3372/39/4 3376/39/4 3375/39/4 3371/39/4
f 3369/39/5 3373/39/5 3376/39/5 3372/39/5
f 3370/39/6 3371/39/6 3375/39/6 3374/39/6
f 3377/39/1 3380/39/1 3379/39/1 3378/39/1
f 3381/39/2 3382/39/2 3383/39/2 3384/39/2
f 3377/39/3 3378/39/3 3382/39/3 3381/39/3
f 3380/39/4 3384/39/4 3383/39/4 3379/39/4
f 3377/39/5 3381/39/5 3384/39/5 3380/39/5
f 3378/39/6 3379/39/6 3383/39/6 3382/39/6
f 3385/39/1 3388/39/1 3387/39/1 3386/39/1
f 3389/39/2 3390/39/2 3391/39/2 3392/39/2
f 3385/39/3 3386/39/3 3390/39/3 3389/39/3
f 3388/39/4 3392/39/4 3391/39/4 3387/39/4
f 3385/39/5 3389/39/5 3392/39/5 3388/39/5
f 3386/39/6 3387/39/6 3391/39/6 3390/39/6
f 3393/39/1 3396/39/1 3395/39/1 3394/39/1
f 3397/39/2 3398/39/2 3399/39/2 3400/39/2
f 3393/39/3 3394/39/3 3398/39/3 3397/39/3
f 3396/39/4 3400/39/4 3399/39/4 3395/39/4
f 3393/39/5 3397/39/5 3400/39/5 3396/39/5
f 3394/39/6 3395/39/6 3399/39/6 3398/39/6
f 3401/39/1 3404/39/1 3403/39/1 3402/39/1
f 3405/39/2 3406/39/2 3407/39/2 3408/39/2
f 3401/39/3 3402/39/3 3406/39/3 3405/39/3
f 3404/39/4 3408/39/4 3407/39/4 3403/39/4
f 3401/39/5 3405/39/5 3408/39/5 3404/39/5
f 3402/39/6 3403/39/6 3407/39/6 3406/39/6
f 3409/39/1 3412/39/1 3411/39/1 3410/39/1
f 3413/39/2 3414/39/2 3415/39/2 3416/39/2
f 3409/39/3 3410/39/3 3414/39/3 3413/39/3
f 3412/39/4 3416/39/4 3415/39/4 3411/39/4
f 3409/39/5 3413/39/5 3416/39/5 3412/39/5
f 3410/39/6 3411/39/6 3415/39/6 3414/39/6
f 3417/39/1 3420/39/1 3419/39/1 3418/39/1
f 3421/39/2 3422/39/2 3423/39/2 3424/39/2
f 3417/39/3 3418/39/3 3422/39/3 3421/39/3
f 3420/39/4 3424/39/4 3423/39/4 3419/39/4
f 3417/39/5 3421/39/5 3424/39/5 3420/39/5
f 3418/39/6 3419/39/6 3423/39/6 3422/39/6
f 3425/39/1 3428/39/1 3427/39/1 3426/39/1
f 3429/39/2 3430/39/2 3431/39/2 3432/39/2
f 3425/39/3 3426/39/3 3430/39/3 3429/39/3
f 3428/39/4 3432/39/4 3431/39/4 3427/39/4
f 3425/39/5 3429/39/5 3432/39/5 3428/39/5
f 3426/39/6 3427/39/6 3431/39/6 3430/39/6
f 3433/39/1 3436/39/1 3435/39/1 3434/39/1
f 3437/39/2 3438/39/2 3439/39/2 3440/39/2
f 3433/39/3 3434/39/3 3438/39/3 3437/39/3
f 3436/39/4 3440/39/4 3439/39/4 3435/39/4
f 3433/39/5 3437/39/5 3440/39/5 3436/39/5
f 3434/39/6 3435/39/6 3439/39/6 3438/39/6
f 3441/39/1 3444/39/1 3443/39/1 3442/39/1
f 3445/39/2 3446/39/2 3447/39/2 3448/39/2
f 3441/39/3 3442/39/3 3446/39/3 3445/39/3
f 3444/39/4 3448/39/4 3447/39/4 3443/39/4
f 3441/39/5 3445/39/5 3448/39/5 3444/39/5
f 3442/39/6 3443/39/6 3447/39/6 3446/39/6
f 3449/39/1 3452/39/1 3451/39/1 3450/39/1
f 3453/39/2 3454/39/2 3455/39/2 3456/39/2
f 3449/39/3 3450/39/3 3454/39/3 3453/39/3
f 3452/39/4 3456/39/4 3455/39/4 3451/39/4
f 3449/39/5 3453/39/5 3456/39/5 3452/39/5
f 3450/39/6 3451/39/6 3455/39/6 3454/39/6
f 3457/39/1 3460/39/1 3459/39/1 3458/39/1
f 3461/39/2 3462/39/2 3463/39/2 3464/39/2
f 3457/39/3 3458/39/3 3462/39/3 3461/39/3
f 3460/39/4 3464/39/4 3463/39/4 3459/39/4
f 3457/39/5 3461/39/5 3464/39/5 3460/39/5
f 3458/39/6 3459/39/6 3463/39/6 3462/39/6
f 3465/39/1 3468/39/1 3467/39/1 3466/39/1
f 3469/39/2 3470/39/2 3471/39/2 3472/39/2
f 3465/39/3 3466/39/3 3470/39/3 3469/39/3
f 3468/39/4 3472/39/4 3471/39/4 3467/39/4
f 3465/39/5 3469/39/5 3472/39/5 3468/39/5
f 3466/39/6 3467/39/6 3471/39/6 3470/39/6
f 3473/39/1 3476/39/1 3475/39/1 3474/39/1
f 3477/39/2 3478/39/2 3479/39/2 3480/39/2
f 3473/39/3 3474/39/3 3478/39/3 3477/39/3
f 3476/39/4 3480/39/4 3479/39/4 3475/39/4
f 3473/39/5 3477/39/5 3480/39/5 3476/39/5
f 3474/39/6 3475/39/6 3479/39/6 3478/39/6
f 3481/39/1 3484/39/1 3483/39/1 3482/39/1
f 3485/39/2 3486/39/2 3487/39/2 3488/39/2
f 3481/39/3 3482/39/3 3486/39/3 3485/39/3
f 3484/39/4 3488/39/4 3487/39/4 3483/39/4
f 3481/39/5 3485/39/5 3488/39/5 3484/39/5
f 3482/39/6 3483/39/6 3487/39/6 3486/39/6
f 3489/39/1 3492/39/1 3491/39/1 3490/39/1
f 3493/39/2 3494/39/2 3495/39/2 3496/39/2
f 3489/39/3 3490/39/3 3494/39/3 3493/39/3
f 3492/39/4 3496/39/4 3495/39/4 3491/39/4
f 3489/39/5 3493/39/5 3496/39/5 3492/39/5
f 3490/39/6 3491/39/6 3495/39/6 3494/39/6
f 3497/39/1 3500/39/1 3499/39/1 3498/39/1
f 3501/39/2 3502/39/2 3503/39/2 3504/39/2
f 3497/39/3 3498/39/3 3502/39/3 3501/39/3
f 3500/39/4 3504/39/4 3503/39/4 3499/39/4
f 3497/39/5 3501/39/5 3504/39/5 3500/39/5
f 3498/39/6 3499/39/6 3503/39/6 3502/39/6
f 3505/39/1 3508/39/1 3507/39/1 3506/39/1
f 3509/39/2 3510/39/2 3511/39/2 3512/39/2
f 3505/39/3 3506/39/3 3510/39/3 3509/39/3
f 3508/39/4 3512/39/4 3511/39/4 3507/39/4
f 3505/39/5 3509/39/5 3512/39/5 3508/39/5
f 3506/39/6 3507/39/6 3511/39/6 3510/39/6
f 3513/39/1 3516/39/1 3515/39/1 3514/39/1
f 3517/39/2 3518/39/2 3519/39/2 3520/39/2
f 3513/39/3 3514/39/3 3518/39/3 3517/39/3
f 3516/39/4 3520/39/4 3519/39/4 3515/39/4
f 3513/39/5 3517/39/5 3520/39/5 3516/39/5
f 3514/39/6 3515/39/6 3519/39/6 3518/39/6
f 3521/39/1 3524/39/1 3523/39/1 3522/39/1
f 3525/39/2 3526/39/2 3527/39/2 3528/39/2
f 3521/39/3 3522/39/3 3526/39/3 3525/39/3
f 3524/39/4 3528/39/4 3527/39/4 3523/39/4
f 3521/39/5 3525/39/5 3528/39/5 3524/39/5
f 3522/39/6 3523/39/6 3527/39/6 3526/39/6
f 3529/39/1 3532/39/1 3531/39/1 3530/39/1
f 3533/39/2 3534/39/2 3535/39/2 3536/39/2
f 3529/39/3 3530/39/3 3534/39/3 3533/39/3
f 3532/39/4 3536/39/4 3535/39/4 3531/39/4
f 3529/39/5 3533/39/5 3536/39/5 3532/39/5
f 3530/39/6 3531/39/6 3535/39/6 3534/39/6
f 3537/39/1 3540/39/1 3539/39/1 3538/39/1
f 3541/39/2 3542/39/2 3543/39/2 3544/39/2
f 3537/39/3 3538/39/3 3542/39/3 3541/39/3
f 3540/39/4 3544/39/4 3543/39/4 3539/39/4
f 3537/39/5 3541/39/5 3544/39/5 3540/39/5
f 3538/39/6 3539/39/6 3543/39/6 3542/39/6
f 3545/39/1 3548/39/1 3547/39/1 3546/39/1
f 3549/39/2 3550/39/2 3551/39/2 3552/39/2
f 3545/39/3 3546/39/3 3550/39/3 3549/39/3
f 3548/39/4 3552/39/4 3551/39/4 3547/39/4
f 3545/39/5 3549/39/5 3552/39/5 3548/39/5
f 3546/39/6 3547/39/6 3551/39/6 3550/39/6
f 3553/39/1 3556/39/1 3555/39/1 3554/39/1
f 3557/39/2 3558/39/2 3559/39/2 3560/39/2
f 3553/39/3 3554/39/3 3558/39/3 3557/39/3
f 3556/39/4 3560/39/4 3559/39/4 3555/39/4
f 3553/39/5 3557/39/5 3560/39/5 3556/39/5
f 3554/39/6 3555/39/6 3559/39/6 3558/39/6
f 3561/39/1 3564/39/1 3563/39/1 3562/39/1
f 3565/39/2 3566/39/2 3567/39/2 3568/39/2
f 3561/39/3 3562/39/3 3566/39/3 3565/39/3
f 3564/39/4 3568/39/4 3567/39/4 3563/39/4
f 3561/39/5 3565/39/5 3568/39/5 3564/39/5
f 3562/39/6 3563/39/6 3567/39/6 3566/39/6
f 3569/39/1 3572/39/1 3571/39/1 3570/39/1
f 3573/39/2 3574/39/2 3575/39/2 3576/39/2
f 3569/39/3 3570/39/3 3574/39/3 3573/39/3
f 3572/39/4 3576/39/4 3575/39/4 3571/39/4
f 3569/39/5 3573/39/5 3576/39/5 3572/39/5
f 3570/39/6 3571/39/6 3575/39/6 3574/39/6
f 3577/39/1 3580/39/1 3579/39/1 3578/39/1
f 3581/39/2 3582/39/2 3583/39/2 3584/39/2
f 3577/39/3 3578/39/3 3582/39/3 3581/39/3
f 3580/39/4 3584/39/4 3583/39/4 3579/39/4
f 3577/39/5 3581/39/5 3584/39/5 3580/39/5
f 3578/39/6 3579/39/6 3583/39/6 3582/39/6
f 3585/39/1 3588/39/1 3587/39/1 3586/39/1
f 3589/39/2 3590/39/2 3591/39/2 3592/39/2
f 3585/39/3 3586/39/3 3590/39/3 3589/39/3
f 3588/39/4 3592/39/4 3591/39/4 3587/39/4
f 3585/39/5 3589/39/5 3592/39/5 3588/39/5
f 3586/39/6 3587/39/6 3591/39/6 3590/39/6
f 3593/39/1 3596/39/1 3595/39/1 3594/39/1
f 3597/39/2 3598/39/2 3599/39/2 3600/39/2
f 3593/39/3 3594/39/3 3598/39/3 3597/39/3
f 3596/39/4 3600/39/4 3599/39/4 3595/39/4
f 3593/39/5 3597/39/5 3600/39/5 3596/39/5
f 3594/39/6 3595/39/6 3599/39/6 3598/39/6
f 3601/39/1 3604/39/1 3603/39/1 3602/39/1
f 3605/39/2 3606/39/2 3607/39/2 3608/39/2
f 3601/39/3 3602/39/3 3606/39/3 3605/39/3
f 3604/39/4 3608/39/4 3607/39/4 3603/39/4
f 3601/39/5 3605/39/5 3608/39/5 3604/39/5
f 3602/39/6 3603/39/6 3607/39/6 3606/39/6
f 3609/39/1 3612/39/1 3611/39/1 3610/39/1
f 3613/39/2 3614/39/2 3615/39/2 3616/39/2
f 3609/39/3 3610/39/3 3614/39/3 3613/39/3
f 3612/39/4 3616/39/4 3615/39/4 3611/39/4
f 3609/39/5 3613/39/5 3616/39/5 3612/39/5
f 3610/39/6 3611/39/6 3615/39/6 3614/39/6
f 3617/39/1 3620/39/1 3619/39/1 3618/39/1
f 3621/39/2 3622/39/2 3623/39/2 3624/39/2
f 3617/39/3 3618/39/3 3622/39/3 3621/39/3
f 3620/39/4 3624/39/4 3623/39/4 3619/39/4
f 3617/39/5 3621/39/5 3624/39/5 3620/39/5
f 3618/39/6 3619/39/6 3623/39/6 3622/39/6
f 3625/39/1 3628/39/1 3627/39/1 3626/39/1
f 3629/39/2 3630/39/2 3631/39/2 3632/39/2
f 3625/39/3 3626/39/3 3630/39/3 3629/39/3
f 3628/39/4 3632/39/4 3631/39/4 3627/39/4
f 3625/39/5 3629/39/5 3632/39/5 3628/39/5
f 3626/39/6 3627/39/6 3631/39/6 3630/39/6
f 3633/39/1 3636/39/1 3635/39/1 3634/39/1
f 3637/39/2 3638/39/2 3639/39/2 3640/39/2
f 3633/39/3 3634/39/3 3638/39/3 3637/39/3
f 3636/39/4 3640/39/4 3639/39/4 3635/39/4
f 3633/39/5 3637/39/5 3640/39/5 3636/39/5
f 3634/39/6 3635/39/6 3639/39/6 3638/39/6
f 3641/39/1 3644/39/1 3643/39/1 3642/39/1
f 3645/39/2 3646/39/2 3647/39/2 3648/39/2
f 3641/39/3 3642/39/3 3646/39/3 3645/39/3
f 3644/39/4 3648/39/4 3647/39/4 3643/39/4
f 3641/39/5 3645/39/5 3648/39/5 3644/39/5
f 3642/39/6 3643/39/6 3647/39/6 3646/39/6
o FLOOR
usemtl palette
f 3649/36/1 3652/36/1 3651/36/1 3650/36/1
f 3653/36/2 3654/36/2 3655/36/2 3656/36/2
f 3649/36/3 3650/36/3 3654/36/3 3653/36/3
f 3652/36/4 3656/36/4 3655/36/4 3651/36/4
f 3649/36/5 3653/36/5 3656/36/5 3652/36/5
f 3650/36/6 3651/36/6 3655/36/6 3654/36/6
f 3657/36/1 3660/36/1 3659/36/1 3658/36/1
f 3661/36/2 3662/36/2 3663/36/2 3664/36/2
f 3657/36/3 3658/36/3 3662/36/3 3661/36/3
f 3660/36/4 3664/36/4 3663/36/4 3659/36/4
f 3657/36/5 3661/36/5 3664/36/5 3660/36/5
f 3658/36/6 3659/36/6 3663/36/6 3662/36/6
f 3665/3/1 3668/3/1 3667/3/1 3666/3/1
f 3669/3/2 3670/3/2 3671/3/2 3672/3/2
f 3665/3/3 3666/3/3 3670/3/3 3669/3/3
f 3668/3/4 3672/3/4 3671/3/4 3667/3/4
f 3665/3/5 3669/3/5 3672/3/5 3668/3/5
f 3666/3/6 3667/3/6 3671/3/6 3670/3/6
o SHELL_gangway
usemtl palette
f 3673/36/1 3676/36/1 3675/36/1 3674/36/1
f 3677/36/2 3678/36/2 3679/36/2 3680/36/2
f 3673/36/3 3674/36/3 3678/36/3 3677/36/3
f 3676/36/4 3680/36/4 3679/36/4 3675/36/4
f 3673/36/5 3677/36/5 3680/36/5 3676/36/5
f 3674/36/6 3675/36/6 3679/36/6 3678/36/6
f 3681/36/1 3684/36/1 3683/36/1 3682/36/1
f 3685/36/2 3686/36/2 3687/36/2 3688/36/2
f 3681/36/3 3682/36/3 3686/36/3 3685/36/3
f 3684/36/4 3688/36/4 3687/36/4 3683/36/4
f 3681/36/5 3685/36/5 3688/36/5 3684/36/5
f 3682/36/6 3683/36/6 3687/36/6 3686/36/6
o BOGEY_FRONT
usemtl palette
f 3689/32/1 3692/32/1 3691/32/1 3690/32/1
f 3693/32/2 3694/32/2 3695/32/2 3696/32/2
f 3689/32/3 3690/32/3 3694/32/3 3693/32/3
f 3692/32/4 3696/32/4 3695/32/4 3691/32/4
f 3689/32/5 3693/32/5 3696/32/5 3692/32/5
f 3690/32/6 3691/32/6 3695/32/6 3694/32/6
f 3697/33/1 3700/33/1 3699/33/1 3698/33/1
f 3701/33/2 3702/33/2 3703/33/2 3704/33/2
f 3697/33/3 3698/33/3 3702/33/3 3701/33/3
f 3700/33/4 3704/33/4 3703/33/4 3699/33/4
f 3697/33/5 3701/33/5 3704/33/5 3700/33/5
f 3698/33/6 3699/33/6 3703/33/6 3702/33/6
f 3705/33/1 3708/33/1 3707/33/1 3706/33/1
f 3709/33/2 3710/33/2 3711/33/2 3712/33/2
f 3705/33/3 3706/33/3 3710/33/3 3709/33/3
f 3708/33/4 3712/33/4 3711/33/4 3707/33/4
f 3705/33/5 3709/33/5 3712/33/5 3708/33/5
f 3706/33/6 3707/33/6 3711/33/6 3710/33/6
f 3713/34/1 3716/34/1 3715/34/1 3714/34/1
f 3717/34/2 3718/34/2 3719/34/2 3720/34/2
f 3713/34/3 3714/34/3 3718/34/3 3717/34/3
f 3716/34/4 3720/34/4 3719/34/4 3715/34/4
f 3713/34/5 3717/34/5 3720/34/5 3716/34/5
f 3714/34/6 3715/34/6 3719/34/6 3718/34/6
f 3721/34/1 3724/34/1 3723/34/1 3722/34/1
f 3725/34/2 3726/34/2 3727/34/2 3728/34/2
f 3721/34/3 3722/34/3 3726/34/3 3725/34/3
f 3724/34/4 3728/34/4 3727/34/4 3723/34/4
f 3721/34/5 3725/34/5 3728/34/5 3724/34/5
f 3722/34/6 3723/34/6 3727/34/6 3726/34/6
f 3729/34/1 3732/34/1 3731/34/1 3730/34/1
f 3733/34/2 3734/34/2 3735/34/2 3736/34/2
f 3729/34/3 3730/34/3 3734/34/3 3733/34/3
f 3732/34/4 3736/34/4 3735/34/4 3731/34/4
f 3729/34/5 3733/34/5 3736/34/5 3732/34/5
f 3730/34/6 3731/34/6 3735/34/6 3734/34/6
f 3737/34/1 3740/34/1 3739/34/1 3738/34/1
f 3741/34/2 3742/34/2 3743/34/2 3744/34/2
f 3737/34/3 3738/34/3 3742/34/3 3741/34/3
f 3740/34/4 3744/34/4 3743/34/4 3739/34/4
f 3737/34/5 3741/34/5 3744/34/5 3740/34/5
f 3738/34/6 3739/34/6 3743/34/6 3742/34/6
f 3745/34/1 3748/34/1 3747/34/1 3746/34/1
f 3749/34/2 3750/34/2 3751/34/2 3752/34/2
f 3745/34/3 3746/34/3 3750/34/3 3749/34/3
f 3748/34/4 3752/34/4 3751/34/4 3747/34/4
f 3745/34/5 3749/34/5 3752/34/5 3748/34/5
f 3746/34/6 3747/34/6 3751/34/6 3750/34/6
f 3753/34/1 3756/34/1 3755/34/1 3754/34/1
f 3757/34/2 3758/34/2 3759/34/2 3760/34/2
f 3753/34/3 3754/34/3 3758/34/3 3757/34/3
f 3756/34/4 3760/34/4 3759/34/4 3755/34/4
f 3753/34/5 3757/34/5 3760/34/5 3756/34/5
f 3754/34/6 3755/34/6 3759/34/6 3758/34/6
f 3761/34/1 3764/34/1 3763/34/1 3762/34/1
f 3765/34/2 3766/34/2 3767/34/2 3768/34/2
f 3761/34/3 3762/34/3 3766/34/3 3765/34/3
f 3764/34/4 3768/34/4 3767/34/4 3763/34/4
f 3761/34/5 3765/34/5 3768/34/5 3764/34/5
f 3762/34/6 3763/34/6 3767/34/6 3766/34/6
f 3769/34/1 3772/34/1 3771/34/1 3770/34/1
f 3773/34/2 3774/34/2 3775/34/2 3776/34/2
f 3769/34/3 3770/34/3 3774/34/3 3773/34/3
f 3772/34/4 3776/34/4 3775/34/4 3771/34/4
f 3769/34/5 3773/34/5 3776/34/5 3772/34/5
f 3770/34/6 3771/34/6 3775/34/6 3774/34/6
o BOGEY_FRONT_WHEEL_1
usemtl palette
f 3777/34/1 3780/34/1 3779/34/1 3778/34/1
f 3781/34/2 3782/34/2 3783/34/2 3784/34/2
f 3777/34/3 3778/34/3 3782/34/3 3781/34/3
f 3780/34/4 3784/34/4 3783/34/4 3779/34/4
f 3777/34/5 3781/34/5 3784/34/5 3780/34/5
f 3778/34/6 3779/34/6 3783/34/6 3782/34/6
f 3785/34/1 3788/34/1 3787/34/1 3786/34/1
f 3789/34/2 3790/34/2 3791/34/2 3792/34/2
f 3785/34/3 3786/34/3 3790/34/3 3789/34/3
f 3788/34/4 3792/34/4 3791/34/4 3787/34/4
f 3785/34/5 3789/34/5 3792/34/5 3788/34/5
f 3786/34/6 3787/34/6 3791/34/6 3790/34/6
f 3793/34/1 3796/34/1 3795/34/1 3794/34/1
f 3797/34/2 3798/34/2 3799/34/2 3800/34/2
f 3793/34/3 3794/34/3 3798/34/3 3797/34/3
f 3796/34/4 3800/34/4 3799/34/4 3795/34/4
f 3793/34/5 3797/34/5 3800/34/5 3796/34/5
f 3794/34/6 3795/34/6 3799/34/6 3798/34/6
f 3801/35/1 3804/35/1 3803/35/1 3802/35/1
f 3805/35/2 3806/35/2 3807/35/2 3808/35/2
f 3801/35/3 3802/35/3 3806/35/3 3805/35/3
f 3804/35/4 3808/35/4 3807/35/4 3803/35/4
f 3801/35/5 3805/35/5 3808/35/5 3804/35/5
f 3802/35/6 3803/35/6 3807/35/6 3806/35/6
o BOGEY_FRONT_WHEEL_2
usemtl palette
f 3809/34/1 3812/34/1 3811/34/1 3810/34/1
f 3813/34/2 3814/34/2 3815/34/2 3816/34/2
f 3809/34/3 3810/34/3 3814/34/3 3813/34/3
f 3812/34/4 3816/34/4 3815/34/4 3811/34/4
f 3809/34/5 3813/34/5 3816/34/5 3812/34/5
f 3810/34/6 3811/34/6 3815/34/6 3814/34/6
f 3817/34/1 3820/34/1 3819/34/1 3818/34/1
f 3821/34/2 3822/34/2 3823/34/2 3824/34/2
f 3817/34/3 3818/34/3 3822/34/3 3821/34/3
f 3820/34/4 3824/34/4 3823/34/4 3819/34/4
f 3817/34/5 3821/34/5 3824/34/5 3820/34/5
f 3818/34/6 3819/34/6 3823/34/6 3822/34/6
f 3825/34/1 3828/34/1 3827/34/1 3826/34/1
f 3829/34/2 3830/34/2 3831/34/2 3832/34/2
f 3825/34/3 3826/34/3 3830/34/3 3829/34/3
f 3828/34/4 3832/34/4 3831/34/4 3827/34/4
f 3825/34/5 3829/34/5 3832/34/5 3828/34/5
f 3826/34/6 3827/34/6 3831/34/6 3830/34/6
f 3833/35/1 3836/35/1 3835/35/1 3834/35/1
f 3837/35/2 3838/35/2 3839/35/2 3840/35/2
f 3833/35/3 3834/35/3 3838/35/3 3837/35/3
f 3836/35/4 3840/35/4 3839/35/4 3835/35/4
f 3833/35/5 3837/35/5 3840/35/5 3836/35/5
f 3834/35/6 3835/35/6 3839/35/6 3838/35/6
o BOGEY_REAR
usemtl palette
f 3841/32/1 3844/32/1 3843/32/1 3842/32/1
f 3845/32/2 3846/32/2 3847/32/2 3848/32/2
f 3841/32/3 3842/32/3 3846/32/3 3845/32/3
f 3844/32/4 3848/32/4 3847/32/4 3843/32/4
f 3841/32/5 3845/32/5 3848/32/5 3844/32/5
f 3842/32/6 3843/32/6 3847/32/6 3846/32/6
f 3849/33/1 3852/33/1 3851/33/1 3850/33/1
f 3853/33/2 3854/33/2 3855/33/2 3856/33/2
f 3849/33/3 3850/33/3 3854/33/3 3853/33/3
f 3852/33/4 3856/33/4 3855/33/4 3851/33/4
f 3849/33/5 3853/33/5 3856/33/5 3852/33/5
f 3850/33/6 3851/33/6 3855/33/6 3854/33/6
f 3857/33/1 3860/33/1 3859/33/1 3858/33/1
f 3861/33/2 3862/33/2 3863/33/2 3864/33/2
f 3857/33/3 3858/33/3 3862/33/3 3861/33/3
f 3860/33/4 3864/33/4 3863/33/4 3859/33/4
f 3857/33/5 3861/33/5 3864/33/5 3860/33/5
f 3858/33/6 3859/33/6 3863/33/6 3862/33/6
f 3865/34/1 3868/34/1 3867/34/1 3866/34/1
f 3869/34/2 3870/34/2 3871/34/2 3872/34/2
f 3865/34/3 3866/34/3 3870/34/3 3869/34/3
f 3868/34/4 3872/34/4 3871/34/4 3867/34/4
f 3865/34/5 3869/34/5 3872/34/5 3868/34/5
f 3866/34/6 3867/34/6 3871/34/6 3870/34/6
f 3873/34/1 3876/34/1 3875/34/1 3874/34/1
f 3877/34/2 3878/34/2 3879/34/2 3880/34/2
f 3873/34/3 3874/34/3 3878/34/3 3877/34/3
f 3876/34/4 3880/34/4 3879/34/4 3875/34/4
f 3873/34/5 3877/34/5 3880/34/5 3876/34/5
f 3874/34/6 3875/34/6 3879/34/6 3878/34/6
f 3881/34/1 3884/34/1 3883/34/1 3882/34/1
f 3885/34/2 3886/34/2 3887/34/2 3888/34/2
f 3881/34/3 3882/34/3 3886/34/3 3885/34/3
f 3884/34/4 3888/34/4 3887/34/4 3883/34/4
f 3881/34/5 3885/34/5 3888/34/5 3884/34/5
f 3882/34/6 3883/34/6 3887/34/6 3886/34/6
f 3889/34/1 3892/34/1 3891/34/1 3890/34/1
f 3893/34/2 3894/34/2 3895/34/2 3896/34/2
f 3889/34/3 3890/34/3 3894/34/3 3893/34/3
f 3892/34/4 3896/34/4 3895/34/4 3891/34/4
f 3889/34/5 3893/34/5 3896/34/5 3892/34/5
f 3890/34/6 3891/34/6 3895/34/6 3894/34/6
f 3897/34/1 3900/34/1 3899/34/1 3898/34/1
f 3901/34/2 3902/34/2 3903/34/2 3904/34/2
f 3897/34/3 3898/34/3 3902/34/3 3901/34/3
f 3900/34/4 3904/34/4 3903/34/4 3899/34/4
f 3897/34/5 3901/34/5 3904/34/5 3900/34/5
f 3898/34/6 3899/34/6 3903/34/6 3902/34/6
f 3905/34/1 3908/34/1 3907/34/1 3906/34/1
f 3909/34/2 3910/34/2 3911/34/2 3912/34/2
f 3905/34/3 3906/34/3 3910/34/3 3909/34/3
f 3908/34/4 3912/34/4 3911/34/4 3907/34/4
f 3905/34/5 3909/34/5 3912/34/5 3908/34/5
f 3906/34/6 3907/34/6 3911/34/6 3910/34/6
f 3913/34/1 3916/34/1 3915/34/1 3914/34/1
f 3917/34/2 3918/34/2 3919/34/2 3920/34/2
f 3913/34/3 3914/34/3 3918/34/3 3917/34/3
f 3916/34/4 3920/34/4 3919/34/4 3915/34/4
f 3913/34/5 3917/34/5 3920/34/5 3916/34/5
f 3914/34/6 3915/34/6 3919/34/6 3918/34/6
f 3921/34/1 3924/34/1 3923/34/1 3922/34/1
f 3925/34/2 3926/34/2 3927/34/2 3928/34/2
f 3921/34/3 3922/34/3 3926/34/3 3925/34/3
f 3924/34/4 3928/34/4 3927/34/4 3923/34/4
f 3921/34/5 3925/34/5 3928/34/5 3924/34/5
f 3922/34/6 3923/34/6 3927/34/6 3926/34/6
o BOGEY_REAR_WHEEL_1
usemtl palette
f 3929/34/1 3932/34/1 3931/34/1 3930/34/1
f 3933/34/2 3934/34/2 3935/34/2 3936/34/2
f 3929/34/3 3930/34/3 3934/34/3 3933/34/3
f 3932/34/4 3936/34/4 3935/34/4 3931/34/4
f 3929/34/5 3933/34/5 3936/34/5 3932/34/5
f 3930/34/6 3931/34/6 3935/34/6 3934/34/6
f 3937/34/1 3940/34/1 3939/34/1 3938/34/1
f 3941/34/2 3942/34/2 3943/34/2 3944/34/2
f 3937/34/3 3938/34/3 3942/34/3 3941/34/3
f 3940/34/4 3944/34/4 3943/34/4 3939/34/4
f 3937/34/5 3941/34/5 3944/34/5 3940/34/5
f 3938/34/6 3939/34/6 3943/34/6 3942/34/6
f 3945/34/1 3948/34/1 3947/34/1 3946/34/1
f 3949/34/2 3950/34/2 3951/34/2 3952/34/2
f 3945/34/3 3946/34/3 3950/34/3 3949/34/3
f 3948/34/4 3952/34/4 3951/34/4 3947/34/4
f 3945/34/5 3949/34/5 3952/34/5 3948/34/5
f 3946/34/6 3947/34/6 3951/34/6 3950/34/6
f 3953/35/1 3956/35/1 3955/35/1 3954/35/1
f 3957/35/2 3958/35/2 3959/35/2 3960/35/2
f 3953/35/3 3954/35/3 3958/35/3 3957/35/3
f 3956/35/4 3960/35/4 3959/35/4 3955/35/4
f 3953/35/5 3957/35/5 3960/35/5 3956/35/5
f 3954/35/6 3955/35/6 3959/35/6 3958/35/6
o BOGEY_REAR_WHEEL_2
usemtl palette
f 3961/34/1 3964/34/1 3963/34/1 3962/34/1
f 3965/34/2 3966/34/2 3967/34/2 3968/34/2
f 3961/34/3 3962/34/3 3966/34/3 3965/34/3
f 3964/34/4 3968/34/4 3967/34/4 3963/34/4
f 3961/34/5 3965/34/5 3968/34/5 3964/34/5
f 3962/34/6 3963/34/6 3967/34/6 3966/34/6
f 3969/34/1 3972/34/1 3971/34/1 3970/34/1
f 3973/34/2 3974/34/2 3975/34/2 3976/34/2
f 3969/34/3 3970/34/3 3974/34/3 3973/34/3
f 3972/34/4 3976/34/4 3975/34/4 3971/34/4
f 3969/34/5 3973/34/5 3976/34/5 3972/34/5
f 3970/34/6 3971/34/6 3975/34/6 3974/34/6
f 3977/34/1 3980/34/1 3979/34/1 3978/34/1
f 3981/34/2 3982/34/2 3983/34/2 3984/34/2
f 3977/34/3 3978/34/3 3982/34/3 3981/34/3
f 3980/34/4 3984/34/4 3983/34/4 3979/34/4
f 3977/34/5 3981/34/5 3984/34/5 3980/34/5
f 3978/34/6 3979/34/6 3983/34/6 3982/34/6
f 3985/35/1 3988/35/1 3987/35/1 3986/35/1
f 3989/35/2 3990/35/2 3991/35/2 3992/35/2
f 3985/35/3 3986/35/3 3990/35/3 3989/35/3
f 3988/35/4 3992/35/4 3991/35/4 3987/35/4
f 3985/35/5 3989/35/5 3992/35/5 3988/35/5
f 3986/35/6 3987/35/6 3991/35/6 3990/35/6
o SHELL_roof
usemtl palette
f 3993/40/1 3996/40/1 3995/40/1 3994/40/1
f 3997/40/2 3998/40/2 3999/40/2 4000/40/2
f 3993/40/3 3994/40/3 3998/40/3 3997/40/3
f 3996/40/4 4000/40/4 3999/40/4 3995/40/4
f 3993/40/5 3997/40/5 4000/40/5 3996/40/5
f 3994/40/6 3995/40/6 3999/40/6 3998/40/6
f 4001/41/1 4004/41/1 4003/41/1 4002/41/1
f 4005/41/2 4006/41/2 4007/41/2 4008/41/2
f 4001/41/3 4002/41/3 4006/41/3 4005/41/3
f 4004/41/4 4008/41/4 4007/41/4 4003/41/4
f 4001/41/5 4005/41/5 4008/41/5 4004/41/5
f 4002/41/6 4003/41/6 4007/41/6 4006/41/6
f 4009/30/1 4012/30/1 4011/30/1 4010/30/1
f 4013/30/2 4014/30/2 4015/30/2 4016/30/2
f 4009/30/3 4010/30/3 4014/30/3 4013/30/3
f 4012/30/4 4016/30/4 4015/30/4 4011/30/4
f 4009/30/5 4013/30/5 4016/30/5 4012/30/5
f 4010/30/6 4011/30/6 4015/30/6 4014/30/6
f 4017/30/1 4020/30/1 4019/30/1 4018/30/1
f 4021/30/2 4022/30/2 4023/30/2 4024/30/2
f 4017/30/3 4018/30/3 4022/30/3 4021/30/3
f 4020/30/4 4024/30/4 4023/30/4 4019/30/4
f 4017/30/5 4021/30/5 4024/30/5 4020/30/5
f 4018/30/6 4019/30/6 4023/30/6 4022/30/6
f 4025/30/1 4028/30/1 4027/30/1 4026/30/1
f 4029/30/2 4030/30/2 4031/30/2 4032/30/2
f 4025/30/3 4026/30/3 4030/30/3 4029/30/3
f 4028/30/4 4032/30/4 4031/30/4 4027/30/4
f 4025/30/5 4029/30/5 4032/30/5 4028/30/5
f 4026/30/6 4027/30/6 4031/30/6 4030/30/6
f 4033/30/1 4036/30/1 4035/30/1 4034/30/1
f 4037/30/2 4038/30/2 4039/30/2 4040/30/2
f 4033/30/3 4034/30/3 4038/30/3 4037/30/3
f 4036/30/4 4040/30/4 4039/30/4 4035/30/4
f 4033/30/5 4037/30/5 4040/30/5 4036/30/5
f 4034/30/6 4035/30/6 4039/30/6 4038/30/6
f 4041/30/1 4044/30/1 4043/30/1 4042/30/1
f 4045/30/2 4046/30/2 4047/30/2 4048/30/2
f 4041/30/3 4042/30/3 4046/30/3 4045/30/3
f 4044/30/4 4048/30/4 4047/30/4 4043/30/4
f 4041/30/5 4045/30/5 4048/30/5 4044/30/5
f 4042/30/6 4043/30/6 4047/30/6 4046/30/6
f 4049/30/1 4052/30/1 4051/30/1 4050/30/1
f 4053/30/2 4054/30/2 4055/30/2 4056/30/2
f 4049/30/3 4050/30/3 4054/30/3 4053/30/3
f 4052/30/4 4056/30/4 4055/30/4 4051/30/4
f 4049/30/5 4053/30/5 4056/30/5 4052/30/5
f 4050/30/6 4051/30/6 4055/30/6 4054/30/6
f 4057/30/1 4060/30/1 4059/30/1 4058/30/1
f 4061/30/2 4062/30/2 4063/30/2 4064/30/2
f 4057/30/3 4058/30/3 4062/30/3 4061/30/3
f 4060/30/4 4064/30/4 4063/30/4 4059/30/4
f 4057/30/5 4061/30/5 4064/30/5 4060/30/5
f 4058/30/6 4059/30/6 4063/30/6 4062/30/6
f 4065/40/1 4068/40/1 4067/40/1 4066/40/1
f 4069/40/2 4070/40/2 4071/40/2 4072/40/2
f 4065/40/3 4066/40/3 4070/40/3 4069/40/3
f 4068/40/4 4072/40/4 4071/40/4 4067/40/4
f 4065/40/5 4069/40/5 4072/40/5 4068/40/5
f 4066/40/6 4067/40/6 4071/40/6 4070/40/6
f 4073/41/1 4076/41/1 4075/41/1 4074/41/1
f 4077/41/2 4078/41/2 4079/41/2 4080/41/2
f 4073/41/3 4074/41/3 4078/41/3 4077/41/3
f 4076/41/4 4080/41/4 4079/41/4 4075/41/4
f 4073/41/5 4077/41/5 4080/41/5 4076/41/5
f 4074/41/6 4075/41/6 4079/41/6 4078/41/6
f 4081/30/1 4084/30/1 4083/30/1 4082/30/1
f 4085/30/2 4086/30/2 4087/30/2 4088/30/2
f 4081/30/3 4082/30/3 4086/30/3 4085/30/3
f 4084/30/4 4088/30/4 4087/30/4 4083/30/4
f 4081/30/5 4085/30/5 4088/30/5 4084/30/5
f 4082/30/6 4083/30/6 4087/30/6 4086/30/6
f 4089/30/1 4092/30/1 4091/30/1 4090/30/1
f 4093/30/2 4094/30/2 4095/30/2 4096/30/2
f 4089/30/3 4090/30/3 4094/30/3 4093/30/3
f 4092/30/4 4096/30/4 4095/30/4 4091/30/4
f 4089/30/5 4093/30/5 4096/30/5 4092/30/5
f 4090/30/6 4091/30/6 4095/30/6 4094/30/6
f 4097/30/1 4100/30/1 4099/30/1 4098/30/1
f 4101/30/2 4102/30/2 4103/30/2 4104/30/2
f 4097/30/3 4098/30/3 4102/30/3 4101/30/3
f 4100/30/4 4104/30/4 4103/30/4 4099/30/4
f 4097/30/5 4101/30/5 4104/30/5 4100/30/5
f 4098/30/6 4099/30/6 4103/30/6 4102/30/6
f 4105/30/1 4108/30/1 4107/30/1 4106/30/1
f 4109/30/2 4110/30/2 4111/30/2 4112/30/2
f 4105/30/3 4106/30/3 4110/30/3 4109/30/3
f 4108/30/4 4112/30/4 4111/30/4 4107/30/4
f 4105/30/5 4109/30/5 4112/30/5 4108/30/5
f 4106/30/6 4107/30/6 4111/30/6 4110/30/6
f 4113/30/1 4116/30/1 4115/30/1 4114/30/1
f 4117/30/2 4118/30/2 4119/30/2 4120/30/2
f 4113/30/3 4114/30/3 4118/30/3 4117/30/3
f 4116/30/4 4120/30/4 4119/30/4 4115/30/4
f 4113/30/5 4117/30/5 4120/30/5 4116/30/5
f 4114/30/6 4115/30/6 4119/30/6 4118/30/6
f 4121/30/1 4124/30/1 4123/30/1 4122/30/1
f 4125/30/2 4126/30/2 4127/30/2 4128/30/2
f 4121/30/3 4122/30/3 4126/30/3 4125/30/3
f 4124/30/4 4128/30/4 4127/30/4 4123/30/4
f 4121/30/5 4125/30/5 4128/30/5 4124/30/5
f 4122/30/6 4123/30/6 4127/30/6 4126/30/6
f 4129/30/1 4132/30/1 4131/30/1 4130/30/1
f 4133/30/2 4134/30/2 4135/30/2 4136/30/2
f 4129/30/3 4130/30/3 4134/30/3 4133/30/3
f 4132/30/4 4136/30/4 4135/30/4 4131/30/4
f 4129/30/5 4133/30/5 4136/30/5 4132/30/5
f 4130/30/6 4131/30/6 4135/30/6 4134/30/6
o SHELL_sign
usemtl palette
f 4137/47/1 4140/47/1 4139/47/1 4138/47/1
f 4141/47/2 4142/47/2 4143/47/2 4144/47/2
f 4137/47/3 4138/47/3 4142/47/3 4141/47/3
f 4140/47/4 4144/47/4 4143/47/4 4139/47/4
f 4137/47/5 4141/47/5 4144/47/5 4140/47/5
f 4138/47/6 4139/47/6 4143/47/6 4142/47/6
f 4145/47/1 4148/47/1 4147/47/1 4146/47/1
f 4149/47/2 4150/47/2 4151/47/2 4152/47/2
f 4145/47/3 4146/47/3 4150/47/3 4149/47/3
f 4148/47/4 4152/47/4 4151/47/4 4147/47/4
f 4145/47/5 4149/47/5 4152/47/5 4148/47/5
f 4146/47/6 4147/47/6 4151/47/6 4150/47/6
o SHELL_floor
usemtl palette
f 4153/3/1 4156/3/1 4155/3/1 4154/3/1
f 4157/3/2 4158/3/2 4159/3/2 4160/3/2
f 4153/3/3 4154/3/3 4158/3/3 4157/3/3
f 4156/3/4 4160/3/4 4159/3/4 4155/3/4
f 4153/3/5 4157/3/5 4160/3/5 4156/3/5
f 4154/3/6 4155/3/6 4159/3/6 4158/3/6
o SHELL_ceiling
usemtl palette
f 4161/5/1 4164/5/1 4163/5/1 4162/5/1
f 4165/5/2 4166/5/2 4167/5/2 4168/5/2
f 4161/5/3 4162/5/3 4166/5/3 4165/5/3
f 4164/5/4 4168/5/4 4167/5/4 4163/5/4
f 4161/5/5 4165/5/5 4168/5/5 4164/5/5
f 4162/5/6 4163/5/6 4167/5/6 4166/5/6
o SHELL_lights
usemtl palette
f 4169/37/1 4172/37/1 4171/37/1 4170/37/1
f 4173/37/2 4174/37/2 4175/37/2 4176/37/2
f 4169/37/3 4170/37/3 4174/37/3 4173/37/3
f 4172/37/4 4176/37/4 4175/37/4 4171/37/4
f 4169/37/5 4173/37/5 4176/37/5 4172/37/5
f 4170/37/6 4171/37/6 4175/37/6 4174/37/6
f 4177/37/1 4180/37/1 4179/37/1 4178/37/1
f 4181/37/2 4182/37/2 4183/37/2 4184/37/2
f 4177/37/3 4178/37/3 4182/37/3 4181/37/3
f 4180/37/4 4184/37/4 4183/37/4 4179/37/4
f 4177/37/5 4181/37/5 4184/37/5 4180/37/5
f 4178/37/6 4179/37/6 4183/37/6 4182/37/6
o SHELL_end
usemtl palette
f 4185/12/1 4188/12/1 4187/12/1 4186/12/1
f 4189/12/2 4190/12/2 4191/12/2 4192/12/2
f 4185/12/3 4186/12/3 4190/12/3 4189/12/3
f 4188/12/4 4192/12/4 4191/12/4 4187/12/4
f 4185/12/5 4189/12/5 4192/12/5 4188/12/5
f 4186/12/6 4187/12/6 4191/12/6 4190/12/6
f 4193/12/1 4196/12/1 4195/12/1 4194/12/1
f 4197/12/2 4198/12/2 4199/12/2 4200/12/2
f 4193/12/3 4194/12/3 4198/12/3 4197/12/3
f 4196/12/4 4200/12/4 4199/12/4 4195/12/4
f 4193/12/5 4197/12/5 4200/12/5 4196/12/5
f 4194/12/6 4195/12/6 4199/12/6 4198/12/6
f 4201/12/1 4204/12/1 4203/12/1 4202/12/1
f 4205/12/2 4206/12/2 4207/12/2 4208/12/2
f 4201/12/3 4202/12/3 4206/12/3 4205/12/3
f 4204/12/4 4208/12/4 4207/12/4 4203/12/4
f 4201/12/5 4205/12/5 4208/12/5 4204/12/5
f 4202/12/6 4203/12/6 4207/12/6 4206/12/6
f 4209/10/1 4212/10/1 4211/10/1 4210/10/1
f 4213/10/2 4214/10/2 4215/10/2 4216/10/2
f 4209/10/3 4210/10/3 4214/10/3 4213/10/3
f 4212/10/4 4216/10/4 4215/10/4 4211/10/4
f 4209/10/5 4213/10/5 4216/10/5 4212/10/5
f 4210/10/6 4211/10/6 4215/10/6 4214/10/6
f 4217/12/1 4220/12/1 4219/12/1 4218/12/1
f 4221/12/2 4222/12/2 4223/12/2 4224/12/2
f 4217/12/3 4218/12/3 4222/12/3 4221/12/3
f 4220/12/4 4224/12/4 4223/12/4 4219/12/4
f 4217/12/5 4221/12/5 4224/12/5 4220/12/5
f 4218/12/6 4219/12/6 4223/12/6 4222/12/6
f 4225/12/1 4228/12/1 4227/12/1 4226/12/1
f 4229/12/2 4230/12/2 4231/12/2 4232/12/2
f 4225/12/3 4226/12/3 4230/12/3 4229/12/3
f 4228/12/4 4232/12/4 4231/12/4 4227/12/4
f 4225/12/5 4229/12/5 4232/12/5 4228/12/5
f 4226/12/6 4227/12/6 4231/12/6 4230/12/6
f 4233/12/1 4236/12/1 4235/12/1 4234/12/1
f 4237/12/2 4238/12/2 4239/12/2 4240/12/2
f 4233/12/3 4234/12/3 4238/12/3 4237/12/3
f 4236/12/4 4240/12/4 4239/12/4 4235/12/4
f 4233/12/5 4237/12/5 4240/12/5 4236/12/5
f 4234/12/6 4235/12/6 4239/12/6 4238/12/6
f 4241/10/1 4244/10/1 4243/10/1 4242/10/1
f 4245/10/2 4246/10/2 4247/10/2 4248/10/2
f 4241/10/3 4242/10/3 4246/10/3 4245/10/3
f 4244/10/4 4248/10/4 4247/10/4 4243/10/4
f 4241/10/5 4245/10/5 4248/10/5 4244/10/5
f 4242/10/6 4243/10/6 4247/10/6 4246/10/6
o CONNECTING_DOOR_1_CG_CR_TOGGLE_TL_0.98_Z
usemtl palette
f 4249/55/1 4252/55/1 4251/55/1 4250/55/1
f 4253/55/2 4254/55/2 4255/55/2 4256/55/2
f 4249/55/3 4250/55/3 4254/55/3 4253/55/3
f 4252/55/4 4256/55/4 4255/55/4 4251/55/4
f 4249/55/5 4253/55/5 4256/55/5 4252/55/5
f 4250/55/6 4251/55/6 4255/55/6 4254/55/6
f 4257/1/1 4260/1/1 4259/1/1 4258/1/1
f 4261/1/2 4262/1/2 4263/1/2 4264/1/2
f 4257/1/3 4258/1/3 4262/1/3 4261/1/3
f 4260/1/4 4264/1/4 4263/1/4 4259/1/4
f 4257/1/5 4261/1/5 4264/1/5 4260/1/5
f 4258/1/6 4259/1/6 4263/1/6 4262/1/6
o CONNECTING_DOOR_2_CG_CF_TOGGLE_TL_0.98_Z
usemtl palette
f 4265/55/1 4268/55/1 4267/55/1 4266/55/1
f 4269/55/2 4270/55/2 4271/55/2 4272/55/2
f 4265/55/3 4266/55/3 4270/55/3 4269/55/3
f 4268/55/4 4272/55/4 4271/55/4 4267/55/4
f 4265/55/5 4269/55/5 4272/55/5 4268/55/5
f 4266/55/6 4267/55/6 4271/55/6 4270/55/6
f 4273/1/1 4276/1/1 4275/1/1 4274/1/1
f 4277/1/2 4278/1/2 4279/1/2 4280/1/2
f 4273/1/3 4274/1/3 4278/1/3 4277/1/3
f 4276/1/4 4280/1/4 4279/1/4 4275/1/4
f 4273/1/5 4277/1/5 4280/1/5 4276/1/5
f 4274/1/6 4275/1/6 4279/1/6 4278/1/6
o EXTERNAL_DOOR_4_CG_DR1_TOGGLE_TL_-0.54_X
usemtl palette
f 4281/55/1 4284/55/1 4283/55/1 4282/55/1
f 4285/55/2 4286/55/2 4287/55/2 4288/55/2
f 4281/55/3 4282/55/3 4286/55/3 4285/55/3
f 4284/55/4 4288/55/4 4287/55/4 4283/55/4
f 4281/55/5 4285/55/5 4288/55/5 4284/55/5
f 4282/55/6 4283/55/6 4287/55/6 4286/55/6
f 4289/55/1 4292/55/1 4291/55/1 4290/55/1
f 4293/55/2 4294/55/2 4295/55/2 4296/55/2
f 4289/55/3 4290/55/3 4294/55/3 4293/55/3
f 4292/55/4 4296/55/4 4295/55/4 4291/55/4
f 4289/55/5 4293/55/5 4296/55/5 4292/55/5
f 4290/55/6 4291/55/6 4295/55/6 4294/55/6
f 4297/55/1 4300/55/1 4299/55/1 4298/55/1
f 4301/55/2 4302/55/2 4303/55/2 4304/55/2
f 4297/55/3 4298/55/3 4302/55/3 4301/55/3
f 4300/55/4 4304/55/4 4303/55/4 4299/55/4
f 4297/55/5 4301/55/5 4304/55/5 4300/55/5
f 4298/55/6 4299/55/6 4303/55/6 4302/55/6
f 4305/55/1 4308/55/1 4307/55/1 4306/55/1
f 4309/55/2 4310/55/2 4311/55/2 4312/55/2
f 4305/55/3 4306/55/3 4310/55/3 4309/55/3
f 4308/55/4 4312/55/4 4311/55/4 4307/55/4
f 4305/55/5 4309/55/5 4312/55/5 4308/55/5
f 4306/55/6 4307/55/6 4311/55/6 4310/55/6
f 4313/1/1 4316/1/1 4315/1/1 4314/1/1
f 4317/1/2 4318/1/2 4319/1/2 4320/1/2
f 4313/1/3 4314/1/3 4318/1/3 4317/1/3
f 4316/1/4 4320/1/4 4319/1/4 4315/1/4
f 4313/1/5 4317/1/5 4320/1/5 4316/1/5
f 4314/1/6 4315/1/6 4319/1/6 4318/1/6
f 4321/7/1 4324/7/1 4323/7/1 4322/7/1
f 4325/7/2 4326/7/2 4327/7/2 4328/7/2
f 4321/7/3 4322/7/3 4326/7/3 4325/7/3
f 4324/7/4 4328/7/4 4327/7/4 4323/7/4
f 4321/7/5 4325/7/5 4328/7/5 4324/7/5
f 4322/7/6 4323/7/6 4327/7/6 4326/7/6
o EXTERNAL_DOOR_5_CG_DR1_TOGGLE_TL_0.54_X
usemtl palette
f 4329/55/1 4332/55/1 4331/55/1 4330/55/1
f 4333/55/2 4334/55/2 4335/55/2 4336/55/2
f 4329/55/3 4330/55/3 4334/55/3 4333/55/3
f 4332/55/4 4336/55/4 4335/55/4 4331/55/4
f 4329/55/5 4333/55/5 4336/55/5 4332/55/5
f 4330/55/6 4331/55/6 4335/55/6 4334/55/6
f 4337/55/1 4340/55/1 4339/55/1 4338/55/1
f 4341/55/2 4342/55/2 4343/55/2 4344/55/2
f 4337/55/3 4338/55/3 4342/55/3 4341/55/3
f 4340/55/4 4344/55/4 4343/55/4 4339/55/4
f 4337/55/5 4341/55/5 4344/55/5 4340/55/5
f 4338/55/6 4339/55/6 4343/55/6 4342/55/6
f 4345/55/1 4348/55/1 4347/55/1 4346/55/1
f 4349/55/2 4350/55/2 4351/55/2 4352/55/2
f 4345/55/3 4346/55/3 4350/55/3 4349/55/3
f 4348/55/4 4352/55/4 4351/55/4 4347/55/4
f 4345/55/5 4349/55/5 4352/55/5 4348/55/5
f 4346/55/6 4347/55/6 4351/55/6 4350/55/6
f 4353/55/1 4356/55/1 4355/55/1 4354/55/1
f 4357/55/2 4358/55/2 4359/55/2 4360/55/2
f 4353/55/3 4354/55/3 4358/55/3 4357/55/3
f 4356/55/4 4360/55/4 4359/55/4 4355/55/4
f 4353/55/5 4357/55/5 4360/55/5 4356/55/5
f 4354/55/6 4355/55/6 4359/55/6 4358/55/6
f 4361/1/1 4364/1/1 4363/1/1 4362/1/1
f 4365/1/2 4366/1/2 4367/1/2 4368/1/2
f 4361/1/3 4362/1/3 4366/1/3 4365/1/3
f 4364/1/4 4368/1/4 4367/1/4 4363/1/4
f 4361/1/5 4365/1/5 4368/1/5 4364/1/5
f 4362/1/6 4363/1/6 4367/1/6 4366/1/6
f 4369/7/1 4372/7/1 4371/7/1 4370/7/1
f 4373/7/2 4374/7/2 4375/7/2 4376/7/2
f 4369/7/3 4370/7/3 4374/7/3 4373/7/3
f 4372/7/4 4376/7/4 4375/7/4 4371/7/4
f 4369/7/5 4373/7/5 4376/7/5 4372/7/5
f 4370/7/6 4371/7/6 4375/7/6 4374/7/6
o SHELL_doorkit
usemtl palette
f 4377/13/1 4380/13/1 4379/13/1 4378/13/1
f 4381/13/2 4382/13/2 4383/13/2 4384/13/2
f 4377/13/3 4378/13/3 4382/13/3 4381/13/3
f 4380/13/4 4384/13/4 4383/13/4 4379/13/4
f 4377/13/5 4381/13/5 4384/13/5 4380/13/5
f 4378/13/6 4379/13/6 4383/13/6 4382/13/6
f 4385/10/1 4388/10/1 4387/10/1 4386/10/1
f 4389/10/2 4390/10/2 4391/10/2 4392/10/2
f 4385/10/3 4386/10/3 4390/10/3 4389/10/3
f 4388/10/4 4392/10/4 4391/10/4 4387/10/4
f 4385/10/5 4389/10/5 4392/10/5 4388/10/5
f 4386/10/6 4387/10/6 4391/10/6 4390/10/6
f 4393/13/1 4396/13/1 4395/13/1 4394/13/1
f 4397/13/2 4398/13/2 4399/13/2 4400/13/2
f 4393/13/3 4394/13/3 4398/13/3 4397/13/3
f 4396/13/4 4400/13/4 4399/13/4 4395/13/4
f 4393/13/5 4397/13/5 4400/13/5 4396/13/5
f 4394/13/6 4395/13/6 4399/13/6 4398/13/6
f 4401/10/1 4404/10/1 4403/10/1 4402/10/1
f 4405/10/2 4406/10/2 4407/10/2 4408/10/2
f 4401/10/3 4402/10/3 4406/10/3 4405/10/3
f 4404/10/4 4408/10/4 4407/10/4 4403/10/4
f 4401/10/5 4405/10/5 4408/10/5 4404/10/5
f 4402/10/6 4403/10/6 4407/10/6 4406/10/6
f 4409/13/1 4412/13/1 4411/13/1 4410/13/1
f 4413/13/2 4414/13/2 4415/13/2 4416/13/2
f 4409/13/3 4410/13/3 4414/13/3 4413/13/3
f 4412/13/4 4416/13/4 4415/13/4 4411/13/4
f 4409/13/5 4413/13/5 4416/13/5 4412/13/5
f 4410/13/6 4411/13/6 4415/13/6 4414/13/6
f 4417/10/1 4420/10/1 4419/10/1 4418/10/1
f 4421/10/2 4422/10/2 4423/10/2 4424/10/2
f 4417/10/3 4418/10/3 4422/10/3 4421/10/3
f 4420/10/4 4424/10/4 4423/10/4 4419/10/4
f 4417/10/5 4421/10/5 4424/10/5 4420/10/5
f 4418/10/6 4419/10/6 4423/10/6 4422/10/6
f 4425/13/1 4428/13/1 4427/13/1 4426/13/1
f 4429/13/2 4430/13/2 4431/13/2 4432/13/2
f 4425/13/3 4426/13/3 4430/13/3 4429/13/3
f 4428/13/4 4432/13/4 4431/13/4 4427/13/4
f 4425/13/5 4429/13/5 4432/13/5 4428/13/5
f 4426/13/6 4427/13/6 4431/13/6 4430/13/6
f 4433/10/1 4436/10/1 4435/10/1 4434/10/1
f 4437/10/2 4438/10/2 4439/10/2 4440/10/2
f 4433/10/3 4434/10/3 4438/10/3 4437/10/3
f 4436/10/4 4440/10/4 4439/10/4 4435/10/4
f 4433/10/5 4437/10/5 4440/10/5 4436/10/5
f 4434/10/6 4435/10/6 4439/10/6 4438/10/6
o EXTERNAL_DOOR_7_CG_DL1_TOGGLE_TL_-0.54_X
usemtl palette
f 4441/55/1 4444/55/1 4443/55/1 4442/55/1
f 4445/55/2 4446/55/2 4447/55/2 4448/55/2
f 4441/55/3 4442/55/3 4446/55/3 4445/55/3
f 4444/55/4 4448/55/4 4447/55/4 4443/55/4
f 4441/55/5 4445/55/5 4448/55/5 4444/55/5
f 4442/55/6 4443/55/6 4447/55/6 4446/55/6
f 4449/55/1 4452/55/1 4451/55/1 4450/55/1
f 4453/55/2 4454/55/2 4455/55/2 4456/55/2
f 4449/55/3 4450/55/3 4454/55/3 4453/55/3
f 4452/55/4 4456/55/4 4455/55/4 4451/55/4
f 4449/55/5 4453/55/5 4456/55/5 4452/55/5
f 4450/55/6 4451/55/6 4455/55/6 4454/55/6
f 4457/55/1 4460/55/1 4459/55/1 4458/55/1
f 4461/55/2 4462/55/2 4463/55/2 4464/55/2
f 4457/55/3 4458/55/3 4462/55/3 4461/55/3
f 4460/55/4 4464/55/4 4463/55/4 4459/55/4
f 4457/55/5 4461/55/5 4464/55/5 4460/55/5
f 4458/55/6 4459/55/6 4463/55/6 4462/55/6
f 4465/55/1 4468/55/1 4467/55/1 4466/55/1
f 4469/55/2 4470/55/2 4471/55/2 4472/55/2
f 4465/55/3 4466/55/3 4470/55/3 4469/55/3
f 4468/55/4 4472/55/4 4471/55/4 4467/55/4
f 4465/55/5 4469/55/5 4472/55/5 4468/55/5
f 4466/55/6 4467/55/6 4471/55/6 4470/55/6
f 4473/1/1 4476/1/1 4475/1/1 4474/1/1
f 4477/1/2 4478/1/2 4479/1/2 4480/1/2
f 4473/1/3 4474/1/3 4478/1/3 4477/1/3
f 4476/1/4 4480/1/4 4479/1/4 4475/1/4
f 4473/1/5 4477/1/5 4480/1/5 4476/1/5
f 4474/1/6 4475/1/6 4479/1/6 4478/1/6
f 4481/7/1 4484/7/1 4483/7/1 4482/7/1
f 4485/7/2 4486/7/2 4487/7/2 4488/7/2
f 4481/7/3 4482/7/3 4486/7/3 4485/7/3
f 4484/7/4 4488/7/4 4487/7/4 4483/7/4
f 4481/7/5 4485/7/5 4488/7/5 4484/7/5
f 4482/7/6 4483/7/6 4487/7/6 4486/7/6
o EXTERNAL_DOOR_8_CG_DL1_TOGGLE_TL_0.54_X
usemtl palette
f 4489/55/1 4492/55/1 4491/55/1 4490/55/1
f 4493/55/2 4494/55/2 4495/55/2 4496/55/2
f 4489/55/3 4490/55/3 4494/55/3 4493/55/3
f 4492/55/4 4496/55/4 4495/55/4 4491/55/4
f 4489/55/5 4493/55/5 4496/55/5 4492/55/5
f 4490/55/6 4491/55/6 4495/55/6 4494/55/6
f 4497/55/1 4500/55/1 4499/55/1 4498/55/1
f 4501/55/2 4502/55/2 4503/55/2 4504/55/2
f 4497/55/3 4498/55/3 4502/55/3 4501/55/3
f 4500/55/4 4504/55/4 4503/55/4 4499/55/4
f 4497/55/5 4501/55/5 4504/55/5 4500/55/5
f 4498/55/6 4499/55/6 4503/55/6 4502/55/6
f 4505/55/1 4508/55/1 4507/55/1 4506/55/1
f 4509/55/2 4510/55/2 4511/55/2 4512/55/2
f 4505/55/3 4506/55/3 4510/55/3 4509/55/3
f 4508/55/4 4512/55/4 4511/55/4 4507/55/4
f 4505/55/5 4509/55/5 4512/55/5 4508/55/5
f 4506/55/6 4507/55/6 4511/55/6 4510/55/6
f 4513/55/1 4516/55/1 4515/55/1 4514/55/1
f 4517/55/2 4518/55/2 4519/55/2 4520/55/2
f 4513/55/3 4514/55/3 4518/55/3 4517/55/3
f 4516/55/4 4520/55/4 4519/55/4 4515/55/4
f 4513/55/5 4517/55/5 4520/55/5 4516/55/5
f 4514/55/6 4515/55/6 4519/55/6 4518/55/6
f 4521/1/1 4524/1/1 4523/1/1 4522/1/1
f 4525/1/2 4526/1/2 4527/1/2 4528/1/2
f 4521/1/3 4522/1/3 4526/1/3 4525/1/3
f 4524/1/4 4528/1/4 4527/1/4 4523/1/4
f 4521/1/5 4525/1/5 4528/1/5 4524/1/5
f 4522/1/6 4523/1/6 4527/1/6 4526/1/6
f 4529/7/1 4532/7/1 4531/7/1 4530/7/1
f 4533/7/2 4534/7/2 4535/7/2 4536/7/2
f 4529/7/3 4530/7/3 4534/7/3 4533/7/3
f 4532/7/4 4536/7/4 4535/7/4 4531/7/4
f 4529/7/5 4533/7/5 4536/7/5 4532/7/5
f 4530/7/6 4531/7/6 4535/7/6 4534/7/6
o EXTERNAL_DOOR_10_CG_DR2_TOGGLE_TL_-0.54_X
usemtl palette
f 4537/55/1 4540/55/1 4539/55/1 4538/55/1
f 4541/55/2 4542/55/2 4543/55/2 4544/55/2
f 4537/55/3 4538/55/3 4542/55/3 4541/55/3
f 4540/55/4 4544/55/4 4543/55/4 4539/55/4
f 4537/55/5 4541/55/5 4544/55/5 4540/55/5
f 4538/55/6 4539/55/6 4543/55/6 4542/55/6
f 4545/55/1 4548/55/1 4547/55/1 4546/55/1
f 4549/55/2 4550/55/2 4551/55/2 4552/55/2
f 4545/55/3 4546/55/3 4550/55/3 4549/55/3
f 4548/55/4 4552/55/4 4551/55/4 4547/55/4
f 4545/55/5 4549/55/5 4552/55/5 4548/55/5
f 4546/55/6 4547/55/6 4551/55/6 4550/55/6
f 4553/55/1 4556/55/1 4555/55/1 4554/55/1
f 4557/55/2 4558/55/2 4559/55/2 4560/55/2
f 4553/55/3 4554/55/3 4558/55/3 4557/55/3
f 4556/55/4 4560/55/4 4559/55/4 4555/55/4
f 4553/55/5 4557/55/5 4560/55/5 4556/55/5
f 4554/55/6 4555/55/6 4559/55/6 4558/55/6
f 4561/55/1 4564/55/1 4563/55/1 4562/55/1
f 4565/55/2 4566/55/2 4567/55/2 4568/55/2
f 4561/55/3 4562/55/3 4566/55/3 4565/55/3
f 4564/55/4 4568/55/4 4567/55/4 4563/55/4
f 4561/55/5 4565/55/5 4568/55/5 4564/55/5
f 4562/55/6 4563/55/6 4567/55/6 4566/55/6
f 4569/1/1 4572/1/1 4571/1/1 4570/1/1
f 4573/1/2 4574/1/2 4575/1/2 4576/1/2
f 4569/1/3 4570/1/3 4574/1/3 4573/1/3
f 4572/1/4 4576/1/4 4575/1/4 4571/1/4
f 4569/1/5 4573/1/5 4576/1/5 4572/1/5
f 4570/1/6 4571/1/6 4575/1/6 4574/1/6
f 4577/7/1 4580/7/1 4579/7/1 4578/7/1
f 4581/7/2 4582/7/2 4583/7/2 4584/7/2
f 4577/7/3 4578/7/3 4582/7/3 4581/7/3
f 4580/7/4 4584/7/4 4583/7/4 4579/7/4
f 4577/7/5 4581/7/5 4584/7/5 4580/7/5
f 4578/7/6 4579/7/6 4583/7/6 4582/7/6
o EXTERNAL_DOOR_11_CG_DR2_TOGGLE_TL_0.54_X
usemtl palette
f 4585/55/1 4588/55/1 4587/55/1 4586/55/1
f 4589/55/2 4590/55/2 4591/55/2 4592/55/2
f 4585/55/3 4586/55/3 4590/55/3 4589/55/3
f 4588/55/4 4592/55/4 4591/55/4 4587/55/4
f 4585/55/5 4589/55/5 4592/55/5 4588/55/5
f 4586/55/6 4587/55/6 4591/55/6 4590/55/6
f 4593/55/1 4596/55/1 4595/55/1 4594/55/1
f 4597/55/2 4598/55/2 4599/55/2 4600/55/2
f 4593/55/3 4594/55/3 4598/55/3 4597/55/3
f 4596/55/4 4600/55/4 4599/55/4 4595/55/4
f 4593/55/5 4597/55/5 4600/55/5 4596/55/5
f 4594/55/6 4595/55/6 4599/55/6 4598/55/6
f 4601/55/1 4604/55/1 4603/55/1 4602/55/1
f 4605/55/2 4606/55/2 4607/55/2 4608/55/2
f 4601/55/3 4602/55/3 4606/55/3 4605/55/3
f 4604/55/4 4608/55/4 4607/55/4 4603/55/4
f 4601/55/5 4605/55/5 4608/55/5 4604/55/5
f 4602/55/6 4603/55/6 4607/55/6 4606/55/6
f 4609/55/1 4612/55/1 4611/55/1 4610/55/1
f 4613/55/2 4614/55/2 4615/55/2 4616/55/2
f 4609/55/3 4610/55/3 4614/55/3 4613/55/3
f 4612/55/4 4616/55/4 4615/55/4 4611/55/4
f 4609/55/5 4613/55/5 4616/55/5 4612/55/5
f 4610/55/6 4611/55/6 4615/55/6 4614/55/6
f 4617/1/1 4620/1/1 4619/1/1 4618/1/1
f 4621/1/2 4622/1/2 4623/1/2 4624/1/2
f 4617/1/3 4618/1/3 4622/1/3 4621/1/3
f 4620/1/4 4624/1/4 4623/1/4 4619/1/4
f 4617/1/5 4621/1/5 4624/1/5 4620/1/5
f 4618/1/6 4619/1/6 4623/1/6 4622/1/6
f 4625/7/1 4628/7/1 4627/7/1 4626/7/1
f 4629/7/2 4630/7/2 4631/7/2 4632/7/2
f 4625/7/3 4626/7/3 4630/7/3 4629/7/3
f 4628/7/4 4632/7/4 4631/7/4 4627/7/4
f 4625/7/5 4629/7/5 4632/7/5 4628/7/5
f 4626/7/6 4627/7/6 4631/7/6 4630/7/6
o EXTERNAL_DOOR_13_CG_DL2_TOGGLE_TL_-0.54_X
usemtl palette
f 4633/55/1 4636/55/1 4635/55/1 4634/55/1
f 4637/55/2 4638/55/2 4639/55/2 4640/55/2
f 4633/55/3 4634/55/3 4638/55/3 4637/55/3
f 4636/55/4 4640/55/4 4639/55/4 4635/55/4
f 4633/55/5 4637/55/5 4640/55/5 4636/55/5
f 4634/55/6 4635/55/6 4639/55/6 4638/55/6
f 4641/55/1 4644/55/1 4643/55/1 4642/55/1
f 4645/55/2 4646/55/2 4647/55/2 4648/55/2
f 4641/55/3 4642/55/3 4646/55/3 4645/55/3
f 4644/55/4 4648/55/4 4647/55/4 4643/55/4
f 4641/55/5 4645/55/5 4648/55/5 4644/55/5
f 4642/55/6 4643/55/6 4647/55/6 4646/55/6
f 4649/55/1 4652/55/1 4651/55/1 4650/55/1
f 4653/55/2 4654/55/2 4655/55/2 4656/55/2
f 4649/55/3 4650/55/3 4654/55/3 4653/55/3
f 4652/55/4 4656/55/4 4655/55/4 4651/55/4
f 4649/55/5 4653/55/5 4656/55/5 4652/55/5
f 4650/55/6 4651/55/6 4655/55/6 4654/55/6
f 4657/55/1 4660/55/1 4659/55/1 4658/55/1
f 4661/55/2 4662/55/2 4663/55/2 4664/55/2
f 4657/55/3 4658/55/3 4662/55/3 4661/55/3
f 4660/55/4 4664/55/4 4663/55/4 4659/55/4
f 4657/55/5 4661/55/5 4664/55/5 4660/55/5
f 4658/55/6 4659/55/6 4663/55/6 4662/55/6
f 4665/1/1 4668/1/1 4667/1/1 4666/1/1
f 4669/1/2 4670/1/2 4671/1/2 4672/1/2
f 4665/1/3 4666/1/3 4670/1/3 4669/1/3
f 4668/1/4 4672/1/4 4671/1/4 4667/1/4
f 4665/1/5 4669/1/5 4672/1/5 4668/1/5
f 4666/1/6 4667/1/6 4671/1/6 4670/1/6
f 4673/7/1 4676/7/1 4675/7/1 4674/7/1
f 4677/7/2 4678/7/2 4679/7/2 4680/7/2
f 4673/7/3 4674/7/3 4678/7/3 4677/7/3
f 4676/7/4 4680/7/4 4679/7/4 4675/7/4
f 4673/7/5 4677/7/5 4680/7/5 4676/7/5
f 4674/7/6 4675/7/6 4679/7/6 4678/7/6
o EXTERNAL_DOOR_14_CG_DL2_TOGGLE_TL_0.54_X
usemtl palette
f 4681/55/1 4684/55/1 4683/55/1 4682/55/1
f 4685/55/2 4686/55/2 4687/55/2 4688/55/2
f 4681/55/3 4682/55/3 4686/55/3 4685/55/3
f 4684/55/4 4688/55/4 4687/55/4 4683/55/4
f 4681/55/5 4685/55/5 4688/55/5 4684/55/5
f 4682/55/6 4683/55/6 4687/55/6 4686/55/6
f 4689/55/1 4692/55/1 4691/55/1 4690/55/1
f 4693/55/2 4694/55/2 4695/55/2 4696/55/2
f 4689/55/3 4690/55/3 4694/55/3 4693/55/3
f 4692/55/4 4696/55/4 4695/55/4 4691/55/4
f 4689/55/5 4693/55/5 4696/55/5 4692/55/5
f 4690/55/6 4691/55/6 4695/55/6 4694/55/6
f 4697/55/1 4700/55/1 4699/55/1 4698/55/1
f 4701/55/2 4702/55/2 4703/55/2 4704/55/2
f 4697/55/3 4698/55/3 4702/55/3 4701/55/3
f 4700/55/4 4704/55/4 4703/55/4 4699/55/4
f 4697/55/5 4701/55/5 4704/55/5 4700/55/5
f 4698/55/6 4699/55/6 4703/55/6 4702/55/6
f 4705/55/1 4708/55/1 4707/55/1 4706/55/1
f 4709/55/2 4710/55/2 4711/55/2 4712/55/2
f 4705/55/3 4706/55/3 4710/55/3 4709/55/3
f 4708/55/4 4712/55/4 4711/55/4 4707/55/4
f 4705/55/5 4709/55/5 4712/55/5 4708/55/5
f 4706/55/6 4707/55/6 4711/55/6 4710/55/6
f 4713/1/1 4716/1/1 4715/1/1 4714/1/1
f 4717/1/2 4718/1/2 4719/1/2 4720/1/2
f 4713/1/3 4714/1/3 4718/1/3 4717/1/3
f 4716/1/4 4720/1/4 4719/1/4 4715/1/4
f 4713/1/5 4717/1/5 4720/1/5 4716/1/5
f 4714/1/6 4715/1/6 4719/1/6 4718/1/6
f 4721/7/1 4724/7/1 4723/7/1 4722/7/1
f 4725/7/2 4726/7/2 4727/7/2 4728/7/2
f 4721/7/3 4722/7/3 4726/7/3 4725/7/3
f 4724/7/4 4728/7/4 4727/7/4 4723/7/4
f 4721/7/5 4725/7/5 4728/7/5 4724/7/5
f 4722/7/6 4723/7/6 4727/7/6 4726/7/6
o SHELL_bench
usemtl palette
f 4729/7/1 4732/7/1 4731/7/1 4730/7/1
f 4733/7/2 4734/7/2 4735/7/2 4736/7/2
f 4729/7/3 4730/7/3 4734/7/3 4733/7/3
f 4732/7/4 4736/7/4 4735/7/4 4731/7/4
f 4729/7/5 4733/7/5 4736/7/5 4732/7/5
f 4730/7/6 4731/7/6 4735/7/6 4734/7/6
f 4737/48/1 4740/48/1 4739/48/1 4738/48/1
f 4741/48/2 4742/48/2 4743/48/2 4744/48/2
f 4737/48/3 4738/48/3 4742/48/3 4741/48/3
f 4740/48/4 4744/48/4 4743/48/4 4739/48/4
f 4737/48/5 4741/48/5 4744/48/5 4740/48/5
f 4738/48/6 4739/48/6 4743/48/6 4742/48/6
f 4745/6/1 4748/6/1 4747/6/1 4746/6/1
f 4749/6/2 4750/6/2 4751/6/2 4752/6/2
f 4745/6/3 4746/6/3 4750/6/3 4749/6/3
f 4748/6/4 4752/6/4 4751/6/4 4747/6/4
f 4745/6/5 4749/6/5 4752/6/5 4748/6/5
f 4746/6/6 4747/6/6 4751/6/6 4750/6/6
f 4753/6/1 4756/6/1 4755/6/1 4754/6/1
f 4757/6/2 4758/6/2 4759/6/2 4760/6/2
f 4753/6/3 4754/6/3 4758/6/3 4757/6/3
f 4756/6/4 4760/6/4 4759/6/4 4755/6/4
f 4753/6/5 4757/6/5 4760/6/5 4756/6/5
f 4754/6/6 4755/6/6 4759/6/6 4758/6/6
f 4761/7/1 4764/7/1 4763/7/1 4762/7/1
f 4765/7/2 4766/7/2 4767/7/2 4768/7/2
f 4761/7/3 4762/7/3 4766/7/3 4765/7/3
f 4764/7/4 4768/7/4 4767/7/4 4763/7/4
f 4761/7/5 4765/7/5 4768/7/5 4764/7/5
f 4762/7/6 4763/7/6 4767/7/6 4766/7/6
f 4769/48/1 4772/48/1 4771/48/1 4770/48/1
f 4773/48/2 4774/48/2 4775/48/2 4776/48/2
f 4769/48/3 4770/48/3 4774/48/3 4773/48/3
f 4772/48/4 4776/48/4 4775/48/4 4771/48/4
f 4769/48/5 4773/48/5 4776/48/5 4772/48/5
f 4770/48/6 4771/48/6 4775/48/6 4774/48/6
f 4777/6/1 4780/6/1 4779/6/1 4778/6/1
f 4781/6/2 4782/6/2 4783/6/2 4784/6/2
f 4777/6/3 4778/6/3 4782/6/3 4781/6/3
f 4780/6/4 4784/6/4 4783/6/4 4779/6/4
f 4777/6/5 4781/6/5 4784/6/5 4780/6/5
f 4778/6/6 4779/6/6 4783/6/6 4782/6/6
f 4785/6/1 4788/6/1 4787/6/1 4786/6/1
f 4789/6/2 4790/6/2 4791/6/2 4792/6/2
f 4785/6/3 4786/6/3 4790/6/3 4789/6/3
f 4788/6/4 4792/6/4 4791/6/4 4787/6/4
f 4785/6/5 4789/6/5 4792/6/5 4788/6/5
f 4786/6/6 4787/6/6 4791/6/6 4790/6/6
f 4793/7/1 4796/7/1 4795/7/1 4794/7/1
f 4797/7/2 4798/7/2 4799/7/2 4800/7/2
f 4793/7/3 4794/7/3 4798/7/3 4797/7/3
f 4796/7/4 4800/7/4 4799/7/4 4795/7/4
f 4793/7/5 4797/7/5 4800/7/5 4796/7/5
f 4794/7/6 4795/7/6 4799/7/6 4798/7/6
f 4801/48/1 4804/48/1 4803/48/1 4802/48/1
f 4805/48/2 4806/48/2 4807/48/2 4808/48/2
f 4801/48/3 4802/48/3 4806/48/3 4805/48/3
f 4804/48/4 4808/48/4 4807/48/4 4803/48/4
f 4801/48/5 4805/48/5 4808/48/5 4804/48/5
f 4802/48/6 4803/48/6 4807/48/6 4806/48/6
f 4809/6/1 4812/6/1 4811/6/1 4810/6/1
f 4813/6/2 4814/6/2 4815/6/2 4816/6/2
f 4809/6/3 4810/6/3 4814/6/3 4813/6/3
f 4812/6/4 4816/6/4 4815/6/4 4811/6/4
f 4809/6/5 4813/6/5 4816/6/5 4812/6/5
f 4810/6/6 4811/6/6 4815/6/6 4814/6/6
f 4817/6/1 4820/6/1 4819/6/1 4818/6/1
f 4821/6/2 4822/6/2 4823/6/2 4824/6/2
f 4817/6/3 4818/6/3 4822/6/3 4821/6/3
f 4820/6/4 4824/6/4 4823/6/4 4819/6/4
f 4817/6/5 4821/6/5 4824/6/5 4820/6/5
f 4818/6/6 4819/6/6 4823/6/6 4822/6/6
f 4825/7/1 4828/7/1 4827/7/1 4826/7/1
f 4829/7/2 4830/7/2 4831/7/2 4832/7/2
f 4825/7/3 4826/7/3 4830/7/3 4829/7/3
f 4828/7/4 4832/7/4 4831/7/4 4827/7/4
f 4825/7/5 4829/7/5 4832/7/5 4828/7/5
f 4826/7/6 4827/7/6 4831/7/6 4830/7/6
f 4833/48/1 4836/48/1 4835/48/1 4834/48/1
f 4837/48/2 4838/48/2 4839/48/2 4840/48/2
f 4833/48/3 4834/48/3 4838/48/3 4837/48/3
f 4836/48/4 4840/48/4 4839/48/4 4835/48/4
f 4833/48/5 4837/48/5 4840/48/5 4836/48/5
f 4834/48/6 4835/48/6 4839/48/6 4838/48/6
f 4841/6/1 4844/6/1 4843/6/1 4842/6/1
f 4845/6/2 4846/6/2 4847/6/2 4848/6/2
f 4841/6/3 4842/6/3 4846/6/3 4845/6/3
f 4844/6/4 4848/6/4 4847/6/4 4843/6/4
f 4841/6/5 4845/6/5 4848/6/5 4844/6/5
f 4842/6/6 4843/6/6 4847/6/6 4846/6/6
f 4849/6/1 4852/6/1 4851/6/1 4850/6/1
f 4853/6/2 4854/6/2 4855/6/2 4856/6/2
f 4849/6/3 4850/6/3 4854/6/3 4853/6/3
f 4852/6/4 4856/6/4 4855/6/4 4851/6/4
f 4849/6/5 4853/6/5 4856/6/5 4852/6/5
f 4850/6/6 4851/6/6 4855/6/6 4854/6/6
f 4857/7/1 4860/7/1 4859/7/1 4858/7/1
f 4861/7/2 4862/7/2 4863/7/2 4864/7/2
f 4857/7/3 4858/7/3 4862/7/3 4861/7/3
f 4860/7/4 4864/7/4 4863/7/4 4859/7/4
f 4857/7/5 4861/7/5 4864/7/5 4860/7/5
f 4858/7/6 4859/7/6 4863/7/6 4862/7/6
f 4865/48/1 4868/48/1 4867/48/1 4866/48/1
f 4869/48/2 4870/48/2 4871/48/2 4872/48/2
f 4865/48/3 4866/48/3 4870/48/3 4869/48/3
f 4868/48/4 4872/48/4 4871/48/4 4867/48/4
f 4865/48/5 4869/48/5 4872/48/5 4868/48/5
f 4866/48/6 4867/48/6 4871/48/6 4870/48/6
f 4873/6/1 4876/6/1 4875/6/1 4874/6/1
f 4877/6/2 4878/6/2 4879/6/2 4880/6/2
f 4873/6/3 4874/6/3 4878/6/3 4877/6/3
f 4876/6/4 4880/6/4 4879/6/4 4875/6/4
f 4873/6/5 4877/6/5 4880/6/5 4876/6/5
f 4874/6/6 4875/6/6 4879/6/6 4878/6/6
f 4881/6/1 4884/6/1 4883/6/1 4882/6/1
f 4885/6/2 4886/6/2 4887/6/2 4888/6/2
f 4881/6/3 4882/6/3 4886/6/3 4885/6/3
f 4884/6/4 4888/6/4 4887/6/4 4883/6/4
f 4881/6/5 4885/6/5 4888/6/5 4884/6/5
f 4882/6/6 4883/6/6 4887/6/6 4886/6/6
f 4889/7/1 4892/7/1 4891/7/1 4890/7/1
f 4893/7/2 4894/7/2 4895/7/2 4896/7/2
f 4889/7/3 4890/7/3 4894/7/3 4893/7/3
f 4892/7/4 4896/7/4 4895/7/4 4891/7/4
f 4889/7/5 4893/7/5 4896/7/5 4892/7/5
f 4890/7/6 4891/7/6 4895/7/6 4894/7/6
f 4897/48/1 4900/48/1 4899/48/1 4898/48/1
f 4901/48/2 4902/48/2 4903/48/2 4904/48/2
f 4897/48/3 4898/48/3 4902/48/3 4901/48/3
f 4900/48/4 4904/48/4 4903/48/4 4899/48/4
f 4897/48/5 4901/48/5 4904/48/5 4900/48/5
f 4898/48/6 4899/48/6 4903/48/6 4902/48/6
f 4905/6/1 4908/6/1 4907/6/1 4906/6/1
f 4909/6/2 4910/6/2 4911/6/2 4912/6/2
f 4905/6/3 4906/6/3 4910/6/3 4909/6/3
f 4908/6/4 4912/6/4 4911/6/4 4907/6/4
f 4905/6/5 4909/6/5 4912/6/5 4908/6/5
f 4906/6/6 4907/6/6 4911/6/6 4910/6/6
f 4913/6/1 4916/6/1 4915/6/1 4914/6/1
f 4917/6/2 4918/6/2 4919/6/2 4920/6/2
f 4913/6/3 4914/6/3 4918/6/3 4917/6/3
f 4916/6/4 4920/6/4 4919/6/4 4915/6/4
f 4913/6/5 4917/6/5 4920/6/5 4916/6/5
f 4914/6/6 4915/6/6 4919/6/6 4918/6/6
o SEAT_1
usemtl palette
f 4921/48/1 4924/48/1 4923/48/1 4922/48/1
f 4925/48/2 4926/48/2 4927/48/2 4928/48/2
f 4921/48/3 4922/48/3 4926/48/3 4925/48/3
f 4924/48/4 4928/48/4 4927/48/4 4923/48/4
f 4921/48/5 4925/48/5 4928/48/5 4924/48/5
f 4922/48/6 4923/48/6 4927/48/6 4926/48/6
o SEAT_2
usemtl palette
f 4929/48/1 4932/48/1 4931/48/1 4930/48/1
f 4933/48/2 4934/48/2 4935/48/2 4936/48/2
f 4929/48/3 4930/48/3 4934/48/3 4933/48/3
f 4932/48/4 4936/48/4 4935/48/4 4931/48/4
f 4929/48/5 4933/48/5 4936/48/5 4932/48/5
f 4930/48/6 4931/48/6 4935/48/6 4934/48/6
o SEAT_3
usemtl palette
f 4937/16/1 4940/16/1 4939/16/1 4938/16/1
f 4941/16/2 4942/16/2 4943/16/2 4944/16/2
f 4937/16/3 4938/16/3 4942/16/3 4941/16/3
f 4940/16/4 4944/16/4 4943/16/4 4939/16/4
f 4937/16/5 4941/16/5 4944/16/5 4940/16/5
f 4938/16/6 4939/16/6 4943/16/6 4942/16/6
o SEAT_4
usemtl palette
f 4945/16/1 4948/16/1 4947/16/1 4946/16/1
f 4949/16/2 4950/16/2 4951/16/2 4952/16/2
f 4945/16/3 4946/16/3 4950/16/3 4949/16/3
f 4948/16/4 4952/16/4 4951/16/4 4947/16/4
f 4945/16/5 4949/16/5 4952/16/5 4948/16/5
f 4946/16/6 4947/16/6 4951/16/6 4950/16/6
o SHELL_rail
usemtl palette
f 4953/6/1 4956/6/1 4955/6/1 4954/6/1
f 4957/6/2 4958/6/2 4959/6/2 4960/6/2
f 4953/6/3 4954/6/3 4958/6/3 4957/6/3
f 4956/6/4 4960/6/4 4959/6/4 4955/6/4
f 4953/6/5 4957/6/5 4960/6/5 4956/6/5
f 4954/6/6 4955/6/6 4959/6/6 4958/6/6
f 4961/6/1 4964/6/1 4963/6/1 4962/6/1
f 4965/6/2 4966/6/2 4967/6/2 4968/6/2
f 4961/6/3 4962/6/3 4966/6/3 4965/6/3
f 4964/6/4 4968/6/4 4967/6/4 4963/6/4
f 4961/6/5 4965/6/5 4968/6/5 4964/6/5
f 4962/6/6 4963/6/6 4967/6/6 4966/6/6
f 4969/6/1 4972/6/1 4971/6/1 4970/6/1
f 4973/6/2 4974/6/2 4975/6/2 4976/6/2
f 4969/6/3 4970/6/3 4974/6/3 4973/6/3
f 4972/6/4 4976/6/4 4975/6/4 4971/6/4
f 4969/6/5 4973/6/5 4976/6/5 4972/6/5
f 4970/6/6 4971/6/6 4975/6/6 4974/6/6
f 4977/6/1 4980/6/1 4979/6/1 4978/6/1
f 4981/6/2 4982/6/2 4983/6/2 4984/6/2
f 4977/6/3 4978/6/3 4982/6/3 4981/6/3
f 4980/6/4 4984/6/4 4983/6/4 4979/6/4
f 4977/6/5 4981/6/5 4984/6/5 4980/6/5
f 4978/6/6 4979/6/6 4983/6/6 4982/6/6
f 4985/6/1 4988/6/1 4987/6/1 4986/6/1
f 4989/6/2 4990/6/2 4991/6/2 4992/6/2
f 4985/6/3 4986/6/3 4990/6/3 4989/6/3
f 4988/6/4 4992/6/4 4991/6/4 4987/6/4
f 4985/6/5 4989/6/5 4992/6/5 4988/6/5
f 4986/6/6 4987/6/6 4991/6/6 4990/6/6
f 4993/6/1 4996/6/1 4995/6/1 4994/6/1
f 4997/6/2 4998/6/2 4999/6/2 5000/6/2
f 4993/6/3 4994/6/3 4998/6/3 4997/6/3
f 4996/6/4 5000/6/4 4999/6/4 4995/6/4
f 4993/6/5 4997/6/5 5000/6/5 4996/6/5
f 4994/6/6 4995/6/6 4999/6/6 4998/6/6
o SHELL_strap
usemtl palette
f 5001/7/1 5004/7/1 5003/7/1 5002/7/1
f 5005/7/2 5006/7/2 5007/7/2 5008/7/2
f 5001/7/3 5002/7/3 5006/7/3 5005/7/3
f 5004/7/4 5008/7/4 5007/7/4 5003/7/4
f 5001/7/5 5005/7/5 5008/7/5 5004/7/5
f 5002/7/6 5003/7/6 5007/7/6 5006/7/6
f 5009/13/1 5012/13/1 5011/13/1 5010/13/1
f 5013/13/2 5014/13/2 5015/13/2 5016/13/2
f 5009/13/3 5010/13/3 5014/13/3 5013/13/3
f 5012/13/4 5016/13/4 5015/13/4 5011/13/4
f 5009/13/5 5013/13/5 5016/13/5 5012/13/5
f 5010/13/6 5011/13/6 5015/13/6 5014/13/6
f 5017/7/1 5020/7/1 5019/7/1 5018/7/1
f 5021/7/2 5022/7/2 5023/7/2 5024/7/2
f 5017/7/3 5018/7/3 5022/7/3 5021/7/3
f 5020/7/4 5024/7/4 5023/7/4 5019/7/4
f 5017/7/5 5021/7/5 5024/7/5 5020/7/5
f 5018/7/6 5019/7/6 5023/7/6 5022/7/6
f 5025/13/1 5028/13/1 5027/13/1 5026/13/1
f 5029/13/2 5030/13/2 5031/13/2 5032/13/2
f 5025/13/3 5026/13/3 5030/13/3 5029/13/3
f 5028/13/4 5032/13/4 5031/13/4 5027/13/4
f 5025/13/5 5029/13/5 5032/13/5 5028/13/5
f 5026/13/6 5027/13/6 5031/13/6 5030/13/6
f 5033/7/1 5036/7/1 5035/7/1 5034/7/1
f 5037/7/2 5038/7/2 5039/7/2 5040/7/2
f 5033/7/3 5034/7/3 5038/7/3 5037/7/3
f 5036/7/4 5040/7/4 5039/7/4 5035/7/4
f 5033/7/5 5037/7/5 5040/7/5 5036/7/5
f 5034/7/6 5035/7/6 5039/7/6 5038/7/6
f 5041/13/1 5044/13/1 5043/13/1 5042/13/1
f 5045/13/2 5046/13/2 5047/13/2 5048/13/2
f 5041/13/3 5042/13/3 5046/13/3 5045/13/3
f 5044/13/4 5048/13/4 5047/13/4 5043/13/4
f 5041/13/5 5045/13/5 5048/13/5 5044/13/5
f 5042/13/6 5043/13/6 5047/13/6 5046/13/6
f 5049/7/1 5052/7/1 5051/7/1 5050/7/1
f 5053/7/2 5054/7/2 5055/7/2 5056/7/2
f 5049/7/3 5050/7/3 5054/7/3 5053/7/3
f 5052/7/4 5056/7/4 5055/7/4 5051/7/4
f 5049/7/5 5053/7/5 5056/7/5 5052/7/5
f 5050/7/6 5051/7/6 5055/7/6 5054/7/6
f 5057/13/1 5060/13/1 5059/13/1 5058/13/1
f 5061/13/2 5062/13/2 5063/13/2 5064/13/2
f 5057/13/3 5058/13/3 5062/13/3 5061/13/3
f 5060/13/4 5064/13/4 5063/13/4 5059/13/4
f 5057/13/5 5061/13/5 5064/13/5 5060/13/5
f 5058/13/6 5059/13/6 5063/13/6 5062/13/6
f 5065/7/1 5068/7/1 5067/7/1 5066/7/1
f 5069/7/2 5070/7/2 5071/7/2 5072/7/2
f 5065/7/3 5066/7/3 5070/7/3 5069/7/3
f 5068/7/4 5072/7/4 5071/7/4 5067/7/4
f 5065/7/5 5069/7/5 5072/7/5 5068/7/5
f 5066/7/6 5067/7/6 5071/7/6 5070/7/6
f 5073/13/1 5076/13/1 5075/13/1 5074/13/1
f 5077/13/2 5078/13/2 5079/13/2 5080/13/2
f 5073/13/3 5074/13/3 5078/13/3 5077/13/3
f 5076/13/4 5080/13/4 5079/13/4 5075/13/4
f 5073/13/5 5077/13/5 5080/13/5 5076/13/5
f 5074/13/6 5075/13/6 5079/13/6 5078/13/6
f 5081/7/1 5084/7/1 5083/7/1 5082/7/1
f 5085/7/2 5086/7/2 5087/7/2 5088/7/2
f 5081/7/3 5082/7/3 5086/7/3 5085/7/3
f 5084/7/4 5088/7/4 5087/7/4 5083/7/4
f 5081/7/5 5085/7/5 5088/7/5 5084/7/5
f 5082/7/6 5083/7/6 5087/7/6 5086/7/6
f 5089/13/1 5092/13/1 5091/13/1 5090/13/1
f 5093/13/2 5094/13/2 5095/13/2 5096/13/2
f 5089/13/3 5090/13/3 5094/13/3 5093/13/3
f 5092/13/4 5096/13/4 5095/13/4 5091/13/4
f 5089/13/5 5093/13/5 5096/13/5 5092/13/5
f 5090/13/6 5091/13/6 5095/13/6 5094/13/6
f 5097/7/1 5100/7/1 5099/7/1 5098/7/1
f 5101/7/2 5102/7/2 5103/7/2 5104/7/2
f 5097/7/3 5098/7/3 5102/7/3 5101/7/3
f 5100/7/4 5104/7/4 5103/7/4 5099/7/4
f 5097/7/5 5101/7/5 5104/7/5 5100/7/5
f 5098/7/6 5099/7/6 5103/7/6 5102/7/6
f 5105/13/1 5108/13/1 5107/13/1 5106/13/1
f 5109/13/2 5110/13/2 5111/13/2 5112/13/2
f 5105/13/3 5106/13/3 5110/13/3 5109/13/3
f 5108/13/4 5112/13/4 5111/13/4 5107/13/4
f 5105/13/5 5109/13/5 5112/13/5 5108/13/5
f 5106/13/6 5107/13/6 5111/13/6 5110/13/6
f 5113/7/1 5116/7/1 5115/7/1 5114/7/1
f 5117/7/2 5118/7/2 5119/7/2 5120/7/2
f 5113/7/3 5114/7/3 5118/7/3 5117/7/3
f 5116/7/4 5120/7/4 5119/7/4 5115/7/4
f 5113/7/5 5117/7/5 5120/7/5 5116/7/5
f 5114/7/6 5115/7/6 5119/7/6 5118/7/6
f 5121/13/1 5124/13/1 5123/13/1 5122/13/1
f 5125/13/2 5126/13/2 5127/13/2 5128/13/2
f 5121/13/3 5122/13/3 5126/13/3 5125/13/3
f 5124/13/4 5128/13/4 5127/13/4 5123/13/4
f 5121/13/5 5125/13/5 5128/13/5 5124/13/5
f 5122/13/6 5123/13/6 5127/13/6 5126/13/6
f 5129/7/1 5132/7/1 5131/7/1 5130/7/1
f 5133/7/2 5134/7/2 5135/7/2 5136/7/2
f 5129/7/3 5130/7/3 5134/7/3 5133/7/3
f 5132/7/4 5136/7/4 5135/7/4 5131/7/4
f 5129/7/5 5133/7/5 5136/7/5 5132/7/5
f 5130/7/6 5131/7/6 5135/7/6 5134/7/6
f 5137/13/1 5140/13/1 5139/13/1 5138/13/1
f 5141/13/2 5142/13/2 5143/13/2 5144/13/2
f 5137/13/3 5138/13/3 5142/13/3 5141/13/3
f 5140/13/4 5144/13/4 5143/13/4 5139/13/4
f 5137/13/5 5141/13/5 5144/13/5 5140/13/5
f 5138/13/6 5139/13/6 5143/13/6 5142/13/6
f 5145/7/1 5148/7/1 5147/7/1 5146/7/1
f 5149/7/2 5150/7/2 5151/7/2 5152/7/2
f 5145/7/3 5146/7/3 5150/7/3 5149/7/3
f 5148/7/4 5152/7/4 5151/7/4 5147/7/4
f 5145/7/5 5149/7/5 5152/7/5 5148/7/5
f 5146/7/6 5147/7/6 5151/7/6 5150/7/6
f 5153/13/1 5156/13/1 5155/13/1 5154/13/1
f 5157/13/2 5158/13/2 5159/13/2 5160/13/2
f 5153/13/3 5154/13/3 5158/13/3 5157/13/3
f 5156/13/4 5160/13/4 5159/13/4 5155/13/4
f 5153/13/5 5157/13/5 5160/13/5 5156/13/5
f 5154/13/6 5155/13/6 5159/13/6 5158/13/6
f 5161/7/1 5164/7/1 5163/7/1 5162/7/1
f 5165/7/2 5166/7/2 5167/7/2 5168/7/2
f 5161/7/3 5162/7/3 5166/7/3 5165/7/3
f 5164/7/4 5168/7/4 5167/7/4 5163/7/4
f 5161/7/5 5165/7/5 5168/7/5 5164/7/5
f 5162/7/6 5163/7/6 5167/7/6 5166/7/6
f 5169/13/1 5172/13/1 5171/13/1 5170/13/1
f 5173/13/2 5174/13/2 5175/13/2 5176/13/2
f 5169/13/3 5170/13/3 5174/13/3 5173/13/3
f 5172/13/4 5176/13/4 5175/13/4 5171/13/4
f 5169/13/5 5173/13/5 5176/13/5 5172/13/5
f 5170/13/6 5171/13/6 5175/13/6 5174/13/6
f 5177/7/1 5180/7/1 5179/7/1 5178/7/1
f 5181/7/2 5182/7/2 5183/7/2 5184/7/2
f 5177/7/3 5178/7/3 5182/7/3 5181/7/3
f 5180/7/4 5184/7/4 5183/7/4 5179/7/4
f 5177/7/5 5181/7/5 5184/7/5 5180/7/5
f 5178/7/6 5179/7/6 5183/7/6 5182/7/6
f 5185/13/1 5188/13/1 5187/13/1 5186/13/1
f 5189/13/2 5190/13/2 5191/13/2 5192/13/2
f 5185/13/3 5186/13/3 5190/13/3 5189/13/3
f 5188/13/4 5192/13/4 5191/13/4 5187/13/4
f 5185/13/5 5189/13/5 5192/13/5 5188/13/5
f 5186/13/6 5187/13/6 5191/13/6 5190/13/6
f 5193/7/1 5196/7/1 5195/7/1 5194/7/1
f 5197/7/2 5198/7/2 5199/7/2 5200/7/2
f 5193/7/3 5194/7/3 5198/7/3 5197/7/3
f 5196/7/4 5200/7/4 5199/7/4 5195/7/4
f 5193/7/5 5197/7/5 5200/7/5 5196/7/5
f 5194/7/6 5195/7/6 5199/7/6 5198/7/6
f 5201/13/1 5204/13/1 5203/13/1 5202/13/1
f 5205/13/2 5206/13/2 5207/13/2 5208/13/2
f 5201/13/3 5202/13/3 5206/13/3 5205/13/3
f 5204/13/4 5208/13/4 5207/13/4 5203/13/4
f 5201/13/5 5205/13/5 5208/13/5 5204/13/5
f 5202/13/6 5203/13/6 5207/13/6 5206/13/6
f 5209/7/1 5212/7/1 5211/7/1 5210/7/1
f 5213/7/2 5214/7/2 5215/7/2 5216/7/2
f 5209/7/3 5210/7/3 5214/7/3 5213/7/3
f 5212/7/4 5216/7/4 5215/7/4 5211/7/4
f 5209/7/5 5213/7/5 5216/7/5 5212/7/5
f 5210/7/6 5211/7/6 5215/7/6 5214/7/6
f 5217/13/1 5220/13/1 5219/13/1 5218/13/1
f 5221/13/2 5222/13/2 5223/13/2 5224/13/2
f 5217/13/3 5218/13/3 5222/13/3 5221/13/3
f 5220/13/4 5224/13/4 5223/13/4 5219/13/4
f 5217/13/5 5221/13/5 5224/13/5 5220/13/5
f 5218/13/6 5219/13/6 5223/13/6 5222/13/6
f 5225/7/1 5228/7/1 5227/7/1 5226/7/1
f 5229/7/2 5230/7/2 5231/7/2 5232/7/2
f 5225/7/3 5226/7/3 5230/7/3 5229/7/3
f 5228/7/4 5232/7/4 5231/7/4 5227/7/4
f 5225/7/5 5229/7/5 5232/7/5 5228/7/5
f 5226/7/6 5227/7/6 5231/7/6 5230/7/6
f 5233/13/1 5236/13/1 5235/13/1 5234/13/1
f 5237/13/2 5238/13/2 5239/13/2 5240/13/2
f 5233/13/3 5234/13/3 5238/13/3 5237/13/3
f 5236/13/4 5240/13/4 5239/13/4 5235/13/4
f 5233/13/5 5237/13/5 5240/13/5 5236/13/5
f 5234/13/6 5235/13/6 5239/13/6 5238/13/6
f 5241/7/1 5244/7/1 5243/7/1 5242/7/1
f 5245/7/2 5246/7/2 5247/7/2 5248/7/2
f 5241/7/3 5242/7/3 5246/7/3 5245/7/3
f 5244/7/4 5248/7/4 5247/7/4 5243/7/4
f 5241/7/5 5245/7/5 5248/7/5 5244/7/5
f 5242/7/6 5243/7/6 5247/7/6 5246/7/6
f 5249/13/1 5252/13/1 5251/13/1 5250/13/1
f 5253/13/2 5254/13/2 5255/13/2 5256/13/2
f 5249/13/3 5250/13/3 5254/13/3 5253/13/3
f 5252/13/4 5256/13/4 5255/13/4 5251/13/4
f 5249/13/5 5253/13/5 5256/13/5 5252/13/5
f 5250/13/6 5251/13/6 5255/13/6 5254/13/6
f 5257/7/1 5260/7/1 5259/7/1 5258/7/1
f 5261/7/2 5262/7/2 5263/7/2 5264/7/2
f 5257/7/3 5258/7/3 5262/7/3 5261/7/3
f 5260/7/4 5264/7/4 5263/7/4 5259/7/4
f 5257/7/5 5261/7/5 5264/7/5 5260/7/5
f 5258/7/6 5259/7/6 5263/7/6 5262/7/6
f 5265/13/1 5268/13/1 5267/13/1 5266/13/1
f 5269/13/2 5270/13/2 5271/13/2 5272/13/2
f 5265/13/3 5266/13/3 5270/13/3 5269/13/3
f 5268/13/4 5272/13/4 5271/13/4 5267/13/4
f 5265/13/5 5269/13/5 5272/13/5 5268/13/5
f 5266/13/6 5267/13/6 5271/13/6 5270/13/6
f 5273/7/1 5276/7/1 5275/7/1 5274/7/1
f 5277/7/2 5278/7/2 5279/7/2 5280/7/2
f 5273/7/3 5274/7/3 5278/7/3 5277/7/3
f 5276/7/4 5280/7/4 5279/7/4 5275/7/4
f 5273/7/5 5277/7/5 5280/7/5 5276/7/5
f 5274/7/6 5275/7/6 5279/7/6 5278/7/6
f 5281/13/1 5284/13/1 5283/13/1 5282/13/1
f 5285/13/2 5286/13/2 5287/13/2 5288/13/2
f 5281/13/3 5282/13/3 5286/13/3 5285/13/3
f 5284/13/4 5288/13/4 5287/13/4 5283/13/4
f 5281/13/5 5285/13/5 5288/13/5 5284/13/5
f 5282/13/6 5283/13/6 5287/13/6 5286/13/6
f 5289/7/1 5292/7/1 5291/7/1 5290/7/1
f 5293/7/2 5294/7/2 5295/7/2 5296/7/2
f 5289/7/3 5290/7/3 5294/7/3 5293/7/3
f 5292/7/4 5296/7/4 5295/7/4 5291/7/4
f 5289/7/5 5293/7/5 5296/7/5 5292/7/5
f 5290/7/6 5291/7/6 5295/7/6 5294/7/6
f 5297/13/1 5300/13/1 5299/13/1 5298/13/1
f 5301/13/2 5302/13/2 5303/13/2 5304/13/2
f 5297/13/3 5298/13/3 5302/13/3 5301/13/3
f 5300/13/4 5304/13/4 5303/13/4 5299/13/4
f 5297/13/5 5301/13/5 5304/13/5 5300/13/5
f 5298/13/6 5299/13/6 5303/13/6 5302/13/6
f 5305/7/1 5308/7/1 5307/7/1 5306/7/1
f 5309/7/2 5310/7/2 5311/7/2 5312/7/2
f 5305/7/3 5306/7/3 5310/7/3 5309/7/3
f 5308/7/4 5312/7/4 5311/7/4 5307/7/4
f 5305/7/5 5309/7/5 5312/7/5 5308/7/5
f 5306/7/6 5307/7/6 5311/7/6 5310/7/6
f 5313/13/1 5316/13/1 5315/13/1 5314/13/1
f 5317/13/2 5318/13/2 5319/13/2 5320/13/2
f 5313/13/3 5314/13/3 5318/13/3 5317/13/3
f 5316/13/4 5320/13/4 5319/13/4 5315/13/4
f 5313/13/5 5317/13/5 5320/13/5 5316/13/5
f 5314/13/6 5315/13/6 5319/13/6 5318/13/6
f 5321/7/1 5324/7/1 5323/7/1 5322/7/1
f 5325/7/2 5326/7/2 5327/7/2 5328/7/2
f 5321/7/3 5322/7/3 5326/7/3 5325/7/3
f 5324/7/4 5328/7/4 5327/7/4 5323/7/4
f 5321/7/5 5325/7/5 5328/7/5 5324/7/5
f 5322/7/6 5323/7/6 5327/7/6 5326/7/6
f 5329/13/1 5332/13/1 5331/13/1 5330/13/1
f 5333/13/2 5334/13/2 5335/13/2 5336/13/2
f 5329/13/3 5330/13/3 5334/13/3 5333/13/3
f 5332/13/4 5336/13/4 5335/13/4 5331/13/4
f 5329/13/5 5333/13/5 5336/13/5 5332/13/5
f 5330/13/6 5331/13/6 5335/13/6 5334/13/6
f 5337/7/1 5340/7/1 5339/7/1 5338/7/1
f 5341/7/2 5342/7/2 5343/7/2 5344/7/2
f 5337/7/3 5338/7/3 5342/7/3 5341/7/3
f 5340/7/4 5344/7/4 5343/7/4 5339/7/4
f 5337/7/5 5341/7/5 5344/7/5 5340/7/5
f 5338/7/6 5339/7/6 5343/7/6 5342/7/6
f 5345/13/1 5348/13/1 5347/13/1 5346/13/1
f 5349/13/2 5350/13/2 5351/13/2 5352/13/2
f 5345/13/3 5346/13/3 5350/13/3 5349/13/3
f 5348/13/4 5352/13/4 5351/13/4 5347/13/4
f 5345/13/5 5349/13/5 5352/13/5 5348/13/5
f 5346/13/6 5347/13/6 5351/13/6 5350/13/6
f 5353/7/1 5356/7/1 5355/7/1 5354/7/1
f 5357/7/2 5358/7/2 5359/7/2 5360/7/2
f 5353/7/3 5354/7/3 5358/7/3 5357/7/3
f 5356/7/4 5360/7/4 5359/7/4 5355/7/4
f 5353/7/5 5357/7/5 5360/7/5 5356/7/5
f 5354/7/6 5355/7/6 5359/7/6 5358/7/6
f 5361/13/1 5364/13/1 5363/13/1 5362/13/1
f 5365/13/2 5366/13/2 5367/13/2 5368/13/2
f 5361/13/3 5362/13/3 5366/13/3 5365/13/3
f 5364/13/4 5368/13/4 5367/13/4 5363/13/4
f 5361/13/5 5365/13/5 5368/13/5 5364/13/5
f 5362/13/6 5363/13/6 5367/13/6 5366/13/6
f 5369/7/1 5372/7/1 5371/7/1 5370/7/1
f 5373/7/2 5374/7/2 5375/7/2 5376/7/2
f 5369/7/3 5370/7/3 5374/7/3 5373/7/3
f 5372/7/4 5376/7/4 5375/7/4 5371/7/4
f 5369/7/5 5373/7/5 5376/7/5 5372/7/5
f 5370/7/6 5371/7/6 5375/7/6 5374/7/6
f 5377/13/1 5380/13/1 5379/13/1 5378/13/1
f 5381/13/2 5382/13/2 5383/13/2 5384/13/2
f 5377/13/3 5378/13/3 5382/13/3 5381/13/3
f 5380/13/4 5384/13/4 5383/13/4 5379/13/4
f 5377/13/5 5381/13/5 5384/13/5 5380/13/5
f 5378/13/6 5379/13/6 5383/13/6 5382/13/6
f 5385/7/1 5388/7/1 5387/7/1 5386/7/1
f 5389/7/2 5390/7/2 5391/7/2 5392/7/2
f 5385/7/3 5386/7/3 5390/7/3 5389/7/3
f 5388/7/4 5392/7/4 5391/7/4 5387/7/4
f 5385/7/5 5389/7/5 5392/7/5 5388/7/5
f 5386/7/6 5387/7/6 5391/7/6 5390/7/6
f 5393/13/1 5396/13/1 5395/13/1 5394/13/1
f 5397/13/2 5398/13/2 5399/13/2 5400/13/2
f 5393/13/3 5394/13/3 5398/13/3 5397/13/3
f 5396/13/4 5400/13/4 5399/13/4 5395/13/4
f 5393/13/5 5397/13/5 5400/13/5 5396/13/5
f 5394/13/6 5395/13/6 5399/13/6 5398/13/6
f 5401/7/1 5404/7/1 5403/7/1 5402/7/1
f 5405/7/2 5406/7/2 5407/7/2 5408/7/2
f 5401/7/3 5402/7/3 5406/7/3 5405/7/3
f 5404/7/4 5408/7/4 5407/7/4 5403/7/4
f 5401/7/5 5405/7/5 5408/7/5 5404/7/5
f 5402/7/6 5403/7/6 5407/7/6 5406/7/6
f 5409/13/1 5412/13/1 5411/13/1 5410/13/1
f 5413/13/2 5414/13/2 5415/13/2 5416/13/2
f 5409/13/3 5410/13/3 5414/13/3 5413/13/3
f 5412/13/4 5416/13/4 5415/13/4 5411/13/4
f 5409/13/5 5413/13/5 5416/13/5 5412/13/5
f 5410/13/6 5411/13/6 5415/13/6 5414/13/6
f 5417/7/1 5420/7/1 5419/7/1 5418/7/1
f 5421/7/2 5422/7/2 5423/7/2 5424/7/2
f 5417/7/3 5418/7/3 5422/7/3 5421/7/3
f 5420/7/4 5424/7/4 5423/7/4 5419/7/4
f 5417/7/5 5421/7/5 5424/7/5 5420/7/5
f 5418/7/6 5419/7/6 5423/7/6 5422/7/6
f 5425/13/1 5428/13/1 5427/13/1 5426/13/1
f 5429/13/2 5430/13/2 5431/13/2 5432/13/2
f 5425/13/3 5426/13/3 5430/13/3 5429/13/3
f 5428/13/4 5432/13/4 5431/13/4 5427/13/4
f 5425/13/5 5429/13/5 5432/13/5 5428/13/5
f 5426/13/6 5427/13/6 5431/13/6 5430/13/6
f 5433/7/1 5436/7/1 5435/7/1 5434/7/1
f 5437/7/2 5438/7/2 5439/7/2 5440/7/2
f 5433/7/3 5434/7/3 5438/7/3 5437/7/3
f 5436/7/4 5440/7/4 5439/7/4 5435/7/4
f 5433/7/5 5437/7/5 5440/7/5 5436/7/5
f 5434/7/6 5435/7/6 5439/7/6 5438/7/6
f 5441/13/1 5444/13/1 5443/13/1 5442/13/1
f 5445/13/2 5446/13/2 5447/13/2 5448/13/2
f 5441/13/3 5442/13/3 5446/13/3 5445/13/3
f 5444/13/4 5448/13/4 5447/13/4 5443/13/4
f 5441/13/5 5445/13/5 5448/13/5 5444/13/5
f 5442/13/6 5443/13/6 5447/13/6 5446/13/6
f 5449/7/1 5452/7/1 5451/7/1 5450/7/1
f 5453/7/2 5454/7/2 5455/7/2 5456/7/2
f 5449/7/3 5450/7/3 5454/7/3 5453/7/3
f 5452/7/4 5456/7/4 5455/7/4 5451/7/4
f 5449/7/5 5453/7/5 5456/7/5 5452/7/5
f 5450/7/6 5451/7/6 5455/7/6 5454/7/6
f 5457/13/1 5460/13/1 5459/13/1 5458/13/1
f 5461/13/2 5462/13/2 5463/13/2 5464/13/2
f 5457/13/3 5458/13/3 5462/13/3 5461/13/3
f 5460/13/4 5464/13/4 5463/13/4 5459/13/4
f 5457/13/5 5461/13/5 5464/13/5 5460/13/5
f 5458/13/6 5459/13/6 5463/13/6 5462/13/6
f 5465/7/1 5468/7/1 5467/7/1 5466/7/1
f 5469/7/2 5470/7/2 5471/7/2 5472/7/2
f 5465/7/3 5466/7/3 5470/7/3 5469/7/3
f 5468/7/4 5472/7/4 5471/7/4 5467/7/4
f 5465/7/5 5469/7/5 5472/7/5 5468/7/5
f 5466/7/6 5467/7/6 5471/7/6 5470/7/6
f 5473/13/1 5476/13/1 5475/13/1 5474/13/1
f 5477/13/2 5478/13/2 5479/13/2 5480/13/2
f 5473/13/3 5474/13/3 5478/13/3 5477/13/3
f 5476/13/4 5480/13/4 5479/13/4 5475/13/4
f 5473/13/5 5477/13/5 5480/13/5 5476/13/5
f 5474/13/6 5475/13/6 5479/13/6 5478/13/6
o SHELL_ad
usemtl palette
f 5481/12/1 5484/12/1 5483/12/1 5482/12/1
f 5485/12/2 5486/12/2 5487/12/2 5488/12/2
f 5481/12/3 5482/12/3 5486/12/3 5485/12/3
f 5484/12/4 5488/12/4 5487/12/4 5483/12/4
f 5481/12/5 5485/12/5 5488/12/5 5484/12/5
f 5482/12/6 5483/12/6 5487/12/6 5486/12/6
f 5489/12/1 5492/12/1 5491/12/1 5490/12/1
f 5493/12/2 5494/12/2 5495/12/2 5496/12/2
f 5489/12/3 5490/12/3 5494/12/3 5493/12/3
f 5492/12/4 5496/12/4 5495/12/4 5491/12/4
f 5489/12/5 5493/12/5 5496/12/5 5492/12/5
f 5490/12/6 5491/12/6 5495/12/6 5494/12/6
f 5497/12/1 5500/12/1 5499/12/1 5498/12/1
f 5501/12/2 5502/12/2 5503/12/2 5504/12/2
f 5497/12/3 5498/12/3 5502/12/3 5501/12/3
f 5500/12/4 5504/12/4 5503/12/4 5499/12/4
f 5497/12/5 5501/12/5 5504/12/5 5500/12/5
f 5498/12/6 5499/12/6 5503/12/6 5502/12/6
f 5505/12/1 5508/12/1 5507/12/1 5506/12/1
f 5509/12/2 5510/12/2 5511/12/2 5512/12/2
f 5505/12/3 5506/12/3 5510/12/3 5509/12/3
f 5508/12/4 5512/12/4 5511/12/4 5507/12/4
f 5505/12/5 5509/12/5 5512/12/5 5508/12/5
f 5506/12/6 5507/12/6 5511/12/6 5510/12/6
f 5513/12/1 5516/12/1 5515/12/1 5514/12/1
f 5517/12/2 5518/12/2 5519/12/2 5520/12/2
f 5513/12/3 5514/12/3 5518/12/3 5517/12/3
f 5516/12/4 5520/12/4 5519/12/4 5515/12/4
f 5513/12/5 5517/12/5 5520/12/5 5516/12/5
f 5514/12/6 5515/12/6 5519/12/6 5518/12/6
f 5521/12/1 5524/12/1 5523/12/1 5522/12/1
f 5525/12/2 5526/12/2 5527/12/2 5528/12/2
f 5521/12/3 5522/12/3 5526/12/3 5525/12/3
f 5524/12/4 5528/12/4 5527/12/4 5523/12/4
f 5521/12/5 5525/12/5 5528/12/5 5524/12/5
f 5522/12/6 5523/12/6 5527/12/6 5526/12/6
o SEAT_5
usemtl palette
f 5529/48/1 5532/48/1 5531/48/1 5530/48/1
f 5533/48/2 5534/48/2 5535/48/2 5536/48/2
f 5529/48/3 5530/48/3 5534/48/3 5533/48/3
f 5532/48/4 5536/48/4 5535/48/4 5531/48/4
f 5529/48/5 5533/48/5 5536/48/5 5532/48/5
f 5530/48/6 5531/48/6 5535/48/6 5534/48/6
o SEAT_6
usemtl palette
f 5537/48/1 5540/48/1 5539/48/1 5538/48/1
f 5541/48/2 5542/48/2 5543/48/2 5544/48/2
f 5537/48/3 5538/48/3 5542/48/3 5541/48/3
f 5540/48/4 5544/48/4 5543/48/4 5539/48/4
f 5537/48/5 5541/48/5 5544/48/5 5540/48/5
f 5538/48/6 5539/48/6 5543/48/6 5542/48/6
o SEAT_7
usemtl palette
f 5545/16/1 5548/16/1 5547/16/1 5546/16/1
f 5549/16/2 5550/16/2 5551/16/2 5552/16/2
f 5545/16/3 5546/16/3 5550/16/3 5549/16/3
f 5548/16/4 5552/16/4 5551/16/4 5547/16/4
f 5545/16/5 5549/16/5 5552/16/5 5548/16/5
f 5546/16/6 5547/16/6 5551/16/6 5550/16/6
o SEAT_8
usemtl palette
f 5553/16/1 5556/16/1 5555/16/1 5554/16/1
f 5557/16/2 5558/16/2 5559/16/2 5560/16/2
f 5553/16/3 5554/16/3 5558/16/3 5557/16/3
f 5556/16/4 5560/16/4 5559/16/4 5555/16/4
f 5553/16/5 5557/16/5 5560/16/5 5556/16/5
f 5554/16/6 5555/16/6 5559/16/6 5558/16/6
o SEAT_9
usemtl palette
f 5561/16/1 5564/16/1 5563/16/1 5562/16/1
f 5565/16/2 5566/16/2 5567/16/2 5568/16/2
f 5561/16/3 5562/16/3 5566/16/3 5565/16/3
f 5564/16/4 5568/16/4 5567/16/4 5563/16/4
f 5561/16/5 5565/16/5 5568/16/5 5564/16/5
f 5562/16/6 5563/16/6 5567/16/6 5566/16/6
o SEAT_10
usemtl palette
f 5569/16/1 5572/16/1 5571/16/1 5570/16/1
f 5573/16/2 5574/16/2 5575/16/2 5576/16/2
f 5569/16/3 5570/16/3 5574/16/3 5573/16/3
f 5572/16/4 5576/16/4 5575/16/4 5571/16/4
f 5569/16/5 5573/16/5 5576/16/5 5572/16/5
f 5570/16/6 5571/16/6 5575/16/6 5574/16/6
o SEAT_11
usemtl palette
f 5577/48/1 5580/48/1 5579/48/1 5578/48/1
f 5581/48/2 5582/48/2 5583/48/2 5584/48/2
f 5577/48/3 5578/48/3 5582/48/3 5581/48/3
f 5580/48/4 5584/48/4 5583/48/4 5579/48/4
f 5577/48/5 5581/48/5 5584/48/5 5580/48/5
f 5578/48/6 5579/48/6 5583/48/6 5582/48/6
o SEAT_12
usemtl palette
f 5585/48/1 5588/48/1 5587/48/1 5586/48/1
f 5589/48/2 5590/48/2 5591/48/2 5592/48/2
f 5585/48/3 5586/48/3 5590/48/3 5589/48/3
f 5588/48/4 5592/48/4 5591/48/4 5587/48/4
f 5585/48/5 5589/48/5 5592/48/5 5588/48/5
f 5586/48/6 5587/48/6 5591/48/6 5590/48/6
o SEAT_13
usemtl palette
f 5593/16/1 5596/16/1 5595/16/1 5594/16/1
f 5597/16/2 5598/16/2 5599/16/2 5600/16/2
f 5593/16/3 5594/16/3 5598/16/3 5597/16/3
f 5596/16/4 5600/16/4 5599/16/4 5595/16/4
f 5593/16/5 5597/16/5 5600/16/5 5596/16/5
f 5594/16/6 5595/16/6 5599/16/6 5598/16/6
o SEAT_14
usemtl palette
f 5601/16/1 5604/16/1 5603/16/1 5602/16/1
f 5605/16/2 5606/16/2 5607/16/2 5608/16/2
f 5601/16/3 5602/16/3 5606/16/3 5605/16/3
f 5604/16/4 5608/16/4 5607/16/4 5603/16/4
f 5601/16/5 5605/16/5 5608/16/5 5604/16/5
f 5602/16/6 5603/16/6 5607/16/6 5606/16/6
o SEAT_15
usemtl palette
f 5609/16/1 5612/16/1 5611/16/1 5610/16/1
f 5613/16/2 5614/16/2 5615/16/2 5616/16/2
f 5609/16/3 5610/16/3 5614/16/3 5613/16/3
f 5612/16/4 5616/16/4 5615/16/4 5611/16/4
f 5609/16/5 5613/16/5 5616/16/5 5612/16/5
f 5610/16/6 5611/16/6 5615/16/6 5614/16/6
o SEAT_16
usemtl palette
f 5617/16/1 5620/16/1 5619/16/1 5618/16/1
f 5621/16/2 5622/16/2 5623/16/2 5624/16/2
f 5617/16/3 5618/16/3 5622/16/3 5621/16/3
f 5620/16/4 5624/16/4 5623/16/4 5619/16/4
f 5617/16/5 5621/16/5 5624/16/5 5620/16/5
f 5618/16/6 5619/16/6 5623/16/6 5622/16/6
o SEAT_17
usemtl palette
f 5625/48/1 5628/48/1 5627/48/1 5626/48/1
f 5629/48/2 5630/48/2 5631/48/2 5632/48/2
f 5625/48/3 5626/48/3 5630/48/3 5629/48/3
f 5628/48/4 5632/48/4 5631/48/4 5627/48/4
f 5625/48/5 5629/48/5 5632/48/5 5628/48/5
f 5626/48/6 5627/48/6 5631/48/6 5630/48/6
o SEAT_18
usemtl palette
f 5633/48/1 5636/48/1 5635/48/1 5634/48/1
f 5637/48/2 5638/48/2 5639/48/2 5640/48/2
f 5633/48/3 5634/48/3 5638/48/3 5637/48/3
f 5636/48/4 5640/48/4 5639/48/4 5635/48/4
f 5633/48/5 5637/48/5 5640/48/5 5636/48/5
f 5634/48/6 5635/48/6 5639/48/6 5638/48/6
o SEAT_19
usemtl palette
f 5641/16/1 5644/16/1 5643/16/1 5642/16/1
f 5645/16/2 5646/16/2 5647/16/2 5648/16/2
f 5641/16/3 5642/16/3 5646/16/3 5645/16/3
f 5644/16/4 5648/16/4 5647/16/4 5643/16/4
f 5641/16/5 5645/16/5 5648/16/5 5644/16/5
f 5642/16/6 5643/16/6 5647/16/6 5646/16/6
o SEAT_20
usemtl palette
f 5649/16/1 5652/16/1 5651/16/1 5650/16/1
f 5653/16/2 5654/16/2 5655/16/2 5656/16/2
f 5649/16/3 5650/16/3 5654/16/3 5653/16/3
f 5652/16/4 5656/16/4 5655/16/4 5651/16/4
f 5649/16/5 5653/16/5 5656/16/5 5652/16/5
f 5650/16/6 5651/16/6 5655/16/6 5654/16/6
o SEAT_21
usemtl palette
f 5657/16/1 5660/16/1 5659/16/1 5658/16/1
f 5661/16/2 5662/16/2 5663/16/2 5664/16/2
f 5657/16/3 5658/16/3 5662/16/3 5661/16/3
f 5660/16/4 5664/16/4 5663/16/4 5659/16/4
f 5657/16/5 5661/16/5 5664/16/5 5660/16/5
f 5658/16/6 5659/16/6 5663/16/6 5662/16/6
o SEAT_22
usemtl palette
f 5665/16/1 5668/16/1 5667/16/1 5666/16/1
f 5669/16/2 5670/16/2 5671/16/2 5672/16/2
f 5665/16/3 5666/16/3 5670/16/3 5669/16/3
f 5668/16/4 5672/16/4 5671/16/4 5667/16/4
f 5665/16/5 5669/16/5 5672/16/5 5668/16/5
f 5666/16/6 5667/16/6 5671/16/6 5670/16/6
o SEAT_23
usemtl palette
f 5673/48/1 5676/48/1 5675/48/1 5674/48/1
f 5677/48/2 5678/48/2 5679/48/2 5680/48/2
f 5673/48/3 5674/48/3 5678/48/3 5677/48/3
f 5676/48/4 5680/48/4 5679/48/4 5675/48/4
f 5673/48/5 5677/48/5 5680/48/5 5676/48/5
f 5674/48/6 5675/48/6 5679/48/6 5678/48/6
o SEAT_24
usemtl palette
f 5681/48/1 5684/48/1 5683/48/1 5682/48/1
f 5685/48/2 5686/48/2 5687/48/2 5688/48/2
f 5681/48/3 5682/48/3 5686/48/3 5685/48/3
f 5684/48/4 5688/48/4 5687/48/4 5683/48/4
f 5681/48/5 5685/48/5 5688/48/5 5684/48/5
f 5682/48/6 5683/48/6 5687/48/6 5686/48/6
o SEAT_25
usemtl palette
f 5689/48/1 5692/48/1 5691/48/1 5690/48/1
f 5693/48/2 5694/48/2 5695/48/2 5696/48/2
f 5689/48/3 5690/48/3 5694/48/3 5693/48/3
f 5692/48/4 5696/48/4 5695/48/4 5691/48/4
f 5689/48/5 5693/48/5 5696/48/5 5692/48/5
f 5690/48/6 5691/48/6 5695/48/6 5694/48/6
o SEAT_26
usemtl palette
f 5697/48/1 5700/48/1 5699/48/1 5698/48/1
f 5701/48/2 5702/48/2 5703/48/2 5704/48/2
f 5697/48/3 5698/48/3 5702/48/3 5701/48/3
f 5700/48/4 5704/48/4 5703/48/4 5699/48/4
f 5697/48/5 5701/48/5 5704/48/5 5700/48/5
f 5698/48/6 5699/48/6 5703/48/6 5702/48/6
o SEAT_27
usemtl palette
f 5705/48/1 5708/48/1 5707/48/1 5706/48/1
f 5709/48/2 5710/48/2 5711/48/2 5712/48/2
f 5705/48/3 5706/48/3 5710/48/3 5709/48/3
f 5708/48/4 5712/48/4 5711/48/4 5707/48/4
f 5705/48/5 5709/48/5 5712/48/5 5708/48/5
f 5706/48/6 5707/48/6 5711/48/6 5710/48/6
o SEAT_28
usemtl palette
f 5713/48/1 5716/48/1 5715/48/1 5714/48/1
f 5717/48/2 5718/48/2 5719/48/2 5720/48/2
f 5713/48/3 5714/48/3 5718/48/3 5717/48/3
f 5716/48/4 5720/48/4 5719/48/4 5715/48/4
f 5713/48/5 5717/48/5 5720/48/5 5716/48/5
f 5714/48/6 5715/48/6 5719/48/6 5718/48/6
o SEAT_29
usemtl palette
f 5721/16/1 5724/16/1 5723/16/1 5722/16/1
f 5725/16/2 5726/16/2 5727/16/2 5728/16/2
f 5721/16/3 5722/16/3 5726/16/3 5725/16/3
f 5724/16/4 5728/16/4 5727/16/4 5723/16/4
f 5721/16/5 5725/16/5 5728/16/5 5724/16/5
f 5722/16/6 5723/16/6 5727/16/6 5726/16/6
o SEAT_30
usemtl palette
f 5729/16/1 5732/16/1 5731/16/1 5730/16/1
f 5733/16/2 5734/16/2 5735/16/2 5736/16/2
f 5729/16/3 5730/16/3 5734/16/3 5733/16/3
f 5732/16/4 5736/16/4 5735/16/4 5731/16/4
f 5729/16/5 5733/16/5 5736/16/5 5732/16/5
f 5730/16/6 5731/16/6 5735/16/6 5734/16/6
o SEAT_31
usemtl palette
f 5737/48/1 5740/48/1 5739/48/1 5738/48/1
f 5741/48/2 5742/48/2 5743/48/2 5744/48/2
f 5737/48/3 5738/48/3 5742/48/3 5741/48/3
f 5740/48/4 5744/48/4 5743/48/4 5739/48/4
f 5737/48/5 5741/48/5 5744/48/5 5740/48/5
f 5738/48/6 5739/48/6 5743/48/6 5742/48/6
o SEAT_32
usemtl palette
f 5745/48/1 5748/48/1 5747/48/1 5746/48/1
f 5749/48/2 5750/48/2 5751/48/2 5752/48/2
f 5745/48/3 5746/48/3 5750/48/3 5749/48/3
f 5748/48/4 5752/48/4 5751/48/4 5747/48/4
f 5745/48/5 5749/48/5 5752/48/5 5748/48/5
f 5746/48/6 5747/48/6 5751/48/6 5750/48/6
o SEAT_33
usemtl palette
f 5753/48/1 5756/48/1 5755/48/1 5754/48/1
f 5757/48/2 5758/48/2 5759/48/2 5760/48/2
f 5753/48/3 5754/48/3 5758/48/3 5757/48/3
f 5756/48/4 5760/48/4 5759/48/4 5755/48/4
f 5753/48/5 5757/48/5 5760/48/5 5756/48/5
f 5754/48/6 5755/48/6 5759/48/6 5758/48/6
o SEAT_34
usemtl palette
f 5761/48/1 5764/48/1 5763/48/1 5762/48/1
f 5765/48/2 5766/48/2 5767/48/2 5768/48/2
f 5761/48/3 5762/48/3 5766/48/3 5765/48/3
f 5764/48/4 5768/48/4 5767/48/4 5763/48/4
f 5761/48/5 5765/48/5 5768/48/5 5764/48/5
f 5762/48/6 5763/48/6 5767/48/6 5766/48/6
o SEAT_35
usemtl palette
f 5769/48/1 5772/48/1 5771/48/1 5770/48/1
f 5773/48/2 5774/48/2 5775/48/2 5776/48/2
f 5769/48/3 5770/48/3 5774/48/3 5773/48/3
f 5772/48/4 5776/48/4 5775/48/4 5771/48/4
f 5769/48/5 5773/48/5 5776/48/5 5772/48/5
f 5770/48/6 5771/48/6 5775/48/6 5774/48/6
o SEAT_36
usemtl palette
f 5777/48/1 5780/48/1 5779/48/1 5778/48/1
f 5781/48/2 5782/48/2 5783/48/2 5784/48/2
f 5777/48/3 5778/48/3 5782/48/3 5781/48/3
f 5780/48/4 5784/48/4 5783/48/4 5779/48/4
f 5777/48/5 5781/48/5 5784/48/5 5780/48/5
f 5778/48/6 5779/48/6 5783/48/6 5782/48/6
o SHELL_pole
usemtl palette
f 5785/6/1 5788/6/1 5787/6/1 5786/6/1
f 5789/6/2 5790/6/2 5791/6/2 5792/6/2
f 5785/6/3 5786/6/3 5790/6/3 5789/6/3
f 5788/6/4 5792/6/4 5791/6/4 5787/6/4
f 5785/6/5 5789/6/5 5792/6/5 5788/6/5
f 5786/6/6 5787/6/6 5791/6/6 5790/6/6
f 5793/6/1 5796/6/1 5795/6/1 5794/6/1
f 5797/6/2 5798/6/2 5799/6/2 5800/6/2
f 5793/6/3 5794/6/3 5798/6/3 5797/6/3
f 5796/6/4 5800/6/4 5799/6/4 5795/6/4
f 5793/6/5 5797/6/5 5800/6/5 5796/6/5
f 5794/6/6 5795/6/6 5799/6/6 5798/6/6
f 5801/6/1 5804/6/1 5803/6/1 5802/6/1
f 5805/6/2 5806/6/2 5807/6/2 5808/6/2
f 5801/6/3 5802/6/3 5806/6/3 5805/6/3
f 5804/6/4 5808/6/4 5807/6/4 5803/6/4
f 5801/6/5 5805/6/5 5808/6/5 5804/6/5
f 5802/6/6 5803/6/6 5807/6/6 5806/6/6
f 5809/6/1 5812/6/1 5811/6/1 5810/6/1
f 5813/6/2 5814/6/2 5815/6/2 5816/6/2
f 5809/6/3 5810/6/3 5814/6/3 5813/6/3
f 5812/6/4 5816/6/4 5815/6/4 5811/6/4
f 5809/6/5 5813/6/5 5816/6/5 5812/6/5
f 5810/6/6 5811/6/6 5815/6/6 5814/6/6
f 5817/6/1 5820/6/1 5819/6/1 5818/6/1
f 5821/6/2 5822/6/2 5823/6/2 5824/6/2
f 5817/6/3 5818/6/3 5822/6/3 5821/6/3
f 5820/6/4 5824/6/4 5823/6/4 5819/6/4
f 5817/6/5 5821/6/5 5824/6/5 5820/6/5
f 5818/6/6 5819/6/6 5823/6/6 5822/6/6
f 5825/6/1 5828/6/1 5827/6/1 5826/6/1
f 5829/6/2 5830/6/2 5831/6/2 5832/6/2
f 5825/6/3 5826/6/3 5830/6/3 5829/6/3
f 5828/6/4 5832/6/4 5831/6/4 5827/6/4
f 5825/6/5 5829/6/5 5832/6/5 5828/6/5
f 5826/6/6 5827/6/6 5831/6/6 5830/6/6
f 5833/6/1 5836/6/1 5835/6/1 5834/6/1
f 5837/6/2 5838/6/2 5839/6/2 5840/6/2
f 5833/6/3 5834/6/3 5838/6/3 5837/6/3
f 5836/6/4 5840/6/4 5839/6/4 5835/6/4
f 5833/6/5 5837/6/5 5840/6/5 5836/6/5
f 5834/6/6 5835/6/6 5839/6/6 5838/6/6
f 5841/6/1 5844/6/1 5843/6/1 5842/6/1
f 5845/6/2 5846/6/2 5847/6/2 5848/6/2
f 5841/6/3 5842/6/3 5846/6/3 5845/6/3
f 5844/6/4 5848/6/4 5847/6/4 5843/6/4
f 5841/6/5 5845/6/5 5848/6/5 5844/6/5
f 5842/6/6 5843/6/6 5847/6/6 5846/6/6
f 5849/6/1 5852/6/1 5851/6/1 5850/6/1
f 5853/6/2 5854/6/2 5855/6/2 5856/6/2
f 5849/6/3 5850/6/3 5854/6/3 5853/6/3
f 5852/6/4 5856/6/4 5855/6/4 5851/6/4
f 5849/6/5 5853/6/5 5856/6/5 5852/6/5
f 5850/6/6 5851/6/6 5855/6/6 5854/6/6
f 5857/6/1 5860/6/1 5859/6/1 5858/6/1
f 5861/6/2 5862/6/2 5863/6/2 5864/6/2
f 5857/6/3 5858/6/3 5862/6/3 5861/6/3
f 5860/6/4 5864/6/4 5863/6/4 5859/6/4
f 5857/6/5 5861/6/5 5864/6/5 5860/6/5
f 5858/6/6 5859/6/6 5863/6/6 5862/6/6
o SHELL_ceil
usemtl palette
f 5865/19/1 5868/19/1 5867/19/1 5866/19/1
f 5869/19/2 5870/19/2 5871/19/2 5872/19/2
f 5865/19/3 5866/19/3 5870/19/3 5869/19/3
f 5868/19/4 5872/19/4 5871/19/4 5867/19/4
f 5865/19/5 5869/19/5 5872/19/5 5868/19/5
f 5866/19/6 5867/19/6 5871/19/6 5870/19/6
f 5873/30/1 5876/30/1 5875/30/1 5874/30/1
f 5877/30/2 5878/30/2 5879/30/2 5880/30/2
f 5873/30/3 5874/30/3 5878/30/3 5877/30/3
f 5876/30/4 5880/30/4 5879/30/4 5875/30/4
f 5873/30/5 5877/30/5 5880/30/5 5876/30/5
f 5874/30/6 5875/30/6 5879/30/6 5878/30/6
f 5881/30/1 5884/30/1 5883/30/1 5882/30/1
f 5885/30/2 5886/30/2 5887/30/2 5888/30/2
f 5881/30/3 5882/30/3 5886/30/3 5885/30/3
f 5884/30/4 5888/30/4 5887/30/4 5883/30/4
f 5881/30/5 5885/30/5 5888/30/5 5884/30/5
f 5882/30/6 5883/30/6 5887/30/6 5886/30/6
f 5889/30/1 5892/30/1 5891/30/1 5890/30/1
f 5893/30/2 5894/30/2 5895/30/2 5896/30/2
f 5889/30/3 5890/30/3 5894/30/3 5893/30/3
f 5892/30/4 5896/30/4 5895/30/4 5891/30/4
f 5889/30/5 5893/30/5 5896/30/5 5892/30/5
f 5890/30/6 5891/30/6 5895/30/6 5894/30/6
f 5897/30/1 5900/30/1 5899/30/1 5898/30/1
f 5901/30/2 5902/30/2 5903/30/2 5904/30/2
f 5897/30/3 5898/30/3 5902/30/3 5901/30/3
f 5900/30/4 5904/30/4 5903/30/4 5899/30/4
f 5897/30/5 5901/30/5 5904/30/5 5900/30/5
f 5898/30/6 5899/30/6 5903/30/6 5902/30/6
f 5905/30/1 5908/30/1 5907/30/1 5906/30/1
f 5909/30/2 5910/30/2 5911/30/2 5912/30/2
f 5905/30/3 5906/30/3 5910/30/3 5909/30/3
f 5908/30/4 5912/30/4 5911/30/4 5907/30/4
f 5905/30/5 5909/30/5 5912/30/5 5908/30/5
f 5906/30/6 5907/30/6 5911/30/6 5910/30/6
f 5913/19/1 5916/19/1 5915/19/1 5914/19/1
f 5917/19/2 5918/19/2 5919/19/2 5920/19/2
f 5913/19/3 5914/19/3 5918/19/3 5917/19/3
f 5916/19/4 5920/19/4 5919/19/4 5915/19/4
f 5913/19/5 5917/19/5 5920/19/5 5916/19/5
f 5914/19/6 5915/19/6 5919/19/6 5918/19/6
f 5921/30/1 5924/30/1 5923/30/1 5922/30/1
f 5925/30/2 5926/30/2 5927/30/2 5928/30/2
f 5921/30/3 5922/30/3 5926/30/3 5925/30/3
f 5924/30/4 5928/30/4 5927/30/4 5923/30/4
f 5921/30/5 5925/30/5 5928/30/5 5924/30/5
f 5922/30/6 5923/30/6 5927/30/6 5926/30/6
f 5929/30/1 5932/30/1 5931/30/1 5930/30/1
f 5933/30/2 5934/30/2 5935/30/2 5936/30/2
f 5929/30/3 5930/30/3 5934/30/3 5933/30/3
f 5932/30/4 5936/30/4 5935/30/4 5931/30/4
f 5929/30/5 5933/30/5 5936/30/5 5932/30/5
f 5930/30/6 5931/30/6 5935/30/6 5934/30/6
f 5937/30/1 5940/30/1 5939/30/1 5938/30/1
f 5941/30/2 5942/30/2 5943/30/2 5944/30/2
f 5937/30/3 5938/30/3 5942/30/3 5941/30/3
f 5940/30/4 5944/30/4 5943/30/4 5939/30/4
f 5937/30/5 5941/30/5 5944/30/5 5940/30/5
f 5938/30/6 5939/30/6 5943/30/6 5942/30/6
f 5945/30/1 5948/30/1 5947/30/1 5946/30/1
f 5949/30/2 5950/30/2 5951/30/2 5952/30/2
f 5945/30/3 5946/30/3 5950/30/3 5949/30/3
f 5948/30/4 5952/30/4 5951/30/4 5947/30/4
f 5945/30/5 5949/30/5 5952/30/5 5948/30/5
f 5946/30/6 5947/30/6 5951/30/6 5950/30/6
f 5953/50/1 5956/50/1 5955/50/1 5954/50/1
f 5957/50/2 5958/50/2 5959/50/2 5960/50/2
f 5953/50/3 5954/50/3 5958/50/3 5957/50/3
f 5956/50/4 5960/50/4 5959/50/4 5955/50/4
f 5953/50/5 5957/50/5 5960/50/5 5956/50/5
f 5954/50/6 5955/50/6 5959/50/6 5958/50/6
f 5961/19/1 5964/19/1 5963/19/1 5962/19/1
f 5965/19/2 5966/19/2 5967/19/2 5968/19/2
f 5961/19/3 5962/19/3 5966/19/3 5965/19/3
f 5964/19/4 5968/19/4 5967/19/4 5963/19/4
f 5961/19/5 5965/19/5 5968/19/5 5964/19/5
f 5962/19/6 5963/19/6 5967/19/6 5966/19/6
f 5969/30/1 5972/30/1 5971/30/1 5970/30/1
f 5973/30/2 5974/30/2 5975/30/2 5976/30/2
f 5969/30/3 5970/30/3 5974/30/3 5973/30/3
f 5972/30/4 5976/30/4 5975/30/4 5971/30/4
f 5969/30/5 5973/30/5 5976/30/5 5972/30/5
f 5970/30/6 5971/30/6 5975/30/6 5974/30/6
f 5977/30/1 5980/30/1 5979/30/1 5978/30/1
f 5981/30/2 5982/30/2 5983/30/2 5984/30/2
f 5977/30/3 5978/30/3 5982/30/3 5981/30/3
f 5980/30/4 5984/30/4 5983/30/4 5979/30/4
f 5977/30/5 5981/30/5 5984/30/5 5980/30/5
f 5978/30/6 5979/30/6 5983/30/6 5982/30/6
f 5985/30/1 5988/30/1 5987/30/1 5986/30/1
f 5989/30/2 5990/30/2 5991/30/2 5992/30/2
f 5985/30/3 5986/30/3 5990/30/3 5989/30/3
f 5988/30/4 5992/30/4 5991/30/4 5987/30/4
f 5985/30/5 5989/30/5 5992/30/5 5988/30/5
f 5986/30/6 5987/30/6 5991/30/6 5990/30/6
f 5993/30/1 5996/30/1 5995/30/1 5994/30/1
f 5997/30/2 5998/30/2 5999/30/2 6000/30/2
f 5993/30/3 5994/30/3 5998/30/3 5997/30/3
f 5996/30/4 6000/30/4 5999/30/4 5995/30/4
f 5993/30/5 5997/30/5 6000/30/5 5996/30/5
f 5994/30/6 5995/30/6 5999/30/6 5998/30/6
f 6001/30/1 6004/30/1 6003/30/1 6002/30/1
f 6005/30/2 6006/30/2 6007/30/2 6008/30/2
f 6001/30/3 6002/30/3 6006/30/3 6005/30/3
f 6004/30/4 6008/30/4 6007/30/4 6003/30/4
f 6001/30/5 6005/30/5 6008/30/5 6004/30/5
f 6002/30/6 6003/30/6 6007/30/6 6006/30/6
f 6009/19/1 6012/19/1 6011/19/1 6010/19/1
f 6013/19/2 6014/19/2 6015/19/2 6016/19/2
f 6009/19/3 6010/19/3 6014/19/3 6013/19/3
f 6012/19/4 6016/19/4 6015/19/4 6011/19/4
f 6009/19/5 6013/19/5 6016/19/5 6012/19/5
f 6010/19/6 6011/19/6 6015/19/6 6014/19/6
f 6017/30/1 6020/30/1 6019/30/1 6018/30/1
f 6021/30/2 6022/30/2 6023/30/2 6024/30/2
f 6017/30/3 6018/30/3 6022/30/3 6021/30/3
f 6020/30/4 6024/30/4 6023/30/4 6019/30/4
f 6017/30/5 6021/30/5 6024/30/5 6020/30/5
f 6018/30/6 6019/30/6 6023/30/6 6022/30/6
f 6025/30/1 6028/30/1 6027/30/1 6026/30/1
f 6029/30/2 6030/30/2 6031/30/2 6032/30/2
f 6025/30/3 6026/30/3 6030/30/3 6029/30/3
f 6028/30/4 6032/30/4 6031/30/4 6027/30/4
f 6025/30/5 6029/30/5 6032/30/5 6028/30/5
f 6026/30/6 6027/30/6 6031/30/6 6030/30/6
f 6033/30/1 6036/30/1 6035/30/1 6034/30/1
f 6037/30/2 6038/30/2 6039/30/2 6040/30/2
f 6033/30/3 6034/30/3 6038/30/3 6037/30/3
f 6036/30/4 6040/30/4 6039/30/4 6035/30/4
f 6033/30/5 6037/30/5 6040/30/5 6036/30/5
f 6034/30/6 6035/30/6 6039/30/6 6038/30/6
f 6041/30/1 6044/30/1 6043/30/1 6042/30/1
f 6045/30/2 6046/30/2 6047/30/2 6048/30/2
f 6041/30/3 6042/30/3 6046/30/3 6045/30/3
f 6044/30/4 6048/30/4 6047/30/4 6043/30/4
f 6041/30/5 6045/30/5 6048/30/5 6044/30/5
f 6042/30/6 6043/30/6 6047/30/6 6046/30/6
f 6049/19/1 6052/19/1 6051/19/1 6050/19/1
f 6053/19/2 6054/19/2 6055/19/2 6056/19/2
f 6049/19/3 6050/19/3 6054/19/3 6053/19/3
f 6052/19/4 6056/19/4 6055/19/4 6051/19/4
f 6049/19/5 6053/19/5 6056/19/5 6052/19/5
f 6050/19/6 6051/19/6 6055/19/6 6054/19/6
f 6057/30/1 6060/30/1 6059/30/1 6058/30/1
f 6061/30/2 6062/30/2 6063/30/2 6064/30/2
f 6057/30/3 6058/30/3 6062/30/3 6061/30/3
f 6060/30/4 6064/30/4 6063/30/4 6059/30/4
f 6057/30/5 6061/30/5 6064/30/5 6060/30/5
f 6058/30/6 6059/30/6 6063/30/6 6062/30/6
f 6065/30/1 6068/30/1 6067/30/1 6066/30/1
f 6069/30/2 6070/30/2 6071/30/2 6072/30/2
f 6065/30/3 6066/30/3 6070/30/3 6069/30/3
f 6068/30/4 6072/30/4 6071/30/4 6067/30/4
f 6065/30/5 6069/30/5 6072/30/5 6068/30/5
f 6066/30/6 6067/30/6 6071/30/6 6070/30/6
f 6073/30/1 6076/30/1 6075/30/1 6074/30/1
f 6077/30/2 6078/30/2 6079/30/2 6080/30/2
f 6073/30/3 6074/30/3 6078/30/3 6077/30/3
f 6076/30/4 6080/30/4 6079/30/4 6075/30/4
f 6073/30/5 6077/30/5 6080/30/5 6076/30/5
f 6074/30/6 6075/30/6 6079/30/6 6078/30/6
f 6081/30/1 6084/30/1 6083/30/1 6082/30/1
f 6085/30/2 6086/30/2 6087/30/2 6088/30/2
f 6081/30/3 6082/30/3 6086/30/3 6085/30/3
f 6084/30/4 6088/30/4 6087/30/4 6083/30/4
f 6081/30/5 6085/30/5 6088/30/5 6084/30/5
f 6082/30/6 6083/30/6 6087/30/6 6086/30/6
f 6089/50/1 6092/50/1 6091/50/1 6090/50/1
f 6093/50/2 6094/50/2 6095/50/2 6096/50/2
f 6089/50/3 6090/50/3 6094/50/3 6093/50/3
f 6092/50/4 6096/50/4 6095/50/4 6091/50/4
f 6089/50/5 6093/50/5 6096/50/5 6092/50/5
f 6090/50/6 6091/50/6 6095/50/6 6094/50/6
f 6097/30/1 6100/30/1 6099/30/1 6098/30/1
f 6101/30/2 6102/30/2 6103/30/2 6104/30/2
f 6097/30/3 6098/30/3 6102/30/3 6101/30/3
f 6100/30/4 6104/30/4 6103/30/4 6099/30/4
f 6097/30/5 6101/30/5 6104/30/5 6100/30/5
f 6098/30/6 6099/30/6 6103/30/6 6102/30/6
f 6105/19/1 6108/19/1 6107/19/1 6106/19/1
f 6109/19/2 6110/19/2 6111/19/2 6112/19/2
f 6105/19/3 6106/19/3 6110/19/3 6109/19/3
f 6108/19/4 6112/19/4 6111/19/4 6107/19/4
f 6105/19/5 6109/19/5 6112/19/5 6108/19/5
f 6106/19/6 6107/19/6 6111/19/6 6110/19/6
f 6113/30/1 6116/30/1 6115/30/1 6114/30/1
f 6117/30/2 6118/30/2 6119/30/2 6120/30/2
f 6113/30/3 6114/30/3 6118/30/3 6117/30/3
f 6116/30/4 6120/30/4 6119/30/4 6115/30/4
f 6113/30/5 6117/30/5 6120/30/5 6116/30/5
f 6114/30/6 6115/30/6 6119/30/6 6118/30/6
f 6121/30/1 6124/30/1 6123/30/1 6122/30/1
f 6125/30/2 6126/30/2 6127/30/2 6128/30/2
f 6121/30/3 6122/30/3 6126/30/3 6125/30/3
f 6124/30/4 6128/30/4 6127/30/4 6123/30/4
f 6121/30/5 6125/30/5 6128/30/5 6124/30/5
f 6122/30/6 6123/30/6 6127/30/6 6126/30/6
f 6129/30/1 6132/30/1 6131/30/1 6130/30/1
f 6133/30/2 6134/30/2 6135/30/2 6136/30/2
f 6129/30/3 6130/30/3 6134/30/3 6133/30/3
f 6132/30/4 6136/30/4 6135/30/4 6131/30/4
f 6129/30/5 6133/30/5 6136/30/5 6132/30/5
f 6130/30/6 6131/30/6 6135/30/6 6134/30/6
f 6137/30/1 6140/30/1 6139/30/1 6138/30/1
f 6141/30/2 6142/30/2 6143/30/2 6144/30/2
f 6137/30/3 6138/30/3 6142/30/3 6141/30/3
f 6140/30/4 6144/30/4 6143/30/4 6139/30/4
f 6137/30/5 6141/30/5 6144/30/5 6140/30/5
f 6138/30/6 6139/30/6 6143/30/6 6142/30/6
f 6145/19/1 6148/19/1 6147/19/1 6146/19/1
f 6149/19/2 6150/19/2 6151/19/2 6152/19/2
f 6145/19/3 6146/19/3 6150/19/3 6149/19/3
f 6148/19/4 6152/19/4 6151/19/4 6147/19/4
f 6145/19/5 6149/19/5 6152/19/5 6148/19/5
f 6146/19/6 6147/19/6 6151/19/6 6150/19/6
f 6153/30/1 6156/30/1 6155/30/1 6154/30/1
f 6157/30/2 6158/30/2 6159/30/2 6160/30/2
f 6153/30/3 6154/30/3 6158/30/3 6157/30/3
f 6156/30/4 6160/30/4 6159/30/4 6155/30/4
f 6153/30/5 6157/30/5 6160/30/5 6156/30/5
f 6154/30/6 6155/30/6 6159/30/6 6158/30/6
f 6161/30/1 6164/30/1 6163/30/1 6162/30/1
f 6165/30/2 6166/30/2 6167/30/2 6168/30/2
f 6161/30/3 6162/30/3 6166/30/3 6165/30/3
f 6164/30/4 6168/30/4 6167/30/4 6163/30/4
f 6161/30/5 6165/30/5 6168/30/5 6164/30/5
f 6162/30/6 6163/30/6 6167/30/6 6166/30/6
f 6169/30/1 6172/30/1 6171/30/1 6170/30/1
f 6173/30/2 6174/30/2 6175/30/2 6176/30/2
f 6169/30/3 6170/30/3 6174/30/3 6173/30/3
f 6172/30/4 6176/30/4 6175/30/4 6171/30/4
f 6169/30/5 6173/30/5 6176/30/5 6172/30/5
f 6170/30/6 6171/30/6 6175/30/6 6174/30/6
f 6177/30/1 6180/30/1 6179/30/1 6178/30/1
f 6181/30/2 6182/30/2 6183/30/2 6184/30/2
f 6177/30/3 6178/30/3 6182/30/3 6181/30/3
f 6180/30/4 6184/30/4 6183/30/4 6179/30/4
f 6177/30/5 6181/30/5 6184/30/5 6180/30/5
f 6178/30/6 6179/30/6 6183/30/6 6182/30/6
f 6185/30/1 6188/30/1 6187/30/1 6186/30/1
f 6189/30/2 6190/30/2 6191/30/2 6192/30/2
f 6185/30/3 6186/30/3 6190/30/3 6189/30/3
f 6188/30/4 6192/30/4 6191/30/4 6187/30/4
f 6185/30/5 6189/30/5 6192/30/5 6188/30/5
f 6186/30/6 6187/30/6 6191/30/6 6190/30/6
o SHELL_map
usemtl palette
f 6193/23/1 6196/23/1 6195/23/1 6194/23/1
f 6197/23/2 6198/23/2 6199/23/2 6200/23/2
f 6193/23/3 6194/23/3 6198/23/3 6197/23/3
f 6196/23/4 6200/23/4 6199/23/4 6195/23/4
f 6193/23/5 6197/23/5 6200/23/5 6196/23/5
f 6194/23/6 6195/23/6 6199/23/6 6198/23/6
f 6201/24/1 6204/24/1 6203/24/1 6202/24/1
f 6205/24/2 6206/24/2 6207/24/2 6208/24/2
f 6201/24/3 6202/24/3 6206/24/3 6205/24/3
f 6204/24/4 6208/24/4 6207/24/4 6203/24/4
f 6201/24/5 6205/24/5 6208/24/5 6204/24/5
f 6202/24/6 6203/24/6 6207/24/6 6206/24/6
f 6209/38/1 6212/38/1 6211/38/1 6210/38/1
f 6213/38/2 6214/38/2 6215/38/2 6216/38/2
f 6209/38/3 6210/38/3 6214/38/3 6213/38/3
f 6212/38/4 6216/38/4 6215/38/4 6211/38/4
f 6209/38/5 6213/38/5 6216/38/5 6212/38/5
f 6210/38/6 6211/38/6 6215/38/6 6214/38/6
f 6217/51/1 6220/51/1 6219/51/1 6218/51/1
f 6221/51/2 6222/51/2 6223/51/2 6224/51/2
f 6217/51/3 6218/51/3 6222/51/3 6221/51/3
f 6220/51/4 6224/51/4 6223/51/4 6219/51/4
f 6217/51/5 6221/51/5 6224/51/5 6220/51/5
f 6218/51/6 6219/51/6 6223/51/6 6222/51/6
f 6225/51/1 6228/51/1 6227/51/1 6226/51/1
f 6229/51/2 6230/51/2 6231/51/2 6232/51/2
f 6225/51/3 6226/51/3 6230/51/3 6229/51/3
f 6228/51/4 6232/51/4 6231/51/4 6227/51/4
f 6225/51/5 6229/51/5 6232/51/5 6228/51/5
f 6226/51/6 6227/51/6 6231/51/6 6230/51/6
f 6233/38/1 6236/38/1 6235/38/1 6234/38/1
f 6237/38/2 6238/38/2 6239/38/2 6240/38/2
f 6233/38/3 6234/38/3 6238/38/3 6237/38/3
f 6236/38/4 6240/38/4 6239/38/4 6235/38/4
f 6233/38/5 6237/38/5 6240/38/5 6236/38/5
f 6234/38/6 6235/38/6 6239/38/6 6238/38/6
f 6241/51/1 6244/51/1 6243/51/1 6242/51/1
f 6245/51/2 6246/51/2 6247/51/2 6248/51/2
f 6241/51/3 6242/51/3 6246/51/3 6245/51/3
f 6244/51/4 6248/51/4 6247/51/4 6243/51/4
f 6241/51/5 6245/51/5 6248/51/5 6244/51/5
f 6242/51/6 6243/51/6 6247/51/6 6246/51/6
f 6249/51/1 6252/51/1 6251/51/1 6250/51/1
f 6253/51/2 6254/51/2 6255/51/2 6256/51/2
f 6249/51/3 6250/51/3 6254/51/3 6253/51/3
f 6252/51/4 6256/51/4 6255/51/4 6251/51/4
f 6249/51/5 6253/51/5 6256/51/5 6252/51/5
f 6250/51/6 6251/51/6 6255/51/6 6254/51/6
f 6257/38/1 6260/38/1 6259/38/1 6258/38/1
f 6261/38/2 6262/38/2 6263/38/2 6264/38/2
f 6257/38/3 6258/38/3 6262/38/3 6261/38/3
f 6260/38/4 6264/38/4 6263/38/4 6259/38/4
f 6257/38/5 6261/38/5 6264/38/5 6260/38/5
f 6258/38/6 6259/38/6 6263/38/6 6262/38/6
f 6265/23/1 6268/23/1 6267/23/1 6266/23/1
f 6269/23/2 6270/23/2 6271/23/2 6272/23/2
f 6265/23/3 6266/23/3 6270/23/3 6269/23/3
f 6268/23/4 6272/23/4 6271/23/4 6267/23/4
f 6265/23/5 6269/23/5 6272/23/5 6268/23/5
f 6266/23/6 6267/23/6 6271/23/6 6270/23/6
f 6273/24/1 6276/24/1 6275/24/1 6274/24/1
f 6277/24/2 6278/24/2 6279/24/2 6280/24/2
f 6273/24/3 6274/24/3 6278/24/3 6277/24/3
f 6276/24/4 6280/24/4 6279/24/4 6275/24/4
f 6273/24/5 6277/24/5 6280/24/5 6276/24/5
f 6274/24/6 6275/24/6 6279/24/6 6278/24/6
f 6281/38/1 6284/38/1 6283/38/1 6282/38/1
f 6285/38/2 6286/38/2 6287/38/2 6288/38/2
f 6281/38/3 6282/38/3 6286/38/3 6285/38/3
f 6284/38/4 6288/38/4 6287/38/4 6283/38/4
f 6281/38/5 6285/38/5 6288/38/5 6284/38/5
f 6282/38/6 6283/38/6 6287/38/6 6286/38/6
f 6289/51/1 6292/51/1 6291/51/1 6290/51/1
f 6293/51/2 6294/51/2 6295/51/2 6296/51/2
f 6289/51/3 6290/51/3 6294/51/3 6293/51/3
f 6292/51/4 6296/51/4 6295/51/4 6291/51/4
f 6289/51/5 6293/51/5 6296/51/5 6292/51/5
f 6290/51/6 6291/51/6 6295/51/6 6294/51/6
f 6297/51/1 6300/51/1 6299/51/1 6298/51/1
f 6301/51/2 6302/51/2 6303/51/2 6304/51/2
f 6297/51/3 6298/51/3 6302/51/3 6301/51/3
f 6300/51/4 6304/51/4 6303/51/4 6299/51/4
f 6297/51/5 6301/51/5 6304/51/5 6300/51/5
f 6298/51/6 6299/51/6 6303/51/6 6302/51/6
f 6305/38/1 6308/38/1 6307/38/1 6306/38/1
f 6309/38/2 6310/38/2 6311/38/2 6312/38/2
f 6305/38/3 6306/38/3 6310/38/3 6309/38/3
f 6308/38/4 6312/38/4 6311/38/4 6307/38/4
f 6305/38/5 6309/38/5 6312/38/5 6308/38/5
f 6306/38/6 6307/38/6 6311/38/6 6310/38/6
f 6313/51/1 6316/51/1 6315/51/1 6314/51/1
f 6317/51/2 6318/51/2 6319/51/2 6320/51/2
f 6313/51/3 6314/51/3 6318/51/3 6317/51/3
f 6316/51/4 6320/51/4 6319/51/4 6315/51/4
f 6313/51/5 6317/51/5 6320/51/5 6316/51/5
f 6314/51/6 6315/51/6 6319/51/6 6318/51/6
f 6321/51/1 6324/51/1 6323/51/1 6322/51/1
f 6325/51/2 6326/51/2 6327/51/2 6328/51/2
f 6321/51/3 6322/51/3 6326/51/3 6325/51/3
f 6324/51/4 6328/51/4 6327/51/4 6323/51/4
f 6321/51/5 6325/51/5 6328/51/5 6324/51/5
f 6322/51/6 6323/51/6 6327/51/6 6326/51/6
f 6329/38/1 6332/38/1 6331/38/1 6330/38/1
f 6333/38/2 6334/38/2 6335/38/2 6336/38/2
f 6329/38/3 6330/38/3 6334/38/3 6333/38/3
f 6332/38/4 6336/38/4 6335/38/4 6331/38/4
f 6329/38/5 6333/38/5 6336/38/5 6332/38/5
f 6330/38/6 6331/38/6 6335/38/6 6334/38/6
f 6337/23/1 6340/23/1 6339/23/1 6338/23/1
f 6341/23/2 6342/23/2 6343/23/2 6344/23/2
f 6337/23/3 6338/23/3 6342/23/3 6341/23/3
f 6340/23/4 6344/23/4 6343/23/4 6339/23/4
f 6337/23/5 6341/23/5 6344/23/5 6340/23/5
f 6338/23/6 6339/23/6 6343/23/6 6342/23/6
f 6345/24/1 6348/24/1 6347/24/1 6346/24/1
f 6349/24/2 6350/24/2 6351/24/2 6352/24/2
f 6345/24/3 6346/24/3 6350/24/3 6349/24/3
f 6348/24/4 6352/24/4 6351/24/4 6347/24/4
f 6345/24/5 6349/24/5 6352/24/5 6348/24/5
f 6346/24/6 6347/24/6 6351/24/6 6350/24/6
f 6353/38/1 6356/38/1 6355/38/1 6354/38/1
f 6357/38/2 6358/38/2 6359/38/2 6360/38/2
f 6353/38/3 6354/38/3 6358/38/3 6357/38/3
f 6356/38/4 6360/38/4 6359/38/4 6355/38/4
f 6353/38/5 6357/38/5 6360/38/5 6356/38/5
f 6354/38/6 6355/38/6 6359/38/6 6358/38/6
f 6361/51/1 6364/51/1 6363/51/1 6362/51/1
f 6365/51/2 6366/51/2 6367/51/2 6368/51/2
f 6361/51/3 6362/51/3 6366/51/3 6365/51/3
f 6364/51/4 6368/51/4 6367/51/4 6363/51/4
f 6361/51/5 6365/51/5 6368/51/5 6364/51/5
f 6362/51/6 6363/51/6 6367/51/6 6366/51/6
f 6369/51/1 6372/51/1 6371/51/1 6370/51/1
f 6373/51/2 6374/51/2 6375/51/2 6376/51/2
f 6369/51/3 6370/51/3 6374/51/3 6373/51/3
f 6372/51/4 6376/51/4 6375/51/4 6371/51/4
f 6369/51/5 6373/51/5 6376/51/5 6372/51/5
f 6370/51/6 6371/51/6 6375/51/6 6374/51/6
f 6377/38/1 6380/38/1 6379/38/1 6378/38/1
f 6381/38/2 6382/38/2 6383/38/2 6384/38/2
f 6377/38/3 6378/38/3 6382/38/3 6381/38/3
f 6380/38/4 6384/38/4 6383/38/4 6379/38/4
f 6377/38/5 6381/38/5 6384/38/5 6380/38/5
f 6378/38/6 6379/38/6 6383/38/6 6382/38/6
f 6385/51/1 6388/51/1 6387/51/1 6386/51/1
f 6389/51/2 6390/51/2 6391/51/2 6392/51/2
f 6385/51/3 6386/51/3 6390/51/3 6389/51/3
f 6388/51/4 6392/51/4 6391/51/4 6387/51/4
f 6385/51/5 6389/51/5 6392/51/5 6388/51/5
f 6386/51/6 6387/51/6 6391/51/6 6390/51/6
f 6393/51/1 6396/51/1 6395/51/1 6394/51/1
f 6397/51/2 6398/51/2 6399/51/2 6400/51/2
f 6393/51/3 6394/51/3 6398/51/3 6397/51/3
f 6396/51/4 6400/51/4 6399/51/4 6395/51/4
f 6393/51/5 6397/51/5 6400/51/5 6396/51/5
f 6394/51/6 6395/51/6 6399/51/6 6398/51/6
f 6401/38/1 6404/38/1 6403/38/1 6402/38/1
f 6405/38/2 6406/38/2 6407/38/2 6408/38/2
f 6401/38/3 6402/38/3 6406/38/3 6405/38/3
f 6404/38/4 6408/38/4 6407/38/4 6403/38/4
f 6401/38/5 6405/38/5 6408/38/5 6404/38/5
f 6402/38/6 6403/38/6 6407/38/6 6406/38/6
f 6409/23/1 6412/23/1 6411/23/1 6410/23/1
f 6413/23/2 6414/23/2 6415/23/2 6416/23/2
f 6409/23/3 6410/23/3 6414/23/3 6413/23/3
f 6412/23/4 6416/23/4 6415/23/4 6411/23/4
f 6409/23/5 6413/23/5 6416/23/5 6412/23/5
f 6410/23/6 6411/23/6 6415/23/6 6414/23/6
f 6417/24/1 6420/24/1 6419/24/1 6418/24/1
f 6421/24/2 6422/24/2 6423/24/2 6424/24/2
f 6417/24/3 6418/24/3 6422/24/3 6421/24/3
f 6420/24/4 6424/24/4 6423/24/4 6419/24/4
f 6417/24/5 6421/24/5 6424/24/5 6420/24/5
f 6418/24/6 6419/24/6 6423/24/6 6422/24/6
f 6425/38/1 6428/38/1 6427/38/1 6426/38/1
f 6429/38/2 6430/38/2 6431/38/2 6432/38/2
f 6425/38/3 6426/38/3 6430/38/3 6429/38/3
f 6428/38/4 6432/38/4 6431/38/4 6427/38/4
f 6425/38/5 6429/38/5 6432/38/5 6428/38/5
f 6426/38/6 6427/38/6 6431/38/6 6430/38/6
f 6433/51/1 6436/51/1 6435/51/1 6434/51/1
f 6437/51/2 6438/51/2 6439/51/2 6440/51/2
f 6433/51/3 6434/51/3 6438/51/3 6437/51/3
f 6436/51/4 6440/51/4 6439/51/4 6435/51/4
f 6433/51/5 6437/51/5 6440/51/5 6436/51/5
f 6434/51/6 6435/51/6 6439/51/6 6438/51/6
f 6441/51/1 6444/51/1 6443/51/1 6442/51/1
f 6445/51/2 6446/51/2 6447/51/2 6448/51/2
f 6441/51/3 6442/51/3 6446/51/3 6445/51/3
f 6444/51/4 6448/51/4 6447/51/4 6443/51/4
f 6441/51/5 6445/51/5 6448/51/5 6444/51/5
f 6442/51/6 6443/51/6 6447/51/6 6446/51/6
f 6449/38/1 6452/38/1 6451/38/1 6450/38/1
f 6453/38/2 6454/38/2 6455/38/2 6456/38/2
f 6449/38/3 6450/38/3 6454/38/3 6453/38/3
f 6452/38/4 6456/38/4 6455/38/4 6451/38/4
f 6449/38/5 6453/38/5 6456/38/5 6452/38/5
f 6450/38/6 6451/38/6 6455/38/6 6454/38/6
f 6457/51/1 6460/51/1 6459/51/1 6458/51/1
f 6461/51/2 6462/51/2 6463/51/2 6464/51/2
f 6457/51/3 6458/51/3 6462/51/3 6461/51/3
f 6460/51/4 6464/51/4 6463/51/4 6459/51/4
f 6457/51/5 6461/51/5 6464/51/5 6460/51/5
f 6458/51/6 6459/51/6 6463/51/6 6462/51/6
f 6465/51/1 6468/51/1 6467/51/1 6466/51/1
f 6469/51/2 6470/51/2 6471/51/2 6472/51/2
f 6465/51/3 6466/51/3 6470/51/3 6469/51/3
f 6468/51/4 6472/51/4 6471/51/4 6467/51/4
f 6465/51/5 6469/51/5 6472/51/5 6468/51/5
f 6466/51/6 6467/51/6 6471/51/6 6470/51/6
f 6473/38/1 6476/38/1 6475/38/1 6474/38/1
f 6477/38/2 6478/38/2 6479/38/2 6480/38/2
f 6473/38/3 6474/38/3 6478/38/3 6477/38/3
f 6476/38/4 6480/38/4 6479/38/4 6475/38/4
f 6473/38/5 6477/38/5 6480/38/5 6476/38/5
f 6474/38/6 6475/38/6 6479/38/6 6478/38/6
o SHELL_safety
usemtl palette
f 6481/20/1 6484/20/1 6483/20/1 6482/20/1
f 6485/20/2 6486/20/2 6487/20/2 6488/20/2
f 6481/20/3 6482/20/3 6486/20/3 6485/20/3
f 6484/20/4 6488/20/4 6487/20/4 6483/20/4
f 6481/20/5 6485/20/5 6488/20/5 6484/20/5
f 6482/20/6 6483/20/6 6487/20/6 6486/20/6
f 6489/50/1 6492/50/1 6491/50/1 6490/50/1
f 6493/50/2 6494/50/2 6495/50/2 6496/50/2
f 6489/50/3 6490/50/3 6494/50/3 6493/50/3
f 6492/50/4 6496/50/4 6495/50/4 6491/50/4
f 6489/50/5 6493/50/5 6496/50/5 6492/50/5
f 6490/50/6 6491/50/6 6495/50/6 6494/50/6
f 6497/13/1 6500/13/1 6499/13/1 6498/13/1
f 6501/13/2 6502/13/2 6503/13/2 6504/13/2
f 6497/13/3 6498/13/3 6502/13/3 6501/13/3
f 6500/13/4 6504/13/4 6503/13/4 6499/13/4
f 6497/13/5 6501/13/5 6504/13/5 6500/13/5
f 6498/13/6 6499/13/6 6503/13/6 6502/13/6
f 6505/38/1 6508/38/1 6507/38/1 6506/38/1
f 6509/38/2 6510/38/2 6511/38/2 6512/38/2
f 6505/38/3 6506/38/3 6510/38/3 6509/38/3
f 6508/38/4 6512/38/4 6511/38/4 6507/38/4
f 6505/38/5 6509/38/5 6512/38/5 6508/38/5
f 6506/38/6 6507/38/6 6511/38/6 6510/38/6
f 6513/20/1 6516/20/1 6515/20/1 6514/20/1
f 6517/20/2 6518/20/2 6519/20/2 6520/20/2
f 6513/20/3 6514/20/3 6518/20/3 6517/20/3
f 6516/20/4 6520/20/4 6519/20/4 6515/20/4
f 6513/20/5 6517/20/5 6520/20/5 6516/20/5
f 6514/20/6 6515/20/6 6519/20/6 6518/20/6
f 6521/50/1 6524/50/1 6523/50/1 6522/50/1
f 6525/50/2 6526/50/2 6527/50/2 6528/50/2
f 6521/50/3 6522/50/3 6526/50/3 6525/50/3
f 6524/50/4 6528/50/4 6527/50/4 6523/50/4
f 6521/50/5 6525/50/5 6528/50/5 6524/50/5
f 6522/50/6 6523/50/6 6527/50/6 6526/50/6
f 6529/13/1 6532/13/1 6531/13/1 6530/13/1
f 6533/13/2 6534/13/2 6535/13/2 6536/13/2
f 6529/13/3 6530/13/3 6534/13/3 6533/13/3
f 6532/13/4 6536/13/4 6535/13/4 6531/13/4
f 6529/13/5 6533/13/5 6536/13/5 6532/13/5
f 6530/13/6 6531/13/6 6535/13/6 6534/13/6
f 6537/38/1 6540/38/1 6539/38/1 6538/38/1
f 6541/38/2 6542/38/2 6543/38/2 6544/38/2
f 6537/38/3 6538/38/3 6542/38/3 6541/38/3
f 6540/38/4 6544/38/4 6543/38/4 6539/38/4
f 6537/38/5 6541/38/5 6544/38/5 6540/38/5
f 6538/38/6 6539/38/6 6543/38/6 6542/38/6
