# Pride Rail - innovia_front (generated by tools/voxtrain.py; Blockbench project in blockbench/)
mtllib innovia_front.mtl
v -6.8000 -0.9500 0.6200
v -6.5505 -0.9500 0.6200
v -6.5505 -0.8489 0.6200
v -6.8000 -0.8489 0.6200
v -6.8000 -0.9500 1.0730
v -6.5505 -0.9500 1.0730
v -6.5505 -0.8489 1.0730
v -6.8000 -0.8489 1.0730
v -6.8000 -0.9500 -1.0730
v -6.5505 -0.9500 -1.0730
v -6.5505 -0.8489 -1.0730
v -6.8000 -0.8489 -1.0730
v -6.8000 -0.9500 -0.6200
v -6.5505 -0.9500 -0.6200
v -6.5505 -0.8489 -0.6200
v -6.8000 -0.8489 -0.6200
v -6.5505 -0.9500 0.6200
v -6.4257 -0.9500 0.6200
v -6.4257 -0.8489 0.6200
v -6.5505 -0.8489 0.6200
v -6.5505 -0.9500 1.1330
v -6.4257 -0.9500 1.1330
v -6.4257 -0.8489 1.1330
v -6.5505 -0.8489 1.1330
v -6.5505 -0.9500 -1.1330
v -6.4257 -0.9500 -1.1330
v -6.4257 -0.8489 -1.1330
v -6.5505 -0.8489 -1.1330
v -6.5505 -0.9500 -0.6200
v -6.4257 -0.9500 -0.6200
v -6.4257 -0.8489 -0.6200
v -6.5505 -0.8489 -0.6200
v -6.4257 -0.9500 0.6200
v -6.3009 -0.9500 0.6200
v -6.3009 -0.8489 0.6200
v -6.4257 -0.8489 0.6200
v -6.4257 -0.9500 1.1280
v -6.3009 -0.9500 1.1280
v -6.3009 -0.8489 1.1280
v -6.4257 -0.8489 1.1280
v -6.4257 -0.9500 -1.1280
v -6.3009 -0.9500 -1.1280
v -6.3009 -0.8489 -1.1280
v -6.4257 -0.8489 -1.1280
v -6.4257 -0.9500 -0.6200
v -6.3009 -0.9500 -0.6200
v -6.3009 -0.8489 -0.6200
v -6.4257 -0.8489 -0.6200
v -6.3009 -0.9500 0.6200
v 3.1817 -0.9500 0.6200
v 3.1817 -0.8489 0.6200
v -6.3009 -0.8489 0.6200
v -6.3009 -0.9500 1.1630
v 3.1817 -0.9500 1.1630
v 3.1817 -0.8489 1.1630
v -6.3009 -0.8489 1.1630
v -6.3009 -0.9500 -1.1630
v 3.1817 -0.9500 -1.1630
v 3.1817 -0.8489 -1.1630
v -6.3009 -0.8489 -1.1630
v -6.3009 -0.9500 -0.6200
v 3.1817 -0.9500 -0.6200
v 3.1817 -0.8489 -0.6200
v -6.3009 -0.8489 -0.6200
v 3.1817 -0.9500 0.6200
v 3.3064 -0.9500 0.6200
v 3.3064 -0.8489 0.6200
v 3.1817 -0.8489 0.6200
v 3.1817 -0.9500 1.1620
v 3.3064 -0.9500 1.1620
v 3.3064 -0.8489 1.1620
v 3.1817 -0.8489 1.1620
v 3.1817 -0.9500 -1.1620
v 3.3064 -0.9500 -1.1620
v 3.3064 -0.8489 -1.1620
v 3.1817 -0.8489 -1.1620
v 3.1817 -0.9500 -0.6200
v 3.3064 -0.9500 -0.6200
v 3.3064 -0.8489 -0.6200
v 3.1817 -0.8489 -0.6200
v 3.3064 -0.9500 0.6200
v 3.4312 -0.9500 0.6200
v 3.4312 -0.8489 0.6200
v 3.3064 -0.8489 0.6200
v 3.3064 -0.9500 1.1570
v 3.4312 -0.9500 1.1570
v 3.4312 -0.8489 1.1570
v 3.3064 -0.8489 1.1570
v 3.3064 -0.9500 -1.1570
v 3.4312 -0.9500 -1.1570
v 3.4312 -0.8489 -1.1570
v 3.3064 -0.8489 -1.1570
v 3.3064 -0.9500 -0.6200
v 3.4312 -0.9500 -0.6200
v 3.4312 -0.8489 -0.6200
v 3.3064 -0.8489 -0.6200
v 3.4312 -0.9500 0.6200
v 3.5560 -0.9500 0.6200
v 3.5560 -0.8489 0.6200
v 3.4312 -0.8489 0.6200
v 3.4312 -0.9500 1.1490
v 3.5560 -0.9500 1.1490
v 3.5560 -0.8489 1.1490
v 3.4312 -0.8489 1.1490
v 3.4312 -0.9500 -1.1490
v 3.5560 -0.9500 -1.1490
v 3.5560 -0.8489 -1.1490
v 3.4312 -0.8489 -1.1490
v 3.4312 -0.9500 -0.6200
v 3.5560 -0.9500 -0.6200
v 3.5560 -0.8489 -0.6200
v 3.4312 -0.8489 -0.6200
v 3.5560 -0.9500 0.6200
v 3.6807 -0.9500 0.6200
v 3.6807 -0.8489 0.6200
v 3.5560 -0.8489 0.6200
v 3.5560 -0.9500 1.1390
v 3.6807 -0.9500 1.1390
v 3.6807 -0.8489 1.1390
v 3.5560 -0.8489 1.1390
v 3.5560 -0.9500 -1.1390
v 3.6807 -0.9500 -1.1390
v 3.6807 -0.8489 -1.1390
v 3.5560 -0.8489 -1.1390
v 3.5560 -0.9500 -0.6200
v 3.6807 -0.9500 -0.6200
v 3.6807 -0.8489 -0.6200
v 3.5560 -0.8489 -0.6200
v 3.6807 -0.9500 0.6200
v 3.8055 -0.9500 0.6200
v 3.8055 -0.8489 0.6200
v 3.6807 -0.8489 0.6200
v 3.6807 -0.9500 1.1290
v 3.8055 -0.9500 1.1290
v 3.8055 -0.8489 1.1290
v 3.6807 -0.8489 1.1290
v 3.6807 -0.9500 -1.1290
v 3.8055 -0.9500 -1.1290
v 3.8055 -0.8489 -1.1290
v 3.6807 -0.8489 -1.1290
v 3.6807 -0.9500 -0.6200
v 3.8055 -0.9500 -0.6200
v 3.8055 -0.8489 -0.6200
v 3.6807 -0.8489 -0.6200
v -6.8000 -0.8489 0.6200
v -6.5505 -0.8489 0.6200
v -6.5505 -0.7477 0.6200
v -6.8000 -0.7477 0.6200
v -6.8000 -0.8489 1.1000
v -6.5505 -0.8489 1.1000
v -6.5505 -0.7477 1.1000
v -6.8000 -0.7477 1.1000
v -6.8000 -0.8489 -1.1000
v -6.5505 -0.8489 -1.1000
v -6.5505 -0.7477 -1.1000
v -6.8000 -0.7477 -1.1000
v -6.8000 -0.8489 -0.6200
v -6.5505 -0.8489 -0.6200
v -6.5505 -0.7477 -0.6200
v -6.8000 -0.7477 -0.6200
v -6.5505 -0.8489 0.6200
v -6.4257 -0.8489 0.6200
v -6.4257 -0.7477 0.6200
v -6.5505 -0.7477 0.6200
v -6.5505 -0.8489 1.1600
v -6.4257 -0.8489 1.1600
v -6.4257 -0.7477 1.1600
v -6.5505 -0.7477 1.1600
v -6.5505 -0.8489 -1.1600
v -6.4257 -0.8489 -1.1600
v -6.4257 -0.7477 -1.1600
v -6.5505 -0.7477 -1.1600
v -6.5505 -0.8489 -0.6200
v -6.4257 -0.8489 -0.6200
v -6.4257 -0.7477 -0.6200
v -6.5505 -0.7477 -0.6200
v -6.4257 -0.8489 0.6200
v -6.3009 -0.8489 0.6200
v -6.3009 -0.7477 0.6200
v -6.4257 -0.7477 0.6200
v -6.4257 -0.8489 1.1550
v -6.3009 -0.8489 1.1550
v -6.3009 -0.7477 1.1550
v -6.4257 -0.7477 1.1550
v -6.4257 -0.8489 -1.1550
v -6.3009 -0.8489 -1.1550
v -6.3009 -0.7477 -1.1550
v -6.4257 -0.7477 -1.1550
v -6.4257 -0.8489 -0.6200
v -6.3009 -0.8489 -0.6200
v -6.3009 -0.7477 -0.6200
v -6.4257 -0.7477 -0.6200
v -6.3009 -0.8489 0.6200
v 2.1835 -0.8489 0.6200
v 2.1835 -0.7477 0.6200
v -6.3009 -0.7477 0.6200
v -6.3009 -0.8489 1.1900
v 2.1835 -0.8489 1.1900
v 2.1835 -0.7477 1.1900
v -6.3009 -0.7477 1.1900
v -6.3009 -0.8489 -1.1900
v 2.1835 -0.8489 -1.1900
v 2.1835 -0.7477 -1.1900
v -6.3009 -0.7477 -1.1900
v -6.3009 -0.8489 -0.6200
v 2.1835 -0.8489 -0.6200
v 2.1835 -0.7477 -0.6200
v -6.3009 -0.7477 -0.6200
v 2.1835 -0.8489 0.6200
v 2.3083 -0.8489 0.6200
v 2.3083 -0.7477 0.6200
v 2.1835 -0.7477 0.6200
v 2.1835 -0.8489 1.1900
v 2.3083 -0.8489 1.1900
v 2.3083 -0.7477 1.1900
v 2.1835 -0.7477 1.1900
v 2.1835 -0.8489 -1.1900
v 2.3083 -0.8489 -1.1900
v 2.3083 -0.7477 -1.1900
v 2.1835 -0.7477 -1.1900
v 2.1835 -0.8489 -0.6200
v 2.3083 -0.8489 -0.6200
v 2.3083 -0.7477 -0.6200
v 2.1835 -0.7477 -0.6200
v 2.3083 -0.8489 0.6200
v 3.1817 -0.8489 0.6200
v 3.1817 -0.7477 0.6200
v 2.3083 -0.7477 0.6200
v 2.3083 -0.8489 1.1900
v 3.1817 -0.8489 1.1900
v 3.1817 -0.7477 1.1900
v 2.3083 -0.7477 1.1900
v 2.3083 -0.8489 -1.1900
v 3.1817 -0.8489 -1.1900
v 3.1817 -0.7477 -1.1900
v 2.3083 -0.7477 -1.1900
v 2.3083 -0.8489 -0.6200
v 3.1817 -0.8489 -0.6200
v 3.1817 -0.7477 -0.6200
v 2.3083 -0.7477 -0.6200
v 3.1817 -0.8489 0.6200
v 3.3064 -0.8489 0.6200
v 3.3064 -0.7477 0.6200
v 3.1817 -0.7477 0.6200
v 3.1817 -0.8489 1.1890
v 3.3064 -0.8489 1.1890
v 3.3064 -0.7477 1.1890
v 3.1817 -0.7477 1.1890
v 3.1817 -0.8489 -1.1890
v 3.3064 -0.8489 -1.1890
v 3.3064 -0.7477 -1.1890
v 3.1817 -0.7477 -1.1890
v 3.1817 -0.8489 -0.6200
v 3.3064 -0.8489 -0.6200
v 3.3064 -0.7477 -0.6200
v 3.1817 -0.7477 -0.6200
v 3.3064 -0.8489 0.6200
v 3.4312 -0.8489 0.6200
v 3.4312 -0.7477 0.6200
v 3.3064 -0.7477 0.6200
v 3.3064 -0.8489 1.1830
v 3.4312 -0.8489 1.1830
v 3.4312 -0.7477 1.1830
v 3.3064 -0.7477 1.1830
v 3.3064 -0.8489 -1.1830
v 3.4312 -0.8489 -1.1830
v 3.4312 -0.7477 -1.1830
v 3.3064 -0.7477 -1.1830
v 3.3064 -0.8489 -0.6200
v 3.4312 -0.8489 -0.6200
v 3.4312 -0.7477 -0.6200
v 3.3064 -0.7477 -0.6200
v 3.4312 -0.8489 0.6200
v 3.5560 -0.8489 0.6200
v 3.5560 -0.7477 0.6200
v 3.4312 -0.7477 0.6200
v 3.4312 -0.8489 1.1750
v 3.5560 -0.8489 1.1750
v 3.5560 -0.7477 1.1750
v 3.4312 -0.7477 1.1750
v 3.4312 -0.8489 -1.1750
v 3.5560 -0.8489 -1.1750
v 3.5560 -0.7477 -1.1750
v 3.4312 -0.7477 -1.1750
v 3.4312 -0.8489 -0.6200
v 3.5560 -0.8489 -0.6200
v 3.5560 -0.7477 -0.6200
v 3.4312 -0.7477 -0.6200
v 3.5560 -0.8489 0.6200
v 3.6807 -0.8489 0.6200
v 3.6807 -0.7477 0.6200
v 3.5560 -0.7477 0.6200
v 3.5560 -0.8489 1.1650
v 3.6807 -0.8489 1.1650
v 3.6807 -0.7477 1.1650
v 3.5560 -0.7477 1.1650
v 3.5560 -0.8489 -1.1650
v 3.6807 -0.8489 -1.1650
v 3.6807 -0.7477 -1.1650
v 3.5560 -0.7477 -1.1650
v 3.5560 -0.8489 -0.6200
v 3.6807 -0.8489 -0.6200
v 3.6807 -0.7477 -0.6200
v 3.5560 -0.7477 -0.6200
v 3.6807 -0.8489 0.6200
v 3.8055 -0.8489 0.6200
v 3.8055 -0.7477 0.6200
v 3.6807 -0.7477 0.6200
v 3.6807 -0.8489 1.1550
v 3.8055 -0.8489 1.1550
v 3.8055 -0.7477 1.1550
v 3.6807 -0.7477 1.1550
v 3.6807 -0.8489 -1.1550
v 3.8055 -0.8489 -1.1550
v 3.8055 -0.7477 -1.1550
v 3.6807 -0.7477 -1.1550
v 3.6807 -0.8489 -0.6200
v 3.8055 -0.8489 -0.6200
v 3.8055 -0.7477 -0.6200
v 3.6807 -0.7477 -0.6200
v 3.8055 -0.8489 0.6200
v 3.9303 -0.8489 0.6200
v 3.9303 -0.7477 0.6200
v 3.8055 -0.7477 0.6200
v 3.8055 -0.8489 1.1430
v 3.9303 -0.8489 1.1430
v 3.9303 -0.7477 1.1430
v 3.8055 -0.7477 1.1430
v 3.8055 -0.8489 -1.1430
v 3.9303 -0.8489 -1.1430
v 3.9303 -0.7477 -1.1430
v 3.8055 -0.7477 -1.1430
v 3.8055 -0.8489 -0.6200
v 3.9303 -0.8489 -0.6200
v 3.9303 -0.7477 -0.6200
v 3.8055 -0.7477 -0.6200
v 3.9303 -0.8489 0.6200
v 4.0550 -0.8489 0.6200
v 4.0550 -0.7477 0.6200
v 3.9303 -0.7477 0.6200
v 3.9303 -0.8489 1.1300
v 4.0550 -0.8489 1.1300
v 4.0550 -0.7477 1.1300
v 3.9303 -0.7477 1.1300
v 3.9303 -0.8489 -1.1300
v 4.0550 -0.8489 -1.1300
v 4.0550 -0.7477 -1.1300
v 3.9303 -0.7477 -1.1300
v 3.9303 -0.8489 -0.6200
v 4.0550 -0.8489 -0.6200
v 4.0550 -0.7477 -0.6200
v 3.9303 -0.7477 -0.6200
v 4.0550 -0.8489 0.6200
v 4.1798 -0.8489 0.6200
v 4.1798 -0.7477 0.6200
v 4.0550 -0.7477 0.6200
v 4.0550 -0.8489 1.1160
v 4.1798 -0.8489 1.1160
v 4.1798 -0.7477 1.1160
v 4.0550 -0.7477 1.1160
v 4.0550 -0.8489 -1.1160
v 4.1798 -0.8489 -1.1160
v 4.1798 -0.7477 -1.1160
v 4.0550 -0.7477 -1.1160
v 4.0550 -0.8489 -0.6200
v 4.1798 -0.8489 -0.6200
v 4.1798 -0.7477 -0.6200
v 4.0550 -0.7477 -0.6200
v 4.1798 -0.8489 0.6200
v 4.3046 -0.8489 0.6200
v 4.3046 -0.7477 0.6200
v 4.1798 -0.7477 0.6200
v 4.1798 -0.8489 1.1020
v 4.3046 -0.8489 1.1020
v 4.3046 -0.7477 1.1020
v 4.1798 -0.7477 1.1020
v 4.1798 -0.8489 -1.1020
v 4.3046 -0.8489 -1.1020
v 4.3046 -0.7477 -1.1020
v 4.1798 -0.7477 -1.1020
v 4.1798 -0.8489 -0.6200
v 4.3046 -0.8489 -0.6200
v 4.3046 -0.7477 -0.6200
v 4.1798 -0.7477 -0.6200
v -6.8000 -0.7477 0.6200
v -6.5505 -0.7477 0.6200
v -6.5505 -0.6466 0.6200
v -6.8000 -0.6466 0.6200
v -6.8000 -0.7477 1.1270
v -6.5505 -0.7477 1.1270
v -6.5505 -0.6466 1.1270
v -6.8000 -0.6466 1.1270
v -6.8000 -0.7477 -1.1270
v -6.5505 -0.7477 -1.1270
v -6.5505 -0.6466 -1.1270
v -6.8000 -0.6466 -1.1270
v -6.8000 -0.7477 -0.6200
v -6.5505 -0.7477 -0.6200
v -6.5505 -0.6466 -0.6200
v -6.8000 -0.6466 -0.6200
v -6.5505 -0.7477 0.6200
v -6.4257 -0.7477 0.6200
v -6.4257 -0.6466 0.6200
v -6.5505 -0.6466 0.6200
v -6.5505 -0.7477 1.1870
v -6.4257 -0.7477 1.1870
v -6.4257 -0.6466 1.1870
v -6.5505 -0.6466 1.1870
v -6.5505 -0.7477 -1.1870
v -6.4257 -0.7477 -1.1870
v -6.4257 -0.6466 -1.1870
v -6.5505 -0.6466 -1.1870
v -6.5505 -0.7477 -0.6200
v -6.4257 -0.7477 -0.6200
v -6.4257 -0.6466 -0.6200
v -6.5505 -0.6466 -0.6200
v -6.4257 -0.7477 0.6200
v -6.3009 -0.7477 0.6200
v -6.3009 -0.6466 0.6200
v -6.4257 -0.6466 0.6200
v -6.4257 -0.7477 1.1820
v -6.3009 -0.7477 1.1820
v -6.3009 -0.6466 1.1820
v -6.4257 -0.6466 1.1820
v -6.4257 -0.7477 -1.1820
v -6.3009 -0.7477 -1.1820
v -6.3009 -0.6466 -1.1820
v -6.4257 -0.6466 -1.1820
v -6.4257 -0.7477 -0.6200
v -6.3009 -0.7477 -0.6200
v -6.3009 -0.6466 -0.6200
v -6.4257 -0.6466 -0.6200
v -6.3009 -0.7477 0.6200
v 2.1835 -0.7477 0.6200
v 2.1835 -0.6466 0.6200
v -6.3009 -0.6466 0.6200
v -6.3009 -0.7477 1.2170
v 2.1835 -0.7477 1.2170
v 2.1835 -0.6466 1.2170
v -6.3009 -0.6466 1.2170
v -6.3009 -0.7477 -1.2170
v 2.1835 -0.7477 -1.2170
v 2.1835 -0.6466 -1.2170
v -6.3009 -0.6466 -1.2170
v -6.3009 -0.7477 -0.6200
v 2.1835 -0.7477 -0.6200
v 2.1835 -0.6466 -0.6200
v -6.3009 -0.6466 -0.6200
v 2.1835 -0.7477 0.6200
v 2.3083 -0.7477 0.6200
v 2.3083 -0.6466 0.6200
v 2.1835 -0.6466 0.6200
v 2.1835 -0.7477 1.2170
v 2.3083 -0.7477 1.2170
v 2.3083 -0.6466 1.2170
v 2.1835 -0.6466 1.2170
v 2.1835 -0.7477 -1.2170
v 2.3083 -0.7477 -1.2170
v 2.3083 -0.6466 -1.2170
v 2.1835 -0.6466 -1.2170
v 2.1835 -0.7477 -0.6200
v 2.3083 -0.7477 -0.6200
v 2.3083 -0.6466 -0.6200
v 2.1835 -0.6466 -0.6200
v 2.3083 -0.7477 0.6200
v 3.1817 -0.7477 0.6200
v 3.1817 -0.6466 0.6200
v 2.3083 -0.6466 0.6200
v 2.3083 -0.7477 1.2170
v 3.1817 -0.7477 1.2170
v 3.1817 -0.6466 1.2170
v 2.3083 -0.6466 1.2170
v 2.3083 -0.7477 -1.2170
v 3.1817 -0.7477 -1.2170
v 3.1817 -0.6466 -1.2170
v 2.3083 -0.6466 -1.2170
v 2.3083 -0.7477 -0.6200
v 3.1817 -0.7477 -0.6200
v 3.1817 -0.6466 -0.6200
v 2.3083 -0.6466 -0.6200
v 3.1817 -0.7477 0.6200
v 3.3064 -0.7477 0.6200
v 3.3064 -0.6466 0.6200
v 3.1817 -0.6466 0.6200
v 3.1817 -0.7477 1.2150
v 3.3064 -0.7477 1.2150
v 3.3064 -0.6466 1.2150
v 3.1817 -0.6466 1.2150
v 3.1817 -0.7477 -1.2150
v 3.3064 -0.7477 -1.2150
v 3.3064 -0.6466 -1.2150
v 3.1817 -0.6466 -1.2150
v 3.1817 -0.7477 -0.6200
v 3.3064 -0.7477 -0.6200
v 3.3064 -0.6466 -0.6200
v 3.1817 -0.6466 -0.6200
v 3.3064 -0.7477 0.6200
v 3.4312 -0.7477 0.6200
v 3.4312 -0.6466 0.6200
v 3.3064 -0.6466 0.6200
v 3.3064 -0.7477 1.2090
v 3.4312 -0.7477 1.2090
v 3.4312 -0.6466 1.2090
v 3.3064 -0.6466 1.2090
v 3.3064 -0.7477 -1.2090
v 3.4312 -0.7477 -1.2090
v 3.4312 -0.6466 -1.2090
v 3.3064 -0.6466 -1.2090
v 3.3064 -0.7477 -0.6200
v 3.4312 -0.7477 -0.6200
v 3.4312 -0.6466 -0.6200
v 3.3064 -0.6466 -0.6200
v 3.4312 -0.7477 0.6200
v 3.5560 -0.7477 0.6200
v 3.5560 -0.6466 0.6200
v 3.4312 -0.6466 0.6200
v 3.4312 -0.7477 1.2010
v 3.5560 -0.7477 1.2010
v 3.5560 -0.6466 1.2010
v 3.4312 -0.6466 1.2010
v 3.4312 -0.7477 -1.2010
v 3.5560 -0.7477 -1.2010
v 3.5560 -0.6466 -1.2010
v 3.4312 -0.6466 -1.2010
v 3.4312 -0.7477 -0.6200
v 3.5560 -0.7477 -0.6200
v 3.5560 -0.6466 -0.6200
v 3.4312 -0.6466 -0.6200
v 3.5560 -0.7477 0.6200
v 3.6807 -0.7477 0.6200
v 3.6807 -0.6466 0.6200
v 3.5560 -0.6466 0.6200
v 3.5560 -0.7477 1.1910
v 3.6807 -0.7477 1.1910
v 3.6807 -0.6466 1.1910
v 3.5560 -0.6466 1.1910
v 3.5560 -0.7477 -1.1910
v 3.6807 -0.7477 -1.1910
v 3.6807 -0.6466 -1.1910
v 3.5560 -0.6466 -1.1910
v 3.5560 -0.7477 -0.6200
v 3.6807 -0.7477 -0.6200
v 3.6807 -0.6466 -0.6200
v 3.5560 -0.6466 -0.6200
v 3.6807 -0.7477 0.6200
v 3.8055 -0.7477 0.6200
v 3.8055 -0.6466 0.6200
v 3.6807 -0.6466 0.6200
v 3.6807 -0.7477 1.1800
v 3.8055 -0.7477 1.1800
v 3.8055 -0.6466 1.1800
v 3.6807 -0.6466 1.1800
v 3.6807 -0.7477 -1.1800
v 3.8055 -0.7477 -1.1800
v 3.8055 -0.6466 -1.1800
v 3.6807 -0.6466 -1.1800
v 3.6807 -0.7477 -0.6200
v 3.8055 -0.7477 -0.6200
v 3.8055 -0.6466 -0.6200
v 3.6807 -0.6466 -0.6200
v 3.8055 -0.7477 0.6200
v 3.9303 -0.7477 0.6200
v 3.9303 -0.6466 0.6200
v 3.8055 -0.6466 0.6200
v 3.8055 -0.7477 1.1680
v 3.9303 -0.7477 1.1680
v 3.9303 -0.6466 1.1680
v 3.8055 -0.6466 1.1680
v 3.8055 -0.7477 -1.1680
v 3.9303 -0.7477 -1.1680
v 3.9303 -0.6466 -1.1680
v 3.8055 -0.6466 -1.1680
v 3.8055 -0.7477 -0.6200
v 3.9303 -0.7477 -0.6200
v 3.9303 -0.6466 -0.6200
v 3.8055 -0.6466 -0.6200
v 3.9303 -0.7477 0.6200
v 4.0550 -0.7477 0.6200
v 4.0550 -0.6466 0.6200
v 3.9303 -0.6466 0.6200
v 3.9303 -0.7477 1.1550
v 4.0550 -0.7477 1.1550
v 4.0550 -0.6466 1.1550
v 3.9303 -0.6466 1.1550
v 3.9303 -0.7477 -1.1550
v 4.0550 -0.7477 -1.1550
v 4.0550 -0.6466 -1.1550
v 3.9303 -0.6466 -1.1550
v 3.9303 -0.7477 -0.6200
v 4.0550 -0.7477 -0.6200
v 4.0550 -0.6466 -0.6200
v 3.9303 -0.6466 -0.6200
v 4.0550 -0.7477 0.6200
v 4.1798 -0.7477 0.6200
v 4.1798 -0.6466 0.6200
v 4.0550 -0.6466 0.6200
v 4.0550 -0.7477 1.1410
v 4.1798 -0.7477 1.1410
v 4.1798 -0.6466 1.1410
v 4.0550 -0.6466 1.1410
v 4.0550 -0.7477 -1.1410
v 4.1798 -0.7477 -1.1410
v 4.1798 -0.6466 -1.1410
v 4.0550 -0.6466 -1.1410
v 4.0550 -0.7477 -0.6200
v 4.1798 -0.7477 -0.6200
v 4.1798 -0.6466 -0.6200
v 4.0550 -0.6466 -0.6200
v 4.1798 -0.7477 0.6200
v 4.3046 -0.7477 0.6200
v 4.3046 -0.6466 0.6200
v 4.1798 -0.6466 0.6200
v 4.1798 -0.7477 1.1260
v 4.3046 -0.7477 1.1260
v 4.3046 -0.6466 1.1260
v 4.1798 -0.6466 1.1260
v 4.1798 -0.7477 -1.1260
v 4.3046 -0.7477 -1.1260
v 4.3046 -0.6466 -1.1260
v 4.1798 -0.6466 -1.1260
v 4.1798 -0.7477 -0.6200
v 4.3046 -0.7477 -0.6200
v 4.3046 -0.6466 -0.6200
v 4.1798 -0.6466 -0.6200
v 4.3046 -0.7477 0.6200
v 4.4294 -0.7477 0.6200
v 4.4294 -0.6466 0.6200
v 4.3046 -0.6466 0.6200
v 4.3046 -0.7477 1.1110
v 4.4294 -0.7477 1.1110
v 4.4294 -0.6466 1.1110
v 4.3046 -0.6466 1.1110
v 4.3046 -0.7477 -1.1110
v 4.4294 -0.7477 -1.1110
v 4.4294 -0.6466 -1.1110
v 4.3046 -0.6466 -1.1110
v 4.3046 -0.7477 -0.6200
v 4.4294 -0.7477 -0.6200
v 4.4294 -0.6466 -0.6200
v 4.3046 -0.6466 -0.6200
v 4.4294 -0.7477 0.6200
v 4.5541 -0.7477 0.6200
v 4.5541 -0.6466 0.6200
v 4.4294 -0.6466 0.6200
v 4.4294 -0.7477 1.0950
v 4.5541 -0.7477 1.0950
v 4.5541 -0.6466 1.0950
v 4.4294 -0.6466 1.0950
v 4.4294 -0.7477 -1.0950
v 4.5541 -0.7477 -1.0950
v 4.5541 -0.6466 -1.0950
v 4.4294 -0.6466 -1.0950
v 4.4294 -0.7477 -0.6200
v 4.5541 -0.7477 -0.6200
v 4.5541 -0.6466 -0.6200
v 4.4294 -0.6466 -0.6200
v 4.5541 -0.7477 0.6200
v 4.6789 -0.7477 0.6200
v 4.6789 -0.6466 0.6200
v 4.5541 -0.6466 0.6200
v 4.5541 -0.7477 1.0780
v 4.6789 -0.7477 1.0780
v 4.6789 -0.6466 1.0780
v 4.5541 -0.6466 1.0780
v 4.5541 -0.7477 -1.0780
v 4.6789 -0.7477 -1.0780
v 4.6789 -0.6466 -1.0780
v 4.5541 -0.6466 -1.0780
v 4.5541 -0.7477 -0.6200
v 4.6789 -0.7477 -0.6200
v 4.6789 -0.6466 -0.6200
v 4.5541 -0.6466 -0.6200
v -6.8000 -0.6466 0.6200
v -6.5505 -0.6466 0.6200
v -6.5505 -0.5455 0.6200
v -6.8000 -0.5455 0.6200
v -6.8000 -0.6466 1.1530
v -6.5505 -0.6466 1.1530
v -6.5505 -0.5455 1.1530
v -6.8000 -0.5455 1.1530
v -6.8000 -0.6466 -1.1530
v -6.5505 -0.6466 -1.1530
v -6.5505 -0.5455 -1.1530
v -6.8000 -0.5455 -1.1530
v -6.8000 -0.6466 -0.6200
v -6.5505 -0.6466 -0.6200
v -6.5505 -0.5455 -0.6200
v -6.8000 -0.5455 -0.6200
v -6.5505 -0.6466 0.6200
v -6.4257 -0.6466 0.6200
v -6.4257 -0.5455 0.6200
v -6.5505 -0.5455 0.6200
v -6.5505 -0.6466 1.2130
v -6.4257 -0.6466 1.2130
v -6.4257 -0.5455 1.2130
v -6.5505 -0.5455 1.2130
v -6.5505 -0.6466 -1.2130
v -6.4257 -0.6466 -1.2130
v -6.4257 -0.5455 -1.2130
v -6.5505 -0.5455 -1.2130
v -6.5505 -0.6466 -0.6200
v -6.4257 -0.6466 -0.6200
v -6.4257 -0.5455 -0.6200
v -6.5505 -0.5455 -0.6200
v -6.4257 -0.6466 0.6200
v -6.3009 -0.6466 0.6200
v -6.3009 -0.5455 0.6200
v -6.4257 -0.5455 0.6200
v -6.4257 -0.6466 1.2080
v -6.3009 -0.6466 1.2080
v -6.3009 -0.5455 1.2080
v -6.4257 -0.5455 1.2080
v -6.4257 -0.6466 -1.2080
v -6.3009 -0.6466 -1.2080
v -6.3009 -0.5455 -1.2080
v -6.4257 -0.5455 -1.2080
v -6.4257 -0.6466 -0.6200
v -6.3009 -0.6466 -0.6200
v -6.3009 -0.5455 -0.6200
v -6.4257 -0.5455 -0.6200
v -6.3009 -0.6466 0.6200
v 2.1835 -0.6466 0.6200
v 2.1835 -0.5455 0.6200
v -6.3009 -0.5455 0.6200
v -6.3009 -0.6466 1.2430
v 2.1835 -0.6466 1.2430
v 2.1835 -0.5455 1.2430
v -6.3009 -0.5455 1.2430
v -6.3009 -0.6466 -1.2430
v 2.1835 -0.6466 -1.2430
v 2.1835 -0.5455 -1.2430
v -6.3009 -0.5455 -1.2430
v -6.3009 -0.6466 -0.6200
v 2.1835 -0.6466 -0.6200
v 2.1835 -0.5455 -0.6200
v -6.3009 -0.5455 -0.6200
v 2.1835 -0.6466 0.6200
v 2.3083 -0.6466 0.6200
v 2.3083 -0.5455 0.6200
v 2.1835 -0.5455 0.6200
v 2.1835 -0.6466 1.2430
v 2.3083 -0.6466 1.2430
v 2.3083 -0.5455 1.2430
v 2.1835 -0.5455 1.2430
v 2.1835 -0.6466 -1.2430
v 2.3083 -0.6466 -1.2430
v 2.3083 -0.5455 -1.2430
v 2.1835 -0.5455 -1.2430
v 2.1835 -0.6466 -0.6200
v 2.3083 -0.6466 -0.6200
v 2.3083 -0.5455 -0.6200
v 2.1835 -0.5455 -0.6200
v 2.3083 -0.6466 0.6200
v 3.1817 -0.6466 0.6200
v 3.1817 -0.5455 0.6200
v 2.3083 -0.5455 0.6200
v 2.3083 -0.6466 1.2430
v 3.1817 -0.6466 1.2430
v 3.1817 -0.5455 1.2430
v 2.3083 -0.5455 1.2430
v 2.3083 -0.6466 -1.2430
v 3.1817 -0.6466 -1.2430
v 3.1817 -0.5455 -1.2430
v 2.3083 -0.5455 -1.2430
v 2.3083 -0.6466 -0.6200
v 3.1817 -0.6466 -0.6200
v 3.1817 -0.5455 -0.6200
v 2.3083 -0.5455 -0.6200
v 3.1817 -0.6466 0.6200
v 3.3064 -0.6466 0.6200
v 3.3064 -0.5455 0.6200
v 3.1817 -0.5455 0.6200
v 3.1817 -0.6466 1.2420
v 3.3064 -0.6466 1.2420
v 3.3064 -0.5455 1.2420
v 3.1817 -0.5455 1.2420
v 3.1817 -0.6466 -1.2420
v 3.3064 -0.6466 -1.2420
v 3.3064 -0.5455 -1.2420
v 3.1817 -0.5455 -1.2420
v 3.1817 -0.6466 -0.6200
v 3.3064 -0.6466 -0.6200
v 3.3064 -0.5455 -0.6200
v 3.1817 -0.5455 -0.6200
v 3.3064 -0.6466 0.6200
v 3.4312 -0.6466 0.6200
v 3.4312 -0.5455 0.6200
v 3.3064 -0.5455 0.6200
v 3.3064 -0.6466 1.2360
v 3.4312 -0.6466 1.2360
v 3.4312 -0.5455 1.2360
v 3.3064 -0.5455 1.2360
v 3.3064 -0.6466 -1.2360
v 3.4312 -0.6466 -1.2360
v 3.4312 -0.5455 -1.2360
v 3.3064 -0.5455 -1.2360
v 3.3064 -0.6466 -0.6200
v 3.4312 -0.6466 -0.6200
v 3.4312 -0.5455 -0.6200
v 3.3064 -0.5455 -0.6200
v 3.4312 -0.6466 0.6200
v 3.5560 -0.6466 0.6200
v 3.5560 -0.5455 0.6200
v 3.4312 -0.5455 0.6200
v 3.4312 -0.6466 1.2280
v 3.5560 -0.6466 1.2280
v 3.5560 -0.5455 1.2280
v 3.4312 -0.5455 1.2280
v 3.4312 -0.6466 -1.2280
v 3.5560 -0.6466 -1.2280
v 3.5560 -0.5455 -1.2280
v 3.4312 -0.5455 -1.2280
v 3.4312 -0.6466 -0.6200
v 3.5560 -0.6466 -0.6200
v 3.5560 -0.5455 -0.6200
v 3.4312 -0.5455 -0.6200
v 3.5560 -0.6466 0.6200
v 3.6807 -0.6466 0.6200
v 3.6807 -0.5455 0.6200
v 3.5560 -0.5455 0.6200
v 3.5560 -0.6466 1.2180
v 3.6807 -0.6466 1.2180
v 3.6807 -0.5455 1.2180
v 3.5560 -0.5455 1.2180
v 3.5560 -0.6466 -1.2180
v 3.6807 -0.6466 -1.2180
v 3.6807 -0.5455 -1.2180
v 3.5560 -0.5455 -1.2180
v 3.5560 -0.6466 -0.6200
v 3.6807 -0.6466 -0.6200
v 3.6807 -0.5455 -0.6200
v 3.5560 -0.5455 -0.6200
v 3.6807 -0.6466 0.6200
v 3.8055 -0.6466 0.6200
v 3.8055 -0.5455 0.6200
v 3.6807 -0.5455 0.6200
v 3.6807 -0.6466 1.2060
v 3.8055 -0.6466 1.2060
v 3.8055 -0.5455 1.2060
v 3.6807 -0.5455 1.2060
v 3.6807 -0.6466 -1.2060
v 3.8055 -0.6466 -1.2060
v 3.8055 -0.5455 -1.2060
v 3.6807 -0.5455 -1.2060
v 3.6807 -0.6466 -0.6200
v 3.8055 -0.6466 -0.6200
v 3.8055 -0.5455 -0.6200
v 3.6807 -0.5455 -0.6200
v 3.8055 -0.6466 0.6200
v 3.9303 -0.6466 0.6200
v 3.9303 -0.5455 0.6200
v 3.8055 -0.5455 0.6200
v 3.8055 -0.6466 1.1940
v 3.9303 -0.6466 1.1940
v 3.9303 -0.5455 1.1940
v 3.8055 -0.5455 1.1940
v 3.8055 -0.6466 -1.1940
v 3.9303 -0.6466 -1.1940
v 3.9303 -0.5455 -1.1940
v 3.8055 -0.5455 -1.1940
v 3.8055 -0.6466 -0.6200
v 3.9303 -0.6466 -0.6200
v 3.9303 -0.5455 -0.6200
v 3.8055 -0.5455 -0.6200
v 3.9303 -0.6466 0.6200
v 4.0550 -0.6466 0.6200
v 4.0550 -0.5455 0.6200
v 3.9303 -0.5455 0.6200
v 3.9303 -0.6466 1.1800
v 4.0550 -0.6466 1.1800
v 4.0550 -0.5455 1.1800
v 3.9303 -0.5455 1.1800
v 3.9303 -0.6466 -1.1800
v 4.0550 -0.6466 -1.1800
v 4.0550 -0.5455 -1.1800
v 3.9303 -0.5455 -1.1800
v 3.9303 -0.6466 -0.6200
v 4.0550 -0.6466 -0.6200
v 4.0550 -0.5455 -0.6200
v 3.9303 -0.5455 -0.6200
v 4.0550 -0.6466 0.6200
v 4.1798 -0.6466 0.6200
v 4.1798 -0.5455 0.6200
v 4.0550 -0.5455 0.6200
v 4.0550 -0.6466 1.1660
v 4.1798 -0.6466 1.1660
v 4.1798 -0.5455 1.1660
v 4.0550 -0.5455 1.1660
v 4.0550 -0.6466 -1.1660
v 4.1798 -0.6466 -1.1660
v 4.1798 -0.5455 -1.1660
v 4.0550 -0.5455 -1.1660
v 4.0550 -0.6466 -0.6200
v 4.1798 -0.6466 -0.6200
v 4.1798 -0.5455 -0.6200
v 4.0550 -0.5455 -0.6200
v 4.1798 -0.6466 0.6200
v 4.3046 -0.6466 0.6200
v 4.3046 -0.5455 0.6200
v 4.1798 -0.5455 0.6200
v 4.1798 -0.6466 1.1510
v 4.3046 -0.6466 1.1510
v 4.3046 -0.5455 1.1510
v 4.1798 -0.5455 1.1510
v 4.1798 -0.6466 -1.1510
v 4.3046 -0.6466 -1.1510
v 4.3046 -0.5455 -1.1510
v 4.1798 -0.5455 -1.1510
v 4.1798 -0.6466 -0.6200
v 4.3046 -0.6466 -0.6200
v 4.3046 -0.5455 -0.6200
v 4.1798 -0.5455 -0.6200
v 4.3046 -0.6466 0.6200
v 4.4294 -0.6466 0.6200
v 4.4294 -0.5455 0.6200
v 4.3046 -0.5455 0.6200
v 4.3046 -0.6466 1.1350
v 4.4294 -0.6466 1.1350
v 4.4294 -0.5455 1.1350
v 4.3046 -0.5455 1.1350
v 4.3046 -0.6466 -1.1350
v 4.4294 -0.6466 -1.1350
v 4.4294 -0.5455 -1.1350
v 4.3046 -0.5455 -1.1350
v 4.3046 -0.6466 -0.6200
v 4.4294 -0.6466 -0.6200
v 4.4294 -0.5455 -0.6200
v 4.3046 -0.5455 -0.6200
v 4.4294 -0.6466 0.6200
v 4.5541 -0.6466 0.6200
v 4.5541 -0.5455 0.6200
v 4.4294 -0.5455 0.6200
v 4.4294 -0.6466 1.1190
v 4.5541 -0.6466 1.1190
v 4.5541 -0.5455 1.1190
v 4.4294 -0.5455 1.1190
v 4.4294 -0.6466 -1.1190
v 4.5541 -0.6466 -1.1190
v 4.5541 -0.5455 -1.1190
v 4.4294 -0.5455 -1.1190
v 4.4294 -0.6466 -0.6200
v 4.5541 -0.6466 -0.6200
v 4.5541 -0.5455 -0.6200
v 4.4294 -0.5455 -0.6200
v 4.5541 -0.6466 0.6200
v 4.6789 -0.6466 0.6200
v 4.6789 -0.5455 0.6200
v 4.5541 -0.5455 0.6200
v 4.5541 -0.6466 1.1020
v 4.6789 -0.6466 1.1020
v 4.6789 -0.5455 1.1020
v 4.5541 -0.5455 1.1020
v 4.5541 -0.6466 -1.1020
v 4.6789 -0.6466 -1.1020
v 4.6789 -0.5455 -1.1020
v 4.5541 -0.5455 -1.1020
v 4.5541 -0.6466 -0.6200
v 4.6789 -0.6466 -0.6200
v 4.6789 -0.5455 -0.6200
v 4.5541 -0.5455 -0.6200
v 4.6789 -0.6466 0.6200
v 4.8037 -0.6466 0.6200
v 4.8037 -0.5455 0.6200
v 4.6789 -0.5455 0.6200
v 4.6789 -0.6466 1.0840
v 4.8037 -0.6466 1.0840
v 4.8037 -0.5455 1.0840
v 4.6789 -0.5455 1.0840
v 4.6789 -0.6466 -1.0840
v 4.8037 -0.6466 -1.0840
v 4.8037 -0.5455 -1.0840
v 4.6789 -0.5455 -1.0840
v 4.6789 -0.6466 -0.6200
v 4.8037 -0.6466 -0.6200
v 4.8037 -0.5455 -0.6200
v 4.6789 -0.5455 -0.6200
v 4.8037 -0.6466 0.6200
v 4.9284 -0.6466 0.6200
v 4.9284 -0.5455 0.6200
v 4.8037 -0.5455 0.6200
v 4.8037 -0.6466 1.0660
v 4.9284 -0.6466 1.0660
v 4.9284 -0.5455 1.0660
v 4.8037 -0.5455 1.0660
v 4.8037 -0.6466 -1.0660
v 4.9284 -0.6466 -1.0660
v 4.9284 -0.5455 -1.0660
v 4.8037 -0.5455 -1.0660
v 4.8037 -0.6466 -0.6200
v 4.9284 -0.6466 -0.6200
v 4.9284 -0.5455 -0.6200
v 4.8037 -0.5455 -0.6200
v 4.9284 -0.6466 0.6200
v 5.0532 -0.6466 0.6200
v 5.0532 -0.5455 0.6200
v 4.9284 -0.5455 0.6200
v 4.9284 -0.6466 1.0470
v 5.0532 -0.6466 1.0470
v 5.0532 -0.5455 1.0470
v 4.9284 -0.5455 1.0470
v 4.9284 -0.6466 -1.0470
v 5.0532 -0.6466 -1.0470
v 5.0532 -0.5455 -1.0470
v 4.9284 -0.5455 -1.0470
v 4.9284 -0.6466 -0.6200
v 5.0532 -0.6466 -0.6200
v 5.0532 -0.5455 -0.6200
v 4.9284 -0.5455 -0.6200
v -6.8000 -0.5455 0.6200
v -6.5505 -0.5455 0.6200
v -6.5505 -0.4443 0.6200
v -6.8000 -0.4443 0.6200
v -6.8000 -0.5455 1.1800
v -6.5505 -0.5455 1.1800
v -6.5505 -0.4443 1.1800
v -6.8000 -0.4443 1.1800
v -6.8000 -0.5455 -1.1800
v -6.5505 -0.5455 -1.1800
v -6.5505 -0.4443 -1.1800
v -6.8000 -0.4443 -1.1800
v -6.8000 -0.5455 -0.6200
v -6.5505 -0.5455 -0.6200
v -6.5505 -0.4443 -0.6200
v -6.8000 -0.4443 -0.6200
v -6.5505 -0.5455 0.6200
v -6.4257 -0.5455 0.6200
v -6.4257 -0.4443 0.6200
v -6.5505 -0.4443 0.6200
v -6.5505 -0.5455 1.2400
v -6.4257 -0.5455 1.2400
v -6.4257 -0.4443 1.2400
v -6.5505 -0.4443 1.2400
v -6.5505 -0.5455 -1.2400
v -6.4257 -0.5455 -1.2400
v -6.4257 -0.4443 -1.2400
v -6.5505 -0.4443 -1.2400
v -6.5505 -0.5455 -0.6200
v -6.4257 -0.5455 -0.6200
v -6.4257 -0.4443 -0.6200
v -6.5505 -0.4443 -0.6200
v -6.4257 -0.5455 0.6200
v -6.3009 -0.5455 0.6200
v -6.3009 -0.4443 0.6200
v -6.4257 -0.4443 0.6200
v -6.4257 -0.5455 1.2350
v -6.3009 -0.5455 1.2350
v -6.3009 -0.4443 1.2350
v -6.4257 -0.4443 1.2350
v -6.4257 -0.5455 -1.2350
v -6.3009 -0.5455 -1.2350
v -6.3009 -0.4443 -1.2350
v -6.4257 -0.4443 -1.2350
v -6.4257 -0.5455 -0.6200
v -6.3009 -0.5455 -0.6200
v -6.3009 -0.4443 -0.6200
v -6.4257 -0.4443 -0.6200
v -6.3009 -0.5455 0.6200
v 2.1835 -0.5455 0.6200
v 2.1835 -0.4443 0.6200
v -6.3009 -0.4443 0.6200
v -6.3009 -0.5455 1.2700
v 2.1835 -0.5455 1.2700
v 2.1835 -0.4443 1.2700
v -6.3009 -0.4443 1.2700
v -6.3009 -0.5455 -1.2700
v 2.1835 -0.5455 -1.2700
v 2.1835 -0.4443 -1.2700
v -6.3009 -0.4443 -1.2700
v -6.3009 -0.5455 -0.6200
v 2.1835 -0.5455 -0.6200
v 2.1835 -0.4443 -0.6200
v -6.3009 -0.4443 -0.6200
v 2.1835 -0.5455 0.6200
v 2.3083 -0.5455 0.6200
v 2.3083 -0.4443 0.6200
v 2.1835 -0.4443 0.6200
v 2.1835 -0.5455 1.2700
v 2.3083 -0.5455 1.2700
v 2.3083 -0.4443 1.2700
v 2.1835 -0.4443 1.2700
v 2.1835 -0.5455 -1.2700
v 2.3083 -0.5455 -1.2700
v 2.3083 -0.4443 -1.2700
v 2.1835 -0.4443 -1.2700
v 2.1835 -0.5455 -0.6200
v 2.3083 -0.5455 -0.6200
v 2.3083 -0.4443 -0.6200
v 2.1835 -0.4443 -0.6200
v 2.3083 -0.5455 0.6200
v 3.1817 -0.5455 0.6200
v 3.1817 -0.4443 0.6200
v 2.3083 -0.4443 0.6200
v 2.3083 -0.5455 1.2700
v 3.1817 -0.5455 1.2700
v 3.1817 -0.4443 1.2700
v 2.3083 -0.4443 1.2700
v 2.3083 -0.5455 -1.2700
v 3.1817 -0.5455 -1.2700
v 3.1817 -0.4443 -1.2700
v 2.3083 -0.4443 -1.2700
v 2.3083 -0.5455 -0.6200
v 3.1817 -0.5455 -0.6200
v 3.1817 -0.4443 -0.6200
v 2.3083 -0.4443 -0.6200
v 3.1817 -0.5455 0.6200
v 3.3064 -0.5455 0.6200
v 3.3064 -0.4443 0.6200
v 3.1817 -0.4443 0.6200
v 3.1817 -0.5455 1.2690
v 3.3064 -0.5455 1.2690
v 3.3064 -0.4443 1.2690
v 3.1817 -0.4443 1.2690
v 3.1817 -0.5455 -1.2690
v 3.3064 -0.5455 -1.2690
v 3.3064 -0.4443 -1.2690
v 3.1817 -0.4443 -1.2690
v 3.1817 -0.5455 -0.6200
v 3.3064 -0.5455 -0.6200
v 3.3064 -0.4443 -0.6200
v 3.1817 -0.4443 -0.6200
v 3.3064 -0.5455 0.6200
v 3.4312 -0.5455 0.6200
v 3.4312 -0.4443 0.6200
v 3.3064 -0.4443 0.6200
v 3.3064 -0.5455 1.2620
v 3.4312 -0.5455 1.2620
v 3.4312 -0.4443 1.2620
v 3.3064 -0.4443 1.2620
v 3.3064 -0.5455 -1.2620
v 3.4312 -0.5455 -1.2620
v 3.4312 -0.4443 -1.2620
v 3.3064 -0.4443 -1.2620
v 3.3064 -0.5455 -0.6200
v 3.4312 -0.5455 -0.6200
v 3.4312 -0.4443 -0.6200
v 3.3064 -0.4443 -0.6200
v 3.4312 -0.5455 0.6200
v 3.5560 -0.5455 0.6200
v 3.5560 -0.4443 0.6200
v 3.4312 -0.4443 0.6200
v 3.4312 -0.5455 1.2540
v 3.5560 -0.5455 1.2540
v 3.5560 -0.4443 1.2540
v 3.4312 -0.4443 1.2540
v 3.4312 -0.5455 -1.2540
v 3.5560 -0.5455 -1.2540
v 3.5560 -0.4443 -1.2540
v 3.4312 -0.4443 -1.2540
v 3.4312 -0.5455 -0.6200
v 3.5560 -0.5455 -0.6200
v 3.5560 -0.4443 -0.6200
v 3.4312 -0.4443 -0.6200
v 3.5560 -0.5455 0.6200
v 3.6807 -0.5455 0.6200
v 3.6807 -0.4443 0.6200
v 3.5560 -0.4443 0.6200
v 3.5560 -0.5455 1.2440
v 3.6807 -0.5455 1.2440
v 3.6807 -0.4443 1.2440
v 3.5560 -0.4443 1.2440
v 3.5560 -0.5455 -1.2440
v 3.6807 -0.5455 -1.2440
v 3.6807 -0.4443 -1.2440
v 3.5560 -0.4443 -1.2440
v 3.5560 -0.5455 -0.6200
v 3.6807 -0.5455 -0.6200
v 3.6807 -0.4443 -0.6200
v 3.5560 -0.4443 -0.6200
v 3.6807 -0.5455 0.6200
v 3.8055 -0.5455 0.6200
v 3.8055 -0.4443 0.6200
v 3.6807 -0.4443 0.6200
v 3.6807 -0.5455 1.2320
v 3.8055 -0.5455 1.2320
v 3.8055 -0.4443 1.2320
v 3.6807 -0.4443 1.2320
v 3.6807 -0.5455 -1.2320
v 3.8055 -0.5455 -1.2320
v 3.8055 -0.4443 -1.2320
v 3.6807 -0.4443 -1.2320
v 3.6807 -0.5455 -0.6200
v 3.8055 -0.5455 -0.6200
v 3.8055 -0.4443 -0.6200
v 3.6807 -0.4443 -0.6200
v 3.8055 -0.5455 0.6200
v 3.9303 -0.5455 0.6200
v 3.9303 -0.4443 0.6200
v 3.8055 -0.4443 0.6200
v 3.8055 -0.5455 1.2190
v 3.9303 -0.5455 1.2190
v 3.9303 -0.4443 1.2190
v 3.8055 -0.4443 1.2190
v 3.8055 -0.5455 -1.2190
v 3.9303 -0.5455 -1.2190
v 3.9303 -0.4443 -1.2190
v 3.8055 -0.4443 -1.2190
v 3.8055 -0.5455 -0.6200
v 3.9303 -0.5455 -0.6200
v 3.9303 -0.4443 -0.6200
v 3.8055 -0.4443 -0.6200
v 3.9303 -0.5455 0.6200
v 4.0550 -0.5455 0.6200
v 4.0550 -0.4443 0.6200
v 3.9303 -0.4443 0.6200
v 3.9303 -0.5455 1.2060
v 4.0550 -0.5455 1.2060
v 4.0550 -0.4443 1.2060
v 3.9303 -0.4443 1.2060
v 3.9303 -0.5455 -1.2060
v 4.0550 -0.5455 -1.2060
v 4.0550 -0.4443 -1.2060
v 3.9303 -0.4443 -1.2060
v 3.9303 -0.5455 -0.6200
v 4.0550 -0.5455 -0.6200
v 4.0550 -0.4443 -0.6200
v 3.9303 -0.4443 -0.6200
v 4.0550 -0.5455 0.6200
v 4.1798 -0.5455 0.6200
v 4.1798 -0.4443 0.6200
v 4.0550 -0.4443 0.6200
v 4.0550 -0.5455 1.1910
v 4.1798 -0.5455 1.1910
v 4.1798 -0.4443 1.1910
v 4.0550 -0.4443 1.1910
v 4.0550 -0.5455 -1.1910
v 4.1798 -0.5455 -1.1910
v 4.1798 -0.4443 -1.1910
v 4.0550 -0.4443 -1.1910
v 4.0550 -0.5455 -0.6200
v 4.1798 -0.5455 -0.6200
v 4.1798 -0.4443 -0.6200
v 4.0550 -0.4443 -0.6200
v 4.1798 -0.5455 0.6200
v 4.3046 -0.5455 0.6200
v 4.3046 -0.4443 0.6200
v 4.1798 -0.4443 0.6200
v 4.1798 -0.5455 1.1760
v 4.3046 -0.5455 1.1760
v 4.3046 -0.4443 1.1760
v 4.1798 -0.4443 1.1760
v 4.1798 -0.5455 -1.1760
v 4.3046 -0.5455 -1.1760
v 4.3046 -0.4443 -1.1760
v 4.1798 -0.4443 -1.1760
v 4.1798 -0.5455 -0.6200
v 4.3046 -0.5455 -0.6200
v 4.3046 -0.4443 -0.6200
v 4.1798 -0.4443 -0.6200
v 4.3046 -0.5455 0.6200
v 4.4294 -0.5455 0.6200
v 4.4294 -0.4443 0.6200
v 4.3046 -0.4443 0.6200
v 4.3046 -0.5455 1.1600
v 4.4294 -0.5455 1.1600
v 4.4294 -0.4443 1.1600
v 4.3046 -0.4443 1.1600
v 4.3046 -0.5455 -1.1600
v 4.4294 -0.5455 -1.1600
v 4.4294 -0.4443 -1.1600
v 4.3046 -0.4443 -1.1600
v 4.3046 -0.5455 -0.6200
v 4.4294 -0.5455 -0.6200
v 4.4294 -0.4443 -0.6200
v 4.3046 -0.4443 -0.6200
v 4.4294 -0.5455 0.6200
v 4.5541 -0.5455 0.6200
v 4.5541 -0.4443 0.6200
v 4.4294 -0.4443 0.6200
v 4.4294 -0.5455 1.1430
v 4.5541 -0.5455 1.1430
v 4.5541 -0.4443 1.1430
v 4.4294 -0.4443 1.1430
v 4.4294 -0.5455 -1.1430
v 4.5541 -0.5455 -1.1430
v 4.5541 -0.4443 -1.1430
v 4.4294 -0.4443 -1.1430
v 4.4294 -0.5455 -0.6200
v 4.5541 -0.5455 -0.6200
v 4.5541 -0.4443 -0.6200
v 4.4294 -0.4443 -0.6200
v 4.5541 -0.5455 0.6200
v 4.6789 -0.5455 0.6200
v 4.6789 -0.4443 0.6200
v 4.5541 -0.4443 0.6200
v 4.5541 -0.5455 1.1250
v 4.6789 -0.5455 1.1250
v 4.6789 -0.4443 1.1250
v 4.5541 -0.4443 1.1250
v 4.5541 -0.5455 -1.1250
v 4.6789 -0.5455 -1.1250
v 4.6789 -0.4443 -1.1250
v 4.5541 -0.4443 -1.1250
v 4.5541 -0.5455 -0.6200
v 4.6789 -0.5455 -0.6200
v 4.6789 -0.4443 -0.6200
v 4.5541 -0.4443 -0.6200
v 4.6789 -0.5455 0.6200
v 4.8037 -0.5455 0.6200
v 4.8037 -0.4443 0.6200
v 4.6789 -0.4443 0.6200
v 4.6789 -0.5455 1.1070
v 4.8037 -0.5455 1.1070
v 4.8037 -0.4443 1.1070
v 4.6789 -0.4443 1.1070
v 4.6789 -0.5455 -1.1070
v 4.8037 -0.5455 -1.1070
v 4.8037 -0.4443 -1.1070
v 4.6789 -0.4443 -1.1070
v 4.6789 -0.5455 -0.6200
v 4.8037 -0.5455 -0.6200
v 4.8037 -0.4443 -0.6200
v 4.6789 -0.4443 -0.6200
v 4.8037 -0.5455 0.6200
v 4.9284 -0.5455 0.6200
v 4.9284 -0.4443 0.6200
v 4.8037 -0.4443 0.6200
v 4.8037 -0.5455 1.0880
v 4.9284 -0.5455 1.0880
v 4.9284 -0.4443 1.0880
v 4.8037 -0.4443 1.0880
v 4.8037 -0.5455 -1.0880
v 4.9284 -0.5455 -1.0880
v 4.9284 -0.4443 -1.0880
v 4.8037 -0.4443 -1.0880
v 4.8037 -0.5455 -0.6200
v 4.9284 -0.5455 -0.6200
v 4.9284 -0.4443 -0.6200
v 4.8037 -0.4443 -0.6200
v 4.9284 -0.5455 0.6200
v 5.0532 -0.5455 0.6200
v 5.0532 -0.4443 0.6200
v 4.9284 -0.4443 0.6200
v 4.9284 -0.5455 1.0690
v 5.0532 -0.5455 1.0690
v 5.0532 -0.4443 1.0690
v 4.9284 -0.4443 1.0690
v 4.9284 -0.5455 -1.0690
v 5.0532 -0.5455 -1.0690
v 5.0532 -0.4443 -1.0690
v 4.9284 -0.4443 -1.0690
v 4.9284 -0.5455 -0.6200
v 5.0532 -0.5455 -0.6200
v 5.0532 -0.4443 -0.6200
v 4.9284 -0.4443 -0.6200
v 5.0532 -0.5455 0.6200
v 5.1780 -0.5455 0.6200
v 5.1780 -0.4443 0.6200
v 5.0532 -0.4443 0.6200
v 5.0532 -0.5455 1.0490
v 5.1780 -0.5455 1.0490
v 5.1780 -0.4443 1.0490
v 5.0532 -0.4443 1.0490
v 5.0532 -0.5455 -1.0490
v 5.1780 -0.5455 -1.0490
v 5.1780 -0.4443 -1.0490
v 5.0532 -0.4443 -1.0490
v 5.0532 -0.5455 -0.6200
v 5.1780 -0.5455 -0.6200
v 5.1780 -0.4443 -0.6200
v 5.0532 -0.4443 -0.6200
v 5.1780 -0.5455 0.6200
v 5.3028 -0.5455 0.6200
v 5.3028 -0.4443 0.6200
v 5.1780 -0.4443 0.6200
v 5.1780 -0.5455 1.0290
v 5.3028 -0.5455 1.0290
v 5.3028 -0.4443 1.0290
v 5.1780 -0.4443 1.0290
v 5.1780 -0.5455 -1.0290
v 5.3028 -0.5455 -1.0290
v 5.3028 -0.4443 -1.0290
v 5.1780 -0.4443 -1.0290
v 5.1780 -0.5455 -0.6200
v 5.3028 -0.5455 -0.6200
v 5.3028 -0.4443 -0.6200
v 5.1780 -0.4443 -0.6200
v -6.8000 -0.4443 0.6200
v -6.5505 -0.4443 0.6200
v -6.5505 -0.3432 0.6200
v -6.8000 -0.3432 0.6200
v -6.8000 -0.4443 1.2060
v -6.5505 -0.4443 1.2060
v -6.5505 -0.3432 1.2060
v -6.8000 -0.3432 1.2060
v -6.8000 -0.4443 -1.2060
v -6.5505 -0.4443 -1.2060
v -6.5505 -0.3432 -1.2060
v -6.8000 -0.3432 -1.2060
v -6.8000 -0.4443 -0.6200
v -6.5505 -0.4443 -0.6200
v -6.5505 -0.3432 -0.6200
v -6.8000 -0.3432 -0.6200
v -6.5505 -0.4443 0.6200
v -6.4257 -0.4443 0.6200
v -6.4257 -0.3432 0.6200
v -6.5505 -0.3432 0.6200
v -6.5505 -0.4443 1.2660
v -6.4257 -0.4443 1.2660
v -6.4257 -0.3432 1.2660
v -6.5505 -0.3432 1.2660
v -6.5505 -0.4443 -1.2660
v -6.4257 -0.4443 -1.2660
v -6.4257 -0.3432 -1.2660
v -6.5505 -0.3432 -1.2660
v -6.5505 -0.4443 -0.6200
v -6.4257 -0.4443 -0.6200
v -6.4257 -0.3432 -0.6200
v -6.5505 -0.3432 -0.6200
v -6.4257 -0.4443 0.6200
v -6.3009 -0.4443 0.6200
v -6.3009 -0.3432 0.6200
v -6.4257 -0.3432 0.6200
v -6.4257 -0.4443 1.2610
v -6.3009 -0.4443 1.2610
v -6.3009 -0.3432 1.2610
v -6.4257 -0.3432 1.2610
v -6.4257 -0.4443 -1.2610
v -6.3009 -0.4443 -1.2610
v -6.3009 -0.3432 -1.2610
v -6.4257 -0.3432 -1.2610
v -6.4257 -0.4443 -0.6200
v -6.3009 -0.4443 -0.6200
v -6.3009 -0.3432 -0.6200
v -6.4257 -0.3432 -0.6200
v -6.3009 -0.4443 0.6200
v 2.1835 -0.4443 0.6200
v 2.1835 -0.3432 0.6200
v -6.3009 -0.3432 0.6200
v -6.3009 -0.4443 1.2960
v 2.1835 -0.4443 1.2960
v 2.1835 -0.3432 1.2960
v -6.3009 -0.3432 1.2960
v -6.3009 -0.4443 -1.2960
v 2.1835 -0.4443 -1.2960
v 2.1835 -0.3432 -1.2960
v -6.3009 -0.3432 -1.2960
v -6.3009 -0.4443 -0.6200
v 2.1835 -0.4443 -0.6200
v 2.1835 -0.3432 -0.6200
v -6.3009 -0.3432 -0.6200
v 2.1835 -0.4443 0.6200
v 2.3083 -0.4443 0.6200
v 2.3083 -0.3432 0.6200
v 2.1835 -0.3432 0.6200
v 2.1835 -0.4443 1.2960
v 2.3083 -0.4443 1.2960
v 2.3083 -0.3432 1.2960
v 2.1835 -0.3432 1.2960
v 2.1835 -0.4443 -1.2960
v 2.3083 -0.4443 -1.2960
v 2.3083 -0.3432 -1.2960
v 2.1835 -0.3432 -1.2960
v 2.1835 -0.4443 -0.6200
v 2.3083 -0.4443 -0.6200
v 2.3083 -0.3432 -0.6200
v 2.1835 -0.3432 -0.6200
v 2.3083 -0.4443 0.6200
v 3.1817 -0.4443 0.6200
v 3.1817 -0.3432 0.6200
v 2.3083 -0.3432 0.6200
v 2.3083 -0.4443 1.2960
v 3.1817 -0.4443 1.2960
v 3.1817 -0.3432 1.2960
v 2.3083 -0.3432 1.2960
v 2.3083 -0.4443 -1.2960
v 3.1817 -0.4443 -1.2960
v 3.1817 -0.3432 -1.2960
v 2.3083 -0.3432 -1.2960
v 2.3083 -0.4443 -0.6200
v 3.1817 -0.4443 -0.6200
v 3.1817 -0.3432 -0.6200
v 2.3083 -0.3432 -0.6200
v 3.1817 -0.4443 0.6200
v 3.3064 -0.4443 0.6200
v 3.3064 -0.3432 0.6200
v 3.1817 -0.3432 0.6200
v 3.1817 -0.4443 1.2950
v 3.3064 -0.4443 1.2950
v 3.3064 -0.3432 1.2950
v 3.1817 -0.3432 1.2950
v 3.1817 -0.4443 -1.2950
v 3.3064 -0.4443 -1.2950
v 3.3064 -0.3432 -1.2950
v 3.1817 -0.3432 -1.2950
v 3.1817 -0.4443 -0.6200
v 3.3064 -0.4443 -0.6200
v 3.3064 -0.3432 -0.6200
v 3.1817 -0.3432 -0.6200
v 3.3064 -0.4443 0.6200
v 3.4312 -0.4443 0.6200
v 3.4312 -0.3432 0.6200
v 3.3064 -0.3432 0.6200
v 3.3064 -0.4443 1.2890
v 3.4312 -0.4443 1.2890
v 3.4312 -0.3432 1.2890
v 3.3064 -0.3432 1.2890
v 3.3064 -0.4443 -1.2890
v 3.4312 -0.4443 -1.2890
v 3.4312 -0.3432 -1.2890
v 3.3064 -0.3432 -1.2890
v 3.3064 -0.4443 -0.6200
v 3.4312 -0.4443 -0.6200
v 3.4312 -0.3432 -0.6200
v 3.3064 -0.3432 -0.6200
v 3.4312 -0.4443 0.6200
v 3.5560 -0.4443 0.6200
v 3.5560 -0.3432 0.6200
v 3.4312 -0.3432 0.6200
v 3.4312 -0.4443 1.2800
v 3.5560 -0.4443 1.2800
v 3.5560 -0.3432 1.2800
v 3.4312 -0.3432 1.2800
v 3.4312 -0.4443 -1.2800
v 3.5560 -0.4443 -1.2800
v 3.5560 -0.3432 -1.2800
v 3.4312 -0.3432 -1.2800
v 3.4312 -0.4443 -0.6200
v 3.5560 -0.4443 -0.6200
v 3.5560 -0.3432 -0.6200
v 3.4312 -0.3432 -0.6200
v 3.5560 -0.4443 0.6200
v 3.6807 -0.4443 0.6200
v 3.6807 -0.3432 0.6200
v 3.5560 -0.3432 0.6200
v 3.5560 -0.4443 1.2700
v 3.6807 -0.4443 1.2700
v 3.6807 -0.3432 1.2700
v 3.5560 -0.3432 1.2700
v 3.5560 -0.4443 -1.2700
v 3.6807 -0.4443 -1.2700
v 3.6807 -0.3432 -1.2700
v 3.5560 -0.3432 -1.2700
v 3.5560 -0.4443 -0.6200
v 3.6807 -0.4443 -0.6200
v 3.6807 -0.3432 -0.6200
v 3.5560 -0.3432 -0.6200
v 3.6807 -0.4443 0.6200
v 3.8055 -0.4443 0.6200
v 3.8055 -0.3432 0.6200
v 3.6807 -0.3432 0.6200
v 3.6807 -0.4443 1.2580
v 3.8055 -0.4443 1.2580
v 3.8055 -0.3432 1.2580
v 3.6807 -0.3432 1.2580
v 3.6807 -0.4443 -1.2580
v 3.8055 -0.4443 -1.2580
v 3.8055 -0.3432 -1.2580
v 3.6807 -0.3432 -1.2580
v 3.6807 -0.4443 -0.6200
v 3.8055 -0.4443 -0.6200
v 3.8055 -0.3432 -0.6200
v 3.6807 -0.3432 -0.6200
v 3.8055 -0.4443 0.6200
v 3.9303 -0.4443 0.6200
v 3.9303 -0.3432 0.6200
v 3.8055 -0.3432 0.6200
v 3.8055 -0.4443 1.2450
v 3.9303 -0.4443 1.2450
v 3.9303 -0.3432 1.2450
v 3.8055 -0.3432 1.2450
v 3.8055 -0.4443 -1.2450
v 3.9303 -0.4443 -1.2450
v 3.9303 -0.3432 -1.2450
v 3.8055 -0.3432 -1.2450
v 3.8055 -0.4443 -0.6200
v 3.9303 -0.4443 -0.6200
v 3.9303 -0.3432 -0.6200
v 3.8055 -0.3432 -0.6200
v 3.9303 -0.4443 0.6200
v 4.0550 -0.4443 0.6200
v 4.0550 -0.3432 0.6200
v 3.9303 -0.3432 0.6200
v 3.9303 -0.4443 1.2310
v 4.0550 -0.4443 1.2310
v 4.0550 -0.3432 1.2310
v 3.9303 -0.3432 1.2310
v 3.9303 -0.4443 -1.2310
v 4.0550 -0.4443 -1.2310
v 4.0550 -0.3432 -1.2310
v 3.9303 -0.3432 -1.2310
v 3.9303 -0.4443 -0.6200
v 4.0550 -0.4443 -0.6200
v 4.0550 -0.3432 -0.6200
v 3.9303 -0.3432 -0.6200
v 4.0550 -0.4443 0.6200
v 4.1798 -0.4443 0.6200
v 4.1798 -0.3432 0.6200
v 4.0550 -0.3432 0.6200
v 4.0550 -0.4443 1.2160
v 4.1798 -0.4443 1.2160
v 4.1798 -0.3432 1.2160
v 4.0550 -0.3432 1.2160
v 4.0550 -0.4443 -1.2160
v 4.1798 -0.4443 -1.2160
v 4.1798 -0.3432 -1.2160
v 4.0550 -0.3432 -1.2160
v 4.0550 -0.4443 -0.6200
v 4.1798 -0.4443 -0.6200
v 4.1798 -0.3432 -0.6200
v 4.0550 -0.3432 -0.6200
v 4.1798 -0.4443 0.6200
v 4.3046 -0.4443 0.6200
v 4.3046 -0.3432 0.6200
v 4.1798 -0.3432 0.6200
v 4.1798 -0.4443 1.2000
v 4.3046 -0.4443 1.2000
v 4.3046 -0.3432 1.2000
v 4.1798 -0.3432 1.2000
v 4.1798 -0.4443 -1.2000
v 4.3046 -0.4443 -1.2000
v 4.3046 -0.3432 -1.2000
v 4.1798 -0.3432 -1.2000
v 4.1798 -0.4443 -0.6200
v 4.3046 -0.4443 -0.6200
v 4.3046 -0.3432 -0.6200
v 4.1798 -0.3432 -0.6200
v 4.3046 -0.4443 0.6200
v 4.4294 -0.4443 0.6200
v 4.4294 -0.3432 0.6200
v 4.3046 -0.3432 0.6200
v 4.3046 -0.4443 1.1840
v 4.4294 -0.4443 1.1840
v 4.4294 -0.3432 1.1840
v 4.3046 -0.3432 1.1840
v 4.3046 -0.4443 -1.1840
v 4.4294 -0.4443 -1.1840
v 4.4294 -0.3432 -1.1840
v 4.3046 -0.3432 -1.1840
v 4.3046 -0.4443 -0.6200
v 4.4294 -0.4443 -0.6200
v 4.4294 -0.3432 -0.6200
v 4.3046 -0.3432 -0.6200
v 4.4294 -0.4443 0.6200
v 4.5541 -0.4443 0.6200
v 4.5541 -0.3432 0.6200
v 4.4294 -0.3432 0.6200
v 4.4294 -0.4443 1.1670
v 4.5541 -0.4443 1.1670
v 4.5541 -0.3432 1.1670
v 4.4294 -0.3432 1.1670
v 4.4294 -0.4443 -1.1670
v 4.5541 -0.4443 -1.1670
v 4.5541 -0.3432 -1.1670
v 4.4294 -0.3432 -1.1670
v 4.4294 -0.4443 -0.6200
v 4.5541 -0.4443 -0.6200
v 4.5541 -0.3432 -0.6200
v 4.4294 -0.3432 -0.6200
v 4.5541 -0.4443 0.6200
v 4.6789 -0.4443 0.6200
v 4.6789 -0.3432 0.6200
v 4.5541 -0.3432 0.6200
v 4.5541 -0.4443 1.1490
v 4.6789 -0.4443 1.1490
v 4.6789 -0.3432 1.1490
v 4.5541 -0.3432 1.1490
v 4.5541 -0.4443 -1.1490
v 4.6789 -0.4443 -1.1490
v 4.6789 -0.3432 -1.1490
v 4.5541 -0.3432 -1.1490
v 4.5541 -0.4443 -0.6200
v 4.6789 -0.4443 -0.6200
v 4.6789 -0.3432 -0.6200
v 4.5541 -0.3432 -0.6200
v 4.6789 -0.4443 0.6200
v 4.8037 -0.4443 0.6200
v 4.8037 -0.3432 0.6200
v 4.6789 -0.3432 0.6200
v 4.6789 -0.4443 1.1300
v 4.8037 -0.4443 1.1300
v 4.8037 -0.3432 1.1300
v 4.6789 -0.3432 1.1300
v 4.6789 -0.4443 -1.1300
v 4.8037 -0.4443 -1.1300
v 4.8037 -0.3432 -1.1300
v 4.6789 -0.3432 -1.1300
v 4.6789 -0.4443 -0.6200
v 4.8037 -0.4443 -0.6200
v 4.8037 -0.3432 -0.6200
v 4.6789 -0.3432 -0.6200
v 4.8037 -0.4443 0.6200
v 4.9284 -0.4443 0.6200
v 4.9284 -0.3432 0.6200
v 4.8037 -0.3432 0.6200
v 4.8037 -0.4443 1.1110
v 4.9284 -0.4443 1.1110
v 4.9284 -0.3432 1.1110
v 4.8037 -0.3432 1.1110
v 4.8037 -0.4443 -1.1110
v 4.9284 -0.4443 -1.1110
v 4.9284 -0.3432 -1.1110
v 4.8037 -0.3432 -1.1110
v 4.8037 -0.4443 -0.6200
v 4.9284 -0.4443 -0.6200
v 4.9284 -0.3432 -0.6200
v 4.8037 -0.3432 -0.6200
v 4.9284 -0.4443 0.6200
v 5.0532 -0.4443 0.6200
v 5.0532 -0.3432 0.6200
v 4.9284 -0.3432 0.6200
v 4.9284 -0.4443 1.0920
v 5.0532 -0.4443 1.0920
v 5.0532 -0.3432 1.0920
v 4.9284 -0.3432 1.0920
v 4.9284 -0.4443 -1.0920
v 5.0532 -0.4443 -1.0920
v 5.0532 -0.3432 -1.0920
v 4.9284 -0.3432 -1.0920
v 4.9284 -0.4443 -0.6200
v 5.0532 -0.4443 -0.6200
v 5.0532 -0.3432 -0.6200
v 4.9284 -0.3432 -0.6200
v 5.0532 -0.4443 0.6200
v 5.1780 -0.4443 0.6200
v 5.1780 -0.3432 0.6200
v 5.0532 -0.3432 0.6200
v 5.0532 -0.4443 1.0710
v 5.1780 -0.4443 1.0710
v 5.1780 -0.3432 1.0710
v 5.0532 -0.3432 1.0710
v 5.0532 -0.4443 -1.0710
v 5.1780 -0.4443 -1.0710
v 5.1780 -0.3432 -1.0710
v 5.0532 -0.3432 -1.0710
v 5.0532 -0.4443 -0.6200
v 5.1780 -0.4443 -0.6200
v 5.1780 -0.3432 -0.6200
v 5.0532 -0.3432 -0.6200
v 5.1780 -0.4443 0.6200
v 5.3028 -0.4443 0.6200
v 5.3028 -0.3432 0.6200
v 5.1780 -0.3432 0.6200
v 5.1780 -0.4443 1.0500
v 5.3028 -0.4443 1.0500
v 5.3028 -0.3432 1.0500
v 5.1780 -0.3432 1.0500
v 5.1780 -0.4443 -1.0500
v 5.3028 -0.4443 -1.0500
v 5.3028 -0.3432 -1.0500
v 5.1780 -0.3432 -1.0500
v 5.1780 -0.4443 -0.6200
v 5.3028 -0.4443 -0.6200
v 5.3028 -0.3432 -0.6200
v 5.1780 -0.3432 -0.6200
v 5.3028 -0.4443 0.6200
v 5.4275 -0.4443 0.6200
v 5.4275 -0.3432 0.6200
v 5.3028 -0.3432 0.6200
v 5.3028 -0.4443 1.0290
v 5.4275 -0.4443 1.0290
v 5.4275 -0.3432 1.0290
v 5.3028 -0.3432 1.0290
v 5.3028 -0.4443 -1.0290
v 5.4275 -0.4443 -1.0290
v 5.4275 -0.3432 -1.0290
v 5.3028 -0.3432 -1.0290
v 5.3028 -0.4443 -0.6200
v 5.4275 -0.4443 -0.6200
v 5.4275 -0.3432 -0.6200
v 5.3028 -0.3432 -0.6200
v 5.4275 -0.4443 0.6200
v 5.5523 -0.4443 0.6200
v 5.5523 -0.3432 0.6200
v 5.4275 -0.3432 0.6200
v 5.4275 -0.4443 1.0070
v 5.5523 -0.4443 1.0070
v 5.5523 -0.3432 1.0070
v 5.4275 -0.3432 1.0070
v 5.4275 -0.4443 -1.0070
v 5.5523 -0.4443 -1.0070
v 5.5523 -0.3432 -1.0070
v 5.4275 -0.3432 -1.0070
v 5.4275 -0.4443 -0.6200
v 5.5523 -0.4443 -0.6200
v 5.5523 -0.3432 -0.6200
v 5.4275 -0.3432 -0.6200
v -6.8000 -0.3432 0.6200
v -6.5505 -0.3432 0.6200
v -6.5505 -0.2420 0.6200
v -6.8000 -0.2420 0.6200
v -6.8000 -0.3432 1.2330
v -6.5505 -0.3432 1.2330
v -6.5505 -0.2420 1.2330
v -6.8000 -0.2420 1.2330
v -6.8000 -0.3432 -1.2330
v -6.5505 -0.3432 -1.2330
v -6.5505 -0.2420 -1.2330
v -6.8000 -0.2420 -1.2330
v -6.8000 -0.3432 -0.6200
v -6.5505 -0.3432 -0.6200
v -6.5505 -0.2420 -0.6200
v -6.8000 -0.2420 -0.6200
v -6.5505 -0.3432 0.6200
v -6.4257 -0.3432 0.6200
v -6.4257 -0.2420 0.6200
v -6.5505 -0.2420 0.6200
v -6.5505 -0.3432 1.2930
v -6.4257 -0.3432 1.2930
v -6.4257 -0.2420 1.2930
v -6.5505 -0.2420 1.2930
v -6.5505 -0.3432 -1.2930
v -6.4257 -0.3432 -1.2930
v -6.4257 -0.2420 -1.2930
v -6.5505 -0.2420 -1.2930
v -6.5505 -0.3432 -0.6200
v -6.4257 -0.3432 -0.6200
v -6.4257 -0.2420 -0.6200
v -6.5505 -0.2420 -0.6200
v -6.4257 -0.3432 0.6200
v -6.3009 -0.3432 0.6200
v -6.3009 -0.2420 0.6200
v -6.4257 -0.2420 0.6200
v -6.4257 -0.3432 1.2880
v -6.3009 -0.3432 1.2880
v -6.3009 -0.2420 1.2880
v -6.4257 -0.2420 1.2880
v -6.4257 -0.3432 -1.2880
v -6.3009 -0.3432 -1.2880
v -6.3009 -0.2420 -1.2880
v -6.4257 -0.2420 -1.2880
v -6.4257 -0.3432 -0.6200
v -6.3009 -0.3432 -0.6200
v -6.3009 -0.2420 -0.6200
v -6.4257 -0.2420 -0.6200
v -6.3009 -0.3432 0.6200
v 2.1835 -0.3432 0.6200
v 2.1835 -0.2420 0.6200
v -6.3009 -0.2420 0.6200
v -6.3009 -0.3432 1.3230
v 2.1835 -0.3432 1.3230
v 2.1835 -0.2420 1.3230
v -6.3009 -0.2420 1.3230
v -6.3009 -0.3432 -1.3230
v 2.1835 -0.3432 -1.3230
v 2.1835 -0.2420 -1.3230
v -6.3009 -0.2420 -1.3230
v -6.3009 -0.3432 -0.6200
v 2.1835 -0.3432 -0.6200
v 2.1835 -0.2420 -0.6200
v -6.3009 -0.2420 -0.6200
v 2.1835 -0.3432 0.6200
v 2.3083 -0.3432 0.6200
v 2.3083 -0.2420 0.6200
v 2.1835 -0.2420 0.6200
v 2.1835 -0.3432 1.3230
v 2.3083 -0.3432 1.3230
v 2.3083 -0.2420 1.3230
v 2.1835 -0.2420 1.3230
v 2.1835 -0.3432 -1.3230
v 2.3083 -0.3432 -1.3230
v 2.3083 -0.2420 -1.3230
v 2.1835 -0.2420 -1.3230
v 2.1835 -0.3432 -0.6200
v 2.3083 -0.3432 -0.6200
v 2.3083 -0.2420 -0.6200
v 2.1835 -0.2420 -0.6200
v 2.3083 -0.3432 0.6200
v 3.1817 -0.3432 0.6200
v 3.1817 -0.2420 0.6200
v 2.3083 -0.2420 0.6200
v 2.3083 -0.3432 1.3230
v 3.1817 -0.3432 1.3230
v 3.1817 -0.2420 1.3230
v 2.3083 -0.2420 1.3230
v 2.3083 -0.3432 -1.3230
v 3.1817 -0.3432 -1.3230
v 3.1817 -0.2420 -1.3230
v 2.3083 -0.2420 -1.3230
v 2.3083 -0.3432 -0.6200
v 3.1817 -0.3432 -0.6200
v 3.1817 -0.2420 -0.6200
v 2.3083 -0.2420 -0.6200
v 3.1817 -0.3432 0.6200
v 3.3064 -0.3432 0.6200
v 3.3064 -0.2420 0.6200
v 3.1817 -0.2420 0.6200
v 3.1817 -0.3432 1.3220
v 3.3064 -0.3432 1.3220
v 3.3064 -0.2420 1.3220
v 3.1817 -0.2420 1.3220
v 3.1817 -0.3432 -1.3220
v 3.3064 -0.3432 -1.3220
v 3.3064 -0.2420 -1.3220
v 3.1817 -0.2420 -1.3220
v 3.1817 -0.3432 -0.6200
v 3.3064 -0.3432 -0.6200
v 3.3064 -0.2420 -0.6200
v 3.1817 -0.2420 -0.6200
v 3.3064 -0.3432 0.6200
v 3.4312 -0.3432 0.6200
v 3.4312 -0.2420 0.6200
v 3.3064 -0.2420 0.6200
v 3.3064 -0.3432 1.3150
v 3.4312 -0.3432 1.3150
v 3.4312 -0.2420 1.3150
v 3.3064 -0.2420 1.3150
v 3.3064 -0.3432 -1.3150
v 3.4312 -0.3432 -1.3150
v 3.4312 -0.2420 -1.3150
v 3.3064 -0.2420 -1.3150
v 3.3064 -0.3432 -0.6200
v 3.4312 -0.3432 -0.6200
v 3.4312 -0.2420 -0.6200
v 3.3064 -0.2420 -0.6200
v 3.4312 -0.3432 0.6200
v 3.5560 -0.3432 0.6200
v 3.5560 -0.2420 0.6200
v 3.4312 -0.2420 0.6200
v 3.4312 -0.3432 1.3060
v 3.5560 -0.3432 1.3060
v 3.5560 -0.2420 1.3060
v 3.4312 -0.2420 1.3060
v 3.4312 -0.3432 -1.3060
v 3.5560 -0.3432 -1.3060
v 3.5560 -0.2420 -1.3060
v 3.4312 -0.2420 -1.3060
v 3.4312 -0.3432 -0.6200
v 3.5560 -0.3432 -0.6200
v 3.5560 -0.2420 -0.6200
v 3.4312 -0.2420 -0.6200
v 3.5560 -0.3432 0.6200
v 3.6807 -0.3432 0.6200
v 3.6807 -0.2420 0.6200
v 3.5560 -0.2420 0.6200
v 3.5560 -0.3432 1.2960
v 3.6807 -0.3432 1.2960
v 3.6807 -0.2420 1.2960
v 3.5560 -0.2420 1.2960
v 3.5560 -0.3432 -1.2960
v 3.6807 -0.3432 -1.2960
v 3.6807 -0.2420 -1.2960
v 3.5560 -0.2420 -1.2960
v 3.5560 -0.3432 -0.6200
v 3.6807 -0.3432 -0.6200
v 3.6807 -0.2420 -0.6200
v 3.5560 -0.2420 -0.6200
v 3.6807 -0.3432 0.6200
v 3.8055 -0.3432 0.6200
v 3.8055 -0.2420 0.6200
v 3.6807 -0.2420 0.6200
v 3.6807 -0.3432 1.2840
v 3.8055 -0.3432 1.2840
v 3.8055 -0.2420 1.2840
v 3.6807 -0.2420 1.2840
v 3.6807 -0.3432 -1.2840
v 3.8055 -0.3432 -1.2840
v 3.8055 -0.2420 -1.2840
v 3.6807 -0.2420 -1.2840
v 3.6807 -0.3432 -0.6200
v 3.8055 -0.3432 -0.6200
v 3.8055 -0.2420 -0.6200
v 3.6807 -0.2420 -0.6200
v 3.8055 -0.3432 0.6200
v 3.9303 -0.3432 0.6200
v 3.9303 -0.2420 0.6200
v 3.8055 -0.2420 0.6200
v 3.8055 -0.3432 1.2700
v 3.9303 -0.3432 1.2700
v 3.9303 -0.2420 1.2700
v 3.8055 -0.2420 1.2700
v 3.8055 -0.3432 -1.2700
v 3.9303 -0.3432 -1.2700
v 3.9303 -0.2420 -1.2700
v 3.8055 -0.2420 -1.2700
v 3.8055 -0.3432 -0.6200
v 3.9303 -0.3432 -0.6200
v 3.9303 -0.2420 -0.6200
v 3.8055 -0.2420 -0.6200
v 3.9303 -0.3432 0.6200
v 4.0550 -0.3432 0.6200
v 4.0550 -0.2420 0.6200
v 3.9303 -0.2420 0.6200
v 3.9303 -0.3432 1.2560
v 4.0550 -0.3432 1.2560
v 4.0550 -0.2420 1.2560
v 3.9303 -0.2420 1.2560
v 3.9303 -0.3432 -1.2560
v 4.0550 -0.3432 -1.2560
v 4.0550 -0.2420 -1.2560
v 3.9303 -0.2420 -1.2560
v 3.9303 -0.3432 -0.6200
v 4.0550 -0.3432 -0.6200
v 4.0550 -0.2420 -0.6200
v 3.9303 -0.2420 -0.6200
v 4.0550 -0.3432 0.6200
v 4.1798 -0.3432 0.6200
v 4.1798 -0.2420 0.6200
v 4.0550 -0.2420 0.6200
v 4.0550 -0.3432 1.2410
v 4.1798 -0.3432 1.2410
v 4.1798 -0.2420 1.2410
v 4.0550 -0.2420 1.2410
v 4.0550 -0.3432 -1.2410
v 4.1798 -0.3432 -1.2410
v 4.1798 -0.2420 -1.2410
v 4.0550 -0.2420 -1.2410
v 4.0550 -0.3432 -0.6200
v 4.1798 -0.3432 -0.6200
v 4.1798 -0.2420 -0.6200
v 4.0550 -0.2420 -0.6200
v 4.1798 -0.3432 0.6200
v 4.3046 -0.3432 0.6200
v 4.3046 -0.2420 0.6200
v 4.1798 -0.2420 0.6200
v 4.1798 -0.3432 1.2250
v 4.3046 -0.3432 1.2250
v 4.3046 -0.2420 1.2250
v 4.1798 -0.2420 1.2250
v 4.1798 -0.3432 -1.2250
v 4.3046 -0.3432 -1.2250
v 4.3046 -0.2420 -1.2250
v 4.1798 -0.2420 -1.2250
v 4.1798 -0.3432 -0.6200
v 4.3046 -0.3432 -0.6200
v 4.3046 -0.2420 -0.6200
v 4.1798 -0.2420 -0.6200
v 4.3046 -0.3432 0.6200
v 4.4294 -0.3432 0.6200
v 4.4294 -0.2420 0.6200
v 4.3046 -0.2420 0.6200
v 4.3046 -0.3432 1.2080
v 4.4294 -0.3432 1.2080
v 4.4294 -0.2420 1.2080
v 4.3046 -0.2420 1.2080
v 4.3046 -0.3432 -1.2080
v 4.4294 -0.3432 -1.2080
v 4.4294 -0.2420 -1.2080
v 4.3046 -0.2420 -1.2080
v 4.3046 -0.3432 -0.6200
v 4.4294 -0.3432 -0.6200
v 4.4294 -0.2420 -0.6200
v 4.3046 -0.2420 -0.6200
v 4.4294 -0.3432 0.6200
v 4.5541 -0.3432 0.6200
v 4.5541 -0.2420 0.6200
v 4.4294 -0.2420 0.6200
v 4.4294 -0.3432 1.1910
v 4.5541 -0.3432 1.1910
v 4.5541 -0.2420 1.1910
v 4.4294 -0.2420 1.1910
v 4.4294 -0.3432 -1.1910
v 4.5541 -0.3432 -1.1910
v 4.5541 -0.2420 -1.1910
v 4.4294 -0.2420 -1.1910
v 4.4294 -0.3432 -0.6200
v 4.5541 -0.3432 -0.6200
v 4.5541 -0.2420 -0.6200
v 4.4294 -0.2420 -0.6200
v 4.5541 -0.3432 0.6200
v 4.6789 -0.3432 0.6200
v 4.6789 -0.2420 0.6200
v 4.5541 -0.2420 0.6200
v 4.5541 -0.3432 1.1720
v 4.6789 -0.3432 1.1720
v 4.6789 -0.2420 1.1720
v 4.5541 -0.2420 1.1720
v 4.5541 -0.3432 -1.1720
v 4.6789 -0.3432 -1.1720
v 4.6789 -0.2420 -1.1720
v 4.5541 -0.2420 -1.1720
v 4.5541 -0.3432 -0.6200
v 4.6789 -0.3432 -0.6200
v 4.6789 -0.2420 -0.6200
v 4.5541 -0.2420 -0.6200
v 4.6789 -0.3432 0.6200
v 4.8037 -0.3432 0.6200
v 4.8037 -0.2420 0.6200
v 4.6789 -0.2420 0.6200
v 4.6789 -0.3432 1.1540
v 4.8037 -0.3432 1.1540
v 4.8037 -0.2420 1.1540
v 4.6789 -0.2420 1.1540
v 4.6789 -0.3432 -1.1540
v 4.8037 -0.3432 -1.1540
v 4.8037 -0.2420 -1.1540
v 4.6789 -0.2420 -1.1540
v 4.6789 -0.3432 -0.6200
v 4.8037 -0.3432 -0.6200
v 4.8037 -0.2420 -0.6200
v 4.6789 -0.2420 -0.6200
v 4.8037 -0.3432 0.6200
v 4.9284 -0.3432 0.6200
v 4.9284 -0.2420 0.6200
v 4.8037 -0.2420 0.6200
v 4.8037 -0.3432 1.1340
v 4.9284 -0.3432 1.1340
v 4.9284 -0.2420 1.1340
v 4.8037 -0.2420 1.1340
v 4.8037 -0.3432 -1.1340
v 4.9284 -0.3432 -1.1340
v 4.9284 -0.2420 -1.1340
v 4.8037 -0.2420 -1.1340
v 4.8037 -0.3432 -0.6200
v 4.9284 -0.3432 -0.6200
v 4.9284 -0.2420 -0.6200
v 4.8037 -0.2420 -0.6200
v 4.9284 -0.3432 0.6200
v 5.0532 -0.3432 0.6200
v 5.0532 -0.2420 0.6200
v 4.9284 -0.2420 0.6200
v 4.9284 -0.3432 1.1140
v 5.0532 -0.3432 1.1140
v 5.0532 -0.2420 1.1140
v 4.9284 -0.2420 1.1140
v 4.9284 -0.3432 -1.1140
v 5.0532 -0.3432 -1.1140
v 5.0532 -0.2420 -1.1140
v 4.9284 -0.2420 -1.1140
v 4.9284 -0.3432 -0.6200
v 5.0532 -0.3432 -0.6200
v 5.0532 -0.2420 -0.6200
v 4.9284 -0.2420 -0.6200
v 5.0532 -0.3432 0.6200
v 5.1780 -0.3432 0.6200
v 5.1780 -0.2420 0.6200
v 5.0532 -0.2420 0.6200
v 5.0532 -0.3432 1.0930
v 5.1780 -0.3432 1.0930
v 5.1780 -0.2420 1.0930
v 5.0532 -0.2420 1.0930
v 5.0532 -0.3432 -1.0930
v 5.1780 -0.3432 -1.0930
v 5.1780 -0.2420 -1.0930
v 5.0532 -0.2420 -1.0930
v 5.0532 -0.3432 -0.6200
v 5.1780 -0.3432 -0.6200
v 5.1780 -0.2420 -0.6200
v 5.0532 -0.2420 -0.6200
v 5.1780 -0.3432 0.6200
v 5.3028 -0.3432 0.6200
v 5.3028 -0.2420 0.6200
v 5.1780 -0.2420 0.6200
v 5.1780 -0.3432 1.0720
v 5.3028 -0.3432 1.0720
v 5.3028 -0.2420 1.0720
v 5.1780 -0.2420 1.0720
v 5.1780 -0.3432 -1.0720
v 5.3028 -0.3432 -1.0720
v 5.3028 -0.2420 -1.0720
v 5.1780 -0.2420 -1.0720
v 5.1780 -0.3432 -0.6200
v 5.3028 -0.3432 -0.6200
v 5.3028 -0.2420 -0.6200
v 5.1780 -0.2420 -0.6200
v 5.3028 -0.3432 0.6200
v 5.4275 -0.3432 0.6200
v 5.4275 -0.2420 0.6200
v 5.3028 -0.2420 0.6200
v 5.3028 -0.3432 1.0500
v 5.4275 -0.3432 1.0500
v 5.4275 -0.2420 1.0500
v 5.3028 -0.2420 1.0500
v 5.3028 -0.3432 -1.0500
v 5.4275 -0.3432 -1.0500
v 5.4275 -0.2420 -1.0500
v 5.3028 -0.2420 -1.0500
v 5.3028 -0.3432 -0.6200
v 5.4275 -0.3432 -0.6200
v 5.4275 -0.2420 -0.6200
v 5.3028 -0.2420 -0.6200
v 5.4275 -0.3432 0.6200
v 5.5523 -0.3432 0.6200
v 5.5523 -0.2420 0.6200
v 5.4275 -0.2420 0.6200
v 5.4275 -0.3432 1.0280
v 5.5523 -0.3432 1.0280
v 5.5523 -0.2420 1.0280
v 5.4275 -0.2420 1.0280
v 5.4275 -0.3432 -1.0280
v 5.5523 -0.3432 -1.0280
v 5.5523 -0.2420 -1.0280
v 5.4275 -0.2420 -1.0280
v 5.4275 -0.3432 -0.6200
v 5.5523 -0.3432 -0.6200
v 5.5523 -0.2420 -0.6200
v 5.4275 -0.2420 -0.6200
v 5.5523 -0.3432 0.6200
v 5.6771 -0.3432 0.6200
v 5.6771 -0.2420 0.6200
v 5.5523 -0.2420 0.6200
v 5.5523 -0.3432 1.0050
v 5.6771 -0.3432 1.0050
v 5.6771 -0.2420 1.0050
v 5.5523 -0.2420 1.0050
v 5.5523 -0.3432 -1.0050
v 5.6771 -0.3432 -1.0050
v 5.6771 -0.2420 -1.0050
v 5.5523 -0.2420 -1.0050
v 5.5523 -0.3432 -0.6200
v 5.6771 -0.3432 -0.6200
v 5.6771 -0.2420 -0.6200
v 5.5523 -0.2420 -0.6200
v 5.6771 -0.3432 0.6200
v 5.8018 -0.3432 0.6200
v 5.8018 -0.2420 0.6200
v 5.6771 -0.2420 0.6200
v 5.6771 -0.3432 0.9820
v 5.8018 -0.3432 0.9820
v 5.8018 -0.2420 0.9820
v 5.6771 -0.2420 0.9820
v 5.6771 -0.3432 -0.9820
v 5.8018 -0.3432 -0.9820
v 5.8018 -0.2420 -0.9820
v 5.6771 -0.2420 -0.9820
v 5.6771 -0.3432 -0.6200
v 5.8018 -0.3432 -0.6200
v 5.8018 -0.2420 -0.6200
v 5.6771 -0.2420 -0.6200
v -6.8000 -0.2420 0.6200
v -6.5505 -0.2420 0.6200
v -6.5505 -0.1409 0.6200
v -6.8000 -0.1409 0.6200
v -6.8000 -0.2420 1.2600
v -6.5505 -0.2420 1.2600
v -6.5505 -0.1409 1.2600
v -6.8000 -0.1409 1.2600
v -6.8000 -0.2420 -1.2600
v -6.5505 -0.2420 -1.2600
v -6.5505 -0.1409 -1.2600
v -6.8000 -0.1409 -1.2600
v -6.8000 -0.2420 -0.6200
v -6.5505 -0.2420 -0.6200
v -6.5505 -0.1409 -0.6200
v -6.8000 -0.1409 -0.6200
v -6.5505 -0.2420 0.6200
v -6.4257 -0.2420 0.6200
v -6.4257 -0.1409 0.6200
v -6.5505 -0.1409 0.6200
v -6.5505 -0.2420 1.3200
v -6.4257 -0.2420 1.3200
v -6.4257 -0.1409 1.3200
v -6.5505 -0.1409 1.3200
v -6.5505 -0.2420 -1.3200
v -6.4257 -0.2420 -1.3200
v -6.4257 -0.1409 -1.3200
v -6.5505 -0.1409 -1.3200
v -6.5505 -0.2420 -0.6200
v -6.4257 -0.2420 -0.6200
v -6.4257 -0.1409 -0.6200
v -6.5505 -0.1409 -0.6200
v -6.4257 -0.2420 0.6200
v -6.3009 -0.2420 0.6200
v -6.3009 -0.1409 0.6200
v -6.4257 -0.1409 0.6200
v -6.4257 -0.2420 1.3150
v -6.3009 -0.2420 1.3150
v -6.3009 -0.1409 1.3150
v -6.4257 -0.1409 1.3150
v -6.4257 -0.2420 -1.3150
v -6.3009 -0.2420 -1.3150
v -6.3009 -0.1409 -1.3150
v -6.4257 -0.1409 -1.3150
v -6.4257 -0.2420 -0.6200
v -6.3009 -0.2420 -0.6200
v -6.3009 -0.1409 -0.6200
v -6.4257 -0.1409 -0.6200
v -6.3009 -0.2420 0.6200
v 2.1835 -0.2420 0.6200
v 2.1835 -0.1409 0.6200
v -6.3009 -0.1409 0.6200
v -6.3009 -0.2420 1.3500
v 2.1835 -0.2420 1.3500
v 2.1835 -0.1409 1.3500
v -6.3009 -0.1409 1.3500
v -6.3009 -0.2420 -1.3500
v 2.1835 -0.2420 -1.3500
v 2.1835 -0.1409 -1.3500
v -6.3009 -0.1409 -1.3500
v -6.3009 -0.2420 -0.6200
v 2.1835 -0.2420 -0.6200
v 2.1835 -0.1409 -0.6200
v -6.3009 -0.1409 -0.6200
v 2.1835 -0.2420 0.6200
v 2.3083 -0.2420 0.6200
v 2.3083 -0.1409 0.6200
v 2.1835 -0.1409 0.6200
v 2.1835 -0.2420 1.3500
v 2.3083 -0.2420 1.3500
v 2.3083 -0.1409 1.3500
v 2.1835 -0.1409 1.3500
v 2.1835 -0.2420 -1.3500
v 2.3083 -0.2420 -1.3500
v 2.3083 -0.1409 -1.3500
v 2.1835 -0.1409 -1.3500
v 2.1835 -0.2420 -0.6200
v 2.3083 -0.2420 -0.6200
v 2.3083 -0.1409 -0.6200
v 2.1835 -0.1409 -0.6200
v 2.3083 -0.2420 0.6200
v 3.1817 -0.2420 0.6200
v 3.1817 -0.1409 0.6200
v 2.3083 -0.1409 0.6200
v 2.3083 -0.2420 1.3500
v 3.1817 -0.2420 1.3500
v 3.1817 -0.1409 1.3500
v 2.3083 -0.1409 1.3500
v 2.3083 -0.2420 -1.3500
v 3.1817 -0.2420 -1.3500
v 3.1817 -0.1409 -1.3500
v 2.3083 -0.1409 -1.3500
v 2.3083 -0.2420 -0.6200
v 3.1817 -0.2420 -0.6200
v 3.1817 -0.1409 -0.6200
v 2.3083 -0.1409 -0.6200
v 3.1817 -0.2420 0.6200
v 3.3064 -0.2420 0.6200
v 3.3064 -0.1409 0.6200
v 3.1817 -0.1409 0.6200
v 3.1817 -0.2420 1.3480
v 3.3064 -0.2420 1.3480
v 3.3064 -0.1409 1.3480
v 3.1817 -0.1409 1.3480
v 3.1817 -0.2420 -1.3480
v 3.3064 -0.2420 -1.3480
v 3.3064 -0.1409 -1.3480
v 3.1817 -0.1409 -1.3480
v 3.1817 -0.2420 -0.6200
v 3.3064 -0.2420 -0.6200
v 3.3064 -0.1409 -0.6200
v 3.1817 -0.1409 -0.6200
v 3.3064 -0.2420 0.6200
v 3.4312 -0.2420 0.6200
v 3.4312 -0.1409 0.6200
v 3.3064 -0.1409 0.6200
v 3.3064 -0.2420 1.3420
v 3.4312 -0.2420 1.3420
v 3.4312 -0.1409 1.3420
v 3.3064 -0.1409 1.3420
v 3.3064 -0.2420 -1.3420
v 3.4312 -0.2420 -1.3420
v 3.4312 -0.1409 -1.3420
v 3.3064 -0.1409 -1.3420
v 3.3064 -0.2420 -0.6200
v 3.4312 -0.2420 -0.6200
v 3.4312 -0.1409 -0.6200
v 3.3064 -0.1409 -0.6200
v 3.4312 -0.2420 0.6200
v 3.5560 -0.2420 0.6200
v 3.5560 -0.1409 0.6200
v 3.4312 -0.1409 0.6200
v 3.4312 -0.2420 1.3330
v 3.5560 -0.2420 1.3330
v 3.5560 -0.1409 1.3330
v 3.4312 -0.1409 1.3330
v 3.4312 -0.2420 -1.3330
v 3.5560 -0.2420 -1.3330
v 3.5560 -0.1409 -1.3330
v 3.4312 -0.1409 -1.3330
v 3.4312 -0.2420 -0.6200
v 3.5560 -0.2420 -0.6200
v 3.5560 -0.1409 -0.6200
v 3.4312 -0.1409 -0.6200
v 3.5560 -0.2420 0.6200
v 3.6807 -0.2420 0.6200
v 3.6807 -0.1409 0.6200
v 3.5560 -0.1409 0.6200
v 3.5560 -0.2420 1.3220
v 3.6807 -0.2420 1.3220
v 3.6807 -0.1409 1.3220
v 3.5560 -0.1409 1.3220
v 3.5560 -0.2420 -1.3220
v 3.6807 -0.2420 -1.3220
v 3.6807 -0.1409 -1.3220
v 3.5560 -0.1409 -1.3220
v 3.5560 -0.2420 -0.6200
v 3.6807 -0.2420 -0.6200
v 3.6807 -0.1409 -0.6200
v 3.5560 -0.1409 -0.6200
v 3.6807 -0.2420 0.6200
v 3.8055 -0.2420 0.6200
v 3.8055 -0.1409 0.6200
v 3.6807 -0.1409 0.6200
v 3.6807 -0.2420 1.3090
v 3.8055 -0.2420 1.3090
v 3.8055 -0.1409 1.3090
v 3.6807 -0.1409 1.3090
v 3.6807 -0.2420 -1.3090
v 3.8055 -0.2420 -1.3090
v 3.8055 -0.1409 -1.3090
v 3.6807 -0.1409 -1.3090
v 3.6807 -0.2420 -0.6200
v 3.8055 -0.2420 -0.6200
v 3.8055 -0.1409 -0.6200
v 3.6807 -0.1409 -0.6200
v 3.8055 -0.2420 0.6200
v 3.9303 -0.2420 0.6200
v 3.9303 -0.1409 0.6200
v 3.8055 -0.1409 0.6200
v 3.8055 -0.2420 1.2960
v 3.9303 -0.2420 1.2960
v 3.9303 -0.1409 1.2960
v 3.8055 -0.1409 1.2960
v 3.8055 -0.2420 -1.2960
v 3.9303 -0.2420 -1.2960
v 3.9303 -0.1409 -1.2960
v 3.8055 -0.1409 -1.2960
v 3.8055 -0.2420 -0.6200
v 3.9303 -0.2420 -0.6200
v 3.9303 -0.1409 -0.6200
v 3.8055 -0.1409 -0.6200
v 3.9303 -0.2420 0.6200
v 4.0550 -0.2420 0.6200
v 4.0550 -0.1409 0.6200
v 3.9303 -0.1409 0.6200
v 3.9303 -0.2420 1.2810
v 4.0550 -0.2420 1.2810
v 4.0550 -0.1409 1.2810
v 3.9303 -0.1409 1.2810
v 3.9303 -0.2420 -1.2810
v 4.0550 -0.2420 -1.2810
v 4.0550 -0.1409 -1.2810
v 3.9303 -0.1409 -1.2810
v 3.9303 -0.2420 -0.6200
v 4.0550 -0.2420 -0.6200
v 4.0550 -0.1409 -0.6200
v 3.9303 -0.1409 -0.6200
v 4.0550 -0.2420 0.6200
v 4.1798 -0.2420 0.6200
v 4.1798 -0.1409 0.6200
v 4.0550 -0.1409 0.6200
v 4.0550 -0.2420 1.2660
v 4.1798 -0.2420 1.2660
v 4.1798 -0.1409 1.2660
v 4.0550 -0.1409 1.2660
v 4.0550 -0.2420 -1.2660
v 4.1798 -0.2420 -1.2660
v 4.1798 -0.1409 -1.2660
v 4.0550 -0.1409 -1.2660
v 4.0550 -0.2420 -0.6200
v 4.1798 -0.2420 -0.6200
v 4.1798 -0.1409 -0.6200
v 4.0550 -0.1409 -0.6200
v 4.1798 -0.2420 0.6200
v 4.3046 -0.2420 0.6200
v 4.3046 -0.1409 0.6200
v 4.1798 -0.1409 0.6200
v 4.1798 -0.2420 1.2500
v 4.3046 -0.2420 1.2500
v 4.3046 -0.1409 1.2500
v 4.1798 -0.1409 1.2500
v 4.1798 -0.2420 -1.2500
v 4.3046 -0.2420 -1.2500
v 4.3046 -0.1409 -1.2500
v 4.1798 -0.1409 -1.2500
v 4.1798 -0.2420 -0.6200
v 4.3046 -0.2420 -0.6200
v 4.3046 -0.1409 -0.6200
v 4.1798 -0.1409 -0.6200
v 4.3046 -0.2420 0.6200
v 4.4294 -0.2420 0.6200
v 4.4294 -0.1409 0.6200
v 4.3046 -0.1409 0.6200
v 4.3046 -0.2420 1.2330
v 4.4294 -0.2420 1.2330
v 4.4294 -0.1409 1.2330
v 4.3046 -0.1409 1.2330
v 4.3046 -0.2420 -1.2330
v 4.4294 -0.2420 -1.2330
v 4.4294 -0.1409 -1.2330
v 4.3046 -0.1409 -1.2330
v 4.3046 -0.2420 -0.6200
v 4.4294 -0.2420 -0.6200
v 4.4294 -0.1409 -0.6200
v 4.3046 -0.1409 -0.6200
v 4.4294 -0.2420 0.6200
v 4.5541 -0.2420 0.6200
v 4.5541 -0.1409 0.6200
v 4.4294 -0.1409 0.6200
v 4.4294 -0.2420 1.2150
v 4.5541 -0.2420 1.2150
v 4.5541 -0.1409 1.2150
v 4.4294 -0.1409 1.2150
v 4.4294 -0.2420 -1.2150
v 4.5541 -0.2420 -1.2150
v 4.5541 -0.1409 -1.2150
v 4.4294 -0.1409 -1.2150
v 4.4294 -0.2420 -0.6200
v 4.5541 -0.2420 -0.6200
v 4.5541 -0.1409 -0.6200
v 4.4294 -0.1409 -0.6200
v 4.5541 -0.2420 0.6200
v 4.6789 -0.2420 0.6200
v 4.6789 -0.1409 0.6200
v 4.5541 -0.1409 0.6200
v 4.5541 -0.2420 1.1960
v 4.6789 -0.2420 1.1960
v 4.6789 -0.1409 1.1960
v 4.5541 -0.1409 1.1960
v 4.5541 -0.2420 -1.1960
v 4.6789 -0.2420 -1.1960
v 4.6789 -0.1409 -1.1960
v 4.5541 -0.1409 -1.1960
v 4.5541 -0.2420 -0.6200
v 4.6789 -0.2420 -0.6200
v 4.6789 -0.1409 -0.6200
v 4.5541 -0.1409 -0.6200
v 4.6789 -0.2420 0.6200
v 4.8037 -0.2420 0.6200
v 4.8037 -0.1409 0.6200
v 4.6789 -0.1409 0.6200
v 4.6789 -0.2420 1.1770
v 4.8037 -0.2420 1.1770
v 4.8037 -0.1409 1.1770
v 4.6789 -0.1409 1.1770
v 4.6789 -0.2420 -1.1770
v 4.8037 -0.2420 -1.1770
v 4.8037 -0.1409 -1.1770
v 4.6789 -0.1409 -1.1770
v 4.6789 -0.2420 -0.6200
v 4.8037 -0.2420 -0.6200
v 4.8037 -0.1409 -0.6200
v 4.6789 -0.1409 -0.6200
v 4.8037 -0.2420 0.6200
v 4.9284 -0.2420 0.6200
v 4.9284 -0.1409 0.6200
v 4.8037 -0.1409 0.6200
v 4.8037 -0.2420 1.1570
v 4.9284 -0.2420 1.1570
v 4.9284 -0.1409 1.1570
v 4.8037 -0.1409 1.1570
v 4.8037 -0.2420 -1.1570
v 4.9284 -0.2420 -1.1570
v 4.9284 -0.1409 -1.1570
v 4.8037 -0.1409 -1.1570
v 4.8037 -0.2420 -0.6200
v 4.9284 -0.2420 -0.6200
v 4.9284 -0.1409 -0.6200
v 4.8037 -0.1409 -0.6200
v 4.9284 -0.2420 0.6200
v 5.0532 -0.2420 0.6200
v 5.0532 -0.1409 0.6200
v 4.9284 -0.1409 0.6200
v 4.9284 -0.2420 1.1360
v 5.0532 -0.2420 1.1360
v 5.0532 -0.1409 1.1360
v 4.9284 -0.1409 1.1360
v 4.9284 -0.2420 -1.1360
v 5.0532 -0.2420 -1.1360
v 5.0532 -0.1409 -1.1360
v 4.9284 -0.1409 -1.1360
v 4.9284 -0.2420 -0.6200
v 5.0532 -0.2420 -0.6200
v 5.0532 -0.1409 -0.6200
v 4.9284 -0.1409 -0.6200
v 5.0532 -0.2420 0.6200
v 5.1780 -0.2420 0.6200
v 5.1780 -0.1409 0.6200
v 5.0532 -0.1409 0.6200
v 5.0532 -0.2420 1.1150
v 5.1780 -0.2420 1.1150
v 5.1780 -0.1409 1.1150
v 5.0532 -0.1409 1.1150
v 5.0532 -0.2420 -1.1150
v 5.1780 -0.2420 -1.1150
v 5.1780 -0.1409 -1.1150
v 5.0532 -0.1409 -1.1150
v 5.0532 -0.2420 -0.6200
v 5.1780 -0.2420 -0.6200
v 5.1780 -0.1409 -0.6200
v 5.0532 -0.1409 -0.6200
v 5.1780 -0.2420 0.6200
v 5.3028 -0.2420 0.6200
v 5.3028 -0.1409 0.6200
v 5.1780 -0.1409 0.6200
v 5.1780 -0.2420 1.0940
v 5.3028 -0.2420 1.0940
v 5.3028 -0.1409 1.0940
v 5.1780 -0.1409 1.0940
v 5.1780 -0.2420 -1.0940
v 5.3028 -0.2420 -1.0940
v 5.3028 -0.1409 -1.0940
v 5.1780 -0.1409 -1.0940
v 5.1780 -0.2420 -0.6200
v 5.3028 -0.2420 -0.6200
v 5.3028 -0.1409 -0.6200
v 5.1780 -0.1409 -0.6200
v 5.3028 -0.2420 0.6200
v 5.4275 -0.2420 0.6200
v 5.4275 -0.1409 0.6200
v 5.3028 -0.1409 0.6200
v 5.3028 -0.2420 1.0710
v 5.4275 -0.2420 1.0710
v 5.4275 -0.1409 1.0710
v 5.3028 -0.1409 1.0710
v 5.3028 -0.2420 -1.0710
v 5.4275 -0.2420 -1.0710
v 5.4275 -0.1409 -1.0710
v 5.3028 -0.1409 -1.0710
v 5.3028 -0.2420 -0.6200
v 5.4275 -0.2420 -0.6200
v 5.4275 -0.1409 -0.6200
v 5.3028 -0.1409 -0.6200
v 5.4275 -0.2420 0.6200
v 5.5523 -0.2420 0.6200
v 5.5523 -0.1409 0.6200
v 5.4275 -0.1409 0.6200
v 5.4275 -0.2420 1.0490
v 5.5523 -0.2420 1.0490
v 5.5523 -0.1409 1.0490
v 5.4275 -0.1409 1.0490
v 5.4275 -0.2420 -1.0490
v 5.5523 -0.2420 -1.0490
v 5.5523 -0.1409 -1.0490
v 5.4275 -0.1409 -1.0490
v 5.4275 -0.2420 -0.6200
v 5.5523 -0.2420 -0.6200
v 5.5523 -0.1409 -0.6200
v 5.4275 -0.1409 -0.6200
v 5.5523 -0.2420 0.6200
v 5.6771 -0.2420 0.6200
v 5.6771 -0.1409 0.6200
v 5.5523 -0.1409 0.6200
v 5.5523 -0.2420 1.0260
v 5.6771 -0.2420 1.0260
v 5.6771 -0.1409 1.0260
v 5.5523 -0.1409 1.0260
v 5.5523 -0.2420 -1.0260
v 5.6771 -0.2420 -1.0260
v 5.6771 -0.1409 -1.0260
v 5.5523 -0.1409 -1.0260
v 5.5523 -0.2420 -0.6200
v 5.6771 -0.2420 -0.6200
v 5.6771 -0.1409 -0.6200
v 5.5523 -0.1409 -0.6200
v 5.6771 -0.2420 0.6200
v 5.8018 -0.2420 0.6200
v 5.8018 -0.1409 0.6200
v 5.6771 -0.1409 0.6200
v 5.6771 -0.2420 1.0020
v 5.8018 -0.2420 1.0020
v 5.8018 -0.1409 1.0020
v 5.6771 -0.1409 1.0020
v 5.6771 -0.2420 -1.0020
v 5.8018 -0.2420 -1.0020
v 5.8018 -0.1409 -1.0020
v 5.6771 -0.1409 -1.0020
v 5.6771 -0.2420 -0.6200
v 5.8018 -0.2420 -0.6200
v 5.8018 -0.1409 -0.6200
v 5.6771 -0.1409 -0.6200
v 5.8018 -0.2420 0.6200
v 5.9266 -0.2420 0.6200
v 5.9266 -0.1409 0.6200
v 5.8018 -0.1409 0.6200
v 5.8018 -0.2420 0.9780
v 5.9266 -0.2420 0.9780
v 5.9266 -0.1409 0.9780
v 5.8018 -0.1409 0.9780
v 5.8018 -0.2420 -0.9780
v 5.9266 -0.2420 -0.9780
v 5.9266 -0.1409 -0.9780
v 5.8018 -0.1409 -0.9780
v 5.8018 -0.2420 -0.6200
v 5.9266 -0.2420 -0.6200
v 5.9266 -0.1409 -0.6200
v 5.8018 -0.1409 -0.6200
v 5.9266 -0.2420 0.6200
v 6.0514 -0.2420 0.6200
v 6.0514 -0.1409 0.6200
v 5.9266 -0.1409 0.6200
v 5.9266 -0.2420 0.9530
v 6.0514 -0.2420 0.9530
v 6.0514 -0.1409 0.9530
v 5.9266 -0.1409 0.9530
v 5.9266 -0.2420 -0.9530
v 6.0514 -0.2420 -0.9530
v 6.0514 -0.1409 -0.9530
v 5.9266 -0.1409 -0.9530
v 5.9266 -0.2420 -0.6200
v 6.0514 -0.2420 -0.6200
v 6.0514 -0.1409 -0.6200
v 5.9266 -0.1409 -0.6200
v -6.8000 -0.1409 0.6200
v -6.5505 -0.1409 0.6200
v -6.5505 -0.0398 0.6200
v -6.8000 -0.0398 0.6200
v -6.8000 -0.1409 1.2860
v -6.5505 -0.1409 1.2860
v -6.5505 -0.0398 1.2860
v -6.8000 -0.0398 1.2860
v -6.8000 -0.1409 -1.2860
v -6.5505 -0.1409 -1.2860
v -6.5505 -0.0398 -1.2860
v -6.8000 -0.0398 -1.2860
v -6.8000 -0.1409 -0.6200
v -6.5505 -0.1409 -0.6200
v -6.5505 -0.0398 -0.6200
v -6.8000 -0.0398 -0.6200
v -6.5505 -0.1409 0.6200
v -6.4257 -0.1409 0.6200
v -6.4257 -0.0398 0.6200
v -6.5505 -0.0398 0.6200
v -6.5505 -0.1409 1.3460
v -6.4257 -0.1409 1.3460
v -6.4257 -0.0398 1.3460
v -6.5505 -0.0398 1.3460
v -6.5505 -0.1409 -1.3460
v -6.4257 -0.1409 -1.3460
v -6.4257 -0.0398 -1.3460
v -6.5505 -0.0398 -1.3460
v -6.5505 -0.1409 -0.6200
v -6.4257 -0.1409 -0.6200
v -6.4257 -0.0398 -0.6200
v -6.5505 -0.0398 -0.6200
v -6.4257 -0.1409 0.6200
v -6.3009 -0.1409 0.6200
v -6.3009 -0.0398 0.6200
v -6.4257 -0.0398 0.6200
v -6.4257 -0.1409 1.3410
v -6.3009 -0.1409 1.3410
v -6.3009 -0.0398 1.3410
v -6.4257 -0.0398 1.3410
v -6.4257 -0.1409 -1.3410
v -6.3009 -0.1409 -1.3410
v -6.3009 -0.0398 -1.3410
v -6.4257 -0.0398 -1.3410
v -6.4257 -0.1409 -0.6200
v -6.3009 -0.1409 -0.6200
v -6.3009 -0.0398 -0.6200
v -6.4257 -0.0398 -0.6200
v -6.3009 -0.1409 0.6200
v 2.1835 -0.1409 0.6200
v 2.1835 -0.0398 0.6200
v -6.3009 -0.0398 0.6200
v -6.3009 -0.1409 1.3760
v 2.1835 -0.1409 1.3760
v 2.1835 -0.0398 1.3760
v -6.3009 -0.0398 1.3760
v -6.3009 -0.1409 -1.3760
v 2.1835 -0.1409 -1.3760
v 2.1835 -0.0398 -1.3760
v -6.3009 -0.0398 -1.3760
v -6.3009 -0.1409 -0.6200
v 2.1835 -0.1409 -0.6200
v 2.1835 -0.0398 -0.6200
v -6.3009 -0.0398 -0.6200
v 2.1835 -0.1409 0.6200
v 2.3083 -0.1409 0.6200
v 2.3083 -0.0398 0.6200
v 2.1835 -0.0398 0.6200
v 2.1835 -0.1409 1.3760
v 2.3083 -0.1409 1.3760
v 2.3083 -0.0398 1.3760
v 2.1835 -0.0398 1.3760
v 2.1835 -0.1409 -1.3760
v 2.3083 -0.1409 -1.3760
v 2.3083 -0.0398 -1.3760
v 2.1835 -0.0398 -1.3760
v 2.1835 -0.1409 -0.6200
v 2.3083 -0.1409 -0.6200
v 2.3083 -0.0398 -0.6200
v 2.1835 -0.0398 -0.6200
v 2.3083 -0.1409 0.6200
v 3.1817 -0.1409 0.6200
v 3.1817 -0.0398 0.6200
v 2.3083 -0.0398 0.6200
v 2.3083 -0.1409 1.3760
v 3.1817 -0.1409 1.3760
v 3.1817 -0.0398 1.3760
v 2.3083 -0.0398 1.3760
v 2.3083 -0.1409 -1.3760
v 3.1817 -0.1409 -1.3760
v 3.1817 -0.0398 -1.3760
v 2.3083 -0.0398 -1.3760
v 2.3083 -0.1409 -0.6200
v 3.1817 -0.1409 -0.6200
v 3.1817 -0.0398 -0.6200
v 2.3083 -0.0398 -0.6200
v 3.1817 -0.1409 0.6200
v 3.3064 -0.1409 0.6200
v 3.3064 -0.0398 0.6200
v 3.1817 -0.0398 0.6200
v 3.1817 -0.1409 1.3750
v 3.3064 -0.1409 1.3750
v 3.3064 -0.0398 1.3750
v 3.1817 -0.0398 1.3750
v 3.1817 -0.1409 -1.3750
v 3.3064 -0.1409 -1.3750
v 3.3064 -0.0398 -1.3750
v 3.1817 -0.0398 -1.3750
v 3.1817 -0.1409 -0.6200
v 3.3064 -0.1409 -0.6200
v 3.3064 -0.0398 -0.6200
v 3.1817 -0.0398 -0.6200
v 3.3064 -0.1409 0.6200
v 3.4312 -0.1409 0.6200
v 3.4312 -0.0398 0.6200
v 3.3064 -0.0398 0.6200
v 3.3064 -0.1409 1.3680
v 3.4312 -0.1409 1.3680
v 3.4312 -0.0398 1.3680
v 3.3064 -0.0398 1.3680
v 3.3064 -0.1409 -1.3680
v 3.4312 -0.1409 -1.3680
v 3.4312 -0.0398 -1.3680
v 3.3064 -0.0398 -1.3680
v 3.3064 -0.1409 -0.6200
v 3.4312 -0.1409 -0.6200
v 3.4312 -0.0398 -0.6200
v 3.3064 -0.0398 -0.6200
v 3.4312 -0.1409 0.6200
v 3.5560 -0.1409 0.6200
v 3.5560 -0.0398 0.6200
v 3.4312 -0.0398 0.6200
v 3.4312 -0.1409 1.3590
v 3.5560 -0.1409 1.3590
v 3.5560 -0.0398 1.3590
v 3.4312 -0.0398 1.3590
v 3.4312 -0.1409 -1.3590
v 3.5560 -0.1409 -1.3590
v 3.5560 -0.0398 -1.3590
v 3.4312 -0.0398 -1.3590
v 3.4312 -0.1409 -0.6200
v 3.5560 -0.1409 -0.6200
v 3.5560 -0.0398 -0.6200
v 3.4312 -0.0398 -0.6200
v 3.5560 -0.1409 0.6200
v 3.6807 -0.1409 0.6200
v 3.6807 -0.0398 0.6200
v 3.5560 -0.0398 0.6200
v 3.5560 -0.1409 1.3480
v 3.6807 -0.1409 1.3480
v 3.6807 -0.0398 1.3480
v 3.5560 -0.0398 1.3480
v 3.5560 -0.1409 -1.3480
v 3.6807 -0.1409 -1.3480
v 3.6807 -0.0398 -1.3480
v 3.5560 -0.0398 -1.3480
v 3.5560 -0.1409 -0.6200
v 3.6807 -0.1409 -0.6200
v 3.6807 -0.0398 -0.6200
v 3.5560 -0.0398 -0.6200
v 3.6807 -0.1409 0.6200
v 3.8055 -0.1409 0.6200
v 3.8055 -0.0398 0.6200
v 3.6807 -0.0398 0.6200
v 3.6807 -0.1409 1.3350
v 3.8055 -0.1409 1.3350
v 3.8055 -0.0398 1.3350
v 3.6807 -0.0398 1.3350
v 3.6807 -0.1409 -1.3350
v 3.8055 -0.1409 -1.3350
v 3.8055 -0.0398 -1.3350
v 3.6807 -0.0398 -1.3350
v 3.6807 -0.1409 -0.6200
v 3.8055 -0.1409 -0.6200
v 3.8055 -0.0398 -0.6200
v 3.6807 -0.0398 -0.6200
v 3.8055 -0.1409 0.6200
v 3.9303 -0.1409 0.6200
v 3.9303 -0.0398 0.6200
v 3.8055 -0.0398 0.6200
v 3.8055 -0.1409 1.3220
v 3.9303 -0.1409 1.3220
v 3.9303 -0.0398 1.3220
v 3.8055 -0.0398 1.3220
v 3.8055 -0.1409 -1.3220
v 3.9303 -0.1409 -1.3220
v 3.9303 -0.0398 -1.3220
v 3.8055 -0.0398 -1.3220
v 3.8055 -0.1409 -0.6200
v 3.9303 -0.1409 -0.6200
v 3.9303 -0.0398 -0.6200
v 3.8055 -0.0398 -0.6200
v 3.9303 -0.1409 0.6200
v 4.0550 -0.1409 0.6200
v 4.0550 -0.0398 0.6200
v 3.9303 -0.0398 0.6200
v 3.9303 -0.1409 1.3070
v 4.0550 -0.1409 1.3070
v 4.0550 -0.0398 1.3070
v 3.9303 -0.0398 1.3070
v 3.9303 -0.1409 -1.3070
v 4.0550 -0.1409 -1.3070
v 4.0550 -0.0398 -1.3070
v 3.9303 -0.0398 -1.3070
v 3.9303 -0.1409 -0.6200
v 4.0550 -0.1409 -0.6200
v 4.0550 -0.0398 -0.6200
v 3.9303 -0.0398 -0.6200
v 4.0550 -0.1409 0.6200
v 4.1798 -0.1409 0.6200
v 4.1798 -0.0398 0.6200
v 4.0550 -0.0398 0.6200
v 4.0550 -0.1409 1.2910
v 4.1798 -0.1409 1.2910
v 4.1798 -0.0398 1.2910
v 4.0550 -0.0398 1.2910
v 4.0550 -0.1409 -1.2910
v 4.1798 -0.1409 -1.2910
v 4.1798 -0.0398 -1.2910
v 4.0550 -0.0398 -1.2910
v 4.0550 -0.1409 -0.6200
v 4.1798 -0.1409 -0.6200
v 4.1798 -0.0398 -0.6200
v 4.0550 -0.0398 -0.6200
v 4.1798 -0.1409 0.6200
v 4.3046 -0.1409 0.6200
v 4.3046 -0.0398 0.6200
v 4.1798 -0.0398 0.6200
v 4.1798 -0.1409 1.2740
v 4.3046 -0.1409 1.2740
v 4.3046 -0.0398 1.2740
v 4.1798 -0.0398 1.2740
v 4.1798 -0.1409 -1.2740
v 4.3046 -0.1409 -1.2740
v 4.3046 -0.0398 -1.2740
v 4.1798 -0.0398 -1.2740
v 4.1798 -0.1409 -0.6200
v 4.3046 -0.1409 -0.6200
v 4.3046 -0.0398 -0.6200
v 4.1798 -0.0398 -0.6200
v 4.3046 -0.1409 0.6200
v 4.4294 -0.1409 0.6200
v 4.4294 -0.0398 0.6200
v 4.3046 -0.0398 0.6200
v 4.3046 -0.1409 1.2570
v 4.4294 -0.1409 1.2570
v 4.4294 -0.0398 1.2570
v 4.3046 -0.0398 1.2570
v 4.3046 -0.1409 -1.2570
v 4.4294 -0.1409 -1.2570
v 4.4294 -0.0398 -1.2570
v 4.3046 -0.0398 -1.2570
v 4.3046 -0.1409 -0.6200
v 4.4294 -0.1409 -0.6200
v 4.4294 -0.0398 -0.6200
v 4.3046 -0.0398 -0.6200
v 4.4294 -0.1409 0.6200
v 4.5541 -0.1409 0.6200
v 4.5541 -0.0398 0.6200
v 4.4294 -0.0398 0.6200
v 4.4294 -0.1409 1.2390
v 4.5541 -0.1409 1.2390
v 4.5541 -0.0398 1.2390
v 4.4294 -0.0398 1.2390
v 4.4294 -0.1409 -1.2390
v 4.5541 -0.1409 -1.2390
v 4.5541 -0.0398 -1.2390
v 4.4294 -0.0398 -1.2390
v 4.4294 -0.1409 -0.6200
v 4.5541 -0.1409 -0.6200
v 4.5541 -0.0398 -0.6200
v 4.4294 -0.0398 -0.6200
v 4.5541 -0.1409 0.6200
v 4.6789 -0.1409 0.6200
v 4.6789 -0.0398 0.6200
v 4.5541 -0.0398 0.6200
v 4.5541 -0.1409 1.2200
v 4.6789 -0.1409 1.2200
v 4.6789 -0.0398 1.2200
v 4.5541 -0.0398 1.2200
v 4.5541 -0.1409 -1.2200
v 4.6789 -0.1409 -1.2200
v 4.6789 -0.0398 -1.2200
v 4.5541 -0.0398 -1.2200
v 4.5541 -0.1409 -0.6200
v 4.6789 -0.1409 -0.6200
v 4.6789 -0.0398 -0.6200
v 4.5541 -0.0398 -0.6200
v 4.6789 -0.1409 0.6200
v 4.8037 -0.1409 0.6200
v 4.8037 -0.0398 0.6200
v 4.6789 -0.0398 0.6200
v 4.6789 -0.1409 1.2000
v 4.8037 -0.1409 1.2000
v 4.8037 -0.0398 1.2000
v 4.6789 -0.0398 1.2000
v 4.6789 -0.1409 -1.2000
v 4.8037 -0.1409 -1.2000
v 4.8037 -0.0398 -1.2000
v 4.6789 -0.0398 -1.2000
v 4.6789 -0.1409 -0.6200
v 4.8037 -0.1409 -0.6200
v 4.8037 -0.0398 -0.6200
v 4.6789 -0.0398 -0.6200
v 4.8037 -0.1409 0.6200
v 4.9284 -0.1409 0.6200
v 4.9284 -0.0398 0.6200
v 4.8037 -0.0398 0.6200
v 4.8037 -0.1409 1.1800
v 4.9284 -0.1409 1.1800
v 4.9284 -0.0398 1.1800
v 4.8037 -0.0398 1.1800
v 4.8037 -0.1409 -1.1800
v 4.9284 -0.1409 -1.1800
v 4.9284 -0.0398 -1.1800
v 4.8037 -0.0398 -1.1800
v 4.8037 -0.1409 -0.6200
v 4.9284 -0.1409 -0.6200
v 4.9284 -0.0398 -0.6200
v 4.8037 -0.0398 -0.6200
v 4.9284 -0.1409 0.6200
v 5.0532 -0.1409 0.6200
v 5.0532 -0.0398 0.6200
v 4.9284 -0.0398 0.6200
v 4.9284 -0.1409 1.1590
v 5.0532 -0.1409 1.1590
v 5.0532 -0.0398 1.1590
v 4.9284 -0.0398 1.1590
v 4.9284 -0.1409 -1.1590
v 5.0532 -0.1409 -1.1590
v 5.0532 -0.0398 -1.1590
v 4.9284 -0.0398 -1.1590
v 4.9284 -0.1409 -0.6200
v 5.0532 -0.1409 -0.6200
v 5.0532 -0.0398 -0.6200
v 4.9284 -0.0398 -0.6200
v 5.0532 -0.1409 0.6200
v 5.1780 -0.1409 0.6200
v 5.1780 -0.0398 0.6200
v 5.0532 -0.0398 0.6200
v 5.0532 -0.1409 1.1370
v 5.1780 -0.1409 1.1370
v 5.1780 -0.0398 1.1370
v 5.0532 -0.0398 1.1370
v 5.0532 -0.1409 -1.1370
v 5.1780 -0.1409 -1.1370
v 5.1780 -0.0398 -1.1370
v 5.0532 -0.0398 -1.1370
v 5.0532 -0.1409 -0.6200
v 5.1780 -0.1409 -0.6200
v 5.1780 -0.0398 -0.6200
v 5.0532 -0.0398 -0.6200
v 5.1780 -0.1409 0.6200
v 5.3028 -0.1409 0.6200
v 5.3028 -0.0398 0.6200
v 5.1780 -0.0398 0.6200
v 5.1780 -0.1409 1.1150
v 5.3028 -0.1409 1.1150
v 5.3028 -0.0398 1.1150
v 5.1780 -0.0398 1.1150
v 5.1780 -0.1409 -1.1150
v 5.3028 -0.1409 -1.1150
v 5.3028 -0.0398 -1.1150
v 5.1780 -0.0398 -1.1150
v 5.1780 -0.1409 -0.6200
v 5.3028 -0.1409 -0.6200
v 5.3028 -0.0398 -0.6200
v 5.1780 -0.0398 -0.6200
v 5.3028 -0.1409 0.6200
v 5.4275 -0.1409 0.6200
v 5.4275 -0.0398 0.6200
v 5.3028 -0.0398 0.6200
v 5.3028 -0.1409 1.0930
v 5.4275 -0.1409 1.0930
v 5.4275 -0.0398 1.0930
v 5.3028 -0.0398 1.0930
v 5.3028 -0.1409 -1.0930
v 5.4275 -0.1409 -1.0930
v 5.4275 -0.0398 -1.0930
v 5.3028 -0.0398 -1.0930
v 5.3028 -0.1409 -0.6200
v 5.4275 -0.1409 -0.6200
v 5.4275 -0.0398 -0.6200
v 5.3028 -0.0398 -0.6200
v 5.4275 -0.1409 0.6200
v 5.5523 -0.1409 0.6200
v 5.5523 -0.0398 0.6200
v 5.4275 -0.0398 0.6200
v 5.4275 -0.1409 1.0690
v 5.5523 -0.1409 1.0690
v 5.5523 -0.0398 1.0690
v 5.4275 -0.0398 1.0690
v 5.4275 -0.1409 -1.0690
v 5.5523 -0.1409 -1.0690
v 5.5523 -0.0398 -1.0690
v 5.4275 -0.0398 -1.0690
v 5.4275 -0.1409 -0.6200
v 5.5523 -0.1409 -0.6200
v 5.5523 -0.0398 -0.6200
v 5.4275 -0.0398 -0.6200
v 5.5523 -0.1409 0.6200
v 5.6771 -0.1409 0.6200
v 5.6771 -0.0398 0.6200
v 5.5523 -0.0398 0.6200
v 5.5523 -0.1409 1.0460
v 5.6771 -0.1409 1.0460
v 5.6771 -0.0398 1.0460
v 5.5523 -0.0398 1.0460
v 5.5523 -0.1409 -1.0460
v 5.6771 -0.1409 -1.0460
v 5.6771 -0.0398 -1.0460
v 5.5523 -0.0398 -1.0460
v 5.5523 -0.1409 -0.6200
v 5.6771 -0.1409 -0.6200
v 5.6771 -0.0398 -0.6200
v 5.5523 -0.0398 -0.6200
v 5.6771 -0.1409 0.6200
v 5.8018 -0.1409 0.6200
v 5.8018 -0.0398 0.6200
v 5.6771 -0.0398 0.6200
v 5.6771 -0.1409 1.0220
v 5.8018 -0.1409 1.0220
v 5.8018 -0.0398 1.0220
v 5.6771 -0.0398 1.0220
v 5.6771 -0.1409 -1.0220
v 5.8018 -0.1409 -1.0220
v 5.8018 -0.0398 -1.0220
v 5.6771 -0.0398 -1.0220
v 5.6771 -0.1409 -0.6200
v 5.8018 -0.1409 -0.6200
v 5.8018 -0.0398 -0.6200
v 5.6771 -0.0398 -0.6200
v 5.8018 -0.1409 0.6200
v 5.9266 -0.1409 0.6200
v 5.9266 -0.0398 0.6200
v 5.8018 -0.0398 0.6200
v 5.8018 -0.1409 0.9970
v 5.9266 -0.1409 0.9970
v 5.9266 -0.0398 0.9970
v 5.8018 -0.0398 0.9970
v 5.8018 -0.1409 -0.9970
v 5.9266 -0.1409 -0.9970
v 5.9266 -0.0398 -0.9970
v 5.8018 -0.0398 -0.9970
v 5.8018 -0.1409 -0.6200
v 5.9266 -0.1409 -0.6200
v 5.9266 -0.0398 -0.6200
v 5.8018 -0.0398 -0.6200
v 5.9266 -0.1409 0.6200
v 6.0514 -0.1409 0.6200
v 6.0514 -0.0398 0.6200
v 5.9266 -0.0398 0.6200
v 5.9266 -0.1409 0.9720
v 6.0514 -0.1409 0.9720
v 6.0514 -0.0398 0.9720
v 5.9266 -0.0398 0.9720
v 5.9266 -0.1409 -0.9720
v 6.0514 -0.1409 -0.9720
v 6.0514 -0.0398 -0.9720
v 5.9266 -0.0398 -0.9720
v 5.9266 -0.1409 -0.6200
v 6.0514 -0.1409 -0.6200
v 6.0514 -0.0398 -0.6200
v 5.9266 -0.0398 -0.6200
v 6.0514 -0.1409 0.6200
v 6.1761 -0.1409 0.6200
v 6.1761 -0.0398 0.6200
v 6.0514 -0.0398 0.6200
v 6.0514 -0.1409 0.9460
v 6.1761 -0.1409 0.9460
v 6.1761 -0.0398 0.9460
v 6.0514 -0.0398 0.9460
v 6.0514 -0.1409 -0.9460
v 6.1761 -0.1409 -0.9460
v 6.1761 -0.0398 -0.9460
v 6.0514 -0.0398 -0.9460
v 6.0514 -0.1409 -0.6200
v 6.1761 -0.1409 -0.6200
v 6.1761 -0.0398 -0.6200
v 6.0514 -0.0398 -0.6200
v -6.8000 -0.0398 0.6200
v -6.5505 -0.0398 0.6200
v -6.5505 0.7693 0.6200
v -6.8000 0.7693 0.6200
v -6.8000 -0.0398 1.3100
v -6.5505 -0.0398 1.3100
v -6.5505 0.7693 1.3100
v -6.8000 0.7693 1.3100
v -6.8000 -0.0398 -1.3100
v -6.5505 -0.0398 -1.3100
v -6.5505 0.7693 -1.3100
v -6.8000 0.7693 -1.3100
v -6.8000 -0.0398 -0.6200
v -6.5505 -0.0398 -0.6200
v -6.5505 0.7693 -0.6200
v -6.8000 0.7693 -0.6200
v -6.5505 -0.0398 0.6200
v -6.4257 -0.0398 0.6200
v -6.4257 0.7693 0.6200
v -6.5505 0.7693 0.6200
v -6.5505 -0.0398 1.3700
v -6.4257 -0.0398 1.3700
v -6.4257 0.7693 1.3700
v -6.5505 0.7693 1.3700
v -6.5505 -0.0398 -1.3700
v -6.4257 -0.0398 -1.3700
v -6.4257 0.7693 -1.3700
v -6.5505 0.7693 -1.3700
v -6.5505 -0.0398 -0.6200
v -6.4257 -0.0398 -0.6200
v -6.4257 0.7693 -0.6200
v -6.5505 0.7693 -0.6200
v -6.4257 -0.0398 0.6200
v -6.3009 -0.0398 0.6200
v -6.3009 0.7693 0.6200
v -6.4257 0.7693 0.6200
v -6.4257 -0.0398 1.3650
v -6.3009 -0.0398 1.3650
v -6.3009 0.7693 1.3650
v -6.4257 0.7693 1.3650
v -6.4257 -0.0398 -1.3650
v -6.3009 -0.0398 -1.3650
v -6.3009 0.7693 -1.3650
v -6.4257 0.7693 -1.3650
v -6.4257 -0.0398 -0.6200
v -6.3009 -0.0398 -0.6200
v -6.3009 0.7693 -0.6200
v -6.4257 0.7693 -0.6200
v -6.3009 -0.0398 0.6200
v 2.1835 -0.0398 0.6200
v 2.1835 0.7693 0.6200
v -6.3009 0.7693 0.6200
v -6.3009 -0.0398 1.4000
v 2.1835 -0.0398 1.4000
v 2.1835 0.7693 1.4000
v -6.3009 0.7693 1.4000
v -6.3009 -0.0398 -1.4000
v 2.1835 -0.0398 -1.4000
v 2.1835 0.7693 -1.4000
v -6.3009 0.7693 -1.4000
v -6.3009 -0.0398 -0.6200
v 2.1835 -0.0398 -0.6200
v 2.1835 0.7693 -0.6200
v -6.3009 0.7693 -0.6200
v 2.1835 -0.0398 0.6200
v 2.3083 -0.0398 0.6200
v 2.3083 0.7693 0.6200
v 2.1835 0.7693 0.6200
v 2.1835 -0.0398 1.4000
v 2.3083 -0.0398 1.4000
v 2.3083 0.7693 1.4000
v 2.1835 0.7693 1.4000
v 2.1835 -0.0398 -1.4000
v 2.3083 -0.0398 -1.4000
v 2.3083 0.7693 -1.4000
v 2.1835 0.7693 -1.4000
v 2.1835 -0.0398 -0.6200
v 2.3083 -0.0398 -0.6200
v 2.3083 0.7693 -0.6200
v 2.1835 0.7693 -0.6200
v 2.3083 -0.0398 0.6200
v 3.1817 -0.0398 0.6200
v 3.1817 0.7693 0.6200
v 2.3083 0.7693 0.6200
v 2.3083 -0.0398 1.4000
v 3.1817 -0.0398 1.4000
v 3.1817 0.7693 1.4000
v 2.3083 0.7693 1.4000
v 2.3083 -0.0398 -1.4000
v 3.1817 -0.0398 -1.4000
v 3.1817 0.7693 -1.4000
v 2.3083 0.7693 -1.4000
v 2.3083 -0.0398 -0.6200
v 3.1817 -0.0398 -0.6200
v 3.1817 0.7693 -0.6200
v 2.3083 0.7693 -0.6200
v 3.1817 -0.0398 0.6200
v 3.3064 -0.0398 0.6200
v 3.3064 0.7693 0.6200
v 3.1817 0.7693 0.6200
v 3.1817 -0.0398 1.3990
v 3.3064 -0.0398 1.3990
v 3.3064 0.7693 1.3990
v 3.1817 0.7693 1.3990
v 3.1817 -0.0398 -1.3990
v 3.3064 -0.0398 -1.3990
v 3.3064 0.7693 -1.3990
v 3.1817 0.7693 -1.3990
v 3.1817 -0.0398 -0.6200
v 3.3064 -0.0398 -0.6200
v 3.3064 0.7693 -0.6200
v 3.1817 0.7693 -0.6200
v 3.3064 -0.0398 0.6200
v 3.4312 -0.0398 0.6200
v 3.4312 0.7693 0.6200
v 3.3064 0.7693 0.6200
v 3.3064 -0.0398 1.3920
v 3.4312 -0.0398 1.3920
v 3.4312 0.7693 1.3920
v 3.3064 0.7693 1.3920
v 3.3064 -0.0398 -1.3920
v 3.4312 -0.0398 -1.3920
v 3.4312 0.7693 -1.3920
v 3.3064 0.7693 -1.3920
v 3.3064 -0.0398 -0.6200
v 3.4312 -0.0398 -0.6200
v 3.4312 0.7693 -0.6200
v 3.3064 0.7693 -0.6200
v 3.4312 -0.0398 0.6200
v 3.5560 -0.0398 0.6200
v 3.5560 0.7693 0.6200
v 3.4312 0.7693 0.6200
v 3.4312 -0.0398 1.3820
v 3.5560 -0.0398 1.3820
v 3.5560 0.7693 1.3820
v 3.4312 0.7693 1.3820
v 3.4312 -0.0398 -1.3820
v 3.5560 -0.0398 -1.3820
v 3.5560 0.7693 -1.3820
v 3.4312 0.7693 -1.3820
v 3.4312 -0.0398 -0.6200
v 3.5560 -0.0398 -0.6200
v 3.5560 0.7693 -0.6200
v 3.4312 0.7693 -0.6200
v 3.5560 -0.0398 0.6200
v 3.6807 -0.0398 0.6200
v 3.6807 0.7693 0.6200
v 3.5560 0.7693 0.6200
v 3.5560 -0.0398 1.3710
v 3.6807 -0.0398 1.3710
v 3.6807 0.7693 1.3710
v 3.5560 0.7693 1.3710
v 3.5560 -0.0398 -1.3710
v 3.6807 -0.0398 -1.3710
v 3.6807 0.7693 -1.3710
v 3.5560 0.7693 -1.3710
v 3.5560 -0.0398 -0.6200
v 3.6807 -0.0398 -0.6200
v 3.6807 0.7693 -0.6200
v 3.5560 0.7693 -0.6200
v 3.6807 -0.0398 0.6200
v 3.8055 -0.0398 0.6200
v 3.8055 0.7693 0.6200
v 3.6807 0.7693 0.6200
v 3.6807 -0.0398 1.3580
v 3.8055 -0.0398 1.3580
v 3.8055 0.7693 1.3580
v 3.6807 0.7693 1.3580
v 3.6807 -0.0398 -1.3580
v 3.8055 -0.0398 -1.3580
v 3.8055 0.7693 -1.3580
v 3.6807 0.7693 -1.3580
v 3.6807 -0.0398 -0.6200
v 3.8055 -0.0398 -0.6200
v 3.8055 0.7693 -0.6200
v 3.6807 0.7693 -0.6200
v 3.8055 -0.0398 0.6200
v 3.9303 -0.0398 0.6200
v 3.9303 0.7693 0.6200
v 3.8055 0.7693 0.6200
v 3.8055 -0.0398 1.3440
v 3.9303 -0.0398 1.3440
v 3.9303 0.7693 1.3440
v 3.8055 0.7693 1.3440
v 3.8055 -0.0398 -1.3440
v 3.9303 -0.0398 -1.3440
v 3.9303 0.7693 -1.3440
v 3.8055 0.7693 -1.3440
v 3.8055 -0.0398 -0.6200
v 3.9303 -0.0398 -0.6200
v 3.9303 0.7693 -0.6200
v 3.8055 0.7693 -0.6200
v 3.9303 -0.0398 0.6200
v 4.0550 -0.0398 0.6200
v 4.0550 0.7693 0.6200
v 3.9303 0.7693 0.6200
v 3.9303 -0.0398 1.3290
v 4.0550 -0.0398 1.3290
v 4.0550 0.7693 1.3290
v 3.9303 0.7693 1.3290
v 3.9303 -0.0398 -1.3290
v 4.0550 -0.0398 -1.3290
v 4.0550 0.7693 -1.3290
v 3.9303 0.7693 -1.3290
v 3.9303 -0.0398 -0.6200
v 4.0550 -0.0398 -0.6200
v 4.0550 0.7693 -0.6200
v 3.9303 0.7693 -0.6200
v 4.0550 -0.0398 0.6200
v 4.1798 -0.0398 0.6200
v 4.1798 0.7693 0.6200
v 4.0550 0.7693 0.6200
v 4.0550 -0.0398 1.3130
v 4.1798 -0.0398 1.3130
v 4.1798 0.7693 1.3130
v 4.0550 0.7693 1.3130
v 4.0550 -0.0398 -1.3130
v 4.1798 -0.0398 -1.3130
v 4.1798 0.7693 -1.3130
v 4.0550 0.7693 -1.3130
v 4.0550 -0.0398 -0.6200
v 4.1798 -0.0398 -0.6200
v 4.1798 0.7693 -0.6200
v 4.0550 0.7693 -0.6200
v 4.1798 -0.0398 0.6200
v 4.3046 -0.0398 0.6200
v 4.3046 0.7693 0.6200
v 4.1798 0.7693 0.6200
v 4.1798 -0.0398 1.2960
v 4.3046 -0.0398 1.2960
v 4.3046 0.7693 1.2960
v 4.1798 0.7693 1.2960
v 4.1798 -0.0398 -1.2960
v 4.3046 -0.0398 -1.2960
v 4.3046 0.7693 -1.2960
v 4.1798 0.7693 -1.2960
v 4.1798 -0.0398 -0.6200
v 4.3046 -0.0398 -0.6200
v 4.3046 0.7693 -0.6200
v 4.1798 0.7693 -0.6200
v 4.3046 -0.0398 0.6200
v 4.4294 -0.0398 0.6200
v 4.4294 0.7693 0.6200
v 4.3046 0.7693 0.6200
v 4.3046 -0.0398 1.2790
v 4.4294 -0.0398 1.2790
v 4.4294 0.7693 1.2790
v 4.3046 0.7693 1.2790
v 4.3046 -0.0398 -1.2790
v 4.4294 -0.0398 -1.2790
v 4.4294 0.7693 -1.2790
v 4.3046 0.7693 -1.2790
v 4.3046 -0.0398 -0.6200
v 4.4294 -0.0398 -0.6200
v 4.4294 0.7693 -0.6200
v 4.3046 0.7693 -0.6200
v 4.4294 -0.0398 0.6200
v 4.5541 -0.0398 0.6200
v 4.5541 0.7693 0.6200
v 4.4294 0.7693 0.6200
v 4.4294 -0.0398 1.2600
v 4.5541 -0.0398 1.2600
v 4.5541 0.7693 1.2600
v 4.4294 0.7693 1.2600
v 4.4294 -0.0398 -1.2600
v 4.5541 -0.0398 -1.2600
v 4.5541 0.7693 -1.2600
v 4.4294 0.7693 -1.2600
v 4.4294 -0.0398 -0.6200
v 4.5541 -0.0398 -0.6200
v 4.5541 0.7693 -0.6200
v 4.4294 0.7693 -0.6200
v 4.5541 -0.0398 0.6200
v 4.6789 -0.0398 0.6200
v 4.6789 0.7693 0.6200
v 4.5541 0.7693 0.6200
v 4.5541 -0.0398 1.2410
v 4.6789 -0.0398 1.2410
v 4.6789 0.7693 1.2410
v 4.5541 0.7693 1.2410
v 4.5541 -0.0398 -1.2410
v 4.6789 -0.0398 -1.2410
v 4.6789 0.7693 -1.2410
v 4.5541 0.7693 -1.2410
v 4.5541 -0.0398 -0.6200
v 4.6789 -0.0398 -0.6200
v 4.6789 0.7693 -0.6200
v 4.5541 0.7693 -0.6200
v 4.6789 -0.0398 0.6200
v 4.8037 -0.0398 0.6200
v 4.8037 0.7693 0.6200
v 4.6789 0.7693 0.6200
v 4.6789 -0.0398 1.2210
v 4.8037 -0.0398 1.2210
v 4.8037 0.7693 1.2210
v 4.6789 0.7693 1.2210
v 4.6789 -0.0398 -1.2210
v 4.8037 -0.0398 -1.2210
v 4.8037 0.7693 -1.2210
v 4.6789 0.7693 -1.2210
v 4.6789 -0.0398 -0.6200
v 4.8037 -0.0398 -0.6200
v 4.8037 0.7693 -0.6200
v 4.6789 0.7693 -0.6200
v 4.8037 -0.0398 0.6200
v 4.9284 -0.0398 0.6200
v 4.9284 0.7693 0.6200
v 4.8037 0.7693 0.6200
v 4.8037 -0.0398 1.2000
v 4.9284 -0.0398 1.2000
v 4.9284 0.7693 1.2000
v 4.8037 0.7693 1.2000
v 4.8037 -0.0398 -1.2000
v 4.9284 -0.0398 -1.2000
v 4.9284 0.7693 -1.2000
v 4.8037 0.7693 -1.2000
v 4.8037 -0.0398 -0.6200
v 4.9284 -0.0398 -0.6200
v 4.9284 0.7693 -0.6200
v 4.8037 0.7693 -0.6200
v 4.9284 -0.0398 0.6200
v 5.0532 -0.0398 0.6200
v 5.0532 0.7693 0.6200
v 4.9284 0.7693 0.6200
v 4.9284 -0.0398 1.1790
v 5.0532 -0.0398 1.1790
v 5.0532 0.7693 1.1790
v 4.9284 0.7693 1.1790
v 4.9284 -0.0398 -1.1790
v 5.0532 -0.0398 -1.1790
v 5.0532 0.7693 -1.1790
v 4.9284 0.7693 -1.1790
v 4.9284 -0.0398 -0.6200
v 5.0532 -0.0398 -0.6200
v 5.0532 0.7693 -0.6200
v 4.9284 0.7693 -0.6200
v 5.0532 -0.0398 0.6200
v 5.1780 -0.0398 0.6200
v 5.1780 0.7693 0.6200
v 5.0532 0.7693 0.6200
v 5.0532 -0.0398 1.1570
v 5.1780 -0.0398 1.1570
v 5.1780 0.7693 1.1570
v 5.0532 0.7693 1.1570
v 5.0532 -0.0398 -1.1570
v 5.1780 -0.0398 -1.1570
v 5.1780 0.7693 -1.1570
v 5.0532 0.7693 -1.1570
v 5.0532 -0.0398 -0.6200
v 5.1780 -0.0398 -0.6200
v 5.1780 0.7693 -0.6200
v 5.0532 0.7693 -0.6200
v 5.1780 -0.0398 0.6200
v 5.3028 -0.0398 0.6200
v 5.3028 0.7693 0.6200
v 5.1780 0.7693 0.6200
v 5.1780 -0.0398 1.1340
v 5.3028 -0.0398 1.1340
v 5.3028 0.7693 1.1340
v 5.1780 0.7693 1.1340
v 5.1780 -0.0398 -1.1340
v 5.3028 -0.0398 -1.1340
v 5.3028 0.7693 -1.1340
v 5.1780 0.7693 -1.1340
v 5.1780 -0.0398 -0.6200
v 5.3028 -0.0398 -0.6200
v 5.3028 0.7693 -0.6200
v 5.1780 0.7693 -0.6200
v 5.3028 -0.0398 0.6200
v 5.4275 -0.0398 0.6200
v 5.4275 0.7693 0.6200
v 5.3028 0.7693 0.6200
v 5.3028 -0.0398 1.1110
v 5.4275 -0.0398 1.1110
v 5.4275 0.7693 1.1110
v 5.3028 0.7693 1.1110
v 5.3028 -0.0398 -1.1110
v 5.4275 -0.0398 -1.1110
v 5.4275 0.7693 -1.1110
v 5.3028 0.7693 -1.1110
v 5.3028 -0.0398 -0.6200
v 5.4275 -0.0398 -0.6200
v 5.4275 0.7693 -0.6200
v 5.3028 0.7693 -0.6200
v 5.4275 -0.0398 0.6200
v 5.5523 -0.0398 0.6200
v 5.5523 0.7693 0.6200
v 5.4275 0.7693 0.6200
v 5.4275 -0.0398 1.0880
v 5.5523 -0.0398 1.0880
v 5.5523 0.7693 1.0880
v 5.4275 0.7693 1.0880
v 5.4275 -0.0398 -1.0880
v 5.5523 -0.0398 -1.0880
v 5.5523 0.7693 -1.0880
v 5.4275 0.7693 -1.0880
v 5.4275 -0.0398 -0.6200
v 5.5523 -0.0398 -0.6200
v 5.5523 0.7693 -0.6200
v 5.4275 0.7693 -0.6200
v 5.5523 -0.0398 0.6200
v 5.6771 -0.0398 0.6200
v 5.6771 0.7693 0.6200
v 5.5523 0.7693 0.6200
v 5.5523 -0.0398 1.0640
v 5.6771 -0.0398 1.0640
v 5.6771 0.7693 1.0640
v 5.5523 0.7693 1.0640
v 5.5523 -0.0398 -1.0640
v 5.6771 -0.0398 -1.0640
v 5.6771 0.7693 -1.0640
v 5.5523 0.7693 -1.0640
v 5.5523 -0.0398 -0.6200
v 5.6771 -0.0398 -0.6200
v 5.6771 0.7693 -0.6200
v 5.5523 0.7693 -0.6200
v 5.6771 -0.0398 0.6200
v 5.8018 -0.0398 0.6200
v 5.8018 0.7693 0.6200
v 5.6771 0.7693 0.6200
v 5.6771 -0.0398 1.0390
v 5.8018 -0.0398 1.0390
v 5.8018 0.7693 1.0390
v 5.6771 0.7693 1.0390
v 5.6771 -0.0398 -1.0390
v 5.8018 -0.0398 -1.0390
v 5.8018 0.7693 -1.0390
v 5.6771 0.7693 -1.0390
v 5.6771 -0.0398 -0.6200
v 5.8018 -0.0398 -0.6200
v 5.8018 0.7693 -0.6200
v 5.6771 0.7693 -0.6200
v 5.8018 -0.0398 0.6200
v 5.9266 -0.0398 0.6200
v 5.9266 0.7693 0.6200
v 5.8018 0.7693 0.6200
v 5.8018 -0.0398 1.0140
v 5.9266 -0.0398 1.0140
v 5.9266 0.7693 1.0140
v 5.8018 0.7693 1.0140
v 5.8018 -0.0398 -1.0140
v 5.9266 -0.0398 -1.0140
v 5.9266 0.7693 -1.0140
v 5.8018 0.7693 -1.0140
v 5.8018 -0.0398 -0.6200
v 5.9266 -0.0398 -0.6200
v 5.9266 0.7693 -0.6200
v 5.8018 0.7693 -0.6200
v 5.9266 -0.0398 0.6200
v 6.0514 -0.0398 0.6200
v 6.0514 0.7693 0.6200
v 5.9266 0.7693 0.6200
v 5.9266 -0.0398 0.9890
v 6.0514 -0.0398 0.9890
v 6.0514 0.7693 0.9890
v 5.9266 0.7693 0.9890
v 5.9266 -0.0398 -0.9890
v 6.0514 -0.0398 -0.9890
v 6.0514 0.7693 -0.9890
v 5.9266 0.7693 -0.9890
v 5.9266 -0.0398 -0.6200
v 6.0514 -0.0398 -0.6200
v 6.0514 0.7693 -0.6200
v 5.9266 0.7693 -0.6200
v 6.0514 -0.0398 0.6200
v 6.1761 -0.0398 0.6200
v 6.1761 0.7693 0.6200
v 6.0514 0.7693 0.6200
v 6.0514 -0.0398 0.9630
v 6.1761 -0.0398 0.9630
v 6.1761 0.7693 0.9630
v 6.0514 0.7693 0.9630
v 6.0514 -0.0398 -0.9630
v 6.1761 -0.0398 -0.9630
v 6.1761 0.7693 -0.9630
v 6.0514 0.7693 -0.9630
v 6.0514 -0.0398 -0.6200
v 6.1761 -0.0398 -0.6200
v 6.1761 0.7693 -0.6200
v 6.0514 0.7693 -0.6200
v 6.1761 -0.0398 0.6200
v 6.3009 -0.0398 0.6200
v 6.3009 0.7693 0.6200
v 6.1761 0.7693 0.6200
v 6.1761 -0.0398 0.9360
v 6.3009 -0.0398 0.9360
v 6.3009 0.7693 0.9360
v 6.1761 0.7693 0.9360
v 6.1761 -0.0398 -0.9360
v 6.3009 -0.0398 -0.9360
v 6.3009 0.7693 -0.9360
v 6.1761 0.7693 -0.9360
v 6.1761 -0.0398 -0.6200
v 6.3009 -0.0398 -0.6200
v 6.3009 0.7693 -0.6200
v 6.1761 0.7693 -0.6200
v 6.3009 -0.0398 0.6200
v 6.4257 -0.0398 0.6200
v 6.4257 0.7693 0.6200
v 6.3009 0.7693 0.6200
v 6.3009 -0.0398 0.9090
v 6.4257 -0.0398 0.9090
v 6.4257 0.7693 0.9090
v 6.3009 0.7693 0.9090
v 6.3009 -0.0398 -0.9090
v 6.4257 -0.0398 -0.9090
v 6.4257 0.7693 -0.9090
v 6.3009 0.7693 -0.9090
v 6.3009 -0.0398 -0.6200
v 6.4257 -0.0398 -0.6200
v 6.4257 0.7693 -0.6200
v 6.3009 0.7693 -0.6200
v 6.4257 0.0614 0.6200
v 6.5505 0.0614 0.6200
v 6.5505 0.7693 0.6200
v 6.4257 0.7693 0.6200
v 6.4257 0.0614 0.8820
v 6.5505 0.0614 0.8820
v 6.5505 0.7693 0.8820
v 6.4257 0.7693 0.8820
v 6.4257 0.0614 -0.8820
v 6.5505 0.0614 -0.8820
v 6.5505 0.7693 -0.8820
v 6.4257 0.7693 -0.8820
v 6.4257 0.0614 -0.6200
v 6.5505 0.0614 -0.6200
v 6.5505 0.7693 -0.6200
v 6.4257 0.7693 -0.6200
v 6.5505 0.1625 0.6200
v 6.6752 0.1625 0.6200
v 6.6752 0.6682 0.6200
v 6.5505 0.6682 0.6200
v 6.5505 0.1625 0.8540
v 6.6752 0.1625 0.8540
v 6.6752 0.6682 0.8540
v 6.5505 0.6682 0.8540
v 6.5505 0.1625 -0.8540
v 6.6752 0.1625 -0.8540
v 6.6752 0.6682 -0.8540
v 6.5505 0.6682 -0.8540
v 6.5505 0.1625 -0.6200
v 6.6752 0.1625 -0.6200
v 6.6752 0.6682 -0.6200
v 6.5505 0.6682 -0.6200
v 6.6752 0.1625 0.6200
v 6.8000 0.1625 0.6200
v 6.8000 0.5670 0.6200
v 6.6752 0.5670 0.6200
v 6.6752 0.1625 0.8260
v 6.8000 0.1625 0.8260
v 6.8000 0.5670 0.8260
v 6.6752 0.5670 0.8260
v 6.6752 0.1625 -0.8260
v 6.8000 0.1625 -0.8260
v 6.8000 0.5670 -0.8260
v 6.6752 0.5670 -0.8260
v 6.6752 0.1625 -0.6200
v 6.8000 0.1625 -0.6200
v 6.8000 0.5670 -0.6200
v 6.6752 0.5670 -0.6200
v 6.6752 0.5670 0.6200
v 6.8000 0.5670 0.6200
v 6.8000 0.6682 0.6200
v 6.6752 0.6682 0.6200
v 6.6752 0.5670 0.8140
v 6.8000 0.5670 0.8140
v 6.8000 0.6682 0.8140
v 6.6752 0.6682 0.8140
v 6.6752 0.5670 -0.8140
v 6.8000 0.5670 -0.8140
v 6.8000 0.6682 -0.8140
v 6.6752 0.6682 -0.8140
v 6.6752 0.5670 -0.6200
v 6.8000 0.5670 -0.6200
v 6.8000 0.6682 -0.6200
v 6.6752 0.6682 -0.6200
v 6.5505 0.6682 0.6200
v 6.6752 0.6682 0.6200
v 6.6752 0.7693 0.6200
v 6.5505 0.7693 0.6200
v 6.5505 0.6682 0.8470
v 6.6752 0.6682 0.8470
v 6.6752 0.7693 0.8470
v 6.5505 0.7693 0.8470
v 6.5505 0.6682 -0.8470
v 6.6752 0.6682 -0.8470
v 6.6752 0.7693 -0.8470
v 6.5505 0.7693 -0.8470
v 6.5505 0.6682 -0.6200
v 6.6752 0.6682 -0.6200
v 6.6752 0.7693 -0.6200
v 6.5505 0.7693 -0.6200
v 6.6752 0.6682 0.6200
v 6.8000 0.6682 0.6200
v 6.8000 0.7693 0.6200
v 6.6752 0.7693 0.6200
v 6.6752 0.6682 0.7770
v 6.8000 0.6682 0.7770
v 6.8000 0.7693 0.7770
v 6.6752 0.7693 0.7770
v 6.6752 0.6682 -0.7770
v 6.8000 0.6682 -0.7770
v 6.8000 0.7693 -0.7770
v 6.6752 0.7693 -0.7770
v 6.6752 0.6682 -0.6200
v 6.8000 0.6682 -0.6200
v 6.8000 0.7693 -0.6200
v 6.6752 0.7693 -0.6200
v -6.8000 0.7693 -1.3100
v -6.5505 0.7693 -1.3100
v -6.5505 0.8705 -1.3100
v -6.8000 0.8705 -1.3100
v -6.8000 0.7693 1.3100
v -6.5505 0.7693 1.3100
v -6.5505 0.8705 1.3100
v -6.8000 0.8705 1.3100
v -6.5505 0.7693 -1.3700
v -6.4257 0.7693 -1.3700
v -6.4257 0.8705 -1.3700
v -6.5505 0.8705 -1.3700
v -6.5505 0.7693 1.3700
v -6.4257 0.7693 1.3700
v -6.4257 0.8705 1.3700
v -6.5505 0.8705 1.3700
v -6.4257 0.7693 -1.3650
v -6.3009 0.7693 -1.3650
v -6.3009 0.8705 -1.3650
v -6.4257 0.8705 -1.3650
v -6.4257 0.7693 1.3650
v -6.3009 0.7693 1.3650
v -6.3009 0.8705 1.3650
v -6.4257 0.8705 1.3650
v -6.3009 0.7693 -1.4000
v -4.4294 0.7693 -1.4000
v -4.4294 0.8705 -1.4000
v -6.3009 0.8705 -1.4000
v -6.3009 0.7693 1.4000
v -4.4294 0.7693 1.4000
v -4.4294 0.8705 1.4000
v -6.3009 0.8705 1.4000
v -4.4294 0.7693 -1.4000
v -4.3046 0.7693 -1.4000
v -4.3046 0.8705 -1.4000
v -4.4294 0.8705 -1.4000
v -4.4294 0.7693 1.4000
v -4.3046 0.7693 1.4000
v -4.3046 0.8705 1.4000
v -4.4294 0.8705 1.4000
v -4.3046 0.7693 -1.4000
v -3.6807 0.7693 -1.4000
v -3.6807 0.8705 -1.4000
v -4.3046 0.8705 -1.4000
v -4.3046 0.7693 1.4000
v -3.6807 0.7693 1.4000
v -3.6807 0.8705 1.4000
v -4.3046 0.8705 1.4000
v -3.6807 0.7693 -1.4000
v -3.5560 0.7693 -1.4000
v -3.5560 0.8705 -1.4000
v -3.6807 0.8705 -1.4000
v -3.6807 0.7693 1.4000
v -3.5560 0.7693 1.4000
v -3.5560 0.8705 1.4000
v -3.6807 0.8705 1.4000
v -3.5560 0.7693 -1.4000
v -2.9321 0.7693 -1.4000
v -2.9321 0.8705 -1.4000
v -3.5560 0.8705 -1.4000
v -3.5560 0.7693 1.4000
v -2.9321 0.7693 1.4000
v -2.9321 0.8705 1.4000
v -3.5560 0.8705 1.4000
v -2.9321 0.7693 -1.4000
v -2.8073 0.7693 -1.4000
v -2.8073 0.8705 -1.4000
v -2.9321 0.8705 -1.4000
v -2.9321 0.7693 1.4000
v -2.8073 0.7693 1.4000
v -2.8073 0.8705 1.4000
v -2.9321 0.8705 1.4000
v -2.8073 0.7693 -1.4000
v -0.1872 0.7693 -1.4000
v -0.1872 0.8705 -1.4000
v -2.8073 0.8705 -1.4000
v -2.8073 0.7693 1.4000
v -0.1872 0.7693 1.4000
v -0.1872 0.8705 1.4000
v -2.8073 0.8705 1.4000
v -0.1872 0.7693 -1.4000
v 0.5615 0.7693 -1.4000
v 0.5615 0.8705 -1.4000
v -0.1872 0.8705 -1.4000
v -0.1872 0.7693 1.4000
v 0.5615 0.7693 1.4000
v 0.5615 0.8705 1.4000
v -0.1872 0.8705 1.4000
v 0.5615 0.7693 -1.4000
v 0.6862 0.7693 -1.4000
v 0.6862 0.8705 -1.4000
v 0.5615 0.8705 -1.4000
v 0.5615 0.7693 1.4000
v 0.6862 0.7693 1.4000
v 0.6862 0.8705 1.4000
v 0.5615 0.8705 1.4000
v 0.6862 0.7693 -1.4000
v 1.3101 0.7693 -1.4000
v 1.3101 0.8705 -1.4000
v 0.6862 0.8705 -1.4000
v 0.6862 0.7693 1.4000
v 1.3101 0.7693 1.4000
v 1.3101 0.8705 1.4000
v 0.6862 0.8705 1.4000
v 1.3101 0.7693 -1.4000
v 1.4349 0.7693 -1.4000
v 1.4349 0.8705 -1.4000
v 1.3101 0.8705 -1.4000
v 1.3101 0.7693 1.4000
v 1.4349 0.7693 1.4000
v 1.4349 0.8705 1.4000
v 1.3101 0.8705 1.4000
v 1.4349 0.7693 -1.4000
v 3.1817 0.7693 -1.4000
v 3.1817 0.8705 -1.4000
v 1.4349 0.8705 -1.4000
v 1.4349 0.7693 1.4000
v 3.1817 0.7693 1.4000
v 3.1817 0.8705 1.4000
v 1.4349 0.8705 1.4000
v 3.1817 0.7693 -1.3990
v 3.3064 0.7693 -1.3990
v 3.3064 0.8705 -1.3990
v 3.1817 0.8705 -1.3990
v 3.1817 0.7693 1.3990
v 3.3064 0.7693 1.3990
v 3.3064 0.8705 1.3990
v 3.1817 0.8705 1.3990
v 3.3064 0.7693 -1.3920
v 3.4312 0.7693 -1.3920
v 3.4312 0.8705 -1.3920
v 3.3064 0.8705 -1.3920
v 3.3064 0.7693 1.3920
v 3.4312 0.7693 1.3920
v 3.4312 0.8705 1.3920
v 3.3064 0.8705 1.3920
v 3.4312 0.7693 -1.3820
v 3.5560 0.7693 -1.3820
v 3.5560 0.8705 -1.3820
v 3.4312 0.8705 -1.3820
v 3.4312 0.7693 1.3820
v 3.5560 0.7693 1.3820
v 3.5560 0.8705 1.3820
v 3.4312 0.8705 1.3820
v 3.5560 0.7693 -1.3710
v 3.6807 0.7693 -1.3710
v 3.6807 0.8705 -1.3710
v 3.5560 0.8705 -1.3710
v 3.5560 0.7693 1.3710
v 3.6807 0.7693 1.3710
v 3.6807 0.8705 1.3710
v 3.5560 0.8705 1.3710
v 3.6807 0.7693 -1.3580
v 3.8055 0.7693 -1.3580
v 3.8055 0.8705 -1.3580
v 3.6807 0.8705 -1.3580
v 3.6807 0.7693 1.3580
v 3.8055 0.7693 1.3580
v 3.8055 0.8705 1.3580
v 3.6807 0.8705 1.3580
v 3.8055 0.7693 -1.3440
v 3.9303 0.7693 -1.3440
v 3.9303 0.8705 -1.3440
v 3.8055 0.8705 -1.3440
v 3.8055 0.7693 1.3440
v 3.9303 0.7693 1.3440
v 3.9303 0.8705 1.3440
v 3.8055 0.8705 1.3440
v 3.9303 0.7693 -1.3290
v 4.0550 0.7693 -1.3290
v 4.0550 0.8705 -1.3290
v 3.9303 0.8705 -1.3290
v 3.9303 0.7693 1.3290
v 4.0550 0.7693 1.3290
v 4.0550 0.8705 1.3290
v 3.9303 0.8705 1.3290
v 4.0550 0.7693 -1.3130
v 4.1798 0.7693 -1.3130
v 4.1798 0.8705 -1.3130
v 4.0550 0.8705 -1.3130
v 4.0550 0.7693 1.3130
v 4.1798 0.7693 1.3130
v 4.1798 0.8705 1.3130
v 4.0550 0.8705 1.3130
v 4.1798 0.7693 -1.2960
v 4.3046 0.7693 -1.2960
v 4.3046 0.8705 -1.2960
v 4.1798 0.8705 -1.2960
v 4.1798 0.7693 1.2960
v 4.3046 0.7693 1.2960
v 4.3046 0.8705 1.2960
v 4.1798 0.8705 1.2960
v 4.3046 0.7693 -1.2790
v 4.4294 0.7693 -1.2790
v 4.4294 0.8705 -1.2790
v 4.3046 0.8705 -1.2790
v 4.3046 0.7693 1.2790
v 4.4294 0.7693 1.2790
v 4.4294 0.8705 1.2790
v 4.3046 0.8705 1.2790
v 4.4294 0.7693 -1.2600
v 4.5541 0.7693 -1.2600
v 4.5541 0.8705 -1.2600
v 4.4294 0.8705 -1.2600
v 4.4294 0.7693 1.2600
v 4.5541 0.7693 1.2600
v 4.5541 0.8705 1.2600
v 4.4294 0.8705 1.2600
v 4.5541 0.7693 -1.2410
v 4.6789 0.7693 -1.2410
v 4.6789 0.8705 -1.2410
v 4.5541 0.8705 -1.2410
v 4.5541 0.7693 1.2410
v 4.6789 0.7693 1.2410
v 4.6789 0.8705 1.2410
v 4.5541 0.8705 1.2410
v 4.6789 0.7693 -1.2210
v 4.8037 0.7693 -1.2210
v 4.8037 0.8705 -1.2210
v 4.6789 0.8705 -1.2210
v 4.6789 0.7693 1.2210
v 4.8037 0.7693 1.2210
v 4.8037 0.8705 1.2210
v 4.6789 0.8705 1.2210
v 4.8037 0.7693 -1.2000
v 4.9284 0.7693 -1.2000
v 4.9284 0.8705 -1.2000
v 4.8037 0.8705 -1.2000
v 4.8037 0.7693 1.2000
v 4.9284 0.7693 1.2000
v 4.9284 0.8705 1.2000
v 4.8037 0.8705 1.2000
v 4.9284 0.7693 -1.1790
v 5.0532 0.7693 -1.1790
v 5.0532 0.8705 -1.1790
v 4.9284 0.8705 -1.1790
v 4.9284 0.7693 1.1790
v 5.0532 0.7693 1.1790
v 5.0532 0.8705 1.1790
v 4.9284 0.8705 1.1790
v 5.0532 0.7693 -1.1570
v 5.1780 0.7693 -1.1570
v 5.1780 0.8705 -1.1570
v 5.0532 0.8705 -1.1570
v 5.0532 0.7693 1.1570
v 5.1780 0.7693 1.1570
v 5.1780 0.8705 1.1570
v 5.0532 0.8705 1.1570
v 5.1780 0.7693 -1.1340
v 5.3028 0.7693 -1.1340
v 5.3028 0.8705 -1.1340
v 5.1780 0.8705 -1.1340
v 5.1780 0.7693 1.1340
v 5.3028 0.7693 1.1340
v 5.3028 0.8705 1.1340
v 5.1780 0.8705 1.1340
v 5.3028 0.7693 -1.1110
v 5.4275 0.7693 -1.1110
v 5.4275 0.8705 -1.1110
v 5.3028 0.8705 -1.1110
v 5.3028 0.7693 1.1110
v 5.4275 0.7693 1.1110
v 5.4275 0.8705 1.1110
v 5.3028 0.8705 1.1110
v 5.4275 0.7693 -1.0880
v 5.5523 0.7693 -1.0880
v 5.5523 0.8705 -1.0880
v 5.4275 0.8705 -1.0880
v 5.4275 0.7693 1.0880
v 5.5523 0.7693 1.0880
v 5.5523 0.8705 1.0880
v 5.4275 0.8705 1.0880
v 5.5523 0.7693 -1.0640
v 5.6771 0.7693 -1.0640
v 5.6771 0.8705 -1.0640
v 5.5523 0.8705 -1.0640
v 5.5523 0.7693 1.0640
v 5.6771 0.7693 1.0640
v 5.6771 0.8705 1.0640
v 5.5523 0.8705 1.0640
v 5.6771 0.7693 -1.0390
v 5.8018 0.7693 -1.0390
v 5.8018 0.8705 -1.0390
v 5.6771 0.8705 -1.0390
v 5.6771 0.7693 1.0390
v 5.8018 0.7693 1.0390
v 5.8018 0.8705 1.0390
v 5.6771 0.8705 1.0390
v 5.8018 0.7693 -1.0140
v 5.9266 0.7693 -1.0140
v 5.9266 0.8705 -1.0140
v 5.8018 0.8705 -1.0140
v 5.8018 0.7693 1.0140
v 5.9266 0.7693 1.0140
v 5.9266 0.8705 1.0140
v 5.8018 0.8705 1.0140
v 5.9266 0.7693 -0.9890
v 6.0514 0.7693 -0.9890
v 6.0514 0.8705 -0.9890
v 5.9266 0.8705 -0.9890
v 5.9266 0.7693 0.9890
v 6.0514 0.7693 0.9890
v 6.0514 0.8705 0.9890
v 5.9266 0.8705 0.9890
v 6.0514 0.7693 -0.9630
v 6.1761 0.7693 -0.9630
v 6.1761 0.8705 -0.9630
v 6.0514 0.8705 -0.9630
v 6.0514 0.7693 0.9630
v 6.1761 0.7693 0.9630
v 6.1761 0.8705 0.9630
v 6.0514 0.8705 0.9630
v 6.1761 0.7693 -0.9360
v 6.3009 0.7693 -0.9360
v 6.3009 0.8705 -0.9360
v 6.1761 0.8705 -0.9360
v 6.1761 0.7693 0.9360
v 6.3009 0.7693 0.9360
v 6.3009 0.8705 0.9360
v 6.1761 0.8705 0.9360
v 6.3009 0.7693 -0.9090
v 6.4257 0.7693 -0.9090
v 6.4257 0.8705 -0.9090
v 6.3009 0.8705 -0.9090
v 6.3009 0.7693 0.9090
v 6.4257 0.7693 0.9090
v 6.4257 0.8705 0.9090
v 6.3009 0.8705 0.9090
v 6.4257 0.7693 -0.8790
v 6.5505 0.7693 -0.8790
v 6.5505 0.8705 -0.8790
v 6.4257 0.8705 -0.8790
v 6.4257 0.7693 0.8790
v 6.5505 0.7693 0.8790
v 6.5505 0.8705 0.8790
v 6.4257 0.8705 0.8790
v 6.5505 0.7693 -0.8160
v 6.6752 0.7693 -0.8160
v 6.6752 0.8705 -0.8160
v 6.5505 0.8705 -0.8160
v 6.5505 0.7693 0.8160
v 6.6752 0.7693 0.8160
v 6.6752 0.8705 0.8160
v 6.5505 0.8705 0.8160
v 6.6752 0.7693 -0.7110
v 6.8000 0.7693 -0.7110
v 6.8000 0.8705 -0.7110
v 6.6752 0.8705 -0.7110
v 6.6752 0.7693 0.7110
v 6.8000 0.7693 0.7110
v 6.8000 0.8705 0.7110
v 6.6752 0.8705 0.7110
v -6.8000 0.8705 1.2400
v -6.5505 0.8705 1.2400
v -6.5505 3.0955 1.2400
v -6.8000 3.0955 1.2400
v -6.8000 0.8705 1.3100
v -6.5505 0.8705 1.3100
v -6.5505 3.0955 1.3100
v -6.8000 3.0955 1.3100
v -6.8000 0.8705 -1.3100
v -6.5505 0.8705 -1.3100
v -6.5505 3.0955 -1.3100
v -6.8000 3.0955 -1.3100
v -6.8000 0.8705 -1.2400
v -6.5505 0.8705 -1.2400
v -6.5505 3.0955 -1.2400
v -6.8000 3.0955 -1.2400
v -6.5505 0.8705 1.3000
v -6.4257 0.8705 1.3000
v -6.4257 3.0955 1.3000
v -6.5505 3.0955 1.3000
v -6.5505 0.8705 1.3700
v -6.4257 0.8705 1.3700
v -6.4257 3.0955 1.3700
v -6.5505 3.0955 1.3700
v -6.5505 0.8705 -1.3700
v -6.4257 0.8705 -1.3700
v -6.4257 3.0955 -1.3700
v -6.5505 3.0955 -1.3700
v -6.5505 0.8705 -1.3000
v -6.4257 0.8705 -1.3000
v -6.4257 3.0955 -1.3000
v -6.5505 3.0955 -1.3000
v -6.4257 0.8705 1.2950
v -6.3009 0.8705 1.2950
v -6.3009 0.9716 1.2950
v -6.4257 0.9716 1.2950
v -6.4257 0.8705 1.3650
v -6.3009 0.8705 1.3650
v -6.3009 0.9716 1.3650
v -6.4257 0.9716 1.3650
v -6.4257 1.2750 1.2950
v -6.3009 1.2750 1.2950
v -6.3009 1.4773 1.2950
v -6.4257 1.4773 1.2950
v -6.4257 1.2750 1.3650
v -6.3009 1.2750 1.3650
v -6.3009 1.4773 1.3650
v -6.4257 1.4773 1.3650
v -6.4257 2.8932 1.2950
v -6.3009 2.8932 1.2950
v -6.3009 3.0955 1.2950
v -6.4257 3.0955 1.2950
v -6.4257 2.8932 1.3650
v -6.3009 2.8932 1.3650
v -6.3009 3.0955 1.3650
v -6.4257 3.0955 1.3650
v -6.4257 0.8705 -1.3650
v -6.3009 0.8705 -1.3650
v -6.3009 0.9716 -1.3650
v -6.4257 0.9716 -1.3650
v -6.4257 0.8705 -1.2950
v -6.3009 0.8705 -1.2950
v -6.3009 0.9716 -1.2950
v -6.4257 0.9716 -1.2950
v -6.4257 1.2750 -1.3650
v -6.3009 1.2750 -1.3650
v -6.3009 1.4773 -1.3650
v -6.4257 1.4773 -1.3650
v -6.4257 1.2750 -1.2950
v -6.3009 1.2750 -1.2950
v -6.3009 1.4773 -1.2950
v -6.4257 1.4773 -1.2950
v -6.4257 2.8932 -1.3650
v -6.3009 2.8932 -1.3650
v -6.3009 3.0955 -1.3650
v -6.4257 3.0955 -1.3650
v -6.4257 2.8932 -1.2950
v -6.3009 2.8932 -1.2950
v -6.3009 3.0955 -1.2950
v -6.4257 3.0955 -1.2950
v -6.3009 0.8705 1.3300
v -4.4294 0.8705 1.3300
v -4.4294 0.9716 1.3300
v -6.3009 0.9716 1.3300
v -6.3009 0.8705 1.4000
v -4.4294 0.8705 1.4000
v -4.4294 0.9716 1.4000
v -6.3009 0.9716 1.4000
v -6.3009 1.2750 1.3300
v -4.4294 1.2750 1.3300
v -4.4294 1.4773 1.3300
v -6.3009 1.4773 1.3300
v -6.3009 1.2750 1.4000
v -4.4294 1.2750 1.4000
v -4.4294 1.4773 1.4000
v -6.3009 1.4773 1.4000
v -6.3009 2.8932 1.3300
v -4.4294 2.8932 1.3300
v -4.4294 2.9943 1.3300
v -6.3009 2.9943 1.3300
v -6.3009 2.8932 1.4000
v -4.4294 2.8932 1.4000
v -4.4294 2.9943 1.4000
v -6.3009 2.9943 1.4000
v -6.3009 0.8705 -1.4000
v -4.4294 0.8705 -1.4000
v -4.4294 0.9716 -1.4000
v -6.3009 0.9716 -1.4000
v -6.3009 0.8705 -1.3300
v -4.4294 0.8705 -1.3300
v -4.4294 0.9716 -1.3300
v -6.3009 0.9716 -1.3300
v -6.3009 1.2750 -1.4000
v -4.4294 1.2750 -1.4000
v -4.4294 1.4773 -1.4000
v -6.3009 1.4773 -1.4000
v -6.3009 1.2750 -1.3300
v -4.4294 1.2750 -1.3300
v -4.4294 1.4773 -1.3300
v -6.3009 1.4773 -1.3300
v -6.3009 2.8932 -1.4000
v -4.4294 2.8932 -1.4000
v -4.4294 2.9943 -1.4000
v -6.3009 2.9943 -1.4000
v -6.3009 2.8932 -1.3300
v -4.4294 2.8932 -1.3300
v -4.4294 2.9943 -1.3300
v -6.3009 2.9943 -1.3300
v -2.8073 0.8705 1.3300
v -0.1872 0.8705 1.3300
v -0.1872 0.9716 1.3300
v -2.8073 0.9716 1.3300
v -2.8073 0.8705 1.4000
v -0.1872 0.8705 1.4000
v -0.1872 0.9716 1.4000
v -2.8073 0.9716 1.4000
v -2.8073 1.2750 1.3300
v -0.1872 1.2750 1.3300
v -0.1872 1.4773 1.3300
v -2.8073 1.4773 1.3300
v -2.8073 1.2750 1.4000
v -0.1872 1.2750 1.4000
v -0.1872 1.4773 1.4000
v -2.8073 1.4773 1.4000
v -2.8073 2.8932 1.3300
v -0.1872 2.8932 1.3300
v -0.1872 2.9943 1.3300
v -2.8073 2.9943 1.3300
v -2.8073 2.8932 1.4000
v -0.1872 2.8932 1.4000
v -0.1872 2.9943 1.4000
v -2.8073 2.9943 1.4000
v -2.8073 0.8705 -1.4000
v -0.1872 0.8705 -1.4000
v -0.1872 0.9716 -1.4000
v -2.8073 0.9716 -1.4000
v -2.8073 0.8705 -1.3300
v -0.1872 0.8705 -1.3300
v -0.1872 0.9716 -1.3300
v -2.8073 0.9716 -1.3300
v -2.8073 1.2750 -1.4000
v -0.1872 1.2750 -1.4000
v -0.1872 1.4773 -1.4000
v -2.8073 1.4773 -1.4000
v -2.8073 1.2750 -1.3300
v -0.1872 1.2750 -1.3300
v -0.1872 1.4773 -1.3300
v -2.8073 1.4773 -1.3300
v -2.8073 2.8932 -1.4000
v -0.1872 2.8932 -1.4000
v -0.1872 2.9943 -1.4000
v -2.8073 2.9943 -1.4000
v -2.8073 2.8932 -1.3300
v -0.1872 2.8932 -1.3300
v -0.1872 2.9943 -1.3300
v -2.8073 2.9943 -1.3300
v 1.4349 0.8705 1.3300
v 3.1817 0.8705 1.3300
v 3.1817 0.9716 1.3300
v 1.4349 0.9716 1.3300
v 1.4349 0.8705 1.4000
v 3.1817 0.8705 1.4000
v 3.1817 0.9716 1.4000
v 1.4349 0.9716 1.4000
v 1.4349 1.2750 1.3300
v 3.1817 1.2750 1.3300
v 3.1817 1.4773 1.3300
v 1.4349 1.4773 1.3300
v 1.4349 1.2750 1.4000
v 3.1817 1.2750 1.4000
v 3.1817 1.4773 1.4000
v 1.4349 1.4773 1.4000
v 1.4349 2.8932 1.3300
v 3.1817 2.8932 1.3300
v 3.1817 2.9943 1.3300
v 1.4349 2.9943 1.3300
v 1.4349 2.8932 1.4000
v 3.1817 2.8932 1.4000
v 3.1817 2.9943 1.4000
v 1.4349 2.9943 1.4000
v 1.4349 0.8705 -1.4000
v 3.1817 0.8705 -1.4000
v 3.1817 0.9716 -1.4000
v 1.4349 0.9716 -1.4000
v 1.4349 0.8705 -1.3300
v 3.1817 0.8705 -1.3300
v 3.1817 0.9716 -1.3300
v 1.4349 0.9716 -1.3300
v 1.4349 1.2750 -1.4000
v 3.1817 1.2750 -1.4000
v 3.1817 1.4773 -1.4000
v 1.4349 1.4773 -1.4000
v 1.4349 1.2750 -1.3300
v 3.1817 1.2750 -1.3300
v 3.1817 1.4773 -1.3300
v 1.4349 1.4773 -1.3300
v 1.4349 2.8932 -1.4000
v 3.1817 2.8932 -1.4000
v 3.1817 2.9943 -1.4000
v 1.4349 2.9943 -1.4000
v 1.4349 2.8932 -1.3300
v 3.1817 2.8932 -1.3300
v 3.1817 2.9943 -1.3300
v 1.4349 2.9943 -1.3300
v 3.1817 0.8705 1.3290
v 3.3064 0.8705 1.3290
v 3.3064 0.9716 1.3290
v 3.1817 0.9716 1.3290
v 3.1817 0.8705 1.3990
v 3.3064 0.8705 1.3990
v 3.3064 0.9716 1.3990
v 3.1817 0.9716 1.3990
v 3.1817 1.2750 1.3290
v 3.3064 1.2750 1.3290
v 3.3064 2.9943 1.3290
v 3.1817 2.9943 1.3290
v 3.1817 1.2750 1.3990
v 3.3064 1.2750 1.3990
v 3.3064 2.9943 1.3990
v 3.1817 2.9943 1.3990
v 3.1817 0.8705 -1.3990
v 3.3064 0.8705 -1.3990
v 3.3064 0.9716 -1.3990
v 3.1817 0.9716 -1.3990
v 3.1817 0.8705 -1.3290
v 3.3064 0.8705 -1.3290
v 3.3064 0.9716 -1.3290
v 3.1817 0.9716 -1.3290
v 3.1817 1.2750 -1.3990
v 3.3064 1.2750 -1.3990
v 3.3064 2.9943 -1.3990
v 3.1817 2.9943 -1.3990
v 3.1817 1.2750 -1.3290
v 3.3064 1.2750 -1.3290
v 3.3064 2.9943 -1.3290
v 3.1817 2.9943 -1.3290
v 3.3064 0.8705 1.3220
v 3.4312 0.8705 1.3220
v 3.4312 0.9716 1.3220
v 3.3064 0.9716 1.3220
v 3.3064 0.8705 1.3920
v 3.4312 0.8705 1.3920
v 3.4312 0.9716 1.3920
v 3.3064 0.9716 1.3920
v 3.3064 0.8705 -1.3920
v 3.4312 0.8705 -1.3920
v 3.4312 0.9716 -1.3920
v 3.3064 0.9716 -1.3920
v 3.3064 0.8705 -1.3220
v 3.4312 0.8705 -1.3220
v 3.4312 0.9716 -1.3220
v 3.3064 0.9716 -1.3220
v 3.4312 0.8705 1.3120
v 3.5560 0.8705 1.3120
v 3.5560 0.9716 1.3120
v 3.4312 0.9716 1.3120
v 3.4312 0.8705 1.3820
v 3.5560 0.8705 1.3820
v 3.5560 0.9716 1.3820
v 3.4312 0.9716 1.3820
v 3.4312 0.8705 -1.3820
v 3.5560 0.8705 -1.3820
v 3.5560 0.9716 -1.3820
v 3.4312 0.9716 -1.3820
v 3.4312 0.8705 -1.3120
v 3.5560 0.8705 -1.3120
v 3.5560 0.9716 -1.3120
v 3.4312 0.9716 -1.3120
v 3.5560 0.8705 1.3010
v 3.6807 0.8705 1.3010
v 3.6807 0.9716 1.3010
v 3.5560 0.9716 1.3010
v 3.5560 0.8705 1.3710
v 3.6807 0.8705 1.3710
v 3.6807 0.9716 1.3710
v 3.5560 0.9716 1.3710
v 3.5560 0.8705 -1.3710
v 3.6807 0.8705 -1.3710
v 3.6807 0.9716 -1.3710
v 3.5560 0.9716 -1.3710
v 3.5560 0.8705 -1.3010
v 3.6807 0.8705 -1.3010
v 3.6807 0.9716 -1.3010
v 3.5560 0.9716 -1.3010
v 3.6807 0.8705 1.2880
v 3.8055 0.8705 1.2880
v 3.8055 0.9716 1.2880
v 3.6807 0.9716 1.2880
v 3.6807 0.8705 1.3580
v 3.8055 0.8705 1.3580
v 3.8055 0.9716 1.3580
v 3.6807 0.9716 1.3580
v 3.6807 0.8705 -1.3580
v 3.8055 0.8705 -1.3580
v 3.8055 0.9716 -1.3580
v 3.6807 0.9716 -1.3580
v 3.6807 0.8705 -1.2880
v 3.8055 0.8705 -1.2880
v 3.8055 0.9716 -1.2880
v 3.6807 0.9716 -1.2880
v 3.8055 0.8705 1.2740
v 3.9303 0.8705 1.2740
v 3.9303 0.9716 1.2740
v 3.8055 0.9716 1.2740
v 3.8055 0.8705 1.3440
v 3.9303 0.8705 1.3440
v 3.9303 0.9716 1.3440
v 3.8055 0.9716 1.3440
v 3.8055 0.8705 -1.3440
v 3.9303 0.8705 -1.3440
v 3.9303 0.9716 -1.3440
v 3.8055 0.9716 -1.3440
v 3.8055 0.8705 -1.2740
v 3.9303 0.8705 -1.2740
v 3.9303 0.9716 -1.2740
v 3.8055 0.9716 -1.2740
v 3.9303 0.8705 1.2590
v 4.0550 0.8705 1.2590
v 4.0550 0.9716 1.2590
v 3.9303 0.9716 1.2590
v 3.9303 0.8705 1.3290
v 4.0550 0.8705 1.3290
v 4.0550 0.9716 1.3290
v 3.9303 0.9716 1.3290
v 3.9303 0.8705 -1.3290
v 4.0550 0.8705 -1.3290
v 4.0550 0.9716 -1.3290
v 3.9303 0.9716 -1.3290
v 3.9303 0.8705 -1.2590
v 4.0550 0.8705 -1.2590
v 4.0550 0.9716 -1.2590
v 3.9303 0.9716 -1.2590
v 4.0550 0.8705 1.2430
v 4.1798 0.8705 1.2430
v 4.1798 0.9716 1.2430
v 4.0550 0.9716 1.2430
v 4.0550 0.8705 1.3130
v 4.1798 0.8705 1.3130
v 4.1798 0.9716 1.3130
v 4.0550 0.9716 1.3130
v 4.0550 0.8705 -1.3130
v 4.1798 0.8705 -1.3130
v 4.1798 0.9716 -1.3130
v 4.0550 0.9716 -1.3130
v 4.0550 0.8705 -1.2430
v 4.1798 0.8705 -1.2430
v 4.1798 0.9716 -1.2430
v 4.0550 0.9716 -1.2430
v 4.1798 0.8705 1.2260
v 4.3046 0.8705 1.2260
v 4.3046 0.9716 1.2260
v 4.1798 0.9716 1.2260
v 4.1798 0.8705 1.2960
v 4.3046 0.8705 1.2960
v 4.3046 0.9716 1.2960
v 4.1798 0.9716 1.2960
v 4.1798 0.8705 -1.2960
v 4.3046 0.8705 -1.2960
v 4.3046 0.9716 -1.2960
v 4.1798 0.9716 -1.2960
v 4.1798 0.8705 -1.2260
v 4.3046 0.8705 -1.2260
v 4.3046 0.9716 -1.2260
v 4.1798 0.9716 -1.2260
v 4.3046 0.8705 1.2090
v 4.4294 0.8705 1.2090
v 4.4294 0.9716 1.2090
v 4.3046 0.9716 1.2090
v 4.3046 0.8705 1.2790
v 4.4294 0.8705 1.2790
v 4.4294 0.9716 1.2790
v 4.3046 0.9716 1.2790
v 4.3046 0.8705 -1.2790
v 4.4294 0.8705 -1.2790
v 4.4294 0.9716 -1.2790
v 4.3046 0.9716 -1.2790
v 4.3046 0.8705 -1.2090
v 4.4294 0.8705 -1.2090
v 4.4294 0.9716 -1.2090
v 4.3046 0.9716 -1.2090
v 4.4294 0.8705 1.1900
v 4.5541 0.8705 1.1900
v 4.5541 0.9716 1.1900
v 4.4294 0.9716 1.1900
v 4.4294 0.8705 1.2600
v 4.5541 0.8705 1.2600
v 4.5541 0.9716 1.2600
v 4.4294 0.9716 1.2600
v 4.4294 0.8705 -1.2600
v 4.5541 0.8705 -1.2600
v 4.5541 0.9716 -1.2600
v 4.4294 0.9716 -1.2600
v 4.4294 0.8705 -1.1900
v 4.5541 0.8705 -1.1900
v 4.5541 0.9716 -1.1900
v 4.4294 0.9716 -1.1900
v 4.5541 0.8705 1.1710
v 4.6789 0.8705 1.1710
v 4.6789 0.9716 1.1710
v 4.5541 0.9716 1.1710
v 4.5541 0.8705 1.2410
v 4.6789 0.8705 1.2410
v 4.6789 0.9716 1.2410
v 4.5541 0.9716 1.2410
v 4.5541 0.8705 -1.2410
v 4.6789 0.8705 -1.2410
v 4.6789 0.9716 -1.2410
v 4.5541 0.9716 -1.2410
v 4.5541 0.8705 -1.1710
v 4.6789 0.8705 -1.1710
v 4.6789 0.9716 -1.1710
v 4.5541 0.9716 -1.1710
v 4.6789 0.8705 1.1510
v 4.8037 0.8705 1.1510
v 4.8037 0.9716 1.1510
v 4.6789 0.9716 1.1510
v 4.6789 0.8705 1.2210
v 4.8037 0.8705 1.2210
v 4.8037 0.9716 1.2210
v 4.6789 0.9716 1.2210
v 4.6789 0.8705 -1.2210
v 4.8037 0.8705 -1.2210
v 4.8037 0.9716 -1.2210
v 4.6789 0.9716 -1.2210
v 4.6789 0.8705 -1.1510
v 4.8037 0.8705 -1.1510
v 4.8037 0.9716 -1.1510
v 4.6789 0.9716 -1.1510
v 4.8037 0.8705 1.1300
v 4.9284 0.8705 1.1300
v 4.9284 0.9716 1.1300
v 4.8037 0.9716 1.1300
v 4.8037 0.8705 1.2000
v 4.9284 0.8705 1.2000
v 4.9284 0.9716 1.2000
v 4.8037 0.9716 1.2000
v 4.8037 0.8705 -1.2000
v 4.9284 0.8705 -1.2000
v 4.9284 0.9716 -1.2000
v 4.8037 0.9716 -1.2000
v 4.8037 0.8705 -1.1300
v 4.9284 0.8705 -1.1300
v 4.9284 0.9716 -1.1300
v 4.8037 0.9716 -1.1300
v 4.9284 0.8705 1.1090
v 5.0532 0.8705 1.1090
v 5.0532 0.9716 1.1090
v 4.9284 0.9716 1.1090
v 4.9284 0.8705 1.1790
v 5.0532 0.8705 1.1790
v 5.0532 0.9716 1.1790
v 4.9284 0.9716 1.1790
v 4.9284 0.8705 -1.1790
v 5.0532 0.8705 -1.1790
v 5.0532 0.9716 -1.1790
v 4.9284 0.9716 -1.1790
v 4.9284 0.8705 -1.1090
v 5.0532 0.8705 -1.1090
v 5.0532 0.9716 -1.1090
v 4.9284 0.9716 -1.1090
v 5.0532 0.8705 1.0870
v 5.1780 0.8705 1.0870
v 5.1780 0.9716 1.0870
v 5.0532 0.9716 1.0870
v 5.0532 0.8705 1.1570
v 5.1780 0.8705 1.1570
v 5.1780 0.9716 1.1570
v 5.0532 0.9716 1.1570
v 5.0532 0.8705 -1.1570
v 5.1780 0.8705 -1.1570
v 5.1780 0.9716 -1.1570
v 5.0532 0.9716 -1.1570
v 5.0532 0.8705 -1.0870
v 5.1780 0.8705 -1.0870
v 5.1780 0.9716 -1.0870
v 5.0532 0.9716 -1.0870
v 5.1780 0.8705 1.0640
v 5.3028 0.8705 1.0640
v 5.3028 0.9716 1.0640
v 5.1780 0.9716 1.0640
v 5.1780 0.8705 1.1340
v 5.3028 0.8705 1.1340
v 5.3028 0.9716 1.1340
v 5.1780 0.9716 1.1340
v 5.1780 0.8705 -1.1340
v 5.3028 0.8705 -1.1340
v 5.3028 0.9716 -1.1340
v 5.1780 0.9716 -1.1340
v 5.1780 0.8705 -1.0640
v 5.3028 0.8705 -1.0640
v 5.3028 0.9716 -1.0640
v 5.1780 0.9716 -1.0640
v 5.3028 0.8705 1.0410
v 5.4275 0.8705 1.0410
v 5.4275 0.9716 1.0410
v 5.3028 0.9716 1.0410
v 5.3028 0.8705 1.1110
v 5.4275 0.8705 1.1110
v 5.4275 0.9716 1.1110
v 5.3028 0.9716 1.1110
v 5.3028 0.8705 -1.1110
v 5.4275 0.8705 -1.1110
v 5.4275 0.9716 -1.1110
v 5.3028 0.9716 -1.1110
v 5.3028 0.8705 -1.0410
v 5.4275 0.8705 -1.0410
v 5.4275 0.9716 -1.0410
v 5.3028 0.9716 -1.0410
v 5.4275 0.8705 1.0180
v 5.5523 0.8705 1.0180
v 5.5523 0.9716 1.0180
v 5.4275 0.9716 1.0180
v 5.4275 0.8705 1.0880
v 5.5523 0.8705 1.0880
v 5.5523 0.9716 1.0880
v 5.4275 0.9716 1.0880
v 5.4275 0.8705 -1.0880
v 5.5523 0.8705 -1.0880
v 5.5523 0.9716 -1.0880
v 5.4275 0.9716 -1.0880
v 5.4275 0.8705 -1.0180
v 5.5523 0.8705 -1.0180
v 5.5523 0.9716 -1.0180
v 5.4275 0.9716 -1.0180
v 5.5523 0.8705 0.9940
v 5.6771 0.8705 0.9940
v 5.6771 0.9716 0.9940
v 5.5523 0.9716 0.9940
v 5.5523 0.8705 1.0640
v 5.6771 0.8705 1.0640
v 5.6771 0.9716 1.0640
v 5.5523 0.9716 1.0640
v 5.5523 0.8705 -1.0640
v 5.6771 0.8705 -1.0640
v 5.6771 0.9716 -1.0640
v 5.5523 0.9716 -1.0640
v 5.5523 0.8705 -0.9940
v 5.6771 0.8705 -0.9940
v 5.6771 0.9716 -0.9940
v 5.5523 0.9716 -0.9940
v 5.6771 0.8705 0.9690
v 5.8018 0.8705 0.9690
v 5.8018 0.9716 0.9690
v 5.6771 0.9716 0.9690
v 5.6771 0.8705 1.0390
v 5.8018 0.8705 1.0390
v 5.8018 0.9716 1.0390
v 5.6771 0.9716 1.0390
v 5.6771 0.8705 -1.0390
v 5.8018 0.8705 -1.0390
v 5.8018 0.9716 -1.0390
v 5.6771 0.9716 -1.0390
v 5.6771 0.8705 -0.9690
v 5.8018 0.8705 -0.9690
v 5.8018 0.9716 -0.9690
v 5.6771 0.9716 -0.9690
v 5.8018 0.8705 0.9440
v 5.9266 0.8705 0.9440
v 5.9266 0.9716 0.9440
v 5.8018 0.9716 0.9440
v 5.8018 0.8705 1.0140
v 5.9266 0.8705 1.0140
v 5.9266 0.9716 1.0140
v 5.8018 0.9716 1.0140
v 5.8018 0.8705 -1.0140
v 5.9266 0.8705 -1.0140
v 5.9266 0.9716 -1.0140
v 5.8018 0.9716 -1.0140
v 5.8018 0.8705 -0.9440
v 5.9266 0.8705 -0.9440
v 5.9266 0.9716 -0.9440
v 5.8018 0.9716 -0.9440
v 5.9266 0.8705 0.9190
v 6.0514 0.8705 0.9190
v 6.0514 0.9716 0.9190
v 5.9266 0.9716 0.9190
v 5.9266 0.8705 0.9890
v 6.0514 0.8705 0.9890
v 6.0514 0.9716 0.9890
v 5.9266 0.9716 0.9890
v 5.9266 0.8705 -0.9890
v 6.0514 0.8705 -0.9890
v 6.0514 0.9716 -0.9890
v 5.9266 0.9716 -0.9890
v 5.9266 0.8705 -0.9190
v 6.0514 0.8705 -0.9190
v 6.0514 0.9716 -0.9190
v 5.9266 0.9716 -0.9190
v 6.0514 0.8705 0.8930
v 6.1761 0.8705 0.8930
v 6.1761 0.9716 0.8930
v 6.0514 0.9716 0.8930
v 6.0514 0.8705 0.9630
v 6.1761 0.8705 0.9630
v 6.1761 0.9716 0.9630
v 6.0514 0.9716 0.9630
v 6.0514 0.8705 -0.9630
v 6.1761 0.8705 -0.9630
v 6.1761 0.9716 -0.9630
v 6.0514 0.9716 -0.9630
v 6.0514 0.8705 -0.8930
v 6.1761 0.8705 -0.8930
v 6.1761 0.9716 -0.8930
v 6.0514 0.9716 -0.8930
v 6.1761 0.8705 0.8660
v 6.3009 0.8705 0.8660
v 6.3009 0.9716 0.8660
v 6.1761 0.9716 0.8660
v 6.1761 0.8705 0.9360
v 6.3009 0.8705 0.9360
v 6.3009 0.9716 0.9360
v 6.1761 0.9716 0.9360
v 6.1761 0.8705 -0.9360
v 6.3009 0.8705 -0.9360
v 6.3009 0.9716 -0.9360
v 6.1761 0.9716 -0.9360
v 6.1761 0.8705 -0.8660
v 6.3009 0.8705 -0.8660
v 6.3009 0.9716 -0.8660
v 6.1761 0.9716 -0.8660
v 6.3009 0.8705 0.8380
v 6.4257 0.8705 0.8380
v 6.4257 0.9716 0.8380
v 6.3009 0.9716 0.8380
v 6.3009 0.8705 0.9080
v 6.4257 0.8705 0.9080
v 6.4257 0.9716 0.9080
v 6.3009 0.9716 0.9080
v 6.3009 0.8705 -0.9080
v 6.4257 0.8705 -0.9080
v 6.4257 0.9716 -0.9080
v 6.3009 0.9716 -0.9080
v 6.3009 0.8705 -0.8380
v 6.4257 0.8705 -0.8380
v 6.4257 0.9716 -0.8380
v 6.3009 0.9716 -0.8380
v 6.4257 0.8705 0.7830
v 6.5505 0.8705 0.7830
v 6.5505 0.9716 0.7830
v 6.4257 0.9716 0.7830
v 6.4257 0.8705 0.8530
v 6.5505 0.8705 0.8530
v 6.5505 0.9716 0.8530
v 6.4257 0.9716 0.8530
v 6.4257 0.8705 -0.8530
v 6.5505 0.8705 -0.8530
v 6.5505 0.9716 -0.8530
v 6.4257 0.9716 -0.8530
v 6.4257 0.8705 -0.7830
v 6.5505 0.8705 -0.7830
v 6.5505 0.9716 -0.7830
v 6.4257 0.9716 -0.7830
v 6.5505 0.8705 0.6870
v 6.6752 0.8705 0.6870
v 6.6752 0.9716 0.6870
v 6.5505 0.9716 0.6870
v 6.5505 0.8705 0.7570
v 6.6752 0.8705 0.7570
v 6.6752 0.9716 0.7570
v 6.5505 0.9716 0.7570
v 6.5505 0.8705 -0.7570
v 6.6752 0.8705 -0.7570
v 6.6752 0.9716 -0.7570
v 6.5505 0.9716 -0.7570
v 6.5505 0.8705 -0.6870
v 6.6752 0.8705 -0.6870
v 6.6752 0.9716 -0.6870
v 6.5505 0.9716 -0.6870
v 6.6752 0.8705 -0.6080
v 6.8000 0.8705 -0.6080
v 6.8000 0.9716 -0.6080
v 6.6752 0.9716 -0.6080
v 6.6752 0.8705 0.6080
v 6.8000 0.8705 0.6080
v 6.8000 0.9716 0.6080
v 6.6752 0.9716 0.6080
v -6.4257 0.9716 1.2950
v -6.3009 0.9716 1.2950
v -6.3009 1.0727 1.2950
v -6.4257 1.0727 1.2950
v -6.4257 0.9716 1.3650
v -6.3009 0.9716 1.3650
v -6.3009 1.0727 1.3650
v -6.4257 1.0727 1.3650
v -6.4257 0.9716 -1.3650
v -6.3009 0.9716 -1.3650
v -6.3009 1.0727 -1.3650
v -6.4257 1.0727 -1.3650
v -6.4257 0.9716 -1.2950
v -6.3009 0.9716 -1.2950
v -6.3009 1.0727 -1.2950
v -6.4257 1.0727 -1.2950
v -6.3009 0.9716 1.3300
v -4.4294 0.9716 1.3300
v -4.4294 1.0727 1.3300
v -6.3009 1.0727 1.3300
v -6.3009 0.9716 1.4000
v -4.4294 0.9716 1.4000
v -4.4294 1.0727 1.4000
v -6.3009 1.0727 1.4000
v -6.3009 0.9716 -1.4000
v -4.4294 0.9716 -1.4000
v -4.4294 1.0727 -1.4000
v -6.3009 1.0727 -1.4000
v -6.3009 0.9716 -1.3300
v -4.4294 0.9716 -1.3300
v -4.4294 1.0727 -1.3300
v -6.3009 1.0727 -1.3300
v -2.8073 0.9716 1.3300
v -0.1872 0.9716 1.3300
v -0.1872 1.0727 1.3300
v -2.8073 1.0727 1.3300
v -2.8073 0.9716 1.4000
v -0.1872 0.9716 1.4000
v -0.1872 1.0727 1.4000
v -2.8073 1.0727 1.4000
v -2.8073 0.9716 -1.4000
v -0.1872 0.9716 -1.4000
v -0.1872 1.0727 -1.4000
v -2.8073 1.0727 -1.4000
v -2.8073 0.9716 -1.3300
v -0.1872 0.9716 -1.3300
v -0.1872 1.0727 -1.3300
v -2.8073 1.0727 -1.3300
v 1.4349 0.9716 1.3300
v 3.1817 0.9716 1.3300
v 3.1817 1.0727 1.3300
v 1.4349 1.0727 1.3300
v 1.4349 0.9716 1.4000
v 3.1817 0.9716 1.4000
v 3.1817 1.0727 1.4000
v 1.4349 1.0727 1.4000
v 1.4349 0.9716 -1.4000
v 3.1817 0.9716 -1.4000
v 3.1817 1.0727 -1.4000
v 1.4349 1.0727 -1.4000
v 1.4349 0.9716 -1.3300
v 3.1817 0.9716 -1.3300
v 3.1817 1.0727 -1.3300
v 1.4349 1.0727 -1.3300
v 3.1817 0.9716 1.3290
v 3.3064 0.9716 1.3290
v 3.3064 1.0727 1.3290
v 3.1817 1.0727 1.3290
v 3.1817 0.9716 1.3990
v 3.3064 0.9716 1.3990
v 3.3064 1.0727 1.3990
v 3.1817 1.0727 1.3990
v 3.1817 0.9716 -1.3990
v 3.3064 0.9716 -1.3990
v 3.3064 1.0727 -1.3990
v 3.1817 1.0727 -1.3990
v 3.1817 0.9716 -1.3290
v 3.3064 0.9716 -1.3290
v 3.3064 1.0727 -1.3290
v 3.1817 1.0727 -1.3290
v 3.3064 0.9716 1.3220
v 3.4312 0.9716 1.3220
v 3.4312 1.0727 1.3220
v 3.3064 1.0727 1.3220
v 3.3064 0.9716 1.3920
v 3.4312 0.9716 1.3920
v 3.4312 1.0727 1.3920
v 3.3064 1.0727 1.3920
v 3.3064 0.9716 -1.3920
v 3.4312 0.9716 -1.3920
v 3.4312 1.0727 -1.3920
v 3.3064 1.0727 -1.3920
v 3.3064 0.9716 -1.3220
v 3.4312 0.9716 -1.3220
v 3.4312 1.0727 -1.3220
v 3.3064 1.0727 -1.3220
v 3.4312 0.9716 1.3120
v 3.5560 0.9716 1.3120
v 3.5560 1.0727 1.3120
v 3.4312 1.0727 1.3120
v 3.4312 0.9716 1.3820
v 3.5560 0.9716 1.3820
v 3.5560 1.0727 1.3820
v 3.4312 1.0727 1.3820
v 3.4312 0.9716 -1.3820
v 3.5560 0.9716 -1.3820
v 3.5560 1.0727 -1.3820
v 3.4312 1.0727 -1.3820
v 3.4312 0.9716 -1.3120
v 3.5560 0.9716 -1.3120
v 3.5560 1.0727 -1.3120
v 3.4312 1.0727 -1.3120
v 3.5560 0.9716 1.3010
v 3.6807 0.9716 1.3010
v 3.6807 1.0727 1.3010
v 3.5560 1.0727 1.3010
v 3.5560 0.9716 1.3710
v 3.6807 0.9716 1.3710
v 3.6807 1.0727 1.3710
v 3.5560 1.0727 1.3710
v 3.5560 0.9716 -1.3710
v 3.6807 0.9716 -1.3710
v 3.6807 1.0727 -1.3710
v 3.5560 1.0727 -1.3710
v 3.5560 0.9716 -1.3010
v 3.6807 0.9716 -1.3010
v 3.6807 1.0727 -1.3010
v 3.5560 1.0727 -1.3010
v 3.6807 0.9716 1.2880
v 3.8055 0.9716 1.2880
v 3.8055 1.0727 1.2880
v 3.6807 1.0727 1.2880
v 3.6807 0.9716 1.3580
v 3.8055 0.9716 1.3580
v 3.8055 1.0727 1.3580
v 3.6807 1.0727 1.3580
v 3.6807 0.9716 -1.3580
v 3.8055 0.9716 -1.3580
v 3.8055 1.0727 -1.3580
v 3.6807 1.0727 -1.3580
v 3.6807 0.9716 -1.2880
v 3.8055 0.9716 -1.2880
v 3.8055 1.0727 -1.2880
v 3.6807 1.0727 -1.2880
v 3.8055 0.9716 1.2740
v 3.9303 0.9716 1.2740
v 3.9303 1.0727 1.2740
v 3.8055 1.0727 1.2740
v 3.8055 0.9716 1.3440
v 3.9303 0.9716 1.3440
v 3.9303 1.0727 1.3440
v 3.8055 1.0727 1.3440
v 3.8055 0.9716 -1.3440
v 3.9303 0.9716 -1.3440
v 3.9303 1.0727 -1.3440
v 3.8055 1.0727 -1.3440
v 3.8055 0.9716 -1.2740
v 3.9303 0.9716 -1.2740
v 3.9303 1.0727 -1.2740
v 3.8055 1.0727 -1.2740
v 3.9303 0.9716 1.2590
v 4.0550 0.9716 1.2590
v 4.0550 1.0727 1.2590
v 3.9303 1.0727 1.2590
v 3.9303 0.9716 1.3290
v 4.0550 0.9716 1.3290
v 4.0550 1.0727 1.3290
v 3.9303 1.0727 1.3290
v 3.9303 0.9716 -1.3290
v 4.0550 0.9716 -1.3290
v 4.0550 1.0727 -1.3290
v 3.9303 1.0727 -1.3290
v 3.9303 0.9716 -1.2590
v 4.0550 0.9716 -1.2590
v 4.0550 1.0727 -1.2590
v 3.9303 1.0727 -1.2590
v 4.0550 0.9716 1.2430
v 4.1798 0.9716 1.2430
v 4.1798 1.0727 1.2430
v 4.0550 1.0727 1.2430
v 4.0550 0.9716 1.3130
v 4.1798 0.9716 1.3130
v 4.1798 1.0727 1.3130
v 4.0550 1.0727 1.3130
v 4.0550 0.9716 -1.3130
v 4.1798 0.9716 -1.3130
v 4.1798 1.0727 -1.3130
v 4.0550 1.0727 -1.3130
v 4.0550 0.9716 -1.2430
v 4.1798 0.9716 -1.2430
v 4.1798 1.0727 -1.2430
v 4.0550 1.0727 -1.2430
v 4.1798 0.9716 1.2260
v 4.3046 0.9716 1.2260
v 4.3046 1.0727 1.2260
v 4.1798 1.0727 1.2260
v 4.1798 0.9716 1.2960
v 4.3046 0.9716 1.2960
v 4.3046 1.0727 1.2960
v 4.1798 1.0727 1.2960
v 4.1798 0.9716 -1.2960
v 4.3046 0.9716 -1.2960
v 4.3046 1.0727 -1.2960
v 4.1798 1.0727 -1.2960
v 4.1798 0.9716 -1.2260
v 4.3046 0.9716 -1.2260
v 4.3046 1.0727 -1.2260
v 4.1798 1.0727 -1.2260
v 4.3046 0.9716 1.2090
v 4.4294 0.9716 1.2090
v 4.4294 1.0727 1.2090
v 4.3046 1.0727 1.2090
v 4.3046 0.9716 1.2790
v 4.4294 0.9716 1.2790
v 4.4294 1.0727 1.2790
v 4.3046 1.0727 1.2790
v 4.3046 0.9716 -1.2790
v 4.4294 0.9716 -1.2790
v 4.4294 1.0727 -1.2790
v 4.3046 1.0727 -1.2790
v 4.3046 0.9716 -1.2090
v 4.4294 0.9716 -1.2090
v 4.4294 1.0727 -1.2090
v 4.3046 1.0727 -1.2090
v 4.4294 0.9716 1.1900
v 4.5541 0.9716 1.1900
v 4.5541 1.0727 1.1900
v 4.4294 1.0727 1.1900
v 4.4294 0.9716 1.2600
v 4.5541 0.9716 1.2600
v 4.5541 1.0727 1.2600
v 4.4294 1.0727 1.2600
v 4.4294 0.9716 -1.2600
v 4.5541 0.9716 -1.2600
v 4.5541 1.0727 -1.2600
v 4.4294 1.0727 -1.2600
v 4.4294 0.9716 -1.1900
v 4.5541 0.9716 -1.1900
v 4.5541 1.0727 -1.1900
v 4.4294 1.0727 -1.1900
v 4.5541 0.9716 1.1710
v 4.6789 0.9716 1.1710
v 4.6789 1.0727 1.1710
v 4.5541 1.0727 1.1710
v 4.5541 0.9716 1.2410
v 4.6789 0.9716 1.2410
v 4.6789 1.0727 1.2410
v 4.5541 1.0727 1.2410
v 4.5541 0.9716 -1.2410
v 4.6789 0.9716 -1.2410
v 4.6789 1.0727 -1.2410
v 4.5541 1.0727 -1.2410
v 4.5541 0.9716 -1.1710
v 4.6789 0.9716 -1.1710
v 4.6789 1.0727 -1.1710
v 4.5541 1.0727 -1.1710
v 4.6789 0.9716 1.1510
v 4.8037 0.9716 1.1510
v 4.8037 1.0727 1.1510
v 4.6789 1.0727 1.1510
v 4.6789 0.9716 1.2210
v 4.8037 0.9716 1.2210
v 4.8037 1.0727 1.2210
v 4.6789 1.0727 1.2210
v 4.6789 0.9716 -1.2210
v 4.8037 0.9716 -1.2210
v 4.8037 1.0727 -1.2210
v 4.6789 1.0727 -1.2210
v 4.6789 0.9716 -1.1510
v 4.8037 0.9716 -1.1510
v 4.8037 1.0727 -1.1510
v 4.6789 1.0727 -1.1510
v 4.8037 0.9716 1.1300
v 4.9284 0.9716 1.1300
v 4.9284 1.0727 1.1300
v 4.8037 1.0727 1.1300
v 4.8037 0.9716 1.2000
v 4.9284 0.9716 1.2000
v 4.9284 1.0727 1.2000
v 4.8037 1.0727 1.2000
v 4.8037 0.9716 -1.2000
v 4.9284 0.9716 -1.2000
v 4.9284 1.0727 -1.2000
v 4.8037 1.0727 -1.2000
v 4.8037 0.9716 -1.1300
v 4.9284 0.9716 -1.1300
v 4.9284 1.0727 -1.1300
v 4.8037 1.0727 -1.1300
v 4.9284 0.9716 1.1090
v 5.0532 0.9716 1.1090
v 5.0532 1.0727 1.1090
v 4.9284 1.0727 1.1090
v 4.9284 0.9716 1.1790
v 5.0532 0.9716 1.1790
v 5.0532 1.0727 1.1790
v 4.9284 1.0727 1.1790
v 4.9284 0.9716 -1.1790
v 5.0532 0.9716 -1.1790
v 5.0532 1.0727 -1.1790
v 4.9284 1.0727 -1.1790
v 4.9284 0.9716 -1.1090
v 5.0532 0.9716 -1.1090
v 5.0532 1.0727 -1.1090
v 4.9284 1.0727 -1.1090
v 5.0532 0.9716 1.0870
v 5.1780 0.9716 1.0870
v 5.1780 1.0727 1.0870
v 5.0532 1.0727 1.0870
v 5.0532 0.9716 1.1570
v 5.1780 0.9716 1.1570
v 5.1780 1.0727 1.1570
v 5.0532 1.0727 1.1570
v 5.0532 0.9716 -1.1570
v 5.1780 0.9716 -1.1570
v 5.1780 1.0727 -1.1570
v 5.0532 1.0727 -1.1570
v 5.0532 0.9716 -1.0870
v 5.1780 0.9716 -1.0870
v 5.1780 1.0727 -1.0870
v 5.0532 1.0727 -1.0870
v 5.1780 0.9716 1.0640
v 5.3028 0.9716 1.0640
v 5.3028 1.0727 1.0640
v 5.1780 1.0727 1.0640
v 5.1780 0.9716 1.1340
v 5.3028 0.9716 1.1340
v 5.3028 1.0727 1.1340
v 5.1780 1.0727 1.1340
v 5.1780 0.9716 -1.1340
v 5.3028 0.9716 -1.1340
v 5.3028 1.0727 -1.1340
v 5.1780 1.0727 -1.1340
v 5.1780 0.9716 -1.0640
v 5.3028 0.9716 -1.0640
v 5.3028 1.0727 -1.0640
v 5.1780 1.0727 -1.0640
v 5.3028 0.9716 1.0410
v 5.4275 0.9716 1.0410
v 5.4275 1.0727 1.0410
v 5.3028 1.0727 1.0410
v 5.3028 0.9716 1.1110
v 5.4275 0.9716 1.1110
v 5.4275 1.0727 1.1110
v 5.3028 1.0727 1.1110
v 5.3028 0.9716 -1.1110
v 5.4275 0.9716 -1.1110
v 5.4275 1.0727 -1.1110
v 5.3028 1.0727 -1.1110
v 5.3028 0.9716 -1.0410
v 5.4275 0.9716 -1.0410
v 5.4275 1.0727 -1.0410
v 5.3028 1.0727 -1.0410
v 5.4275 0.9716 1.0180
v 5.5523 0.9716 1.0180
v 5.5523 1.0727 1.0180
v 5.4275 1.0727 1.0180
v 5.4275 0.9716 1.0880
v 5.5523 0.9716 1.0880
v 5.5523 1.0727 1.0880
v 5.4275 1.0727 1.0880
v 5.4275 0.9716 -1.0880
v 5.5523 0.9716 -1.0880
v 5.5523 1.0727 -1.0880
v 5.4275 1.0727 -1.0880
v 5.4275 0.9716 -1.0180
v 5.5523 0.9716 -1.0180
v 5.5523 1.0727 -1.0180
v 5.4275 1.0727 -1.0180
v 5.5523 0.9716 0.9940
v 5.6771 0.9716 0.9940
v 5.6771 1.0727 0.9940
v 5.5523 1.0727 0.9940
v 5.5523 0.9716 1.0640
v 5.6771 0.9716 1.0640
v 5.6771 1.0727 1.0640
v 5.5523 1.0727 1.0640
v 5.5523 0.9716 -1.0640
v 5.6771 0.9716 -1.0640
v 5.6771 1.0727 -1.0640
v 5.5523 1.0727 -1.0640
v 5.5523 0.9716 -0.9940
v 5.6771 0.9716 -0.9940
v 5.6771 1.0727 -0.9940
v 5.5523 1.0727 -0.9940
v 5.6771 0.9716 0.9690
v 5.8018 0.9716 0.9690
v 5.8018 1.0727 0.9690
v 5.6771 1.0727 0.9690
v 5.6771 0.9716 1.0390
v 5.8018 0.9716 1.0390
v 5.8018 1.0727 1.0390
v 5.6771 1.0727 1.0390
v 5.6771 0.9716 -1.0390
v 5.8018 0.9716 -1.0390
v 5.8018 1.0727 -1.0390
v 5.6771 1.0727 -1.0390
v 5.6771 0.9716 -0.9690
v 5.8018 0.9716 -0.9690
v 5.8018 1.0727 -0.9690
v 5.6771 1.0727 -0.9690
v 5.8018 0.9716 0.9440
v 5.9266 0.9716 0.9440
v 5.9266 1.0727 0.9440
v 5.8018 1.0727 0.9440
v 5.8018 0.9716 1.0140
v 5.9266 0.9716 1.0140
v 5.9266 1.0727 1.0140
v 5.8018 1.0727 1.0140
v 5.8018 0.9716 -1.0140
v 5.9266 0.9716 -1.0140
v 5.9266 1.0727 -1.0140
v 5.8018 1.0727 -1.0140
v 5.8018 0.9716 -0.9440
v 5.9266 0.9716 -0.9440
v 5.9266 1.0727 -0.9440
v 5.8018 1.0727 -0.9440
v 5.9266 0.9716 0.9190
v 6.0514 0.9716 0.9190
v 6.0514 1.0727 0.9190
v 5.9266 1.0727 0.9190
v 5.9266 0.9716 0.9890
v 6.0514 0.9716 0.9890
v 6.0514 1.0727 0.9890
v 5.9266 1.0727 0.9890
v 5.9266 0.9716 -0.9890
v 6.0514 0.9716 -0.9890
v 6.0514 1.0727 -0.9890
v 5.9266 1.0727 -0.9890
v 5.9266 0.9716 -0.9190
v 6.0514 0.9716 -0.9190
v 6.0514 1.0727 -0.9190
v 5.9266 1.0727 -0.9190
v 6.0514 0.9716 0.8930
v 6.1761 0.9716 0.8930
v 6.1761 1.0727 0.8930
v 6.0514 1.0727 0.8930
v 6.0514 0.9716 0.9630
v 6.1761 0.9716 0.9630
v 6.1761 1.0727 0.9630
v 6.0514 1.0727 0.9630
v 6.0514 0.9716 -0.9630
v 6.1761 0.9716 -0.9630
v 6.1761 1.0727 -0.9630
v 6.0514 1.0727 -0.9630
v 6.0514 0.9716 -0.8930
v 6.1761 0.9716 -0.8930
v 6.1761 1.0727 -0.8930
v 6.0514 1.0727 -0.8930
v 6.1761 0.9716 0.8660
v 6.3009 0.9716 0.8660
v 6.3009 1.0727 0.8660
v 6.1761 1.0727 0.8660
v 6.1761 0.9716 0.9360
v 6.3009 0.9716 0.9360
v 6.3009 1.0727 0.9360
v 6.1761 1.0727 0.9360
v 6.1761 0.9716 -0.9360
v 6.3009 0.9716 -0.9360
v 6.3009 1.0727 -0.9360
v 6.1761 1.0727 -0.9360
v 6.1761 0.9716 -0.8660
v 6.3009 0.9716 -0.8660
v 6.3009 1.0727 -0.8660
v 6.1761 1.0727 -0.8660
v 6.3009 0.9716 0.8170
v 6.4257 0.9716 0.8170
v 6.4257 1.0727 0.8170
v 6.3009 1.0727 0.8170
v 6.3009 0.9716 0.8870
v 6.4257 0.9716 0.8870
v 6.4257 1.0727 0.8870
v 6.3009 1.0727 0.8870
v 6.3009 0.9716 -0.8870
v 6.4257 0.9716 -0.8870
v 6.4257 1.0727 -0.8870
v 6.3009 1.0727 -0.8870
v 6.3009 0.9716 -0.8170
v 6.4257 0.9716 -0.8170
v 6.4257 1.0727 -0.8170
v 6.3009 1.0727 -0.8170
v 6.4257 0.9716 0.7290
v 6.5505 0.9716 0.7290
v 6.5505 1.0727 0.7290
v 6.4257 1.0727 0.7290
v 6.4257 0.9716 0.7990
v 6.5505 0.9716 0.7990
v 6.5505 1.0727 0.7990
v 6.4257 1.0727 0.7990
v 6.4257 0.9716 -0.7990
v 6.5505 0.9716 -0.7990
v 6.5505 1.0727 -0.7990
v 6.4257 1.0727 -0.7990
v 6.4257 0.9716 -0.7290
v 6.5505 0.9716 -0.7290
v 6.5505 1.0727 -0.7290
v 6.4257 1.0727 -0.7290
v 6.5505 0.9716 -0.6610
v 6.6752 0.9716 -0.6610
v 6.6752 1.0727 -0.6610
v 6.5505 1.0727 -0.6610
v 6.5505 0.9716 0.6610
v 6.6752 0.9716 0.6610
v 6.6752 1.0727 0.6610
v 6.5505 1.0727 0.6610
v 6.6752 0.9716 -0.4410
v 6.8000 0.9716 -0.4410
v 6.8000 1.0727 -0.4410
v 6.6752 1.0727 -0.4410
v 6.6752 0.9716 0.4410
v 6.8000 0.9716 0.4410
v 6.8000 1.0727 0.4410
v 6.6752 1.0727 0.4410
v -6.4257 1.0727 1.2950
v -6.3009 1.0727 1.2950
v -6.3009 1.1739 1.2950
v -6.4257 1.1739 1.2950
v -6.4257 1.0727 1.3650
v -6.3009 1.0727 1.3650
v -6.3009 1.1739 1.3650
v -6.4257 1.1739 1.3650
v -6.4257 1.0727 -1.3650
v -6.3009 1.0727 -1.3650
v -6.3009 1.1739 -1.3650
v -6.4257 1.1739 -1.3650
v -6.4257 1.0727 -1.2950
v -6.3009 1.0727 -1.2950
v -6.3009 1.1739 -1.2950
v -6.4257 1.1739 -1.2950
v -6.3009 1.0727 1.3300
v -4.4294 1.0727 1.3300
v -4.4294 1.1739 1.3300
v -6.3009 1.1739 1.3300
v -6.3009 1.0727 1.4000
v -4.4294 1.0727 1.4000
v -4.4294 1.1739 1.4000
v -6.3009 1.1739 1.4000
v -6.3009 1.0727 -1.4000
v -4.4294 1.0727 -1.4000
v -4.4294 1.1739 -1.4000
v -6.3009 1.1739 -1.4000
v -6.3009 1.0727 -1.3300
v -4.4294 1.0727 -1.3300
v -4.4294 1.1739 -1.3300
v -6.3009 1.1739 -1.3300
v -2.8073 1.0727 1.3300
v -0.1872 1.0727 1.3300
v -0.1872 1.1739 1.3300
v -2.8073 1.1739 1.3300
v -2.8073 1.0727 1.4000
v -0.1872 1.0727 1.4000
v -0.1872 1.1739 1.4000
v -2.8073 1.1739 1.4000
v -2.8073 1.0727 -1.4000
v -0.1872 1.0727 -1.4000
v -0.1872 1.1739 -1.4000
v -2.8073 1.1739 -1.4000
v -2.8073 1.0727 -1.3300
v -0.1872 1.0727 -1.3300
v -0.1872 1.1739 -1.3300
v -2.8073 1.1739 -1.3300
v 1.4349 1.0727 1.3300
v 3.1817 1.0727 1.3300
v 3.1817 1.1739 1.3300
v 1.4349 1.1739 1.3300
v 1.4349 1.0727 1.4000
v 3.1817 1.0727 1.4000
v 3.1817 1.1739 1.4000
v 1.4349 1.1739 1.4000
v 1.4349 1.0727 -1.4000
v 3.1817 1.0727 -1.4000
v 3.1817 1.1739 -1.4000
v 1.4349 1.1739 -1.4000
v 1.4349 1.0727 -1.3300
v 3.1817 1.0727 -1.3300
v 3.1817 1.1739 -1.3300
v 1.4349 1.1739 -1.3300
v 3.1817 1.0727 1.3290
v 3.3064 1.0727 1.3290
v 3.3064 1.1739 1.3290
v 3.1817 1.1739 1.3290
v 3.1817 1.0727 1.3990
v 3.3064 1.0727 1.3990
v 3.3064 1.1739 1.3990
v 3.1817 1.1739 1.3990
v 3.1817 1.0727 -1.3990
v 3.3064 1.0727 -1.3990
v 3.3064 1.1739 -1.3990
v 3.1817 1.1739 -1.3990
v 3.1817 1.0727 -1.3290
v 3.3064 1.0727 -1.3290
v 3.3064 1.1739 -1.3290
v 3.1817 1.1739 -1.3290
v 3.3064 1.0727 1.3220
v 3.4312 1.0727 1.3220
v 3.4312 1.1739 1.3220
v 3.3064 1.1739 1.3220
v 3.3064 1.0727 1.3920
v 3.4312 1.0727 1.3920
v 3.4312 1.1739 1.3920
v 3.3064 1.1739 1.3920
v 3.3064 1.0727 -1.3920
v 3.4312 1.0727 -1.3920
v 3.4312 1.1739 -1.3920
v 3.3064 1.1739 -1.3920
v 3.3064 1.0727 -1.3220
v 3.4312 1.0727 -1.3220
v 3.4312 1.1739 -1.3220
v 3.3064 1.1739 -1.3220
v 3.4312 1.0727 1.3120
v 3.5560 1.0727 1.3120
v 3.5560 1.1739 1.3120
v 3.4312 1.1739 1.3120
v 3.4312 1.0727 1.3820
v 3.5560 1.0727 1.3820
v 3.5560 1.1739 1.3820
v 3.4312 1.1739 1.3820
v 3.4312 1.0727 -1.3820
v 3.5560 1.0727 -1.3820
v 3.5560 1.1739 -1.3820
v 3.4312 1.1739 -1.3820
v 3.4312 1.0727 -1.3120
v 3.5560 1.0727 -1.3120
v 3.5560 1.1739 -1.3120
v 3.4312 1.1739 -1.3120
v 3.5560 1.0727 1.3010
v 3.6807 1.0727 1.3010
v 3.6807 1.1739 1.3010
v 3.5560 1.1739 1.3010
v 3.5560 1.0727 1.3710
v 3.6807 1.0727 1.3710
v 3.6807 1.1739 1.3710
v 3.5560 1.1739 1.3710
v 3.5560 1.0727 -1.3710
v 3.6807 1.0727 -1.3710
v 3.6807 1.1739 -1.3710
v 3.5560 1.1739 -1.3710
v 3.5560 1.0727 -1.3010
v 3.6807 1.0727 -1.3010
v 3.6807 1.1739 -1.3010
v 3.5560 1.1739 -1.3010
v 3.6807 1.0727 1.2880
v 3.8055 1.0727 1.2880
v 3.8055 1.1739 1.2880
v 3.6807 1.1739 1.2880
v 3.6807 1.0727 1.3580
v 3.8055 1.0727 1.3580
v 3.8055 1.1739 1.3580
v 3.6807 1.1739 1.3580
v 3.6807 1.0727 -1.3580
v 3.8055 1.0727 -1.3580
v 3.8055 1.1739 -1.3580
v 3.6807 1.1739 -1.3580
v 3.6807 1.0727 -1.2880
v 3.8055 1.0727 -1.2880
v 3.8055 1.1739 -1.2880
v 3.6807 1.1739 -1.2880
v 3.8055 1.0727 1.2740
v 3.9303 1.0727 1.2740
v 3.9303 1.1739 1.2740
v 3.8055 1.1739 1.2740
v 3.8055 1.0727 1.3440
v 3.9303 1.0727 1.3440
v 3.9303 1.1739 1.3440
v 3.8055 1.1739 1.3440
v 3.8055 1.0727 -1.3440
v 3.9303 1.0727 -1.3440
v 3.9303 1.1739 -1.3440
v 3.8055 1.1739 -1.3440
v 3.8055 1.0727 -1.2740
v 3.9303 1.0727 -1.2740
v 3.9303 1.1739 -1.2740
v 3.8055 1.1739 -1.2740
v 3.9303 1.0727 1.2590
v 4.0550 1.0727 1.2590
v 4.0550 1.1739 1.2590
v 3.9303 1.1739 1.2590
v 3.9303 1.0727 1.3290
v 4.0550 1.0727 1.3290
v 4.0550 1.1739 1.3290
v 3.9303 1.1739 1.3290
v 3.9303 1.0727 -1.3290
v 4.0550 1.0727 -1.3290
v 4.0550 1.1739 -1.3290
v 3.9303 1.1739 -1.3290
v 3.9303 1.0727 -1.2590
v 4.0550 1.0727 -1.2590
v 4.0550 1.1739 -1.2590
v 3.9303 1.1739 -1.2590
v 4.0550 1.0727 1.2430
v 4.1798 1.0727 1.2430
v 4.1798 1.1739 1.2430
v 4.0550 1.1739 1.2430
v 4.0550 1.0727 1.3130
v 4.1798 1.0727 1.3130
v 4.1798 1.1739 1.3130
v 4.0550 1.1739 1.3130
v 4.0550 1.0727 -1.3130
v 4.1798 1.0727 -1.3130
v 4.1798 1.1739 -1.3130
v 4.0550 1.1739 -1.3130
v 4.0550 1.0727 -1.2430
v 4.1798 1.0727 -1.2430
v 4.1798 1.1739 -1.2430
v 4.0550 1.1739 -1.2430
v 4.1798 1.0727 1.2260
v 4.3046 1.0727 1.2260
v 4.3046 1.1739 1.2260
v 4.1798 1.1739 1.2260
v 4.1798 1.0727 1.2960
v 4.3046 1.0727 1.2960
v 4.3046 1.1739 1.2960
v 4.1798 1.1739 1.2960
v 4.1798 1.0727 -1.2960
v 4.3046 1.0727 -1.2960
v 4.3046 1.1739 -1.2960
v 4.1798 1.1739 -1.2960
v 4.1798 1.0727 -1.2260
v 4.3046 1.0727 -1.2260
v 4.3046 1.1739 -1.2260
v 4.1798 1.1739 -1.2260
v 4.3046 1.0727 1.2090
v 4.4294 1.0727 1.2090
v 4.4294 1.1739 1.2090
v 4.3046 1.1739 1.2090
v 4.3046 1.0727 1.2790
v 4.4294 1.0727 1.2790
v 4.4294 1.1739 1.2790
v 4.3046 1.1739 1.2790
v 4.3046 1.0727 -1.2790
v 4.4294 1.0727 -1.2790
v 4.4294 1.1739 -1.2790
v 4.3046 1.1739 -1.2790
v 4.3046 1.0727 -1.2090
v 4.4294 1.0727 -1.2090
v 4.4294 1.1739 -1.2090
v 4.3046 1.1739 -1.2090
v 4.4294 1.0727 1.1900
v 4.5541 1.0727 1.1900
v 4.5541 1.1739 1.1900
v 4.4294 1.1739 1.1900
v 4.4294 1.0727 1.2600
v 4.5541 1.0727 1.2600
v 4.5541 1.1739 1.2600
v 4.4294 1.1739 1.2600
v 4.4294 1.0727 -1.2600
v 4.5541 1.0727 -1.2600
v 4.5541 1.1739 -1.2600
v 4.4294 1.1739 -1.2600
v 4.4294 1.0727 -1.1900
v 4.5541 1.0727 -1.1900
v 4.5541 1.1739 -1.1900
v 4.4294 1.1739 -1.1900
v 4.5541 1.0727 1.1710
v 4.6789 1.0727 1.1710
v 4.6789 1.1739 1.1710
v 4.5541 1.1739 1.1710
v 4.5541 1.0727 1.2410
v 4.6789 1.0727 1.2410
v 4.6789 1.1739 1.2410
v 4.5541 1.1739 1.2410
v 4.5541 1.0727 -1.2410
v 4.6789 1.0727 -1.2410
v 4.6789 1.1739 -1.2410
v 4.5541 1.1739 -1.2410
v 4.5541 1.0727 -1.1710
v 4.6789 1.0727 -1.1710
v 4.6789 1.1739 -1.1710
v 4.5541 1.1739 -1.1710
v 4.6789 1.0727 1.1510
v 4.8037 1.0727 1.1510
v 4.8037 1.1739 1.1510
v 4.6789 1.1739 1.1510
v 4.6789 1.0727 1.2210
v 4.8037 1.0727 1.2210
v 4.8037 1.1739 1.2210
v 4.6789 1.1739 1.2210
v 4.6789 1.0727 -1.2210
v 4.8037 1.0727 -1.2210
v 4.8037 1.1739 -1.2210
v 4.6789 1.1739 -1.2210
v 4.6789 1.0727 -1.1510
v 4.8037 1.0727 -1.1510
v 4.8037 1.1739 -1.1510
v 4.6789 1.1739 -1.1510
v 4.8037 1.0727 1.1300
v 4.9284 1.0727 1.1300
v 4.9284 1.1739 1.1300
v 4.8037 1.1739 1.1300
v 4.8037 1.0727 1.2000
v 4.9284 1.0727 1.2000
v 4.9284 1.1739 1.2000
v 4.8037 1.1739 1.2000
v 4.8037 1.0727 -1.2000
v 4.9284 1.0727 -1.2000
v 4.9284 1.1739 -1.2000
v 4.8037 1.1739 -1.2000
v 4.8037 1.0727 -1.1300
v 4.9284 1.0727 -1.1300
v 4.9284 1.1739 -1.1300
v 4.8037 1.1739 -1.1300
v 4.9284 1.0727 1.1090
v 5.0532 1.0727 1.1090
v 5.0532 1.1739 1.1090
v 4.9284 1.1739 1.1090
v 4.9284 1.0727 1.1790
v 5.0532 1.0727 1.1790
v 5.0532 1.1739 1.1790
v 4.9284 1.1739 1.1790
v 4.9284 1.0727 -1.1790
v 5.0532 1.0727 -1.1790
v 5.0532 1.1739 -1.1790
v 4.9284 1.1739 -1.1790
v 4.9284 1.0727 -1.1090
v 5.0532 1.0727 -1.1090
v 5.0532 1.1739 -1.1090
v 4.9284 1.1739 -1.1090
v 5.0532 1.0727 1.0870
v 5.1780 1.0727 1.0870
v 5.1780 1.1739 1.0870
v 5.0532 1.1739 1.0870
v 5.0532 1.0727 1.1570
v 5.1780 1.0727 1.1570
v 5.1780 1.1739 1.1570
v 5.0532 1.1739 1.1570
v 5.0532 1.0727 -1.1570
v 5.1780 1.0727 -1.1570
v 5.1780 1.1739 -1.1570
v 5.0532 1.1739 -1.1570
v 5.0532 1.0727 -1.0870
v 5.1780 1.0727 -1.0870
v 5.1780 1.1739 -1.0870
v 5.0532 1.1739 -1.0870
v 5.1780 1.0727 1.0640
v 5.3028 1.0727 1.0640
v 5.3028 1.1739 1.0640
v 5.1780 1.1739 1.0640
v 5.1780 1.0727 1.1340
v 5.3028 1.0727 1.1340
v 5.3028 1.1739 1.1340
v 5.1780 1.1739 1.1340
v 5.1780 1.0727 -1.1340
v 5.3028 1.0727 -1.1340
v 5.3028 1.1739 -1.1340
v 5.1780 1.1739 -1.1340
v 5.1780 1.0727 -1.0640
v 5.3028 1.0727 -1.0640
v 5.3028 1.1739 -1.0640
v 5.1780 1.1739 -1.0640
v 5.3028 1.0727 1.0410
v 5.4275 1.0727 1.0410
v 5.4275 1.1739 1.0410
v 5.3028 1.1739 1.0410
v 5.3028 1.0727 1.1110
v 5.4275 1.0727 1.1110
v 5.4275 1.1739 1.1110
v 5.3028 1.1739 1.1110
v 5.3028 1.0727 -1.1110
v 5.4275 1.0727 -1.1110
v 5.4275 1.1739 -1.1110
v 5.3028 1.1739 -1.1110
v 5.3028 1.0727 -1.0410
v 5.4275 1.0727 -1.0410
v 5.4275 1.1739 -1.0410
v 5.3028 1.1739 -1.0410
v 5.4275 1.0727 1.0180
v 5.5523 1.0727 1.0180
v 5.5523 1.1739 1.0180
v 5.4275 1.1739 1.0180
v 5.4275 1.0727 1.0880
v 5.5523 1.0727 1.0880
v 5.5523 1.1739 1.0880
v 5.4275 1.1739 1.0880
v 5.4275 1.0727 -1.0880
v 5.5523 1.0727 -1.0880
v 5.5523 1.1739 -1.0880
v 5.4275 1.1739 -1.0880
v 5.4275 1.0727 -1.0180
v 5.5523 1.0727 -1.0180
v 5.5523 1.1739 -1.0180
v 5.4275 1.1739 -1.0180
v 5.5523 1.0727 0.9940
v 5.6771 1.0727 0.9940
v 5.6771 1.1739 0.9940
v 5.5523 1.1739 0.9940
v 5.5523 1.0727 1.0640
v 5.6771 1.0727 1.0640
v 5.6771 1.1739 1.0640
v 5.5523 1.1739 1.0640
v 5.5523 1.0727 -1.0640
v 5.6771 1.0727 -1.0640
v 5.6771 1.1739 -1.0640
v 5.5523 1.1739 -1.0640
v 5.5523 1.0727 -0.9940
v 5.6771 1.0727 -0.9940
v 5.6771 1.1739 -0.9940
v 5.5523 1.1739 -0.9940
v 5.6771 1.0727 0.9690
v 5.8018 1.0727 0.9690
v 5.8018 1.1739 0.9690
v 5.6771 1.1739 0.9690
v 5.6771 1.0727 1.0390
v 5.8018 1.0727 1.0390
v 5.8018 1.1739 1.0390
v 5.6771 1.1739 1.0390
v 5.6771 1.0727 -1.0390
v 5.8018 1.0727 -1.0390
v 5.8018 1.1739 -1.0390
v 5.6771 1.1739 -1.0390
v 5.6771 1.0727 -0.9690
v 5.8018 1.0727 -0.9690
v 5.8018 1.1739 -0.9690
v 5.6771 1.1739 -0.9690
v 5.8018 1.0727 0.9440
v 5.9266 1.0727 0.9440
v 5.9266 1.1739 0.9440
v 5.8018 1.1739 0.9440
v 5.8018 1.0727 1.0140
v 5.9266 1.0727 1.0140
v 5.9266 1.1739 1.0140
v 5.8018 1.1739 1.0140
v 5.8018 1.0727 -1.0140
v 5.9266 1.0727 -1.0140
v 5.9266 1.1739 -1.0140
v 5.8018 1.1739 -1.0140
v 5.8018 1.0727 -0.9440
v 5.9266 1.0727 -0.9440
v 5.9266 1.1739 -0.9440
v 5.8018 1.1739 -0.9440
v 5.9266 1.0727 0.9190
v 6.0514 1.0727 0.9190
v 6.0514 1.1739 0.9190
v 5.9266 1.1739 0.9190
v 5.9266 1.0727 0.9890
v 6.0514 1.0727 0.9890
v 6.0514 1.1739 0.9890
v 5.9266 1.1739 0.9890
v 5.9266 1.0727 -0.9890
v 6.0514 1.0727 -0.9890
v 6.0514 1.1739 -0.9890
v 5.9266 1.1739 -0.9890
v 5.9266 1.0727 -0.9190
v 6.0514 1.0727 -0.9190
v 6.0514 1.1739 -0.9190
v 5.9266 1.1739 -0.9190
v 6.0514 1.0727 0.8930
v 6.1761 1.0727 0.8930
v 6.1761 1.1739 0.8930
v 6.0514 1.1739 0.8930
v 6.0514 1.0727 0.9630
v 6.1761 1.0727 0.9630
v 6.1761 1.1739 0.9630
v 6.0514 1.1739 0.9630
v 6.0514 1.0727 -0.9630
v 6.1761 1.0727 -0.9630
v 6.1761 1.1739 -0.9630
v 6.0514 1.1739 -0.9630
v 6.0514 1.0727 -0.8930
v 6.1761 1.0727 -0.8930
v 6.1761 1.1739 -0.8930
v 6.0514 1.1739 -0.8930
v 6.1761 1.0727 0.8500
v 6.3009 1.0727 0.8500
v 6.3009 1.1739 0.8500
v 6.1761 1.1739 0.8500
v 6.1761 1.0727 0.9200
v 6.3009 1.0727 0.9200
v 6.3009 1.1739 0.9200
v 6.1761 1.1739 0.9200
v 6.1761 1.0727 -0.9200
v 6.3009 1.0727 -0.9200
v 6.3009 1.1739 -0.9200
v 6.1761 1.1739 -0.9200
v 6.1761 1.0727 -0.8500
v 6.3009 1.0727 -0.8500
v 6.3009 1.1739 -0.8500
v 6.1761 1.1739 -0.8500
v 6.3009 1.0727 0.7680
v 6.4257 1.0727 0.7680
v 6.4257 1.1739 0.7680
v 6.3009 1.1739 0.7680
v 6.3009 1.0727 0.8380
v 6.4257 1.0727 0.8380
v 6.4257 1.1739 0.8380
v 6.3009 1.1739 0.8380
v 6.3009 1.0727 -0.8380
v 6.4257 1.0727 -0.8380
v 6.4257 1.1739 -0.8380
v 6.3009 1.1739 -0.8380
v 6.3009 1.0727 -0.7680
v 6.4257 1.0727 -0.7680
v 6.4257 1.1739 -0.7680
v 6.3009 1.1739 -0.7680
v 6.4257 1.0727 0.6410
v 6.5505 1.0727 0.6410
v 6.5505 1.1739 0.6410
v 6.4257 1.1739 0.6410
v 6.4257 1.0727 0.7110
v 6.5505 1.0727 0.7110
v 6.5505 1.1739 0.7110
v 6.4257 1.1739 0.7110
v 6.4257 1.0727 -0.7110
v 6.5505 1.0727 -0.7110
v 6.5505 1.1739 -0.7110
v 6.4257 1.1739 -0.7110
v 6.4257 1.0727 -0.6410
v 6.5505 1.0727 -0.6410
v 6.5505 1.1739 -0.6410
v 6.4257 1.1739 -0.6410
v 6.5505 1.0727 -0.5110
v 6.6752 1.0727 -0.5110
v 6.6752 1.1739 -0.5110
v 6.5505 1.1739 -0.5110
v 6.5505 1.0727 0.5110
v 6.6752 1.0727 0.5110
v 6.6752 1.1739 0.5110
v 6.5505 1.1739 0.5110
v -6.4257 1.1739 1.2950
v -6.3009 1.1739 1.2950
v -6.3009 1.2750 1.2950
v -6.4257 1.2750 1.2950
v -6.4257 1.1739 1.3650
v -6.3009 1.1739 1.3650
v -6.3009 1.2750 1.3650
v -6.4257 1.2750 1.3650
v -6.4257 1.1739 -1.3650
v -6.3009 1.1739 -1.3650
v -6.3009 1.2750 -1.3650
v -6.4257 1.2750 -1.3650
v -6.4257 1.1739 -1.2950
v -6.3009 1.1739 -1.2950
v -6.3009 1.2750 -1.2950
v -6.4257 1.2750 -1.2950
v -6.3009 1.1739 1.3300
v -4.4294 1.1739 1.3300
v -4.4294 1.2750 1.3300
v -6.3009 1.2750 1.3300
v -6.3009 1.1739 1.4000
v -4.4294 1.1739 1.4000
v -4.4294 1.2750 1.4000
v -6.3009 1.2750 1.4000
v -6.3009 1.1739 -1.4000
v -4.4294 1.1739 -1.4000
v -4.4294 1.2750 -1.4000
v -6.3009 1.2750 -1.4000
v -6.3009 1.1739 -1.3300
v -4.4294 1.1739 -1.3300
v -4.4294 1.2750 -1.3300
v -6.3009 1.2750 -1.3300
v -2.8073 1.1739 1.3300
v -0.1872 1.1739 1.3300
v -0.1872 1.2750 1.3300
v -2.8073 1.2750 1.3300
v -2.8073 1.1739 1.4000
v -0.1872 1.1739 1.4000
v -0.1872 1.2750 1.4000
v -2.8073 1.2750 1.4000
v -2.8073 1.1739 -1.4000
v -0.1872 1.1739 -1.4000
v -0.1872 1.2750 -1.4000
v -2.8073 1.2750 -1.4000
v -2.8073 1.1739 -1.3300
v -0.1872 1.1739 -1.3300
v -0.1872 1.2750 -1.3300
v -2.8073 1.2750 -1.3300
v 1.4349 1.1739 1.3300
v 3.1817 1.1739 1.3300
v 3.1817 1.2750 1.3300
v 1.4349 1.2750 1.3300
v 1.4349 1.1739 1.4000
v 3.1817 1.1739 1.4000
v 3.1817 1.2750 1.4000
v 1.4349 1.2750 1.4000
v 1.4349 1.1739 -1.4000
v 3.1817 1.1739 -1.4000
v 3.1817 1.2750 -1.4000
v 1.4349 1.2750 -1.4000
v 1.4349 1.1739 -1.3300
v 3.1817 1.1739 -1.3300
v 3.1817 1.2750 -1.3300
v 1.4349 1.2750 -1.3300
v 3.1817 1.1739 1.3290
v 3.3064 1.1739 1.3290
v 3.3064 1.2750 1.3290
v 3.1817 1.2750 1.3290
v 3.1817 1.1739 1.3990
v 3.3064 1.1739 1.3990
v 3.3064 1.2750 1.3990
v 3.1817 1.2750 1.3990
v 3.1817 1.1739 -1.3990
v 3.3064 1.1739 -1.3990
v 3.3064 1.2750 -1.3990
v 3.1817 1.2750 -1.3990
v 3.1817 1.1739 -1.3290
v 3.3064 1.1739 -1.3290
v 3.3064 1.2750 -1.3290
v 3.1817 1.2750 -1.3290
v 3.3064 1.1739 1.3220
v 3.4312 1.1739 1.3220
v 3.4312 1.2750 1.3220
v 3.3064 1.2750 1.3220
v 3.3064 1.1739 1.3920
v 3.4312 1.1739 1.3920
v 3.4312 1.2750 1.3920
v 3.3064 1.2750 1.3920
v 3.3064 1.1739 -1.3920
v 3.4312 1.1739 -1.3920
v 3.4312 1.2750 -1.3920
v 3.3064 1.2750 -1.3920
v 3.3064 1.1739 -1.3220
v 3.4312 1.1739 -1.3220
v 3.4312 1.2750 -1.3220
v 3.3064 1.2750 -1.3220
v 3.4312 1.1739 1.3120
v 3.5560 1.1739 1.3120
v 3.5560 1.2750 1.3120
v 3.4312 1.2750 1.3120
v 3.4312 1.1739 1.3820
v 3.5560 1.1739 1.3820
v 3.5560 1.2750 1.3820
v 3.4312 1.2750 1.3820
v 3.4312 1.1739 -1.3820
v 3.5560 1.1739 -1.3820
v 3.5560 1.2750 -1.3820
v 3.4312 1.2750 -1.3820
v 3.4312 1.1739 -1.3120
v 3.5560 1.1739 -1.3120
v 3.5560 1.2750 -1.3120
v 3.4312 1.2750 -1.3120
v 3.5560 1.1739 1.3010
v 3.6807 1.1739 1.3010
v 3.6807 1.2750 1.3010
v 3.5560 1.2750 1.3010
v 3.5560 1.1739 1.3710
v 3.6807 1.1739 1.3710
v 3.6807 1.2750 1.3710
v 3.5560 1.2750 1.3710
v 3.5560 1.1739 -1.3710
v 3.6807 1.1739 -1.3710
v 3.6807 1.2750 -1.3710
v 3.5560 1.2750 -1.3710
v 3.5560 1.1739 -1.3010
v 3.6807 1.1739 -1.3010
v 3.6807 1.2750 -1.3010
v 3.5560 1.2750 -1.3010
v 3.6807 1.1739 1.2880
v 3.8055 1.1739 1.2880
v 3.8055 1.2750 1.2880
v 3.6807 1.2750 1.2880
v 3.6807 1.1739 1.3580
v 3.8055 1.1739 1.3580
v 3.8055 1.2750 1.3580
v 3.6807 1.2750 1.3580
v 3.6807 1.1739 -1.3580
v 3.8055 1.1739 -1.3580
v 3.8055 1.2750 -1.3580
v 3.6807 1.2750 -1.3580
v 3.6807 1.1739 -1.2880
v 3.8055 1.1739 -1.2880
v 3.8055 1.2750 -1.2880
v 3.6807 1.2750 -1.2880
v 3.8055 1.1739 1.2740
v 3.9303 1.1739 1.2740
v 3.9303 1.2750 1.2740
v 3.8055 1.2750 1.2740
v 3.8055 1.1739 1.3440
v 3.9303 1.1739 1.3440
v 3.9303 1.2750 1.3440
v 3.8055 1.2750 1.3440
v 3.8055 1.1739 -1.3440
v 3.9303 1.1739 -1.3440
v 3.9303 1.2750 -1.3440
v 3.8055 1.2750 -1.3440
v 3.8055 1.1739 -1.2740
v 3.9303 1.1739 -1.2740
v 3.9303 1.2750 -1.2740
v 3.8055 1.2750 -1.2740
v 3.9303 1.1739 1.2590
v 4.0550 1.1739 1.2590
v 4.0550 1.2750 1.2590
v 3.9303 1.2750 1.2590
v 3.9303 1.1739 1.3290
v 4.0550 1.1739 1.3290
v 4.0550 1.2750 1.3290
v 3.9303 1.2750 1.3290
v 3.9303 1.1739 -1.3290
v 4.0550 1.1739 -1.3290
v 4.0550 1.2750 -1.3290
v 3.9303 1.2750 -1.3290
v 3.9303 1.1739 -1.2590
v 4.0550 1.1739 -1.2590
v 4.0550 1.2750 -1.2590
v 3.9303 1.2750 -1.2590
v 4.0550 1.1739 1.2430
v 4.1798 1.1739 1.2430
v 4.1798 1.2750 1.2430
v 4.0550 1.2750 1.2430
v 4.0550 1.1739 1.3130
v 4.1798 1.1739 1.3130
v 4.1798 1.2750 1.3130
v 4.0550 1.2750 1.3130
v 4.0550 1.1739 -1.3130
v 4.1798 1.1739 -1.3130
v 4.1798 1.2750 -1.3130
v 4.0550 1.2750 -1.3130
v 4.0550 1.1739 -1.2430
v 4.1798 1.1739 -1.2430
v 4.1798 1.2750 -1.2430
v 4.0550 1.2750 -1.2430
v 4.1798 1.1739 1.2260
v 4.3046 1.1739 1.2260
v 4.3046 1.2750 1.2260
v 4.1798 1.2750 1.2260
v 4.1798 1.1739 1.2960
v 4.3046 1.1739 1.2960
v 4.3046 1.2750 1.2960
v 4.1798 1.2750 1.2960
v 4.1798 1.1739 -1.2960
v 4.3046 1.1739 -1.2960
v 4.3046 1.2750 -1.2960
v 4.1798 1.2750 -1.2960
v 4.1798 1.1739 -1.2260
v 4.3046 1.1739 -1.2260
v 4.3046 1.2750 -1.2260
v 4.1798 1.2750 -1.2260
v 4.3046 1.1739 1.2090
v 4.4294 1.1739 1.2090
v 4.4294 1.2750 1.2090
v 4.3046 1.2750 1.2090
v 4.3046 1.1739 1.2790
v 4.4294 1.1739 1.2790
v 4.4294 1.2750 1.2790
v 4.3046 1.2750 1.2790
v 4.3046 1.1739 -1.2790
v 4.4294 1.1739 -1.2790
v 4.4294 1.2750 -1.2790
v 4.3046 1.2750 -1.2790
v 4.3046 1.1739 -1.2090
v 4.4294 1.1739 -1.2090
v 4.4294 1.2750 -1.2090
v 4.3046 1.2750 -1.2090
v 4.4294 1.1739 1.1900
v 4.5541 1.1739 1.1900
v 4.5541 1.2750 1.1900
v 4.4294 1.2750 1.1900
v 4.4294 1.1739 1.2600
v 4.5541 1.1739 1.2600
v 4.5541 1.2750 1.2600
v 4.4294 1.2750 1.2600
v 4.4294 1.1739 -1.2600
v 4.5541 1.1739 -1.2600
v 4.5541 1.2750 -1.2600
v 4.4294 1.2750 -1.2600
v 4.4294 1.1739 -1.1900
v 4.5541 1.1739 -1.1900
v 4.5541 1.2750 -1.1900
v 4.4294 1.2750 -1.1900
v 4.5541 1.1739 1.1710
v 4.6789 1.1739 1.1710
v 4.6789 1.2750 1.1710
v 4.5541 1.2750 1.1710
v 4.5541 1.1739 1.2410
v 4.6789 1.1739 1.2410
v 4.6789 1.2750 1.2410
v 4.5541 1.2750 1.2410
v 4.5541 1.1739 -1.2410
v 4.6789 1.1739 -1.2410
v 4.6789 1.2750 -1.2410
v 4.5541 1.2750 -1.2410
v 4.5541 1.1739 -1.1710
v 4.6789 1.1739 -1.1710
v 4.6789 1.2750 -1.1710
v 4.5541 1.2750 -1.1710
v 4.6789 1.1739 1.1510
v 4.8037 1.1739 1.1510
v 4.8037 1.2750 1.1510
v 4.6789 1.2750 1.1510
v 4.6789 1.1739 1.2210
v 4.8037 1.1739 1.2210
v 4.8037 1.2750 1.2210
v 4.6789 1.2750 1.2210
v 4.6789 1.1739 -1.2210
v 4.8037 1.1739 -1.2210
v 4.8037 1.2750 -1.2210
v 4.6789 1.2750 -1.2210
v 4.6789 1.1739 -1.1510
v 4.8037 1.1739 -1.1510
v 4.8037 1.2750 -1.1510
v 4.6789 1.2750 -1.1510
v 4.8037 1.1739 1.1300
v 4.9284 1.1739 1.1300
v 4.9284 1.2750 1.1300
v 4.8037 1.2750 1.1300
v 4.8037 1.1739 1.2000
v 4.9284 1.1739 1.2000
v 4.9284 1.2750 1.2000
v 4.8037 1.2750 1.2000
v 4.8037 1.1739 -1.2000
v 4.9284 1.1739 -1.2000
v 4.9284 1.2750 -1.2000
v 4.8037 1.2750 -1.2000
v 4.8037 1.1739 -1.1300
v 4.9284 1.1739 -1.1300
v 4.9284 1.2750 -1.1300
v 4.8037 1.2750 -1.1300
v 4.9284 1.1739 1.1090
v 5.0532 1.1739 1.1090
v 5.0532 1.2750 1.1090
v 4.9284 1.2750 1.1090
v 4.9284 1.1739 1.1790
v 5.0532 1.1739 1.1790
v 5.0532 1.2750 1.1790
v 4.9284 1.2750 1.1790
v 4.9284 1.1739 -1.1790
v 5.0532 1.1739 -1.1790
v 5.0532 1.2750 -1.1790
v 4.9284 1.2750 -1.1790
v 4.9284 1.1739 -1.1090
v 5.0532 1.1739 -1.1090
v 5.0532 1.2750 -1.1090
v 4.9284 1.2750 -1.1090
v 5.0532 1.1739 1.0870
v 5.1780 1.1739 1.0870
v 5.1780 1.2750 1.0870
v 5.0532 1.2750 1.0870
v 5.0532 1.1739 1.1570
v 5.1780 1.1739 1.1570
v 5.1780 1.2750 1.1570
v 5.0532 1.2750 1.1570
v 5.0532 1.1739 -1.1570
v 5.1780 1.1739 -1.1570
v 5.1780 1.2750 -1.1570
v 5.0532 1.2750 -1.1570
v 5.0532 1.1739 -1.0870
v 5.1780 1.1739 -1.0870
v 5.1780 1.2750 -1.0870
v 5.0532 1.2750 -1.0870
v 5.1780 1.1739 1.0640
v 5.3028 1.1739 1.0640
v 5.3028 1.2750 1.0640
v 5.1780 1.2750 1.0640
v 5.1780 1.1739 1.1340
v 5.3028 1.1739 1.1340
v 5.3028 1.2750 1.1340
v 5.1780 1.2750 1.1340
v 5.1780 1.1739 -1.1340
v 5.3028 1.1739 -1.1340
v 5.3028 1.2750 -1.1340
v 5.1780 1.2750 -1.1340
v 5.1780 1.1739 -1.0640
v 5.3028 1.1739 -1.0640
v 5.3028 1.2750 -1.0640
v 5.1780 1.2750 -1.0640
v 5.3028 1.1739 1.0410
v 5.4275 1.1739 1.0410
v 5.4275 1.2750 1.0410
v 5.3028 1.2750 1.0410
v 5.3028 1.1739 1.1110
v 5.4275 1.1739 1.1110
v 5.4275 1.2750 1.1110
v 5.3028 1.2750 1.1110
v 5.3028 1.1739 -1.1110
v 5.4275 1.1739 -1.1110
v 5.4275 1.2750 -1.1110
v 5.3028 1.2750 -1.1110
v 5.3028 1.1739 -1.0410
v 5.4275 1.1739 -1.0410
v 5.4275 1.2750 -1.0410
v 5.3028 1.2750 -1.0410
v 5.4275 1.1739 1.0180
v 5.5523 1.1739 1.0180
v 5.5523 1.2750 1.0180
v 5.4275 1.2750 1.0180
v 5.4275 1.1739 1.0880
v 5.5523 1.1739 1.0880
v 5.5523 1.2750 1.0880
v 5.4275 1.2750 1.0880
v 5.4275 1.1739 -1.0880
v 5.5523 1.1739 -1.0880
v 5.5523 1.2750 -1.0880
v 5.4275 1.2750 -1.0880
v 5.4275 1.1739 -1.0180
v 5.5523 1.1739 -1.0180
v 5.5523 1.2750 -1.0180
v 5.4275 1.2750 -1.0180
v 5.5523 1.1739 0.9940
v 5.6771 1.1739 0.9940
v 5.6771 1.2750 0.9940
v 5.5523 1.2750 0.9940
v 5.5523 1.1739 1.0640
v 5.6771 1.1739 1.0640
v 5.6771 1.2750 1.0640
v 5.5523 1.2750 1.0640
v 5.5523 1.1739 -1.0640
v 5.6771 1.1739 -1.0640
v 5.6771 1.2750 -1.0640
v 5.5523 1.2750 -1.0640
v 5.5523 1.1739 -0.9940
v 5.6771 1.1739 -0.9940
v 5.6771 1.2750 -0.9940
v 5.5523 1.2750 -0.9940
v 5.6771 1.1739 0.9690
v 5.8018 1.1739 0.9690
v 5.8018 1.2750 0.9690
v 5.6771 1.2750 0.9690
v 5.6771 1.1739 1.0390
v 5.8018 1.1739 1.0390
v 5.8018 1.2750 1.0390
v 5.6771 1.2750 1.0390
v 5.6771 1.1739 -1.0390
v 5.8018 1.1739 -1.0390
v 5.8018 1.2750 -1.0390
v 5.6771 1.2750 -1.0390
v 5.6771 1.1739 -0.9690
v 5.8018 1.1739 -0.9690
v 5.8018 1.2750 -0.9690
v 5.6771 1.2750 -0.9690
v 5.8018 1.1739 0.9440
v 5.9266 1.1739 0.9440
v 5.9266 1.2750 0.9440
v 5.8018 1.2750 0.9440
v 5.8018 1.1739 1.0140
v 5.9266 1.1739 1.0140
v 5.9266 1.2750 1.0140
v 5.8018 1.2750 1.0140
v 5.8018 1.1739 -1.0140
v 5.9266 1.1739 -1.0140
v 5.9266 1.2750 -1.0140
v 5.8018 1.2750 -1.0140
v 5.8018 1.1739 -0.9440
v 5.9266 1.1739 -0.9440
v 5.9266 1.2750 -0.9440
v 5.8018 1.2750 -0.9440
v 5.9266 1.1739 0.9190
v 6.0514 1.1739 0.9190
v 6.0514 1.2750 0.9190
v 5.9266 1.2750 0.9190
v 5.9266 1.1739 0.9890
v 6.0514 1.1739 0.9890
v 6.0514 1.2750 0.9890
v 5.9266 1.2750 0.9890
v 5.9266 1.1739 -0.9890
v 6.0514 1.1739 -0.9890
v 6.0514 1.2750 -0.9890
v 5.9266 1.2750 -0.9890
v 5.9266 1.1739 -0.9190
v 6.0514 1.1739 -0.9190
v 6.0514 1.2750 -0.9190
v 5.9266 1.2750 -0.9190
v 6.0514 1.1739 0.8810
v 6.1761 1.1739 0.8810
v 6.1761 1.2750 0.8810
v 6.0514 1.2750 0.8810
v 6.0514 1.1739 0.9510
v 6.1761 1.1739 0.9510
v 6.1761 1.2750 0.9510
v 6.0514 1.2750 0.9510
v 6.0514 1.1739 -0.9510
v 6.1761 1.1739 -0.9510
v 6.1761 1.2750 -0.9510
v 6.0514 1.2750 -0.9510
v 6.0514 1.1739 -0.8810
v 6.1761 1.1739 -0.8810
v 6.1761 1.2750 -0.8810
v 6.0514 1.2750 -0.8810
v 6.1761 1.1739 0.8050
v 6.3009 1.1739 0.8050
v 6.3009 1.2750 0.8050
v 6.1761 1.2750 0.8050
v 6.1761 1.1739 0.8750
v 6.3009 1.1739 0.8750
v 6.3009 1.2750 0.8750
v 6.1761 1.2750 0.8750
v 6.1761 1.1739 -0.8750
v 6.3009 1.1739 -0.8750
v 6.3009 1.2750 -0.8750
v 6.1761 1.2750 -0.8750
v 6.1761 1.1739 -0.8050
v 6.3009 1.1739 -0.8050
v 6.3009 1.2750 -0.8050
v 6.1761 1.2750 -0.8050
v 6.3009 1.1739 0.6860
v 6.4257 1.1739 0.6860
v 6.4257 1.2750 0.6860
v 6.3009 1.2750 0.6860
v 6.3009 1.1739 0.7560
v 6.4257 1.1739 0.7560
v 6.4257 1.2750 0.7560
v 6.3009 1.2750 0.7560
v 6.3009 1.1739 -0.7560
v 6.4257 1.1739 -0.7560
v 6.4257 1.2750 -0.7560
v 6.3009 1.2750 -0.7560
v 6.3009 1.1739 -0.6860
v 6.4257 1.1739 -0.6860
v 6.4257 1.2750 -0.6860
v 6.3009 1.2750 -0.6860
v 6.4257 1.1739 -0.5720
v 6.5505 1.1739 -0.5720
v 6.5505 1.2750 -0.5720
v 6.4257 1.2750 -0.5720
v 6.4257 1.1739 0.5720
v 6.5505 1.1739 0.5720
v 6.5505 1.2750 0.5720
v 6.4257 1.2750 0.5720
v 3.3064 1.2750 1.3220
v 3.4312 1.2750 1.3220
v 3.4312 2.8932 1.3220
v 3.3064 2.8932 1.3220
v 3.3064 1.2750 1.3720
v 3.4312 1.2750 1.3720
v 3.4312 2.8932 1.3720
v 3.3064 2.8932 1.3720
v 3.3064 1.2750 -1.3720
v 3.4312 1.2750 -1.3720
v 3.4312 2.8932 -1.3720
v 3.3064 2.8932 -1.3720
v 3.3064 1.2750 -1.3220
v 3.4312 1.2750 -1.3220
v 3.4312 2.8932 -1.3220
v 3.3064 2.8932 -1.3220
v 3.4312 1.2750 1.3120
v 3.5560 1.2750 1.3120
v 3.5560 2.8932 1.3120
v 3.4312 2.8932 1.3120
v 3.4312 1.2750 1.3620
v 3.5560 1.2750 1.3620
v 3.5560 2.8932 1.3620
v 3.4312 2.8932 1.3620
v 3.4312 1.2750 -1.3620
v 3.5560 1.2750 -1.3620
v 3.5560 2.8932 -1.3620
v 3.4312 2.8932 -1.3620
v 3.4312 1.2750 -1.3120
v 3.5560 1.2750 -1.3120
v 3.5560 2.8932 -1.3120
v 3.4312 2.8932 -1.3120
v 3.5560 1.2750 1.3010
v 3.6807 1.2750 1.3010
v 3.6807 2.8932 1.3010
v 3.5560 2.8932 1.3010
v 3.5560 1.2750 1.3510
v 3.6807 1.2750 1.3510
v 3.6807 2.8932 1.3510
v 3.5560 2.8932 1.3510
v 3.5560 1.2750 -1.3510
v 3.6807 1.2750 -1.3510
v 3.6807 2.8932 -1.3510
v 3.5560 2.8932 -1.3510
v 3.5560 1.2750 -1.3010
v 3.6807 1.2750 -1.3010
v 3.6807 2.8932 -1.3010
v 3.5560 2.8932 -1.3010
v 3.6807 1.2750 1.2880
v 3.8055 1.2750 1.2880
v 3.8055 2.7920 1.2880
v 3.6807 2.7920 1.2880
v 3.6807 1.2750 1.3380
v 3.8055 1.2750 1.3380
v 3.8055 2.7920 1.3380
v 3.6807 2.7920 1.3380
v 3.6807 1.2750 -1.3380
v 3.8055 1.2750 -1.3380
v 3.8055 2.7920 -1.3380
v 3.6807 2.7920 -1.3380
v 3.6807 1.2750 -1.2880
v 3.8055 1.2750 -1.2880
v 3.8055 2.7920 -1.2880
v 3.6807 2.7920 -1.2880
v 3.8055 1.2750 1.2740
v 3.9303 1.2750 1.2740
v 3.9303 2.7920 1.2740
v 3.8055 2.7920 1.2740
v 3.8055 1.2750 1.3240
v 3.9303 1.2750 1.3240
v 3.9303 2.7920 1.3240
v 3.8055 2.7920 1.3240
v 3.8055 1.2750 -1.3240
v 3.9303 1.2750 -1.3240
v 3.9303 2.7920 -1.3240
v 3.8055 2.7920 -1.3240
v 3.8055 1.2750 -1.2740
v 3.9303 1.2750 -1.2740
v 3.9303 2.7920 -1.2740
v 3.8055 2.7920 -1.2740
v 3.9303 1.2750 1.2590
v 4.0550 1.2750 1.2590
v 4.0550 2.6909 1.2590
v 3.9303 2.6909 1.2590
v 3.9303 1.2750 1.3090
v 4.0550 1.2750 1.3090
v 4.0550 2.6909 1.3090
v 3.9303 2.6909 1.3090
v 3.9303 1.2750 -1.3090
v 4.0550 1.2750 -1.3090
v 4.0550 2.6909 -1.3090
v 3.9303 2.6909 -1.3090
v 3.9303 1.2750 -1.2590
v 4.0550 1.2750 -1.2590
v 4.0550 2.6909 -1.2590
v 3.9303 2.6909 -1.2590
v 4.0550 1.2750 1.2430
v 4.1798 1.2750 1.2430
v 4.1798 2.6909 1.2430
v 4.0550 2.6909 1.2430
v 4.0550 1.2750 1.2930
v 4.1798 1.2750 1.2930
v 4.1798 2.6909 1.2930
v 4.0550 2.6909 1.2930
v 4.0550 1.2750 -1.2930
v 4.1798 1.2750 -1.2930
v 4.1798 2.6909 -1.2930
v 4.0550 2.6909 -1.2930
v 4.0550 1.2750 -1.2430
v 4.1798 1.2750 -1.2430
v 4.1798 2.6909 -1.2430
v 4.0550 2.6909 -1.2430
v 4.1798 1.2750 1.2260
v 4.3046 1.2750 1.2260
v 4.3046 2.5898 1.2260
v 4.1798 2.5898 1.2260
v 4.1798 1.2750 1.2760
v 4.3046 1.2750 1.2760
v 4.3046 2.5898 1.2760
v 4.1798 2.5898 1.2760
v 4.1798 1.2750 -1.2760
v 4.3046 1.2750 -1.2760
v 4.3046 2.5898 -1.2760
v 4.1798 2.5898 -1.2760
v 4.1798 1.2750 -1.2260
v 4.3046 1.2750 -1.2260
v 4.3046 2.5898 -1.2260
v 4.1798 2.5898 -1.2260
v 4.3046 1.2750 1.2090
v 4.4294 1.2750 1.2090
v 4.4294 2.4886 1.2090
v 4.3046 2.4886 1.2090
v 4.3046 1.2750 1.2590
v 4.4294 1.2750 1.2590
v 4.4294 2.4886 1.2590
v 4.3046 2.4886 1.2590
v 4.3046 1.2750 -1.2590
v 4.4294 1.2750 -1.2590
v 4.4294 2.4886 -1.2590
v 4.3046 2.4886 -1.2590
v 4.3046 1.2750 -1.2090
v 4.4294 1.2750 -1.2090
v 4.4294 2.4886 -1.2090
v 4.3046 2.4886 -1.2090
v 4.4294 1.2750 1.1900
v 4.5541 1.2750 1.1900
v 4.5541 2.3875 1.1900
v 4.4294 2.3875 1.1900
v 4.4294 1.2750 1.2400
v 4.5541 1.2750 1.2400
v 4.5541 2.3875 1.2400
v 4.4294 2.3875 1.2400
v 4.4294 1.2750 -1.2400
v 4.5541 1.2750 -1.2400
v 4.5541 2.3875 -1.2400
v 4.4294 2.3875 -1.2400
v 4.4294 1.2750 -1.1900
v 4.5541 1.2750 -1.1900
v 4.5541 2.3875 -1.1900
v 4.4294 2.3875 -1.1900
v 4.5541 1.2750 1.1710
v 4.6789 1.2750 1.1710
v 4.6789 2.3875 1.1710
v 4.5541 2.3875 1.1710
v 4.5541 1.2750 1.2210
v 4.6789 1.2750 1.2210
v 4.6789 2.3875 1.2210
v 4.5541 2.3875 1.2210
v 4.5541 1.2750 -1.2210
v 4.6789 1.2750 -1.2210
v 4.6789 2.3875 -1.2210
v 4.5541 2.3875 -1.2210
v 4.5541 1.2750 -1.1710
v 4.6789 1.2750 -1.1710
v 4.6789 2.3875 -1.1710
v 4.5541 2.3875 -1.1710
v 4.6789 1.2750 1.1510
v 4.8037 1.2750 1.1510
v 4.8037 2.2864 1.1510
v 4.6789 2.2864 1.1510
v 4.6789 1.2750 1.2010
v 4.8037 1.2750 1.2010
v 4.8037 2.2864 1.2010
v 4.6789 2.2864 1.2010
v 4.6789 1.2750 -1.2010
v 4.8037 1.2750 -1.2010
v 4.8037 2.2864 -1.2010
v 4.6789 2.2864 -1.2010
v 4.6789 1.2750 -1.1510
v 4.8037 1.2750 -1.1510
v 4.8037 2.2864 -1.1510
v 4.6789 2.2864 -1.1510
v 4.8037 1.2750 1.1300
v 4.9284 1.2750 1.1300
v 4.9284 2.1852 1.1300
v 4.8037 2.1852 1.1300
v 4.8037 1.2750 1.1800
v 4.9284 1.2750 1.1800
v 4.9284 2.1852 1.1800
v 4.8037 2.1852 1.1800
v 4.8037 1.2750 -1.1800
v 4.9284 1.2750 -1.1800
v 4.9284 2.1852 -1.1800
v 4.8037 2.1852 -1.1800
v 4.8037 1.2750 -1.1300
v 4.9284 1.2750 -1.1300
v 4.9284 2.1852 -1.1300
v 4.8037 2.1852 -1.1300
v 4.9284 1.2750 1.1090
v 5.0532 1.2750 1.1090
v 5.0532 2.0841 1.1090
v 4.9284 2.0841 1.1090
v 4.9284 1.2750 1.1590
v 5.0532 1.2750 1.1590
v 5.0532 2.0841 1.1590
v 4.9284 2.0841 1.1590
v 4.9284 1.2750 -1.1590
v 5.0532 1.2750 -1.1590
v 5.0532 2.0841 -1.1590
v 4.9284 2.0841 -1.1590
v 4.9284 1.2750 -1.1090
v 5.0532 1.2750 -1.1090
v 5.0532 2.0841 -1.1090
v 4.9284 2.0841 -1.1090
v 5.0532 1.2750 1.0870
v 5.1780 1.2750 1.0870
v 5.1780 1.9830 1.0870
v 5.0532 1.9830 1.0870
v 5.0532 1.2750 1.1370
v 5.1780 1.2750 1.1370
v 5.1780 1.9830 1.1370
v 5.0532 1.9830 1.1370
v 5.0532 1.2750 -1.1370
v 5.1780 1.2750 -1.1370
v 5.1780 1.9830 -1.1370
v 5.0532 1.9830 -1.1370
v 5.0532 1.2750 -1.0870
v 5.1780 1.2750 -1.0870
v 5.1780 1.9830 -1.0870
v 5.0532 1.9830 -1.0870
v 5.1780 1.2750 1.0640
v 5.3028 1.2750 1.0640
v 5.3028 1.8818 1.0640
v 5.1780 1.8818 1.0640
v 5.1780 1.2750 1.1140
v 5.3028 1.2750 1.1140
v 5.3028 1.8818 1.1140
v 5.1780 1.8818 1.1140
v 5.1780 1.2750 -1.1140
v 5.3028 1.2750 -1.1140
v 5.3028 1.8818 -1.1140
v 5.1780 1.8818 -1.1140
v 5.1780 1.2750 -1.0640
v 5.3028 1.2750 -1.0640
v 5.3028 1.8818 -1.0640
v 5.1780 1.8818 -1.0640
v 5.3028 1.2750 1.0410
v 5.4275 1.2750 1.0410
v 5.4275 1.7807 1.0410
v 5.3028 1.7807 1.0410
v 5.3028 1.2750 1.0910
v 5.4275 1.2750 1.0910
v 5.4275 1.7807 1.0910
v 5.3028 1.7807 1.0910
v 5.3028 1.2750 -1.0910
v 5.4275 1.2750 -1.0910
v 5.4275 1.7807 -1.0910
v 5.3028 1.7807 -1.0910
v 5.3028 1.2750 -1.0410
v 5.4275 1.2750 -1.0410
v 5.4275 1.7807 -1.0410
v 5.3028 1.7807 -1.0410
v 5.4275 1.2750 1.0180
v 5.5523 1.2750 1.0180
v 5.5523 1.6795 1.0180
v 5.4275 1.6795 1.0180
v 5.4275 1.2750 1.0680
v 5.5523 1.2750 1.0680
v 5.5523 1.6795 1.0680
v 5.4275 1.6795 1.0680
v 5.4275 1.2750 -1.0680
v 5.5523 1.2750 -1.0680
v 5.5523 1.6795 -1.0680
v 5.4275 1.6795 -1.0680
v 5.4275 1.2750 -1.0180
v 5.5523 1.2750 -1.0180
v 5.5523 1.6795 -1.0180
v 5.4275 1.6795 -1.0180
v 5.5523 1.2750 0.9940
v 5.6771 1.2750 0.9940
v 5.6771 1.5784 0.9940
v 5.5523 1.5784 0.9940
v 5.5523 1.2750 1.0440
v 5.6771 1.2750 1.0440
v 5.6771 1.5784 1.0440
v 5.5523 1.5784 1.0440
v 5.5523 1.2750 -1.0440
v 5.6771 1.2750 -1.0440
v 5.6771 1.5784 -1.0440
v 5.5523 1.5784 -1.0440
v 5.5523 1.2750 -0.9940
v 5.6771 1.2750 -0.9940
v 5.6771 1.5784 -0.9940
v 5.5523 1.5784 -0.9940
v 5.6771 1.2750 0.9690
v 5.8018 1.2750 0.9690
v 5.8018 1.4773 0.9690
v 5.6771 1.4773 0.9690
v 5.6771 1.2750 1.0190
v 5.8018 1.2750 1.0190
v 5.8018 1.4773 1.0190
v 5.6771 1.4773 1.0190
v 5.6771 1.2750 -1.0190
v 5.8018 1.2750 -1.0190
v 5.8018 1.4773 -1.0190
v 5.6771 1.4773 -1.0190
v 5.6771 1.2750 -0.9690
v 5.8018 1.2750 -0.9690
v 5.8018 1.4773 -0.9690
v 5.6771 1.4773 -0.9690
v 5.8018 1.2750 0.9440
v 5.9266 1.2750 0.9440
v 5.9266 1.3761 0.9440
v 5.8018 1.3761 0.9440
v 5.8018 1.2750 0.9940
v 5.9266 1.2750 0.9940
v 5.9266 1.3761 0.9940
v 5.8018 1.3761 0.9940
v 5.8018 1.2750 -0.9940
v 5.9266 1.2750 -0.9940
v 5.9266 1.3761 -0.9940
v 5.8018 1.3761 -0.9940
v 5.8018 1.2750 -0.9440
v 5.9266 1.2750 -0.9440
v 5.9266 1.3761 -0.9440
v 5.8018 1.3761 -0.9440
v 5.9266 1.2750 0.9100
v 6.0514 1.2750 0.9100
v 6.0514 1.3761 0.9100
v 5.9266 1.3761 0.9100
v 5.9266 1.2750 0.9600
v 6.0514 1.2750 0.9600
v 6.0514 1.3761 0.9600
v 5.9266 1.3761 0.9600
v 5.9266 1.2750 -0.9600
v 6.0514 1.2750 -0.9600
v 6.0514 1.3761 -0.9600
v 5.9266 1.3761 -0.9600
v 5.9266 1.2750 -0.9100
v 6.0514 1.2750 -0.9100
v 6.0514 1.3761 -0.9100
v 5.9266 1.3761 -0.9100
v 6.0514 1.2750 0.8400
v 6.1761 1.2750 0.8400
v 6.1761 1.3761 0.8400
v 6.0514 1.3761 0.8400
v 6.0514 1.2750 0.9100
v 6.1761 1.2750 0.9100
v 6.1761 1.3761 0.9100
v 6.0514 1.3761 0.9100
v 6.0514 1.2750 -0.9100
v 6.1761 1.2750 -0.9100
v 6.1761 1.3761 -0.9100
v 6.0514 1.3761 -0.9100
v 6.0514 1.2750 -0.8400
v 6.1761 1.2750 -0.8400
v 6.1761 1.3761 -0.8400
v 6.0514 1.3761 -0.8400
v 6.1761 1.2750 0.7280
v 6.3009 1.2750 0.7280
v 6.3009 1.3761 0.7280
v 6.1761 1.3761 0.7280
v 6.1761 1.2750 0.7980
v 6.3009 1.2750 0.7980
v 6.3009 1.3761 0.7980
v 6.1761 1.3761 0.7980
v 6.1761 1.2750 -0.7980
v 6.3009 1.2750 -0.7980
v 6.3009 1.3761 -0.7980
v 6.1761 1.3761 -0.7980
v 6.1761 1.2750 -0.7280
v 6.3009 1.2750 -0.7280
v 6.3009 1.3761 -0.7280
v 6.1761 1.3761 -0.7280
v 6.3009 1.2750 -0.6270
v 6.4257 1.2750 -0.6270
v 6.4257 1.3761 -0.6270
v 6.3009 1.3761 -0.6270
v 6.3009 1.2750 0.6270
v 6.4257 1.2750 0.6270
v 6.4257 1.3761 0.6270
v 6.3009 1.3761 0.6270
v 5.8018 1.3761 0.9380
v 5.9266 1.3761 0.9380
v 5.9266 1.4773 0.9380
v 5.8018 1.4773 0.9380
v 5.8018 1.3761 0.9880
v 5.9266 1.3761 0.9880
v 5.9266 1.4773 0.9880
v 5.8018 1.4773 0.9880
v 5.8018 1.3761 -0.9880
v 5.9266 1.3761 -0.9880
v 5.9266 1.4773 -0.9880
v 5.8018 1.4773 -0.9880
v 5.8018 1.3761 -0.9380
v 5.9266 1.3761 -0.9380
v 5.9266 1.4773 -0.9380
v 5.8018 1.4773 -0.9380
v 5.9266 1.3761 0.8720
v 6.0514 1.3761 0.8720
v 6.0514 1.4773 0.8720
v 5.9266 1.4773 0.8720
v 5.9266 1.3761 0.9420
v 6.0514 1.3761 0.9420
v 6.0514 1.4773 0.9420
v 5.9266 1.4773 0.9420
v 5.9266 1.3761 -0.9420
v 6.0514 1.3761 -0.9420
v 6.0514 1.4773 -0.9420
v 5.9266 1.4773 -0.9420
v 5.9266 1.3761 -0.8720
v 6.0514 1.3761 -0.8720
v 6.0514 1.4773 -0.8720
v 5.9266 1.4773 -0.8720
v 6.0514 1.3761 0.7660
v 6.1761 1.3761 0.7660
v 6.1761 1.4773 0.7660
v 6.0514 1.4773 0.7660
v 6.0514 1.3761 0.8360
v 6.1761 1.3761 0.8360
v 6.1761 1.4773 0.8360
v 6.0514 1.4773 0.8360
v 6.0514 1.3761 -0.8360
v 6.1761 1.3761 -0.8360
v 6.1761 1.4773 -0.8360
v 6.0514 1.4773 -0.8360
v 6.0514 1.3761 -0.7660
v 6.1761 1.3761 -0.7660
v 6.1761 1.4773 -0.7660
v 6.0514 1.4773 -0.7660
v 6.1761 1.3761 -0.6760
v 6.3009 1.3761 -0.6760
v 6.3009 1.4773 -0.6760
v 6.1761 1.4773 -0.6760
v 6.1761 1.3761 0.6760
v 6.3009 1.3761 0.6760
v 6.3009 1.4773 0.6760
v 6.1761 1.4773 0.6760
v 6.3009 1.3761 -0.4090
v 6.4257 1.3761 -0.4090
v 6.4257 1.4773 -0.4090
v 6.3009 1.4773 -0.4090
v 6.3009 1.3761 0.4090
v 6.4257 1.3761 0.4090
v 6.4257 1.4773 0.4090
v 6.3009 1.4773 0.4090
v -6.4257 1.4773 1.2950
v -6.3009 1.4773 1.2950
v -6.3009 2.8932 1.2950
v -6.4257 2.8932 1.2950
v -6.4257 1.4773 1.3450
v -6.3009 1.4773 1.3450
v -6.3009 2.8932 1.3450
v -6.4257 2.8932 1.3450
v -6.4257 1.4773 -1.3450
v -6.3009 1.4773 -1.3450
v -6.3009 2.8932 -1.3450
v -6.4257 2.8932 -1.3450
v -6.4257 1.4773 -1.2950
v -6.3009 1.4773 -1.2950
v -6.3009 2.8932 -1.2950
v -6.4257 2.8932 -1.2950
v -6.3009 1.4773 1.3300
v -6.1761 1.4773 1.3300
v -6.1761 2.8932 1.3300
v -6.3009 2.8932 1.3300
v -6.3009 1.4773 1.4000
v -6.1761 1.4773 1.4000
v -6.1761 2.8932 1.4000
v -6.3009 2.8932 1.4000
v -6.3009 1.4773 -1.4000
v -6.1761 1.4773 -1.4000
v -6.1761 2.8932 -1.4000
v -6.3009 2.8932 -1.4000
v -6.3009 1.4773 -1.3300
v -6.1761 1.4773 -1.3300
v -6.1761 2.8932 -1.3300
v -6.3009 2.8932 -1.3300
v -6.1761 1.4773 1.3300
v -4.4294 1.4773 1.3300
v -4.4294 2.8932 1.3300
v -6.1761 2.8932 1.3300
v -6.1761 1.4773 1.3800
v -4.4294 1.4773 1.3800
v -4.4294 2.8932 1.3800
v -6.1761 2.8932 1.3800
v -6.1761 1.4773 -1.3800
v -4.4294 1.4773 -1.3800
v -4.4294 2.8932 -1.3800
v -6.1761 2.8932 -1.3800
v -6.1761 1.4773 -1.3300
v -4.4294 1.4773 -1.3300
v -4.4294 2.8932 -1.3300
v -6.1761 2.8932 -1.3300
v -2.8073 1.4773 1.3300
v -2.0587 1.4773 1.3300
v -2.0587 2.8932 1.3300
v -2.8073 2.8932 1.3300
v -2.8073 1.4773 1.3800
v -2.0587 1.4773 1.3800
v -2.0587 2.8932 1.3800
v -2.8073 2.8932 1.3800
v -2.8073 1.4773 -1.3800
v -2.0587 1.4773 -1.3800
v -2.0587 2.8932 -1.3800
v -2.8073 2.8932 -1.3800
v -2.8073 1.4773 -1.3300
v -2.0587 1.4773 -1.3300
v -2.0587 2.8932 -1.3300
v -2.8073 2.8932 -1.3300
v -2.0587 1.4773 1.3300
v -1.9339 1.4773 1.3300
v -1.9339 2.8932 1.3300
v -2.0587 2.8932 1.3300
v -2.0587 1.4773 1.4000
v -1.9339 1.4773 1.4000
v -1.9339 2.8932 1.4000
v -2.0587 2.8932 1.4000
v -2.0587 1.4773 -1.4000
v -1.9339 1.4773 -1.4000
v -1.9339 2.8932 -1.4000
v -2.0587 2.8932 -1.4000
v -2.0587 1.4773 -1.3300
v -1.9339 1.4773 -1.3300
v -1.9339 2.8932 -1.3300
v -2.0587 2.8932 -1.3300
v -1.9339 1.4773 1.3300
v -0.1872 1.4773 1.3300
v -0.1872 2.8932 1.3300
v -1.9339 2.8932 1.3300
v -1.9339 1.4773 1.3800
v -0.1872 1.4773 1.3800
v -0.1872 2.8932 1.3800
v -1.9339 2.8932 1.3800
v -1.9339 1.4773 -1.3800
v -0.1872 1.4773 -1.3800
v -0.1872 2.8932 -1.3800
v -1.9339 2.8932 -1.3800
v -1.9339 1.4773 -1.3300
v -0.1872 1.4773 -1.3300
v -0.1872 2.8932 -1.3300
v -1.9339 2.8932 -1.3300
v 1.4349 1.4773 1.3300
v 2.0587 1.4773 1.3300
v 2.0587 2.8932 1.3300
v 1.4349 2.8932 1.3300
v 1.4349 1.4773 1.3800
v 2.0587 1.4773 1.3800
v 2.0587 2.8932 1.3800
v 1.4349 2.8932 1.3800
v 1.4349 1.4773 -1.3800
v 2.0587 1.4773 -1.3800
v 2.0587 2.8932 -1.3800
v 1.4349 2.8932 -1.3800
v 1.4349 1.4773 -1.3300
v 2.0587 1.4773 -1.3300
v 2.0587 2.8932 -1.3300
v 1.4349 2.8932 -1.3300
v 2.0587 1.4773 1.3300
v 2.1835 1.4773 1.3300
v 2.1835 2.8932 1.3300
v 2.0587 2.8932 1.3300
v 2.0587 1.4773 1.4000
v 2.1835 1.4773 1.4000
v 2.1835 2.8932 1.4000
v 2.0587 2.8932 1.4000
v 2.0587 1.4773 -1.4000
v 2.1835 1.4773 -1.4000
v 2.1835 2.8932 -1.4000
v 2.0587 2.8932 -1.4000
v 2.0587 1.4773 -1.3300
v 2.1835 1.4773 -1.3300
v 2.1835 2.8932 -1.3300
v 2.0587 2.8932 -1.3300
v 2.1835 1.4773 1.3300
v 3.1817 1.4773 1.3300
v 3.1817 2.8932 1.3300
v 2.1835 2.8932 1.3300
v 2.1835 1.4773 1.3800
v 3.1817 1.4773 1.3800
v 3.1817 2.8932 1.3800
v 2.1835 2.8932 1.3800
v 2.1835 1.4773 -1.3800
v 3.1817 1.4773 -1.3800
v 3.1817 2.8932 -1.3800
v 2.1835 2.8932 -1.3800
v 2.1835 1.4773 -1.3300
v 3.1817 1.4773 -1.3300
v 3.1817 2.8932 -1.3300
v 2.1835 2.8932 -1.3300
v 5.6771 1.4773 0.9640
v 5.8018 1.4773 0.9640
v 5.8018 1.5784 0.9640
v 5.6771 1.5784 0.9640
v 5.6771 1.4773 1.0140
v 5.8018 1.4773 1.0140
v 5.8018 1.5784 1.0140
v 5.6771 1.5784 1.0140
v 5.6771 1.4773 -1.0140
v 5.8018 1.4773 -1.0140
v 5.8018 1.5784 -1.0140
v 5.6771 1.5784 -1.0140
v 5.6771 1.4773 -0.9640
v 5.8018 1.4773 -0.9640
v 5.8018 1.5784 -0.9640
v 5.6771 1.5784 -0.9640
v 5.8018 1.4773 0.9030
v 5.9266 1.4773 0.9030
v 5.9266 1.5784 0.9030
v 5.8018 1.5784 0.9030
v 5.8018 1.4773 0.9730
v 5.9266 1.4773 0.9730
v 5.9266 1.5784 0.9730
v 5.8018 1.5784 0.9730
v 5.8018 1.4773 -0.9730
v 5.9266 1.4773 -0.9730
v 5.9266 1.5784 -0.9730
v 5.8018 1.5784 -0.9730
v 5.8018 1.4773 -0.9030
v 5.9266 1.4773 -0.9030
v 5.9266 1.5784 -0.9030
v 5.8018 1.5784 -0.9030
v 5.9266 1.4773 0.8020
v 6.0514 1.4773 0.8020
v 6.0514 1.5784 0.8020
v 5.9266 1.5784 0.8020
v 5.9266 1.4773 0.8720
v 6.0514 1.4773 0.8720
v 6.0514 1.5784 0.8720
v 5.9266 1.5784 0.8720
v 5.9266 1.4773 -0.8720
v 6.0514 1.4773 -0.8720
v 6.0514 1.5784 -0.8720
v 5.9266 1.5784 -0.8720
v 5.9266 1.4773 -0.8020
v 6.0514 1.4773 -0.8020
v 6.0514 1.5784 -0.8020
v 5.9266 1.5784 -0.8020
v 6.0514 1.4773 -0.7200
v 6.1761 1.4773 -0.7200
v 6.1761 1.5784 -0.7200
v 6.0514 1.5784 -0.7200
v 6.0514 1.4773 0.7200
v 6.1761 1.4773 0.7200
v 6.1761 1.5784 0.7200
v 6.0514 1.5784 0.7200
v 6.1761 1.4773 -0.4770
v 6.3009 1.4773 -0.4770
v 6.3009 1.5784 -0.4770
v 6.1761 1.5784 -0.4770
v 6.1761 1.4773 0.4770
v 6.3009 1.4773 0.4770
v 6.3009 1.5784 0.4770
v 6.1761 1.5784 0.4770
v 5.5523 1.5784 0.9900
v 5.6771 1.5784 0.9900
v 5.6771 1.6795 0.9900
v 5.5523 1.6795 0.9900
v 5.5523 1.5784 1.0400
v 5.6771 1.5784 1.0400
v 5.6771 1.6795 1.0400
v 5.5523 1.6795 1.0400
v 5.5523 1.5784 -1.0400
v 5.6771 1.5784 -1.0400
v 5.6771 1.6795 -1.0400
v 5.5523 1.6795 -1.0400
v 5.5523 1.5784 -0.9900
v 5.6771 1.5784 -0.9900
v 5.6771 1.6795 -0.9900
v 5.5523 1.6795 -0.9900
v 5.6771 1.5784 0.9320
v 5.8018 1.5784 0.9320
v 5.8018 1.6795 0.9320
v 5.6771 1.6795 0.9320
v 5.6771 1.5784 1.0020
v 5.8018 1.5784 1.0020
v 5.8018 1.6795 1.0020
v 5.6771 1.6795 1.0020
v 5.6771 1.5784 -1.0020
v 5.8018 1.5784 -1.0020
v 5.8018 1.6795 -1.0020
v 5.6771 1.6795 -1.0020
v 5.6771 1.5784 -0.9320
v 5.8018 1.5784 -0.9320
v 5.8018 1.6795 -0.9320
v 5.6771 1.6795 -0.9320
v 5.8018 1.5784 0.8350
v 5.9266 1.5784 0.8350
v 5.9266 1.6795 0.8350
v 5.8018 1.6795 0.8350
v 5.8018 1.5784 0.9050
v 5.9266 1.5784 0.9050
v 5.9266 1.6795 0.9050
v 5.8018 1.6795 0.9050
v 5.8018 1.5784 -0.9050
v 5.9266 1.5784 -0.9050
v 5.9266 1.6795 -0.9050
v 5.8018 1.6795 -0.9050
v 5.8018 1.5784 -0.8350
v 5.9266 1.5784 -0.8350
v 5.9266 1.6795 -0.8350
v 5.8018 1.6795 -0.8350
v 5.9266 1.5784 -0.7600
v 6.0514 1.5784 -0.7600
v 6.0514 1.6795 -0.7600
v 5.9266 1.6795 -0.7600
v 5.9266 1.5784 0.7600
v 6.0514 1.5784 0.7600
v 6.0514 1.6795 0.7600
v 5.9266 1.6795 0.7600
v 6.0514 1.5784 -0.5340
v 6.1761 1.5784 -0.5340
v 6.1761 1.6795 -0.5340
v 6.0514 1.6795 -0.5340
v 6.0514 1.5784 0.5340
v 6.1761 1.5784 0.5340
v 6.1761 1.6795 0.5340
v 6.0514 1.6795 0.5340
v 5.4275 1.6795 1.0140
v 5.5523 1.6795 1.0140
v 5.5523 1.7807 1.0140
v 5.4275 1.7807 1.0140
v 5.4275 1.6795 1.0640
v 5.5523 1.6795 1.0640
v 5.5523 1.7807 1.0640
v 5.4275 1.7807 1.0640
v 5.4275 1.6795 -1.0640
v 5.5523 1.6795 -1.0640
v 5.5523 1.7807 -1.0640
v 5.4275 1.7807 -1.0640
v 5.4275 1.6795 -1.0140
v 5.5523 1.6795 -1.0140
v 5.5523 1.7807 -1.0140
v 5.4275 1.7807 -1.0140
v 5.5523 1.6795 0.9580
v 5.6771 1.6795 0.9580
v 5.6771 1.7807 0.9580
v 5.5523 1.7807 0.9580
v 5.5523 1.6795 1.0280
v 5.6771 1.6795 1.0280
v 5.6771 1.7807 1.0280
v 5.5523 1.7807 1.0280
v 5.5523 1.6795 -1.0280
v 5.6771 1.6795 -1.0280
v 5.6771 1.7807 -1.0280
v 5.5523 1.7807 -1.0280
v 5.5523 1.6795 -0.9580
v 5.6771 1.6795 -0.9580
v 5.6771 1.7807 -0.9580
v 5.5523 1.7807 -0.9580
v 5.6771 1.6795 0.8660
v 5.8018 1.6795 0.8660
v 5.8018 1.7807 0.8660
v 5.6771 1.7807 0.8660
v 5.6771 1.6795 0.9360
v 5.8018 1.6795 0.9360
v 5.8018 1.7807 0.9360
v 5.6771 1.7807 0.9360
v 5.6771 1.6795 -0.9360
v 5.8018 1.6795 -0.9360
v 5.8018 1.7807 -0.9360
v 5.6771 1.7807 -0.9360
v 5.6771 1.6795 -0.8660
v 5.8018 1.6795 -0.8660
v 5.8018 1.7807 -0.8660
v 5.6771 1.7807 -0.8660
v 5.8018 1.6795 -0.7960
v 5.9266 1.6795 -0.7960
v 5.9266 1.7807 -0.7960
v 5.8018 1.7807 -0.7960
v 5.8018 1.6795 0.7960
v 5.9266 1.6795 0.7960
v 5.9266 1.7807 0.7960
v 5.8018 1.7807 0.7960
v 5.9266 1.6795 -0.5820
v 6.0514 1.6795 -0.5820
v 6.0514 1.7807 -0.5820
v 5.9266 1.7807 -0.5820
v 5.9266 1.6795 0.5820
v 6.0514 1.6795 0.5820
v 6.0514 1.7807 0.5820
v 5.9266 1.7807 0.5820
v 5.3028 1.7807 1.0380
v 5.4275 1.7807 1.0380
v 5.4275 1.8818 1.0380
v 5.3028 1.8818 1.0380
v 5.3028 1.7807 1.0880
v 5.4275 1.7807 1.0880
v 5.4275 1.8818 1.0880
v 5.3028 1.8818 1.0880
v 5.3028 1.7807 -1.0880
v 5.4275 1.7807 -1.0880
v 5.4275 1.8818 -1.0880
v 5.3028 1.8818 -1.0880
v 5.3028 1.7807 -1.0380
v 5.4275 1.7807 -1.0380
v 5.4275 1.8818 -1.0380
v 5.3028 1.8818 -1.0380
v 5.4275 1.7807 0.9840
v 5.5523 1.7807 0.9840
v 5.5523 1.8818 0.9840
v 5.4275 1.8818 0.9840
v 5.4275 1.7807 1.0340
v 5.5523 1.7807 1.0340
v 5.5523 1.8818 1.0340
v 5.4275 1.8818 1.0340
v 5.4275 1.7807 -1.0340
v 5.5523 1.7807 -1.0340
v 5.5523 1.8818 -1.0340
v 5.4275 1.8818 -1.0340
v 5.4275 1.7807 -0.9840
v 5.5523 1.7807 -0.9840
v 5.5523 1.8818 -0.9840
v 5.4275 1.8818 -0.9840
v 5.5523 1.7807 0.8930
v 5.6771 1.7807 0.8930
v 5.6771 1.8818 0.8930
v 5.5523 1.8818 0.8930
v 5.5523 1.7807 0.9630
v 5.6771 1.7807 0.9630
v 5.6771 1.8818 0.9630
v 5.5523 1.8818 0.9630
v 5.5523 1.7807 -0.9630
v 5.6771 1.7807 -0.9630
v 5.6771 1.8818 -0.9630
v 5.5523 1.8818 -0.9630
v 5.5523 1.7807 -0.8930
v 5.6771 1.7807 -0.8930
v 5.6771 1.8818 -0.8930
v 5.5523 1.8818 -0.8930
v 5.6771 1.7807 0.7580
v 5.8018 1.7807 0.7580
v 5.8018 1.8818 0.7580
v 5.6771 1.8818 0.7580
v 5.6771 1.7807 0.8280
v 5.8018 1.7807 0.8280
v 5.8018 1.8818 0.8280
v 5.6771 1.8818 0.8280
v 5.6771 1.7807 -0.8280
v 5.8018 1.7807 -0.8280
v 5.8018 1.8818 -0.8280
v 5.6771 1.8818 -0.8280
v 5.6771 1.7807 -0.7580
v 5.8018 1.7807 -0.7580
v 5.8018 1.8818 -0.7580
v 5.6771 1.8818 -0.7580
v 5.8018 1.7807 -0.6240
v 5.9266 1.7807 -0.6240
v 5.9266 1.8818 -0.6240
v 5.8018 1.8818 -0.6240
v 5.8018 1.7807 0.6240
v 5.9266 1.7807 0.6240
v 5.9266 1.8818 0.6240
v 5.8018 1.8818 0.6240
v 5.1780 1.8818 1.0610
v 5.3028 1.8818 1.0610
v 5.3028 1.9830 1.0610
v 5.1780 1.9830 1.0610
v 5.1780 1.8818 1.1110
v 5.3028 1.8818 1.1110
v 5.3028 1.9830 1.1110
v 5.1780 1.9830 1.1110
v 5.1780 1.8818 -1.1110
v 5.3028 1.8818 -1.1110
v 5.3028 1.9830 -1.1110
v 5.1780 1.9830 -1.1110
v 5.1780 1.8818 -1.0610
v 5.3028 1.8818 -1.0610
v 5.3028 1.9830 -1.0610
v 5.1780 1.9830 -1.0610
v 5.3028 1.8818 1.0070
v 5.4275 1.8818 1.0070
v 5.4275 1.9830 1.0070
v 5.3028 1.9830 1.0070
v 5.3028 1.8818 1.0570
v 5.4275 1.8818 1.0570
v 5.4275 1.9830 1.0570
v 5.3028 1.9830 1.0570
v 5.3028 1.8818 -1.0570
v 5.4275 1.8818 -1.0570
v 5.4275 1.9830 -1.0570
v 5.3028 1.9830 -1.0570
v 5.3028 1.8818 -1.0070
v 5.4275 1.8818 -1.0070
v 5.4275 1.9830 -1.0070
v 5.3028 1.9830 -1.0070
v 5.4275 1.8818 0.9180
v 5.5523 1.8818 0.9180
v 5.5523 1.9830 0.9180
v 5.4275 1.9830 0.9180
v 5.4275 1.8818 0.9880
v 5.5523 1.8818 0.9880
v 5.5523 1.9830 0.9880
v 5.4275 1.9830 0.9880
v 5.4275 1.8818 -0.9880
v 5.5523 1.8818 -0.9880
v 5.5523 1.9830 -0.9880
v 5.4275 1.9830 -0.9880
v 5.4275 1.8818 -0.9180
v 5.5523 1.8818 -0.9180
v 5.5523 1.9830 -0.9180
v 5.4275 1.9830 -0.9180
v 5.5523 1.8818 0.7870
v 5.6771 1.8818 0.7870
v 5.6771 1.9830 0.7870
v 5.5523 1.9830 0.7870
v 5.5523 1.8818 0.8570
v 5.6771 1.8818 0.8570
v 5.6771 1.9830 0.8570
v 5.5523 1.9830 0.8570
v 5.5523 1.8818 -0.8570
v 5.6771 1.8818 -0.8570
v 5.6771 1.9830 -0.8570
v 5.5523 1.9830 -0.8570
v 5.5523 1.8818 -0.7870
v 5.6771 1.8818 -0.7870
v 5.6771 1.9830 -0.7870
v 5.5523 1.9830 -0.7870
v 5.6771 1.8818 -0.6600
v 5.8018 1.8818 -0.6600
v 5.8018 1.9830 -0.6600
v 5.6771 1.9830 -0.6600
v 5.6771 1.8818 0.6600
v 5.8018 1.8818 0.6600
v 5.8018 1.9830 0.6600
v 5.6771 1.9830 0.6600
v 5.0532 1.9830 1.0820
v 5.1780 1.9830 1.0820
v 5.1780 2.0841 1.0820
v 5.0532 2.0841 1.0820
v 5.0532 1.9830 1.1320
v 5.1780 1.9830 1.1320
v 5.1780 2.0841 1.1320
v 5.0532 2.0841 1.1320
v 5.0532 1.9830 -1.1320
v 5.1780 1.9830 -1.1320
v 5.1780 2.0841 -1.1320
v 5.0532 2.0841 -1.1320
v 5.0532 1.9830 -1.0820
v 5.1780 1.9830 -1.0820
v 5.1780 2.0841 -1.0820
v 5.0532 2.0841 -1.0820
v 5.1780 1.9830 1.0280
v 5.3028 1.9830 1.0280
v 5.3028 2.0841 1.0280
v 5.1780 2.0841 1.0280
v 5.1780 1.9830 1.0980
v 5.3028 1.9830 1.0980
v 5.3028 2.0841 1.0980
v 5.1780 2.0841 1.0980
v 5.1780 1.9830 -1.0980
v 5.3028 1.9830 -1.0980
v 5.3028 2.0841 -1.0980
v 5.1780 2.0841 -1.0980
v 5.1780 1.9830 -1.0280
v 5.3028 1.9830 -1.0280
v 5.3028 2.0841 -1.0280
v 5.1780 2.0841 -1.0280
v 5.3028 1.9830 0.9410
v 5.4275 1.9830 0.9410
v 5.4275 2.0841 0.9410
v 5.3028 2.0841 0.9410
v 5.3028 1.9830 1.0110
v 5.4275 1.9830 1.0110
v 5.4275 2.0841 1.0110
v 5.3028 2.0841 1.0110
v 5.3028 1.9830 -1.0110
v 5.4275 1.9830 -1.0110
v 5.4275 2.0841 -1.0110
v 5.3028 2.0841 -1.0110
v 5.3028 1.9830 -0.9410
v 5.4275 1.9830 -0.9410
v 5.4275 2.0841 -0.9410
v 5.3028 2.0841 -0.9410
v 5.4275 1.9830 0.8110
v 5.5523 1.9830 0.8110
v 5.5523 2.0841 0.8110
v 5.4275 2.0841 0.8110
v 5.4275 1.9830 0.8810
v 5.5523 1.9830 0.8810
v 5.5523 2.0841 0.8810
v 5.4275 2.0841 0.8810
v 5.4275 1.9830 -0.8810
v 5.5523 1.9830 -0.8810
v 5.5523 2.0841 -0.8810
v 5.4275 2.0841 -0.8810
v 5.4275 1.9830 -0.8110
v 5.5523 1.9830 -0.8110
v 5.5523 2.0841 -0.8110
v 5.4275 2.0841 -0.8110
v 5.5523 1.9830 -0.6900
v 5.6771 1.9830 -0.6900
v 5.6771 2.0841 -0.6900
v 5.5523 2.0841 -0.6900
v 5.5523 1.9830 0.6900
v 5.6771 1.9830 0.6900
v 5.6771 2.0841 0.6900
v 5.5523 2.0841 0.6900
v 4.9284 2.0841 1.1030
v 5.0532 2.0841 1.1030
v 5.0532 2.1852 1.1030
v 4.9284 2.1852 1.1030
v 4.9284 2.0841 1.1530
v 5.0532 2.0841 1.1530
v 5.0532 2.1852 1.1530
v 4.9284 2.1852 1.1530
v 4.9284 2.0841 -1.1530
v 5.0532 2.0841 -1.1530
v 5.0532 2.1852 -1.1530
v 4.9284 2.1852 -1.1530
v 4.9284 2.0841 -1.1030
v 5.0532 2.0841 -1.1030
v 5.0532 2.1852 -1.1030
v 4.9284 2.1852 -1.1030
v 5.0532 2.0841 1.0480
v 5.1780 2.0841 1.0480
v 5.1780 2.1852 1.0480
v 5.0532 2.1852 1.0480
v 5.0532 2.0841 1.1180
v 5.1780 2.0841 1.1180
v 5.1780 2.1852 1.1180
v 5.0532 2.1852 1.1180
v 5.0532 2.0841 -1.1180
v 5.1780 2.0841 -1.1180
v 5.1780 2.1852 -1.1180
v 5.0532 2.1852 -1.1180
v 5.0532 2.0841 -1.0480
v 5.1780 2.0841 -1.0480
v 5.1780 2.1852 -1.0480
v 5.0532 2.1852 -1.0480
v 5.1780 2.0841 0.9600
v 5.3028 2.0841 0.9600
v 5.3028 2.1852 0.9600
v 5.1780 2.1852 0.9600
v 5.1780 2.0841 1.0300
v 5.3028 2.0841 1.0300
v 5.3028 2.1852 1.0300
v 5.1780 2.1852 1.0300
v 5.1780 2.0841 -1.0300
v 5.3028 2.0841 -1.0300
v 5.3028 2.1852 -1.0300
v 5.1780 2.1852 -1.0300
v 5.1780 2.0841 -0.9600
v 5.3028 2.0841 -0.9600
v 5.3028 2.1852 -0.9600
v 5.1780 2.1852 -0.9600
v 5.3028 2.0841 0.8320
v 5.4275 2.0841 0.8320
v 5.4275 2.1852 0.8320
v 5.3028 2.1852 0.8320
v 5.3028 2.0841 0.9020
v 5.4275 2.0841 0.9020
v 5.4275 2.1852 0.9020
v 5.3028 2.1852 0.9020
v 5.3028 2.0841 -0.9020
v 5.4275 2.0841 -0.9020
v 5.4275 2.1852 -0.9020
v 5.3028 2.1852 -0.9020
v 5.3028 2.0841 -0.8320
v 5.4275 2.0841 -0.8320
v 5.4275 2.1852 -0.8320
v 5.3028 2.1852 -0.8320
v 5.4275 2.0841 -0.7130
v 5.5523 2.0841 -0.7130
v 5.5523 2.1852 -0.7130
v 5.4275 2.1852 -0.7130
v 5.4275 2.0841 0.7130
v 5.5523 2.0841 0.7130
v 5.5523 2.1852 0.7130
v 5.4275 2.1852 0.7130
v 4.8037 2.1852 1.1210
v 4.9284 2.1852 1.1210
v 4.9284 2.2864 1.1210
v 4.8037 2.2864 1.1210
v 4.8037 2.1852 1.1710
v 4.9284 2.1852 1.1710
v 4.9284 2.2864 1.1710
v 4.8037 2.2864 1.1710
v 4.8037 2.1852 -1.1710
v 4.9284 2.1852 -1.1710
v 4.9284 2.2864 -1.1710
v 4.8037 2.2864 -1.1710
v 4.8037 2.1852 -1.1210
v 4.9284 2.1852 -1.1210
v 4.9284 2.2864 -1.1210
v 4.8037 2.2864 -1.1210
v 4.9284 2.1852 1.0640
v 5.0532 2.1852 1.0640
v 5.0532 2.2864 1.0640
v 4.9284 2.2864 1.0640
v 4.9284 2.1852 1.1340
v 5.0532 2.1852 1.1340
v 5.0532 2.2864 1.1340
v 4.9284 2.2864 1.1340
v 4.9284 2.1852 -1.1340
v 5.0532 2.1852 -1.1340
v 5.0532 2.2864 -1.1340
v 4.9284 2.2864 -1.1340
v 4.9284 2.1852 -1.0640
v 5.0532 2.1852 -1.0640
v 5.0532 2.2864 -1.0640
v 4.9284 2.2864 -1.0640
v 5.0532 2.1852 0.9760
v 5.1780 2.1852 0.9760
v 5.1780 2.2864 0.9760
v 5.0532 2.2864 0.9760
v 5.0532 2.1852 1.0460
v 5.1780 2.1852 1.0460
v 5.1780 2.2864 1.0460
v 5.0532 2.2864 1.0460
v 5.0532 2.1852 -1.0460
v 5.1780 2.1852 -1.0460
v 5.1780 2.2864 -1.0460
v 5.0532 2.2864 -1.0460
v 5.0532 2.1852 -0.9760
v 5.1780 2.1852 -0.9760
v 5.1780 2.2864 -0.9760
v 5.0532 2.2864 -0.9760
v 5.1780 2.1852 0.8480
v 5.3028 2.1852 0.8480
v 5.3028 2.2864 0.8480
v 5.1780 2.2864 0.8480
v 5.1780 2.1852 0.9180
v 5.3028 2.1852 0.9180
v 5.3028 2.2864 0.9180
v 5.1780 2.2864 0.9180
v 5.1780 2.1852 -0.9180
v 5.3028 2.1852 -0.9180
v 5.3028 2.2864 -0.9180
v 5.1780 2.2864 -0.9180
v 5.1780 2.1852 -0.8480
v 5.3028 2.1852 -0.8480
v 5.3028 2.2864 -0.8480
v 5.1780 2.2864 -0.8480
v 5.3028 2.1852 -0.7310
v 5.4275 2.1852 -0.7310
v 5.4275 2.2864 -0.7310
v 5.3028 2.2864 -0.7310
v 5.3028 2.1852 0.7310
v 5.4275 2.1852 0.7310
v 5.4275 2.2864 0.7310
v 5.3028 2.2864 0.7310
v 4.6789 2.2864 1.1380
v 4.8037 2.2864 1.1380
v 4.8037 2.3875 1.1380
v 4.6789 2.3875 1.1380
v 4.6789 2.2864 1.1880
v 4.8037 2.2864 1.1880
v 4.8037 2.3875 1.1880
v 4.6789 2.3875 1.1880
v 4.6789 2.2864 -1.1880
v 4.8037 2.2864 -1.1880
v 4.8037 2.3875 -1.1880
v 4.6789 2.3875 -1.1880
v 4.6789 2.2864 -1.1380
v 4.8037 2.2864 -1.1380
v 4.8037 2.3875 -1.1380
v 4.6789 2.3875 -1.1380
v 4.8037 2.2864 1.0780
v 4.9284 2.2864 1.0780
v 4.9284 2.3875 1.0780
v 4.8037 2.3875 1.0780
v 4.8037 2.2864 1.1480
v 4.9284 2.2864 1.1480
v 4.9284 2.3875 1.1480
v 4.8037 2.3875 1.1480
v 4.8037 2.2864 -1.1480
v 4.9284 2.2864 -1.1480
v 4.9284 2.3875 -1.1480
v 4.8037 2.3875 -1.1480
v 4.8037 2.2864 -1.0780
v 4.9284 2.2864 -1.0780
v 4.9284 2.3875 -1.0780
v 4.8037 2.3875 -1.0780
v 4.9284 2.2864 0.9880
v 5.0532 2.2864 0.9880
v 5.0532 2.3875 0.9880
v 4.9284 2.3875 0.9880
v 4.9284 2.2864 1.0580
v 5.0532 2.2864 1.0580
v 5.0532 2.3875 1.0580
v 4.9284 2.3875 1.0580
v 4.9284 2.2864 -1.0580
v 5.0532 2.2864 -1.0580
v 5.0532 2.3875 -1.0580
v 4.9284 2.3875 -1.0580
v 4.9284 2.2864 -0.9880
v 5.0532 2.2864 -0.9880
v 5.0532 2.3875 -0.9880
v 4.9284 2.3875 -0.9880
v 5.0532 2.2864 0.8590
v 5.1780 2.2864 0.8590
v 5.1780 2.3875 0.8590
v 5.0532 2.3875 0.8590
v 5.0532 2.2864 0.9290
v 5.1780 2.2864 0.9290
v 5.1780 2.3875 0.9290
v 5.0532 2.3875 0.9290
v 5.0532 2.2864 -0.9290
v 5.1780 2.2864 -0.9290
v 5.1780 2.3875 -0.9290
v 5.0532 2.3875 -0.9290
v 5.0532 2.2864 -0.8590
v 5.1780 2.2864 -0.8590
v 5.1780 2.3875 -0.8590
v 5.0532 2.3875 -0.8590
v 5.1780 2.2864 -0.7420
v 5.3028 2.2864 -0.7420
v 5.3028 2.3875 -0.7420
v 5.1780 2.3875 -0.7420
v 5.1780 2.2864 0.7420
v 5.3028 2.2864 0.7420
v 5.3028 2.3875 0.7420
v 5.1780 2.3875 0.7420
v 4.4294 2.3875 1.1890
v 4.5541 2.3875 1.1890
v 4.5541 2.4886 1.1890
v 4.4294 2.4886 1.1890
v 4.4294 2.3875 1.2390
v 4.5541 2.3875 1.2390
v 4.5541 2.4886 1.2390
v 4.4294 2.4886 1.2390
v 4.4294 2.3875 -1.2390
v 4.5541 2.3875 -1.2390
v 4.5541 2.4886 -1.2390
v 4.4294 2.4886 -1.2390
v 4.4294 2.3875 -1.1890
v 4.5541 2.3875 -1.1890
v 4.5541 2.4886 -1.1890
v 4.4294 2.4886 -1.1890
v 4.5541 2.3875 1.1510
v 4.6789 2.3875 1.1510
v 4.6789 2.4886 1.1510
v 4.5541 2.4886 1.1510
v 4.5541 2.3875 1.2010
v 4.6789 2.3875 1.2010
v 4.6789 2.4886 1.2010
v 4.5541 2.4886 1.2010
v 4.5541 2.3875 -1.2010
v 4.6789 2.3875 -1.2010
v 4.6789 2.4886 -1.2010
v 4.5541 2.4886 -1.2010
v 4.5541 2.3875 -1.1510
v 4.6789 2.3875 -1.1510
v 4.6789 2.4886 -1.1510
v 4.5541 2.4886 -1.1510
v 4.6789 2.3875 1.0890
v 4.8037 2.3875 1.0890
v 4.8037 2.4886 1.0890
v 4.6789 2.4886 1.0890
v 4.6789 2.3875 1.1590
v 4.8037 2.3875 1.1590
v 4.8037 2.4886 1.1590
v 4.6789 2.4886 1.1590
v 4.6789 2.3875 -1.1590
v 4.8037 2.3875 -1.1590
v 4.8037 2.4886 -1.1590
v 4.6789 2.4886 -1.1590
v 4.6789 2.3875 -1.0890
v 4.8037 2.3875 -1.0890
v 4.8037 2.4886 -1.0890
v 4.6789 2.4886 -1.0890
v 4.8037 2.3875 0.9960
v 4.9284 2.3875 0.9960
v 4.9284 2.4886 0.9960
v 4.8037 2.4886 0.9960
v 4.8037 2.3875 1.0660
v 4.9284 2.3875 1.0660
v 4.9284 2.4886 1.0660
v 4.8037 2.4886 1.0660
v 4.8037 2.3875 -1.0660
v 4.9284 2.3875 -1.0660
v 4.9284 2.4886 -1.0660
v 4.8037 2.4886 -1.0660
v 4.8037 2.3875 -0.9960
v 4.9284 2.3875 -0.9960
v 4.9284 2.4886 -0.9960
v 4.8037 2.4886 -0.9960
v 4.9284 2.3875 0.8650
v 5.0532 2.3875 0.8650
v 5.0532 2.4886 0.8650
v 4.9284 2.4886 0.8650
v 4.9284 2.3875 0.9350
v 5.0532 2.3875 0.9350
v 5.0532 2.4886 0.9350
v 4.9284 2.4886 0.9350
v 4.9284 2.3875 -0.9350
v 5.0532 2.3875 -0.9350
v 5.0532 2.4886 -0.9350
v 4.9284 2.4886 -0.9350
v 4.9284 2.3875 -0.8650
v 5.0532 2.3875 -0.8650
v 5.0532 2.4886 -0.8650
v 4.9284 2.4886 -0.8650
v 5.0532 2.3875 -0.7460
v 5.1780 2.3875 -0.7460
v 5.1780 2.4886 -0.7460
v 5.0532 2.4886 -0.7460
v 5.0532 2.3875 0.7460
v 5.1780 2.3875 0.7460
v 5.1780 2.4886 0.7460
v 5.0532 2.4886 0.7460
v 4.3046 2.4886 1.2040
v 4.4294 2.4886 1.2040
v 4.4294 2.5898 1.2040
v 4.3046 2.5898 1.2040
v 4.3046 2.4886 1.2540
v 4.4294 2.4886 1.2540
v 4.4294 2.5898 1.2540
v 4.3046 2.5898 1.2540
v 4.3046 2.4886 -1.2540
v 4.4294 2.4886 -1.2540
v 4.4294 2.5898 -1.2540
v 4.3046 2.5898 -1.2540
v 4.3046 2.4886 -1.2040
v 4.4294 2.4886 -1.2040
v 4.4294 2.5898 -1.2040
v 4.3046 2.5898 -1.2040
v 4.4294 2.4886 1.1620
v 4.5541 2.4886 1.1620
v 4.5541 2.5898 1.1620
v 4.4294 2.5898 1.1620
v 4.4294 2.4886 1.2120
v 4.5541 2.4886 1.2120
v 4.5541 2.5898 1.2120
v 4.4294 2.5898 1.2120
v 4.4294 2.4886 -1.2120
v 4.5541 2.4886 -1.2120
v 4.5541 2.5898 -1.2120
v 4.4294 2.5898 -1.2120
v 4.4294 2.4886 -1.1620
v 4.5541 2.4886 -1.1620
v 4.5541 2.5898 -1.1620
v 4.4294 2.5898 -1.1620
v 4.5541 2.4886 1.0950
v 4.6789 2.4886 1.0950
v 4.6789 2.5898 1.0950
v 4.5541 2.5898 1.0950
v 4.5541 2.4886 1.1650
v 4.6789 2.4886 1.1650
v 4.6789 2.5898 1.1650
v 4.5541 2.5898 1.1650
v 4.5541 2.4886 -1.1650
v 4.6789 2.4886 -1.1650
v 4.6789 2.5898 -1.1650
v 4.5541 2.5898 -1.1650
v 4.5541 2.4886 -1.0950
v 4.6789 2.4886 -1.0950
v 4.6789 2.5898 -1.0950
v 4.5541 2.5898 -1.0950
v 4.6789 2.4886 0.9990
v 4.8037 2.4886 0.9990
v 4.8037 2.5898 0.9990
v 4.6789 2.5898 0.9990
v 4.6789 2.4886 1.0690
v 4.8037 2.4886 1.0690
v 4.8037 2.5898 1.0690
v 4.6789 2.5898 1.0690
v 4.6789 2.4886 -1.0690
v 4.8037 2.4886 -1.0690
v 4.8037 2.5898 -1.0690
v 4.6789 2.5898 -1.0690
v 4.6789 2.4886 -0.9990
v 4.8037 2.4886 -0.9990
v 4.8037 2.5898 -0.9990
v 4.6789 2.5898 -0.9990
v 4.8037 2.4886 -0.9350
v 4.9284 2.4886 -0.9350
v 4.9284 2.5898 -0.9350
v 4.8037 2.5898 -0.9350
v 4.8037 2.4886 0.9350
v 4.9284 2.4886 0.9350
v 4.9284 2.5898 0.9350
v 4.8037 2.5898 0.9350
v 4.9284 2.4886 -0.7420
v 5.0532 2.4886 -0.7420
v 5.0532 2.5898 -0.7420
v 4.9284 2.5898 -0.7420
v 4.9284 2.4886 0.7420
v 5.0532 2.4886 0.7420
v 5.0532 2.5898 0.7420
v 4.9284 2.5898 0.7420
v 4.1798 2.5898 1.2150
v 4.3046 2.5898 1.2150
v 4.3046 2.6909 1.2150
v 4.1798 2.6909 1.2150
v 4.1798 2.5898 1.2650
v 4.3046 2.5898 1.2650
v 4.3046 2.6909 1.2650
v 4.1798 2.6909 1.2650
v 4.1798 2.5898 -1.2650
v 4.3046 2.5898 -1.2650
v 4.3046 2.6909 -1.2650
v 4.1798 2.6909 -1.2650
v 4.1798 2.5898 -1.2150
v 4.3046 2.5898 -1.2150
v 4.3046 2.6909 -1.2150
v 4.1798 2.6909 -1.2150
v 4.3046 2.5898 1.1670
v 4.4294 2.5898 1.1670
v 4.4294 2.6909 1.1670
v 4.3046 2.6909 1.1670
v 4.3046 2.5898 1.2370
v 4.4294 2.5898 1.2370
v 4.4294 2.6909 1.2370
v 4.3046 2.6909 1.2370
v 4.3046 2.5898 -1.2370
v 4.4294 2.5898 -1.2370
v 4.4294 2.6909 -1.2370
v 4.3046 2.6909 -1.2370
v 4.3046 2.5898 -1.1670
v 4.4294 2.5898 -1.1670
v 4.4294 2.6909 -1.1670
v 4.3046 2.6909 -1.1670
v 4.4294 2.5898 1.0960
v 4.5541 2.5898 1.0960
v 4.5541 2.6909 1.0960
v 4.4294 2.6909 1.0960
v 4.4294 2.5898 1.1660
v 4.5541 2.5898 1.1660
v 4.5541 2.6909 1.1660
v 4.4294 2.6909 1.1660
v 4.4294 2.5898 -1.1660
v 4.5541 2.5898 -1.1660
v 4.5541 2.6909 -1.1660
v 4.4294 2.6909 -1.1660
v 4.4294 2.5898 -1.0960
v 4.5541 2.5898 -1.0960
v 4.5541 2.6909 -1.0960
v 4.4294 2.6909 -1.0960
v 4.5541 2.5898 0.9950
v 4.6789 2.5898 0.9950
v 4.6789 2.6909 0.9950
v 4.5541 2.6909 0.9950
v 4.5541 2.5898 1.0650
v 4.6789 2.5898 1.0650
v 4.6789 2.6909 1.0650
v 4.5541 2.6909 1.0650
v 4.5541 2.5898 -1.0650
v 4.6789 2.5898 -1.0650
v 4.6789 2.6909 -1.0650
v 4.5541 2.6909 -1.0650
v 4.5541 2.5898 -0.9950
v 4.6789 2.5898 -0.9950
v 4.6789 2.6909 -0.9950
v 4.5541 2.6909 -0.9950
v 4.6789 2.5898 -0.9260
v 4.8037 2.5898 -0.9260
v 4.8037 2.6909 -0.9260
v 4.6789 2.6909 -0.9260
v 4.6789 2.5898 0.9260
v 4.8037 2.5898 0.9260
v 4.8037 2.6909 0.9260
v 4.6789 2.6909 0.9260
v 4.8037 2.5898 -0.7270
v 4.9284 2.5898 -0.7270
v 4.9284 2.6909 -0.7270
v 4.8037 2.6909 -0.7270
v 4.8037 2.5898 0.7270
v 4.9284 2.5898 0.7270
v 4.9284 2.6909 0.7270
v 4.8037 2.6909 0.7270
v 3.9303 2.6909 1.2550
v 4.0550 2.6909 1.2550
v 4.0550 2.7920 1.2550
v 3.9303 2.7920 1.2550
v 3.9303 2.6909 1.3050
v 4.0550 2.6909 1.3050
v 4.0550 2.7920 1.3050
v 3.9303 2.7920 1.3050
v 3.9303 2.6909 -1.3050
v 4.0550 2.6909 -1.3050
v 4.0550 2.7920 -1.3050
v 3.9303 2.7920 -1.3050
v 3.9303 2.6909 -1.2550
v 4.0550 2.6909 -1.2550
v 4.0550 2.7920 -1.2550
v 3.9303 2.7920 -1.2550
v 4.0550 2.6909 1.2200
v 4.1798 2.6909 1.2200
v 4.1798 2.7920 1.2200
v 4.0550 2.7920 1.2200
v 4.0550 2.6909 1.2700
v 4.1798 2.6909 1.2700
v 4.1798 2.7920 1.2700
v 4.0550 2.7920 1.2700
v 4.0550 2.6909 -1.2700
v 4.1798 2.6909 -1.2700
v 4.1798 2.7920 -1.2700
v 4.0550 2.7920 -1.2700
v 4.0550 2.6909 -1.2200
v 4.1798 2.6909 -1.2200
v 4.1798 2.7920 -1.2200
v 4.0550 2.7920 -1.2200
v 4.1798 2.6909 1.1660
v 4.3046 2.6909 1.1660
v 4.3046 2.7920 1.1660
v 4.1798 2.7920 1.1660
v 4.1798 2.6909 1.2360
v 4.3046 2.6909 1.2360
v 4.3046 2.7920 1.2360
v 4.1798 2.7920 1.2360
v 4.1798 2.6909 -1.2360
v 4.3046 2.6909 -1.2360
v 4.3046 2.7920 -1.2360
v 4.1798 2.7920 -1.2360
v 4.1798 2.6909 -1.1660
v 4.3046 2.6909 -1.1660
v 4.3046 2.7920 -1.1660
v 4.1798 2.7920 -1.1660
v 4.3046 2.6909 1.0890
v 4.4294 2.6909 1.0890
v 4.4294 2.7920 1.0890
v 4.3046 2.7920 1.0890
v 4.3046 2.6909 1.1590
v 4.4294 2.6909 1.1590
v 4.4294 2.7920 1.1590
v 4.3046 2.7920 1.1590
v 4.3046 2.6909 -1.1590
v 4.4294 2.6909 -1.1590
v 4.4294 2.7920 -1.1590
v 4.3046 2.7920 -1.1590
v 4.3046 2.6909 -1.0890
v 4.4294 2.6909 -1.0890
v 4.4294 2.7920 -1.0890
v 4.3046 2.7920 -1.0890
v 4.4294 2.6909 0.9840
v 4.5541 2.6909 0.9840
v 4.5541 2.7920 0.9840
v 4.4294 2.7920 0.9840
v 4.4294 2.6909 1.0540
v 4.5541 2.6909 1.0540
v 4.5541 2.7920 1.0540
v 4.4294 2.7920 1.0540
v 4.4294 2.6909 -1.0540
v 4.5541 2.6909 -1.0540
v 4.5541 2.7920 -1.0540
v 4.4294 2.7920 -1.0540
v 4.4294 2.6909 -0.9840
v 4.5541 2.6909 -0.9840
v 4.5541 2.7920 -0.9840
v 4.4294 2.7920 -0.9840
v 4.5541 2.6909 -0.9090
v 4.6789 2.6909 -0.9090
v 4.6789 2.7920 -0.9090
v 4.5541 2.7920 -0.9090
v 4.5541 2.6909 0.9090
v 4.6789 2.6909 0.9090
v 4.6789 2.7920 0.9090
v 4.5541 2.7920 0.9090
v 4.6789 2.6909 -0.6990
v 4.8037 2.6909 -0.6990
v 4.8037 2.7920 -0.6990
v 4.6789 2.7920 -0.6990
v 4.6789 2.6909 0.6990
v 4.8037 2.6909 0.6990
v 4.8037 2.7920 0.6990
v 4.6789 2.7920 0.6990
v 3.6807 2.7920 1.2850
v 3.8055 2.7920 1.2850
v 3.8055 2.8932 1.2850
v 3.6807 2.8932 1.2850
v 3.6807 2.7920 1.3350
v 3.8055 2.7920 1.3350
v 3.8055 2.8932 1.3350
v 3.6807 2.8932 1.3350
v 3.6807 2.7920 -1.3350
v 3.8055 2.7920 -1.3350
v 3.8055 2.8932 -1.3350
v 3.6807 2.8932 -1.3350
v 3.6807 2.7920 -1.2850
v 3.8055 2.7920 -1.2850
v 3.8055 2.8932 -1.2850
v 3.6807 2.8932 -1.2850
v 3.8055 2.7920 1.2580
v 3.9303 2.7920 1.2580
v 3.9303 2.8932 1.2580
v 3.8055 2.8932 1.2580
v 3.8055 2.7920 1.3080
v 3.9303 2.7920 1.3080
v 3.9303 2.8932 1.3080
v 3.8055 2.8932 1.3080
v 3.8055 2.7920 -1.3080
v 3.9303 2.7920 -1.3080
v 3.9303 2.8932 -1.3080
v 3.8055 2.8932 -1.3080
v 3.8055 2.7920 -1.2580
v 3.9303 2.7920 -1.2580
v 3.9303 2.8932 -1.2580
v 3.8055 2.8932 -1.2580
v 3.9303 2.7920 1.2170
v 4.0550 2.7920 1.2170
v 4.0550 2.8932 1.2170
v 3.9303 2.8932 1.2170
v 3.9303 2.7920 1.2870
v 4.0550 2.7920 1.2870
v 4.0550 2.8932 1.2870
v 3.9303 2.8932 1.2870
v 3.9303 2.7920 -1.2870
v 4.0550 2.7920 -1.2870
v 4.0550 2.8932 -1.2870
v 3.9303 2.8932 -1.2870
v 3.9303 2.7920 -1.2170
v 4.0550 2.7920 -1.2170
v 4.0550 2.8932 -1.2170
v 3.9303 2.8932 -1.2170
v 4.0550 2.7920 1.1570
v 4.1798 2.7920 1.1570
v 4.1798 2.8932 1.1570
v 4.0550 2.8932 1.1570
v 4.0550 2.7920 1.2270
v 4.1798 2.7920 1.2270
v 4.1798 2.8932 1.2270
v 4.0550 2.8932 1.2270
v 4.0550 2.7920 -1.2270
v 4.1798 2.7920 -1.2270
v 4.1798 2.8932 -1.2270
v 4.0550 2.8932 -1.2270
v 4.0550 2.7920 -1.1570
v 4.1798 2.7920 -1.1570
v 4.1798 2.8932 -1.1570
v 4.0550 2.8932 -1.1570
v 4.1798 2.7920 1.0740
v 4.3046 2.7920 1.0740
v 4.3046 2.8932 1.0740
v 4.1798 2.8932 1.0740
v 4.1798 2.7920 1.1440
v 4.3046 2.7920 1.1440
v 4.3046 2.8932 1.1440
v 4.1798 2.8932 1.1440
v 4.1798 2.7920 -1.1440
v 4.3046 2.7920 -1.1440
v 4.3046 2.8932 -1.1440
v 4.1798 2.8932 -1.1440
v 4.1798 2.7920 -1.0740
v 4.3046 2.7920 -1.0740
v 4.3046 2.8932 -1.0740
v 4.1798 2.8932 -1.0740
v 4.3046 2.7920 0.9620
v 4.4294 2.7920 0.9620
v 4.4294 2.8932 0.9620
v 4.3046 2.8932 0.9620
v 4.3046 2.7920 1.0320
v 4.4294 2.7920 1.0320
v 4.4294 2.8932 1.0320
v 4.3046 2.8932 1.0320
v 4.3046 2.7920 -1.0320
v 4.4294 2.7920 -1.0320
v 4.4294 2.8932 -1.0320
v 4.3046 2.8932 -1.0320
v 4.3046 2.7920 -0.9620
v 4.4294 2.7920 -0.9620
v 4.4294 2.8932 -0.9620
v 4.3046 2.8932 -0.9620
v 4.4294 2.7920 -0.8790
v 4.5541 2.7920 -0.8790
v 4.5541 2.8932 -0.8790
v 4.4294 2.8932 -0.8790
v 4.4294 2.7920 0.8790
v 4.5541 2.7920 0.8790
v 4.5541 2.8932 0.8790
v 4.4294 2.8932 0.8790
v 4.5541 2.7920 -0.6550
v 4.6789 2.7920 -0.6550
v 4.6789 2.8932 -0.6550
v 4.5541 2.8932 -0.6550
v 4.5541 2.7920 0.6550
v 4.6789 2.7920 0.6550
v 4.6789 2.8932 0.6550
v 4.5541 2.8932 0.6550
v 3.3064 2.8932 1.3210
v 3.4312 2.8932 1.3210
v 3.4312 2.9943 1.3210
v 3.3064 2.9943 1.3210
v 3.3064 2.8932 1.3710
v 3.4312 2.8932 1.3710
v 3.4312 2.9943 1.3710
v 3.3064 2.9943 1.3710
v 3.3064 2.8932 -1.3710
v 3.4312 2.8932 -1.3710
v 3.4312 2.9943 -1.3710
v 3.3064 2.9943 -1.3710
v 3.3064 2.8932 -1.3210
v 3.4312 2.8932 -1.3210
v 3.4312 2.9943 -1.3210
v 3.3064 2.9943 -1.3210
v 3.4312 2.8932 1.3070
v 3.5560 2.8932 1.3070
v 3.5560 2.9943 1.3070
v 3.4312 2.9943 1.3070
v 3.4312 2.8932 1.3570
v 3.5560 2.8932 1.3570
v 3.5560 2.9943 1.3570
v 3.4312 2.9943 1.3570
v 3.4312 2.8932 -1.3570
v 3.5560 2.8932 -1.3570
v 3.5560 2.9943 -1.3570
v 3.4312 2.9943 -1.3570
v 3.4312 2.8932 -1.3070
v 3.5560 2.8932 -1.3070
v 3.5560 2.9943 -1.3070
v 3.4312 2.9943 -1.3070
v 3.5560 2.8932 1.2850
v 3.6807 2.8932 1.2850
v 3.6807 2.9943 1.2850
v 3.5560 2.9943 1.2850
v 3.5560 2.8932 1.3350
v 3.6807 2.8932 1.3350
v 3.6807 2.9943 1.3350
v 3.5560 2.9943 1.3350
v 3.5560 2.8932 -1.3350
v 3.6807 2.8932 -1.3350
v 3.6807 2.9943 -1.3350
v 3.5560 2.9943 -1.3350
v 3.5560 2.8932 -1.2850
v 3.6807 2.8932 -1.2850
v 3.6807 2.9943 -1.2850
v 3.5560 2.9943 -1.2850
v 3.6807 2.8932 1.2510
v 3.8055 2.8932 1.2510
v 3.8055 2.9943 1.2510
v 3.6807 2.9943 1.2510
v 3.6807 2.8932 1.3010
v 3.8055 2.8932 1.3010
v 3.8055 2.9943 1.3010
v 3.6807 2.9943 1.3010
v 3.6807 2.8932 -1.3010
v 3.8055 2.8932 -1.3010
v 3.8055 2.9943 -1.3010
v 3.6807 2.9943 -1.3010
v 3.6807 2.8932 -1.2510
v 3.8055 2.8932 -1.2510
v 3.8055 2.9943 -1.2510
v 3.6807 2.9943 -1.2510
v 3.8055 2.8932 1.2030
v 3.9303 2.8932 1.2030
v 3.9303 2.9943 1.2030
v 3.8055 2.9943 1.2030
v 3.8055 2.8932 1.2730
v 3.9303 2.8932 1.2730
v 3.9303 2.9943 1.2730
v 3.8055 2.9943 1.2730
v 3.8055 2.8932 -1.2730
v 3.9303 2.8932 -1.2730
v 3.9303 2.9943 -1.2730
v 3.8055 2.9943 -1.2730
v 3.8055 2.8932 -1.2030
v 3.9303 2.8932 -1.2030
v 3.9303 2.9943 -1.2030
v 3.8055 2.9943 -1.2030
v 3.9303 2.8932 1.1360
v 4.0550 2.8932 1.1360
v 4.0550 2.9943 1.1360
v 3.9303 2.9943 1.1360
v 3.9303 2.8932 1.2060
v 4.0550 2.8932 1.2060
v 4.0550 2.9943 1.2060
v 3.9303 2.9943 1.2060
v 3.9303 2.8932 -1.2060
v 4.0550 2.8932 -1.2060
v 4.0550 2.9943 -1.2060
v 3.9303 2.9943 -1.2060
v 3.9303 2.8932 -1.1360
v 4.0550 2.8932 -1.1360
v 4.0550 2.9943 -1.1360
v 3.9303 2.9943 -1.1360
v 4.0550 2.8932 1.0470
v 4.1798 2.8932 1.0470
v 4.1798 2.9943 1.0470
v 4.0550 2.9943 1.0470
v 4.0550 2.8932 1.1170
v 4.1798 2.8932 1.1170
v 4.1798 2.9943 1.1170
v 4.0550 2.9943 1.1170
v 4.0550 2.8932 -1.1170
v 4.1798 2.8932 -1.1170
v 4.1798 2.9943 -1.1170
v 4.0550 2.9943 -1.1170
v 4.0550 2.8932 -1.0470
v 4.1798 2.8932 -1.0470
v 4.1798 2.9943 -1.0470
v 4.0550 2.9943 -1.0470
v 4.1798 2.8932 -0.9980
v 4.3046 2.8932 -0.9980
v 4.3046 2.9943 -0.9980
v 4.1798 2.9943 -0.9980
v 4.1798 2.8932 0.9980
v 4.3046 2.8932 0.9980
v 4.3046 2.9943 0.9980
v 4.1798 2.9943 0.9980
v 4.3046 2.8932 -0.8330
v 4.4294 2.8932 -0.8330
v 4.4294 2.9943 -0.8330
v 4.3046 2.9943 -0.8330
v 4.3046 2.8932 0.8330
v 4.4294 2.8932 0.8330
v 4.4294 2.9943 0.8330
v 4.3046 2.9943 0.8330
v 4.4294 2.8932 -0.5860
v 4.5541 2.8932 -0.5860
v 4.5541 2.9943 -0.5860
v 4.4294 2.9943 -0.5860
v 4.4294 2.8932 0.5860
v 4.5541 2.8932 0.5860
v 4.5541 2.9943 0.5860
v 4.4294 2.9943 0.5860
v -6.3009 2.9943 1.3300
v 3.1817 2.9943 1.3300
v 3.1817 3.0955 1.3300
v -6.3009 3.0955 1.3300
v -6.3009 2.9943 1.4000
v 3.1817 2.9943 1.4000
v 3.1817 3.0955 1.4000
v -6.3009 3.0955 1.4000
v -6.3009 2.9943 -1.4000
v 3.1817 2.9943 -1.4000
v 3.1817 3.0955 -1.4000
v -6.3009 3.0955 -1.4000
v -6.3009 2.9943 -1.3300
v 3.1817 2.9943 -1.3300
v 3.1817 3.0955 -1.3300
v -6.3009 3.0955 -1.3300
v 3.1817 2.9943 1.3100
v 3.3064 2.9943 1.3100
v 3.3064 3.0955 1.3100
v 3.1817 3.0955 1.3100
v 3.1817 2.9943 1.3800
v 3.3064 2.9943 1.3800
v 3.3064 3.0955 1.3800
v 3.1817 3.0955 1.3800
v 3.1817 2.9943 -1.3800
v 3.3064 2.9943 -1.3800
v 3.3064 3.0955 -1.3800
v 3.1817 3.0955 -1.3800
v 3.1817 2.9943 -1.3100
v 3.3064 2.9943 -1.3100
v 3.3064 3.0955 -1.3100
v 3.1817 3.0955 -1.3100
v 3.3064 2.9943 1.2940
v 3.4312 2.9943 1.2940
v 3.4312 3.0955 1.2940
v 3.3064 3.0955 1.2940
v 3.3064 2.9943 1.3440
v 3.4312 2.9943 1.3440
v 3.4312 3.0955 1.3440
v 3.3064 3.0955 1.3440
v 3.3064 2.9943 -1.3440
v 3.4312 2.9943 -1.3440
v 3.4312 3.0955 -1.3440
v 3.3064 3.0955 -1.3440
v 3.3064 2.9943 -1.2940
v 3.4312 2.9943 -1.2940
v 3.4312 3.0955 -1.2940
v 3.3064 3.0955 -1.2940
v 3.4312 2.9943 1.2670
v 3.5560 2.9943 1.2670
v 3.5560 3.0955 1.2670
v 3.4312 3.0955 1.2670
v 3.4312 2.9943 1.3370
v 3.5560 2.9943 1.3370
v 3.5560 3.0955 1.3370
v 3.4312 3.0955 1.3370
v 3.4312 2.9943 -1.3370
v 3.5560 2.9943 -1.3370
v 3.5560 3.0955 -1.3370
v 3.4312 3.0955 -1.3370
v 3.4312 2.9943 -1.2670
v 3.5560 2.9943 -1.2670
v 3.5560 3.0955 -1.2670
v 3.4312 3.0955 -1.2670
v 3.5560 2.9943 1.2280
v 3.6807 2.9943 1.2280
v 3.6807 3.0955 1.2280
v 3.5560 3.0955 1.2280
v 3.5560 2.9943 1.2980
v 3.6807 2.9943 1.2980
v 3.6807 3.0955 1.2980
v 3.5560 3.0955 1.2980
v 3.5560 2.9943 -1.2980
v 3.6807 2.9943 -1.2980
v 3.6807 3.0955 -1.2980
v 3.5560 3.0955 -1.2980
v 3.5560 2.9943 -1.2280
v 3.6807 2.9943 -1.2280
v 3.6807 3.0955 -1.2280
v 3.5560 3.0955 -1.2280
v 3.6807 2.9943 1.1740
v 3.8055 2.9943 1.1740
v 3.8055 3.0955 1.1740
v 3.6807 3.0955 1.1740
v 3.6807 2.9943 1.2440
v 3.8055 2.9943 1.2440
v 3.8055 3.0955 1.2440
v 3.6807 3.0955 1.2440
v 3.6807 2.9943 -1.2440
v 3.8055 2.9943 -1.2440
v 3.8055 3.0955 -1.2440
v 3.6807 3.0955 -1.2440
v 3.6807 2.9943 -1.1740
v 3.8055 2.9943 -1.1740
v 3.8055 3.0955 -1.1740
v 3.6807 3.0955 -1.1740
v 3.8055 2.9943 1.1010
v 3.9303 2.9943 1.1010
v 3.9303 3.0955 1.1010
v 3.8055 3.0955 1.1010
v 3.8055 2.9943 1.1710
v 3.9303 2.9943 1.1710
v 3.9303 3.0955 1.1710
v 3.8055 3.0955 1.1710
v 3.8055 2.9943 -1.1710
v 3.9303 2.9943 -1.1710
v 3.9303 3.0955 -1.1710
v 3.8055 3.0955 -1.1710
v 3.8055 2.9943 -1.1010
v 3.9303 2.9943 -1.1010
v 3.9303 3.0955 -1.1010
v 3.8055 3.0955 -1.1010
v 3.9303 2.9943 1.0050
v 4.0550 2.9943 1.0050
v 4.0550 3.0955 1.0050
v 3.9303 3.0955 1.0050
v 3.9303 2.9943 1.0750
v 4.0550 2.9943 1.0750
v 4.0550 3.0955 1.0750
v 3.9303 3.0955 1.0750
v 3.9303 2.9943 -1.0750
v 4.0550 2.9943 -1.0750
v 4.0550 3.0955 -1.0750
v 3.9303 3.0955 -1.0750
v 3.9303 2.9943 -1.0050
v 4.0550 2.9943 -1.0050
v 4.0550 3.0955 -1.0050
v 3.9303 3.0955 -1.0050
v 4.0550 2.9943 -0.9450
v 4.1798 2.9943 -0.9450
v 4.1798 3.0955 -0.9450
v 4.0550 3.0955 -0.9450
v 4.0550 2.9943 0.9450
v 4.1798 2.9943 0.9450
v 4.1798 3.0955 0.9450
v 4.0550 3.0955 0.9450
v 4.1798 2.9943 -0.7650
v 4.3046 2.9943 -0.7650
v 4.3046 3.0955 -0.7650
v 4.1798 3.0955 -0.7650
v 4.1798 2.9943 0.7650
v 4.3046 2.9943 0.7650
v 4.3046 3.0955 0.7650
v 4.1798 3.0955 0.7650
v -6.8000 3.0955 1.2370
v -6.5505 3.0955 1.2370
v -6.5505 3.1966 1.2370
v -6.8000 3.1966 1.2370
v -6.8000 3.0955 1.3070
v -6.5505 3.0955 1.3070
v -6.5505 3.1966 1.3070
v -6.8000 3.1966 1.3070
v -6.8000 3.0955 -1.3070
v -6.5505 3.0955 -1.3070
v -6.5505 3.1966 -1.3070
v -6.8000 3.1966 -1.3070
v -6.8000 3.0955 -1.2370
v -6.5505 3.0955 -1.2370
v -6.5505 3.1966 -1.2370
v -6.8000 3.1966 -1.2370
v -6.5505 3.0955 1.2970
v -6.4257 3.0955 1.2970
v -6.4257 3.1966 1.2970
v -6.5505 3.1966 1.2970
v -6.5505 3.0955 1.3670
v -6.4257 3.0955 1.3670
v -6.4257 3.1966 1.3670
v -6.5505 3.1966 1.3670
v -6.5505 3.0955 -1.3670
v -6.4257 3.0955 -1.3670
v -6.4257 3.1966 -1.3670
v -6.5505 3.1966 -1.3670
v -6.5505 3.0955 -1.2970
v -6.4257 3.0955 -1.2970
v -6.4257 3.1966 -1.2970
v -6.5505 3.1966 -1.2970
v -6.4257 3.0955 1.2920
v -6.3009 3.0955 1.2920
v -6.3009 3.1966 1.2920
v -6.4257 3.1966 1.2920
v -6.4257 3.0955 1.3620
v -6.3009 3.0955 1.3620
v -6.3009 3.1966 1.3620
v -6.4257 3.1966 1.3620
v -6.4257 3.0955 -1.3620
v -6.3009 3.0955 -1.3620
v -6.3009 3.1966 -1.3620
v -6.4257 3.1966 -1.3620
v -6.4257 3.0955 -1.2920
v -6.3009 3.0955 -1.2920
v -6.3009 3.1966 -1.2920
v -6.4257 3.1966 -1.2920
v -6.3009 3.0955 1.3270
v 3.1817 3.0955 1.3270
v 3.1817 3.1966 1.3270
v -6.3009 3.1966 1.3270
v -6.3009 3.0955 1.3970
v 3.1817 3.0955 1.3970
v 3.1817 3.1966 1.3970
v -6.3009 3.1966 1.3970
v -6.3009 3.0955 -1.3970
v 3.1817 3.0955 -1.3970
v 3.1817 3.1966 -1.3970
v -6.3009 3.1966 -1.3970
v -6.3009 3.0955 -1.3270
v 3.1817 3.0955 -1.3270
v 3.1817 3.1966 -1.3270
v -6.3009 3.1966 -1.3270
v 3.1817 3.0955 1.2460
v 3.3064 3.0955 1.2460
v 3.3064 3.1966 1.2460
v 3.1817 3.1966 1.2460
v 3.1817 3.0955 1.3160
v 3.3064 3.0955 1.3160
v 3.3064 3.1966 1.3160
v 3.1817 3.1966 1.3160
v 3.1817 3.0955 -1.3160
v 3.3064 3.0955 -1.3160
v 3.3064 3.1966 -1.3160
v 3.1817 3.1966 -1.3160
v 3.1817 3.0955 -1.2460
v 3.3064 3.0955 -1.2460
v 3.3064 3.1966 -1.2460
v 3.1817 3.1966 -1.2460
v 3.3064 3.0955 1.2210
v 3.4312 3.0955 1.2210
v 3.4312 3.1966 1.2210
v 3.3064 3.1966 1.2210
v 3.3064 3.0955 1.2910
v 3.4312 3.0955 1.2910
v 3.4312 3.1966 1.2910
v 3.3064 3.1966 1.2910
v 3.3064 3.0955 -1.2910
v 3.4312 3.0955 -1.2910
v 3.4312 3.1966 -1.2910
v 3.3064 3.1966 -1.2910
v 3.3064 3.0955 -1.2210
v 3.4312 3.0955 -1.2210
v 3.4312 3.1966 -1.2210
v 3.3064 3.1966 -1.2210
v 3.4312 3.0955 1.1800
v 3.5560 3.0955 1.1800
v 3.5560 3.1966 1.1800
v 3.4312 3.1966 1.1800
v 3.4312 3.0955 1.2500
v 3.5560 3.0955 1.2500
v 3.5560 3.1966 1.2500
v 3.4312 3.1966 1.2500
v 3.4312 3.0955 -1.2500
v 3.5560 3.0955 -1.2500
v 3.5560 3.1966 -1.2500
v 3.4312 3.1966 -1.2500
v 3.4312 3.0955 -1.1800
v 3.5560 3.0955 -1.1800
v 3.5560 3.1966 -1.1800
v 3.4312 3.1966 -1.1800
v 3.5560 3.0955 1.1210
v 3.6807 3.0955 1.1210
v 3.6807 3.1966 1.1210
v 3.5560 3.1966 1.1210
v 3.5560 3.0955 1.1910
v 3.6807 3.0955 1.1910
v 3.6807 3.1966 1.1910
v 3.5560 3.1966 1.1910
v 3.5560 3.0955 -1.1910
v 3.6807 3.0955 -1.1910
v 3.6807 3.1966 -1.1910
v 3.5560 3.1966 -1.1910
v 3.5560 3.0955 -1.1210
v 3.6807 3.0955 -1.1210
v 3.6807 3.1966 -1.1210
v 3.5560 3.1966 -1.1210
v 3.6807 3.0955 1.0430
v 3.8055 3.0955 1.0430
v 3.8055 3.1966 1.0430
v 3.6807 3.1966 1.0430
v 3.6807 3.0955 1.1130
v 3.8055 3.0955 1.1130
v 3.8055 3.1966 1.1130
v 3.6807 3.1966 1.1130
v 3.6807 3.0955 -1.1130
v 3.8055 3.0955 -1.1130
v 3.8055 3.1966 -1.1130
v 3.6807 3.1966 -1.1130
v 3.6807 3.0955 -1.0430
v 3.8055 3.0955 -1.0430
v 3.8055 3.1966 -1.0430
v 3.6807 3.1966 -1.0430
v 3.8055 3.0955 -1.0080
v 3.9303 3.0955 -1.0080
v 3.9303 3.1966 -1.0080
v 3.8055 3.1966 -1.0080
v 3.8055 3.0955 1.0080
v 3.9303 3.0955 1.0080
v 3.9303 3.1966 1.0080
v 3.8055 3.1966 1.0080
v 3.9303 3.0955 -0.8660
v 4.0550 3.0955 -0.8660
v 4.0550 3.1966 -0.8660
v 3.9303 3.1966 -0.8660
v 3.9303 3.0955 0.8660
v 4.0550 3.0955 0.8660
v 4.0550 3.1966 0.8660
v 3.9303 3.1966 0.8660
v 4.0550 3.0955 -0.6630
v 4.1798 3.0955 -0.6630
v 4.1798 3.1966 -0.6630
v 4.0550 3.1966 -0.6630
v 4.0550 3.0955 0.6630
v 4.1798 3.0955 0.6630
v 4.1798 3.1966 0.6630
v 4.0550 3.1966 0.6630
v -6.8000 3.1966 1.2100
v -6.5505 3.1966 1.2100
v -6.5505 3.2977 1.2100
v -6.8000 3.2977 1.2100
v -6.8000 3.1966 1.2800
v -6.5505 3.1966 1.2800
v -6.5505 3.2977 1.2800
v -6.8000 3.2977 1.2800
v -6.8000 3.1966 -1.2800
v -6.5505 3.1966 -1.2800
v -6.5505 3.2977 -1.2800
v -6.8000 3.2977 -1.2800
v -6.8000 3.1966 -1.2100
v -6.5505 3.1966 -1.2100
v -6.5505 3.2977 -1.2100
v -6.8000 3.2977 -1.2100
v -6.5505 3.1966 1.2700
v -6.4257 3.1966 1.2700
v -6.4257 3.2977 1.2700
v -6.5505 3.2977 1.2700
v -6.5505 3.1966 1.3400
v -6.4257 3.1966 1.3400
v -6.4257 3.2977 1.3400
v -6.5505 3.2977 1.3400
v -6.5505 3.1966 -1.3400
v -6.4257 3.1966 -1.3400
v -6.4257 3.2977 -1.3400
v -6.5505 3.2977 -1.3400
v -6.5505 3.1966 -1.2700
v -6.4257 3.1966 -1.2700
v -6.4257 3.2977 -1.2700
v -6.5505 3.2977 -1.2700
v -6.4257 3.1966 1.2650
v -6.3009 3.1966 1.2650
v -6.3009 3.2977 1.2650
v -6.4257 3.2977 1.2650
v -6.4257 3.1966 1.3350
v -6.3009 3.1966 1.3350
v -6.3009 3.2977 1.3350
v -6.4257 3.2977 1.3350
v -6.4257 3.1966 -1.3350
v -6.3009 3.1966 -1.3350
v -6.3009 3.2977 -1.3350
v -6.4257 3.2977 -1.3350
v -6.4257 3.1966 -1.2650
v -6.3009 3.1966 -1.2650
v -6.3009 3.2977 -1.2650
v -6.4257 3.2977 -1.2650
v -6.3009 3.1966 1.3000
v 3.1817 3.1966 1.3000
v 3.1817 3.2977 1.3000
v -6.3009 3.2977 1.3000
v -6.3009 3.1966 1.3700
v 3.1817 3.1966 1.3700
v 3.1817 3.2977 1.3700
v -6.3009 3.2977 1.3700
v -6.3009 3.1966 -1.3700
v 3.1817 3.1966 -1.3700
v 3.1817 3.2977 -1.3700
v -6.3009 3.2977 -1.3700
v -6.3009 3.1966 -1.3000
v 3.1817 3.1966 -1.3000
v 3.1817 3.2977 -1.3000
v -6.3009 3.2977 -1.3000
v 3.1817 3.1966 1.1140
v 3.3064 3.1966 1.1140
v 3.3064 3.2977 1.1140
v 3.1817 3.2977 1.1140
v 3.1817 3.1966 1.1840
v 3.3064 3.1966 1.1840
v 3.3064 3.2977 1.1840
v 3.1817 3.2977 1.1840
v 3.1817 3.1966 -1.1840
v 3.3064 3.1966 -1.1840
v 3.3064 3.2977 -1.1840
v 3.1817 3.2977 -1.1840
v 3.1817 3.1966 -1.1140
v 3.3064 3.1966 -1.1140
v 3.3064 3.2977 -1.1140
v 3.1817 3.2977 -1.1140
v 3.3064 3.1966 1.0780
v 3.4312 3.1966 1.0780
v 3.4312 3.2977 1.0780
v 3.3064 3.2977 1.0780
v 3.3064 3.1966 1.1480
v 3.4312 3.1966 1.1480
v 3.4312 3.2977 1.1480
v 3.3064 3.2977 1.1480
v 3.3064 3.1966 -1.1480
v 3.4312 3.1966 -1.1480
v 3.4312 3.2977 -1.1480
v 3.3064 3.2977 -1.1480
v 3.3064 3.1966 -1.0780
v 3.4312 3.1966 -1.0780
v 3.4312 3.2977 -1.0780
v 3.3064 3.2977 -1.0780
v 3.4312 3.1966 1.0200
v 3.5560 3.1966 1.0200
v 3.5560 3.2977 1.0200
v 3.4312 3.2977 1.0200
v 3.4312 3.1966 1.0900
v 3.5560 3.1966 1.0900
v 3.5560 3.2977 1.0900
v 3.4312 3.2977 1.0900
v 3.4312 3.1966 -1.0900
v 3.5560 3.1966 -1.0900
v 3.5560 3.2977 -1.0900
v 3.4312 3.2977 -1.0900
v 3.4312 3.1966 -1.0200
v 3.5560 3.1966 -1.0200
v 3.5560 3.2977 -1.0200
v 3.4312 3.2977 -1.0200
v 3.5560 3.1966 -1.0070
v 3.6807 3.1966 -1.0070
v 3.6807 3.2977 -1.0070
v 3.5560 3.2977 -1.0070
v 3.5560 3.1966 1.0070
v 3.6807 3.1966 1.0070
v 3.6807 3.2977 1.0070
v 3.5560 3.2977 1.0070
v 3.6807 3.1966 -0.8950
v 3.8055 3.1966 -0.8950
v 3.8055 3.2977 -0.8950
v 3.6807 3.2977 -0.8950
v 3.6807 3.1966 0.8950
v 3.8055 3.1966 0.8950
v 3.8055 3.2977 0.8950
v 3.6807 3.2977 0.8950
v 3.8055 3.1966 -0.7370
v 3.9303 3.1966 -0.7370
v 3.9303 3.2977 -0.7370
v 3.8055 3.2977 -0.7370
v 3.8055 3.1966 0.7370
v 3.9303 3.1966 0.7370
v 3.9303 3.2977 0.7370
v 3.8055 3.2977 0.7370
v -6.8000 3.2977 -1.2240
v -6.5505 3.2977 -1.2240
v -6.5505 3.3989 -1.2240
v -6.8000 3.3989 -1.2240
v -6.8000 3.2977 1.2240
v -6.5505 3.2977 1.2240
v -6.5505 3.3989 1.2240
v -6.8000 3.3989 1.2240
v -6.5505 3.2977 -1.2840
v -6.4257 3.2977 -1.2840
v -6.4257 3.3989 -1.2840
v -6.5505 3.3989 -1.2840
v -6.5505 3.2977 1.2840
v -6.4257 3.2977 1.2840
v -6.4257 3.3989 1.2840
v -6.5505 3.3989 1.2840
v -6.4257 3.2977 -1.2790
v -6.3009 3.2977 -1.2790
v -6.3009 3.3989 -1.2790
v -6.4257 3.3989 -1.2790
v -6.4257 3.2977 1.2790
v -6.3009 3.2977 1.2790
v -6.3009 3.3989 1.2790
v -6.4257 3.3989 1.2790
v -6.3009 3.2977 -1.3140
v 3.1817 3.2977 -1.3140
v 3.1817 3.3989 -1.3140
v -6.3009 3.3989 -1.3140
v -6.3009 3.2977 1.3140
v 3.1817 3.2977 1.3140
v 3.1817 3.3989 1.3140
v -6.3009 3.3989 1.3140
v 3.1817 3.2977 -0.9750
v 3.3064 3.2977 -0.9750
v 3.3064 3.3989 -0.9750
v 3.1817 3.3989 -0.9750
v 3.1817 3.2977 0.9750
v 3.3064 3.2977 0.9750
v 3.3064 3.3989 0.9750
v 3.1817 3.3989 0.9750
v 3.3064 3.2977 -0.9250
v 3.4312 3.2977 -0.9250
v 3.4312 3.3989 -0.9250
v 3.3064 3.3989 -0.9250
v 3.3064 3.2977 0.9250
v 3.4312 3.2977 0.9250
v 3.4312 3.3989 0.9250
v 3.3064 3.3989 0.9250
v 3.4312 3.2977 -0.8420
v 3.5560 3.2977 -0.8420
v 3.5560 3.3989 -0.8420
v 3.4312 3.3989 -0.8420
v 3.4312 3.2977 0.8420
v 3.5560 3.2977 0.8420
v 3.5560 3.3989 0.8420
v 3.4312 3.3989 0.8420
v 3.5560 3.2977 -0.7200
v 3.6807 3.2977 -0.7200
v 3.6807 3.3989 -0.7200
v 3.5560 3.3989 -0.7200
v 3.5560 3.2977 0.7200
v 3.6807 3.2977 0.7200
v 3.6807 3.3989 0.7200
v 3.5560 3.3989 0.7200
v 3.6807 3.2977 -0.5340
v 3.8055 3.2977 -0.5340
v 3.8055 3.3989 -0.5340
v 3.6807 3.3989 -0.5340
v 3.6807 3.2977 0.5340
v 3.8055 3.2977 0.5340
v 3.8055 3.3989 0.5340
v 3.6807 3.3989 0.5340
v -6.8000 3.3989 -1.1390
v -6.5505 3.3989 -1.1390
v -6.5505 3.5000 -1.1390
v -6.8000 3.5000 -1.1390
v -6.8000 3.3989 1.1390
v -6.5505 3.3989 1.1390
v -6.5505 3.5000 1.1390
v -6.8000 3.5000 1.1390
v -6.5505 3.3989 -1.1990
v -6.4257 3.3989 -1.1990
v -6.4257 3.5000 -1.1990
v -6.5505 3.5000 -1.1990
v -6.5505 3.3989 1.1990
v -6.4257 3.3989 1.1990
v -6.4257 3.5000 1.1990
v -6.5505 3.5000 1.1990
v -6.4257 3.3989 -1.1940
v -6.3009 3.3989 -1.1940
v -6.3009 3.5000 -1.1940
v -6.4257 3.5000 -1.1940
v -6.4257 3.3989 1.1940
v -6.3009 3.3989 1.1940
v -6.3009 3.5000 1.1940
v -6.4257 3.5000 1.1940
v -6.3009 3.3989 -1.2290
v -4.4294 3.3989 -1.2290
v -4.4294 3.5000 -1.2290
v -6.3009 3.5000 -1.2290
v -6.3009 3.3989 1.2290
v -4.4294 3.3989 1.2290
v -4.4294 3.5000 1.2290
v -6.3009 3.5000 1.2290
v -4.4294 3.3989 -1.2290
v -2.8073 3.3989 -1.2290
v -2.8073 3.5000 -1.2290
v -4.4294 3.5000 -1.2290
v -4.4294 3.3989 1.2290
v -2.8073 3.3989 1.2290
v -2.8073 3.5000 1.2290
v -4.4294 3.5000 1.2290
v -2.8073 3.3989 -1.2290
v -0.1872 3.3989 -1.2290
v -0.1872 3.5000 -1.2290
v -2.8073 3.5000 -1.2290
v -2.8073 3.3989 1.2290
v -0.1872 3.3989 1.2290
v -0.1872 3.5000 1.2290
v -2.8073 3.5000 1.2290
v -0.1872 3.3989 -1.2290
v 1.4349 3.3989 -1.2290
v 1.4349 3.5000 -1.2290
v -0.1872 3.5000 -1.2290
v -0.1872 3.3989 1.2290
v 1.4349 3.3989 1.2290
v 1.4349 3.5000 1.2290
v -0.1872 3.5000 1.2290
v 1.4349 3.3989 -1.2290
v 3.1817 3.3989 -1.2290
v 3.1817 3.5000 -1.2290
v 1.4349 3.5000 -1.2290
v 1.4349 3.3989 1.2290
v 3.1817 3.3989 1.2290
v 3.1817 3.5000 1.2290
v 1.4349 3.5000 1.2290
v 3.1817 3.3989 -0.6700
v 3.3064 3.3989 -0.6700
v 3.3064 3.5000 -0.6700
v 3.1817 3.5000 -0.6700
v 3.1817 3.3989 0.6700
v 3.3064 3.3989 0.6700
v 3.3064 3.5000 0.6700
v 3.1817 3.5000 0.6700
v 3.3064 3.3989 -0.5920
v 3.4312 3.3989 -0.5920
v 3.4312 3.5000 -0.5920
v 3.3064 3.5000 -0.5920
v 3.3064 3.3989 0.5920
v 3.4312 3.3989 0.5920
v 3.4312 3.5000 0.5920
v 3.3064 3.5000 0.5920
v -6.5000 0.7300 -1.2800
v 3.0000 0.7300 -1.2800
v 3.0000 0.8500 -1.2800
v -6.5000 0.8500 -1.2800
v -6.5000 0.7300 1.2800
v 3.0000 0.7300 1.2800
v 3.0000 0.8500 1.2800
v -6.5000 0.8500 1.2800
v -6.9500 -0.8000 0.6200
v -6.8000 -0.8000 0.6200
v -6.8000 -0.7005 0.6200
v -6.9500 -0.7005 0.6200
v -6.9500 -0.8000 1.1030
v -6.8000 -0.8000 1.1030
v -6.8000 -0.7005 1.1030
v -6.9500 -0.7005 1.1030
v -6.9500 -0.8000 -1.1030
v -6.8000 -0.8000 -1.1030
v -6.8000 -0.7005 -1.1030
v -6.9500 -0.7005 -1.1030
v -6.9500 -0.8000 -0.6200
v -6.8000 -0.8000 -0.6200
v -6.8000 -0.7005 -0.6200
v -6.9500 -0.7005 -0.6200
v -6.9500 -0.7005 0.6200
v -6.8000 -0.7005 0.6200
v -6.8000 -0.6010 0.6200
v -6.9500 -0.6010 0.6200
v -6.9500 -0.7005 1.1290
v -6.8000 -0.7005 1.1290
v -6.8000 -0.6010 1.1290
v -6.9500 -0.6010 1.1290
v -6.9500 -0.7005 -1.1290
v -6.8000 -0.7005 -1.1290
v -6.8000 -0.6010 -1.1290
v -6.9500 -0.6010 -1.1290
v -6.9500 -0.7005 -0.6200
v -6.8000 -0.7005 -0.6200
v -6.8000 -0.6010 -0.6200
v -6.9500 -0.6010 -0.6200
v -6.9500 -0.6010 0.6200
v -6.8000 -0.6010 0.6200
v -6.8000 -0.5014 0.6200
v -6.9500 -0.5014 0.6200
v -6.9500 -0.6010 1.1550
v -6.8000 -0.6010 1.1550
v -6.8000 -0.5014 1.1550
v -6.9500 -0.5014 1.1550
v -6.9500 -0.6010 -1.1550
v -6.8000 -0.6010 -1.1550
v -6.8000 -0.5014 -1.1550
v -6.9500 -0.5014 -1.1550
v -6.9500 -0.6010 -0.6200
v -6.8000 -0.6010 -0.6200
v -6.8000 -0.5014 -0.6200
v -6.9500 -0.5014 -0.6200
v -6.9500 -0.5014 0.6200
v -6.8000 -0.5014 0.6200
v -6.8000 -0.4019 0.6200
v -6.9500 -0.4019 0.6200
v -6.9500 -0.5014 1.1810
v -6.8000 -0.5014 1.1810
v -6.8000 -0.4019 1.1810
v -6.9500 -0.4019 1.1810
v -6.9500 -0.5014 -1.1810
v -6.8000 -0.5014 -1.1810
v -6.8000 -0.4019 -1.1810
v -6.9500 -0.4019 -1.1810
v -6.9500 -0.5014 -0.6200
v -6.8000 -0.5014 -0.6200
v -6.8000 -0.4019 -0.6200
v -6.9500 -0.4019 -0.6200
v -6.9500 -0.4019 0.6200
v -6.8000 -0.4019 0.6200
v -6.8000 -0.3024 0.6200
v -6.9500 -0.3024 0.6200
v -6.9500 -0.4019 1.2070
v -6.8000 -0.4019 1.2070
v -6.8000 -0.3024 1.2070
v -6.9500 -0.3024 1.2070
v -6.9500 -0.4019 -1.2070
v -6.8000 -0.4019 -1.2070
v -6.8000 -0.3024 -1.2070
v -6.9500 -0.3024 -1.2070
v -6.9500 -0.4019 -0.6200
v -6.8000 -0.4019 -0.6200
v -6.8000 -0.3024 -0.6200
v -6.9500 -0.3024 -0.6200
v -6.9500 -0.3024 0.6200
v -6.8000 -0.3024 0.6200
v -6.8000 -0.2029 0.6200
v -6.9500 -0.2029 0.6200
v -6.9500 -0.3024 1.2340
v -6.8000 -0.3024 1.2340
v -6.8000 -0.2029 1.2340
v -6.9500 -0.2029 1.2340
v -6.9500 -0.3024 -1.2340
v -6.8000 -0.3024 -1.2340
v -6.8000 -0.2029 -1.2340
v -6.9500 -0.2029 -1.2340
v -6.9500 -0.3024 -0.6200
v -6.8000 -0.3024 -0.6200
v -6.8000 -0.2029 -0.6200
v -6.9500 -0.2029 -0.6200
v -6.9500 -0.2029 0.6200
v -6.8000 -0.2029 0.6200
v -6.8000 -0.1033 0.6200
v -6.9500 -0.1033 0.6200
v -6.9500 -0.2029 1.2600
v -6.8000 -0.2029 1.2600
v -6.8000 -0.1033 1.2600
v -6.9500 -0.1033 1.2600
v -6.9500 -0.2029 -1.2600
v -6.8000 -0.2029 -1.2600
v -6.8000 -0.1033 -1.2600
v -6.9500 -0.1033 -1.2600
v -6.9500 -0.2029 -0.6200
v -6.8000 -0.2029 -0.6200
v -6.8000 -0.1033 -0.6200
v -6.9500 -0.1033 -0.6200
v -6.9500 -0.1033 0.6200
v -6.8000 -0.1033 0.6200
v -6.8000 -0.0038 0.6200
v -6.9500 -0.0038 0.6200
v -6.9500 -0.1033 1.2860
v -6.8000 -0.1033 1.2860
v -6.8000 -0.0038 1.2860
v -6.9500 -0.0038 1.2860
v -6.9500 -0.1033 -1.2860
v -6.8000 -0.1033 -1.2860
v -6.8000 -0.0038 -1.2860
v -6.9500 -0.0038 -1.2860
v -6.9500 -0.1033 -0.6200
v -6.8000 -0.1033 -0.6200
v -6.8000 -0.0038 -0.6200
v -6.9500 -0.0038 -0.6200
v -6.9500 -0.0038 0.6200
v -6.8000 -0.0038 0.6200
v -6.8000 0.7924 0.6200
v -6.9500 0.7924 0.6200
v -6.9500 -0.0038 1.3000
v -6.8000 -0.0038 1.3000
v -6.8000 0.7924 1.3000
v -6.9500 0.7924 1.3000
v -6.9500 -0.0038 -1.3000
v -6.8000 -0.0038 -1.3000
v -6.8000 0.7924 -1.3000
v -6.9500 0.7924 -1.3000
v -6.9500 -0.0038 -0.6200
v -6.8000 -0.0038 -0.6200
v -6.8000 0.7924 -0.6200
v -6.9500 0.7924 -0.6200
v -6.9500 0.7924 0.5800
v -6.8000 0.7924 0.5800
v -6.8000 2.9819 0.5800
v -6.9500 2.9819 0.5800
v -6.9500 0.7924 1.3000
v -6.8000 0.7924 1.3000
v -6.8000 2.9819 1.3000
v -6.9500 2.9819 1.3000
v -6.9500 0.7924 -1.3000
v -6.8000 0.7924 -1.3000
v -6.8000 2.9819 -1.3000
v -6.9500 2.9819 -1.3000
v -6.9500 0.7924 -0.5800
v -6.8000 0.7924 -0.5800
v -6.8000 2.9819 -0.5800
v -6.9500 2.9819 -0.5800
v -6.9500 2.9819 -1.3000
v -6.8000 2.9819 -1.3000
v -6.8000 3.0814 -1.3000
v -6.9500 3.0814 -1.3000
v -6.9500 2.9819 1.3000
v -6.8000 2.9819 1.3000
v -6.8000 3.0814 1.3000
v -6.9500 3.0814 1.3000
v -6.9500 3.0814 -1.2990
v -6.8000 3.0814 -1.2990
v -6.8000 3.1810 -1.2990
v -6.9500 3.1810 -1.2990
v -6.9500 3.0814 1.2990
v -6.8000 3.0814 1.2990
v -6.8000 3.1810 1.2990
v -6.9500 3.1810 1.2990
v -6.9500 3.1810 -1.2760
v -6.8000 3.1810 -1.2760
v -6.8000 3.2805 -1.2760
v -6.9500 3.2805 -1.2760
v -6.9500 3.1810 1.2760
v -6.8000 3.1810 1.2760
v -6.8000 3.2805 1.2760
v -6.9500 3.2805 1.2760
v -6.9500 3.2805 -1.2260
v -6.8000 3.2805 -1.2260
v -6.8000 3.3800 -1.2260
v -6.9500 3.3800 -1.2260
v -6.9500 3.2805 1.2260
v -6.8000 3.2805 1.2260
v -6.8000 3.3800 1.2260
v -6.9500 3.3800 1.2260
v -6.9600 0.8200 -0.5600
v -6.6800 0.8200 -0.5600
v -6.6800 0.8500 -0.5600
v -6.9600 0.8500 -0.5600
v -6.9600 0.8200 0.5600
v -6.6800 0.8200 0.5600
v -6.6800 0.8500 0.5600
v -6.9600 0.8500 0.5600
v -6.7000 0.8200 -1.3300
v 5.1800 0.8200 -1.3300
v 5.1800 0.8500 -1.3300
v -6.7000 0.8500 -1.3300
v -6.7000 0.8200 1.3300
v 5.1800 0.8200 1.3300
v 5.1800 0.8500 1.3300
v -6.7000 0.8500 1.3300
v -6.9600 0.8300 -0.5600
v -6.6800 0.8300 -0.5600
v -6.6800 0.8550 -0.5600
v -6.9600 0.8550 -0.5600
v -6.9600 0.8300 0.5600
v -6.6800 0.8300 0.5600
v -6.6800 0.8550 0.5600
v -6.9600 0.8550 0.5600
v 2.5500 0.6200 -0.5800
v 5.0500 0.6200 -0.5800
v 5.0500 0.8200 -0.5800
v 2.5500 0.8200 -0.5800
v 2.5500 0.6200 0.5800
v 5.0500 0.6200 0.5800
v 5.0500 0.8200 0.5800
v 2.5500 0.8200 0.5800
v 2.5500 -0.8500 0.5000
v 5.0500 -0.8500 0.5000
v 5.0500 0.6200 0.5000
v 2.5500 0.6200 0.5000
v 2.5500 -0.8500 0.5800
v 5.0500 -0.8500 0.5800
v 5.0500 0.6200 0.5800
v 2.5500 0.6200 0.5800
v 2.5500 -0.8500 -0.5800
v 5.0500 -0.8500 -0.5800
v 5.0500 0.6200 -0.5800
v 2.5500 0.6200 -0.5800
v 2.5500 -0.8500 -0.5000
v 5.0500 -0.8500 -0.5000
v 5.0500 0.6200 -0.5000
v 2.5500 0.6200 -0.5000
v 2.6700 -0.4200 0.4000
v 3.2300 -0.4200 0.4000
v 3.2300 -0.1400 0.4000
v 2.6700 -0.1400 0.4000
v 2.6700 -0.4200 0.5000
v 3.2300 -0.4200 0.5000
v 3.2300 -0.1400 0.5000
v 2.6700 -0.1400 0.5000
v 2.6700 -0.4200 -0.5000
v 3.2300 -0.4200 -0.5000
v 3.2300 -0.1400 -0.5000
v 2.6700 -0.1400 -0.5000
v 2.6700 -0.4200 -0.4000
v 3.2300 -0.4200 -0.4000
v 3.2300 -0.1400 -0.4000
v 2.6700 -0.1400 -0.4000
v 2.7300 -0.8200 0.4000
v 3.1700 -0.8200 0.4000
v 3.1700 -0.6000 0.4000
v 2.7300 -0.6000 0.4000
v 2.7300 -0.8200 0.5000
v 3.1700 -0.8200 0.5000
v 3.1700 -0.6000 0.5000
v 2.7300 -0.6000 0.5000
v 2.7300 -0.8200 -0.5000
v 3.1700 -0.8200 -0.5000
v 3.1700 -0.6000 -0.5000
v 2.7300 -0.6000 -0.5000
v 2.7300 -0.8200 -0.4000
v 3.1700 -0.8200 -0.4000
v 3.1700 -0.6000 -0.4000
v 2.7300 -0.6000 -0.4000
v 4.3700 -0.4200 0.4000
v 4.9300 -0.4200 0.4000
v 4.9300 -0.1400 0.4000
v 4.3700 -0.1400 0.4000
v 4.3700 -0.4200 0.5000
v 4.9300 -0.4200 0.5000
v 4.9300 -0.1400 0.5000
v 4.3700 -0.1400 0.5000
v 4.3700 -0.4200 -0.5000
v 4.9300 -0.4200 -0.5000
v 4.9300 -0.1400 -0.5000
v 4.3700 -0.1400 -0.5000
v 4.3700 -0.4200 -0.4000
v 4.9300 -0.4200 -0.4000
v 4.9300 -0.1400 -0.4000
v 4.3700 -0.1400 -0.4000
v 4.4300 -0.8200 0.4000
v 4.8700 -0.8200 0.4000
v 4.8700 -0.6000 0.4000
v 4.4300 -0.6000 0.4000
v 4.4300 -0.8200 0.5000
v 4.8700 -0.8200 0.5000
v 4.8700 -0.6000 0.5000
v 4.4300 -0.6000 0.5000
v 4.4300 -0.8200 -0.5000
v 4.8700 -0.8200 -0.5000
v 4.8700 -0.6000 -0.5000
v 4.4300 -0.6000 -0.5000
v 4.4300 -0.8200 -0.4000
v 4.8700 -0.8200 -0.4000
v 4.8700 -0.6000 -0.4000
v 4.4300 -0.6000 -0.4000
v 3.9000 0.1910 -0.3000
v 4.8000 0.1910 -0.3000
v 4.8000 0.5690 -0.3000
v 3.9000 0.5690 -0.3000
v 3.9000 0.1910 0.3000
v 4.8000 0.1910 0.3000
v 4.8000 0.5690 0.3000
v 3.9000 0.5690 0.3000
v 4.1610 -0.0700 -0.3000
v 4.5390 -0.0700 -0.3000
v 4.5390 0.8300 -0.3000
v 4.1610 0.8300 -0.3000
v 4.1610 -0.0700 0.3000
v 4.5390 -0.0700 0.3000
v 4.5390 0.8300 0.3000
v 4.1610 0.8300 0.3000
v 3.9990 0.0290 -0.3000
v 4.7010 0.0290 -0.3000
v 4.7010 0.7310 -0.3000
v 3.9990 0.7310 -0.3000
v 3.9990 0.0290 0.3000
v 4.7010 0.0290 0.3000
v 4.7010 0.7310 0.3000
v 3.9990 0.7310 0.3000
v 4.1925 0.2225 -0.3900
v 4.5075 0.2225 -0.3900
v 4.5075 0.5375 -0.3900
v 4.1925 0.5375 -0.3900
v 4.1925 0.2225 0.3900
v 4.5075 0.2225 0.3900
v 4.5075 0.5375 0.3900
v 4.1925 0.5375 0.3900
v 2.8000 0.1910 -0.3000
v 3.7000 0.1910 -0.3000
v 3.7000 0.5690 -0.3000
v 2.8000 0.5690 -0.3000
v 2.8000 0.1910 0.3000
v 3.7000 0.1910 0.3000
v 3.7000 0.5690 0.3000
v 2.8000 0.5690 0.3000
v 3.0610 -0.0700 -0.3000
v 3.4390 -0.0700 -0.3000
v 3.4390 0.8300 -0.3000
v 3.0610 0.8300 -0.3000
v 3.0610 -0.0700 0.3000
v 3.4390 -0.0700 0.3000
v 3.4390 0.8300 0.3000
v 3.0610 0.8300 0.3000
v 2.8990 0.0290 -0.3000
v 3.6010 0.0290 -0.3000
v 3.6010 0.7310 -0.3000
v 2.8990 0.7310 -0.3000
v 2.8990 0.0290 0.3000
v 3.6010 0.0290 0.3000
v 3.6010 0.7310 0.3000
v 2.8990 0.7310 0.3000
v 3.0925 0.2225 -0.3900
v 3.4075 0.2225 -0.3900
v 3.4075 0.5375 -0.3900
v 3.0925 0.5375 -0.3900
v 3.0925 0.2225 0.3900
v 3.4075 0.2225 0.3900
v 3.4075 0.5375 0.3900
v 3.0925 0.5375 0.3900
v -5.0500 0.6200 -0.5800
v -2.5500 0.6200 -0.5800
v -2.5500 0.8200 -0.5800
v -5.0500 0.8200 -0.5800
v -5.0500 0.6200 0.5800
v -2.5500 0.6200 0.5800
v -2.5500 0.8200 0.5800
v -5.0500 0.8200 0.5800
v -5.0500 -0.8500 0.5000
v -2.5500 -0.8500 0.5000
v -2.5500 0.6200 0.5000
v -5.0500 0.6200 0.5000
v -5.0500 -0.8500 0.5800
v -2.5500 -0.8500 0.5800
v -2.5500 0.6200 0.5800
v -5.0500 0.6200 0.5800
v -5.0500 -0.8500 -0.5800
v -2.5500 -0.8500 -0.5800
v -2.5500 0.6200 -0.5800
v -5.0500 0.6200 -0.5800
v -5.0500 -0.8500 -0.5000
v -2.5500 -0.8500 -0.5000
v -2.5500 0.6200 -0.5000
v -5.0500 0.6200 -0.5000
v -4.9300 -0.4200 0.4000
v -4.3700 -0.4200 0.4000
v -4.3700 -0.1400 0.4000
v -4.9300 -0.1400 0.4000
v -4.9300 -0.4200 0.5000
v -4.3700 -0.4200 0.5000
v -4.3700 -0.1400 0.5000
v -4.9300 -0.1400 0.5000
v -4.9300 -0.4200 -0.5000
v -4.3700 -0.4200 -0.5000
v -4.3700 -0.1400 -0.5000
v -4.9300 -0.1400 -0.5000
v -4.9300 -0.4200 -0.4000
v -4.3700 -0.4200 -0.4000
v -4.3700 -0.1400 -0.4000
v -4.9300 -0.1400 -0.4000
v -4.8700 -0.8200 0.4000
v -4.4300 -0.8200 0.4000
v -4.4300 -0.6000 0.4000
v -4.8700 -0.6000 0.4000
v -4.8700 -0.8200 0.5000
v -4.4300 -0.8200 0.5000
v -4.4300 -0.6000 0.5000
v -4.8700 -0.6000 0.5000
v -4.8700 -0.8200 -0.5000
v -4.4300 -0.8200 -0.5000
v -4.4300 -0.6000 -0.5000
v -4.8700 -0.6000 -0.5000
v -4.8700 -0.8200 -0.4000
v -4.4300 -0.8200 -0.4000
v -4.4300 -0.6000 -0.4000
v -4.8700 -0.6000 -0.4000
v -3.2300 -0.4200 0.4000
v -2.6700 -0.4200 0.4000
v -2.6700 -0.1400 0.4000
v -3.2300 -0.1400 0.4000
v -3.2300 -0.4200 0.5000
v -2.6700 -0.4200 0.5000
v -2.6700 -0.1400 0.5000
v -3.2300 -0.1400 0.5000
v -3.2300 -0.4200 -0.5000
v -2.6700 -0.4200 -0.5000
v -2.6700 -0.1400 -0.5000
v -3.2300 -0.1400 -0.5000
v -3.2300 -0.4200 -0.4000
v -2.6700 -0.4200 -0.4000
v -2.6700 -0.1400 -0.4000
v -3.2300 -0.1400 -0.4000
v -3.1700 -0.8200 0.4000
v -2.7300 -0.8200 0.4000
v -2.7300 -0.6000 0.4000
v -3.1700 -0.6000 0.4000
v -3.1700 -0.8200 0.5000
v -2.7300 -0.8200 0.5000
v -2.7300 -0.6000 0.5000
v -3.1700 -0.6000 0.5000
v -3.1700 -0.8200 -0.5000
v -2.7300 -0.8200 -0.5000
v -2.7300 -0.6000 -0.5000
v -3.1700 -0.6000 -0.5000
v -3.1700 -0.8200 -0.4000
v -2.7300 -0.8200 -0.4000
v -2.7300 -0.6000 -0.4000
v -3.1700 -0.6000 -0.4000
v -3.7000 0.1910 -0.3000
v -2.8000 0.1910 -0.3000
v -2.8000 0.5690 -0.3000
v -3.7000 0.5690 -0.3000
v -3.7000 0.1910 0.3000
v -2.8000 0.1910 0.3000
v -2.8000 0.5690 0.3000
v -3.7000 0.5690 0.3000
v -3.4390 -0.0700 -0.3000
v -3.0610 -0.0700 -0.3000
v -3.0610 0.8300 -0.3000
v -3.4390 0.8300 -0.3000
v -3.4390 -0.0700 0.3000
v -3.0610 -0.0700 0.3000
v -3.0610 0.8300 0.3000
v -3.4390 0.8300 0.3000
v -3.6010 0.0290 -0.3000
v -2.8990 0.0290 -0.3000
v -2.8990 0.7310 -0.3000
v -3.6010 0.7310 -0.3000
v -3.6010 0.0290 0.3000
v -2.8990 0.0290 0.3000
v -2.8990 0.7310 0.3000
v -3.6010 0.7310 0.3000
v -3.4075 0.2225 -0.3900
v -3.0925 0.2225 -0.3900
v -3.0925 0.5375 -0.3900
v -3.4075 0.5375 -0.3900
v -3.4075 0.2225 0.3900
v -3.0925 0.2225 0.3900
v -3.0925 0.5375 0.3900
v -3.4075 0.5375 0.3900
v -4.8000 0.1910 -0.3000
v -3.9000 0.1910 -0.3000
v -3.9000 0.5690 -0.3000
v -4.8000 0.5690 -0.3000
v -4.8000 0.1910 0.3000
v -3.9000 0.1910 0.3000
v -3.9000 0.5690 0.3000
v -4.8000 0.5690 0.3000
v -4.5390 -0.0700 -0.3000
v -4.1610 -0.0700 -0.3000
v -4.1610 0.8300 -0.3000
v -4.5390 0.8300 -0.3000
v -4.5390 -0.0700 0.3000
v -4.1610 -0.0700 0.3000
v -4.1610 0.8300 0.3000
v -4.5390 0.8300 0.3000
v -4.7010 0.0290 -0.3000
v -3.9990 0.0290 -0.3000
v -3.9990 0.7310 -0.3000
v -4.7010 0.7310 -0.3000
v -4.7010 0.0290 0.3000
v -3.9990 0.0290 0.3000
v -3.9990 0.7310 0.3000
v -4.7010 0.7310 0.3000
v -4.5075 0.2225 -0.3900
v -4.1925 0.2225 -0.3900
v -4.1925 0.5375 -0.3900
v -4.5075 0.5375 -0.3900
v -4.5075 0.2225 0.3900
v -4.1925 0.2225 0.3900
v -4.1925 0.5375 0.3900
v -4.5075 0.5375 0.3900
v -5.3000 3.4500 -0.7200
v -3.1000 3.4500 -0.7200
v -3.1000 3.7800 -0.7200
v -5.3000 3.7800 -0.7200
v -5.3000 3.4500 0.7200
v -3.1000 3.4500 0.7200
v -3.1000 3.7800 0.7200
v -5.3000 3.7800 0.7200
v -5.1000 3.7800 -0.5500
v -3.3000 3.7800 -0.5500
v -3.3000 3.8400 -0.5500
v -5.1000 3.8400 -0.5500
v -5.1000 3.7800 0.5500
v -3.3000 3.7800 0.5500
v -3.3000 3.8400 0.5500
v -5.1000 3.8400 0.5500
v -5.0200 3.7800 -0.5000
v -4.9400 3.7800 -0.5000
v -4.9400 3.8500 -0.5000
v -5.0200 3.8500 -0.5000
v -5.0200 3.7800 0.5000
v -4.9400 3.7800 0.5000
v -4.9400 3.8500 0.5000
v -5.0200 3.8500 0.5000
v -4.7600 3.7800 -0.5000
v -4.6800 3.7800 -0.5000
v -4.6800 3.8500 -0.5000
v -4.7600 3.8500 -0.5000
v -4.7600 3.7800 0.5000
v -4.6800 3.7800 0.5000
v -4.6800 3.8500 0.5000
v -4.7600 3.8500 0.5000
v -4.5000 3.7800 -0.5000
v -4.4200 3.7800 -0.5000
v -4.4200 3.8500 -0.5000
v -4.5000 3.8500 -0.5000
v -4.5000 3.7800 0.5000
v -4.4200 3.7800 0.5000
v -4.4200 3.8500 0.5000
v -4.5000 3.8500 0.5000
v -4.2400 3.7800 -0.5000
v -4.1600 3.7800 -0.5000
v -4.1600 3.8500 -0.5000
v -4.2400 3.8500 -0.5000
v -4.2400 3.7800 0.5000
v -4.1600 3.7800 0.5000
v -4.1600 3.8500 0.5000
v -4.2400 3.8500 0.5000
v -3.9800 3.7800 -0.5000
v -3.9000 3.7800 -0.5000
v -3.9000 3.8500 -0.5000
v -3.9800 3.8500 -0.5000
v -3.9800 3.7800 0.5000
v -3.9000 3.7800 0.5000
v -3.9000 3.8500 0.5000
v -3.9800 3.8500 0.5000
v -3.7200 3.7800 -0.5000
v -3.6400 3.7800 -0.5000
v -3.6400 3.8500 -0.5000
v -3.7200 3.8500 -0.5000
v -3.7200 3.7800 0.5000
v -3.6400 3.7800 0.5000
v -3.6400 3.8500 0.5000
v -3.7200 3.8500 0.5000
v -3.4600 3.7800 -0.5000
v -3.3800 3.7800 -0.5000
v -3.3800 3.8500 -0.5000
v -3.4600 3.8500 -0.5000
v -3.4600 3.7800 0.5000
v -3.3800 3.7800 0.5000
v -3.3800 3.8500 0.5000
v -3.4600 3.8500 0.5000
v 1.5000 3.4500 -0.7200
v 3.7000 3.4500 -0.7200
v 3.7000 3.7800 -0.7200
v 1.5000 3.7800 -0.7200
v 1.5000 3.4500 0.7200
v 3.7000 3.4500 0.7200
v 3.7000 3.7800 0.7200
v 1.5000 3.7800 0.7200
v 1.7000 3.7800 -0.5500
v 3.5000 3.7800 -0.5500
v 3.5000 3.8400 -0.5500
v 1.7000 3.8400 -0.5500
v 1.7000 3.7800 0.5500
v 3.5000 3.7800 0.5500
v 3.5000 3.8400 0.5500
v 1.7000 3.8400 0.5500
v 1.7800 3.7800 -0.5000
v 1.8600 3.7800 -0.5000
v 1.8600 3.8500 -0.5000
v 1.7800 3.8500 -0.5000
v 1.7800 3.7800 0.5000
v 1.8600 3.7800 0.5000
v 1.8600 3.8500 0.5000
v 1.7800 3.8500 0.5000
v 2.0400 3.7800 -0.5000
v 2.1200 3.7800 -0.5000
v 2.1200 3.8500 -0.5000
v 2.0400 3.8500 -0.5000
v 2.0400 3.7800 0.5000
v 2.1200 3.7800 0.5000
v 2.1200 3.8500 0.5000
v 2.0400 3.8500 0.5000
v 2.3000 3.7800 -0.5000
v 2.3800 3.7800 -0.5000
v 2.3800 3.8500 -0.5000
v 2.3000 3.8500 -0.5000
v 2.3000 3.7800 0.5000
v 2.3800 3.7800 0.5000
v 2.3800 3.8500 0.5000
v 2.3000 3.8500 0.5000
v 2.5600 3.7800 -0.5000
v 2.6400 3.7800 -0.5000
v 2.6400 3.8500 -0.5000
v 2.5600 3.8500 -0.5000
v 2.5600 3.7800 0.5000
v 2.6400 3.7800 0.5000
v 2.6400 3.8500 0.5000
v 2.5600 3.8500 0.5000
v 2.8200 3.7800 -0.5000
v 2.9000 3.7800 -0.5000
v 2.9000 3.8500 -0.5000
v 2.8200 3.8500 -0.5000
v 2.8200 3.7800 0.5000
v 2.9000 3.7800 0.5000
v 2.9000 3.8500 0.5000
v 2.8200 3.8500 0.5000
v 3.0800 3.7800 -0.5000
v 3.1600 3.7800 -0.5000
v 3.1600 3.8500 -0.5000
v 3.0800 3.8500 -0.5000
v 3.0800 3.7800 0.5000
v 3.1600 3.7800 0.5000
v 3.1600 3.8500 0.5000
v 3.0800 3.8500 0.5000
v 3.3400 3.7800 -0.5000
v 3.4200 3.7800 -0.5000
v 3.4200 3.8500 -0.5000
v 3.3400 3.8500 -0.5000
v 3.3400 3.7800 0.5000
v 3.4200 3.7800 0.5000
v 3.4200 3.8500 0.5000
v 3.3400 3.8500 0.5000
v 6.5200 0.3500 0.1705
v 6.6800 0.3500 0.1705
v 6.6800 0.5500 0.1705
v 6.5200 0.5500 0.1705
v 6.5200 0.3500 0.5116
v 6.6800 0.3500 0.5116
v 6.6800 0.5500 0.5116
v 6.5200 0.5500 0.5116
v 6.5200 0.3500 -0.5116
v 6.6800 0.3500 -0.5116
v 6.6800 0.5500 -0.5116
v 6.5200 0.5500 -0.5116
v 6.5200 0.3500 -0.1705
v 6.6800 0.3500 -0.1705
v 6.6800 0.5500 -0.1705
v 6.5200 0.5500 -0.1705
v 6.5000 0.3500 0.5416
v 6.6600 0.3500 0.5416
v 6.6600 0.5500 0.5416
v 6.5000 0.5500 0.5416
v 6.5000 0.3500 0.6651
v 6.6600 0.3500 0.6651
v 6.6600 0.5500 0.6651
v 6.5000 0.5500 0.6651
v 6.5000 0.3500 -0.6651
v 6.6600 0.3500 -0.6651
v 6.6600 0.5500 -0.6651
v 6.5000 0.5500 -0.6651
v 6.5000 0.3500 -0.5416
v 6.6600 0.3500 -0.5416
v 6.6600 0.5500 -0.5416
v 6.5000 0.5500 -0.5416
v -6.4000 3.2100 0.4200
v 2.8000 3.2100 0.4200
v 2.8000 3.2400 0.4200
v -6.4000 3.2400 0.4200
v -6.4000 3.2100 0.6200
v 2.8000 3.2100 0.6200
v 2.8000 3.2400 0.6200
v -6.4000 3.2400 0.6200
v -6.4000 3.2100 -0.6200
v 2.8000 3.2100 -0.6200
v 2.8000 3.2400 -0.6200
v -6.4000 3.2400 -0.6200
v -6.4000 3.2100 -0.4200
v 2.8000 3.2100 -0.4200
v 2.8000 3.2400 -0.4200
v -6.4000 3.2400 -0.4200
v -2.0500 2.8700 1.3900
v -0.4500 2.8700 1.3900
v -0.4500 3.0700 1.3900
v -2.0500 3.0700 1.3900
v -2.0500 2.8700 1.4120
v -0.4500 2.8700 1.4120
v -0.4500 3.0700 1.4120
v -2.0500 3.0700 1.4120
v -2.0500 2.8700 -1.4120
v -0.4500 2.8700 -1.4120
v -0.4500 3.0700 -1.4120
v -2.0500 3.0700 -1.4120
v -2.0500 2.8700 -1.3900
v -0.4500 2.8700 -1.3900
v -0.4500 3.0700 -1.3900
v -2.0500 3.0700 -1.3900
v -6.7000 0.8250 -1.3300
v 5.1800 0.8250 -1.3300
v 5.1800 0.8540 -1.3300
v -6.7000 0.8540 -1.3300
v -6.7000 0.8250 1.3300
v 5.1800 0.8250 1.3300
v 5.1800 0.8540 1.3300
v -6.7000 0.8540 1.3300
v -6.7000 3.2400 -1.3300
v 3.1000 3.2400 -1.3300
v 3.1000 3.2800 -1.3300
v -6.7000 3.2800 -1.3300
v -6.7000 3.2400 1.3300
v 3.1000 3.2400 1.3300
v 3.1000 3.2800 1.3300
v -6.7000 3.2800 1.3300
v -6.7600 0.8500 0.5200
v -6.6800 0.8500 0.5200
v -6.6800 3.2800 0.5200
v -6.7600 3.2800 0.5200
v -6.7600 0.8500 1.3300
v -6.6800 0.8500 1.3300
v -6.6800 3.2800 1.3300
v -6.7600 3.2800 1.3300
v -6.7600 0.8500 -1.3300
v -6.6800 0.8500 -1.3300
v -6.6800 3.2800 -1.3300
v -6.7600 3.2800 -1.3300
v -6.7600 0.8500 -0.5200
v -6.6800 0.8500 -0.5200
v -6.6800 3.2800 -0.5200
v -6.7600 3.2800 -0.5200
v -6.7600 2.9000 -0.5200
v -6.6800 2.9000 -0.5200
v -6.6800 3.2800 -0.5200
v -6.7600 3.2800 -0.5200
v -6.7600 2.9000 0.5200
v -6.6800 2.9000 0.5200
v -6.6800 3.2800 0.5200
v -6.7600 3.2800 0.5200
v -6.7800 2.9000 -0.5000
v -6.6600 2.9000 -0.5000
v -6.6600 3.3000 -0.5000
v -6.7800 3.3000 -0.5000
v -6.7800 2.9000 0.5000
v -6.6600 2.9000 0.5000
v -6.6600 3.3000 0.5000
v -6.7800 3.3000 0.5000
v -6.7700 0.8500 -0.5000
v -6.6900 0.8500 -0.5000
v -6.6900 2.9000 -0.5000
v -6.7700 2.9000 -0.5000
v -6.7700 0.8500 0.5000
v -6.6900 0.8500 0.5000
v -6.6900 2.9000 0.5000
v -6.7700 2.9000 0.5000
v -6.7720 1.8500 -0.4000
v -6.6920 1.8500 -0.4000
v -6.6920 2.7500 -0.4000
v -6.7720 2.7500 -0.4000
v -6.7720 1.8500 0.4000
v -6.6920 1.8500 0.4000
v -6.6920 2.7500 0.4000
v -6.7720 2.7500 0.4000
v -4.4000 0.8500 1.3300
v -3.6000 0.8500 1.3300
v -3.6000 1.4000 1.3300
v -4.4000 1.4000 1.3300
v -4.4000 0.8500 1.3880
v -3.6000 0.8500 1.3880
v -3.6000 1.4000 1.3880
v -4.4000 1.4000 1.3880
v -4.4000 2.7300 1.3300
v -3.6000 2.7300 1.3300
v -3.6000 2.9700 1.3300
v -4.4000 2.9700 1.3300
v -4.4000 2.7300 1.3880
v -3.6000 2.7300 1.3880
v -3.6000 2.9700 1.3880
v -4.4000 2.9700 1.3880
v -4.4000 1.4000 1.3300
v -4.3300 1.4000 1.3300
v -4.3300 2.7300 1.3300
v -4.4000 2.7300 1.3300
v -4.4000 1.4000 1.3880
v -4.3300 1.4000 1.3880
v -4.3300 2.7300 1.3880
v -4.4000 2.7300 1.3880
v -3.6700 1.4000 1.3300
v -3.6000 1.4000 1.3300
v -3.6000 2.7300 1.3300
v -3.6700 2.7300 1.3300
v -3.6700 1.4000 1.3880
v -3.6000 1.4000 1.3880
v -3.6000 2.7300 1.3880
v -3.6700 2.7300 1.3880
v -4.3300 1.4000 1.3500
v -3.6700 1.4000 1.3500
v -3.6700 2.7300 1.3500
v -4.3300 2.7300 1.3500
v -4.3300 1.4000 1.3680
v -3.6700 1.4000 1.3680
v -3.6700 2.7300 1.3680
v -4.3300 2.7300 1.3680
v -3.6150 0.8500 1.3250
v -3.5850 0.8500 1.3250
v -3.5850 2.9700 1.3250
v -3.6150 2.9700 1.3250
v -3.6150 0.8500 1.3930
v -3.5850 0.8500 1.3930
v -3.5850 2.9700 1.3930
v -3.6150 2.9700 1.3930
v -3.6000 0.8500 1.3300
v -2.8000 0.8500 1.3300
v -2.8000 1.4000 1.3300
v -3.6000 1.4000 1.3300
v -3.6000 0.8500 1.3880
v -2.8000 0.8500 1.3880
v -2.8000 1.4000 1.3880
v -3.6000 1.4000 1.3880
v -3.6000 2.7300 1.3300
v -2.8000 2.7300 1.3300
v -2.8000 2.9700 1.3300
v -3.6000 2.9700 1.3300
v -3.6000 2.7300 1.3880
v -2.8000 2.7300 1.3880
v -2.8000 2.9700 1.3880
v -3.6000 2.9700 1.3880
v -3.6000 1.4000 1.3300
v -3.5300 1.4000 1.3300
v -3.5300 2.7300 1.3300
v -3.6000 2.7300 1.3300
v -3.6000 1.4000 1.3880
v -3.5300 1.4000 1.3880
v -3.5300 2.7300 1.3880
v -3.6000 2.7300 1.3880
v -2.8700 1.4000 1.3300
v -2.8000 1.4000 1.3300
v -2.8000 2.7300 1.3300
v -2.8700 2.7300 1.3300
v -2.8700 1.4000 1.3880
v -2.8000 1.4000 1.3880
v -2.8000 2.7300 1.3880
v -2.8700 2.7300 1.3880
v -3.5300 1.4000 1.3500
v -2.8700 1.4000 1.3500
v -2.8700 2.7300 1.3500
v -3.5300 2.7300 1.3500
v -3.5300 1.4000 1.3680
v -2.8700 1.4000 1.3680
v -2.8700 2.7300 1.3680
v -3.5300 2.7300 1.3680
v -3.6150 0.8500 1.3250
v -3.5850 0.8500 1.3250
v -3.5850 2.9700 1.3250
v -3.6150 2.9700 1.3250
v -3.6150 0.8500 1.3930
v -3.5850 0.8500 1.3930
v -3.5850 2.9700 1.3930
v -3.6150 2.9700 1.3930
v -4.4000 0.8500 1.0700
v -2.8000 0.8500 1.0700
v -2.8000 0.8550 1.0700
v -4.4000 0.8550 1.0700
v -4.4000 0.8500 1.3200
v -2.8000 0.8500 1.3200
v -2.8000 0.8550 1.3200
v -4.4000 0.8550 1.3200
v -4.0500 2.9900 1.2800
v -3.1500 2.9900 1.2800
v -3.1500 3.1700 1.2800
v -4.0500 3.1700 1.2800
v -4.0500 2.9900 1.3200
v -3.1500 2.9900 1.3200
v -3.1500 3.1700 1.3200
v -4.0500 3.1700 1.3200
v -4.4000 0.8500 -1.3200
v -2.8000 0.8500 -1.3200
v -2.8000 0.8550 -1.3200
v -4.4000 0.8550 -1.3200
v -4.4000 0.8500 -1.0700
v -2.8000 0.8500 -1.0700
v -2.8000 0.8550 -1.0700
v -4.4000 0.8550 -1.0700
v -4.0500 2.9900 -1.3200
v -3.1500 2.9900 -1.3200
v -3.1500 3.1700 -1.3200
v -4.0500 3.1700 -1.3200
v -4.0500 2.9900 -1.2800
v -3.1500 2.9900 -1.2800
v -3.1500 3.1700 -1.2800
v -4.0500 3.1700 -1.2800
v -0.2000 0.8500 1.0700
v 1.4000 0.8500 1.0700
v 1.4000 0.8550 1.0700
v -0.2000 0.8550 1.0700
v -0.2000 0.8500 1.3200
v 1.4000 0.8500 1.3200
v 1.4000 0.8550 1.3200
v -0.2000 0.8550 1.3200
v 0.1500 2.9900 1.2800
v 1.0500 2.9900 1.2800
v 1.0500 3.1700 1.2800
v 0.1500 3.1700 1.2800
v 0.1500 2.9900 1.3200
v 1.0500 2.9900 1.3200
v 1.0500 3.1700 1.3200
v 0.1500 3.1700 1.3200
v -0.2000 0.8500 -1.3200
v 1.4000 0.8500 -1.3200
v 1.4000 0.8550 -1.3200
v -0.2000 0.8550 -1.3200
v -0.2000 0.8500 -1.0700
v 1.4000 0.8500 -1.0700
v 1.4000 0.8550 -1.0700
v -0.2000 0.8550 -1.0700
v 0.1500 2.9900 -1.3200
v 1.0500 2.9900 -1.3200
v 1.0500 3.1700 -1.3200
v 0.1500 3.1700 -1.3200
v 0.1500 2.9900 -1.2800
v 1.0500 2.9900 -1.2800
v 1.0500 3.1700 -1.2800
v 0.1500 3.1700 -1.2800
v -4.4000 0.8500 -1.3880
v -3.6000 0.8500 -1.3880
v -3.6000 1.4000 -1.3880
v -4.4000 1.4000 -1.3880
v -4.4000 0.8500 -1.3300
v -3.6000 0.8500 -1.3300
v -3.6000 1.4000 -1.3300
v -4.4000 1.4000 -1.3300
v -4.4000 2.7300 -1.3880
v -3.6000 2.7300 -1.3880
v -3.6000 2.9700 -1.3880
v -4.4000 2.9700 -1.3880
v -4.4000 2.7300 -1.3300
v -3.6000 2.7300 -1.3300
v -3.6000 2.9700 -1.3300
v -4.4000 2.9700 -1.3300
v -4.4000 1.4000 -1.3880
v -4.3300 1.4000 -1.3880
v -4.3300 2.7300 -1.3880
v -4.4000 2.7300 -1.3880
v -4.4000 1.4000 -1.3300
v -4.3300 1.4000 -1.3300
v -4.3300 2.7300 -1.3300
v -4.4000 2.7300 -1.3300
v -3.6700 1.4000 -1.3880
v -3.6000 1.4000 -1.3880
v -3.6000 2.7300 -1.3880
v -3.6700 2.7300 -1.3880
v -3.6700 1.4000 -1.3300
v -3.6000 1.4000 -1.3300
v -3.6000 2.7300 -1.3300
v -3.6700 2.7300 -1.3300
v -4.3300 1.4000 -1.3680
v -3.6700 1.4000 -1.3680
v -3.6700 2.7300 -1.3680
v -4.3300 2.7300 -1.3680
v -4.3300 1.4000 -1.3500
v -3.6700 1.4000 -1.3500
v -3.6700 2.7300 -1.3500
v -4.3300 2.7300 -1.3500
v -3.6150 0.8500 -1.3930
v -3.5850 0.8500 -1.3930
v -3.5850 2.9700 -1.3930
v -3.6150 2.9700 -1.3930
v -3.6150 0.8500 -1.3250
v -3.5850 0.8500 -1.3250
v -3.5850 2.9700 -1.3250
v -3.6150 2.9700 -1.3250
v -3.6000 0.8500 -1.3880
v -2.8000 0.8500 -1.3880
v -2.8000 1.4000 -1.3880
v -3.6000 1.4000 -1.3880
v -3.6000 0.8500 -1.3300
v -2.8000 0.8500 -1.3300
v -2.8000 1.4000 -1.3300
v -3.6000 1.4000 -1.3300
v -3.6000 2.7300 -1.3880
v -2.8000 2.7300 -1.3880
v -2.8000 2.9700 -1.3880
v -3.6000 2.9700 -1.3880
v -3.6000 2.7300 -1.3300
v -2.8000 2.7300 -1.3300
v -2.8000 2.9700 -1.3300
v -3.6000 2.9700 -1.3300
v -3.6000 1.4000 -1.3880
v -3.5300 1.4000 -1.3880
v -3.5300 2.7300 -1.3880
v -3.6000 2.7300 -1.3880
v -3.6000 1.4000 -1.3300
v -3.5300 1.4000 -1.3300
v -3.5300 2.7300 -1.3300
v -3.6000 2.7300 -1.3300
v -2.8700 1.4000 -1.3880
v -2.8000 1.4000 -1.3880
v -2.8000 2.7300 -1.3880
v -2.8700 2.7300 -1.3880
v -2.8700 1.4000 -1.3300
v -2.8000 1.4000 -1.3300
v -2.8000 2.7300 -1.3300
v -2.8700 2.7300 -1.3300
v -3.5300 1.4000 -1.3680
v -2.8700 1.4000 -1.3680
v -2.8700 2.7300 -1.3680
v -3.5300 2.7300 -1.3680
v -3.5300 1.4000 -1.3500
v -2.8700 1.4000 -1.3500
v -2.8700 2.7300 -1.3500
v -3.5300 2.7300 -1.3500
v -3.6150 0.8500 -1.3930
v -3.5850 0.8500 -1.3930
v -3.5850 2.9700 -1.3930
v -3.6150 2.9700 -1.3930
v -3.6150 0.8500 -1.3250
v -3.5850 0.8500 -1.3250
v -3.5850 2.9700 -1.3250
v -3.6150 2.9700 -1.3250
v -0.2000 0.8500 1.3300
v 0.6000 0.8500 1.3300
v 0.6000 1.4000 1.3300
v -0.2000 1.4000 1.3300
v -0.2000 0.8500 1.3880
v 0.6000 0.8500 1.3880
v 0.6000 1.4000 1.3880
v -0.2000 1.4000 1.3880
v -0.2000 2.7300 1.3300
v 0.6000 2.7300 1.3300
v 0.6000 2.9700 1.3300
v -0.2000 2.9700 1.3300
v -0.2000 2.7300 1.3880
v 0.6000 2.7300 1.3880
v 0.6000 2.9700 1.3880
v -0.2000 2.9700 1.3880
v -0.2000 1.4000 1.3300
v -0.1300 1.4000 1.3300
v -0.1300 2.7300 1.3300
v -0.2000 2.7300 1.3300
v -0.2000 1.4000 1.3880
v -0.1300 1.4000 1.3880
v -0.1300 2.7300 1.3880
v -0.2000 2.7300 1.3880
v 0.5300 1.4000 1.3300
v 0.6000 1.4000 1.3300
v 0.6000 2.7300 1.3300
v 0.5300 2.7300 1.3300
v 0.5300 1.4000 1.3880
v 0.6000 1.4000 1.3880
v 0.6000 2.7300 1.3880
v 0.5300 2.7300 1.3880
v -0.1300 1.4000 1.3500
v 0.5300 1.4000 1.3500
v 0.5300 2.7300 1.3500
v -0.1300 2.7300 1.3500
v -0.1300 1.4000 1.3680
v 0.5300 1.4000 1.3680
v 0.5300 2.7300 1.3680
v -0.1300 2.7300 1.3680
v 0.5850 0.8500 1.3250
v 0.6150 0.8500 1.3250
v 0.6150 2.9700 1.3250
v 0.5850 2.9700 1.3250
v 0.5850 0.8500 1.3930
v 0.6150 0.8500 1.3930
v 0.6150 2.9700 1.3930
v 0.5850 2.9700 1.3930
v 0.6000 0.8500 1.3300
v 1.4000 0.8500 1.3300
v 1.4000 1.4000 1.3300
v 0.6000 1.4000 1.3300
v 0.6000 0.8500 1.3880
v 1.4000 0.8500 1.3880
v 1.4000 1.4000 1.3880
v 0.6000 1.4000 1.3880
v 0.6000 2.7300 1.3300
v 1.4000 2.7300 1.3300
v 1.4000 2.9700 1.3300
v 0.6000 2.9700 1.3300
v 0.6000 2.7300 1.3880
v 1.4000 2.7300 1.3880
v 1.4000 2.9700 1.3880
v 0.6000 2.9700 1.3880
v 0.6000 1.4000 1.3300
v 0.6700 1.4000 1.3300
v 0.6700 2.7300 1.3300
v 0.6000 2.7300 1.3300
v 0.6000 1.4000 1.3880
v 0.6700 1.4000 1.3880
v 0.6700 2.7300 1.3880
v 0.6000 2.7300 1.3880
v 1.3300 1.4000 1.3300
v 1.4000 1.4000 1.3300
v 1.4000 2.7300 1.3300
v 1.3300 2.7300 1.3300
v 1.3300 1.4000 1.3880
v 1.4000 1.4000 1.3880
v 1.4000 2.7300 1.3880
v 1.3300 2.7300 1.3880
v 0.6700 1.4000 1.3500
v 1.3300 1.4000 1.3500
v 1.3300 2.7300 1.3500
v 0.6700 2.7300 1.3500
v 0.6700 1.4000 1.3680
v 1.3300 1.4000 1.3680
v 1.3300 2.7300 1.3680
v 0.6700 2.7300 1.3680
v 0.5850 0.8500 1.3250
v 0.6150 0.8500 1.3250
v 0.6150 2.9700 1.3250
v 0.5850 2.9700 1.3250
v 0.5850 0.8500 1.3930
v 0.6150 0.8500 1.3930
v 0.6150 2.9700 1.3930
v 0.5850 2.9700 1.3930
v -0.2000 0.8500 -1.3880
v 0.6000 0.8500 -1.3880
v 0.6000 1.4000 -1.3880
v -0.2000 1.4000 -1.3880
v -0.2000 0.8500 -1.3300
v 0.6000 0.8500 -1.3300
v 0.6000 1.4000 -1.3300
v -0.2000 1.4000 -1.3300
v -0.2000 2.7300 -1.3880
v 0.6000 2.7300 -1.3880
v 0.6000 2.9700 -1.3880
v -0.2000 2.9700 -1.3880
v -0.2000 2.7300 -1.3300
v 0.6000 2.7300 -1.3300
v 0.6000 2.9700 -1.3300
v -0.2000 2.9700 -1.3300
v -0.2000 1.4000 -1.3880
v -0.1300 1.4000 -1.3880
v -0.1300 2.7300 -1.3880
v -0.2000 2.7300 -1.3880
v -0.2000 1.4000 -1.3300
v -0.1300 1.4000 -1.3300
v -0.1300 2.7300 -1.3300
v -0.2000 2.7300 -1.3300
v 0.5300 1.4000 -1.3880
v 0.6000 1.4000 -1.3880
v 0.6000 2.7300 -1.3880
v 0.5300 2.7300 -1.3880
v 0.5300 1.4000 -1.3300
v 0.6000 1.4000 -1.3300
v 0.6000 2.7300 -1.3300
v 0.5300 2.7300 -1.3300
v -0.1300 1.4000 -1.3680
v 0.5300 1.4000 -1.3680
v 0.5300 2.7300 -1.3680
v -0.1300 2.7300 -1.3680
v -0.1300 1.4000 -1.3500
v 0.5300 1.4000 -1.3500
v 0.5300 2.7300 -1.3500
v -0.1300 2.7300 -1.3500
v 0.5850 0.8500 -1.3930
v 0.6150 0.8500 -1.3930
v 0.6150 2.9700 -1.3930
v 0.5850 2.9700 -1.3930
v 0.5850 0.8500 -1.3250
v 0.6150 0.8500 -1.3250
v 0.6150 2.9700 -1.3250
v 0.5850 2.9700 -1.3250
v 0.6000 0.8500 -1.3880
v 1.4000 0.8500 -1.3880
v 1.4000 1.4000 -1.3880
v 0.6000 1.4000 -1.3880
v 0.6000 0.8500 -1.3300
v 1.4000 0.8500 -1.3300
v 1.4000 1.4000 -1.3300
v 0.6000 1.4000 -1.3300
v 0.6000 2.7300 -1.3880
v 1.4000 2.7300 -1.3880
v 1.4000 2.9700 -1.3880
v 0.6000 2.9700 -1.3880
v 0.6000 2.7300 -1.3300
v 1.4000 2.7300 -1.3300
v 1.4000 2.9700 -1.3300
v 0.6000 2.9700 -1.3300
v 0.6000 1.4000 -1.3880
v 0.6700 1.4000 -1.3880
v 0.6700 2.7300 -1.3880
v 0.6000 2.7300 -1.3880
v 0.6000 1.4000 -1.3300
v 0.6700 1.4000 -1.3300
v 0.6700 2.7300 -1.3300
v 0.6000 2.7300 -1.3300
v 1.3300 1.4000 -1.3880
v 1.4000 1.4000 -1.3880
v 1.4000 2.7300 -1.3880
v 1.3300 2.7300 -1.3880
v 1.3300 1.4000 -1.3300
v 1.4000 1.4000 -1.3300
v 1.4000 2.7300 -1.3300
v 1.3300 2.7300 -1.3300
v 0.6700 1.4000 -1.3680
v 1.3300 1.4000 -1.3680
v 1.3300 2.7300 -1.3680
v 0.6700 2.7300 -1.3680
v 0.6700 1.4000 -1.3500
v 1.3300 1.4000 -1.3500
v 1.3300 2.7300 -1.3500
v 0.6700 2.7300 -1.3500
v 0.5850 0.8500 -1.3930
v 0.6150 0.8500 -1.3930
v 0.6150 2.9700 -1.3930
v 0.5850 2.9700 -1.3930
v 0.5850 0.8500 -1.3250
v 0.6150 0.8500 -1.3250
v 0.6150 2.9700 -1.3250
v 0.5850 2.9700 -1.3250
v -6.5000 0.8500 0.3150
v -5.4000 0.8500 0.3150
v -5.4000 0.8560 0.3150
v -6.5000 0.8560 0.3150
v -6.5000 0.8500 1.3150
v -5.4000 0.8500 1.3150
v -5.4000 0.8560 1.3150
v -6.5000 0.8560 1.3150
v -6.1000 0.8560 0.6650
v -5.8000 0.8560 0.6650
v -5.8000 0.8580 0.6650
v -6.1000 0.8580 0.6650
v -6.1000 0.8560 0.9650
v -5.8000 0.8560 0.9650
v -5.8000 0.8580 0.9650
v -6.1000 0.8580 0.9650
v -6.4000 1.3500 1.2350
v -5.5000 1.3500 1.2350
v -5.5000 2.0500 1.2350
v -6.4000 2.0500 1.2350
v -6.4000 1.3500 1.3150
v -5.5000 1.3500 1.3150
v -5.5000 2.0500 1.3150
v -6.4000 2.0500 1.3150
v -6.4000 1.7000 1.1750
v -5.5000 1.7000 1.1750
v -5.5000 1.7400 1.1750
v -6.4000 1.7400 1.1750
v -6.4000 1.7000 1.2350
v -5.5000 1.7000 1.2350
v -5.5000 1.7400 1.2350
v -6.4000 1.7400 1.2350
v -5.5200 1.7500 1.2850
v -5.4200 1.7500 1.2850
v -5.4200 1.9500 1.2850
v -5.5200 1.9500 1.2850
v -5.5200 1.7500 1.3150
v -5.4200 1.7500 1.3150
v -5.4200 1.9500 1.3150
v -5.5200 1.9500 1.3150
v -6.3000 1.3000 1.1750
v -5.8500 1.3000 1.1750
v -5.8500 1.8000 1.1750
v -6.3000 1.8000 1.1750
v -6.3000 1.3000 1.2350
v -5.8500 1.3000 1.2350
v -5.8500 1.8000 1.2350
v -6.3000 1.8000 1.2350
v -5.8000 1.3000 1.1750
v -5.3500 1.3000 1.1750
v -5.3500 1.8000 1.1750
v -5.8000 1.8000 1.1750
v -5.8000 1.3000 1.2350
v -5.3500 1.3000 1.2350
v -5.3500 1.8000 1.2350
v -5.8000 1.8000 1.2350
v -6.5000 0.8500 -1.3150
v -5.4000 0.8500 -1.3150
v -5.4000 0.8560 -1.3150
v -6.5000 0.8560 -1.3150
v -6.5000 0.8500 -0.3150
v -5.4000 0.8500 -0.3150
v -5.4000 0.8560 -0.3150
v -6.5000 0.8560 -0.3150
v -6.1000 0.8560 -0.9650
v -5.8000 0.8560 -0.9650
v -5.8000 0.8580 -0.9650
v -6.1000 0.8580 -0.9650
v -6.1000 0.8560 -0.6650
v -5.8000 0.8560 -0.6650
v -5.8000 0.8580 -0.6650
v -6.1000 0.8580 -0.6650
v -6.4000 1.3500 -1.3150
v -5.5000 1.3500 -1.3150
v -5.5000 2.0500 -1.3150
v -6.4000 2.0500 -1.3150
v -6.4000 1.3500 -1.2350
v -5.5000 1.3500 -1.2350
v -5.5000 2.0500 -1.2350
v -6.4000 2.0500 -1.2350
v -6.4000 1.7000 -1.2350
v -5.5000 1.7000 -1.2350
v -5.5000 1.7400 -1.2350
v -6.4000 1.7400 -1.2350
v -6.4000 1.7000 -1.1750
v -5.5000 1.7000 -1.1750
v -5.5000 1.7400 -1.1750
v -6.4000 1.7400 -1.1750
v -5.5200 1.7500 -1.3150
v -5.4200 1.7500 -1.3150
v -5.4200 1.9500 -1.3150
v -5.5200 1.9500 -1.3150
v -5.5200 1.7500 -1.2850
v -5.4200 1.7500 -1.2850
v -5.4200 1.9500 -1.2850
v -5.5200 1.9500 -1.2850
v -6.3000 1.3000 -1.2350
v -5.8500 1.3000 -1.2350
v -5.8500 1.8000 -1.2350
v -6.3000 1.8000 -1.2350
v -6.3000 1.3000 -1.1750
v -5.8500 1.3000 -1.1750
v -5.8500 1.8000 -1.1750
v -6.3000 1.8000 -1.1750
v -5.8000 1.3000 -1.2350
v -5.3500 1.3000 -1.2350
v -5.3500 1.8000 -1.2350
v -5.8000 1.8000 -1.2350
v -5.8000 1.3000 -1.1750
v -5.3500 1.3000 -1.1750
v -5.3500 1.8000 -1.1750
v -5.8000 1.8000 -1.1750
v -2.4500 0.8500 0.9100
v -0.5500 0.8500 0.9100
v -0.5500 1.2500 0.9100
v -2.4500 1.2500 0.9100
v -2.4500 0.8500 1.3150
v -0.5500 0.8500 1.3150
v -0.5500 1.2500 1.3150
v -2.4500 1.2500 1.3150
v -2.4500 1.3500 1.2300
v -0.5500 1.3500 1.2300
v -0.5500 1.9000 1.2300
v -2.4500 1.9000 1.2300
v -2.4500 1.3500 1.3150
v -0.5500 1.3500 1.3150
v -0.5500 1.9000 1.3150
v -2.4500 1.9000 1.3150
v -2.4800 0.8500 0.7800
v -2.4200 0.8500 0.7800
v -2.4200 2.0500 0.7800
v -2.4800 2.0500 0.7800
v -2.4800 0.8500 1.3150
v -2.4200 0.8500 1.3150
v -2.4200 2.0500 1.3150
v -2.4800 2.0500 1.3150
v -0.5800 0.8500 0.7800
v -0.5200 0.8500 0.7800
v -0.5200 2.0500 0.7800
v -0.5800 2.0500 0.7800
v -0.5800 0.8500 1.3150
v -0.5200 0.8500 1.3150
v -0.5200 2.0500 1.3150
v -0.5800 2.0500 1.3150
v -2.4500 0.8500 -1.3150
v -0.5500 0.8500 -1.3150
v -0.5500 1.2500 -1.3150
v -2.4500 1.2500 -1.3150
v -2.4500 0.8500 -0.9100
v -0.5500 0.8500 -0.9100
v -0.5500 1.2500 -0.9100
v -2.4500 1.2500 -0.9100
v -2.4500 1.3500 -1.3150
v -0.5500 1.3500 -1.3150
v -0.5500 1.9000 -1.3150
v -2.4500 1.9000 -1.3150
v -2.4500 1.3500 -1.2300
v -0.5500 1.3500 -1.2300
v -0.5500 1.9000 -1.2300
v -2.4500 1.9000 -1.2300
v -2.4800 0.8500 -1.3150
v -2.4200 0.8500 -1.3150
v -2.4200 2.0500 -1.3150
v -2.4800 2.0500 -1.3150
v -2.4800 0.8500 -0.7800
v -2.4200 0.8500 -0.7800
v -2.4200 2.0500 -0.7800
v -2.4800 2.0500 -0.7800
v -0.5800 0.8500 -1.3150
v -0.5200 0.8500 -1.3150
v -0.5200 2.0500 -1.3150
v -0.5800 2.0500 -1.3150
v -0.5800 0.8500 -0.7800
v -0.5200 0.8500 -0.7800
v -0.5200 2.0500 -0.7800
v -0.5800 2.0500 -0.7800
v 1.7500 0.8500 0.9100
v 2.9500 0.8500 0.9100
v 2.9500 1.2500 0.9100
v 1.7500 1.2500 0.9100
v 1.7500 0.8500 1.3150
v 2.9500 0.8500 1.3150
v 2.9500 1.2500 1.3150
v 1.7500 1.2500 1.3150
v 1.7500 1.3500 1.2300
v 2.9500 1.3500 1.2300
v 2.9500 1.9000 1.2300
v 1.7500 1.9000 1.2300
v 1.7500 1.3500 1.3150
v 2.9500 1.3500 1.3150
v 2.9500 1.9000 1.3150
v 1.7500 1.9000 1.3150
v 1.7200 0.8500 0.7800
v 1.7800 0.8500 0.7800
v 1.7800 2.0500 0.7800
v 1.7200 2.0500 0.7800
v 1.7200 0.8500 1.3150
v 1.7800 0.8500 1.3150
v 1.7800 2.0500 1.3150
v 1.7200 2.0500 1.3150
v 2.9200 0.8500 0.7800
v 2.9800 0.8500 0.7800
v 2.9800 2.0500 0.7800
v 2.9200 2.0500 0.7800
v 2.9200 0.8500 1.3150
v 2.9800 0.8500 1.3150
v 2.9800 2.0500 1.3150
v 2.9200 2.0500 1.3150
v 1.7500 0.8500 -1.3150
v 2.9500 0.8500 -1.3150
v 2.9500 1.2500 -1.3150
v 1.7500 1.2500 -1.3150
v 1.7500 0.8500 -0.9100
v 2.9500 0.8500 -0.9100
v 2.9500 1.2500 -0.9100
v 1.7500 1.2500 -0.9100
v 1.7500 1.3500 -1.3150
v 2.9500 1.3500 -1.3150
v 2.9500 1.9000 -1.3150
v 1.7500 1.9000 -1.3150
v 1.7500 1.3500 -1.2300
v 2.9500 1.3500 -1.2300
v 2.9500 1.9000 -1.2300
v 1.7500 1.9000 -1.2300
v 1.7200 0.8500 -1.3150
v 1.7800 0.8500 -1.3150
v 1.7800 2.0500 -1.3150
v 1.7200 2.0500 -1.3150
v 1.7200 0.8500 -0.7800
v 1.7800 0.8500 -0.7800
v 1.7800 2.0500 -0.7800
v 1.7200 2.0500 -0.7800
v 2.9200 0.8500 -1.3150
v 2.9800 0.8500 -1.3150
v 2.9800 2.0500 -1.3150
v 2.9200 2.0500 -1.3150
v 2.9200 0.8500 -0.7800
v 2.9800 0.8500 -0.7800
v 2.9800 2.0500 -0.7800
v 2.9200 2.0500 -0.7800
v -2.4300 1.2500 0.8300
v -1.8367 1.2500 0.8300
v -1.8367 1.3500 0.8300
v -2.4300 1.3500 0.8300
v -2.4300 1.2500 1.2650
v -1.8367 1.2500 1.2650
v -1.8367 1.3500 1.2650
v -2.4300 1.3500 1.2650
v -1.7967 1.2500 0.8300
v -1.2033 1.2500 0.8300
v -1.2033 1.3500 0.8300
v -1.7967 1.3500 0.8300
v -1.7967 1.2500 1.2650
v -1.2033 1.2500 1.2650
v -1.2033 1.3500 1.2650
v -1.7967 1.3500 1.2650
v -1.1633 1.2500 0.8300
v -0.5700 1.2500 0.8300
v -0.5700 1.3500 0.8300
v -1.1633 1.3500 0.8300
v -1.1633 1.2500 1.2650
v -0.5700 1.2500 1.2650
v -0.5700 1.3500 1.2650
v -1.1633 1.3500 1.2650
v -2.4500 2.9600 0.8800
v -0.5500 2.9600 0.8800
v -0.5500 3.0100 0.8800
v -2.4500 3.0100 0.8800
v -2.4500 2.9600 0.9300
v -0.5500 2.9600 0.9300
v -0.5500 3.0100 0.9300
v -2.4500 3.0100 0.9300
v -2.4500 2.9600 -0.9300
v -0.5500 2.9600 -0.9300
v -0.5500 3.0100 -0.9300
v -2.4500 3.0100 -0.9300
v -2.4500 2.9600 -0.8800
v -0.5500 2.9600 -0.8800
v -0.5500 3.0100 -0.8800
v -2.4500 3.0100 -0.8800
v 1.7500 2.9600 0.8800
v 2.9500 2.9600 0.8800
v 2.9500 3.0100 0.8800
v 1.7500 3.0100 0.8800
v 1.7500 2.9600 0.9300
v 2.9500 2.9600 0.9300
v 2.9500 3.0100 0.9300
v 1.7500 3.0100 0.9300
v 1.7500 2.9600 -0.9300
v 2.9500 2.9600 -0.9300
v 2.9500 3.0100 -0.9300
v 1.7500 3.0100 -0.9300
v 1.7500 2.9600 -0.8800
v 2.9500 2.9600 -0.8800
v 2.9500 3.0100 -0.8800
v 1.7500 3.0100 -0.8800
v -2.1650 2.7300 0.8900
v -2.1350 2.7300 0.8900
v -2.1350 2.9800 0.8900
v -2.1650 2.9800 0.8900
v -2.1650 2.7300 0.9200
v -2.1350 2.7300 0.9200
v -2.1350 2.9800 0.9200
v -2.1650 2.9800 0.9200
v -2.2100 2.6600 0.8700
v -2.0900 2.6600 0.8700
v -2.0900 2.7300 0.8700
v -2.2100 2.7300 0.8700
v -2.2100 2.6600 0.9400
v -2.0900 2.6600 0.9400
v -2.0900 2.7300 0.9400
v -2.2100 2.7300 0.9400
v -1.5650 2.7300 0.8900
v -1.5350 2.7300 0.8900
v -1.5350 2.9800 0.8900
v -1.5650 2.9800 0.8900
v -1.5650 2.7300 0.9200
v -1.5350 2.7300 0.9200
v -1.5350 2.9800 0.9200
v -1.5650 2.9800 0.9200
v -1.6100 2.6600 0.8700
v -1.4900 2.6600 0.8700
v -1.4900 2.7300 0.8700
v -1.6100 2.7300 0.8700
v -1.6100 2.6600 0.9400
v -1.4900 2.6600 0.9400
v -1.4900 2.7300 0.9400
v -1.6100 2.7300 0.9400
v -0.9650 2.7300 0.8900
v -0.9350 2.7300 0.8900
v -0.9350 2.9800 0.8900
v -0.9650 2.9800 0.8900
v -0.9650 2.7300 0.9200
v -0.9350 2.7300 0.9200
v -0.9350 2.9800 0.9200
v -0.9650 2.9800 0.9200
v -1.0100 2.6600 0.8700
v -0.8900 2.6600 0.8700
v -0.8900 2.7300 0.8700
v -1.0100 2.7300 0.8700
v -1.0100 2.6600 0.9400
v -0.8900 2.6600 0.9400
v -0.8900 2.7300 0.9400
v -1.0100 2.7300 0.9400
v -2.1650 2.7300 -0.9200
v -2.1350 2.7300 -0.9200
v -2.1350 2.9800 -0.9200
v -2.1650 2.9800 -0.9200
v -2.1650 2.7300 -0.8900
v -2.1350 2.7300 -0.8900
v -2.1350 2.9800 -0.8900
v -2.1650 2.9800 -0.8900
v -2.2100 2.6600 -0.9400
v -2.0900 2.6600 -0.9400
v -2.0900 2.7300 -0.9400
v -2.2100 2.7300 -0.9400
v -2.2100 2.6600 -0.8700
v -2.0900 2.6600 -0.8700
v -2.0900 2.7300 -0.8700
v -2.2100 2.7300 -0.8700
v -1.5650 2.7300 -0.9200
v -1.5350 2.7300 -0.9200
v -1.5350 2.9800 -0.9200
v -1.5650 2.9800 -0.9200
v -1.5650 2.7300 -0.8900
v -1.5350 2.7300 -0.8900
v -1.5350 2.9800 -0.8900
v -1.5650 2.9800 -0.8900
v -1.6100 2.6600 -0.9400
v -1.4900 2.6600 -0.9400
v -1.4900 2.7300 -0.9400
v -1.6100 2.7300 -0.9400
v -1.6100 2.6600 -0.8700
v -1.4900 2.6600 -0.8700
v -1.4900 2.7300 -0.8700
v -1.6100 2.7300 -0.8700
v -0.9650 2.7300 -0.9200
v -0.9350 2.7300 -0.9200
v -0.9350 2.9800 -0.9200
v -0.9650 2.9800 -0.9200
v -0.9650 2.7300 -0.8900
v -0.9350 2.7300 -0.8900
v -0.9350 2.9800 -0.8900
v -0.9650 2.9800 -0.8900
v -1.0100 2.6600 -0.9400
v -0.8900 2.6600 -0.9400
v -0.8900 2.7300 -0.9400
v -1.0100 2.7300 -0.9400
v -1.0100 2.6600 -0.8700
v -0.8900 2.6600 -0.8700
v -0.8900 2.7300 -0.8700
v -1.0100 2.7300 -0.8700
v 2.0350 2.7300 0.8900
v 2.0650 2.7300 0.8900
v 2.0650 2.9800 0.8900
v 2.0350 2.9800 0.8900
v 2.0350 2.7300 0.9200
v 2.0650 2.7300 0.9200
v 2.0650 2.9800 0.9200
v 2.0350 2.9800 0.9200
v 1.9900 2.6600 0.8700
v 2.1100 2.6600 0.8700
v 2.1100 2.7300 0.8700
v 1.9900 2.7300 0.8700
v 1.9900 2.6600 0.9400
v 2.1100 2.6600 0.9400
v 2.1100 2.7300 0.9400
v 1.9900 2.7300 0.9400
v 2.0350 2.7300 -0.9200
v 2.0650 2.7300 -0.9200
v 2.0650 2.9800 -0.9200
v 2.0350 2.9800 -0.9200
v 2.0350 2.7300 -0.8900
v 2.0650 2.7300 -0.8900
v 2.0650 2.9800 -0.8900
v 2.0350 2.9800 -0.8900
v 1.9900 2.6600 -0.9400
v 2.1100 2.6600 -0.9400
v 2.1100 2.7300 -0.9400
v 1.9900 2.7300 -0.9400
v 1.9900 2.6600 -0.8700
v 2.1100 2.6600 -0.8700
v 2.1100 2.7300 -0.8700
v 1.9900 2.7300 -0.8700
v -2.2500 3.0300 1.3100
v -0.7500 3.0300 1.3100
v -0.7500 3.2300 1.3100
v -2.2500 3.2300 1.3100
v -2.2500 3.0300 1.3150
v -0.7500 3.0300 1.3150
v -0.7500 3.2300 1.3150
v -2.2500 3.2300 1.3150
v -2.2500 3.0300 -1.3150
v -0.7500 3.0300 -1.3150
v -0.7500 3.2300 -1.3150
v -2.2500 3.2300 -1.3150
v -2.2500 3.0300 -1.3100
v -0.7500 3.0300 -1.3100
v -0.7500 3.2300 -1.3100
v -2.2500 3.2300 -1.3100
v 1.9500 3.0300 1.3100
v 2.7500 3.0300 1.3100
v 2.7500 3.2300 1.3100
v 1.9500 3.2300 1.3100
v 1.9500 3.0300 1.3150
v 2.7500 3.0300 1.3150
v 2.7500 3.2300 1.3150
v 1.9500 3.2300 1.3150
v 1.9500 3.0300 -1.3150
v 2.7500 3.0300 -1.3150
v 2.7500 3.2300 -1.3150
v 1.9500 3.2300 -1.3150
v 1.9500 3.0300 -1.3100
v 2.7500 3.0300 -1.3100
v 2.7500 3.2300 -1.3100
v 1.9500 3.2300 -1.3100
v -2.4300 1.2500 -1.2650
v -1.8367 1.2500 -1.2650
v -1.8367 1.3500 -1.2650
v -2.4300 1.3500 -1.2650
v -2.4300 1.2500 -0.8300
v -1.8367 1.2500 -0.8300
v -1.8367 1.3500 -0.8300
v -2.4300 1.3500 -0.8300
v -1.7967 1.2500 -1.2650
v -1.2033 1.2500 -1.2650
v -1.2033 1.3500 -1.2650
v -1.7967 1.3500 -1.2650
v -1.7967 1.2500 -0.8300
v -1.2033 1.2500 -0.8300
v -1.2033 1.3500 -0.8300
v -1.7967 1.3500 -0.8300
v -1.1633 1.2500 -1.2650
v -0.5700 1.2500 -1.2650
v -0.5700 1.3500 -1.2650
v -1.1633 1.3500 -1.2650
v -1.1633 1.2500 -0.8300
v -0.5700 1.2500 -0.8300
v -0.5700 1.3500 -0.8300
v -1.1633 1.3500 -0.8300
v 1.7700 1.2500 0.8300
v 2.3300 1.2500 0.8300
v 2.3300 1.3500 0.8300
v 1.7700 1.3500 0.8300
v 1.7700 1.2500 1.2650
v 2.3300 1.2500 1.2650
v 2.3300 1.3500 1.2650
v 1.7700 1.3500 1.2650
v 2.3700 1.2500 0.8300
v 2.9300 1.2500 0.8300
v 2.9300 1.3500 0.8300
v 2.3700 1.3500 0.8300
v 2.3700 1.2500 1.2650
v 2.9300 1.2500 1.2650
v 2.9300 1.3500 1.2650
v 2.3700 1.3500 1.2650
v 1.7700 1.2500 -1.2650
v 2.3300 1.2500 -1.2650
v 2.3300 1.3500 -1.2650
v 1.7700 1.3500 -1.2650
v 1.7700 1.2500 -0.8300
v 2.3300 1.2500 -0.8300
v 2.3300 1.3500 -0.8300
v 1.7700 1.3500 -0.8300
v 2.3700 1.2500 -1.2650
v 2.9300 1.2500 -1.2650
v 2.9300 1.3500 -1.2650
v 2.3700 1.3500 -1.2650
v 2.3700 1.2500 -0.8300
v 2.9300 1.2500 -0.8300
v 2.9300 1.3500 -0.8300
v 2.3700 1.3500 -0.8300
v -4.6250 0.8500 0.7550
v -4.5750 0.8500 0.7550
v -4.5750 3.2800 0.7550
v -4.6250 3.2800 0.7550
v -4.6250 0.8500 0.8050
v -4.5750 0.8500 0.8050
v -4.5750 3.2800 0.8050
v -4.6250 3.2800 0.8050
v -2.6250 0.8500 0.7550
v -2.5750 0.8500 0.7550
v -2.5750 3.2800 0.7550
v -2.6250 3.2800 0.7550
v -2.6250 0.8500 0.8050
v -2.5750 0.8500 0.8050
v -2.5750 3.2800 0.8050
v -2.6250 3.2800 0.8050
v -4.6250 0.8500 -0.8050
v -4.5750 0.8500 -0.8050
v -4.5750 3.2800 -0.8050
v -4.6250 3.2800 -0.8050
v -4.6250 0.8500 -0.7550
v -4.5750 0.8500 -0.7550
v -4.5750 3.2800 -0.7550
v -4.6250 3.2800 -0.7550
v -2.6250 0.8500 -0.8050
v -2.5750 0.8500 -0.8050
v -2.5750 3.2800 -0.8050
v -2.6250 3.2800 -0.8050
v -2.6250 0.8500 -0.7550
v -2.5750 0.8500 -0.7550
v -2.5750 3.2800 -0.7550
v -2.6250 3.2800 -0.7550
v -3.6250 0.8500 -0.0250
v -3.5750 0.8500 -0.0250
v -3.5750 3.2800 -0.0250
v -3.6250 3.2800 -0.0250
v -3.6250 0.8500 0.0250
v -3.5750 0.8500 0.0250
v -3.5750 3.2800 0.0250
v -3.6250 3.2800 0.0250
v -0.4250 0.8500 0.7550
v -0.3750 0.8500 0.7550
v -0.3750 3.2800 0.7550
v -0.4250 3.2800 0.7550
v -0.4250 0.8500 0.8050
v -0.3750 0.8500 0.8050
v -0.3750 3.2800 0.8050
v -0.4250 3.2800 0.8050
v 1.5750 0.8500 0.7550
v 1.6250 0.8500 0.7550
v 1.6250 3.2800 0.7550
v 1.5750 3.2800 0.7550
v 1.5750 0.8500 0.8050
v 1.6250 0.8500 0.8050
v 1.6250 3.2800 0.8050
v 1.5750 3.2800 0.8050
v -0.4250 0.8500 -0.8050
v -0.3750 0.8500 -0.8050
v -0.3750 3.2800 -0.8050
v -0.4250 3.2800 -0.8050
v -0.4250 0.8500 -0.7550
v -0.3750 0.8500 -0.7550
v -0.3750 3.2800 -0.7550
v -0.4250 3.2800 -0.7550
v 1.5750 0.8500 -0.8050
v 1.6250 0.8500 -0.8050
v 1.6250 3.2800 -0.8050
v 1.5750 3.2800 -0.8050
v 1.5750 0.8500 -0.7550
v 1.6250 0.8500 -0.7550
v 1.6250 3.2800 -0.7550
v 1.5750 3.2800 -0.7550
v 0.5750 0.8500 -0.0250
v 0.6250 0.8500 -0.0250
v 0.6250 3.2800 -0.0250
v 0.5750 3.2800 -0.0250
v 0.5750 0.8500 0.0250
v 0.6250 0.8500 0.0250
v 0.6250 3.2800 0.0250
v 0.5750 3.2800 0.0250
v -6.2500 3.2200 -0.1800
v -5.5500 3.2200 -0.1800
v -5.5500 3.2400 -0.1800
v -6.2500 3.2400 -0.1800
v -6.2500 3.2200 0.1800
v -5.5500 3.2200 0.1800
v -5.5500 3.2400 0.1800
v -6.2500 3.2400 0.1800
v -6.2000 3.2150 -0.1500
v -6.1400 3.2150 -0.1500
v -6.1400 3.2200 -0.1500
v -6.2000 3.2200 -0.1500
v -6.2000 3.2150 0.1500
v -6.1400 3.2150 0.1500
v -6.1400 3.2200 0.1500
v -6.2000 3.2200 0.1500
v -6.0200 3.2150 -0.1500
v -5.9600 3.2150 -0.1500
v -5.9600 3.2200 -0.1500
v -6.0200 3.2200 -0.1500
v -6.0200 3.2150 0.1500
v -5.9600 3.2150 0.1500
v -5.9600 3.2200 0.1500
v -6.0200 3.2200 0.1500
v -5.8400 3.2150 -0.1500
v -5.7800 3.2150 -0.1500
v -5.7800 3.2200 -0.1500
v -5.8400 3.2200 -0.1500
v -5.8400 3.2150 0.1500
v -5.7800 3.2150 0.1500
v -5.7800 3.2200 0.1500
v -5.8400 3.2200 0.1500
v -5.6600 3.2150 -0.1500
v -5.6000 3.2150 -0.1500
v -5.6000 3.2200 -0.1500
v -5.6600 3.2200 -0.1500
v -5.6600 3.2150 0.1500
v -5.6000 3.2150 0.1500
v -5.6000 3.2200 0.1500
v -5.6600 3.2200 0.1500
v -6.8000 3.2300 0.7500
v -6.6500 3.2300 0.7500
v -6.6500 3.2400 0.7500
v -6.8000 3.2400 0.7500
v -6.8000 3.2300 0.9000
v -6.6500 3.2300 0.9000
v -6.6500 3.2400 0.9000
v -6.8000 3.2400 0.9000
v -4.2500 3.2200 -0.1800
v -3.5500 3.2200 -0.1800
v -3.5500 3.2400 -0.1800
v -4.2500 3.2400 -0.1800
v -4.2500 3.2200 0.1800
v -3.5500 3.2200 0.1800
v -3.5500 3.2400 0.1800
v -4.2500 3.2400 0.1800
v -4.2000 3.2150 -0.1500
v -4.1400 3.2150 -0.1500
v -4.1400 3.2200 -0.1500
v -4.2000 3.2200 -0.1500
v -4.2000 3.2150 0.1500
v -4.1400 3.2150 0.1500
v -4.1400 3.2200 0.1500
v -4.2000 3.2200 0.1500
v -4.0200 3.2150 -0.1500
v -3.9600 3.2150 -0.1500
v -3.9600 3.2200 -0.1500
v -4.0200 3.2200 -0.1500
v -4.0200 3.2150 0.1500
v -3.9600 3.2150 0.1500
v -3.9600 3.2200 0.1500
v -4.0200 3.2200 0.1500
v -3.8400 3.2150 -0.1500
v -3.7800 3.2150 -0.1500
v -3.7800 3.2200 -0.1500
v -3.8400 3.2200 -0.1500
v -3.8400 3.2150 0.1500
v -3.7800 3.2150 0.1500
v -3.7800 3.2200 0.1500
v -3.8400 3.2200 0.1500
v -3.6600 3.2150 -0.1500
v -3.6000 3.2150 -0.1500
v -3.6000 3.2200 -0.1500
v -3.6600 3.2200 -0.1500
v -3.6600 3.2150 0.1500
v -3.6000 3.2150 0.1500
v -3.6000 3.2200 0.1500
v -3.6600 3.2200 0.1500
v -3.3000 3.2000 -0.0700
v -3.1500 3.2000 -0.0700
v -3.1500 3.2400 -0.0700
v -3.3000 3.2400 -0.0700
v -3.3000 3.2000 0.0700
v -3.1500 3.2000 0.0700
v -3.1500 3.2400 0.0700
v -3.3000 3.2400 0.0700
v -2.2500 3.2200 -0.1800
v -1.5500 3.2200 -0.1800
v -1.5500 3.2400 -0.1800
v -2.2500 3.2400 -0.1800
v -2.2500 3.2200 0.1800
v -1.5500 3.2200 0.1800
v -1.5500 3.2400 0.1800
v -2.2500 3.2400 0.1800
v -2.2000 3.2150 -0.1500
v -2.1400 3.2150 -0.1500
v -2.1400 3.2200 -0.1500
v -2.2000 3.2200 -0.1500
v -2.2000 3.2150 0.1500
v -2.1400 3.2150 0.1500
v -2.1400 3.2200 0.1500
v -2.2000 3.2200 0.1500
v -2.0200 3.2150 -0.1500
v -1.9600 3.2150 -0.1500
v -1.9600 3.2200 -0.1500
v -2.0200 3.2200 -0.1500
v -2.0200 3.2150 0.1500
v -1.9600 3.2150 0.1500
v -1.9600 3.2200 0.1500
v -2.0200 3.2200 0.1500
v -1.8400 3.2150 -0.1500
v -1.7800 3.2150 -0.1500
v -1.7800 3.2200 -0.1500
v -1.8400 3.2200 -0.1500
v -1.8400 3.2150 0.1500
v -1.7800 3.2150 0.1500
v -1.7800 3.2200 0.1500
v -1.8400 3.2200 0.1500
v -1.6600 3.2150 -0.1500
v -1.6000 3.2150 -0.1500
v -1.6000 3.2200 -0.1500
v -1.6600 3.2200 -0.1500
v -1.6600 3.2150 0.1500
v -1.6000 3.2150 0.1500
v -1.6000 3.2200 0.1500
v -1.6600 3.2200 0.1500
v -2.8000 3.2300 0.7500
v -2.6500 3.2300 0.7500
v -2.6500 3.2400 0.7500
v -2.8000 3.2400 0.7500
v -2.8000 3.2300 0.9000
v -2.6500 3.2300 0.9000
v -2.6500 3.2400 0.9000
v -2.8000 3.2400 0.9000
v -0.2500 3.2200 -0.1800
v 0.4500 3.2200 -0.1800
v 0.4500 3.2400 -0.1800
v -0.2500 3.2400 -0.1800
v -0.2500 3.2200 0.1800
v 0.4500 3.2200 0.1800
v 0.4500 3.2400 0.1800
v -0.2500 3.2400 0.1800
v -0.2000 3.2150 -0.1500
v -0.1400 3.2150 -0.1500
v -0.1400 3.2200 -0.1500
v -0.2000 3.2200 -0.1500
v -0.2000 3.2150 0.1500
v -0.1400 3.2150 0.1500
v -0.1400 3.2200 0.1500
v -0.2000 3.2200 0.1500
v -0.0200 3.2150 -0.1500
v 0.0400 3.2150 -0.1500
v 0.0400 3.2200 -0.1500
v -0.0200 3.2200 -0.1500
v -0.0200 3.2150 0.1500
v 0.0400 3.2150 0.1500
v 0.0400 3.2200 0.1500
v -0.0200 3.2200 0.1500
v 0.1600 3.2150 -0.1500
v 0.2200 3.2150 -0.1500
v 0.2200 3.2200 -0.1500
v 0.1600 3.2200 -0.1500
v 0.1600 3.2150 0.1500
v 0.2200 3.2150 0.1500
v 0.2200 3.2200 0.1500
v 0.1600 3.2200 0.1500
v 0.3400 3.2150 -0.1500
v 0.4000 3.2150 -0.1500
v 0.4000 3.2200 -0.1500
v 0.3400 3.2200 -0.1500
v 0.3400 3.2150 0.1500
v 0.4000 3.2150 0.1500
v 0.4000 3.2200 0.1500
v 0.3400 3.2200 0.1500
v 1.7500 3.2200 -0.1800
v 2.4500 3.2200 -0.1800
v 2.4500 3.2400 -0.1800
v 1.7500 3.2400 -0.1800
v 1.7500 3.2200 0.1800
v 2.4500 3.2200 0.1800
v 2.4500 3.2400 0.1800
v 1.7500 3.2400 0.1800
v 1.8000 3.2150 -0.1500
v 1.8600 3.2150 -0.1500
v 1.8600 3.2200 -0.1500
v 1.8000 3.2200 -0.1500
v 1.8000 3.2150 0.1500
v 1.8600 3.2150 0.1500
v 1.8600 3.2200 0.1500
v 1.8000 3.2200 0.1500
v 1.9800 3.2150 -0.1500
v 2.0400 3.2150 -0.1500
v 2.0400 3.2200 -0.1500
v 1.9800 3.2200 -0.1500
v 1.9800 3.2150 0.1500
v 2.0400 3.2150 0.1500
v 2.0400 3.2200 0.1500
v 1.9800 3.2200 0.1500
v 2.1600 3.2150 -0.1500
v 2.2200 3.2150 -0.1500
v 2.2200 3.2200 -0.1500
v 2.1600 3.2200 -0.1500
v 2.1600 3.2150 0.1500
v 2.2200 3.2150 0.1500
v 2.2200 3.2200 0.1500
v 2.1600 3.2200 0.1500
v 2.3400 3.2150 -0.1500
v 2.4000 3.2150 -0.1500
v 2.4000 3.2200 -0.1500
v 2.3400 3.2200 -0.1500
v 2.3400 3.2150 0.1500
v 2.4000 3.2150 0.1500
v 2.4000 3.2200 0.1500
v 2.3400 3.2200 0.1500
v 2.7000 3.2000 -0.0700
v 2.8500 3.2000 -0.0700
v 2.8500 3.2400 -0.0700
v 2.7000 3.2400 -0.0700
v 2.7000 3.2000 0.0700
v 2.8500 3.2000 0.0700
v 2.8500 3.2400 0.0700
v 2.7000 3.2400 0.0700
v 1.2000 3.2300 0.7500
v 1.3500 3.2300 0.7500
v 1.3500 3.2400 0.7500
v 1.2000 3.2400 0.7500
v 1.2000 3.2300 0.9000
v 1.3500 3.2300 0.9000
v 1.3500 3.2400 0.9000
v 1.2000 3.2400 0.9000
v -4.2000 2.8600 1.3050
v -3.0000 2.8600 1.3050
v -3.0000 3.0600 1.3050
v -4.2000 3.0600 1.3050
v -4.2000 2.8600 1.3200
v -3.0000 2.8600 1.3200
v -3.0000 3.0600 1.3200
v -4.2000 3.0600 1.3200
v -4.1500 2.9500 1.3000
v -3.0500 2.9500 1.3000
v -3.0500 2.9700 1.3000
v -4.1500 2.9700 1.3000
v -4.1500 2.9500 1.3050
v -3.0500 2.9500 1.3050
v -3.0500 2.9700 1.3050
v -4.1500 2.9700 1.3050
v -4.1400 2.9350 1.2950
v -4.1000 2.9350 1.2950
v -4.1000 2.9850 1.2950
v -4.1400 2.9850 1.2950
v -4.1400 2.9350 1.3050
v -4.1000 2.9350 1.3050
v -4.1000 2.9850 1.3050
v -4.1400 2.9850 1.3050
v -3.9667 2.9350 1.2950
v -3.9267 2.9350 1.2950
v -3.9267 2.9850 1.2950
v -3.9667 2.9850 1.2950
v -3.9667 2.9350 1.3050
v -3.9267 2.9350 1.3050
v -3.9267 2.9850 1.3050
v -3.9667 2.9850 1.3050
v -3.7933 2.9350 1.2950
v -3.7533 2.9350 1.2950
v -3.7533 2.9850 1.2950
v -3.7933 2.9850 1.2950
v -3.7933 2.9350 1.3050
v -3.7533 2.9350 1.3050
v -3.7533 2.9850 1.3050
v -3.7933 2.9850 1.3050
v -3.6200 2.9350 1.2950
v -3.5800 2.9350 1.2950
v -3.5800 2.9850 1.2950
v -3.6200 2.9850 1.2950
v -3.6200 2.9350 1.3050
v -3.5800 2.9350 1.3050
v -3.5800 2.9850 1.3050
v -3.6200 2.9850 1.3050
v -3.4467 2.9350 1.2950
v -3.4067 2.9350 1.2950
v -3.4067 2.9850 1.2950
v -3.4467 2.9850 1.2950
v -3.4467 2.9350 1.3050
v -3.4067 2.9350 1.3050
v -3.4067 2.9850 1.3050
v -3.4467 2.9850 1.3050
v -3.2733 2.9350 1.2950
v -3.2333 2.9350 1.2950
v -3.2333 2.9850 1.2950
v -3.2733 2.9850 1.2950
v -3.2733 2.9350 1.3050
v -3.2333 2.9350 1.3050
v -3.2333 2.9850 1.3050
v -3.2733 2.9850 1.3050
v -3.1000 2.9350 1.2950
v -3.0600 2.9350 1.2950
v -3.0600 2.9850 1.2950
v -3.1000 2.9850 1.2950
v -3.1000 2.9350 1.3050
v -3.0600 2.9350 1.3050
v -3.0600 2.9850 1.3050
v -3.1000 2.9850 1.3050
v -4.2000 2.8600 -1.3200
v -3.0000 2.8600 -1.3200
v -3.0000 3.0600 -1.3200
v -4.2000 3.0600 -1.3200
v -4.2000 2.8600 -1.3050
v -3.0000 2.8600 -1.3050
v -3.0000 3.0600 -1.3050
v -4.2000 3.0600 -1.3050
v -4.1500 2.9500 -1.3050
v -3.0500 2.9500 -1.3050
v -3.0500 2.9700 -1.3050
v -4.1500 2.9700 -1.3050
v -4.1500 2.9500 -1.3000
v -3.0500 2.9500 -1.3000
v -3.0500 2.9700 -1.3000
v -4.1500 2.9700 -1.3000
v -4.1400 2.9350 -1.3050
v -4.1000 2.9350 -1.3050
v -4.1000 2.9850 -1.3050
v -4.1400 2.9850 -1.3050
v -4.1400 2.9350 -1.2950
v -4.1000 2.9350 -1.2950
v -4.1000 2.9850 -1.2950
v -4.1400 2.9850 -1.2950
v -3.9667 2.9350 -1.3050
v -3.9267 2.9350 -1.3050
v -3.9267 2.9850 -1.3050
v -3.9667 2.9850 -1.3050
v -3.9667 2.9350 -1.2950
v -3.9267 2.9350 -1.2950
v -3.9267 2.9850 -1.2950
v -3.9667 2.9850 -1.2950
v -3.7933 2.9350 -1.3050
v -3.7533 2.9350 -1.3050
v -3.7533 2.9850 -1.3050
v -3.7933 2.9850 -1.3050
v -3.7933 2.9350 -1.2950
v -3.7533 2.9350 -1.2950
v -3.7533 2.9850 -1.2950
v -3.7933 2.9850 -1.2950
v -3.6200 2.9350 -1.3050
v -3.5800 2.9350 -1.3050
v -3.5800 2.9850 -1.3050
v -3.6200 2.9850 -1.3050
v -3.6200 2.9350 -1.2950
v -3.5800 2.9350 -1.2950
v -3.5800 2.9850 -1.2950
v -3.6200 2.9850 -1.2950
v -3.4467 2.9350 -1.3050
v -3.4067 2.9350 -1.3050
v -3.4067 2.9850 -1.3050
v -3.4467 2.9850 -1.3050
v -3.4467 2.9350 -1.2950
v -3.4067 2.9350 -1.2950
v -3.4067 2.9850 -1.2950
v -3.4467 2.9850 -1.2950
v -3.2733 2.9350 -1.3050
v -3.2333 2.9350 -1.3050
v -3.2333 2.9850 -1.3050
v -3.2733 2.9850 -1.3050
v -3.2733 2.9350 -1.2950
v -3.2333 2.9350 -1.2950
v -3.2333 2.9850 -1.2950
v -3.2733 2.9850 -1.2950
v -3.1000 2.9350 -1.3050
v -3.0600 2.9350 -1.3050
v -3.0600 2.9850 -1.3050
v -3.1000 2.9850 -1.3050
v -3.1000 2.9350 -1.2950
v -3.0600 2.9350 -1.2950
v -3.0600 2.9850 -1.2950
v -3.1000 2.9850 -1.2950
v 0.0000 2.8600 1.3050
v 1.2000 2.8600 1.3050
v 1.2000 3.0600 1.3050
v 0.0000 3.0600 1.3050
v 0.0000 2.8600 1.3200
v 1.2000 2.8600 1.3200
v 1.2000 3.0600 1.3200
v 0.0000 3.0600 1.3200
v 0.0500 2.9500 1.3000
v 1.1500 2.9500 1.3000
v 1.1500 2.9700 1.3000
v 0.0500 2.9700 1.3000
v 0.0500 2.9500 1.3050
v 1.1500 2.9500 1.3050
v 1.1500 2.9700 1.3050
v 0.0500 2.9700 1.3050
v 0.0600 2.9350 1.2950
v 0.1000 2.9350 1.2950
v 0.1000 2.9850 1.2950
v 0.0600 2.9850 1.2950
v 0.0600 2.9350 1.3050
v 0.1000 2.9350 1.3050
v 0.1000 2.9850 1.3050
v 0.0600 2.9850 1.3050
v 0.2333 2.9350 1.2950
v 0.2733 2.9350 1.2950
v 0.2733 2.9850 1.2950
v 0.2333 2.9850 1.2950
v 0.2333 2.9350 1.3050
v 0.2733 2.9350 1.3050
v 0.2733 2.9850 1.3050
v 0.2333 2.9850 1.3050
v 0.4067 2.9350 1.2950
v 0.4467 2.9350 1.2950
v 0.4467 2.9850 1.2950
v 0.4067 2.9850 1.2950
v 0.4067 2.9350 1.3050
v 0.4467 2.9350 1.3050
v 0.4467 2.9850 1.3050
v 0.4067 2.9850 1.3050
v 0.5800 2.9350 1.2950
v 0.6200 2.9350 1.2950
v 0.6200 2.9850 1.2950
v 0.5800 2.9850 1.2950
v 0.5800 2.9350 1.3050
v 0.6200 2.9350 1.3050
v 0.6200 2.9850 1.3050
v 0.5800 2.9850 1.3050
v 0.7533 2.9350 1.2950
v 0.7933 2.9350 1.2950
v 0.7933 2.9850 1.2950
v 0.7533 2.9850 1.2950
v 0.7533 2.9350 1.3050
v 0.7933 2.9350 1.3050
v 0.7933 2.9850 1.3050
v 0.7533 2.9850 1.3050
v 0.9267 2.9350 1.2950
v 0.9667 2.9350 1.2950
v 0.9667 2.9850 1.2950
v 0.9267 2.9850 1.2950
v 0.9267 2.9350 1.3050
v 0.9667 2.9350 1.3050
v 0.9667 2.9850 1.3050
v 0.9267 2.9850 1.3050
v 1.1000 2.9350 1.2950
v 1.1400 2.9350 1.2950
v 1.1400 2.9850 1.2950
v 1.1000 2.9850 1.2950
v 1.1000 2.9350 1.3050
v 1.1400 2.9350 1.3050
v 1.1400 2.9850 1.3050
v 1.1000 2.9850 1.3050
v 0.0000 2.8600 -1.3200
v 1.2000 2.8600 -1.3200
v 1.2000 3.0600 -1.3200
v 0.0000 3.0600 -1.3200
v 0.0000 2.8600 -1.3050
v 1.2000 2.8600 -1.3050
v 1.2000 3.0600 -1.3050
v 0.0000 3.0600 -1.3050
v 0.0500 2.9500 -1.3050
v 1.1500 2.9500 -1.3050
v 1.1500 2.9700 -1.3050
v 0.0500 2.9700 -1.3050
v 0.0500 2.9500 -1.3000
v 1.1500 2.9500 -1.3000
v 1.1500 2.9700 -1.3000
v 0.0500 2.9700 -1.3000
v 0.0600 2.9350 -1.3050
v 0.1000 2.9350 -1.3050
v 0.1000 2.9850 -1.3050
v 0.0600 2.9850 -1.3050
v 0.0600 2.9350 -1.2950
v 0.1000 2.9350 -1.2950
v 0.1000 2.9850 -1.2950
v 0.0600 2.9850 -1.2950
v 0.2333 2.9350 -1.3050
v 0.2733 2.9350 -1.3050
v 0.2733 2.9850 -1.3050
v 0.2333 2.9850 -1.3050
v 0.2333 2.9350 -1.2950
v 0.2733 2.9350 -1.2950
v 0.2733 2.9850 -1.2950
v 0.2333 2.9850 -1.2950
v 0.4067 2.9350 -1.3050
v 0.4467 2.9350 -1.3050
v 0.4467 2.9850 -1.3050
v 0.4067 2.9850 -1.3050
v 0.4067 2.9350 -1.2950
v 0.4467 2.9350 -1.2950
v 0.4467 2.9850 -1.2950
v 0.4067 2.9850 -1.2950
v 0.5800 2.9350 -1.3050
v 0.6200 2.9350 -1.3050
v 0.6200 2.9850 -1.3050
v 0.5800 2.9850 -1.3050
v 0.5800 2.9350 -1.2950
v 0.6200 2.9350 -1.2950
v 0.6200 2.9850 -1.2950
v 0.5800 2.9850 -1.2950
v 0.7533 2.9350 -1.3050
v 0.7933 2.9350 -1.3050
v 0.7933 2.9850 -1.3050
v 0.7533 2.9850 -1.3050
v 0.7533 2.9350 -1.2950
v 0.7933 2.9350 -1.2950
v 0.7933 2.9850 -1.2950
v 0.7533 2.9850 -1.2950
v 0.9267 2.9350 -1.3050
v 0.9667 2.9350 -1.3050
v 0.9667 2.9850 -1.3050
v 0.9267 2.9850 -1.3050
v 0.9267 2.9350 -1.2950
v 0.9667 2.9350 -1.2950
v 0.9667 2.9850 -1.2950
v 0.9267 2.9850 -1.2950
v 1.1000 2.9350 -1.3050
v 1.1400 2.9350 -1.3050
v 1.1400 2.9850 -1.3050
v 1.1000 2.9850 -1.3050
v 1.1000 2.9350 -1.2950
v 1.1400 2.9350 -1.2950
v 1.1400 2.9850 -1.2950
v 1.1000 2.9850 -1.2950
v -6.4300 1.0000 1.1350
v -6.2700 1.0000 1.1350
v -6.2700 1.5000 1.1350
v -6.4300 1.5000 1.1350
v -6.4300 1.0000 1.2950
v -6.2700 1.0000 1.2950
v -6.2700 1.5000 1.2950
v -6.4300 1.5000 1.2950
v -6.3800 1.5000 1.1950
v -6.3200 1.5000 1.1950
v -6.3200 1.6000 1.1950
v -6.3800 1.6000 1.1950
v -6.3800 1.5000 1.2350
v -6.3200 1.5000 1.2350
v -6.3200 1.6000 1.2350
v -6.3800 1.6000 1.2350
v -6.4500 2.2000 1.2850
v -6.2500 2.2000 1.2850
v -6.2500 2.4500 1.2850
v -6.4500 2.4500 1.2850
v -6.4500 2.2000 1.3150
v -6.2500 2.2000 1.3150
v -6.2500 2.4500 1.3150
v -6.4500 2.4500 1.3150
v -6.3900 2.2700 1.2750
v -6.3100 2.2700 1.2750
v -6.3100 2.3500 1.2750
v -6.3900 2.3500 1.2750
v -6.3900 2.2700 1.2850
v -6.3100 2.2700 1.2850
v -6.3100 2.3500 1.2850
v -6.3900 2.3500 1.2850
v -6.4300 1.0000 -1.2950
v -6.2700 1.0000 -1.2950
v -6.2700 1.5000 -1.2950
v -6.4300 1.5000 -1.2950
v -6.4300 1.0000 -1.1350
v -6.2700 1.0000 -1.1350
v -6.2700 1.5000 -1.1350
v -6.4300 1.5000 -1.1350
v -6.3800 1.5000 -1.2350
v -6.3200 1.5000 -1.2350
v -6.3200 1.6000 -1.2350
v -6.3800 1.6000 -1.2350
v -6.3800 1.5000 -1.1950
v -6.3200 1.5000 -1.1950
v -6.3200 1.6000 -1.1950
v -6.3800 1.6000 -1.1950
v -6.4500 2.2000 -1.3150
v -6.2500 2.2000 -1.3150
v -6.2500 2.4500 -1.3150
v -6.4500 2.4500 -1.3150
v -6.4500 2.2000 -1.2850
v -6.2500 2.2000 -1.2850
v -6.2500 2.4500 -1.2850
v -6.4500 2.4500 -1.2850
v -6.3900 2.2700 -1.2850
v -6.3100 2.2700 -1.2850
v -6.3100 2.3500 -1.2850
v -6.3900 2.3500 -1.2850
v -6.3900 2.2700 -1.2750
v -6.3100 2.2700 -1.2750
v -6.3100 2.3500 -1.2750
v -6.3900 2.3500 -1.2750
v 4.1000 0.8500 -1.2300
v 4.1500 0.8500 -1.2300
v 4.1500 1.8500 -1.2300
v 4.1000 1.8500 -1.2300
v 4.1000 0.8500 1.2300
v 4.1500 0.8500 1.2300
v 4.1500 1.8500 1.2300
v 4.1000 1.8500 1.2300
v 4.0700 1.8500 -1.2300
v 4.1800 1.8500 -1.2300
v 4.1800 1.9100 -1.2300
v 4.0700 1.9100 -1.2300
v 4.0700 1.8500 1.2300
v 4.1800 1.8500 1.2300
v 4.1800 1.9100 1.2300
v 4.0700 1.9100 1.2300
v 4.1500 0.8500 -1.1800
v 4.6000 0.8500 -1.1800
v 4.6000 1.7000 -1.1800
v 4.1500 1.7000 -1.1800
v 4.1500 0.8500 1.1800
v 4.6000 0.8500 1.1800
v 4.6000 1.7000 1.1800
v 4.1500 1.7000 1.1800
v 3.1500 0.8500 0.1000
v 3.6000 0.8500 0.1000
v 3.6000 1.2500 0.1000
v 3.1500 1.2500 0.1000
v 3.1500 0.8500 1.2300
v 3.6000 0.8500 1.2300
v 3.6000 1.2500 1.2300
v 3.1500 1.2500 1.2300
v 3.0500 1.3000 0.1000
v 3.1500 1.3000 0.1000
v 3.1500 1.9500 0.1000
v 3.0500 1.9500 0.1000
v 3.0500 1.3000 1.2300
v 3.1500 1.3000 1.2300
v 3.1500 1.9500 1.2300
v 3.0500 1.9500 1.2300
v 3.1500 0.8500 -1.2300
v 3.6000 0.8500 -1.2300
v 3.6000 1.2500 -1.2300
v 3.1500 1.2500 -1.2300
v 3.1500 0.8500 -0.1000
v 3.6000 0.8500 -0.1000
v 3.6000 1.2500 -0.1000
v 3.1500 1.2500 -0.1000
v 3.0500 1.3000 -1.2300
v 3.1500 1.3000 -1.2300
v 3.1500 1.9500 -1.2300
v 3.0500 1.9500 -1.2300
v 3.0500 1.3000 -0.1000
v 3.1500 1.3000 -0.1000
v 3.1500 1.9500 -0.1000
v 3.0500 1.9500 -0.1000
v 3.1500 1.2500 0.1000
v 3.6000 1.2500 0.1000
v 3.6000 1.3500 0.1000
v 3.1500 1.3500 0.1000
v 3.1500 1.2500 1.2300
v 3.6000 1.2500 1.2300
v 3.6000 1.3500 1.2300
v 3.1500 1.3500 1.2300
v 3.1500 1.2500 -1.2300
v 3.6000 1.2500 -1.2300
v 3.6000 1.3500 -1.2300
v 3.1500 1.3500 -1.2300
v 3.1500 1.2500 -0.1000
v 3.6000 1.2500 -0.1000
v 3.6000 1.3500 -0.1000
v 3.1500 1.3500 -0.1000
vt 0.031250 0.968750
vt 0.093750 0.968750
vt 0.156250 0.968750
vt 0.218750 0.968750
vt 0.281250 0.968750
vt 0.343750 0.968750
vt 0.406250 0.968750
vt 0.468750 0.968750
vt 0.531250 0.968750
vt 0.593750 0.968750
vt 0.656250 0.968750
vt 0.718750 0.968750
vt 0.781250 0.968750
vt 0.843750 0.968750
vt 0.906250 0.968750
vt 0.968750 0.968750
vt 0.031250 0.906250
vt 0.093750 0.906250
vt 0.156250 0.906250
vt 0.218750 0.906250
vt 0.281250 0.906250
vt 0.343750 0.906250
vt 0.406250 0.906250
vt 0.468750 0.906250
vt 0.531250 0.906250
vt 0.593750 0.906250
vt 0.656250 0.906250
vt 0.718750 0.906250
vt 0.781250 0.906250
vt 0.843750 0.906250
vt 0.906250 0.906250
vt 0.968750 0.906250
vt 0.031250 0.843750
vt 0.093750 0.843750
vt 0.156250 0.843750
vt 0.218750 0.843750
vt 0.281250 0.843750
vt 0.343750 0.843750
vt 0.406250 0.843750
vt 0.468750 0.843750
vt 0.531250 0.843750
vt 0.593750 0.843750
vt 0.656250 0.843750
vt 0.718750 0.843750
vt 0.781250 0.843750
vt 0.843750 0.843750
vt 0.906250 0.843750
vt 0.968750 0.843750
vt 0.031250 0.781250
vt 0.093750 0.781250
vt 0.156250 0.781250
vt 0.218750 0.781250
vt 0.281250 0.781250
vt 0.343750 0.781250
vt 0.406250 0.781250
vt 0.468750 0.781250
vt 0.531250 0.781250
vt 0.593750 0.781250
vt 0.656250 0.781250
vt 0.718750 0.781250
vt 0.781250 0.781250
vt 0.843750 0.781250
vn 0 0 -1
vn 0 0 1
vn 0 -1 0
vn 0 1 0
vn -1 0 0
vn 1 0 0
o SHELL
usemtl palette
f 1/39/1 4/39/1 3/39/1 2/39/1
f 5/39/2 6/39/2 7/39/2 8/39/2
f 1/39/3 2/39/3 6/39/3 5/39/3
f 4/39/4 8/39/4 7/39/4 3/39/4
f 1/39/5 5/39/5 8/39/5 4/39/5
f 2/39/6 3/39/6 7/39/6 6/39/6
f 9/39/1 12/39/1 11/39/1 10/39/1
f 13/39/2 14/39/2 15/39/2 16/39/2
f 9/39/3 10/39/3 14/39/3 13/39/3
f 12/39/4 16/39/4 15/39/4 11/39/4
f 9/39/5 13/39/5 16/39/5 12/39/5
f 10/39/6 11/39/6 15/39/6 14/39/6
f 17/30/1 20/30/1 19/30/1 18/30/1
f 21/30/2 22/30/2 23/30/2 24/30/2
f 17/30/3 18/30/3 22/30/3 21/30/3
f 20/30/4 24/30/4 23/30/4 19/30/4
f 17/30/5 21/30/5 24/30/5 20/30/5
f 18/30/6 19/30/6 23/30/6 22/30/6
f 25/30/1 28/30/1 27/30/1 26/30/1
f 29/30/2 30/30/2 31/30/2 32/30/2
f 25/30/3 26/30/3 30/30/3 29/30/3
f 28/30/4 32/30/4 31/30/4 27/30/4
f 25/30/5 29/30/5 32/30/5 28/30/5
f 26/30/6 27/30/6 31/30/6 30/30/6
f 33/45/1 36/45/1 35/45/1 34/45/1
f 37/45/2 38/45/2 39/45/2 40/45/2
f 33/45/3 34/45/3 38/45/3 37/45/3
f 36/45/4 40/45/4 39/45/4 35/45/4
f 33/45/5 37/45/5 40/45/5 36/45/5
f 34/45/6 35/45/6 39/45/6 38/45/6
f 41/45/1 44/45/1 43/45/1 42/45/1
f 45/45/2 46/45/2 47/45/2 48/45/2
f 41/45/3 42/45/3 46/45/3 45/45/3
f 44/45/4 48/45/4 47/45/4 43/45/4
f 41/45/5 45/45/5 48/45/5 44/45/5
f 42/45/6 43/45/6 47/45/6 46/45/6
f 49/45/1 52/45/1 51/45/1 50/45/1
f 53/45/2 54/45/2 55/45/2 56/45/2
f 49/45/3 50/45/3 54/45/3 53/45/3
f 52/45/4 56/45/4 55/45/4 51/45/4
f 49/45/5 53/45/5 56/45/5 52/45/5
f 50/45/6 51/45/6 55/45/6 54/45/6
f 57/45/1 60/45/1 59/45/1 58/45/1
f 61/45/2 62/45/2 63/45/2 64/45/2
f 57/45/3 58/45/3 62/45/3 61/45/3
f 60/45/4 64/45/4 63/45/4 59/45/4
f 57/45/5 61/45/5 64/45/5 60/45/5
f 58/45/6 59/45/6 63/45/6 62/45/6
f 65/54/1 68/54/1 67/54/1 66/54/1
f 69/54/2 70/54/2 71/54/2 72/54/2
f 65/54/3 66/54/3 70/54/3 69/54/3
f 68/54/4 72/54/4 71/54/4 67/54/4
f 65/54/5 69/54/5 72/54/5 68/54/5
f 66/54/6 67/54/6 71/54/6 70/54/6
f 73/54/1 76/54/1 75/54/1 74/54/1
f 77/54/2 78/54/2 79/54/2 80/54/2
f 73/54/3 74/54/3 78/54/3 77/54/3
f 76/54/4 80/54/4 79/54/4 75/54/4
f 73/54/5 77/54/5 80/54/5 76/54/5
f 74/54/6 75/54/6 79/54/6 78/54/6
f 81/54/1 84/54/1 83/54/1 82/54/1
f 85/54/2 86/54/2 87/54/2 88/54/2
f 81/54/3 82/54/3 86/54/3 85/54/3
f 84/54/4 88/54/4 87/54/4 83/54/4
f 81/54/5 85/54/5 88/54/5 84/54/5
f 82/54/6 83/54/6 87/54/6 86/54/6
f 89/54/1 92/54/1 91/54/1 90/54/1
f 93/54/2 94/54/2 95/54/2 96/54/2
f 89/54/3 90/54/3 94/54/3 93/54/3
f 92/54/4 96/54/4 95/54/4 91/54/4
f 89/54/5 93/54/5 96/54/5 92/54/5
f 90/54/6 91/54/6 95/54/6 94/54/6
f 97/54/1 100/54/1 99/54/1 98/54/1
f 101/54/2 102/54/2 103/54/2 104/54/2
f 97/54/3 98/54/3 102/54/3 101/54/3
f 100/54/4 104/54/4 103/54/4 99/54/4
f 97/54/5 101/54/5 104/54/5 100/54/5
f 98/54/6 99/54/6 103/54/6 102/54/6
f 105/54/1 108/54/1 107/54/1 106/54/1
f 109/54/2 110/54/2 111/54/2 112/54/2
f 105/54/3 106/54/3 110/54/3 109/54/3
f 108/54/4 112/54/4 111/54/4 107/54/4
f 105/54/5 109/54/5 112/54/5 108/54/5
f 106/54/6 107/54/6 111/54/6 110/54/6
f 113/54/1 116/54/1 115/54/1 114/54/1
f 117/54/2 118/54/2 119/54/2 120/54/2
f 113/54/3 114/54/3 118/54/3 117/54/3
f 116/54/4 120/54/4 119/54/4 115/54/4
f 113/54/5 117/54/5 120/54/5 116/54/5
f 114/54/6 115/54/6 119/54/6 118/54/6
f 121/54/1 124/54/1 123/54/1 122/54/1
f 125/54/2 126/54/2 127/54/2 128/54/2
f 121/54/3 122/54/3 126/54/3 125/54/3
f 124/54/4 128/54/4 127/54/4 123/54/4
f 121/54/5 125/54/5 128/54/5 124/54/5
f 122/54/6 123/54/6 127/54/6 126/54/6
f 129/54/1 132/54/1 131/54/1 130/54/1
f 133/54/2 134/54/2 135/54/2 136/54/2
f 129/54/3 130/54/3 134/54/3 133/54/3
f 132/54/4 136/54/4 135/54/4 131/54/4
f 129/54/5 133/54/5 136/54/5 132/54/5
f 130/54/6 131/54/6 135/54/6 134/54/6
f 137/54/1 140/54/1 139/54/1 138/54/1
f 141/54/2 142/54/2 143/54/2 144/54/2
f 137/54/3 138/54/3 142/54/3 141/54/3
f 140/54/4 144/54/4 143/54/4 139/54/4
f 137/54/5 141/54/5 144/54/5 140/54/5
f 138/54/6 139/54/6 143/54/6 142/54/6
f 145/39/1 148/39/1 147/39/1 146/39/1
f 149/39/2 150/39/2 151/39/2 152/39/2
f 145/39/3 146/39/3 150/39/3 149/39/3
f 148/39/4 152/39/4 151/39/4 147/39/4
f 145/39/5 149/39/5 152/39/5 148/39/5
f 146/39/6 147/39/6 151/39/6 150/39/6
f 153/39/1 156/39/1 155/39/1 154/39/1
f 157/39/2 158/39/2 159/39/2 160/39/2
f 153/39/3 154/39/3 158/39/3 157/39/3
f 156/39/4 160/39/4 159/39/4 155/39/4
f 153/39/5 157/39/5 160/39/5 156/39/5
f 154/39/6 155/39/6 159/39/6 158/39/6
f 161/30/1 164/30/1 163/30/1 162/30/1
f 165/30/2 166/30/2 167/30/2 168/30/2
f 161/30/3 162/30/3 166/30/3 165/30/3
f 164/30/4 168/30/4 167/30/4 163/30/4
f 161/30/5 165/30/5 168/30/5 164/30/5
f 162/30/6 163/30/6 167/30/6 166/30/6
f 169/30/1 172/30/1 171/30/1 170/30/1
f 173/30/2 174/30/2 175/30/2 176/30/2
f 169/30/3 170/30/3 174/30/3 173/30/3
f 172/30/4 176/30/4 175/30/4 171/30/4
f 169/30/5 173/30/5 176/30/5 172/30/5
f 170/30/6 171/30/6 175/30/6 174/30/6
f 177/54/1 180/54/1 179/54/1 178/54/1
f 181/54/2 182/54/2 183/54/2 184/54/2
f 177/54/3 178/54/3 182/54/3 181/54/3
f 180/54/4 184/54/4 183/54/4 179/54/4
f 177/54/5 181/54/5 184/54/5 180/54/5
f 178/54/6 179/54/6 183/54/6 182/54/6
f 185/54/1 188/54/1 187/54/1 186/54/1
f 189/54/2 190/54/2 191/54/2 192/54/2
f 185/54/3 186/54/3 190/54/3 189/54/3
f 188/54/4 192/54/4 191/54/4 187/54/4
f 185/54/5 189/54/5 192/54/5 188/54/5
f 186/54/6 187/54/6 191/54/6 190/54/6
f 193/54/1 196/54/1 195/54/1 194/54/1
f 197/54/2 198/54/2 199/54/2 200/54/2
f 193/54/3 194/54/3 198/54/3 197/54/3
f 196/54/4 200/54/4 199/54/4 195/54/4
f 193/54/5 197/54/5 200/54/5 196/54/5
f 194/54/6 195/54/6 199/54/6 198/54/6
f 201/54/1 204/54/1 203/54/1 202/54/1
f 205/54/2 206/54/2 207/54/2 208/54/2
f 201/54/3 202/54/3 206/54/3 205/54/3
f 204/54/4 208/54/4 207/54/4 203/54/4
f 201/54/5 205/54/5 208/54/5 204/54/5
f 202/54/6 203/54/6 207/54/6 206/54/6
f 209/45/1 212/45/1 211/45/1 210/45/1
f 213/45/2 214/45/2 215/45/2 216/45/2
f 209/45/3 210/45/3 214/45/3 213/45/3
f 212/45/4 216/45/4 215/45/4 211/45/4
f 209/45/5 213/45/5 216/45/5 212/45/5
f 210/45/6 211/45/6 215/45/6 214/45/6
f 217/45/1 220/45/1 219/45/1 218/45/1
f 221/45/2 222/45/2 223/45/2 224/45/2
f 217/45/3 218/45/3 222/45/3 221/45/3
f 220/45/4 224/45/4 223/45/4 219/45/4
f 217/45/5 221/45/5 224/45/5 220/45/5
f 218/45/6 219/45/6 223/45/6 222/45/6
f 225/54/1 228/54/1 227/54/1 226/54/1
f 229/54/2 230/54/2 231/54/2 232/54/2
f 225/54/3 226/54/3 230/54/3 229/54/3
f 228/54/4 232/54/4 231/54/4 227/54/4
f 225/54/5 229/54/5 232/54/5 228/54/5
f 226/54/6 227/54/6 231/54/6 230/54/6
f 233/54/1 236/54/1 235/54/1 234/54/1
f 237/54/2 238/54/2 239/54/2 240/54/2
f 233/54/3 234/54/3 238/54/3 237/54/3
f 236/54/4 240/54/4 239/54/4 235/54/4
f 233/54/5 237/54/5 240/54/5 236/54/5
f 234/54/6 235/54/6 239/54/6 238/54/6
f 241/54/1 244/54/1 243/54/1 242/54/1
f 245/54/2 246/54/2 247/54/2 248/54/2
f 241/54/3 242/54/3 246/54/3 245/54/3
f 244/54/4 248/54/4 247/54/4 243/54/4
f 241/54/5 245/54/5 248/54/5 244/54/5
f 242/54/6 243/54/6 247/54/6 246/54/6
f 249/54/1 252/54/1 251/54/1 250/54/1
f 253/54/2 254/54/2 255/54/2 256/54/2
f 249/54/3 250/54/3 254/54/3 253/54/3
f 252/54/4 256/54/4 255/54/4 251/54/4
f 249/54/5 253/54/5 256/54/5 252/54/5
f 250/54/6 251/54/6 255/54/6 254/54/6
f 257/54/1 260/54/1 259/54/1 258/54/1
f 261/54/2 262/54/2 263/54/2 264/54/2
f 257/54/3 258/54/3 262/54/3 261/54/3
f 260/54/4 264/54/4 263/54/4 259/54/4
f 257/54/5 261/54/5 264/54/5 260/54/5
f 258/54/6 259/54/6 263/54/6 262/54/6
f 265/54/1 268/54/1 267/54/1 266/54/1
f 269/54/2 270/54/2 271/54/2 272/54/2
f 265/54/3 266/54/3 270/54/3 269/54/3
f 268/54/4 272/54/4 271/54/4 267/54/4
f 265/54/5 269/54/5 272/54/5 268/54/5
f 266/54/6 267/54/6 271/54/6 270/54/6
f 273/54/1 276/54/1 275/54/1 274/54/1
f 277/54/2 278/54/2 279/54/2 280/54/2
f 273/54/3 274/54/3 278/54/3 277/54/3
f 276/54/4 280/54/4 279/54/4 275/54/4
f 273/54/5 277/54/5 280/54/5 276/54/5
f 274/54/6 275/54/6 279/54/6 278/54/6
f 281/54/1 284/54/1 283/54/1 282/54/1
f 285/54/2 286/54/2 287/54/2 288/54/2
f 281/54/3 282/54/3 286/54/3 285/54/3
f 284/54/4 288/54/4 287/54/4 283/54/4
f 281/54/5 285/54/5 288/54/5 284/54/5
f 282/54/6 283/54/6 287/54/6 286/54/6
f 289/54/1 292/54/1 291/54/1 290/54/1
f 293/54/2 294/54/2 295/54/2 296/54/2
f 289/54/3 290/54/3 294/54/3 293/54/3
f 292/54/4 296/54/4 295/54/4 291/54/4
f 289/54/5 293/54/5 296/54/5 292/54/5
f 290/54/6 291/54/6 295/54/6 294/54/6
f 297/54/1 300/54/1 299/54/1 298/54/1
f 301/54/2 302/54/2 303/54/2 304/54/2
f 297/54/3 298/54/3 302/54/3 301/54/3
f 300/54/4 304/54/4 303/54/4 299/54/4
f 297/54/5 301/54/5 304/54/5 300/54/5
f 298/54/6 299/54/6 303/54/6 302/54/6
f 305/54/1 308/54/1 307/54/1 306/54/1
f 309/54/2 310/54/2 311/54/2 312/54/2
f 305/54/3 306/54/3 310/54/3 309/54/3
f 308/54/4 312/54/4 311/54/4 307/54/4
f 305/54/5 309/54/5 312/54/5 308/54/5
f 306/54/6 307/54/6 311/54/6 310/54/6
f 313/54/1 316/54/1 315/54/1 314/54/1
f 317/54/2 318/54/2 319/54/2 320/54/2
f 313/54/3 314/54/3 318/54/3 317/54/3
f 316/54/4 320/54/4 319/54/4 315/54/4
f 313/54/5 317/54/5 320/54/5 316/54/5
f 314/54/6 315/54/6 319/54/6 318/54/6
f 321/54/1 324/54/1 323/54/1 322/54/1
f 325/54/2 326/54/2 327/54/2 328/54/2
f 321/54/3 322/54/3 326/54/3 325/54/3
f 324/54/4 328/54/4 327/54/4 323/54/4
f 321/54/5 325/54/5 328/54/5 324/54/5
f 322/54/6 323/54/6 327/54/6 326/54/6
f 329/54/1 332/54/1 331/54/1 330/54/1
f 333/54/2 334/54/2 335/54/2 336/54/2
f 329/54/3 330/54/3 334/54/3 333/54/3
f 332/54/4 336/54/4 335/54/4 331/54/4
f 329/54/5 333/54/5 336/54/5 332/54/5
f 330/54/6 331/54/6 335/54/6 334/54/6
f 337/54/1 340/54/1 339/54/1 338/54/1
f 341/54/2 342/54/2 343/54/2 344/54/2
f 337/54/3 338/54/3 342/54/3 341/54/3
f 340/54/4 344/54/4 343/54/4 339/54/4
f 337/54/5 341/54/5 344/54/5 340/54/5
f 338/54/6 339/54/6 343/54/6 342/54/6
f 345/54/1 348/54/1 347/54/1 346/54/1
f 349/54/2 350/54/2 351/54/2 352/54/2
f 345/54/3 346/54/3 350/54/3 349/54/3
f 348/54/4 352/54/4 351/54/4 347/54/4
f 345/54/5 349/54/5 352/54/5 348/54/5
f 346/54/6 347/54/6 351/54/6 350/54/6
f 353/54/1 356/54/1 355/54/1 354/54/1
f 357/54/2 358/54/2 359/54/2 360/54/2
f 353/54/3 354/54/3 358/54/3 357/54/3
f 356/54/4 360/54/4 359/54/4 355/54/4
f 353/54/5 357/54/5 360/54/5 356/54/5
f 354/54/6 355/54/6 359/54/6 358/54/6
f 361/54/1 364/54/1 363/54/1 362/54/1
f 365/54/2 366/54/2 367/54/2 368/54/2
f 361/54/3 362/54/3 366/54/3 365/54/3
f 364/54/4 368/54/4 367/54/4 363/54/4
f 361/54/5 365/54/5 368/54/5 364/54/5
f 362/54/6 363/54/6 367/54/6 366/54/6
f 369/54/1 372/54/1 371/54/1 370/54/1
f 373/54/2 374/54/2 375/54/2 376/54/2
f 369/54/3 370/54/3 374/54/3 373/54/3
f 372/54/4 376/54/4 375/54/4 371/54/4
f 369/54/5 373/54/5 376/54/5 372/54/5
f 370/54/6 371/54/6 375/54/6 374/54/6
f 377/54/1 380/54/1 379/54/1 378/54/1
f 381/54/2 382/54/2 383/54/2 384/54/2
f 377/54/3 378/54/3 382/54/3 381/54/3
f 380/54/4 384/54/4 383/54/4 379/54/4
f 377/54/5 381/54/5 384/54/5 380/54/5
f 378/54/6 379/54/6 383/54/6 382/54/6
f 385/39/1 388/39/1 387/39/1 386/39/1
f 389/39/2 390/39/2 391/39/2 392/39/2
f 385/39/3 386/39/3 390/39/3 389/39/3
f 388/39/4 392/39/4 391/39/4 387/39/4
f 385/39/5 389/39/5 392/39/5 388/39/5
f 386/39/6 387/39/6 391/39/6 390/39/6
f 393/39/1 396/39/1 395/39/1 394/39/1
f 397/39/2 398/39/2 399/39/2 400/39/2
f 393/39/3 394/39/3 398/39/3 397/39/3
f 396/39/4 400/39/4 399/39/4 395/39/4
f 393/39/5 397/39/5 400/39/5 396/39/5
f 394/39/6 395/39/6 399/39/6 398/39/6
f 401/30/1 404/30/1 403/30/1 402/30/1
f 405/30/2 406/30/2 407/30/2 408/30/2
f 401/30/3 402/30/3 406/30/3 405/30/3
f 404/30/4 408/30/4 407/30/4 403/30/4
f 401/30/5 405/30/5 408/30/5 404/30/5
f 402/30/6 403/30/6 407/30/6 406/30/6
f 409/30/1 412/30/1 411/30/1 410/30/1
f 413/30/2 414/30/2 415/30/2 416/30/2
f 409/30/3 410/30/3 414/30/3 413/30/3
f 412/30/4 416/30/4 415/30/4 411/30/4
f 409/30/5 413/30/5 416/30/5 412/30/5
f 410/30/6 411/30/6 415/30/6 414/30/6
f 417/54/1 420/54/1 419/54/1 418/54/1
f 421/54/2 422/54/2 423/54/2 424/54/2
f 417/54/3 418/54/3 422/54/3 421/54/3
f 420/54/4 424/54/4 423/54/4 419/54/4
f 417/54/5 421/54/5 424/54/5 420/54/5
f 418/54/6 419/54/6 423/54/6 422/54/6
f 425/54/1 428/54/1 427/54/1 426/54/1
f 429/54/2 430/54/2 431/54/2 432/54/2
f 425/54/3 426/54/3 430/54/3 429/54/3
f 428/54/4 432/54/4 431/54/4 427/54/4
f 425/54/5 429/54/5 432/54/5 428/54/5
f 426/54/6 427/54/6 431/54/6 430/54/6
f 433/54/1 436/54/1 435/54/1 434/54/1
f 437/54/2 438/54/2 439/54/2 440/54/2
f 433/54/3 434/54/3 438/54/3 437/54/3
f 436/54/4 440/54/4 439/54/4 435/54/4
f 433/54/5 437/54/5 440/54/5 436/54/5
f 434/54/6 435/54/6 439/54/6 438/54/6
f 441/54/1 444/54/1 443/54/1 442/54/1
f 445/54/2 446/54/2 447/54/2 448/54/2
f 441/54/3 442/54/3 446/54/3 445/54/3
f 444/54/4 448/54/4 447/54/4 443/54/4
f 441/54/5 445/54/5 448/54/5 444/54/5
f 442/54/6 443/54/6 447/54/6 446/54/6
f 449/45/1 452/45/1 451/45/1 450/45/1
f 453/45/2 454/45/2 455/45/2 456/45/2
f 449/45/3 450/45/3 454/45/3 453/45/3
f 452/45/4 456/45/4 455/45/4 451/45/4
f 449/45/5 453/45/5 456/45/5 452/45/5
f 450/45/6 451/45/6 455/45/6 454/45/6
f 457/45/1 460/45/1 459/45/1 458/45/1
f 461/45/2 462/45/2 463/45/2 464/45/2
f 457/45/3 458/45/3 462/45/3 461/45/3
f 460/45/4 464/45/4 463/45/4 459/45/4
f 457/45/5 461/45/5 464/45/5 460/45/5
f 458/45/6 459/45/6 463/45/6 462/45/6
f 465/54/1 468/54/1 467/54/1 466/54/1
f 469/54/2 470/54/2 471/54/2 472/54/2
f 465/54/3 466/54/3 470/54/3 469/54/3
f 468/54/4 472/54/4 471/54/4 467/54/4
f 465/54/5 469/54/5 472/54/5 468/54/5
f 466/54/6 467/54/6 471/54/6 470/54/6
f 473/54/1 476/54/1 475/54/1 474/54/1
f 477/54/2 478/54/2 479/54/2 480/54/2
f 473/54/3 474/54/3 478/54/3 477/54/3
f 476/54/4 480/54/4 479/54/4 475/54/4
f 473/54/5 477/54/5 480/54/5 476/54/5
f 474/54/6 475/54/6 479/54/6 478/54/6
f 481/54/1 484/54/1 483/54/1 482/54/1
f 485/54/2 486/54/2 487/54/2 488/54/2
f 481/54/3 482/54/3 486/54/3 485/54/3
f 484/54/4 488/54/4 487/54/4 483/54/4
f 481/54/5 485/54/5 488/54/5 484/54/5
f 482/54/6 483/54/6 487/54/6 486/54/6
f 489/54/1 492/54/1 491/54/1 490/54/1
f 493/54/2 494/54/2 495/54/2 496/54/2
f 489/54/3 490/54/3 494/54/3 493/54/3
f 492/54/4 496/54/4 495/54/4 491/54/4
f 489/54/5 493/54/5 496/54/5 492/54/5
f 490/54/6 491/54/6 495/54/6 494/54/6
f 497/54/1 500/54/1 499/54/1 498/54/1
f 501/54/2 502/54/2 503/54/2 504/54/2
f 497/54/3 498/54/3 502/54/3 501/54/3
f 500/54/4 504/54/4 503/54/4 499/54/4
f 497/54/5 501/54/5 504/54/5 500/54/5
f 498/54/6 499/54/6 503/54/6 502/54/6
f 505/54/1 508/54/1 507/54/1 506/54/1
f 509/54/2 510/54/2 511/54/2 512/54/2
f 505/54/3 506/54/3 510/54/3 509/54/3
f 508/54/4 512/54/4 511/54/4 507/54/4
f 505/54/5 509/54/5 512/54/5 508/54/5
f 506/54/6 507/54/6 511/54/6 510/54/6
f 513/54/1 516/54/1 515/54/1 514/54/1
f 517/54/2 518/54/2 519/54/2 520/54/2
f 513/54/3 514/54/3 518/54/3 517/54/3
f 516/54/4 520/54/4 519/54/4 515/54/4
f 513/54/5 517/54/5 520/54/5 516/54/5
f 514/54/6 515/54/6 519/54/6 518/54/6
f 521/54/1 524/54/1 523/54/1 522/54/1
f 525/54/2 526/54/2 527/54/2 528/54/2
f 521/54/3 522/54/3 526/54/3 525/54/3
f 524/54/4 528/54/4 527/54/4 523/54/4
f 521/54/5 525/54/5 528/54/5 524/54/5
f 522/54/6 523/54/6 527/54/6 526/54/6
f 529/54/1 532/54/1 531/54/1 530/54/1
f 533/54/2 534/54/2 535/54/2 536/54/2
f 529/54/3 530/54/3 534/54/3 533/54/3
f 532/54/4 536/54/4 535/54/4 531/54/4
f 529/54/5 533/54/5 536/54/5 532/54/5
f 530/54/6 531/54/6 535/54/6 534/54/6
f 537/54/1 540/54/1 539/54/1 538/54/1
f 541/54/2 542/54/2 543/54/2 544/54/2
f 537/54/3 538/54/3 542/54/3 541/54/3
f 540/54/4 544/54/4 543/54/4 539/54/4
f 537/54/5 541/54/5 544/54/5 540/54/5
f 538/54/6 539/54/6 543/54/6 542/54/6
f 545/54/1 548/54/1 547/54/1 546/54/1
f 549/54/2 550/54/2 551/54/2 552/54/2
f 545/54/3 546/54/3 550/54/3 549/54/3
f 548/54/4 552/54/4 551/54/4 547/54/4
f 545/54/5 549/54/5 552/54/5 548/54/5
f 546/54/6 547/54/6 551/54/6 550/54/6
f 553/54/1 556/54/1 555/54/1 554/54/1
f 557/54/2 558/54/2 559/54/2 560/54/2
f 553/54/3 554/54/3 558/54/3 557/54/3
f 556/54/4 560/54/4 559/54/4 555/54/4
f 553/54/5 557/54/5 560/54/5 556/54/5
f 554/54/6 555/54/6 559/54/6 558/54/6
f 561/54/1 564/54/1 563/54/1 562/54/1
f 565/54/2 566/54/2 567/54/2 568/54/2
f 561/54/3 562/54/3 566/54/3 565/54/3
f 564/54/4 568/54/4 567/54/4 563/54/4
f 561/54/5 565/54/5 568/54/5 564/54/5
f 562/54/6 563/54/6 567/54/6 566/54/6
f 569/54/1 572/54/1 571/54/1 570/54/1
f 573/54/2 574/54/2 575/54/2 576/54/2
f 569/54/3 570/54/3 574/54/3 573/54/3
f 572/54/4 576/54/4 575/54/4 571/54/4
f 569/54/5 573/54/5 576/54/5 572/54/5
f 570/54/6 571/54/6 575/54/6 574/54/6
f 577/54/1 580/54/1 579/54/1 578/54/1
f 581/54/2 582/54/2 583/54/2 584/54/2
f 577/54/3 578/54/3 582/54/3 581/54/3
f 580/54/4 584/54/4 583/54/4 579/54/4
f 577/54/5 581/54/5 584/54/5 580/54/5
f 578/54/6 579/54/6 583/54/6 582/54/6
f 585/54/1 588/54/1 587/54/1 586/54/1
f 589/54/2 590/54/2 591/54/2 592/54/2
f 585/54/3 586/54/3 590/54/3 589/54/3
f 588/54/4 592/54/4 591/54/4 587/54/4
f 585/54/5 589/54/5 592/54/5 588/54/5
f 586/54/6 587/54/6 591/54/6 590/54/6
f 593/54/1 596/54/1 595/54/1 594/54/1
f 597/54/2 598/54/2 599/54/2 600/54/2
f 593/54/3 594/54/3 598/54/3 597/54/3
f 596/54/4 600/54/4 599/54/4 595/54/4
f 593/54/5 597/54/5 600/54/5 596/54/5
f 594/54/6 595/54/6 599/54/6 598/54/6
f 601/54/1 604/54/1 603/54/1 602/54/1
f 605/54/2 606/54/2 607/54/2 608/54/2
f 601/54/3 602/54/3 606/54/3 605/54/3
f 604/54/4 608/54/4 607/54/4 603/54/4
f 601/54/5 605/54/5 608/54/5 604/54/5
f 602/54/6 603/54/6 607/54/6 606/54/6
f 609/54/1 612/54/1 611/54/1 610/54/1
f 613/54/2 614/54/2 615/54/2 616/54/2
f 609/54/3 610/54/3 614/54/3 613/54/3
f 612/54/4 616/54/4 615/54/4 611/54/4
f 609/54/5 613/54/5 616/54/5 612/54/5
f 610/54/6 611/54/6 615/54/6 614/54/6
f 617/54/1 620/54/1 619/54/1 618/54/1
f 621/54/2 622/54/2 623/54/2 624/54/2
f 617/54/3 618/54/3 622/54/3 621/54/3
f 620/54/4 624/54/4 623/54/4 619/54/4
f 617/54/5 621/54/5 624/54/5 620/54/5
f 618/54/6 619/54/6 623/54/6 622/54/6
f 625/54/1 628/54/1 627/54/1 626/54/1
f 629/54/2 630/54/2 631/54/2 632/54/2
f 625/54/3 626/54/3 630/54/3 629/54/3
f 628/54/4 632/54/4 631/54/4 627/54/4
f 625/54/5 629/54/5 632/54/5 628/54/5
f 626/54/6 627/54/6 631/54/6 630/54/6
f 633/54/1 636/54/1 635/54/1 634/54/1
f 637/54/2 638/54/2 639/54/2 640/54/2
f 633/54/3 634/54/3 638/54/3 637/54/3
f 636/54/4 640/54/4 639/54/4 635/54/4
f 633/54/5 637/54/5 640/54/5 636/54/5
f 634/54/6 635/54/6 639/54/6 638/54/6
f 641/54/1 644/54/1 643/54/1 642/54/1
f 645/54/2 646/54/2 647/54/2 648/54/2
f 641/54/3 642/54/3 646/54/3 645/54/3
f 644/54/4 648/54/4 647/54/4 643/54/4
f 641/54/5 645/54/5 648/54/5 644/54/5
f 642/54/6 643/54/6 647/54/6 646/54/6
f 649/54/1 652/54/1 651/54/1 650/54/1
f 653/54/2 654/54/2 655/54/2 656/54/2
f 649/54/3 650/54/3 654/54/3 653/54/3
f 652/54/4 656/54/4 655/54/4 651/54/4
f 649/54/5 653/54/5 656/54/5 652/54/5
f 650/54/6 651/54/6 655/54/6 654/54/6
f 657/54/1 660/54/1 659/54/1 658/54/1
f 661/54/2 662/54/2 663/54/2 664/54/2
f 657/54/3 658/54/3 662/54/3 661/54/3
f 660/54/4 664/54/4 663/54/4 659/54/4
f 657/54/5 661/54/5 664/54/5 660/54/5
f 658/54/6 659/54/6 663/54/6 662/54/6
f 665/54/1 668/54/1 667/54/1 666/54/1
f 669/54/2 670/54/2 671/54/2 672/54/2
f 665/54/3 666/54/3 670/54/3 669/54/3
f 668/54/4 672/54/4 671/54/4 667/54/4
f 665/54/5 669/54/5 672/54/5 668/54/5
f 666/54/6 667/54/6 671/54/6 670/54/6
f 673/39/1 676/39/1 675/39/1 674/39/1
f 677/39/2 678/39/2 679/39/2 680/39/2
f 673/39/3 674/39/3 678/39/3 677/39/3
f 676/39/4 680/39/4 679/39/4 675/39/4
f 673/39/5 677/39/5 680/39/5 676/39/5
f 674/39/6 675/39/6 679/39/6 678/39/6
f 681/39/1 684/39/1 683/39/1 682/39/1
f 685/39/2 686/39/2 687/39/2 688/39/2
f 681/39/3 682/39/3 686/39/3 685/39/3
f 684/39/4 688/39/4 687/39/4 683/39/4
f 681/39/5 685/39/5 688/39/5 684/39/5
f 682/39/6 683/39/6 687/39/6 686/39/6
f 689/30/1 692/30/1 691/30/1 690/30/1
f 693/30/2 694/30/2 695/30/2 696/30/2
f 689/30/3 690/30/3 694/30/3 693/30/3
f 692/30/4 696/30/4 695/30/4 691/30/4
f 689/30/5 693/30/5 696/30/5 692/30/5
f 690/30/6 691/30/6 695/30/6 694/30/6
f 697/30/1 700/30/1 699/30/1 698/30/1
f 701/30/2 702/30/2 703/30/2 704/30/2
f 697/30/3 698/30/3 702/30/3 701/30/3
f 700/30/4 704/30/4 703/30/4 699/30/4
f 697/30/5 701/30/5 704/30/5 700/30/5
f 698/30/6 699/30/6 703/30/6 702/30/6
f 705/54/1 708/54/1 707/54/1 706/54/1
f 709/54/2 710/54/2 711/54/2 712/54/2
f 705/54/3 706/54/3 710/54/3 709/54/3
f 708/54/4 712/54/4 711/54/4 707/54/4
f 705/54/5 709/54/5 712/54/5 708/54/5
f 706/54/6 707/54/6 711/54/6 710/54/6
f 713/54/1 716/54/1 715/54/1 714/54/1
f 717/54/2 718/54/2 719/54/2 720/54/2
f 713/54/3 714/54/3 718/54/3 717/54/3
f 716/54/4 720/54/4 719/54/4 715/54/4
f 713/54/5 717/54/5 720/54/5 716/54/5
f 714/54/6 715/54/6 719/54/6 718/54/6
f 721/54/1 724/54/1 723/54/1 722/54/1
f 725/54/2 726/54/2 727/54/2 728/54/2
f 721/54/3 722/54/3 726/54/3 725/54/3
f 724/54/4 728/54/4 727/54/4 723/54/4
f 721/54/5 725/54/5 728/54/5 724/54/5
f 722/54/6 723/54/6 727/54/6 726/54/6
f 729/54/1 732/54/1 731/54/1 730/54/1
f 733/54/2 734/54/2 735/54/2 736/54/2
f 729/54/3 730/54/3 734/54/3 733/54/3
f 732/54/4 736/54/4 735/54/4 731/54/4
f 729/54/5 733/54/5 736/54/5 732/54/5
f 730/54/6 731/54/6 735/54/6 734/54/6
f 737/45/1 740/45/1 739/45/1 738/45/1
f 741/45/2 742/45/2 743/45/2 744/45/2
f 737/45/3 738/45/3 742/45/3 741/45/3
f 740/45/4 744/45/4 743/45/4 739/45/4
f 737/45/5 741/45/5 744/45/5 740/45/5
f 738/45/6 739/45/6 743/45/6 742/45/6
f 745/45/1 748/45/1 747/45/1 746/45/1
f 749/45/2 750/45/2 751/45/2 752/45/2
f 745/45/3 746/45/3 750/45/3 749/45/3
f 748/45/4 752/45/4 751/45/4 747/45/4
f 745/45/5 749/45/5 752/45/5 748/45/5
f 746/45/6 747/45/6 751/45/6 750/45/6
f 753/54/1 756/54/1 755/54/1 754/54/1
f 757/54/2 758/54/2 759/54/2 760/54/2
f 753/54/3 754/54/3 758/54/3 757/54/3
f 756/54/4 760/54/4 759/54/4 755/54/4
f 753/54/5 757/54/5 760/54/5 756/54/5
f 754/54/6 755/54/6 759/54/6 758/54/6
f 761/54/1 764/54/1 763/54/1 762/54/1
f 765/54/2 766/54/2 767/54/2 768/54/2
f 761/54/3 762/54/3 766/54/3 765/54/3
f 764/54/4 768/54/4 767/54/4 763/54/4
f 761/54/5 765/54/5 768/54/5 764/54/5
f 762/54/6 763/54/6 767/54/6 766/54/6
f 769/54/1 772/54/1 771/54/1 770/54/1
f 773/54/2 774/54/2 775/54/2 776/54/2
f 769/54/3 770/54/3 774/54/3 773/54/3
f 772/54/4 776/54/4 775/54/4 771/54/4
f 769/54/5 773/54/5 776/54/5 772/54/5
f 770/54/6 771/54/6 775/54/6 774/54/6
f 777/54/1 780/54/1 779/54/1 778/54/1
f 781/54/2 782/54/2 783/54/2 784/54/2
f 777/54/3 778/54/3 782/54/3 781/54/3
f 780/54/4 784/54/4 783/54/4 779/54/4
f 777/54/5 781/54/5 784/54/5 780/54/5
f 778/54/6 779/54/6 783/54/6 782/54/6
f 785/54/1 788/54/1 787/54/1 786/54/1
f 789/54/2 790/54/2 791/54/2 792/54/2
f 785/54/3 786/54/3 790/54/3 789/54/3
f 788/54/4 792/54/4 791/54/4 787/54/4
f 785/54/5 789/54/5 792/54/5 788/54/5
f 786/54/6 787/54/6 791/54/6 790/54/6
f 793/54/1 796/54/1 795/54/1 794/54/1
f 797/54/2 798/54/2 799/54/2 800/54/2
f 793/54/3 794/54/3 798/54/3 797/54/3
f 796/54/4 800/54/4 799/54/4 795/54/4
f 793/54/5 797/54/5 800/54/5 796/54/5
f 794/54/6 795/54/6 799/54/6 798/54/6
f 801/54/1 804/54/1 803/54/1 802/54/1
f 805/54/2 806/54/2 807/54/2 808/54/2
f 801/54/3 802/54/3 806/54/3 805/54/3
f 804/54/4 808/54/4 807/54/4 803/54/4
f 801/54/5 805/54/5 808/54/5 804/54/5
f 802/54/6 803/54/6 807/54/6 806/54/6
f 809/54/1 812/54/1 811/54/1 810/54/1
f 813/54/2 814/54/2 815/54/2 816/54/2
f 809/54/3 810/54/3 814/54/3 813/54/3
f 812/54/4 816/54/4 815/54/4 811/54/4
f 809/54/5 813/54/5 816/54/5 812/54/5
f 810/54/6 811/54/6 815/54/6 814/54/6
f 817/54/1 820/54/1 819/54/1 818/54/1
f 821/54/2 822/54/2 823/54/2 824/54/2
f 817/54/3 818/54/3 822/54/3 821/54/3
f 820/54/4 824/54/4 823/54/4 819/54/4
f 817/54/5 821/54/5 824/54/5 820/54/5
f 818/54/6 819/54/6 823/54/6 822/54/6
f 825/54/1 828/54/1 827/54/1 826/54/1
f 829/54/2 830/54/2 831/54/2 832/54/2
f 825/54/3 826/54/3 830/54/3 829/54/3
f 828/54/4 832/54/4 831/54/4 827/54/4
f 825/54/5 829/54/5 832/54/5 828/54/5
f 826/54/6 827/54/6 831/54/6 830/54/6
f 833/54/1 836/54/1 835/54/1 834/54/1
f 837/54/2 838/54/2 839/54/2 840/54/2
f 833/54/3 834/54/3 838/54/3 837/54/3
f 836/54/4 840/54/4 839/54/4 835/54/4
f 833/54/5 837/54/5 840/54/5 836/54/5
f 834/54/6 835/54/6 839/54/6 838/54/6
f 841/54/1 844/54/1 843/54/1 842/54/1
f 845/54/2 846/54/2 847/54/2 848/54/2
f 841/54/3 842/54/3 846/54/3 845/54/3
f 844/54/4 848/54/4 847/54/4 843/54/4
f 841/54/5 845/54/5 848/54/5 844/54/5
f 842/54/6 843/54/6 847/54/6 846/54/6
f 849/54/1 852/54/1 851/54/1 850/54/1
f 853/54/2 854/54/2 855/54/2 856/54/2
f 849/54/3 850/54/3 854/54/3 853/54/3
f 852/54/4 856/54/4 855/54/4 851/54/4
f 849/54/5 853/54/5 856/54/5 852/54/5
f 850/54/6 851/54/6 855/54/6 854/54/6
f 857/54/1 860/54/1 859/54/1 858/54/1
f 861/54/2 862/54/2 863/54/2 864/54/2
f 857/54/3 858/54/3 862/54/3 861/54/3
f 860/54/4 864/54/4 863/54/4 859/54/4
f 857/54/5 861/54/5 864/54/5 860/54/5
f 858/54/6 859/54/6 863/54/6 862/54/6
f 865/54/1 868/54/1 867/54/1 866/54/1
f 869/54/2 870/54/2 871/54/2 872/54/2
f 865/54/3 866/54/3 870/54/3 869/54/3
f 868/54/4 872/54/4 871/54/4 867/54/4
f 865/54/5 869/54/5 872/54/5 868/54/5
f 866/54/6 867/54/6 871/54/6 870/54/6
f 873/54/1 876/54/1 875/54/1 874/54/1
f 877/54/2 878/54/2 879/54/2 880/54/2
f 873/54/3 874/54/3 878/54/3 877/54/3
f 876/54/4 880/54/4 879/54/4 875/54/4
f 873/54/5 877/54/5 880/54/5 876/54/5
f 874/54/6 875/54/6 879/54/6 878/54/6
f 881/54/1 884/54/1 883/54/1 882/54/1
f 885/54/2 886/54/2 887/54/2 888/54/2
f 881/54/3 882/54/3 886/54/3 885/54/3
f 884/54/4 888/54/4 887/54/4 883/54/4
f 881/54/5 885/54/5 888/54/5 884/54/5
f 882/54/6 883/54/6 887/54/6 886/54/6
f 889/54/1 892/54/1 891/54/1 890/54/1
f 893/54/2 894/54/2 895/54/2 896/54/2
f 889/54/3 890/54/3 894/54/3 893/54/3
f 892/54/4 896/54/4 895/54/4 891/54/4
f 889/54/5 893/54/5 896/54/5 892/54/5
f 890/54/6 891/54/6 895/54/6 894/54/6
f 897/54/1 900/54/1 899/54/1 898/54/1
f 901/54/2 902/54/2 903/54/2 904/54/2
f 897/54/3 898/54/3 902/54/3 901/54/3
f 900/54/4 904/54/4 903/54/4 899/54/4
f 897/54/5 901/54/5 904/54/5 900/54/5
f 898/54/6 899/54/6 903/54/6 902/54/6
f 905/54/1 908/54/1 907/54/1 906/54/1
f 909/54/2 910/54/2 911/54/2 912/54/2
f 905/54/3 906/54/3 910/54/3 909/54/3
f 908/54/4 912/54/4 911/54/4 907/54/4
f 905/54/5 909/54/5 912/54/5 908/54/5
f 906/54/6 907/54/6 911/54/6 910/54/6
f 913/54/1 916/54/1 915/54/1 914/54/1
f 917/54/2 918/54/2 919/54/2 920/54/2
f 913/54/3 914/54/3 918/54/3 917/54/3
f 916/54/4 920/54/4 919/54/4 915/54/4
f 913/54/5 917/54/5 920/54/5 916/54/5
f 914/54/6 915/54/6 919/54/6 918/54/6
f 921/54/1 924/54/1 923/54/1 922/54/1
f 925/54/2 926/54/2 927/54/2 928/54/2
f 921/54/3 922/54/3 926/54/3 925/54/3
f 924/54/4 928/54/4 927/54/4 923/54/4
f 921/54/5 925/54/5 928/54/5 924/54/5
f 922/54/6 923/54/6 927/54/6 926/54/6
f 929/54/1 932/54/1 931/54/1 930/54/1
f 933/54/2 934/54/2 935/54/2 936/54/2
f 929/54/3 930/54/3 934/54/3 933/54/3
f 932/54/4 936/54/4 935/54/4 931/54/4
f 929/54/5 933/54/5 936/54/5 932/54/5
f 930/54/6 931/54/6 935/54/6 934/54/6
f 937/54/1 940/54/1 939/54/1 938/54/1
f 941/54/2 942/54/2 943/54/2 944/54/2
f 937/54/3 938/54/3 942/54/3 941/54/3
f 940/54/4 944/54/4 943/54/4 939/54/4
f 937/54/5 941/54/5 944/54/5 940/54/5
f 938/54/6 939/54/6 943/54/6 942/54/6
f 945/54/1 948/54/1 947/54/1 946/54/1
f 949/54/2 950/54/2 951/54/2 952/54/2
f 945/54/3 946/54/3 950/54/3 949/54/3
f 948/54/4 952/54/4 951/54/4 947/54/4
f 945/54/5 949/54/5 952/54/5 948/54/5
f 946/54/6 947/54/6 951/54/6 950/54/6
f 953/54/1 956/54/1 955/54/1 954/54/1
f 957/54/2 958/54/2 959/54/2 960/54/2
f 953/54/3 954/54/3 958/54/3 957/54/3
f 956/54/4 960/54/4 959/54/4 955/54/4
f 953/54/5 957/54/5 960/54/5 956/54/5
f 954/54/6 955/54/6 959/54/6 958/54/6
f 961/54/1 964/54/1 963/54/1 962/54/1
f 965/54/2 966/54/2 967/54/2 968/54/2
f 961/54/3 962/54/3 966/54/3 965/54/3
f 964/54/4 968/54/4 967/54/4 963/54/4
f 961/54/5 965/54/5 968/54/5 964/54/5
f 962/54/6 963/54/6 967/54/6 966/54/6
f 969/54/1 972/54/1 971/54/1 970/54/1
f 973/54/2 974/54/2 975/54/2 976/54/2
f 969/54/3 970/54/3 974/54/3 973/54/3
f 972/54/4 976/54/4 975/54/4 971/54/4
f 969/54/5 973/54/5 976/54/5 972/54/5
f 970/54/6 971/54/6 975/54/6 974/54/6
f 977/54/1 980/54/1 979/54/1 978/54/1
f 981/54/2 982/54/2 983/54/2 984/54/2
f 977/54/3 978/54/3 982/54/3 981/54/3
f 980/54/4 984/54/4 983/54/4 979/54/4
f 977/54/5 981/54/5 984/54/5 980/54/5
f 978/54/6 979/54/6 983/54/6 982/54/6
f 985/54/1 988/54/1 987/54/1 986/54/1
f 989/54/2 990/54/2 991/54/2 992/54/2
f 985/54/3 986/54/3 990/54/3 989/54/3
f 988/54/4 992/54/4 991/54/4 987/54/4
f 985/54/5 989/54/5 992/54/5 988/54/5
f 986/54/6 987/54/6 991/54/6 990/54/6
f 993/54/1 996/54/1 995/54/1 994/54/1
f 997/54/2 998/54/2 999/54/2 1000/54/2
f 993/54/3 994/54/3 998/54/3 997/54/3
f 996/54/4 1000/54/4 999/54/4 995/54/4
f 993/54/5 997/54/5 1000/54/5 996/54/5
f 994/54/6 995/54/6 999/54/6 998/54/6
f 1001/54/1 1004/54/1 1003/54/1 1002/54/1
f 1005/54/2 1006/54/2 1007/54/2 1008/54/2
f 1001/54/3 1002/54/3 1006/54/3 1005/54/3
f 1004/54/4 1008/54/4 1007/54/4 1003/54/4
f 1001/54/5 1005/54/5 1008/54/5 1004/54/5
f 1002/54/6 1003/54/6 1007/54/6 1006/54/6
f 1009/39/1 1012/39/1 1011/39/1 1010/39/1
f 1013/39/2 1014/39/2 1015/39/2 1016/39/2
f 1009/39/3 1010/39/3 1014/39/3 1013/39/3
f 1012/39/4 1016/39/4 1015/39/4 1011/39/4
f 1009/39/5 1013/39/5 1016/39/5 1012/39/5
f 1010/39/6 1011/39/6 1015/39/6 1014/39/6
f 1017/39/1 1020/39/1 1019/39/1 1018/39/1
f 1021/39/2 1022/39/2 1023/39/2 1024/39/2
f 1017/39/3 1018/39/3 1022/39/3 1021/39/3
f 1020/39/4 1024/39/4 1023/39/4 1019/39/4
f 1017/39/5 1021/39/5 1024/39/5 1020/39/5
f 1018/39/6 1019/39/6 1023/39/6 1022/39/6
f 1025/30/1 1028/30/1 1027/30/1 1026/30/1
f 1029/30/2 1030/30/2 1031/30/2 1032/30/2
f 1025/30/3 1026/30/3 1030/30/3 1029/30/3
f 1028/30/4 1032/30/4 1031/30/4 1027/30/4
f 1025/30/5 1029/30/5 1032/30/5 1028/30/5
f 1026/30/6 1027/30/6 1031/30/6 1030/30/6
f 1033/30/1 1036/30/1 1035/30/1 1034/30/1
f 1037/30/2 1038/30/2 1039/30/2 1040/30/2
f 1033/30/3 1034/30/3 1038/30/3 1037/30/3
f 1036/30/4 1040/30/4 1039/30/4 1035/30/4
f 1033/30/5 1037/30/5 1040/30/5 1036/30/5
f 1034/30/6 1035/30/6 1039/30/6 1038/30/6
f 1041/54/1 1044/54/1 1043/54/1 1042/54/1
f 1045/54/2 1046/54/2 1047/54/2 1048/54/2
f 1041/54/3 1042/54/3 1046/54/3 1045/54/3
f 1044/54/4 1048/54/4 1047/54/4 1043/54/4
f 1041/54/5 1045/54/5 1048/54/5 1044/54/5
f 1042/54/6 1043/54/6 1047/54/6 1046/54/6
f 1049/54/1 1052/54/1 1051/54/1 1050/54/1
f 1053/54/2 1054/54/2 1055/54/2 1056/54/2
f 1049/54/3 1050/54/3 1054/54/3 1053/54/3
f 1052/54/4 1056/54/4 1055/54/4 1051/54/4
f 1049/54/5 1053/54/5 1056/54/5 1052/54/5
f 1050/54/6 1051/54/6 1055/54/6 1054/54/6
f 1057/54/1 1060/54/1 1059/54/1 1058/54/1
f 1061/54/2 1062/54/2 1063/54/2 1064/54/2
f 1057/54/3 1058/54/3 1062/54/3 1061/54/3
f 1060/54/4 1064/54/4 1063/54/4 1059/54/4
f 1057/54/5 1061/54/5 1064/54/5 1060/54/5
f 1058/54/6 1059/54/6 1063/54/6 1062/54/6
f 1065/54/1 1068/54/1 1067/54/1 1066/54/1
f 1069/54/2 1070/54/2 1071/54/2 1072/54/2
f 1065/54/3 1066/54/3 1070/54/3 1069/54/3
f 1068/54/4 1072/54/4 1071/54/4 1067/54/4
f 1065/54/5 1069/54/5 1072/54/5 1068/54/5
f 1066/54/6 1067/54/6 1071/54/6 1070/54/6
f 1073/45/1 1076/45/1 1075/45/1 1074/45/1
f 1077/45/2 1078/45/2 1079/45/2 1080/45/2
f 1073/45/3 1074/45/3 1078/45/3 1077/45/3
f 1076/45/4 1080/45/4 1079/45/4 1075/45/4
f 1073/45/5 1077/45/5 1080/45/5 1076/45/5
f 1074/45/6 1075/45/6 1079/45/6 1078/45/6
f 1081/45/1 1084/45/1 1083/45/1 1082/45/1
f 1085/45/2 1086/45/2 1087/45/2 1088/45/2
f 1081/45/3 1082/45/3 1086/45/3 1085/45/3
f 1084/45/4 1088/45/4 1087/45/4 1083/45/4
f 1081/45/5 1085/45/5 1088/45/5 1084/45/5
f 1082/45/6 1083/45/6 1087/45/6 1086/45/6
f 1089/54/1 1092/54/1 1091/54/1 1090/54/1
f 1093/54/2 1094/54/2 1095/54/2 1096/54/2
f 1089/54/3 1090/54/3 1094/54/3 1093/54/3
f 1092/54/4 1096/54/4 1095/54/4 1091/54/4
f 1089/54/5 1093/54/5 1096/54/5 1092/54/5
f 1090/54/6 1091/54/6 1095/54/6 1094/54/6
f 1097/54/1 1100/54/1 1099/54/1 1098/54/1
f 1101/54/2 1102/54/2 1103/54/2 1104/54/2
f 1097/54/3 1098/54/3 1102/54/3 1101/54/3
f 1100/54/4 1104/54/4 1103/54/4 1099/54/4
f 1097/54/5 1101/54/5 1104/54/5 1100/54/5
f 1098/54/6 1099/54/6 1103/54/6 1102/54/6
f 1105/54/1 1108/54/1 1107/54/1 1106/54/1
f 1109/54/2 1110/54/2 1111/54/2 1112/54/2
f 1105/54/3 1106/54/3 1110/54/3 1109/54/3
f 1108/54/4 1112/54/4 1111/54/4 1107/54/4
f 1105/54/5 1109/54/5 1112/54/5 1108/54/5
f 1106/54/6 1107/54/6 1111/54/6 1110/54/6
f 1113/54/1 1116/54/1 1115/54/1 1114/54/1
f 1117/54/2 1118/54/2 1119/54/2 1120/54/2
f 1113/54/3 1114/54/3 1118/54/3 1117/54/3
f 1116/54/4 1120/54/4 1119/54/4 1115/54/4
f 1113/54/5 1117/54/5 1120/54/5 1116/54/5
f 1114/54/6 1115/54/6 1119/54/6 1118/54/6
f 1121/54/1 1124/54/1 1123/54/1 1122/54/1
f 1125/54/2 1126/54/2 1127/54/2 1128/54/2
f 1121/54/3 1122/54/3 1126/54/3 1125/54/3
f 1124/54/4 1128/54/4 1127/54/4 1123/54/4
f 1121/54/5 1125/54/5 1128/54/5 1124/54/5
f 1122/54/6 1123/54/6 1127/54/6 1126/54/6
f 1129/54/1 1132/54/1 1131/54/1 1130/54/1
f 1133/54/2 1134/54/2 1135/54/2 1136/54/2
f 1129/54/3 1130/54/3 1134/54/3 1133/54/3
f 1132/54/4 1136/54/4 1135/54/4 1131/54/4
f 1129/54/5 1133/54/5 1136/54/5 1132/54/5
f 1130/54/6 1131/54/6 1135/54/6 1134/54/6
f 1137/54/1 1140/54/1 1139/54/1 1138/54/1
f 1141/54/2 1142/54/2 1143/54/2 1144/54/2
f 1137/54/3 1138/54/3 1142/54/3 1141/54/3
f 1140/54/4 1144/54/4 1143/54/4 1139/54/4
f 1137/54/5 1141/54/5 1144/54/5 1140/54/5
f 1138/54/6 1139/54/6 1143/54/6 1142/54/6
f 1145/54/1 1148/54/1 1147/54/1 1146/54/1
f 1149/54/2 1150/54/2 1151/54/2 1152/54/2
f 1145/54/3 1146/54/3 1150/54/3 1149/54/3
f 1148/54/4 1152/54/4 1151/54/4 1147/54/4
f 1145/54/5 1149/54/5 1152/54/5 1148/54/5
f 1146/54/6 1147/54/6 1151/54/6 1150/54/6
f 1153/54/1 1156/54/1 1155/54/1 1154/54/1
f 1157/54/2 1158/54/2 1159/54/2 1160/54/2
f 1153/54/3 1154/54/3 1158/54/3 1157/54/3
f 1156/54/4 1160/54/4 1159/54/4 1155/54/4
f 1153/54/5 1157/54/5 1160/54/5 1156/54/5
f 1154/54/6 1155/54/6 1159/54/6 1158/54/6
f 1161/54/1 1164/54/1 1163/54/1 1162/54/1
f 1165/54/2 1166/54/2 1167/54/2 1168/54/2
f 1161/54/3 1162/54/3 1166/54/3 1165/54/3
f 1164/54/4 1168/54/4 1167/54/4 1163/54/4
f 1161/54/5 1165/54/5 1168/54/5 1164/54/5
f 1162/54/6 1163/54/6 1167/54/6 1166/54/6
f 1169/54/1 1172/54/1 1171/54/1 1170/54/1
f 1173/54/2 1174/54/2 1175/54/2 1176/54/2
f 1169/54/3 1170/54/3 1174/54/3 1173/54/3
f 1172/54/4 1176/54/4 1175/54/4 1171/54/4
f 1169/54/5 1173/54/5 1176/54/5 1172/54/5
f 1170/54/6 1171/54/6 1175/54/6 1174/54/6
f 1177/54/1 1180/54/1 1179/54/1 1178/54/1
f 1181/54/2 1182/54/2 1183/54/2 1184/54/2
f 1177/54/3 1178/54/3 1182/54/3 1181/54/3
f 1180/54/4 1184/54/4 1183/54/4 1179/54/4
f 1177/54/5 1181/54/5 1184/54/5 1180/54/5
f 1178/54/6 1179/54/6 1183/54/6 1182/54/6
f 1185/54/1 1188/54/1 1187/54/1 1186/54/1
f 1189/54/2 1190/54/2 1191/54/2 1192/54/2
f 1185/54/3 1186/54/3 1190/54/3 1189/54/3
f 1188/54/4 1192/54/4 1191/54/4 1187/54/4
f 1185/54/5 1189/54/5 1192/54/5 1188/54/5
f 1186/54/6 1187/54/6 1191/54/6 1190/54/6
f 1193/54/1 1196/54/1 1195/54/1 1194/54/1
f 1197/54/2 1198/54/2 1199/54/2 1200/54/2
f 1193/54/3 1194/54/3 1198/54/3 1197/54/3
f 1196/54/4 1200/54/4 1199/54/4 1195/54/4
f 1193/54/5 1197/54/5 1200/54/5 1196/54/5
f 1194/54/6 1195/54/6 1199/54/6 1198/54/6
f 1201/54/1 1204/54/1 1203/54/1 1202/54/1
f 1205/54/2 1206/54/2 1207/54/2 1208/54/2
f 1201/54/3 1202/54/3 1206/54/3 1205/54/3
f 1204/54/4 1208/54/4 1207/54/4 1203/54/4
f 1201/54/5 1205/54/5 1208/54/5 1204/54/5
f 1202/54/6 1203/54/6 1207/54/6 1206/54/6
f 1209/54/1 1212/54/1 1211/54/1 1210/54/1
f 1213/54/2 1214/54/2 1215/54/2 1216/54/2
f 1209/54/3 1210/54/3 1214/54/3 1213/54/3
f 1212/54/4 1216/54/4 1215/54/4 1211/54/4
f 1209/54/5 1213/54/5 1216/54/5 1212/54/5
f 1210/54/6 1211/54/6 1215/54/6 1214/54/6
f 1217/54/1 1220/54/1 1219/54/1 1218/54/1
f 1221/54/2 1222/54/2 1223/54/2 1224/54/2
f 1217/54/3 1218/54/3 1222/54/3 1221/54/3
f 1220/54/4 1224/54/4 1223/54/4 1219/54/4
f 1217/54/5 1221/54/5 1224/54/5 1220/54/5
f 1218/54/6 1219/54/6 1223/54/6 1222/54/6
f 1225/54/1 1228/54/1 1227/54/1 1226/54/1
f 1229/54/2 1230/54/2 1231/54/2 1232/54/2
f 1225/54/3 1226/54/3 1230/54/3 1229/54/3
f 1228/54/4 1232/54/4 1231/54/4 1227/54/4
f 1225/54/5 1229/54/5 1232/54/5 1228/54/5
f 1226/54/6 1227/54/6 1231/54/6 1230/54/6
f 1233/54/1 1236/54/1 1235/54/1 1234/54/1
f 1237/54/2 1238/54/2 1239/54/2 1240/54/2
f 1233/54/3 1234/54/3 1238/54/3 1237/54/3
f 1236/54/4 1240/54/4 1239/54/4 1235/54/4
f 1233/54/5 1237/54/5 1240/54/5 1236/54/5
f 1234/54/6 1235/54/6 1239/54/6 1238/54/6
f 1241/54/1 1244/54/1 1243/54/1 1242/54/1
f 1245/54/2 1246/54/2 1247/54/2 1248/54/2
f 1241/54/3 1242/54/3 1246/54/3 1245/54/3
f 1244/54/4 1248/54/4 1247/54/4 1243/54/4
f 1241/54/5 1245/54/5 1248/54/5 1244/54/5
f 1242/54/6 1243/54/6 1247/54/6 1246/54/6
f 1249/54/1 1252/54/1 1251/54/1 1250/54/1
f 1253/54/2 1254/54/2 1255/54/2 1256/54/2
f 1249/54/3 1250/54/3 1254/54/3 1253/54/3
f 1252/54/4 1256/54/4 1255/54/4 1251/54/4
f 1249/54/5 1253/54/5 1256/54/5 1252/54/5
f 1250/54/6 1251/54/6 1255/54/6 1254/54/6
f 1257/54/1 1260/54/1 1259/54/1 1258/54/1
f 1261/54/2 1262/54/2 1263/54/2 1264/54/2
f 1257/54/3 1258/54/3 1262/54/3 1261/54/3
f 1260/54/4 1264/54/4 1263/54/4 1259/54/4
f 1257/54/5 1261/54/5 1264/54/5 1260/54/5
f 1258/54/6 1259/54/6 1263/54/6 1262/54/6
f 1265/54/1 1268/54/1 1267/54/1 1266/54/1
f 1269/54/2 1270/54/2 1271/54/2 1272/54/2
f 1265/54/3 1266/54/3 1270/54/3 1269/54/3
f 1268/54/4 1272/54/4 1271/54/4 1267/54/4
f 1265/54/5 1269/54/5 1272/54/5 1268/54/5
f 1266/54/6 1267/54/6 1271/54/6 1270/54/6
f 1273/54/1 1276/54/1 1275/54/1 1274/54/1
f 1277/54/2 1278/54/2 1279/54/2 1280/54/2
f 1273/54/3 1274/54/3 1278/54/3 1277/54/3
f 1276/54/4 1280/54/4 1279/54/4 1275/54/4
f 1273/54/5 1277/54/5 1280/54/5 1276/54/5
f 1274/54/6 1275/54/6 1279/54/6 1278/54/6
f 1281/54/1 1284/54/1 1283/54/1 1282/54/1
f 1285/54/2 1286/54/2 1287/54/2 1288/54/2
f 1281/54/3 1282/54/3 1286/54/3 1285/54/3
f 1284/54/4 1288/54/4 1287/54/4 1283/54/4
f 1281/54/5 1285/54/5 1288/54/5 1284/54/5
f 1282/54/6 1283/54/6 1287/54/6 1286/54/6
f 1289/54/1 1292/54/1 1291/54/1 1290/54/1
f 1293/54/2 1294/54/2 1295/54/2 1296/54/2
f 1289/54/3 1290/54/3 1294/54/3 1293/54/3
f 1292/54/4 1296/54/4 1295/54/4 1291/54/4
f 1289/54/5 1293/54/5 1296/54/5 1292/54/5
f 1290/54/6 1291/54/6 1295/54/6 1294/54/6
f 1297/54/1 1300/54/1 1299/54/1 1298/54/1
f 1301/54/2 1302/54/2 1303/54/2 1304/54/2
f 1297/54/3 1298/54/3 1302/54/3 1301/54/3
f 1300/54/4 1304/54/4 1303/54/4 1299/54/4
f 1297/54/5 1301/54/5 1304/54/5 1300/54/5
f 1298/54/6 1299/54/6 1303/54/6 1302/54/6
f 1305/54/1 1308/54/1 1307/54/1 1306/54/1
f 1309/54/2 1310/54/2 1311/54/2 1312/54/2
f 1305/54/3 1306/54/3 1310/54/3 1309/54/3
f 1308/54/4 1312/54/4 1311/54/4 1307/54/4
f 1305/54/5 1309/54/5 1312/54/5 1308/54/5
f 1306/54/6 1307/54/6 1311/54/6 1310/54/6
f 1313/54/1 1316/54/1 1315/54/1 1314/54/1
f 1317/54/2 1318/54/2 1319/54/2 1320/54/2
f 1313/54/3 1314/54/3 1318/54/3 1317/54/3
f 1316/54/4 1320/54/4 1319/54/4 1315/54/4
f 1313/54/5 1317/54/5 1320/54/5 1316/54/5
f 1314/54/6 1315/54/6 1319/54/6 1318/54/6
f 1321/54/1 1324/54/1 1323/54/1 1322/54/1
f 1325/54/2 1326/54/2 1327/54/2 1328/54/2
f 1321/54/3 1322/54/3 1326/54/3 1325/54/3
f 1324/54/4 1328/54/4 1327/54/4 1323/54/4
f 1321/54/5 1325/54/5 1328/54/5 1324/54/5
f 1322/54/6 1323/54/6 1327/54/6 1326/54/6
f 1329/54/1 1332/54/1 1331/54/1 1330/54/1
f 1333/54/2 1334/54/2 1335/54/2 1336/54/2
f 1329/54/3 1330/54/3 1334/54/3 1333/54/3
f 1332/54/4 1336/54/4 1335/54/4 1331/54/4
f 1329/54/5 1333/54/5 1336/54/5 1332/54/5
f 1330/54/6 1331/54/6 1335/54/6 1334/54/6
f 1337/54/1 1340/54/1 1339/54/1 1338/54/1
f 1341/54/2 1342/54/2 1343/54/2 1344/54/2
f 1337/54/3 1338/54/3 1342/54/3 1341/54/3
f 1340/54/4 1344/54/4 1343/54/4 1339/54/4
f 1337/54/5 1341/54/5 1344/54/5 1340/54/5
f 1338/54/6 1339/54/6 1343/54/6 1342/54/6
f 1345/54/1 1348/54/1 1347/54/1 1346/54/1
f 1349/54/2 1350/54/2 1351/54/2 1352/54/2
f 1345/54/3 1346/54/3 1350/54/3 1349/54/3
f 1348/54/4 1352/54/4 1351/54/4 1347/54/4
f 1345/54/5 1349/54/5 1352/54/5 1348/54/5
f 1346/54/6 1347/54/6 1351/54/6 1350/54/6
f 1353/54/1 1356/54/1 1355/54/1 1354/54/1
f 1357/54/2 1358/54/2 1359/54/2 1360/54/2
f 1353/54/3 1354/54/3 1358/54/3 1357/54/3
f 1356/54/4 1360/54/4 1359/54/4 1355/54/4
f 1353/54/5 1357/54/5 1360/54/5 1356/54/5
f 1354/54/6 1355/54/6 1359/54/6 1358/54/6
f 1361/54/1 1364/54/1 1363/54/1 1362/54/1
f 1365/54/2 1366/54/2 1367/54/2 1368/54/2
f 1361/54/3 1362/54/3 1366/54/3 1365/54/3
f 1364/54/4 1368/54/4 1367/54/4 1363/54/4
f 1361/54/5 1365/54/5 1368/54/5 1364/54/5
f 1362/54/6 1363/54/6 1367/54/6 1366/54/6
f 1369/54/1 1372/54/1 1371/54/1 1370/54/1
f 1373/54/2 1374/54/2 1375/54/2 1376/54/2
f 1369/54/3 1370/54/3 1374/54/3 1373/54/3
f 1372/54/4 1376/54/4 1375/54/4 1371/54/4
f 1369/54/5 1373/54/5 1376/54/5 1372/54/5
f 1370/54/6 1371/54/6 1375/54/6 1374/54/6
f 1377/39/1 1380/39/1 1379/39/1 1378/39/1
f 1381/39/2 1382/39/2 1383/39/2 1384/39/2
f 1377/39/3 1378/39/3 1382/39/3 1381/39/3
f 1380/39/4 1384/39/4 1383/39/4 1379/39/4
f 1377/39/5 1381/39/5 1384/39/5 1380/39/5
f 1378/39/6 1379/39/6 1383/39/6 1382/39/6
f 1385/39/1 1388/39/1 1387/39/1 1386/39/1
f 1389/39/2 1390/39/2 1391/39/2 1392/39/2
f 1385/39/3 1386/39/3 1390/39/3 1389/39/3
f 1388/39/4 1392/39/4 1391/39/4 1387/39/4
f 1385/39/5 1389/39/5 1392/39/5 1388/39/5
f 1386/39/6 1387/39/6 1391/39/6 1390/39/6
f 1393/30/1 1396/30/1 1395/30/1 1394/30/1
f 1397/30/2 1398/30/2 1399/30/2 1400/30/2
f 1393/30/3 1394/30/3 1398/30/3 1397/30/3
f 1396/30/4 1400/30/4 1399/30/4 1395/30/4
f 1393/30/5 1397/30/5 1400/30/5 1396/30/5
f 1394/30/6 1395/30/6 1399/30/6 1398/30/6
f 1401/30/1 1404/30/1 1403/30/1 1402/30/1
f 1405/30/2 1406/30/2 1407/30/2 1408/30/2
f 1401/30/3 1402/30/3 1406/30/3 1405/30/3
f 1404/30/4 1408/30/4 1407/30/4 1403/30/4
f 1401/30/5 1405/30/5 1408/30/5 1404/30/5
f 1402/30/6 1403/30/6 1407/30/6 1406/30/6
f 1409/54/1 1412/54/1 1411/54/1 1410/54/1
f 1413/54/2 1414/54/2 1415/54/2 1416/54/2
f 1409/54/3 1410/54/3 1414/54/3 1413/54/3
f 1412/54/4 1416/54/4 1415/54/4 1411/54/4
f 1409/54/5 1413/54/5 1416/54/5 1412/54/5
f 1410/54/6 1411/54/6 1415/54/6 1414/54/6
f 1417/54/1 1420/54/1 1419/54/1 1418/54/1
f 1421/54/2 1422/54/2 1423/54/2 1424/54/2
f 1417/54/3 1418/54/3 1422/54/3 1421/54/3
f 1420/54/4 1424/54/4 1423/54/4 1419/54/4
f 1417/54/5 1421/54/5 1424/54/5 1420/54/5
f 1418/54/6 1419/54/6 1423/54/6 1422/54/6
f 1425/54/1 1428/54/1 1427/54/1 1426/54/1
f 1429/54/2 1430/54/2 1431/54/2 1432/54/2
f 1425/54/3 1426/54/3 1430/54/3 1429/54/3
f 1428/54/4 1432/54/4 1431/54/4 1427/54/4
f 1425/54/5 1429/54/5 1432/54/5 1428/54/5
f 1426/54/6 1427/54/6 1431/54/6 1430/54/6
f 1433/54/1 1436/54/1 1435/54/1 1434/54/1
f 1437/54/2 1438/54/2 1439/54/2 1440/54/2
f 1433/54/3 1434/54/3 1438/54/3 1437/54/3
f 1436/54/4 1440/54/4 1439/54/4 1435/54/4
f 1433/54/5 1437/54/5 1440/54/5 1436/54/5
f 1434/54/6 1435/54/6 1439/54/6 1438/54/6
f 1441/45/1 1444/45/1 1443/45/1 1442/45/1
f 1445/45/2 1446/45/2 1447/45/2 1448/45/2
f 1441/45/3 1442/45/3 1446/45/3 1445/45/3
f 1444/45/4 1448/45/4 1447/45/4 1443/45/4
f 1441/45/5 1445/45/5 1448/45/5 1444/45/5
f 1442/45/6 1443/45/6 1447/45/6 1446/45/6
f 1449/45/1 1452/45/1 1451/45/1 1450/45/1
f 1453/45/2 1454/45/2 1455/45/2 1456/45/2
f 1449/45/3 1450/45/3 1454/45/3 1453/45/3
f 1452/45/4 1456/45/4 1455/45/4 1451/45/4
f 1449/45/5 1453/45/5 1456/45/5 1452/45/5
f 1450/45/6 1451/45/6 1455/45/6 1454/45/6
f 1457/54/1 1460/54/1 1459/54/1 1458/54/1
f 1461/54/2 1462/54/2 1463/54/2 1464/54/2
f 1457/54/3 1458/54/3 1462/54/3 1461/54/3
f 1460/54/4 1464/54/4 1463/54/4 1459/54/4
f 1457/54/5 1461/54/5 1464/54/5 1460/54/5
f 1458/54/6 1459/54/6 1463/54/6 1462/54/6
f 1465/54/1 1468/54/1 1467/54/1 1466/54/1
f 1469/54/2 1470/54/2 1471/54/2 1472/54/2
f 1465/54/3 1466/54/3 1470/54/3 1469/54/3
f 1468/54/4 1472/54/4 1471/54/4 1467/54/4
f 1465/54/5 1469/54/5 1472/54/5 1468/54/5
f 1466/54/6 1467/54/6 1471/54/6 1470/54/6
f 1473/54/1 1476/54/1 1475/54/1 1474/54/1
f 1477/54/2 1478/54/2 1479/54/2 1480/54/2
f 1473/54/3 1474/54/3 1478/54/3 1477/54/3
f 1476/54/4 1480/54/4 1479/54/4 1475/54/4
f 1473/54/5 1477/54/5 1480/54/5 1476/54/5
f 1474/54/6 1475/54/6 1479/54/6 1478/54/6
f 1481/54/1 1484/54/1 1483/54/1 1482/54/1
f 1485/54/2 1486/54/2 1487/54/2 1488/54/2
f 1481/54/3 1482/54/3 1486/54/3 1485/54/3
f 1484/54/4 1488/54/4 1487/54/4 1483/54/4
f 1481/54/5 1485/54/5 1488/54/5 1484/54/5
f 1482/54/6 1483/54/6 1487/54/6 1486/54/6
f 1489/54/1 1492/54/1 1491/54/1 1490/54/1
f 1493/54/2 1494/54/2 1495/54/2 1496/54/2
f 1489/54/3 1490/54/3 1494/54/3 1493/54/3
f 1492/54/4 1496/54/4 1495/54/4 1491/54/4
f 1489/54/5 1493/54/5 1496/54/5 1492/54/5
f 1490/54/6 1491/54/6 1495/54/6 1494/54/6
f 1497/54/1 1500/54/1 1499/54/1 1498/54/1
f 1501/54/2 1502/54/2 1503/54/2 1504/54/2
f 1497/54/3 1498/54/3 1502/54/3 1501/54/3
f 1500/54/4 1504/54/4 1503/54/4 1499/54/4
f 1497/54/5 1501/54/5 1504/54/5 1500/54/5
f 1498/54/6 1499/54/6 1503/54/6 1502/54/6
f 1505/54/1 1508/54/1 1507/54/1 1506/54/1
f 1509/54/2 1510/54/2 1511/54/2 1512/54/2
f 1505/54/3 1506/54/3 1510/54/3 1509/54/3
f 1508/54/4 1512/54/4 1511/54/4 1507/54/4
f 1505/54/5 1509/54/5 1512/54/5 1508/54/5
f 1506/54/6 1507/54/6 1511/54/6 1510/54/6
f 1513/54/1 1516/54/1 1515/54/1 1514/54/1
f 1517/54/2 1518/54/2 1519/54/2 1520/54/2
f 1513/54/3 1514/54/3 1518/54/3 1517/54/3
f 1516/54/4 1520/54/4 1519/54/4 1515/54/4
f 1513/54/5 1517/54/5 1520/54/5 1516/54/5
f 1514/54/6 1515/54/6 1519/54/6 1518/54/6
f 1521/54/1 1524/54/1 1523/54/1 1522/54/1
f 1525/54/2 1526/54/2 1527/54/2 1528/54/2
f 1521/54/3 1522/54/3 1526/54/3 1525/54/3
f 1524/54/4 1528/54/4 1527/54/4 1523/54/4
f 1521/54/5 1525/54/5 1528/54/5 1524/54/5
f 1522/54/6 1523/54/6 1527/54/6 1526/54/6
f 1529/54/1 1532/54/1 1531/54/1 1530/54/1
f 1533/54/2 1534/54/2 1535/54/2 1536/54/2
f 1529/54/3 1530/54/3 1534/54/3 1533/54/3
f 1532/54/4 1536/54/4 1535/54/4 1531/54/4
f 1529/54/5 1533/54/5 1536/54/5 1532/54/5
f 1530/54/6 1531/54/6 1535/54/6 1534/54/6
f 1537/54/1 1540/54/1 1539/54/1 1538/54/1
f 1541/54/2 1542/54/2 1543/54/2 1544/54/2
f 1537/54/3 1538/54/3 1542/54/3 1541/54/3
f 1540/54/4 1544/54/4 1543/54/4 1539/54/4
f 1537/54/5 1541/54/5 1544/54/5 1540/54/5
f 1538/54/6 1539/54/6 1543/54/6 1542/54/6
f 1545/54/1 1548/54/1 1547/54/1 1546/54/1
f 1549/54/2 1550/54/2 1551/54/2 1552/54/2
f 1545/54/3 1546/54/3 1550/54/3 1549/54/3
f 1548/54/4 1552/54/4 1551/54/4 1547/54/4
f 1545/54/5 1549/54/5 1552/54/5 1548/54/5
f 1546/54/6 1547/54/6 1551/54/6 1550/54/6
f 1553/54/1 1556/54/1 1555/54/1 1554/54/1
f 1557/54/2 1558/54/2 1559/54/2 1560/54/2
f 1553/54/3 1554/54/3 1558/54/3 1557/54/3
f 1556/54/4 1560/54/4 1559/54/4 1555/54/4
f 1553/54/5 1557/54/5 1560/54/5 1556/54/5
f 1554/54/6 1555/54/6 1559/54/6 1558/54/6
f 1561/54/1 1564/54/1 1563/54/1 1562/54/1
f 1565/54/2 1566/54/2 1567/54/2 1568/54/2
f 1561/54/3 1562/54/3 1566/54/3 1565/54/3
f 1564/54/4 1568/54/4 1567/54/4 1563/54/4
f 1561/54/5 1565/54/5 1568/54/5 1564/54/5
f 1562/54/6 1563/54/6 1567/54/6 1566/54/6
f 1569/54/1 1572/54/1 1571/54/1 1570/54/1
f 1573/54/2 1574/54/2 1575/54/2 1576/54/2
f 1569/54/3 1570/54/3 1574/54/3 1573/54/3
f 1572/54/4 1576/54/4 1575/54/4 1571/54/4
f 1569/54/5 1573/54/5 1576/54/5 1572/54/5
f 1570/54/6 1571/54/6 1575/54/6 1574/54/6
f 1577/54/1 1580/54/1 1579/54/1 1578/54/1
f 1581/54/2 1582/54/2 1583/54/2 1584/54/2
f 1577/54/3 1578/54/3 1582/54/3 1581/54/3
f 1580/54/4 1584/54/4 1583/54/4 1579/54/4
f 1577/54/5 1581/54/5 1584/54/5 1580/54/5
f 1578/54/6 1579/54/6 1583/54/6 1582/54/6
f 1585/54/1 1588/54/1 1587/54/1 1586/54/1
f 1589/54/2 1590/54/2 1591/54/2 1592/54/2
f 1585/54/3 1586/54/3 1590/54/3 1589/54/3
f 1588/54/4 1592/54/4 1591/54/4 1587/54/4
f 1585/54/5 1589/54/5 1592/54/5 1588/54/5
f 1586/54/6 1587/54/6 1591/54/6 1590/54/6
f 1593/54/1 1596/54/1 1595/54/1 1594/54/1
f 1597/54/2 1598/54/2 1599/54/2 1600/54/2
f 1593/54/3 1594/54/3 1598/54/3 1597/54/3
f 1596/54/4 1600/54/4 1599/54/4 1595/54/4
f 1593/54/5 1597/54/5 1600/54/5 1596/54/5
f 1594/54/6 1595/54/6 1599/54/6 1598/54/6
f 1601/54/1 1604/54/1 1603/54/1 1602/54/1
f 1605/54/2 1606/54/2 1607/54/2 1608/54/2
f 1601/54/3 1602/54/3 1606/54/3 1605/54/3
f 1604/54/4 1608/54/4 1607/54/4 1603/54/4
f 1601/54/5 1605/54/5 1608/54/5 1604/54/5
f 1602/54/6 1603/54/6 1607/54/6 1606/54/6
f 1609/54/1 1612/54/1 1611/54/1 1610/54/1
f 1613/54/2 1614/54/2 1615/54/2 1616/54/2
f 1609/54/3 1610/54/3 1614/54/3 1613/54/3
f 1612/54/4 1616/54/4 1615/54/4 1611/54/4
f 1609/54/5 1613/54/5 1616/54/5 1612/54/5
f 1610/54/6 1611/54/6 1615/54/6 1614/54/6
f 1617/54/1 1620/54/1 1619/54/1 1618/54/1
f 1621/54/2 1622/54/2 1623/54/2 1624/54/2
f 1617/54/3 1618/54/3 1622/54/3 1621/54/3
f 1620/54/4 1624/54/4 1623/54/4 1619/54/4
f 1617/54/5 1621/54/5 1624/54/5 1620/54/5
f 1618/54/6 1619/54/6 1623/54/6 1622/54/6
f 1625/54/1 1628/54/1 1627/54/1 1626/54/1
f 1629/54/2 1630/54/2 1631/54/2 1632/54/2
f 1625/54/3 1626/54/3 1630/54/3 1629/54/3
f 1628/54/4 1632/54/4 1631/54/4 1627/54/4
f 1625/54/5 1629/54/5 1632/54/5 1628/54/5
f 1626/54/6 1627/54/6 1631/54/6 1630/54/6
f 1633/54/1 1636/54/1 1635/54/1 1634/54/1
f 1637/54/2 1638/54/2 1639/54/2 1640/54/2
f 1633/54/3 1634/54/3 1638/54/3 1637/54/3
f 1636/54/4 1640/54/4 1639/54/4 1635/54/4
f 1633/54/5 1637/54/5 1640/54/5 1636/54/5
f 1634/54/6 1635/54/6 1639/54/6 1638/54/6
f 1641/54/1 1644/54/1 1643/54/1 1642/54/1
f 1645/54/2 1646/54/2 1647/54/2 1648/54/2
f 1641/54/3 1642/54/3 1646/54/3 1645/54/3
f 1644/54/4 1648/54/4 1647/54/4 1643/54/4
f 1641/54/5 1645/54/5 1648/54/5 1644/54/5
f 1642/54/6 1643/54/6 1647/54/6 1646/54/6
f 1649/54/1 1652/54/1 1651/54/1 1650/54/1
f 1653/54/2 1654/54/2 1655/54/2 1656/54/2
f 1649/54/3 1650/54/3 1654/54/3 1653/54/3
f 1652/54/4 1656/54/4 1655/54/4 1651/54/4
f 1649/54/5 1653/54/5 1656/54/5 1652/54/5
f 1650/54/6 1651/54/6 1655/54/6 1654/54/6
f 1657/54/1 1660/54/1 1659/54/1 1658/54/1
f 1661/54/2 1662/54/2 1663/54/2 1664/54/2
f 1657/54/3 1658/54/3 1662/54/3 1661/54/3
f 1660/54/4 1664/54/4 1663/54/4 1659/54/4
f 1657/54/5 1661/54/5 1664/54/5 1660/54/5
f 1658/54/6 1659/54/6 1663/54/6 1662/54/6
f 1665/54/1 1668/54/1 1667/54/1 1666/54/1
f 1669/54/2 1670/54/2 1671/54/2 1672/54/2
f 1665/54/3 1666/54/3 1670/54/3 1669/54/3
f 1668/54/4 1672/54/4 1671/54/4 1667/54/4
f 1665/54/5 1669/54/5 1672/54/5 1668/54/5
f 1666/54/6 1667/54/6 1671/54/6 1670/54/6
f 1673/54/1 1676/54/1 1675/54/1 1674/54/1
f 1677/54/2 1678/54/2 1679/54/2 1680/54/2
f 1673/54/3 1674/54/3 1678/54/3 1677/54/3
f 1676/54/4 1680/54/4 1679/54/4 1675/54/4
f 1673/54/5 1677/54/5 1680/54/5 1676/54/5
f 1674/54/6 1675/54/6 1679/54/6 1678/54/6
f 1681/54/1 1684/54/1 1683/54/1 1682/54/1
f 1685/54/2 1686/54/2 1687/54/2 1688/54/2
f 1681/54/3 1682/54/3 1686/54/3 1685/54/3
f 1684/54/4 1688/54/4 1687/54/4 1683/54/4
f 1681/54/5 1685/54/5 1688/54/5 1684/54/5
f 1682/54/6 1683/54/6 1687/54/6 1686/54/6
f 1689/54/1 1692/54/1 1691/54/1 1690/54/1
f 1693/54/2 1694/54/2 1695/54/2 1696/54/2
f 1689/54/3 1690/54/3 1694/54/3 1693/54/3
f 1692/54/4 1696/54/4 1695/54/4 1691/54/4
f 1689/54/5 1693/54/5 1696/54/5 1692/54/5
f 1690/54/6 1691/54/6 1695/54/6 1694/54/6
f 1697/54/1 1700/54/1 1699/54/1 1698/54/1
f 1701/54/2 1702/54/2 1703/54/2 1704/54/2
f 1697/54/3 1698/54/3 1702/54/3 1701/54/3
f 1700/54/4 1704/54/4 1703/54/4 1699/54/4
f 1697/54/5 1701/54/5 1704/54/5 1700/54/5
f 1698/54/6 1699/54/6 1703/54/6 1702/54/6
f 1705/54/1 1708/54/1 1707/54/1 1706/54/1
f 1709/54/2 1710/54/2 1711/54/2 1712/54/2
f 1705/54/3 1706/54/3 1710/54/3 1709/54/3
f 1708/54/4 1712/54/4 1711/54/4 1707/54/4
f 1705/54/5 1709/54/5 1712/54/5 1708/54/5
f 1706/54/6 1707/54/6 1711/54/6 1710/54/6
f 1713/54/1 1716/54/1 1715/54/1 1714/54/1
f 1717/54/2 1718/54/2 1719/54/2 1720/54/2
f 1713/54/3 1714/54/3 1718/54/3 1717/54/3
f 1716/54/4 1720/54/4 1719/54/4 1715/54/4
f 1713/54/5 1717/54/5 1720/54/5 1716/54/5
f 1714/54/6 1715/54/6 1719/54/6 1718/54/6
f 1721/54/1 1724/54/1 1723/54/1 1722/54/1
f 1725/54/2 1726/54/2 1727/54/2 1728/54/2
f 1721/54/3 1722/54/3 1726/54/3 1725/54/3
f 1724/54/4 1728/54/4 1727/54/4 1723/54/4
f 1721/54/5 1725/54/5 1728/54/5 1724/54/5
f 1722/54/6 1723/54/6 1727/54/6 1726/54/6
f 1729/54/1 1732/54/1 1731/54/1 1730/54/1
f 1733/54/2 1734/54/2 1735/54/2 1736/54/2
f 1729/54/3 1730/54/3 1734/54/3 1733/54/3
f 1732/54/4 1736/54/4 1735/54/4 1731/54/4
f 1729/54/5 1733/54/5 1736/54/5 1732/54/5
f 1730/54/6 1731/54/6 1735/54/6 1734/54/6
f 1737/54/1 1740/54/1 1739/54/1 1738/54/1
f 1741/54/2 1742/54/2 1743/54/2 1744/54/2
f 1737/54/3 1738/54/3 1742/54/3 1741/54/3
f 1740/54/4 1744/54/4 1743/54/4 1739/54/4
f 1737/54/5 1741/54/5 1744/54/5 1740/54/5
f 1738/54/6 1739/54/6 1743/54/6 1742/54/6
f 1745/54/1 1748/54/1 1747/54/1 1746/54/1
f 1749/54/2 1750/54/2 1751/54/2 1752/54/2
f 1745/54/3 1746/54/3 1750/54/3 1749/54/3
f 1748/54/4 1752/54/4 1751/54/4 1747/54/4
f 1745/54/5 1749/54/5 1752/54/5 1748/54/5
f 1746/54/6 1747/54/6 1751/54/6 1750/54/6
f 1753/54/1 1756/54/1 1755/54/1 1754/54/1
f 1757/54/2 1758/54/2 1759/54/2 1760/54/2
f 1753/54/3 1754/54/3 1758/54/3 1757/54/3
f 1756/54/4 1760/54/4 1759/54/4 1755/54/4
f 1753/54/5 1757/54/5 1760/54/5 1756/54/5
f 1754/54/6 1755/54/6 1759/54/6 1758/54/6
f 1761/54/1 1764/54/1 1763/54/1 1762/54/1
f 1765/54/2 1766/54/2 1767/54/2 1768/54/2
f 1761/54/3 1762/54/3 1766/54/3 1765/54/3
f 1764/54/4 1768/54/4 1767/54/4 1763/54/4
f 1761/54/5 1765/54/5 1768/54/5 1764/54/5
f 1762/54/6 1763/54/6 1767/54/6 1766/54/6
f 1769/54/1 1772/54/1 1771/54/1 1770/54/1
f 1773/54/2 1774/54/2 1775/54/2 1776/54/2
f 1769/54/3 1770/54/3 1774/54/3 1773/54/3
f 1772/54/4 1776/54/4 1775/54/4 1771/54/4
f 1769/54/5 1773/54/5 1776/54/5 1772/54/5
f 1770/54/6 1771/54/6 1775/54/6 1774/54/6
f 1777/39/1 1780/39/1 1779/39/1 1778/39/1
f 1781/39/2 1782/39/2 1783/39/2 1784/39/2
f 1777/39/3 1778/39/3 1782/39/3 1781/39/3
f 1780/39/4 1784/39/4 1783/39/4 1779/39/4
f 1777/39/5 1781/39/5 1784/39/5 1780/39/5
f 1778/39/6 1779/39/6 1783/39/6 1782/39/6
f 1785/39/1 1788/39/1 1787/39/1 1786/39/1
f 1789/39/2 1790/39/2 1791/39/2 1792/39/2
f 1785/39/3 1786/39/3 1790/39/3 1789/39/3
f 1788/39/4 1792/39/4 1791/39/4 1787/39/4
f 1785/39/5 1789/39/5 1792/39/5 1788/39/5
f 1786/39/6 1787/39/6 1791/39/6 1790/39/6
f 1793/30/1 1796/30/1 1795/30/1 1794/30/1
f 1797/30/2 1798/30/2 1799/30/2 1800/30/2
f 1793/30/3 1794/30/3 1798/30/3 1797/30/3
f 1796/30/4 1800/30/4 1799/30/4 1795/30/4
f 1793/30/5 1797/30/5 1800/30/5 1796/30/5
f 1794/30/6 1795/30/6 1799/30/6 1798/30/6
f 1801/30/1 1804/30/1 1803/30/1 1802/30/1
f 1805/30/2 1806/30/2 1807/30/2 1808/30/2
f 1801/30/3 1802/30/3 1806/30/3 1805/30/3
f 1804/30/4 1808/30/4 1807/30/4 1803/30/4
f 1801/30/5 1805/30/5 1808/30/5 1804/30/5
f 1802/30/6 1803/30/6 1807/30/6 1806/30/6
f 1809/54/1 1812/54/1 1811/54/1 1810/54/1
f 1813/54/2 1814/54/2 1815/54/2 1816/54/2
f 1809/54/3 1810/54/3 1814/54/3 1813/54/3
f 1812/54/4 1816/54/4 1815/54/4 1811/54/4
f 1809/54/5 1813/54/5 1816/54/5 1812/54/5
f 1810/54/6 1811/54/6 1815/54/6 1814/54/6
f 1817/54/1 1820/54/1 1819/54/1 1818/54/1
f 1821/54/2 1822/54/2 1823/54/2 1824/54/2
f 1817/54/3 1818/54/3 1822/54/3 1821/54/3
f 1820/54/4 1824/54/4 1823/54/4 1819/54/4
f 1817/54/5 1821/54/5 1824/54/5 1820/54/5
f 1818/54/6 1819/54/6 1823/54/6 1822/54/6
f 1825/54/1 1828/54/1 1827/54/1 1826/54/1
f 1829/54/2 1830/54/2 1831/54/2 1832/54/2
f 1825/54/3 1826/54/3 1830/54/3 1829/54/3
f 1828/54/4 1832/54/4 1831/54/4 1827/54/4
f 1825/54/5 1829/54/5 1832/54/5 1828/54/5
f 1826/54/6 1827/54/6 1831/54/6 1830/54/6
f 1833/54/1 1836/54/1 1835/54/1 1834/54/1
f 1837/54/2 1838/54/2 1839/54/2 1840/54/2
f 1833/54/3 1834/54/3 1838/54/3 1837/54/3
f 1836/54/4 1840/54/4 1839/54/4 1835/54/4
f 1833/54/5 1837/54/5 1840/54/5 1836/54/5
f 1834/54/6 1835/54/6 1839/54/6 1838/54/6
f 1841/45/1 1844/45/1 1843/45/1 1842/45/1
f 1845/45/2 1846/45/2 1847/45/2 1848/45/2
f 1841/45/3 1842/45/3 1846/45/3 1845/45/3
f 1844/45/4 1848/45/4 1847/45/4 1843/45/4
f 1841/45/5 1845/45/5 1848/45/5 1844/45/5
f 1842/45/6 1843/45/6 1847/45/6 1846/45/6
f 1849/45/1 1852/45/1 1851/45/1 1850/45/1
f 1853/45/2 1854/45/2 1855/45/2 1856/45/2
f 1849/45/3 1850/45/3 1854/45/3 1853/45/3
f 1852/45/4 1856/45/4 1855/45/4 1851/45/4
f 1849/45/5 1853/45/5 1856/45/5 1852/45/5
f 1850/45/6 1851/45/6 1855/45/6 1854/45/6
f 1857/54/1 1860/54/1 1859/54/1 1858/54/1
f 1861/54/2 1862/54/2 1863/54/2 1864/54/2
f 1857/54/3 1858/54/3 1862/54/3 1861/54/3
f 1860/54/4 1864/54/4 1863/54/4 1859/54/4
f 1857/54/5 1861/54/5 1864/54/5 1860/54/5
f 1858/54/6 1859/54/6 1863/54/6 1862/54/6
f 1865/54/1 1868/54/1 1867/54/1 1866/54/1
f 1869/54/2 1870/54/2 1871/54/2 1872/54/2
f 1865/54/3 1866/54/3 1870/54/3 1869/54/3
f 1868/54/4 1872/54/4 1871/54/4 1867/54/4
f 1865/54/5 1869/54/5 1872/54/5 1868/54/5
f 1866/54/6 1867/54/6 1871/54/6 1870/54/6
f 1873/54/1 1876/54/1 1875/54/1 1874/54/1
f 1877/54/2 1878/54/2 1879/54/2 1880/54/2
f 1873/54/3 1874/54/3 1878/54/3 1877/54/3
f 1876/54/4 1880/54/4 1879/54/4 1875/54/4
f 1873/54/5 1877/54/5 1880/54/5 1876/54/5
f 1874/54/6 1875/54/6 1879/54/6 1878/54/6
f 1881/54/1 1884/54/1 1883/54/1 1882/54/1
f 1885/54/2 1886/54/2 1887/54/2 1888/54/2
f 1881/54/3 1882/54/3 1886/54/3 1885/54/3
f 1884/54/4 1888/54/4 1887/54/4 1883/54/4
f 1881/54/5 1885/54/5 1888/54/5 1884/54/5
f 1882/54/6 1883/54/6 1887/54/6 1886/54/6
f 1889/54/1 1892/54/1 1891/54/1 1890/54/1
f 1893/54/2 1894/54/2 1895/54/2 1896/54/2
f 1889/54/3 1890/54/3 1894/54/3 1893/54/3
f 1892/54/4 1896/54/4 1895/54/4 1891/54/4
f 1889/54/5 1893/54/5 1896/54/5 1892/54/5
f 1890/54/6 1891/54/6 1895/54/6 1894/54/6
f 1897/54/1 1900/54/1 1899/54/1 1898/54/1
f 1901/54/2 1902/54/2 1903/54/2 1904/54/2
f 1897/54/3 1898/54/3 1902/54/3 1901/54/3
f 1900/54/4 1904/54/4 1903/54/4 1899/54/4
f 1897/54/5 1901/54/5 1904/54/5 1900/54/5
f 1898/54/6 1899/54/6 1903/54/6 1902/54/6
f 1905/54/1 1908/54/1 1907/54/1 1906/54/1
f 1909/54/2 1910/54/2 1911/54/2 1912/54/2
f 1905/54/3 1906/54/3 1910/54/3 1909/54/3
f 1908/54/4 1912/54/4 1911/54/4 1907/54/4
f 1905/54/5 1909/54/5 1912/54/5 1908/54/5
f 1906/54/6 1907/54/6 1911/54/6 1910/54/6
f 1913/54/1 1916/54/1 1915/54/1 1914/54/1
f 1917/54/2 1918/54/2 1919/54/2 1920/54/2
f 1913/54/3 1914/54/3 1918/54/3 1917/54/3
f 1916/54/4 1920/54/4 1919/54/4 1915/54/4
f 1913/54/5 1917/54/5 1920/54/5 1916/54/5
f 1914/54/6 1915/54/6 1919/54/6 1918/54/6
f 1921/54/1 1924/54/1 1923/54/1 1922/54/1
f 1925/54/2 1926/54/2 1927/54/2 1928/54/2
f 1921/54/3 1922/54/3 1926/54/3 1925/54/3
f 1924/54/4 1928/54/4 1927/54/4 1923/54/4
f 1921/54/5 1925/54/5 1928/54/5 1924/54/5
f 1922/54/6 1923/54/6 1927/54/6 1926/54/6
f 1929/54/1 1932/54/1 1931/54/1 1930/54/1
f 1933/54/2 1934/54/2 1935/54/2 1936/54/2
f 1929/54/3 1930/54/3 1934/54/3 1933/54/3
f 1932/54/4 1936/54/4 1935/54/4 1931/54/4
f 1929/54/5 1933/54/5 1936/54/5 1932/54/5
f 1930/54/6 1931/54/6 1935/54/6 1934/54/6
f 1937/54/1 1940/54/1 1939/54/1 1938/54/1
f 1941/54/2 1942/54/2 1943/54/2 1944/54/2
f 1937/54/3 1938/54/3 1942/54/3 1941/54/3
f 1940/54/4 1944/54/4 1943/54/4 1939/54/4
f 1937/54/5 1941/54/5 1944/54/5 1940/54/5
f 1938/54/6 1939/54/6 1943/54/6 1942/54/6
f 1945/54/1 1948/54/1 1947/54/1 1946/54/1
f 1949/54/2 1950/54/2 1951/54/2 1952/54/2
f 1945/54/3 1946/54/3 1950/54/3 1949/54/3
f 1948/54/4 1952/54/4 1951/54/4 1947/54/4
f 1945/54/5 1949/54/5 1952/54/5 1948/54/5
f 1946/54/6 1947/54/6 1951/54/6 1950/54/6
f 1953/54/1 1956/54/1 1955/54/1 1954/54/1
f 1957/54/2 1958/54/2 1959/54/2 1960/54/2
f 1953/54/3 1954/54/3 1958/54/3 1957/54/3
f 1956/54/4 1960/54/4 1959/54/4 1955/54/4
f 1953/54/5 1957/54/5 1960/54/5 1956/54/5
f 1954/54/6 1955/54/6 1959/54/6 1958/54/6
f 1961/54/1 1964/54/1 1963/54/1 1962/54/1
f 1965/54/2 1966/54/2 1967/54/2 1968/54/2
f 1961/54/3 1962/54/3 1966/54/3 1965/54/3
f 1964/54/4 1968/54/4 1967/54/4 1963/54/4
f 1961/54/5 1965/54/5 1968/54/5 1964/54/5
f 1962/54/6 1963/54/6 1967/54/6 1966/54/6
f 1969/54/1 1972/54/1 1971/54/1 1970/54/1
f 1973/54/2 1974/54/2 1975/54/2 1976/54/2
f 1969/54/3 1970/54/3 1974/54/3 1973/54/3
f 1972/54/4 1976/54/4 1975/54/4 1971/54/4
f 1969/54/5 1973/54/5 1976/54/5 1972/54/5
f 1970/54/6 1971/54/6 1975/54/6 1974/54/6
f 1977/54/1 1980/54/1 1979/54/1 1978/54/1
f 1981/54/2 1982/54/2 1983/54/2 1984/54/2
f 1977/54/3 1978/54/3 1982/54/3 1981/54/3
f 1980/54/4 1984/54/4 1983/54/4 1979/54/4
f 1977/54/5 1981/54/5 1984/54/5 1980/54/5
f 1978/54/6 1979/54/6 1983/54/6 1982/54/6
f 1985/54/1 1988/54/1 1987/54/1 1986/54/1
f 1989/54/2 1990/54/2 1991/54/2 1992/54/2
f 1985/54/3 1986/54/3 1990/54/3 1989/54/3
f 1988/54/4 1992/54/4 1991/54/4 1987/54/4
f 1985/54/5 1989/54/5 1992/54/5 1988/54/5
f 1986/54/6 1987/54/6 1991/54/6 1990/54/6
f 1993/54/1 1996/54/1 1995/54/1 1994/54/1
f 1997/54/2 1998/54/2 1999/54/2 2000/54/2
f 1993/54/3 1994/54/3 1998/54/3 1997/54/3
f 1996/54/4 2000/54/4 1999/54/4 1995/54/4
f 1993/54/5 1997/54/5 2000/54/5 1996/54/5
f 1994/54/6 1995/54/6 1999/54/6 1998/54/6
f 2001/54/1 2004/54/1 2003/54/1 2002/54/1
f 2005/54/2 2006/54/2 2007/54/2 2008/54/2
f 2001/54/3 2002/54/3 2006/54/3 2005/54/3
f 2004/54/4 2008/54/4 2007/54/4 2003/54/4
f 2001/54/5 2005/54/5 2008/54/5 2004/54/5
f 2002/54/6 2003/54/6 2007/54/6 2006/54/6
f 2009/54/1 2012/54/1 2011/54/1 2010/54/1
f 2013/54/2 2014/54/2 2015/54/2 2016/54/2
f 2009/54/3 2010/54/3 2014/54/3 2013/54/3
f 2012/54/4 2016/54/4 2015/54/4 2011/54/4
f 2009/54/5 2013/54/5 2016/54/5 2012/54/5
f 2010/54/6 2011/54/6 2015/54/6 2014/54/6
f 2017/54/1 2020/54/1 2019/54/1 2018/54/1
f 2021/54/2 2022/54/2 2023/54/2 2024/54/2
f 2017/54/3 2018/54/3 2022/54/3 2021/54/3
f 2020/54/4 2024/54/4 2023/54/4 2019/54/4
f 2017/54/5 2021/54/5 2024/54/5 2020/54/5
f 2018/54/6 2019/54/6 2023/54/6 2022/54/6
f 2025/54/1 2028/54/1 2027/54/1 2026/54/1
f 2029/54/2 2030/54/2 2031/54/2 2032/54/2
f 2025/54/3 2026/54/3 2030/54/3 2029/54/3
f 2028/54/4 2032/54/4 2031/54/4 2027/54/4
f 2025/54/5 2029/54/5 2032/54/5 2028/54/5
f 2026/54/6 2027/54/6 2031/54/6 2030/54/6
f 2033/54/1 2036/54/1 2035/54/1 2034/54/1
f 2037/54/2 2038/54/2 2039/54/2 2040/54/2
f 2033/54/3 2034/54/3 2038/54/3 2037/54/3
f 2036/54/4 2040/54/4 2039/54/4 2035/54/4
f 2033/54/5 2037/54/5 2040/54/5 2036/54/5
f 2034/54/6 2035/54/6 2039/54/6 2038/54/6
f 2041/54/1 2044/54/1 2043/54/1 2042/54/1
f 2045/54/2 2046/54/2 2047/54/2 2048/54/2
f 2041/54/3 2042/54/3 2046/54/3 2045/54/3
f 2044/54/4 2048/54/4 2047/54/4 2043/54/4
f 2041/54/5 2045/54/5 2048/54/5 2044/54/5
f 2042/54/6 2043/54/6 2047/54/6 2046/54/6
f 2049/54/1 2052/54/1 2051/54/1 2050/54/1
f 2053/54/2 2054/54/2 2055/54/2 2056/54/2
f 2049/54/3 2050/54/3 2054/54/3 2053/54/3
f 2052/54/4 2056/54/4 2055/54/4 2051/54/4
f 2049/54/5 2053/54/5 2056/54/5 2052/54/5
f 2050/54/6 2051/54/6 2055/54/6 2054/54/6
f 2057/54/1 2060/54/1 2059/54/1 2058/54/1
f 2061/54/2 2062/54/2 2063/54/2 2064/54/2
f 2057/54/3 2058/54/3 2062/54/3 2061/54/3
f 2060/54/4 2064/54/4 2063/54/4 2059/54/4
f 2057/54/5 2061/54/5 2064/54/5 2060/54/5
f 2058/54/6 2059/54/6 2063/54/6 2062/54/6
f 2065/54/1 2068/54/1 2067/54/1 2066/54/1
f 2069/54/2 2070/54/2 2071/54/2 2072/54/2
f 2065/54/3 2066/54/3 2070/54/3 2069/54/3
f 2068/54/4 2072/54/4 2071/54/4 2067/54/4
f 2065/54/5 2069/54/5 2072/54/5 2068/54/5
f 2066/54/6 2067/54/6 2071/54/6 2070/54/6
f 2073/54/1 2076/54/1 2075/54/1 2074/54/1
f 2077/54/2 2078/54/2 2079/54/2 2080/54/2
f 2073/54/3 2074/54/3 2078/54/3 2077/54/3
f 2076/54/4 2080/54/4 2079/54/4 2075/54/4
f 2073/54/5 2077/54/5 2080/54/5 2076/54/5
f 2074/54/6 2075/54/6 2079/54/6 2078/54/6
f 2081/54/1 2084/54/1 2083/54/1 2082/54/1
f 2085/54/2 2086/54/2 2087/54/2 2088/54/2
f 2081/54/3 2082/54/3 2086/54/3 2085/54/3
f 2084/54/4 2088/54/4 2087/54/4 2083/54/4
f 2081/54/5 2085/54/5 2088/54/5 2084/54/5
f 2082/54/6 2083/54/6 2087/54/6 2086/54/6
f 2089/54/1 2092/54/1 2091/54/1 2090/54/1
f 2093/54/2 2094/54/2 2095/54/2 2096/54/2
f 2089/54/3 2090/54/3 2094/54/3 2093/54/3
f 2092/54/4 2096/54/4 2095/54/4 2091/54/4
f 2089/54/5 2093/54/5 2096/54/5 2092/54/5
f 2090/54/6 2091/54/6 2095/54/6 2094/54/6
f 2097/54/1 2100/54/1 2099/54/1 2098/54/1
f 2101/54/2 2102/54/2 2103/54/2 2104/54/2
f 2097/54/3 2098/54/3 2102/54/3 2101/54/3
f 2100/54/4 2104/54/4 2103/54/4 2099/54/4
f 2097/54/5 2101/54/5 2104/54/5 2100/54/5
f 2098/54/6 2099/54/6 2103/54/6 2102/54/6
f 2105/54/1 2108/54/1 2107/54/1 2106/54/1
f 2109/54/2 2110/54/2 2111/54/2 2112/54/2
f 2105/54/3 2106/54/3 2110/54/3 2109/54/3
f 2108/54/4 2112/54/4 2111/54/4 2107/54/4
f 2105/54/5 2109/54/5 2112/54/5 2108/54/5
f 2106/54/6 2107/54/6 2111/54/6 2110/54/6
f 2113/54/1 2116/54/1 2115/54/1 2114/54/1
f 2117/54/2 2118/54/2 2119/54/2 2120/54/2
f 2113/54/3 2114/54/3 2118/54/3 2117/54/3
f 2116/54/4 2120/54/4 2119/54/4 2115/54/4
f 2113/54/5 2117/54/5 2120/54/5 2116/54/5
f 2114/54/6 2115/54/6 2119/54/6 2118/54/6
f 2121/54/1 2124/54/1 2123/54/1 2122/54/1
f 2125/54/2 2126/54/2 2127/54/2 2128/54/2
f 2121/54/3 2122/54/3 2126/54/3 2125/54/3
f 2124/54/4 2128/54/4 2127/54/4 2123/54/4
f 2121/54/5 2125/54/5 2128/54/5 2124/54/5
f 2122/54/6 2123/54/6 2127/54/6 2126/54/6
f 2129/54/1 2132/54/1 2131/54/1 2130/54/1
f 2133/54/2 2134/54/2 2135/54/2 2136/54/2
f 2129/54/3 2130/54/3 2134/54/3 2133/54/3
f 2132/54/4 2136/54/4 2135/54/4 2131/54/4
f 2129/54/5 2133/54/5 2136/54/5 2132/54/5
f 2130/54/6 2131/54/6 2135/54/6 2134/54/6
f 2137/54/1 2140/54/1 2139/54/1 2138/54/1
f 2141/54/2 2142/54/2 2143/54/2 2144/54/2
f 2137/54/3 2138/54/3 2142/54/3 2141/54/3
f 2140/54/4 2144/54/4 2143/54/4 2139/54/4
f 2137/54/5 2141/54/5 2144/54/5 2140/54/5
f 2138/54/6 2139/54/6 2143/54/6 2142/54/6
f 2145/54/1 2148/54/1 2147/54/1 2146/54/1
f 2149/54/2 2150/54/2 2151/54/2 2152/54/2
f 2145/54/3 2146/54/3 2150/54/3 2149/54/3
f 2148/54/4 2152/54/4 2151/54/4 2147/54/4
f 2145/54/5 2149/54/5 2152/54/5 2148/54/5
f 2146/54/6 2147/54/6 2151/54/6 2150/54/6
f 2153/54/1 2156/54/1 2155/54/1 2154/54/1
f 2157/54/2 2158/54/2 2159/54/2 2160/54/2
f 2153/54/3 2154/54/3 2158/54/3 2157/54/3
f 2156/54/4 2160/54/4 2159/54/4 2155/54/4
f 2153/54/5 2157/54/5 2160/54/5 2156/54/5
f 2154/54/6 2155/54/6 2159/54/6 2158/54/6
f 2161/54/1 2164/54/1 2163/54/1 2162/54/1
f 2165/54/2 2166/54/2 2167/54/2 2168/54/2
f 2161/54/3 2162/54/3 2166/54/3 2165/54/3
f 2164/54/4 2168/54/4 2167/54/4 2163/54/4
f 2161/54/5 2165/54/5 2168/54/5 2164/54/5
f 2162/54/6 2163/54/6 2167/54/6 2166/54/6
f 2169/54/1 2172/54/1 2171/54/1 2170/54/1
f 2173/54/2 2174/54/2 2175/54/2 2176/54/2
f 2169/54/3 2170/54/3 2174/54/3 2173/54/3
f 2172/54/4 2176/54/4 2175/54/4 2171/54/4
f 2169/54/5 2173/54/5 2176/54/5 2172/54/5
f 2170/54/6 2171/54/6 2175/54/6 2174/54/6
f 2177/54/1 2180/54/1 2179/54/1 2178/54/1
f 2181/54/2 2182/54/2 2183/54/2 2184/54/2
f 2177/54/3 2178/54/3 2182/54/3 2181/54/3
f 2180/54/4 2184/54/4 2183/54/4 2179/54/4
f 2177/54/5 2181/54/5 2184/54/5 2180/54/5
f 2178/54/6 2179/54/6 2183/54/6 2182/54/6
f 2185/54/1 2188/54/1 2187/54/1 2186/54/1
f 2189/54/2 2190/54/2 2191/54/2 2192/54/2
f 2185/54/3 2186/54/3 2190/54/3 2189/54/3
f 2188/54/4 2192/54/4 2191/54/4 2187/54/4
f 2185/54/5 2189/54/5 2192/54/5 2188/54/5
f 2186/54/6 2187/54/6 2191/54/6 2190/54/6
f 2193/54/1 2196/54/1 2195/54/1 2194/54/1
f 2197/54/2 2198/54/2 2199/54/2 2200/54/2
f 2193/54/3 2194/54/3 2198/54/3 2197/54/3
f 2196/54/4 2200/54/4 2199/54/4 2195/54/4
f 2193/54/5 2197/54/5 2200/54/5 2196/54/5
f 2194/54/6 2195/54/6 2199/54/6 2198/54/6
f 2201/54/1 2204/54/1 2203/54/1 2202/54/1
f 2205/54/2 2206/54/2 2207/54/2 2208/54/2
f 2201/54/3 2202/54/3 2206/54/3 2205/54/3
f 2204/54/4 2208/54/4 2207/54/4 2203/54/4
f 2201/54/5 2205/54/5 2208/54/5 2204/54/5
f 2202/54/6 2203/54/6 2207/54/6 2206/54/6
f 2209/39/1 2212/39/1 2211/39/1 2210/39/1
f 2213/39/2 2214/39/2 2215/39/2 2216/39/2
f 2209/39/3 2210/39/3 2214/39/3 2213/39/3
f 2212/39/4 2216/39/4 2215/39/4 2211/39/4
f 2209/39/5 2213/39/5 2216/39/5 2212/39/5
f 2210/39/6 2211/39/6 2215/39/6 2214/39/6
f 2217/39/1 2220/39/1 2219/39/1 2218/39/1
f 2221/39/2 2222/39/2 2223/39/2 2224/39/2
f 2217/39/3 2218/39/3 2222/39/3 2221/39/3
f 2220/39/4 2224/39/4 2223/39/4 2219/39/4
f 2217/39/5 2221/39/5 2224/39/5 2220/39/5
f 2218/39/6 2219/39/6 2223/39/6 2222/39/6
f 2225/30/1 2228/30/1 2227/30/1 2226/30/1
f 2229/30/2 2230/30/2 2231/30/2 2232/30/2
f 2225/30/3 2226/30/3 2230/30/3 2229/30/3
f 2228/30/4 2232/30/4 2231/30/4 2227/30/4
f 2225/30/5 2229/30/5 2232/30/5 2228/30/5
f 2226/30/6 2227/30/6 2231/30/6 2230/30/6
f 2233/30/1 2236/30/1 2235/30/1 2234/30/1
f 2237/30/2 2238/30/2 2239/30/2 2240/30/2
f 2233/30/3 2234/30/3 2238/30/3 2237/30/3
f 2236/30/4 2240/30/4 2239/30/4 2235/30/4
f 2233/30/5 2237/30/5 2240/30/5 2236/30/5
f 2234/30/6 2235/30/6 2239/30/6 2238/30/6
f 2241/54/1 2244/54/1 2243/54/1 2242/54/1
f 2245/54/2 2246/54/2 2247/54/2 2248/54/2
f 2241/54/3 2242/54/3 2246/54/3 2245/54/3
f 2244/54/4 2248/54/4 2247/54/4 2243/54/4
f 2241/54/5 2245/54/5 2248/54/5 2244/54/5
f 2242/54/6 2243/54/6 2247/54/6 2246/54/6
f 2249/54/1 2252/54/1 2251/54/1 2250/54/1
f 2253/54/2 2254/54/2 2255/54/2 2256/54/2
f 2249/54/3 2250/54/3 2254/54/3 2253/54/3
f 2252/54/4 2256/54/4 2255/54/4 2251/54/4
f 2249/54/5 2253/54/5 2256/54/5 2252/54/5
f 2250/54/6 2251/54/6 2255/54/6 2254/54/6
f 2257/54/1 2260/54/1 2259/54/1 2258/54/1
f 2261/54/2 2262/54/2 2263/54/2 2264/54/2
f 2257/54/3 2258/54/3 2262/54/3 2261/54/3
f 2260/54/4 2264/54/4 2263/54/4 2259/54/4
f 2257/54/5 2261/54/5 2264/54/5 2260/54/5
f 2258/54/6 2259/54/6 2263/54/6 2262/54/6
f 2265/54/1 2268/54/1 2267/54/1 2266/54/1
f 2269/54/2 2270/54/2 2271/54/2 2272/54/2
f 2265/54/3 2266/54/3 2270/54/3 2269/54/3
f 2268/54/4 2272/54/4 2271/54/4 2267/54/4
f 2265/54/5 2269/54/5 2272/54/5 2268/54/5
f 2266/54/6 2267/54/6 2271/54/6 2270/54/6
f 2273/45/1 2276/45/1 2275/45/1 2274/45/1
f 2277/45/2 2278/45/2 2279/45/2 2280/45/2
f 2273/45/3 2274/45/3 2278/45/3 2277/45/3
f 2276/45/4 2280/45/4 2279/45/4 2275/45/4
f 2273/45/5 2277/45/5 2280/45/5 2276/45/5
f 2274/45/6 2275/45/6 2279/45/6 2278/45/6
f 2281/45/1 2284/45/1 2283/45/1 2282/45/1
f 2285/45/2 2286/45/2 2287/45/2 2288/45/2
f 2281/45/3 2282/45/3 2286/45/3 2285/45/3
f 2284/45/4 2288/45/4 2287/45/4 2283/45/4
f 2281/45/5 2285/45/5 2288/45/5 2284/45/5
f 2282/45/6 2283/45/6 2287/45/6 2286/45/6
f 2289/54/1 2292/54/1 2291/54/1 2290/54/1
f 2293/54/2 2294/54/2 2295/54/2 2296/54/2
f 2289/54/3 2290/54/3 2294/54/3 2293/54/3
f 2292/54/4 2296/54/4 2295/54/4 2291/54/4
f 2289/54/5 2293/54/5 2296/54/5 2292/54/5
f 2290/54/6 2291/54/6 2295/54/6 2294/54/6
f 2297/54/1 2300/54/1 2299/54/1 2298/54/1
f 2301/54/2 2302/54/2 2303/54/2 2304/54/2
f 2297/54/3 2298/54/3 2302/54/3 2301/54/3
f 2300/54/4 2304/54/4 2303/54/4 2299/54/4
f 2297/54/5 2301/54/5 2304/54/5 2300/54/5
f 2298/54/6 2299/54/6 2303/54/6 2302/54/6
f 2305/54/1 2308/54/1 2307/54/1 2306/54/1
f 2309/54/2 2310/54/2 2311/54/2 2312/54/2
f 2305/54/3 2306/54/3 2310/54/3 2309/54/3
f 2308/54/4 2312/54/4 2311/54/4 2307/54/4
f 2305/54/5 2309/54/5 2312/54/5 2308/54/5
f 2306/54/6 2307/54/6 2311/54/6 2310/54/6
f 2313/54/1 2316/54/1 2315/54/1 2314/54/1
f 2317/54/2 2318/54/2 2319/54/2 2320/54/2
f 2313/54/3 2314/54/3 2318/54/3 2317/54/3
f 2316/54/4 2320/54/4 2319/54/4 2315/54/4
f 2313/54/5 2317/54/5 2320/54/5 2316/54/5
f 2314/54/6 2315/54/6 2319/54/6 2318/54/6
f 2321/54/1 2324/54/1 2323/54/1 2322/54/1
f 2325/54/2 2326/54/2 2327/54/2 2328/54/2
f 2321/54/3 2322/54/3 2326/54/3 2325/54/3
f 2324/54/4 2328/54/4 2327/54/4 2323/54/4
f 2321/54/5 2325/54/5 2328/54/5 2324/54/5
f 2322/54/6 2323/54/6 2327/54/6 2326/54/6
f 2329/54/1 2332/54/1 2331/54/1 2330/54/1
f 2333/54/2 2334/54/2 2335/54/2 2336/54/2
f 2329/54/3 2330/54/3 2334/54/3 2333/54/3
f 2332/54/4 2336/54/4 2335/54/4 2331/54/4
f 2329/54/5 2333/54/5 2336/54/5 2332/54/5
f 2330/54/6 2331/54/6 2335/54/6 2334/54/6
f 2337/54/1 2340/54/1 2339/54/1 2338/54/1
f 2341/54/2 2342/54/2 2343/54/2 2344/54/2
f 2337/54/3 2338/54/3 2342/54/3 2341/54/3
f 2340/54/4 2344/54/4 2343/54/4 2339/54/4
f 2337/54/5 2341/54/5 2344/54/5 2340/54/5
f 2338/54/6 2339/54/6 2343/54/6 2342/54/6
f 2345/54/1 2348/54/1 2347/54/1 2346/54/1
f 2349/54/2 2350/54/2 2351/54/2 2352/54/2
f 2345/54/3 2346/54/3 2350/54/3 2349/54/3
f 2348/54/4 2352/54/4 2351/54/4 2347/54/4
f 2345/54/5 2349/54/5 2352/54/5 2348/54/5
f 2346/54/6 2347/54/6 2351/54/6 2350/54/6
f 2353/54/1 2356/54/1 2355/54/1 2354/54/1
f 2357/54/2 2358/54/2 2359/54/2 2360/54/2
f 2353/54/3 2354/54/3 2358/54/3 2357/54/3
f 2356/54/4 2360/54/4 2359/54/4 2355/54/4
f 2353/54/5 2357/54/5 2360/54/5 2356/54/5
f 2354/54/6 2355/54/6 2359/54/6 2358/54/6
f 2361/54/1 2364/54/1 2363/54/1 2362/54/1
f 2365/54/2 2366/54/2 2367/54/2 2368/54/2
f 2361/54/3 2362/54/3 2366/54/3 2365/54/3
f 2364/54/4 2368/54/4 2367/54/4 2363/54/4
f 2361/54/5 2365/54/5 2368/54/5 2364/54/5
f 2362/54/6 2363/54/6 2367/54/6 2366/54/6
f 2369/54/1 2372/54/1 2371/54/1 2370/54/1
f 2373/54/2 2374/54/2 2375/54/2 2376/54/2
f 2369/54/3 2370/54/3 2374/54/3 2373/54/3
f 2372/54/4 2376/54/4 2375/54/4 2371/54/4
f 2369/54/5 2373/54/5 2376/54/5 2372/54/5
f 2370/54/6 2371/54/6 2375/54/6 2374/54/6
f 2377/54/1 2380/54/1 2379/54/1 2378/54/1
f 2381/54/2 2382/54/2 2383/54/2 2384/54/2
f 2377/54/3 2378/54/3 2382/54/3 2381/54/3
f 2380/54/4 2384/54/4 2383/54/4 2379/54/4
f 2377/54/5 2381/54/5 2384/54/5 2380/54/5
f 2378/54/6 2379/54/6 2383/54/6 2382/54/6
f 2385/54/1 2388/54/1 2387/54/1 2386/54/1
f 2389/54/2 2390/54/2 2391/54/2 2392/54/2
f 2385/54/3 2386/54/3 2390/54/3 2389/54/3
f 2388/54/4 2392/54/4 2391/54/4 2387/54/4
f 2385/54/5 2389/54/5 2392/54/5 2388/54/5
f 2386/54/6 2387/54/6 2391/54/6 2390/54/6
f 2393/54/1 2396/54/1 2395/54/1 2394/54/1
f 2397/54/2 2398/54/2 2399/54/2 2400/54/2
f 2393/54/3 2394/54/3 2398/54/3 2397/54/3
f 2396/54/4 2400/54/4 2399/54/4 2395/54/4
f 2393/54/5 2397/54/5 2400/54/5 2396/54/5
f 2394/54/6 2395/54/6 2399/54/6 2398/54/6
f 2401/54/1 2404/54/1 2403/54/1 2402/54/1
f 2405/54/2 2406/54/2 2407/54/2 2408/54/2
f 2401/54/3 2402/54/3 2406/54/3 2405/54/3
f 2404/54/4 2408/54/4 2407/54/4 2403/54/4
f 2401/54/5 2405/54/5 2408/54/5 2404/54/5
f 2402/54/6 2403/54/6 2407/54/6 2406/54/6
f 2409/54/1 2412/54/1 2411/54/1 2410/54/1
f 2413/54/2 2414/54/2 2415/54/2 2416/54/2
f 2409/54/3 2410/54/3 2414/54/3 2413/54/3
f 2412/54/4 2416/54/4 2415/54/4 2411/54/4
f 2409/54/5 2413/54/5 2416/54/5 2412/54/5
f 2410/54/6 2411/54/6 2415/54/6 2414/54/6
f 2417/54/1 2420/54/1 2419/54/1 2418/54/1
f 2421/54/2 2422/54/2 2423/54/2 2424/54/2
f 2417/54/3 2418/54/3 2422/54/3 2421/54/3
f 2420/54/4 2424/54/4 2423/54/4 2419/54/4
f 2417/54/5 2421/54/5 2424/54/5 2420/54/5
f 2418/54/6 2419/54/6 2423/54/6 2422/54/6
f 2425/54/1 2428/54/1 2427/54/1 2426/54/1
f 2429/54/2 2430/54/2 2431/54/2 2432/54/2
f 2425/54/3 2426/54/3 2430/54/3 2429/54/3
f 2428/54/4 2432/54/4 2431/54/4 2427/54/4
f 2425/54/5 2429/54/5 2432/54/5 2428/54/5
f 2426/54/6 2427/54/6 2431/54/6 2430/54/6
f 2433/54/1 2436/54/1 2435/54/1 2434/54/1
f 2437/54/2 2438/54/2 2439/54/2 2440/54/2
f 2433/54/3 2434/54/3 2438/54/3 2437/54/3
f 2436/54/4 2440/54/4 2439/54/4 2435/54/4
f 2433/54/5 2437/54/5 2440/54/5 2436/54/5
f 2434/54/6 2435/54/6 2439/54/6 2438/54/6
f 2441/54/1 2444/54/1 2443/54/1 2442/54/1
f 2445/54/2 2446/54/2 2447/54/2 2448/54/2
f 2441/54/3 2442/54/3 2446/54/3 2445/54/3
f 2444/54/4 2448/54/4 2447/54/4 2443/54/4
f 2441/54/5 2445/54/5 2448/54/5 2444/54/5
f 2442/54/6 2443/54/6 2447/54/6 2446/54/6
f 2449/54/1 2452/54/1 2451/54/1 2450/54/1
f 2453/54/2 2454/54/2 2455/54/2 2456/54/2
f 2449/54/3 2450/54/3 2454/54/3 2453/54/3
f 2452/54/4 2456/54/4 2455/54/4 2451/54/4
f 2449/54/5 2453/54/5 2456/54/5 2452/54/5
f 2450/54/6 2451/54/6 2455/54/6 2454/54/6
f 2457/54/1 2460/54/1 2459/54/1 2458/54/1
f 2461/54/2 2462/54/2 2463/54/2 2464/54/2
f 2457/54/3 2458/54/3 2462/54/3 2461/54/3
f 2460/54/4 2464/54/4 2463/54/4 2459/54/4
f 2457/54/5 2461/54/5 2464/54/5 2460/54/5
f 2458/54/6 2459/54/6 2463/54/6 2462/54/6
f 2465/54/1 2468/54/1 2467/54/1 2466/54/1
f 2469/54/2 2470/54/2 2471/54/2 2472/54/2
f 2465/54/3 2466/54/3 2470/54/3 2469/54/3
f 2468/54/4 2472/54/4 2471/54/4 2467/54/4
f 2465/54/5 2469/54/5 2472/54/5 2468/54/5
f 2466/54/6 2467/54/6 2471/54/6 2470/54/6
f 2473/54/1 2476/54/1 2475/54/1 2474/54/1
f 2477/54/2 2478/54/2 2479/54/2 2480/54/2
f 2473/54/3 2474/54/3 2478/54/3 2477/54/3
f 2476/54/4 2480/54/4 2479/54/4 2475/54/4
f 2473/54/5 2477/54/5 2480/54/5 2476/54/5
f 2474/54/6 2475/54/6 2479/54/6 2478/54/6
f 2481/54/1 2484/54/1 2483/54/1 2482/54/1
f 2485/54/2 2486/54/2 2487/54/2 2488/54/2
f 2481/54/3 2482/54/3 2486/54/3 2485/54/3
f 2484/54/4 2488/54/4 2487/54/4 2483/54/4
f 2481/54/5 2485/54/5 2488/54/5 2484/54/5
f 2482/54/6 2483/54/6 2487/54/6 2486/54/6
f 2489/54/1 2492/54/1 2491/54/1 2490/54/1
f 2493/54/2 2494/54/2 2495/54/2 2496/54/2
f 2489/54/3 2490/54/3 2494/54/3 2493/54/3
f 2492/54/4 2496/54/4 2495/54/4 2491/54/4
f 2489/54/5 2493/54/5 2496/54/5 2492/54/5
f 2490/54/6 2491/54/6 2495/54/6 2494/54/6
f 2497/54/1 2500/54/1 2499/54/1 2498/54/1
f 2501/54/2 2502/54/2 2503/54/2 2504/54/2
f 2497/54/3 2498/54/3 2502/54/3 2501/54/3
f 2500/54/4 2504/54/4 2503/54/4 2499/54/4
f 2497/54/5 2501/54/5 2504/54/5 2500/54/5
f 2498/54/6 2499/54/6 2503/54/6 2502/54/6
f 2505/54/1 2508/54/1 2507/54/1 2506/54/1
f 2509/54/2 2510/54/2 2511/54/2 2512/54/2
f 2505/54/3 2506/54/3 2510/54/3 2509/54/3
f 2508/54/4 2512/54/4 2511/54/4 2507/54/4
f 2505/54/5 2509/54/5 2512/54/5 2508/54/5
f 2506/54/6 2507/54/6 2511/54/6 2510/54/6
f 2513/54/1 2516/54/1 2515/54/1 2514/54/1
f 2517/54/2 2518/54/2 2519/54/2 2520/54/2
f 2513/54/3 2514/54/3 2518/54/3 2517/54/3
f 2516/54/4 2520/54/4 2519/54/4 2515/54/4
f 2513/54/5 2517/54/5 2520/54/5 2516/54/5
f 2514/54/6 2515/54/6 2519/54/6 2518/54/6
f 2521/54/1 2524/54/1 2523/54/1 2522/54/1
f 2525/54/2 2526/54/2 2527/54/2 2528/54/2
f 2521/54/3 2522/54/3 2526/54/3 2525/54/3
f 2524/54/4 2528/54/4 2527/54/4 2523/54/4
f 2521/54/5 2525/54/5 2528/54/5 2524/54/5
f 2522/54/6 2523/54/6 2527/54/6 2526/54/6
f 2529/54/1 2532/54/1 2531/54/1 2530/54/1
f 2533/54/2 2534/54/2 2535/54/2 2536/54/2
f 2529/54/3 2530/54/3 2534/54/3 2533/54/3
f 2532/54/4 2536/54/4 2535/54/4 2531/54/4
f 2529/54/5 2533/54/5 2536/54/5 2532/54/5
f 2530/54/6 2531/54/6 2535/54/6 2534/54/6
f 2537/54/1 2540/54/1 2539/54/1 2538/54/1
f 2541/54/2 2542/54/2 2543/54/2 2544/54/2
f 2537/54/3 2538/54/3 2542/54/3 2541/54/3
f 2540/54/4 2544/54/4 2543/54/4 2539/54/4
f 2537/54/5 2541/54/5 2544/54/5 2540/54/5
f 2538/54/6 2539/54/6 2543/54/6 2542/54/6
f 2545/54/1 2548/54/1 2547/54/1 2546/54/1
f 2549/54/2 2550/54/2 2551/54/2 2552/54/2
f 2545/54/3 2546/54/3 2550/54/3 2549/54/3
f 2548/54/4 2552/54/4 2551/54/4 2547/54/4
f 2545/54/5 2549/54/5 2552/54/5 2548/54/5
f 2546/54/6 2547/54/6 2551/54/6 2550/54/6
f 2553/54/1 2556/54/1 2555/54/1 2554/54/1
f 2557/54/2 2558/54/2 2559/54/2 2560/54/2
f 2553/54/3 2554/54/3 2558/54/3 2557/54/3
f 2556/54/4 2560/54/4 2559/54/4 2555/54/4
f 2553/54/5 2557/54/5 2560/54/5 2556/54/5
f 2554/54/6 2555/54/6 2559/54/6 2558/54/6
f 2561/54/1 2564/54/1 2563/54/1 2562/54/1
f 2565/54/2 2566/54/2 2567/54/2 2568/54/2
f 2561/54/3 2562/54/3 2566/54/3 2565/54/3
f 2564/54/4 2568/54/4 2567/54/4 2563/54/4
f 2561/54/5 2565/54/5 2568/54/5 2564/54/5
f 2562/54/6 2563/54/6 2567/54/6 2566/54/6
f 2569/54/1 2572/54/1 2571/54/1 2570/54/1
f 2573/54/2 2574/54/2 2575/54/2 2576/54/2
f 2569/54/3 2570/54/3 2574/54/3 2573/54/3
f 2572/54/4 2576/54/4 2575/54/4 2571/54/4
f 2569/54/5 2573/54/5 2576/54/5 2572/54/5
f 2570/54/6 2571/54/6 2575/54/6 2574/54/6
f 2577/54/1 2580/54/1 2579/54/1 2578/54/1
f 2581/54/2 2582/54/2 2583/54/2 2584/54/2
f 2577/54/3 2578/54/3 2582/54/3 2581/54/3
f 2580/54/4 2584/54/4 2583/54/4 2579/54/4
f 2577/54/5 2581/54/5 2584/54/5 2580/54/5
f 2578/54/6 2579/54/6 2583/54/6 2582/54/6
f 2585/54/1 2588/54/1 2587/54/1 2586/54/1
f 2589/54/2 2590/54/2 2591/54/2 2592/54/2
f 2585/54/3 2586/54/3 2590/54/3 2589/54/3
f 2588/54/4 2592/54/4 2591/54/4 2587/54/4
f 2585/54/5 2589/54/5 2592/54/5 2588/54/5
f 2586/54/6 2587/54/6 2591/54/6 2590/54/6
f 2593/54/1 2596/54/1 2595/54/1 2594/54/1
f 2597/54/2 2598/54/2 2599/54/2 2600/54/2
f 2593/54/3 2594/54/3 2598/54/3 2597/54/3
f 2596/54/4 2600/54/4 2599/54/4 2595/54/4
f 2593/54/5 2597/54/5 2600/54/5 2596/54/5
f 2594/54/6 2595/54/6 2599/54/6 2598/54/6
f 2601/54/1 2604/54/1 2603/54/1 2602/54/1
f 2605/54/2 2606/54/2 2607/54/2 2608/54/2
f 2601/54/3 2602/54/3 2606/54/3 2605/54/3
f 2604/54/4 2608/54/4 2607/54/4 2603/54/4
f 2601/54/5 2605/54/5 2608/54/5 2604/54/5
f 2602/54/6 2603/54/6 2607/54/6 2606/54/6
f 2609/54/1 2612/54/1 2611/54/1 2610/54/1
f 2613/54/2 2614/54/2 2615/54/2 2616/54/2
f 2609/54/3 2610/54/3 2614/54/3 2613/54/3
f 2612/54/4 2616/54/4 2615/54/4 2611/54/4
f 2609/54/5 2613/54/5 2616/54/5 2612/54/5
f 2610/54/6 2611/54/6 2615/54/6 2614/54/6
f 2617/54/1 2620/54/1 2619/54/1 2618/54/1
f 2621/54/2 2622/54/2 2623/54/2 2624/54/2
f 2617/54/3 2618/54/3 2622/54/3 2621/54/3
f 2620/54/4 2624/54/4 2623/54/4 2619/54/4
f 2617/54/5 2621/54/5 2624/54/5 2620/54/5
f 2618/54/6 2619/54/6 2623/54/6 2622/54/6
f 2625/54/1 2628/54/1 2627/54/1 2626/54/1
f 2629/54/2 2630/54/2 2631/54/2 2632/54/2
f 2625/54/3 2626/54/3 2630/54/3 2629/54/3
f 2628/54/4 2632/54/4 2631/54/4 2627/54/4
f 2625/54/5 2629/54/5 2632/54/5 2628/54/5
f 2626/54/6 2627/54/6 2631/54/6 2630/54/6
f 2633/54/1 2636/54/1 2635/54/1 2634/54/1
f 2637/54/2 2638/54/2 2639/54/2 2640/54/2
f 2633/54/3 2634/54/3 2638/54/3 2637/54/3
f 2636/54/4 2640/54/4 2639/54/4 2635/54/4
f 2633/54/5 2637/54/5 2640/54/5 2636/54/5
f 2634/54/6 2635/54/6 2639/54/6 2638/54/6
f 2641/54/1 2644/54/1 2643/54/1 2642/54/1
f 2645/54/2 2646/54/2 2647/54/2 2648/54/2
f 2641/54/3 2642/54/3 2646/54/3 2645/54/3
f 2644/54/4 2648/54/4 2647/54/4 2643/54/4
f 2641/54/5 2645/54/5 2648/54/5 2644/54/5
f 2642/54/6 2643/54/6 2647/54/6 2646/54/6
f 2649/54/1 2652/54/1 2651/54/1 2650/54/1
f 2653/54/2 2654/54/2 2655/54/2 2656/54/2
f 2649/54/3 2650/54/3 2654/54/3 2653/54/3
f 2652/54/4 2656/54/4 2655/54/4 2651/54/4
f 2649/54/5 2653/54/5 2656/54/5 2652/54/5
f 2650/54/6 2651/54/6 2655/54/6 2654/54/6
f 2657/54/1 2660/54/1 2659/54/1 2658/54/1
f 2661/54/2 2662/54/2 2663/54/2 2664/54/2
f 2657/54/3 2658/54/3 2662/54/3 2661/54/3
f 2660/54/4 2664/54/4 2663/54/4 2659/54/4
f 2657/54/5 2661/54/5 2664/54/5 2660/54/5
f 2658/54/6 2659/54/6 2663/54/6 2662/54/6
f 2665/54/1 2668/54/1 2667/54/1 2666/54/1
f 2669/54/2 2670/54/2 2671/54/2 2672/54/2
f 2665/54/3 2666/54/3 2670/54/3 2669/54/3
f 2668/54/4 2672/54/4 2671/54/4 2667/54/4
f 2665/54/5 2669/54/5 2672/54/5 2668/54/5
f 2666/54/6 2667/54/6 2671/54/6 2670/54/6
f 2673/39/1 2676/39/1 2675/39/1 2674/39/1
f 2677/39/2 2678/39/2 2679/39/2 2680/39/2
f 2673/39/3 2674/39/3 2678/39/3 2677/39/3
f 2676/39/4 2680/39/4 2679/39/4 2675/39/4
f 2673/39/5 2677/39/5 2680/39/5 2676/39/5
f 2674/39/6 2675/39/6 2679/39/6 2678/39/6
f 2681/39/1 2684/39/1 2683/39/1 2682/39/1
f 2685/39/2 2686/39/2 2687/39/2 2688/39/2
f 2681/39/3 2682/39/3 2686/39/3 2685/39/3
f 2684/39/4 2688/39/4 2687/39/4 2683/39/4
f 2681/39/5 2685/39/5 2688/39/5 2684/39/5
f 2682/39/6 2683/39/6 2687/39/6 2686/39/6
f 2689/30/1 2692/30/1 2691/30/1 2690/30/1
f 2693/30/2 2694/30/2 2695/30/2 2696/30/2
f 2689/30/3 2690/30/3 2694/30/3 2693/30/3
f 2692/30/4 2696/30/4 2695/30/4 2691/30/4
f 2689/30/5 2693/30/5 2696/30/5 2692/30/5
f 2690/30/6 2691/30/6 2695/30/6 2694/30/6
f 2697/30/1 2700/30/1 2699/30/1 2698/30/1
f 2701/30/2 2702/30/2 2703/30/2 2704/30/2
f 2697/30/3 2698/30/3 2702/30/3 2701/30/3
f 2700/30/4 2704/30/4 2703/30/4 2699/30/4
f 2697/30/5 2701/30/5 2704/30/5 2700/30/5
f 2698/30/6 2699/30/6 2703/30/6 2702/30/6
f 2705/54/1 2708/54/1 2707/54/1 2706/54/1
f 2709/54/2 2710/54/2 2711/54/2 2712/54/2
f 2705/54/3 2706/54/3 2710/54/3 2709/54/3
f 2708/54/4 2712/54/4 2711/54/4 2707/54/4
f 2705/54/5 2709/54/5 2712/54/5 2708/54/5
f 2706/54/6 2707/54/6 2711/54/6 2710/54/6
f 2713/54/1 2716/54/1 2715/54/1 2714/54/1
f 2717/54/2 2718/54/2 2719/54/2 2720/54/2
f 2713/54/3 2714/54/3 2718/54/3 2717/54/3
f 2716/54/4 2720/54/4 2719/54/4 2715/54/4
f 2713/54/5 2717/54/5 2720/54/5 2716/54/5
f 2714/54/6 2715/54/6 2719/54/6 2718/54/6
f 2721/54/1 2724/54/1 2723/54/1 2722/54/1
f 2725/54/2 2726/54/2 2727/54/2 2728/54/2
f 2721/54/3 2722/54/3 2726/54/3 2725/54/3
f 2724/54/4 2728/54/4 2727/54/4 2723/54/4
f 2721/54/5 2725/54/5 2728/54/5 2724/54/5
f 2722/54/6 2723/54/6 2727/54/6 2726/54/6
f 2729/54/1 2732/54/1 2731/54/1 2730/54/1
f 2733/54/2 2734/54/2 2735/54/2 2736/54/2
f 2729/54/3 2730/54/3 2734/54/3 2733/54/3
f 2732/54/4 2736/54/4 2735/54/4 2731/54/4
f 2729/54/5 2733/54/5 2736/54/5 2732/54/5
f 2730/54/6 2731/54/6 2735/54/6 2734/54/6
f 2737/45/1 2740/45/1 2739/45/1 2738/45/1
f 2741/45/2 2742/45/2 2743/45/2 2744/45/2
f 2737/45/3 2738/45/3 2742/45/3 2741/45/3
f 2740/45/4 2744/45/4 2743/45/4 2739/45/4
f 2737/45/5 2741/45/5 2744/45/5 2740/45/5
f 2738/45/6 2739/45/6 2743/45/6 2742/45/6
f 2745/45/1 2748/45/1 2747/45/1 2746/45/1
f 2749/45/2 2750/45/2 2751/45/2 2752/45/2
f 2745/45/3 2746/45/3 2750/45/3 2749/45/3
f 2748/45/4 2752/45/4 2751/45/4 2747/45/4
f 2745/45/5 2749/45/5 2752/45/5 2748/45/5
f 2746/45/6 2747/45/6 2751/45/6 2750/45/6
f 2753/54/1 2756/54/1 2755/54/1 2754/54/1
f 2757/54/2 2758/54/2 2759/54/2 2760/54/2
f 2753/54/3 2754/54/3 2758/54/3 2757/54/3
f 2756/54/4 2760/54/4 2759/54/4 2755/54/4
f 2753/54/5 2757/54/5 2760/54/5 2756/54/5
f 2754/54/6 2755/54/6 2759/54/6 2758/54/6
f 2761/54/1 2764/54/1 2763/54/1 2762/54/1
f 2765/54/2 2766/54/2 2767/54/2 2768/54/2
f 2761/54/3 2762/54/3 2766/54/3 2765/54/3
f 2764/54/4 2768/54/4 2767/54/4 2763/54/4
f 2761/54/5 2765/54/5 2768/54/5 2764/54/5
f 2762/54/6 2763/54/6 2767/54/6 2766/54/6
f 2769/54/1 2772/54/1 2771/54/1 2770/54/1
f 2773/54/2 2774/54/2 2775/54/2 2776/54/2
f 2769/54/3 2770/54/3 2774/54/3 2773/54/3
f 2772/54/4 2776/54/4 2775/54/4 2771/54/4
f 2769/54/5 2773/54/5 2776/54/5 2772/54/5
f 2770/54/6 2771/54/6 2775/54/6 2774/54/6
f 2777/54/1 2780/54/1 2779/54/1 2778/54/1
f 2781/54/2 2782/54/2 2783/54/2 2784/54/2
f 2777/54/3 2778/54/3 2782/54/3 2781/54/3
f 2780/54/4 2784/54/4 2783/54/4 2779/54/4
f 2777/54/5 2781/54/5 2784/54/5 2780/54/5
f 2778/54/6 2779/54/6 2783/54/6 2782/54/6
f 2785/54/1 2788/54/1 2787/54/1 2786/54/1
f 2789/54/2 2790/54/2 2791/54/2 2792/54/2
f 2785/54/3 2786/54/3 2790/54/3 2789/54/3
f 2788/54/4 2792/54/4 2791/54/4 2787/54/4
f 2785/54/5 2789/54/5 2792/54/5 2788/54/5
f 2786/54/6 2787/54/6 2791/54/6 2790/54/6
f 2793/54/1 2796/54/1 2795/54/1 2794/54/1
f 2797/54/2 2798/54/2 2799/54/2 2800/54/2
f 2793/54/3 2794/54/3 2798/54/3 2797/54/3
f 2796/54/4 2800/54/4 2799/54/4 2795/54/4
f 2793/54/5 2797/54/5 2800/54/5 2796/54/5
f 2794/54/6 2795/54/6 2799/54/6 2798/54/6
f 2801/54/1 2804/54/1 2803/54/1 2802/54/1
f 2805/54/2 2806/54/2 2807/54/2 2808/54/2
f 2801/54/3 2802/54/3 2806/54/3 2805/54/3
f 2804/54/4 2808/54/4 2807/54/4 2803/54/4
f 2801/54/5 2805/54/5 2808/54/5 2804/54/5
f 2802/54/6 2803/54/6 2807/54/6 2806/54/6
f 2809/54/1 2812/54/1 2811/54/1 2810/54/1
f 2813/54/2 2814/54/2 2815/54/2 2816/54/2
f 2809/54/3 2810/54/3 2814/54/3 2813/54/3
f 2812/54/4 2816/54/4 2815/54/4 2811/54/4
f 2809/54/5 2813/54/5 2816/54/5 2812/54/5
f 2810/54/6 2811/54/6 2815/54/6 2814/54/6
f 2817/54/1 2820/54/1 2819/54/1 2818/54/1
f 2821/54/2 2822/54/2 2823/54/2 2824/54/2
f 2817/54/3 2818/54/3 2822/54/3 2821/54/3
f 2820/54/4 2824/54/4 2823/54/4 2819/54/4
f 2817/54/5 2821/54/5 2824/54/5 2820/54/5
f 2818/54/6 2819/54/6 2823/54/6 2822/54/6
f 2825/54/1 2828/54/1 2827/54/1 2826/54/1
f 2829/54/2 2830/54/2 2831/54/2 2832/54/2
f 2825/54/3 2826/54/3 2830/54/3 2829/54/3
f 2828/54/4 2832/54/4 2831/54/4 2827/54/4
f 2825/54/5 2829/54/5 2832/54/5 2828/54/5
f 2826/54/6 2827/54/6 2831/54/6 2830/54/6
f 2833/54/1 2836/54/1 2835/54/1 2834/54/1
f 2837/54/2 2838/54/2 2839/54/2 2840/54/2
f 2833/54/3 2834/54/3 2838/54/3 2837/54/3
f 2836/54/4 2840/54/4 2839/54/4 2835/54/4
f 2833/54/5 2837/54/5 2840/54/5 2836/54/5
f 2834/54/6 2835/54/6 2839/54/6 2838/54/6
f 2841/54/1 2844/54/1 2843/54/1 2842/54/1
f 2845/54/2 2846/54/2 2847/54/2 2848/54/2
f 2841/54/3 2842/54/3 2846/54/3 2845/54/3
f 2844/54/4 2848/54/4 2847/54/4 2843/54/4
f 2841/54/5 2845/54/5 2848/54/5 2844/54/5
f 2842/54/6 2843/54/6 2847/54/6 2846/54/6
f 2849/54/1 2852/54/1 2851/54/1 2850/54/1
f 2853/54/2 2854/54/2 2855/54/2 2856/54/2
f 2849/54/3 2850/54/3 2854/54/3 2853/54/3
f 2852/54/4 2856/54/4 2855/54/4 2851/54/4
f 2849/54/5 2853/54/5 2856/54/5 2852/54/5
f 2850/54/6 2851/54/6 2855/54/6 2854/54/6
f 2857/54/1 2860/54/1 2859/54/1 2858/54/1
f 2861/54/2 2862/54/2 2863/54/2 2864/54/2
f 2857/54/3 2858/54/3 2862/54/3 2861/54/3
f 2860/54/4 2864/54/4 2863/54/4 2859/54/4
f 2857/54/5 2861/54/5 2864/54/5 2860/54/5
f 2858/54/6 2859/54/6 2863/54/6 2862/54/6
f 2865/54/1 2868/54/1 2867/54/1 2866/54/1
f 2869/54/2 2870/54/2 2871/54/2 2872/54/2
f 2865/54/3 2866/54/3 2870/54/3 2869/54/3
f 2868/54/4 2872/54/4 2871/54/4 2867/54/4
f 2865/54/5 2869/54/5 2872/54/5 2868/54/5
f 2866/54/6 2867/54/6 2871/54/6 2870/54/6
f 2873/54/1 2876/54/1 2875/54/1 2874/54/1
f 2877/54/2 2878/54/2 2879/54/2 2880/54/2
f 2873/54/3 2874/54/3 2878/54/3 2877/54/3
f 2876/54/4 2880/54/4 2879/54/4 2875/54/4
f 2873/54/5 2877/54/5 2880/54/5 2876/54/5
f 2874/54/6 2875/54/6 2879/54/6 2878/54/6
f 2881/54/1 2884/54/1 2883/54/1 2882/54/1
f 2885/54/2 2886/54/2 2887/54/2 2888/54/2
f 2881/54/3 2882/54/3 2886/54/3 2885/54/3
f 2884/54/4 2888/54/4 2887/54/4 2883/54/4
f 2881/54/5 2885/54/5 2888/54/5 2884/54/5
f 2882/54/6 2883/54/6 2887/54/6 2886/54/6
f 2889/54/1 2892/54/1 2891/54/1 2890/54/1
f 2893/54/2 2894/54/2 2895/54/2 2896/54/2
f 2889/54/3 2890/54/3 2894/54/3 2893/54/3
f 2892/54/4 2896/54/4 2895/54/4 2891/54/4
f 2889/54/5 2893/54/5 2896/54/5 2892/54/5
f 2890/54/6 2891/54/6 2895/54/6 2894/54/6
f 2897/54/1 2900/54/1 2899/54/1 2898/54/1
f 2901/54/2 2902/54/2 2903/54/2 2904/54/2
f 2897/54/3 2898/54/3 2902/54/3 2901/54/3
f 2900/54/4 2904/54/4 2903/54/4 2899/54/4
f 2897/54/5 2901/54/5 2904/54/5 2900/54/5
f 2898/54/6 2899/54/6 2903/54/6 2902/54/6
f 2905/54/1 2908/54/1 2907/54/1 2906/54/1
f 2909/54/2 2910/54/2 2911/54/2 2912/54/2
f 2905/54/3 2906/54/3 2910/54/3 2909/54/3
f 2908/54/4 2912/54/4 2911/54/4 2907/54/4
f 2905/54/5 2909/54/5 2912/54/5 2908/54/5
f 2906/54/6 2907/54/6 2911/54/6 2910/54/6
f 2913/54/1 2916/54/1 2915/54/1 2914/54/1
f 2917/54/2 2918/54/2 2919/54/2 2920/54/2
f 2913/54/3 2914/54/3 2918/54/3 2917/54/3
f 2916/54/4 2920/54/4 2919/54/4 2915/54/4
f 2913/54/5 2917/54/5 2920/54/5 2916/54/5
f 2914/54/6 2915/54/6 2919/54/6 2918/54/6
f 2921/54/1 2924/54/1 2923/54/1 2922/54/1
f 2925/54/2 2926/54/2 2927/54/2 2928/54/2
f 2921/54/3 2922/54/3 2926/54/3 2925/54/3
f 2924/54/4 2928/54/4 2927/54/4 2923/54/4
f 2921/54/5 2925/54/5 2928/54/5 2924/54/5
f 2922/54/6 2923/54/6 2927/54/6 2926/54/6
f 2929/54/1 2932/54/1 2931/54/1 2930/54/1
f 2933/54/2 2934/54/2 2935/54/2 2936/54/2
f 2929/54/3 2930/54/3 2934/54/3 2933/54/3
f 2932/54/4 2936/54/4 2935/54/4 2931/54/4
f 2929/54/5 2933/54/5 2936/54/5 2932/54/5
f 2930/54/6 2931/54/6 2935/54/6 2934/54/6
f 2937/54/1 2940/54/1 2939/54/1 2938/54/1
f 2941/54/2 2942/54/2 2943/54/2 2944/54/2
f 2937/54/3 2938/54/3 2942/54/3 2941/54/3
f 2940/54/4 2944/54/4 2943/54/4 2939/54/4
f 2937/54/5 2941/54/5 2944/54/5 2940/54/5
f 2938/54/6 2939/54/6 2943/54/6 2942/54/6
f 2945/54/1 2948/54/1 2947/54/1 2946/54/1
f 2949/54/2 2950/54/2 2951/54/2 2952/54/2
f 2945/54/3 2946/54/3 2950/54/3 2949/54/3
f 2948/54/4 2952/54/4 2951/54/4 2947/54/4
f 2945/54/5 2949/54/5 2952/54/5 2948/54/5
f 2946/54/6 2947/54/6 2951/54/6 2950/54/6
f 2953/54/1 2956/54/1 2955/54/1 2954/54/1
f 2957/54/2 2958/54/2 2959/54/2 2960/54/2
f 2953/54/3 2954/54/3 2958/54/3 2957/54/3
f 2956/54/4 2960/54/4 2959/54/4 2955/54/4
f 2953/54/5 2957/54/5 2960/54/5 2956/54/5
f 2954/54/6 2955/54/6 2959/54/6 2958/54/6
f 2961/54/1 2964/54/1 2963/54/1 2962/54/1
f 2965/54/2 2966/54/2 2967/54/2 2968/54/2
f 2961/54/3 2962/54/3 2966/54/3 2965/54/3
f 2964/54/4 2968/54/4 2967/54/4 2963/54/4
f 2961/54/5 2965/54/5 2968/54/5 2964/54/5
f 2962/54/6 2963/54/6 2967/54/6 2966/54/6
f 2969/54/1 2972/54/1 2971/54/1 2970/54/1
f 2973/54/2 2974/54/2 2975/54/2 2976/54/2
f 2969/54/3 2970/54/3 2974/54/3 2973/54/3
f 2972/54/4 2976/54/4 2975/54/4 2971/54/4
f 2969/54/5 2973/54/5 2976/54/5 2972/54/5
f 2970/54/6 2971/54/6 2975/54/6 2974/54/6
f 2977/54/1 2980/54/1 2979/54/1 2978/54/1
f 2981/54/2 2982/54/2 2983/54/2 2984/54/2
f 2977/54/3 2978/54/3 2982/54/3 2981/54/3
f 2980/54/4 2984/54/4 2983/54/4 2979/54/4
f 2977/54/5 2981/54/5 2984/54/5 2980/54/5
f 2978/54/6 2979/54/6 2983/54/6 2982/54/6
f 2985/54/1 2988/54/1 2987/54/1 2986/54/1
f 2989/54/2 2990/54/2 2991/54/2 2992/54/2
f 2985/54/3 2986/54/3 2990/54/3 2989/54/3
f 2988/54/4 2992/54/4 2991/54/4 2987/54/4
f 2985/54/5 2989/54/5 2992/54/5 2988/54/5
f 2986/54/6 2987/54/6 2991/54/6 2990/54/6
f 2993/54/1 2996/54/1 2995/54/1 2994/54/1
f 2997/54/2 2998/54/2 2999/54/2 3000/54/2
f 2993/54/3 2994/54/3 2998/54/3 2997/54/3
f 2996/54/4 3000/54/4 2999/54/4 2995/54/4
f 2993/54/5 2997/54/5 3000/54/5 2996/54/5
f 2994/54/6 2995/54/6 2999/54/6 2998/54/6
f 3001/54/1 3004/54/1 3003/54/1 3002/54/1
f 3005/54/2 3006/54/2 3007/54/2 3008/54/2
f 3001/54/3 3002/54/3 3006/54/3 3005/54/3
f 3004/54/4 3008/54/4 3007/54/4 3003/54/4
f 3001/54/5 3005/54/5 3008/54/5 3004/54/5
f 3002/54/6 3003/54/6 3007/54/6 3006/54/6
f 3009/54/1 3012/54/1 3011/54/1 3010/54/1
f 3013/54/2 3014/54/2 3015/54/2 3016/54/2
f 3009/54/3 3010/54/3 3014/54/3 3013/54/3
f 3012/54/4 3016/54/4 3015/54/4 3011/54/4
f 3009/54/5 3013/54/5 3016/54/5 3012/54/5
f 3010/54/6 3011/54/6 3015/54/6 3014/54/6
f 3017/54/1 3020/54/1 3019/54/1 3018/54/1
f 3021/54/2 3022/54/2 3023/54/2 3024/54/2
f 3017/54/3 3018/54/3 3022/54/3 3021/54/3
f 3020/54/4 3024/54/4 3023/54/4 3019/54/4
f 3017/54/5 3021/54/5 3024/54/5 3020/54/5
f 3018/54/6 3019/54/6 3023/54/6 3022/54/6
f 3025/54/1 3028/54/1 3027/54/1 3026/54/1
f 3029/54/2 3030/54/2 3031/54/2 3032/54/2
f 3025/54/3 3026/54/3 3030/54/3 3029/54/3
f 3028/54/4 3032/54/4 3031/54/4 3027/54/4
f 3025/54/5 3029/54/5 3032/54/5 3028/54/5
f 3026/54/6 3027/54/6 3031/54/6 3030/54/6
f 3033/54/1 3036/54/1 3035/54/1 3034/54/1
f 3037/54/2 3038/54/2 3039/54/2 3040/54/2
f 3033/54/3 3034/54/3 3038/54/3 3037/54/3
f 3036/54/4 3040/54/4 3039/54/4 3035/54/4
f 3033/54/5 3037/54/5 3040/54/5 3036/54/5
f 3034/54/6 3035/54/6 3039/54/6 3038/54/6
f 3041/54/1 3044/54/1 3043/54/1 3042/54/1
f 3045/54/2 3046/54/2 3047/54/2 3048/54/2
f 3041/54/3 3042/54/3 3046/54/3 3045/54/3
f 3044/54/4 3048/54/4 3047/54/4 3043/54/4
f 3041/54/5 3045/54/5 3048/54/5 3044/54/5
f 3042/54/6 3043/54/6 3047/54/6 3046/54/6
f 3049/54/1 3052/54/1 3051/54/1 3050/54/1
f 3053/54/2 3054/54/2 3055/54/2 3056/54/2
f 3049/54/3 3050/54/3 3054/54/3 3053/54/3
f 3052/54/4 3056/54/4 3055/54/4 3051/54/4
f 3049/54/5 3053/54/5 3056/54/5 3052/54/5
f 3050/54/6 3051/54/6 3055/54/6 3054/54/6
f 3057/54/1 3060/54/1 3059/54/1 3058/54/1
f 3061/54/2 3062/54/2 3063/54/2 3064/54/2
f 3057/54/3 3058/54/3 3062/54/3 3061/54/3
f 3060/54/4 3064/54/4 3063/54/4 3059/54/4
f 3057/54/5 3061/54/5 3064/54/5 3060/54/5
f 3058/54/6 3059/54/6 3063/54/6 3062/54/6
f 3065/54/1 3068/54/1 3067/54/1 3066/54/1
f 3069/54/2 3070/54/2 3071/54/2 3072/54/2
f 3065/54/3 3066/54/3 3070/54/3 3069/54/3
f 3068/54/4 3072/54/4 3071/54/4 3067/54/4
f 3065/54/5 3069/54/5 3072/54/5 3068/54/5
f 3066/54/6 3067/54/6 3071/54/6 3070/54/6
f 3073/54/1 3076/54/1 3075/54/1 3074/54/1
f 3077/54/2 3078/54/2 3079/54/2 3080/54/2
f 3073/54/3 3074/54/3 3078/54/3 3077/54/3
f 3076/54/4 3080/54/4 3079/54/4 3075/54/4
f 3073/54/5 3077/54/5 3080/54/5 3076/54/5
f 3074/54/6 3075/54/6 3079/54/6 3078/54/6
f 3081/54/1 3084/54/1 3083/54/1 3082/54/1
f 3085/54/2 3086/54/2 3087/54/2 3088/54/2
f 3081/54/3 3082/54/3 3086/54/3 3085/54/3
f 3084/54/4 3088/54/4 3087/54/4 3083/54/4
f 3081/54/5 3085/54/5 3088/54/5 3084/54/5
f 3082/54/6 3083/54/6 3087/54/6 3086/54/6
f 3089/54/1 3092/54/1 3091/54/1 3090/54/1
f 3093/54/2 3094/54/2 3095/54/2 3096/54/2
f 3089/54/3 3090/54/3 3094/54/3 3093/54/3
f 3092/54/4 3096/54/4 3095/54/4 3091/54/4
f 3089/54/5 3093/54/5 3096/54/5 3092/54/5
f 3090/54/6 3091/54/6 3095/54/6 3094/54/6
f 3097/54/1 3100/54/1 3099/54/1 3098/54/1
f 3101/54/2 3102/54/2 3103/54/2 3104/54/2
f 3097/54/3 3098/54/3 3102/54/3 3101/54/3
f 3100/54/4 3104/54/4 3103/54/4 3099/54/4
f 3097/54/5 3101/54/5 3104/54/5 3100/54/5
f 3098/54/6 3099/54/6 3103/54/6 3102/54/6
f 3105/54/1 3108/54/1 3107/54/1 3106/54/1
f 3109/54/2 3110/54/2 3111/54/2 3112/54/2
f 3105/54/3 3106/54/3 3110/54/3 3109/54/3
f 3108/54/4 3112/54/4 3111/54/4 3107/54/4
f 3105/54/5 3109/54/5 3112/54/5 3108/54/5
f 3106/54/6 3107/54/6 3111/54/6 3110/54/6
f 3113/54/1 3116/54/1 3115/54/1 3114/54/1
f 3117/54/2 3118/54/2 3119/54/2 3120/54/2
f 3113/54/3 3114/54/3 3118/54/3 3117/54/3
f 3116/54/4 3120/54/4 3119/54/4 3115/54/4
f 3113/54/5 3117/54/5 3120/54/5 3116/54/5
f 3114/54/6 3115/54/6 3119/54/6 3118/54/6
f 3121/54/1 3124/54/1 3123/54/1 3122/54/1
f 3125/54/2 3126/54/2 3127/54/2 3128/54/2
f 3121/54/3 3122/54/3 3126/54/3 3125/54/3
f 3124/54/4 3128/54/4 3127/54/4 3123/54/4
f 3121/54/5 3125/54/5 3128/54/5 3124/54/5
f 3122/54/6 3123/54/6 3127/54/6 3126/54/6
f 3129/54/1 3132/54/1 3131/54/1 3130/54/1
f 3133/54/2 3134/54/2 3135/54/2 3136/54/2
f 3129/54/3 3130/54/3 3134/54/3 3133/54/3
f 3132/54/4 3136/54/4 3135/54/4 3131/54/4
f 3129/54/5 3133/54/5 3136/54/5 3132/54/5
f 3130/54/6 3131/54/6 3135/54/6 3134/54/6
f 3137/54/1 3140/54/1 3139/54/1 3138/54/1
f 3141/54/2 3142/54/2 3143/54/2 3144/54/2
f 3137/54/3 3138/54/3 3142/54/3 3141/54/3
f 3140/54/4 3144/54/4 3143/54/4 3139/54/4
f 3137/54/5 3141/54/5 3144/54/5 3140/54/5
f 3138/54/6 3139/54/6 3143/54/6 3142/54/6
f 3145/54/1 3148/54/1 3147/54/1 3146/54/1
f 3149/54/2 3150/54/2 3151/54/2 3152/54/2
f 3145/54/3 3146/54/3 3150/54/3 3149/54/3
f 3148/54/4 3152/54/4 3151/54/4 3147/54/4
f 3145/54/5 3149/54/5 3152/54/5 3148/54/5
f 3146/54/6 3147/54/6 3151/54/6 3150/54/6
f 3153/39/1 3156/39/1 3155/39/1 3154/39/1
f 3157/39/2 3158/39/2 3159/39/2 3160/39/2
f 3153/39/3 3154/39/3 3158/39/3 3157/39/3
f 3156/39/4 3160/39/4 3159/39/4 3155/39/4
f 3153/39/5 3157/39/5 3160/39/5 3156/39/5
f 3154/39/6 3155/39/6 3159/39/6 3158/39/6
f 3161/39/1 3164/39/1 3163/39/1 3162/39/1
f 3165/39/2 3166/39/2 3167/39/2 3168/39/2
f 3161/39/3 3162/39/3 3166/39/3 3165/39/3
f 3164/39/4 3168/39/4 3167/39/4 3163/39/4
f 3161/39/5 3165/39/5 3168/39/5 3164/39/5
f 3162/39/6 3163/39/6 3167/39/6 3166/39/6
f 3169/30/1 3172/30/1 3171/30/1 3170/30/1
f 3173/30/2 3174/30/2 3175/30/2 3176/30/2
f 3169/30/3 3170/30/3 3174/30/3 3173/30/3
f 3172/30/4 3176/30/4 3175/30/4 3171/30/4
f 3169/30/5 3173/30/5 3176/30/5 3172/30/5
f 3170/30/6 3171/30/6 3175/30/6 3174/30/6
f 3177/30/1 3180/30/1 3179/30/1 3178/30/1
f 3181/30/2 3182/30/2 3183/30/2 3184/30/2
f 3177/30/3 3178/30/3 3182/30/3 3181/30/3
f 3180/30/4 3184/30/4 3183/30/4 3179/30/4
f 3177/30/5 3181/30/5 3184/30/5 3180/30/5
f 3178/30/6 3179/30/6 3183/30/6 3182/30/6
f 3185/54/1 3188/54/1 3187/54/1 3186/54/1
f 3189/54/2 3190/54/2 3191/54/2 3192/54/2
f 3185/54/3 3186/54/3 3190/54/3 3189/54/3
f 3188/54/4 3192/54/4 3191/54/4 3187/54/4
f 3185/54/5 3189/54/5 3192/54/5 3188/54/5
f 3186/54/6 3187/54/6 3191/54/6 3190/54/6
f 3193/54/1 3196/54/1 3195/54/1 3194/54/1
f 3197/54/2 3198/54/2 3199/54/2 3200/54/2
f 3193/54/3 3194/54/3 3198/54/3 3197/54/3
f 3196/54/4 3200/54/4 3199/54/4 3195/54/4
f 3193/54/5 3197/54/5 3200/54/5 3196/54/5
f 3194/54/6 3195/54/6 3199/54/6 3198/54/6
f 3201/54/1 3204/54/1 3203/54/1 3202/54/1
f 3205/54/2 3206/54/2 3207/54/2 3208/54/2
f 3201/54/3 3202/54/3 3206/54/3 3205/54/3
f 3204/54/4 3208/54/4 3207/54/4 3203/54/4
f 3201/54/5 3205/54/5 3208/54/5 3204/54/5
f 3202/54/6 3203/54/6 3207/54/6 3206/54/6
f 3209/54/1 3212/54/1 3211/54/1 3210/54/1
f 3213/54/2 3214/54/2 3215/54/2 3216/54/2
f 3209/54/3 3210/54/3 3214/54/3 3213/54/3
f 3212/54/4 3216/54/4 3215/54/4 3211/54/4
f 3209/54/5 3213/54/5 3216/54/5 3212/54/5
f 3210/54/6 3211/54/6 3215/54/6 3214/54/6
f 3217/45/1 3220/45/1 3219/45/1 3218/45/1
f 3221/45/2 3222/45/2 3223/45/2 3224/45/2
f 3217/45/3 3218/45/3 3222/45/3 3221/45/3
f 3220/45/4 3224/45/4 3223/45/4 3219/45/4
f 3217/45/5 3221/45/5 3224/45/5 3220/45/5
f 3218/45/6 3219/45/6 3223/45/6 3222/45/6
f 3225/45/1 3228/45/1 3227/45/1 3226/45/1
f 3229/45/2 3230/45/2 3231/45/2 3232/45/2
f 3225/45/3 3226/45/3 3230/45/3 3229/45/3
f 3228/45/4 3232/45/4 3231/45/4 3227/45/4
f 3225/45/5 3229/45/5 3232/45/5 3228/45/5
f 3226/45/6 3227/45/6 3231/45/6 3230/45/6
f 3233/54/1 3236/54/1 3235/54/1 3234/54/1
f 3237/54/2 3238/54/2 3239/54/2 3240/54/2
f 3233/54/3 3234/54/3 3238/54/3 3237/54/3
f 3236/54/4 3240/54/4 3239/54/4 3235/54/4
f 3233/54/5 3237/54/5 3240/54/5 3236/54/5
f 3234/54/6 3235/54/6 3239/54/6 3238/54/6
f 3241/54/1 3244/54/1 3243/54/1 3242/54/1
f 3245/54/2 3246/54/2 3247/54/2 3248/54/2
f 3241/54/3 3242/54/3 3246/54/3 3245/54/3
f 3244/54/4 3248/54/4 3247/54/4 3243/54/4
f 3241/54/5 3245/54/5 3248/54/5 3244/54/5
f 3242/54/6 3243/54/6 3247/54/6 3246/54/6
f 3249/54/1 3252/54/1 3251/54/1 3250/54/1
f 3253/54/2 3254/54/2 3255/54/2 3256/54/2
f 3249/54/3 3250/54/3 3254/54/3 3253/54/3
f 3252/54/4 3256/54/4 3255/54/4 3251/54/4
f 3249/54/5 3253/54/5 3256/54/5 3252/54/5
f 3250/54/6 3251/54/6 3255/54/6 3254/54/6
f 3257/54/1 3260/54/1 3259/54/1 3258/54/1
f 3261/54/2 3262/54/2 3263/54/2 3264/54/2
f 3257/54/3 3258/54/3 3262/54/3 3261/54/3
f 3260/54/4 3264/54/4 3263/54/4 3259/54/4
f 3257/54/5 3261/54/5 3264/54/5 3260/54/5
f 3258/54/6 3259/54/6 3263/54/6 3262/54/6
f 3265/54/1 3268/54/1 3267/54/1 3266/54/1
f 3269/54/2 3270/54/2 3271/54/2 3272/54/2
f 3265/54/3 3266/54/3 3270/54/3 3269/54/3
f 3268/54/4 3272/54/4 3271/54/4 3267/54/4
f 3265/54/5 3269/54/5 3272/54/5 3268/54/5
f 3266/54/6 3267/54/6 3271/54/6 3270/54/6
f 3273/54/1 3276/54/1 3275/54/1 3274/54/1
f 3277/54/2 3278/54/2 3279/54/2 3280/54/2
f 3273/54/3 3274/54/3 3278/54/3 3277/54/3
f 3276/54/4 3280/54/4 3279/54/4 3275/54/4
f 3273/54/5 3277/54/5 3280/54/5 3276/54/5
f 3274/54/6 3275/54/6 3279/54/6 3278/54/6
f 3281/54/1 3284/54/1 3283/54/1 3282/54/1
f 3285/54/2 3286/54/2 3287/54/2 3288/54/2
f 3281/54/3 3282/54/3 3286/54/3 3285/54/3
f 3284/54/4 3288/54/4 3287/54/4 3283/54/4
f 3281/54/5 3285/54/5 3288/54/5 3284/54/5
f 3282/54/6 3283/54/6 3287/54/6 3286/54/6
f 3289/54/1 3292/54/1 3291/54/1 3290/54/1
f 3293/54/2 3294/54/2 3295/54/2 3296/54/2
f 3289/54/3 3290/54/3 3294/54/3 3293/54/3
f 3292/54/4 3296/54/4 3295/54/4 3291/54/4
f 3289/54/5 3293/54/5 3296/54/5 3292/54/5
f 3290/54/6 3291/54/6 3295/54/6 3294/54/6
f 3297/54/1 3300/54/1 3299/54/1 3298/54/1
f 3301/54/2 3302/54/2 3303/54/2 3304/54/2
f 3297/54/3 3298/54/3 3302/54/3 3301/54/3
f 3300/54/4 3304/54/4 3303/54/4 3299/54/4
f 3297/54/5 3301/54/5 3304/54/5 3300/54/5
f 3298/54/6 3299/54/6 3303/54/6 3302/54/6
f 3305/54/1 3308/54/1 3307/54/1 3306/54/1
f 3309/54/2 3310/54/2 3311/54/2 3312/54/2
f 3305/54/3 3306/54/3 3310/54/3 3309/54/3
f 3308/54/4 3312/54/4 3311/54/4 3307/54/4
f 3305/54/5 3309/54/5 3312/54/5 3308/54/5
f 3306/54/6 3307/54/6 3311/54/6 3310/54/6
f 3313/54/1 3316/54/1 3315/54/1 3314/54/1
f 3317/54/2 3318/54/2 3319/54/2 3320/54/2
f 3313/54/3 3314/54/3 3318/54/3 3317/54/3
f 3316/54/4 3320/54/4 3319/54/4 3315/54/4
f 3313/54/5 3317/54/5 3320/54/5 3316/54/5
f 3314/54/6 3315/54/6 3319/54/6 3318/54/6
f 3321/54/1 3324/54/1 3323/54/1 3322/54/1
f 3325/54/2 3326/54/2 3327/54/2 3328/54/2
f 3321/54/3 3322/54/3 3326/54/3 3325/54/3
f 3324/54/4 3328/54/4 3327/54/4 3323/54/4
f 3321/54/5 3325/54/5 3328/54/5 3324/54/5
f 3322/54/6 3323/54/6 3327/54/6 3326/54/6
f 3329/54/1 3332/54/1 3331/54/1 3330/54/1
f 3333/54/2 3334/54/2 3335/54/2 3336/54/2
f 3329/54/3 3330/54/3 3334/54/3 3333/54/3
f 3332/54/4 3336/54/4 3335/54/4 3331/54/4
f 3329/54/5 3333/54/5 3336/54/5 3332/54/5
f 3330/54/6 3331/54/6 3335/54/6 3334/54/6
f 3337/54/1 3340/54/1 3339/54/1 3338/54/1
f 3341/54/2 3342/54/2 3343/54/2 3344/54/2
f 3337/54/3 3338/54/3 3342/54/3 3341/54/3
f 3340/54/4 3344/54/4 3343/54/4 3339/54/4
f 3337/54/5 3341/54/5 3344/54/5 3340/54/5
f 3338/54/6 3339/54/6 3343/54/6 3342/54/6
f 3345/54/1 3348/54/1 3347/54/1 3346/54/1
f 3349/54/2 3350/54/2 3351/54/2 3352/54/2
f 3345/54/3 3346/54/3 3350/54/3 3349/54/3
f 3348/54/4 3352/54/4 3351/54/4 3347/54/4
f 3345/54/5 3349/54/5 3352/54/5 3348/54/5
f 3346/54/6 3347/54/6 3351/54/6 3350/54/6
f 3353/54/1 3356/54/1 3355/54/1 3354/54/1
f 3357/54/2 3358/54/2 3359/54/2 3360/54/2
f 3353/54/3 3354/54/3 3358/54/3 3357/54/3
f 3356/54/4 3360/54/4 3359/54/4 3355/54/4
f 3353/54/5 3357/54/5 3360/54/5 3356/54/5
f 3354/54/6 3355/54/6 3359/54/6 3358/54/6
f 3361/54/1 3364/54/1 3363/54/1 3362/54/1
f 3365/54/2 3366/54/2 3367/54/2 3368/54/2
f 3361/54/3 3362/54/3 3366/54/3 3365/54/3
f 3364/54/4 3368/54/4 3367/54/4 3363/54/4
f 3361/54/5 3365/54/5 3368/54/5 3364/54/5
f 3362/54/6 3363/54/6 3367/54/6 3366/54/6
f 3369/54/1 3372/54/1 3371/54/1 3370/54/1
f 3373/54/2 3374/54/2 3375/54/2 3376/54/2
f 3369/54/3 3370/54/3 3374/54/3 3373/54/3
f 3372/54/4 3376/54/4 3375/54/4 3371/54/4
f 3369/54/5 3373/54/5 3376/54/5 3372/54/5
f 3370/54/6 3371/54/6 3375/54/6 3374/54/6
f 3377/54/1 3380/54/1 3379/54/1 3378/54/1
f 3381/54/2 3382/54/2 3383/54/2 3384/54/2
f 3377/54/3 3378/54/3 3382/54/3 3381/54/3
f 3380/54/4 3384/54/4 3383/54/4 3379/54/4
f 3377/54/5 3381/54/5 3384/54/5 3380/54/5
f 3378/54/6 3379/54/6 3383/54/6 3382/54/6
f 3385/54/1 3388/54/1 3387/54/1 3386/54/1
f 3389/54/2 3390/54/2 3391/54/2 3392/54/2
f 3385/54/3 3386/54/3 3390/54/3 3389/54/3
f 3388/54/4 3392/54/4 3391/54/4 3387/54/4
f 3385/54/5 3389/54/5 3392/54/5 3388/54/5
f 3386/54/6 3387/54/6 3391/54/6 3390/54/6
f 3393/54/1 3396/54/1 3395/54/1 3394/54/1
f 3397/54/2 3398/54/2 3399/54/2 3400/54/2
f 3393/54/3 3394/54/3 3398/54/3 3397/54/3
f 3396/54/4 3400/54/4 3399/54/4 3395/54/4
f 3393/54/5 3397/54/5 3400/54/5 3396/54/5
f 3394/54/6 3395/54/6 3399/54/6 3398/54/6
f 3401/54/1 3404/54/1 3403/54/1 3402/54/1
f 3405/54/2 3406/54/2 3407/54/2 3408/54/2
f 3401/54/3 3402/54/3 3406/54/3 3405/54/3
f 3404/54/4 3408/54/4 3407/54/4 3403/54/4
f 3401/54/5 3405/54/5 3408/54/5 3404/54/5
f 3402/54/6 3403/54/6 3407/54/6 3406/54/6
f 3409/54/1 3412/54/1 3411/54/1 3410/54/1
f 3413/54/2 3414/54/2 3415/54/2 3416/54/2
f 3409/54/3 3410/54/3 3414/54/3 3413/54/3
f 3412/54/4 3416/54/4 3415/54/4 3411/54/4
f 3409/54/5 3413/54/5 3416/54/5 3412/54/5
f 3410/54/6 3411/54/6 3415/54/6 3414/54/6
f 3417/54/1 3420/54/1 3419/54/1 3418/54/1
f 3421/54/2 3422/54/2 3423/54/2 3424/54/2
f 3417/54/3 3418/54/3 3422/54/3 3421/54/3
f 3420/54/4 3424/54/4 3423/54/4 3419/54/4
f 3417/54/5 3421/54/5 3424/54/5 3420/54/5
f 3418/54/6 3419/54/6 3423/54/6 3422/54/6
f 3425/54/1 3428/54/1 3427/54/1 3426/54/1
f 3429/54/2 3430/54/2 3431/54/2 3432/54/2
f 3425/54/3 3426/54/3 3430/54/3 3429/54/3
f 3428/54/4 3432/54/4 3431/54/4 3427/54/4
f 3425/54/5 3429/54/5 3432/54/5 3428/54/5
f 3426/54/6 3427/54/6 3431/54/6 3430/54/6
f 3433/54/1 3436/54/1 3435/54/1 3434/54/1
f 3437/54/2 3438/54/2 3439/54/2 3440/54/2
f 3433/54/3 3434/54/3 3438/54/3 3437/54/3
f 3436/54/4 3440/54/4 3439/54/4 3435/54/4
f 3433/54/5 3437/54/5 3440/54/5 3436/54/5
f 3434/54/6 3435/54/6 3439/54/6 3438/54/6
f 3441/54/1 3444/54/1 3443/54/1 3442/54/1
f 3445/54/2 3446/54/2 3447/54/2 3448/54/2
f 3441/54/3 3442/54/3 3446/54/3 3445/54/3
f 3444/54/4 3448/54/4 3447/54/4 3443/54/4
f 3441/54/5 3445/54/5 3448/54/5 3444/54/5
f 3442/54/6 3443/54/6 3447/54/6 3446/54/6
f 3449/54/1 3452/54/1 3451/54/1 3450/54/1
f 3453/54/2 3454/54/2 3455/54/2 3456/54/2
f 3449/54/3 3450/54/3 3454/54/3 3453/54/3
f 3452/54/4 3456/54/4 3455/54/4 3451/54/4
f 3449/54/5 3453/54/5 3456/54/5 3452/54/5
f 3450/54/6 3451/54/6 3455/54/6 3454/54/6
f 3457/54/1 3460/54/1 3459/54/1 3458/54/1
f 3461/54/2 3462/54/2 3463/54/2 3464/54/2
f 3457/54/3 3458/54/3 3462/54/3 3461/54/3
f 3460/54/4 3464/54/4 3463/54/4 3459/54/4
f 3457/54/5 3461/54/5 3464/54/5 3460/54/5
f 3458/54/6 3459/54/6 3463/54/6 3462/54/6
f 3465/54/1 3468/54/1 3467/54/1 3466/54/1
f 3469/54/2 3470/54/2 3471/54/2 3472/54/2
f 3465/54/3 3466/54/3 3470/54/3 3469/54/3
f 3468/54/4 3472/54/4 3471/54/4 3467/54/4
f 3465/54/5 3469/54/5 3472/54/5 3468/54/5
f 3466/54/6 3467/54/6 3471/54/6 3470/54/6
f 3473/54/1 3476/54/1 3475/54/1 3474/54/1
f 3477/54/2 3478/54/2 3479/54/2 3480/54/2
f 3473/54/3 3474/54/3 3478/54/3 3477/54/3
f 3476/54/4 3480/54/4 3479/54/4 3475/54/4
f 3473/54/5 3477/54/5 3480/54/5 3476/54/5
f 3474/54/6 3475/54/6 3479/54/6 3478/54/6
f 3481/54/1 3484/54/1 3483/54/1 3482/54/1
f 3485/54/2 3486/54/2 3487/54/2 3488/54/2
f 3481/54/3 3482/54/3 3486/54/3 3485/54/3
f 3484/54/4 3488/54/4 3487/54/4 3483/54/4
f 3481/54/5 3485/54/5 3488/54/5 3484/54/5
f 3482/54/6 3483/54/6 3487/54/6 3486/54/6
f 3489/54/1 3492/54/1 3491/54/1 3490/54/1
f 3493/54/2 3494/54/2 3495/54/2 3496/54/2
f 3489/54/3 3490/54/3 3494/54/3 3493/54/3
f 3492/54/4 3496/54/4 3495/54/4 3491/54/4
f 3489/54/5 3493/54/5 3496/54/5 3492/54/5
f 3490/54/6 3491/54/6 3495/54/6 3494/54/6
f 3497/54/1 3500/54/1 3499/54/1 3498/54/1
f 3501/54/2 3502/54/2 3503/54/2 3504/54/2
f 3497/54/3 3498/54/3 3502/54/3 3501/54/3
f 3500/54/4 3504/54/4 3503/54/4 3499/54/4
f 3497/54/5 3501/54/5 3504/54/5 3500/54/5
f 3498/54/6 3499/54/6 3503/54/6 3502/54/6
f 3505/54/1 3508/54/1 3507/54/1 3506/54/1
f 3509/54/2 3510/54/2 3511/54/2 3512/54/2
f 3505/54/3 3506/54/3 3510/54/3 3509/54/3
f 3508/54/4 3512/54/4 3511/54/4 3507/54/4
f 3505/54/5 3509/54/5 3512/54/5 3508/54/5
f 3506/54/6 3507/54/6 3511/54/6 3510/54/6
f 3513/54/1 3516/54/1 3515/54/1 3514/54/1
f 3517/54/2 3518/54/2 3519/54/2 3520/54/2
f 3513/54/3 3514/54/3 3518/54/3 3517/54/3
f 3516/54/4 3520/54/4 3519/54/4 3515/54/4
f 3513/54/5 3517/54/5 3520/54/5 3516/54/5
f 3514/54/6 3515/54/6 3519/54/6 3518/54/6
f 3521/54/1 3524/54/1 3523/54/1 3522/54/1
f 3525/54/2 3526/54/2 3527/54/2 3528/54/2
f 3521/54/3 3522/54/3 3526/54/3 3525/54/3
f 3524/54/4 3528/54/4 3527/54/4 3523/54/4
f 3521/54/5 3525/54/5 3528/54/5 3524/54/5
f 3522/54/6 3523/54/6 3527/54/6 3526/54/6
f 3529/54/1 3532/54/1 3531/54/1 3530/54/1
f 3533/54/2 3534/54/2 3535/54/2 3536/54/2
f 3529/54/3 3530/54/3 3534/54/3 3533/54/3
f 3532/54/4 3536/54/4 3535/54/4 3531/54/4
f 3529/54/5 3533/54/5 3536/54/5 3532/54/5
f 3530/54/6 3531/54/6 3535/54/6 3534/54/6
f 3537/54/1 3540/54/1 3539/54/1 3538/54/1
f 3541/54/2 3542/54/2 3543/54/2 3544/54/2
f 3537/54/3 3538/54/3 3542/54/3 3541/54/3
f 3540/54/4 3544/54/4 3543/54/4 3539/54/4
f 3537/54/5 3541/54/5 3544/54/5 3540/54/5
f 3538/54/6 3539/54/6 3543/54/6 3542/54/6
f 3545/54/1 3548/54/1 3547/54/1 3546/54/1
f 3549/54/2 3550/54/2 3551/54/2 3552/54/2
f 3545/54/3 3546/54/3 3550/54/3 3549/54/3
f 3548/54/4 3552/54/4 3551/54/4 3547/54/4
f 3545/54/5 3549/54/5 3552/54/5 3548/54/5
f 3546/54/6 3547/54/6 3551/54/6 3550/54/6
f 3553/54/1 3556/54/1 3555/54/1 3554/54/1
f 3557/54/2 3558/54/2 3559/54/2 3560/54/2
f 3553/54/3 3554/54/3 3558/54/3 3557/54/3
f 3556/54/4 3560/54/4 3559/54/4 3555/54/4
f 3553/54/5 3557/54/5 3560/54/5 3556/54/5
f 3554/54/6 3555/54/6 3559/54/6 3558/54/6
f 3561/54/1 3564/54/1 3563/54/1 3562/54/1
f 3565/54/2 3566/54/2 3567/54/2 3568/54/2
f 3561/54/3 3562/54/3 3566/54/3 3565/54/3
f 3564/54/4 3568/54/4 3567/54/4 3563/54/4
f 3561/54/5 3565/54/5 3568/54/5 3564/54/5
f 3562/54/6 3563/54/6 3567/54/6 3566/54/6
f 3569/54/1 3572/54/1 3571/54/1 3570/54/1
f 3573/54/2 3574/54/2 3575/54/2 3576/54/2
f 3569/54/3 3570/54/3 3574/54/3 3573/54/3
f 3572/54/4 3576/54/4 3575/54/4 3571/54/4
f 3569/54/5 3573/54/5 3576/54/5 3572/54/5
f 3570/54/6 3571/54/6 3575/54/6 3574/54/6
f 3577/54/1 3580/54/1 3579/54/1 3578/54/1
f 3581/54/2 3582/54/2 3583/54/2 3584/54/2
f 3577/54/3 3578/54/3 3582/54/3 3581/54/3
f 3580/54/4 3584/54/4 3583/54/4 3579/54/4
f 3577/54/5 3581/54/5 3584/54/5 3580/54/5
f 3578/54/6 3579/54/6 3583/54/6 3582/54/6
f 3585/54/1 3588/54/1 3587/54/1 3586/54/1
f 3589/54/2 3590/54/2 3591/54/2 3592/54/2
f 3585/54/3 3586/54/3 3590/54/3 3589/54/3
f 3588/54/4 3592/54/4 3591/54/4 3587/54/4
f 3585/54/5 3589/54/5 3592/54/5 3588/54/5
f 3586/54/6 3587/54/6 3591/54/6 3590/54/6
f 3593/54/1 3596/54/1 3595/54/1 3594/54/1
f 3597/54/2 3598/54/2 3599/54/2 3600/54/2
f 3593/54/3 3594/54/3 3598/54/3 3597/54/3
f 3596/54/4 3600/54/4 3599/54/4 3595/54/4
f 3593/54/5 3597/54/5 3600/54/5 3596/54/5
f 3594/54/6 3595/54/6 3599/54/6 3598/54/6
f 3601/54/1 3604/54/1 3603/54/1 3602/54/1
f 3605/54/2 3606/54/2 3607/54/2 3608/54/2
f 3601/54/3 3602/54/3 3606/54/3 3605/54/3
f 3604/54/4 3608/54/4 3607/54/4 3603/54/4
f 3601/54/5 3605/54/5 3608/54/5 3604/54/5
f 3602/54/6 3603/54/6 3607/54/6 3606/54/6
f 3609/54/1 3612/54/1 3611/54/1 3610/54/1
f 3613/54/2 3614/54/2 3615/54/2 3616/54/2
f 3609/54/3 3610/54/3 3614/54/3 3613/54/3
f 3612/54/4 3616/54/4 3615/54/4 3611/54/4
f 3609/54/5 3613/54/5 3616/54/5 3612/54/5
f 3610/54/6 3611/54/6 3615/54/6 3614/54/6
f 3617/54/1 3620/54/1 3619/54/1 3618/54/1
f 3621/54/2 3622/54/2 3623/54/2 3624/54/2
f 3617/54/3 3618/54/3 3622/54/3 3621/54/3
f 3620/54/4 3624/54/4 3623/54/4 3619/54/4
f 3617/54/5 3621/54/5 3624/54/5 3620/54/5
f 3618/54/6 3619/54/6 3623/54/6 3622/54/6
f 3625/54/1 3628/54/1 3627/54/1 3626/54/1
f 3629/54/2 3630/54/2 3631/54/2 3632/54/2
f 3625/54/3 3626/54/3 3630/54/3 3629/54/3
f 3628/54/4 3632/54/4 3631/54/4 3627/54/4
f 3625/54/5 3629/54/5 3632/54/5 3628/54/5
f 3626/54/6 3627/54/6 3631/54/6 3630/54/6
f 3633/54/1 3636/54/1 3635/54/1 3634/54/1
f 3637/54/2 3638/54/2 3639/54/2 3640/54/2
f 3633/54/3 3634/54/3 3638/54/3 3637/54/3
f 3636/54/4 3640/54/4 3639/54/4 3635/54/4
f 3633/54/5 3637/54/5 3640/54/5 3636/54/5
f 3634/54/6 3635/54/6 3639/54/6 3638/54/6
f 3641/54/1 3644/54/1 3643/54/1 3642/54/1
f 3645/54/2 3646/54/2 3647/54/2 3648/54/2
f 3641/54/3 3642/54/3 3646/54/3 3645/54/3
f 3644/54/4 3648/54/4 3647/54/4 3643/54/4
f 3641/54/5 3645/54/5 3648/54/5 3644/54/5
f 3642/54/6 3643/54/6 3647/54/6 3646/54/6
f 3649/54/1 3652/54/1 3651/54/1 3650/54/1
f 3653/54/2 3654/54/2 3655/54/2 3656/54/2
f 3649/54/3 3650/54/3 3654/54/3 3653/54/3
f 3652/54/4 3656/54/4 3655/54/4 3651/54/4
f 3649/54/5 3653/54/5 3656/54/5 3652/54/5
f 3650/54/6 3651/54/6 3655/54/6 3654/54/6
f 3657/54/1 3660/54/1 3659/54/1 3658/54/1
f 3661/54/2 3662/54/2 3663/54/2 3664/54/2
f 3657/54/3 3658/54/3 3662/54/3 3661/54/3
f 3660/54/4 3664/54/4 3663/54/4 3659/54/4
f 3657/54/5 3661/54/5 3664/54/5 3660/54/5
f 3658/54/6 3659/54/6 3663/54/6 3662/54/6
f 3665/54/1 3668/54/1 3667/54/1 3666/54/1
f 3669/54/2 3670/54/2 3671/54/2 3672/54/2
f 3665/54/3 3666/54/3 3670/54/3 3669/54/3
f 3668/54/4 3672/54/4 3671/54/4 3667/54/4
f 3665/54/5 3669/54/5 3672/54/5 3668/54/5
f 3666/54/6 3667/54/6 3671/54/6 3670/54/6
f 3673/54/1 3676/54/1 3675/54/1 3674/54/1
f 3677/54/2 3678/54/2 3679/54/2 3680/54/2
f 3673/54/3 3674/54/3 3678/54/3 3677/54/3
f 3676/54/4 3680/54/4 3679/54/4 3675/54/4
f 3673/54/5 3677/54/5 3680/54/5 3676/54/5
f 3674/54/6 3675/54/6 3679/54/6 3678/54/6
f 3681/54/1 3684/54/1 3683/54/1 3682/54/1
f 3685/54/2 3686/54/2 3687/54/2 3688/54/2
f 3681/54/3 3682/54/3 3686/54/3 3685/54/3
f 3684/54/4 3688/54/4 3687/54/4 3683/54/4
f 3681/54/5 3685/54/5 3688/54/5 3684/54/5
f 3682/54/6 3683/54/6 3687/54/6 3686/54/6
f 3689/54/1 3692/54/1 3691/54/1 3690/54/1
f 3693/54/2 3694/54/2 3695/54/2 3696/54/2
f 3689/54/3 3690/54/3 3694/54/3 3693/54/3
f 3692/54/4 3696/54/4 3695/54/4 3691/54/4
f 3689/54/5 3693/54/5 3696/54/5 3692/54/5
f 3690/54/6 3691/54/6 3695/54/6 3694/54/6
f 3697/54/1 3700/54/1 3699/54/1 3698/54/1
f 3701/54/2 3702/54/2 3703/54/2 3704/54/2
f 3697/54/3 3698/54/3 3702/54/3 3701/54/3
f 3700/54/4 3704/54/4 3703/54/4 3699/54/4
f 3697/54/5 3701/54/5 3704/54/5 3700/54/5
f 3698/54/6 3699/54/6 3703/54/6 3702/54/6
f 3705/54/1 3708/54/1 3707/54/1 3706/54/1
f 3709/54/2 3710/54/2 3711/54/2 3712/54/2
f 3705/54/3 3706/54/3 3710/54/3 3709/54/3
f 3708/54/4 3712/54/4 3711/54/4 3707/54/4
f 3705/54/5 3709/54/5 3712/54/5 3708/54/5
f 3706/54/6 3707/54/6 3711/54/6 3710/54/6
f 3713/54/1 3716/54/1 3715/54/1 3714/54/1
f 3717/54/2 3718/54/2 3719/54/2 3720/54/2
f 3713/54/3 3714/54/3 3718/54/3 3717/54/3
f 3716/54/4 3720/54/4 3719/54/4 3715/54/4
f 3713/54/5 3717/54/5 3720/54/5 3716/54/5
f 3714/54/6 3715/54/6 3719/54/6 3718/54/6
f 3721/54/1 3724/54/1 3723/54/1 3722/54/1
f 3725/54/2 3726/54/2 3727/54/2 3728/54/2
f 3721/54/3 3722/54/3 3726/54/3 3725/54/3
f 3724/54/4 3728/54/4 3727/54/4 3723/54/4
f 3721/54/5 3725/54/5 3728/54/5 3724/54/5
f 3722/54/6 3723/54/6 3727/54/6 3726/54/6
f 3729/54/1 3732/54/1 3731/54/1 3730/54/1
f 3733/54/2 3734/54/2 3735/54/2 3736/54/2
f 3729/54/3 3730/54/3 3734/54/3 3733/54/3
f 3732/54/4 3736/54/4 3735/54/4 3731/54/4
f 3729/54/5 3733/54/5 3736/54/5 3732/54/5
f 3730/54/6 3731/54/6 3735/54/6 3734/54/6
f 3737/54/1 3740/54/1 3739/54/1 3738/54/1
f 3741/54/2 3742/54/2 3743/54/2 3744/54/2
f 3737/54/3 3738/54/3 3742/54/3 3741/54/3
f 3740/54/4 3744/54/4 3743/54/4 3739/54/4
f 3737/54/5 3741/54/5 3744/54/5 3740/54/5
f 3738/54/6 3739/54/6 3743/54/6 3742/54/6
f 3745/54/1 3748/54/1 3747/54/1 3746/54/1
f 3749/54/2 3750/54/2 3751/54/2 3752/54/2
f 3745/54/3 3746/54/3 3750/54/3 3749/54/3
f 3748/54/4 3752/54/4 3751/54/4 3747/54/4
f 3745/54/5 3749/54/5 3752/54/5 3748/54/5
f 3746/54/6 3747/54/6 3751/54/6 3750/54/6
f 3753/54/1 3756/54/1 3755/54/1 3754/54/1
f 3757/54/2 3758/54/2 3759/54/2 3760/54/2
f 3753/54/3 3754/54/3 3758/54/3 3757/54/3
f 3756/54/4 3760/54/4 3759/54/4 3755/54/4
f 3753/54/5 3757/54/5 3760/54/5 3756/54/5
f 3754/54/6 3755/54/6 3759/54/6 3758/54/6
f 3761/39/1 3764/39/1 3763/39/1 3762/39/1
f 3765/39/2 3766/39/2 3767/39/2 3768/39/2
f 3761/39/3 3762/39/3 3766/39/3 3765/39/3
f 3764/39/4 3768/39/4 3767/39/4 3763/39/4
f 3761/39/5 3765/39/5 3768/39/5 3764/39/5
f 3762/39/6 3763/39/6 3767/39/6 3766/39/6
f 3769/30/1 3772/30/1 3771/30/1 3770/30/1
f 3773/30/2 3774/30/2 3775/30/2 3776/30/2
f 3769/30/3 3770/30/3 3774/30/3 3773/30/3
f 3772/30/4 3776/30/4 3775/30/4 3771/30/4
f 3769/30/5 3773/30/5 3776/30/5 3772/30/5
f 3770/30/6 3771/30/6 3775/30/6 3774/30/6
f 3777/52/1 3780/52/1 3779/52/1 3778/52/1
f 3781/52/2 3782/52/2 3783/52/2 3784/52/2
f 3777/52/3 3778/52/3 3782/52/3 3781/52/3
f 3780/52/4 3784/52/4 3783/52/4 3779/52/4
f 3777/52/5 3781/52/5 3784/52/5 3780/52/5
f 3778/52/6 3779/52/6 3783/52/6 3782/52/6
f 3785/52/1 3788/52/1 3787/52/1 3786/52/1
f 3789/52/2 3790/52/2 3791/52/2 3792/52/2
f 3785/52/3 3786/52/3 3790/52/3 3789/52/3
f 3788/52/4 3792/52/4 3791/52/4 3787/52/4
f 3785/52/5 3789/52/5 3792/52/5 3788/52/5
f 3786/52/6 3787/52/6 3791/52/6 3790/52/6
f 3793/31/1 3796/31/1 3795/31/1 3794/31/1
f 3797/31/2 3798/31/2 3799/31/2 3800/31/2
f 3793/31/3 3794/31/3 3798/31/3 3797/31/3
f 3796/31/4 3800/31/4 3799/31/4 3795/31/4
f 3793/31/5 3797/31/5 3800/31/5 3796/31/5
f 3794/31/6 3795/31/6 3799/31/6 3798/31/6
f 3801/55/1 3804/55/1 3803/55/1 3802/55/1
f 3805/55/2 3806/55/2 3807/55/2 3808/55/2
f 3801/55/3 3802/55/3 3806/55/3 3805/55/3
f 3804/55/4 3808/55/4 3807/55/4 3803/55/4
f 3801/55/5 3805/55/5 3808/55/5 3804/55/5
f 3802/55/6 3803/55/6 3807/55/6 3806/55/6
f 3809/31/1 3812/31/1 3811/31/1 3810/31/1
f 3813/31/2 3814/31/2 3815/31/2 3816/31/2
f 3809/31/3 3810/31/3 3814/31/3 3813/31/3
f 3812/31/4 3816/31/4 3815/31/4 3811/31/4
f 3809/31/5 3813/31/5 3816/31/5 3812/31/5
f 3810/31/6 3811/31/6 3815/31/6 3814/31/6
f 3817/55/1 3820/55/1 3819/55/1 3818/55/1
f 3821/55/2 3822/55/2 3823/55/2 3824/55/2
f 3817/55/3 3818/55/3 3822/55/3 3821/55/3
f 3820/55/4 3824/55/4 3823/55/4 3819/55/4
f 3817/55/5 3821/55/5 3824/55/5 3820/55/5
f 3818/55/6 3819/55/6 3823/55/6 3822/55/6
f 3825/31/1 3828/31/1 3827/31/1 3826/31/1
f 3829/31/2 3830/31/2 3831/31/2 3832/31/2
f 3825/31/3 3826/31/3 3830/31/3 3829/31/3
f 3828/31/4 3832/31/4 3831/31/4 3827/31/4
f 3825/31/5 3829/31/5 3832/31/5 3828/31/5
f 3826/31/6 3827/31/6 3831/31/6 3830/31/6
f 3833/52/1 3836/52/1 3835/52/1 3834/52/1
f 3837/52/2 3838/52/2 3839/52/2 3840/52/2
f 3833/52/3 3834/52/3 3838/52/3 3837/52/3
f 3836/52/4 3840/52/4 3839/52/4 3835/52/4
f 3833/52/5 3837/52/5 3840/52/5 3836/52/5
f 3834/52/6 3835/52/6 3839/52/6 3838/52/6
f 3841/55/1 3844/55/1 3843/55/1 3842/55/1
f 3845/55/2 3846/55/2 3847/55/2 3848/55/2
f 3841/55/3 3842/55/3 3846/55/3 3845/55/3
f 3844/55/4 3848/55/4 3847/55/4 3843/55/4
f 3841/55/5 3845/55/5 3848/55/5 3844/55/5
f 3842/55/6 3843/55/6 3847/55/6 3846/55/6
f 3849/31/1 3852/31/1 3851/31/1 3850/31/1
f 3853/31/2 3854/31/2 3855/31/2 3856/31/2
f 3849/31/3 3850/31/3 3854/31/3 3853/31/3
f 3852/31/4 3856/31/4 3855/31/4 3851/31/4
f 3849/31/5 3853/31/5 3856/31/5 3852/31/5
f 3850/31/6 3851/31/6 3855/31/6 3854/31/6
f 3857/55/1 3860/55/1 3859/55/1 3858/55/1
f 3861/55/2 3862/55/2 3863/55/2 3864/55/2
f 3857/55/3 3858/55/3 3862/55/3 3861/55/3
f 3860/55/4 3864/55/4 3863/55/4 3859/55/4
f 3857/55/5 3861/55/5 3864/55/5 3860/55/5
f 3858/55/6 3859/55/6 3863/55/6 3862/55/6
f 3865/31/1 3868/31/1 3867/31/1 3866/31/1
f 3869/31/2 3870/31/2 3871/31/2 3872/31/2
f 3865/31/3 3866/31/3 3870/31/3 3869/31/3
f 3868/31/4 3872/31/4 3871/31/4 3867/31/4
f 3865/31/5 3869/31/5 3872/31/5 3868/31/5
f 3866/31/6 3867/31/6 3871/31/6 3870/31/6
f 3873/52/1 3876/52/1 3875/52/1 3874/52/1
f 3877/52/2 3878/52/2 3879/52/2 3880/52/2
f 3873/52/3 3874/52/3 3878/52/3 3877/52/3
f 3876/52/4 3880/52/4 3879/52/4 3875/52/4
f 3873/52/5 3877/52/5 3880/52/5 3876/52/5
f 3874/52/6 3875/52/6 3879/52/6 3878/52/6
f 3881/56/1 3884/56/1 3883/56/1 3882/56/1
f 3885/56/2 3886/56/2 3887/56/2 3888/56/2
f 3881/56/3 3882/56/3 3886/56/3 3885/56/3
f 3884/56/4 3888/56/4 3887/56/4 3883/56/4
f 3881/56/5 3885/56/5 3888/56/5 3884/56/5
f 3882/56/6 3883/56/6 3887/56/6 3886/56/6
f 3889/56/1 3892/56/1 3891/56/1 3890/56/1
f 3893/56/2 3894/56/2 3895/56/2 3896/56/2
f 3889/56/3 3890/56/3 3894/56/3 3893/56/3
f 3892/56/4 3896/56/4 3895/56/4 3891/56/4
f 3889/56/5 3893/56/5 3896/56/5 3892/56/5
f 3890/56/6 3891/56/6 3895/56/6 3894/56/6
f 3897/56/1 3900/56/1 3899/56/1 3898/56/1
f 3901/56/2 3902/56/2 3903/56/2 3904/56/2
f 3897/56/3 3898/56/3 3902/56/3 3901/56/3
f 3900/56/4 3904/56/4 3903/56/4 3899/56/4
f 3897/56/5 3901/56/5 3904/56/5 3900/56/5
f 3898/56/6 3899/56/6 3903/56/6 3902/56/6
f 3905/56/1 3908/56/1 3907/56/1 3906/56/1
f 3909/56/2 3910/56/2 3911/56/2 3912/56/2
f 3905/56/3 3906/56/3 3910/56/3 3909/56/3
f 3908/56/4 3912/56/4 3911/56/4 3907/56/4
f 3905/56/5 3909/56/5 3912/56/5 3908/56/5
f 3906/56/6 3907/56/6 3911/56/6 3910/56/6
f 3913/56/1 3916/56/1 3915/56/1 3914/56/1
f 3917/56/2 3918/56/2 3919/56/2 3920/56/2
f 3913/56/3 3914/56/3 3918/56/3 3917/56/3
f 3916/56/4 3920/56/4 3919/56/4 3915/56/4
f 3913/56/5 3917/56/5 3920/56/5 3916/56/5
f 3914/56/6 3915/56/6 3919/56/6 3918/56/6
f 3921/56/1 3924/56/1 3923/56/1 3922/56/1
f 3925/56/2 3926/56/2 3927/56/2 3928/56/2
f 3921/56/3 3922/56/3 3926/56/3 3925/56/3
f 3924/56/4 3928/56/4 3927/56/4 3923/56/4
f 3921/56/5 3925/56/5 3928/56/5 3924/56/5
f 3922/56/6 3923/56/6 3927/56/6 3926/56/6
f 3929/56/1 3932/56/1 3931/56/1 3930/56/1
f 3933/56/2 3934/56/2 3935/56/2 3936/56/2
f 3929/56/3 3930/56/3 3934/56/3 3933/56/3
f 3932/56/4 3936/56/4 3935/56/4 3931/56/4
f 3929/56/5 3933/56/5 3936/56/5 3932/56/5
f 3930/56/6 3931/56/6 3935/56/6 3934/56/6
f 3937/56/1 3940/56/1 3939/56/1 3938/56/1
f 3941/56/2 3942/56/2 3943/56/2 3944/56/2
f 3937/56/3 3938/56/3 3942/56/3 3941/56/3
f 3940/56/4 3944/56/4 3943/56/4 3939/56/4
f 3937/56/5 3941/56/5 3944/56/5 3940/56/5
f 3938/56/6 3939/56/6 3943/56/6 3942/56/6
f 3945/56/1 3948/56/1 3947/56/1 3946/56/1
f 3949/56/2 3950/56/2 3951/56/2 3952/56/2
f 3945/56/3 3946/56/3 3950/56/3 3949/56/3
f 3948/56/4 3952/56/4 3951/56/4 3947/56/4
f 3945/56/5 3949/56/5 3952/56/5 3948/56/5
f 3946/56/6 3947/56/6 3951/56/6 3950/56/6
f 3953/56/1 3956/56/1 3955/56/1 3954/56/1
f 3957/56/2 3958/56/2 3959/56/2 3960/56/2
f 3953/56/3 3954/56/3 3958/56/3 3957/56/3
f 3956/56/4 3960/56/4 3959/56/4 3955/56/4
f 3953/56/5 3957/56/5 3960/56/5 3956/56/5
f 3954/56/6 3955/56/6 3959/56/6 3958/56/6
f 3961/56/1 3964/56/1 3963/56/1 3962/56/1
f 3965/56/2 3966/56/2 3967/56/2 3968/56/2
f 3961/56/3 3962/56/3 3966/56/3 3965/56/3
f 3964/56/4 3968/56/4 3967/56/4 3963/56/4
f 3961/56/5 3965/56/5 3968/56/5 3964/56/5
f 3962/56/6 3963/56/6 3967/56/6 3966/56/6
f 3969/56/1 3972/56/1 3971/56/1 3970/56/1
f 3973/56/2 3974/56/2 3975/56/2 3976/56/2
f 3969/56/3 3970/56/3 3974/56/3 3973/56/3
f 3972/56/4 3976/56/4 3975/56/4 3971/56/4
f 3969/56/5 3973/56/5 3976/56/5 3972/56/5
f 3970/56/6 3971/56/6 3975/56/6 3974/56/6
f 3977/56/1 3980/56/1 3979/56/1 3978/56/1
f 3981/56/2 3982/56/2 3983/56/2 3984/56/2
f 3977/56/3 3978/56/3 3982/56/3 3981/56/3
f 3980/56/4 3984/56/4 3983/56/4 3979/56/4
f 3977/56/5 3981/56/5 3984/56/5 3980/56/5
f 3978/56/6 3979/56/6 3983/56/6 3982/56/6
f 3985/56/1 3988/56/1 3987/56/1 3986/56/1
f 3989/56/2 3990/56/2 3991/56/2 3992/56/2
f 3985/56/3 3986/56/3 3990/56/3 3989/56/3
f 3988/56/4 3992/56/4 3991/56/4 3987/56/4
f 3985/56/5 3989/56/5 3992/56/5 3988/56/5
f 3986/56/6 3987/56/6 3991/56/6 3990/56/6
f 3993/56/1 3996/56/1 3995/56/1 3994/56/1
f 3997/56/2 3998/56/2 3999/56/2 4000/56/2
f 3993/56/3 3994/56/3 3998/56/3 3997/56/3
f 3996/56/4 4000/56/4 3999/56/4 3995/56/4
f 3993/56/5 3997/56/5 4000/56/5 3996/56/5
f 3994/56/6 3995/56/6 3999/56/6 3998/56/6
f 4001/56/1 4004/56/1 4003/56/1 4002/56/1
f 4005/56/2 4006/56/2 4007/56/2 4008/56/2
f 4001/56/3 4002/56/3 4006/56/3 4005/56/3
f 4004/56/4 4008/56/4 4007/56/4 4003/56/4
f 4001/56/5 4005/56/5 4008/56/5 4004/56/5
f 4002/56/6 4003/56/6 4007/56/6 4006/56/6
f 4009/56/1 4012/56/1 4011/56/1 4010/56/1
f 4013/56/2 4014/56/2 4015/56/2 4016/56/2
f 4009/56/3 4010/56/3 4014/56/3 4013/56/3
f 4012/56/4 4016/56/4 4015/56/4 4011/56/4
f 4009/56/5 4013/56/5 4016/56/5 4012/56/5
f 4010/56/6 4011/56/6 4015/56/6 4014/56/6
f 4017/56/1 4020/56/1 4019/56/1 4018/56/1
f 4021/56/2 4022/56/2 4023/56/2 4024/56/2
f 4017/56/3 4018/56/3 4022/56/3 4021/56/3
f 4020/56/4 4024/56/4 4023/56/4 4019/56/4
f 4017/56/5 4021/56/5 4024/56/5 4020/56/5
f 4018/56/6 4019/56/6 4023/56/6 4022/56/6
f 4025/56/1 4028/56/1 4027/56/1 4026/56/1
f 4029/56/2 4030/56/2 4031/56/2 4032/56/2
f 4025/56/3 4026/56/3 4030/56/3 4029/56/3
f 4028/56/4 4032/56/4 4031/56/4 4027/56/4
f 4025/56/5 4029/56/5 4032/56/5 4028/56/5
f 4026/56/6 4027/56/6 4031/56/6 4030/56/6
f 4033/56/1 4036/56/1 4035/56/1 4034/56/1
f 4037/56/2 4038/56/2 4039/56/2 4040/56/2
f 4033/56/3 4034/56/3 4038/56/3 4037/56/3
f 4036/56/4 4040/56/4 4039/56/4 4035/56/4
f 4033/56/5 4037/56/5 4040/56/5 4036/56/5
f 4034/56/6 4035/56/6 4039/56/6 4038/56/6
f 4041/56/1 4044/56/1 4043/56/1 4042/56/1
f 4045/56/2 4046/56/2 4047/56/2 4048/56/2
f 4041/56/3 4042/56/3 4046/56/3 4045/56/3
f 4044/56/4 4048/56/4 4047/56/4 4043/56/4
f 4041/56/5 4045/56/5 4048/56/5 4044/56/5
f 4042/56/6 4043/56/6 4047/56/6 4046/56/6
f 4049/56/1 4052/56/1 4051/56/1 4050/56/1
f 4053/56/2 4054/56/2 4055/56/2 4056/56/2
f 4049/56/3 4050/56/3 4054/56/3 4053/56/3
f 4052/56/4 4056/56/4 4055/56/4 4051/56/4
f 4049/56/5 4053/56/5 4056/56/5 4052/56/5
f 4050/56/6 4051/56/6 4055/56/6 4054/56/6
f 4057/56/1 4060/56/1 4059/56/1 4058/56/1
f 4061/56/2 4062/56/2 4063/56/2 4064/56/2
f 4057/56/3 4058/56/3 4062/56/3 4061/56/3
f 4060/56/4 4064/56/4 4063/56/4 4059/56/4
f 4057/56/5 4061/56/5 4064/56/5 4060/56/5
f 4058/56/6 4059/56/6 4063/56/6 4062/56/6
f 4065/56/1 4068/56/1 4067/56/1 4066/56/1
f 4069/56/2 4070/56/2 4071/56/2 4072/56/2
f 4065/56/3 4066/56/3 4070/56/3 4069/56/3
f 4068/56/4 4072/56/4 4071/56/4 4067/56/4
f 4065/56/5 4069/56/5 4072/56/5 4068/56/5
f 4066/56/6 4067/56/6 4071/56/6 4070/56/6
f 4073/56/1 4076/56/1 4075/56/1 4074/56/1
f 4077/56/2 4078/56/2 4079/56/2 4080/56/2
f 4073/56/3 4074/56/3 4078/56/3 4077/56/3
f 4076/56/4 4080/56/4 4079/56/4 4075/56/4
f 4073/56/5 4077/56/5 4080/56/5 4076/56/5
f 4074/56/6 4075/56/6 4079/56/6 4078/56/6
f 4081/56/1 4084/56/1 4083/56/1 4082/56/1
f 4085/56/2 4086/56/2 4087/56/2 4088/56/2
f 4081/56/3 4082/56/3 4086/56/3 4085/56/3
f 4084/56/4 4088/56/4 4087/56/4 4083/56/4
f 4081/56/5 4085/56/5 4088/56/5 4084/56/5
f 4082/56/6 4083/56/6 4087/56/6 4086/56/6
f 4089/56/1 4092/56/1 4091/56/1 4090/56/1
f 4093/56/2 4094/56/2 4095/56/2 4096/56/2
f 4089/56/3 4090/56/3 4094/56/3 4093/56/3
f 4092/56/4 4096/56/4 4095/56/4 4091/56/4
f 4089/56/5 4093/56/5 4096/56/5 4092/56/5
f 4090/56/6 4091/56/6 4095/56/6 4094/56/6
f 4097/56/1 4100/56/1 4099/56/1 4098/56/1
f 4101/56/2 4102/56/2 4103/56/2 4104/56/2
f 4097/56/3 4098/56/3 4102/56/3 4101/56/3
f 4100/56/4 4104/56/4 4103/56/4 4099/56/4
f 4097/56/5 4101/56/5 4104/56/5 4100/56/5
f 4098/56/6 4099/56/6 4103/56/6 4102/56/6
f 4105/56/1 4108/56/1 4107/56/1 4106/56/1
f 4109/56/2 4110/56/2 4111/56/2 4112/56/2
f 4105/56/3 4106/56/3 4110/56/3 4109/56/3
f 4108/56/4 4112/56/4 4111/56/4 4107/56/4
f 4105/56/5 4109/56/5 4112/56/5 4108/56/5
f 4106/56/6 4107/56/6 4111/56/6 4110/56/6
f 4113/39/1 4116/39/1 4115/39/1 4114/39/1
f 4117/39/2 4118/39/2 4119/39/2 4120/39/2
f 4113/39/3 4114/39/3 4118/39/3 4117/39/3
f 4116/39/4 4120/39/4 4119/39/4 4115/39/4
f 4113/39/5 4117/39/5 4120/39/5 4116/39/5
f 4114/39/6 4115/39/6 4119/39/6 4118/39/6
f 4121/39/1 4124/39/1 4123/39/1 4122/39/1
f 4125/39/2 4126/39/2 4127/39/2 4128/39/2
f 4121/39/3 4122/39/3 4126/39/3 4125/39/3
f 4124/39/4 4128/39/4 4127/39/4 4123/39/4
f 4121/39/5 4125/39/5 4128/39/5 4124/39/5
f 4122/39/6 4123/39/6 4127/39/6 4126/39/6
f 4129/30/1 4132/30/1 4131/30/1 4130/30/1
f 4133/30/2 4134/30/2 4135/30/2 4136/30/2
f 4129/30/3 4130/30/3 4134/30/3 4133/30/3
f 4132/30/4 4136/30/4 4135/30/4 4131/30/4
f 4129/30/5 4133/30/5 4136/30/5 4132/30/5
f 4130/30/6 4131/30/6 4135/30/6 4134/30/6
f 4137/30/1 4140/30/1 4139/30/1 4138/30/1
f 4141/30/2 4142/30/2 4143/30/2 4144/30/2
f 4137/30/3 4138/30/3 4142/30/3 4141/30/3
f 4140/30/4 4144/30/4 4143/30/4 4139/30/4
f 4137/30/5 4141/30/5 4144/30/5 4140/30/5
f 4138/30/6 4139/30/6 4143/30/6 4142/30/6
f 4145/52/1 4148/52/1 4147/52/1 4146/52/1
f 4149/52/2 4150/52/2 4151/52/2 4152/52/2
f 4145/52/3 4146/52/3 4150/52/3 4149/52/3
f 4148/52/4 4152/52/4 4151/52/4 4147/52/4
f 4145/52/5 4149/52/5 4152/52/5 4148/52/5
f 4146/52/6 4147/52/6 4151/52/6 4150/52/6
f 4153/52/1 4156/52/1 4155/52/1 4154/52/1
f 4157/52/2 4158/52/2 4159/52/2 4160/52/2
f 4153/52/3 4154/52/3 4158/52/3 4157/52/3
f 4156/52/4 4160/52/4 4159/52/4 4155/52/4
f 4153/52/5 4157/52/5 4160/52/5 4156/52/5
f 4154/52/6 4155/52/6 4159/52/6 4158/52/6
f 4161/52/1 4164/52/1 4163/52/1 4162/52/1
f 4165/52/2 4166/52/2 4167/52/2 4168/52/2
f 4161/52/3 4162/52/3 4166/52/3 4165/52/3
f 4164/52/4 4168/52/4 4167/52/4 4163/52/4
f 4161/52/5 4165/52/5 4168/52/5 4164/52/5
f 4162/52/6 4163/52/6 4167/52/6 4166/52/6
f 4169/52/1 4172/52/1 4171/52/1 4170/52/1
f 4173/52/2 4174/52/2 4175/52/2 4176/52/2
f 4169/52/3 4170/52/3 4174/52/3 4173/52/3
f 4172/52/4 4176/52/4 4175/52/4 4171/52/4
f 4169/52/5 4173/52/5 4176/52/5 4172/52/5
f 4170/52/6 4171/52/6 4175/52/6 4174/52/6
f 4177/52/1 4180/52/1 4179/52/1 4178/52/1
f 4181/52/2 4182/52/2 4183/52/2 4184/52/2
f 4177/52/3 4178/52/3 4182/52/3 4181/52/3
f 4180/52/4 4184/52/4 4183/52/4 4179/52/4
f 4177/52/5 4181/52/5 4184/52/5 4180/52/5
f 4178/52/6 4179/52/6 4183/52/6 4182/52/6
f 4185/52/1 4188/52/1 4187/52/1 4186/52/1
f 4189/52/2 4190/52/2 4191/52/2 4192/52/2
f 4185/52/3 4186/52/3 4190/52/3 4189/52/3
f 4188/52/4 4192/52/4 4191/52/4 4187/52/4
f 4185/52/5 4189/52/5 4192/52/5 4188/52/5
f 4186/52/6 4187/52/6 4191/52/6 4190/52/6
f 4193/52/1 4196/52/1 4195/52/1 4194/52/1
f 4197/52/2 4198/52/2 4199/52/2 4200/52/2
f 4193/52/3 4194/52/3 4198/52/3 4197/52/3
f 4196/52/4 4200/52/4 4199/52/4 4195/52/4
f 4193/52/5 4197/52/5 4200/52/5 4196/52/5
f 4194/52/6 4195/52/6 4199/52/6 4198/52/6
f 4201/52/1 4204/52/1 4203/52/1 4202/52/1
f 4205/52/2 4206/52/2 4207/52/2 4208/52/2
f 4201/52/3 4202/52/3 4206/52/3 4205/52/3
f 4204/52/4 4208/52/4 4207/52/4 4203/52/4
f 4201/52/5 4205/52/5 4208/52/5 4204/52/5
f 4202/52/6 4203/52/6 4207/52/6 4206/52/6
f 4209/52/1 4212/52/1 4211/52/1 4210/52/1
f 4213/52/2 4214/52/2 4215/52/2 4216/52/2
f 4209/52/3 4210/52/3 4214/52/3 4213/52/3
f 4212/52/4 4216/52/4 4215/52/4 4211/52/4
f 4209/52/5 4213/52/5 4216/52/5 4212/52/5
f 4210/52/6 4211/52/6 4215/52/6 4214/52/6
f 4217/52/1 4220/52/1 4219/52/1 4218/52/1
f 4221/52/2 4222/52/2 4223/52/2 4224/52/2
f 4217/52/3 4218/52/3 4222/52/3 4221/52/3
f 4220/52/4 4224/52/4 4223/52/4 4219/52/4
f 4217/52/5 4221/52/5 4224/52/5 4220/52/5
f 4218/52/6 4219/52/6 4223/52/6 4222/52/6
f 4225/52/1 4228/52/1 4227/52/1 4226/52/1
f 4229/52/2 4230/52/2 4231/52/2 4232/52/2
f 4225/52/3 4226/52/3 4230/52/3 4229/52/3
f 4228/52/4 4232/52/4 4231/52/4 4227/52/4
f 4225/52/5 4229/52/5 4232/52/5 4228/52/5
f 4226/52/6 4227/52/6 4231/52/6 4230/52/6
f 4233/52/1 4236/52/1 4235/52/1 4234/52/1
f 4237/52/2 4238/52/2 4239/52/2 4240/52/2
f 4233/52/3 4234/52/3 4238/52/3 4237/52/3
f 4236/52/4 4240/52/4 4239/52/4 4235/52/4
f 4233/52/5 4237/52/5 4240/52/5 4236/52/5
f 4234/52/6 4235/52/6 4239/52/6 4238/52/6
f 4241/52/1 4244/52/1 4243/52/1 4242/52/1
f 4245/52/2 4246/52/2 4247/52/2 4248/52/2
f 4241/52/3 4242/52/3 4246/52/3 4245/52/3
f 4244/52/4 4248/52/4 4247/52/4 4243/52/4
f 4241/52/5 4245/52/5 4248/52/5 4244/52/5
f 4242/52/6 4243/52/6 4247/52/6 4246/52/6
f 4249/52/1 4252/52/1 4251/52/1 4250/52/1
f 4253/52/2 4254/52/2 4255/52/2 4256/52/2
f 4249/52/3 4250/52/3 4254/52/3 4253/52/3
f 4252/52/4 4256/52/4 4255/52/4 4251/52/4
f 4249/52/5 4253/52/5 4256/52/5 4252/52/5
f 4250/52/6 4251/52/6 4255/52/6 4254/52/6
f 4257/52/1 4260/52/1 4259/52/1 4258/52/1
f 4261/52/2 4262/52/2 4263/52/2 4264/52/2
f 4257/52/3 4258/52/3 4262/52/3 4261/52/3
f 4260/52/4 4264/52/4 4263/52/4 4259/52/4
f 4257/52/5 4261/52/5 4264/52/5 4260/52/5
f 4258/52/6 4259/52/6 4263/52/6 4262/52/6
f 4265/52/1 4268/52/1 4267/52/1 4266/52/1
f 4269/52/2 4270/52/2 4271/52/2 4272/52/2
f 4265/52/3 4266/52/3 4270/52/3 4269/52/3
f 4268/52/4 4272/52/4 4271/52/4 4267/52/4
f 4265/52/5 4269/52/5 4272/52/5 4268/52/5
f 4266/52/6 4267/52/6 4271/52/6 4270/52/6
f 4273/52/1 4276/52/1 4275/52/1 4274/52/1
f 4277/52/2 4278/52/2 4279/52/2 4280/52/2
f 4273/52/3 4274/52/3 4278/52/3 4277/52/3
f 4276/52/4 4280/52/4 4279/52/4 4275/52/4
f 4273/52/5 4277/52/5 4280/52/5 4276/52/5
f 4274/52/6 4275/52/6 4279/52/6 4278/52/6
f 4281/52/1 4284/52/1 4283/52/1 4282/52/1
f 4285/52/2 4286/52/2 4287/52/2 4288/52/2
f 4281/52/3 4282/52/3 4286/52/3 4285/52/3
f 4284/52/4 4288/52/4 4287/52/4 4283/52/4
f 4281/52/5 4285/52/5 4288/52/5 4284/52/5
f 4282/52/6 4283/52/6 4287/52/6 4286/52/6
f 4289/52/1 4292/52/1 4291/52/1 4290/52/1
f 4293/52/2 4294/52/2 4295/52/2 4296/52/2
f 4289/52/3 4290/52/3 4294/52/3 4293/52/3
f 4292/52/4 4296/52/4 4295/52/4 4291/52/4
f 4289/52/5 4293/52/5 4296/52/5 4292/52/5
f 4290/52/6 4291/52/6 4295/52/6 4294/52/6
f 4297/52/1 4300/52/1 4299/52/1 4298/52/1
f 4301/52/2 4302/52/2 4303/52/2 4304/52/2
f 4297/52/3 4298/52/3 4302/52/3 4301/52/3
f 4300/52/4 4304/52/4 4303/52/4 4299/52/4
f 4297/52/5 4301/52/5 4304/52/5 4300/52/5
f 4298/52/6 4299/52/6 4303/52/6 4302/52/6
f 4305/52/1 4308/52/1 4307/52/1 4306/52/1
f 4309/52/2 4310/52/2 4311/52/2 4312/52/2
f 4305/52/3 4306/52/3 4310/52/3 4309/52/3
f 4308/52/4 4312/52/4 4311/52/4 4307/52/4
f 4305/52/5 4309/52/5 4312/52/5 4308/52/5
f 4306/52/6 4307/52/6 4311/52/6 4310/52/6
f 4313/52/1 4316/52/1 4315/52/1 4314/52/1
f 4317/52/2 4318/52/2 4319/52/2 4320/52/2
f 4313/52/3 4314/52/3 4318/52/3 4317/52/3
f 4316/52/4 4320/52/4 4319/52/4 4315/52/4
f 4313/52/5 4317/52/5 4320/52/5 4316/52/5
f 4314/52/6 4315/52/6 4319/52/6 4318/52/6
f 4321/52/1 4324/52/1 4323/52/1 4322/52/1
f 4325/52/2 4326/52/2 4327/52/2 4328/52/2
f 4321/52/3 4322/52/3 4326/52/3 4325/52/3
f 4324/52/4 4328/52/4 4327/52/4 4323/52/4
f 4321/52/5 4325/52/5 4328/52/5 4324/52/5
f 4322/52/6 4323/52/6 4327/52/6 4326/52/6
f 4329/52/1 4332/52/1 4331/52/1 4330/52/1
f 4333/52/2 4334/52/2 4335/52/2 4336/52/2
f 4329/52/3 4330/52/3 4334/52/3 4333/52/3
f 4332/52/4 4336/52/4 4335/52/4 4331/52/4
f 4329/52/5 4333/52/5 4336/52/5 4332/52/5
f 4330/52/6 4331/52/6 4335/52/6 4334/52/6
f 4337/56/1 4340/56/1 4339/56/1 4338/56/1
f 4341/56/2 4342/56/2 4343/56/2 4344/56/2
f 4337/56/3 4338/56/3 4342/56/3 4341/56/3
f 4340/56/4 4344/56/4 4343/56/4 4339/56/4
f 4337/56/5 4341/56/5 4344/56/5 4340/56/5
f 4338/56/6 4339/56/6 4343/56/6 4342/56/6
f 4345/56/1 4348/56/1 4347/56/1 4346/56/1
f 4349/56/2 4350/56/2 4351/56/2 4352/56/2
f 4345/56/3 4346/56/3 4350/56/3 4349/56/3
f 4348/56/4 4352/56/4 4351/56/4 4347/56/4
f 4345/56/5 4349/56/5 4352/56/5 4348/56/5
f 4346/56/6 4347/56/6 4351/56/6 4350/56/6
f 4353/56/1 4356/56/1 4355/56/1 4354/56/1
f 4357/56/2 4358/56/2 4359/56/2 4360/56/2
f 4353/56/3 4354/56/3 4358/56/3 4357/56/3
f 4356/56/4 4360/56/4 4359/56/4 4355/56/4
f 4353/56/5 4357/56/5 4360/56/5 4356/56/5
f 4354/56/6 4355/56/6 4359/56/6 4358/56/6
f 4361/56/1 4364/56/1 4363/56/1 4362/56/1
f 4365/56/2 4366/56/2 4367/56/2 4368/56/2
f 4361/56/3 4362/56/3 4366/56/3 4365/56/3
f 4364/56/4 4368/56/4 4367/56/4 4363/56/4
f 4361/56/5 4365/56/5 4368/56/5 4364/56/5
f 4362/56/6 4363/56/6 4367/56/6 4366/56/6
f 4369/56/1 4372/56/1 4371/56/1 4370/56/1
f 4373/56/2 4374/56/2 4375/56/2 4376/56/2
f 4369/56/3 4370/56/3 4374/56/3 4373/56/3
f 4372/56/4 4376/56/4 4375/56/4 4371/56/4
f 4369/56/5 4373/56/5 4376/56/5 4372/56/5
f 4370/56/6 4371/56/6 4375/56/6 4374/56/6
f 4377/56/1 4380/56/1 4379/56/1 4378/56/1
f 4381/56/2 4382/56/2 4383/56/2 4384/56/2
f 4377/56/3 4378/56/3 4382/56/3 4381/56/3
f 4380/56/4 4384/56/4 4383/56/4 4379/56/4
f 4377/56/5 4381/56/5 4384/56/5 4380/56/5
f 4378/56/6 4379/56/6 4383/56/6 4382/56/6
f 4385/56/1 4388/56/1 4387/56/1 4386/56/1
f 4389/56/2 4390/56/2 4391/56/2 4392/56/2
f 4385/56/3 4386/56/3 4390/56/3 4389/56/3
f 4388/56/4 4392/56/4 4391/56/4 4387/56/4
f 4385/56/5 4389/56/5 4392/56/5 4388/56/5
f 4386/56/6 4387/56/6 4391/56/6 4390/56/6
f 4393/56/1 4396/56/1 4395/56/1 4394/56/1
f 4397/56/2 4398/56/2 4399/56/2 4400/56/2
f 4393/56/3 4394/56/3 4398/56/3 4397/56/3
f 4396/56/4 4400/56/4 4399/56/4 4395/56/4
f 4393/56/5 4397/56/5 4400/56/5 4396/56/5
f 4394/56/6 4395/56/6 4399/56/6 4398/56/6
f 4401/56/1 4404/56/1 4403/56/1 4402/56/1
f 4405/56/2 4406/56/2 4407/56/2 4408/56/2
f 4401/56/3 4402/56/3 4406/56/3 4405/56/3
f 4404/56/4 4408/56/4 4407/56/4 4403/56/4
f 4401/56/5 4405/56/5 4408/56/5 4404/56/5
f 4402/56/6 4403/56/6 4407/56/6 4406/56/6
f 4409/56/1 4412/56/1 4411/56/1 4410/56/1
f 4413/56/2 4414/56/2 4415/56/2 4416/56/2
f 4409/56/3 4410/56/3 4414/56/3 4413/56/3
f 4412/56/4 4416/56/4 4415/56/4 4411/56/4
f 4409/56/5 4413/56/5 4416/56/5 4412/56/5
f 4410/56/6 4411/56/6 4415/56/6 4414/56/6
f 4417/56/1 4420/56/1 4419/56/1 4418/56/1
f 4421/56/2 4422/56/2 4423/56/2 4424/56/2
f 4417/56/3 4418/56/3 4422/56/3 4421/56/3
f 4420/56/4 4424/56/4 4423/56/4 4419/56/4
f 4417/56/5 4421/56/5 4424/56/5 4420/56/5
f 4418/56/6 4419/56/6 4423/56/6 4422/56/6
f 4425/56/1 4428/56/1 4427/56/1 4426/56/1
f 4429/56/2 4430/56/2 4431/56/2 4432/56/2
f 4425/56/3 4426/56/3 4430/56/3 4429/56/3
f 4428/56/4 4432/56/4 4431/56/4 4427/56/4
f 4425/56/5 4429/56/5 4432/56/5 4428/56/5
f 4426/56/6 4427/56/6 4431/56/6 4430/56/6
f 4433/56/1 4436/56/1 4435/56/1 4434/56/1
f 4437/56/2 4438/56/2 4439/56/2 4440/56/2
f 4433/56/3 4434/56/3 4438/56/3 4437/56/3
f 4436/56/4 4440/56/4 4439/56/4 4435/56/4
f 4433/56/5 4437/56/5 4440/56/5 4436/56/5
f 4434/56/6 4435/56/6 4439/56/6 4438/56/6
f 4441/56/1 4444/56/1 4443/56/1 4442/56/1
f 4445/56/2 4446/56/2 4447/56/2 4448/56/2
f 4441/56/3 4442/56/3 4446/56/3 4445/56/3
f 4444/56/4 4448/56/4 4447/56/4 4443/56/4
f 4441/56/5 4445/56/5 4448/56/5 4444/56/5
f 4442/56/6 4443/56/6 4447/56/6 4446/56/6
f 4449/56/1 4452/56/1 4451/56/1 4450/56/1
f 4453/56/2 4454/56/2 4455/56/2 4456/56/2
f 4449/56/3 4450/56/3 4454/56/3 4453/56/3
f 4452/56/4 4456/56/4 4455/56/4 4451/56/4
f 4449/56/5 4453/56/5 4456/56/5 4452/56/5
f 4450/56/6 4451/56/6 4455/56/6 4454/56/6
f 4457/56/1 4460/56/1 4459/56/1 4458/56/1
f 4461/56/2 4462/56/2 4463/56/2 4464/56/2
f 4457/56/3 4458/56/3 4462/56/3 4461/56/3
f 4460/56/4 4464/56/4 4463/56/4 4459/56/4
f 4457/56/5 4461/56/5 4464/56/5 4460/56/5
f 4458/56/6 4459/56/6 4463/56/6 4462/56/6
f 4465/56/1 4468/56/1 4467/56/1 4466/56/1
f 4469/56/2 4470/56/2 4471/56/2 4472/56/2
f 4465/56/3 4466/56/3 4470/56/3 4469/56/3
f 4468/56/4 4472/56/4 4471/56/4 4467/56/4
f 4465/56/5 4469/56/5 4472/56/5 4468/56/5
f 4466/56/6 4467/56/6 4471/56/6 4470/56/6
f 4473/56/1 4476/56/1 4475/56/1 4474/56/1
f 4477/56/2 4478/56/2 4479/56/2 4480/56/2
f 4473/56/3 4474/56/3 4478/56/3 4477/56/3
f 4476/56/4 4480/56/4 4479/56/4 4475/56/4
f 4473/56/5 4477/56/5 4480/56/5 4476/56/5
f 4474/56/6 4475/56/6 4479/56/6 4478/56/6
f 4481/56/1 4484/56/1 4483/56/1 4482/56/1
f 4485/56/2 4486/56/2 4487/56/2 4488/56/2
f 4481/56/3 4482/56/3 4486/56/3 4485/56/3
f 4484/56/4 4488/56/4 4487/56/4 4483/56/4
f 4481/56/5 4485/56/5 4488/56/5 4484/56/5
f 4482/56/6 4483/56/6 4487/56/6 4486/56/6
f 4489/56/1 4492/56/1 4491/56/1 4490/56/1
f 4493/56/2 4494/56/2 4495/56/2 4496/56/2
f 4489/56/3 4490/56/3 4494/56/3 4493/56/3
f 4492/56/4 4496/56/4 4495/56/4 4491/56/4
f 4489/56/5 4493/56/5 4496/56/5 4492/56/5
f 4490/56/6 4491/56/6 4495/56/6 4494/56/6
f 4497/56/1 4500/56/1 4499/56/1 4498/56/1
f 4501/56/2 4502/56/2 4503/56/2 4504/56/2
f 4497/56/3 4498/56/3 4502/56/3 4501/56/3
f 4500/56/4 4504/56/4 4503/56/4 4499/56/4
f 4497/56/5 4501/56/5 4504/56/5 4500/56/5
f 4498/56/6 4499/56/6 4503/56/6 4502/56/6
f 4505/56/1 4508/56/1 4507/56/1 4506/56/1
f 4509/56/2 4510/56/2 4511/56/2 4512/56/2
f 4505/56/3 4506/56/3 4510/56/3 4509/56/3
f 4508/56/4 4512/56/4 4511/56/4 4507/56/4
f 4505/56/5 4509/56/5 4512/56/5 4508/56/5
f 4506/56/6 4507/56/6 4511/56/6 4510/56/6
f 4513/56/1 4516/56/1 4515/56/1 4514/56/1
f 4517/56/2 4518/56/2 4519/56/2 4520/56/2
f 4513/56/3 4514/56/3 4518/56/3 4517/56/3
f 4516/56/4 4520/56/4 4519/56/4 4515/56/4
f 4513/56/5 4517/56/5 4520/56/5 4516/56/5
f 4514/56/6 4515/56/6 4519/56/6 4518/56/6
f 4521/56/1 4524/56/1 4523/56/1 4522/56/1
f 4525/56/2 4526/56/2 4527/56/2 4528/56/2
f 4521/56/3 4522/56/3 4526/56/3 4525/56/3
f 4524/56/4 4528/56/4 4527/56/4 4523/56/4
f 4521/56/5 4525/56/5 4528/56/5 4524/56/5
f 4522/56/6 4523/56/6 4527/56/6 4526/56/6
f 4529/56/1 4532/56/1 4531/56/1 4530/56/1
f 4533/56/2 4534/56/2 4535/56/2 4536/56/2
f 4529/56/3 4530/56/3 4534/56/3 4533/56/3
f 4532/56/4 4536/56/4 4535/56/4 4531/56/4
f 4529/56/5 4533/56/5 4536/56/5 4532/56/5
f 4530/56/6 4531/56/6 4535/56/6 4534/56/6
f 4537/56/1 4540/56/1 4539/56/1 4538/56/1
f 4541/56/2 4542/56/2 4543/56/2 4544/56/2
f 4537/56/3 4538/56/3 4542/56/3 4541/56/3
f 4540/56/4 4544/56/4 4543/56/4 4539/56/4
f 4537/56/5 4541/56/5 4544/56/5 4540/56/5
f 4538/56/6 4539/56/6 4543/56/6 4542/56/6
f 4545/56/1 4548/56/1 4547/56/1 4546/56/1
f 4549/56/2 4550/56/2 4551/56/2 4552/56/2
f 4545/56/3 4546/56/3 4550/56/3 4549/56/3
f 4548/56/4 4552/56/4 4551/56/4 4547/56/4
f 4545/56/5 4549/56/5 4552/56/5 4548/56/5
f 4546/56/6 4547/56/6 4551/56/6 4550/56/6
f 4553/56/1 4556/56/1 4555/56/1 4554/56/1
f 4557/56/2 4558/56/2 4559/56/2 4560/56/2
f 4553/56/3 4554/56/3 4558/56/3 4557/56/3
f 4556/56/4 4560/56/4 4559/56/4 4555/56/4
f 4553/56/5 4557/56/5 4560/56/5 4556/56/5
f 4554/56/6 4555/56/6 4559/56/6 4558/56/6
f 4561/56/1 4564/56/1 4563/56/1 4562/56/1
f 4565/56/2 4566/56/2 4567/56/2 4568/56/2
f 4561/56/3 4562/56/3 4566/56/3 4565/56/3
f 4564/56/4 4568/56/4 4567/56/4 4563/56/4
f 4561/56/5 4565/56/5 4568/56/5 4564/56/5
f 4562/56/6 4563/56/6 4567/56/6 4566/56/6
f 4569/56/1 4572/56/1 4571/56/1 4570/56/1
f 4573/56/2 4574/56/2 4575/56/2 4576/56/2
f 4569/56/3 4570/56/3 4574/56/3 4573/56/3
f 4572/56/4 4576/56/4 4575/56/4 4571/56/4
f 4569/56/5 4573/56/5 4576/56/5 4572/56/5
f 4570/56/6 4571/56/6 4575/56/6 4574/56/6
f 4577/56/1 4580/56/1 4579/56/1 4578/56/1
f 4581/56/2 4582/56/2 4583/56/2 4584/56/2
f 4577/56/3 4578/56/3 4582/56/3 4581/56/3
f 4580/56/4 4584/56/4 4583/56/4 4579/56/4
f 4577/56/5 4581/56/5 4584/56/5 4580/56/5
f 4578/56/6 4579/56/6 4583/56/6 4582/56/6
f 4585/56/1 4588/56/1 4587/56/1 4586/56/1
f 4589/56/2 4590/56/2 4591/56/2 4592/56/2
f 4585/56/3 4586/56/3 4590/56/3 4589/56/3
f 4588/56/4 4592/56/4 4591/56/4 4587/56/4
f 4585/56/5 4589/56/5 4592/56/5 4588/56/5
f 4586/56/6 4587/56/6 4591/56/6 4590/56/6
f 4593/56/1 4596/56/1 4595/56/1 4594/56/1
f 4597/56/2 4598/56/2 4599/56/2 4600/56/2
f 4593/56/3 4594/56/3 4598/56/3 4597/56/3
f 4596/56/4 4600/56/4 4599/56/4 4595/56/4
f 4593/56/5 4597/56/5 4600/56/5 4596/56/5
f 4594/56/6 4595/56/6 4599/56/6 4598/56/6
f 4601/56/1 4604/56/1 4603/56/1 4602/56/1
f 4605/56/2 4606/56/2 4607/56/2 4608/56/2
f 4601/56/3 4602/56/3 4606/56/3 4605/56/3
f 4604/56/4 4608/56/4 4607/56/4 4603/56/4
f 4601/56/5 4605/56/5 4608/56/5 4604/56/5
f 4602/56/6 4603/56/6 4607/56/6 4606/56/6
f 4609/56/1 4612/56/1 4611/56/1 4610/56/1
f 4613/56/2 4614/56/2 4615/56/2 4616/56/2
f 4609/56/3 4610/56/3 4614/56/3 4613/56/3
f 4612/56/4 4616/56/4 4615/56/4 4611/56/4
f 4609/56/5 4613/56/5 4616/56/5 4612/56/5
f 4610/56/6 4611/56/6 4615/56/6 4614/56/6
f 4617/56/1 4620/56/1 4619/56/1 4618/56/1
f 4621/56/2 4622/56/2 4623/56/2 4624/56/2
f 4617/56/3 4618/56/3 4622/56/3 4621/56/3
f 4620/56/4 4624/56/4 4623/56/4 4619/56/4
f 4617/56/5 4621/56/5 4624/56/5 4620/56/5
f 4618/56/6 4619/56/6 4623/56/6 4622/56/6
f 4625/56/1 4628/56/1 4627/56/1 4626/56/1
f 4629/56/2 4630/56/2 4631/56/2 4632/56/2
f 4625/56/3 4626/56/3 4630/56/3 4629/56/3
f 4628/56/4 4632/56/4 4631/56/4 4627/56/4
f 4625/56/5 4629/56/5 4632/56/5 4628/56/5
f 4626/56/6 4627/56/6 4631/56/6 4630/56/6
f 4633/56/1 4636/56/1 4635/56/1 4634/56/1
f 4637/56/2 4638/56/2 4639/56/2 4640/56/2
f 4633/56/3 4634/56/3 4638/56/3 4637/56/3
f 4636/56/4 4640/56/4 4639/56/4 4635/56/4
f 4633/56/5 4637/56/5 4640/56/5 4636/56/5
f 4634/56/6 4635/56/6 4639/56/6 4638/56/6
f 4641/56/1 4644/56/1 4643/56/1 4642/56/1
f 4645/56/2 4646/56/2 4647/56/2 4648/56/2
f 4641/56/3 4642/56/3 4646/56/3 4645/56/3
f 4644/56/4 4648/56/4 4647/56/4 4643/56/4
f 4641/56/5 4645/56/5 4648/56/5 4644/56/5
f 4642/56/6 4643/56/6 4647/56/6 4646/56/6
f 4649/56/1 4652/56/1 4651/56/1 4650/56/1
f 4653/56/2 4654/56/2 4655/56/2 4656/56/2
f 4649/56/3 4650/56/3 4654/56/3 4653/56/3
f 4652/56/4 4656/56/4 4655/56/4 4651/56/4
f 4649/56/5 4653/56/5 4656/56/5 4652/56/5
f 4650/56/6 4651/56/6 4655/56/6 4654/56/6
f 4657/56/1 4660/56/1 4659/56/1 4658/56/1
f 4661/56/2 4662/56/2 4663/56/2 4664/56/2
f 4657/56/3 4658/56/3 4662/56/3 4661/56/3
f 4660/56/4 4664/56/4 4663/56/4 4659/56/4
f 4657/56/5 4661/56/5 4664/56/5 4660/56/5
f 4658/56/6 4659/56/6 4663/56/6 4662/56/6
f 4665/56/1 4668/56/1 4667/56/1 4666/56/1
f 4669/56/2 4670/56/2 4671/56/2 4672/56/2
f 4665/56/3 4666/56/3 4670/56/3 4669/56/3
f 4668/56/4 4672/56/4 4671/56/4 4667/56/4
f 4665/56/5 4669/56/5 4672/56/5 4668/56/5
f 4666/56/6 4667/56/6 4671/56/6 4670/56/6
f 4673/56/1 4676/56/1 4675/56/1 4674/56/1
f 4677/56/2 4678/56/2 4679/56/2 4680/56/2
f 4673/56/3 4674/56/3 4678/56/3 4677/56/3
f 4676/56/4 4680/56/4 4679/56/4 4675/56/4
f 4673/56/5 4677/56/5 4680/56/5 4676/56/5
f 4674/56/6 4675/56/6 4679/56/6 4678/56/6
f 4681/56/1 4684/56/1 4683/56/1 4682/56/1
f 4685/56/2 4686/56/2 4687/56/2 4688/56/2
f 4681/56/3 4682/56/3 4686/56/3 4685/56/3
f 4684/56/4 4688/56/4 4687/56/4 4683/56/4
f 4681/56/5 4685/56/5 4688/56/5 4684/56/5
f 4682/56/6 4683/56/6 4687/56/6 4686/56/6
f 4689/56/1 4692/56/1 4691/56/1 4690/56/1
f 4693/56/2 4694/56/2 4695/56/2 4696/56/2
f 4689/56/3 4690/56/3 4694/56/3 4693/56/3
f 4692/56/4 4696/56/4 4695/56/4 4691/56/4
f 4689/56/5 4693/56/5 4696/56/5 4692/56/5
f 4690/56/6 4691/56/6 4695/56/6 4694/56/6
f 4697/56/1 4700/56/1 4699/56/1 4698/56/1
f 4701/56/2 4702/56/2 4703/56/2 4704/56/2
f 4697/56/3 4698/56/3 4702/56/3 4701/56/3
f 4700/56/4 4704/56/4 4703/56/4 4699/56/4
f 4697/56/5 4701/56/5 4704/56/5 4700/56/5
f 4698/56/6 4699/56/6 4703/56/6 4702/56/6
f 4705/56/1 4708/56/1 4707/56/1 4706/56/1
f 4709/56/2 4710/56/2 4711/56/2 4712/56/2
f 4705/56/3 4706/56/3 4710/56/3 4709/56/3
f 4708/56/4 4712/56/4 4711/56/4 4707/56/4
f 4705/56/5 4709/56/5 4712/56/5 4708/56/5
f 4706/56/6 4707/56/6 4711/56/6 4710/56/6
f 4713/56/1 4716/56/1 4715/56/1 4714/56/1
f 4717/56/2 4718/56/2 4719/56/2 4720/56/2
f 4713/56/3 4714/56/3 4718/56/3 4717/56/3
f 4716/56/4 4720/56/4 4719/56/4 4715/56/4
f 4713/56/5 4717/56/5 4720/56/5 4716/56/5
f 4714/56/6 4715/56/6 4719/56/6 4718/56/6
f 4721/56/1 4724/56/1 4723/56/1 4722/56/1
f 4725/56/2 4726/56/2 4727/56/2 4728/56/2
f 4721/56/3 4722/56/3 4726/56/3 4725/56/3
f 4724/56/4 4728/56/4 4727/56/4 4723/56/4
f 4721/56/5 4725/56/5 4728/56/5 4724/56/5
f 4722/56/6 4723/56/6 4727/56/6 4726/56/6
f 4729/56/1 4732/56/1 4731/56/1 4730/56/1
f 4733/56/2 4734/56/2 4735/56/2 4736/56/2
f 4729/56/3 4730/56/3 4734/56/3 4733/56/3
f 4732/56/4 4736/56/4 4735/56/4 4731/56/4
f 4729/56/5 4733/56/5 4736/56/5 4732/56/5
f 4730/56/6 4731/56/6 4735/56/6 4734/56/6
f 4737/56/1 4740/56/1 4739/56/1 4738/56/1
f 4741/56/2 4742/56/2 4743/56/2 4744/56/2
f 4737/56/3 4738/56/3 4742/56/3 4741/56/3
f 4740/56/4 4744/56/4 4743/56/4 4739/56/4
f 4737/56/5 4741/56/5 4744/56/5 4740/56/5
f 4738/56/6 4739/56/6 4743/56/6 4742/56/6
f 4745/56/1 4748/56/1 4747/56/1 4746/56/1
f 4749/56/2 4750/56/2 4751/56/2 4752/56/2
f 4745/56/3 4746/56/3 4750/56/3 4749/56/3
f 4748/56/4 4752/56/4 4751/56/4 4747/56/4
f 4745/56/5 4749/56/5 4752/56/5 4748/56/5
f 4746/56/6 4747/56/6 4751/56/6 4750/56/6
f 4753/56/1 4756/56/1 4755/56/1 4754/56/1
f 4757/56/2 4758/56/2 4759/56/2 4760/56/2
f 4753/56/3 4754/56/3 4758/56/3 4757/56/3
f 4756/56/4 4760/56/4 4759/56/4 4755/56/4
f 4753/56/5 4757/56/5 4760/56/5 4756/56/5
f 4754/56/6 4755/56/6 4759/56/6 4758/56/6
f 4761/56/1 4764/56/1 4763/56/1 4762/56/1
f 4765/56/2 4766/56/2 4767/56/2 4768/56/2
f 4761/56/3 4762/56/3 4766/56/3 4765/56/3
f 4764/56/4 4768/56/4 4767/56/4 4763/56/4
f 4761/56/5 4765/56/5 4768/56/5 4764/56/5
f 4762/56/6 4763/56/6 4767/56/6 4766/56/6
f 4769/56/1 4772/56/1 4771/56/1 4770/56/1
f 4773/56/2 4774/56/2 4775/56/2 4776/56/2
f 4769/56/3 4770/56/3 4774/56/3 4773/56/3
f 4772/56/4 4776/56/4 4775/56/4 4771/56/4
f 4769/56/5 4773/56/5 4776/56/5 4772/56/5
f 4770/56/6 4771/56/6 4775/56/6 4774/56/6
f 4777/56/1 4780/56/1 4779/56/1 4778/56/1
f 4781/56/2 4782/56/2 4783/56/2 4784/56/2
f 4777/56/3 4778/56/3 4782/56/3 4781/56/3
f 4780/56/4 4784/56/4 4783/56/4 4779/56/4
f 4777/56/5 4781/56/5 4784/56/5 4780/56/5
f 4778/56/6 4779/56/6 4783/56/6 4782/56/6
f 4785/56/1 4788/56/1 4787/56/1 4786/56/1
f 4789/56/2 4790/56/2 4791/56/2 4792/56/2
f 4785/56/3 4786/56/3 4790/56/3 4789/56/3
f 4788/56/4 4792/56/4 4791/56/4 4787/56/4
f 4785/56/5 4789/56/5 4792/56/5 4788/56/5
f 4786/56/6 4787/56/6 4791/56/6 4790/56/6
f 4793/56/1 4796/56/1 4795/56/1 4794/56/1
f 4797/56/2 4798/56/2 4799/56/2 4800/56/2
f 4793/56/3 4794/56/3 4798/56/3 4797/56/3
f 4796/56/4 4800/56/4 4799/56/4 4795/56/4
f 4793/56/5 4797/56/5 4800/56/5 4796/56/5
f 4794/56/6 4795/56/6 4799/56/6 4798/56/6
f 4801/56/1 4804/56/1 4803/56/1 4802/56/1
f 4805/56/2 4806/56/2 4807/56/2 4808/56/2
f 4801/56/3 4802/56/3 4806/56/3 4805/56/3
f 4804/56/4 4808/56/4 4807/56/4 4803/56/4
f 4801/56/5 4805/56/5 4808/56/5 4804/56/5
f 4802/56/6 4803/56/6 4807/56/6 4806/56/6
f 4809/57/1 4812/57/1 4811/57/1 4810/57/1
f 4813/57/2 4814/57/2 4815/57/2 4816/57/2
f 4809/57/3 4810/57/3 4814/57/3 4813/57/3
f 4812/57/4 4816/57/4 4815/57/4 4811/57/4
f 4809/57/5 4813/57/5 4816/57/5 4812/57/5
f 4810/57/6 4811/57/6 4815/57/6 4814/57/6
f 4817/57/1 4820/57/1 4819/57/1 4818/57/1
f 4821/57/2 4822/57/2 4823/57/2 4824/57/2
f 4817/57/3 4818/57/3 4822/57/3 4821/57/3
f 4820/57/4 4824/57/4 4823/57/4 4819/57/4
f 4817/57/5 4821/57/5 4824/57/5 4820/57/5
f 4818/57/6 4819/57/6 4823/57/6 4822/57/6
f 4825/57/1 4828/57/1 4827/57/1 4826/57/1
f 4829/57/2 4830/57/2 4831/57/2 4832/57/2
f 4825/57/3 4826/57/3 4830/57/3 4829/57/3
f 4828/57/4 4832/57/4 4831/57/4 4827/57/4
f 4825/57/5 4829/57/5 4832/57/5 4828/57/5
f 4826/57/6 4827/57/6 4831/57/6 4830/57/6
f 4833/57/1 4836/57/1 4835/57/1 4834/57/1
f 4837/57/2 4838/57/2 4839/57/2 4840/57/2
f 4833/57/3 4834/57/3 4838/57/3 4837/57/3
f 4836/57/4 4840/57/4 4839/57/4 4835/57/4
f 4833/57/5 4837/57/5 4840/57/5 4836/57/5
f 4834/57/6 4835/57/6 4839/57/6 4838/57/6
f 4841/57/1 4844/57/1 4843/57/1 4842/57/1
f 4845/57/2 4846/57/2 4847/57/2 4848/57/2
f 4841/57/3 4842/57/3 4846/57/3 4845/57/3
f 4844/57/4 4848/57/4 4847/57/4 4843/57/4
f 4841/57/5 4845/57/5 4848/57/5 4844/57/5
f 4842/57/6 4843/57/6 4847/57/6 4846/57/6
f 4849/57/1 4852/57/1 4851/57/1 4850/57/1
f 4853/57/2 4854/57/2 4855/57/2 4856/57/2
f 4849/57/3 4850/57/3 4854/57/3 4853/57/3
f 4852/57/4 4856/57/4 4855/57/4 4851/57/4
f 4849/57/5 4853/57/5 4856/57/5 4852/57/5
f 4850/57/6 4851/57/6 4855/57/6 4854/57/6
f 4857/57/1 4860/57/1 4859/57/1 4858/57/1
f 4861/57/2 4862/57/2 4863/57/2 4864/57/2
f 4857/57/3 4858/57/3 4862/57/3 4861/57/3
f 4860/57/4 4864/57/4 4863/57/4 4859/57/4
f 4857/57/5 4861/57/5 4864/57/5 4860/57/5
f 4858/57/6 4859/57/6 4863/57/6 4862/57/6
f 4865/57/1 4868/57/1 4867/57/1 4866/57/1
f 4869/57/2 4870/57/2 4871/57/2 4872/57/2
f 4865/57/3 4866/57/3 4870/57/3 4869/57/3
f 4868/57/4 4872/57/4 4871/57/4 4867/57/4
f 4865/57/5 4869/57/5 4872/57/5 4868/57/5
f 4866/57/6 4867/57/6 4871/57/6 4870/57/6
f 4873/57/1 4876/57/1 4875/57/1 4874/57/1
f 4877/57/2 4878/57/2 4879/57/2 4880/57/2
f 4873/57/3 4874/57/3 4878/57/3 4877/57/3
f 4876/57/4 4880/57/4 4879/57/4 4875/57/4
f 4873/57/5 4877/57/5 4880/57/5 4876/57/5
f 4874/57/6 4875/57/6 4879/57/6 4878/57/6
f 4881/57/1 4884/57/1 4883/57/1 4882/57/1
f 4885/57/2 4886/57/2 4887/57/2 4888/57/2
f 4881/57/3 4882/57/3 4886/57/3 4885/57/3
f 4884/57/4 4888/57/4 4887/57/4 4883/57/4
f 4881/57/5 4885/57/5 4888/57/5 4884/57/5
f 4882/57/6 4883/57/6 4887/57/6 4886/57/6
f 4889/57/1 4892/57/1 4891/57/1 4890/57/1
f 4893/57/2 4894/57/2 4895/57/2 4896/57/2
f 4889/57/3 4890/57/3 4894/57/3 4893/57/3
f 4892/57/4 4896/57/4 4895/57/4 4891/57/4
f 4889/57/5 4893/57/5 4896/57/5 4892/57/5
f 4890/57/6 4891/57/6 4895/57/6 4894/57/6
f 4897/57/1 4900/57/1 4899/57/1 4898/57/1
f 4901/57/2 4902/57/2 4903/57/2 4904/57/2
f 4897/57/3 4898/57/3 4902/57/3 4901/57/3
f 4900/57/4 4904/57/4 4903/57/4 4899/57/4
f 4897/57/5 4901/57/5 4904/57/5 4900/57/5
f 4898/57/6 4899/57/6 4903/57/6 4902/57/6
f 4905/57/1 4908/57/1 4907/57/1 4906/57/1
f 4909/57/2 4910/57/2 4911/57/2 4912/57/2
f 4905/57/3 4906/57/3 4910/57/3 4909/57/3
f 4908/57/4 4912/57/4 4911/57/4 4907/57/4
f 4905/57/5 4909/57/5 4912/57/5 4908/57/5
f 4906/57/6 4907/57/6 4911/57/6 4910/57/6
f 4913/57/1 4916/57/1 4915/57/1 4914/57/1
f 4917/57/2 4918/57/2 4919/57/2 4920/57/2
f 4913/57/3 4914/57/3 4918/57/3 4917/57/3
f 4916/57/4 4920/57/4 4919/57/4 4915/57/4
f 4913/57/5 4917/57/5 4920/57/5 4916/57/5
f 4914/57/6 4915/57/6 4919/57/6 4918/57/6
f 4921/57/1 4924/57/1 4923/57/1 4922/57/1
f 4925/57/2 4926/57/2 4927/57/2 4928/57/2
f 4921/57/3 4922/57/3 4926/57/3 4925/57/3
f 4924/57/4 4928/57/4 4927/57/4 4923/57/4
f 4921/57/5 4925/57/5 4928/57/5 4924/57/5
f 4922/57/6 4923/57/6 4927/57/6 4926/57/6
f 4929/57/1 4932/57/1 4931/57/1 4930/57/1
f 4933/57/2 4934/57/2 4935/57/2 4936/57/2
f 4929/57/3 4930/57/3 4934/57/3 4933/57/3
f 4932/57/4 4936/57/4 4935/57/4 4931/57/4
f 4929/57/5 4933/57/5 4936/57/5 4932/57/5
f 4930/57/6 4931/57/6 4935/57/6 4934/57/6
f 4937/57/1 4940/57/1 4939/57/1 4938/57/1
f 4941/57/2 4942/57/2 4943/57/2 4944/57/2
f 4937/57/3 4938/57/3 4942/57/3 4941/57/3
f 4940/57/4 4944/57/4 4943/57/4 4939/57/4
f 4937/57/5 4941/57/5 4944/57/5 4940/57/5
f 4938/57/6 4939/57/6 4943/57/6 4942/57/6
f 4945/57/1 4948/57/1 4947/57/1 4946/57/1
f 4949/57/2 4950/57/2 4951/57/2 4952/57/2
f 4945/57/3 4946/57/3 4950/57/3 4949/57/3
f 4948/57/4 4952/57/4 4951/57/4 4947/57/4
f 4945/57/5 4949/57/5 4952/57/5 4948/57/5
f 4946/57/6 4947/57/6 4951/57/6 4950/57/6
f 4953/57/1 4956/57/1 4955/57/1 4954/57/1
f 4957/57/2 4958/57/2 4959/57/2 4960/57/2
f 4953/57/3 4954/57/3 4958/57/3 4957/57/3
f 4956/57/4 4960/57/4 4959/57/4 4955/57/4
f 4953/57/5 4957/57/5 4960/57/5 4956/57/5
f 4954/57/6 4955/57/6 4959/57/6 4958/57/6
f 4961/57/1 4964/57/1 4963/57/1 4962/57/1
f 4965/57/2 4966/57/2 4967/57/2 4968/57/2
f 4961/57/3 4962/57/3 4966/57/3 4965/57/3
f 4964/57/4 4968/57/4 4967/57/4 4963/57/4
f 4961/57/5 4965/57/5 4968/57/5 4964/57/5
f 4962/57/6 4963/57/6 4967/57/6 4966/57/6
f 4969/57/1 4972/57/1 4971/57/1 4970/57/1
f 4973/57/2 4974/57/2 4975/57/2 4976/57/2
f 4969/57/3 4970/57/3 4974/57/3 4973/57/3
f 4972/57/4 4976/57/4 4975/57/4 4971/57/4
f 4969/57/5 4973/57/5 4976/57/5 4972/57/5
f 4970/57/6 4971/57/6 4975/57/6 4974/57/6
f 4977/57/1 4980/57/1 4979/57/1 4978/57/1
f 4981/57/2 4982/57/2 4983/57/2 4984/57/2
f 4977/57/3 4978/57/3 4982/57/3 4981/57/3
f 4980/57/4 4984/57/4 4983/57/4 4979/57/4
f 4977/57/5 4981/57/5 4984/57/5 4980/57/5
f 4978/57/6 4979/57/6 4983/57/6 4982/57/6
f 4985/57/1 4988/57/1 4987/57/1 4986/57/1
f 4989/57/2 4990/57/2 4991/57/2 4992/57/2
f 4985/57/3 4986/57/3 4990/57/3 4989/57/3
f 4988/57/4 4992/57/4 4991/57/4 4987/57/4
f 4985/57/5 4989/57/5 4992/57/5 4988/57/5
f 4986/57/6 4987/57/6 4991/57/6 4990/57/6
f 4993/57/1 4996/57/1 4995/57/1 4994/57/1
f 4997/57/2 4998/57/2 4999/57/2 5000/57/2
f 4993/57/3 4994/57/3 4998/57/3 4997/57/3
f 4996/57/4 5000/57/4 4999/57/4 4995/57/4
f 4993/57/5 4997/57/5 5000/57/5 4996/57/5
f 4994/57/6 4995/57/6 4999/57/6 4998/57/6
f 5001/57/1 5004/57/1 5003/57/1 5002/57/1
f 5005/57/2 5006/57/2 5007/57/2 5008/57/2
f 5001/57/3 5002/57/3 5006/57/3 5005/57/3
f 5004/57/4 5008/57/4 5007/57/4 5003/57/4
f 5001/57/5 5005/57/5 5008/57/5 5004/57/5
f 5002/57/6 5003/57/6 5007/57/6 5006/57/6
f 5009/57/1 5012/57/1 5011/57/1 5010/57/1
f 5013/57/2 5014/57/2 5015/57/2 5016/57/2
f 5009/57/3 5010/57/3 5014/57/3 5013/57/3
f 5012/57/4 5016/57/4 5015/57/4 5011/57/4
f 5009/57/5 5013/57/5 5016/57/5 5012/57/5
f 5010/57/6 5011/57/6 5015/57/6 5014/57/6
f 5017/57/1 5020/57/1 5019/57/1 5018/57/1
f 5021/57/2 5022/57/2 5023/57/2 5024/57/2
f 5017/57/3 5018/57/3 5022/57/3 5021/57/3
f 5020/57/4 5024/57/4 5023/57/4 5019/57/4
f 5017/57/5 5021/57/5 5024/57/5 5020/57/5
f 5018/57/6 5019/57/6 5023/57/6 5022/57/6
f 5025/57/1 5028/57/1 5027/57/1 5026/57/1
f 5029/57/2 5030/57/2 5031/57/2 5032/57/2
f 5025/57/3 5026/57/3 5030/57/3 5029/57/3
f 5028/57/4 5032/57/4 5031/57/4 5027/57/4
f 5025/57/5 5029/57/5 5032/57/5 5028/57/5
f 5026/57/6 5027/57/6 5031/57/6 5030/57/6
f 5033/57/1 5036/57/1 5035/57/1 5034/57/1
f 5037/57/2 5038/57/2 5039/57/2 5040/57/2
f 5033/57/3 5034/57/3 5038/57/3 5037/57/3
f 5036/57/4 5040/57/4 5039/57/4 5035/57/4
f 5033/57/5 5037/57/5 5040/57/5 5036/57/5
f 5034/57/6 5035/57/6 5039/57/6 5038/57/6
f 5041/57/1 5044/57/1 5043/57/1 5042/57/1
f 5045/57/2 5046/57/2 5047/57/2 5048/57/2
f 5041/57/3 5042/57/3 5046/57/3 5045/57/3
f 5044/57/4 5048/57/4 5047/57/4 5043/57/4
f 5041/57/5 5045/57/5 5048/57/5 5044/57/5
f 5042/57/6 5043/57/6 5047/57/6 5046/57/6
f 5049/57/1 5052/57/1 5051/57/1 5050/57/1
f 5053/57/2 5054/57/2 5055/57/2 5056/57/2
f 5049/57/3 5050/57/3 5054/57/3 5053/57/3
f 5052/57/4 5056/57/4 5055/57/4 5051/57/4
f 5049/57/5 5053/57/5 5056/57/5 5052/57/5
f 5050/57/6 5051/57/6 5055/57/6 5054/57/6
f 5057/57/1 5060/57/1 5059/57/1 5058/57/1
f 5061/57/2 5062/57/2 5063/57/2 5064/57/2
f 5057/57/3 5058/57/3 5062/57/3 5061/57/3
f 5060/57/4 5064/57/4 5063/57/4 5059/57/4
f 5057/57/5 5061/57/5 5064/57/5 5060/57/5
f 5058/57/6 5059/57/6 5063/57/6 5062/57/6
f 5065/57/1 5068/57/1 5067/57/1 5066/57/1
f 5069/57/2 5070/57/2 5071/57/2 5072/57/2
f 5065/57/3 5066/57/3 5070/57/3 5069/57/3
f 5068/57/4 5072/57/4 5071/57/4 5067/57/4
f 5065/57/5 5069/57/5 5072/57/5 5068/57/5
f 5066/57/6 5067/57/6 5071/57/6 5070/57/6
f 5073/57/1 5076/57/1 5075/57/1 5074/57/1
f 5077/57/2 5078/57/2 5079/57/2 5080/57/2
f 5073/57/3 5074/57/3 5078/57/3 5077/57/3
f 5076/57/4 5080/57/4 5079/57/4 5075/57/4
f 5073/57/5 5077/57/5 5080/57/5 5076/57/5
f 5074/57/6 5075/57/6 5079/57/6 5078/57/6
f 5081/57/1 5084/57/1 5083/57/1 5082/57/1
f 5085/57/2 5086/57/2 5087/57/2 5088/57/2
f 5081/57/3 5082/57/3 5086/57/3 5085/57/3
f 5084/57/4 5088/57/4 5087/57/4 5083/57/4
f 5081/57/5 5085/57/5 5088/57/5 5084/57/5
f 5082/57/6 5083/57/6 5087/57/6 5086/57/6
f 5089/57/1 5092/57/1 5091/57/1 5090/57/1
f 5093/57/2 5094/57/2 5095/57/2 5096/57/2
f 5089/57/3 5090/57/3 5094/57/3 5093/57/3
f 5092/57/4 5096/57/4 5095/57/4 5091/57/4
f 5089/57/5 5093/57/5 5096/57/5 5092/57/5
f 5090/57/6 5091/57/6 5095/57/6 5094/57/6
f 5097/57/1 5100/57/1 5099/57/1 5098/57/1
f 5101/57/2 5102/57/2 5103/57/2 5104/57/2
f 5097/57/3 5098/57/3 5102/57/3 5101/57/3
f 5100/57/4 5104/57/4 5103/57/4 5099/57/4
f 5097/57/5 5101/57/5 5104/57/5 5100/57/5
f 5098/57/6 5099/57/6 5103/57/6 5102/57/6
f 5105/57/1 5108/57/1 5107/57/1 5106/57/1
f 5109/57/2 5110/57/2 5111/57/2 5112/57/2
f 5105/57/3 5106/57/3 5110/57/3 5109/57/3
f 5108/57/4 5112/57/4 5111/57/4 5107/57/4
f 5105/57/5 5109/57/5 5112/57/5 5108/57/5
f 5106/57/6 5107/57/6 5111/57/6 5110/57/6
f 5113/57/1 5116/57/1 5115/57/1 5114/57/1
f 5117/57/2 5118/57/2 5119/57/2 5120/57/2
f 5113/57/3 5114/57/3 5118/57/3 5117/57/3
f 5116/57/4 5120/57/4 5119/57/4 5115/57/4
f 5113/57/5 5117/57/5 5120/57/5 5116/57/5
f 5114/57/6 5115/57/6 5119/57/6 5118/57/6
f 5121/57/1 5124/57/1 5123/57/1 5122/57/1
f 5125/57/2 5126/57/2 5127/57/2 5128/57/2
f 5121/57/3 5122/57/3 5126/57/3 5125/57/3
f 5124/57/4 5128/57/4 5127/57/4 5123/57/4
f 5121/57/5 5125/57/5 5128/57/5 5124/57/5
f 5122/57/6 5123/57/6 5127/57/6 5126/57/6
f 5129/57/1 5132/57/1 5131/57/1 5130/57/1
f 5133/57/2 5134/57/2 5135/57/2 5136/57/2
f 5129/57/3 5130/57/3 5134/57/3 5133/57/3
f 5132/57/4 5136/57/4 5135/57/4 5131/57/4
f 5129/57/5 5133/57/5 5136/57/5 5132/57/5
f 5130/57/6 5131/57/6 5135/57/6 5134/57/6
f 5137/57/1 5140/57/1 5139/57/1 5138/57/1
f 5141/57/2 5142/57/2 5143/57/2 5144/57/2
f 5137/57/3 5138/57/3 5142/57/3 5141/57/3
f 5140/57/4 5144/57/4 5143/57/4 5139/57/4
f 5137/57/5 5141/57/5 5144/57/5 5140/57/5
f 5138/57/6 5139/57/6 5143/57/6 5142/57/6
f 5145/57/1 5148/57/1 5147/57/1 5146/57/1
f 5149/57/2 5150/57/2 5151/57/2 5152/57/2
f 5145/57/3 5146/57/3 5150/57/3 5149/57/3
f 5148/57/4 5152/57/4 5151/57/4 5147/57/4
f 5145/57/5 5149/57/5 5152/57/5 5148/57/5
f 5146/57/6 5147/57/6 5151/57/6 5150/57/6
f 5153/57/1 5156/57/1 5155/57/1 5154/57/1
f 5157/57/2 5158/57/2 5159/57/2 5160/57/2
f 5153/57/3 5154/57/3 5158/57/3 5157/57/3
f 5156/57/4 5160/57/4 5159/57/4 5155/57/4
f 5153/57/5 5157/57/5 5160/57/5 5156/57/5
f 5154/57/6 5155/57/6 5159/57/6 5158/57/6
f 5161/57/1 5164/57/1 5163/57/1 5162/57/1
f 5165/57/2 5166/57/2 5167/57/2 5168/57/2
f 5161/57/3 5162/57/3 5166/57/3 5165/57/3
f 5164/57/4 5168/57/4 5167/57/4 5163/57/4
f 5161/57/5 5165/57/5 5168/57/5 5164/57/5
f 5162/57/6 5163/57/6 5167/57/6 5166/57/6
f 5169/57/1 5172/57/1 5171/57/1 5170/57/1
f 5173/57/2 5174/57/2 5175/57/2 5176/57/2
f 5169/57/3 5170/57/3 5174/57/3 5173/57/3
f 5172/57/4 5176/57/4 5175/57/4 5171/57/4
f 5169/57/5 5173/57/5 5176/57/5 5172/57/5
f 5170/57/6 5171/57/6 5175/57/6 5174/57/6
f 5177/57/1 5180/57/1 5179/57/1 5178/57/1
f 5181/57/2 5182/57/2 5183/57/2 5184/57/2
f 5177/57/3 5178/57/3 5182/57/3 5181/57/3
f 5180/57/4 5184/57/4 5183/57/4 5179/57/4
f 5177/57/5 5181/57/5 5184/57/5 5180/57/5
f 5178/57/6 5179/57/6 5183/57/6 5182/57/6
f 5185/57/1 5188/57/1 5187/57/1 5186/57/1
f 5189/57/2 5190/57/2 5191/57/2 5192/57/2
f 5185/57/3 5186/57/3 5190/57/3 5189/57/3
f 5188/57/4 5192/57/4 5191/57/4 5187/57/4
f 5185/57/5 5189/57/5 5192/57/5 5188/57/5
f 5186/57/6 5187/57/6 5191/57/6 5190/57/6
f 5193/57/1 5196/57/1 5195/57/1 5194/57/1
f 5197/57/2 5198/57/2 5199/57/2 5200/57/2
f 5193/57/3 5194/57/3 5198/57/3 5197/57/3
f 5196/57/4 5200/57/4 5199/57/4 5195/57/4
f 5193/57/5 5197/57/5 5200/57/5 5196/57/5
f 5194/57/6 5195/57/6 5199/57/6 5198/57/6
f 5201/57/1 5204/57/1 5203/57/1 5202/57/1
f 5205/57/2 5206/57/2 5207/57/2 5208/57/2
f 5201/57/3 5202/57/3 5206/57/3 5205/57/3
f 5204/57/4 5208/57/4 5207/57/4 5203/57/4
f 5201/57/5 5205/57/5 5208/57/5 5204/57/5
f 5202/57/6 5203/57/6 5207/57/6 5206/57/6
f 5209/57/1 5212/57/1 5211/57/1 5210/57/1
f 5213/57/2 5214/57/2 5215/57/2 5216/57/2
f 5209/57/3 5210/57/3 5214/57/3 5213/57/3
f 5212/57/4 5216/57/4 5215/57/4 5211/57/4
f 5209/57/5 5213/57/5 5216/57/5 5212/57/5
f 5210/57/6 5211/57/6 5215/57/6 5214/57/6
f 5217/57/1 5220/57/1 5219/57/1 5218/57/1
f 5221/57/2 5222/57/2 5223/57/2 5224/57/2
f 5217/57/3 5218/57/3 5222/57/3 5221/57/3
f 5220/57/4 5224/57/4 5223/57/4 5219/57/4
f 5217/57/5 5221/57/5 5224/57/5 5220/57/5
f 5218/57/6 5219/57/6 5223/57/6 5222/57/6
f 5225/57/1 5228/57/1 5227/57/1 5226/57/1
f 5229/57/2 5230/57/2 5231/57/2 5232/57/2
f 5225/57/3 5226/57/3 5230/57/3 5229/57/3
f 5228/57/4 5232/57/4 5231/57/4 5227/57/4
f 5225/57/5 5229/57/5 5232/57/5 5228/57/5
f 5226/57/6 5227/57/6 5231/57/6 5230/57/6
f 5233/57/1 5236/57/1 5235/57/1 5234/57/1
f 5237/57/2 5238/57/2 5239/57/2 5240/57/2
f 5233/57/3 5234/57/3 5238/57/3 5237/57/3
f 5236/57/4 5240/57/4 5239/57/4 5235/57/4
f 5233/57/5 5237/57/5 5240/57/5 5236/57/5
f 5234/57/6 5235/57/6 5239/57/6 5238/57/6
f 5241/57/1 5244/57/1 5243/57/1 5242/57/1
f 5245/57/2 5246/57/2 5247/57/2 5248/57/2
f 5241/57/3 5242/57/3 5246/57/3 5245/57/3
f 5244/57/4 5248/57/4 5247/57/4 5243/57/4
f 5241/57/5 5245/57/5 5248/57/5 5244/57/5
f 5242/57/6 5243/57/6 5247/57/6 5246/57/6
f 5249/57/1 5252/57/1 5251/57/1 5250/57/1
f 5253/57/2 5254/57/2 5255/57/2 5256/57/2
f 5249/57/3 5250/57/3 5254/57/3 5253/57/3
f 5252/57/4 5256/57/4 5255/57/4 5251/57/4
f 5249/57/5 5253/57/5 5256/57/5 5252/57/5
f 5250/57/6 5251/57/6 5255/57/6 5254/57/6
f 5257/57/1 5260/57/1 5259/57/1 5258/57/1
f 5261/57/2 5262/57/2 5263/57/2 5264/57/2
f 5257/57/3 5258/57/3 5262/57/3 5261/57/3
f 5260/57/4 5264/57/4 5263/57/4 5259/57/4
f 5257/57/5 5261/57/5 5264/57/5 5260/57/5
f 5258/57/6 5259/57/6 5263/57/6 5262/57/6
f 5265/57/1 5268/57/1 5267/57/1 5266/57/1
f 5269/57/2 5270/57/2 5271/57/2 5272/57/2
f 5265/57/3 5266/57/3 5270/57/3 5269/57/3
f 5268/57/4 5272/57/4 5271/57/4 5267/57/4
f 5265/57/5 5269/57/5 5272/57/5 5268/57/5
f 5266/57/6 5267/57/6 5271/57/6 5270/57/6
f 5273/57/1 5276/57/1 5275/57/1 5274/57/1
f 5277/57/2 5278/57/2 5279/57/2 5280/57/2
f 5273/57/3 5274/57/3 5278/57/3 5277/57/3
f 5276/57/4 5280/57/4 5279/57/4 5275/57/4
f 5273/57/5 5277/57/5 5280/57/5 5276/57/5
f 5274/57/6 5275/57/6 5279/57/6 5278/57/6
f 5281/57/1 5284/57/1 5283/57/1 5282/57/1
f 5285/57/2 5286/57/2 5287/57/2 5288/57/2
f 5281/57/3 5282/57/3 5286/57/3 5285/57/3
f 5284/57/4 5288/57/4 5287/57/4 5283/57/4
f 5281/57/5 5285/57/5 5288/57/5 5284/57/5
f 5282/57/6 5283/57/6 5287/57/6 5286/57/6
f 5289/57/1 5292/57/1 5291/57/1 5290/57/1
f 5293/57/2 5294/57/2 5295/57/2 5296/57/2
f 5289/57/3 5290/57/3 5294/57/3 5293/57/3
f 5292/57/4 5296/57/4 5295/57/4 5291/57/4
f 5289/57/5 5293/57/5 5296/57/5 5292/57/5
f 5290/57/6 5291/57/6 5295/57/6 5294/57/6
f 5297/57/1 5300/57/1 5299/57/1 5298/57/1
f 5301/57/2 5302/57/2 5303/57/2 5304/57/2
f 5297/57/3 5298/57/3 5302/57/3 5301/57/3
f 5300/57/4 5304/57/4 5303/57/4 5299/57/4
f 5297/57/5 5301/57/5 5304/57/5 5300/57/5
f 5298/57/6 5299/57/6 5303/57/6 5302/57/6
f 5305/57/1 5308/57/1 5307/57/1 5306/57/1
f 5309/57/2 5310/57/2 5311/57/2 5312/57/2
f 5305/57/3 5306/57/3 5310/57/3 5309/57/3
f 5308/57/4 5312/57/4 5311/57/4 5307/57/4
f 5305/57/5 5309/57/5 5312/57/5 5308/57/5
f 5306/57/6 5307/57/6 5311/57/6 5310/57/6
f 5313/57/1 5316/57/1 5315/57/1 5314/57/1
f 5317/57/2 5318/57/2 5319/57/2 5320/57/2
f 5313/57/3 5314/57/3 5318/57/3 5317/57/3
f 5316/57/4 5320/57/4 5319/57/4 5315/57/4
f 5313/57/5 5317/57/5 5320/57/5 5316/57/5
f 5314/57/6 5315/57/6 5319/57/6 5318/57/6
f 5321/59/1 5324/59/1 5323/59/1 5322/59/1
f 5325/59/2 5326/59/2 5327/59/2 5328/59/2
f 5321/59/3 5322/59/3 5326/59/3 5325/59/3
f 5324/59/4 5328/59/4 5327/59/4 5323/59/4
f 5321/59/5 5325/59/5 5328/59/5 5324/59/5
f 5322/59/6 5323/59/6 5327/59/6 5326/59/6
f 5329/59/1 5332/59/1 5331/59/1 5330/59/1
f 5333/59/2 5334/59/2 5335/59/2 5336/59/2
f 5329/59/3 5330/59/3 5334/59/3 5333/59/3
f 5332/59/4 5336/59/4 5335/59/4 5331/59/4
f 5329/59/5 5333/59/5 5336/59/5 5332/59/5
f 5330/59/6 5331/59/6 5335/59/6 5334/59/6
f 5337/59/1 5340/59/1 5339/59/1 5338/59/1
f 5341/59/2 5342/59/2 5343/59/2 5344/59/2
f 5337/59/3 5338/59/3 5342/59/3 5341/59/3
f 5340/59/4 5344/59/4 5343/59/4 5339/59/4
f 5337/59/5 5341/59/5 5344/59/5 5340/59/5
f 5338/59/6 5339/59/6 5343/59/6 5342/59/6
f 5345/59/1 5348/59/1 5347/59/1 5346/59/1
f 5349/59/2 5350/59/2 5351/59/2 5352/59/2
f 5345/59/3 5346/59/3 5350/59/3 5349/59/3
f 5348/59/4 5352/59/4 5351/59/4 5347/59/4
f 5345/59/5 5349/59/5 5352/59/5 5348/59/5
f 5346/59/6 5347/59/6 5351/59/6 5350/59/6
f 5353/59/1 5356/59/1 5355/59/1 5354/59/1
f 5357/59/2 5358/59/2 5359/59/2 5360/59/2
f 5353/59/3 5354/59/3 5358/59/3 5357/59/3
f 5356/59/4 5360/59/4 5359/59/4 5355/59/4
f 5353/59/5 5357/59/5 5360/59/5 5356/59/5
f 5354/59/6 5355/59/6 5359/59/6 5358/59/6
f 5361/59/1 5364/59/1 5363/59/1 5362/59/1
f 5365/59/2 5366/59/2 5367/59/2 5368/59/2
f 5361/59/3 5362/59/3 5366/59/3 5365/59/3
f 5364/59/4 5368/59/4 5367/59/4 5363/59/4
f 5361/59/5 5365/59/5 5368/59/5 5364/59/5
f 5362/59/6 5363/59/6 5367/59/6 5366/59/6
f 5369/59/1 5372/59/1 5371/59/1 5370/59/1
f 5373/59/2 5374/59/2 5375/59/2 5376/59/2
f 5369/59/3 5370/59/3 5374/59/3 5373/59/3
f 5372/59/4 5376/59/4 5375/59/4 5371/59/4
f 5369/59/5 5373/59/5 5376/59/5 5372/59/5
f 5370/59/6 5371/59/6 5375/59/6 5374/59/6
f 5377/59/1 5380/59/1 5379/59/1 5378/59/1
f 5381/59/2 5382/59/2 5383/59/2 5384/59/2
f 5377/59/3 5378/59/3 5382/59/3 5381/59/3
f 5380/59/4 5384/59/4 5383/59/4 5379/59/4
f 5377/59/5 5381/59/5 5384/59/5 5380/59/5
f 5378/59/6 5379/59/6 5383/59/6 5382/59/6
f 5385/59/1 5388/59/1 5387/59/1 5386/59/1
f 5389/59/2 5390/59/2 5391/59/2 5392/59/2
f 5385/59/3 5386/59/3 5390/59/3 5389/59/3
f 5388/59/4 5392/59/4 5391/59/4 5387/59/4
f 5385/59/5 5389/59/5 5392/59/5 5388/59/5
f 5386/59/6 5387/59/6 5391/59/6 5390/59/6
f 5393/59/1 5396/59/1 5395/59/1 5394/59/1
f 5397/59/2 5398/59/2 5399/59/2 5400/59/2
f 5393/59/3 5394/59/3 5398/59/3 5397/59/3
f 5396/59/4 5400/59/4 5399/59/4 5395/59/4
f 5393/59/5 5397/59/5 5400/59/5 5396/59/5
f 5394/59/6 5395/59/6 5399/59/6 5398/59/6
f 5401/59/1 5404/59/1 5403/59/1 5402/59/1
f 5405/59/2 5406/59/2 5407/59/2 5408/59/2
f 5401/59/3 5402/59/3 5406/59/3 5405/59/3
f 5404/59/4 5408/59/4 5407/59/4 5403/59/4
f 5401/59/5 5405/59/5 5408/59/5 5404/59/5
f 5402/59/6 5403/59/6 5407/59/6 5406/59/6
f 5409/59/1 5412/59/1 5411/59/1 5410/59/1
f 5413/59/2 5414/59/2 5415/59/2 5416/59/2
f 5409/59/3 5410/59/3 5414/59/3 5413/59/3
f 5412/59/4 5416/59/4 5415/59/4 5411/59/4
f 5409/59/5 5413/59/5 5416/59/5 5412/59/5
f 5410/59/6 5411/59/6 5415/59/6 5414/59/6
f 5417/59/1 5420/59/1 5419/59/1 5418/59/1
f 5421/59/2 5422/59/2 5423/59/2 5424/59/2
f 5417/59/3 5418/59/3 5422/59/3 5421/59/3
f 5420/59/4 5424/59/4 5423/59/4 5419/59/4
f 5417/59/5 5421/59/5 5424/59/5 5420/59/5
f 5418/59/6 5419/59/6 5423/59/6 5422/59/6
f 5425/59/1 5428/59/1 5427/59/1 5426/59/1
f 5429/59/2 5430/59/2 5431/59/2 5432/59/2
f 5425/59/3 5426/59/3 5430/59/3 5429/59/3
f 5428/59/4 5432/59/4 5431/59/4 5427/59/4
f 5425/59/5 5429/59/5 5432/59/5 5428/59/5
f 5426/59/6 5427/59/6 5431/59/6 5430/59/6
f 5433/59/1 5436/59/1 5435/59/1 5434/59/1
f 5437/59/2 5438/59/2 5439/59/2 5440/59/2
f 5433/59/3 5434/59/3 5438/59/3 5437/59/3
f 5436/59/4 5440/59/4 5439/59/4 5435/59/4
f 5433/59/5 5437/59/5 5440/59/5 5436/59/5
f 5434/59/6 5435/59/6 5439/59/6 5438/59/6
f 5441/59/1 5444/59/1 5443/59/1 5442/59/1
f 5445/59/2 5446/59/2 5447/59/2 5448/59/2
f 5441/59/3 5442/59/3 5446/59/3 5445/59/3
f 5444/59/4 5448/59/4 5447/59/4 5443/59/4
f 5441/59/5 5445/59/5 5448/59/5 5444/59/5
f 5442/59/6 5443/59/6 5447/59/6 5446/59/6
f 5449/59/1 5452/59/1 5451/59/1 5450/59/1
f 5453/59/2 5454/59/2 5455/59/2 5456/59/2
f 5449/59/3 5450/59/3 5454/59/3 5453/59/3
f 5452/59/4 5456/59/4 5455/59/4 5451/59/4
f 5449/59/5 5453/59/5 5456/59/5 5452/59/5
f 5450/59/6 5451/59/6 5455/59/6 5454/59/6
f 5457/59/1 5460/59/1 5459/59/1 5458/59/1
f 5461/59/2 5462/59/2 5463/59/2 5464/59/2
f 5457/59/3 5458/59/3 5462/59/3 5461/59/3
f 5460/59/4 5464/59/4 5463/59/4 5459/59/4
f 5457/59/5 5461/59/5 5464/59/5 5460/59/5
f 5458/59/6 5459/59/6 5463/59/6 5462/59/6
f 5465/59/1 5468/59/1 5467/59/1 5466/59/1
f 5469/59/2 5470/59/2 5471/59/2 5472/59/2
f 5465/59/3 5466/59/3 5470/59/3 5469/59/3
f 5468/59/4 5472/59/4 5471/59/4 5467/59/4
f 5465/59/5 5469/59/5 5472/59/5 5468/59/5
f 5466/59/6 5467/59/6 5471/59/6 5470/59/6
f 5473/59/1 5476/59/1 5475/59/1 5474/59/1
f 5477/59/2 5478/59/2 5479/59/2 5480/59/2
f 5473/59/3 5474/59/3 5478/59/3 5477/59/3
f 5476/59/4 5480/59/4 5479/59/4 5475/59/4
f 5473/59/5 5477/59/5 5480/59/5 5476/59/5
f 5474/59/6 5475/59/6 5479/59/6 5478/59/6
f 5481/59/1 5484/59/1 5483/59/1 5482/59/1
f 5485/59/2 5486/59/2 5487/59/2 5488/59/2
f 5481/59/3 5482/59/3 5486/59/3 5485/59/3
f 5484/59/4 5488/59/4 5487/59/4 5483/59/4
f 5481/59/5 5485/59/5 5488/59/5 5484/59/5
f 5482/59/6 5483/59/6 5487/59/6 5486/59/6
f 5489/59/1 5492/59/1 5491/59/1 5490/59/1
f 5493/59/2 5494/59/2 5495/59/2 5496/59/2
f 5489/59/3 5490/59/3 5494/59/3 5493/59/3
f 5492/59/4 5496/59/4 5495/59/4 5491/59/4
f 5489/59/5 5493/59/5 5496/59/5 5492/59/5
f 5490/59/6 5491/59/6 5495/59/6 5494/59/6
f 5497/59/1 5500/59/1 5499/59/1 5498/59/1
f 5501/59/2 5502/59/2 5503/59/2 5504/59/2
f 5497/59/3 5498/59/3 5502/59/3 5501/59/3
f 5500/59/4 5504/59/4 5503/59/4 5499/59/4
f 5497/59/5 5501/59/5 5504/59/5 5500/59/5
f 5498/59/6 5499/59/6 5503/59/6 5502/59/6
f 5505/59/1 5508/59/1 5507/59/1 5506/59/1
f 5509/59/2 5510/59/2 5511/59/2 5512/59/2
f 5505/59/3 5506/59/3 5510/59/3 5509/59/3
f 5508/59/4 5512/59/4 5511/59/4 5507/59/4
f 5505/59/5 5509/59/5 5512/59/5 5508/59/5
f 5506/59/6 5507/59/6 5511/59/6 5510/59/6
f 5513/59/1 5516/59/1 5515/59/1 5514/59/1
f 5517/59/2 5518/59/2 5519/59/2 5520/59/2
f 5513/59/3 5514/59/3 5518/59/3 5517/59/3
f 5516/59/4 5520/59/4 5519/59/4 5515/59/4
f 5513/59/5 5517/59/5 5520/59/5 5516/59/5
f 5514/59/6 5515/59/6 5519/59/6 5518/59/6
f 5521/59/1 5524/59/1 5523/59/1 5522/59/1
f 5525/59/2 5526/59/2 5527/59/2 5528/59/2
f 5521/59/3 5522/59/3 5526/59/3 5525/59/3
f 5524/59/4 5528/59/4 5527/59/4 5523/59/4
f 5521/59/5 5525/59/5 5528/59/5 5524/59/5
f 5522/59/6 5523/59/6 5527/59/6 5526/59/6
f 5529/59/1 5532/59/1 5531/59/1 5530/59/1
f 5533/59/2 5534/59/2 5535/59/2 5536/59/2
f 5529/59/3 5530/59/3 5534/59/3 5533/59/3
f 5532/59/4 5536/59/4 5535/59/4 5531/59/4
f 5529/59/5 5533/59/5 5536/59/5 5532/59/5
f 5530/59/6 5531/59/6 5535/59/6 5534/59/6
f 5537/59/1 5540/59/1 5539/59/1 5538/59/1
f 5541/59/2 5542/59/2 5543/59/2 5544/59/2
f 5537/59/3 5538/59/3 5542/59/3 5541/59/3
f 5540/59/4 5544/59/4 5543/59/4 5539/59/4
f 5537/59/5 5541/59/5 5544/59/5 5540/59/5
f 5538/59/6 5539/59/6 5543/59/6 5542/59/6
f 5545/59/1 5548/59/1 5547/59/1 5546/59/1
f 5549/59/2 5550/59/2 5551/59/2 5552/59/2
f 5545/59/3 5546/59/3 5550/59/3 5549/59/3
f 5548/59/4 5552/59/4 5551/59/4 5547/59/4
f 5545/59/5 5549/59/5 5552/59/5 5548/59/5
f 5546/59/6 5547/59/6 5551/59/6 5550/59/6
f 5553/59/1 5556/59/1 5555/59/1 5554/59/1
f 5557/59/2 5558/59/2 5559/59/2 5560/59/2
f 5553/59/3 5554/59/3 5558/59/3 5557/59/3
f 5556/59/4 5560/59/4 5559/59/4 5555/59/4
f 5553/59/5 5557/59/5 5560/59/5 5556/59/5
f 5554/59/6 5555/59/6 5559/59/6 5558/59/6
f 5561/59/1 5564/59/1 5563/59/1 5562/59/1
f 5565/59/2 5566/59/2 5567/59/2 5568/59/2
f 5561/59/3 5562/59/3 5566/59/3 5565/59/3
f 5564/59/4 5568/59/4 5567/59/4 5563/59/4
f 5561/59/5 5565/59/5 5568/59/5 5564/59/5
f 5562/59/6 5563/59/6 5567/59/6 5566/59/6
f 5569/59/1 5572/59/1 5571/59/1 5570/59/1
f 5573/59/2 5574/59/2 5575/59/2 5576/59/2
f 5569/59/3 5570/59/3 5574/59/3 5573/59/3
f 5572/59/4 5576/59/4 5575/59/4 5571/59/4
f 5569/59/5 5573/59/5 5576/59/5 5572/59/5
f 5570/59/6 5571/59/6 5575/59/6 5574/59/6
f 5577/59/1 5580/59/1 5579/59/1 5578/59/1
f 5581/59/2 5582/59/2 5583/59/2 5584/59/2
f 5577/59/3 5578/59/3 5582/59/3 5581/59/3
f 5580/59/4 5584/59/4 5583/59/4 5579/59/4
f 5577/59/5 5581/59/5 5584/59/5 5580/59/5
f 5578/59/6 5579/59/6 5583/59/6 5582/59/6
f 5585/59/1 5588/59/1 5587/59/1 5586/59/1
f 5589/59/2 5590/59/2 5591/59/2 5592/59/2
f 5585/59/3 5586/59/3 5590/59/3 5589/59/3
f 5588/59/4 5592/59/4 5591/59/4 5587/59/4
f 5585/59/5 5589/59/5 5592/59/5 5588/59/5
f 5586/59/6 5587/59/6 5591/59/6 5590/59/6
f 5593/59/1 5596/59/1 5595/59/1 5594/59/1
f 5597/59/2 5598/59/2 5599/59/2 5600/59/2
f 5593/59/3 5594/59/3 5598/59/3 5597/59/3
f 5596/59/4 5600/59/4 5599/59/4 5595/59/4
f 5593/59/5 5597/59/5 5600/59/5 5596/59/5
f 5594/59/6 5595/59/6 5599/59/6 5598/59/6
f 5601/59/1 5604/59/1 5603/59/1 5602/59/1
f 5605/59/2 5606/59/2 5607/59/2 5608/59/2
f 5601/59/3 5602/59/3 5606/59/3 5605/59/3
f 5604/59/4 5608/59/4 5607/59/4 5603/59/4
f 5601/59/5 5605/59/5 5608/59/5 5604/59/5
f 5602/59/6 5603/59/6 5607/59/6 5606/59/6
f 5609/59/1 5612/59/1 5611/59/1 5610/59/1
f 5613/59/2 5614/59/2 5615/59/2 5616/59/2
f 5609/59/3 5610/59/3 5614/59/3 5613/59/3
f 5612/59/4 5616/59/4 5615/59/4 5611/59/4
f 5609/59/5 5613/59/5 5616/59/5 5612/59/5
f 5610/59/6 5611/59/6 5615/59/6 5614/59/6
f 5617/59/1 5620/59/1 5619/59/1 5618/59/1
f 5621/59/2 5622/59/2 5623/59/2 5624/59/2
f 5617/59/3 5618/59/3 5622/59/3 5621/59/3
f 5620/59/4 5624/59/4 5623/59/4 5619/59/4
f 5617/59/5 5621/59/5 5624/59/5 5620/59/5
f 5618/59/6 5619/59/6 5623/59/6 5622/59/6
f 5625/59/1 5628/59/1 5627/59/1 5626/59/1
f 5629/59/2 5630/59/2 5631/59/2 5632/59/2
f 5625/59/3 5626/59/3 5630/59/3 5629/59/3
f 5628/59/4 5632/59/4 5631/59/4 5627/59/4
f 5625/59/5 5629/59/5 5632/59/5 5628/59/5
f 5626/59/6 5627/59/6 5631/59/6 5630/59/6
f 5633/59/1 5636/59/1 5635/59/1 5634/59/1
f 5637/59/2 5638/59/2 5639/59/2 5640/59/2
f 5633/59/3 5634/59/3 5638/59/3 5637/59/3
f 5636/59/4 5640/59/4 5639/59/4 5635/59/4
f 5633/59/5 5637/59/5 5640/59/5 5636/59/5
f 5634/59/6 5635/59/6 5639/59/6 5638/59/6
f 5641/59/1 5644/59/1 5643/59/1 5642/59/1
f 5645/59/2 5646/59/2 5647/59/2 5648/59/2
f 5641/59/3 5642/59/3 5646/59/3 5645/59/3
f 5644/59/4 5648/59/4 5647/59/4 5643/59/4
f 5641/59/5 5645/59/5 5648/59/5 5644/59/5
f 5642/59/6 5643/59/6 5647/59/6 5646/59/6
f 5649/59/1 5652/59/1 5651/59/1 5650/59/1
f 5653/59/2 5654/59/2 5655/59/2 5656/59/2
f 5649/59/3 5650/59/3 5654/59/3 5653/59/3
f 5652/59/4 5656/59/4 5655/59/4 5651/59/4
f 5649/59/5 5653/59/5 5656/59/5 5652/59/5
f 5650/59/6 5651/59/6 5655/59/6 5654/59/6
f 5657/59/1 5660/59/1 5659/59/1 5658/59/1
f 5661/59/2 5662/59/2 5663/59/2 5664/59/2
f 5657/59/3 5658/59/3 5662/59/3 5661/59/3
f 5660/59/4 5664/59/4 5663/59/4 5659/59/4
f 5657/59/5 5661/59/5 5664/59/5 5660/59/5
f 5658/59/6 5659/59/6 5663/59/6 5662/59/6
f 5665/59/1 5668/59/1 5667/59/1 5666/59/1
f 5669/59/2 5670/59/2 5671/59/2 5672/59/2
f 5665/59/3 5666/59/3 5670/59/3 5669/59/3
f 5668/59/4 5672/59/4 5671/59/4 5667/59/4
f 5665/59/5 5669/59/5 5672/59/5 5668/59/5
f 5666/59/6 5667/59/6 5671/59/6 5670/59/6
f 5673/59/1 5676/59/1 5675/59/1 5674/59/1
f 5677/59/2 5678/59/2 5679/59/2 5680/59/2
f 5673/59/3 5674/59/3 5678/59/3 5677/59/3
f 5676/59/4 5680/59/4 5679/59/4 5675/59/4
f 5673/59/5 5677/59/5 5680/59/5 5676/59/5
f 5674/59/6 5675/59/6 5679/59/6 5678/59/6
f 5681/59/1 5684/59/1 5683/59/1 5682/59/1
f 5685/59/2 5686/59/2 5687/59/2 5688/59/2
f 5681/59/3 5682/59/3 5686/59/3 5685/59/3
f 5684/59/4 5688/59/4 5687/59/4 5683/59/4
f 5681/59/5 5685/59/5 5688/59/5 5684/59/5
f 5682/59/6 5683/59/6 5687/59/6 5686/59/6
f 5689/59/1 5692/59/1 5691/59/1 5690/59/1
f 5693/59/2 5694/59/2 5695/59/2 5696/59/2
f 5689/59/3 5690/59/3 5694/59/3 5693/59/3
f 5692/59/4 5696/59/4 5695/59/4 5691/59/4
f 5689/59/5 5693/59/5 5696/59/5 5692/59/5
f 5690/59/6 5691/59/6 5695/59/6 5694/59/6
f 5697/59/1 5700/59/1 5699/59/1 5698/59/1
f 5701/59/2 5702/59/2 5703/59/2 5704/59/2
f 5697/59/3 5698/59/3 5702/59/3 5701/59/3
f 5700/59/4 5704/59/4 5703/59/4 5699/59/4
f 5697/59/5 5701/59/5 5704/59/5 5700/59/5
f 5698/59/6 5699/59/6 5703/59/6 5702/59/6
f 5705/59/1 5708/59/1 5707/59/1 5706/59/1
f 5709/59/2 5710/59/2 5711/59/2 5712/59/2
f 5705/59/3 5706/59/3 5710/59/3 5709/59/3
f 5708/59/4 5712/59/4 5711/59/4 5707/59/4
f 5705/59/5 5709/59/5 5712/59/5 5708/59/5
f 5706/59/6 5707/59/6 5711/59/6 5710/59/6
f 5713/59/1 5716/59/1 5715/59/1 5714/59/1
f 5717/59/2 5718/59/2 5719/59/2 5720/59/2
f 5713/59/3 5714/59/3 5718/59/3 5717/59/3
f 5716/59/4 5720/59/4 5719/59/4 5715/59/4
f 5713/59/5 5717/59/5 5720/59/5 5716/59/5
f 5714/59/6 5715/59/6 5719/59/6 5718/59/6
f 5721/59/1 5724/59/1 5723/59/1 5722/59/1
f 5725/59/2 5726/59/2 5727/59/2 5728/59/2
f 5721/59/3 5722/59/3 5726/59/3 5725/59/3
f 5724/59/4 5728/59/4 5727/59/4 5723/59/4
f 5721/59/5 5725/59/5 5728/59/5 5724/59/5
f 5722/59/6 5723/59/6 5727/59/6 5726/59/6
f 5729/59/1 5732/59/1 5731/59/1 5730/59/1
f 5733/59/2 5734/59/2 5735/59/2 5736/59/2
f 5729/59/3 5730/59/3 5734/59/3 5733/59/3
f 5732/59/4 5736/59/4 5735/59/4 5731/59/4
f 5729/59/5 5733/59/5 5736/59/5 5732/59/5
f 5730/59/6 5731/59/6 5735/59/6 5734/59/6
f 5737/59/1 5740/59/1 5739/59/1 5738/59/1
f 5741/59/2 5742/59/2 5743/59/2 5744/59/2
f 5737/59/3 5738/59/3 5742/59/3 5741/59/3
f 5740/59/4 5744/59/4 5743/59/4 5739/59/4
f 5737/59/5 5741/59/5 5744/59/5 5740/59/5
f 5738/59/6 5739/59/6 5743/59/6 5742/59/6
f 5745/59/1 5748/59/1 5747/59/1 5746/59/1
f 5749/59/2 5750/59/2 5751/59/2 5752/59/2
f 5745/59/3 5746/59/3 5750/59/3 5749/59/3
f 5748/59/4 5752/59/4 5751/59/4 5747/59/4
f 5745/59/5 5749/59/5 5752/59/5 5748/59/5
f 5746/59/6 5747/59/6 5751/59/6 5750/59/6
f 5753/59/1 5756/59/1 5755/59/1 5754/59/1
f 5757/59/2 5758/59/2 5759/59/2 5760/59/2
f 5753/59/3 5754/59/3 5758/59/3 5757/59/3
f 5756/59/4 5760/59/4 5759/59/4 5755/59/4
f 5753/59/5 5757/59/5 5760/59/5 5756/59/5
f 5754/59/6 5755/59/6 5759/59/6 5758/59/6
f 5761/59/1 5764/59/1 5763/59/1 5762/59/1
f 5765/59/2 5766/59/2 5767/59/2 5768/59/2
f 5761/59/3 5762/59/3 5766/59/3 5765/59/3
f 5764/59/4 5768/59/4 5767/59/4 5763/59/4
f 5761/59/5 5765/59/5 5768/59/5 5764/59/5
f 5762/59/6 5763/59/6 5767/59/6 5766/59/6
f 5769/59/1 5772/59/1 5771/59/1 5770/59/1
f 5773/59/2 5774/59/2 5775/59/2 5776/59/2
f 5769/59/3 5770/59/3 5774/59/3 5773/59/3
f 5772/59/4 5776/59/4 5775/59/4 5771/59/4
f 5769/59/5 5773/59/5 5776/59/5 5772/59/5
f 5770/59/6 5771/59/6 5775/59/6 5774/59/6
f 5777/59/1 5780/59/1 5779/59/1 5778/59/1
f 5781/59/2 5782/59/2 5783/59/2 5784/59/2
f 5777/59/3 5778/59/3 5782/59/3 5781/59/3
f 5780/59/4 5784/59/4 5783/59/4 5779/59/4
f 5777/59/5 5781/59/5 5784/59/5 5780/59/5
f 5778/59/6 5779/59/6 5783/59/6 5782/59/6
f 5785/59/1 5788/59/1 5787/59/1 5786/59/1
f 5789/59/2 5790/59/2 5791/59/2 5792/59/2
f 5785/59/3 5786/59/3 5790/59/3 5789/59/3
f 5788/59/4 5792/59/4 5791/59/4 5787/59/4
f 5785/59/5 5789/59/5 5792/59/5 5788/59/5
f 5786/59/6 5787/59/6 5791/59/6 5790/59/6
f 5793/59/1 5796/59/1 5795/59/1 5794/59/1
f 5797/59/2 5798/59/2 5799/59/2 5800/59/2
f 5793/59/3 5794/59/3 5798/59/3 5797/59/3
f 5796/59/4 5800/59/4 5799/59/4 5795/59/4
f 5793/59/5 5797/59/5 5800/59/5 5796/59/5
f 5794/59/6 5795/59/6 5799/59/6 5798/59/6
f 5801/59/1 5804/59/1 5803/59/1 5802/59/1
f 5805/59/2 5806/59/2 5807/59/2 5808/59/2
f 5801/59/3 5802/59/3 5806/59/3 5805/59/3
f 5804/59/4 5808/59/4 5807/59/4 5803/59/4
f 5801/59/5 5805/59/5 5808/59/5 5804/59/5
f 5802/59/6 5803/59/6 5807/59/6 5806/59/6
f 5809/59/1 5812/59/1 5811/59/1 5810/59/1
f 5813/59/2 5814/59/2 5815/59/2 5816/59/2
f 5809/59/3 5810/59/3 5814/59/3 5813/59/3
f 5812/59/4 5816/59/4 5815/59/4 5811/59/4
f 5809/59/5 5813/59/5 5816/59/5 5812/59/5
f 5810/59/6 5811/59/6 5815/59/6 5814/59/6
f 5817/59/1 5820/59/1 5819/59/1 5818/59/1
f 5821/59/2 5822/59/2 5823/59/2 5824/59/2
f 5817/59/3 5818/59/3 5822/59/3 5821/59/3
f 5820/59/4 5824/59/4 5823/59/4 5819/59/4
f 5817/59/5 5821/59/5 5824/59/5 5820/59/5
f 5818/59/6 5819/59/6 5823/59/6 5822/59/6
f 5825/61/1 5828/61/1 5827/61/1 5826/61/1
f 5829/61/2 5830/61/2 5831/61/2 5832/61/2
f 5825/61/3 5826/61/3 5830/61/3 5829/61/3
f 5828/61/4 5832/61/4 5831/61/4 5827/61/4
f 5825/61/5 5829/61/5 5832/61/5 5828/61/5
f 5826/61/6 5827/61/6 5831/61/6 5830/61/6
f 5833/61/1 5836/61/1 5835/61/1 5834/61/1
f 5837/61/2 5838/61/2 5839/61/2 5840/61/2
f 5833/61/3 5834/61/3 5838/61/3 5837/61/3
f 5836/61/4 5840/61/4 5839/61/4 5835/61/4
f 5833/61/5 5837/61/5 5840/61/5 5836/61/5
f 5834/61/6 5835/61/6 5839/61/6 5838/61/6
f 5841/61/1 5844/61/1 5843/61/1 5842/61/1
f 5845/61/2 5846/61/2 5847/61/2 5848/61/2
f 5841/61/3 5842/61/3 5846/61/3 5845/61/3
f 5844/61/4 5848/61/4 5847/61/4 5843/61/4
f 5841/61/5 5845/61/5 5848/61/5 5844/61/5
f 5842/61/6 5843/61/6 5847/61/6 5846/61/6
f 5849/61/1 5852/61/1 5851/61/1 5850/61/1
f 5853/61/2 5854/61/2 5855/61/2 5856/61/2
f 5849/61/3 5850/61/3 5854/61/3 5853/61/3
f 5852/61/4 5856/61/4 5855/61/4 5851/61/4
f 5849/61/5 5853/61/5 5856/61/5 5852/61/5
f 5850/61/6 5851/61/6 5855/61/6 5854/61/6
f 5857/61/1 5860/61/1 5859/61/1 5858/61/1
f 5861/61/2 5862/61/2 5863/61/2 5864/61/2
f 5857/61/3 5858/61/3 5862/61/3 5861/61/3
f 5860/61/4 5864/61/4 5863/61/4 5859/61/4
f 5857/61/5 5861/61/5 5864/61/5 5860/61/5
f 5858/61/6 5859/61/6 5863/61/6 5862/61/6
f 5865/61/1 5868/61/1 5867/61/1 5866/61/1
f 5869/61/2 5870/61/2 5871/61/2 5872/61/2
f 5865/61/3 5866/61/3 5870/61/3 5869/61/3
f 5868/61/4 5872/61/4 5871/61/4 5867/61/4
f 5865/61/5 5869/61/5 5872/61/5 5868/61/5
f 5866/61/6 5867/61/6 5871/61/6 5870/61/6
f 5873/61/1 5876/61/1 5875/61/1 5874/61/1
f 5877/61/2 5878/61/2 5879/61/2 5880/61/2
f 5873/61/3 5874/61/3 5878/61/3 5877/61/3
f 5876/61/4 5880/61/4 5879/61/4 5875/61/4
f 5873/61/5 5877/61/5 5880/61/5 5876/61/5
f 5874/61/6 5875/61/6 5879/61/6 5878/61/6
f 5881/61/1 5884/61/1 5883/61/1 5882/61/1
f 5885/61/2 5886/61/2 5887/61/2 5888/61/2
f 5881/61/3 5882/61/3 5886/61/3 5885/61/3
f 5884/61/4 5888/61/4 5887/61/4 5883/61/4
f 5881/61/5 5885/61/5 5888/61/5 5884/61/5
f 5882/61/6 5883/61/6 5887/61/6 5886/61/6
f 5889/61/1 5892/61/1 5891/61/1 5890/61/1
f 5893/61/2 5894/61/2 5895/61/2 5896/61/2
f 5889/61/3 5890/61/3 5894/61/3 5893/61/3
f 5892/61/4 5896/61/4 5895/61/4 5891/61/4
f 5889/61/5 5893/61/5 5896/61/5 5892/61/5
f 5890/61/6 5891/61/6 5895/61/6 5894/61/6
f 5897/61/1 5900/61/1 5899/61/1 5898/61/1
f 5901/61/2 5902/61/2 5903/61/2 5904/61/2
f 5897/61/3 5898/61/3 5902/61/3 5901/61/3
f 5900/61/4 5904/61/4 5903/61/4 5899/61/4
f 5897/61/5 5901/61/5 5904/61/5 5900/61/5
f 5898/61/6 5899/61/6 5903/61/6 5902/61/6
f 5905/61/1 5908/61/1 5907/61/1 5906/61/1
f 5909/61/2 5910/61/2 5911/61/2 5912/61/2
f 5905/61/3 5906/61/3 5910/61/3 5909/61/3
f 5908/61/4 5912/61/4 5911/61/4 5907/61/4
f 5905/61/5 5909/61/5 5912/61/5 5908/61/5
f 5906/61/6 5907/61/6 5911/61/6 5910/61/6
f 5913/61/1 5916/61/1 5915/61/1 5914/61/1
f 5917/61/2 5918/61/2 5919/61/2 5920/61/2
f 5913/61/3 5914/61/3 5918/61/3 5917/61/3
f 5916/61/4 5920/61/4 5919/61/4 5915/61/4
f 5913/61/5 5917/61/5 5920/61/5 5916/61/5
f 5914/61/6 5915/61/6 5919/61/6 5918/61/6
f 5921/61/1 5924/61/1 5923/61/1 5922/61/1
f 5925/61/2 5926/61/2 5927/61/2 5928/61/2
f 5921/61/3 5922/61/3 5926/61/3 5925/61/3
f 5924/61/4 5928/61/4 5927/61/4 5923/61/4
f 5921/61/5 5925/61/5 5928/61/5 5924/61/5
f 5922/61/6 5923/61/6 5927/61/6 5926/61/6
f 5929/61/1 5932/61/1 5931/61/1 5930/61/1
f 5933/61/2 5934/61/2 5935/61/2 5936/61/2
f 5929/61/3 5930/61/3 5934/61/3 5933/61/3
f 5932/61/4 5936/61/4 5935/61/4 5931/61/4
f 5929/61/5 5933/61/5 5936/61/5 5932/61/5
f 5930/61/6 5931/61/6 5935/61/6 5934/61/6
f 5937/61/1 5940/61/1 5939/61/1 5938/61/1
f 5941/61/2 5942/61/2 5943/61/2 5944/61/2
f 5937/61/3 5938/61/3 5942/61/3 5941/61/3
f 5940/61/4 5944/61/4 5943/61/4 5939/61/4
f 5937/61/5 5941/61/5 5944/61/5 5940/61/5
f 5938/61/6 5939/61/6 5943/61/6 5942/61/6
f 5945/61/1 5948/61/1 5947/61/1 5946/61/1
f 5949/61/2 5950/61/2 5951/61/2 5952/61/2
f 5945/61/3 5946/61/3 5950/61/3 5949/61/3
f 5948/61/4 5952/61/4 5951/61/4 5947/61/4
f 5945/61/5 5949/61/5 5952/61/5 5948/61/5
f 5946/61/6 5947/61/6 5951/61/6 5950/61/6
f 5953/61/1 5956/61/1 5955/61/1 5954/61/1
f 5957/61/2 5958/61/2 5959/61/2 5960/61/2
f 5953/61/3 5954/61/3 5958/61/3 5957/61/3
f 5956/61/4 5960/61/4 5959/61/4 5955/61/4
f 5953/61/5 5957/61/5 5960/61/5 5956/61/5
f 5954/61/6 5955/61/6 5959/61/6 5958/61/6
f 5961/61/1 5964/61/1 5963/61/1 5962/61/1
f 5965/61/2 5966/61/2 5967/61/2 5968/61/2
f 5961/61/3 5962/61/3 5966/61/3 5965/61/3
f 5964/61/4 5968/61/4 5967/61/4 5963/61/4
f 5961/61/5 5965/61/5 5968/61/5 5964/61/5
f 5962/61/6 5963/61/6 5967/61/6 5966/61/6
f 5969/61/1 5972/61/1 5971/61/1 5970/61/1
f 5973/61/2 5974/61/2 5975/61/2 5976/61/2
f 5969/61/3 5970/61/3 5974/61/3 5973/61/3
f 5972/61/4 5976/61/4 5975/61/4 5971/61/4
f 5969/61/5 5973/61/5 5976/61/5 5972/61/5
f 5970/61/6 5971/61/6 5975/61/6 5974/61/6
f 5977/61/1 5980/61/1 5979/61/1 5978/61/1
f 5981/61/2 5982/61/2 5983/61/2 5984/61/2
f 5977/61/3 5978/61/3 5982/61/3 5981/61/3
f 5980/61/4 5984/61/4 5983/61/4 5979/61/4
f 5977/61/5 5981/61/5 5984/61/5 5980/61/5
f 5978/61/6 5979/61/6 5983/61/6 5982/61/6
f 5985/61/1 5988/61/1 5987/61/1 5986/61/1
f 5989/61/2 5990/61/2 5991/61/2 5992/61/2
f 5985/61/3 5986/61/3 5990/61/3 5989/61/3
f 5988/61/4 5992/61/4 5991/61/4 5987/61/4
f 5985/61/5 5989/61/5 5992/61/5 5988/61/5
f 5986/61/6 5987/61/6 5991/61/6 5990/61/6
f 5993/61/1 5996/61/1 5995/61/1 5994/61/1
f 5997/61/2 5998/61/2 5999/61/2 6000/61/2
f 5993/61/3 5994/61/3 5998/61/3 5997/61/3
f 5996/61/4 6000/61/4 5999/61/4 5995/61/4
f 5993/61/5 5997/61/5 6000/61/5 5996/61/5
f 5994/61/6 5995/61/6 5999/61/6 5998/61/6
f 6001/61/1 6004/61/1 6003/61/1 6002/61/1
f 6005/61/2 6006/61/2 6007/61/2 6008/61/2
f 6001/61/3 6002/61/3 6006/61/3 6005/61/3
f 6004/61/4 6008/61/4 6007/61/4 6003/61/4
f 6001/61/5 6005/61/5 6008/61/5 6004/61/5
f 6002/61/6 6003/61/6 6007/61/6 6006/61/6
f 6009/61/1 6012/61/1 6011/61/1 6010/61/1
f 6013/61/2 6014/61/2 6015/61/2 6016/61/2
f 6009/61/3 6010/61/3 6014/61/3 6013/61/3
f 6012/61/4 6016/61/4 6015/61/4 6011/61/4
f 6009/61/5 6013/61/5 6016/61/5 6012/61/5
f 6010/61/6 6011/61/6 6015/61/6 6014/61/6
f 6017/61/1 6020/61/1 6019/61/1 6018/61/1
f 6021/61/2 6022/61/2 6023/61/2 6024/61/2
f 6017/61/3 6018/61/3 6022/61/3 6021/61/3
f 6020/61/4 6024/61/4 6023/61/4 6019/61/4
f 6017/61/5 6021/61/5 6024/61/5 6020/61/5
f 6018/61/6 6019/61/6 6023/61/6 6022/61/6
f 6025/61/1 6028/61/1 6027/61/1 6026/61/1
f 6029/61/2 6030/61/2 6031/61/2 6032/61/2
f 6025/61/3 6026/61/3 6030/61/3 6029/61/3
f 6028/61/4 6032/61/4 6031/61/4 6027/61/4
f 6025/61/5 6029/61/5 6032/61/5 6028/61/5
f 6026/61/6 6027/61/6 6031/61/6 6030/61/6
f 6033/61/1 6036/61/1 6035/61/1 6034/61/1
f 6037/61/2 6038/61/2 6039/61/2 6040/61/2
f 6033/61/3 6034/61/3 6038/61/3 6037/61/3
f 6036/61/4 6040/61/4 6039/61/4 6035/61/4
f 6033/61/5 6037/61/5 6040/61/5 6036/61/5
f 6034/61/6 6035/61/6 6039/61/6 6038/61/6
f 6041/61/1 6044/61/1 6043/61/1 6042/61/1
f 6045/61/2 6046/61/2 6047/61/2 6048/61/2
f 6041/61/3 6042/61/3 6046/61/3 6045/61/3
f 6044/61/4 6048/61/4 6047/61/4 6043/61/4
f 6041/61/5 6045/61/5 6048/61/5 6044/61/5
f 6042/61/6 6043/61/6 6047/61/6 6046/61/6
f 6049/61/1 6052/61/1 6051/61/1 6050/61/1
f 6053/61/2 6054/61/2 6055/61/2 6056/61/2
f 6049/61/3 6050/61/3 6054/61/3 6053/61/3
f 6052/61/4 6056/61/4 6055/61/4 6051/61/4
f 6049/61/5 6053/61/5 6056/61/5 6052/61/5
f 6050/61/6 6051/61/6 6055/61/6 6054/61/6
f 6057/61/1 6060/61/1 6059/61/1 6058/61/1
f 6061/61/2 6062/61/2 6063/61/2 6064/61/2
f 6057/61/3 6058/61/3 6062/61/3 6061/61/3
f 6060/61/4 6064/61/4 6063/61/4 6059/61/4
f 6057/61/5 6061/61/5 6064/61/5 6060/61/5
f 6058/61/6 6059/61/6 6063/61/6 6062/61/6
f 6065/61/1 6068/61/1 6067/61/1 6066/61/1
f 6069/61/2 6070/61/2 6071/61/2 6072/61/2
f 6065/61/3 6066/61/3 6070/61/3 6069/61/3
f 6068/61/4 6072/61/4 6071/61/4 6067/61/4
f 6065/61/5 6069/61/5 6072/61/5 6068/61/5
f 6066/61/6 6067/61/6 6071/61/6 6070/61/6
f 6073/61/1 6076/61/1 6075/61/1 6074/61/1
f 6077/61/2 6078/61/2 6079/61/2 6080/61/2
f 6073/61/3 6074/61/3 6078/61/3 6077/61/3
f 6076/61/4 6080/61/4 6079/61/4 6075/61/4
f 6073/61/5 6077/61/5 6080/61/5 6076/61/5
f 6074/61/6 6075/61/6 6079/61/6 6078/61/6
f 6081/61/1 6084/61/1 6083/61/1 6082/61/1
f 6085/61/2 6086/61/2 6087/61/2 6088/61/2
f 6081/61/3 6082/61/3 6086/61/3 6085/61/3
f 6084/61/4 6088/61/4 6087/61/4 6083/61/4
f 6081/61/5 6085/61/5 6088/61/5 6084/61/5
f 6082/61/6 6083/61/6 6087/61/6 6086/61/6
f 6089/61/1 6092/61/1 6091/61/1 6090/61/1
f 6093/61/2 6094/61/2 6095/61/2 6096/61/2
f 6089/61/3 6090/61/3 6094/61/3 6093/61/3
f 6092/61/4 6096/61/4 6095/61/4 6091/61/4
f 6089/61/5 6093/61/5 6096/61/5 6092/61/5
f 6090/61/6 6091/61/6 6095/61/6 6094/61/6
f 6097/61/1 6100/61/1 6099/61/1 6098/61/1
f 6101/61/2 6102/61/2 6103/61/2 6104/61/2
f 6097/61/3 6098/61/3 6102/61/3 6101/61/3
f 6100/61/4 6104/61/4 6103/61/4 6099/61/4
f 6097/61/5 6101/61/5 6104/61/5 6100/61/5
f 6098/61/6 6099/61/6 6103/61/6 6102/61/6
f 6105/61/1 6108/61/1 6107/61/1 6106/61/1
f 6109/61/2 6110/61/2 6111/61/2 6112/61/2
f 6105/61/3 6106/61/3 6110/61/3 6109/61/3
f 6108/61/4 6112/61/4 6111/61/4 6107/61/4
f 6105/61/5 6109/61/5 6112/61/5 6108/61/5
f 6106/61/6 6107/61/6 6111/61/6 6110/61/6
f 6113/61/1 6116/61/1 6115/61/1 6114/61/1
f 6117/61/2 6118/61/2 6119/61/2 6120/61/2
f 6113/61/3 6114/61/3 6118/61/3 6117/61/3
f 6116/61/4 6120/61/4 6119/61/4 6115/61/4
f 6113/61/5 6117/61/5 6120/61/5 6116/61/5
f 6114/61/6 6115/61/6 6119/61/6 6118/61/6
f 6121/61/1 6124/61/1 6123/61/1 6122/61/1
f 6125/61/2 6126/61/2 6127/61/2 6128/61/2
f 6121/61/3 6122/61/3 6126/61/3 6125/61/3
f 6124/61/4 6128/61/4 6127/61/4 6123/61/4
f 6121/61/5 6125/61/5 6128/61/5 6124/61/5
f 6122/61/6 6123/61/6 6127/61/6 6126/61/6
f 6129/61/1 6132/61/1 6131/61/1 6130/61/1
f 6133/61/2 6134/61/2 6135/61/2 6136/61/2
f 6129/61/3 6130/61/3 6134/61/3 6133/61/3
f 6132/61/4 6136/61/4 6135/61/4 6131/61/4
f 6129/61/5 6133/61/5 6136/61/5 6132/61/5
f 6130/61/6 6131/61/6 6135/61/6 6134/61/6
f 6137/61/1 6140/61/1 6139/61/1 6138/61/1
f 6141/61/2 6142/61/2 6143/61/2 6144/61/2
f 6137/61/3 6138/61/3 6142/61/3 6141/61/3
f 6140/61/4 6144/61/4 6143/61/4 6139/61/4
f 6137/61/5 6141/61/5 6144/61/5 6140/61/5
f 6138/61/6 6139/61/6 6143/61/6 6142/61/6
f 6145/61/1 6148/61/1 6147/61/1 6146/61/1
f 6149/61/2 6150/61/2 6151/61/2 6152/61/2
f 6145/61/3 6146/61/3 6150/61/3 6149/61/3
f 6148/61/4 6152/61/4 6151/61/4 6147/61/4
f 6145/61/5 6149/61/5 6152/61/5 6148/61/5
f 6146/61/6 6147/61/6 6151/61/6 6150/61/6
f 6153/61/1 6156/61/1 6155/61/1 6154/61/1
f 6157/61/2 6158/61/2 6159/61/2 6160/61/2
f 6153/61/3 6154/61/3 6158/61/3 6157/61/3
f 6156/61/4 6160/61/4 6159/61/4 6155/61/4
f 6153/61/5 6157/61/5 6160/61/5 6156/61/5
f 6154/61/6 6155/61/6 6159/61/6 6158/61/6
f 6161/61/1 6164/61/1 6163/61/1 6162/61/1
f 6165/61/2 6166/61/2 6167/61/2 6168/61/2
f 6161/61/3 6162/61/3 6166/61/3 6165/61/3
f 6164/61/4 6168/61/4 6167/61/4 6163/61/4
f 6161/61/5 6165/61/5 6168/61/5 6164/61/5
f 6162/61/6 6163/61/6 6167/61/6 6166/61/6
f 6169/61/1 6172/61/1 6171/61/1 6170/61/1
f 6173/61/2 6174/61/2 6175/61/2 6176/61/2
f 6169/61/3 6170/61/3 6174/61/3 6173/61/3
f 6172/61/4 6176/61/4 6175/61/4 6171/61/4
f 6169/61/5 6173/61/5 6176/61/5 6172/61/5
f 6170/61/6 6171/61/6 6175/61/6 6174/61/6
f 6177/61/1 6180/61/1 6179/61/1 6178/61/1
f 6181/61/2 6182/61/2 6183/61/2 6184/61/2
f 6177/61/3 6178/61/3 6182/61/3 6181/61/3
f 6180/61/4 6184/61/4 6183/61/4 6179/61/4
f 6177/61/5 6181/61/5 6184/61/5 6180/61/5
f 6178/61/6 6179/61/6 6183/61/6 6182/61/6
f 6185/61/1 6188/61/1 6187/61/1 6186/61/1
f 6189/61/2 6190/61/2 6191/61/2 6192/61/2
f 6185/61/3 6186/61/3 6190/61/3 6189/61/3
f 6188/61/4 6192/61/4 6191/61/4 6187/61/4
f 6185/61/5 6189/61/5 6192/61/5 6188/61/5
f 6186/61/6 6187/61/6 6191/61/6 6190/61/6
f 6193/61/1 6196/61/1 6195/61/1 6194/61/1
f 6197/61/2 6198/61/2 6199/61/2 6200/61/2
f 6193/61/3 6194/61/3 6198/61/3 6197/61/3
f 6196/61/4 6200/61/4 6199/61/4 6195/61/4
f 6193/61/5 6197/61/5 6200/61/5 6196/61/5
f 6194/61/6 6195/61/6 6199/61/6 6198/61/6
f 6201/61/1 6204/61/1 6203/61/1 6202/61/1
f 6205/61/2 6206/61/2 6207/61/2 6208/61/2
f 6201/61/3 6202/61/3 6206/61/3 6205/61/3
f 6204/61/4 6208/61/4 6207/61/4 6203/61/4
f 6201/61/5 6205/61/5 6208/61/5 6204/61/5
f 6202/61/6 6203/61/6 6207/61/6 6206/61/6
f 6209/61/1 6212/61/1 6211/61/1 6210/61/1
f 6213/61/2 6214/61/2 6215/61/2 6216/61/2
f 6209/61/3 6210/61/3 6214/61/3 6213/61/3
f 6212/61/4 6216/61/4 6215/61/4 6211/61/4
f 6209/61/5 6213/61/5 6216/61/5 6212/61/5
f 6210/61/6 6211/61/6 6215/61/6 6214/61/6
f 6217/61/1 6220/61/1 6219/61/1 6218/61/1
f 6221/61/2 6222/61/2 6223/61/2 6224/61/2
f 6217/61/3 6218/61/3 6222/61/3 6221/61/3
f 6220/61/4 6224/61/4 6223/61/4 6219/61/4
f 6217/61/5 6221/61/5 6224/61/5 6220/61/5
f 6218/61/6 6219/61/6 6223/61/6 6222/61/6
f 6225/61/1 6228/61/1 6227/61/1 6226/61/1
f 6229/61/2 6230/61/2 6231/61/2 6232/61/2
f 6225/61/3 6226/61/3 6230/61/3 6229/61/3
f 6228/61/4 6232/61/4 6231/61/4 6227/61/4
f 6225/61/5 6229/61/5 6232/61/5 6228/61/5
f 6226/61/6 6227/61/6 6231/61/6 6230/61/6
f 6233/61/1 6236/61/1 6235/61/1 6234/61/1
f 6237/61/2 6238/61/2 6239/61/2 6240/61/2
f 6233/61/3 6234/61/3 6238/61/3 6237/61/3
f 6236/61/4 6240/61/4 6239/61/4 6235/61/4
f 6233/61/5 6237/61/5 6240/61/5 6236/61/5
f 6234/61/6 6235/61/6 6239/61/6 6238/61/6
f 6241/61/1 6244/61/1 6243/61/1 6242/61/1
f 6245/61/2 6246/61/2 6247/61/2 6248/61/2
f 6241/61/3 6242/61/3 6246/61/3 6245/61/3
f 6244/61/4 6248/61/4 6247/61/4 6243/61/4
f 6241/61/5 6245/61/5 6248/61/5 6244/61/5
f 6242/61/6 6243/61/6 6247/61/6 6246/61/6
f 6249/61/1 6252/61/1 6251/61/1 6250/61/1
f 6253/61/2 6254/61/2 6255/61/2 6256/61/2
f 6249/61/3 6250/61/3 6254/61/3 6253/61/3
f 6252/61/4 6256/61/4 6255/61/4 6251/61/4
f 6249/61/5 6253/61/5 6256/61/5 6252/61/5
f 6250/61/6 6251/61/6 6255/61/6 6254/61/6
f 6257/61/1 6260/61/1 6259/61/1 6258/61/1
f 6261/61/2 6262/61/2 6263/61/2 6264/61/2
f 6257/61/3 6258/61/3 6262/61/3 6261/61/3
f 6260/61/4 6264/61/4 6263/61/4 6259/61/4
f 6257/61/5 6261/61/5 6264/61/5 6260/61/5
f 6258/61/6 6259/61/6 6263/61/6 6262/61/6
f 6265/61/1 6268/61/1 6267/61/1 6266/61/1
f 6269/61/2 6270/61/2 6271/61/2 6272/61/2
f 6265/61/3 6266/61/3 6270/61/3 6269/61/3
f 6268/61/4 6272/61/4 6271/61/4 6267/61/4
f 6265/61/5 6269/61/5 6272/61/5 6268/61/5
f 6266/61/6 6267/61/6 6271/61/6 6270/61/6
f 6273/61/1 6276/61/1 6275/61/1 6274/61/1
f 6277/61/2 6278/61/2 6279/61/2 6280/61/2
f 6273/61/3 6274/61/3 6278/61/3 6277/61/3
f 6276/61/4 6280/61/4 6279/61/4 6275/61/4
f 6273/61/5 6277/61/5 6280/61/5 6276/61/5
f 6274/61/6 6275/61/6 6279/61/6 6278/61/6
f 6281/61/1 6284/61/1 6283/61/1 6282/61/1
f 6285/61/2 6286/61/2 6287/61/2 6288/61/2
f 6281/61/3 6282/61/3 6286/61/3 6285/61/3
f 6284/61/4 6288/61/4 6287/61/4 6283/61/4
f 6281/61/5 6285/61/5 6288/61/5 6284/61/5
f 6282/61/6 6283/61/6 6287/61/6 6286/61/6
f 6289/61/1 6292/61/1 6291/61/1 6290/61/1
f 6293/61/2 6294/61/2 6295/61/2 6296/61/2
f 6289/61/3 6290/61/3 6294/61/3 6293/61/3
f 6292/61/4 6296/61/4 6295/61/4 6291/61/4
f 6289/61/5 6293/61/5 6296/61/5 6292/61/5
f 6290/61/6 6291/61/6 6295/61/6 6294/61/6
f 6297/61/1 6300/61/1 6299/61/1 6298/61/1
f 6301/61/2 6302/61/2 6303/61/2 6304/61/2
f 6297/61/3 6298/61/3 6302/61/3 6301/61/3
f 6300/61/4 6304/61/4 6303/61/4 6299/61/4
f 6297/61/5 6301/61/5 6304/61/5 6300/61/5
f 6298/61/6 6299/61/6 6303/61/6 6302/61/6
f 6305/61/1 6308/61/1 6307/61/1 6306/61/1
f 6309/61/2 6310/61/2 6311/61/2 6312/61/2
f 6305/61/3 6306/61/3 6310/61/3 6309/61/3
f 6308/61/4 6312/61/4 6311/61/4 6307/61/4
f 6305/61/5 6309/61/5 6312/61/5 6308/61/5
f 6306/61/6 6307/61/6 6311/61/6 6310/61/6
f 6313/1/1 6316/1/1 6315/1/1 6314/1/1
f 6317/1/2 6318/1/2 6319/1/2 6320/1/2
f 6313/1/3 6314/1/3 6318/1/3 6317/1/3
f 6316/1/4 6320/1/4 6319/1/4 6315/1/4
f 6313/1/5 6317/1/5 6320/1/5 6316/1/5
f 6314/1/6 6315/1/6 6319/1/6 6318/1/6
f 6321/1/1 6324/1/1 6323/1/1 6322/1/1
f 6325/1/2 6326/1/2 6327/1/2 6328/1/2
f 6321/1/3 6322/1/3 6326/1/3 6325/1/3
f 6324/1/4 6328/1/4 6327/1/4 6323/1/4
f 6321/1/5 6325/1/5 6328/1/5 6324/1/5
f 6322/1/6 6323/1/6 6327/1/6 6326/1/6
f 6329/1/1 6332/1/1 6331/1/1 6330/1/1
f 6333/1/2 6334/1/2 6335/1/2 6336/1/2
f 6329/1/3 6330/1/3 6334/1/3 6333/1/3
f 6332/1/4 6336/1/4 6335/1/4 6331/1/4
f 6329/1/5 6333/1/5 6336/1/5 6332/1/5
f 6330/1/6 6331/1/6 6335/1/6 6334/1/6
f 6337/1/1 6340/1/1 6339/1/1 6338/1/1
f 6341/1/2 6342/1/2 6343/1/2 6344/1/2
f 6337/1/3 6338/1/3 6342/1/3 6341/1/3
f 6340/1/4 6344/1/4 6343/1/4 6339/1/4
f 6337/1/5 6341/1/5 6344/1/5 6340/1/5
f 6338/1/6 6339/1/6 6343/1/6 6342/1/6
f 6345/1/1 6348/1/1 6347/1/1 6346/1/1
f 6349/1/2 6350/1/2 6351/1/2 6352/1/2
f 6345/1/3 6346/1/3 6350/1/3 6349/1/3
f 6348/1/4 6352/1/4 6351/1/4 6347/1/4
f 6345/1/5 6349/1/5 6352/1/5 6348/1/5
f 6346/1/6 6347/1/6 6351/1/6 6350/1/6
f 6353/1/1 6356/1/1 6355/1/1 6354/1/1
f 6357/1/2 6358/1/2 6359/1/2 6360/1/2
f 6353/1/3 6354/1/3 6358/1/3 6357/1/3
f 6356/1/4 6360/1/4 6359/1/4 6355/1/4
f 6353/1/5 6357/1/5 6360/1/5 6356/1/5
f 6354/1/6 6355/1/6 6359/1/6 6358/1/6
f 6361/1/1 6364/1/1 6363/1/1 6362/1/1
f 6365/1/2 6366/1/2 6367/1/2 6368/1/2
f 6361/1/3 6362/1/3 6366/1/3 6365/1/3
f 6364/1/4 6368/1/4 6367/1/4 6363/1/4
f 6361/1/5 6365/1/5 6368/1/5 6364/1/5
f 6362/1/6 6363/1/6 6367/1/6 6366/1/6
f 6369/1/1 6372/1/1 6371/1/1 6370/1/1
f 6373/1/2 6374/1/2 6375/1/2 6376/1/2
f 6369/1/3 6370/1/3 6374/1/3 6373/1/3
f 6372/1/4 6376/1/4 6375/1/4 6371/1/4
f 6369/1/5 6373/1/5 6376/1/5 6372/1/5
f 6370/1/6 6371/1/6 6375/1/6 6374/1/6
f 6377/1/1 6380/1/1 6379/1/1 6378/1/1
f 6381/1/2 6382/1/2 6383/1/2 6384/1/2
f 6377/1/3 6378/1/3 6382/1/3 6381/1/3
f 6380/1/4 6384/1/4 6383/1/4 6379/1/4
f 6377/1/5 6381/1/5 6384/1/5 6380/1/5
f 6378/1/6 6379/1/6 6383/1/6 6382/1/6
f 6385/1/1 6388/1/1 6387/1/1 6386/1/1
f 6389/1/2 6390/1/2 6391/1/2 6392/1/2
f 6385/1/3 6386/1/3 6390/1/3 6389/1/3
f 6388/1/4 6392/1/4 6391/1/4 6387/1/4
f 6385/1/5 6389/1/5 6392/1/5 6388/1/5
f 6386/1/6 6387/1/6 6391/1/6 6390/1/6
f 6393/1/1 6396/1/1 6395/1/1 6394/1/1
f 6397/1/2 6398/1/2 6399/1/2 6400/1/2
f 6393/1/3 6394/1/3 6398/1/3 6397/1/3
f 6396/1/4 6400/1/4 6399/1/4 6395/1/4
f 6393/1/5 6397/1/5 6400/1/5 6396/1/5
f 6394/1/6 6395/1/6 6399/1/6 6398/1/6
f 6401/1/1 6404/1/1 6403/1/1 6402/1/1
f 6405/1/2 6406/1/2 6407/1/2 6408/1/2
f 6401/1/3 6402/1/3 6406/1/3 6405/1/3
f 6404/1/4 6408/1/4 6407/1/4 6403/1/4
f 6401/1/5 6405/1/5 6408/1/5 6404/1/5
f 6402/1/6 6403/1/6 6407/1/6 6406/1/6
f 6409/1/1 6412/1/1 6411/1/1 6410/1/1
f 6413/1/2 6414/1/2 6415/1/2 6416/1/2
f 6409/1/3 6410/1/3 6414/1/3 6413/1/3
f 6412/1/4 6416/1/4 6415/1/4 6411/1/4
f 6409/1/5 6413/1/5 6416/1/5 6412/1/5
f 6410/1/6 6411/1/6 6415/1/6 6414/1/6
f 6417/1/1 6420/1/1 6419/1/1 6418/1/1
f 6421/1/2 6422/1/2 6423/1/2 6424/1/2
f 6417/1/3 6418/1/3 6422/1/3 6421/1/3
f 6420/1/4 6424/1/4 6423/1/4 6419/1/4
f 6417/1/5 6421/1/5 6424/1/5 6420/1/5
f 6418/1/6 6419/1/6 6423/1/6 6422/1/6
f 6425/1/1 6428/1/1 6427/1/1 6426/1/1
f 6429/1/2 6430/1/2 6431/1/2 6432/1/2
f 6425/1/3 6426/1/3 6430/1/3 6429/1/3
f 6428/1/4 6432/1/4 6431/1/4 6427/1/4
f 6425/1/5 6429/1/5 6432/1/5 6428/1/5
f 6426/1/6 6427/1/6 6431/1/6 6430/1/6
f 6433/1/1 6436/1/1 6435/1/1 6434/1/1
f 6437/1/2 6438/1/2 6439/1/2 6440/1/2
f 6433/1/3 6434/1/3 6438/1/3 6437/1/3
f 6436/1/4 6440/1/4 6439/1/4 6435/1/4
f 6433/1/5 6437/1/5 6440/1/5 6436/1/5
f 6434/1/6 6435/1/6 6439/1/6 6438/1/6
f 6441/1/1 6444/1/1 6443/1/1 6442/1/1
f 6445/1/2 6446/1/2 6447/1/2 6448/1/2
f 6441/1/3 6442/1/3 6446/1/3 6445/1/3
f 6444/1/4 6448/1/4 6447/1/4 6443/1/4
f 6441/1/5 6445/1/5 6448/1/5 6444/1/5
f 6442/1/6 6443/1/6 6447/1/6 6446/1/6
f 6449/1/1 6452/1/1 6451/1/1 6450/1/1
f 6453/1/2 6454/1/2 6455/1/2 6456/1/2
f 6449/1/3 6450/1/3 6454/1/3 6453/1/3
f 6452/1/4 6456/1/4 6455/1/4 6451/1/4
f 6449/1/5 6453/1/5 6456/1/5 6452/1/5
f 6450/1/6 6451/1/6 6455/1/6 6454/1/6
f 6457/1/1 6460/1/1 6459/1/1 6458/1/1
f 6461/1/2 6462/1/2 6463/1/2 6464/1/2
f 6457/1/3 6458/1/3 6462/1/3 6461/1/3
f 6460/1/4 6464/1/4 6463/1/4 6459/1/4
f 6457/1/5 6461/1/5 6464/1/5 6460/1/5
f 6458/1/6 6459/1/6 6463/1/6 6462/1/6
f 6465/1/1 6468/1/1 6467/1/1 6466/1/1
f 6469/1/2 6470/1/2 6471/1/2 6472/1/2
f 6465/1/3 6466/1/3 6470/1/3 6469/1/3
f 6468/1/4 6472/1/4 6471/1/4 6467/1/4
f 6465/1/5 6469/1/5 6472/1/5 6468/1/5
f 6466/1/6 6467/1/6 6471/1/6 6470/1/6
f 6473/1/1 6476/1/1 6475/1/1 6474/1/1
f 6477/1/2 6478/1/2 6479/1/2 6480/1/2
f 6473/1/3 6474/1/3 6478/1/3 6477/1/3
f 6476/1/4 6480/1/4 6479/1/4 6475/1/4
f 6473/1/5 6477/1/5 6480/1/5 6476/1/5
f 6474/1/6 6475/1/6 6479/1/6 6478/1/6
f 6481/1/1 6484/1/1 6483/1/1 6482/1/1
f 6485/1/2 6486/1/2 6487/1/2 6488/1/2
f 6481/1/3 6482/1/3 6486/1/3 6485/1/3
f 6484/1/4 6488/1/4 6487/1/4 6483/1/4
f 6481/1/5 6485/1/5 6488/1/5 6484/1/5
f 6482/1/6 6483/1/6 6487/1/6 6486/1/6
f 6489/1/1 6492/1/1 6491/1/1 6490/1/1
f 6493/1/2 6494/1/2 6495/1/2 6496/1/2
f 6489/1/3 6490/1/3 6494/1/3 6493/1/3
f 6492/1/4 6496/1/4 6495/1/4 6491/1/4
f 6489/1/5 6493/1/5 6496/1/5 6492/1/5
f 6490/1/6 6491/1/6 6495/1/6 6494/1/6
f 6497/1/1 6500/1/1 6499/1/1 6498/1/1
f 6501/1/2 6502/1/2 6503/1/2 6504/1/2
f 6497/1/3 6498/1/3 6502/1/3 6501/1/3
f 6500/1/4 6504/1/4 6503/1/4 6499/1/4
f 6497/1/5 6501/1/5 6504/1/5 6500/1/5
f 6498/1/6 6499/1/6 6503/1/6 6502/1/6
f 6505/1/1 6508/1/1 6507/1/1 6506/1/1
f 6509/1/2 6510/1/2 6511/1/2 6512/1/2
f 6505/1/3 6506/1/3 6510/1/3 6509/1/3
f 6508/1/4 6512/1/4 6511/1/4 6507/1/4
f 6505/1/5 6509/1/5 6512/1/5 6508/1/5
f 6506/1/6 6507/1/6 6511/1/6 6510/1/6
f 6513/1/1 6516/1/1 6515/1/1 6514/1/1
f 6517/1/2 6518/1/2 6519/1/2 6520/1/2
f 6513/1/3 6514/1/3 6518/1/3 6517/1/3
f 6516/1/4 6520/1/4 6519/1/4 6515/1/4
f 6513/1/5 6517/1/5 6520/1/5 6516/1/5
f 6514/1/6 6515/1/6 6519/1/6 6518/1/6
f 6521/1/1 6524/1/1 6523/1/1 6522/1/1
f 6525/1/2 6526/1/2 6527/1/2 6528/1/2
f 6521/1/3 6522/1/3 6526/1/3 6525/1/3
f 6524/1/4 6528/1/4 6527/1/4 6523/1/4
f 6521/1/5 6525/1/5 6528/1/5 6524/1/5
f 6522/1/6 6523/1/6 6527/1/6 6526/1/6
f 6529/1/1 6532/1/1 6531/1/1 6530/1/1
f 6533/1/2 6534/1/2 6535/1/2 6536/1/2
f 6529/1/3 6530/1/3 6534/1/3 6533/1/3
f 6532/1/4 6536/1/4 6535/1/4 6531/1/4
f 6529/1/5 6533/1/5 6536/1/5 6532/1/5
f 6530/1/6 6531/1/6 6535/1/6 6534/1/6
f 6537/1/1 6540/1/1 6539/1/1 6538/1/1
f 6541/1/2 6542/1/2 6543/1/2 6544/1/2
f 6537/1/3 6538/1/3 6542/1/3 6541/1/3
f 6540/1/4 6544/1/4 6543/1/4 6539/1/4
f 6537/1/5 6541/1/5 6544/1/5 6540/1/5
f 6538/1/6 6539/1/6 6543/1/6 6542/1/6
f 6545/1/1 6548/1/1 6547/1/1 6546/1/1
f 6549/1/2 6550/1/2 6551/1/2 6552/1/2
f 6545/1/3 6546/1/3 6550/1/3 6549/1/3
f 6548/1/4 6552/1/4 6551/1/4 6547/1/4
f 6545/1/5 6549/1/5 6552/1/5 6548/1/5
f 6546/1/6 6547/1/6 6551/1/6 6550/1/6
f 6553/1/1 6556/1/1 6555/1/1 6554/1/1
f 6557/1/2 6558/1/2 6559/1/2 6560/1/2
f 6553/1/3 6554/1/3 6558/1/3 6557/1/3
f 6556/1/4 6560/1/4 6559/1/4 6555/1/4
f 6553/1/5 6557/1/5 6560/1/5 6556/1/5
f 6554/1/6 6555/1/6 6559/1/6 6558/1/6
f 6561/1/1 6564/1/1 6563/1/1 6562/1/1
f 6565/1/2 6566/1/2 6567/1/2 6568/1/2
f 6561/1/3 6562/1/3 6566/1/3 6565/1/3
f 6564/1/4 6568/1/4 6567/1/4 6563/1/4
f 6561/1/5 6565/1/5 6568/1/5 6564/1/5
f 6562/1/6 6563/1/6 6567/1/6 6566/1/6
f 6569/1/1 6572/1/1 6571/1/1 6570/1/1
f 6573/1/2 6574/1/2 6575/1/2 6576/1/2
f 6569/1/3 6570/1/3 6574/1/3 6573/1/3
f 6572/1/4 6576/1/4 6575/1/4 6571/1/4
f 6569/1/5 6573/1/5 6576/1/5 6572/1/5
f 6570/1/6 6571/1/6 6575/1/6 6574/1/6
f 6577/1/1 6580/1/1 6579/1/1 6578/1/1
f 6581/1/2 6582/1/2 6583/1/2 6584/1/2
f 6577/1/3 6578/1/3 6582/1/3 6581/1/3
f 6580/1/4 6584/1/4 6583/1/4 6579/1/4
f 6577/1/5 6581/1/5 6584/1/5 6580/1/5
f 6578/1/6 6579/1/6 6583/1/6 6582/1/6
f 6585/1/1 6588/1/1 6587/1/1 6586/1/1
f 6589/1/2 6590/1/2 6591/1/2 6592/1/2
f 6585/1/3 6586/1/3 6590/1/3 6589/1/3
f 6588/1/4 6592/1/4 6591/1/4 6587/1/4
f 6585/1/5 6589/1/5 6592/1/5 6588/1/5
f 6586/1/6 6587/1/6 6591/1/6 6590/1/6
f 6593/1/1 6596/1/1 6595/1/1 6594/1/1
f 6597/1/2 6598/1/2 6599/1/2 6600/1/2
f 6593/1/3 6594/1/3 6598/1/3 6597/1/3
f 6596/1/4 6600/1/4 6599/1/4 6595/1/4
f 6593/1/5 6597/1/5 6600/1/5 6596/1/5
f 6594/1/6 6595/1/6 6599/1/6 6598/1/6
f 6601/1/1 6604/1/1 6603/1/1 6602/1/1
f 6605/1/2 6606/1/2 6607/1/2 6608/1/2
f 6601/1/3 6602/1/3 6606/1/3 6605/1/3
f 6604/1/4 6608/1/4 6607/1/4 6603/1/4
f 6601/1/5 6605/1/5 6608/1/5 6604/1/5
f 6602/1/6 6603/1/6 6607/1/6 6606/1/6
f 6609/1/1 6612/1/1 6611/1/1 6610/1/1
f 6613/1/2 6614/1/2 6615/1/2 6616/1/2
f 6609/1/3 6610/1/3 6614/1/3 6613/1/3
f 6612/1/4 6616/1/4 6615/1/4 6611/1/4
f 6609/1/5 6613/1/5 6616/1/5 6612/1/5
f 6610/1/6 6611/1/6 6615/1/6 6614/1/6
f 6617/1/1 6620/1/1 6619/1/1 6618/1/1
f 6621/1/2 6622/1/2 6623/1/2 6624/1/2
f 6617/1/3 6618/1/3 6622/1/3 6621/1/3
f 6620/1/4 6624/1/4 6623/1/4 6619/1/4
f 6617/1/5 6621/1/5 6624/1/5 6620/1/5
f 6618/1/6 6619/1/6 6623/1/6 6622/1/6
f 6625/1/1 6628/1/1 6627/1/1 6626/1/1
f 6629/1/2 6630/1/2 6631/1/2 6632/1/2
f 6625/1/3 6626/1/3 6630/1/3 6629/1/3
f 6628/1/4 6632/1/4 6631/1/4 6627/1/4
f 6625/1/5 6629/1/5 6632/1/5 6628/1/5
f 6626/1/6 6627/1/6 6631/1/6 6630/1/6
f 6633/1/1 6636/1/1 6635/1/1 6634/1/1
f 6637/1/2 6638/1/2 6639/1/2 6640/1/2
f 6633/1/3 6634/1/3 6638/1/3 6637/1/3
f 6636/1/4 6640/1/4 6639/1/4 6635/1/4
f 6633/1/5 6637/1/5 6640/1/5 6636/1/5
f 6634/1/6 6635/1/6 6639/1/6 6638/1/6
f 6641/1/1 6644/1/1 6643/1/1 6642/1/1
f 6645/1/2 6646/1/2 6647/1/2 6648/1/2
f 6641/1/3 6642/1/3 6646/1/3 6645/1/3
f 6644/1/4 6648/1/4 6647/1/4 6643/1/4
f 6641/1/5 6645/1/5 6648/1/5 6644/1/5
f 6642/1/6 6643/1/6 6647/1/6 6646/1/6
f 6649/1/1 6652/1/1 6651/1/1 6650/1/1
f 6653/1/2 6654/1/2 6655/1/2 6656/1/2
f 6649/1/3 6650/1/3 6654/1/3 6653/1/3
f 6652/1/4 6656/1/4 6655/1/4 6651/1/4
f 6649/1/5 6653/1/5 6656/1/5 6652/1/5
f 6650/1/6 6651/1/6 6655/1/6 6654/1/6
f 6657/1/1 6660/1/1 6659/1/1 6658/1/1
f 6661/1/2 6662/1/2 6663/1/2 6664/1/2
f 6657/1/3 6658/1/3 6662/1/3 6661/1/3
f 6660/1/4 6664/1/4 6663/1/4 6659/1/4
f 6657/1/5 6661/1/5 6664/1/5 6660/1/5
f 6658/1/6 6659/1/6 6663/1/6 6662/1/6
f 6665/2/1 6668/2/1 6667/2/1 6666/2/1
f 6669/2/2 6670/2/2 6671/2/2 6672/2/2
f 6665/2/3 6666/2/3 6670/2/3 6669/2/3
f 6668/2/4 6672/2/4 6671/2/4 6667/2/4
f 6665/2/5 6669/2/5 6672/2/5 6668/2/5
f 6666/2/6 6667/2/6 6671/2/6 6670/2/6
f 6673/2/1 6676/2/1 6675/2/1 6674/2/1
f 6677/2/2 6678/2/2 6679/2/2 6680/2/2
f 6673/2/3 6674/2/3 6678/2/3 6677/2/3
f 6676/2/4 6680/2/4 6679/2/4 6675/2/4
f 6673/2/5 6677/2/5 6680/2/5 6676/2/5
f 6674/2/6 6675/2/6 6679/2/6 6678/2/6
f 6681/56/1 6684/56/1 6683/56/1 6682/56/1
f 6685/56/2 6686/56/2 6687/56/2 6688/56/2
f 6681/56/3 6682/56/3 6686/56/3 6685/56/3
f 6684/56/4 6688/56/4 6687/56/4 6683/56/4
f 6681/56/5 6685/56/5 6688/56/5 6684/56/5
f 6682/56/6 6683/56/6 6687/56/6 6686/56/6
f 6689/56/1 6692/56/1 6691/56/1 6690/56/1
f 6693/56/2 6694/56/2 6695/56/2 6696/56/2
f 6689/56/3 6690/56/3 6694/56/3 6693/56/3
f 6692/56/4 6696/56/4 6695/56/4 6691/56/4
f 6689/56/5 6693/56/5 6696/56/5 6692/56/5
f 6690/56/6 6691/56/6 6695/56/6 6694/56/6
f 6697/56/1 6700/56/1 6699/56/1 6698/56/1
f 6701/56/2 6702/56/2 6703/56/2 6704/56/2
f 6697/56/3 6698/56/3 6702/56/3 6701/56/3
f 6700/56/4 6704/56/4 6703/56/4 6699/56/4
f 6697/56/5 6701/56/5 6704/56/5 6700/56/5
f 6698/56/6 6699/56/6 6703/56/6 6702/56/6
f 6705/1/1 6708/1/1 6707/1/1 6706/1/1
f 6709/1/2 6710/1/2 6711/1/2 6712/1/2
f 6705/1/3 6706/1/3 6710/1/3 6709/1/3
f 6708/1/4 6712/1/4 6711/1/4 6707/1/4
f 6705/1/5 6709/1/5 6712/1/5 6708/1/5
f 6706/1/6 6707/1/6 6711/1/6 6710/1/6
f 6713/1/1 6716/1/1 6715/1/1 6714/1/1
f 6717/1/2 6718/1/2 6719/1/2 6720/1/2
f 6713/1/3 6714/1/3 6718/1/3 6717/1/3
f 6716/1/4 6720/1/4 6719/1/4 6715/1/4
f 6713/1/5 6717/1/5 6720/1/5 6716/1/5
f 6714/1/6 6715/1/6 6719/1/6 6718/1/6
f 6721/2/1 6724/2/1 6723/2/1 6722/2/1
f 6725/2/2 6726/2/2 6727/2/2 6728/2/2
f 6721/2/3 6722/2/3 6726/2/3 6725/2/3
f 6724/2/4 6728/2/4 6727/2/4 6723/2/4
f 6721/2/5 6725/2/5 6728/2/5 6724/2/5
f 6722/2/6 6723/2/6 6727/2/6 6726/2/6
f 6729/2/1 6732/2/1 6731/2/1 6730/2/1
f 6733/2/2 6734/2/2 6735/2/2 6736/2/2
f 6729/2/3 6730/2/3 6734/2/3 6733/2/3
f 6732/2/4 6736/2/4 6735/2/4 6731/2/4
f 6729/2/5 6733/2/5 6736/2/5 6732/2/5
f 6730/2/6 6731/2/6 6735/2/6 6734/2/6
f 6737/2/1 6740/2/1 6739/2/1 6738/2/1
f 6741/2/2 6742/2/2 6743/2/2 6744/2/2
f 6737/2/3 6738/2/3 6742/2/3 6741/2/3
f 6740/2/4 6744/2/4 6743/2/4 6739/2/4
f 6737/2/5 6741/2/5 6744/2/5 6740/2/5
f 6738/2/6 6739/2/6 6743/2/6 6742/2/6
f 6745/2/1 6748/2/1 6747/2/1 6746/2/1
f 6749/2/2 6750/2/2 6751/2/2 6752/2/2
f 6745/2/3 6746/2/3 6750/2/3 6749/2/3
f 6748/2/4 6752/2/4 6751/2/4 6747/2/4
f 6745/2/5 6749/2/5 6752/2/5 6748/2/5
f 6746/2/6 6747/2/6 6751/2/6 6750/2/6
f 6753/56/1 6756/56/1 6755/56/1 6754/56/1
f 6757/56/2 6758/56/2 6759/56/2 6760/56/2
f 6753/56/3 6754/56/3 6758/56/3 6757/56/3
f 6756/56/4 6760/56/4 6759/56/4 6755/56/4
f 6753/56/5 6757/56/5 6760/56/5 6756/56/5
f 6754/56/6 6755/56/6 6759/56/6 6758/56/6
f 6761/56/1 6764/56/1 6763/56/1 6762/56/1
f 6765/56/2 6766/56/2 6767/56/2 6768/56/2
f 6761/56/3 6762/56/3 6766/56/3 6765/56/3
f 6764/56/4 6768/56/4 6767/56/4 6763/56/4
f 6761/56/5 6765/56/5 6768/56/5 6764/56/5
f 6762/56/6 6763/56/6 6767/56/6 6766/56/6
f 6769/1/1 6772/1/1 6771/1/1 6770/1/1
f 6773/1/2 6774/1/2 6775/1/2 6776/1/2
f 6769/1/3 6770/1/3 6774/1/3 6773/1/3
f 6772/1/4 6776/1/4 6775/1/4 6771/1/4
f 6769/1/5 6773/1/5 6776/1/5 6772/1/5
f 6770/1/6 6771/1/6 6775/1/6 6774/1/6
f 6777/1/1 6780/1/1 6779/1/1 6778/1/1
f 6781/1/2 6782/1/2 6783/1/2 6784/1/2
f 6777/1/3 6778/1/3 6782/1/3 6781/1/3
f 6780/1/4 6784/1/4 6783/1/4 6779/1/4
f 6777/1/5 6781/1/5 6784/1/5 6780/1/5
f 6778/1/6 6779/1/6 6783/1/6 6782/1/6
f 6785/30/1 6788/30/1 6787/30/1 6786/30/1
f 6789/30/2 6790/30/2 6791/30/2 6792/30/2
f 6785/30/3 6786/30/3 6790/30/3 6789/30/3
f 6788/30/4 6792/30/4 6791/30/4 6787/30/4
f 6785/30/5 6789/30/5 6792/30/5 6788/30/5
f 6786/30/6 6787/30/6 6791/30/6 6790/30/6
f 6793/30/1 6796/30/1 6795/30/1 6794/30/1
f 6797/30/2 6798/30/2 6799/30/2 6800/30/2
f 6793/30/3 6794/30/3 6798/30/3 6797/30/3
f 6796/30/4 6800/30/4 6799/30/4 6795/30/4
f 6793/30/5 6797/30/5 6800/30/5 6796/30/5
f 6794/30/6 6795/30/6 6799/30/6 6798/30/6
f 6801/1/1 6804/1/1 6803/1/1 6802/1/1
f 6805/1/2 6806/1/2 6807/1/2 6808/1/2
f 6801/1/3 6802/1/3 6806/1/3 6805/1/3
f 6804/1/4 6808/1/4 6807/1/4 6803/1/4
f 6801/1/5 6805/1/5 6808/1/5 6804/1/5
f 6802/1/6 6803/1/6 6807/1/6 6806/1/6
f 6809/1/1 6812/1/1 6811/1/1 6810/1/1
f 6813/1/2 6814/1/2 6815/1/2 6816/1/2
f 6809/1/3 6810/1/3 6814/1/3 6813/1/3
f 6812/1/4 6816/1/4 6815/1/4 6811/1/4
f 6809/1/5 6813/1/5 6816/1/5 6812/1/5
f 6810/1/6 6811/1/6 6815/1/6 6814/1/6
f 6817/1/1 6820/1/1 6819/1/1 6818/1/1
f 6821/1/2 6822/1/2 6823/1/2 6824/1/2
f 6817/1/3 6818/1/3 6822/1/3 6821/1/3
f 6820/1/4 6824/1/4 6823/1/4 6819/1/4
f 6817/1/5 6821/1/5 6824/1/5 6820/1/5
f 6818/1/6 6819/1/6 6823/1/6 6822/1/6
f 6825/1/1 6828/1/1 6827/1/1 6826/1/1
f 6829/1/2 6830/1/2 6831/1/2 6832/1/2
f 6825/1/3 6826/1/3 6830/1/3 6829/1/3
f 6828/1/4 6832/1/4 6831/1/4 6827/1/4
f 6825/1/5 6829/1/5 6832/1/5 6828/1/5
f 6826/1/6 6827/1/6 6831/1/6 6830/1/6
f 6833/30/1 6836/30/1 6835/30/1 6834/30/1
f 6837/30/2 6838/30/2 6839/30/2 6840/30/2
f 6833/30/3 6834/30/3 6838/30/3 6837/30/3
f 6836/30/4 6840/30/4 6839/30/4 6835/30/4
f 6833/30/5 6837/30/5 6840/30/5 6836/30/5
f 6834/30/6 6835/30/6 6839/30/6 6838/30/6
f 6841/30/1 6844/30/1 6843/30/1 6842/30/1
f 6845/30/2 6846/30/2 6847/30/2 6848/30/2
f 6841/30/3 6842/30/3 6846/30/3 6845/30/3
f 6844/30/4 6848/30/4 6847/30/4 6843/30/4
f 6841/30/5 6845/30/5 6848/30/5 6844/30/5
f 6842/30/6 6843/30/6 6847/30/6 6846/30/6
f 6849/1/1 6852/1/1 6851/1/1 6850/1/1
f 6853/1/2 6854/1/2 6855/1/2 6856/1/2
f 6849/1/3 6850/1/3 6854/1/3 6853/1/3
f 6852/1/4 6856/1/4 6855/1/4 6851/1/4
f 6849/1/5 6853/1/5 6856/1/5 6852/1/5
f 6850/1/6 6851/1/6 6855/1/6 6854/1/6
f 6857/1/1 6860/1/1 6859/1/1 6858/1/1
f 6861/1/2 6862/1/2 6863/1/2 6864/1/2
f 6857/1/3 6858/1/3 6862/1/3 6861/1/3
f 6860/1/4 6864/1/4 6863/1/4 6859/1/4
f 6857/1/5 6861/1/5 6864/1/5 6860/1/5
f 6858/1/6 6859/1/6 6863/1/6 6862/1/6
f 6865/1/1 6868/1/1 6867/1/1 6866/1/1
f 6869/1/2 6870/1/2 6871/1/2 6872/1/2
f 6865/1/3 6866/1/3 6870/1/3 6869/1/3
f 6868/1/4 6872/1/4 6871/1/4 6867/1/4
f 6865/1/5 6869/1/5 6872/1/5 6868/1/5
f 6866/1/6 6867/1/6 6871/1/6 6870/1/6
f 6873/1/1 6876/1/1 6875/1/1 6874/1/1
f 6877/1/2 6878/1/2 6879/1/2 6880/1/2
f 6873/1/3 6874/1/3 6878/1/3 6877/1/3
f 6876/1/4 6880/1/4 6879/1/4 6875/1/4
f 6873/1/5 6877/1/5 6880/1/5 6876/1/5
f 6874/1/6 6875/1/6 6879/1/6 6878/1/6
f 6881/30/1 6884/30/1 6883/30/1 6882/30/1
f 6885/30/2 6886/30/2 6887/30/2 6888/30/2
f 6881/30/3 6882/30/3 6886/30/3 6885/30/3
f 6884/30/4 6888/30/4 6887/30/4 6883/30/4
f 6881/30/5 6885/30/5 6888/30/5 6884/30/5
f 6882/30/6 6883/30/6 6887/30/6 6886/30/6
f 6889/30/1 6892/30/1 6891/30/1 6890/30/1
f 6893/30/2 6894/30/2 6895/30/2 6896/30/2
f 6889/30/3 6890/30/3 6894/30/3 6893/30/3
f 6892/30/4 6896/30/4 6895/30/4 6891/30/4
f 6889/30/5 6893/30/5 6896/30/5 6892/30/5
f 6890/30/6 6891/30/6 6895/30/6 6894/30/6
f 6897/1/1 6900/1/1 6899/1/1 6898/1/1
f 6901/1/2 6902/1/2 6903/1/2 6904/1/2
f 6897/1/3 6898/1/3 6902/1/3 6901/1/3
f 6900/1/4 6904/1/4 6903/1/4 6899/1/4
f 6897/1/5 6901/1/5 6904/1/5 6900/1/5
f 6898/1/6 6899/1/6 6903/1/6 6902/1/6
f 6905/1/1 6908/1/1 6907/1/1 6906/1/1
f 6909/1/2 6910/1/2 6911/1/2 6912/1/2
f 6905/1/3 6906/1/3 6910/1/3 6909/1/3
f 6908/1/4 6912/1/4 6911/1/4 6907/1/4
f 6905/1/5 6909/1/5 6912/1/5 6908/1/5
f 6906/1/6 6907/1/6 6911/1/6 6910/1/6
f 6913/1/1 6916/1/1 6915/1/1 6914/1/1
f 6917/1/2 6918/1/2 6919/1/2 6920/1/2
f 6913/1/3 6914/1/3 6918/1/3 6917/1/3
f 6916/1/4 6920/1/4 6919/1/4 6915/1/4
f 6913/1/5 6917/1/5 6920/1/5 6916/1/5
f 6914/1/6 6915/1/6 6919/1/6 6918/1/6
f 6921/1/1 6924/1/1 6923/1/1 6922/1/1
f 6925/1/2 6926/1/2 6927/1/2 6928/1/2
f 6921/1/3 6922/1/3 6926/1/3 6925/1/3
f 6924/1/4 6928/1/4 6927/1/4 6923/1/4
f 6921/1/5 6925/1/5 6928/1/5 6924/1/5
f 6922/1/6 6923/1/6 6927/1/6 6926/1/6
f 6929/2/1 6932/2/1 6931/2/1 6930/2/1
f 6933/2/2 6934/2/2 6935/2/2 6936/2/2
f 6929/2/3 6930/2/3 6934/2/3 6933/2/3
f 6932/2/4 6936/2/4 6935/2/4 6931/2/4
f 6929/2/5 6933/2/5 6936/2/5 6932/2/5
f 6930/2/6 6931/2/6 6935/2/6 6934/2/6
f 6937/2/1 6940/2/1 6939/2/1 6938/2/1
f 6941/2/2 6942/2/2 6943/2/2 6944/2/2
f 6937/2/3 6938/2/3 6942/2/3 6941/2/3
f 6940/2/4 6944/2/4 6943/2/4 6939/2/4
f 6937/2/5 6941/2/5 6944/2/5 6940/2/5
f 6938/2/6 6939/2/6 6943/2/6 6942/2/6
f 6945/2/1 6948/2/1 6947/2/1 6946/2/1
f 6949/2/2 6950/2/2 6951/2/2 6952/2/2
f 6945/2/3 6946/2/3 6950/2/3 6949/2/3
f 6948/2/4 6952/2/4 6951/2/4 6947/2/4
f 6945/2/5 6949/2/5 6952/2/5 6948/2/5
f 6946/2/6 6947/2/6 6951/2/6 6950/2/6
f 6953/2/1 6956/2/1 6955/2/1 6954/2/1
f 6957/2/2 6958/2/2 6959/2/2 6960/2/2
f 6953/2/3 6954/2/3 6958/2/3 6957/2/3
f 6956/2/4 6960/2/4 6959/2/4 6955/2/4
f 6953/2/5 6957/2/5 6960/2/5 6956/2/5
f 6954/2/6 6955/2/6 6959/2/6 6958/2/6
f 6961/2/1 6964/2/1 6963/2/1 6962/2/1
f 6965/2/2 6966/2/2 6967/2/2 6968/2/2
f 6961/2/3 6962/2/3 6966/2/3 6965/2/3
f 6964/2/4 6968/2/4 6967/2/4 6963/2/4
f 6961/2/5 6965/2/5 6968/2/5 6964/2/5
f 6962/2/6 6963/2/6 6967/2/6 6966/2/6
f 6969/56/1 6972/56/1 6971/56/1 6970/56/1
f 6973/56/2 6974/56/2 6975/56/2 6976/56/2
f 6969/56/3 6970/56/3 6974/56/3 6973/56/3
f 6972/56/4 6976/56/4 6975/56/4 6971/56/4
f 6969/56/5 6973/56/5 6976/56/5 6972/56/5
f 6970/56/6 6971/56/6 6975/56/6 6974/56/6
f 6977/1/1 6980/1/1 6979/1/1 6978/1/1
f 6981/1/2 6982/1/2 6983/1/2 6984/1/2
f 6977/1/3 6978/1/3 6982/1/3 6981/1/3
f 6980/1/4 6984/1/4 6983/1/4 6979/1/4
f 6977/1/5 6981/1/5 6984/1/5 6980/1/5
f 6978/1/6 6979/1/6 6983/1/6 6982/1/6
f 6985/1/1 6988/1/1 6987/1/1 6986/1/1
f 6989/1/2 6990/1/2 6991/1/2 6992/1/2
f 6985/1/3 6986/1/3 6990/1/3 6989/1/3
f 6988/1/4 6992/1/4 6991/1/4 6987/1/4
f 6985/1/5 6989/1/5 6992/1/5 6988/1/5
f 6986/1/6 6987/1/6 6991/1/6 6990/1/6
f 6993/2/1 6996/2/1 6995/2/1 6994/2/1
f 6997/2/2 6998/2/2 6999/2/2 7000/2/2
f 6993/2/3 6994/2/3 6998/2/3 6997/2/3
f 6996/2/4 7000/2/4 6999/2/4 6995/2/4
f 6993/2/5 6997/2/5 7000/2/5 6996/2/5
f 6994/2/6 6995/2/6 6999/2/6 6998/2/6
f 7001/2/1 7004/2/1 7003/2/1 7002/2/1
f 7005/2/2 7006/2/2 7007/2/2 7008/2/2
f 7001/2/3 7002/2/3 7006/2/3 7005/2/3
f 7004/2/4 7008/2/4 7007/2/4 7003/2/4
f 7001/2/5 7005/2/5 7008/2/5 7004/2/5
f 7002/2/6 7003/2/6 7007/2/6 7006/2/6
f 7009/2/1 7012/2/1 7011/2/1 7010/2/1
f 7013/2/2 7014/2/2 7015/2/2 7016/2/2
f 7009/2/3 7010/2/3 7014/2/3 7013/2/3
f 7012/2/4 7016/2/4 7015/2/4 7011/2/4
f 7009/2/5 7013/2/5 7016/2/5 7012/2/5
f 7010/2/6 7011/2/6 7015/2/6 7014/2/6
f 7017/2/1 7020/2/1 7019/2/1 7018/2/1
f 7021/2/2 7022/2/2 7023/2/2 7024/2/2
f 7017/2/3 7018/2/3 7022/2/3 7021/2/3
f 7020/2/4 7024/2/4 7023/2/4 7019/2/4
f 7017/2/5 7021/2/5 7024/2/5 7020/2/5
f 7018/2/6 7019/2/6 7023/2/6 7022/2/6
f 7025/2/1 7028/2/1 7027/2/1 7026/2/1
f 7029/2/2 7030/2/2 7031/2/2 7032/2/2
f 7025/2/3 7026/2/3 7030/2/3 7029/2/3
f 7028/2/4 7032/2/4 7031/2/4 7027/2/4
f 7025/2/5 7029/2/5 7032/2/5 7028/2/5
f 7026/2/6 7027/2/6 7031/2/6 7030/2/6
f 7033/56/1 7036/56/1 7035/56/1 7034/56/1
f 7037/56/2 7038/56/2 7039/56/2 7040/56/2
f 7033/56/3 7034/56/3 7038/56/3 7037/56/3
f 7036/56/4 7040/56/4 7039/56/4 7035/56/4
f 7033/56/5 7037/56/5 7040/56/5 7036/56/5
f 7034/56/6 7035/56/6 7039/56/6 7038/56/6
f 7041/1/1 7044/1/1 7043/1/1 7042/1/1
f 7045/1/2 7046/1/2 7047/1/2 7048/1/2
f 7041/1/3 7042/1/3 7046/1/3 7045/1/3
f 7044/1/4 7048/1/4 7047/1/4 7043/1/4
f 7041/1/5 7045/1/5 7048/1/5 7044/1/5
f 7042/1/6 7043/1/6 7047/1/6 7046/1/6
f 7049/1/1 7052/1/1 7051/1/1 7050/1/1
f 7053/1/2 7054/1/2 7055/1/2 7056/1/2
f 7049/1/3 7050/1/3 7054/1/3 7053/1/3
f 7052/1/4 7056/1/4 7055/1/4 7051/1/4
f 7049/1/5 7053/1/5 7056/1/5 7052/1/5
f 7050/1/6 7051/1/6 7055/1/6 7054/1/6
f 7057/2/1 7060/2/1 7059/2/1 7058/2/1
f 7061/2/2 7062/2/2 7063/2/2 7064/2/2
f 7057/2/3 7058/2/3 7062/2/3 7061/2/3
f 7060/2/4 7064/2/4 7063/2/4 7059/2/4
f 7057/2/5 7061/2/5 7064/2/5 7060/2/5
f 7058/2/6 7059/2/6 7063/2/6 7062/2/6
f 7065/2/1 7068/2/1 7067/2/1 7066/2/1
f 7069/2/2 7070/2/2 7071/2/2 7072/2/2
f 7065/2/3 7066/2/3 7070/2/3 7069/2/3
f 7068/2/4 7072/2/4 7071/2/4 7067/2/4
f 7065/2/5 7069/2/5 7072/2/5 7068/2/5
f 7066/2/6 7067/2/6 7071/2/6 7070/2/6
f 7073/2/1 7076/2/1 7075/2/1 7074/2/1
f 7077/2/2 7078/2/2 7079/2/2 7080/2/2
f 7073/2/3 7074/2/3 7078/2/3 7077/2/3
f 7076/2/4 7080/2/4 7079/2/4 7075/2/4
f 7073/2/5 7077/2/5 7080/2/5 7076/2/5
f 7074/2/6 7075/2/6 7079/2/6 7078/2/6
f 7081/2/1 7084/2/1 7083/2/1 7082/2/1
f 7085/2/2 7086/2/2 7087/2/2 7088/2/2
f 7081/2/3 7082/2/3 7086/2/3 7085/2/3
f 7084/2/4 7088/2/4 7087/2/4 7083/2/4
f 7081/2/5 7085/2/5 7088/2/5 7084/2/5
f 7082/2/6 7083/2/6 7087/2/6 7086/2/6
f 7089/2/1 7092/2/1 7091/2/1 7090/2/1
f 7093/2/2 7094/2/2 7095/2/2 7096/2/2
f 7089/2/3 7090/2/3 7094/2/3 7093/2/3
f 7092/2/4 7096/2/4 7095/2/4 7091/2/4
f 7089/2/5 7093/2/5 7096/2/5 7092/2/5
f 7090/2/6 7091/2/6 7095/2/6 7094/2/6
f 7097/56/1 7100/56/1 7099/56/1 7098/56/1
f 7101/56/2 7102/56/2 7103/56/2 7104/56/2
f 7097/56/3 7098/56/3 7102/56/3 7101/56/3
f 7100/56/4 7104/56/4 7103/56/4 7099/56/4
f 7097/56/5 7101/56/5 7104/56/5 7100/56/5
f 7098/56/6 7099/56/6 7103/56/6 7102/56/6
f 7105/1/1 7108/1/1 7107/1/1 7106/1/1
f 7109/1/2 7110/1/2 7111/1/2 7112/1/2
f 7105/1/3 7106/1/3 7110/1/3 7109/1/3
f 7108/1/4 7112/1/4 7111/1/4 7107/1/4
f 7105/1/5 7109/1/5 7112/1/5 7108/1/5
f 7106/1/6 7107/1/6 7111/1/6 7110/1/6
f 7113/1/1 7116/1/1 7115/1/1 7114/1/1
f 7117/1/2 7118/1/2 7119/1/2 7120/1/2
f 7113/1/3 7114/1/3 7118/1/3 7117/1/3
f 7116/1/4 7120/1/4 7119/1/4 7115/1/4
f 7113/1/5 7117/1/5 7120/1/5 7116/1/5
f 7114/1/6 7115/1/6 7119/1/6 7118/1/6
f 7121/1/1 7124/1/1 7123/1/1 7122/1/1
f 7125/1/2 7126/1/2 7127/1/2 7128/1/2
f 7121/1/3 7122/1/3 7126/1/3 7125/1/3
f 7124/1/4 7128/1/4 7127/1/4 7123/1/4
f 7121/1/5 7125/1/5 7128/1/5 7124/1/5
f 7122/1/6 7123/1/6 7127/1/6 7126/1/6
f 7129/1/1 7132/1/1 7131/1/1 7130/1/1
f 7133/1/2 7134/1/2 7135/1/2 7136/1/2
f 7129/1/3 7130/1/3 7134/1/3 7133/1/3
f 7132/1/4 7136/1/4 7135/1/4 7131/1/4
f 7129/1/5 7133/1/5 7136/1/5 7132/1/5
f 7130/1/6 7131/1/6 7135/1/6 7134/1/6
f 7137/2/1 7140/2/1 7139/2/1 7138/2/1
f 7141/2/2 7142/2/2 7143/2/2 7144/2/2
f 7137/2/3 7138/2/3 7142/2/3 7141/2/3
f 7140/2/4 7144/2/4 7143/2/4 7139/2/4
f 7137/2/5 7141/2/5 7144/2/5 7140/2/5
f 7138/2/6 7139/2/6 7143/2/6 7142/2/6
f 7145/2/1 7148/2/1 7147/2/1 7146/2/1
f 7149/2/2 7150/2/2 7151/2/2 7152/2/2
f 7145/2/3 7146/2/3 7150/2/3 7149/2/3
f 7148/2/4 7152/2/4 7151/2/4 7147/2/4
f 7145/2/5 7149/2/5 7152/2/5 7148/2/5
f 7146/2/6 7147/2/6 7151/2/6 7150/2/6
f 7153/2/1 7156/2/1 7155/2/1 7154/2/1
f 7157/2/2 7158/2/2 7159/2/2 7160/2/2
f 7153/2/3 7154/2/3 7158/2/3 7157/2/3
f 7156/2/4 7160/2/4 7159/2/4 7155/2/4
f 7153/2/5 7157/2/5 7160/2/5 7156/2/5
f 7154/2/6 7155/2/6 7159/2/6 7158/2/6
f 7161/2/1 7164/2/1 7163/2/1 7162/2/1
f 7165/2/2 7166/2/2 7167/2/2 7168/2/2
f 7161/2/3 7162/2/3 7166/2/3 7165/2/3
f 7164/2/4 7168/2/4 7167/2/4 7163/2/4
f 7161/2/5 7165/2/5 7168/2/5 7164/2/5
f 7162/2/6 7163/2/6 7167/2/6 7166/2/6
f 7169/56/1 7172/56/1 7171/56/1 7170/56/1
f 7173/56/2 7174/56/2 7175/56/2 7176/56/2
f 7169/56/3 7170/56/3 7174/56/3 7173/56/3
f 7172/56/4 7176/56/4 7175/56/4 7171/56/4
f 7169/56/5 7173/56/5 7176/56/5 7172/56/5
f 7170/56/6 7171/56/6 7175/56/6 7174/56/6
f 7177/1/1 7180/1/1 7179/1/1 7178/1/1
f 7181/1/2 7182/1/2 7183/1/2 7184/1/2
f 7177/1/3 7178/1/3 7182/1/3 7181/1/3
f 7180/1/4 7184/1/4 7183/1/4 7179/1/4
f 7177/1/5 7181/1/5 7184/1/5 7180/1/5
f 7178/1/6 7179/1/6 7183/1/6 7182/1/6
f 7185/1/1 7188/1/1 7187/1/1 7186/1/1
f 7189/1/2 7190/1/2 7191/1/2 7192/1/2
f 7185/1/3 7186/1/3 7190/1/3 7189/1/3
f 7188/1/4 7192/1/4 7191/1/4 7187/1/4
f 7185/1/5 7189/1/5 7192/1/5 7188/1/5
f 7186/1/6 7187/1/6 7191/1/6 7190/1/6
f 7193/1/1 7196/1/1 7195/1/1 7194/1/1
f 7197/1/2 7198/1/2 7199/1/2 7200/1/2
f 7193/1/3 7194/1/3 7198/1/3 7197/1/3
f 7196/1/4 7200/1/4 7199/1/4 7195/1/4
f 7193/1/5 7197/1/5 7200/1/5 7196/1/5
f 7194/1/6 7195/1/6 7199/1/6 7198/1/6
f 7201/1/1 7204/1/1 7203/1/1 7202/1/1
f 7205/1/2 7206/1/2 7207/1/2 7208/1/2
f 7201/1/3 7202/1/3 7206/1/3 7205/1/3
f 7204/1/4 7208/1/4 7207/1/4 7203/1/4
f 7201/1/5 7205/1/5 7208/1/5 7204/1/5
f 7202/1/6 7203/1/6 7207/1/6 7206/1/6
f 7209/2/1 7212/2/1 7211/2/1 7210/2/1
f 7213/2/2 7214/2/2 7215/2/2 7216/2/2
f 7209/2/3 7210/2/3 7214/2/3 7213/2/3
f 7212/2/4 7216/2/4 7215/2/4 7211/2/4
f 7209/2/5 7213/2/5 7216/2/5 7212/2/5
f 7210/2/6 7211/2/6 7215/2/6 7214/2/6
f 7217/2/1 7220/2/1 7219/2/1 7218/2/1
f 7221/2/2 7222/2/2 7223/2/2 7224/2/2
f 7217/2/3 7218/2/3 7222/2/3 7221/2/3
f 7220/2/4 7224/2/4 7223/2/4 7219/2/4
f 7217/2/5 7221/2/5 7224/2/5 7220/2/5
f 7218/2/6 7219/2/6 7223/2/6 7222/2/6
f 7225/2/1 7228/2/1 7227/2/1 7226/2/1
f 7229/2/2 7230/2/2 7231/2/2 7232/2/2
f 7225/2/3 7226/2/3 7230/2/3 7229/2/3
f 7228/2/4 7232/2/4 7231/2/4 7227/2/4
f 7225/2/5 7229/2/5 7232/2/5 7228/2/5
f 7226/2/6 7227/2/6 7231/2/6 7230/2/6
f 7233/2/1 7236/2/1 7235/2/1 7234/2/1
f 7237/2/2 7238/2/2 7239/2/2 7240/2/2
f 7233/2/3 7234/2/3 7238/2/3 7237/2/3
f 7236/2/4 7240/2/4 7239/2/4 7235/2/4
f 7233/2/5 7237/2/5 7240/2/5 7236/2/5
f 7234/2/6 7235/2/6 7239/2/6 7238/2/6
f 7241/2/1 7244/2/1 7243/2/1 7242/2/1
f 7245/2/2 7246/2/2 7247/2/2 7248/2/2
f 7241/2/3 7242/2/3 7246/2/3 7245/2/3
f 7244/2/4 7248/2/4 7247/2/4 7243/2/4
f 7241/2/5 7245/2/5 7248/2/5 7244/2/5
f 7242/2/6 7243/2/6 7247/2/6 7246/2/6
f 7249/1/1 7252/1/1 7251/1/1 7250/1/1
f 7253/1/2 7254/1/2 7255/1/2 7256/1/2
f 7249/1/3 7250/1/3 7254/1/3 7253/1/3
f 7252/1/4 7256/1/4 7255/1/4 7251/1/4
f 7249/1/5 7253/1/5 7256/1/5 7252/1/5
f 7250/1/6 7251/1/6 7255/1/6 7254/1/6
f 7257/1/1 7260/1/1 7259/1/1 7258/1/1
f 7261/1/2 7262/1/2 7263/1/2 7264/1/2
f 7257/1/3 7258/1/3 7262/1/3 7261/1/3
f 7260/1/4 7264/1/4 7263/1/4 7259/1/4
f 7257/1/5 7261/1/5 7264/1/5 7260/1/5
f 7258/1/6 7259/1/6 7263/1/6 7262/1/6
f 7265/2/1 7268/2/1 7267/2/1 7266/2/1
f 7269/2/2 7270/2/2 7271/2/2 7272/2/2
f 7265/2/3 7266/2/3 7270/2/3 7269/2/3
f 7268/2/4 7272/2/4 7271/2/4 7267/2/4
f 7265/2/5 7269/2/5 7272/2/5 7268/2/5
f 7266/2/6 7267/2/6 7271/2/6 7270/2/6
f 7273/2/1 7276/2/1 7275/2/1 7274/2/1
f 7277/2/2 7278/2/2 7279/2/2 7280/2/2
f 7273/2/3 7274/2/3 7278/2/3 7277/2/3
f 7276/2/4 7280/2/4 7279/2/4 7275/2/4
f 7273/2/5 7277/2/5 7280/2/5 7276/2/5
f 7274/2/6 7275/2/6 7279/2/6 7278/2/6
f 7281/2/1 7284/2/1 7283/2/1 7282/2/1
f 7285/2/2 7286/2/2 7287/2/2 7288/2/2
f 7281/2/3 7282/2/3 7286/2/3 7285/2/3
f 7284/2/4 7288/2/4 7287/2/4 7283/2/4
f 7281/2/5 7285/2/5 7288/2/5 7284/2/5
f 7282/2/6 7283/2/6 7287/2/6 7286/2/6
f 7289/2/1 7292/2/1 7291/2/1 7290/2/1
f 7293/2/2 7294/2/2 7295/2/2 7296/2/2
f 7289/2/3 7290/2/3 7294/2/3 7293/2/3
f 7292/2/4 7296/2/4 7295/2/4 7291/2/4
f 7289/2/5 7293/2/5 7296/2/5 7292/2/5
f 7290/2/6 7291/2/6 7295/2/6 7294/2/6
f 7297/2/1 7300/2/1 7299/2/1 7298/2/1
f 7301/2/2 7302/2/2 7303/2/2 7304/2/2
f 7297/2/3 7298/2/3 7302/2/3 7301/2/3
f 7300/2/4 7304/2/4 7303/2/4 7299/2/4
f 7297/2/5 7301/2/5 7304/2/5 7300/2/5
f 7298/2/6 7299/2/6 7303/2/6 7302/2/6
f 7305/2/1 7308/2/1 7307/2/1 7306/2/1
f 7309/2/2 7310/2/2 7311/2/2 7312/2/2
f 7305/2/3 7306/2/3 7310/2/3 7309/2/3
f 7308/2/4 7312/2/4 7311/2/4 7307/2/4
f 7305/2/5 7309/2/5 7312/2/5 7308/2/5
f 7306/2/6 7307/2/6 7311/2/6 7310/2/6
f 7313/2/1 7316/2/1 7315/2/1 7314/2/1
f 7317/2/2 7318/2/2 7319/2/2 7320/2/2
f 7313/2/3 7314/2/3 7318/2/3 7317/2/3
f 7316/2/4 7320/2/4 7319/2/4 7315/2/4
f 7313/2/5 7317/2/5 7320/2/5 7316/2/5
f 7314/2/6 7315/2/6 7319/2/6 7318/2/6
f 7321/1/1 7324/1/1 7323/1/1 7322/1/1
f 7325/1/2 7326/1/2 7327/1/2 7328/1/2
f 7321/1/3 7322/1/3 7326/1/3 7325/1/3
f 7324/1/4 7328/1/4 7327/1/4 7323/1/4
f 7321/1/5 7325/1/5 7328/1/5 7324/1/5
f 7322/1/6 7323/1/6 7327/1/6 7326/1/6
f 7329/1/1 7332/1/1 7331/1/1 7330/1/1
f 7333/1/2 7334/1/2 7335/1/2 7336/1/2
f 7329/1/3 7330/1/3 7334/1/3 7333/1/3
f 7332/1/4 7336/1/4 7335/1/4 7331/1/4
f 7329/1/5 7333/1/5 7336/1/5 7332/1/5
f 7330/1/6 7331/1/6 7335/1/6 7334/1/6
f 7337/2/1 7340/2/1 7339/2/1 7338/2/1
f 7341/2/2 7342/2/2 7343/2/2 7344/2/2
f 7337/2/3 7338/2/3 7342/2/3 7341/2/3
f 7340/2/4 7344/2/4 7343/2/4 7339/2/4
f 7337/2/5 7341/2/5 7344/2/5 7340/2/5
f 7338/2/6 7339/2/6 7343/2/6 7342/2/6
f 7345/2/1 7348/2/1 7347/2/1 7346/2/1
f 7349/2/2 7350/2/2 7351/2/2 7352/2/2
f 7345/2/3 7346/2/3 7350/2/3 7349/2/3
f 7348/2/4 7352/2/4 7351/2/4 7347/2/4
f 7345/2/5 7349/2/5 7352/2/5 7348/2/5
f 7346/2/6 7347/2/6 7351/2/6 7350/2/6
f 7353/2/1 7356/2/1 7355/2/1 7354/2/1
f 7357/2/2 7358/2/2 7359/2/2 7360/2/2
f 7353/2/3 7354/2/3 7358/2/3 7357/2/3
f 7356/2/4 7360/2/4 7359/2/4 7355/2/4
f 7353/2/5 7357/2/5 7360/2/5 7356/2/5
f 7354/2/6 7355/2/6 7359/2/6 7358/2/6
f 7361/2/1 7364/2/1 7363/2/1 7362/2/1
f 7365/2/2 7366/2/2 7367/2/2 7368/2/2
f 7361/2/3 7362/2/3 7366/2/3 7365/2/3
f 7364/2/4 7368/2/4 7367/2/4 7363/2/4
f 7361/2/5 7365/2/5 7368/2/5 7364/2/5
f 7362/2/6 7363/2/6 7367/2/6 7366/2/6
f 7369/2/1 7372/2/1 7371/2/1 7370/2/1
f 7373/2/2 7374/2/2 7375/2/2 7376/2/2
f 7369/2/3 7370/2/3 7374/2/3 7373/2/3
f 7372/2/4 7376/2/4 7375/2/4 7371/2/4
f 7369/2/5 7373/2/5 7376/2/5 7372/2/5
f 7370/2/6 7371/2/6 7375/2/6 7374/2/6
f 7377/2/1 7380/2/1 7379/2/1 7378/2/1
f 7381/2/2 7382/2/2 7383/2/2 7384/2/2
f 7377/2/3 7378/2/3 7382/2/3 7381/2/3
f 7380/2/4 7384/2/4 7383/2/4 7379/2/4
f 7377/2/5 7381/2/5 7384/2/5 7380/2/5
f 7378/2/6 7379/2/6 7383/2/6 7382/2/6
f 7385/2/1 7388/2/1 7387/2/1 7386/2/1
f 7389/2/2 7390/2/2 7391/2/2 7392/2/2
f 7385/2/3 7386/2/3 7390/2/3 7389/2/3
f 7388/2/4 7392/2/4 7391/2/4 7387/2/4
f 7385/2/5 7389/2/5 7392/2/5 7388/2/5
f 7386/2/6 7387/2/6 7391/2/6 7390/2/6
f 7393/1/1 7396/1/1 7395/1/1 7394/1/1
f 7397/1/2 7398/1/2 7399/1/2 7400/1/2
f 7393/1/3 7394/1/3 7398/1/3 7397/1/3
f 7396/1/4 7400/1/4 7399/1/4 7395/1/4
f 7393/1/5 7397/1/5 7400/1/5 7396/1/5
f 7394/1/6 7395/1/6 7399/1/6 7398/1/6
f 7401/1/1 7404/1/1 7403/1/1 7402/1/1
f 7405/1/2 7406/1/2 7407/1/2 7408/1/2
f 7401/1/3 7402/1/3 7406/1/3 7405/1/3
f 7404/1/4 7408/1/4 7407/1/4 7403/1/4
f 7401/1/5 7405/1/5 7408/1/5 7404/1/5
f 7402/1/6 7403/1/6 7407/1/6 7406/1/6
f 7409/2/1 7412/2/1 7411/2/1 7410/2/1
f 7413/2/2 7414/2/2 7415/2/2 7416/2/2
f 7409/2/3 7410/2/3 7414/2/3 7413/2/3
f 7412/2/4 7416/2/4 7415/2/4 7411/2/4
f 7409/2/5 7413/2/5 7416/2/5 7412/2/5
f 7410/2/6 7411/2/6 7415/2/6 7414/2/6
f 7417/2/1 7420/2/1 7419/2/1 7418/2/1
f 7421/2/2 7422/2/2 7423/2/2 7424/2/2
f 7417/2/3 7418/2/3 7422/2/3 7421/2/3
f 7420/2/4 7424/2/4 7423/2/4 7419/2/4
f 7417/2/5 7421/2/5 7424/2/5 7420/2/5
f 7418/2/6 7419/2/6 7423/2/6 7422/2/6
f 7425/2/1 7428/2/1 7427/2/1 7426/2/1
f 7429/2/2 7430/2/2 7431/2/2 7432/2/2
f 7425/2/3 7426/2/3 7430/2/3 7429/2/3
f 7428/2/4 7432/2/4 7431/2/4 7427/2/4
f 7425/2/5 7429/2/5 7432/2/5 7428/2/5
f 7426/2/6 7427/2/6 7431/2/6 7430/2/6
f 7433/2/1 7436/2/1 7435/2/1 7434/2/1
f 7437/2/2 7438/2/2 7439/2/2 7440/2/2
f 7433/2/3 7434/2/3 7438/2/3 7437/2/3
f 7436/2/4 7440/2/4 7439/2/4 7435/2/4
f 7433/2/5 7437/2/5 7440/2/5 7436/2/5
f 7434/2/6 7435/2/6 7439/2/6 7438/2/6
f 7441/2/1 7444/2/1 7443/2/1 7442/2/1
f 7445/2/2 7446/2/2 7447/2/2 7448/2/2
f 7441/2/3 7442/2/3 7446/2/3 7445/2/3
f 7444/2/4 7448/2/4 7447/2/4 7443/2/4
f 7441/2/5 7445/2/5 7448/2/5 7444/2/5
f 7442/2/6 7443/2/6 7447/2/6 7446/2/6
f 7449/2/1 7452/2/1 7451/2/1 7450/2/1
f 7453/2/2 7454/2/2 7455/2/2 7456/2/2
f 7449/2/3 7450/2/3 7454/2/3 7453/2/3
f 7452/2/4 7456/2/4 7455/2/4 7451/2/4
f 7449/2/5 7453/2/5 7456/2/5 7452/2/5
f 7450/2/6 7451/2/6 7455/2/6 7454/2/6
f 7457/2/1 7460/2/1 7459/2/1 7458/2/1
f 7461/2/2 7462/2/2 7463/2/2 7464/2/2
f 7457/2/3 7458/2/3 7462/2/3 7461/2/3
f 7460/2/4 7464/2/4 7463/2/4 7459/2/4
f 7457/2/5 7461/2/5 7464/2/5 7460/2/5
f 7458/2/6 7459/2/6 7463/2/6 7462/2/6
f 7465/1/1 7468/1/1 7467/1/1 7466/1/1
f 7469/1/2 7470/1/2 7471/1/2 7472/1/2
f 7465/1/3 7466/1/3 7470/1/3 7469/1/3
f 7468/1/4 7472/1/4 7471/1/4 7467/1/4
f 7465/1/5 7469/1/5 7472/1/5 7468/1/5
f 7466/1/6 7467/1/6 7471/1/6 7470/1/6
f 7473/1/1 7476/1/1 7475/1/1 7474/1/1
f 7477/1/2 7478/1/2 7479/1/2 7480/1/2
f 7473/1/3 7474/1/3 7478/1/3 7477/1/3
f 7476/1/4 7480/1/4 7479/1/4 7475/1/4
f 7473/1/5 7477/1/5 7480/1/5 7476/1/5
f 7474/1/6 7475/1/6 7479/1/6 7478/1/6
f 7481/2/1 7484/2/1 7483/2/1 7482/2/1
f 7485/2/2 7486/2/2 7487/2/2 7488/2/2
f 7481/2/3 7482/2/3 7486/2/3 7485/2/3
f 7484/2/4 7488/2/4 7487/2/4 7483/2/4
f 7481/2/5 7485/2/5 7488/2/5 7484/2/5
f 7482/2/6 7483/2/6 7487/2/6 7486/2/6
f 7489/2/1 7492/2/1 7491/2/1 7490/2/1
f 7493/2/2 7494/2/2 7495/2/2 7496/2/2
f 7489/2/3 7490/2/3 7494/2/3 7493/2/3
f 7492/2/4 7496/2/4 7495/2/4 7491/2/4
f 7489/2/5 7493/2/5 7496/2/5 7492/2/5
f 7490/2/6 7491/2/6 7495/2/6 7494/2/6
f 7497/2/1 7500/2/1 7499/2/1 7498/2/1
f 7501/2/2 7502/2/2 7503/2/2 7504/2/2
f 7497/2/3 7498/2/3 7502/2/3 7501/2/3
f 7500/2/4 7504/2/4 7503/2/4 7499/2/4
f 7497/2/5 7501/2/5 7504/2/5 7500/2/5
f 7498/2/6 7499/2/6 7503/2/6 7502/2/6
f 7505/2/1 7508/2/1 7507/2/1 7506/2/1
f 7509/2/2 7510/2/2 7511/2/2 7512/2/2
f 7505/2/3 7506/2/3 7510/2/3 7509/2/3
f 7508/2/4 7512/2/4 7511/2/4 7507/2/4
f 7505/2/5 7509/2/5 7512/2/5 7508/2/5
f 7506/2/6 7507/2/6 7511/2/6 7510/2/6
f 7513/2/1 7516/2/1 7515/2/1 7514/2/1
f 7517/2/2 7518/2/2 7519/2/2 7520/2/2
f 7513/2/3 7514/2/3 7518/2/3 7517/2/3
f 7516/2/4 7520/2/4 7519/2/4 7515/2/4
f 7513/2/5 7517/2/5 7520/2/5 7516/2/5
f 7514/2/6 7515/2/6 7519/2/6 7518/2/6
f 7521/2/1 7524/2/1 7523/2/1 7522/2/1
f 7525/2/2 7526/2/2 7527/2/2 7528/2/2
f 7521/2/3 7522/2/3 7526/2/3 7525/2/3
f 7524/2/4 7528/2/4 7527/2/4 7523/2/4
f 7521/2/5 7525/2/5 7528/2/5 7524/2/5
f 7522/2/6 7523/2/6 7527/2/6 7526/2/6
f 7529/2/1 7532/2/1 7531/2/1 7530/2/1
f 7533/2/2 7534/2/2 7535/2/2 7536/2/2
f 7529/2/3 7530/2/3 7534/2/3 7533/2/3
f 7532/2/4 7536/2/4 7535/2/4 7531/2/4
f 7529/2/5 7533/2/5 7536/2/5 7532/2/5
f 7530/2/6 7531/2/6 7535/2/6 7534/2/6
f 7537/1/1 7540/1/1 7539/1/1 7538/1/1
f 7541/1/2 7542/1/2 7543/1/2 7544/1/2
f 7537/1/3 7538/1/3 7542/1/3 7541/1/3
f 7540/1/4 7544/1/4 7543/1/4 7539/1/4
f 7537/1/5 7541/1/5 7544/1/5 7540/1/5
f 7538/1/6 7539/1/6 7543/1/6 7542/1/6
f 7545/1/1 7548/1/1 7547/1/1 7546/1/1
f 7549/1/2 7550/1/2 7551/1/2 7552/1/2
f 7545/1/3 7546/1/3 7550/1/3 7549/1/3
f 7548/1/4 7552/1/4 7551/1/4 7547/1/4
f 7545/1/5 7549/1/5 7552/1/5 7548/1/5
f 7546/1/6 7547/1/6 7551/1/6 7550/1/6
f 7553/1/1 7556/1/1 7555/1/1 7554/1/1
f 7557/1/2 7558/1/2 7559/1/2 7560/1/2
f 7553/1/3 7554/1/3 7558/1/3 7557/1/3
f 7556/1/4 7560/1/4 7559/1/4 7555/1/4
f 7553/1/5 7557/1/5 7560/1/5 7556/1/5
f 7554/1/6 7555/1/6 7559/1/6 7558/1/6
f 7561/1/1 7564/1/1 7563/1/1 7562/1/1
f 7565/1/2 7566/1/2 7567/1/2 7568/1/2
f 7561/1/3 7562/1/3 7566/1/3 7565/1/3
f 7564/1/4 7568/1/4 7567/1/4 7563/1/4
f 7561/1/5 7565/1/5 7568/1/5 7564/1/5
f 7562/1/6 7563/1/6 7567/1/6 7566/1/6
f 7569/2/1 7572/2/1 7571/2/1 7570/2/1
f 7573/2/2 7574/2/2 7575/2/2 7576/2/2
f 7569/2/3 7570/2/3 7574/2/3 7573/2/3
f 7572/2/4 7576/2/4 7575/2/4 7571/2/4
f 7569/2/5 7573/2/5 7576/2/5 7572/2/5
f 7570/2/6 7571/2/6 7575/2/6 7574/2/6
f 7577/2/1 7580/2/1 7579/2/1 7578/2/1
f 7581/2/2 7582/2/2 7583/2/2 7584/2/2
f 7577/2/3 7578/2/3 7582/2/3 7581/2/3
f 7580/2/4 7584/2/4 7583/2/4 7579/2/4
f 7577/2/5 7581/2/5 7584/2/5 7580/2/5
f 7578/2/6 7579/2/6 7583/2/6 7582/2/6
f 7585/2/1 7588/2/1 7587/2/1 7586/2/1
f 7589/2/2 7590/2/2 7591/2/2 7592/2/2
f 7585/2/3 7586/2/3 7590/2/3 7589/2/3
f 7588/2/4 7592/2/4 7591/2/4 7587/2/4
f 7585/2/5 7589/2/5 7592/2/5 7588/2/5
f 7586/2/6 7587/2/6 7591/2/6 7590/2/6
f 7593/2/1 7596/2/1 7595/2/1 7594/2/1
f 7597/2/2 7598/2/2 7599/2/2 7600/2/2
f 7593/2/3 7594/2/3 7598/2/3 7597/2/3
f 7596/2/4 7600/2/4 7599/2/4 7595/2/4
f 7593/2/5 7597/2/5 7600/2/5 7596/2/5
f 7594/2/6 7595/2/6 7599/2/6 7598/2/6
f 7601/2/1 7604/2/1 7603/2/1 7602/2/1
f 7605/2/2 7606/2/2 7607/2/2 7608/2/2
f 7601/2/3 7602/2/3 7606/2/3 7605/2/3
f 7604/2/4 7608/2/4 7607/2/4 7603/2/4
f 7601/2/5 7605/2/5 7608/2/5 7604/2/5
f 7602/2/6 7603/2/6 7607/2/6 7606/2/6
f 7609/2/1 7612/2/1 7611/2/1 7610/2/1
f 7613/2/2 7614/2/2 7615/2/2 7616/2/2
f 7609/2/3 7610/2/3 7614/2/3 7613/2/3
f 7612/2/4 7616/2/4 7615/2/4 7611/2/4
f 7609/2/5 7613/2/5 7616/2/5 7612/2/5
f 7610/2/6 7611/2/6 7615/2/6 7614/2/6
f 7617/2/1 7620/2/1 7619/2/1 7618/2/1
f 7621/2/2 7622/2/2 7623/2/2 7624/2/2
f 7617/2/3 7618/2/3 7622/2/3 7621/2/3
f 7620/2/4 7624/2/4 7623/2/4 7619/2/4
f 7617/2/5 7621/2/5 7624/2/5 7620/2/5
f 7618/2/6 7619/2/6 7623/2/6 7622/2/6
f 7625/1/1 7628/1/1 7627/1/1 7626/1/1
f 7629/1/2 7630/1/2 7631/1/2 7632/1/2
f 7625/1/3 7626/1/3 7630/1/3 7629/1/3
f 7628/1/4 7632/1/4 7631/1/4 7627/1/4
f 7625/1/5 7629/1/5 7632/1/5 7628/1/5
f 7626/1/6 7627/1/6 7631/1/6 7630/1/6
f 7633/1/1 7636/1/1 7635/1/1 7634/1/1
f 7637/1/2 7638/1/2 7639/1/2 7640/1/2
f 7633/1/3 7634/1/3 7638/1/3 7637/1/3
f 7636/1/4 7640/1/4 7639/1/4 7635/1/4
f 7633/1/5 7637/1/5 7640/1/5 7636/1/5
f 7634/1/6 7635/1/6 7639/1/6 7638/1/6
f 7641/1/1 7644/1/1 7643/1/1 7642/1/1
f 7645/1/2 7646/1/2 7647/1/2 7648/1/2
f 7641/1/3 7642/1/3 7646/1/3 7645/1/3
f 7644/1/4 7648/1/4 7647/1/4 7643/1/4
f 7641/1/5 7645/1/5 7648/1/5 7644/1/5
f 7642/1/6 7643/1/6 7647/1/6 7646/1/6
f 7649/1/1 7652/1/1 7651/1/1 7650/1/1
f 7653/1/2 7654/1/2 7655/1/2 7656/1/2
f 7649/1/3 7650/1/3 7654/1/3 7653/1/3
f 7652/1/4 7656/1/4 7655/1/4 7651/1/4
f 7649/1/5 7653/1/5 7656/1/5 7652/1/5
f 7650/1/6 7651/1/6 7655/1/6 7654/1/6
f 7657/2/1 7660/2/1 7659/2/1 7658/2/1
f 7661/2/2 7662/2/2 7663/2/2 7664/2/2
f 7657/2/3 7658/2/3 7662/2/3 7661/2/3
f 7660/2/4 7664/2/4 7663/2/4 7659/2/4
f 7657/2/5 7661/2/5 7664/2/5 7660/2/5
f 7658/2/6 7659/2/6 7663/2/6 7662/2/6
f 7665/2/1 7668/2/1 7667/2/1 7666/2/1
f 7669/2/2 7670/2/2 7671/2/2 7672/2/2
f 7665/2/3 7666/2/3 7670/2/3 7669/2/3
f 7668/2/4 7672/2/4 7671/2/4 7667/2/4
f 7665/2/5 7669/2/5 7672/2/5 7668/2/5
f 7666/2/6 7667/2/6 7671/2/6 7670/2/6
f 7673/2/1 7676/2/1 7675/2/1 7674/2/1
f 7677/2/2 7678/2/2 7679/2/2 7680/2/2
f 7673/2/3 7674/2/3 7678/2/3 7677/2/3
f 7676/2/4 7680/2/4 7679/2/4 7675/2/4
f 7673/2/5 7677/2/5 7680/2/5 7676/2/5
f 7674/2/6 7675/2/6 7679/2/6 7678/2/6
f 7681/2/1 7684/2/1 7683/2/1 7682/2/1
f 7685/2/2 7686/2/2 7687/2/2 7688/2/2
f 7681/2/3 7682/2/3 7686/2/3 7685/2/3
f 7684/2/4 7688/2/4 7687/2/4 7683/2/4
f 7681/2/5 7685/2/5 7688/2/5 7684/2/5
f 7682/2/6 7683/2/6 7687/2/6 7686/2/6
f 7689/2/1 7692/2/1 7691/2/1 7690/2/1
f 7693/2/2 7694/2/2 7695/2/2 7696/2/2
f 7689/2/3 7690/2/3 7694/2/3 7693/2/3
f 7692/2/4 7696/2/4 7695/2/4 7691/2/4
f 7689/2/5 7693/2/5 7696/2/5 7692/2/5
f 7690/2/6 7691/2/6 7695/2/6 7694/2/6
f 7697/2/1 7700/2/1 7699/2/1 7698/2/1
f 7701/2/2 7702/2/2 7703/2/2 7704/2/2
f 7697/2/3 7698/2/3 7702/2/3 7701/2/3
f 7700/2/4 7704/2/4 7703/2/4 7699/2/4
f 7697/2/5 7701/2/5 7704/2/5 7700/2/5
f 7698/2/6 7699/2/6 7703/2/6 7702/2/6
f 7705/1/1 7708/1/1 7707/1/1 7706/1/1
f 7709/1/2 7710/1/2 7711/1/2 7712/1/2
f 7705/1/3 7706/1/3 7710/1/3 7709/1/3
f 7708/1/4 7712/1/4 7711/1/4 7707/1/4
f 7705/1/5 7709/1/5 7712/1/5 7708/1/5
f 7706/1/6 7707/1/6 7711/1/6 7710/1/6
f 7713/1/1 7716/1/1 7715/1/1 7714/1/1
f 7717/1/2 7718/1/2 7719/1/2 7720/1/2
f 7713/1/3 7714/1/3 7718/1/3 7717/1/3
f 7716/1/4 7720/1/4 7719/1/4 7715/1/4
f 7713/1/5 7717/1/5 7720/1/5 7716/1/5
f 7714/1/6 7715/1/6 7719/1/6 7718/1/6
f 7721/2/1 7724/2/1 7723/2/1 7722/2/1
f 7725/2/2 7726/2/2 7727/2/2 7728/2/2
f 7721/2/3 7722/2/3 7726/2/3 7725/2/3
f 7724/2/4 7728/2/4 7727/2/4 7723/2/4
f 7721/2/5 7725/2/5 7728/2/5 7724/2/5
f 7722/2/6 7723/2/6 7727/2/6 7726/2/6
f 7729/2/1 7732/2/1 7731/2/1 7730/2/1
f 7733/2/2 7734/2/2 7735/2/2 7736/2/2
f 7729/2/3 7730/2/3 7734/2/3 7733/2/3
f 7732/2/4 7736/2/4 7735/2/4 7731/2/4
f 7729/2/5 7733/2/5 7736/2/5 7732/2/5
f 7730/2/6 7731/2/6 7735/2/6 7734/2/6
f 7737/2/1 7740/2/1 7739/2/1 7738/2/1
f 7741/2/2 7742/2/2 7743/2/2 7744/2/2
f 7737/2/3 7738/2/3 7742/2/3 7741/2/3
f 7740/2/4 7744/2/4 7743/2/4 7739/2/4
f 7737/2/5 7741/2/5 7744/2/5 7740/2/5
f 7738/2/6 7739/2/6 7743/2/6 7742/2/6
f 7745/2/1 7748/2/1 7747/2/1 7746/2/1
f 7749/2/2 7750/2/2 7751/2/2 7752/2/2
f 7745/2/3 7746/2/3 7750/2/3 7749/2/3
f 7748/2/4 7752/2/4 7751/2/4 7747/2/4
f 7745/2/5 7749/2/5 7752/2/5 7748/2/5
f 7746/2/6 7747/2/6 7751/2/6 7750/2/6
f 7753/2/1 7756/2/1 7755/2/1 7754/2/1
f 7757/2/2 7758/2/2 7759/2/2 7760/2/2
f 7753/2/3 7754/2/3 7758/2/3 7757/2/3
f 7756/2/4 7760/2/4 7759/2/4 7755/2/4
f 7753/2/5 7757/2/5 7760/2/5 7756/2/5
f 7754/2/6 7755/2/6 7759/2/6 7758/2/6
f 7761/2/1 7764/2/1 7763/2/1 7762/2/1
f 7765/2/2 7766/2/2 7767/2/2 7768/2/2
f 7761/2/3 7762/2/3 7766/2/3 7765/2/3
f 7764/2/4 7768/2/4 7767/2/4 7763/2/4
f 7761/2/5 7765/2/5 7768/2/5 7764/2/5
f 7762/2/6 7763/2/6 7767/2/6 7766/2/6
f 7769/2/1 7772/2/1 7771/2/1 7770/2/1
f 7773/2/2 7774/2/2 7775/2/2 7776/2/2
f 7769/2/3 7770/2/3 7774/2/3 7773/2/3
f 7772/2/4 7776/2/4 7775/2/4 7771/2/4
f 7769/2/5 7773/2/5 7776/2/5 7772/2/5
f 7770/2/6 7771/2/6 7775/2/6 7774/2/6
f 7777/56/1 7780/56/1 7779/56/1 7778/56/1
f 7781/56/2 7782/56/2 7783/56/2 7784/56/2
f 7777/56/3 7778/56/3 7782/56/3 7781/56/3
f 7780/56/4 7784/56/4 7783/56/4 7779/56/4
f 7777/56/5 7781/56/5 7784/56/5 7780/56/5
f 7778/56/6 7779/56/6 7783/56/6 7782/56/6
f 7785/1/1 7788/1/1 7787/1/1 7786/1/1
f 7789/1/2 7790/1/2 7791/1/2 7792/1/2
f 7785/1/3 7786/1/3 7790/1/3 7789/1/3
f 7788/1/4 7792/1/4 7791/1/4 7787/1/4
f 7785/1/5 7789/1/5 7792/1/5 7788/1/5
f 7786/1/6 7787/1/6 7791/1/6 7790/1/6
f 7793/1/1 7796/1/1 7795/1/1 7794/1/1
f 7797/1/2 7798/1/2 7799/1/2 7800/1/2
f 7793/1/3 7794/1/3 7798/1/3 7797/1/3
f 7796/1/4 7800/1/4 7799/1/4 7795/1/4
f 7793/1/5 7797/1/5 7800/1/5 7796/1/5
f 7794/1/6 7795/1/6 7799/1/6 7798/1/6
f 7801/1/1 7804/1/1 7803/1/1 7802/1/1
f 7805/1/2 7806/1/2 7807/1/2 7808/1/2
f 7801/1/3 7802/1/3 7806/1/3 7805/1/3
f 7804/1/4 7808/1/4 7807/1/4 7803/1/4
f 7801/1/5 7805/1/5 7808/1/5 7804/1/5
f 7802/1/6 7803/1/6 7807/1/6 7806/1/6
f 7809/1/1 7812/1/1 7811/1/1 7810/1/1
f 7813/1/2 7814/1/2 7815/1/2 7816/1/2
f 7809/1/3 7810/1/3 7814/1/3 7813/1/3
f 7812/1/4 7816/1/4 7815/1/4 7811/1/4
f 7809/1/5 7813/1/5 7816/1/5 7812/1/5
f 7810/1/6 7811/1/6 7815/1/6 7814/1/6
f 7817/2/1 7820/2/1 7819/2/1 7818/2/1
f 7821/2/2 7822/2/2 7823/2/2 7824/2/2
f 7817/2/3 7818/2/3 7822/2/3 7821/2/3
f 7820/2/4 7824/2/4 7823/2/4 7819/2/4
f 7817/2/5 7821/2/5 7824/2/5 7820/2/5
f 7818/2/6 7819/2/6 7823/2/6 7822/2/6
f 7825/2/1 7828/2/1 7827/2/1 7826/2/1
f 7829/2/2 7830/2/2 7831/2/2 7832/2/2
f 7825/2/3 7826/2/3 7830/2/3 7829/2/3
f 7828/2/4 7832/2/4 7831/2/4 7827/2/4
f 7825/2/5 7829/2/5 7832/2/5 7828/2/5
f 7826/2/6 7827/2/6 7831/2/6 7830/2/6
f 7833/2/1 7836/2/1 7835/2/1 7834/2/1
f 7837/2/2 7838/2/2 7839/2/2 7840/2/2
f 7833/2/3 7834/2/3 7838/2/3 7837/2/3
f 7836/2/4 7840/2/4 7839/2/4 7835/2/4
f 7833/2/5 7837/2/5 7840/2/5 7836/2/5
f 7834/2/6 7835/2/6 7839/2/6 7838/2/6
f 7841/2/1 7844/2/1 7843/2/1 7842/2/1
f 7845/2/2 7846/2/2 7847/2/2 7848/2/2
f 7841/2/3 7842/2/3 7846/2/3 7845/2/3
f 7844/2/4 7848/2/4 7847/2/4 7843/2/4
f 7841/2/5 7845/2/5 7848/2/5 7844/2/5
f 7842/2/6 7843/2/6 7847/2/6 7846/2/6
f 7849/2/1 7852/2/1 7851/2/1 7850/2/1
f 7853/2/2 7854/2/2 7855/2/2 7856/2/2
f 7849/2/3 7850/2/3 7854/2/3 7853/2/3
f 7852/2/4 7856/2/4 7855/2/4 7851/2/4
f 7849/2/5 7853/2/5 7856/2/5 7852/2/5
f 7850/2/6 7851/2/6 7855/2/6 7854/2/6
f 7857/2/1 7860/2/1 7859/2/1 7858/2/1
f 7861/2/2 7862/2/2 7863/2/2 7864/2/2
f 7857/2/3 7858/2/3 7862/2/3 7861/2/3
f 7860/2/4 7864/2/4 7863/2/4 7859/2/4
f 7857/2/5 7861/2/5 7864/2/5 7860/2/5
f 7858/2/6 7859/2/6 7863/2/6 7862/2/6
f 7865/2/1 7868/2/1 7867/2/1 7866/2/1
f 7869/2/2 7870/2/2 7871/2/2 7872/2/2
f 7865/2/3 7866/2/3 7870/2/3 7869/2/3
f 7868/2/4 7872/2/4 7871/2/4 7867/2/4
f 7865/2/5 7869/2/5 7872/2/5 7868/2/5
f 7866/2/6 7867/2/6 7871/2/6 7870/2/6
f 7873/56/1 7876/56/1 7875/56/1 7874/56/1
f 7877/56/2 7878/56/2 7879/56/2 7880/56/2
f 7873/56/3 7874/56/3 7878/56/3 7877/56/3
f 7876/56/4 7880/56/4 7879/56/4 7875/56/4
f 7873/56/5 7877/56/5 7880/56/5 7876/56/5
f 7874/56/6 7875/56/6 7879/56/6 7878/56/6
f 7881/1/1 7884/1/1 7883/1/1 7882/1/1
f 7885/1/2 7886/1/2 7887/1/2 7888/1/2
f 7881/1/3 7882/1/3 7886/1/3 7885/1/3
f 7884/1/4 7888/1/4 7887/1/4 7883/1/4
f 7881/1/5 7885/1/5 7888/1/5 7884/1/5
f 7882/1/6 7883/1/6 7887/1/6 7886/1/6
f 7889/1/1 7892/1/1 7891/1/1 7890/1/1
f 7893/1/2 7894/1/2 7895/1/2 7896/1/2
f 7889/1/3 7890/1/3 7894/1/3 7893/1/3
f 7892/1/4 7896/1/4 7895/1/4 7891/1/4
f 7889/1/5 7893/1/5 7896/1/5 7892/1/5
f 7890/1/6 7891/1/6 7895/1/6 7894/1/6
f 7897/1/1 7900/1/1 7899/1/1 7898/1/1
f 7901/1/2 7902/1/2 7903/1/2 7904/1/2
f 7897/1/3 7898/1/3 7902/1/3 7901/1/3
f 7900/1/4 7904/1/4 7903/1/4 7899/1/4
f 7897/1/5 7901/1/5 7904/1/5 7900/1/5
f 7898/1/6 7899/1/6 7903/1/6 7902/1/6
f 7905/1/1 7908/1/1 7907/1/1 7906/1/1
f 7909/1/2 7910/1/2 7911/1/2 7912/1/2
f 7905/1/3 7906/1/3 7910/1/3 7909/1/3
f 7908/1/4 7912/1/4 7911/1/4 7907/1/4
f 7905/1/5 7909/1/5 7912/1/5 7908/1/5
f 7906/1/6 7907/1/6 7911/1/6 7910/1/6
f 7913/2/1 7916/2/1 7915/2/1 7914/2/1
f 7917/2/2 7918/2/2 7919/2/2 7920/2/2
f 7913/2/3 7914/2/3 7918/2/3 7917/2/3
f 7916/2/4 7920/2/4 7919/2/4 7915/2/4
f 7913/2/5 7917/2/5 7920/2/5 7916/2/5
f 7914/2/6 7915/2/6 7919/2/6 7918/2/6
f 7921/2/1 7924/2/1 7923/2/1 7922/2/1
f 7925/2/2 7926/2/2 7927/2/2 7928/2/2
f 7921/2/3 7922/2/3 7926/2/3 7925/2/3
f 7924/2/4 7928/2/4 7927/2/4 7923/2/4
f 7921/2/5 7925/2/5 7928/2/5 7924/2/5
f 7922/2/6 7923/2/6 7927/2/6 7926/2/6
f 7929/2/1 7932/2/1 7931/2/1 7930/2/1
f 7933/2/2 7934/2/2 7935/2/2 7936/2/2
f 7929/2/3 7930/2/3 7934/2/3 7933/2/3
f 7932/2/4 7936/2/4 7935/2/4 7931/2/4
f 7929/2/5 7933/2/5 7936/2/5 7932/2/5
f 7930/2/6 7931/2/6 7935/2/6 7934/2/6
f 7937/2/1 7940/2/1 7939/2/1 7938/2/1
f 7941/2/2 7942/2/2 7943/2/2 7944/2/2
f 7937/2/3 7938/2/3 7942/2/3 7941/2/3
f 7940/2/4 7944/2/4 7943/2/4 7939/2/4
f 7937/2/5 7941/2/5 7944/2/5 7940/2/5
f 7938/2/6 7939/2/6 7943/2/6 7942/2/6
f 7945/2/1 7948/2/1 7947/2/1 7946/2/1
f 7949/2/2 7950/2/2 7951/2/2 7952/2/2
f 7945/2/3 7946/2/3 7950/2/3 7949/2/3
f 7948/2/4 7952/2/4 7951/2/4 7947/2/4
f 7945/2/5 7949/2/5 7952/2/5 7948/2/5
f 7946/2/6 7947/2/6 7951/2/6 7950/2/6
f 7953/2/1 7956/2/1 7955/2/1 7954/2/1
f 7957/2/2 7958/2/2 7959/2/2 7960/2/2
f 7953/2/3 7954/2/3 7958/2/3 7957/2/3
f 7956/2/4 7960/2/4 7959/2/4 7955/2/4
f 7953/2/5 7957/2/5 7960/2/5 7956/2/5
f 7954/2/6 7955/2/6 7959/2/6 7958/2/6
f 7961/2/1 7964/2/1 7963/2/1 7962/2/1
f 7965/2/2 7966/2/2 7967/2/2 7968/2/2
f 7961/2/3 7962/2/3 7966/2/3 7965/2/3
f 7964/2/4 7968/2/4 7967/2/4 7963/2/4
f 7961/2/5 7965/2/5 7968/2/5 7964/2/5
f 7962/2/6 7963/2/6 7967/2/6 7966/2/6
f 7969/2/1 7972/2/1 7971/2/1 7970/2/1
f 7973/2/2 7974/2/2 7975/2/2 7976/2/2
f 7969/2/3 7970/2/3 7974/2/3 7973/2/3
f 7972/2/4 7976/2/4 7975/2/4 7971/2/4
f 7969/2/5 7973/2/5 7976/2/5 7972/2/5
f 7970/2/6 7971/2/6 7975/2/6 7974/2/6
f 7977/2/1 7980/2/1 7979/2/1 7978/2/1
f 7981/2/2 7982/2/2 7983/2/2 7984/2/2
f 7977/2/3 7978/2/3 7982/2/3 7981/2/3
f 7980/2/4 7984/2/4 7983/2/4 7979/2/4
f 7977/2/5 7981/2/5 7984/2/5 7980/2/5
f 7978/2/6 7979/2/6 7983/2/6 7982/2/6
f 7985/56/1 7988/56/1 7987/56/1 7986/56/1
f 7989/56/2 7990/56/2 7991/56/2 7992/56/2
f 7985/56/3 7986/56/3 7990/56/3 7989/56/3
f 7988/56/4 7992/56/4 7991/56/4 7987/56/4
f 7985/56/5 7989/56/5 7992/56/5 7988/56/5
f 7986/56/6 7987/56/6 7991/56/6 7990/56/6
f 7993/1/1 7996/1/1 7995/1/1 7994/1/1
f 7997/1/2 7998/1/2 7999/1/2 8000/1/2
f 7993/1/3 7994/1/3 7998/1/3 7997/1/3
f 7996/1/4 8000/1/4 7999/1/4 7995/1/4
f 7993/1/5 7997/1/5 8000/1/5 7996/1/5
f 7994/1/6 7995/1/6 7999/1/6 7998/1/6
f 8001/1/1 8004/1/1 8003/1/1 8002/1/1
f 8005/1/2 8006/1/2 8007/1/2 8008/1/2
f 8001/1/3 8002/1/3 8006/1/3 8005/1/3
f 8004/1/4 8008/1/4 8007/1/4 8003/1/4
f 8001/1/5 8005/1/5 8008/1/5 8004/1/5
f 8002/1/6 8003/1/6 8007/1/6 8006/1/6
f 8009/1/1 8012/1/1 8011/1/1 8010/1/1
f 8013/1/2 8014/1/2 8015/1/2 8016/1/2
f 8009/1/3 8010/1/3 8014/1/3 8013/1/3
f 8012/1/4 8016/1/4 8015/1/4 8011/1/4
f 8009/1/5 8013/1/5 8016/1/5 8012/1/5
f 8010/1/6 8011/1/6 8015/1/6 8014/1/6
f 8017/1/1 8020/1/1 8019/1/1 8018/1/1
f 8021/1/2 8022/1/2 8023/1/2 8024/1/2
f 8017/1/3 8018/1/3 8022/1/3 8021/1/3
f 8020/1/4 8024/1/4 8023/1/4 8019/1/4
f 8017/1/5 8021/1/5 8024/1/5 8020/1/5
f 8018/1/6 8019/1/6 8023/1/6 8022/1/6
f 8025/1/1 8028/1/1 8027/1/1 8026/1/1
f 8029/1/2 8030/1/2 8031/1/2 8032/1/2
f 8025/1/3 8026/1/3 8030/1/3 8029/1/3
f 8028/1/4 8032/1/4 8031/1/4 8027/1/4
f 8025/1/5 8029/1/5 8032/1/5 8028/1/5
f 8026/1/6 8027/1/6 8031/1/6 8030/1/6
f 8033/1/1 8036/1/1 8035/1/1 8034/1/1
f 8037/1/2 8038/1/2 8039/1/2 8040/1/2
f 8033/1/3 8034/1/3 8038/1/3 8037/1/3
f 8036/1/4 8040/1/4 8039/1/4 8035/1/4
f 8033/1/5 8037/1/5 8040/1/5 8036/1/5
f 8034/1/6 8035/1/6 8039/1/6 8038/1/6
f 8041/1/1 8044/1/1 8043/1/1 8042/1/1
f 8045/1/2 8046/1/2 8047/1/2 8048/1/2
f 8041/1/3 8042/1/3 8046/1/3 8045/1/3
f 8044/1/4 8048/1/4 8047/1/4 8043/1/4
f 8041/1/5 8045/1/5 8048/1/5 8044/1/5
f 8042/1/6 8043/1/6 8047/1/6 8046/1/6
f 8049/1/1 8052/1/1 8051/1/1 8050/1/1
f 8053/1/2 8054/1/2 8055/1/2 8056/1/2
f 8049/1/3 8050/1/3 8054/1/3 8053/1/3
f 8052/1/4 8056/1/4 8055/1/4 8051/1/4
f 8049/1/5 8053/1/5 8056/1/5 8052/1/5
f 8050/1/6 8051/1/6 8055/1/6 8054/1/6
f 8057/2/1 8060/2/1 8059/2/1 8058/2/1
f 8061/2/2 8062/2/2 8063/2/2 8064/2/2
f 8057/2/3 8058/2/3 8062/2/3 8061/2/3
f 8060/2/4 8064/2/4 8063/2/4 8059/2/4
f 8057/2/5 8061/2/5 8064/2/5 8060/2/5
f 8058/2/6 8059/2/6 8063/2/6 8062/2/6
f 8065/2/1 8068/2/1 8067/2/1 8066/2/1
f 8069/2/2 8070/2/2 8071/2/2 8072/2/2
f 8065/2/3 8066/2/3 8070/2/3 8069/2/3
f 8068/2/4 8072/2/4 8071/2/4 8067/2/4
f 8065/2/5 8069/2/5 8072/2/5 8068/2/5
f 8066/2/6 8067/2/6 8071/2/6 8070/2/6
f 8073/2/1 8076/2/1 8075/2/1 8074/2/1
f 8077/2/2 8078/2/2 8079/2/2 8080/2/2
f 8073/2/3 8074/2/3 8078/2/3 8077/2/3
f 8076/2/4 8080/2/4 8079/2/4 8075/2/4
f 8073/2/5 8077/2/5 8080/2/5 8076/2/5
f 8074/2/6 8075/2/6 8079/2/6 8078/2/6
f 8081/2/1 8084/2/1 8083/2/1 8082/2/1
f 8085/2/2 8086/2/2 8087/2/2 8088/2/2
f 8081/2/3 8082/2/3 8086/2/3 8085/2/3
f 8084/2/4 8088/2/4 8087/2/4 8083/2/4
f 8081/2/5 8085/2/5 8088/2/5 8084/2/5
f 8082/2/6 8083/2/6 8087/2/6 8086/2/6
f 8089/2/1 8092/2/1 8091/2/1 8090/2/1
f 8093/2/2 8094/2/2 8095/2/2 8096/2/2
f 8089/2/3 8090/2/3 8094/2/3 8093/2/3
f 8092/2/4 8096/2/4 8095/2/4 8091/2/4
f 8089/2/5 8093/2/5 8096/2/5 8092/2/5
f 8090/2/6 8091/2/6 8095/2/6 8094/2/6
f 8097/2/1 8100/2/1 8099/2/1 8098/2/1
f 8101/2/2 8102/2/2 8103/2/2 8104/2/2
f 8097/2/3 8098/2/3 8102/2/3 8101/2/3
f 8100/2/4 8104/2/4 8103/2/4 8099/2/4
f 8097/2/5 8101/2/5 8104/2/5 8100/2/5
f 8098/2/6 8099/2/6 8103/2/6 8102/2/6
f 8105/2/1 8108/2/1 8107/2/1 8106/2/1
f 8109/2/2 8110/2/2 8111/2/2 8112/2/2
f 8105/2/3 8106/2/3 8110/2/3 8109/2/3
f 8108/2/4 8112/2/4 8111/2/4 8107/2/4
f 8105/2/5 8109/2/5 8112/2/5 8108/2/5
f 8106/2/6 8107/2/6 8111/2/6 8110/2/6
f 8113/2/1 8116/2/1 8115/2/1 8114/2/1
f 8117/2/2 8118/2/2 8119/2/2 8120/2/2
f 8113/2/3 8114/2/3 8118/2/3 8117/2/3
f 8116/2/4 8120/2/4 8119/2/4 8115/2/4
f 8113/2/5 8117/2/5 8120/2/5 8116/2/5
f 8114/2/6 8115/2/6 8119/2/6 8118/2/6
f 8121/56/1 8124/56/1 8123/56/1 8122/56/1
f 8125/56/2 8126/56/2 8127/56/2 8128/56/2
f 8121/56/3 8122/56/3 8126/56/3 8125/56/3
f 8124/56/4 8128/56/4 8127/56/4 8123/56/4
f 8121/56/5 8125/56/5 8128/56/5 8124/56/5
f 8122/56/6 8123/56/6 8127/56/6 8126/56/6
f 8129/52/1 8132/52/1 8131/52/1 8130/52/1
f 8133/52/2 8134/52/2 8135/52/2 8136/52/2
f 8129/52/3 8130/52/3 8134/52/3 8133/52/3
f 8132/52/4 8136/52/4 8135/52/4 8131/52/4
f 8129/52/5 8133/52/5 8136/52/5 8132/52/5
f 8130/52/6 8131/52/6 8135/52/6 8134/52/6
f 8137/52/1 8140/52/1 8139/52/1 8138/52/1
f 8141/52/2 8142/52/2 8143/52/2 8144/52/2
f 8137/52/3 8138/52/3 8142/52/3 8141/52/3
f 8140/52/4 8144/52/4 8143/52/4 8139/52/4
f 8137/52/5 8141/52/5 8144/52/5 8140/52/5
f 8138/52/6 8139/52/6 8143/52/6 8142/52/6
f 8145/56/1 8148/56/1 8147/56/1 8146/56/1
f 8149/56/2 8150/56/2 8151/56/2 8152/56/2
f 8145/56/3 8146/56/3 8150/56/3 8149/56/3
f 8148/56/4 8152/56/4 8151/56/4 8147/56/4
f 8145/56/5 8149/56/5 8152/56/5 8148/56/5
f 8146/56/6 8147/56/6 8151/56/6 8150/56/6
f 8153/56/1 8156/56/1 8155/56/1 8154/56/1
f 8157/56/2 8158/56/2 8159/56/2 8160/56/2
f 8153/56/3 8154/56/3 8158/56/3 8157/56/3
f 8156/56/4 8160/56/4 8159/56/4 8155/56/4
f 8153/56/5 8157/56/5 8160/56/5 8156/56/5
f 8154/56/6 8155/56/6 8159/56/6 8158/56/6
f 8161/1/1 8164/1/1 8163/1/1 8162/1/1
f 8165/1/2 8166/1/2 8167/1/2 8168/1/2
f 8161/1/3 8162/1/3 8166/1/3 8165/1/3
f 8164/1/4 8168/1/4 8167/1/4 8163/1/4
f 8161/1/5 8165/1/5 8168/1/5 8164/1/5
f 8162/1/6 8163/1/6 8167/1/6 8166/1/6
f 8169/1/1 8172/1/1 8171/1/1 8170/1/1
f 8173/1/2 8174/1/2 8175/1/2 8176/1/2
f 8169/1/3 8170/1/3 8174/1/3 8173/1/3
f 8172/1/4 8176/1/4 8175/1/4 8171/1/4
f 8169/1/5 8173/1/5 8176/1/5 8172/1/5
f 8170/1/6 8171/1/6 8175/1/6 8174/1/6
f 8177/2/1 8180/2/1 8179/2/1 8178/2/1
f 8181/2/2 8182/2/2 8183/2/2 8184/2/2
f 8177/2/3 8178/2/3 8182/2/3 8181/2/3
f 8180/2/4 8184/2/4 8183/2/4 8179/2/4
f 8177/2/5 8181/2/5 8184/2/5 8180/2/5
f 8178/2/6 8179/2/6 8183/2/6 8182/2/6
f 8185/2/1 8188/2/1 8187/2/1 8186/2/1
f 8189/2/2 8190/2/2 8191/2/2 8192/2/2
f 8185/2/3 8186/2/3 8190/2/3 8189/2/3
f 8188/2/4 8192/2/4 8191/2/4 8187/2/4
f 8185/2/5 8189/2/5 8192/2/5 8188/2/5
f 8186/2/6 8187/2/6 8191/2/6 8190/2/6
f 8193/2/1 8196/2/1 8195/2/1 8194/2/1
f 8197/2/2 8198/2/2 8199/2/2 8200/2/2
f 8193/2/3 8194/2/3 8198/2/3 8197/2/3
f 8196/2/4 8200/2/4 8199/2/4 8195/2/4
f 8193/2/5 8197/2/5 8200/2/5 8196/2/5
f 8194/2/6 8195/2/6 8199/2/6 8198/2/6
f 8201/2/1 8204/2/1 8203/2/1 8202/2/1
f 8205/2/2 8206/2/2 8207/2/2 8208/2/2
f 8201/2/3 8202/2/3 8206/2/3 8205/2/3
f 8204/2/4 8208/2/4 8207/2/4 8203/2/4
f 8201/2/5 8205/2/5 8208/2/5 8204/2/5
f 8202/2/6 8203/2/6 8207/2/6 8206/2/6
f 8209/2/1 8212/2/1 8211/2/1 8210/2/1
f 8213/2/2 8214/2/2 8215/2/2 8216/2/2
f 8209/2/3 8210/2/3 8214/2/3 8213/2/3
f 8212/2/4 8216/2/4 8215/2/4 8211/2/4
f 8209/2/5 8213/2/5 8216/2/5 8212/2/5
f 8210/2/6 8211/2/6 8215/2/6 8214/2/6
f 8217/2/1 8220/2/1 8219/2/1 8218/2/1
f 8221/2/2 8222/2/2 8223/2/2 8224/2/2
f 8217/2/3 8218/2/3 8222/2/3 8221/2/3
f 8220/2/4 8224/2/4 8223/2/4 8219/2/4
f 8217/2/5 8221/2/5 8224/2/5 8220/2/5
f 8218/2/6 8219/2/6 8223/2/6 8222/2/6
f 8225/2/1 8228/2/1 8227/2/1 8226/2/1
f 8229/2/2 8230/2/2 8231/2/2 8232/2/2
f 8225/2/3 8226/2/3 8230/2/3 8229/2/3
f 8228/2/4 8232/2/4 8231/2/4 8227/2/4
f 8225/2/5 8229/2/5 8232/2/5 8228/2/5
f 8226/2/6 8227/2/6 8231/2/6 8230/2/6
f 8233/2/1 8236/2/1 8235/2/1 8234/2/1
f 8237/2/2 8238/2/2 8239/2/2 8240/2/2
f 8233/2/3 8234/2/3 8238/2/3 8237/2/3
f 8236/2/4 8240/2/4 8239/2/4 8235/2/4
f 8233/2/5 8237/2/5 8240/2/5 8236/2/5
f 8234/2/6 8235/2/6 8239/2/6 8238/2/6
f 8241/2/1 8244/2/1 8243/2/1 8242/2/1
f 8245/2/2 8246/2/2 8247/2/2 8248/2/2
f 8241/2/3 8242/2/3 8246/2/3 8245/2/3
f 8244/2/4 8248/2/4 8247/2/4 8243/2/4
f 8241/2/5 8245/2/5 8248/2/5 8244/2/5
f 8242/2/6 8243/2/6 8247/2/6 8246/2/6
f 8249/2/1 8252/2/1 8251/2/1 8250/2/1
f 8253/2/2 8254/2/2 8255/2/2 8256/2/2
f 8249/2/3 8250/2/3 8254/2/3 8253/2/3
f 8252/2/4 8256/2/4 8255/2/4 8251/2/4
f 8249/2/5 8253/2/5 8256/2/5 8252/2/5
f 8250/2/6 8251/2/6 8255/2/6 8254/2/6
f 8257/2/1 8260/2/1 8259/2/1 8258/2/1
f 8261/2/2 8262/2/2 8263/2/2 8264/2/2
f 8257/2/3 8258/2/3 8262/2/3 8261/2/3
f 8260/2/4 8264/2/4 8263/2/4 8259/2/4
f 8257/2/5 8261/2/5 8264/2/5 8260/2/5
f 8258/2/6 8259/2/6 8263/2/6 8262/2/6
f 8265/56/1 8268/56/1 8267/56/1 8266/56/1
f 8269/56/2 8270/56/2 8271/56/2 8272/56/2
f 8265/56/3 8266/56/3 8270/56/3 8269/56/3
f 8268/56/4 8272/56/4 8271/56/4 8267/56/4
f 8265/56/5 8269/56/5 8272/56/5 8268/56/5
f 8266/56/6 8267/56/6 8271/56/6 8270/56/6
f 8273/39/1 8276/39/1 8275/39/1 8274/39/1
f 8277/39/2 8278/39/2 8279/39/2 8280/39/2
f 8273/39/3 8274/39/3 8278/39/3 8277/39/3
f 8276/39/4 8280/39/4 8279/39/4 8275/39/4
f 8273/39/5 8277/39/5 8280/39/5 8276/39/5
f 8274/39/6 8275/39/6 8279/39/6 8278/39/6
f 8281/39/1 8284/39/1 8283/39/1 8282/39/1
f 8285/39/2 8286/39/2 8287/39/2 8288/39/2
f 8281/39/3 8282/39/3 8286/39/3 8285/39/3
f 8284/39/4 8288/39/4 8287/39/4 8283/39/4
f 8281/39/5 8285/39/5 8288/39/5 8284/39/5
f 8282/39/6 8283/39/6 8287/39/6 8286/39/6
f 8289/30/1 8292/30/1 8291/30/1 8290/30/1
f 8293/30/2 8294/30/2 8295/30/2 8296/30/2
f 8289/30/3 8290/30/3 8294/30/3 8293/30/3
f 8292/30/4 8296/30/4 8295/30/4 8291/30/4
f 8289/30/5 8293/30/5 8296/30/5 8292/30/5
f 8290/30/6 8291/30/6 8295/30/6 8294/30/6
f 8297/30/1 8300/30/1 8299/30/1 8298/30/1
f 8301/30/2 8302/30/2 8303/30/2 8304/30/2
f 8297/30/3 8298/30/3 8302/30/3 8301/30/3
f 8300/30/4 8304/30/4 8303/30/4 8299/30/4
f 8297/30/5 8301/30/5 8304/30/5 8300/30/5
f 8298/30/6 8299/30/6 8303/30/6 8302/30/6
f 8305/52/1 8308/52/1 8307/52/1 8306/52/1
f 8309/52/2 8310/52/2 8311/52/2 8312/52/2
f 8305/52/3 8306/52/3 8310/52/3 8309/52/3
f 8308/52/4 8312/52/4 8311/52/4 8307/52/4
f 8305/52/5 8309/52/5 8312/52/5 8308/52/5
f 8306/52/6 8307/52/6 8311/52/6 8310/52/6
f 8313/52/1 8316/52/1 8315/52/1 8314/52/1
f 8317/52/2 8318/52/2 8319/52/2 8320/52/2
f 8313/52/3 8314/52/3 8318/52/3 8317/52/3
f 8316/52/4 8320/52/4 8319/52/4 8315/52/4
f 8313/52/5 8317/52/5 8320/52/5 8316/52/5
f 8314/52/6 8315/52/6 8319/52/6 8318/52/6
f 8321/52/1 8324/52/1 8323/52/1 8322/52/1
f 8325/52/2 8326/52/2 8327/52/2 8328/52/2
f 8321/52/3 8322/52/3 8326/52/3 8325/52/3
f 8324/52/4 8328/52/4 8327/52/4 8323/52/4
f 8321/52/5 8325/52/5 8328/52/5 8324/52/5
f 8322/52/6 8323/52/6 8327/52/6 8326/52/6
f 8329/52/1 8332/52/1 8331/52/1 8330/52/1
f 8333/52/2 8334/52/2 8335/52/2 8336/52/2
f 8329/52/3 8330/52/3 8334/52/3 8333/52/3
f 8332/52/4 8336/52/4 8335/52/4 8331/52/4
f 8329/52/5 8333/52/5 8336/52/5 8332/52/5
f 8330/52/6 8331/52/6 8335/52/6 8334/52/6
f 8337/56/1 8340/56/1 8339/56/1 8338/56/1
f 8341/56/2 8342/56/2 8343/56/2 8344/56/2
f 8337/56/3 8338/56/3 8342/56/3 8341/56/3
f 8340/56/4 8344/56/4 8343/56/4 8339/56/4
f 8337/56/5 8341/56/5 8344/56/5 8340/56/5
f 8338/56/6 8339/56/6 8343/56/6 8342/56/6
f 8345/56/1 8348/56/1 8347/56/1 8346/56/1
f 8349/56/2 8350/56/2 8351/56/2 8352/56/2
f 8345/56/3 8346/56/3 8350/56/3 8349/56/3
f 8348/56/4 8352/56/4 8351/56/4 8347/56/4
f 8345/56/5 8349/56/5 8352/56/5 8348/56/5
f 8346/56/6 8347/56/6 8351/56/6 8350/56/6
f 8353/2/1 8356/2/1 8355/2/1 8354/2/1
f 8357/2/2 8358/2/2 8359/2/2 8360/2/2
f 8353/2/3 8354/2/3 8358/2/3 8357/2/3
f 8356/2/4 8360/2/4 8359/2/4 8355/2/4
f 8353/2/5 8357/2/5 8360/2/5 8356/2/5
f 8354/2/6 8355/2/6 8359/2/6 8358/2/6
f 8361/2/1 8364/2/1 8363/2/1 8362/2/1
f 8365/2/2 8366/2/2 8367/2/2 8368/2/2
f 8361/2/3 8362/2/3 8366/2/3 8365/2/3
f 8364/2/4 8368/2/4 8367/2/4 8363/2/4
f 8361/2/5 8365/2/5 8368/2/5 8364/2/5
f 8362/2/6 8363/2/6 8367/2/6 8366/2/6
f 8369/2/1 8372/2/1 8371/2/1 8370/2/1
f 8373/2/2 8374/2/2 8375/2/2 8376/2/2
f 8369/2/3 8370/2/3 8374/2/3 8373/2/3
f 8372/2/4 8376/2/4 8375/2/4 8371/2/4
f 8369/2/5 8373/2/5 8376/2/5 8372/2/5
f 8370/2/6 8371/2/6 8375/2/6 8374/2/6
f 8377/2/1 8380/2/1 8379/2/1 8378/2/1
f 8381/2/2 8382/2/2 8383/2/2 8384/2/2
f 8377/2/3 8378/2/3 8382/2/3 8381/2/3
f 8380/2/4 8384/2/4 8383/2/4 8379/2/4
f 8377/2/5 8381/2/5 8384/2/5 8380/2/5
f 8378/2/6 8379/2/6 8383/2/6 8382/2/6
f 8385/2/1 8388/2/1 8387/2/1 8386/2/1
f 8389/2/2 8390/2/2 8391/2/2 8392/2/2
f 8385/2/3 8386/2/3 8390/2/3 8389/2/3
f 8388/2/4 8392/2/4 8391/2/4 8387/2/4
f 8385/2/5 8389/2/5 8392/2/5 8388/2/5
f 8386/2/6 8387/2/6 8391/2/6 8390/2/6
f 8393/2/1 8396/2/1 8395/2/1 8394/2/1
f 8397/2/2 8398/2/2 8399/2/2 8400/2/2
f 8393/2/3 8394/2/3 8398/2/3 8397/2/3
f 8396/2/4 8400/2/4 8399/2/4 8395/2/4
f 8393/2/5 8397/2/5 8400/2/5 8396/2/5
f 8394/2/6 8395/2/6 8399/2/6 8398/2/6
f 8401/2/1 8404/2/1 8403/2/1 8402/2/1
f 8405/2/2 8406/2/2 8407/2/2 8408/2/2
f 8401/2/3 8402/2/3 8406/2/3 8405/2/3
f 8404/2/4 8408/2/4 8407/2/4 8403/2/4
f 8401/2/5 8405/2/5 8408/2/5 8404/2/5
f 8402/2/6 8403/2/6 8407/2/6 8406/2/6
f 8409/2/1 8412/2/1 8411/2/1 8410/2/1
f 8413/2/2 8414/2/2 8415/2/2 8416/2/2
f 8409/2/3 8410/2/3 8414/2/3 8413/2/3
f 8412/2/4 8416/2/4 8415/2/4 8411/2/4
f 8409/2/5 8413/2/5 8416/2/5 8412/2/5
f 8410/2/6 8411/2/6 8415/2/6 8414/2/6
f 8417/2/1 8420/2/1 8419/2/1 8418/2/1
f 8421/2/2 8422/2/2 8423/2/2 8424/2/2
f 8417/2/3 8418/2/3 8422/2/3 8421/2/3
f 8420/2/4 8424/2/4 8423/2/4 8419/2/4
f 8417/2/5 8421/2/5 8424/2/5 8420/2/5
f 8418/2/6 8419/2/6 8423/2/6 8422/2/6
f 8425/2/1 8428/2/1 8427/2/1 8426/2/1
f 8429/2/2 8430/2/2 8431/2/2 8432/2/2
f 8425/2/3 8426/2/3 8430/2/3 8429/2/3
f 8428/2/4 8432/2/4 8431/2/4 8427/2/4
f 8425/2/5 8429/2/5 8432/2/5 8428/2/5
f 8426/2/6 8427/2/6 8431/2/6 8430/2/6
f 8433/56/1 8436/56/1 8435/56/1 8434/56/1
f 8437/56/2 8438/56/2 8439/56/2 8440/56/2
f 8433/56/3 8434/56/3 8438/56/3 8437/56/3
f 8436/56/4 8440/56/4 8439/56/4 8435/56/4
f 8433/56/5 8437/56/5 8440/56/5 8436/56/5
f 8434/56/6 8435/56/6 8439/56/6 8438/56/6
f 8441/39/1 8444/39/1 8443/39/1 8442/39/1
f 8445/39/2 8446/39/2 8447/39/2 8448/39/2
f 8441/39/3 8442/39/3 8446/39/3 8445/39/3
f 8444/39/4 8448/39/4 8447/39/4 8443/39/4
f 8441/39/5 8445/39/5 8448/39/5 8444/39/5
f 8442/39/6 8443/39/6 8447/39/6 8446/39/6
f 8449/39/1 8452/39/1 8451/39/1 8450/39/1
f 8453/39/2 8454/39/2 8455/39/2 8456/39/2
f 8449/39/3 8450/39/3 8454/39/3 8453/39/3
f 8452/39/4 8456/39/4 8455/39/4 8451/39/4
f 8449/39/5 8453/39/5 8456/39/5 8452/39/5
f 8450/39/6 8451/39/6 8455/39/6 8454/39/6
f 8457/30/1 8460/30/1 8459/30/1 8458/30/1
f 8461/30/2 8462/30/2 8463/30/2 8464/30/2
f 8457/30/3 8458/30/3 8462/30/3 8461/30/3
f 8460/30/4 8464/30/4 8463/30/4 8459/30/4
f 8457/30/5 8461/30/5 8464/30/5 8460/30/5
f 8458/30/6 8459/30/6 8463/30/6 8462/30/6
f 8465/30/1 8468/30/1 8467/30/1 8466/30/1
f 8469/30/2 8470/30/2 8471/30/2 8472/30/2
f 8465/30/3 8466/30/3 8470/30/3 8469/30/3
f 8468/30/4 8472/30/4 8471/30/4 8467/30/4
f 8465/30/5 8469/30/5 8472/30/5 8468/30/5
f 8466/30/6 8467/30/6 8471/30/6 8470/30/6
f 8473/52/1 8476/52/1 8475/52/1 8474/52/1
f 8477/52/2 8478/52/2 8479/52/2 8480/52/2
f 8473/52/3 8474/52/3 8478/52/3 8477/52/3
f 8476/52/4 8480/52/4 8479/52/4 8475/52/4
f 8473/52/5 8477/52/5 8480/52/5 8476/52/5
f 8474/52/6 8475/52/6 8479/52/6 8478/52/6
f 8481/52/1 8484/52/1 8483/52/1 8482/52/1
f 8485/52/2 8486/52/2 8487/52/2 8488/52/2
f 8481/52/3 8482/52/3 8486/52/3 8485/52/3
f 8484/52/4 8488/52/4 8487/52/4 8483/52/4
f 8481/52/5 8485/52/5 8488/52/5 8484/52/5
f 8482/52/6 8483/52/6 8487/52/6 8486/52/6
f 8489/52/1 8492/52/1 8491/52/1 8490/52/1
f 8493/52/2 8494/52/2 8495/52/2 8496/52/2
f 8489/52/3 8490/52/3 8494/52/3 8493/52/3
f 8492/52/4 8496/52/4 8495/52/4 8491/52/4
f 8489/52/5 8493/52/5 8496/52/5 8492/52/5
f 8490/52/6 8491/52/6 8495/52/6 8494/52/6
f 8497/52/1 8500/52/1 8499/52/1 8498/52/1
f 8501/52/2 8502/52/2 8503/52/2 8504/52/2
f 8497/52/3 8498/52/3 8502/52/3 8501/52/3
f 8500/52/4 8504/52/4 8503/52/4 8499/52/4
f 8497/52/5 8501/52/5 8504/52/5 8500/52/5
f 8498/52/6 8499/52/6 8503/52/6 8502/52/6
f 8505/56/1 8508/56/1 8507/56/1 8506/56/1
f 8509/56/2 8510/56/2 8511/56/2 8512/56/2
f 8505/56/3 8506/56/3 8510/56/3 8509/56/3
f 8508/56/4 8512/56/4 8511/56/4 8507/56/4
f 8505/56/5 8509/56/5 8512/56/5 8508/56/5
f 8506/56/6 8507/56/6 8511/56/6 8510/56/6
f 8513/56/1 8516/56/1 8515/56/1 8514/56/1
f 8517/56/2 8518/56/2 8519/56/2 8520/56/2
f 8513/56/3 8514/56/3 8518/56/3 8517/56/3
f 8516/56/4 8520/56/4 8519/56/4 8515/56/4
f 8513/56/5 8517/56/5 8520/56/5 8516/56/5
f 8514/56/6 8515/56/6 8519/56/6 8518/56/6
f 8521/2/1 8524/2/1 8523/2/1 8522/2/1
f 8525/2/2 8526/2/2 8527/2/2 8528/2/2
f 8521/2/3 8522/2/3 8526/2/3 8525/2/3
f 8524/2/4 8528/2/4 8527/2/4 8523/2/4
f 8521/2/5 8525/2/5 8528/2/5 8524/2/5
f 8522/2/6 8523/2/6 8527/2/6 8526/2/6
f 8529/2/1 8532/2/1 8531/2/1 8530/2/1
f 8533/2/2 8534/2/2 8535/2/2 8536/2/2
f 8529/2/3 8530/2/3 8534/2/3 8533/2/3
f 8532/2/4 8536/2/4 8535/2/4 8531/2/4
f 8529/2/5 8533/2/5 8536/2/5 8532/2/5
f 8530/2/6 8531/2/6 8535/2/6 8534/2/6
f 8537/2/1 8540/2/1 8539/2/1 8538/2/1
f 8541/2/2 8542/2/2 8543/2/2 8544/2/2
f 8537/2/3 8538/2/3 8542/2/3 8541/2/3
f 8540/2/4 8544/2/4 8543/2/4 8539/2/4
f 8537/2/5 8541/2/5 8544/2/5 8540/2/5
f 8538/2/6 8539/2/6 8543/2/6 8542/2/6
f 8545/2/1 8548/2/1 8547/2/1 8546/2/1
f 8549/2/2 8550/2/2 8551/2/2 8552/2/2
f 8545/2/3 8546/2/3 8550/2/3 8549/2/3
f 8548/2/4 8552/2/4 8551/2/4 8547/2/4
f 8545/2/5 8549/2/5 8552/2/5 8548/2/5
f 8546/2/6 8547/2/6 8551/2/6 8550/2/6
f 8553/2/1 8556/2/1 8555/2/1 8554/2/1
f 8557/2/2 8558/2/2 8559/2/2 8560/2/2
f 8553/2/3 8554/2/3 8558/2/3 8557/2/3
f 8556/2/4 8560/2/4 8559/2/4 8555/2/4
f 8553/2/5 8557/2/5 8560/2/5 8556/2/5
f 8554/2/6 8555/2/6 8559/2/6 8558/2/6
f 8561/2/1 8564/2/1 8563/2/1 8562/2/1
f 8565/2/2 8566/2/2 8567/2/2 8568/2/2
f 8561/2/3 8562/2/3 8566/2/3 8565/2/3
f 8564/2/4 8568/2/4 8567/2/4 8563/2/4
f 8561/2/5 8565/2/5 8568/2/5 8564/2/5
f 8562/2/6 8563/2/6 8567/2/6 8566/2/6
f 8569/56/1 8572/56/1 8571/56/1 8570/56/1
f 8573/56/2 8574/56/2 8575/56/2 8576/56/2
f 8569/56/3 8570/56/3 8574/56/3 8573/56/3
f 8572/56/4 8576/56/4 8575/56/4 8571/56/4
f 8569/56/5 8573/56/5 8576/56/5 8572/56/5
f 8570/56/6 8571/56/6 8575/56/6 8574/56/6
f 8577/39/1 8580/39/1 8579/39/1 8578/39/1
f 8581/39/2 8582/39/2 8583/39/2 8584/39/2
f 8577/39/3 8578/39/3 8582/39/3 8581/39/3
f 8580/39/4 8584/39/4 8583/39/4 8579/39/4
f 8577/39/5 8581/39/5 8584/39/5 8580/39/5
f 8578/39/6 8579/39/6 8583/39/6 8582/39/6
f 8585/30/1 8588/30/1 8587/30/1 8586/30/1
f 8589/30/2 8590/30/2 8591/30/2 8592/30/2
f 8585/30/3 8586/30/3 8590/30/3 8589/30/3
f 8588/30/4 8592/30/4 8591/30/4 8587/30/4
f 8585/30/5 8589/30/5 8592/30/5 8588/30/5
f 8586/30/6 8587/30/6 8591/30/6 8590/30/6
f 8593/52/1 8596/52/1 8595/52/1 8594/52/1
f 8597/52/2 8598/52/2 8599/52/2 8600/52/2
f 8593/52/3 8594/52/3 8598/52/3 8597/52/3
f 8596/52/4 8600/52/4 8599/52/4 8595/52/4
f 8593/52/5 8597/52/5 8600/52/5 8596/52/5
f 8594/52/6 8595/52/6 8599/52/6 8598/52/6
f 8601/52/1 8604/52/1 8603/52/1 8602/52/1
f 8605/52/2 8606/52/2 8607/52/2 8608/52/2
f 8601/52/3 8602/52/3 8606/52/3 8605/52/3
f 8604/52/4 8608/52/4 8607/52/4 8603/52/4
f 8601/52/5 8605/52/5 8608/52/5 8604/52/5
f 8602/52/6 8603/52/6 8607/52/6 8606/52/6
f 8609/56/1 8612/56/1 8611/56/1 8610/56/1
f 8613/56/2 8614/56/2 8615/56/2 8616/56/2
f 8609/56/3 8610/56/3 8614/56/3 8613/56/3
f 8612/56/4 8616/56/4 8615/56/4 8611/56/4
f 8609/56/5 8613/56/5 8616/56/5 8612/56/5
f 8610/56/6 8611/56/6 8615/56/6 8614/56/6
f 8617/2/1 8620/2/1 8619/2/1 8618/2/1
f 8621/2/2 8622/2/2 8623/2/2 8624/2/2
f 8617/2/3 8618/2/3 8622/2/3 8621/2/3
f 8620/2/4 8624/2/4 8623/2/4 8619/2/4
f 8617/2/5 8621/2/5 8624/2/5 8620/2/5
f 8618/2/6 8619/2/6 8623/2/6 8622/2/6
f 8625/2/1 8628/2/1 8627/2/1 8626/2/1
f 8629/2/2 8630/2/2 8631/2/2 8632/2/2
f 8625/2/3 8626/2/3 8630/2/3 8629/2/3
f 8628/2/4 8632/2/4 8631/2/4 8627/2/4
f 8625/2/5 8629/2/5 8632/2/5 8628/2/5
f 8626/2/6 8627/2/6 8631/2/6 8630/2/6
f 8633/56/1 8636/56/1 8635/56/1 8634/56/1
f 8637/56/2 8638/56/2 8639/56/2 8640/56/2
f 8633/56/3 8634/56/3 8638/56/3 8637/56/3
f 8636/56/4 8640/56/4 8639/56/4 8635/56/4
f 8633/56/5 8637/56/5 8640/56/5 8636/56/5
f 8634/56/6 8635/56/6 8639/56/6 8638/56/6
f 8641/56/1 8644/56/1 8643/56/1 8642/56/1
f 8645/56/2 8646/56/2 8647/56/2 8648/56/2
f 8641/56/3 8642/56/3 8646/56/3 8645/56/3
f 8644/56/4 8648/56/4 8647/56/4 8643/56/4
f 8641/56/5 8645/56/5 8648/56/5 8644/56/5
f 8642/56/6 8643/56/6 8647/56/6 8646/56/6
f 8649/39/1 8652/39/1 8651/39/1 8650/39/1
f 8653/39/2 8654/39/2 8655/39/2 8656/39/2
f 8649/39/3 8650/39/3 8654/39/3 8653/39/3
f 8652/39/4 8656/39/4 8655/39/4 8651/39/4
f 8649/39/5 8653/39/5 8656/39/5 8652/39/5
f 8650/39/6 8651/39/6 8655/39/6 8654/39/6
f 8657/30/1 8660/30/1 8659/30/1 8658/30/1
f 8661/30/2 8662/30/2 8663/30/2 8664/30/2
f 8657/30/3 8658/30/3 8662/30/3 8661/30/3
f 8660/30/4 8664/30/4 8663/30/4 8659/30/4
f 8657/30/5 8661/30/5 8664/30/5 8660/30/5
f 8658/30/6 8659/30/6 8663/30/6 8662/30/6
f 8665/53/1 8668/53/1 8667/53/1 8666/53/1
f 8669/53/2 8670/53/2 8671/53/2 8672/53/2
f 8665/53/3 8666/53/3 8670/53/3 8669/53/3
f 8668/53/4 8672/53/4 8671/53/4 8667/53/4
f 8665/53/5 8669/53/5 8672/53/5 8668/53/5
f 8666/53/6 8667/53/6 8671/53/6 8670/53/6
f 8673/53/1 8676/53/1 8675/53/1 8674/53/1
f 8677/53/2 8678/53/2 8679/53/2 8680/53/2
f 8673/53/3 8674/53/3 8678/53/3 8677/53/3
f 8676/53/4 8680/53/4 8679/53/4 8675/53/4
f 8673/53/5 8677/53/5 8680/53/5 8676/53/5
f 8674/53/6 8675/53/6 8679/53/6 8678/53/6
f 8681/52/1 8684/52/1 8683/52/1 8682/52/1
f 8685/52/2 8686/52/2 8687/52/2 8688/52/2
f 8681/52/3 8682/52/3 8686/52/3 8685/52/3
f 8684/52/4 8688/52/4 8687/52/4 8683/52/4
f 8681/52/5 8685/52/5 8688/52/5 8684/52/5
f 8682/52/6 8683/52/6 8687/52/6 8686/52/6
f 8689/53/1 8692/53/1 8691/53/1 8690/53/1
f 8693/53/2 8694/53/2 8695/53/2 8696/53/2
f 8689/53/3 8690/53/3 8694/53/3 8693/53/3
f 8692/53/4 8696/53/4 8695/53/4 8691/53/4
f 8689/53/5 8693/53/5 8696/53/5 8692/53/5
f 8690/53/6 8691/53/6 8695/53/6 8694/53/6
f 8697/52/1 8700/52/1 8699/52/1 8698/52/1
f 8701/52/2 8702/52/2 8703/52/2 8704/52/2
f 8697/52/3 8698/52/3 8702/52/3 8701/52/3
f 8700/52/4 8704/52/4 8703/52/4 8699/52/4
f 8697/52/5 8701/52/5 8704/52/5 8700/52/5
f 8698/52/6 8699/52/6 8703/52/6 8702/52/6
f 8705/53/1 8708/53/1 8707/53/1 8706/53/1
f 8709/53/2 8710/53/2 8711/53/2 8712/53/2
f 8705/53/3 8706/53/3 8710/53/3 8709/53/3
f 8708/53/4 8712/53/4 8711/53/4 8707/53/4
f 8705/53/5 8709/53/5 8712/53/5 8708/53/5
f 8706/53/6 8707/53/6 8711/53/6 8710/53/6
f 8713/56/1 8716/56/1 8715/56/1 8714/56/1
f 8717/56/2 8718/56/2 8719/56/2 8720/56/2
f 8713/56/3 8714/56/3 8718/56/3 8717/56/3
f 8716/56/4 8720/56/4 8719/56/4 8715/56/4
f 8713/56/5 8717/56/5 8720/56/5 8716/56/5
f 8714/56/6 8715/56/6 8719/56/6 8718/56/6
f 8721/56/1 8724/56/1 8723/56/1 8722/56/1
f 8725/56/2 8726/56/2 8727/56/2 8728/56/2
f 8721/56/3 8722/56/3 8726/56/3 8725/56/3
f 8724/56/4 8728/56/4 8727/56/4 8723/56/4
f 8721/56/5 8725/56/5 8728/56/5 8724/56/5
f 8722/56/6 8723/56/6 8727/56/6 8726/56/6
o FRAME
usemtl palette
f 8729/30/1 8732/30/1 8731/30/1 8730/30/1
f 8733/30/2 8734/30/2 8735/30/2 8736/30/2
f 8729/30/3 8730/30/3 8734/30/3 8733/30/3
f 8732/30/4 8736/30/4 8735/30/4 8731/30/4
f 8729/30/5 8733/30/5 8736/30/5 8732/30/5
f 8730/30/6 8731/30/6 8735/30/6 8734/30/6
o SHELL_diaphragm
usemtl palette
f 8737/39/1 8740/39/1 8739/39/1 8738/39/1
f 8741/39/2 8742/39/2 8743/39/2 8744/39/2
f 8737/39/3 8738/39/3 8742/39/3 8741/39/3
f 8740/39/4 8744/39/4 8743/39/4 8739/39/4
f 8737/39/5 8741/39/5 8744/39/5 8740/39/5
f 8738/39/6 8739/39/6 8743/39/6 8742/39/6
f 8745/39/1 8748/39/1 8747/39/1 8746/39/1
f 8749/39/2 8750/39/2 8751/39/2 8752/39/2
f 8745/39/3 8746/39/3 8750/39/3 8749/39/3
f 8748/39/4 8752/39/4 8751/39/4 8747/39/4
f 8745/39/5 8749/39/5 8752/39/5 8748/39/5
f 8746/39/6 8747/39/6 8751/39/6 8750/39/6
f 8753/39/1 8756/39/1 8755/39/1 8754/39/1
f 8757/39/2 8758/39/2 8759/39/2 8760/39/2
f 8753/39/3 8754/39/3 8758/39/3 8757/39/3
f 8756/39/4 8760/39/4 8759/39/4 8755/39/4
f 8753/39/5 8757/39/5 8760/39/5 8756/39/5
f 8754/39/6 8755/39/6 8759/39/6 8758/39/6
f 8761/39/1 8764/39/1 8763/39/1 8762/39/1
f 8765/39/2 8766/39/2 8767/39/2 8768/39/2
f 8761/39/3 8762/39/3 8766/39/3 8765/39/3
f 8764/39/4 8768/39/4 8767/39/4 8763/39/4
f 8761/39/5 8765/39/5 8768/39/5 8764/39/5
f 8762/39/6 8763/39/6 8767/39/6 8766/39/6
f 8769/39/1 8772/39/1 8771/39/1 8770/39/1
f 8773/39/2 8774/39/2 8775/39/2 8776/39/2
f 8769/39/3 8770/39/3 8774/39/3 8773/39/3
f 8772/39/4 8776/39/4 8775/39/4 8771/39/4
f 8769/39/5 8773/39/5 8776/39/5 8772/39/5
f 8770/39/6 8771/39/6 8775/39/6 8774/39/6
f 8777/39/1 8780/39/1 8779/39/1 8778/39/1
f 8781/39/2 8782/39/2 8783/39/2 8784/39/2
f 8777/39/3 8778/39/3 8782/39/3 8781/39/3
f 8780/39/4 8784/39/4 8783/39/4 8779/39/4
f 8777/39/5 8781/39/5 8784/39/5 8780/39/5
f 8778/39/6 8779/39/6 8783/39/6 8782/39/6
f 8785/39/1 8788/39/1 8787/39/1 8786/39/1
f 8789/39/2 8790/39/2 8791/39/2 8792/39/2
f 8785/39/3 8786/39/3 8790/39/3 8789/39/3
f 8788/39/4 8792/39/4 8791/39/4 8787/39/4
f 8785/39/5 8789/39/5 8792/39/5 8788/39/5
f 8786/39/6 8787/39/6 8791/39/6 8790/39/6
f 8793/39/1 8796/39/1 8795/39/1 8794/39/1
f 8797/39/2 8798/39/2 8799/39/2 8800/39/2
f 8793/39/3 8794/39/3 8798/39/3 8797/39/3
f 8796/39/4 8800/39/4 8799/39/4 8795/39/4
f 8793/39/5 8797/39/5 8800/39/5 8796/39/5
f 8794/39/6 8795/39/6 8799/39/6 8798/39/6
f 8801/39/1 8804/39/1 8803/39/1 8802/39/1
f 8805/39/2 8806/39/2 8807/39/2 8808/39/2
f 8801/39/3 8802/39/3 8806/39/3 8805/39/3
f 8804/39/4 8808/39/4 8807/39/4 8803/39/4
f 8801/39/5 8805/39/5 8808/39/5 8804/39/5
f 8802/39/6 8803/39/6 8807/39/6 8806/39/6
f 8809/39/1 8812/39/1 8811/39/1 8810/39/1
f 8813/39/2 8814/39/2 8815/39/2 8816/39/2
f 8809/39/3 8810/39/3 8814/39/3 8813/39/3
f 8812/39/4 8816/39/4 8815/39/4 8811/39/4
f 8809/39/5 8813/39/5 8816/39/5 8812/39/5
f 8810/39/6 8811/39/6 8815/39/6 8814/39/6
f 8817/39/1 8820/39/1 8819/39/1 8818/39/1
f 8821/39/2 8822/39/2 8823/39/2 8824/39/2
f 8817/39/3 8818/39/3 8822/39/3 8821/39/3
f 8820/39/4 8824/39/4 8823/39/4 8819/39/4
f 8817/39/5 8821/39/5 8824/39/5 8820/39/5
f 8818/39/6 8819/39/6 8823/39/6 8822/39/6
f 8825/39/1 8828/39/1 8827/39/1 8826/39/1
f 8829/39/2 8830/39/2 8831/39/2 8832/39/2
f 8825/39/3 8826/39/3 8830/39/3 8829/39/3
f 8828/39/4 8832/39/4 8831/39/4 8827/39/4
f 8825/39/5 8829/39/5 8832/39/5 8828/39/5
f 8826/39/6 8827/39/6 8831/39/6 8830/39/6
f 8833/39/1 8836/39/1 8835/39/1 8834/39/1
f 8837/39/2 8838/39/2 8839/39/2 8840/39/2
f 8833/39/3 8834/39/3 8838/39/3 8837/39/3
f 8836/39/4 8840/39/4 8839/39/4 8835/39/4
f 8833/39/5 8837/39/5 8840/39/5 8836/39/5
f 8834/39/6 8835/39/6 8839/39/6 8838/39/6
f 8841/39/1 8844/39/1 8843/39/1 8842/39/1
f 8845/39/2 8846/39/2 8847/39/2 8848/39/2
f 8841/39/3 8842/39/3 8846/39/3 8845/39/3
f 8844/39/4 8848/39/4 8847/39/4 8843/39/4
f 8841/39/5 8845/39/5 8848/39/5 8844/39/5
f 8842/39/6 8843/39/6 8847/39/6 8846/39/6
f 8849/39/1 8852/39/1 8851/39/1 8850/39/1
f 8853/39/2 8854/39/2 8855/39/2 8856/39/2
f 8849/39/3 8850/39/3 8854/39/3 8853/39/3
f 8852/39/4 8856/39/4 8855/39/4 8851/39/4
f 8849/39/5 8853/39/5 8856/39/5 8852/39/5
f 8850/39/6 8851/39/6 8855/39/6 8854/39/6
f 8857/39/1 8860/39/1 8859/39/1 8858/39/1
f 8861/39/2 8862/39/2 8863/39/2 8864/39/2
f 8857/39/3 8858/39/3 8862/39/3 8861/39/3
f 8860/39/4 8864/39/4 8863/39/4 8859/39/4
f 8857/39/5 8861/39/5 8864/39/5 8860/39/5
f 8858/39/6 8859/39/6 8863/39/6 8862/39/6
f 8865/39/1 8868/39/1 8867/39/1 8866/39/1
f 8869/39/2 8870/39/2 8871/39/2 8872/39/2
f 8865/39/3 8866/39/3 8870/39/3 8869/39/3
f 8868/39/4 8872/39/4 8871/39/4 8867/39/4
f 8865/39/5 8869/39/5 8872/39/5 8868/39/5
f 8866/39/6 8867/39/6 8871/39/6 8870/39/6
f 8873/39/1 8876/39/1 8875/39/1 8874/39/1
f 8877/39/2 8878/39/2 8879/39/2 8880/39/2
f 8873/39/3 8874/39/3 8878/39/3 8877/39/3
f 8876/39/4 8880/39/4 8879/39/4 8875/39/4
f 8873/39/5 8877/39/5 8880/39/5 8876/39/5
f 8874/39/6 8875/39/6 8879/39/6 8878/39/6
f 8881/39/1 8884/39/1 8883/39/1 8882/39/1
f 8885/39/2 8886/39/2 8887/39/2 8888/39/2
f 8881/39/3 8882/39/3 8886/39/3 8885/39/3
f 8884/39/4 8888/39/4 8887/39/4 8883/39/4
f 8881/39/5 8885/39/5 8888/39/5 8884/39/5
f 8882/39/6 8883/39/6 8887/39/6 8886/39/6
f 8889/39/1 8892/39/1 8891/39/1 8890/39/1
f 8893/39/2 8894/39/2 8895/39/2 8896/39/2
f 8889/39/3 8890/39/3 8894/39/3 8893/39/3
f 8892/39/4 8896/39/4 8895/39/4 8891/39/4
f 8889/39/5 8893/39/5 8896/39/5 8892/39/5
f 8890/39/6 8891/39/6 8895/39/6 8894/39/6
f 8897/39/1 8900/39/1 8899/39/1 8898/39/1
f 8901/39/2 8902/39/2 8903/39/2 8904/39/2
f 8897/39/3 8898/39/3 8902/39/3 8901/39/3
f 8900/39/4 8904/39/4 8903/39/4 8899/39/4
f 8897/39/5 8901/39/5 8904/39/5 8900/39/5
f 8898/39/6 8899/39/6 8903/39/6 8902/39/6
f 8905/39/1 8908/39/1 8907/39/1 8906/39/1
f 8909/39/2 8910/39/2 8911/39/2 8912/39/2
f 8905/39/3 8906/39/3 8910/39/3 8909/39/3
f 8908/39/4 8912/39/4 8911/39/4 8907/39/4
f 8905/39/5 8909/39/5 8912/39/5 8908/39/5
f 8906/39/6 8907/39/6 8911/39/6 8910/39/6
f 8913/39/1 8916/39/1 8915/39/1 8914/39/1
f 8917/39/2 8918/39/2 8919/39/2 8920/39/2
f 8913/39/3 8914/39/3 8918/39/3 8917/39/3
f 8916/39/4 8920/39/4 8919/39/4 8915/39/4
f 8913/39/5 8917/39/5 8920/39/5 8916/39/5
f 8914/39/6 8915/39/6 8919/39/6 8918/39/6
f 8921/39/1 8924/39/1 8923/39/1 8922/39/1
f 8925/39/2 8926/39/2 8927/39/2 8928/39/2
f 8921/39/3 8922/39/3 8926/39/3 8925/39/3
f 8924/39/4 8928/39/4 8927/39/4 8923/39/4
f 8921/39/5 8925/39/5 8928/39/5 8924/39/5
f 8922/39/6 8923/39/6 8927/39/6 8926/39/6
o FLOOR
usemtl palette
f 8929/36/1 8932/36/1 8931/36/1 8930/36/1
f 8933/36/2 8934/36/2 8935/36/2 8936/36/2
f 8929/36/3 8930/36/3 8934/36/3 8933/36/3
f 8932/36/4 8936/36/4 8935/36/4 8931/36/4
f 8929/36/5 8933/36/5 8936/36/5 8932/36/5
f 8930/36/6 8931/36/6 8935/36/6 8934/36/6
f 8937/3/1 8940/3/1 8939/3/1 8938/3/1
f 8941/3/2 8942/3/2 8943/3/2 8944/3/2
f 8937/3/3 8938/3/3 8942/3/3 8941/3/3
f 8940/3/4 8944/3/4 8943/3/4 8939/3/4
f 8937/3/5 8941/3/5 8944/3/5 8940/3/5
f 8938/3/6 8939/3/6 8943/3/6 8942/3/6
o SHELL_gangway
usemtl palette
f 8945/36/1 8948/36/1 8947/36/1 8946/36/1
f 8949/36/2 8950/36/2 8951/36/2 8952/36/2
f 8945/36/3 8946/36/3 8950/36/3 8949/36/3
f 8948/36/4 8952/36/4 8951/36/4 8947/36/4
f 8945/36/5 8949/36/5 8952/36/5 8948/36/5
f 8946/36/6 8947/36/6 8951/36/6 8950/36/6
o BOGEY_FRONT
usemtl palette
f 8953/32/1 8956/32/1 8955/32/1 8954/32/1
f 8957/32/2 8958/32/2 8959/32/2 8960/32/2
f 8953/32/3 8954/32/3 8958/32/3 8957/32/3
f 8956/32/4 8960/32/4 8959/32/4 8955/32/4
f 8953/32/5 8957/32/5 8960/32/5 8956/32/5
f 8954/32/6 8955/32/6 8959/32/6 8958/32/6
f 8961/33/1 8964/33/1 8963/33/1 8962/33/1
f 8965/33/2 8966/33/2 8967/33/2 8968/33/2
f 8961/33/3 8962/33/3 8966/33/3 8965/33/3
f 8964/33/4 8968/33/4 8967/33/4 8963/33/4
f 8961/33/5 8965/33/5 8968/33/5 8964/33/5
f 8962/33/6 8963/33/6 8967/33/6 8966/33/6
f 8969/33/1 8972/33/1 8971/33/1 8970/33/1
f 8973/33/2 8974/33/2 8975/33/2 8976/33/2
f 8969/33/3 8970/33/3 8974/33/3 8973/33/3
f 8972/33/4 8976/33/4 8975/33/4 8971/33/4
f 8969/33/5 8973/33/5 8976/33/5 8972/33/5
f 8970/33/6 8971/33/6 8975/33/6 8974/33/6
f 8977/34/1 8980/34/1 8979/34/1 8978/34/1
f 8981/34/2 8982/34/2 8983/34/2 8984/34/2
f 8977/34/3 8978/34/3 8982/34/3 8981/34/3
f 8980/34/4 8984/34/4 8983/34/4 8979/34/4
f 8977/34/5 8981/34/5 8984/34/5 8980/34/5
f 8978/34/6 8979/34/6 8983/34/6 8982/34/6
f 8985/34/1 8988/34/1 8987/34/1 8986/34/1
f 8989/34/2 8990/34/2 8991/34/2 8992/34/2
f 8985/34/3 8986/34/3 8990/34/3 8989/34/3
f 8988/34/4 8992/34/4 8991/34/4 8987/34/4
f 8985/34/5 8989/34/5 8992/34/5 8988/34/5
f 8986/34/6 8987/34/6 8991/34/6 8990/34/6
f 8993/34/1 8996/34/1 8995/34/1 8994/34/1
f 8997/34/2 8998/34/2 8999/34/2 9000/34/2
f 8993/34/3 8994/34/3 8998/34/3 8997/34/3
f 8996/34/4 9000/34/4 8999/34/4 8995/34/4
f 8993/34/5 8997/34/5 9000/34/5 8996/34/5
f 8994/34/6 8995/34/6 8999/34/6 8998/34/6
f 9001/34/1 9004/34/1 9003/34/1 9002/34/1
f 9005/34/2 9006/34/2 9007/34/2 9008/34/2
f 9001/34/3 9002/34/3 9006/34/3 9005/34/3
f 9004/34/4 9008/34/4 9007/34/4 9003/34/4
f 9001/34/5 9005/34/5 9008/34/5 9004/34/5
f 9002/34/6 9003/34/6 9007/34/6 9006/34/6
f 9009/34/1 9012/34/1 9011/34/1 9010/34/1
f 9013/34/2 9014/34/2 9015/34/2 9016/34/2
f 9009/34/3 9010/34/3 9014/34/3 9013/34/3
f 9012/34/4 9016/34/4 9015/34/4 9011/34/4
f 9009/34/5 9013/34/5 9016/34/5 9012/34/5
f 9010/34/6 9011/34/6 9015/34/6 9014/34/6
f 9017/34/1 9020/34/1 9019/34/1 9018/34/1
f 9021/34/2 9022/34/2 9023/34/2 9024/34/2
f 9017/34/3 9018/34/3 9022/34/3 9021/34/3
f 9020/34/4 9024/34/4 9023/34/4 9019/34/4
f 9017/34/5 9021/34/5 9024/34/5 9020/34/5
f 9018/34/6 9019/34/6 9023/34/6 9022/34/6
f 9025/34/1 9028/34/1 9027/34/1 9026/34/1
f 9029/34/2 9030/34/2 9031/34/2 9032/34/2
f 9025/34/3 9026/34/3 9030/34/3 9029/34/3
f 9028/34/4 9032/34/4 9031/34/4 9027/34/4
f 9025/34/5 9029/34/5 9032/34/5 9028/34/5
f 9026/34/6 9027/34/6 9031/34/6 9030/34/6
f 9033/34/1 9036/34/1 9035/34/1 9034/34/1
f 9037/34/2 9038/34/2 9039/34/2 9040/34/2
f 9033/34/3 9034/34/3 9038/34/3 9037/34/3
f 9036/34/4 9040/34/4 9039/34/4 9035/34/4
f 9033/34/5 9037/34/5 9040/34/5 9036/34/5
f 9034/34/6 9035/34/6 9039/34/6 9038/34/6
o BOGEY_FRONT_WHEEL_1
usemtl palette
f 9041/34/1 9044/34/1 9043/34/1 9042/34/1
f 9045/34/2 9046/34/2 9047/34/2 9048/34/2
f 9041/34/3 9042/34/3 9046/34/3 9045/34/3
f 9044/34/4 9048/34/4 9047/34/4 9043/34/4
f 9041/34/5 9045/34/5 9048/34/5 9044/34/5
f 9042/34/6 9043/34/6 9047/34/6 9046/34/6
f 9049/34/1 9052/34/1 9051/34/1 9050/34/1
f 9053/34/2 9054/34/2 9055/34/2 9056/34/2
f 9049/34/3 9050/34/3 9054/34/3 9053/34/3
f 9052/34/4 9056/34/4 9055/34/4 9051/34/4
f 9049/34/5 9053/34/5 9056/34/5 9052/34/5
f 9050/34/6 9051/34/6 9055/34/6 9054/34/6
f 9057/34/1 9060/34/1 9059/34/1 9058/34/1
f 9061/34/2 9062/34/2 9063/34/2 9064/34/2
f 9057/34/3 9058/34/3 9062/34/3 9061/34/3
f 9060/34/4 9064/34/4 9063/34/4 9059/34/4
f 9057/34/5 9061/34/5 9064/34/5 9060/34/5
f 9058/34/6 9059/34/6 9063/34/6 9062/34/6
f 9065/35/1 9068/35/1 9067/35/1 9066/35/1
f 9069/35/2 9070/35/2 9071/35/2 9072/35/2
f 9065/35/3 9066/35/3 9070/35/3 9069/35/3
f 9068/35/4 9072/35/4 9071/35/4 9067/35/4
f 9065/35/5 9069/35/5 9072/35/5 9068/35/5
f 9066/35/6 9067/35/6 9071/35/6 9070/35/6
o BOGEY_FRONT_WHEEL_2
usemtl palette
f 9073/34/1 9076/34/1 9075/34/1 9074/34/1
f 9077/34/2 9078/34/2 9079/34/2 9080/34/2
f 9073/34/3 9074/34/3 9078/34/3 9077/34/3
f 9076/34/4 9080/34/4 9079/34/4 9075/34/4
f 9073/34/5 9077/34/5 9080/34/5 9076/34/5
f 9074/34/6 9075/34/6 9079/34/6 9078/34/6
f 9081/34/1 9084/34/1 9083/34/1 9082/34/1
f 9085/34/2 9086/34/2 9087/34/2 9088/34/2
f 9081/34/3 9082/34/3 9086/34/3 9085/34/3
f 9084/34/4 9088/34/4 9087/34/4 9083/34/4
f 9081/34/5 9085/34/5 9088/34/5 9084/34/5
f 9082/34/6 9083/34/6 9087/34/6 9086/34/6
f 9089/34/1 9092/34/1 9091/34/1 9090/34/1
f 9093/34/2 9094/34/2 9095/34/2 9096/34/2
f 9089/34/3 9090/34/3 9094/34/3 9093/34/3
f 9092/34/4 9096/34/4 9095/34/4 9091/34/4
f 9089/34/5 9093/34/5 9096/34/5 9092/34/5
f 9090/34/6 9091/34/6 9095/34/6 9094/34/6
f 9097/35/1 9100/35/1 9099/35/1 9098/35/1
f 9101/35/2 9102/35/2 9103/35/2 9104/35/2
f 9097/35/3 9098/35/3 9102/35/3 9101/35/3
f 9100/35/4 9104/35/4 9103/35/4 9099/35/4
f 9097/35/5 9101/35/5 9104/35/5 9100/35/5
f 9098/35/6 9099/35/6 9103/35/6 9102/35/6
o BOGEY_REAR
usemtl palette
f 9105/32/1 9108/32/1 9107/32/1 9106/32/1
f 9109/32/2 9110/32/2 9111/32/2 9112/32/2
f 9105/32/3 9106/32/3 9110/32/3 9109/32/3
f 9108/32/4 9112/32/4 9111/32/4 9107/32/4
f 9105/32/5 9109/32/5 9112/32/5 9108/32/5
f 9106/32/6 9107/32/6 9111/32/6 9110/32/6
f 9113/33/1 9116/33/1 9115/33/1 9114/33/1
f 9117/33/2 9118/33/2 9119/33/2 9120/33/2
f 9113/33/3 9114/33/3 9118/33/3 9117/33/3
f 9116/33/4 9120/33/4 9119/33/4 9115/33/4
f 9113/33/5 9117/33/5 9120/33/5 9116/33/5
f 9114/33/6 9115/33/6 9119/33/6 9118/33/6
f 9121/33/1 9124/33/1 9123/33/1 9122/33/1
f 9125/33/2 9126/33/2 9127/33/2 9128/33/2
f 9121/33/3 9122/33/3 9126/33/3 9125/33/3
f 9124/33/4 9128/33/4 9127/33/4 9123/33/4
f 9121/33/5 9125/33/5 9128/33/5 9124/33/5
f 9122/33/6 9123/33/6 9127/33/6 9126/33/6
f 9129/34/1 9132/34/1 9131/34/1 9130/34/1
f 9133/34/2 9134/34/2 9135/34/2 9136/34/2
f 9129/34/3 9130/34/3 9134/34/3 9133/34/3
f 9132/34/4 9136/34/4 9135/34/4 9131/34/4
f 9129/34/5 9133/34/5 9136/34/5 9132/34/5
f 9130/34/6 9131/34/6 9135/34/6 9134/34/6
f 9137/34/1 9140/34/1 9139/34/1 9138/34/1
f 9141/34/2 9142/34/2 9143/34/2 9144/34/2
f 9137/34/3 9138/34/3 9142/34/3 9141/34/3
f 9140/34/4 9144/34/4 9143/34/4 9139/34/4
f 9137/34/5 9141/34/5 9144/34/5 9140/34/5
f 9138/34/6 9139/34/6 9143/34/6 9142/34/6
f 9145/34/1 9148/34/1 9147/34/1 9146/34/1
f 9149/34/2 9150/34/2 9151/34/2 9152/34/2
f 9145/34/3 9146/34/3 9150/34/3 9149/34/3
f 9148/34/4 9152/34/4 9151/34/4 9147/34/4
f 9145/34/5 9149/34/5 9152/34/5 9148/34/5
f 9146/34/6 9147/34/6 9151/34/6 9150/34/6
f 9153/34/1 9156/34/1 9155/34/1 9154/34/1
f 9157/34/2 9158/34/2 9159/34/2 9160/34/2
f 9153/34/3 9154/34/3 9158/34/3 9157/34/3
f 9156/34/4 9160/34/4 9159/34/4 9155/34/4
f 9153/34/5 9157/34/5 9160/34/5 9156/34/5
f 9154/34/6 9155/34/6 9159/34/6 9158/34/6
f 9161/34/1 9164/34/1 9163/34/1 9162/34/1
f 9165/34/2 9166/34/2 9167/34/2 9168/34/2
f 9161/34/3 9162/34/3 9166/34/3 9165/34/3
f 9164/34/4 9168/34/4 9167/34/4 9163/34/4
f 9161/34/5 9165/34/5 9168/34/5 9164/34/5
f 9162/34/6 9163/34/6 9167/34/6 9166/34/6
f 9169/34/1 9172/34/1 9171/34/1 9170/34/1
f 9173/34/2 9174/34/2 9175/34/2 9176/34/2
f 9169/34/3 9170/34/3 9174/34/3 9173/34/3
f 9172/34/4 9176/34/4 9175/34/4 9171/34/4
f 9169/34/5 9173/34/5 9176/34/5 9172/34/5
f 9170/34/6 9171/34/6 9175/34/6 9174/34/6
f 9177/34/1 9180/34/1 9179/34/1 9178/34/1
f 9181/34/2 9182/34/2 9183/34/2 9184/34/2
f 9177/34/3 9178/34/3 9182/34/3 9181/34/3
f 9180/34/4 9184/34/4 9183/34/4 9179/34/4
f 9177/34/5 9181/34/5 9184/34/5 9180/34/5
f 9178/34/6 9179/34/6 9183/34/6 9182/34/6
f 9185/34/1 9188/34/1 9187/34/1 9186/34/1
f 9189/34/2 9190/34/2 9191/34/2 9192/34/2
f 9185/34/3 9186/34/3 9190/34/3 9189/34/3
f 9188/34/4 9192/34/4 9191/34/4 9187/34/4
f 9185/34/5 9189/34/5 9192/34/5 9188/34/5
f 9186/34/6 9187/34/6 9191/34/6 9190/34/6
o BOGEY_REAR_WHEEL_1
usemtl palette
f 9193/34/1 9196/34/1 9195/34/1 9194/34/1
f 9197/34/2 9198/34/2 9199/34/2 9200/34/2
f 9193/34/3 9194/34/3 9198/34/3 9197/34/3
f 9196/34/4 9200/34/4 9199/34/4 9195/34/4
f 9193/34/5 9197/34/5 9200/34/5 9196/34/5
f 9194/34/6 9195/34/6 9199/34/6 9198/34/6
f 9201/34/1 9204/34/1 9203/34/1 9202/34/1
f 9205/34/2 9206/34/2 9207/34/2 9208/34/2
f 9201/34/3 9202/34/3 9206/34/3 9205/34/3
f 9204/34/4 9208/34/4 9207/34/4 9203/34/4
f 9201/34/5 9205/34/5 9208/34/5 9204/34/5
f 9202/34/6 9203/34/6 9207/34/6 9206/34/6
f 9209/34/1 9212/34/1 9211/34/1 9210/34/1
f 9213/34/2 9214/34/2 9215/34/2 9216/34/2
f 9209/34/3 9210/34/3 9214/34/3 9213/34/3
f 9212/34/4 9216/34/4 9215/34/4 9211/34/4
f 9209/34/5 9213/34/5 9216/34/5 9212/34/5
f 9210/34/6 9211/34/6 9215/34/6 9214/34/6
f 9217/35/1 9220/35/1 9219/35/1 9218/35/1
f 9221/35/2 9222/35/2 9223/35/2 9224/35/2
f 9217/35/3 9218/35/3 9222/35/3 9221/35/3
f 9220/35/4 9224/35/4 9223/35/4 9219/35/4
f 9217/35/5 9221/35/5 9224/35/5 9220/35/5
f 9218/35/6 9219/35/6 9223/35/6 9222/35/6
o BOGEY_REAR_WHEEL_2
usemtl palette
f 9225/34/1 9228/34/1 9227/34/1 9226/34/1
f 9229/34/2 9230/34/2 9231/34/2 9232/34/2
f 9225/34/3 9226/34/3 9230/34/3 9229/34/3
f 9228/34/4 9232/34/4 9231/34/4 9227/34/4
f 9225/34/5 9229/34/5 9232/34/5 9228/34/5
f 9226/34/6 9227/34/6 9231/34/6 9230/34/6
f 9233/34/1 9236/34/1 9235/34/1 9234/34/1
f 9237/34/2 9238/34/2 9239/34/2 9240/34/2
f 9233/34/3 9234/34/3 9238/34/3 9237/34/3
f 9236/34/4 9240/34/4 9239/34/4 9235/34/4
f 9233/34/5 9237/34/5 9240/34/5 9236/34/5
f 9234/34/6 9235/34/6 9239/34/6 9238/34/6
f 9241/34/1 9244/34/1 9243/34/1 9242/34/1
f 9245/34/2 9246/34/2 9247/34/2 9248/34/2
f 9241/34/3 9242/34/3 9246/34/3 9245/34/3
f 9244/34/4 9248/34/4 9247/34/4 9243/34/4
f 9241/34/5 9245/34/5 9248/34/5 9244/34/5
f 9242/34/6 9243/34/6 9247/34/6 9246/34/6
f 9249/35/1 9252/35/1 9251/35/1 9250/35/1
f 9253/35/2 9254/35/2 9255/35/2 9256/35/2
f 9249/35/3 9250/35/3 9254/35/3 9253/35/3
f 9252/35/4 9256/35/4 9255/35/4 9251/35/4
f 9249/35/5 9253/35/5 9256/35/5 9252/35/5
f 9250/35/6 9251/35/6 9255/35/6 9254/35/6
o SHELL_roof
usemtl palette
f 9257/40/1 9260/40/1 9259/40/1 9258/40/1
f 9261/40/2 9262/40/2 9263/40/2 9264/40/2
f 9257/40/3 9258/40/3 9262/40/3 9261/40/3
f 9260/40/4 9264/40/4 9263/40/4 9259/40/4
f 9257/40/5 9261/40/5 9264/40/5 9260/40/5
f 9258/40/6 9259/40/6 9263/40/6 9262/40/6
f 9265/41/1 9268/41/1 9267/41/1 9266/41/1
f 9269/41/2 9270/41/2 9271/41/2 9272/41/2
f 9265/41/3 9266/41/3 9270/41/3 9269/41/3
f 9268/41/4 9272/41/4 9271/41/4 9267/41/4
f 9265/41/5 9269/41/5 9272/41/5 9268/41/5
f 9266/41/6 9267/41/6 9271/41/6 9270/41/6
f 9273/30/1 9276/30/1 9275/30/1 9274/30/1
f 9277/30/2 9278/30/2 9279/30/2 9280/30/2
f 9273/30/3 9274/30/3 9278/30/3 9277/30/3
f 9276/30/4 9280/30/4 9279/30/4 9275/30/4
f 9273/30/5 9277/30/5 9280/30/5 9276/30/5
f 9274/30/6 9275/30/6 9279/30/6 9278/30/6
f 9281/30/1 9284/30/1 9283/30/1 9282/30/1
f 9285/30/2 9286/30/2 9287/30/2 9288/30/2
f 9281/30/3 9282/30/3 9286/30/3 9285/30/3
f 9284/30/4 9288/30/4 9287/30/4 9283/30/4
f 9281/30/5 9285/30/5 9288/30/5 9284/30/5
f 9282/30/6 9283/30/6 9287/30/6 9286/30/6
f 9289/30/1 9292/30/1 9291/30/1 9290/30/1
f 9293/30/2 9294/30/2 9295/30/2 9296/30/2
f 9289/30/3 9290/30/3 9294/30/3 9293/30/3
f 9292/30/4 9296/30/4 9295/30/4 9291/30/4
f 9289/30/5 9293/30/5 9296/30/5 9292/30/5
f 9290/30/6 9291/30/6 9295/30/6 9294/30/6
f 9297/30/1 9300/30/1 9299/30/1 9298/30/1
f 9301/30/2 9302/30/2 9303/30/2 9304/30/2
f 9297/30/3 9298/30/3 9302/30/3 9301/30/3
f 9300/30/4 9304/30/4 9303/30/4 9299/30/4
f 9297/30/5 9301/30/5 9304/30/5 9300/30/5
f 9298/30/6 9299/30/6 9303/30/6 9302/30/6
f 9305/30/1 9308/30/1 9307/30/1 9306/30/1
f 9309/30/2 9310/30/2 9311/30/2 9312/30/2
f 9305/30/3 9306/30/3 9310/30/3 9309/30/3
f 9308/30/4 9312/30/4 9311/30/4 9307/30/4
f 9305/30/5 9309/30/5 9312/30/5 9308/30/5
f 9306/30/6 9307/30/6 9311/30/6 9310/30/6
f 9313/30/1 9316/30/1 9315/30/1 9314/30/1
f 9317/30/2 9318/30/2 9319/30/2 9320/30/2
f 9313/30/3 9314/30/3 9318/30/3 9317/30/3
f 9316/30/4 9320/30/4 9319/30/4 9315/30/4
f 9313/30/5 9317/30/5 9320/30/5 9316/30/5
f 9314/30/6 9315/30/6 9319/30/6 9318/30/6
f 9321/30/1 9324/30/1 9323/30/1 9322/30/1
f 9325/30/2 9326/30/2 9327/30/2 9328/30/2
f 9321/30/3 9322/30/3 9326/30/3 9325/30/3
f 9324/30/4 9328/30/4 9327/30/4 9323/30/4
f 9321/30/5 9325/30/5 9328/30/5 9324/30/5
f 9322/30/6 9323/30/6 9327/30/6 9326/30/6
f 9329/40/1 9332/40/1 9331/40/1 9330/40/1
f 9333/40/2 9334/40/2 9335/40/2 9336/40/2
f 9329/40/3 9330/40/3 9334/40/3 9333/40/3
f 9332/40/4 9336/40/4 9335/40/4 9331/40/4
f 9329/40/5 9333/40/5 9336/40/5 9332/40/5
f 9330/40/6 9331/40/6 9335/40/6 9334/40/6
f 9337/41/1 9340/41/1 9339/41/1 9338/41/1
f 9341/41/2 9342/41/2 9343/41/2 9344/41/2
f 9337/41/3 9338/41/3 9342/41/3 9341/41/3
f 9340/41/4 9344/41/4 9343/41/4 9339/41/4
f 9337/41/5 9341/41/5 9344/41/5 9340/41/5
f 9338/41/6 9339/41/6 9343/41/6 9342/41/6
f 9345/30/1 9348/30/1 9347/30/1 9346/30/1
f 9349/30/2 9350/30/2 9351/30/2 9352/30/2
f 9345/30/3 9346/30/3 9350/30/3 9349/30/3
f 9348/30/4 9352/30/4 9351/30/4 9347/30/4
f 9345/30/5 9349/30/5 9352/30/5 9348/30/5
f 9346/30/6 9347/30/6 9351/30/6 9350/30/6
f 9353/30/1 9356/30/1 9355/30/1 9354/30/1
f 9357/30/2 9358/30/2 9359/30/2 9360/30/2
f 9353/30/3 9354/30/3 9358/30/3 9357/30/3
f 9356/30/4 9360/30/4 9359/30/4 9355/30/4
f 9353/30/5 9357/30/5 9360/30/5 9356/30/5
f 9354/30/6 9355/30/6 9359/30/6 9358/30/6
f 9361/30/1 9364/30/1 9363/30/1 9362/30/1
f 9365/30/2 9366/30/2 9367/30/2 9368/30/2
f 9361/30/3 9362/30/3 9366/30/3 9365/30/3
f 9364/30/4 9368/30/4 9367/30/4 9363/30/4
f 9361/30/5 9365/30/5 9368/30/5 9364/30/5
f 9362/30/6 9363/30/6 9367/30/6 9366/30/6
f 9369/30/1 9372/30/1 9371/30/1 9370/30/1
f 9373/30/2 9374/30/2 9375/30/2 9376/30/2
f 9369/30/3 9370/30/3 9374/30/3 9373/30/3
f 9372/30/4 9376/30/4 9375/30/4 9371/30/4
f 9369/30/5 9373/30/5 9376/30/5 9372/30/5
f 9370/30/6 9371/30/6 9375/30/6 9374/30/6
f 9377/30/1 9380/30/1 9379/30/1 9378/30/1
f 9381/30/2 9382/30/2 9383/30/2 9384/30/2
f 9377/30/3 9378/30/3 9382/30/3 9381/30/3
f 9380/30/4 9384/30/4 9383/30/4 9379/30/4
f 9377/30/5 9381/30/5 9384/30/5 9380/30/5
f 9378/30/6 9379/30/6 9383/30/6 9382/30/6
f 9385/30/1 9388/30/1 9387/30/1 9386/30/1
f 9389/30/2 9390/30/2 9391/30/2 9392/30/2
f 9385/30/3 9386/30/3 9390/30/3 9389/30/3
f 9388/30/4 9392/30/4 9391/30/4 9387/30/4
f 9385/30/5 9389/30/5 9392/30/5 9388/30/5
f 9386/30/6 9387/30/6 9391/30/6 9390/30/6
f 9393/30/1 9396/30/1 9395/30/1 9394/30/1
f 9397/30/2 9398/30/2 9399/30/2 9400/30/2
f 9393/30/3 9394/30/3 9398/30/3 9397/30/3
f 9396/30/4 9400/30/4 9399/30/4 9395/30/4
f 9393/30/5 9397/30/5 9400/30/5 9396/30/5
f 9394/30/6 9395/30/6 9399/30/6 9398/30/6
o HEADLIGHT_1
usemtl palette
f 9401/37/1 9404/37/1 9403/37/1 9402/37/1
f 9405/37/2 9406/37/2 9407/37/2 9408/37/2
f 9401/37/3 9402/37/3 9406/37/3 9405/37/3
f 9404/37/4 9408/37/4 9407/37/4 9403/37/4
f 9401/37/5 9405/37/5 9408/37/5 9404/37/5
f 9402/37/6 9403/37/6 9407/37/6 9406/37/6
f 9409/37/1 9412/37/1 9411/37/1 9410/37/1
f 9413/37/2 9414/37/2 9415/37/2 9416/37/2
f 9409/37/3 9410/37/3 9414/37/3 9413/37/3
f 9412/37/4 9416/37/4 9415/37/4 9411/37/4
f 9409/37/5 9413/37/5 9416/37/5 9412/37/5
f 9410/37/6 9411/37/6 9415/37/6 9414/37/6
o SHELL_lights
usemtl palette
f 9417/38/1 9420/38/1 9419/38/1 9418/38/1
f 9421/38/2 9422/38/2 9423/38/2 9424/38/2
f 9417/38/3 9418/38/3 9422/38/3 9421/38/3
f 9420/38/4 9424/38/4 9423/38/4 9419/38/4
f 9417/38/5 9421/38/5 9424/38/5 9420/38/5
f 9418/38/6 9419/38/6 9423/38/6 9422/38/6
f 9425/38/1 9428/38/1 9427/38/1 9426/38/1
f 9429/38/2 9430/38/2 9431/38/2 9432/38/2
f 9425/38/3 9426/38/3 9430/38/3 9429/38/3
f 9428/38/4 9432/38/4 9431/38/4 9427/38/4
f 9425/38/5 9429/38/5 9432/38/5 9428/38/5
f 9426/38/6 9427/38/6 9431/38/6 9430/38/6
f 9433/37/1 9436/37/1 9435/37/1 9434/37/1
f 9437/37/2 9438/37/2 9439/37/2 9440/37/2
f 9433/37/3 9434/37/3 9438/37/3 9437/37/3
f 9436/37/4 9440/37/4 9439/37/4 9435/37/4
f 9433/37/5 9437/37/5 9440/37/5 9436/37/5
f 9434/37/6 9435/37/6 9439/37/6 9438/37/6
f 9441/37/1 9444/37/1 9443/37/1 9442/37/1
f 9445/37/2 9446/37/2 9447/37/2 9448/37/2
f 9441/37/3 9442/37/3 9446/37/3 9445/37/3
f 9444/37/4 9448/37/4 9447/37/4 9443/37/4
f 9441/37/5 9445/37/5 9448/37/5 9444/37/5
f 9442/37/6 9443/37/6 9447/37/6 9446/37/6
o SHELL_sign
usemtl palette
f 9449/47/1 9452/47/1 9451/47/1 9450/47/1
f 9453/47/2 9454/47/2 9455/47/2 9456/47/2
f 9449/47/3 9450/47/3 9454/47/3 9453/47/3
f 9452/47/4 9456/47/4 9455/47/4 9451/47/4
f 9449/47/5 9453/47/5 9456/47/5 9452/47/5
f 9450/47/6 9451/47/6 9455/47/6 9454/47/6
f 9457/47/1 9460/47/1 9459/47/1 9458/47/1
f 9461/47/2 9462/47/2 9463/47/2 9464/47/2
f 9457/47/3 9458/47/3 9462/47/3 9461/47/3
f 9460/47/4 9464/47/4 9463/47/4 9459/47/4
f 9457/47/5 9461/47/5 9464/47/5 9460/47/5
f 9458/47/6 9459/47/6 9463/47/6 9462/47/6
o SHELL_floor
usemtl palette
f 9465/3/1 9468/3/1 9467/3/1 9466/3/1
f 9469/3/2 9470/3/2 9471/3/2 9472/3/2
f 9465/3/3 9466/3/3 9470/3/3 9469/3/3
f 9468/3/4 9472/3/4 9471/3/4 9467/3/4
f 9465/3/5 9469/3/5 9472/3/5 9468/3/5
f 9466/3/6 9467/3/6 9471/3/6 9470/3/6
o SHELL_ceiling
usemtl palette
f 9473/5/1 9476/5/1 9475/5/1 9474/5/1
f 9477/5/2 9478/5/2 9479/5/2 9480/5/2
f 9473/5/3 9474/5/3 9478/5/3 9477/5/3
f 9476/5/4 9480/5/4 9479/5/4 9475/5/4
f 9473/5/5 9477/5/5 9480/5/5 9476/5/5
f 9474/5/6 9475/5/6 9479/5/6 9478/5/6
o SHELL_end
usemtl palette
f 9481/12/1 9484/12/1 9483/12/1 9482/12/1
f 9485/12/2 9486/12/2 9487/12/2 9488/12/2
f 9481/12/3 9482/12/3 9486/12/3 9485/12/3
f 9484/12/4 9488/12/4 9487/12/4 9483/12/4
f 9481/12/5 9485/12/5 9488/12/5 9484/12/5
f 9482/12/6 9483/12/6 9487/12/6 9486/12/6
f 9489/12/1 9492/12/1 9491/12/1 9490/12/1
f 9493/12/2 9494/12/2 9495/12/2 9496/12/2
f 9489/12/3 9490/12/3 9494/12/3 9493/12/3
f 9492/12/4 9496/12/4 9495/12/4 9491/12/4
f 9489/12/5 9493/12/5 9496/12/5 9492/12/5
f 9490/12/6 9491/12/6 9495/12/6 9494/12/6
f 9497/12/1 9500/12/1 9499/12/1 9498/12/1
f 9501/12/2 9502/12/2 9503/12/2 9504/12/2
f 9497/12/3 9498/12/3 9502/12/3 9501/12/3
f 9500/12/4 9504/12/4 9503/12/4 9499/12/4
f 9497/12/5 9501/12/5 9504/12/5 9500/12/5
f 9498/12/6 9499/12/6 9503/12/6 9502/12/6
f 9505/10/1 9508/10/1 9507/10/1 9506/10/1
f 9509/10/2 9510/10/2 9511/10/2 9512/10/2
f 9505/10/3 9506/10/3 9510/10/3 9509/10/3
f 9508/10/4 9512/10/4 9511/10/4 9507/10/4
f 9505/10/5 9509/10/5 9512/10/5 9508/10/5
f 9506/10/6 9507/10/6 9511/10/6 9510/10/6
o CONNECTING_DOOR_1_CG_CR_TOGGLE_TL_0.98_Z
usemtl palette
f 9513/55/1 9516/55/1 9515/55/1 9514/55/1
f 9517/55/2 9518/55/2 9519/55/2 9520/55/2
f 9513/55/3 9514/55/3 9518/55/3 9517/55/3
f 9516/55/4 9520/55/4 9519/55/4 9515/55/4
f 9513/55/5 9517/55/5 9520/55/5 9516/55/5
f 9514/55/6 9515/55/6 9519/55/6 9518/55/6
f 9521/1/1 9524/1/1 9523/1/1 9522/1/1
f 9525/1/2 9526/1/2 9527/1/2 9528/1/2
f 9521/1/3 9522/1/3 9526/1/3 9525/1/3
f 9524/1/4 9528/1/4 9527/1/4 9523/1/4
f 9521/1/5 9525/1/5 9528/1/5 9524/1/5
f 9522/1/6 9523/1/6 9527/1/6 9526/1/6
o EXTERNAL_DOOR_3_CG_DR1_TOGGLE_TL_-0.74_X
usemtl palette
f 9529/55/1 9532/55/1 9531/55/1 9530/55/1
f 9533/55/2 9534/55/2 9535/55/2 9536/55/2
f 9529/55/3 9530/55/3 9534/55/3 9533/55/3
f 9532/55/4 9536/55/4 9535/55/4 9531/55/4
f 9529/55/5 9533/55/5 9536/55/5 9532/55/5
f 9530/55/6 9531/55/6 9535/55/6 9534/55/6
f 9537/55/1 9540/55/1 9539/55/1 9538/55/1
f 9541/55/2 9542/55/2 9543/55/2 9544/55/2
f 9537/55/3 9538/55/3 9542/55/3 9541/55/3
f 9540/55/4 9544/55/4 9543/55/4 9539/55/4
f 9537/55/5 9541/55/5 9544/55/5 9540/55/5
f 9538/55/6 9539/55/6 9543/55/6 9542/55/6
f 9545/55/1 9548/55/1 9547/55/1 9546/55/1
f 9549/55/2 9550/55/2 9551/55/2 9552/55/2
f 9545/55/3 9546/55/3 9550/55/3 9549/55/3
f 9548/55/4 9552/55/4 9551/55/4 9547/55/4
f 9545/55/5 9549/55/5 9552/55/5 9548/55/5
f 9546/55/6 9547/55/6 9551/55/6 9550/55/6
f 9553/55/1 9556/55/1 9555/55/1 9554/55/1
f 9557/55/2 9558/55/2 9559/55/2 9560/55/2
f 9553/55/3 9554/55/3 9558/55/3 9557/55/3
f 9556/55/4 9560/55/4 9559/55/4 9555/55/4
f 9553/55/5 9557/55/5 9560/55/5 9556/55/5
f 9554/55/6 9555/55/6 9559/55/6 9558/55/6
f 9561/1/1 9564/1/1 9563/1/1 9562/1/1
f 9565/1/2 9566/1/2 9567/1/2 9568/1/2
f 9561/1/3 9562/1/3 9566/1/3 9565/1/3
f 9564/1/4 9568/1/4 9567/1/4 9563/1/4
f 9561/1/5 9565/1/5 9568/1/5 9564/1/5
f 9562/1/6 9563/1/6 9567/1/6 9566/1/6
f 9569/7/1 9572/7/1 9571/7/1 9570/7/1
f 9573/7/2 9574/7/2 9575/7/2 9576/7/2
f 9569/7/3 9570/7/3 9574/7/3 9573/7/3
f 9572/7/4 9576/7/4 9575/7/4 9571/7/4
f 9569/7/5 9573/7/5 9576/7/5 9572/7/5
f 9570/7/6 9571/7/6 9575/7/6 9574/7/6
o EXTERNAL_DOOR_4_CG_DR1_TOGGLE_TL_0.74_X
usemtl palette
f 9577/55/1 9580/55/1 9579/55/1 9578/55/1
f 9581/55/2 9582/55/2 9583/55/2 9584/55/2
f 9577/55/3 9578/55/3 9582/55/3 9581/55/3
f 9580/55/4 9584/55/4 9583/55/4 9579/55/4
f 9577/55/5 9581/55/5 9584/55/5 9580/55/5
f 9578/55/6 9579/55/6 9583/55/6 9582/55/6
f 9585/55/1 9588/55/1 9587/55/1 9586/55/1
f 9589/55/2 9590/55/2 9591/55/2 9592/55/2
f 9585/55/3 9586/55/3 9590/55/3 9589/55/3
f 9588/55/4 9592/55/4 9591/55/4 9587/55/4
f 9585/55/5 9589/55/5 9592/55/5 9588/55/5
f 9586/55/6 9587/55/6 9591/55/6 9590/55/6
f 9593/55/1 9596/55/1 9595/55/1 9594/55/1
f 9597/55/2 9598/55/2 9599/55/2 9600/55/2
f 9593/55/3 9594/55/3 9598/55/3 9597/55/3
f 9596/55/4 9600/55/4 9599/55/4 9595/55/4
f 9593/55/5 9597/55/5 9600/55/5 9596/55/5
f 9594/55/6 9595/55/6 9599/55/6 9598/55/6
f 9601/55/1 9604/55/1 9603/55/1 9602/55/1
f 9605/55/2 9606/55/2 9607/55/2 9608/55/2
f 9601/55/3 9602/55/3 9606/55/3 9605/55/3
f 9604/55/4 9608/55/4 9607/55/4 9603/55/4
f 9601/55/5 9605/55/5 9608/55/5 9604/55/5
f 9602/55/6 9603/55/6 9607/55/6 9606/55/6
f 9609/1/1 9612/1/1 9611/1/1 9610/1/1
f 9613/1/2 9614/1/2 9615/1/2 9616/1/2
f 9609/1/3 9610/1/3 9614/1/3 9613/1/3
f 9612/1/4 9616/1/4 9615/1/4 9611/1/4
f 9609/1/5 9613/1/5 9616/1/5 9612/1/5
f 9610/1/6 9611/1/6 9615/1/6 9614/1/6
f 9617/7/1 9620/7/1 9619/7/1 9618/7/1
f 9621/7/2 9622/7/2 9623/7/2 9624/7/2
f 9617/7/3 9618/7/3 9622/7/3 9621/7/3
f 9620/7/4 9624/7/4 9623/7/4 9619/7/4
f 9617/7/5 9621/7/5 9624/7/5 9620/7/5
f 9618/7/6 9619/7/6 9623/7/6 9622/7/6
o SHELL_doorkit
usemtl palette
f 9625/13/1 9628/13/1 9627/13/1 9626/13/1
f 9629/13/2 9630/13/2 9631/13/2 9632/13/2
f 9625/13/3 9626/13/3 9630/13/3 9629/13/3
f 9628/13/4 9632/13/4 9631/13/4 9627/13/4
f 9625/13/5 9629/13/5 9632/13/5 9628/13/5
f 9626/13/6 9627/13/6 9631/13/6 9630/13/6
f 9633/10/1 9636/10/1 9635/10/1 9634/10/1
f 9637/10/2 9638/10/2 9639/10/2 9640/10/2
f 9633/10/3 9634/10/3 9638/10/3 9637/10/3
f 9636/10/4 9640/10/4 9639/10/4 9635/10/4
f 9633/10/5 9637/10/5 9640/10/5 9636/10/5
f 9634/10/6 9635/10/6 9639/10/6 9638/10/6
f 9641/13/1 9644/13/1 9643/13/1 9642/13/1
f 9645/13/2 9646/13/2 9647/13/2 9648/13/2
f 9641/13/3 9642/13/3 9646/13/3 9645/13/3
f 9644/13/4 9648/13/4 9647/13/4 9643/13/4
f 9641/13/5 9645/13/5 9648/13/5 9644/13/5
f 9642/13/6 9643/13/6 9647/13/6 9646/13/6
f 9649/10/1 9652/10/1 9651/10/1 9650/10/1
f 9653/10/2 9654/10/2 9655/10/2 9656/10/2
f 9649/10/3 9650/10/3 9654/10/3 9653/10/3
f 9652/10/4 9656/10/4 9655/10/4 9651/10/4
f 9649/10/5 9653/10/5 9656/10/5 9652/10/5
f 9650/10/6 9651/10/6 9655/10/6 9654/10/6
f 9657/13/1 9660/13/1 9659/13/1 9658/13/1
f 9661/13/2 9662/13/2 9663/13/2 9664/13/2
f 9657/13/3 9658/13/3 9662/13/3 9661/13/3
f 9660/13/4 9664/13/4 9663/13/4 9659/13/4
f 9657/13/5 9661/13/5 9664/13/5 9660/13/5
f 9658/13/6 9659/13/6 9663/13/6 9662/13/6
f 9665/10/1 9668/10/1 9667/10/1 9666/10/1
f 9669/10/2 9670/10/2 9671/10/2 9672/10/2
f 9665/10/3 9666/10/3 9670/10/3 9669/10/3
f 9668/10/4 9672/10/4 9671/10/4 9667/10/4
f 9665/10/5 9669/10/5 9672/10/5 9668/10/5
f 9666/10/6 9667/10/6 9671/10/6 9670/10/6
f 9673/13/1 9676/13/1 9675/13/1 9674/13/1
f 9677/13/2 9678/13/2 9679/13/2 9680/13/2
f 9673/13/3 9674/13/3 9678/13/3 9677/13/3
f 9676/13/4 9680/13/4 9679/13/4 9675/13/4
f 9673/13/5 9677/13/5 9680/13/5 9676/13/5
f 9674/13/6 9675/13/6 9679/13/6 9678/13/6
f 9681/10/1 9684/10/1 9683/10/1 9682/10/1
f 9685/10/2 9686/10/2 9687/10/2 9688/10/2
f 9681/10/3 9682/10/3 9686/10/3 9685/10/3
f 9684/10/4 9688/10/4 9687/10/4 9683/10/4
f 9681/10/5 9685/10/5 9688/10/5 9684/10/5
f 9682/10/6 9683/10/6 9687/10/6 9686/10/6
o EXTERNAL_DOOR_6_CG_DL1_TOGGLE_TL_-0.74_X
usemtl palette
f 9689/55/1 9692/55/1 9691/55/1 9690/55/1
f 9693/55/2 9694/55/2 9695/55/2 9696/55/2
f 9689/55/3 9690/55/3 9694/55/3 9693/55/3
f 9692/55/4 9696/55/4 9695/55/4 9691/55/4
f 9689/55/5 9693/55/5 9696/55/5 9692/55/5
f 9690/55/6 9691/55/6 9695/55/6 9694/55/6
f 9697/55/1 9700/55/1 9699/55/1 9698/55/1
f 9701/55/2 9702/55/2 9703/55/2 9704/55/2
f 9697/55/3 9698/55/3 9702/55/3 9701/55/3
f 9700/55/4 9704/55/4 9703/55/4 9699/55/4
f 9697/55/5 9701/55/5 9704/55/5 9700/55/5
f 9698/55/6 9699/55/6 9703/55/6 9702/55/6
f 9705/55/1 9708/55/1 9707/55/1 9706/55/1
f 9709/55/2 9710/55/2 9711/55/2 9712/55/2
f 9705/55/3 9706/55/3 9710/55/3 9709/55/3
f 9708/55/4 9712/55/4 9711/55/4 9707/55/4
f 9705/55/5 9709/55/5 9712/55/5 9708/55/5
f 9706/55/6 9707/55/6 9711/55/6 9710/55/6
f 9713/55/1 9716/55/1 9715/55/1 9714/55/1
f 9717/55/2 9718/55/2 9719/55/2 9720/55/2
f 9713/55/3 9714/55/3 9718/55/3 9717/55/3
f 9716/55/4 9720/55/4 9719/55/4 9715/55/4
f 9713/55/5 9717/55/5 9720/55/5 9716/55/5
f 9714/55/6 9715/55/6 9719/55/6 9718/55/6
f 9721/1/1 9724/1/1 9723/1/1 9722/1/1
f 9725/1/2 9726/1/2 9727/1/2 9728/1/2
f 9721/1/3 9722/1/3 9726/1/3 9725/1/3
f 9724/1/4 9728/1/4 9727/1/4 9723/1/4
f 9721/1/5 9725/1/5 9728/1/5 9724/1/5
f 9722/1/6 9723/1/6 9727/1/6 9726/1/6
f 9729/7/1 9732/7/1 9731/7/1 9730/7/1
f 9733/7/2 9734/7/2 9735/7/2 9736/7/2
f 9729/7/3 9730/7/3 9734/7/3 9733/7/3
f 9732/7/4 9736/7/4 9735/7/4 9731/7/4
f 9729/7/5 9733/7/5 9736/7/5 9732/7/5
f 9730/7/6 9731/7/6 9735/7/6 9734/7/6
o EXTERNAL_DOOR_7_CG_DL1_TOGGLE_TL_0.74_X
usemtl palette
f 9737/55/1 9740/55/1 9739/55/1 9738/55/1
f 9741/55/2 9742/55/2 9743/55/2 9744/55/2
f 9737/55/3 9738/55/3 9742/55/3 9741/55/3
f 9740/55/4 9744/55/4 9743/55/4 9739/55/4
f 9737/55/5 9741/55/5 9744/55/5 9740/55/5
f 9738/55/6 9739/55/6 9743/55/6 9742/55/6
f 9745/55/1 9748/55/1 9747/55/1 9746/55/1
f 9749/55/2 9750/55/2 9751/55/2 9752/55/2
f 9745/55/3 9746/55/3 9750/55/3 9749/55/3
f 9748/55/4 9752/55/4 9751/55/4 9747/55/4
f 9745/55/5 9749/55/5 9752/55/5 9748/55/5
f 9746/55/6 9747/55/6 9751/55/6 9750/55/6
f 9753/55/1 9756/55/1 9755/55/1 9754/55/1
f 9757/55/2 9758/55/2 9759/55/2 9760/55/2
f 9753/55/3 9754/55/3 9758/55/3 9757/55/3
f 9756/55/4 9760/55/4 9759/55/4 9755/55/4
f 9753/55/5 9757/55/5 9760/55/5 9756/55/5
f 9754/55/6 9755/55/6 9759/55/6 9758/55/6
f 9761/55/1 9764/55/1 9763/55/1 9762/55/1
f 9765/55/2 9766/55/2 9767/55/2 9768/55/2
f 9761/55/3 9762/55/3 9766/55/3 9765/55/3
f 9764/55/4 9768/55/4 9767/55/4 9763/55/4
f 9761/55/5 9765/55/5 9768/55/5 9764/55/5
f 9762/55/6 9763/55/6 9767/55/6 9766/55/6
f 9769/1/1 9772/1/1 9771/1/1 9770/1/1
f 9773/1/2 9774/1/2 9775/1/2 9776/1/2
f 9769/1/3 9770/1/3 9774/1/3 9773/1/3
f 9772/1/4 9776/1/4 9775/1/4 9771/1/4
f 9769/1/5 9773/1/5 9776/1/5 9772/1/5
f 9770/1/6 9771/1/6 9775/1/6 9774/1/6
f 9777/7/1 9780/7/1 9779/7/1 9778/7/1
f 9781/7/2 9782/7/2 9783/7/2 9784/7/2
f 9777/7/3 9778/7/3 9782/7/3 9781/7/3
f 9780/7/4 9784/7/4 9783/7/4 9779/7/4
f 9777/7/5 9781/7/5 9784/7/5 9780/7/5
f 9778/7/6 9779/7/6 9783/7/6 9782/7/6
o EXTERNAL_DOOR_9_CG_DR2_TOGGLE_TL_-0.74_X
usemtl palette
f 9785/55/1 9788/55/1 9787/55/1 9786/55/1
f 9789/55/2 9790/55/2 9791/55/2 9792/55/2
f 9785/55/3 9786/55/3 9790/55/3 9789/55/3
f 9788/55/4 9792/55/4 9791/55/4 9787/55/4
f 9785/55/5 9789/55/5 9792/55/5 9788/55/5
f 9786/55/6 9787/55/6 9791/55/6 9790/55/6
f 9793/55/1 9796/55/1 9795/55/1 9794/55/1
f 9797/55/2 9798/55/2 9799/55/2 9800/55/2
f 9793/55/3 9794/55/3 9798/55/3 9797/55/3
f 9796/55/4 9800/55/4 9799/55/4 9795/55/4
f 9793/55/5 9797/55/5 9800/55/5 9796/55/5
f 9794/55/6 9795/55/6 9799/55/6 9798/55/6
f 9801/55/1 9804/55/1 9803/55/1 9802/55/1
f 9805/55/2 9806/55/2 9807/55/2 9808/55/2
f 9801/55/3 9802/55/3 9806/55/3 9805/55/3
f 9804/55/4 9808/55/4 9807/55/4 9803/55/4
f 9801/55/5 9805/55/5 9808/55/5 9804/55/5
f 9802/55/6 9803/55/6 9807/55/6 9806/55/6
f 9809/55/1 9812/55/1 9811/55/1 9810/55/1
f 9813/55/2 9814/55/2 9815/55/2 9816/55/2
f 9809/55/3 9810/55/3 9814/55/3 9813/55/3
f 9812/55/4 9816/55/4 9815/55/4 9811/55/4
f 9809/55/5 9813/55/5 9816/55/5 9812/55/5
f 9810/55/6 9811/55/6 9815/55/6 9814/55/6
f 9817/1/1 9820/1/1 9819/1/1 9818/1/1
f 9821/1/2 9822/1/2 9823/1/2 9824/1/2
f 9817/1/3 9818/1/3 9822/1/3 9821/1/3
f 9820/1/4 9824/1/4 9823/1/4 9819/1/4
f 9817/1/5 9821/1/5 9824/1/5 9820/1/5
f 9818/1/6 9819/1/6 9823/1/6 9822/1/6
f 9825/7/1 9828/7/1 9827/7/1 9826/7/1
f 9829/7/2 9830/7/2 9831/7/2 9832/7/2
f 9825/7/3 9826/7/3 9830/7/3 9829/7/3
f 9828/7/4 9832/7/4 9831/7/4 9827/7/4
f 9825/7/5 9829/7/5 9832/7/5 9828/7/5
f 9826/7/6 9827/7/6 9831/7/6 9830/7/6
o EXTERNAL_DOOR_10_CG_DR2_TOGGLE_TL_0.74_X
usemtl palette
f 9833/55/1 9836/55/1 9835/55/1 9834/55/1
f 9837/55/2 9838/55/2 9839/55/2 9840/55/2
f 9833/55/3 9834/55/3 9838/55/3 9837/55/3
f 9836/55/4 9840/55/4 9839/55/4 9835/55/4
f 9833/55/5 9837/55/5 9840/55/5 9836/55/5
f 9834/55/6 9835/55/6 9839/55/6 9838/55/6
f 9841/55/1 9844/55/1 9843/55/1 9842/55/1
f 9845/55/2 9846/55/2 9847/55/2 9848/55/2
f 9841/55/3 9842/55/3 9846/55/3 9845/55/3
f 9844/55/4 9848/55/4 9847/55/4 9843/55/4
f 9841/55/5 9845/55/5 9848/55/5 9844/55/5
f 9842/55/6 9843/55/6 9847/55/6 9846/55/6
f 9849/55/1 9852/55/1 9851/55/1 9850/55/1
f 9853/55/2 9854/55/2 9855/55/2 9856/55/2
f 9849/55/3 9850/55/3 9854/55/3 9853/55/3
f 9852/55/4 9856/55/4 9855/55/4 9851/55/4
f 9849/55/5 9853/55/5 9856/55/5 9852/55/5
f 9850/55/6 9851/55/6 9855/55/6 9854/55/6
f 9857/55/1 9860/55/1 9859/55/1 9858/55/1
f 9861/55/2 9862/55/2 9863/55/2 9864/55/2
f 9857/55/3 9858/55/3 9862/55/3 9861/55/3
f 9860/55/4 9864/55/4 9863/55/4 9859/55/4
f 9857/55/5 9861/55/5 9864/55/5 9860/55/5
f 9858/55/6 9859/55/6 9863/55/6 9862/55/6
f 9865/1/1 9868/1/1 9867/1/1 9866/1/1
f 9869/1/2 9870/1/2 9871/1/2 9872/1/2
f 9865/1/3 9866/1/3 9870/1/3 9869/1/3
f 9868/1/4 9872/1/4 9871/1/4 9867/1/4
f 9865/1/5 9869/1/5 9872/1/5 9868/1/5
f 9866/1/6 9867/1/6 9871/1/6 9870/1/6
f 9873/7/1 9876/7/1 9875/7/1 9874/7/1
f 9877/7/2 9878/7/2 9879/7/2 9880/7/2
f 9873/7/3 9874/7/3 9878/7/3 9877/7/3
f 9876/7/4 9880/7/4 9879/7/4 9875/7/4
f 9873/7/5 9877/7/5 9880/7/5 9876/7/5
f 9874/7/6 9875/7/6 9879/7/6 9878/7/6
o EXTERNAL_DOOR_12_CG_DL2_TOGGLE_TL_-0.74_X
usemtl palette
f 9881/55/1 9884/55/1 9883/55/1 9882/55/1
f 9885/55/2 9886/55/2 9887/55/2 9888/55/2
f 9881/55/3 9882/55/3 9886/55/3 9885/55/3
f 9884/55/4 9888/55/4 9887/55/4 9883/55/4
f 9881/55/5 9885/55/5 9888/55/5 9884/55/5
f 9882/55/6 9883/55/6 9887/55/6 9886/55/6
f 9889/55/1 9892/55/1 9891/55/1 9890/55/1
f 9893/55/2 9894/55/2 9895/55/2 9896/55/2
f 9889/55/3 9890/55/3 9894/55/3 9893/55/3
f 9892/55/4 9896/55/4 9895/55/4 9891/55/4
f 9889/55/5 9893/55/5 9896/55/5 9892/55/5
f 9890/55/6 9891/55/6 9895/55/6 9894/55/6
f 9897/55/1 9900/55/1 9899/55/1 9898/55/1
f 9901/55/2 9902/55/2 9903/55/2 9904/55/2
f 9897/55/3 9898/55/3 9902/55/3 9901/55/3
f 9900/55/4 9904/55/4 9903/55/4 9899/55/4
f 9897/55/5 9901/55/5 9904/55/5 9900/55/5
f 9898/55/6 9899/55/6 9903/55/6 9902/55/6
f 9905/55/1 9908/55/1 9907/55/1 9906/55/1
f 9909/55/2 9910/55/2 9911/55/2 9912/55/2
f 9905/55/3 9906/55/3 9910/55/3 9909/55/3
f 9908/55/4 9912/55/4 9911/55/4 9907/55/4
f 9905/55/5 9909/55/5 9912/55/5 9908/55/5
f 9906/55/6 9907/55/6 9911/55/6 9910/55/6
f 9913/1/1 9916/1/1 9915/1/1 9914/1/1
f 9917/1/2 9918/1/2 9919/1/2 9920/1/2
f 9913/1/3 9914/1/3 9918/1/3 9917/1/3
f 9916/1/4 9920/1/4 9919/1/4 9915/1/4
f 9913/1/5 9917/1/5 9920/1/5 9916/1/5
f 9914/1/6 9915/1/6 9919/1/6 9918/1/6
f 9921/7/1 9924/7/1 9923/7/1 9922/7/1
f 9925/7/2 9926/7/2 9927/7/2 9928/7/2
f 9921/7/3 9922/7/3 9926/7/3 9925/7/3
f 9924/7/4 9928/7/4 9927/7/4 9923/7/4
f 9921/7/5 9925/7/5 9928/7/5 9924/7/5
f 9922/7/6 9923/7/6 9927/7/6 9926/7/6
o EXTERNAL_DOOR_13_CG_DL2_TOGGLE_TL_0.74_X
usemtl palette
f 9929/55/1 9932/55/1 9931/55/1 9930/55/1
f 9933/55/2 9934/55/2 9935/55/2 9936/55/2
f 9929/55/3 9930/55/3 9934/55/3 9933/55/3
f 9932/55/4 9936/55/4 9935/55/4 9931/55/4
f 9929/55/5 9933/55/5 9936/55/5 9932/55/5
f 9930/55/6 9931/55/6 9935/55/6 9934/55/6
f 9937/55/1 9940/55/1 9939/55/1 9938/55/1
f 9941/55/2 9942/55/2 9943/55/2 9944/55/2
f 9937/55/3 9938/55/3 9942/55/3 9941/55/3
f 9940/55/4 9944/55/4 9943/55/4 9939/55/4
f 9937/55/5 9941/55/5 9944/55/5 9940/55/5
f 9938/55/6 9939/55/6 9943/55/6 9942/55/6
f 9945/55/1 9948/55/1 9947/55/1 9946/55/1
f 9949/55/2 9950/55/2 9951/55/2 9952/55/2
f 9945/55/3 9946/55/3 9950/55/3 9949/55/3
f 9948/55/4 9952/55/4 9951/55/4 9947/55/4
f 9945/55/5 9949/55/5 9952/55/5 9948/55/5
f 9946/55/6 9947/55/6 9951/55/6 9950/55/6
f 9953/55/1 9956/55/1 9955/55/1 9954/55/1
f 9957/55/2 9958/55/2 9959/55/2 9960/55/2
f 9953/55/3 9954/55/3 9958/55/3 9957/55/3
f 9956/55/4 9960/55/4 9959/55/4 9955/55/4
f 9953/55/5 9957/55/5 9960/55/5 9956/55/5
f 9954/55/6 9955/55/6 9959/55/6 9958/55/6
f 9961/1/1 9964/1/1 9963/1/1 9962/1/1
f 9965/1/2 9966/1/2 9967/1/2 9968/1/2
f 9961/1/3 9962/1/3 9966/1/3 9965/1/3
f 9964/1/4 9968/1/4 9967/1/4 9963/1/4
f 9961/1/5 9965/1/5 9968/1/5 9964/1/5
f 9962/1/6 9963/1/6 9967/1/6 9966/1/6
f 9969/7/1 9972/7/1 9971/7/1 9970/7/1
f 9973/7/2 9974/7/2 9975/7/2 9976/7/2
f 9969/7/3 9970/7/3 9974/7/3 9973/7/3
f 9972/7/4 9976/7/4 9975/7/4 9971/7/4
f 9969/7/5 9973/7/5 9976/7/5 9972/7/5
f 9970/7/6 9971/7/6 9975/7/6 9974/7/6
o SHELL_pmr
usemtl palette
f 9977/28/1 9980/28/1 9979/28/1 9978/28/1
f 9981/28/2 9982/28/2 9983/28/2 9984/28/2
f 9977/28/3 9978/28/3 9982/28/3 9981/28/3
f 9980/28/4 9984/28/4 9983/28/4 9979/28/4
f 9977/28/5 9981/28/5 9984/28/5 9980/28/5
f 9978/28/6 9979/28/6 9983/28/6 9982/28/6
f 9985/51/1 9988/51/1 9987/51/1 9986/51/1
f 9989/51/2 9990/51/2 9991/51/2 9992/51/2
f 9985/51/3 9986/51/3 9990/51/3 9989/51/3
f 9988/51/4 9992/51/4 9991/51/4 9987/51/4
f 9985/51/5 9989/51/5 9992/51/5 9988/51/5
f 9986/51/6 9987/51/6 9991/51/6 9990/51/6
f 9993/7/1 9996/7/1 9995/7/1 9994/7/1
f 9997/7/2 9998/7/2 9999/7/2 10000/7/2
f 9993/7/3 9994/7/3 9998/7/3 9997/7/3
f 9996/7/4 10000/7/4 9999/7/4 9995/7/4
f 9993/7/5 9997/7/5 10000/7/5 9996/7/5
f 9994/7/6 9995/7/6 9999/7/6 9998/7/6
f 10001/13/1 10004/13/1 10003/13/1 10002/13/1
f 10005/13/2 10006/13/2 10007/13/2 10008/13/2
f 10001/13/3 10002/13/3 10006/13/3 10005/13/3
f 10004/13/4 10008/13/4 10007/13/4 10003/13/4
f 10001/13/5 10005/13/5 10008/13/5 10004/13/5
f 10002/13/6 10003/13/6 10007/13/6 10006/13/6
f 10009/38/1 10012/38/1 10011/38/1 10010/38/1
f 10013/38/2 10014/38/2 10015/38/2 10016/38/2
f 10009/38/3 10010/38/3 10014/38/3 10013/38/3
f 10012/38/4 10016/38/4 10015/38/4 10011/38/4
f 10009/38/5 10013/38/5 10016/38/5 10012/38/5
f 10010/38/6 10011/38/6 10015/38/6 10014/38/6
f 10017/16/1 10020/16/1 10019/16/1 10018/16/1
f 10021/16/2 10022/16/2 10023/16/2 10024/16/2
f 10017/16/3 10018/16/3 10022/16/3 10021/16/3
f 10020/16/4 10024/16/4 10023/16/4 10019/16/4
f 10017/16/5 10021/16/5 10024/16/5 10020/16/5
f 10018/16/6 10019/16/6 10023/16/6 10022/16/6
f 10025/16/1 10028/16/1 10027/16/1 10026/16/1
f 10029/16/2 10030/16/2 10031/16/2 10032/16/2
f 10025/16/3 10026/16/3 10030/16/3 10029/16/3
f 10028/16/4 10032/16/4 10031/16/4 10027/16/4
f 10025/16/5 10029/16/5 10032/16/5 10028/16/5
f 10026/16/6 10027/16/6 10031/16/6 10030/16/6
f 10033/28/1 10036/28/1 10035/28/1 10034/28/1
f 10037/28/2 10038/28/2 10039/28/2 10040/28/2
f 10033/28/3 10034/28/3 10038/28/3 10037/28/3
f 10036/28/4 10040/28/4 10039/28/4 10035/28/4
f 10033/28/5 10037/28/5 10040/28/5 10036/28/5
f 10034/28/6 10035/28/6 10039/28/6 10038/28/6
f 10041/51/1 10044/51/1 10043/51/1 10042/51/1
f 10045/51/2 10046/51/2 10047/51/2 10048/51/2
f 10041/51/3 10042/51/3 10046/51/3 10045/51/3
f 10044/51/4 10048/51/4 10047/51/4 10043/51/4
f 10041/51/5 10045/51/5 10048/51/5 10044/51/5
f 10042/51/6 10043/51/6 10047/51/6 10046/51/6
f 10049/7/1 10052/7/1 10051/7/1 10050/7/1
f 10053/7/2 10054/7/2 10055/7/2 10056/7/2
f 10049/7/3 10050/7/3 10054/7/3 10053/7/3
f 10052/7/4 10056/7/4 10055/7/4 10051/7/4
f 10049/7/5 10053/7/5 10056/7/5 10052/7/5
f 10050/7/6 10051/7/6 10055/7/6 10054/7/6
f 10057/13/1 10060/13/1 10059/13/1 10058/13/1
f 10061/13/2 10062/13/2 10063/13/2 10064/13/2
f 10057/13/3 10058/13/3 10062/13/3 10061/13/3
f 10060/13/4 10064/13/4 10063/13/4 10059/13/4
f 10057/13/5 10061/13/5 10064/13/5 10060/13/5
f 10058/13/6 10059/13/6 10063/13/6 10062/13/6
f 10065/38/1 10068/38/1 10067/38/1 10066/38/1
f 10069/38/2 10070/38/2 10071/38/2 10072/38/2
f 10065/38/3 10066/38/3 10070/38/3 10069/38/3
f 10068/38/4 10072/38/4 10071/38/4 10067/38/4
f 10065/38/5 10069/38/5 10072/38/5 10068/38/5
f 10066/38/6 10067/38/6 10071/38/6 10070/38/6
f 10073/16/1 10076/16/1 10075/16/1 10074/16/1
f 10077/16/2 10078/16/2 10079/16/2 10080/16/2
f 10073/16/3 10074/16/3 10078/16/3 10077/16/3
f 10076/16/4 10080/16/4 10079/16/4 10075/16/4
f 10073/16/5 10077/16/5 10080/16/5 10076/16/5
f 10074/16/6 10075/16/6 10079/16/6 10078/16/6
f 10081/16/1 10084/16/1 10083/16/1 10082/16/1
f 10085/16/2 10086/16/2 10087/16/2 10088/16/2
f 10081/16/3 10082/16/3 10086/16/3 10085/16/3
f 10084/16/4 10088/16/4 10087/16/4 10083/16/4
f 10081/16/5 10085/16/5 10088/16/5 10084/16/5
f 10082/16/6 10083/16/6 10087/16/6 10086/16/6
o SHELL_bench
usemtl palette
f 10089/7/1 10092/7/1 10091/7/1 10090/7/1
f 10093/7/2 10094/7/2 10095/7/2 10096/7/2
f 10089/7/3 10090/7/3 10094/7/3 10093/7/3
f 10092/7/4 10096/7/4 10095/7/4 10091/7/4
f 10089/7/5 10093/7/5 10096/7/5 10092/7/5
f 10090/7/6 10091/7/6 10095/7/6 10094/7/6
f 10097/48/1 10100/48/1 10099/48/1 10098/48/1
f 10101/48/2 10102/48/2 10103/48/2 10104/48/2
f 10097/48/3 10098/48/3 10102/48/3 10101/48/3
f 10100/48/4 10104/48/4 10103/48/4 10099/48/4
f 10097/48/5 10101/48/5 10104/48/5 10100/48/5
f 10098/48/6 10099/48/6 10103/48/6 10102/48/6
f 10105/6/1 10108/6/1 10107/6/1 10106/6/1
f 10109/6/2 10110/6/2 10111/6/2 10112/6/2
f 10105/6/3 10106/6/3 10110/6/3 10109/6/3
f 10108/6/4 10112/6/4 10111/6/4 10107/6/4
f 10105/6/5 10109/6/5 10112/6/5 10108/6/5
f 10106/6/6 10107/6/6 10111/6/6 10110/6/6
f 10113/6/1 10116/6/1 10115/6/1 10114/6/1
f 10117/6/2 10118/6/2 10119/6/2 10120/6/2
f 10113/6/3 10114/6/3 10118/6/3 10117/6/3
f 10116/6/4 10120/6/4 10119/6/4 10115/6/4
f 10113/6/5 10117/6/5 10120/6/5 10116/6/5
f 10114/6/6 10115/6/6 10119/6/6 10118/6/6
f 10121/7/1 10124/7/1 10123/7/1 10122/7/1
f 10125/7/2 10126/7/2 10127/7/2 10128/7/2
f 10121/7/3 10122/7/3 10126/7/3 10125/7/3
f 10124/7/4 10128/7/4 10127/7/4 10123/7/4
f 10121/7/5 10125/7/5 10128/7/5 10124/7/5
f 10122/7/6 10123/7/6 10127/7/6 10126/7/6
f 10129/48/1 10132/48/1 10131/48/1 10130/48/1
f 10133/48/2 10134/48/2 10135/48/2 10136/48/2
f 10129/48/3 10130/48/3 10134/48/3 10133/48/3
f 10132/48/4 10136/48/4 10135/48/4 10131/48/4
f 10129/48/5 10133/48/5 10136/48/5 10132/48/5
f 10130/48/6 10131/48/6 10135/48/6 10134/48/6
f 10137/6/1 10140/6/1 10139/6/1 10138/6/1
f 10141/6/2 10142/6/2 10143/6/2 10144/6/2
f 10137/6/3 10138/6/3 10142/6/3 10141/6/3
f 10140/6/4 10144/6/4 10143/6/4 10139/6/4
f 10137/6/5 10141/6/5 10144/6/5 10140/6/5
f 10138/6/6 10139/6/6 10143/6/6 10142/6/6
f 10145/6/1 10148/6/1 10147/6/1 10146/6/1
f 10149/6/2 10150/6/2 10151/6/2 10152/6/2
f 10145/6/3 10146/6/3 10150/6/3 10149/6/3
f 10148/6/4 10152/6/4 10151/6/4 10147/6/4
f 10145/6/5 10149/6/5 10152/6/5 10148/6/5
f 10146/6/6 10147/6/6 10151/6/6 10150/6/6
f 10153/7/1 10156/7/1 10155/7/1 10154/7/1
f 10157/7/2 10158/7/2 10159/7/2 10160/7/2
f 10153/7/3 10154/7/3 10158/7/3 10157/7/3
f 10156/7/4 10160/7/4 10159/7/4 10155/7/4
f 10153/7/5 10157/7/5 10160/7/5 10156/7/5
f 10154/7/6 10155/7/6 10159/7/6 10158/7/6
f 10161/48/1 10164/48/1 10163/48/1 10162/48/1
f 10165/48/2 10166/48/2 10167/48/2 10168/48/2
f 10161/48/3 10162/48/3 10166/48/3 10165/48/3
f 10164/48/4 10168/48/4 10167/48/4 10163/48/4
f 10161/48/5 10165/48/5 10168/48/5 10164/48/5
f 10162/48/6 10163/48/6 10167/48/6 10166/48/6
f 10169/6/1 10172/6/1 10171/6/1 10170/6/1
f 10173/6/2 10174/6/2 10175/6/2 10176/6/2
f 10169/6/3 10170/6/3 10174/6/3 10173/6/3
f 10172/6/4 10176/6/4 10175/6/4 10171/6/4
f 10169/6/5 10173/6/5 10176/6/5 10172/6/5
f 10170/6/6 10171/6/6 10175/6/6 10174/6/6
f 10177/6/1 10180/6/1 10179/6/1 10178/6/1
f 10181/6/2 10182/6/2 10183/6/2 10184/6/2
f 10177/6/3 10178/6/3 10182/6/3 10181/6/3
f 10180/6/4 10184/6/4 10183/6/4 10179/6/4
f 10177/6/5 10181/6/5 10184/6/5 10180/6/5
f 10178/6/6 10179/6/6 10183/6/6 10182/6/6
f 10185/7/1 10188/7/1 10187/7/1 10186/7/1
f 10189/7/2 10190/7/2 10191/7/2 10192/7/2
f 10185/7/3 10186/7/3 10190/7/3 10189/7/3
f 10188/7/4 10192/7/4 10191/7/4 10187/7/4
f 10185/7/5 10189/7/5 10192/7/5 10188/7/5
f 10186/7/6 10187/7/6 10191/7/6 10190/7/6
f 10193/48/1 10196/48/1 10195/48/1 10194/48/1
f 10197/48/2 10198/48/2 10199/48/2 10200/48/2
f 10193/48/3 10194/48/3 10198/48/3 10197/48/3
f 10196/48/4 10200/48/4 10199/48/4 10195/48/4
f 10193/48/5 10197/48/5 10200/48/5 10196/48/5
f 10194/48/6 10195/48/6 10199/48/6 10198/48/6
f 10201/6/1 10204/6/1 10203/6/1 10202/6/1
f 10205/6/2 10206/6/2 10207/6/2 10208/6/2
f 10201/6/3 10202/6/3 10206/6/3 10205/6/3
f 10204/6/4 10208/6/4 10207/6/4 10203/6/4
f 10201/6/5 10205/6/5 10208/6/5 10204/6/5
f 10202/6/6 10203/6/6 10207/6/6 10206/6/6
f 10209/6/1 10212/6/1 10211/6/1 10210/6/1
f 10213/6/2 10214/6/2 10215/6/2 10216/6/2
f 10209/6/3 10210/6/3 10214/6/3 10213/6/3
f 10212/6/4 10216/6/4 10215/6/4 10211/6/4
f 10209/6/5 10213/6/5 10216/6/5 10212/6/5
f 10210/6/6 10211/6/6 10215/6/6 10214/6/6
o SEAT_1
usemtl palette
f 10217/16/1 10220/16/1 10219/16/1 10218/16/1
f 10221/16/2 10222/16/2 10223/16/2 10224/16/2
f 10217/16/3 10218/16/3 10222/16/3 10221/16/3
f 10220/16/4 10224/16/4 10223/16/4 10219/16/4
f 10217/16/5 10221/16/5 10224/16/5 10220/16/5
f 10218/16/6 10219/16/6 10223/16/6 10222/16/6
o SEAT_2
usemtl palette
f 10225/16/1 10228/16/1 10227/16/1 10226/16/1
f 10229/16/2 10230/16/2 10231/16/2 10232/16/2
f 10225/16/3 10226/16/3 10230/16/3 10229/16/3
f 10228/16/4 10232/16/4 10231/16/4 10227/16/4
f 10225/16/5 10229/16/5 10232/16/5 10228/16/5
f 10226/16/6 10227/16/6 10231/16/6 10230/16/6
o SEAT_3
usemtl palette
f 10233/16/1 10236/16/1 10235/16/1 10234/16/1
f 10237/16/2 10238/16/2 10239/16/2 10240/16/2
f 10233/16/3 10234/16/3 10238/16/3 10237/16/3
f 10236/16/4 10240/16/4 10239/16/4 10235/16/4
f 10233/16/5 10237/16/5 10240/16/5 10236/16/5
f 10234/16/6 10235/16/6 10239/16/6 10238/16/6
o SHELL_rail
usemtl palette
f 10241/6/1 10244/6/1 10243/6/1 10242/6/1
f 10245/6/2 10246/6/2 10247/6/2 10248/6/2
f 10241/6/3 10242/6/3 10246/6/3 10245/6/3
f 10244/6/4 10248/6/4 10247/6/4 10243/6/4
f 10241/6/5 10245/6/5 10248/6/5 10244/6/5
f 10242/6/6 10243/6/6 10247/6/6 10246/6/6
f 10249/6/1 10252/6/1 10251/6/1 10250/6/1
f 10253/6/2 10254/6/2 10255/6/2 10256/6/2
f 10249/6/3 10250/6/3 10254/6/3 10253/6/3
f 10252/6/4 10256/6/4 10255/6/4 10251/6/4
f 10249/6/5 10253/6/5 10256/6/5 10252/6/5
f 10250/6/6 10251/6/6 10255/6/6 10254/6/6
f 10257/6/1 10260/6/1 10259/6/1 10258/6/1
f 10261/6/2 10262/6/2 10263/6/2 10264/6/2
f 10257/6/3 10258/6/3 10262/6/3 10261/6/3
f 10260/6/4 10264/6/4 10263/6/4 10259/6/4
f 10257/6/5 10261/6/5 10264/6/5 10260/6/5
f 10258/6/6 10259/6/6 10263/6/6 10262/6/6
f 10265/6/1 10268/6/1 10267/6/1 10266/6/1
f 10269/6/2 10270/6/2 10271/6/2 10272/6/2
f 10265/6/3 10266/6/3 10270/6/3 10269/6/3
f 10268/6/4 10272/6/4 10271/6/4 10267/6/4
f 10265/6/5 10269/6/5 10272/6/5 10268/6/5
f 10266/6/6 10267/6/6 10271/6/6 10270/6/6
o SHELL_strap
usemtl palette
f 10273/7/1 10276/7/1 10275/7/1 10274/7/1
f 10277/7/2 10278/7/2 10279/7/2 10280/7/2
f 10273/7/3 10274/7/3 10278/7/3 10277/7/3
f 10276/7/4 10280/7/4 10279/7/4 10275/7/4
f 10273/7/5 10277/7/5 10280/7/5 10276/7/5
f 10274/7/6 10275/7/6 10279/7/6 10278/7/6
f 10281/13/1 10284/13/1 10283/13/1 10282/13/1
f 10285/13/2 10286/13/2 10287/13/2 10288/13/2
f 10281/13/3 10282/13/3 10286/13/3 10285/13/3
f 10284/13/4 10288/13/4 10287/13/4 10283/13/4
f 10281/13/5 10285/13/5 10288/13/5 10284/13/5
f 10282/13/6 10283/13/6 10287/13/6 10286/13/6
f 10289/7/1 10292/7/1 10291/7/1 10290/7/1
f 10293/7/2 10294/7/2 10295/7/2 10296/7/2
f 10289/7/3 10290/7/3 10294/7/3 10293/7/3
f 10292/7/4 10296/7/4 10295/7/4 10291/7/4
f 10289/7/5 10293/7/5 10296/7/5 10292/7/5
f 10290/7/6 10291/7/6 10295/7/6 10294/7/6
f 10297/13/1 10300/13/1 10299/13/1 10298/13/1
f 10301/13/2 10302/13/2 10303/13/2 10304/13/2
f 10297/13/3 10298/13/3 10302/13/3 10301/13/3
f 10300/13/4 10304/13/4 10303/13/4 10299/13/4
f 10297/13/5 10301/13/5 10304/13/5 10300/13/5
f 10298/13/6 10299/13/6 10303/13/6 10302/13/6
f 10305/7/1 10308/7/1 10307/7/1 10306/7/1
f 10309/7/2 10310/7/2 10311/7/2 10312/7/2
f 10305/7/3 10306/7/3 10310/7/3 10309/7/3
f 10308/7/4 10312/7/4 10311/7/4 10307/7/4
f 10305/7/5 10309/7/5 10312/7/5 10308/7/5
f 10306/7/6 10307/7/6 10311/7/6 10310/7/6
f 10313/13/1 10316/13/1 10315/13/1 10314/13/1
f 10317/13/2 10318/13/2 10319/13/2 10320/13/2
f 10313/13/3 10314/13/3 10318/13/3 10317/13/3
f 10316/13/4 10320/13/4 10319/13/4 10315/13/4
f 10313/13/5 10317/13/5 10320/13/5 10316/13/5
f 10314/13/6 10315/13/6 10319/13/6 10318/13/6
f 10321/7/1 10324/7/1 10323/7/1 10322/7/1
f 10325/7/2 10326/7/2 10327/7/2 10328/7/2
f 10321/7/3 10322/7/3 10326/7/3 10325/7/3
f 10324/7/4 10328/7/4 10327/7/4 10323/7/4
f 10321/7/5 10325/7/5 10328/7/5 10324/7/5
f 10322/7/6 10323/7/6 10327/7/6 10326/7/6
f 10329/13/1 10332/13/1 10331/13/1 10330/13/1
f 10333/13/2 10334/13/2 10335/13/2 10336/13/2
f 10329/13/3 10330/13/3 10334/13/3 10333/13/3
f 10332/13/4 10336/13/4 10335/13/4 10331/13/4
f 10329/13/5 10333/13/5 10336/13/5 10332/13/5
f 10330/13/6 10331/13/6 10335/13/6 10334/13/6
f 10337/7/1 10340/7/1 10339/7/1 10338/7/1
f 10341/7/2 10342/7/2 10343/7/2 10344/7/2
f 10337/7/3 10338/7/3 10342/7/3 10341/7/3
f 10340/7/4 10344/7/4 10343/7/4 10339/7/4
f 10337/7/5 10341/7/5 10344/7/5 10340/7/5
f 10338/7/6 10339/7/6 10343/7/6 10342/7/6
f 10345/13/1 10348/13/1 10347/13/1 10346/13/1
f 10349/13/2 10350/13/2 10351/13/2 10352/13/2
f 10345/13/3 10346/13/3 10350/13/3 10349/13/3
f 10348/13/4 10352/13/4 10351/13/4 10347/13/4
f 10345/13/5 10349/13/5 10352/13/5 10348/13/5
f 10346/13/6 10347/13/6 10351/13/6 10350/13/6
f 10353/7/1 10356/7/1 10355/7/1 10354/7/1
f 10357/7/2 10358/7/2 10359/7/2 10360/7/2
f 10353/7/3 10354/7/3 10358/7/3 10357/7/3
f 10356/7/4 10360/7/4 10359/7/4 10355/7/4
f 10353/7/5 10357/7/5 10360/7/5 10356/7/5
f 10354/7/6 10355/7/6 10359/7/6 10358/7/6
f 10361/13/1 10364/13/1 10363/13/1 10362/13/1
f 10365/13/2 10366/13/2 10367/13/2 10368/13/2
f 10361/13/3 10362/13/3 10366/13/3 10365/13/3
f 10364/13/4 10368/13/4 10367/13/4 10363/13/4
f 10361/13/5 10365/13/5 10368/13/5 10364/13/5
f 10362/13/6 10363/13/6 10367/13/6 10366/13/6
f 10369/7/1 10372/7/1 10371/7/1 10370/7/1
f 10373/7/2 10374/7/2 10375/7/2 10376/7/2
f 10369/7/3 10370/7/3 10374/7/3 10373/7/3
f 10372/7/4 10376/7/4 10375/7/4 10371/7/4
f 10369/7/5 10373/7/5 10376/7/5 10372/7/5
f 10370/7/6 10371/7/6 10375/7/6 10374/7/6
f 10377/13/1 10380/13/1 10379/13/1 10378/13/1
f 10381/13/2 10382/13/2 10383/13/2 10384/13/2
f 10377/13/3 10378/13/3 10382/13/3 10381/13/3
f 10380/13/4 10384/13/4 10383/13/4 10379/13/4
f 10377/13/5 10381/13/5 10384/13/5 10380/13/5
f 10378/13/6 10379/13/6 10383/13/6 10382/13/6
f 10385/7/1 10388/7/1 10387/7/1 10386/7/1
f 10389/7/2 10390/7/2 10391/7/2 10392/7/2
f 10385/7/3 10386/7/3 10390/7/3 10389/7/3
f 10388/7/4 10392/7/4 10391/7/4 10387/7/4
f 10385/7/5 10389/7/5 10392/7/5 10388/7/5
f 10386/7/6 10387/7/6 10391/7/6 10390/7/6
f 10393/13/1 10396/13/1 10395/13/1 10394/13/1
f 10397/13/2 10398/13/2 10399/13/2 10400/13/2
f 10393/13/3 10394/13/3 10398/13/3 10397/13/3
f 10396/13/4 10400/13/4 10399/13/4 10395/13/4
f 10393/13/5 10397/13/5 10400/13/5 10396/13/5
f 10394/13/6 10395/13/6 10399/13/6 10398/13/6
o SHELL_ad
usemtl palette
f 10401/12/1 10404/12/1 10403/12/1 10402/12/1
f 10405/12/2 10406/12/2 10407/12/2 10408/12/2
f 10401/12/3 10402/12/3 10406/12/3 10405/12/3
f 10404/12/4 10408/12/4 10407/12/4 10403/12/4
f 10401/12/5 10405/12/5 10408/12/5 10404/12/5
f 10402/12/6 10403/12/6 10407/12/6 10406/12/6
f 10409/12/1 10412/12/1 10411/12/1 10410/12/1
f 10413/12/2 10414/12/2 10415/12/2 10416/12/2
f 10409/12/3 10410/12/3 10414/12/3 10413/12/3
f 10412/12/4 10416/12/4 10415/12/4 10411/12/4
f 10409/12/5 10413/12/5 10416/12/5 10412/12/5
f 10410/12/6 10411/12/6 10415/12/6 10414/12/6
f 10417/12/1 10420/12/1 10419/12/1 10418/12/1
f 10421/12/2 10422/12/2 10423/12/2 10424/12/2
f 10417/12/3 10418/12/3 10422/12/3 10421/12/3
f 10420/12/4 10424/12/4 10423/12/4 10419/12/4
f 10417/12/5 10421/12/5 10424/12/5 10420/12/5
f 10418/12/6 10419/12/6 10423/12/6 10422/12/6
f 10425/12/1 10428/12/1 10427/12/1 10426/12/1
f 10429/12/2 10430/12/2 10431/12/2 10432/12/2
f 10425/12/3 10426/12/3 10430/12/3 10429/12/3
f 10428/12/4 10432/12/4 10431/12/4 10427/12/4
f 10425/12/5 10429/12/5 10432/12/5 10428/12/5
f 10426/12/6 10427/12/6 10431/12/6 10430/12/6
o SEAT_4
usemtl palette
f 10433/16/1 10436/16/1 10435/16/1 10434/16/1
f 10437/16/2 10438/16/2 10439/16/2 10440/16/2
f 10433/16/3 10434/16/3 10438/16/3 10437/16/3
f 10436/16/4 10440/16/4 10439/16/4 10435/16/4
f 10433/16/5 10437/16/5 10440/16/5 10436/16/5
f 10434/16/6 10435/16/6 10439/16/6 10438/16/6
o SEAT_5
usemtl palette
f 10441/16/1 10444/16/1 10443/16/1 10442/16/1
f 10445/16/2 10446/16/2 10447/16/2 10448/16/2
f 10441/16/3 10442/16/3 10446/16/3 10445/16/3
f 10444/16/4 10448/16/4 10447/16/4 10443/16/4
f 10441/16/5 10445/16/5 10448/16/5 10444/16/5
f 10442/16/6 10443/16/6 10447/16/6 10446/16/6
o SEAT_6
usemtl palette
f 10449/16/1 10452/16/1 10451/16/1 10450/16/1
f 10453/16/2 10454/16/2 10455/16/2 10456/16/2
f 10449/16/3 10450/16/3 10454/16/3 10453/16/3
f 10452/16/4 10456/16/4 10455/16/4 10451/16/4
f 10449/16/5 10453/16/5 10456/16/5 10452/16/5
f 10450/16/6 10451/16/6 10455/16/6 10454/16/6
o SEAT_7
usemtl palette
f 10457/16/1 10460/16/1 10459/16/1 10458/16/1
f 10461/16/2 10462/16/2 10463/16/2 10464/16/2
f 10457/16/3 10458/16/3 10462/16/3 10461/16/3
f 10460/16/4 10464/16/4 10463/16/4 10459/16/4
f 10457/16/5 10461/16/5 10464/16/5 10460/16/5
f 10458/16/6 10459/16/6 10463/16/6 10462/16/6
o SEAT_8
usemtl palette
f 10465/16/1 10468/16/1 10467/16/1 10466/16/1
f 10469/16/2 10470/16/2 10471/16/2 10472/16/2
f 10465/16/3 10466/16/3 10470/16/3 10469/16/3
f 10468/16/4 10472/16/4 10471/16/4 10467/16/4
f 10465/16/5 10469/16/5 10472/16/5 10468/16/5
f 10466/16/6 10467/16/6 10471/16/6 10470/16/6
o SEAT_9
usemtl palette
f 10473/16/1 10476/16/1 10475/16/1 10474/16/1
f 10477/16/2 10478/16/2 10479/16/2 10480/16/2
f 10473/16/3 10474/16/3 10478/16/3 10477/16/3
f 10476/16/4 10480/16/4 10479/16/4 10475/16/4
f 10473/16/5 10477/16/5 10480/16/5 10476/16/5
f 10474/16/6 10475/16/6 10479/16/6 10478/16/6
o SEAT_10
usemtl palette
f 10481/16/1 10484/16/1 10483/16/1 10482/16/1
f 10485/16/2 10486/16/2 10487/16/2 10488/16/2
f 10481/16/3 10482/16/3 10486/16/3 10485/16/3
f 10484/16/4 10488/16/4 10487/16/4 10483/16/4
f 10481/16/5 10485/16/5 10488/16/5 10484/16/5
f 10482/16/6 10483/16/6 10487/16/6 10486/16/6
o SHELL_pole
usemtl palette
f 10489/6/1 10492/6/1 10491/6/1 10490/6/1
f 10493/6/2 10494/6/2 10495/6/2 10496/6/2
f 10489/6/3 10490/6/3 10494/6/3 10493/6/3
f 10492/6/4 10496/6/4 10495/6/4 10491/6/4
f 10489/6/5 10493/6/5 10496/6/5 10492/6/5
f 10490/6/6 10491/6/6 10495/6/6 10494/6/6
f 10497/6/1 10500/6/1 10499/6/1 10498/6/1
f 10501/6/2 10502/6/2 10503/6/2 10504/6/2
f 10497/6/3 10498/6/3 10502/6/3 10501/6/3
f 10500/6/4 10504/6/4 10503/6/4 10499/6/4
f 10497/6/5 10501/6/5 10504/6/5 10500/6/5
f 10498/6/6 10499/6/6 10503/6/6 10502/6/6
f 10505/6/1 10508/6/1 10507/6/1 10506/6/1
f 10509/6/2 10510/6/2 10511/6/2 10512/6/2
f 10505/6/3 10506/6/3 10510/6/3 10509/6/3
f 10508/6/4 10512/6/4 10511/6/4 10507/6/4
f 10505/6/5 10509/6/5 10512/6/5 10508/6/5
f 10506/6/6 10507/6/6 10511/6/6 10510/6/6
f 10513/6/1 10516/6/1 10515/6/1 10514/6/1
f 10517/6/2 10518/6/2 10519/6/2 10520/6/2
f 10513/6/3 10514/6/3 10518/6/3 10517/6/3
f 10516/6/4 10520/6/4 10519/6/4 10515/6/4
f 10513/6/5 10517/6/5 10520/6/5 10516/6/5
f 10514/6/6 10515/6/6 10519/6/6 10518/6/6
f 10521/6/1 10524/6/1 10523/6/1 10522/6/1
f 10525/6/2 10526/6/2 10527/6/2 10528/6/2
f 10521/6/3 10522/6/3 10526/6/3 10525/6/3
f 10524/6/4 10528/6/4 10527/6/4 10523/6/4
f 10521/6/5 10525/6/5 10528/6/5 10524/6/5
f 10522/6/6 10523/6/6 10527/6/6 10526/6/6
f 10529/6/1 10532/6/1 10531/6/1 10530/6/1
f 10533/6/2 10534/6/2 10535/6/2 10536/6/2
f 10529/6/3 10530/6/3 10534/6/3 10533/6/3
f 10532/6/4 10536/6/4 10535/6/4 10531/6/4
f 10529/6/5 10533/6/5 10536/6/5 10532/6/5
f 10530/6/6 10531/6/6 10535/6/6 10534/6/6
f 10537/6/1 10540/6/1 10539/6/1 10538/6/1
f 10541/6/2 10542/6/2 10543/6/2 10544/6/2
f 10537/6/3 10538/6/3 10542/6/3 10541/6/3
f 10540/6/4 10544/6/4 10543/6/4 10539/6/4
f 10537/6/5 10541/6/5 10544/6/5 10540/6/5
f 10538/6/6 10539/6/6 10543/6/6 10542/6/6
f 10545/6/1 10548/6/1 10547/6/1 10546/6/1
f 10549/6/2 10550/6/2 10551/6/2 10552/6/2
f 10545/6/3 10546/6/3 10550/6/3 10549/6/3
f 10548/6/4 10552/6/4 10551/6/4 10547/6/4
f 10545/6/5 10549/6/5 10552/6/5 10548/6/5
f 10546/6/6 10547/6/6 10551/6/6 10550/6/6
f 10553/6/1 10556/6/1 10555/6/1 10554/6/1
f 10557/6/2 10558/6/2 10559/6/2 10560/6/2
f 10553/6/3 10554/6/3 10558/6/3 10557/6/3
f 10556/6/4 10560/6/4 10559/6/4 10555/6/4
f 10553/6/5 10557/6/5 10560/6/5 10556/6/5
f 10554/6/6 10555/6/6 10559/6/6 10558/6/6
f 10561/6/1 10564/6/1 10563/6/1 10562/6/1
f 10565/6/2 10566/6/2 10567/6/2 10568/6/2
f 10561/6/3 10562/6/3 10566/6/3 10565/6/3
f 10564/6/4 10568/6/4 10567/6/4 10563/6/4
f 10561/6/5 10565/6/5 10568/6/5 10564/6/5
f 10562/6/6 10563/6/6 10567/6/6 10566/6/6
o SHELL_ceil
usemtl palette
f 10569/19/1 10572/19/1 10571/19/1 10570/19/1
f 10573/19/2 10574/19/2 10575/19/2 10576/19/2
f 10569/19/3 10570/19/3 10574/19/3 10573/19/3
f 10572/19/4 10576/19/4 10575/19/4 10571/19/4
f 10569/19/5 10573/19/5 10576/19/5 10572/19/5
f 10570/19/6 10571/19/6 10575/19/6 10574/19/6
f 10577/30/1 10580/30/1 10579/30/1 10578/30/1
f 10581/30/2 10582/30/2 10583/30/2 10584/30/2
f 10577/30/3 10578/30/3 10582/30/3 10581/30/3
f 10580/30/4 10584/30/4 10583/30/4 10579/30/4
f 10577/30/5 10581/30/5 10584/30/5 10580/30/5
f 10578/30/6 10579/30/6 10583/30/6 10582/30/6
f 10585/30/1 10588/30/1 10587/30/1 10586/30/1
f 10589/30/2 10590/30/2 10591/30/2 10592/30/2
f 10585/30/3 10586/30/3 10590/30/3 10589/30/3
f 10588/30/4 10592/30/4 10591/30/4 10587/30/4
f 10585/30/5 10589/30/5 10592/30/5 10588/30/5
f 10586/30/6 10587/30/6 10591/30/6 10590/30/6
f 10593/30/1 10596/30/1 10595/30/1 10594/30/1
f 10597/30/2 10598/30/2 10599/30/2 10600/30/2
f 10593/30/3 10594/30/3 10598/30/3 10597/30/3
f 10596/30/4 10600/30/4 10599/30/4 10595/30/4
f 10593/30/5 10597/30/5 10600/30/5 10596/30/5
f 10594/30/6 10595/30/6 10599/30/6 10598/30/6
f 10601/30/1 10604/30/1 10603/30/1 10602/30/1
f 10605/30/2 10606/30/2 10607/30/2 10608/30/2
f 10601/30/3 10602/30/3 10606/30/3 10605/30/3
f 10604/30/4 10608/30/4 10607/30/4 10603/30/4
f 10601/30/5 10605/30/5 10608/30/5 10604/30/5
f 10602/30/6 10603/30/6 10607/30/6 10606/30/6
f 10609/30/1 10612/30/1 10611/30/1 10610/30/1
f 10613/30/2 10614/30/2 10615/30/2 10616/30/2
f 10609/30/3 10610/30/3 10614/30/3 10613/30/3
f 10612/30/4 10616/30/4 10615/30/4 10611/30/4
f 10609/30/5 10613/30/5 10616/30/5 10612/30/5
f 10610/30/6 10611/30/6 10615/30/6 10614/30/6
f 10617/19/1 10620/19/1 10619/19/1 10618/19/1
f 10621/19/2 10622/19/2 10623/19/2 10624/19/2
f 10617/19/3 10618/19/3 10622/19/3 10621/19/3
f 10620/19/4 10624/19/4 10623/19/4 10619/19/4
f 10617/19/5 10621/19/5 10624/19/5 10620/19/5
f 10618/19/6 10619/19/6 10623/19/6 10622/19/6
f 10625/30/1 10628/30/1 10627/30/1 10626/30/1
f 10629/30/2 10630/30/2 10631/30/2 10632/30/2
f 10625/30/3 10626/30/3 10630/30/3 10629/30/3
f 10628/30/4 10632/30/4 10631/30/4 10627/30/4
f 10625/30/5 10629/30/5 10632/30/5 10628/30/5
f 10626/30/6 10627/30/6 10631/30/6 10630/30/6
f 10633/30/1 10636/30/1 10635/30/1 10634/30/1
f 10637/30/2 10638/30/2 10639/30/2 10640/30/2
f 10633/30/3 10634/30/3 10638/30/3 10637/30/3
f 10636/30/4 10640/30/4 10639/30/4 10635/30/4
f 10633/30/5 10637/30/5 10640/30/5 10636/30/5
f 10634/30/6 10635/30/6 10639/30/6 10638/30/6
f 10641/30/1 10644/30/1 10643/30/1 10642/30/1
f 10645/30/2 10646/30/2 10647/30/2 10648/30/2
f 10641/30/3 10642/30/3 10646/30/3 10645/30/3
f 10644/30/4 10648/30/4 10647/30/4 10643/30/4
f 10641/30/5 10645/30/5 10648/30/5 10644/30/5
f 10642/30/6 10643/30/6 10647/30/6 10646/30/6
f 10649/30/1 10652/30/1 10651/30/1 10650/30/1
f 10653/30/2 10654/30/2 10655/30/2 10656/30/2
f 10649/30/3 10650/30/3 10654/30/3 10653/30/3
f 10652/30/4 10656/30/4 10655/30/4 10651/30/4
f 10649/30/5 10653/30/5 10656/30/5 10652/30/5
f 10650/30/6 10651/30/6 10655/30/6 10654/30/6
f 10657/50/1 10660/50/1 10659/50/1 10658/50/1
f 10661/50/2 10662/50/2 10663/50/2 10664/50/2
f 10657/50/3 10658/50/3 10662/50/3 10661/50/3
f 10660/50/4 10664/50/4 10663/50/4 10659/50/4
f 10657/50/5 10661/50/5 10664/50/5 10660/50/5
f 10658/50/6 10659/50/6 10663/50/6 10662/50/6
f 10665/19/1 10668/19/1 10667/19/1 10666/19/1
f 10669/19/2 10670/19/2 10671/19/2 10672/19/2
f 10665/19/3 10666/19/3 10670/19/3 10669/19/3
f 10668/19/4 10672/19/4 10671/19/4 10667/19/4
f 10665/19/5 10669/19/5 10672/19/5 10668/19/5
f 10666/19/6 10667/19/6 10671/19/6 10670/19/6
f 10673/30/1 10676/30/1 10675/30/1 10674/30/1
f 10677/30/2 10678/30/2 10679/30/2 10680/30/2
f 10673/30/3 10674/30/3 10678/30/3 10677/30/3
f 10676/30/4 10680/30/4 10679/30/4 10675/30/4
f 10673/30/5 10677/30/5 10680/30/5 10676/30/5
f 10674/30/6 10675/30/6 10679/30/6 10678/30/6
f 10681/30/1 10684/30/1 10683/30/1 10682/30/1
f 10685/30/2 10686/30/2 10687/30/2 10688/30/2
f 10681/30/3 10682/30/3 10686/30/3 10685/30/3
f 10684/30/4 10688/30/4 10687/30/4 10683/30/4
f 10681/30/5 10685/30/5 10688/30/5 10684/30/5
f 10682/30/6 10683/30/6 10687/30/6 10686/30/6
f 10689/30/1 10692/30/1 10691/30/1 10690/30/1
f 10693/30/2 10694/30/2 10695/30/2 10696/30/2
f 10689/30/3 10690/30/3 10694/30/3 10693/30/3
f 10692/30/4 10696/30/4 10695/30/4 10691/30/4
f 10689/30/5 10693/30/5 10696/30/5 10692/30/5
f 10690/30/6 10691/30/6 10695/30/6 10694/30/6
f 10697/30/1 10700/30/1 10699/30/1 10698/30/1
f 10701/30/2 10702/30/2 10703/30/2 10704/30/2
f 10697/30/3 10698/30/3 10702/30/3 10701/30/3
f 10700/30/4 10704/30/4 10703/30/4 10699/30/4
f 10697/30/5 10701/30/5 10704/30/5 10700/30/5
f 10698/30/6 10699/30/6 10703/30/6 10702/30/6
f 10705/30/1 10708/30/1 10707/30/1 10706/30/1
f 10709/30/2 10710/30/2 10711/30/2 10712/30/2
f 10705/30/3 10706/30/3 10710/30/3 10709/30/3
f 10708/30/4 10712/30/4 10711/30/4 10707/30/4
f 10705/30/5 10709/30/5 10712/30/5 10708/30/5
f 10706/30/6 10707/30/6 10711/30/6 10710/30/6
f 10713/19/1 10716/19/1 10715/19/1 10714/19/1
f 10717/19/2 10718/19/2 10719/19/2 10720/19/2
f 10713/19/3 10714/19/3 10718/19/3 10717/19/3
f 10716/19/4 10720/19/4 10719/19/4 10715/19/4
f 10713/19/5 10717/19/5 10720/19/5 10716/19/5
f 10714/19/6 10715/19/6 10719/19/6 10718/19/6
f 10721/30/1 10724/30/1 10723/30/1 10722/30/1
f 10725/30/2 10726/30/2 10727/30/2 10728/30/2
f 10721/30/3 10722/30/3 10726/30/3 10725/30/3
f 10724/30/4 10728/30/4 10727/30/4 10723/30/4
f 10721/30/5 10725/30/5 10728/30/5 10724/30/5
f 10722/30/6 10723/30/6 10727/30/6 10726/30/6
f 10729/30/1 10732/30/1 10731/30/1 10730/30/1
f 10733/30/2 10734/30/2 10735/30/2 10736/30/2
f 10729/30/3 10730/30/3 10734/30/3 10733/30/3
f 10732/30/4 10736/30/4 10735/30/4 10731/30/4
f 10729/30/5 10733/30/5 10736/30/5 10732/30/5
f 10730/30/6 10731/30/6 10735/30/6 10734/30/6
f 10737/30/1 10740/30/1 10739/30/1 10738/30/1
f 10741/30/2 10742/30/2 10743/30/2 10744/30/2
f 10737/30/3 10738/30/3 10742/30/3 10741/30/3
f 10740/30/4 10744/30/4 10743/30/4 10739/30/4
f 10737/30/5 10741/30/5 10744/30/5 10740/30/5
f 10738/30/6 10739/30/6 10743/30/6 10742/30/6
f 10745/30/1 10748/30/1 10747/30/1 10746/30/1
f 10749/30/2 10750/30/2 10751/30/2 10752/30/2
f 10745/30/3 10746/30/3 10750/30/3 10749/30/3
f 10748/30/4 10752/30/4 10751/30/4 10747/30/4
f 10745/30/5 10749/30/5 10752/30/5 10748/30/5
f 10746/30/6 10747/30/6 10751/30/6 10750/30/6
f 10753/19/1 10756/19/1 10755/19/1 10754/19/1
f 10757/19/2 10758/19/2 10759/19/2 10760/19/2
f 10753/19/3 10754/19/3 10758/19/3 10757/19/3
f 10756/19/4 10760/19/4 10759/19/4 10755/19/4
f 10753/19/5 10757/19/5 10760/19/5 10756/19/5
f 10754/19/6 10755/19/6 10759/19/6 10758/19/6
f 10761/30/1 10764/30/1 10763/30/1 10762/30/1
f 10765/30/2 10766/30/2 10767/30/2 10768/30/2
f 10761/30/3 10762/30/3 10766/30/3 10765/30/3
f 10764/30/4 10768/30/4 10767/30/4 10763/30/4
f 10761/30/5 10765/30/5 10768/30/5 10764/30/5
f 10762/30/6 10763/30/6 10767/30/6 10766/30/6
f 10769/30/1 10772/30/1 10771/30/1 10770/30/1
f 10773/30/2 10774/30/2 10775/30/2 10776/30/2
f 10769/30/3 10770/30/3 10774/30/3 10773/30/3
f 10772/30/4 10776/30/4 10775/30/4 10771/30/4
f 10769/30/5 10773/30/5 10776/30/5 10772/30/5
f 10770/30/6 10771/30/6 10775/30/6 10774/30/6
f 10777/30/1 10780/30/1 10779/30/1 10778/30/1
f 10781/30/2 10782/30/2 10783/30/2 10784/30/2
f 10777/30/3 10778/30/3 10782/30/3 10781/30/3
f 10780/30/4 10784/30/4 10783/30/4 10779/30/4
f 10777/30/5 10781/30/5 10784/30/5 10780/30/5
f 10778/30/6 10779/30/6 10783/30/6 10782/30/6
f 10785/30/1 10788/30/1 10787/30/1 10786/30/1
f 10789/30/2 10790/30/2 10791/30/2 10792/30/2
f 10785/30/3 10786/30/3 10790/30/3 10789/30/3
f 10788/30/4 10792/30/4 10791/30/4 10787/30/4
f 10785/30/5 10789/30/5 10792/30/5 10788/30/5
f 10786/30/6 10787/30/6 10791/30/6 10790/30/6
f 10793/50/1 10796/50/1 10795/50/1 10794/50/1
f 10797/50/2 10798/50/2 10799/50/2 10800/50/2
f 10793/50/3 10794/50/3 10798/50/3 10797/50/3
f 10796/50/4 10800/50/4 10799/50/4 10795/50/4
f 10793/50/5 10797/50/5 10800/50/5 10796/50/5
f 10794/50/6 10795/50/6 10799/50/6 10798/50/6
f 10801/30/1 10804/30/1 10803/30/1 10802/30/1
f 10805/30/2 10806/30/2 10807/30/2 10808/30/2
f 10801/30/3 10802/30/3 10806/30/3 10805/30/3
f 10804/30/4 10808/30/4 10807/30/4 10803/30/4
f 10801/30/5 10805/30/5 10808/30/5 10804/30/5
f 10802/30/6 10803/30/6 10807/30/6 10806/30/6
o SHELL_map
usemtl palette
f 10809/23/1 10812/23/1 10811/23/1 10810/23/1
f 10813/23/2 10814/23/2 10815/23/2 10816/23/2
f 10809/23/3 10810/23/3 10814/23/3 10813/23/3
f 10812/23/4 10816/23/4 10815/23/4 10811/23/4
f 10809/23/5 10813/23/5 10816/23/5 10812/23/5
f 10810/23/6 10811/23/6 10815/23/6 10814/23/6
f 10817/24/1 10820/24/1 10819/24/1 10818/24/1
f 10821/24/2 10822/24/2 10823/24/2 10824/24/2
f 10817/24/3 10818/24/3 10822/24/3 10821/24/3
f 10820/24/4 10824/24/4 10823/24/4 10819/24/4
f 10817/24/5 10821/24/5 10824/24/5 10820/24/5
f 10818/24/6 10819/24/6 10823/24/6 10822/24/6
f 10825/38/1 10828/38/1 10827/38/1 10826/38/1
f 10829/38/2 10830/38/2 10831/38/2 10832/38/2
f 10825/38/3 10826/38/3 10830/38/3 10829/38/3
f 10828/38/4 10832/38/4 10831/38/4 10827/38/4
f 10825/38/5 10829/38/5 10832/38/5 10828/38/5
f 10826/38/6 10827/38/6 10831/38/6 10830/38/6
f 10833/51/1 10836/51/1 10835/51/1 10834/51/1
f 10837/51/2 10838/51/2 10839/51/2 10840/51/2
f 10833/51/3 10834/51/3 10838/51/3 10837/51/3
f 10836/51/4 10840/51/4 10839/51/4 10835/51/4
f 10833/51/5 10837/51/5 10840/51/5 10836/51/5
f 10834/51/6 10835/51/6 10839/51/6 10838/51/6
f 10841/51/1 10844/51/1 10843/51/1 10842/51/1
f 10845/51/2 10846/51/2 10847/51/2 10848/51/2
f 10841/51/3 10842/51/3 10846/51/3 10845/51/3
f 10844/51/4 10848/51/4 10847/51/4 10843/51/4
f 10841/51/5 10845/51/5 10848/51/5 10844/51/5
f 10842/51/6 10843/51/6 10847/51/6 10846/51/6
f 10849/38/1 10852/38/1 10851/38/1 10850/38/1
f 10853/38/2 10854/38/2 10855/38/2 10856/38/2
f 10849/38/3 10850/38/3 10854/38/3 10853/38/3
f 10852/38/4 10856/38/4 10855/38/4 10851/38/4
f 10849/38/5 10853/38/5 10856/38/5 10852/38/5
f 10850/38/6 10851/38/6 10855/38/6 10854/38/6
f 10857/51/1 10860/51/1 10859/51/1 10858/51/1
f 10861/51/2 10862/51/2 10863/51/2 10864/51/2
f 10857/51/3 10858/51/3 10862/51/3 10861/51/3
f 10860/51/4 10864/51/4 10863/51/4 10859/51/4
f 10857/51/5 10861/51/5 10864/51/5 10860/51/5
f 10858/51/6 10859/51/6 10863/51/6 10862/51/6
f 10865/51/1 10868/51/1 10867/51/1 10866/51/1
f 10869/51/2 10870/51/2 10871/51/2 10872/51/2
f 10865/51/3 10866/51/3 10870/51/3 10869/51/3
f 10868/51/4 10872/51/4 10871/51/4 10867/51/4
f 10865/51/5 10869/51/5 10872/51/5 10868/51/5
f 10866/51/6 10867/51/6 10871/51/6 10870/51/6
f 10873/38/1 10876/38/1 10875/38/1 10874/38/1
f 10877/38/2 10878/38/2 10879/38/2 10880/38/2
f 10873/38/3 10874/38/3 10878/38/3 10877/38/3
f 10876/38/4 10880/38/4 10879/38/4 10875/38/4
f 10873/38/5 10877/38/5 10880/38/5 10876/38/5
f 10874/38/6 10875/38/6 10879/38/6 10878/38/6
f 10881/23/1 10884/23/1 10883/23/1 10882/23/1
f 10885/23/2 10886/23/2 10887/23/2 10888/23/2
f 10881/23/3 10882/23/3 10886/23/3 10885/23/3
f 10884/23/4 10888/23/4 10887/23/4 10883/23/4
f 10881/23/5 10885/23/5 10888/23/5 10884/23/5
f 10882/23/6 10883/23/6 10887/23/6 10886/23/6
f 10889/24/1 10892/24/1 10891/24/1 10890/24/1
f 10893/24/2 10894/24/2 10895/24/2 10896/24/2
f 10889/24/3 10890/24/3 10894/24/3 10893/24/3
f 10892/24/4 10896/24/4 10895/24/4 10891/24/4
f 10889/24/5 10893/24/5 10896/24/5 10892/24/5
f 10890/24/6 10891/24/6 10895/24/6 10894/24/6
f 10897/38/1 10900/38/1 10899/38/1 10898/38/1
f 10901/38/2 10902/38/2 10903/38/2 10904/38/2
f 10897/38/3 10898/38/3 10902/38/3 10901/38/3
f 10900/38/4 10904/38/4 10903/38/4 10899/38/4
f 10897/38/5 10901/38/5 10904/38/5 10900/38/5
f 10898/38/6 10899/38/6 10903/38/6 10902/38/6
f 10905/51/1 10908/51/1 10907/51/1 10906/51/1
f 10909/51/2 10910/51/2 10911/51/2 10912/51/2
f 10905/51/3 10906/51/3 10910/51/3 10909/51/3
f 10908/51/4 10912/51/4 10911/51/4 10907/51/4
f 10905/51/5 10909/51/5 10912/51/5 10908/51/5
f 10906/51/6 10907/51/6 10911/51/6 10910/51/6
f 10913/51/1 10916/51/1 10915/51/1 10914/51/1
f 10917/51/2 10918/51/2 10919/51/2 10920/51/2
f 10913/51/3 10914/51/3 10918/51/3 10917/51/3
f 10916/51/4 10920/51/4 10919/51/4 10915/51/4
f 10913/51/5 10917/51/5 10920/51/5 10916/51/5
f 10914/51/6 10915/51/6 10919/51/6 10918/51/6
f 10921/38/1 10924/38/1 10923/38/1 10922/38/1
f 10925/38/2 10926/38/2 10927/38/2 10928/38/2
f 10921/38/3 10922/38/3 10926/38/3 10925/38/3
f 10924/38/4 10928/38/4 10927/38/4 10923/38/4
f 10921/38/5 10925/38/5 10928/38/5 10924/38/5
f 10922/38/6 10923/38/6 10927/38/6 10926/38/6
f 10929/51/1 10932/51/1 10931/51/1 10930/51/1
f 10933/51/2 10934/51/2 10935/51/2 10936/51/2
f 10929/51/3 10930/51/3 10934/51/3 10933/51/3
f 10932/51/4 10936/51/4 10935/51/4 10931/51/4
f 10929/51/5 10933/51/5 10936/51/5 10932/51/5
f 10930/51/6 10931/51/6 10935/51/6 10934/51/6
f 10937/51/1 10940/51/1 10939/51/1 10938/51/1
f 10941/51/2 10942/51/2 10943/51/2 10944/51/2
f 10937/51/3 10938/51/3 10942/51/3 10941/51/3
f 10940/51/4 10944/51/4 10943/51/4 10939/51/4
f 10937/51/5 10941/51/5 10944/51/5 10940/51/5
f 10938/51/6 10939/51/6 10943/51/6 10942/51/6
f 10945/38/1 10948/38/1 10947/38/1 10946/38/1
f 10949/38/2 10950/38/2 10951/38/2 10952/38/2
f 10945/38/3 10946/38/3 10950/38/3 10949/38/3
f 10948/38/4 10952/38/4 10951/38/4 10947/38/4
f 10945/38/5 10949/38/5 10952/38/5 10948/38/5
f 10946/38/6 10947/38/6 10951/38/6 10950/38/6
f 10953/23/1 10956/23/1 10955/23/1 10954/23/1
f 10957/23/2 10958/23/2 10959/23/2 10960/23/2
f 10953/23/3 10954/23/3 10958/23/3 10957/23/3
f 10956/23/4 10960/23/4 10959/23/4 10955/23/4
f 10953/23/5 10957/23/5 10960/23/5 10956/23/5
f 10954/23/6 10955/23/6 10959/23/6 10958/23/6
f 10961/24/1 10964/24/1 10963/24/1 10962/24/1
f 10965/24/2 10966/24/2 10967/24/2 10968/24/2
f 10961/24/3 10962/24/3 10966/24/3 10965/24/3
f 10964/24/4 10968/24/4 10967/24/4 10963/24/4
f 10961/24/5 10965/24/5 10968/24/5 10964/24/5
f 10962/24/6 10963/24/6 10967/24/6 10966/24/6
f 10969/38/1 10972/38/1 10971/38/1 10970/38/1
f 10973/38/2 10974/38/2 10975/38/2 10976/38/2
f 10969/38/3 10970/38/3 10974/38/3 10973/38/3
f 10972/38/4 10976/38/4 10975/38/4 10971/38/4
f 10969/38/5 10973/38/5 10976/38/5 10972/38/5
f 10970/38/6 10971/38/6 10975/38/6 10974/38/6
f 10977/51/1 10980/51/1 10979/51/1 10978/51/1
f 10981/51/2 10982/51/2 10983/51/2 10984/51/2
f 10977/51/3 10978/51/3 10982/51/3 10981/51/3
f 10980/51/4 10984/51/4 10983/51/4 10979/51/4
f 10977/51/5 10981/51/5 10984/51/5 10980/51/5
f 10978/51/6 10979/51/6 10983/51/6 10982/51/6
f 10985/51/1 10988/51/1 10987/51/1 10986/51/1
f 10989/51/2 10990/51/2 10991/51/2 10992/51/2
f 10985/51/3 10986/51/3 10990/51/3 10989/51/3
f 10988/51/4 10992/51/4 10991/51/4 10987/51/4
f 10985/51/5 10989/51/5 10992/51/5 10988/51/5
f 10986/51/6 10987/51/6 10991/51/6 10990/51/6
f 10993/38/1 10996/38/1 10995/38/1 10994/38/1
f 10997/38/2 10998/38/2 10999/38/2 11000/38/2
f 10993/38/3 10994/38/3 10998/38/3 10997/38/3
f 10996/38/4 11000/38/4 10999/38/4 10995/38/4
f 10993/38/5 10997/38/5 11000/38/5 10996/38/5
f 10994/38/6 10995/38/6 10999/38/6 10998/38/6
f 11001/51/1 11004/51/1 11003/51/1 11002/51/1
f 11005/51/2 11006/51/2 11007/51/2 11008/51/2
f 11001/51/3 11002/51/3 11006/51/3 11005/51/3
f 11004/51/4 11008/51/4 11007/51/4 11003/51/4
f 11001/51/5 11005/51/5 11008/51/5 11004/51/5
f 11002/51/6 11003/51/6 11007/51/6 11006/51/6
f 11009/51/1 11012/51/1 11011/51/1 11010/51/1
f 11013/51/2 11014/51/2 11015/51/2 11016/51/2
f 11009/51/3 11010/51/3 11014/51/3 11013/51/3
f 11012/51/4 11016/51/4 11015/51/4 11011/51/4
f 11009/51/5 11013/51/5 11016/51/5 11012/51/5
f 11010/51/6 11011/51/6 11015/51/6 11014/51/6
f 11017/38/1 11020/38/1 11019/38/1 11018/38/1
f 11021/38/2 11022/38/2 11023/38/2 11024/38/2
f 11017/38/3 11018/38/3 11022/38/3 11021/38/3
f 11020/38/4 11024/38/4 11023/38/4 11019/38/4
f 11017/38/5 11021/38/5 11024/38/5 11020/38/5
f 11018/38/6 11019/38/6 11023/38/6 11022/38/6
f 11025/23/1 11028/23/1 11027/23/1 11026/23/1
f 11029/23/2 11030/23/2 11031/23/2 11032/23/2
f 11025/23/3 11026/23/3 11030/23/3 11029/23/3
f 11028/23/4 11032/23/4 11031/23/4 11027/23/4
f 11025/23/5 11029/23/5 11032/23/5 11028/23/5
f 11026/23/6 11027/23/6 11031/23/6 11030/23/6
f 11033/24/1 11036/24/1 11035/24/1 11034/24/1
f 11037/24/2 11038/24/2 11039/24/2 11040/24/2
f 11033/24/3 11034/24/3 11038/24/3 11037/24/3
f 11036/24/4 11040/24/4 11039/24/4 11035/24/4
f 11033/24/5 11037/24/5 11040/24/5 11036/24/5
f 11034/24/6 11035/24/6 11039/24/6 11038/24/6
f 11041/38/1 11044/38/1 11043/38/1 11042/38/1
f 11045/38/2 11046/38/2 11047/38/2 11048/38/2
f 11041/38/3 11042/38/3 11046/38/3 11045/38/3
f 11044/38/4 11048/38/4 11047/38/4 11043/38/4
f 11041/38/5 11045/38/5 11048/38/5 11044/38/5
f 11042/38/6 11043/38/6 11047/38/6 11046/38/6
f 11049/51/1 11052/51/1 11051/51/1 11050/51/1
f 11053/51/2 11054/51/2 11055/51/2 11056/51/2
f 11049/51/3 11050/51/3 11054/51/3 11053/51/3
f 11052/51/4 11056/51/4 11055/51/4 11051/51/4
f 11049/51/5 11053/51/5 11056/51/5 11052/51/5
f 11050/51/6 11051/51/6 11055/51/6 11054/51/6
f 11057/51/1 11060/51/1 11059/51/1 11058/51/1
f 11061/51/2 11062/51/2 11063/51/2 11064/51/2
f 11057/51/3 11058/51/3 11062/51/3 11061/51/3
f 11060/51/4 11064/51/4 11063/51/4 11059/51/4
f 11057/51/5 11061/51/5 11064/51/5 11060/51/5
f 11058/51/6 11059/51/6 11063/51/6 11062/51/6
f 11065/38/1 11068/38/1 11067/38/1 11066/38/1
f 11069/38/2 11070/38/2 11071/38/2 11072/38/2
f 11065/38/3 11066/38/3 11070/38/3 11069/38/3
f 11068/38/4 11072/38/4 11071/38/4 11067/38/4
f 11065/38/5 11069/38/5 11072/38/5 11068/38/5
f 11066/38/6 11067/38/6 11071/38/6 11070/38/6
f 11073/51/1 11076/51/1 11075/51/1 11074/51/1
f 11077/51/2 11078/51/2 11079/51/2 11080/51/2
f 11073/51/3 11074/51/3 11078/51/3 11077/51/3
f 11076/51/4 11080/51/4 11079/51/4 11075/51/4
f 11073/51/5 11077/51/5 11080/51/5 11076/51/5
f 11074/51/6 11075/51/6 11079/51/6 11078/51/6
f 11081/51/1 11084/51/1 11083/51/1 11082/51/1
f 11085/51/2 11086/51/2 11087/51/2 11088/51/2
f 11081/51/3 11082/51/3 11086/51/3 11085/51/3
f 11084/51/4 11088/51/4 11087/51/4 11083/51/4
f 11081/51/5 11085/51/5 11088/51/5 11084/51/5
f 11082/51/6 11083/51/6 11087/51/6 11086/51/6
f 11089/38/1 11092/38/1 11091/38/1 11090/38/1
f 11093/38/2 11094/38/2 11095/38/2 11096/38/2
f 11089/38/3 11090/38/3 11094/38/3 11093/38/3
f 11092/38/4 11096/38/4 11095/38/4 11091/38/4
f 11089/38/5 11093/38/5 11096/38/5 11092/38/5
f 11090/38/6 11091/38/6 11095/38/6 11094/38/6
o SHELL_safety
usemtl palette
f 11097/20/1 11100/20/1 11099/20/1 11098/20/1
f 11101/20/2 11102/20/2 11103/20/2 11104/20/2
f 11097/20/3 11098/20/3 11102/20/3 11101/20/3
f 11100/20/4 11104/20/4 11103/20/4 11099/20/4
f 11097/20/5 11101/20/5 11104/20/5 11100/20/5
f 11098/20/6 11099/20/6 11103/20/6 11102/20/6
f 11105/50/1 11108/50/1 11107/50/1 11106/50/1
f 11109/50/2 11110/50/2 11111/50/2 11112/50/2
f 11105/50/3 11106/50/3 11110/50/3 11109/50/3
f 11108/50/4 11112/50/4 11111/50/4 11107/50/4
f 11105/50/5 11109/50/5 11112/50/5 11108/50/5
f 11106/50/6 11107/50/6 11111/50/6 11110/50/6
f 11113/13/1 11116/13/1 11115/13/1 11114/13/1
f 11117/13/2 11118/13/2 11119/13/2 11120/13/2
f 11113/13/3 11114/13/3 11118/13/3 11117/13/3
f 11116/13/4 11120/13/4 11119/13/4 11115/13/4
f 11113/13/5 11117/13/5 11120/13/5 11116/13/5
f 11114/13/6 11115/13/6 11119/13/6 11118/13/6
f 11121/38/1 11124/38/1 11123/38/1 11122/38/1
f 11125/38/2 11126/38/2 11127/38/2 11128/38/2
f 11121/38/3 11122/38/3 11126/38/3 11125/38/3
f 11124/38/4 11128/38/4 11127/38/4 11123/38/4
f 11121/38/5 11125/38/5 11128/38/5 11124/38/5
f 11122/38/6 11123/38/6 11127/38/6 11126/38/6
f 11129/20/1 11132/20/1 11131/20/1 11130/20/1
f 11133/20/2 11134/20/2 11135/20/2 11136/20/2
f 11129/20/3 11130/20/3 11134/20/3 11133/20/3
f 11132/20/4 11136/20/4 11135/20/4 11131/20/4
f 11129/20/5 11133/20/5 11136/20/5 11132/20/5
f 11130/20/6 11131/20/6 11135/20/6 11134/20/6
f 11137/50/1 11140/50/1 11139/50/1 11138/50/1
f 11141/50/2 11142/50/2 11143/50/2 11144/50/2
f 11137/50/3 11138/50/3 11142/50/3 11141/50/3
f 11140/50/4 11144/50/4 11143/50/4 11139/50/4
f 11137/50/5 11141/50/5 11144/50/5 11140/50/5
f 11138/50/6 11139/50/6 11143/50/6 11142/50/6
f 11145/13/1 11148/13/1 11147/13/1 11146/13/1
f 11149/13/2 11150/13/2 11151/13/2 11152/13/2
f 11145/13/3 11146/13/3 11150/13/3 11149/13/3
f 11148/13/4 11152/13/4 11151/13/4 11147/13/4
f 11145/13/5 11149/13/5 11152/13/5 11148/13/5
f 11146/13/6 11147/13/6 11151/13/6 11150/13/6
f 11153/38/1 11156/38/1 11155/38/1 11154/38/1
f 11157/38/2 11158/38/2 11159/38/2 11160/38/2
f 11153/38/3 11154/38/3 11158/38/3 11157/38/3
f 11156/38/4 11160/38/4 11159/38/4 11155/38/4
f 11153/38/5 11157/38/5 11160/38/5 11156/38/5
f 11154/38/6 11155/38/6 11159/38/6 11158/38/6
o SHELL_front
usemtl palette
f 11161/6/1 11164/6/1 11163/6/1 11162/6/1
f 11165/6/2 11166/6/2 11167/6/2 11168/6/2
f 11161/6/3 11162/6/3 11166/6/3 11165/6/3
f 11164/6/4 11168/6/4 11167/6/4 11163/6/4
f 11161/6/5 11165/6/5 11168/6/5 11164/6/5
f 11162/6/6 11163/6/6 11167/6/6 11166/6/6
f 11169/6/1 11172/6/1 11171/6/1 11170/6/1
f 11173/6/2 11174/6/2 11175/6/2 11176/6/2
f 11169/6/3 11170/6/3 11174/6/3 11173/6/3
f 11172/6/4 11176/6/4 11175/6/4 11171/6/4
f 11169/6/5 11173/6/5 11176/6/5 11172/6/5
f 11170/6/6 11171/6/6 11175/6/6 11174/6/6
f 11177/30/1 11180/30/1 11179/30/1 11178/30/1
f 11181/30/2 11182/30/2 11183/30/2 11184/30/2
f 11177/30/3 11178/30/3 11182/30/3 11181/30/3
f 11180/30/4 11184/30/4 11183/30/4 11179/30/4
f 11177/30/5 11181/30/5 11184/30/5 11180/30/5
f 11178/30/6 11179/30/6 11183/30/6 11182/30/6
f 11185/7/1 11188/7/1 11187/7/1 11186/7/1
f 11189/7/2 11190/7/2 11191/7/2 11192/7/2
f 11185/7/3 11186/7/3 11190/7/3 11189/7/3
f 11188/7/4 11192/7/4 11191/7/4 11187/7/4
f 11185/7/5 11189/7/5 11192/7/5 11188/7/5
f 11186/7/6 11187/7/6 11191/7/6 11190/7/6
f 11193/48/1 11196/48/1 11195/48/1 11194/48/1
f 11197/48/2 11198/48/2 11199/48/2 11200/48/2
f 11193/48/3 11194/48/3 11198/48/3 11197/48/3
f 11196/48/4 11200/48/4 11199/48/4 11195/48/4
f 11193/48/5 11197/48/5 11200/48/5 11196/48/5
f 11194/48/6 11195/48/6 11199/48/6 11198/48/6
f 11201/7/1 11204/7/1 11203/7/1 11202/7/1
f 11205/7/2 11206/7/2 11207/7/2 11208/7/2
f 11201/7/3 11202/7/3 11206/7/3 11205/7/3
f 11204/7/4 11208/7/4 11207/7/4 11203/7/4
f 11201/7/5 11205/7/5 11208/7/5 11204/7/5
f 11202/7/6 11203/7/6 11207/7/6 11206/7/6
f 11209/48/1 11212/48/1 11211/48/1 11210/48/1
f 11213/48/2 11214/48/2 11215/48/2 11216/48/2
f 11209/48/3 11210/48/3 11214/48/3 11213/48/3
f 11212/48/4 11216/48/4 11215/48/4 11211/48/4
f 11209/48/5 11213/48/5 11216/48/5 11212/48/5
f 11210/48/6 11211/48/6 11215/48/6 11214/48/6
o SEAT_11
usemtl palette
f 11217/48/1 11220/48/1 11219/48/1 11218/48/1
f 11221/48/2 11222/48/2 11223/48/2 11224/48/2
f 11217/48/3 11218/48/3 11222/48/3 11221/48/3
f 11220/48/4 11224/48/4 11223/48/4 11219/48/4
f 11217/48/5 11221/48/5 11224/48/5 11220/48/5
f 11218/48/6 11219/48/6 11223/48/6 11222/48/6
o SEAT_12
usemtl palette
f 11225/48/1 11228/48/1 11227/48/1 11226/48/1
f 11229/48/2 11230/48/2 11231/48/2 11232/48/2
f 11225/48/3 11226/48/3 11230/48/3 11229/48/3
f 11228/48/4 11232/48/4 11231/48/4 11227/48/4
f 11225/48/5 11229/48/5 11232/48/5 11228/48/5
f 11226/48/6 11227/48/6 11231/48/6 11230/48/6
