# Pride Rail - tgv_inoui_front (generated by tools/voxtrain.py; Blockbench project in blockbench/)
mtllib tgv_inoui_front.mtl
v -11.0750 0.5000 -1.0830
v -10.8247 0.5000 -1.0830
v -10.8247 0.6014 -1.0830
v -11.0750 0.6014 -1.0830
v -11.0750 0.5000 1.0830
v -10.8247 0.5000 1.0830
v -10.8247 0.6014 1.0830
v -11.0750 0.6014 1.0830
v -10.8247 0.5000 -1.1430
v -10.6996 0.5000 -1.1430
v -10.6996 0.6014 -1.1430
v -10.8247 0.6014 -1.1430
v -10.8247 0.5000 1.1430
v -10.6996 0.5000 1.1430
v -10.6996 0.6014 1.1430
v -10.8247 0.6014 1.1430
v -10.6996 0.5000 -1.1380
v -10.5744 0.5000 -1.1380
v -10.5744 0.6014 -1.1380
v -10.6996 0.6014 -1.1380
v -10.6996 0.5000 1.1380
v -10.5744 0.5000 1.1380
v -10.5744 0.6014 1.1380
v -10.6996 0.6014 1.1380
v -10.5744 0.5000 -1.1730
v -10.4493 0.5000 -1.1730
v -10.4493 0.6014 -1.1730
v -10.5744 0.6014 -1.1730
v -10.5744 0.5000 1.1730
v -10.4493 0.5000 1.1730
v -10.4493 0.6014 1.1730
v -10.5744 0.6014 1.1730
v -6.9453 0.5000 -1.1730
v 4.5677 0.5000 -1.1730
v 4.5677 0.6014 -1.1730
v -6.9453 0.6014 -1.1730
v -6.9453 0.5000 1.1730
v 4.5677 0.5000 1.1730
v 4.5677 0.6014 1.1730
v -6.9453 0.6014 1.1730
v 4.5677 0.5000 -1.1730
v 4.6928 0.5000 -1.1730
v 4.6928 0.6014 -1.1730
v 4.5677 0.6014 -1.1730
v 4.5677 0.5000 1.1730
v 4.6928 0.5000 1.1730
v 4.6928 0.6014 1.1730
v 4.5677 0.6014 1.1730
v 4.6928 0.5000 -1.1720
v 4.8179 0.5000 -1.1720
v 4.8179 0.6014 -1.1720
v 4.6928 0.6014 -1.1720
v 4.6928 0.5000 1.1720
v 4.8179 0.5000 1.1720
v 4.8179 0.6014 1.1720
v 4.6928 0.6014 1.1720
v 4.8179 0.5000 -1.1710
v 4.9431 0.5000 -1.1710
v 4.9431 0.6014 -1.1710
v 4.8179 0.6014 -1.1710
v 4.8179 0.5000 1.1710
v 4.9431 0.5000 1.1710
v 4.9431 0.6014 1.1710
v 4.8179 0.6014 1.1710
v 4.9431 0.5000 -1.1700
v 5.0682 0.5000 -1.1700
v 5.0682 0.6014 -1.1700
v 4.9431 0.6014 -1.1700
v 4.9431 0.5000 1.1700
v 5.0682 0.5000 1.1700
v 5.0682 0.6014 1.1700
v 4.9431 0.6014 1.1700
v 5.0682 0.5000 -1.1680
v 5.1934 0.5000 -1.1680
v 5.1934 0.6014 -1.1680
v 5.0682 0.6014 -1.1680
v 5.0682 0.5000 1.1680
v 5.1934 0.5000 1.1680
v 5.1934 0.6014 1.1680
v 5.0682 0.6014 1.1680
v 5.1934 0.5000 -1.1660
v 5.3185 0.5000 -1.1660
v 5.3185 0.6014 -1.1660
v 5.1934 0.6014 -1.1660
v 5.1934 0.5000 1.1660
v 5.3185 0.5000 1.1660
v 5.3185 0.6014 1.1660
v 5.1934 0.6014 1.1660
v 5.3185 0.5000 -1.1640
v 5.4436 0.5000 -1.1640
v 5.4436 0.6014 -1.1640
v 5.3185 0.6014 -1.1640
v 5.3185 0.5000 1.1640
v 5.4436 0.5000 1.1640
v 5.4436 0.6014 1.1640
v 5.3185 0.6014 1.1640
v 5.4436 0.5000 -1.1610
v 5.5688 0.5000 -1.1610
v 5.5688 0.6014 -1.1610
v 5.4436 0.6014 -1.1610
v 5.4436 0.5000 1.1610
v 5.5688 0.5000 1.1610
v 5.5688 0.6014 1.1610
v 5.4436 0.6014 1.1610
v 5.5688 0.5000 -1.1570
v 5.6939 0.5000 -1.1570
v 5.6939 0.6014 -1.1570
v 5.5688 0.6014 -1.1570
v 5.5688 0.5000 1.1570
v 5.6939 0.5000 1.1570
v 5.6939 0.6014 1.1570
v 5.5688 0.6014 1.1570
v 5.6939 0.5000 -1.1530
v 5.8191 0.5000 -1.1530
v 5.8191 0.6014 -1.1530
v 5.6939 0.6014 -1.1530
v 5.6939 0.5000 1.1530
v 5.8191 0.5000 1.1530
v 5.8191 0.6014 1.1530
v 5.6939 0.6014 1.1530
v 5.8191 0.5000 -1.1490
v 5.9442 0.5000 -1.1490
v 5.9442 0.6014 -1.1490
v 5.8191 0.6014 -1.1490
v 5.8191 0.5000 1.1490
v 5.9442 0.5000 1.1490
v 5.9442 0.6014 1.1490
v 5.8191 0.6014 1.1490
v 5.9442 0.5000 -1.1440
v 6.0694 0.5000 -1.1440
v 6.0694 0.6014 -1.1440
v 5.9442 0.6014 -1.1440
v 5.9442 0.5000 1.1440
v 6.0694 0.5000 1.1440
v 6.0694 0.6014 1.1440
v 5.9442 0.6014 1.1440
v 6.0694 0.5000 -1.1390
v 6.1945 0.5000 -1.1390
v 6.1945 0.6014 -1.1390
v 6.0694 0.6014 -1.1390
v 6.0694 0.5000 1.1390
v 6.1945 0.5000 1.1390
v 6.1945 0.6014 1.1390
v 6.0694 0.6014 1.1390
v 6.1945 0.5000 -1.1330
v 6.3196 0.5000 -1.1330
v 6.3196 0.6014 -1.1330
v 6.1945 0.6014 -1.1330
v 6.1945 0.5000 1.1330
v 6.3196 0.5000 1.1330
v 6.3196 0.6014 1.1330
v 6.1945 0.6014 1.1330
v 6.3196 0.5000 -1.1270
v 6.4448 0.5000 -1.1270
v 6.4448 0.6014 -1.1270
v 6.3196 0.6014 -1.1270
v 6.3196 0.5000 1.1270
v 6.4448 0.5000 1.1270
v 6.4448 0.6014 1.1270
v 6.3196 0.6014 1.1270
v 6.4448 0.5000 -1.1210
v 6.5699 0.5000 -1.1210
v 6.5699 0.6014 -1.1210
v 6.4448 0.6014 -1.1210
v 6.4448 0.5000 1.1210
v 6.5699 0.5000 1.1210
v 6.5699 0.6014 1.1210
v 6.4448 0.6014 1.1210
v 6.5699 0.5000 -1.1140
v 6.6951 0.5000 -1.1140
v 6.6951 0.6014 -1.1140
v 6.5699 0.6014 -1.1140
v 6.5699 0.5000 1.1140
v 6.6951 0.5000 1.1140
v 6.6951 0.6014 1.1140
v 6.5699 0.6014 1.1140
v -11.0750 0.6014 -1.1410
v -10.8247 0.6014 -1.1410
v -10.8247 0.7029 -1.1410
v -11.0750 0.7029 -1.1410
v -11.0750 0.6014 1.1410
v -10.8247 0.6014 1.1410
v -10.8247 0.7029 1.1410
v -11.0750 0.7029 1.1410
v -10.8247 0.6014 -1.2010
v -10.6996 0.6014 -1.2010
v -10.6996 0.7029 -1.2010
v -10.8247 0.7029 -1.2010
v -10.8247 0.6014 1.2010
v -10.6996 0.6014 1.2010
v -10.6996 0.7029 1.2010
v -10.8247 0.7029 1.2010
v -10.6996 0.6014 -1.1960
v -10.5744 0.6014 -1.1960
v -10.5744 0.7029 -1.1960
v -10.6996 0.7029 -1.1960
v -10.6996 0.6014 1.1960
v -10.5744 0.6014 1.1960
v -10.5744 0.7029 1.1960
v -10.6996 0.7029 1.1960
v -10.5744 0.6014 -1.2310
v -10.4493 0.6014 -1.2310
v -10.4493 0.7029 -1.2310
v -10.5744 0.7029 -1.2310
v -10.5744 0.6014 1.2310
v -10.4493 0.6014 1.2310
v -10.4493 0.7029 1.2310
v -10.5744 0.7029 1.2310
v -6.9453 0.6014 -1.2310
v -4.4425 0.6014 -1.2310
v -4.4425 0.7029 -1.2310
v -6.9453 0.7029 -1.2310
v -6.9453 0.6014 1.2310
v -4.4425 0.6014 1.2310
v -4.4425 0.7029 1.2310
v -6.9453 0.7029 1.2310
v -4.4425 0.6014 -1.2310
v -4.3174 0.6014 -1.2310
v -4.3174 0.7029 -1.2310
v -4.4425 0.7029 -1.2310
v -4.4425 0.6014 1.2310
v -4.3174 0.6014 1.2310
v -4.3174 0.7029 1.2310
v -4.4425 0.7029 1.2310
v -4.3174 0.6014 -1.2310
v 2.1900 0.6014 -1.2310
v 2.1900 0.7029 -1.2310
v -4.3174 0.7029 -1.2310
v -4.3174 0.6014 1.2310
v 2.1900 0.6014 1.2310
v 2.1900 0.7029 1.2310
v -4.3174 0.7029 1.2310
v 2.1900 0.6014 -1.2310
v 2.3151 0.6014 -1.2310
v 2.3151 0.7029 -1.2310
v 2.1900 0.7029 -1.2310
v 2.1900 0.6014 1.2310
v 2.3151 0.6014 1.2310
v 2.3151 0.7029 1.2310
v 2.1900 0.7029 1.2310
v 2.3151 0.6014 -1.2310
v 4.5677 0.6014 -1.2310
v 4.5677 0.7029 -1.2310
v 2.3151 0.7029 -1.2310
v 2.3151 0.6014 1.2310
v 4.5677 0.6014 1.2310
v 4.5677 0.7029 1.2310
v 2.3151 0.7029 1.2310
v 4.5677 0.6014 -1.2310
v 4.8179 0.6014 -1.2310
v 4.8179 0.7029 -1.2310
v 4.5677 0.7029 -1.2310
v 4.5677 0.6014 1.2310
v 4.8179 0.6014 1.2310
v 4.8179 0.7029 1.2310
v 4.5677 0.7029 1.2310
v 4.8179 0.6014 -1.2300
v 4.9431 0.6014 -1.2300
v 4.9431 0.7029 -1.2300
v 4.8179 0.7029 -1.2300
v 4.8179 0.6014 1.2300
v 4.9431 0.6014 1.2300
v 4.9431 0.7029 1.2300
v 4.8179 0.7029 1.2300
v 4.9431 0.6014 -1.2280
v 5.0682 0.6014 -1.2280
v 5.0682 0.7029 -1.2280
v 4.9431 0.7029 -1.2280
v 4.9431 0.6014 1.2280
v 5.0682 0.6014 1.2280
v 5.0682 0.7029 1.2280
v 4.9431 0.7029 1.2280
v 5.0682 0.6014 -1.2270
v 5.1934 0.6014 -1.2270
v 5.1934 0.7029 -1.2270
v 5.0682 0.7029 -1.2270
v 5.0682 0.6014 1.2270
v 5.1934 0.6014 1.2270
v 5.1934 0.7029 1.2270
v 5.0682 0.7029 1.2270
v 5.1934 0.6014 -1.2240
v 5.3185 0.6014 -1.2240
v 5.3185 0.7029 -1.2240
v 5.1934 0.7029 -1.2240
v 5.1934 0.6014 1.2240
v 5.3185 0.6014 1.2240
v 5.3185 0.7029 1.2240
v 5.1934 0.7029 1.2240
v 5.3185 0.6014 -1.2220
v 5.4436 0.6014 -1.2220
v 5.4436 0.7029 -1.2220
v 5.3185 0.7029 -1.2220
v 5.3185 0.6014 1.2220
v 5.4436 0.6014 1.2220
v 5.4436 0.7029 1.2220
v 5.3185 0.7029 1.2220
v 5.4436 0.6014 -1.2190
v 5.5688 0.6014 -1.2190
v 5.5688 0.7029 -1.2190
v 5.4436 0.7029 -1.2190
v 5.4436 0.6014 1.2190
v 5.5688 0.6014 1.2190
v 5.5688 0.7029 1.2190
v 5.4436 0.7029 1.2190
v 5.5688 0.6014 -1.2150
v 5.6939 0.6014 -1.2150
v 5.6939 0.7029 -1.2150
v 5.5688 0.7029 -1.2150
v 5.5688 0.6014 1.2150
v 5.6939 0.6014 1.2150
v 5.6939 0.7029 1.2150
v 5.5688 0.7029 1.2150
v 5.6939 0.6014 -1.2110
v 5.8191 0.6014 -1.2110
v 5.8191 0.7029 -1.2110
v 5.6939 0.7029 -1.2110
v 5.6939 0.6014 1.2110
v 5.8191 0.6014 1.2110
v 5.8191 0.7029 1.2110
v 5.6939 0.7029 1.2110
v 5.8191 0.6014 -1.2060
v 5.9442 0.6014 -1.2060
v 5.9442 0.7029 -1.2060
v 5.8191 0.7029 -1.2060
v 5.8191 0.6014 1.2060
v 5.9442 0.6014 1.2060
v 5.9442 0.7029 1.2060
v 5.8191 0.7029 1.2060
v 5.9442 0.6014 -1.2010
v 6.0694 0.6014 -1.2010
v 6.0694 0.7029 -1.2010
v 5.9442 0.7029 -1.2010
v 5.9442 0.6014 1.2010
v 6.0694 0.6014 1.2010
v 6.0694 0.7029 1.2010
v 5.9442 0.7029 1.2010
v 6.0694 0.6014 -1.1960
v 6.1945 0.6014 -1.1960
v 6.1945 0.7029 -1.1960
v 6.0694 0.7029 -1.1960
v 6.0694 0.6014 1.1960
v 6.1945 0.6014 1.1960
v 6.1945 0.7029 1.1960
v 6.0694 0.7029 1.1960
v 6.1945 0.6014 -1.1900
v 6.3196 0.6014 -1.1900
v 6.3196 0.7029 -1.1900
v 6.1945 0.7029 -1.1900
v 6.1945 0.6014 1.1900
v 6.3196 0.6014 1.1900
v 6.3196 0.7029 1.1900
v 6.1945 0.7029 1.1900
v 6.3196 0.6014 -1.1840
v 6.4448 0.6014 -1.1840
v 6.4448 0.7029 -1.1840
v 6.3196 0.7029 -1.1840
v 6.3196 0.6014 1.1840
v 6.4448 0.6014 1.1840
v 6.4448 0.7029 1.1840
v 6.3196 0.7029 1.1840
v 6.4448 0.6014 -1.1770
v 6.5699 0.6014 -1.1770
v 6.5699 0.7029 -1.1770
v 6.4448 0.7029 -1.1770
v 6.4448 0.6014 1.1770
v 6.5699 0.6014 1.1770
v 6.5699 0.7029 1.1770
v 6.4448 0.7029 1.1770
v 6.5699 0.6014 -1.1690
v 6.6951 0.6014 -1.1690
v 6.6951 0.7029 -1.1690
v 6.5699 0.7029 -1.1690
v 6.5699 0.6014 1.1690
v 6.6951 0.6014 1.1690
v 6.6951 0.7029 1.1690
v 6.5699 0.7029 1.1690
v 6.6951 0.6014 -1.1620
v 6.8202 0.6014 -1.1620
v 6.8202 0.7029 -1.1620
v 6.6951 0.7029 -1.1620
v 6.6951 0.6014 1.1620
v 6.8202 0.6014 1.1620
v 6.8202 0.7029 1.1620
v 6.6951 0.7029 1.1620
v 6.8202 0.6014 -1.1540
v 6.9453 0.6014 -1.1540
v 6.9453 0.7029 -1.1540
v 6.8202 0.7029 -1.1540
v 6.8202 0.6014 1.1540
v 6.9453 0.6014 1.1540
v 6.9453 0.7029 1.1540
v 6.8202 0.7029 1.1540
v -11.0750 0.7029 -1.1900
v -10.8247 0.7029 -1.1900
v -10.8247 0.8043 -1.1900
v -11.0750 0.8043 -1.1900
v -11.0750 0.7029 1.1900
v -10.8247 0.7029 1.1900
v -10.8247 0.8043 1.1900
v -11.0750 0.8043 1.1900
v -10.8247 0.7029 -1.2500
v -10.6996 0.7029 -1.2500
v -10.6996 0.8043 -1.2500
v -10.8247 0.8043 -1.2500
v -10.8247 0.7029 1.2500
v -10.6996 0.7029 1.2500
v -10.6996 0.8043 1.2500
v -10.8247 0.8043 1.2500
v -10.6996 0.7029 -1.2450
v -10.5744 0.7029 -1.2450
v -10.5744 0.8043 -1.2450
v -10.6996 0.8043 -1.2450
v -10.6996 0.7029 1.2450
v -10.5744 0.7029 1.2450
v -10.5744 0.8043 1.2450
v -10.6996 0.8043 1.2450
v -10.5744 0.7029 -1.2800
v -10.4493 0.7029 -1.2800
v -10.4493 0.8043 -1.2800
v -10.5744 0.8043 -1.2800
v -10.5744 0.7029 1.2800
v -10.4493 0.7029 1.2800
v -10.4493 0.8043 1.2800
v -10.5744 0.8043 1.2800
v -6.9453 0.7029 -1.2800
v -4.4425 0.7029 -1.2800
v -4.4425 0.8043 -1.2800
v -6.9453 0.8043 -1.2800
v -6.9453 0.7029 1.2800
v -4.4425 0.7029 1.2800
v -4.4425 0.8043 1.2800
v -6.9453 0.8043 1.2800
v -4.4425 0.7029 -1.2800
v -4.3174 0.7029 -1.2800
v -4.3174 0.8043 -1.2800
v -4.4425 0.8043 -1.2800
v -4.4425 0.7029 1.2800
v -4.3174 0.7029 1.2800
v -4.3174 0.8043 1.2800
v -4.4425 0.8043 1.2800
v -4.3174 0.7029 -1.2800
v 2.1900 0.7029 -1.2800
v 2.1900 0.8043 -1.2800
v -4.3174 0.8043 -1.2800
v -4.3174 0.7029 1.2800
v 2.1900 0.7029 1.2800
v 2.1900 0.8043 1.2800
v -4.3174 0.8043 1.2800
v 2.1900 0.7029 -1.2800
v 2.3151 0.7029 -1.2800
v 2.3151 0.8043 -1.2800
v 2.1900 0.8043 -1.2800
v 2.1900 0.7029 1.2800
v 2.3151 0.7029 1.2800
v 2.3151 0.8043 1.2800
v 2.1900 0.8043 1.2800
v 2.3151 0.7029 -1.2800
v 4.5677 0.7029 -1.2800
v 4.5677 0.8043 -1.2800
v 2.3151 0.8043 -1.2800
v 2.3151 0.7029 1.2800
v 4.5677 0.7029 1.2800
v 4.5677 0.8043 1.2800
v 2.3151 0.8043 1.2800
v 4.5677 0.7029 -1.2800
v 4.8179 0.7029 -1.2800
v 4.8179 0.8043 -1.2800
v 4.5677 0.8043 -1.2800
v 4.5677 0.7029 1.2800
v 4.8179 0.7029 1.2800
v 4.8179 0.8043 1.2800
v 4.5677 0.8043 1.2800
v 4.8179 0.7029 -1.2790
v 4.9431 0.7029 -1.2790
v 4.9431 0.8043 -1.2790
v 4.8179 0.8043 -1.2790
v 4.8179 0.7029 1.2790
v 4.9431 0.7029 1.2790
v 4.9431 0.8043 1.2790
v 4.8179 0.8043 1.2790
v 4.9431 0.7029 -1.2780
v 5.0682 0.7029 -1.2780
v 5.0682 0.8043 -1.2780
v 4.9431 0.8043 -1.2780
v 4.9431 0.7029 1.2780
v 5.0682 0.7029 1.2780
v 5.0682 0.8043 1.2780
v 4.9431 0.8043 1.2780
v 5.0682 0.7029 -1.2760
v 5.1934 0.7029 -1.2760
v 5.1934 0.8043 -1.2760
v 5.0682 0.8043 -1.2760
v 5.0682 0.7029 1.2760
v 5.1934 0.7029 1.2760
v 5.1934 0.8043 1.2760
v 5.0682 0.8043 1.2760
v 5.1934 0.7029 -1.2730
v 5.3185 0.7029 -1.2730
v 5.3185 0.8043 -1.2730
v 5.1934 0.8043 -1.2730
v 5.1934 0.7029 1.2730
v 5.3185 0.7029 1.2730
v 5.3185 0.8043 1.2730
v 5.1934 0.8043 1.2730
v 5.3185 0.7029 -1.2710
v 5.4436 0.7029 -1.2710
v 5.4436 0.8043 -1.2710
v 5.3185 0.8043 -1.2710
v 5.3185 0.7029 1.2710
v 5.4436 0.7029 1.2710
v 5.4436 0.8043 1.2710
v 5.3185 0.8043 1.2710
v 5.4436 0.7029 -1.2670
v 5.5688 0.7029 -1.2670
v 5.5688 0.8043 -1.2670
v 5.4436 0.8043 -1.2670
v 5.4436 0.7029 1.2670
v 5.5688 0.7029 1.2670
v 5.5688 0.8043 1.2670
v 5.4436 0.8043 1.2670
v 5.5688 0.7029 -1.2640
v 5.6939 0.7029 -1.2640
v 5.6939 0.8043 -1.2640
v 5.5688 0.8043 -1.2640
v 5.5688 0.7029 1.2640
v 5.6939 0.7029 1.2640
v 5.6939 0.8043 1.2640
v 5.5688 0.8043 1.2640
v 5.6939 0.7029 -1.2590
v 5.8191 0.7029 -1.2590
v 5.8191 0.8043 -1.2590
v 5.6939 0.8043 -1.2590
v 5.6939 0.7029 1.2590
v 5.8191 0.7029 1.2590
v 5.8191 0.8043 1.2590
v 5.6939 0.8043 1.2590
v 5.8191 0.7029 -1.2550
v 5.9442 0.7029 -1.2550
v 5.9442 0.8043 -1.2550
v 5.8191 0.8043 -1.2550
v 5.8191 0.7029 1.2550
v 5.9442 0.7029 1.2550
v 5.9442 0.8043 1.2550
v 5.8191 0.8043 1.2550
v 5.9442 0.7029 -1.2490
v 6.0694 0.7029 -1.2490
v 6.0694 0.8043 -1.2490
v 5.9442 0.8043 -1.2490
v 5.9442 0.7029 1.2490
v 6.0694 0.7029 1.2490
v 6.0694 0.8043 1.2490
v 5.9442 0.8043 1.2490
v 6.0694 0.7029 -1.2440
v 6.1945 0.7029 -1.2440
v 6.1945 0.8043 -1.2440
v 6.0694 0.8043 -1.2440
v 6.0694 0.7029 1.2440
v 6.1945 0.7029 1.2440
v 6.1945 0.8043 1.2440
v 6.0694 0.8043 1.2440
v 6.1945 0.7029 -1.2380
v 6.3196 0.7029 -1.2380
v 6.3196 0.8043 -1.2380
v 6.1945 0.8043 -1.2380
v 6.1945 0.7029 1.2380
v 6.3196 0.7029 1.2380
v 6.3196 0.8043 1.2380
v 6.1945 0.8043 1.2380
v 6.3196 0.7029 -1.2310
v 6.4448 0.7029 -1.2310
v 6.4448 0.8043 -1.2310
v 6.3196 0.8043 -1.2310
v 6.3196 0.7029 1.2310
v 6.4448 0.7029 1.2310
v 6.4448 0.8043 1.2310
v 6.3196 0.8043 1.2310
v 6.4448 0.7029 -1.2240
v 6.5699 0.7029 -1.2240
v 6.5699 0.8043 -1.2240
v 6.4448 0.8043 -1.2240
v 6.4448 0.7029 1.2240
v 6.5699 0.7029 1.2240
v 6.5699 0.8043 1.2240
v 6.4448 0.8043 1.2240
v 6.5699 0.7029 -1.2160
v 6.6951 0.7029 -1.2160
v 6.6951 0.8043 -1.2160
v 6.5699 0.8043 -1.2160
v 6.5699 0.7029 1.2160
v 6.6951 0.7029 1.2160
v 6.6951 0.8043 1.2160
v 6.5699 0.8043 1.2160
v 6.6951 0.7029 -1.2080
v 6.8202 0.7029 -1.2080
v 6.8202 0.8043 -1.2080
v 6.6951 0.8043 -1.2080
v 6.6951 0.7029 1.2080
v 6.8202 0.7029 1.2080
v 6.8202 0.8043 1.2080
v 6.6951 0.8043 1.2080
v 6.8202 0.7029 -1.2000
v 6.9453 0.7029 -1.2000
v 6.9453 0.8043 -1.2000
v 6.8202 0.8043 -1.2000
v 6.8202 0.7029 1.2000
v 6.9453 0.7029 1.2000
v 6.9453 0.8043 1.2000
v 6.8202 0.8043 1.2000
v -11.0750 0.8043 -1.2310
v -10.8247 0.8043 -1.2310
v -10.8247 0.9057 -1.2310
v -11.0750 0.9057 -1.2310
v -11.0750 0.8043 1.2310
v -10.8247 0.8043 1.2310
v -10.8247 0.9057 1.2310
v -11.0750 0.9057 1.2310
v -10.8247 0.8043 -1.2910
v -10.6996 0.8043 -1.2910
v -10.6996 0.9057 -1.2910
v -10.8247 0.9057 -1.2910
v -10.8247 0.8043 1.2910
v -10.6996 0.8043 1.2910
v -10.6996 0.9057 1.2910
v -10.8247 0.9057 1.2910
v -10.6996 0.8043 -1.2860
v -10.5744 0.8043 -1.2860
v -10.5744 0.9057 -1.2860
v -10.6996 0.9057 -1.2860
v -10.6996 0.8043 1.2860
v -10.5744 0.8043 1.2860
v -10.5744 0.9057 1.2860
v -10.6996 0.9057 1.2860
v -10.5744 0.8043 -1.3210
v -10.4493 0.8043 -1.3210
v -10.4493 0.9057 -1.3210
v -10.5744 0.9057 -1.3210
v -10.5744 0.8043 1.3210
v -10.4493 0.8043 1.3210
v -10.4493 0.9057 1.3210
v -10.5744 0.9057 1.3210
v -6.9453 0.8043 -1.3210
v -4.4425 0.8043 -1.3210
v -4.4425 0.9057 -1.3210
v -6.9453 0.9057 -1.3210
v -6.9453 0.8043 1.3210
v -4.4425 0.8043 1.3210
v -4.4425 0.9057 1.3210
v -6.9453 0.9057 1.3210
v -4.4425 0.8043 -1.3210
v -4.3174 0.8043 -1.3210
v -4.3174 0.9057 -1.3210
v -4.4425 0.9057 -1.3210
v -4.4425 0.8043 1.3210
v -4.3174 0.8043 1.3210
v -4.3174 0.9057 1.3210
v -4.4425 0.9057 1.3210
v -4.3174 0.8043 -1.3210
v 2.1900 0.8043 -1.3210
v 2.1900 0.9057 -1.3210
v -4.3174 0.9057 -1.3210
v -4.3174 0.8043 1.3210
v 2.1900 0.8043 1.3210
v 2.1900 0.9057 1.3210
v -4.3174 0.9057 1.3210
v 2.1900 0.8043 -1.3210
v 2.3151 0.8043 -1.3210
v 2.3151 0.9057 -1.3210
v 2.1900 0.9057 -1.3210
v 2.1900 0.8043 1.3210
v 2.3151 0.8043 1.3210
v 2.3151 0.9057 1.3210
v 2.1900 0.9057 1.3210
v 2.3151 0.8043 -1.3210
v 4.5677 0.8043 -1.3210
v 4.5677 0.9057 -1.3210
v 2.3151 0.9057 -1.3210
v 2.3151 0.8043 1.3210
v 4.5677 0.8043 1.3210
v 4.5677 0.9057 1.3210
v 2.3151 0.9057 1.3210
v 4.5677 0.8043 -1.3210
v 4.6928 0.8043 -1.3210
v 4.6928 0.9057 -1.3210
v 4.5677 0.9057 -1.3210
v 4.5677 0.8043 1.3210
v 4.6928 0.8043 1.3210
v 4.6928 0.9057 1.3210
v 4.5677 0.9057 1.3210
v 4.6928 0.8043 -1.3200
v 4.8179 0.8043 -1.3200
v 4.8179 0.9057 -1.3200
v 4.6928 0.9057 -1.3200
v 4.6928 0.8043 1.3200
v 4.8179 0.8043 1.3200
v 4.8179 0.9057 1.3200
v 4.6928 0.9057 1.3200
v 4.8179 0.8043 -1.3190
v 4.9431 0.8043 -1.3190
v 4.9431 0.9057 -1.3190
v 4.8179 0.9057 -1.3190
v 4.8179 0.8043 1.3190
v 4.9431 0.8043 1.3190
v 4.9431 0.9057 1.3190
v 4.8179 0.9057 1.3190
v 4.9431 0.8043 -1.3180
v 5.0682 0.8043 -1.3180
v 5.0682 0.9057 -1.3180
v 4.9431 0.9057 -1.3180
v 4.9431 0.8043 1.3180
v 5.0682 0.8043 1.3180
v 5.0682 0.9057 1.3180
v 4.9431 0.9057 1.3180
v 5.0682 0.8043 -1.3160
v 5.1934 0.8043 -1.3160
v 5.1934 0.9057 -1.3160
v 5.0682 0.9057 -1.3160
v 5.0682 0.8043 1.3160
v 5.1934 0.8043 1.3160
v 5.1934 0.9057 1.3160
v 5.0682 0.9057 1.3160
v 5.1934 0.8043 -1.3130
v 5.3185 0.8043 -1.3130
v 5.3185 0.9057 -1.3130
v 5.1934 0.9057 -1.3130
v 5.1934 0.8043 1.3130
v 5.3185 0.8043 1.3130
v 5.3185 0.9057 1.3130
v 5.1934 0.9057 1.3130
v 5.3185 0.8043 -1.3110
v 5.4436 0.8043 -1.3110
v 5.4436 0.9057 -1.3110
v 5.3185 0.9057 -1.3110
v 5.3185 0.8043 1.3110
v 5.4436 0.8043 1.3110
v 5.4436 0.9057 1.3110
v 5.3185 0.9057 1.3110
v 5.4436 0.8043 -1.3070
v 5.5688 0.8043 -1.3070
v 5.5688 0.9057 -1.3070
v 5.4436 0.9057 -1.3070
v 5.4436 0.8043 1.3070
v 5.5688 0.8043 1.3070
v 5.5688 0.9057 1.3070
v 5.4436 0.9057 1.3070
v 5.5688 0.8043 -1.3030
v 5.6939 0.8043 -1.3030
v 5.6939 0.9057 -1.3030
v 5.5688 0.9057 -1.3030
v 5.5688 0.8043 1.3030
v 5.6939 0.8043 1.3030
v 5.6939 0.9057 1.3030
v 5.5688 0.9057 1.3030
v 5.6939 0.8043 -1.2990
v 5.8191 0.8043 -1.2990
v 5.8191 0.9057 -1.2990
v 5.6939 0.9057 -1.2990
v 5.6939 0.8043 1.2990
v 5.8191 0.8043 1.2990
v 5.8191 0.9057 1.2990
v 5.6939 0.9057 1.2990
v 5.8191 0.8043 -1.2940
v 5.9442 0.8043 -1.2940
v 5.9442 0.9057 -1.2940
v 5.8191 0.9057 -1.2940
v 5.8191 0.8043 1.2940
v 5.9442 0.8043 1.2940
v 5.9442 0.9057 1.2940
v 5.8191 0.9057 1.2940
v 5.9442 0.8043 -1.2890
v 6.0694 0.8043 -1.2890
v 6.0694 0.9057 -1.2890
v 5.9442 0.9057 -1.2890
v 5.9442 0.8043 1.2890
v 6.0694 0.8043 1.2890
v 6.0694 0.9057 1.2890
v 5.9442 0.9057 1.2890
v 6.0694 0.8043 -1.2830
v 6.1945 0.8043 -1.2830
v 6.1945 0.9057 -1.2830
v 6.0694 0.9057 -1.2830
v 6.0694 0.8043 1.2830
v 6.1945 0.8043 1.2830
v 6.1945 0.9057 1.2830
v 6.0694 0.9057 1.2830
v 6.1945 0.8043 -1.2760
v 6.3196 0.8043 -1.2760
v 6.3196 0.9057 -1.2760
v 6.1945 0.9057 -1.2760
v 6.1945 0.8043 1.2760
v 6.3196 0.8043 1.2760
v 6.3196 0.9057 1.2760
v 6.1945 0.9057 1.2760
v 6.3196 0.8043 -1.2700
v 6.4448 0.8043 -1.2700
v 6.4448 0.9057 -1.2700
v 6.3196 0.9057 -1.2700
v 6.3196 0.8043 1.2700
v 6.4448 0.8043 1.2700
v 6.4448 0.9057 1.2700
v 6.3196 0.9057 1.2700
v 6.4448 0.8043 -1.2620
v 6.5699 0.8043 -1.2620
v 6.5699 0.9057 -1.2620
v 6.4448 0.9057 -1.2620
v 6.4448 0.8043 1.2620
v 6.5699 0.8043 1.2620
v 6.5699 0.9057 1.2620
v 6.4448 0.9057 1.2620
v 6.5699 0.8043 -1.2540
v 6.6951 0.8043 -1.2540
v 6.6951 0.9057 -1.2540
v 6.5699 0.9057 -1.2540
v 6.5699 0.8043 1.2540
v 6.6951 0.8043 1.2540
v 6.6951 0.9057 1.2540
v 6.5699 0.9057 1.2540
v 6.6951 0.8043 -1.2460
v 6.8202 0.8043 -1.2460
v 6.8202 0.9057 -1.2460
v 6.6951 0.9057 -1.2460
v 6.6951 0.8043 1.2460
v 6.8202 0.8043 1.2460
v 6.8202 0.9057 1.2460
v 6.6951 0.9057 1.2460
v 6.8202 0.8043 -1.2370
v 6.9453 0.8043 -1.2370
v 6.9453 0.9057 -1.2370
v 6.8202 0.9057 -1.2370
v 6.8202 0.8043 1.2370
v 6.9453 0.8043 1.2370
v 6.9453 0.9057 1.2370
v 6.8202 0.9057 1.2370
v -11.0750 0.9057 -1.2620
v -10.8247 0.9057 -1.2620
v -10.8247 1.0071 -1.2620
v -11.0750 1.0071 -1.2620
v -11.0750 0.9057 1.2620
v -10.8247 0.9057 1.2620
v -10.8247 1.0071 1.2620
v -11.0750 1.0071 1.2620
v -10.8247 0.9057 -1.3220
v -10.6996 0.9057 -1.3220
v -10.6996 1.0071 -1.3220
v -10.8247 1.0071 -1.3220
v -10.8247 0.9057 1.3220
v -10.6996 0.9057 1.3220
v -10.6996 1.0071 1.3220
v -10.8247 1.0071 1.3220
v -10.6996 0.9057 -1.3170
v -10.5744 0.9057 -1.3170
v -10.5744 1.0071 -1.3170
v -10.6996 1.0071 -1.3170
v -10.6996 0.9057 1.3170
v -10.5744 0.9057 1.3170
v -10.5744 1.0071 1.3170
v -10.6996 1.0071 1.3170
v -10.5744 0.9057 -1.3520
v -10.4493 0.9057 -1.3520
v -10.4493 1.0071 -1.3520
v -10.5744 1.0071 -1.3520
v -10.5744 0.9057 1.3520
v -10.4493 0.9057 1.3520
v -10.4493 1.0071 1.3520
v -10.5744 1.0071 1.3520
v -6.9453 0.9057 -1.3520
v -4.4425 0.9057 -1.3520
v -4.4425 1.0071 -1.3520
v -6.9453 1.0071 -1.3520
v -6.9453 0.9057 1.3520
v -4.4425 0.9057 1.3520
v -4.4425 1.0071 1.3520
v -6.9453 1.0071 1.3520
v -4.4425 0.9057 -1.3520
v -4.3174 0.9057 -1.3520
v -4.3174 1.0071 -1.3520
v -4.4425 1.0071 -1.3520
v -4.4425 0.9057 1.3520
v -4.3174 0.9057 1.3520
v -4.3174 1.0071 1.3520
v -4.4425 1.0071 1.3520
v -4.3174 0.9057 -1.3520
v 2.1900 0.9057 -1.3520
v 2.1900 1.0071 -1.3520
v -4.3174 1.0071 -1.3520
v -4.3174 0.9057 1.3520
v 2.1900 0.9057 1.3520
v 2.1900 1.0071 1.3520
v -4.3174 1.0071 1.3520
v 2.1900 0.9057 -1.3520
v 2.3151 0.9057 -1.3520
v 2.3151 1.0071 -1.3520
v 2.1900 1.0071 -1.3520
v 2.1900 0.9057 1.3520
v 2.3151 0.9057 1.3520
v 2.3151 1.0071 1.3520
v 2.1900 1.0071 1.3520
v 2.3151 0.9057 -1.3520
v 4.5677 0.9057 -1.3520
v 4.5677 1.0071 -1.3520
v 2.3151 1.0071 -1.3520
v 2.3151 0.9057 1.3520
v 4.5677 0.9057 1.3520
v 4.5677 1.0071 1.3520
v 2.3151 1.0071 1.3520
v 4.5677 0.9057 -1.3520
v 4.6928 0.9057 -1.3520
v 4.6928 1.0071 -1.3520
v 4.5677 1.0071 -1.3520
v 4.5677 0.9057 1.3520
v 4.6928 0.9057 1.3520
v 4.6928 1.0071 1.3520
v 4.5677 1.0071 1.3520
v 4.6928 0.9057 -1.3510
v 4.8179 0.9057 -1.3510
v 4.8179 1.0071 -1.3510
v 4.6928 1.0071 -1.3510
v 4.6928 0.9057 1.3510
v 4.8179 0.9057 1.3510
v 4.8179 1.0071 1.3510
v 4.6928 1.0071 1.3510
v 4.8179 0.9057 -1.3500
v 4.9431 0.9057 -1.3500
v 4.9431 1.0071 -1.3500
v 4.8179 1.0071 -1.3500
v 4.8179 0.9057 1.3500
v 4.9431 0.9057 1.3500
v 4.9431 1.0071 1.3500
v 4.8179 1.0071 1.3500
v 4.9431 0.9057 -1.3490
v 5.0682 0.9057 -1.3490
v 5.0682 1.0071 -1.3490
v 4.9431 1.0071 -1.3490
v 4.9431 0.9057 1.3490
v 5.0682 0.9057 1.3490
v 5.0682 1.0071 1.3490
v 4.9431 1.0071 1.3490
v 5.0682 0.9057 -1.3470
v 5.1934 0.9057 -1.3470
v 5.1934 1.0071 -1.3470
v 5.0682 1.0071 -1.3470
v 5.0682 0.9057 1.3470
v 5.1934 0.9057 1.3470
v 5.1934 1.0071 1.3470
v 5.0682 1.0071 1.3470
v 5.1934 0.9057 -1.3440
v 5.3185 0.9057 -1.3440
v 5.3185 1.0071 -1.3440
v 5.1934 1.0071 -1.3440
v 5.1934 0.9057 1.3440
v 5.3185 0.9057 1.3440
v 5.3185 1.0071 1.3440
v 5.1934 1.0071 1.3440
v 5.3185 0.9057 -1.3410
v 5.4436 0.9057 -1.3410
v 5.4436 1.0071 -1.3410
v 5.3185 1.0071 -1.3410
v 5.3185 0.9057 1.3410
v 5.4436 0.9057 1.3410
v 5.4436 1.0071 1.3410
v 5.3185 1.0071 1.3410
v 5.4436 0.9057 -1.3380
v 5.5688 0.9057 -1.3380
v 5.5688 1.0071 -1.3380
v 5.4436 1.0071 -1.3380
v 5.4436 0.9057 1.3380
v 5.5688 0.9057 1.3380
v 5.5688 1.0071 1.3380
v 5.4436 1.0071 1.3380
v 5.5688 0.9057 -1.3340
v 5.6939 0.9057 -1.3340
v 5.6939 1.0071 -1.3340
v 5.5688 1.0071 -1.3340
v 5.5688 0.9057 1.3340
v 5.6939 0.9057 1.3340
v 5.6939 1.0071 1.3340
v 5.5688 1.0071 1.3340
v 5.6939 0.9057 -1.3290
v 5.8191 0.9057 -1.3290
v 5.8191 1.0071 -1.3290
v 5.6939 1.0071 -1.3290
v 5.6939 0.9057 1.3290
v 5.8191 0.9057 1.3290
v 5.8191 1.0071 1.3290
v 5.6939 1.0071 1.3290
v 5.8191 0.9057 -1.3240
v 5.9442 0.9057 -1.3240
v 5.9442 1.0071 -1.3240
v 5.8191 1.0071 -1.3240
v 5.8191 0.9057 1.3240
v 5.9442 0.9057 1.3240
v 5.9442 1.0071 1.3240
v 5.8191 1.0071 1.3240
v 5.9442 0.9057 -1.3190
v 6.0694 0.9057 -1.3190
v 6.0694 1.0071 -1.3190
v 5.9442 1.0071 -1.3190
v 5.9442 0.9057 1.3190
v 6.0694 0.9057 1.3190
v 6.0694 1.0071 1.3190
v 5.9442 1.0071 1.3190
v 6.0694 0.9057 -1.3130
v 6.1945 0.9057 -1.3130
v 6.1945 1.0071 -1.3130
v 6.0694 1.0071 -1.3130
v 6.0694 0.9057 1.3130
v 6.1945 0.9057 1.3130
v 6.1945 1.0071 1.3130
v 6.0694 1.0071 1.3130
v 6.1945 0.9057 -1.3060
v 6.3196 0.9057 -1.3060
v 6.3196 1.0071 -1.3060
v 6.1945 1.0071 -1.3060
v 6.1945 0.9057 1.3060
v 6.3196 0.9057 1.3060
v 6.3196 1.0071 1.3060
v 6.1945 1.0071 1.3060
v 6.3196 0.9057 -1.2990
v 6.4448 0.9057 -1.2990
v 6.4448 1.0071 -1.2990
v 6.3196 1.0071 -1.2990
v 6.3196 0.9057 1.2990
v 6.4448 0.9057 1.2990
v 6.4448 1.0071 1.2990
v 6.3196 1.0071 1.2990
v 6.4448 0.9057 -1.2920
v 6.5699 0.9057 -1.2920
v 6.5699 1.0071 -1.2920
v 6.4448 1.0071 -1.2920
v 6.4448 0.9057 1.2920
v 6.5699 0.9057 1.2920
v 6.5699 1.0071 1.2920
v 6.4448 1.0071 1.2920
v 6.5699 0.9057 -1.2840
v 6.6951 0.9057 -1.2840
v 6.6951 1.0071 -1.2840
v 6.5699 1.0071 -1.2840
v 6.5699 0.9057 1.2840
v 6.6951 0.9057 1.2840
v 6.6951 1.0071 1.2840
v 6.5699 1.0071 1.2840
v 6.6951 0.9057 -1.2750
v 6.8202 0.9057 -1.2750
v 6.8202 1.0071 -1.2750
v 6.6951 1.0071 -1.2750
v 6.6951 0.9057 1.2750
v 6.8202 0.9057 1.2750
v 6.8202 1.0071 1.2750
v 6.6951 1.0071 1.2750
v 6.8202 0.9057 -1.2670
v 6.9453 0.9057 -1.2670
v 6.9453 1.0071 -1.2670
v 6.8202 1.0071 -1.2670
v 6.8202 0.9057 1.2670
v 6.9453 0.9057 1.2670
v 6.9453 1.0071 1.2670
v 6.8202 1.0071 1.2670
v 10.4493 0.9057 -0.7880
v 10.5744 0.9057 -0.7880
v 10.5744 1.0071 -0.7880
v 10.4493 1.0071 -0.7880
v 10.4493 0.9057 0.7880
v 10.5744 0.9057 0.7880
v 10.5744 1.0071 0.7880
v 10.4493 1.0071 0.7880
v 10.5744 0.9057 -0.7640
v 10.6996 0.9057 -0.7640
v 10.6996 1.0071 -0.7640
v 10.5744 1.0071 -0.7640
v 10.5744 0.9057 0.7640
v 10.6996 0.9057 0.7640
v 10.6996 1.0071 0.7640
v 10.5744 1.0071 0.7640
v 10.6996 0.9057 -0.7390
v 10.8247 0.9057 -0.7390
v 10.8247 1.0071 -0.7390
v 10.6996 1.0071 -0.7390
v 10.6996 0.9057 0.7390
v 10.8247 0.9057 0.7390
v 10.8247 1.0071 0.7390
v 10.6996 1.0071 0.7390
v 10.8247 0.9057 -0.7070
v 10.9499 0.9057 -0.7070
v 10.9499 1.0071 -0.7070
v 10.8247 1.0071 -0.7070
v 10.8247 0.9057 0.7070
v 10.9499 0.9057 0.7070
v 10.9499 1.0071 0.7070
v 10.8247 1.0071 0.7070
v 10.9499 0.9057 -0.6620
v 11.0750 0.9057 -0.6620
v 11.0750 1.0071 -0.6620
v 10.9499 1.0071 -0.6620
v 10.9499 0.9057 0.6620
v 11.0750 0.9057 0.6620
v 11.0750 1.0071 0.6620
v 10.9499 1.0071 0.6620
v -11.0750 1.0071 -1.2840
v -10.8247 1.0071 -1.2840
v -10.8247 1.1086 -1.2840
v -11.0750 1.1086 -1.2840
v -11.0750 1.0071 1.2840
v -10.8247 1.0071 1.2840
v -10.8247 1.1086 1.2840
v -11.0750 1.1086 1.2840
v -10.8247 1.0071 -1.3440
v -10.6996 1.0071 -1.3440
v -10.6996 1.1086 -1.3440
v -10.8247 1.1086 -1.3440
v -10.8247 1.0071 1.3440
v -10.6996 1.0071 1.3440
v -10.6996 1.1086 1.3440
v -10.8247 1.1086 1.3440
v -10.6996 1.0071 -1.3390
v -10.5744 1.0071 -1.3390
v -10.5744 1.1086 -1.3390
v -10.6996 1.1086 -1.3390
v -10.6996 1.0071 1.3390
v -10.5744 1.0071 1.3390
v -10.5744 1.1086 1.3390
v -10.6996 1.1086 1.3390
v -10.5744 1.0071 -1.3740
v -10.4493 1.0071 -1.3740
v -10.4493 1.1086 -1.3740
v -10.5744 1.1086 -1.3740
v -10.5744 1.0071 1.3740
v -10.4493 1.0071 1.3740
v -10.4493 1.1086 1.3740
v -10.5744 1.1086 1.3740
v -6.9453 1.0071 -1.3740
v -4.4425 1.0071 -1.3740
v -4.4425 1.1086 -1.3740
v -6.9453 1.1086 -1.3740
v -6.9453 1.0071 1.3740
v -4.4425 1.0071 1.3740
v -4.4425 1.1086 1.3740
v -6.9453 1.1086 1.3740
v -4.4425 1.0071 -1.3740
v -4.3174 1.0071 -1.3740
v -4.3174 1.1086 -1.3740
v -4.4425 1.1086 -1.3740
v -4.4425 1.0071 1.3740
v -4.3174 1.0071 1.3740
v -4.3174 1.1086 1.3740
v -4.4425 1.1086 1.3740
v -4.3174 1.0071 -1.3740
v 2.1900 1.0071 -1.3740
v 2.1900 1.1086 -1.3740
v -4.3174 1.1086 -1.3740
v -4.3174 1.0071 1.3740
v 2.1900 1.0071 1.3740
v 2.1900 1.1086 1.3740
v -4.3174 1.1086 1.3740
v 2.1900 1.0071 -1.3740
v 2.3151 1.0071 -1.3740
v 2.3151 1.1086 -1.3740
v 2.1900 1.1086 -1.3740
v 2.1900 1.0071 1.3740
v 2.3151 1.0071 1.3740
v 2.3151 1.1086 1.3740
v 2.1900 1.1086 1.3740
v 2.3151 1.0071 -1.3740
v 4.5677 1.0071 -1.3740
v 4.5677 1.1086 -1.3740
v 2.3151 1.1086 -1.3740
v 2.3151 1.0071 1.3740
v 4.5677 1.0071 1.3740
v 4.5677 1.1086 1.3740
v 2.3151 1.1086 1.3740
v 4.5677 1.0071 -1.3740
v 4.6928 1.0071 -1.3740
v 4.6928 1.1086 -1.3740
v 4.5677 1.1086 -1.3740
v 4.5677 1.0071 1.3740
v 4.6928 1.0071 1.3740
v 4.6928 1.1086 1.3740
v 4.5677 1.1086 1.3740
v 4.6928 1.0071 -1.3730
v 4.8179 1.0071 -1.3730
v 4.8179 1.1086 -1.3730
v 4.6928 1.1086 -1.3730
v 4.6928 1.0071 1.3730
v 4.8179 1.0071 1.3730
v 4.8179 1.1086 1.3730
v 4.6928 1.1086 1.3730
v 4.8179 1.0071 -1.3720
v 4.9431 1.0071 -1.3720
v 4.9431 1.1086 -1.3720
v 4.8179 1.1086 -1.3720
v 4.8179 1.0071 1.3720
v 4.9431 1.0071 1.3720
v 4.9431 1.1086 1.3720
v 4.8179 1.1086 1.3720
v 4.9431 1.0071 -1.3710
v 5.0682 1.0071 -1.3710
v 5.0682 1.1086 -1.3710
v 4.9431 1.1086 -1.3710
v 4.9431 1.0071 1.3710
v 5.0682 1.0071 1.3710
v 5.0682 1.1086 1.3710
v 4.9431 1.1086 1.3710
v 5.0682 1.0071 -1.3690
v 5.1934 1.0071 -1.3690
v 5.1934 1.1086 -1.3690
v 5.0682 1.1086 -1.3690
v 5.0682 1.0071 1.3690
v 5.1934 1.0071 1.3690
v 5.1934 1.1086 1.3690
v 5.0682 1.1086 1.3690
v 5.1934 1.0071 -1.3660
v 5.3185 1.0071 -1.3660
v 5.3185 1.1086 -1.3660
v 5.1934 1.1086 -1.3660
v 5.1934 1.0071 1.3660
v 5.3185 1.0071 1.3660
v 5.3185 1.1086 1.3660
v 5.1934 1.1086 1.3660
v 5.3185 1.0071 -1.3630
v 5.4436 1.0071 -1.3630
v 5.4436 1.1086 -1.3630
v 5.3185 1.1086 -1.3630
v 5.3185 1.0071 1.3630
v 5.4436 1.0071 1.3630
v 5.4436 1.1086 1.3630
v 5.3185 1.1086 1.3630
v 5.4436 1.0071 -1.3590
v 5.5688 1.0071 -1.3590
v 5.5688 1.1086 -1.3590
v 5.4436 1.1086 -1.3590
v 5.4436 1.0071 1.3590
v 5.5688 1.0071 1.3590
v 5.5688 1.1086 1.3590
v 5.4436 1.1086 1.3590
v 5.5688 1.0071 -1.3550
v 5.6939 1.0071 -1.3550
v 5.6939 1.1086 -1.3550
v 5.5688 1.1086 -1.3550
v 5.5688 1.0071 1.3550
v 5.6939 1.0071 1.3550
v 5.6939 1.1086 1.3550
v 5.5688 1.1086 1.3550
v 5.6939 1.0071 -1.3510
v 5.8191 1.0071 -1.3510
v 5.8191 1.1086 -1.3510
v 5.6939 1.1086 -1.3510
v 5.6939 1.0071 1.3510
v 5.8191 1.0071 1.3510
v 5.8191 1.1086 1.3510
v 5.6939 1.1086 1.3510
v 5.8191 1.0071 -1.3460
v 5.9442 1.0071 -1.3460
v 5.9442 1.1086 -1.3460
v 5.8191 1.1086 -1.3460
v 5.8191 1.0071 1.3460
v 5.9442 1.0071 1.3460
v 5.9442 1.1086 1.3460
v 5.8191 1.1086 1.3460
v 5.9442 1.0071 -1.3400
v 6.0694 1.0071 -1.3400
v 6.0694 1.1086 -1.3400
v 5.9442 1.1086 -1.3400
v 5.9442 1.0071 1.3400
v 6.0694 1.0071 1.3400
v 6.0694 1.1086 1.3400
v 5.9442 1.1086 1.3400
v 6.0694 1.0071 -1.3340
v 6.1945 1.0071 -1.3340
v 6.1945 1.1086 -1.3340
v 6.0694 1.1086 -1.3340
v 6.0694 1.0071 1.3340
v 6.1945 1.0071 1.3340
v 6.1945 1.1086 1.3340
v 6.0694 1.1086 1.3340
v 6.1945 1.0071 -1.3280
v 6.3196 1.0071 -1.3280
v 6.3196 1.1086 -1.3280
v 6.1945 1.1086 -1.3280
v 6.1945 1.0071 1.3280
v 6.3196 1.0071 1.3280
v 6.3196 1.1086 1.3280
v 6.1945 1.1086 1.3280
v 6.3196 1.0071 -1.3210
v 6.4448 1.0071 -1.3210
v 6.4448 1.1086 -1.3210
v 6.3196 1.1086 -1.3210
v 6.3196 1.0071 1.3210
v 6.4448 1.0071 1.3210
v 6.4448 1.1086 1.3210
v 6.3196 1.1086 1.3210
v 6.4448 1.0071 -1.3130
v 6.5699 1.0071 -1.3130
v 6.5699 1.1086 -1.3130
v 6.4448 1.1086 -1.3130
v 6.4448 1.0071 1.3130
v 6.5699 1.0071 1.3130
v 6.5699 1.1086 1.3130
v 6.4448 1.1086 1.3130
v 6.5699 1.0071 -1.3050
v 6.6951 1.0071 -1.3050
v 6.6951 1.1086 -1.3050
v 6.5699 1.1086 -1.3050
v 6.5699 1.0071 1.3050
v 6.6951 1.0071 1.3050
v 6.6951 1.1086 1.3050
v 6.5699 1.1086 1.3050
v 6.6951 1.0071 -1.2960
v 6.8202 1.0071 -1.2960
v 6.8202 1.1086 -1.2960
v 6.6951 1.1086 -1.2960
v 6.6951 1.0071 1.2960
v 6.8202 1.0071 1.2960
v 6.8202 1.1086 1.2960
v 6.6951 1.1086 1.2960
v 6.8202 1.0071 -1.2870
v 6.9453 1.0071 -1.2870
v 6.9453 1.1086 -1.2870
v 6.8202 1.1086 -1.2870
v 6.8202 1.0071 1.2870
v 6.9453 1.0071 1.2870
v 6.9453 1.1086 1.2870
v 6.8202 1.1086 1.2870
v 10.4493 1.0071 -0.8010
v 10.5744 1.0071 -0.8010
v 10.5744 1.1086 -0.8010
v 10.4493 1.1086 -0.8010
v 10.4493 1.0071 0.8010
v 10.5744 1.0071 0.8010
v 10.5744 1.1086 0.8010
v 10.4493 1.1086 0.8010
v 10.5744 1.0071 -0.7760
v 10.6996 1.0071 -0.7760
v 10.6996 1.1086 -0.7760
v 10.5744 1.1086 -0.7760
v 10.5744 1.0071 0.7760
v 10.6996 1.0071 0.7760
v 10.6996 1.1086 0.7760
v 10.5744 1.1086 0.7760
v 10.6996 1.0071 -0.7400
v 10.8247 1.0071 -0.7400
v 10.8247 1.1086 -0.7400
v 10.6996 1.1086 -0.7400
v 10.6996 1.0071 0.7400
v 10.8247 1.0071 0.7400
v 10.8247 1.1086 0.7400
v 10.6996 1.1086 0.7400
v 10.8247 1.0071 -0.6900
v 10.9499 1.0071 -0.6900
v 10.9499 1.1086 -0.6900
v 10.8247 1.1086 -0.6900
v 10.8247 1.0071 0.6900
v 10.9499 1.0071 0.6900
v 10.9499 1.1086 0.6900
v 10.8247 1.1086 0.6900
v 10.9499 1.0071 -0.6270
v 11.0750 1.0071 -0.6270
v 11.0750 1.1086 -0.6270
v 10.9499 1.1086 -0.6270
v 10.9499 1.0071 0.6270
v 11.0750 1.0071 0.6270
v 11.0750 1.1086 0.6270
v 10.9499 1.1086 0.6270
v -11.0750 1.1086 -1.2960
v -10.8247 1.1086 -1.2960
v -10.8247 1.2100 -1.2960
v -11.0750 1.2100 -1.2960
v -11.0750 1.1086 1.2960
v -10.8247 1.1086 1.2960
v -10.8247 1.2100 1.2960
v -11.0750 1.2100 1.2960
v -10.8247 1.1086 -1.3560
v -10.6996 1.1086 -1.3560
v -10.6996 1.2100 -1.3560
v -10.8247 1.2100 -1.3560
v -10.8247 1.1086 1.3560
v -10.6996 1.1086 1.3560
v -10.6996 1.2100 1.3560
v -10.8247 1.2100 1.3560
v -10.6996 1.1086 -1.3510
v -10.5744 1.1086 -1.3510
v -10.5744 1.2100 -1.3510
v -10.6996 1.2100 -1.3510
v -10.6996 1.1086 1.3510
v -10.5744 1.1086 1.3510
v -10.5744 1.2100 1.3510
v -10.6996 1.2100 1.3510
v -10.5744 1.1086 -1.3860
v -8.8225 1.1086 -1.3860
v -8.8225 1.2100 -1.3860
v -10.5744 1.2100 -1.3860
v -10.5744 1.1086 1.3860
v -8.8225 1.1086 1.3860
v -8.8225 1.2100 1.3860
v -10.5744 1.2100 1.3860
v -8.8225 1.1086 -1.3860
v -8.6973 1.1086 -1.3860
v -8.6973 1.2100 -1.3860
v -8.8225 1.2100 -1.3860
v -8.8225 1.1086 1.3860
v -8.6973 1.1086 1.3860
v -8.6973 1.2100 1.3860
v -8.8225 1.2100 1.3860
v -8.6973 1.1086 -1.3860
v -4.4425 1.1086 -1.3860
v -4.4425 1.2100 -1.3860
v -8.6973 1.2100 -1.3860
v -8.6973 1.1086 1.3860
v -4.4425 1.1086 1.3860
v -4.4425 1.2100 1.3860
v -8.6973 1.2100 1.3860
v -4.4425 1.1086 -1.3860
v -4.3174 1.1086 -1.3860
v -4.3174 1.2100 -1.3860
v -4.4425 1.2100 -1.3860
v -4.4425 1.1086 1.3860
v -4.3174 1.1086 1.3860
v -4.3174 1.2100 1.3860
v -4.4425 1.2100 1.3860
v -4.3174 1.1086 -1.3860
v 2.1900 1.1086 -1.3860
v 2.1900 1.2100 -1.3860
v -4.3174 1.2100 -1.3860
v -4.3174 1.1086 1.3860
v 2.1900 1.1086 1.3860
v 2.1900 1.2100 1.3860
v -4.3174 1.2100 1.3860
v 2.1900 1.1086 -1.3860
v 2.3151 1.1086 -1.3860
v 2.3151 1.2100 -1.3860
v 2.1900 1.2100 -1.3860
v 2.1900 1.1086 1.3860
v 2.3151 1.1086 1.3860
v 2.3151 1.2100 1.3860
v 2.1900 1.2100 1.3860
v 2.3151 1.1086 -1.3860
v 4.5677 1.1086 -1.3860
v 4.5677 1.2100 -1.3860
v 2.3151 1.2100 -1.3860
v 2.3151 1.1086 1.3860
v 4.5677 1.1086 1.3860
v 4.5677 1.2100 1.3860
v 2.3151 1.2100 1.3860
v 4.5677 1.1086 -1.3860
v 4.8179 1.1086 -1.3860
v 4.8179 1.2100 -1.3860
v 4.5677 1.2100 -1.3860
v 4.5677 1.1086 1.3860
v 4.8179 1.1086 1.3860
v 4.8179 1.2100 1.3860
v 4.5677 1.2100 1.3860
v 4.8179 1.1086 -1.3850
v 4.9431 1.1086 -1.3850
v 4.9431 1.2100 -1.3850
v 4.8179 1.2100 -1.3850
v 4.8179 1.1086 1.3850
v 4.9431 1.1086 1.3850
v 4.9431 1.2100 1.3850
v 4.8179 1.2100 1.3850
v 4.9431 1.1086 -1.3830
v 5.0682 1.1086 -1.3830
v 5.0682 1.2100 -1.3830
v 4.9431 1.2100 -1.3830
v 4.9431 1.1086 1.3830
v 5.0682 1.1086 1.3830
v 5.0682 1.2100 1.3830
v 4.9431 1.2100 1.3830
v 5.0682 1.1086 -1.3810
v 5.1934 1.1086 -1.3810
v 5.1934 1.2100 -1.3810
v 5.0682 1.2100 -1.3810
v 5.0682 1.1086 1.3810
v 5.1934 1.1086 1.3810
v 5.1934 1.2100 1.3810
v 5.0682 1.2100 1.3810
v 5.1934 1.1086 -1.3790
v 5.3185 1.1086 -1.3790
v 5.3185 1.2100 -1.3790
v 5.1934 1.2100 -1.3790
v 5.1934 1.1086 1.3790
v 5.3185 1.1086 1.3790
v 5.3185 1.2100 1.3790
v 5.1934 1.2100 1.3790
v 5.3185 1.1086 -1.3760
v 5.4436 1.1086 -1.3760
v 5.4436 1.2100 -1.3760
v 5.3185 1.2100 -1.3760
v 5.3185 1.1086 1.3760
v 5.4436 1.1086 1.3760
v 5.4436 1.2100 1.3760
v 5.3185 1.2100 1.3760
v 5.4436 1.1086 -1.3720
v 5.5688 1.1086 -1.3720
v 5.5688 1.2100 -1.3720
v 5.4436 1.2100 -1.3720
v 5.4436 1.1086 1.3720
v 5.5688 1.1086 1.3720
v 5.5688 1.2100 1.3720
v 5.4436 1.2100 1.3720
v 5.5688 1.1086 -1.3680
v 5.6939 1.1086 -1.3680
v 5.6939 1.2100 -1.3680
v 5.5688 1.2100 -1.3680
v 5.5688 1.1086 1.3680
v 5.6939 1.1086 1.3680
v 5.6939 1.2100 1.3680
v 5.5688 1.2100 1.3680
v 5.6939 1.1086 -1.3630
v 5.8191 1.1086 -1.3630
v 5.8191 1.2100 -1.3630
v 5.6939 1.2100 -1.3630
v 5.6939 1.1086 1.3630
v 5.8191 1.1086 1.3630
v 5.8191 1.2100 1.3630
v 5.6939 1.2100 1.3630
v 5.8191 1.1086 -1.3580
v 5.9442 1.1086 -1.3580
v 5.9442 1.2100 -1.3580
v 5.8191 1.2100 -1.3580
v 5.8191 1.1086 1.3580
v 5.9442 1.1086 1.3580
v 5.9442 1.2100 1.3580
v 5.8191 1.2100 1.3580
v 5.9442 1.1086 -1.3530
v 6.0694 1.1086 -1.3530
v 6.0694 1.2100 -1.3530
v 5.9442 1.2100 -1.3530
v 5.9442 1.1086 1.3530
v 6.0694 1.1086 1.3530
v 6.0694 1.2100 1.3530
v 5.9442 1.2100 1.3530
v 6.0694 1.1086 -1.3470
v 6.1945 1.1086 -1.3470
v 6.1945 1.2100 -1.3470
v 6.0694 1.2100 -1.3470
v 6.0694 1.1086 1.3470
v 6.1945 1.1086 1.3470
v 6.1945 1.2100 1.3470
v 6.0694 1.2100 1.3470
v 6.1945 1.1086 -1.3400
v 6.3196 1.1086 -1.3400
v 6.3196 1.2100 -1.3400
v 6.1945 1.2100 -1.3400
v 6.1945 1.1086 1.3400
v 6.3196 1.1086 1.3400
v 6.3196 1.2100 1.3400
v 6.1945 1.2100 1.3400
v 6.3196 1.1086 -1.3330
v 6.4448 1.1086 -1.3330
v 6.4448 1.2100 -1.3330
v 6.3196 1.2100 -1.3330
v 6.3196 1.1086 1.3330
v 6.4448 1.1086 1.3330
v 6.4448 1.2100 1.3330
v 6.3196 1.2100 1.3330
v 6.4448 1.1086 -1.3250
v 6.5699 1.1086 -1.3250
v 6.5699 1.2100 -1.3250
v 6.4448 1.2100 -1.3250
v 6.4448 1.1086 1.3250
v 6.5699 1.1086 1.3250
v 6.5699 1.2100 1.3250
v 6.4448 1.2100 1.3250
v 6.5699 1.1086 -1.3170
v 6.6951 1.1086 -1.3170
v 6.6951 1.2100 -1.3170
v 6.5699 1.2100 -1.3170
v 6.5699 1.1086 1.3170
v 6.6951 1.1086 1.3170
v 6.6951 1.2100 1.3170
v 6.5699 1.2100 1.3170
v 6.6951 1.1086 -1.3080
v 6.8202 1.1086 -1.3080
v 6.8202 1.2100 -1.3080
v 6.6951 1.2100 -1.3080
v 6.6951 1.1086 1.3080
v 6.8202 1.1086 1.3080
v 6.8202 1.2100 1.3080
v 6.6951 1.2100 1.3080
v 6.8202 1.1086 -1.2990
v 6.9453 1.1086 -1.2990
v 6.9453 1.2100 -1.2990
v 6.8202 1.2100 -1.2990
v 6.8202 1.1086 1.2990
v 6.9453 1.1086 1.2990
v 6.9453 1.2100 1.2990
v 6.8202 1.2100 1.2990
v 6.9453 1.1086 -1.2890
v 7.0705 1.1086 -1.2890
v 7.0705 1.2100 -1.2890
v 6.9453 1.2100 -1.2890
v 6.9453 1.1086 1.2890
v 7.0705 1.1086 1.2890
v 7.0705 1.2100 1.2890
v 6.9453 1.2100 1.2890
v 7.0705 1.1086 -1.2790
v 7.1956 1.1086 -1.2790
v 7.1956 1.2100 -1.2790
v 7.0705 1.2100 -1.2790
v 7.0705 1.1086 1.2790
v 7.1956 1.1086 1.2790
v 7.1956 1.2100 1.2790
v 7.0705 1.2100 1.2790
v 7.1956 1.1086 -1.2680
v 7.3208 1.1086 -1.2680
v 7.3208 1.2100 -1.2680
v 7.1956 1.2100 -1.2680
v 7.1956 1.1086 1.2680
v 7.3208 1.1086 1.2680
v 7.3208 1.2100 1.2680
v 7.1956 1.2100 1.2680
v 7.3208 1.1086 -1.2570
v 7.4459 1.1086 -1.2570
v 7.4459 1.2100 -1.2570
v 7.3208 1.2100 -1.2570
v 7.3208 1.1086 1.2570
v 7.4459 1.1086 1.2570
v 7.4459 1.2100 1.2570
v 7.3208 1.2100 1.2570
v 7.4459 1.1086 -1.2450
v 7.5710 1.1086 -1.2450
v 7.5710 1.2100 -1.2450
v 7.4459 1.2100 -1.2450
v 7.4459 1.1086 1.2450
v 7.5710 1.1086 1.2450
v 7.5710 1.2100 1.2450
v 7.4459 1.2100 1.2450
v 7.5710 1.1086 -1.2330
v 7.6962 1.1086 -1.2330
v 7.6962 1.2100 -1.2330
v 7.5710 1.2100 -1.2330
v 7.5710 1.1086 1.2330
v 7.6962 1.1086 1.2330
v 7.6962 1.2100 1.2330
v 7.5710 1.2100 1.2330
v 7.6962 1.1086 -1.2200
v 7.8213 1.1086 -1.2200
v 7.8213 1.2100 -1.2200
v 7.6962 1.2100 -1.2200
v 7.6962 1.1086 1.2200
v 7.8213 1.1086 1.2200
v 7.8213 1.2100 1.2200
v 7.6962 1.2100 1.2200
v 7.8213 1.1086 -1.2070
v 7.9465 1.1086 -1.2070
v 7.9465 1.2100 -1.2070
v 7.8213 1.2100 -1.2070
v 7.8213 1.1086 1.2070
v 7.9465 1.1086 1.2070
v 7.9465 1.2100 1.2070
v 7.8213 1.2100 1.2070
v 7.9465 1.1086 -1.1930
v 8.0716 1.1086 -1.1930
v 8.0716 1.2100 -1.1930
v 7.9465 1.2100 -1.1930
v 7.9465 1.1086 1.1930
v 8.0716 1.1086 1.1930
v 8.0716 1.2100 1.1930
v 7.9465 1.2100 1.1930
v 8.0716 1.1086 -1.1790
v 8.1968 1.1086 -1.1790
v 8.1968 1.2100 -1.1790
v 8.0716 1.2100 -1.1790
v 8.0716 1.1086 1.1790
v 8.1968 1.1086 1.1790
v 8.1968 1.2100 1.1790
v 8.0716 1.2100 1.1790
v 8.1968 1.1086 -1.1640
v 8.3219 1.1086 -1.1640
v 8.3219 1.2100 -1.1640
v 8.1968 1.2100 -1.1640
v 8.1968 1.1086 1.1640
v 8.3219 1.1086 1.1640
v 8.3219 1.2100 1.1640
v 8.1968 1.2100 1.1640
v 8.3219 1.1086 -1.1480
v 8.4470 1.1086 -1.1480
v 8.4470 1.2100 -1.1480
v 8.3219 1.2100 -1.1480
v 8.3219 1.1086 1.1480
v 8.4470 1.1086 1.1480
v 8.4470 1.2100 1.1480
v 8.3219 1.2100 1.1480
v 8.4470 1.1086 -1.1320
v 8.5722 1.1086 -1.1320
v 8.5722 1.2100 -1.1320
v 8.4470 1.2100 -1.1320
v 8.4470 1.1086 1.1320
v 8.5722 1.1086 1.1320
v 8.5722 1.2100 1.1320
v 8.4470 1.2100 1.1320
v 8.5722 1.1086 -1.1160
v 8.6973 1.1086 -1.1160
v 8.6973 1.2100 -1.1160
v 8.5722 1.2100 -1.1160
v 8.5722 1.1086 1.1160
v 8.6973 1.1086 1.1160
v 8.6973 1.2100 1.1160
v 8.5722 1.2100 1.1160
v 8.6973 1.1086 -1.0990
v 8.8225 1.1086 -1.0990
v 8.8225 1.2100 -1.0990
v 8.6973 1.2100 -1.0990
v 8.6973 1.1086 1.0990
v 8.8225 1.1086 1.0990
v 8.8225 1.2100 1.0990
v 8.6973 1.2100 1.0990
v 8.8225 1.1086 -1.0820
v 8.9476 1.1086 -1.0820
v 8.9476 1.2100 -1.0820
v 8.8225 1.2100 -1.0820
v 8.8225 1.1086 1.0820
v 8.9476 1.1086 1.0820
v 8.9476 1.2100 1.0820
v 8.8225 1.2100 1.0820
v 8.9476 1.1086 -1.0640
v 9.0727 1.1086 -1.0640
v 9.0727 1.2100 -1.0640
v 8.9476 1.2100 -1.0640
v 8.9476 1.1086 1.0640
v 9.0727 1.1086 1.0640
v 9.0727 1.2100 1.0640
v 8.9476 1.2100 1.0640
v 9.0727 1.1086 -1.0450
v 9.1979 1.1086 -1.0450
v 9.1979 1.2100 -1.0450
v 9.0727 1.2100 -1.0450
v 9.0727 1.1086 1.0450
v 9.1979 1.1086 1.0450
v 9.1979 1.2100 1.0450
v 9.0727 1.2100 1.0450
v 9.1979 1.1086 -1.0260
v 9.3230 1.1086 -1.0260
v 9.3230 1.2100 -1.0260
v 9.1979 1.2100 -1.0260
v 9.1979 1.1086 1.0260
v 9.3230 1.1086 1.0260
v 9.3230 1.2100 1.0260
v 9.1979 1.2100 1.0260
v 9.3230 1.1086 -1.0070
v 9.4482 1.1086 -1.0070
v 9.4482 1.2100 -1.0070
v 9.3230 1.2100 -1.0070
v 9.3230 1.1086 1.0070
v 9.4482 1.1086 1.0070
v 9.4482 1.2100 1.0070
v 9.3230 1.2100 1.0070
v 9.4482 1.1086 -0.9870
v 9.5733 1.1086 -0.9870
v 9.5733 1.2100 -0.9870
v 9.4482 1.2100 -0.9870
v 9.4482 1.1086 0.9870
v 9.5733 1.1086 0.9870
v 9.5733 1.2100 0.9870
v 9.4482 1.2100 0.9870
v 9.5733 1.1086 -0.9660
v 9.6984 1.1086 -0.9660
v 9.6984 1.2100 -0.9660
v 9.5733 1.2100 -0.9660
v 9.5733 1.1086 0.9660
v 9.6984 1.1086 0.9660
v 9.6984 1.2100 0.9660
v 9.5733 1.2100 0.9660
v 9.6984 1.1086 -0.9450
v 9.8236 1.1086 -0.9450
v 9.8236 1.2100 -0.9450
v 9.6984 1.2100 -0.9450
v 9.6984 1.1086 0.9450
v 9.8236 1.1086 0.9450
v 9.8236 1.2100 0.9450
v 9.6984 1.2100 0.9450
v 9.8236 1.1086 -0.9240
v 9.9487 1.1086 -0.9240
v 9.9487 1.2100 -0.9240
v 9.8236 1.2100 -0.9240
v 9.8236 1.1086 0.9240
v 9.9487 1.1086 0.9240
v 9.9487 1.2100 0.9240
v 9.8236 1.2100 0.9240
v 9.9487 1.1086 -0.9010
v 10.0739 1.1086 -0.9010
v 10.0739 1.2100 -0.9010
v 9.9487 1.2100 -0.9010
v 9.9487 1.1086 0.9010
v 10.0739 1.1086 0.9010
v 10.0739 1.2100 0.9010
v 9.9487 1.2100 0.9010
v 10.0739 1.1086 -0.8790
v 10.1990 1.1086 -0.8790
v 10.1990 1.2100 -0.8790
v 10.0739 1.2100 -0.8790
v 10.0739 1.1086 0.8790
v 10.1990 1.1086 0.8790
v 10.1990 1.2100 0.8790
v 10.0739 1.2100 0.8790
v 10.1990 1.1086 -0.8560
v 10.3242 1.1086 -0.8560
v 10.3242 1.2100 -0.8560
v 10.1990 1.2100 -0.8560
v 10.1990 1.1086 0.8560
v 10.3242 1.1086 0.8560
v 10.3242 1.2100 0.8560
v 10.1990 1.2100 0.8560
v 10.3242 1.1086 -0.8320
v 10.4493 1.1086 -0.8320
v 10.4493 1.2100 -0.8320
v 10.3242 1.2100 -0.8320
v 10.3242 1.1086 0.8320
v 10.4493 1.1086 0.8320
v 10.4493 1.2100 0.8320
v 10.3242 1.2100 0.8320
v 10.4493 1.1086 -0.8050
v 10.5744 1.1086 -0.8050
v 10.5744 1.2100 -0.8050
v 10.4493 1.2100 -0.8050
v 10.4493 1.1086 0.8050
v 10.5744 1.1086 0.8050
v 10.5744 1.2100 0.8050
v 10.4493 1.2100 0.8050
v 10.5744 1.1086 -0.7660
v 10.6996 1.1086 -0.7660
v 10.6996 1.2100 -0.7660
v 10.5744 1.2100 -0.7660
v 10.5744 1.1086 0.7660
v 10.6996 1.1086 0.7660
v 10.6996 1.2100 0.7660
v 10.5744 1.2100 0.7660
v 10.6996 1.1086 -0.7120
v 10.8247 1.1086 -0.7120
v 10.8247 1.2100 -0.7120
v 10.6996 1.2100 -0.7120
v 10.6996 1.1086 0.7120
v 10.8247 1.1086 0.7120
v 10.8247 1.2100 0.7120
v 10.6996 1.2100 0.7120
v 10.8247 1.1086 -0.6430
v 10.9499 1.1086 -0.6430
v 10.9499 1.2100 -0.6430
v 10.8247 1.2100 -0.6430
v 10.8247 1.1086 0.6430
v 10.9499 1.1086 0.6430
v 10.9499 1.2100 0.6430
v 10.8247 1.2100 0.6430
v 10.9499 1.1086 -0.5580
v 11.0750 1.1086 -0.5580
v 11.0750 1.2100 -0.5580
v 10.9499 1.2100 -0.5580
v 10.9499 1.1086 0.5580
v 11.0750 1.1086 0.5580
v 11.0750 1.2100 0.5580
v 10.9499 1.2100 0.5580
v -11.0750 1.2100 1.2900
v -10.8247 1.2100 1.2900
v -10.8247 3.5429 1.2900
v -11.0750 3.5429 1.2900
v -11.0750 1.2100 1.3600
v -10.8247 1.2100 1.3600
v -10.8247 3.5429 1.3600
v -11.0750 3.5429 1.3600
v -11.0750 1.2100 -1.3600
v -10.8247 1.2100 -1.3600
v -10.8247 3.5429 -1.3600
v -11.0750 3.5429 -1.3600
v -11.0750 1.2100 -1.2900
v -10.8247 1.2100 -1.2900
v -10.8247 3.5429 -1.2900
v -11.0750 3.5429 -1.2900
v -10.8247 1.2100 1.3500
v -10.6996 1.2100 1.3500
v -10.6996 3.5429 1.3500
v -10.8247 3.5429 1.3500
v -10.8247 1.2100 1.4200
v -10.6996 1.2100 1.4200
v -10.6996 3.5429 1.4200
v -10.8247 3.5429 1.4200
v -10.8247 1.2100 -1.4200
v -10.6996 1.2100 -1.4200
v -10.6996 3.5429 -1.4200
v -10.8247 3.5429 -1.4200
v -10.8247 1.2100 -1.3500
v -10.6996 1.2100 -1.3500
v -10.6996 3.5429 -1.3500
v -10.8247 3.5429 -1.3500
v -10.6996 1.2100 1.3450
v -10.5744 1.2100 1.3450
v -10.5744 1.3114 1.3450
v -10.6996 1.3114 1.3450
v -10.6996 1.2100 1.4150
v -10.5744 1.2100 1.4150
v -10.5744 1.3114 1.4150
v -10.6996 1.3114 1.4150
v -10.6996 1.6157 1.3450
v -10.5744 1.6157 1.3450
v -10.5744 1.7171 1.3450
v -10.6996 1.7171 1.3450
v -10.6996 1.6157 1.4150
v -10.5744 1.6157 1.4150
v -10.5744 1.7171 1.4150
v -10.6996 1.7171 1.4150
v -10.6996 2.7314 1.3450
v -10.5744 2.7314 1.3450
v -10.5744 3.5429 1.3450
v -10.6996 3.5429 1.3450
v -10.6996 2.7314 1.4150
v -10.5744 2.7314 1.4150
v -10.5744 3.5429 1.4150
v -10.6996 3.5429 1.4150
v -10.6996 1.2100 -1.4150
v -10.5744 1.2100 -1.4150
v -10.5744 1.3114 -1.4150
v -10.6996 1.3114 -1.4150
v -10.6996 1.2100 -1.3450
v -10.5744 1.2100 -1.3450
v -10.5744 1.3114 -1.3450
v -10.6996 1.3114 -1.3450
v -10.6996 1.6157 -1.4150
v -10.5744 1.6157 -1.4150
v -10.5744 1.7171 -1.4150
v -10.6996 1.7171 -1.4150
v -10.6996 1.6157 -1.3450
v -10.5744 1.6157 -1.3450
v -10.5744 1.7171 -1.3450
v -10.6996 1.7171 -1.3450
v -10.6996 2.7314 -1.4150
v -10.5744 2.7314 -1.4150
v -10.5744 3.5429 -1.4150
v -10.6996 3.5429 -1.4150
v -10.6996 2.7314 -1.3450
v -10.5744 2.7314 -1.3450
v -10.5744 3.5429 -1.3450
v -10.6996 3.5429 -1.3450
v -10.5744 1.2100 1.3800
v -10.3242 1.2100 1.3800
v -10.3242 1.3114 1.3800
v -10.5744 1.3114 1.3800
v -10.5744 1.2100 1.4500
v -10.3242 1.2100 1.4500
v -10.3242 1.3114 1.4500
v -10.5744 1.3114 1.4500
v -10.5744 1.6157 1.3800
v -10.3242 1.6157 1.3800
v -10.3242 1.7171 1.3800
v -10.5744 1.7171 1.3800
v -10.5744 1.6157 1.4500
v -10.3242 1.6157 1.4500
v -10.3242 1.7171 1.4500
v -10.5744 1.7171 1.4500
v -10.5744 2.7314 1.3800
v -10.3242 2.7314 1.3800
v -10.3242 2.9343 1.3800
v -10.5744 2.9343 1.3800
v -10.5744 2.7314 1.4500
v -10.3242 2.7314 1.4500
v -10.3242 2.9343 1.4500
v -10.5744 2.9343 1.4500
v -10.5744 1.2100 -1.4500
v -10.3242 1.2100 -1.4500
v -10.3242 1.3114 -1.4500
v -10.5744 1.3114 -1.4500
v -10.5744 1.2100 -1.3800
v -10.3242 1.2100 -1.3800
v -10.3242 1.3114 -1.3800
v -10.5744 1.3114 -1.3800
v -10.5744 1.6157 -1.4500
v -10.3242 1.6157 -1.4500
v -10.3242 1.7171 -1.4500
v -10.5744 1.7171 -1.4500
v -10.5744 1.6157 -1.3800
v -10.3242 1.6157 -1.3800
v -10.3242 1.7171 -1.3800
v -10.5744 1.7171 -1.3800
v -10.5744 2.7314 -1.4500
v -10.3242 2.7314 -1.4500
v -10.3242 2.9343 -1.4500
v -10.5744 2.9343 -1.4500
v -10.5744 2.7314 -1.3800
v -10.3242 2.7314 -1.3800
v -10.3242 2.9343 -1.3800
v -10.5744 2.9343 -1.3800
v -9.3230 1.2100 1.3800
v 4.5677 1.2100 1.3800
v 4.5677 1.3114 1.3800
v -9.3230 1.3114 1.3800
v -9.3230 1.2100 1.4500
v 4.5677 1.2100 1.4500
v 4.5677 1.3114 1.4500
v -9.3230 1.3114 1.4500
v -9.3230 1.6157 1.3800
v 4.5677 1.6157 1.3800
v 4.5677 1.7171 1.3800
v -9.3230 1.7171 1.3800
v -9.3230 1.6157 1.4500
v 4.5677 1.6157 1.4500
v 4.5677 1.7171 1.4500
v -9.3230 1.7171 1.4500
v -9.3230 2.7314 1.3800
v 4.5677 2.7314 1.3800
v 4.5677 2.9343 1.3800
v -9.3230 2.9343 1.3800
v -9.3230 2.7314 1.4500
v 4.5677 2.7314 1.4500
v 4.5677 2.9343 1.4500
v -9.3230 2.9343 1.4500
v -9.3230 1.2100 -1.4500
v 4.5677 1.2100 -1.4500
v 4.5677 1.3114 -1.4500
v -9.3230 1.3114 -1.4500
v -9.3230 1.2100 -1.3800
v 4.5677 1.2100 -1.3800
v 4.5677 1.3114 -1.3800
v -9.3230 1.3114 -1.3800
v -9.3230 1.6157 -1.4500
v 4.5677 1.6157 -1.4500
v 4.5677 1.7171 -1.4500
v -9.3230 1.7171 -1.4500
v -9.3230 1.6157 -1.3800
v 4.5677 1.6157 -1.3800
v 4.5677 1.7171 -1.3800
v -9.3230 1.7171 -1.3800
v -9.3230 2.7314 -1.4500
v 4.5677 2.7314 -1.4500
v 4.5677 2.9343 -1.4500
v -9.3230 2.9343 -1.4500
v -9.3230 2.7314 -1.3800
v 4.5677 2.7314 -1.3800
v 4.5677 2.9343 -1.3800
v -9.3230 2.9343 -1.3800
v 4.5677 1.2100 1.3800
v 4.6928 1.2100 1.3800
v 4.6928 3.5429 1.3800
v 4.5677 3.5429 1.3800
v 4.5677 1.2100 1.4500
v 4.6928 1.2100 1.4500
v 4.6928 3.5429 1.4500
v 4.5677 3.5429 1.4500
v 4.5677 1.2100 -1.4500
v 4.6928 1.2100 -1.4500
v 4.6928 3.5429 -1.4500
v 4.5677 3.5429 -1.4500
v 4.5677 1.2100 -1.3800
v 4.6928 1.2100 -1.3800
v 4.6928 3.5429 -1.3800
v 4.5677 3.5429 -1.3800
v 4.6928 1.2100 1.3790
v 4.8179 1.2100 1.3790
v 4.8179 3.5429 1.3790
v 4.6928 3.5429 1.3790
v 4.6928 1.2100 1.4490
v 4.8179 1.2100 1.4490
v 4.8179 3.5429 1.4490
v 4.6928 3.5429 1.4490
v 4.6928 1.2100 -1.4490
v 4.8179 1.2100 -1.4490
v 4.8179 3.5429 -1.4490
v 4.6928 3.5429 -1.4490
v 4.6928 1.2100 -1.3790
v 4.8179 1.2100 -1.3790
v 4.8179 3.5429 -1.3790
v 4.6928 3.5429 -1.3790
v 4.8179 1.2100 1.3780
v 4.9431 1.2100 1.3780
v 4.9431 3.5429 1.3780
v 4.8179 3.5429 1.3780
v 4.8179 1.2100 1.4480
v 4.9431 1.2100 1.4480
v 4.9431 3.5429 1.4480
v 4.8179 3.5429 1.4480
v 4.8179 1.2100 -1.4480
v 4.9431 1.2100 -1.4480
v 4.9431 3.5429 -1.4480
v 4.8179 3.5429 -1.4480
v 4.8179 1.2100 -1.3780
v 4.9431 1.2100 -1.3780
v 4.9431 3.5429 -1.3780
v 4.8179 3.5429 -1.3780
v 4.9431 1.2100 1.3770
v 5.0682 1.2100 1.3770
v 5.0682 3.4414 1.3770
v 4.9431 3.4414 1.3770
v 4.9431 1.2100 1.4470
v 5.0682 1.2100 1.4470
v 5.0682 3.4414 1.4470
v 4.9431 3.4414 1.4470
v 4.9431 1.2100 -1.4470
v 5.0682 1.2100 -1.4470
v 5.0682 3.4414 -1.4470
v 4.9431 3.4414 -1.4470
v 4.9431 1.2100 -1.3770
v 5.0682 1.2100 -1.3770
v 5.0682 3.4414 -1.3770
v 4.9431 3.4414 -1.3770
v 5.0682 1.2100 1.3750
v 5.1934 1.2100 1.3750
v 5.1934 3.4414 1.3750
v 5.0682 3.4414 1.3750
v 5.0682 1.2100 1.4450
v 5.1934 1.2100 1.4450
v 5.1934 3.4414 1.4450
v 5.0682 3.4414 1.4450
v 5.0682 1.2100 -1.4450
v 5.1934 1.2100 -1.4450
v 5.1934 3.4414 -1.4450
v 5.0682 3.4414 -1.4450
v 5.0682 1.2100 -1.3750
v 5.1934 1.2100 -1.3750
v 5.1934 3.4414 -1.3750
v 5.0682 3.4414 -1.3750
v 5.1934 1.2100 1.3720
v 5.3185 1.2100 1.3720
v 5.3185 3.4414 1.3720
v 5.1934 3.4414 1.3720
v 5.1934 1.2100 1.4420
v 5.3185 1.2100 1.4420
v 5.3185 3.4414 1.4420
v 5.1934 3.4414 1.4420
v 5.1934 1.2100 -1.4420
v 5.3185 1.2100 -1.4420
v 5.3185 3.4414 -1.4420
v 5.1934 3.4414 -1.4420
v 5.1934 1.2100 -1.3720
v 5.3185 1.2100 -1.3720
v 5.3185 3.4414 -1.3720
v 5.1934 3.4414 -1.3720
v 5.3185 1.2100 1.3690
v 5.4436 1.2100 1.3690
v 5.4436 3.4414 1.3690
v 5.3185 3.4414 1.3690
v 5.3185 1.2100 1.4390
v 5.4436 1.2100 1.4390
v 5.4436 3.4414 1.4390
v 5.3185 3.4414 1.4390
v 5.3185 1.2100 -1.4390
v 5.4436 1.2100 -1.4390
v 5.4436 3.4414 -1.4390
v 5.3185 3.4414 -1.4390
v 5.3185 1.2100 -1.3690
v 5.4436 1.2100 -1.3690
v 5.4436 3.4414 -1.3690
v 5.3185 3.4414 -1.3690
v 5.4436 1.2100 1.3650
v 5.5688 1.2100 1.3650
v 5.5688 3.3400 1.3650
v 5.4436 3.3400 1.3650
v 5.4436 1.2100 1.4350
v 5.5688 1.2100 1.4350
v 5.5688 3.3400 1.4350
v 5.4436 3.3400 1.4350
v 5.4436 1.2100 -1.4350
v 5.5688 1.2100 -1.4350
v 5.5688 3.3400 -1.4350
v 5.4436 3.3400 -1.4350
v 5.4436 1.2100 -1.3650
v 5.5688 1.2100 -1.3650
v 5.5688 3.3400 -1.3650
v 5.4436 3.3400 -1.3650
v 5.5688 1.2100 1.3610
v 5.6939 1.2100 1.3610
v 5.6939 3.3400 1.3610
v 5.5688 3.3400 1.3610
v 5.5688 1.2100 1.4310
v 5.6939 1.2100 1.4310
v 5.6939 3.3400 1.4310
v 5.5688 3.3400 1.4310
v 5.5688 1.2100 -1.4310
v 5.6939 1.2100 -1.4310
v 5.6939 3.3400 -1.4310
v 5.5688 3.3400 -1.4310
v 5.5688 1.2100 -1.3610
v 5.6939 1.2100 -1.3610
v 5.6939 3.3400 -1.3610
v 5.5688 3.3400 -1.3610
v 5.6939 1.2100 1.3560
v 5.8191 1.2100 1.3560
v 5.8191 3.3400 1.3560
v 5.6939 3.3400 1.3560
v 5.6939 1.2100 1.4260
v 5.8191 1.2100 1.4260
v 5.8191 3.3400 1.4260
v 5.6939 3.3400 1.4260
v 5.6939 1.2100 -1.4260
v 5.8191 1.2100 -1.4260
v 5.8191 3.3400 -1.4260
v 5.6939 3.3400 -1.4260
v 5.6939 1.2100 -1.3560
v 5.8191 1.2100 -1.3560
v 5.8191 3.3400 -1.3560
v 5.6939 3.3400 -1.3560
v 5.8191 1.2100 1.3510
v 5.9442 1.2100 1.3510
v 5.9442 2.9343 1.3510
v 5.8191 2.9343 1.3510
v 5.8191 1.2100 1.4210
v 5.9442 1.2100 1.4210
v 5.9442 2.9343 1.4210
v 5.8191 2.9343 1.4210
v 5.8191 1.2100 -1.4210
v 5.9442 1.2100 -1.4210
v 5.9442 2.9343 -1.4210
v 5.8191 2.9343 -1.4210
v 5.8191 1.2100 -1.3510
v 5.9442 1.2100 -1.3510
v 5.9442 2.9343 -1.3510
v 5.8191 2.9343 -1.3510
v 5.9442 1.2100 1.3450
v 6.0694 1.2100 1.3450
v 6.0694 2.9343 1.3450
v 5.9442 2.9343 1.3450
v 5.9442 1.2100 1.4150
v 6.0694 1.2100 1.4150
v 6.0694 2.9343 1.4150
v 5.9442 2.9343 1.4150
v 5.9442 1.2100 -1.4150
v 6.0694 1.2100 -1.4150
v 6.0694 2.9343 -1.4150
v 5.9442 2.9343 -1.4150
v 5.9442 1.2100 -1.3450
v 6.0694 1.2100 -1.3450
v 6.0694 2.9343 -1.3450
v 5.9442 2.9343 -1.3450
v 6.0694 1.2100 1.3380
v 6.1945 1.2100 1.3380
v 6.1945 2.9343 1.3380
v 6.0694 2.9343 1.3380
v 6.0694 1.2100 1.4080
v 6.1945 1.2100 1.4080
v 6.1945 2.9343 1.4080
v 6.0694 2.9343 1.4080
v 6.0694 1.2100 -1.4080
v 6.1945 1.2100 -1.4080
v 6.1945 2.9343 -1.4080
v 6.0694 2.9343 -1.4080
v 6.0694 1.2100 -1.3380
v 6.1945 1.2100 -1.3380
v 6.1945 2.9343 -1.3380
v 6.0694 2.9343 -1.3380
v 6.1945 1.2100 1.3310
v 6.3196 1.2100 1.3310
v 6.3196 2.0214 1.3310
v 6.1945 2.0214 1.3310
v 6.1945 1.2100 1.4010
v 6.3196 1.2100 1.4010
v 6.3196 2.0214 1.4010
v 6.1945 2.0214 1.4010
v 6.1945 1.2100 -1.4010
v 6.3196 1.2100 -1.4010
v 6.3196 2.0214 -1.4010
v 6.1945 2.0214 -1.4010
v 6.1945 1.2100 -1.3310
v 6.3196 1.2100 -1.3310
v 6.3196 2.0214 -1.3310
v 6.1945 2.0214 -1.3310
v 6.3196 1.2100 1.3240
v 6.4448 1.2100 1.3240
v 6.4448 2.0214 1.3240
v 6.3196 2.0214 1.3240
v 6.3196 1.2100 1.3940
v 6.4448 1.2100 1.3940
v 6.4448 2.0214 1.3940
v 6.3196 2.0214 1.3940
v 6.3196 1.2100 -1.3940
v 6.4448 1.2100 -1.3940
v 6.4448 2.0214 -1.3940
v 6.3196 2.0214 -1.3940
v 6.3196 1.2100 -1.3240
v 6.4448 1.2100 -1.3240
v 6.4448 2.0214 -1.3240
v 6.3196 2.0214 -1.3240
v 6.4448 1.2100 1.3160
v 6.5699 1.2100 1.3160
v 6.5699 2.1229 1.3160
v 6.4448 2.1229 1.3160
v 6.4448 1.2100 1.3860
v 6.5699 1.2100 1.3860
v 6.5699 2.1229 1.3860
v 6.4448 2.1229 1.3860
v 6.4448 1.2100 -1.3860
v 6.5699 1.2100 -1.3860
v 6.5699 2.1229 -1.3860
v 6.4448 2.1229 -1.3860
v 6.4448 1.2100 -1.3160
v 6.5699 1.2100 -1.3160
v 6.5699 2.1229 -1.3160
v 6.4448 2.1229 -1.3160
v 6.5699 1.2100 1.3070
v 6.6951 1.2100 1.3070
v 6.6951 2.1229 1.3070
v 6.5699 2.1229 1.3070
v 6.5699 1.2100 1.3770
v 6.6951 1.2100 1.3770
v 6.6951 2.1229 1.3770
v 6.5699 2.1229 1.3770
v 6.5699 1.2100 -1.3770
v 6.6951 1.2100 -1.3770
v 6.6951 2.1229 -1.3770
v 6.5699 2.1229 -1.3770
v 6.5699 1.2100 -1.3070
v 6.6951 1.2100 -1.3070
v 6.6951 2.1229 -1.3070
v 6.5699 2.1229 -1.3070
v 6.6951 1.2100 1.2980
v 6.8202 1.2100 1.2980
v 6.8202 2.1229 1.2980
v 6.6951 2.1229 1.2980
v 6.6951 1.2100 1.3680
v 6.8202 1.2100 1.3680
v 6.8202 2.1229 1.3680
v 6.6951 2.1229 1.3680
v 6.6951 1.2100 -1.3680
v 6.8202 1.2100 -1.3680
v 6.8202 2.1229 -1.3680
v 6.6951 2.1229 -1.3680
v 6.6951 1.2100 -1.2980
v 6.8202 1.2100 -1.2980
v 6.8202 2.1229 -1.2980
v 6.6951 2.1229 -1.2980
v 6.8202 1.2100 1.2890
v 6.9453 1.2100 1.2890
v 6.9453 2.1229 1.2890
v 6.8202 2.1229 1.2890
v 6.8202 1.2100 1.3590
v 6.9453 1.2100 1.3590
v 6.9453 2.1229 1.3590
v 6.8202 2.1229 1.3590
v 6.8202 1.2100 -1.3590
v 6.9453 1.2100 -1.3590
v 6.9453 2.1229 -1.3590
v 6.8202 2.1229 -1.3590
v 6.8202 1.2100 -1.2890
v 6.9453 1.2100 -1.2890
v 6.9453 2.1229 -1.2890
v 6.8202 2.1229 -1.2890
v 6.9453 1.2100 1.2780
v 7.0705 1.2100 1.2780
v 7.0705 2.1229 1.2780
v 6.9453 2.1229 1.2780
v 6.9453 1.2100 1.3480
v 7.0705 1.2100 1.3480
v 7.0705 2.1229 1.3480
v 6.9453 2.1229 1.3480
v 6.9453 1.2100 -1.3480
v 7.0705 1.2100 -1.3480
v 7.0705 2.1229 -1.3480
v 6.9453 2.1229 -1.3480
v 6.9453 1.2100 -1.2780
v 7.0705 1.2100 -1.2780
v 7.0705 2.1229 -1.2780
v 6.9453 2.1229 -1.2780
v 7.0705 1.2100 1.2680
v 7.1956 1.2100 1.2680
v 7.1956 2.1229 1.2680
v 7.0705 2.1229 1.2680
v 7.0705 1.2100 1.3380
v 7.1956 1.2100 1.3380
v 7.1956 2.1229 1.3380
v 7.0705 2.1229 1.3380
v 7.0705 1.2100 -1.3380
v 7.1956 1.2100 -1.3380
v 7.1956 2.1229 -1.3380
v 7.0705 2.1229 -1.3380
v 7.0705 1.2100 -1.2680
v 7.1956 1.2100 -1.2680
v 7.1956 2.1229 -1.2680
v 7.0705 2.1229 -1.2680
v 7.1956 1.2100 1.2560
v 7.3208 1.2100 1.2560
v 7.3208 2.1229 1.2560
v 7.1956 2.1229 1.2560
v 7.1956 1.2100 1.3260
v 7.3208 1.2100 1.3260
v 7.3208 2.1229 1.3260
v 7.1956 2.1229 1.3260
v 7.1956 1.2100 -1.3260
v 7.3208 1.2100 -1.3260
v 7.3208 2.1229 -1.3260
v 7.1956 2.1229 -1.3260
v 7.1956 1.2100 -1.2560
v 7.3208 1.2100 -1.2560
v 7.3208 2.1229 -1.2560
v 7.1956 2.1229 -1.2560
v 7.3208 1.2100 1.2450
v 7.4459 1.2100 1.2450
v 7.4459 2.1229 1.2450
v 7.3208 2.1229 1.2450
v 7.3208 1.2100 1.3150
v 7.4459 1.2100 1.3150
v 7.4459 2.1229 1.3150
v 7.3208 2.1229 1.3150
v 7.3208 1.2100 -1.3150
v 7.4459 1.2100 -1.3150
v 7.4459 2.1229 -1.3150
v 7.3208 2.1229 -1.3150
v 7.3208 1.2100 -1.2450
v 7.4459 1.2100 -1.2450
v 7.4459 2.1229 -1.2450
v 7.3208 2.1229 -1.2450
v 7.4459 1.2100 1.2320
v 7.5710 1.2100 1.2320
v 7.5710 2.1229 1.2320
v 7.4459 2.1229 1.2320
v 7.4459 1.2100 1.3020
v 7.5710 1.2100 1.3020
v 7.5710 2.1229 1.3020
v 7.4459 2.1229 1.3020
v 7.4459 1.2100 -1.3020
v 7.5710 1.2100 -1.3020
v 7.5710 2.1229 -1.3020
v 7.4459 2.1229 -1.3020
v 7.4459 1.2100 -1.2320
v 7.5710 1.2100 -1.2320
v 7.5710 2.1229 -1.2320
v 7.4459 2.1229 -1.2320
v 7.5710 1.2100 1.2190
v 7.6962 1.2100 1.2190
v 7.6962 2.2243 1.2190
v 7.5710 2.2243 1.2190
v 7.5710 1.2100 1.2890
v 7.6962 1.2100 1.2890
v 7.6962 2.2243 1.2890
v 7.5710 2.2243 1.2890
v 7.5710 1.2100 -1.2890
v 7.6962 1.2100 -1.2890
v 7.6962 2.2243 -1.2890
v 7.5710 2.2243 -1.2890
v 7.5710 1.2100 -1.2190
v 7.6962 1.2100 -1.2190
v 7.6962 2.2243 -1.2190
v 7.5710 2.2243 -1.2190
v 7.6962 1.2100 1.2060
v 7.8213 1.2100 1.2060
v 7.8213 2.2243 1.2060
v 7.6962 2.2243 1.2060
v 7.6962 1.2100 1.2760
v 7.8213 1.2100 1.2760
v 7.8213 2.2243 1.2760
v 7.6962 2.2243 1.2760
v 7.6962 1.2100 -1.2760
v 7.8213 1.2100 -1.2760
v 7.8213 2.2243 -1.2760
v 7.6962 2.2243 -1.2760
v 7.6962 1.2100 -1.2060
v 7.8213 1.2100 -1.2060
v 7.8213 2.2243 -1.2060
v 7.6962 2.2243 -1.2060
v 7.8213 1.2100 1.1920
v 7.9465 1.2100 1.1920
v 7.9465 2.2243 1.1920
v 7.8213 2.2243 1.1920
v 7.8213 1.2100 1.2620
v 7.9465 1.2100 1.2620
v 7.9465 2.2243 1.2620
v 7.8213 2.2243 1.2620
v 7.8213 1.2100 -1.2620
v 7.9465 1.2100 -1.2620
v 7.9465 2.2243 -1.2620
v 7.8213 2.2243 -1.2620
v 7.8213 1.2100 -1.1920
v 7.9465 1.2100 -1.1920
v 7.9465 2.2243 -1.1920
v 7.8213 2.2243 -1.1920
v 7.9465 1.2100 1.1780
v 8.0716 1.2100 1.1780
v 8.0716 2.2243 1.1780
v 7.9465 2.2243 1.1780
v 7.9465 1.2100 1.2480
v 8.0716 1.2100 1.2480
v 8.0716 2.2243 1.2480
v 7.9465 2.2243 1.2480
v 7.9465 1.2100 -1.2480
v 8.0716 1.2100 -1.2480
v 8.0716 2.2243 -1.2480
v 7.9465 2.2243 -1.2480
v 7.9465 1.2100 -1.1780
v 8.0716 1.2100 -1.1780
v 8.0716 2.2243 -1.1780
v 7.9465 2.2243 -1.1780
v 8.0716 1.2100 1.1630
v 8.1968 1.2100 1.1630
v 8.1968 2.1229 1.1630
v 8.0716 2.1229 1.1630
v 8.0716 1.2100 1.2330
v 8.1968 1.2100 1.2330
v 8.1968 2.1229 1.2330
v 8.0716 2.1229 1.2330
v 8.0716 1.2100 -1.2330
v 8.1968 1.2100 -1.2330
v 8.1968 2.1229 -1.2330
v 8.0716 2.1229 -1.2330
v 8.0716 1.2100 -1.1630
v 8.1968 1.2100 -1.1630
v 8.1968 2.1229 -1.1630
v 8.0716 2.1229 -1.1630
v 8.1968 1.2100 1.1470
v 8.3219 1.2100 1.1470
v 8.3219 2.0214 1.1470
v 8.1968 2.0214 1.1470
v 8.1968 1.2100 1.2170
v 8.3219 1.2100 1.2170
v 8.3219 2.0214 1.2170
v 8.1968 2.0214 1.2170
v 8.1968 1.2100 -1.2170
v 8.3219 1.2100 -1.2170
v 8.3219 2.0214 -1.2170
v 8.1968 2.0214 -1.2170
v 8.1968 1.2100 -1.1470
v 8.3219 1.2100 -1.1470
v 8.3219 2.0214 -1.1470
v 8.1968 2.0214 -1.1470
v 8.3219 1.2100 1.1310
v 8.4470 1.2100 1.1310
v 8.4470 2.2243 1.1310
v 8.3219 2.2243 1.1310
v 8.3219 1.2100 1.2010
v 8.4470 1.2100 1.2010
v 8.4470 2.2243 1.2010
v 8.3219 2.2243 1.2010
v 8.3219 1.2100 -1.2010
v 8.4470 1.2100 -1.2010
v 8.4470 2.2243 -1.2010
v 8.3219 2.2243 -1.2010
v 8.3219 1.2100 -1.1310
v 8.4470 1.2100 -1.1310
v 8.4470 2.2243 -1.1310
v 8.3219 2.2243 -1.1310
v 8.4470 1.2100 1.1140
v 8.5722 1.2100 1.1140
v 8.5722 2.2243 1.1140
v 8.4470 2.2243 1.1140
v 8.4470 1.2100 1.1840
v 8.5722 1.2100 1.1840
v 8.5722 2.2243 1.1840
v 8.4470 2.2243 1.1840
v 8.4470 1.2100 -1.1840
v 8.5722 1.2100 -1.1840
v 8.5722 2.2243 -1.1840
v 8.4470 2.2243 -1.1840
v 8.4470 1.2100 -1.1140
v 8.5722 1.2100 -1.1140
v 8.5722 2.2243 -1.1140
v 8.4470 2.2243 -1.1140
v 8.5722 1.2100 1.0970
v 8.6973 1.2100 1.0970
v 8.6973 2.2243 1.0970
v 8.5722 2.2243 1.0970
v 8.5722 1.2100 1.1670
v 8.6973 1.2100 1.1670
v 8.6973 2.2243 1.1670
v 8.5722 2.2243 1.1670
v 8.5722 1.2100 -1.1670
v 8.6973 1.2100 -1.1670
v 8.6973 2.2243 -1.1670
v 8.5722 2.2243 -1.1670
v 8.5722 1.2100 -1.0970
v 8.6973 1.2100 -1.0970
v 8.6973 2.2243 -1.0970
v 8.5722 2.2243 -1.0970
v 8.6973 1.2100 1.0790
v 8.8225 1.2100 1.0790
v 8.8225 2.1229 1.0790
v 8.6973 2.1229 1.0790
v 8.6973 1.2100 1.1490
v 8.8225 1.2100 1.1490
v 8.8225 2.1229 1.1490
v 8.6973 2.1229 1.1490
v 8.6973 1.2100 -1.1490
v 8.8225 1.2100 -1.1490
v 8.8225 2.1229 -1.1490
v 8.6973 2.1229 -1.1490
v 8.6973 1.2100 -1.0790
v 8.8225 1.2100 -1.0790
v 8.8225 2.1229 -1.0790
v 8.6973 2.1229 -1.0790
v 8.8225 1.2100 1.0610
v 8.9476 1.2100 1.0610
v 8.9476 2.0214 1.0610
v 8.8225 2.0214 1.0610
v 8.8225 1.2100 1.1310
v 8.9476 1.2100 1.1310
v 8.9476 2.0214 1.1310
v 8.8225 2.0214 1.1310
v 8.8225 1.2100 -1.1310
v 8.9476 1.2100 -1.1310
v 8.9476 2.0214 -1.1310
v 8.8225 2.0214 -1.1310
v 8.8225 1.2100 -1.0610
v 8.9476 1.2100 -1.0610
v 8.9476 2.0214 -1.0610
v 8.8225 2.0214 -1.0610
v 8.9476 1.2100 1.0420
v 9.0727 1.2100 1.0420
v 9.0727 2.0214 1.0420
v 8.9476 2.0214 1.0420
v 8.9476 1.2100 1.1120
v 9.0727 1.2100 1.1120
v 9.0727 2.0214 1.1120
v 8.9476 2.0214 1.1120
v 8.9476 1.2100 -1.1120
v 9.0727 1.2100 -1.1120
v 9.0727 2.0214 -1.1120
v 8.9476 2.0214 -1.1120
v 8.9476 1.2100 -1.0420
v 9.0727 1.2100 -1.0420
v 9.0727 2.0214 -1.0420
v 8.9476 2.0214 -1.0420
v 9.0727 1.2100 1.0230
v 9.1979 1.2100 1.0230
v 9.1979 1.9200 1.0230
v 9.0727 1.9200 1.0230
v 9.0727 1.2100 1.0930
v 9.1979 1.2100 1.0930
v 9.1979 1.9200 1.0930
v 9.0727 1.9200 1.0930
v 9.0727 1.2100 -1.0930
v 9.1979 1.2100 -1.0930
v 9.1979 1.9200 -1.0930
v 9.0727 1.9200 -1.0930
v 9.0727 1.2100 -1.0230
v 9.1979 1.2100 -1.0230
v 9.1979 1.9200 -1.0230
v 9.0727 1.9200 -1.0230
v 9.1979 1.2100 1.0030
v 9.3230 1.2100 1.0030
v 9.3230 1.8186 1.0030
v 9.1979 1.8186 1.0030
v 9.1979 1.2100 1.0730
v 9.3230 1.2100 1.0730
v 9.3230 1.8186 1.0730
v 9.1979 1.8186 1.0730
v 9.1979 1.2100 -1.0730
v 9.3230 1.2100 -1.0730
v 9.3230 1.8186 -1.0730
v 9.1979 1.8186 -1.0730
v 9.1979 1.2100 -1.0030
v 9.3230 1.2100 -1.0030
v 9.3230 1.8186 -1.0030
v 9.1979 1.8186 -1.0030
v 9.3230 1.2100 0.9830
v 9.4482 1.2100 0.9830
v 9.4482 1.8186 0.9830
v 9.3230 1.8186 0.9830
v 9.3230 1.2100 1.0530
v 9.4482 1.2100 1.0530
v 9.4482 1.8186 1.0530
v 9.3230 1.8186 1.0530
v 9.3230 1.2100 -1.0530
v 9.4482 1.2100 -1.0530
v 9.4482 1.8186 -1.0530
v 9.3230 1.8186 -1.0530
v 9.3230 1.2100 -0.9830
v 9.4482 1.2100 -0.9830
v 9.4482 1.8186 -0.9830
v 9.3230 1.8186 -0.9830
v 9.4482 1.2100 0.9620
v 9.5733 1.2100 0.9620
v 9.5733 1.7171 0.9620
v 9.4482 1.7171 0.9620
v 9.4482 1.2100 1.0320
v 9.5733 1.2100 1.0320
v 9.5733 1.7171 1.0320
v 9.4482 1.7171 1.0320
v 9.4482 1.2100 -1.0320
v 9.5733 1.2100 -1.0320
v 9.5733 1.7171 -1.0320
v 9.4482 1.7171 -1.0320
v 9.4482 1.2100 -0.9620
v 9.5733 1.2100 -0.9620
v 9.5733 1.7171 -0.9620
v 9.4482 1.7171 -0.9620
v 9.5733 1.2100 0.9400
v 9.6984 1.2100 0.9400
v 9.6984 1.6157 0.9400
v 9.5733 1.6157 0.9400
v 9.5733 1.2100 1.0100
v 9.6984 1.2100 1.0100
v 9.6984 1.6157 1.0100
v 9.5733 1.6157 1.0100
v 9.5733 1.2100 -1.0100
v 9.6984 1.2100 -1.0100
v 9.6984 1.6157 -1.0100
v 9.5733 1.6157 -1.0100
v 9.5733 1.2100 -0.9400
v 9.6984 1.2100 -0.9400
v 9.6984 1.6157 -0.9400
v 9.5733 1.6157 -0.9400
v 9.6984 1.2100 0.9180
v 9.8236 1.2100 0.9180
v 9.8236 1.6157 0.9180
v 9.6984 1.6157 0.9180
v 9.6984 1.2100 0.9880
v 9.8236 1.2100 0.9880
v 9.8236 1.6157 0.9880
v 9.6984 1.6157 0.9880
v 9.6984 1.2100 -0.9880
v 9.8236 1.2100 -0.9880
v 9.8236 1.6157 -0.9880
v 9.6984 1.6157 -0.9880
v 9.6984 1.2100 -0.9180
v 9.8236 1.2100 -0.9180
v 9.8236 1.6157 -0.9180
v 9.6984 1.6157 -0.9180
v 9.8236 1.2100 0.8960
v 9.9487 1.2100 0.8960
v 9.9487 1.5143 0.8960
v 9.8236 1.5143 0.8960
v 9.8236 1.2100 0.9660
v 9.9487 1.2100 0.9660
v 9.9487 1.5143 0.9660
v 9.8236 1.5143 0.9660
v 9.8236 1.2100 -0.9660
v 9.9487 1.2100 -0.9660
v 9.9487 1.5143 -0.9660
v 9.8236 1.5143 -0.9660
v 9.8236 1.2100 -0.8960
v 9.9487 1.2100 -0.8960
v 9.9487 1.5143 -0.8960
v 9.8236 1.5143 -0.8960
v 9.9487 1.2100 0.8730
v 10.0739 1.2100 0.8730
v 10.0739 1.4129 0.8730
v 9.9487 1.4129 0.8730
v 9.9487 1.2100 0.9430
v 10.0739 1.2100 0.9430
v 10.0739 1.4129 0.9430
v 9.9487 1.4129 0.9430
v 9.9487 1.2100 -0.9430
v 10.0739 1.2100 -0.9430
v 10.0739 1.4129 -0.9430
v 9.9487 1.4129 -0.9430
v 9.9487 1.2100 -0.8730
v 10.0739 1.2100 -0.8730
v 10.0739 1.4129 -0.8730
v 9.9487 1.4129 -0.8730
v 10.0739 1.2100 0.8490
v 10.1990 1.2100 0.8490
v 10.1990 1.4129 0.8490
v 10.0739 1.4129 0.8490
v 10.0739 1.2100 0.9190
v 10.1990 1.2100 0.9190
v 10.1990 1.4129 0.9190
v 10.0739 1.4129 0.9190
v 10.0739 1.2100 -0.9190
v 10.1990 1.2100 -0.9190
v 10.1990 1.4129 -0.9190
v 10.0739 1.4129 -0.9190
v 10.0739 1.2100 -0.8490
v 10.1990 1.2100 -0.8490
v 10.1990 1.4129 -0.8490
v 10.0739 1.4129 -0.8490
v 10.1990 1.2100 0.8250
v 10.3242 1.2100 0.8250
v 10.3242 1.3114 0.8250
v 10.1990 1.3114 0.8250
v 10.1990 1.2100 0.8950
v 10.3242 1.2100 0.8950
v 10.3242 1.3114 0.8950
v 10.1990 1.3114 0.8950
v 10.1990 1.2100 -0.8950
v 10.3242 1.2100 -0.8950
v 10.3242 1.3114 -0.8950
v 10.1990 1.3114 -0.8950
v 10.1990 1.2100 -0.8250
v 10.3242 1.2100 -0.8250
v 10.3242 1.3114 -0.8250
v 10.1990 1.3114 -0.8250
v 10.3242 1.2100 0.7940
v 10.4493 1.2100 0.7940
v 10.4493 1.3114 0.7940
v 10.3242 1.3114 0.7940
v 10.3242 1.2100 0.8640
v 10.4493 1.2100 0.8640
v 10.4493 1.3114 0.8640
v 10.3242 1.3114 0.8640
v 10.3242 1.2100 -0.8640
v 10.4493 1.2100 -0.8640
v 10.4493 1.3114 -0.8640
v 10.3242 1.3114 -0.8640
v 10.3242 1.2100 -0.7940
v 10.4493 1.2100 -0.7940
v 10.4493 1.3114 -0.7940
v 10.3242 1.3114 -0.7940
v 10.4493 1.2100 0.7480
v 10.5744 1.2100 0.7480
v 10.5744 1.3114 0.7480
v 10.4493 1.3114 0.7480
v 10.4493 1.2100 0.8180
v 10.5744 1.2100 0.8180
v 10.5744 1.3114 0.8180
v 10.4493 1.3114 0.8180
v 10.4493 1.2100 -0.8180
v 10.5744 1.2100 -0.8180
v 10.5744 1.3114 -0.8180
v 10.4493 1.3114 -0.8180
v 10.4493 1.2100 -0.7480
v 10.5744 1.2100 -0.7480
v 10.5744 1.3114 -0.7480
v 10.4493 1.3114 -0.7480
v 10.5744 1.2100 0.6870
v 10.6996 1.2100 0.6870
v 10.6996 1.3114 0.6870
v 10.5744 1.3114 0.6870
v 10.5744 1.2100 0.7570
v 10.6996 1.2100 0.7570
v 10.6996 1.3114 0.7570
v 10.5744 1.3114 0.7570
v 10.5744 1.2100 -0.7570
v 10.6996 1.2100 -0.7570
v 10.6996 1.3114 -0.7570
v 10.5744 1.3114 -0.7570
v 10.5744 1.2100 -0.6870
v 10.6996 1.2100 -0.6870
v 10.6996 1.3114 -0.6870
v 10.5744 1.3114 -0.6870
v 10.6996 1.2100 0.6100
v 10.8247 1.2100 0.6100
v 10.8247 1.3114 0.6100
v 10.6996 1.3114 0.6100
v 10.6996 1.2100 0.6800
v 10.8247 1.2100 0.6800
v 10.8247 1.3114 0.6800
v 10.6996 1.3114 0.6800
v 10.6996 1.2100 -0.6800
v 10.8247 1.2100 -0.6800
v 10.8247 1.3114 -0.6800
v 10.6996 1.3114 -0.6800
v 10.6996 1.2100 -0.6100
v 10.8247 1.2100 -0.6100
v 10.8247 1.3114 -0.6100
v 10.6996 1.3114 -0.6100
v 10.8247 1.2100 -0.5840
v 10.9499 1.2100 -0.5840
v 10.9499 1.3114 -0.5840
v 10.8247 1.3114 -0.5840
v 10.8247 1.2100 0.5840
v 10.9499 1.2100 0.5840
v 10.9499 1.3114 0.5840
v 10.8247 1.3114 0.5840
v 10.9499 1.2100 -0.4600
v 11.0750 1.2100 -0.4600
v 11.0750 1.3114 -0.4600
v 10.9499 1.3114 -0.4600
v 10.9499 1.2100 0.4600
v 11.0750 1.2100 0.4600
v 11.0750 1.3114 0.4600
v 10.9499 1.3114 0.4600
v -10.6996 1.3114 1.3450
v -10.5744 1.3114 1.3450
v -10.5744 1.4129 1.3450
v -10.6996 1.4129 1.3450
v -10.6996 1.3114 1.4150
v -10.5744 1.3114 1.4150
v -10.5744 1.4129 1.4150
v -10.6996 1.4129 1.4150
v -10.6996 1.3114 -1.4150
v -10.5744 1.3114 -1.4150
v -10.5744 1.4129 -1.4150
v -10.6996 1.4129 -1.4150
v -10.6996 1.3114 -1.3450
v -10.5744 1.3114 -1.3450
v -10.5744 1.4129 -1.3450
v -10.6996 1.4129 -1.3450
v -10.5744 1.3114 1.3800
v -10.3242 1.3114 1.3800
v -10.3242 1.4129 1.3800
v -10.5744 1.4129 1.3800
v -10.5744 1.3114 1.4500
v -10.3242 1.3114 1.4500
v -10.3242 1.4129 1.4500
v -10.5744 1.4129 1.4500
v -10.5744 1.3114 -1.4500
v -10.3242 1.3114 -1.4500
v -10.3242 1.4129 -1.4500
v -10.5744 1.4129 -1.4500
v -10.5744 1.3114 -1.3800
v -10.3242 1.3114 -1.3800
v -10.3242 1.4129 -1.3800
v -10.5744 1.4129 -1.3800
v -9.3230 1.3114 1.3800
v 4.5677 1.3114 1.3800
v 4.5677 1.4129 1.3800
v -9.3230 1.4129 1.3800
v -9.3230 1.3114 1.4500
v 4.5677 1.3114 1.4500
v 4.5677 1.4129 1.4500
v -9.3230 1.4129 1.4500
v -9.3230 1.3114 -1.4500
v 4.5677 1.3114 -1.4500
v 4.5677 1.4129 -1.4500
v -9.3230 1.4129 -1.4500
v -9.3230 1.3114 -1.3800
v 4.5677 1.3114 -1.3800
v 4.5677 1.4129 -1.3800
v -9.3230 1.4129 -1.3800
v 10.1990 1.3114 0.8130
v 10.3242 1.3114 0.8130
v 10.3242 1.4129 0.8130
v 10.1990 1.4129 0.8130
v 10.1990 1.3114 0.8830
v 10.3242 1.3114 0.8830
v 10.3242 1.4129 0.8830
v 10.1990 1.4129 0.8830
v 10.1990 1.3114 -0.8830
v 10.3242 1.3114 -0.8830
v 10.3242 1.4129 -0.8830
v 10.1990 1.4129 -0.8830
v 10.1990 1.3114 -0.8130
v 10.3242 1.3114 -0.8130
v 10.3242 1.4129 -0.8130
v 10.1990 1.4129 -0.8130
v 10.3242 1.3114 0.7630
v 10.4493 1.3114 0.7630
v 10.4493 1.4129 0.7630
v 10.3242 1.4129 0.7630
v 10.3242 1.3114 0.8330
v 10.4493 1.3114 0.8330
v 10.4493 1.4129 0.8330
v 10.3242 1.4129 0.8330
v 10.3242 1.3114 -0.8330
v 10.4493 1.3114 -0.8330
v 10.4493 1.4129 -0.8330
v 10.3242 1.4129 -0.8330
v 10.3242 1.3114 -0.7630
v 10.4493 1.3114 -0.7630
v 10.4493 1.4129 -0.7630
v 10.3242 1.4129 -0.7630
v 10.4493 1.3114 0.6970
v 10.5744 1.3114 0.6970
v 10.5744 1.4129 0.6970
v 10.4493 1.4129 0.6970
v 10.4493 1.3114 0.7670
v 10.5744 1.3114 0.7670
v 10.5744 1.4129 0.7670
v 10.4493 1.4129 0.7670
v 10.4493 1.3114 -0.7670
v 10.5744 1.3114 -0.7670
v 10.5744 1.4129 -0.7670
v 10.4493 1.4129 -0.7670
v 10.4493 1.3114 -0.6970
v 10.5744 1.3114 -0.6970
v 10.5744 1.4129 -0.6970
v 10.4493 1.4129 -0.6970
v 10.5744 1.3114 0.6140
v 10.6996 1.3114 0.6140
v 10.6996 1.4129 0.6140
v 10.5744 1.4129 0.6140
v 10.5744 1.3114 0.6840
v 10.6996 1.3114 0.6840
v 10.6996 1.4129 0.6840
v 10.5744 1.4129 0.6840
v 10.5744 1.3114 -0.6840
v 10.6996 1.3114 -0.6840
v 10.6996 1.4129 -0.6840
v 10.5744 1.4129 -0.6840
v 10.5744 1.3114 -0.6140
v 10.6996 1.3114 -0.6140
v 10.6996 1.4129 -0.6140
v 10.5744 1.4129 -0.6140
v 10.6996 1.3114 -0.5790
v 10.8247 1.3114 -0.5790
v 10.8247 1.4129 -0.5790
v 10.6996 1.4129 -0.5790
v 10.6996 1.3114 0.5790
v 10.8247 1.3114 0.5790
v 10.8247 1.4129 0.5790
v 10.6996 1.4129 0.5790
v 10.8247 1.3114 -0.4420
v 10.9499 1.3114 -0.4420
v 10.9499 1.4129 -0.4420
v 10.8247 1.4129 -0.4420
v 10.8247 1.3114 0.4420
v 10.9499 1.3114 0.4420
v 10.9499 1.4129 0.4420
v 10.8247 1.4129 0.4420
v -10.6996 1.4129 1.3450
v -10.5744 1.4129 1.3450
v -10.5744 1.5143 1.3450
v -10.6996 1.5143 1.3450
v -10.6996 1.4129 1.4150
v -10.5744 1.4129 1.4150
v -10.5744 1.5143 1.4150
v -10.6996 1.5143 1.4150
v -10.6996 1.4129 -1.4150
v -10.5744 1.4129 -1.4150
v -10.5744 1.5143 -1.4150
v -10.6996 1.5143 -1.4150
v -10.6996 1.4129 -1.3450
v -10.5744 1.4129 -1.3450
v -10.5744 1.5143 -1.3450
v -10.6996 1.5143 -1.3450
v -10.5744 1.4129 1.3800
v -10.3242 1.4129 1.3800
v -10.3242 1.5143 1.3800
v -10.5744 1.5143 1.3800
v -10.5744 1.4129 1.4500
v -10.3242 1.4129 1.4500
v -10.3242 1.5143 1.4500
v -10.5744 1.5143 1.4500
v -10.5744 1.4129 -1.4500
v -10.3242 1.4129 -1.4500
v -10.3242 1.5143 -1.4500
v -10.5744 1.5143 -1.4500
v -10.5744 1.4129 -1.3800
v -10.3242 1.4129 -1.3800
v -10.3242 1.5143 -1.3800
v -10.5744 1.5143 -1.3800
v -9.3230 1.4129 1.3800
v 4.5677 1.4129 1.3800
v 4.5677 1.5143 1.3800
v -9.3230 1.5143 1.3800
v -9.3230 1.4129 1.4500
v 4.5677 1.4129 1.4500
v 4.5677 1.5143 1.4500
v -9.3230 1.5143 1.4500
v -9.3230 1.4129 -1.4500
v 4.5677 1.4129 -1.4500
v 4.5677 1.5143 -1.4500
v -9.3230 1.5143 -1.4500
v -9.3230 1.4129 -1.3800
v 4.5677 1.4129 -1.3800
v 4.5677 1.5143 -1.3800
v -9.3230 1.5143 -1.3800
v 9.9487 1.4129 0.8700
v 10.0739 1.4129 0.8700
v 10.0739 1.5143 0.8700
v 9.9487 1.5143 0.8700
v 9.9487 1.4129 0.9400
v 10.0739 1.4129 0.9400
v 10.0739 1.5143 0.9400
v 9.9487 1.5143 0.9400
v 9.9487 1.4129 -0.9400
v 10.0739 1.4129 -0.9400
v 10.0739 1.5143 -0.9400
v 9.9487 1.5143 -0.9400
v 9.9487 1.4129 -0.8700
v 10.0739 1.4129 -0.8700
v 10.0739 1.5143 -0.8700
v 9.9487 1.5143 -0.8700
v 10.0739 1.4129 0.8300
v 10.1990 1.4129 0.8300
v 10.1990 1.5143 0.8300
v 10.0739 1.5143 0.8300
v 10.0739 1.4129 0.9000
v 10.1990 1.4129 0.9000
v 10.1990 1.5143 0.9000
v 10.0739 1.5143 0.9000
v 10.0739 1.4129 -0.9000
v 10.1990 1.4129 -0.9000
v 10.1990 1.5143 -0.9000
v 10.0739 1.5143 -0.9000
v 10.0739 1.4129 -0.8300
v 10.1990 1.4129 -0.8300
v 10.1990 1.5143 -0.8300
v 10.0739 1.5143 -0.8300
v 10.1990 1.4129 0.7750
v 10.3242 1.4129 0.7750
v 10.3242 1.5143 0.7750
v 10.1990 1.5143 0.7750
v 10.1990 1.4129 0.8450
v 10.3242 1.4129 0.8450
v 10.3242 1.5143 0.8450
v 10.1990 1.5143 0.8450
v 10.1990 1.4129 -0.8450
v 10.3242 1.4129 -0.8450
v 10.3242 1.5143 -0.8450
v 10.1990 1.5143 -0.8450
v 10.1990 1.4129 -0.7750
v 10.3242 1.4129 -0.7750
v 10.3242 1.5143 -0.7750
v 10.1990 1.5143 -0.7750
v 10.3242 1.4129 0.7030
v 10.4493 1.4129 0.7030
v 10.4493 1.5143 0.7030
v 10.3242 1.5143 0.7030
v 10.3242 1.4129 0.7730
v 10.4493 1.4129 0.7730
v 10.4493 1.5143 0.7730
v 10.3242 1.5143 0.7730
v 10.3242 1.4129 -0.7730
v 10.4493 1.4129 -0.7730
v 10.4493 1.5143 -0.7730
v 10.3242 1.5143 -0.7730
v 10.3242 1.4129 -0.7030
v 10.4493 1.4129 -0.7030
v 10.4493 1.5143 -0.7030
v 10.3242 1.5143 -0.7030
v 10.4493 1.4129 0.6130
v 10.5744 1.4129 0.6130
v 10.5744 1.5143 0.6130
v 10.4493 1.5143 0.6130
v 10.4493 1.4129 0.6830
v 10.5744 1.4129 0.6830
v 10.5744 1.5143 0.6830
v 10.4493 1.5143 0.6830
v 10.4493 1.4129 -0.6830
v 10.5744 1.4129 -0.6830
v 10.5744 1.5143 -0.6830
v 10.4493 1.5143 -0.6830
v 10.4493 1.4129 -0.6130
v 10.5744 1.4129 -0.6130
v 10.5744 1.5143 -0.6130
v 10.4493 1.5143 -0.6130
v 10.5744 1.4129 -0.5690
v 10.6996 1.4129 -0.5690
v 10.6996 1.5143 -0.5690
v 10.5744 1.5143 -0.5690
v 10.5744 1.4129 0.5690
v 10.6996 1.4129 0.5690
v 10.6996 1.5143 0.5690
v 10.5744 1.5143 0.5690
v 10.6996 1.4129 -0.4150
v 10.8247 1.4129 -0.4150
v 10.8247 1.5143 -0.4150
v 10.6996 1.5143 -0.4150
v 10.6996 1.4129 0.4150
v 10.8247 1.4129 0.4150
v 10.8247 1.5143 0.4150
v 10.6996 1.5143 0.4150
v -10.6996 1.5143 1.3450
v -10.5744 1.5143 1.3450
v -10.5744 1.6157 1.3450
v -10.6996 1.6157 1.3450
v -10.6996 1.5143 1.4150
v -10.5744 1.5143 1.4150
v -10.5744 1.6157 1.4150
v -10.6996 1.6157 1.4150
v -10.6996 1.5143 -1.4150
v -10.5744 1.5143 -1.4150
v -10.5744 1.6157 -1.4150
v -10.6996 1.6157 -1.4150
v -10.6996 1.5143 -1.3450
v -10.5744 1.5143 -1.3450
v -10.5744 1.6157 -1.3450
v -10.6996 1.6157 -1.3450
v -10.5744 1.5143 1.3800
v -10.3242 1.5143 1.3800
v -10.3242 1.6157 1.3800
v -10.5744 1.6157 1.3800
v -10.5744 1.5143 1.4500
v -10.3242 1.5143 1.4500
v -10.3242 1.6157 1.4500
v -10.5744 1.6157 1.4500
v -10.5744 1.5143 -1.4500
v -10.3242 1.5143 -1.4500
v -10.3242 1.6157 -1.4500
v -10.5744 1.6157 -1.4500
v -10.5744 1.5143 -1.3800
v -10.3242 1.5143 -1.3800
v -10.3242 1.6157 -1.3800
v -10.5744 1.6157 -1.3800
v -9.3230 1.5143 1.3800
v 4.5677 1.5143 1.3800
v 4.5677 1.6157 1.3800
v -9.3230 1.6157 1.3800
v -9.3230 1.5143 1.4500
v 4.5677 1.5143 1.4500
v 4.5677 1.6157 1.4500
v -9.3230 1.6157 1.4500
v -9.3230 1.5143 -1.4500
v 4.5677 1.5143 -1.4500
v 4.5677 1.6157 -1.4500
v -9.3230 1.6157 -1.4500
v -9.3230 1.5143 -1.3800
v 4.5677 1.5143 -1.3800
v 4.5677 1.6157 -1.3800
v -9.3230 1.6157 -1.3800
v 9.8236 1.5143 0.8880
v 9.9487 1.5143 0.8880
v 9.9487 1.6157 0.8880
v 9.8236 1.6157 0.8880
v 9.8236 1.5143 0.9580
v 9.9487 1.5143 0.9580
v 9.9487 1.6157 0.9580
v 9.8236 1.6157 0.9580
v 9.8236 1.5143 -0.9580
v 9.9487 1.5143 -0.9580
v 9.9487 1.6157 -0.9580
v 9.8236 1.6157 -0.9580
v 9.8236 1.5143 -0.8880
v 9.9487 1.5143 -0.8880
v 9.9487 1.6157 -0.8880
v 9.8236 1.6157 -0.8880
v 9.9487 1.5143 0.8430
v 10.0739 1.5143 0.8430
v 10.0739 1.6157 0.8430
v 9.9487 1.6157 0.8430
v 9.9487 1.5143 0.9130
v 10.0739 1.5143 0.9130
v 10.0739 1.6157 0.9130
v 9.9487 1.6157 0.9130
v 9.9487 1.5143 -0.9130
v 10.0739 1.5143 -0.9130
v 10.0739 1.6157 -0.9130
v 9.9487 1.6157 -0.9130
v 9.9487 1.5143 -0.8430
v 10.0739 1.5143 -0.8430
v 10.0739 1.6157 -0.8430
v 9.9487 1.6157 -0.8430
v 10.0739 1.5143 0.7820
v 10.1990 1.5143 0.7820
v 10.1990 1.6157 0.7820
v 10.0739 1.6157 0.7820
v 10.0739 1.5143 0.8520
v 10.1990 1.5143 0.8520
v 10.1990 1.6157 0.8520
v 10.0739 1.6157 0.8520
v 10.0739 1.5143 -0.8520
v 10.1990 1.5143 -0.8520
v 10.1990 1.6157 -0.8520
v 10.0739 1.6157 -0.8520
v 10.0739 1.5143 -0.7820
v 10.1990 1.5143 -0.7820
v 10.1990 1.6157 -0.7820
v 10.0739 1.6157 -0.7820
v 10.1990 1.5143 0.7050
v 10.3242 1.5143 0.7050
v 10.3242 1.6157 0.7050
v 10.1990 1.6157 0.7050
v 10.1990 1.5143 0.7750
v 10.3242 1.5143 0.7750
v 10.3242 1.6157 0.7750
v 10.1990 1.6157 0.7750
v 10.1990 1.5143 -0.7750
v 10.3242 1.5143 -0.7750
v 10.3242 1.6157 -0.7750
v 10.1990 1.6157 -0.7750
v 10.1990 1.5143 -0.7050
v 10.3242 1.5143 -0.7050
v 10.3242 1.6157 -0.7050
v 10.1990 1.6157 -0.7050
v 10.3242 1.5143 -0.6770
v 10.4493 1.5143 -0.6770
v 10.4493 1.6157 -0.6770
v 10.3242 1.6157 -0.6770
v 10.3242 1.5143 0.6770
v 10.4493 1.5143 0.6770
v 10.4493 1.6157 0.6770
v 10.3242 1.6157 0.6770
v 10.4493 1.5143 -0.5520
v 10.5744 1.5143 -0.5520
v 10.5744 1.6157 -0.5520
v 10.4493 1.6157 -0.5520
v 10.4493 1.5143 0.5520
v 10.5744 1.5143 0.5520
v 10.5744 1.6157 0.5520
v 10.4493 1.6157 0.5520
v 10.5744 1.5143 -0.3760
v 10.6996 1.5143 -0.3760
v 10.6996 1.6157 -0.3760
v 10.5744 1.6157 -0.3760
v 10.5744 1.5143 0.3760
v 10.6996 1.5143 0.3760
v 10.6996 1.6157 0.3760
v 10.5744 1.6157 0.3760
v 9.5733 1.6157 0.9390
v 9.6984 1.6157 0.9390
v 9.6984 1.7171 0.9390
v 9.5733 1.7171 0.9390
v 9.5733 1.6157 1.0090
v 9.6984 1.6157 1.0090
v 9.6984 1.7171 1.0090
v 9.5733 1.7171 1.0090
v 9.5733 1.6157 -1.0090
v 9.6984 1.6157 -1.0090
v 9.6984 1.7171 -1.0090
v 9.5733 1.7171 -1.0090
v 9.5733 1.6157 -0.9390
v 9.6984 1.6157 -0.9390
v 9.6984 1.7171 -0.9390
v 9.5733 1.7171 -0.9390
v 9.6984 1.6157 0.9030
v 9.8236 1.6157 0.9030
v 9.8236 1.7171 0.9030
v 9.6984 1.7171 0.9030
v 9.6984 1.6157 0.9730
v 9.8236 1.6157 0.9730
v 9.8236 1.7171 0.9730
v 9.6984 1.7171 0.9730
v 9.6984 1.6157 -0.9730
v 9.8236 1.6157 -0.9730
v 9.8236 1.7171 -0.9730
v 9.6984 1.7171 -0.9730
v 9.6984 1.6157 -0.9030
v 9.8236 1.6157 -0.9030
v 9.8236 1.7171 -0.9030
v 9.6984 1.7171 -0.9030
v 9.8236 1.6157 0.8530
v 9.9487 1.6157 0.8530
v 9.9487 1.7171 0.8530
v 9.8236 1.7171 0.8530
v 9.8236 1.6157 0.9230
v 9.9487 1.6157 0.9230
v 9.9487 1.7171 0.9230
v 9.8236 1.7171 0.9230
v 9.8236 1.6157 -0.9230
v 9.9487 1.6157 -0.9230
v 9.9487 1.7171 -0.9230
v 9.8236 1.7171 -0.9230
v 9.8236 1.6157 -0.8530
v 9.9487 1.6157 -0.8530
v 9.9487 1.7171 -0.8530
v 9.8236 1.7171 -0.8530
v 9.9487 1.6157 0.7860
v 10.0739 1.6157 0.7860
v 10.0739 1.7171 0.7860
v 9.9487 1.7171 0.7860
v 9.9487 1.6157 0.8560
v 10.0739 1.6157 0.8560
v 10.0739 1.7171 0.8560
v 9.9487 1.7171 0.8560
v 9.9487 1.6157 -0.8560
v 10.0739 1.6157 -0.8560
v 10.0739 1.7171 -0.8560
v 9.9487 1.7171 -0.8560
v 9.9487 1.6157 -0.7860
v 10.0739 1.6157 -0.7860
v 10.0739 1.7171 -0.7860
v 9.9487 1.7171 -0.7860
v 10.0739 1.6157 0.7020
v 10.1990 1.6157 0.7020
v 10.1990 1.7171 0.7020
v 10.0739 1.7171 0.7020
v 10.0739 1.6157 0.7720
v 10.1990 1.6157 0.7720
v 10.1990 1.7171 0.7720
v 10.0739 1.7171 0.7720
v 10.0739 1.6157 -0.7720
v 10.1990 1.6157 -0.7720
v 10.1990 1.7171 -0.7720
v 10.0739 1.7171 -0.7720
v 10.0739 1.6157 -0.7020
v 10.1990 1.6157 -0.7020
v 10.1990 1.7171 -0.7020
v 10.0739 1.7171 -0.7020
v 10.1990 1.6157 -0.6650
v 10.3242 1.6157 -0.6650
v 10.3242 1.7171 -0.6650
v 10.1990 1.7171 -0.6650
v 10.1990 1.6157 0.6650
v 10.3242 1.6157 0.6650
v 10.3242 1.7171 0.6650
v 10.1990 1.7171 0.6650
v 10.3242 1.6157 -0.5250
v 10.4493 1.6157 -0.5250
v 10.4493 1.7171 -0.5250
v 10.3242 1.7171 -0.5250
v 10.3242 1.6157 0.5250
v 10.4493 1.6157 0.5250
v 10.4493 1.7171 0.5250
v 10.3242 1.7171 0.5250
v -10.6996 1.7171 1.3450
v -10.5744 1.7171 1.3450
v -10.5744 2.7314 1.3450
v -10.6996 2.7314 1.3450
v -10.6996 1.7171 1.3950
v -10.5744 1.7171 1.3950
v -10.5744 2.7314 1.3950
v -10.6996 2.7314 1.3950
v -10.6996 1.7171 -1.3950
v -10.5744 1.7171 -1.3950
v -10.5744 2.7314 -1.3950
v -10.6996 2.7314 -1.3950
v -10.6996 1.7171 -1.3450
v -10.5744 1.7171 -1.3450
v -10.5744 2.7314 -1.3450
v -10.6996 2.7314 -1.3450
v -10.5744 1.7171 1.3800
v -10.3242 1.7171 1.3800
v -10.3242 2.7314 1.3800
v -10.5744 2.7314 1.3800
v -10.5744 1.7171 1.4300
v -10.3242 1.7171 1.4300
v -10.3242 2.7314 1.4300
v -10.5744 2.7314 1.4300
v -10.5744 1.7171 -1.4300
v -10.3242 1.7171 -1.4300
v -10.3242 2.7314 -1.4300
v -10.5744 2.7314 -1.4300
v -10.5744 1.7171 -1.3800
v -10.3242 1.7171 -1.3800
v -10.3242 2.7314 -1.3800
v -10.5744 2.7314 -1.3800
v -9.3230 1.7171 1.3800
v -6.8202 1.7171 1.3800
v -6.8202 2.7314 1.3800
v -9.3230 2.7314 1.3800
v -9.3230 1.7171 1.4300
v -6.8202 1.7171 1.4300
v -6.8202 2.7314 1.4300
v -9.3230 2.7314 1.4300
v -9.3230 1.7171 -1.4300
v -6.8202 1.7171 -1.4300
v -6.8202 2.7314 -1.4300
v -9.3230 2.7314 -1.4300
v -9.3230 1.7171 -1.3800
v -6.8202 1.7171 -1.3800
v -6.8202 2.7314 -1.3800
v -9.3230 2.7314 -1.3800
v -6.8202 1.7171 1.3800
v -6.6951 1.7171 1.3800
v -6.6951 2.7314 1.3800
v -6.8202 2.7314 1.3800
v -6.8202 1.7171 1.4500
v -6.6951 1.7171 1.4500
v -6.6951 2.7314 1.4500
v -6.8202 2.7314 1.4500
v -6.8202 1.7171 -1.4500
v -6.6951 1.7171 -1.4500
v -6.6951 2.7314 -1.4500
v -6.8202 2.7314 -1.4500
v -6.8202 1.7171 -1.3800
v -6.6951 1.7171 -1.3800
v -6.6951 2.7314 -1.3800
v -6.8202 2.7314 -1.3800
v -6.6951 1.7171 1.3800
v -5.0682 1.7171 1.3800
v -5.0682 2.7314 1.3800
v -6.6951 2.7314 1.3800
v -6.6951 1.7171 1.4300
v -5.0682 1.7171 1.4300
v -5.0682 2.7314 1.4300
v -6.6951 2.7314 1.4300
v -6.6951 1.7171 -1.4300
v -5.0682 1.7171 -1.4300
v -5.0682 2.7314 -1.4300
v -6.6951 2.7314 -1.4300
v -6.6951 1.7171 -1.3800
v -5.0682 1.7171 -1.3800
v -5.0682 2.7314 -1.3800
v -6.6951 2.7314 -1.3800
v -5.0682 1.7171 1.3800
v -4.9431 1.7171 1.3800
v -4.9431 2.7314 1.3800
v -5.0682 2.7314 1.3800
v -5.0682 1.7171 1.4500
v -4.9431 1.7171 1.4500
v -4.9431 2.7314 1.4500
v -5.0682 2.7314 1.4500
v -5.0682 1.7171 -1.4500
v -4.9431 1.7171 -1.4500
v -4.9431 2.7314 -1.4500
v -5.0682 2.7314 -1.4500
v -5.0682 1.7171 -1.3800
v -4.9431 1.7171 -1.3800
v -4.9431 2.7314 -1.3800
v -5.0682 2.7314 -1.3800
v -4.9431 1.7171 1.3800
v -3.4414 1.7171 1.3800
v -3.4414 2.7314 1.3800
v -4.9431 2.7314 1.3800
v -4.9431 1.7171 1.4300
v -3.4414 1.7171 1.4300
v -3.4414 2.7314 1.4300
v -4.9431 2.7314 1.4300
v -4.9431 1.7171 -1.4300
v -3.4414 1.7171 -1.4300
v -3.4414 2.7314 -1.4300
v -4.9431 2.7314 -1.4300
v -4.9431 1.7171 -1.3800
v -3.4414 1.7171 -1.3800
v -3.4414 2.7314 -1.3800
v -4.9431 2.7314 -1.3800
v -3.4414 1.7171 1.3800
v -3.3162 1.7171 1.3800
v -3.3162 2.7314 1.3800
v -3.4414 2.7314 1.3800
v -3.4414 1.7171 1.4500
v -3.3162 1.7171 1.4500
v -3.3162 2.7314 1.4500
v -3.4414 2.7314 1.4500
v -3.4414 1.7171 -1.4500
v -3.3162 1.7171 -1.4500
v -3.3162 2.7314 -1.4500
v -3.4414 2.7314 -1.4500
v -3.4414 1.7171 -1.3800
v -3.3162 1.7171 -1.3800
v -3.3162 2.7314 -1.3800
v -3.4414 2.7314 -1.3800
v -3.3162 1.7171 1.3800
v -1.6894 1.7171 1.3800
v -1.6894 2.7314 1.3800
v -3.3162 2.7314 1.3800
v -3.3162 1.7171 1.4300
v -1.6894 1.7171 1.4300
v -1.6894 2.7314 1.4300
v -3.3162 2.7314 1.4300
v -3.3162 1.7171 -1.4300
v -1.6894 1.7171 -1.4300
v -1.6894 2.7314 -1.4300
v -3.3162 2.7314 -1.4300
v -3.3162 1.7171 -1.3800
v -1.6894 1.7171 -1.3800
v -1.6894 2.7314 -1.3800
v -3.3162 2.7314 -1.3800
v -1.6894 1.7171 1.3800
v -1.5643 1.7171 1.3800
v -1.5643 2.7314 1.3800
v -1.6894 2.7314 1.3800
v -1.6894 1.7171 1.4500
v -1.5643 1.7171 1.4500
v -1.5643 2.7314 1.4500
v -1.6894 2.7314 1.4500
v -1.6894 1.7171 -1.4500
v -1.5643 1.7171 -1.4500
v -1.5643 2.7314 -1.4500
v -1.6894 2.7314 -1.4500
v -1.6894 1.7171 -1.3800
v -1.5643 1.7171 -1.3800
v -1.5643 2.7314 -1.3800
v -1.6894 2.7314 -1.3800
v -1.5643 1.7171 1.3800
v 1.6894 1.7171 1.3800
v 1.6894 2.7314 1.3800
v -1.5643 2.7314 1.3800
v -1.5643 1.7171 1.4300
v 1.6894 1.7171 1.4300
v 1.6894 2.7314 1.4300
v -1.5643 2.7314 1.4300
v -1.5643 1.7171 -1.4300
v 1.6894 1.7171 -1.4300
v 1.6894 2.7314 -1.4300
v -1.5643 2.7314 -1.4300
v -1.5643 1.7171 -1.3800
v 1.6894 1.7171 -1.3800
v 1.6894 2.7314 -1.3800
v -1.5643 2.7314 -1.3800
v 1.6894 1.7171 1.3800
v 1.8145 1.7171 1.3800
v 1.8145 2.7314 1.3800
v 1.6894 2.7314 1.3800
v 1.6894 1.7171 1.4500
v 1.8145 1.7171 1.4500
v 1.8145 2.7314 1.4500
v 1.6894 2.7314 1.4500
v 1.6894 1.7171 -1.4500
v 1.8145 1.7171 -1.4500
v 1.8145 2.7314 -1.4500
v 1.6894 2.7314 -1.4500
v 1.6894 1.7171 -1.3800
v 1.8145 1.7171 -1.3800
v 1.8145 2.7314 -1.3800
v 1.6894 2.7314 -1.3800
v 1.8145 1.7171 1.3800
v 4.5677 1.7171 1.3800
v 4.5677 2.7314 1.3800
v 1.8145 2.7314 1.3800
v 1.8145 1.7171 1.4300
v 4.5677 1.7171 1.4300
v 4.5677 2.7314 1.4300
v 1.8145 2.7314 1.4300
v 1.8145 1.7171 -1.4300
v 4.5677 1.7171 -1.4300
v 4.5677 2.7314 -1.4300
v 1.8145 2.7314 -1.4300
v 1.8145 1.7171 -1.3800
v 4.5677 1.7171 -1.3800
v 4.5677 2.7314 -1.3800
v 1.8145 2.7314 -1.3800
v 9.4482 1.7171 0.9560
v 9.5733 1.7171 0.9560
v 9.5733 1.8186 0.9560
v 9.4482 1.8186 0.9560
v 9.4482 1.7171 1.0260
v 9.5733 1.7171 1.0260
v 9.5733 1.8186 1.0260
v 9.4482 1.8186 1.0260
v 9.4482 1.7171 -1.0260
v 9.5733 1.7171 -1.0260
v 9.5733 1.8186 -1.0260
v 9.4482 1.8186 -1.0260
v 9.4482 1.7171 -0.9560
v 9.5733 1.7171 -0.9560
v 9.5733 1.8186 -0.9560
v 9.4482 1.8186 -0.9560
v 9.5733 1.7171 0.9150
v 9.6984 1.7171 0.9150
v 9.6984 1.8186 0.9150
v 9.5733 1.8186 0.9150
v 9.5733 1.7171 0.9850
v 9.6984 1.7171 0.9850
v 9.6984 1.8186 0.9850
v 9.5733 1.8186 0.9850
v 9.5733 1.7171 -0.9850
v 9.6984 1.7171 -0.9850
v 9.6984 1.8186 -0.9850
v 9.5733 1.8186 -0.9850
v 9.5733 1.7171 -0.9150
v 9.6984 1.7171 -0.9150
v 9.6984 1.8186 -0.9150
v 9.5733 1.8186 -0.9150
v 9.6984 1.7171 0.8590
v 9.8236 1.7171 0.8590
v 9.8236 1.8186 0.8590
v 9.6984 1.8186 0.8590
v 9.6984 1.7171 0.9290
v 9.8236 1.7171 0.9290
v 9.8236 1.8186 0.9290
v 9.6984 1.8186 0.9290
v 9.6984 1.7171 -0.9290
v 9.8236 1.7171 -0.9290
v 9.8236 1.8186 -0.9290
v 9.6984 1.8186 -0.9290
v 9.6984 1.7171 -0.8590
v 9.8236 1.7171 -0.8590
v 9.8236 1.8186 -0.8590
v 9.6984 1.8186 -0.8590
v 9.8236 1.7171 0.7850
v 9.9487 1.7171 0.7850
v 9.9487 1.8186 0.7850
v 9.8236 1.8186 0.7850
v 9.8236 1.7171 0.8550
v 9.9487 1.7171 0.8550
v 9.9487 1.8186 0.8550
v 9.8236 1.8186 0.8550
v 9.8236 1.7171 -0.8550
v 9.9487 1.7171 -0.8550
v 9.9487 1.8186 -0.8550
v 9.8236 1.8186 -0.8550
v 9.8236 1.7171 -0.7850
v 9.9487 1.7171 -0.7850
v 9.9487 1.8186 -0.7850
v 9.8236 1.8186 -0.7850
v 9.9487 1.7171 0.6930
v 10.0739 1.7171 0.6930
v 10.0739 1.8186 0.6930
v 9.9487 1.8186 0.6930
v 9.9487 1.7171 0.7630
v 10.0739 1.7171 0.7630
v 10.0739 1.8186 0.7630
v 9.9487 1.8186 0.7630
v 9.9487 1.7171 -0.7630
v 10.0739 1.7171 -0.7630
v 10.0739 1.8186 -0.7630
v 9.9487 1.8186 -0.7630
v 9.9487 1.7171 -0.6930
v 10.0739 1.7171 -0.6930
v 10.0739 1.8186 -0.6930
v 9.9487 1.8186 -0.6930
v 10.0739 1.7171 -0.6450
v 10.1990 1.7171 -0.6450
v 10.1990 1.8186 -0.6450
v 10.0739 1.8186 -0.6450
v 10.0739 1.7171 0.6450
v 10.1990 1.7171 0.6450
v 10.1990 1.8186 0.6450
v 10.0739 1.8186 0.6450
v 10.1990 1.7171 -0.4880
v 10.3242 1.7171 -0.4880
v 10.3242 1.8186 -0.4880
v 10.1990 1.8186 -0.4880
v 10.1990 1.7171 0.4880
v 10.3242 1.7171 0.4880
v 10.3242 1.8186 0.4880
v 10.1990 1.8186 0.4880
v 9.1979 1.8186 1.0020
v 9.3230 1.8186 1.0020
v 9.3230 1.9200 1.0020
v 9.1979 1.9200 1.0020
v 9.1979 1.8186 1.0720
v 9.3230 1.8186 1.0720
v 9.3230 1.9200 1.0720
v 9.1979 1.9200 1.0720
v 9.1979 1.8186 -1.0720
v 9.3230 1.8186 -1.0720
v 9.3230 1.9200 -1.0720
v 9.1979 1.9200 -1.0720
v 9.1979 1.8186 -1.0020
v 9.3230 1.8186 -1.0020
v 9.3230 1.9200 -1.0020
v 9.1979 1.9200 -1.0020
v 9.3230 1.8186 0.9700
v 9.4482 1.8186 0.9700
v 9.4482 1.9200 0.9700
v 9.3230 1.9200 0.9700
v 9.3230 1.8186 1.0400
v 9.4482 1.8186 1.0400
v 9.4482 1.9200 1.0400
v 9.3230 1.9200 1.0400
v 9.3230 1.8186 -1.0400
v 9.4482 1.8186 -1.0400
v 9.4482 1.9200 -1.0400
v 9.3230 1.9200 -1.0400
v 9.3230 1.8186 -0.9700
v 9.4482 1.8186 -0.9700
v 9.4482 1.9200 -0.9700
v 9.3230 1.9200 -0.9700
v 9.4482 1.8186 0.9230
v 9.5733 1.8186 0.9230
v 9.5733 1.9200 0.9230
v 9.4482 1.9200 0.9230
v 9.4482 1.8186 0.9930
v 9.5733 1.8186 0.9930
v 9.5733 1.9200 0.9930
v 9.4482 1.9200 0.9930
v 9.4482 1.8186 -0.9930
v 9.5733 1.8186 -0.9930
v 9.5733 1.9200 -0.9930
v 9.4482 1.9200 -0.9930
v 9.4482 1.8186 -0.9230
v 9.5733 1.8186 -0.9230
v 9.5733 1.9200 -0.9230
v 9.4482 1.9200 -0.9230
v 9.5733 1.8186 0.8600
v 9.6984 1.8186 0.8600
v 9.6984 1.9200 0.8600
v 9.5733 1.9200 0.8600
v 9.5733 1.8186 0.9300
v 9.6984 1.8186 0.9300
v 9.6984 1.9200 0.9300
v 9.5733 1.9200 0.9300
v 9.5733 1.8186 -0.9300
v 9.6984 1.8186 -0.9300
v 9.6984 1.9200 -0.9300
v 9.5733 1.9200 -0.9300
v 9.5733 1.8186 -0.8600
v 9.6984 1.8186 -0.8600
v 9.6984 1.9200 -0.8600
v 9.5733 1.9200 -0.8600
v 9.6984 1.8186 0.7790
v 9.8236 1.8186 0.7790
v 9.8236 1.9200 0.7790
v 9.6984 1.9200 0.7790
v 9.6984 1.8186 0.8490
v 9.8236 1.8186 0.8490
v 9.8236 1.9200 0.8490
v 9.6984 1.9200 0.8490
v 9.6984 1.8186 -0.8490
v 9.8236 1.8186 -0.8490
v 9.8236 1.9200 -0.8490
v 9.6984 1.9200 -0.8490
v 9.6984 1.8186 -0.7790
v 9.8236 1.8186 -0.7790
v 9.8236 1.9200 -0.7790
v 9.6984 1.9200 -0.7790
v 9.8236 1.8186 -0.7470
v 9.9487 1.8186 -0.7470
v 9.9487 1.9200 -0.7470
v 9.8236 1.9200 -0.7470
v 9.8236 1.8186 0.7470
v 9.9487 1.8186 0.7470
v 9.9487 1.9200 0.7470
v 9.8236 1.9200 0.7470
v 9.9487 1.8186 -0.6170
v 10.0739 1.8186 -0.6170
v 10.0739 1.9200 -0.6170
v 9.9487 1.9200 -0.6170
v 9.9487 1.8186 0.6170
v 10.0739 1.8186 0.6170
v 10.0739 1.9200 0.6170
v 9.9487 1.9200 0.6170
v 10.0739 1.8186 -0.4340
v 10.1990 1.8186 -0.4340
v 10.1990 1.9200 -0.4340
v 10.0739 1.9200 -0.4340
v 10.0739 1.8186 0.4340
v 10.1990 1.8186 0.4340
v 10.1990 1.9200 0.4340
v 10.0739 1.9200 0.4340
v 9.0727 1.9200 1.0180
v 9.1979 1.9200 1.0180
v 9.1979 2.0214 1.0180
v 9.0727 2.0214 1.0180
v 9.0727 1.9200 1.0880
v 9.1979 1.9200 1.0880
v 9.1979 2.0214 1.0880
v 9.0727 2.0214 1.0880
v 9.0727 1.9200 -1.0880
v 9.1979 1.9200 -1.0880
v 9.1979 2.0214 -1.0880
v 9.0727 2.0214 -1.0880
v 9.0727 1.9200 -1.0180
v 9.1979 1.9200 -1.0180
v 9.1979 2.0214 -1.0180
v 9.0727 2.0214 -1.0180
v 9.1979 1.9200 0.9790
v 9.3230 1.9200 0.9790
v 9.3230 2.0214 0.9790
v 9.1979 2.0214 0.9790
v 9.1979 1.9200 1.0490
v 9.3230 1.9200 1.0490
v 9.3230 2.0214 1.0490
v 9.1979 2.0214 1.0490
v 9.1979 1.9200 -1.0490
v 9.3230 1.9200 -1.0490
v 9.3230 2.0214 -1.0490
v 9.1979 2.0214 -1.0490
v 9.1979 1.9200 -0.9790
v 9.3230 1.9200 -0.9790
v 9.3230 2.0214 -0.9790
v 9.1979 2.0214 -0.9790
v 9.3230 1.9200 0.9250
v 9.4482 1.9200 0.9250
v 9.4482 2.0214 0.9250
v 9.3230 2.0214 0.9250
v 9.3230 1.9200 0.9950
v 9.4482 1.9200 0.9950
v 9.4482 2.0214 0.9950
v 9.3230 2.0214 0.9950
v 9.3230 1.9200 -0.9950
v 9.4482 1.9200 -0.9950
v 9.4482 2.0214 -0.9950
v 9.3230 2.0214 -0.9950
v 9.3230 1.9200 -0.9250
v 9.4482 1.9200 -0.9250
v 9.4482 2.0214 -0.9250
v 9.3230 2.0214 -0.9250
v 9.4482 1.9200 0.8550
v 9.5733 1.9200 0.8550
v 9.5733 2.0214 0.8550
v 9.4482 2.0214 0.8550
v 9.4482 1.9200 0.9250
v 9.5733 1.9200 0.9250
v 9.5733 2.0214 0.9250
v 9.4482 2.0214 0.9250
v 9.4482 1.9200 -0.9250
v 9.5733 1.9200 -0.9250
v 9.5733 2.0214 -0.9250
v 9.4482 2.0214 -0.9250
v 9.4482 1.9200 -0.8550
v 9.5733 1.9200 -0.8550
v 9.5733 2.0214 -0.8550
v 9.4482 2.0214 -0.8550
v 9.5733 1.9200 0.7670
v 9.6984 1.9200 0.7670
v 9.6984 2.0214 0.7670
v 9.5733 2.0214 0.7670
v 9.5733 1.9200 0.8370
v 9.6984 1.9200 0.8370
v 9.6984 2.0214 0.8370
v 9.5733 2.0214 0.8370
v 9.5733 1.9200 -0.8370
v 9.6984 1.9200 -0.8370
v 9.6984 2.0214 -0.8370
v 9.5733 2.0214 -0.8370
v 9.5733 1.9200 -0.7670
v 9.6984 1.9200 -0.7670
v 9.6984 2.0214 -0.7670
v 9.5733 2.0214 -0.7670
v 9.6984 1.9200 -0.7240
v 9.8236 1.9200 -0.7240
v 9.8236 2.0214 -0.7240
v 9.6984 2.0214 -0.7240
v 9.6984 1.9200 0.7240
v 9.8236 1.9200 0.7240
v 9.8236 2.0214 0.7240
v 9.6984 2.0214 0.7240
v 9.8236 1.9200 -0.5760
v 9.9487 1.9200 -0.5760
v 9.9487 2.0214 -0.5760
v 9.8236 2.0214 -0.5760
v 9.8236 1.9200 0.5760
v 9.9487 1.9200 0.5760
v 9.9487 2.0214 0.5760
v 9.8236 2.0214 0.5760
v 6.1945 2.0214 1.3310
v 6.3196 2.0214 1.3310
v 6.3196 2.8329 1.3310
v 6.1945 2.8329 1.3310
v 6.1945 2.0214 1.4010
v 6.3196 2.0214 1.4010
v 6.3196 2.8329 1.4010
v 6.1945 2.8329 1.4010
v 6.1945 2.0214 -1.4010
v 6.3196 2.0214 -1.4010
v 6.3196 2.8329 -1.4010
v 6.1945 2.8329 -1.4010
v 6.1945 2.0214 -1.3310
v 6.3196 2.0214 -1.3310
v 6.3196 2.8329 -1.3310
v 6.1945 2.8329 -1.3310
v 6.3196 2.0214 1.3240
v 6.4448 2.0214 1.3240
v 6.4448 2.8329 1.3240
v 6.3196 2.8329 1.3240
v 6.3196 2.0214 1.3940
v 6.4448 2.0214 1.3940
v 6.4448 2.8329 1.3940
v 6.3196 2.8329 1.3940
v 6.3196 2.0214 -1.3940
v 6.4448 2.0214 -1.3940
v 6.4448 2.8329 -1.3940
v 6.3196 2.8329 -1.3940
v 6.3196 2.0214 -1.3240
v 6.4448 2.0214 -1.3240
v 6.4448 2.8329 -1.3240
v 6.3196 2.8329 -1.3240
v 8.1968 2.0214 1.1470
v 8.3219 2.0214 1.1470
v 8.3219 2.4271 1.1470
v 8.1968 2.4271 1.1470
v 8.1968 2.0214 1.1970
v 8.3219 2.0214 1.1970
v 8.3219 2.4271 1.1970
v 8.1968 2.4271 1.1970
v 8.1968 2.0214 -1.1970
v 8.3219 2.0214 -1.1970
v 8.3219 2.4271 -1.1970
v 8.1968 2.4271 -1.1970
v 8.1968 2.0214 -1.1470
v 8.3219 2.0214 -1.1470
v 8.3219 2.4271 -1.1470
v 8.1968 2.4271 -1.1470
v 8.8225 2.0214 1.0600
v 8.9476 2.0214 1.0600
v 8.9476 2.1229 1.0600
v 8.8225 2.1229 1.0600
v 8.8225 2.0214 1.1300
v 8.9476 2.0214 1.1300
v 8.9476 2.1229 1.1300
v 8.8225 2.1229 1.1300
v 8.8225 2.0214 -1.1300
v 8.9476 2.0214 -1.1300
v 8.9476 2.1229 -1.1300
v 8.8225 2.1229 -1.1300
v 8.8225 2.0214 -1.0600
v 8.9476 2.0214 -1.0600
v 8.9476 2.1229 -1.0600
v 8.8225 2.1229 -1.0600
v 8.9476 2.0214 1.0290
v 9.0727 2.0214 1.0290
v 9.0727 2.1229 1.0290
v 8.9476 2.1229 1.0290
v 8.9476 2.0214 1.0990
v 9.0727 2.0214 1.0990
v 9.0727 2.1229 1.0990
v 8.9476 2.1229 1.0990
v 8.9476 2.0214 -1.0990
v 9.0727 2.0214 -1.0990
v 9.0727 2.1229 -1.0990
v 8.9476 2.1229 -1.0990
v 8.9476 2.0214 -1.0290
v 9.0727 2.0214 -1.0290
v 9.0727 2.1229 -1.0290
v 8.9476 2.1229 -1.0290
v 9.0727 2.0214 0.9840
v 9.1979 2.0214 0.9840
v 9.1979 2.1229 0.9840
v 9.0727 2.1229 0.9840
v 9.0727 2.0214 1.0540
v 9.1979 2.0214 1.0540
v 9.1979 2.1229 1.0540
v 9.0727 2.1229 1.0540
v 9.0727 2.0214 -1.0540
v 9.1979 2.0214 -1.0540
v 9.1979 2.1229 -1.0540
v 9.0727 2.1229 -1.0540
v 9.0727 2.0214 -0.9840
v 9.1979 2.0214 -0.9840
v 9.1979 2.1229 -0.9840
v 9.0727 2.1229 -0.9840
v 9.1979 2.0214 0.9230
v 9.3230 2.0214 0.9230
v 9.3230 2.1229 0.9230
v 9.1979 2.1229 0.9230
v 9.1979 2.0214 0.9930
v 9.3230 2.0214 0.9930
v 9.3230 2.1229 0.9930
v 9.1979 2.1229 0.9930
v 9.1979 2.0214 -0.9930
v 9.3230 2.0214 -0.9930
v 9.3230 2.1229 -0.9930
v 9.1979 2.1229 -0.9930
v 9.1979 2.0214 -0.9230
v 9.3230 2.0214 -0.9230
v 9.3230 2.1229 -0.9230
v 9.1979 2.1229 -0.9230
v 9.3230 2.0214 0.8450
v 9.4482 2.0214 0.8450
v 9.4482 2.1229 0.8450
v 9.3230 2.1229 0.8450
v 9.3230 2.0214 0.9150
v 9.4482 2.0214 0.9150
v 9.4482 2.1229 0.9150
v 9.3230 2.1229 0.9150
v 9.3230 2.0214 -0.9150
v 9.4482 2.0214 -0.9150
v 9.4482 2.1229 -0.9150
v 9.3230 2.1229 -0.9150
v 9.3230 2.0214 -0.8450
v 9.4482 2.0214 -0.8450
v 9.4482 2.1229 -0.8450
v 9.3230 2.1229 -0.8450
v 9.4482 2.0214 0.7460
v 9.5733 2.0214 0.7460
v 9.5733 2.1229 0.7460
v 9.4482 2.1229 0.7460
v 9.4482 2.0214 0.8160
v 9.5733 2.0214 0.8160
v 9.5733 2.1229 0.8160
v 9.4482 2.1229 0.8160
v 9.4482 2.0214 -0.8160
v 9.5733 2.0214 -0.8160
v 9.5733 2.1229 -0.8160
v 9.4482 2.1229 -0.8160
v 9.4482 2.0214 -0.7460
v 9.5733 2.0214 -0.7460
v 9.5733 2.1229 -0.7460
v 9.4482 2.1229 -0.7460
v 9.5733 2.0214 -0.6910
v 9.6984 2.0214 -0.6910
v 9.6984 2.1229 -0.6910
v 9.5733 2.1229 -0.6910
v 9.5733 2.0214 0.6910
v 9.6984 2.0214 0.6910
v 9.6984 2.1229 0.6910
v 9.5733 2.1229 0.6910
v 9.6984 2.0214 -0.5210
v 9.8236 2.0214 -0.5210
v 9.8236 2.1229 -0.5210
v 9.6984 2.1229 -0.5210
v 9.6984 2.0214 0.5210
v 9.8236 2.0214 0.5210
v 9.8236 2.1229 0.5210
v 9.6984 2.1229 0.5210
v 6.4448 2.1229 1.3160
v 6.5699 2.1229 1.3160
v 6.5699 2.7314 1.3160
v 6.4448 2.7314 1.3160
v 6.4448 2.1229 1.3860
v 6.5699 2.1229 1.3860
v 6.5699 2.7314 1.3860
v 6.4448 2.7314 1.3860
v 6.4448 2.1229 -1.3860
v 6.5699 2.1229 -1.3860
v 6.5699 2.7314 -1.3860
v 6.4448 2.7314 -1.3860
v 6.4448 2.1229 -1.3160
v 6.5699 2.1229 -1.3160
v 6.5699 2.7314 -1.3160
v 6.4448 2.7314 -1.3160
v 6.5699 2.1229 1.3070
v 6.6951 2.1229 1.3070
v 6.6951 2.7314 1.3070
v 6.5699 2.7314 1.3070
v 6.5699 2.1229 1.3770
v 6.6951 2.1229 1.3770
v 6.6951 2.7314 1.3770
v 6.5699 2.7314 1.3770
v 6.5699 2.1229 -1.3770
v 6.6951 2.1229 -1.3770
v 6.6951 2.7314 -1.3770
v 6.5699 2.7314 -1.3770
v 6.5699 2.1229 -1.3070
v 6.6951 2.1229 -1.3070
v 6.6951 2.7314 -1.3070
v 6.5699 2.7314 -1.3070
v 6.6951 2.1229 1.2980
v 6.8202 2.1229 1.2980
v 6.8202 2.7314 1.2980
v 6.6951 2.7314 1.2980
v 6.6951 2.1229 1.3680
v 6.8202 2.1229 1.3680
v 6.8202 2.7314 1.3680
v 6.6951 2.7314 1.3680
v 6.6951 2.1229 -1.3680
v 6.8202 2.1229 -1.3680
v 6.8202 2.7314 -1.3680
v 6.6951 2.7314 -1.3680
v 6.6951 2.1229 -1.2980
v 6.8202 2.1229 -1.2980
v 6.8202 2.7314 -1.2980
v 6.6951 2.7314 -1.2980
v 6.8202 2.1229 1.2890
v 6.9453 2.1229 1.2890
v 6.9453 2.6300 1.2890
v 6.8202 2.6300 1.2890
v 6.8202 2.1229 1.3590
v 6.9453 2.1229 1.3590
v 6.9453 2.6300 1.3590
v 6.8202 2.6300 1.3590
v 6.8202 2.1229 -1.3590
v 6.9453 2.1229 -1.3590
v 6.9453 2.6300 -1.3590
v 6.8202 2.6300 -1.3590
v 6.8202 2.1229 -1.2890
v 6.9453 2.1229 -1.2890
v 6.9453 2.6300 -1.2890
v 6.8202 2.6300 -1.2890
v 6.9453 2.1229 1.2780
v 7.0705 2.1229 1.2780
v 7.0705 2.6300 1.2780
v 6.9453 2.6300 1.2780
v 6.9453 2.1229 1.3480
v 7.0705 2.1229 1.3480
v 7.0705 2.6300 1.3480
v 6.9453 2.6300 1.3480
v 6.9453 2.1229 -1.3480
v 7.0705 2.1229 -1.3480
v 7.0705 2.6300 -1.3480
v 6.9453 2.6300 -1.3480
v 6.9453 2.1229 -1.2780
v 7.0705 2.1229 -1.2780
v 7.0705 2.6300 -1.2780
v 6.9453 2.6300 -1.2780
v 7.0705 2.1229 1.2680
v 7.1956 2.1229 1.2680
v 7.1956 2.5286 1.2680
v 7.0705 2.5286 1.2680
v 7.0705 2.1229 1.3380
v 7.1956 2.1229 1.3380
v 7.1956 2.5286 1.3380
v 7.0705 2.5286 1.3380
v 7.0705 2.1229 -1.3380
v 7.1956 2.1229 -1.3380
v 7.1956 2.5286 -1.3380
v 7.0705 2.5286 -1.3380
v 7.0705 2.1229 -1.2680
v 7.1956 2.1229 -1.2680
v 7.1956 2.5286 -1.2680
v 7.0705 2.5286 -1.2680
v 7.1956 2.1229 1.2560
v 7.3208 2.1229 1.2560
v 7.3208 2.5286 1.2560
v 7.1956 2.5286 1.2560
v 7.1956 2.1229 1.3260
v 7.3208 2.1229 1.3260
v 7.3208 2.5286 1.3260
v 7.1956 2.5286 1.3260
v 7.1956 2.1229 -1.3260
v 7.3208 2.1229 -1.3260
v 7.3208 2.5286 -1.3260
v 7.1956 2.5286 -1.3260
v 7.1956 2.1229 -1.2560
v 7.3208 2.1229 -1.2560
v 7.3208 2.5286 -1.2560
v 7.1956 2.5286 -1.2560
v 7.3208 2.1229 1.2450
v 7.4459 2.1229 1.2450
v 7.4459 2.4271 1.2450
v 7.3208 2.4271 1.2450
v 7.3208 2.1229 1.3150
v 7.4459 2.1229 1.3150
v 7.4459 2.4271 1.3150
v 7.3208 2.4271 1.3150
v 7.3208 2.1229 -1.3150
v 7.4459 2.1229 -1.3150
v 7.4459 2.4271 -1.3150
v 7.3208 2.4271 -1.3150
v 7.3208 2.1229 -1.2450
v 7.4459 2.1229 -1.2450
v 7.4459 2.4271 -1.2450
v 7.3208 2.4271 -1.2450
v 7.4459 2.1229 1.2320
v 7.5710 2.1229 1.2320
v 7.5710 2.4271 1.2320
v 7.4459 2.4271 1.2320
v 7.4459 2.1229 1.3020
v 7.5710 2.1229 1.3020
v 7.5710 2.4271 1.3020
v 7.4459 2.4271 1.3020
v 7.4459 2.1229 -1.3020
v 7.5710 2.1229 -1.3020
v 7.5710 2.4271 -1.3020
v 7.4459 2.4271 -1.3020
v 7.4459 2.1229 -1.2320
v 7.5710 2.1229 -1.2320
v 7.5710 2.4271 -1.2320
v 7.4459 2.4271 -1.2320
v 8.0716 2.1229 1.1630
v 8.1968 2.1229 1.1630
v 8.1968 2.4271 1.1630
v 8.0716 2.4271 1.1630
v 8.0716 2.1229 1.2130
v 8.1968 2.1229 1.2130
v 8.1968 2.4271 1.2130
v 8.0716 2.4271 1.2130
v 8.0716 2.1229 -1.2130
v 8.1968 2.1229 -1.2130
v 8.1968 2.4271 -1.2130
v 8.0716 2.4271 -1.2130
v 8.0716 2.1229 -1.1630
v 8.1968 2.1229 -1.1630
v 8.1968 2.4271 -1.1630
v 8.0716 2.4271 -1.1630
v 8.6973 2.1229 1.0730
v 8.8225 2.1229 1.0730
v 8.8225 2.2243 1.0730
v 8.6973 2.2243 1.0730
v 8.6973 2.1229 1.1430
v 8.8225 2.1229 1.1430
v 8.8225 2.2243 1.1430
v 8.6973 2.2243 1.1430
v 8.6973 2.1229 -1.1430
v 8.8225 2.1229 -1.1430
v 8.8225 2.2243 -1.1430
v 8.6973 2.2243 -1.1430
v 8.6973 2.1229 -1.0730
v 8.8225 2.1229 -1.0730
v 8.8225 2.2243 -1.0730
v 8.6973 2.2243 -1.0730
v 8.8225 2.1229 1.0350
v 8.9476 2.1229 1.0350
v 8.9476 2.2243 1.0350
v 8.8225 2.2243 1.0350
v 8.8225 2.1229 1.1050
v 8.9476 2.1229 1.1050
v 8.9476 2.2243 1.1050
v 8.8225 2.2243 1.1050
v 8.8225 2.1229 -1.1050
v 8.9476 2.1229 -1.1050
v 8.9476 2.2243 -1.1050
v 8.8225 2.2243 -1.1050
v 8.8225 2.1229 -1.0350
v 8.9476 2.1229 -1.0350
v 8.9476 2.2243 -1.0350
v 8.8225 2.2243 -1.0350
v 8.9476 2.1229 0.9830
v 9.0727 2.1229 0.9830
v 9.0727 2.2243 0.9830
v 8.9476 2.2243 0.9830
v 8.9476 2.1229 1.0530
v 9.0727 2.1229 1.0530
v 9.0727 2.2243 1.0530
v 8.9476 2.2243 1.0530
v 8.9476 2.1229 -1.0530
v 9.0727 2.1229 -1.0530
v 9.0727 2.2243 -1.0530
v 8.9476 2.2243 -1.0530
v 8.9476 2.1229 -0.9830
v 9.0727 2.1229 -0.9830
v 9.0727 2.2243 -0.9830
v 8.9476 2.2243 -0.9830
v 9.0727 2.1229 0.9140
v 9.1979 2.1229 0.9140
v 9.1979 2.2243 0.9140
v 9.0727 2.2243 0.9140
v 9.0727 2.1229 0.9840
v 9.1979 2.1229 0.9840
v 9.1979 2.2243 0.9840
v 9.0727 2.2243 0.9840
v 9.0727 2.1229 -0.9840
v 9.1979 2.1229 -0.9840
v 9.1979 2.2243 -0.9840
v 9.0727 2.2243 -0.9840
v 9.0727 2.1229 -0.9140
v 9.1979 2.1229 -0.9140
v 9.1979 2.2243 -0.9140
v 9.0727 2.2243 -0.9140
v 9.1979 2.1229 0.8270
v 9.3230 2.1229 0.8270
v 9.3230 2.2243 0.8270
v 9.1979 2.2243 0.8270
v 9.1979 2.1229 0.8970
v 9.3230 2.1229 0.8970
v 9.3230 2.2243 0.8970
v 9.1979 2.2243 0.8970
v 9.1979 2.1229 -0.8970
v 9.3230 2.1229 -0.8970
v 9.3230 2.2243 -0.8970
v 9.1979 2.2243 -0.8970
v 9.1979 2.1229 -0.8270
v 9.3230 2.1229 -0.8270
v 9.3230 2.2243 -0.8270
v 9.1979 2.2243 -0.8270
v 9.3230 2.1229 -0.7870
v 9.4482 2.1229 -0.7870
v 9.4482 2.2243 -0.7870
v 9.3230 2.2243 -0.7870
v 9.3230 2.1229 0.7870
v 9.4482 2.1229 0.7870
v 9.4482 2.2243 0.7870
v 9.3230 2.2243 0.7870
v 9.4482 2.1229 -0.6450
v 9.5733 2.1229 -0.6450
v 9.5733 2.2243 -0.6450
v 9.4482 2.2243 -0.6450
v 9.4482 2.1229 0.6450
v 9.5733 2.1229 0.6450
v 9.5733 2.2243 0.6450
v 9.4482 2.2243 0.6450
v 9.5733 2.1229 -0.4430
v 9.6984 2.1229 -0.4430
v 9.6984 2.2243 -0.4430
v 9.5733 2.2243 -0.4430
v 9.5733 2.1229 0.4430
v 9.6984 2.1229 0.4430
v 9.6984 2.2243 0.4430
v 9.5733 2.2243 0.4430
v 7.5710 2.2243 1.2190
v 7.6962 2.2243 1.2190
v 7.6962 2.3257 1.2190
v 7.5710 2.3257 1.2190
v 7.5710 2.2243 1.2890
v 7.6962 2.2243 1.2890
v 7.6962 2.3257 1.2890
v 7.5710 2.3257 1.2890
v 7.5710 2.2243 -1.2890
v 7.6962 2.2243 -1.2890
v 7.6962 2.3257 -1.2890
v 7.5710 2.3257 -1.2890
v 7.5710 2.2243 -1.2190
v 7.6962 2.2243 -1.2190
v 7.6962 2.3257 -1.2190
v 7.5710 2.3257 -1.2190
v 7.6962 2.2243 1.2060
v 7.8213 2.2243 1.2060
v 7.8213 2.3257 1.2060
v 7.6962 2.3257 1.2060
v 7.6962 2.2243 1.2760
v 7.8213 2.2243 1.2760
v 7.8213 2.3257 1.2760
v 7.6962 2.3257 1.2760
v 7.6962 2.2243 -1.2760
v 7.8213 2.2243 -1.2760
v 7.8213 2.3257 -1.2760
v 7.6962 2.3257 -1.2760
v 7.6962 2.2243 -1.2060
v 7.8213 2.2243 -1.2060
v 7.8213 2.3257 -1.2060
v 7.6962 2.3257 -1.2060
v 7.8213 2.2243 1.1920
v 7.9465 2.2243 1.1920
v 7.9465 2.5286 1.1920
v 7.8213 2.5286 1.1920
v 7.8213 2.2243 1.2420
v 7.9465 2.2243 1.2420
v 7.9465 2.5286 1.2420
v 7.8213 2.5286 1.2420
v 7.8213 2.2243 -1.2420
v 7.9465 2.2243 -1.2420
v 7.9465 2.5286 -1.2420
v 7.8213 2.5286 -1.2420
v 7.8213 2.2243 -1.1920
v 7.9465 2.2243 -1.1920
v 7.9465 2.5286 -1.1920
v 7.8213 2.5286 -1.1920
v 7.9465 2.2243 1.1780
v 8.0716 2.2243 1.1780
v 8.0716 2.5286 1.1780
v 7.9465 2.5286 1.1780
v 7.9465 2.2243 1.2280
v 8.0716 2.2243 1.2280
v 8.0716 2.5286 1.2280
v 7.9465 2.5286 1.2280
v 7.9465 2.2243 -1.2280
v 8.0716 2.2243 -1.2280
v 8.0716 2.5286 -1.2280
v 7.9465 2.5286 -1.2280
v 7.9465 2.2243 -1.1780
v 8.0716 2.2243 -1.1780
v 8.0716 2.5286 -1.1780
v 7.9465 2.5286 -1.1780
v 8.3219 2.2243 1.1310
v 8.4470 2.2243 1.1310
v 8.4470 2.3257 1.1310
v 8.3219 2.3257 1.1310
v 8.3219 2.2243 1.2010
v 8.4470 2.2243 1.2010
v 8.4470 2.3257 1.2010
v 8.3219 2.3257 1.2010
v 8.3219 2.2243 -1.2010
v 8.4470 2.2243 -1.2010
v 8.4470 2.3257 -1.2010
v 8.3219 2.3257 -1.2010
v 8.3219 2.2243 -1.1310
v 8.4470 2.2243 -1.1310
v 8.4470 2.3257 -1.1310
v 8.3219 2.3257 -1.1310
v 8.4470 2.2243 1.1120
v 8.5722 2.2243 1.1120
v 8.5722 2.3257 1.1120
v 8.4470 2.3257 1.1120
v 8.4470 2.2243 1.1820
v 8.5722 2.2243 1.1820
v 8.5722 2.3257 1.1820
v 8.4470 2.3257 1.1820
v 8.4470 2.2243 -1.1820
v 8.5722 2.2243 -1.1820
v 8.5722 2.3257 -1.1820
v 8.4470 2.3257 -1.1820
v 8.4470 2.2243 -1.1120
v 8.5722 2.2243 -1.1120
v 8.5722 2.3257 -1.1120
v 8.4470 2.3257 -1.1120
v 8.5722 2.2243 1.0810
v 8.6973 2.2243 1.0810
v 8.6973 2.3257 1.0810
v 8.5722 2.3257 1.0810
v 8.5722 2.2243 1.1510
v 8.6973 2.2243 1.1510
v 8.6973 2.3257 1.1510
v 8.5722 2.3257 1.1510
v 8.5722 2.2243 -1.1510
v 8.6973 2.2243 -1.1510
v 8.6973 2.3257 -1.1510
v 8.5722 2.3257 -1.1510
v 8.5722 2.2243 -1.0810
v 8.6973 2.2243 -1.0810
v 8.6973 2.3257 -1.0810
v 8.5722 2.3257 -1.0810
v 8.6973 2.2243 1.0350
v 8.8225 2.2243 1.0350
v 8.8225 2.3257 1.0350
v 8.6973 2.3257 1.0350
v 8.6973 2.2243 1.1050
v 8.8225 2.2243 1.1050
v 8.8225 2.3257 1.1050
v 8.6973 2.3257 1.1050
v 8.6973 2.2243 -1.1050
v 8.8225 2.2243 -1.1050
v 8.8225 2.3257 -1.1050
v 8.6973 2.3257 -1.1050
v 8.6973 2.2243 -1.0350
v 8.8225 2.2243 -1.0350
v 8.8225 2.3257 -1.0350
v 8.6973 2.3257 -1.0350
v 8.8225 2.2243 0.9750
v 8.9476 2.2243 0.9750
v 8.9476 2.3257 0.9750
v 8.8225 2.3257 0.9750
v 8.8225 2.2243 1.0450
v 8.9476 2.2243 1.0450
v 8.9476 2.3257 1.0450
v 8.8225 2.3257 1.0450
v 8.8225 2.2243 -1.0450
v 8.9476 2.2243 -1.0450
v 8.9476 2.3257 -1.0450
v 8.8225 2.3257 -1.0450
v 8.8225 2.2243 -0.9750
v 8.9476 2.2243 -0.9750
v 8.9476 2.3257 -0.9750
v 8.8225 2.3257 -0.9750
v 8.9476 2.2243 0.8980
v 9.0727 2.2243 0.8980
v 9.0727 2.3257 0.8980
v 8.9476 2.3257 0.8980
v 8.9476 2.2243 0.9680
v 9.0727 2.2243 0.9680
v 9.0727 2.3257 0.9680
v 8.9476 2.3257 0.9680
v 8.9476 2.2243 -0.9680
v 9.0727 2.2243 -0.9680
v 9.0727 2.3257 -0.9680
v 8.9476 2.3257 -0.9680
v 8.9476 2.2243 -0.8980
v 9.0727 2.2243 -0.8980
v 9.0727 2.3257 -0.8980
v 8.9476 2.3257 -0.8980
v 9.0727 2.2243 0.8010
v 9.1979 2.2243 0.8010
v 9.1979 2.3257 0.8010
v 9.0727 2.3257 0.8010
v 9.0727 2.2243 0.8710
v 9.1979 2.2243 0.8710
v 9.1979 2.3257 0.8710
v 9.0727 2.3257 0.8710
v 9.0727 2.2243 -0.8710
v 9.1979 2.2243 -0.8710
v 9.1979 2.3257 -0.8710
v 9.0727 2.3257 -0.8710
v 9.0727 2.2243 -0.8010
v 9.1979 2.2243 -0.8010
v 9.1979 2.3257 -0.8010
v 9.0727 2.3257 -0.8010
v 9.1979 2.2243 -0.7470
v 9.3230 2.2243 -0.7470
v 9.3230 2.3257 -0.7470
v 9.1979 2.3257 -0.7470
v 9.1979 2.2243 0.7470
v 9.3230 2.2243 0.7470
v 9.3230 2.3257 0.7470
v 9.1979 2.3257 0.7470
v 9.3230 2.2243 -0.5830
v 9.4482 2.2243 -0.5830
v 9.4482 2.3257 -0.5830
v 9.3230 2.3257 -0.5830
v 9.3230 2.2243 0.5830
v 9.4482 2.2243 0.5830
v 9.4482 2.3257 0.5830
v 9.3230 2.3257 0.5830
v 7.5710 2.3257 1.2190
v 7.6962 2.3257 1.2190
v 7.6962 2.6300 1.2190
v 7.5710 2.6300 1.2190
v 7.5710 2.3257 1.2690
v 7.6962 2.3257 1.2690
v 7.6962 2.6300 1.2690
v 7.5710 2.6300 1.2690
v 7.5710 2.3257 -1.2690
v 7.6962 2.3257 -1.2690
v 7.6962 2.6300 -1.2690
v 7.5710 2.6300 -1.2690
v 7.5710 2.3257 -1.2190
v 7.6962 2.3257 -1.2190
v 7.6962 2.6300 -1.2190
v 7.5710 2.6300 -1.2190
v 7.6962 2.3257 1.2060
v 7.8213 2.3257 1.2060
v 7.8213 2.6300 1.2060
v 7.6962 2.6300 1.2060
v 7.6962 2.3257 1.2560
v 7.8213 2.3257 1.2560
v 7.8213 2.6300 1.2560
v 7.6962 2.6300 1.2560
v 7.6962 2.3257 -1.2560
v 7.8213 2.3257 -1.2560
v 7.8213 2.6300 -1.2560
v 7.6962 2.6300 -1.2560
v 7.6962 2.3257 -1.2060
v 7.8213 2.3257 -1.2060
v 7.8213 2.6300 -1.2060
v 7.6962 2.6300 -1.2060
v 8.3219 2.3257 1.1210
v 8.4470 2.3257 1.1210
v 8.4470 2.4271 1.1210
v 8.3219 2.4271 1.1210
v 8.3219 2.3257 1.1910
v 8.4470 2.3257 1.1910
v 8.4470 2.4271 1.1910
v 8.3219 2.4271 1.1910
v 8.3219 2.3257 -1.1910
v 8.4470 2.3257 -1.1910
v 8.4470 2.4271 -1.1910
v 8.3219 2.4271 -1.1910
v 8.3219 2.3257 -1.1210
v 8.4470 2.3257 -1.1210
v 8.4470 2.4271 -1.1210
v 8.3219 2.4271 -1.1210
v 8.4470 2.3257 1.0820
v 8.5722 2.3257 1.0820
v 8.5722 2.4271 1.0820
v 8.4470 2.4271 1.0820
v 8.4470 2.3257 1.1520
v 8.5722 2.3257 1.1520
v 8.5722 2.4271 1.1520
v 8.4470 2.4271 1.1520
v 8.4470 2.3257 -1.1520
v 8.5722 2.3257 -1.1520
v 8.5722 2.4271 -1.1520
v 8.4470 2.4271 -1.1520
v 8.4470 2.3257 -1.0820
v 8.5722 2.3257 -1.0820
v 8.5722 2.4271 -1.0820
v 8.4470 2.4271 -1.0820
v 8.5722 2.3257 1.0290
v 8.6973 2.3257 1.0290
v 8.6973 2.4271 1.0290
v 8.5722 2.4271 1.0290
v 8.5722 2.3257 1.0990
v 8.6973 2.3257 1.0990
v 8.6973 2.4271 1.0990
v 8.5722 2.4271 1.0990
v 8.5722 2.3257 -1.0990
v 8.6973 2.3257 -1.0990
v 8.6973 2.4271 -1.0990
v 8.5722 2.4271 -1.0990
v 8.5722 2.3257 -1.0290
v 8.6973 2.3257 -1.0290
v 8.6973 2.4271 -1.0290
v 8.5722 2.4271 -1.0290
v 8.6973 2.3257 0.9600
v 8.8225 2.3257 0.9600
v 8.8225 2.4271 0.9600
v 8.6973 2.4271 0.9600
v 8.6973 2.3257 1.0300
v 8.8225 2.3257 1.0300
v 8.8225 2.4271 1.0300
v 8.6973 2.4271 1.0300
v 8.6973 2.3257 -1.0300
v 8.8225 2.3257 -1.0300
v 8.8225 2.4271 -1.0300
v 8.6973 2.4271 -1.0300
v 8.6973 2.3257 -0.9600
v 8.8225 2.3257 -0.9600
v 8.8225 2.4271 -0.9600
v 8.6973 2.4271 -0.9600
v 8.8225 2.3257 0.8730
v 8.9476 2.3257 0.8730
v 8.9476 2.4271 0.8730
v 8.8225 2.4271 0.8730
v 8.8225 2.3257 0.9430
v 8.9476 2.3257 0.9430
v 8.9476 2.4271 0.9430
v 8.8225 2.4271 0.9430
v 8.8225 2.3257 -0.9430
v 8.9476 2.3257 -0.9430
v 8.9476 2.4271 -0.9430
v 8.8225 2.4271 -0.9430
v 8.8225 2.3257 -0.8730
v 8.9476 2.3257 -0.8730
v 8.9476 2.4271 -0.8730
v 8.8225 2.4271 -0.8730
v 8.9476 2.3257 -0.8340
v 9.0727 2.3257 -0.8340
v 9.0727 2.4271 -0.8340
v 8.9476 2.4271 -0.8340
v 8.9476 2.3257 0.8340
v 9.0727 2.3257 0.8340
v 9.0727 2.4271 0.8340
v 8.9476 2.4271 0.8340
v 9.0727 2.3257 -0.6930
v 9.1979 2.3257 -0.6930
v 9.1979 2.4271 -0.6930
v 9.0727 2.4271 -0.6930
v 9.0727 2.3257 0.6930
v 9.1979 2.3257 0.6930
v 9.1979 2.4271 0.6930
v 9.0727 2.4271 0.6930
v 9.1979 2.3257 -0.4960
v 9.3230 2.3257 -0.4960
v 9.3230 2.4271 -0.4960
v 9.1979 2.4271 -0.4960
v 9.1979 2.3257 0.4960
v 9.3230 2.3257 0.4960
v 9.3230 2.4271 0.4960
v 9.1979 2.4271 0.4960
v 7.3208 2.4271 1.2450
v 7.4459 2.4271 1.2450
v 7.4459 2.7314 1.2450
v 7.3208 2.7314 1.2450
v 7.3208 2.4271 1.2950
v 7.4459 2.4271 1.2950
v 7.4459 2.7314 1.2950
v 7.3208 2.7314 1.2950
v 7.3208 2.4271 -1.2950
v 7.4459 2.4271 -1.2950
v 7.4459 2.7314 -1.2950
v 7.3208 2.7314 -1.2950
v 7.3208 2.4271 -1.2450
v 7.4459 2.4271 -1.2450
v 7.4459 2.7314 -1.2450
v 7.3208 2.7314 -1.2450
v 7.4459 2.4271 1.2320
v 7.5710 2.4271 1.2320
v 7.5710 2.7314 1.2320
v 7.4459 2.7314 1.2320
v 7.4459 2.4271 1.2820
v 7.5710 2.4271 1.2820
v 7.5710 2.7314 1.2820
v 7.4459 2.7314 1.2820
v 7.4459 2.4271 -1.2820
v 7.5710 2.4271 -1.2820
v 7.5710 2.7314 -1.2820
v 7.4459 2.7314 -1.2820
v 7.4459 2.4271 -1.2320
v 7.5710 2.4271 -1.2320
v 7.5710 2.7314 -1.2320
v 7.4459 2.7314 -1.2320
v 8.0716 2.4271 1.1570
v 8.1968 2.4271 1.1570
v 8.1968 2.5286 1.1570
v 8.0716 2.5286 1.1570
v 8.0716 2.4271 1.2070
v 8.1968 2.4271 1.2070
v 8.1968 2.5286 1.2070
v 8.0716 2.5286 1.2070
v 8.0716 2.4271 -1.2070
v 8.1968 2.4271 -1.2070
v 8.1968 2.5286 -1.2070
v 8.0716 2.5286 -1.2070
v 8.0716 2.4271 -1.1570
v 8.1968 2.4271 -1.1570
v 8.1968 2.5286 -1.1570
v 8.0716 2.5286 -1.1570
v 8.1968 2.4271 1.1230
v 8.3219 2.4271 1.1230
v 8.3219 2.5286 1.1230
v 8.1968 2.5286 1.1230
v 8.1968 2.4271 1.1730
v 8.3219 2.4271 1.1730
v 8.3219 2.5286 1.1730
v 8.1968 2.5286 1.1730
v 8.1968 2.4271 -1.1730
v 8.3219 2.4271 -1.1730
v 8.3219 2.5286 -1.1730
v 8.1968 2.5286 -1.1730
v 8.1968 2.4271 -1.1230
v 8.3219 2.4271 -1.1230
v 8.3219 2.5286 -1.1230
v 8.1968 2.5286 -1.1230
v 8.3219 2.4271 1.0760
v 8.4470 2.4271 1.0760
v 8.4470 2.5286 1.0760
v 8.3219 2.5286 1.0760
v 8.3219 2.4271 1.1460
v 8.4470 2.4271 1.1460
v 8.4470 2.5286 1.1460
v 8.3219 2.5286 1.1460
v 8.3219 2.4271 -1.1460
v 8.4470 2.4271 -1.1460
v 8.4470 2.5286 -1.1460
v 8.3219 2.5286 -1.1460
v 8.3219 2.4271 -1.0760
v 8.4470 2.4271 -1.0760
v 8.4470 2.5286 -1.0760
v 8.3219 2.5286 -1.0760
v 8.4470 2.4271 1.0150
v 8.5722 2.4271 1.0150
v 8.5722 2.5286 1.0150
v 8.4470 2.5286 1.0150
v 8.4470 2.4271 1.0850
v 8.5722 2.4271 1.0850
v 8.5722 2.5286 1.0850
v 8.4470 2.5286 1.0850
v 8.4470 2.4271 -1.0850
v 8.5722 2.4271 -1.0850
v 8.5722 2.5286 -1.0850
v 8.4470 2.5286 -1.0850
v 8.4470 2.4271 -1.0150
v 8.5722 2.4271 -1.0150
v 8.5722 2.5286 -1.0150
v 8.4470 2.5286 -1.0150
v 8.5722 2.4271 0.9370
v 8.6973 2.4271 0.9370
v 8.6973 2.5286 0.9370
v 8.5722 2.5286 0.9370
v 8.5722 2.4271 1.0070
v 8.6973 2.4271 1.0070
v 8.6973 2.5286 1.0070
v 8.5722 2.5286 1.0070
v 8.5722 2.4271 -1.0070
v 8.6973 2.4271 -1.0070
v 8.6973 2.5286 -1.0070
v 8.5722 2.5286 -1.0070
v 8.5722 2.4271 -0.9370
v 8.6973 2.4271 -0.9370
v 8.6973 2.5286 -0.9370
v 8.5722 2.5286 -0.9370
v 8.6973 2.4271 0.8390
v 8.8225 2.4271 0.8390
v 8.8225 2.5286 0.8390
v 8.6973 2.5286 0.8390
v 8.6973 2.4271 0.9090
v 8.8225 2.4271 0.9090
v 8.8225 2.5286 0.9090
v 8.6973 2.5286 0.9090
v 8.6973 2.4271 -0.9090
v 8.8225 2.4271 -0.9090
v 8.8225 2.5286 -0.9090
v 8.6973 2.5286 -0.9090
v 8.6973 2.4271 -0.8390
v 8.8225 2.4271 -0.8390
v 8.8225 2.5286 -0.8390
v 8.6973 2.5286 -0.8390
v 8.8225 2.4271 -0.7840
v 8.9476 2.4271 -0.7840
v 8.9476 2.5286 -0.7840
v 8.8225 2.5286 -0.7840
v 8.8225 2.4271 0.7840
v 8.9476 2.4271 0.7840
v 8.9476 2.5286 0.7840
v 8.8225 2.5286 0.7840
v 8.9476 2.4271 -0.6190
v 9.0727 2.4271 -0.6190
v 9.0727 2.5286 -0.6190
v 8.9476 2.5286 -0.6190
v 8.9476 2.4271 0.6190
v 9.0727 2.4271 0.6190
v 9.0727 2.5286 0.6190
v 8.9476 2.5286 0.6190
v 7.0705 2.5286 1.2680
v 7.1956 2.5286 1.2680
v 7.1956 2.8329 1.2680
v 7.0705 2.8329 1.2680
v 7.0705 2.5286 1.3180
v 7.1956 2.5286 1.3180
v 7.1956 2.8329 1.3180
v 7.0705 2.8329 1.3180
v 7.0705 2.5286 -1.3180
v 7.1956 2.5286 -1.3180
v 7.1956 2.8329 -1.3180
v 7.0705 2.8329 -1.3180
v 7.0705 2.5286 -1.2680
v 7.1956 2.5286 -1.2680
v 7.1956 2.8329 -1.2680
v 7.0705 2.8329 -1.2680
v 7.1956 2.5286 1.2560
v 7.3208 2.5286 1.2560
v 7.3208 2.8329 1.2560
v 7.1956 2.8329 1.2560
v 7.1956 2.5286 1.3060
v 7.3208 2.5286 1.3060
v 7.3208 2.8329 1.3060
v 7.1956 2.8329 1.3060
v 7.1956 2.5286 -1.3060
v 7.3208 2.5286 -1.3060
v 7.3208 2.8329 -1.3060
v 7.1956 2.8329 -1.3060
v 7.1956 2.5286 -1.2560
v 7.3208 2.5286 -1.2560
v 7.3208 2.8329 -1.2560
v 7.1956 2.8329 -1.2560
v 7.8213 2.5286 1.1890
v 7.9465 2.5286 1.1890
v 7.9465 2.6300 1.1890
v 7.8213 2.6300 1.1890
v 7.8213 2.5286 1.2390
v 7.9465 2.5286 1.2390
v 7.9465 2.6300 1.2390
v 7.8213 2.6300 1.2390
v 7.8213 2.5286 -1.2390
v 7.9465 2.5286 -1.2390
v 7.9465 2.6300 -1.2390
v 7.8213 2.6300 -1.2390
v 7.8213 2.5286 -1.1890
v 7.9465 2.5286 -1.1890
v 7.9465 2.6300 -1.1890
v 7.8213 2.6300 -1.1890
v 7.9465 2.5286 1.1590
v 8.0716 2.5286 1.1590
v 8.0716 2.6300 1.1590
v 7.9465 2.6300 1.1590
v 7.9465 2.5286 1.2090
v 8.0716 2.5286 1.2090
v 8.0716 2.6300 1.2090
v 7.9465 2.6300 1.2090
v 7.9465 2.5286 -1.2090
v 8.0716 2.5286 -1.2090
v 8.0716 2.6300 -1.2090
v 7.9465 2.6300 -1.2090
v 7.9465 2.5286 -1.1590
v 8.0716 2.5286 -1.1590
v 8.0716 2.6300 -1.1590
v 7.9465 2.6300 -1.1590
v 8.0716 2.5286 1.1180
v 8.1968 2.5286 1.1180
v 8.1968 2.6300 1.1180
v 8.0716 2.6300 1.1180
v 8.0716 2.5286 1.1880
v 8.1968 2.5286 1.1880
v 8.1968 2.6300 1.1880
v 8.0716 2.6300 1.1880
v 8.0716 2.5286 -1.1880
v 8.1968 2.5286 -1.1880
v 8.1968 2.6300 -1.1880
v 8.0716 2.6300 -1.1880
v 8.0716 2.5286 -1.1180
v 8.1968 2.5286 -1.1180
v 8.1968 2.6300 -1.1180
v 8.0716 2.6300 -1.1180
v 8.1968 2.5286 1.0620
v 8.3219 2.5286 1.0620
v 8.3219 2.6300 1.0620
v 8.1968 2.6300 1.0620
v 8.1968 2.5286 1.1320
v 8.3219 2.5286 1.1320
v 8.3219 2.6300 1.1320
v 8.1968 2.6300 1.1320
v 8.1968 2.5286 -1.1320
v 8.3219 2.5286 -1.1320
v 8.3219 2.6300 -1.1320
v 8.1968 2.6300 -1.1320
v 8.1968 2.5286 -1.0620
v 8.3219 2.5286 -1.0620
v 8.3219 2.6300 -1.0620
v 8.1968 2.6300 -1.0620
v 8.3219 2.5286 0.9920
v 8.4470 2.5286 0.9920
v 8.4470 2.6300 0.9920
v 8.3219 2.6300 0.9920
v 8.3219 2.5286 1.0620
v 8.4470 2.5286 1.0620
v 8.4470 2.6300 1.0620
v 8.3219 2.6300 1.0620
v 8.3219 2.5286 -1.0620
v 8.4470 2.5286 -1.0620
v 8.4470 2.6300 -1.0620
v 8.3219 2.6300 -1.0620
v 8.3219 2.5286 -0.9920
v 8.4470 2.5286 -0.9920
v 8.4470 2.6300 -0.9920
v 8.3219 2.6300 -0.9920
v 8.4470 2.5286 0.9030
v 8.5722 2.5286 0.9030
v 8.5722 2.6300 0.9030
v 8.4470 2.6300 0.9030
v 8.4470 2.5286 0.9730
v 8.5722 2.5286 0.9730
v 8.5722 2.6300 0.9730
v 8.4470 2.6300 0.9730
v 8.4470 2.5286 -0.9730
v 8.5722 2.5286 -0.9730
v 8.5722 2.6300 -0.9730
v 8.4470 2.6300 -0.9730
v 8.4470 2.5286 -0.9030
v 8.5722 2.5286 -0.9030
v 8.5722 2.6300 -0.9030
v 8.4470 2.6300 -0.9030
v 8.5722 2.5286 -0.8610
v 8.6973 2.5286 -0.8610
v 8.6973 2.6300 -0.8610
v 8.5722 2.6300 -0.8610
v 8.5722 2.5286 0.8610
v 8.6973 2.5286 0.8610
v 8.6973 2.6300 0.8610
v 8.5722 2.6300 0.8610
v 8.6973 2.5286 -0.7170
v 8.8225 2.5286 -0.7170
v 8.8225 2.6300 -0.7170
v 8.6973 2.6300 -0.7170
v 8.6973 2.5286 0.7170
v 8.8225 2.5286 0.7170
v 8.8225 2.6300 0.7170
v 8.6973 2.6300 0.7170
v 8.8225 2.5286 -0.5160
v 8.9476 2.5286 -0.5160
v 8.9476 2.6300 -0.5160
v 8.8225 2.6300 -0.5160
v 8.8225 2.5286 0.5160
v 8.9476 2.5286 0.5160
v 8.9476 2.6300 0.5160
v 8.8225 2.6300 0.5160
v 6.8202 2.6300 1.2890
v 6.9453 2.6300 1.2890
v 6.9453 2.9343 1.2890
v 6.8202 2.9343 1.2890
v 6.8202 2.6300 1.3390
v 6.9453 2.6300 1.3390
v 6.9453 2.9343 1.3390
v 6.8202 2.9343 1.3390
v 6.8202 2.6300 -1.3390
v 6.9453 2.6300 -1.3390
v 6.9453 2.9343 -1.3390
v 6.8202 2.9343 -1.3390
v 6.8202 2.6300 -1.2890
v 6.9453 2.6300 -1.2890
v 6.9453 2.9343 -1.2890
v 6.8202 2.9343 -1.2890
v 6.9453 2.6300 1.2780
v 7.0705 2.6300 1.2780
v 7.0705 2.9343 1.2780
v 6.9453 2.9343 1.2780
v 6.9453 2.6300 1.3280
v 7.0705 2.6300 1.3280
v 7.0705 2.9343 1.3280
v 6.9453 2.9343 1.3280
v 6.9453 2.6300 -1.3280
v 7.0705 2.6300 -1.3280
v 7.0705 2.9343 -1.3280
v 6.9453 2.9343 -1.3280
v 6.9453 2.6300 -1.2780
v 7.0705 2.6300 -1.2780
v 7.0705 2.9343 -1.2780
v 6.9453 2.9343 -1.2780
v 7.5710 2.6300 1.2170
v 7.6962 2.6300 1.2170
v 7.6962 2.7314 1.2170
v 7.5710 2.7314 1.2170
v 7.5710 2.6300 1.2670
v 7.6962 2.6300 1.2670
v 7.6962 2.7314 1.2670
v 7.5710 2.7314 1.2670
v 7.5710 2.6300 -1.2670
v 7.6962 2.6300 -1.2670
v 7.6962 2.7314 -1.2670
v 7.5710 2.7314 -1.2670
v 7.5710 2.6300 -1.2170
v 7.6962 2.6300 -1.2170
v 7.6962 2.7314 -1.2170
v 7.5710 2.7314 -1.2170
v 7.6962 2.6300 1.1920
v 7.8213 2.6300 1.1920
v 7.8213 2.7314 1.1920
v 7.6962 2.7314 1.1920
v 7.6962 2.6300 1.2420
v 7.8213 2.6300 1.2420
v 7.8213 2.7314 1.2420
v 7.6962 2.7314 1.2420
v 7.6962 2.6300 -1.2420
v 7.8213 2.6300 -1.2420
v 7.8213 2.7314 -1.2420
v 7.6962 2.7314 -1.2420
v 7.6962 2.6300 -1.1920
v 7.8213 2.6300 -1.1920
v 7.8213 2.7314 -1.1920
v 7.6962 2.7314 -1.1920
v 7.8213 2.6300 1.1540
v 7.9465 2.6300 1.1540
v 7.9465 2.7314 1.1540
v 7.8213 2.7314 1.1540
v 7.8213 2.6300 1.2040
v 7.9465 2.6300 1.2040
v 7.9465 2.7314 1.2040
v 7.8213 2.7314 1.2040
v 7.8213 2.6300 -1.2040
v 7.9465 2.6300 -1.2040
v 7.9465 2.7314 -1.2040
v 7.8213 2.7314 -1.2040
v 7.8213 2.6300 -1.1540
v 7.9465 2.6300 -1.1540
v 7.9465 2.7314 -1.1540
v 7.8213 2.7314 -1.1540
v 7.9465 2.6300 1.1040
v 8.0716 2.6300 1.1040
v 8.0716 2.7314 1.1040
v 7.9465 2.7314 1.1040
v 7.9465 2.6300 1.1740
v 8.0716 2.6300 1.1740
v 8.0716 2.7314 1.1740
v 7.9465 2.7314 1.1740
v 7.9465 2.6300 -1.1740
v 8.0716 2.6300 -1.1740
v 8.0716 2.7314 -1.1740
v 7.9465 2.7314 -1.1740
v 7.9465 2.6300 -1.1040
v 8.0716 2.6300 -1.1040
v 8.0716 2.7314 -1.1040
v 7.9465 2.7314 -1.1040
v 8.0716 2.6300 1.0390
v 8.1968 2.6300 1.0390
v 8.1968 2.7314 1.0390
v 8.0716 2.7314 1.0390
v 8.0716 2.6300 1.1090
v 8.1968 2.6300 1.1090
v 8.1968 2.7314 1.1090
v 8.0716 2.7314 1.1090
v 8.0716 2.6300 -1.1090
v 8.1968 2.6300 -1.1090
v 8.1968 2.7314 -1.1090
v 8.0716 2.7314 -1.1090
v 8.0716 2.6300 -1.0390
v 8.1968 2.6300 -1.0390
v 8.1968 2.7314 -1.0390
v 8.0716 2.7314 -1.0390
v 8.1968 2.6300 0.9580
v 8.3219 2.6300 0.9580
v 8.3219 2.7314 0.9580
v 8.1968 2.7314 0.9580
v 8.1968 2.6300 1.0280
v 8.3219 2.6300 1.0280
v 8.3219 2.7314 1.0280
v 8.1968 2.7314 1.0280
v 8.1968 2.6300 -1.0280
v 8.3219 2.6300 -1.0280
v 8.3219 2.7314 -1.0280
v 8.1968 2.7314 -1.0280
v 8.1968 2.6300 -0.9580
v 8.3219 2.6300 -0.9580
v 8.3219 2.7314 -0.9580
v 8.1968 2.7314 -0.9580
v 8.3219 2.6300 -0.9260
v 8.4470 2.6300 -0.9260
v 8.4470 2.7314 -0.9260
v 8.3219 2.7314 -0.9260
v 8.3219 2.6300 0.9260
v 8.4470 2.6300 0.9260
v 8.4470 2.7314 0.9260
v 8.3219 2.7314 0.9260
v 8.4470 2.6300 -0.7970
v 8.5722 2.6300 -0.7970
v 8.5722 2.7314 -0.7970
v 8.4470 2.7314 -0.7970
v 8.4470 2.6300 0.7970
v 8.5722 2.6300 0.7970
v 8.5722 2.7314 0.7970
v 8.4470 2.7314 0.7970
v 8.5722 2.6300 -0.6260
v 8.6973 2.6300 -0.6260
v 8.6973 2.7314 -0.6260
v 8.5722 2.7314 -0.6260
v 8.5722 2.6300 0.6260
v 8.6973 2.6300 0.6260
v 8.6973 2.7314 0.6260
v 8.5722 2.7314 0.6260
v 6.4448 2.7314 1.3160
v 6.5699 2.7314 1.3160
v 6.5699 3.1371 1.3160
v 6.4448 3.1371 1.3160
v 6.4448 2.7314 1.3660
v 6.5699 2.7314 1.3660
v 6.5699 3.1371 1.3660
v 6.4448 3.1371 1.3660
v 6.4448 2.7314 -1.3660
v 6.5699 2.7314 -1.3660
v 6.5699 3.1371 -1.3660
v 6.4448 3.1371 -1.3660
v 6.4448 2.7314 -1.3160
v 6.5699 2.7314 -1.3160
v 6.5699 3.1371 -1.3160
v 6.4448 3.1371 -1.3160
v 6.5699 2.7314 1.3070
v 6.6951 2.7314 1.3070
v 6.6951 3.0357 1.3070
v 6.5699 3.0357 1.3070
v 6.5699 2.7314 1.3570
v 6.6951 2.7314 1.3570
v 6.6951 3.0357 1.3570
v 6.5699 3.0357 1.3570
v 6.5699 2.7314 -1.3570
v 6.6951 2.7314 -1.3570
v 6.6951 3.0357 -1.3570
v 6.5699 3.0357 -1.3570
v 6.5699 2.7314 -1.3070
v 6.6951 2.7314 -1.3070
v 6.6951 3.0357 -1.3070
v 6.5699 3.0357 -1.3070
v 6.6951 2.7314 1.2980
v 6.8202 2.7314 1.2980
v 6.8202 3.0357 1.2980
v 6.6951 3.0357 1.2980
v 6.6951 2.7314 1.3480
v 6.8202 2.7314 1.3480
v 6.8202 3.0357 1.3480
v 6.6951 3.0357 1.3480
v 6.6951 2.7314 -1.3480
v 6.8202 2.7314 -1.3480
v 6.8202 3.0357 -1.3480
v 6.6951 3.0357 -1.3480
v 6.6951 2.7314 -1.2980
v 6.8202 2.7314 -1.2980
v 6.8202 3.0357 -1.2980
v 6.6951 3.0357 -1.2980
v 7.3208 2.7314 1.2430
v 7.4459 2.7314 1.2430
v 7.4459 2.8329 1.2430
v 7.3208 2.8329 1.2430
v 7.3208 2.7314 1.2930
v 7.4459 2.7314 1.2930
v 7.4459 2.8329 1.2930
v 7.3208 2.8329 1.2930
v 7.3208 2.7314 -1.2930
v 7.4459 2.7314 -1.2930
v 7.4459 2.8329 -1.2930
v 7.3208 2.8329 -1.2930
v 7.3208 2.7314 -1.2430
v 7.4459 2.7314 -1.2430
v 7.4459 2.8329 -1.2430
v 7.3208 2.8329 -1.2430
v 7.4459 2.7314 1.2200
v 7.5710 2.7314 1.2200
v 7.5710 2.8329 1.2200
v 7.4459 2.8329 1.2200
v 7.4459 2.7314 1.2700
v 7.5710 2.7314 1.2700
v 7.5710 2.8329 1.2700
v 7.4459 2.8329 1.2700
v 7.4459 2.7314 -1.2700
v 7.5710 2.7314 -1.2700
v 7.5710 2.8329 -1.2700
v 7.4459 2.8329 -1.2700
v 7.4459 2.7314 -1.2200
v 7.5710 2.7314 -1.2200
v 7.5710 2.8329 -1.2200
v 7.4459 2.8329 -1.2200
v 7.5710 2.7314 1.1850
v 7.6962 2.7314 1.1850
v 7.6962 2.8329 1.1850
v 7.5710 2.8329 1.1850
v 7.5710 2.7314 1.2350
v 7.6962 2.7314 1.2350
v 7.6962 2.8329 1.2350
v 7.5710 2.8329 1.2350
v 7.5710 2.7314 -1.2350
v 7.6962 2.7314 -1.2350
v 7.6962 2.8329 -1.2350
v 7.5710 2.8329 -1.2350
v 7.5710 2.7314 -1.1850
v 7.6962 2.7314 -1.1850
v 7.6962 2.8329 -1.1850
v 7.5710 2.8329 -1.1850
v 7.6962 2.7314 1.1390
v 7.8213 2.7314 1.1390
v 7.8213 2.8329 1.1390
v 7.6962 2.8329 1.1390
v 7.6962 2.7314 1.2090
v 7.8213 2.7314 1.2090
v 7.8213 2.8329 1.2090
v 7.6962 2.8329 1.2090
v 7.6962 2.7314 -1.2090
v 7.8213 2.7314 -1.2090
v 7.8213 2.8329 -1.2090
v 7.6962 2.8329 -1.2090
v 7.6962 2.7314 -1.1390
v 7.8213 2.7314 -1.1390
v 7.8213 2.8329 -1.1390
v 7.6962 2.8329 -1.1390
v 7.8213 2.7314 1.0790
v 7.9465 2.7314 1.0790
v 7.9465 2.8329 1.0790
v 7.8213 2.8329 1.0790
v 7.8213 2.7314 1.1490
v 7.9465 2.7314 1.1490
v 7.9465 2.8329 1.1490
v 7.8213 2.8329 1.1490
v 7.8213 2.7314 -1.1490
v 7.9465 2.7314 -1.1490
v 7.9465 2.8329 -1.1490
v 7.8213 2.8329 -1.1490
v 7.8213 2.7314 -1.0790
v 7.9465 2.7314 -1.0790
v 7.9465 2.8329 -1.0790
v 7.8213 2.8329 -1.0790
v 7.9465 2.7314 1.0040
v 8.0716 2.7314 1.0040
v 8.0716 2.8329 1.0040
v 7.9465 2.8329 1.0040
v 7.9465 2.7314 1.0740
v 8.0716 2.7314 1.0740
v 8.0716 2.8329 1.0740
v 7.9465 2.8329 1.0740
v 7.9465 2.7314 -1.0740
v 8.0716 2.7314 -1.0740
v 8.0716 2.8329 -1.0740
v 7.9465 2.8329 -1.0740
v 7.9465 2.7314 -1.0040
v 8.0716 2.7314 -1.0040
v 8.0716 2.8329 -1.0040
v 7.9465 2.8329 -1.0040
v 8.0716 2.7314 0.9110
v 8.1968 2.7314 0.9110
v 8.1968 2.8329 0.9110
v 8.0716 2.8329 0.9110
v 8.0716 2.7314 0.9810
v 8.1968 2.7314 0.9810
v 8.1968 2.8329 0.9810
v 8.0716 2.8329 0.9810
v 8.0716 2.7314 -0.9810
v 8.1968 2.7314 -0.9810
v 8.1968 2.8329 -0.9810
v 8.0716 2.8329 -0.9810
v 8.0716 2.7314 -0.9110
v 8.1968 2.7314 -0.9110
v 8.1968 2.8329 -0.9110
v 8.0716 2.8329 -0.9110
v 8.1968 2.7314 -0.8630
v 8.3219 2.7314 -0.8630
v 8.3219 2.8329 -0.8630
v 8.1968 2.8329 -0.8630
v 8.1968 2.7314 0.8630
v 8.3219 2.7314 0.8630
v 8.3219 2.8329 0.8630
v 8.1968 2.8329 0.8630
v 8.3219 2.7314 -0.7110
v 8.4470 2.7314 -0.7110
v 8.4470 2.8329 -0.7110
v 8.3219 2.8329 -0.7110
v 8.3219 2.7314 0.7110
v 8.4470 2.7314 0.7110
v 8.4470 2.8329 0.7110
v 8.3219 2.8329 0.7110
v 8.4470 2.7314 -0.4950
v 8.5722 2.7314 -0.4950
v 8.5722 2.8329 -0.4950
v 8.4470 2.8329 -0.4950
v 8.4470 2.7314 0.4950
v 8.5722 2.7314 0.4950
v 8.5722 2.8329 0.4950
v 8.4470 2.8329 0.4950
v -10.3242 2.8329 1.3800
v -9.3230 2.8329 1.3800
v -9.3230 2.9343 1.3800
v -10.3242 2.9343 1.3800
v -10.3242 2.8329 1.4500
v -9.3230 2.8329 1.4500
v -9.3230 2.9343 1.4500
v -10.3242 2.9343 1.4500
v -10.3242 2.8329 -1.4500
v -9.3230 2.8329 -1.4500
v -9.3230 2.9343 -1.4500
v -10.3242 2.9343 -1.4500
v -10.3242 2.8329 -1.3800
v -9.3230 2.8329 -1.3800
v -9.3230 2.9343 -1.3800
v -10.3242 2.9343 -1.3800
v 6.1945 2.8329 1.3310
v 6.3196 2.8329 1.3310
v 6.3196 3.1371 1.3310
v 6.1945 3.1371 1.3310
v 6.1945 2.8329 1.3810
v 6.3196 2.8329 1.3810
v 6.3196 3.1371 1.3810
v 6.1945 3.1371 1.3810
v 6.1945 2.8329 -1.3810
v 6.3196 2.8329 -1.3810
v 6.3196 3.1371 -1.3810
v 6.1945 3.1371 -1.3810
v 6.1945 2.8329 -1.3310
v 6.3196 2.8329 -1.3310
v 6.3196 3.1371 -1.3310
v 6.1945 3.1371 -1.3310
v 6.3196 2.8329 1.3240
v 6.4448 2.8329 1.3240
v 6.4448 3.1371 1.3240
v 6.3196 3.1371 1.3240
v 6.3196 2.8329 1.3740
v 6.4448 2.8329 1.3740
v 6.4448 3.1371 1.3740
v 6.3196 3.1371 1.3740
v 6.3196 2.8329 -1.3740
v 6.4448 2.8329 -1.3740
v 6.4448 3.1371 -1.3740
v 6.3196 3.1371 -1.3740
v 6.3196 2.8329 -1.3240
v 6.4448 2.8329 -1.3240
v 6.4448 3.1371 -1.3240
v 6.3196 3.1371 -1.3240
v 7.0705 2.8329 1.2660
v 7.1956 2.8329 1.2660
v 7.1956 2.9343 1.2660
v 7.0705 2.9343 1.2660
v 7.0705 2.8329 1.3160
v 7.1956 2.8329 1.3160
v 7.1956 2.9343 1.3160
v 7.0705 2.9343 1.3160
v 7.0705 2.8329 -1.3160
v 7.1956 2.8329 -1.3160
v 7.1956 2.9343 -1.3160
v 7.0705 2.9343 -1.3160
v 7.0705 2.8329 -1.2660
v 7.1956 2.8329 -1.2660
v 7.1956 2.9343 -1.2660
v 7.0705 2.9343 -1.2660
v 7.1956 2.8329 1.2440
v 7.3208 2.8329 1.2440
v 7.3208 2.9343 1.2440
v 7.1956 2.9343 1.2440
v 7.1956 2.8329 1.2940
v 7.3208 2.8329 1.2940
v 7.3208 2.9343 1.2940
v 7.1956 2.9343 1.2940
v 7.1956 2.8329 -1.2940
v 7.3208 2.8329 -1.2940
v 7.3208 2.9343 -1.2940
v 7.1956 2.9343 -1.2940
v 7.1956 2.8329 -1.2440
v 7.3208 2.8329 -1.2440
v 7.3208 2.9343 -1.2440
v 7.1956 2.9343 -1.2440
v 7.3208 2.8329 1.2120
v 7.4459 2.8329 1.2120
v 7.4459 2.9343 1.2120
v 7.3208 2.9343 1.2120
v 7.3208 2.8329 1.2620
v 7.4459 2.8329 1.2620
v 7.4459 2.9343 1.2620
v 7.3208 2.9343 1.2620
v 7.3208 2.8329 -1.2620
v 7.4459 2.8329 -1.2620
v 7.4459 2.9343 -1.2620
v 7.3208 2.9343 -1.2620
v 7.3208 2.8329 -1.2120
v 7.4459 2.8329 -1.2120
v 7.4459 2.9343 -1.2120
v 7.3208 2.9343 -1.2120
v 7.4459 2.8329 1.1690
v 7.5710 2.8329 1.1690
v 7.5710 2.9343 1.1690
v 7.4459 2.9343 1.1690
v 7.4459 2.8329 1.2390
v 7.5710 2.8329 1.2390
v 7.5710 2.9343 1.2390
v 7.4459 2.9343 1.2390
v 7.4459 2.8329 -1.2390
v 7.5710 2.8329 -1.2390
v 7.5710 2.9343 -1.2390
v 7.4459 2.9343 -1.2390
v 7.4459 2.8329 -1.1690
v 7.5710 2.8329 -1.1690
v 7.5710 2.9343 -1.1690
v 7.4459 2.9343 -1.1690
v 7.5710 2.8329 1.1130
v 7.6962 2.8329 1.1130
v 7.6962 2.9343 1.1130
v 7.5710 2.9343 1.1130
v 7.5710 2.8329 1.1830
v 7.6962 2.8329 1.1830
v 7.6962 2.9343 1.1830
v 7.5710 2.9343 1.1830
v 7.5710 2.8329 -1.1830
v 7.6962 2.8329 -1.1830
v 7.6962 2.9343 -1.1830
v 7.5710 2.9343 -1.1830
v 7.5710 2.8329 -1.1130
v 7.6962 2.8329 -1.1130
v 7.6962 2.9343 -1.1130
v 7.5710 2.9343 -1.1130
v 7.6962 2.8329 1.0430
v 7.8213 2.8329 1.0430
v 7.8213 2.9343 1.0430
v 7.6962 2.9343 1.0430
v 7.6962 2.8329 1.1130
v 7.8213 2.8329 1.1130
v 7.8213 2.9343 1.1130
v 7.6962 2.9343 1.1130
v 7.6962 2.8329 -1.1130
v 7.8213 2.8329 -1.1130
v 7.8213 2.9343 -1.1130
v 7.6962 2.9343 -1.1130
v 7.6962 2.8329 -1.0430
v 7.8213 2.8329 -1.0430
v 7.8213 2.9343 -1.0430
v 7.6962 2.9343 -1.0430
v 7.8213 2.8329 0.9560
v 7.9465 2.8329 0.9560
v 7.9465 2.9343 0.9560
v 7.8213 2.9343 0.9560
v 7.8213 2.8329 1.0260
v 7.9465 2.8329 1.0260
v 7.9465 2.9343 1.0260
v 7.8213 2.9343 1.0260
v 7.8213 2.8329 -1.0260
v 7.9465 2.8329 -1.0260
v 7.9465 2.9343 -1.0260
v 7.8213 2.9343 -1.0260
v 7.8213 2.8329 -0.9560
v 7.9465 2.8329 -0.9560
v 7.9465 2.9343 -0.9560
v 7.8213 2.9343 -0.9560
v 7.9465 2.8329 -0.9180
v 8.0716 2.8329 -0.9180
v 8.0716 2.9343 -0.9180
v 7.9465 2.9343 -0.9180
v 7.9465 2.8329 0.9180
v 8.0716 2.8329 0.9180
v 8.0716 2.9343 0.9180
v 7.9465 2.9343 0.9180
v 8.0716 2.8329 -0.7800
v 8.1968 2.8329 -0.7800
v 8.1968 2.9343 -0.7800
v 8.0716 2.9343 -0.7800
v 8.0716 2.8329 0.7800
v 8.1968 2.8329 0.7800
v 8.1968 2.9343 0.7800
v 8.0716 2.9343 0.7800
v 8.1968 2.8329 -0.5920
v 8.3219 2.8329 -0.5920
v 8.3219 2.9343 -0.5920
v 8.1968 2.9343 -0.5920
v 8.1968 2.8329 0.5920
v 8.3219 2.8329 0.5920
v 8.3219 2.9343 0.5920
v 8.1968 2.9343 0.5920
v -10.5744 2.9343 1.3800
v 4.5677 2.9343 1.3800
v 4.5677 3.5429 1.3800
v -10.5744 3.5429 1.3800
v -10.5744 2.9343 1.4500
v 4.5677 2.9343 1.4500
v 4.5677 3.5429 1.4500
v -10.5744 3.5429 1.4500
v -10.5744 2.9343 -1.4500
v 4.5677 2.9343 -1.4500
v 4.5677 3.5429 -1.4500
v -10.5744 3.5429 -1.4500
v -10.5744 2.9343 -1.3800
v 4.5677 2.9343 -1.3800
v 4.5677 3.5429 -1.3800
v -10.5744 3.5429 -1.3800
v 5.8191 2.9343 1.3510
v 5.9442 2.9343 1.3510
v 5.9442 3.2386 1.3510
v 5.8191 3.2386 1.3510
v 5.8191 2.9343 1.4010
v 5.9442 2.9343 1.4010
v 5.9442 3.2386 1.4010
v 5.8191 3.2386 1.4010
v 5.8191 2.9343 -1.4010
v 5.9442 2.9343 -1.4010
v 5.9442 3.2386 -1.4010
v 5.8191 3.2386 -1.4010
v 5.8191 2.9343 -1.3510
v 5.9442 2.9343 -1.3510
v 5.9442 3.2386 -1.3510
v 5.8191 3.2386 -1.3510
v 5.9442 2.9343 1.3450
v 6.0694 2.9343 1.3450
v 6.0694 3.2386 1.3450
v 5.9442 3.2386 1.3450
v 5.9442 2.9343 1.3950
v 6.0694 2.9343 1.3950
v 6.0694 3.2386 1.3950
v 5.9442 3.2386 1.3950
v 5.9442 2.9343 -1.3950
v 6.0694 2.9343 -1.3950
v 6.0694 3.2386 -1.3950
v 5.9442 3.2386 -1.3950
v 5.9442 2.9343 -1.3450
v 6.0694 2.9343 -1.3450
v 6.0694 3.2386 -1.3450
v 5.9442 3.2386 -1.3450
v 6.0694 2.9343 1.3380
v 6.1945 2.9343 1.3380
v 6.1945 3.2386 1.3380
v 6.0694 3.2386 1.3380
v 6.0694 2.9343 1.3880
v 6.1945 2.9343 1.3880
v 6.1945 3.2386 1.3880
v 6.0694 3.2386 1.3880
v 6.0694 2.9343 -1.3880
v 6.1945 2.9343 -1.3880
v 6.1945 3.2386 -1.3880
v 6.0694 3.2386 -1.3880
v 6.0694 2.9343 -1.3380
v 6.1945 2.9343 -1.3380
v 6.1945 3.2386 -1.3380
v 6.0694 3.2386 -1.3380
v 6.8202 2.9343 1.2860
v 6.9453 2.9343 1.2860
v 6.9453 3.0357 1.2860
v 6.8202 3.0357 1.2860
v 6.8202 2.9343 1.3360
v 6.9453 2.9343 1.3360
v 6.9453 3.0357 1.3360
v 6.8202 3.0357 1.3360
v 6.8202 2.9343 -1.3360
v 6.9453 2.9343 -1.3360
v 6.9453 3.0357 -1.3360
v 6.8202 3.0357 -1.3360
v 6.8202 2.9343 -1.2860
v 6.9453 2.9343 -1.2860
v 6.9453 3.0357 -1.2860
v 6.8202 3.0357 -1.2860
v 6.9453 2.9343 1.2650
v 7.0705 2.9343 1.2650
v 7.0705 3.0357 1.2650
v 6.9453 3.0357 1.2650
v 6.9453 2.9343 1.3150
v 7.0705 2.9343 1.3150
v 7.0705 3.0357 1.3150
v 6.9453 3.0357 1.3150
v 6.9453 2.9343 -1.3150
v 7.0705 2.9343 -1.3150
v 7.0705 3.0357 -1.3150
v 6.9453 3.0357 -1.3150
v 6.9453 2.9343 -1.2650
v 7.0705 2.9343 -1.2650
v 7.0705 3.0357 -1.2650
v 6.9453 3.0357 -1.2650
v 7.0705 2.9343 1.2340
v 7.1956 2.9343 1.2340
v 7.1956 3.0357 1.2340
v 7.0705 3.0357 1.2340
v 7.0705 2.9343 1.2840
v 7.1956 2.9343 1.2840
v 7.1956 3.0357 1.2840
v 7.0705 3.0357 1.2840
v 7.0705 2.9343 -1.2840
v 7.1956 2.9343 -1.2840
v 7.1956 3.0357 -1.2840
v 7.0705 3.0357 -1.2840
v 7.0705 2.9343 -1.2340
v 7.1956 2.9343 -1.2340
v 7.1956 3.0357 -1.2340
v 7.0705 3.0357 -1.2340
v 7.1956 2.9343 1.1930
v 7.3208 2.9343 1.1930
v 7.3208 3.0357 1.1930
v 7.1956 3.0357 1.1930
v 7.1956 2.9343 1.2630
v 7.3208 2.9343 1.2630
v 7.3208 3.0357 1.2630
v 7.1956 3.0357 1.2630
v 7.1956 2.9343 -1.2630
v 7.3208 2.9343 -1.2630
v 7.3208 3.0357 -1.2630
v 7.1956 3.0357 -1.2630
v 7.1956 2.9343 -1.1930
v 7.3208 2.9343 -1.1930
v 7.3208 3.0357 -1.1930
v 7.1956 3.0357 -1.1930
v 7.3208 2.9343 1.1410
v 7.4459 2.9343 1.1410
v 7.4459 3.0357 1.1410
v 7.3208 3.0357 1.1410
v 7.3208 2.9343 1.2110
v 7.4459 2.9343 1.2110
v 7.4459 3.0357 1.2110
v 7.3208 3.0357 1.2110
v 7.3208 2.9343 -1.2110
v 7.4459 2.9343 -1.2110
v 7.4459 3.0357 -1.2110
v 7.3208 3.0357 -1.2110
v 7.3208 2.9343 -1.1410
v 7.4459 2.9343 -1.1410
v 7.4459 3.0357 -1.1410
v 7.3208 3.0357 -1.1410
v 7.4459 2.9343 1.0750
v 7.5710 2.9343 1.0750
v 7.5710 3.0357 1.0750
v 7.4459 3.0357 1.0750
v 7.4459 2.9343 1.1450
v 7.5710 2.9343 1.1450
v 7.5710 3.0357 1.1450
v 7.4459 3.0357 1.1450
v 7.4459 2.9343 -1.1450
v 7.5710 2.9343 -1.1450
v 7.5710 3.0357 -1.1450
v 7.4459 3.0357 -1.1450
v 7.4459 2.9343 -1.0750
v 7.5710 2.9343 -1.0750
v 7.5710 3.0357 -1.0750
v 7.4459 3.0357 -1.0750
v 7.5710 2.9343 0.9930
v 7.6962 2.9343 0.9930
v 7.6962 3.0357 0.9930
v 7.5710 3.0357 0.9930
v 7.5710 2.9343 1.0630
v 7.6962 2.9343 1.0630
v 7.6962 3.0357 1.0630
v 7.5710 3.0357 1.0630
v 7.5710 2.9343 -1.0630
v 7.6962 2.9343 -1.0630
v 7.6962 3.0357 -1.0630
v 7.5710 3.0357 -1.0630
v 7.5710 2.9343 -0.9930
v 7.6962 2.9343 -0.9930
v 7.6962 3.0357 -0.9930
v 7.5710 3.0357 -0.9930
v 7.6962 2.9343 -0.9610
v 7.8213 2.9343 -0.9610
v 7.8213 3.0357 -0.9610
v 7.6962 3.0357 -0.9610
v 7.6962 2.9343 0.9610
v 7.8213 2.9343 0.9610
v 7.8213 3.0357 0.9610
v 7.6962 3.0357 0.9610
v 7.8213 2.9343 -0.8330
v 7.9465 2.9343 -0.8330
v 7.9465 3.0357 -0.8330
v 7.8213 3.0357 -0.8330
v 7.8213 2.9343 0.8330
v 7.9465 2.9343 0.8330
v 7.9465 3.0357 0.8330
v 7.8213 3.0357 0.8330
v 7.9465 2.9343 -0.6640
v 8.0716 2.9343 -0.6640
v 8.0716 3.0357 -0.6640
v 7.9465 3.0357 -0.6640
v 7.9465 2.9343 0.6640
v 8.0716 2.9343 0.6640
v 8.0716 3.0357 0.6640
v 7.9465 3.0357 0.6640
v 6.5699 3.0357 1.3030
v 6.6951 3.0357 1.3030
v 6.6951 3.1371 1.3030
v 6.5699 3.1371 1.3030
v 6.5699 3.0357 1.3530
v 6.6951 3.0357 1.3530
v 6.6951 3.1371 1.3530
v 6.5699 3.1371 1.3530
v 6.5699 3.0357 -1.3530
v 6.6951 3.0357 -1.3530
v 6.6951 3.1371 -1.3530
v 6.5699 3.1371 -1.3530
v 6.5699 3.0357 -1.3030
v 6.6951 3.0357 -1.3030
v 6.6951 3.1371 -1.3030
v 6.5699 3.1371 -1.3030
v 6.6951 3.0357 1.2820
v 6.8202 3.0357 1.2820
v 6.8202 3.1371 1.2820
v 6.6951 3.1371 1.2820
v 6.6951 3.0357 1.3320
v 6.8202 3.0357 1.3320
v 6.8202 3.1371 1.3320
v 6.6951 3.1371 1.3320
v 6.6951 3.0357 -1.3320
v 6.8202 3.0357 -1.3320
v 6.8202 3.1371 -1.3320
v 6.6951 3.1371 -1.3320
v 6.6951 3.0357 -1.2820
v 6.8202 3.0357 -1.2820
v 6.8202 3.1371 -1.2820
v 6.6951 3.1371 -1.2820
v 6.8202 3.0357 1.2520
v 6.9453 3.0357 1.2520
v 6.9453 3.1371 1.2520
v 6.8202 3.1371 1.2520
v 6.8202 3.0357 1.3020
v 6.9453 3.0357 1.3020
v 6.9453 3.1371 1.3020
v 6.8202 3.1371 1.3020
v 6.8202 3.0357 -1.3020
v 6.9453 3.0357 -1.3020
v 6.9453 3.1371 -1.3020
v 6.8202 3.1371 -1.3020
v 6.8202 3.0357 -1.2520
v 6.9453 3.0357 -1.2520
v 6.9453 3.1371 -1.2520
v 6.8202 3.1371 -1.2520
v 6.9453 3.0357 1.2120
v 7.0705 3.0357 1.2120
v 7.0705 3.1371 1.2120
v 6.9453 3.1371 1.2120
v 6.9453 3.0357 1.2820
v 7.0705 3.0357 1.2820
v 7.0705 3.1371 1.2820
v 6.9453 3.1371 1.2820
v 6.9453 3.0357 -1.2820
v 7.0705 3.0357 -1.2820
v 7.0705 3.1371 -1.2820
v 6.9453 3.1371 -1.2820
v 6.9453 3.0357 -1.2120
v 7.0705 3.0357 -1.2120
v 7.0705 3.1371 -1.2120
v 6.9453 3.1371 -1.2120
v 7.0705 3.0357 1.1610
v 7.1956 3.0357 1.1610
v 7.1956 3.1371 1.1610
v 7.0705 3.1371 1.1610
v 7.0705 3.0357 1.2310
v 7.1956 3.0357 1.2310
v 7.1956 3.1371 1.2310
v 7.0705 3.1371 1.2310
v 7.0705 3.0357 -1.2310
v 7.1956 3.0357 -1.2310
v 7.1956 3.1371 -1.2310
v 7.0705 3.1371 -1.2310
v 7.0705 3.0357 -1.1610
v 7.1956 3.0357 -1.1610
v 7.1956 3.1371 -1.1610
v 7.0705 3.1371 -1.1610
v 7.1956 3.0357 1.0980
v 7.3208 3.0357 1.0980
v 7.3208 3.1371 1.0980
v 7.1956 3.1371 1.0980
v 7.1956 3.0357 1.1680
v 7.3208 3.0357 1.1680
v 7.3208 3.1371 1.1680
v 7.1956 3.1371 1.1680
v 7.1956 3.0357 -1.1680
v 7.3208 3.0357 -1.1680
v 7.3208 3.1371 -1.1680
v 7.1956 3.1371 -1.1680
v 7.1956 3.0357 -1.0980
v 7.3208 3.0357 -1.0980
v 7.3208 3.1371 -1.0980
v 7.1956 3.1371 -1.0980
v 7.3208 3.0357 1.0200
v 7.4459 3.0357 1.0200
v 7.4459 3.1371 1.0200
v 7.3208 3.1371 1.0200
v 7.3208 3.0357 1.0900
v 7.4459 3.0357 1.0900
v 7.4459 3.1371 1.0900
v 7.3208 3.1371 1.0900
v 7.3208 3.0357 -1.0900
v 7.4459 3.0357 -1.0900
v 7.4459 3.1371 -1.0900
v 7.3208 3.1371 -1.0900
v 7.3208 3.0357 -1.0200
v 7.4459 3.0357 -1.0200
v 7.4459 3.1371 -1.0200
v 7.3208 3.1371 -1.0200
v 7.4459 3.0357 -0.9940
v 7.5710 3.0357 -0.9940
v 7.5710 3.1371 -0.9940
v 7.4459 3.1371 -0.9940
v 7.4459 3.0357 0.9940
v 7.5710 3.0357 0.9940
v 7.5710 3.1371 0.9940
v 7.4459 3.1371 0.9940
v 7.5710 3.0357 -0.8740
v 7.6962 3.0357 -0.8740
v 7.6962 3.1371 -0.8740
v 7.5710 3.1371 -0.8740
v 7.5710 3.0357 0.8740
v 7.6962 3.0357 0.8740
v 7.6962 3.1371 0.8740
v 7.5710 3.1371 0.8740
v 7.6962 3.0357 -0.7180
v 7.8213 3.0357 -0.7180
v 7.8213 3.1371 -0.7180
v 7.6962 3.1371 -0.7180
v 7.6962 3.0357 0.7180
v 7.8213 3.0357 0.7180
v 7.8213 3.1371 0.7180
v 7.6962 3.1371 0.7180
v 6.1945 3.1371 1.3300
v 6.3196 3.1371 1.3300
v 6.3196 3.2386 1.3300
v 6.1945 3.2386 1.3300
v 6.1945 3.1371 1.3800
v 6.3196 3.1371 1.3800
v 6.3196 3.2386 1.3800
v 6.1945 3.2386 1.3800
v 6.1945 3.1371 -1.3800
v 6.3196 3.1371 -1.3800
v 6.3196 3.2386 -1.3800
v 6.1945 3.2386 -1.3800
v 6.1945 3.1371 -1.3300
v 6.3196 3.1371 -1.3300
v 6.3196 3.2386 -1.3300
v 6.1945 3.2386 -1.3300
v 6.3196 3.1371 1.3150
v 6.4448 3.1371 1.3150
v 6.4448 3.2386 1.3150
v 6.3196 3.2386 1.3150
v 6.3196 3.1371 1.3650
v 6.4448 3.1371 1.3650
v 6.4448 3.2386 1.3650
v 6.3196 3.2386 1.3650
v 6.3196 3.1371 -1.3650
v 6.4448 3.1371 -1.3650
v 6.4448 3.2386 -1.3650
v 6.3196 3.2386 -1.3650
v 6.3196 3.1371 -1.3150
v 6.4448 3.1371 -1.3150
v 6.4448 3.2386 -1.3150
v 6.3196 3.2386 -1.3150
v 6.4448 3.1371 1.2940
v 6.5699 3.1371 1.2940
v 6.5699 3.2386 1.2940
v 6.4448 3.2386 1.2940
v 6.4448 3.1371 1.3440
v 6.5699 3.1371 1.3440
v 6.5699 3.2386 1.3440
v 6.4448 3.2386 1.3440
v 6.4448 3.1371 -1.3440
v 6.5699 3.1371 -1.3440
v 6.5699 3.2386 -1.3440
v 6.4448 3.2386 -1.3440
v 6.4448 3.1371 -1.2940
v 6.5699 3.1371 -1.2940
v 6.5699 3.2386 -1.2940
v 6.4448 3.2386 -1.2940
v 6.5699 3.1371 1.2630
v 6.6951 3.1371 1.2630
v 6.6951 3.2386 1.2630
v 6.5699 3.2386 1.2630
v 6.5699 3.1371 1.3330
v 6.6951 3.1371 1.3330
v 6.6951 3.2386 1.3330
v 6.5699 3.2386 1.3330
v 6.5699 3.1371 -1.3330
v 6.6951 3.1371 -1.3330
v 6.6951 3.2386 -1.3330
v 6.5699 3.2386 -1.3330
v 6.5699 3.1371 -1.2630
v 6.6951 3.1371 -1.2630
v 6.6951 3.2386 -1.2630
v 6.5699 3.2386 -1.2630
v 6.6951 3.1371 1.2240
v 6.8202 3.1371 1.2240
v 6.8202 3.2386 1.2240
v 6.6951 3.2386 1.2240
v 6.6951 3.1371 1.2940
v 6.8202 3.1371 1.2940
v 6.8202 3.2386 1.2940
v 6.6951 3.2386 1.2940
v 6.6951 3.1371 -1.2940
v 6.8202 3.1371 -1.2940
v 6.8202 3.2386 -1.2940
v 6.6951 3.2386 -1.2940
v 6.6951 3.1371 -1.2240
v 6.8202 3.1371 -1.2240
v 6.8202 3.2386 -1.2240
v 6.6951 3.2386 -1.2240
v 6.8202 3.1371 1.1750
v 6.9453 3.1371 1.1750
v 6.9453 3.2386 1.1750
v 6.8202 3.2386 1.1750
v 6.8202 3.1371 1.2450
v 6.9453 3.1371 1.2450
v 6.9453 3.2386 1.2450
v 6.8202 3.2386 1.2450
v 6.8202 3.1371 -1.2450
v 6.9453 3.1371 -1.2450
v 6.9453 3.2386 -1.2450
v 6.8202 3.2386 -1.2450
v 6.8202 3.1371 -1.1750
v 6.9453 3.1371 -1.1750
v 6.9453 3.2386 -1.1750
v 6.8202 3.2386 -1.1750
v 6.9453 3.1371 1.1140
v 7.0705 3.1371 1.1140
v 7.0705 3.2386 1.1140
v 6.9453 3.2386 1.1140
v 6.9453 3.1371 1.1840
v 7.0705 3.1371 1.1840
v 7.0705 3.2386 1.1840
v 6.9453 3.2386 1.1840
v 6.9453 3.1371 -1.1840
v 7.0705 3.1371 -1.1840
v 7.0705 3.2386 -1.1840
v 6.9453 3.2386 -1.1840
v 6.9453 3.1371 -1.1140
v 7.0705 3.1371 -1.1140
v 7.0705 3.2386 -1.1140
v 6.9453 3.2386 -1.1140
v 7.0705 3.1371 1.0380
v 7.1956 3.1371 1.0380
v 7.1956 3.2386 1.0380
v 7.0705 3.2386 1.0380
v 7.0705 3.1371 1.1080
v 7.1956 3.1371 1.1080
v 7.1956 3.2386 1.1080
v 7.0705 3.2386 1.1080
v 7.0705 3.1371 -1.1080
v 7.1956 3.1371 -1.1080
v 7.1956 3.2386 -1.1080
v 7.0705 3.2386 -1.1080
v 7.0705 3.1371 -1.0380
v 7.1956 3.1371 -1.0380
v 7.1956 3.2386 -1.0380
v 7.0705 3.2386 -1.0380
v 7.1956 3.1371 -1.0160
v 7.3208 3.1371 -1.0160
v 7.3208 3.2386 -1.0160
v 7.1956 3.2386 -1.0160
v 7.1956 3.1371 1.0160
v 7.3208 3.1371 1.0160
v 7.3208 3.2386 1.0160
v 7.1956 3.2386 1.0160
v 7.3208 3.1371 -0.9010
v 7.4459 3.1371 -0.9010
v 7.4459 3.2386 -0.9010
v 7.3208 3.2386 -0.9010
v 7.3208 3.1371 0.9010
v 7.4459 3.1371 0.9010
v 7.4459 3.2386 0.9010
v 7.3208 3.2386 0.9010
v 7.4459 3.1371 -0.7540
v 7.5710 3.1371 -0.7540
v 7.5710 3.2386 -0.7540
v 7.4459 3.2386 -0.7540
v 7.4459 3.1371 0.7540
v 7.5710 3.1371 0.7540
v 7.5710 3.2386 0.7540
v 7.4459 3.2386 0.7540
v 7.5710 3.1371 -0.5500
v 7.6962 3.1371 -0.5500
v 7.6962 3.2386 -0.5500
v 7.5710 3.2386 -0.5500
v 7.5710 3.1371 0.5500
v 7.6962 3.1371 0.5500
v 7.6962 3.2386 0.5500
v 7.5710 3.2386 0.5500
v 5.8191 3.2386 1.3500
v 5.9442 3.2386 1.3500
v 5.9442 3.3400 1.3500
v 5.8191 3.3400 1.3500
v 5.8191 3.2386 1.4000
v 5.9442 3.2386 1.4000
v 5.9442 3.3400 1.4000
v 5.8191 3.3400 1.4000
v 5.8191 3.2386 -1.4000
v 5.9442 3.2386 -1.4000
v 5.9442 3.3400 -1.4000
v 5.8191 3.3400 -1.4000
v 5.8191 3.2386 -1.3500
v 5.9442 3.2386 -1.3500
v 5.9442 3.3400 -1.3500
v 5.8191 3.3400 -1.3500
v 5.9442 3.2386 1.3390
v 6.0694 3.2386 1.3390
v 6.0694 3.3400 1.3390
v 5.9442 3.3400 1.3390
v 5.9442 3.2386 1.3890
v 6.0694 3.2386 1.3890
v 6.0694 3.3400 1.3890
v 5.9442 3.3400 1.3890
v 5.9442 3.2386 -1.3890
v 6.0694 3.2386 -1.3890
v 6.0694 3.3400 -1.3890
v 5.9442 3.3400 -1.3890
v 5.9442 3.2386 -1.3390
v 6.0694 3.2386 -1.3390
v 6.0694 3.3400 -1.3390
v 5.9442 3.3400 -1.3390
v 6.0694 3.2386 1.3230
v 6.1945 3.2386 1.3230
v 6.1945 3.3400 1.3230
v 6.0694 3.3400 1.3230
v 6.0694 3.2386 1.3730
v 6.1945 3.2386 1.3730
v 6.1945 3.3400 1.3730
v 6.0694 3.3400 1.3730
v 6.0694 3.2386 -1.3730
v 6.1945 3.2386 -1.3730
v 6.1945 3.3400 -1.3730
v 6.0694 3.3400 -1.3730
v 6.0694 3.2386 -1.3230
v 6.1945 3.2386 -1.3230
v 6.1945 3.3400 -1.3230
v 6.0694 3.3400 -1.3230
v 6.1945 3.2386 1.2990
v 6.3196 3.2386 1.2990
v 6.3196 3.3400 1.2990
v 6.1945 3.3400 1.2990
v 6.1945 3.2386 1.3490
v 6.3196 3.2386 1.3490
v 6.3196 3.3400 1.3490
v 6.1945 3.3400 1.3490
v 6.1945 3.2386 -1.3490
v 6.3196 3.2386 -1.3490
v 6.3196 3.3400 -1.3490
v 6.1945 3.3400 -1.3490
v 6.1945 3.2386 -1.2990
v 6.3196 3.2386 -1.2990
v 6.3196 3.3400 -1.2990
v 6.1945 3.3400 -1.2990
v 6.3196 3.2386 1.2690
v 6.4448 3.2386 1.2690
v 6.4448 3.3400 1.2690
v 6.3196 3.3400 1.2690
v 6.3196 3.2386 1.3390
v 6.4448 3.2386 1.3390
v 6.4448 3.3400 1.3390
v 6.3196 3.3400 1.3390
v 6.3196 3.2386 -1.3390
v 6.4448 3.2386 -1.3390
v 6.4448 3.3400 -1.3390
v 6.3196 3.3400 -1.3390
v 6.3196 3.2386 -1.2690
v 6.4448 3.2386 -1.2690
v 6.4448 3.3400 -1.2690
v 6.3196 3.3400 -1.2690
v 6.4448 3.2386 1.2290
v 6.5699 3.2386 1.2290
v 6.5699 3.3400 1.2290
v 6.4448 3.3400 1.2290
v 6.4448 3.2386 1.2990
v 6.5699 3.2386 1.2990
v 6.5699 3.3400 1.2990
v 6.4448 3.3400 1.2990
v 6.4448 3.2386 -1.2990
v 6.5699 3.2386 -1.2990
v 6.5699 3.3400 -1.2990
v 6.4448 3.3400 -1.2990
v 6.4448 3.2386 -1.2290
v 6.5699 3.2386 -1.2290
v 6.5699 3.3400 -1.2290
v 6.4448 3.3400 -1.2290
v 6.5699 3.2386 1.1800
v 6.6951 3.2386 1.1800
v 6.6951 3.3400 1.1800
v 6.5699 3.3400 1.1800
v 6.5699 3.2386 1.2500
v 6.6951 3.2386 1.2500
v 6.6951 3.3400 1.2500
v 6.5699 3.3400 1.2500
v 6.5699 3.2386 -1.2500
v 6.6951 3.2386 -1.2500
v 6.6951 3.3400 -1.2500
v 6.5699 3.3400 -1.2500
v 6.5699 3.2386 -1.1800
v 6.6951 3.2386 -1.1800
v 6.6951 3.3400 -1.1800
v 6.5699 3.3400 -1.1800
v 6.6951 3.2386 1.1200
v 6.8202 3.2386 1.1200
v 6.8202 3.3400 1.1200
v 6.6951 3.3400 1.1200
v 6.6951 3.2386 1.1900
v 6.8202 3.2386 1.1900
v 6.8202 3.3400 1.1900
v 6.6951 3.3400 1.1900
v 6.6951 3.2386 -1.1900
v 6.8202 3.2386 -1.1900
v 6.8202 3.3400 -1.1900
v 6.6951 3.3400 -1.1900
v 6.6951 3.2386 -1.1200
v 6.8202 3.2386 -1.1200
v 6.8202 3.3400 -1.1200
v 6.6951 3.3400 -1.1200
v 6.8202 3.2386 1.0470
v 6.9453 3.2386 1.0470
v 6.9453 3.3400 1.0470
v 6.8202 3.3400 1.0470
v 6.8202 3.2386 1.1170
v 6.9453 3.2386 1.1170
v 6.9453 3.3400 1.1170
v 6.8202 3.3400 1.1170
v 6.8202 3.2386 -1.1170
v 6.9453 3.2386 -1.1170
v 6.9453 3.3400 -1.1170
v 6.8202 3.3400 -1.1170
v 6.8202 3.2386 -1.0470
v 6.9453 3.2386 -1.0470
v 6.9453 3.3400 -1.0470
v 6.8202 3.3400 -1.0470
v 6.9453 3.2386 -1.0270
v 7.0705 3.2386 -1.0270
v 7.0705 3.3400 -1.0270
v 6.9453 3.3400 -1.0270
v 6.9453 3.2386 1.0270
v 7.0705 3.2386 1.0270
v 7.0705 3.3400 1.0270
v 6.9453 3.3400 1.0270
v 7.0705 3.2386 -0.9160
v 7.1956 3.2386 -0.9160
v 7.1956 3.3400 -0.9160
v 7.0705 3.3400 -0.9160
v 7.0705 3.2386 0.9160
v 7.1956 3.2386 0.9160
v 7.1956 3.3400 0.9160
v 7.0705 3.3400 0.9160
v 7.1956 3.2386 -0.7750
v 7.3208 3.2386 -0.7750
v 7.3208 3.3400 -0.7750
v 7.1956 3.3400 -0.7750
v 7.1956 3.2386 0.7750
v 7.3208 3.2386 0.7750
v 7.3208 3.3400 0.7750
v 7.1956 3.3400 0.7750
v 7.3208 3.2386 -0.5810
v 7.4459 3.2386 -0.5810
v 7.4459 3.3400 -0.5810
v 7.3208 3.3400 -0.5810
v 7.3208 3.2386 0.5810
v 7.4459 3.2386 0.5810
v 7.4459 3.3400 0.5810
v 7.3208 3.3400 0.5810
v 5.4436 3.3400 1.3640
v 5.5688 3.3400 1.3640
v 5.5688 3.4414 1.3640
v 5.4436 3.4414 1.3640
v 5.4436 3.3400 1.4340
v 5.5688 3.3400 1.4340
v 5.5688 3.4414 1.4340
v 5.4436 3.4414 1.4340
v 5.4436 3.3400 -1.4340
v 5.5688 3.3400 -1.4340
v 5.5688 3.4414 -1.4340
v 5.4436 3.4414 -1.4340
v 5.4436 3.3400 -1.3640
v 5.5688 3.3400 -1.3640
v 5.5688 3.4414 -1.3640
v 5.4436 3.4414 -1.3640
v 5.5688 3.3400 1.3550
v 5.6939 3.3400 1.3550
v 5.6939 3.4414 1.3550
v 5.5688 3.4414 1.3550
v 5.5688 3.3400 1.4250
v 5.6939 3.3400 1.4250
v 5.6939 3.4414 1.4250
v 5.5688 3.4414 1.4250
v 5.5688 3.3400 -1.4250
v 5.6939 3.3400 -1.4250
v 5.6939 3.4414 -1.4250
v 5.5688 3.4414 -1.4250
v 5.5688 3.3400 -1.3550
v 5.6939 3.3400 -1.3550
v 5.6939 3.4414 -1.3550
v 5.5688 3.4414 -1.3550
v 5.6939 3.3400 1.3410
v 5.8191 3.3400 1.3410
v 5.8191 3.4414 1.3410
v 5.6939 3.4414 1.3410
v 5.6939 3.3400 1.4110
v 5.8191 3.3400 1.4110
v 5.8191 3.4414 1.4110
v 5.6939 3.4414 1.4110
v 5.6939 3.3400 -1.4110
v 5.8191 3.3400 -1.4110
v 5.8191 3.4414 -1.4110
v 5.6939 3.4414 -1.4110
v 5.6939 3.3400 -1.3410
v 5.8191 3.3400 -1.3410
v 5.8191 3.4414 -1.3410
v 5.6939 3.4414 -1.3410
v 5.8191 3.3400 1.3220
v 5.9442 3.3400 1.3220
v 5.9442 3.4414 1.3220
v 5.8191 3.4414 1.3220
v 5.8191 3.3400 1.3720
v 5.9442 3.3400 1.3720
v 5.9442 3.4414 1.3720
v 5.8191 3.4414 1.3720
v 5.8191 3.3400 -1.3720
v 5.9442 3.3400 -1.3720
v 5.9442 3.4414 -1.3720
v 5.8191 3.4414 -1.3720
v 5.8191 3.3400 -1.3220
v 5.9442 3.3400 -1.3220
v 5.9442 3.4414 -1.3220
v 5.8191 3.4414 -1.3220
v 5.9442 3.3400 1.2970
v 6.0694 3.3400 1.2970
v 6.0694 3.4414 1.2970
v 5.9442 3.4414 1.2970
v 5.9442 3.3400 1.3670
v 6.0694 3.3400 1.3670
v 6.0694 3.4414 1.3670
v 5.9442 3.4414 1.3670
v 5.9442 3.3400 -1.3670
v 6.0694 3.3400 -1.3670
v 6.0694 3.4414 -1.3670
v 5.9442 3.4414 -1.3670
v 5.9442 3.3400 -1.2970
v 6.0694 3.3400 -1.2970
v 6.0694 3.4414 -1.2970
v 5.9442 3.4414 -1.2970
v 6.0694 3.3400 1.2650
v 6.1945 3.3400 1.2650
v 6.1945 3.4414 1.2650
v 6.0694 3.4414 1.2650
v 6.0694 3.3400 1.3350
v 6.1945 3.3400 1.3350
v 6.1945 3.4414 1.3350
v 6.0694 3.4414 1.3350
v 6.0694 3.3400 -1.3350
v 6.1945 3.3400 -1.3350
v 6.1945 3.4414 -1.3350
v 6.0694 3.4414 -1.3350
v 6.0694 3.3400 -1.2650
v 6.1945 3.3400 -1.2650
v 6.1945 3.4414 -1.2650
v 6.0694 3.4414 -1.2650
v 6.1945 3.3400 1.2250
v 6.3196 3.3400 1.2250
v 6.3196 3.4414 1.2250
v 6.1945 3.4414 1.2250
v 6.1945 3.3400 1.2950
v 6.3196 3.3400 1.2950
v 6.3196 3.4414 1.2950
v 6.1945 3.4414 1.2950
v 6.1945 3.3400 -1.2950
v 6.3196 3.3400 -1.2950
v 6.3196 3.4414 -1.2950
v 6.1945 3.4414 -1.2950
v 6.1945 3.3400 -1.2250
v 6.3196 3.3400 -1.2250
v 6.3196 3.4414 -1.2250
v 6.1945 3.4414 -1.2250
v 6.3196 3.3400 1.1760
v 6.4448 3.3400 1.1760
v 6.4448 3.4414 1.1760
v 6.3196 3.4414 1.1760
v 6.3196 3.3400 1.2460
v 6.4448 3.3400 1.2460
v 6.4448 3.4414 1.2460
v 6.3196 3.4414 1.2460
v 6.3196 3.3400 -1.2460
v 6.4448 3.3400 -1.2460
v 6.4448 3.4414 -1.2460
v 6.3196 3.4414 -1.2460
v 6.3196 3.3400 -1.1760
v 6.4448 3.3400 -1.1760
v 6.4448 3.4414 -1.1760
v 6.3196 3.4414 -1.1760
v 6.4448 3.3400 1.1160
v 6.5699 3.3400 1.1160
v 6.5699 3.4414 1.1160
v 6.4448 3.4414 1.1160
v 6.4448 3.3400 1.1860
v 6.5699 3.3400 1.1860
v 6.5699 3.4414 1.1860
v 6.4448 3.4414 1.1860
v 6.4448 3.3400 -1.1860
v 6.5699 3.3400 -1.1860
v 6.5699 3.4414 -1.1860
v 6.4448 3.4414 -1.1860
v 6.4448 3.3400 -1.1160
v 6.5699 3.3400 -1.1160
v 6.5699 3.4414 -1.1160
v 6.4448 3.4414 -1.1160
v 6.5699 3.3400 1.0440
v 6.6951 3.3400 1.0440
v 6.6951 3.4414 1.0440
v 6.5699 3.4414 1.0440
v 6.5699 3.3400 1.1140
v 6.6951 3.3400 1.1140
v 6.6951 3.4414 1.1140
v 6.5699 3.4414 1.1140
v 6.5699 3.3400 -1.1140
v 6.6951 3.3400 -1.1140
v 6.6951 3.4414 -1.1140
v 6.5699 3.4414 -1.1140
v 6.5699 3.3400 -1.0440
v 6.6951 3.3400 -1.0440
v 6.6951 3.4414 -1.0440
v 6.5699 3.4414 -1.0440
v 6.6951 3.3400 -1.0250
v 6.8202 3.3400 -1.0250
v 6.8202 3.4414 -1.0250
v 6.6951 3.4414 -1.0250
v 6.6951 3.3400 1.0250
v 6.8202 3.3400 1.0250
v 6.8202 3.4414 1.0250
v 6.6951 3.4414 1.0250
v 6.8202 3.3400 -0.9160
v 6.9453 3.3400 -0.9160
v 6.9453 3.4414 -0.9160
v 6.8202 3.4414 -0.9160
v 6.8202 3.3400 0.9160
v 6.9453 3.3400 0.9160
v 6.9453 3.4414 0.9160
v 6.8202 3.4414 0.9160
v 6.9453 3.3400 -0.7770
v 7.0705 3.3400 -0.7770
v 7.0705 3.4414 -0.7770
v 6.9453 3.4414 -0.7770
v 6.9453 3.3400 0.7770
v 7.0705 3.3400 0.7770
v 7.0705 3.4414 0.7770
v 6.9453 3.4414 0.7770
v 7.0705 3.3400 -0.5890
v 7.1956 3.3400 -0.5890
v 7.1956 3.4414 -0.5890
v 7.0705 3.4414 -0.5890
v 7.0705 3.3400 0.5890
v 7.1956 3.3400 0.5890
v 7.1956 3.4414 0.5890
v 7.0705 3.4414 0.5890
v 4.9431 3.4414 1.3750
v 5.0682 3.4414 1.3750
v 5.0682 3.5429 1.3750
v 4.9431 3.5429 1.3750
v 4.9431 3.4414 1.4450
v 5.0682 3.4414 1.4450
v 5.0682 3.5429 1.4450
v 4.9431 3.5429 1.4450
v 4.9431 3.4414 -1.4450
v 5.0682 3.4414 -1.4450
v 5.0682 3.5429 -1.4450
v 4.9431 3.5429 -1.4450
v 4.9431 3.4414 -1.3750
v 5.0682 3.4414 -1.3750
v 5.0682 3.5429 -1.3750
v 4.9431 3.5429 -1.3750
v 5.0682 3.4414 1.3690
v 5.1934 3.4414 1.3690
v 5.1934 3.5429 1.3690
v 5.0682 3.5429 1.3690
v 5.0682 3.4414 1.4390
v 5.1934 3.4414 1.4390
v 5.1934 3.5429 1.4390
v 5.0682 3.5429 1.4390
v 5.0682 3.4414 -1.4390
v 5.1934 3.4414 -1.4390
v 5.1934 3.5429 -1.4390
v 5.0682 3.5429 -1.4390
v 5.0682 3.4414 -1.3690
v 5.1934 3.4414 -1.3690
v 5.1934 3.5429 -1.3690
v 5.0682 3.5429 -1.3690
v 5.1934 3.4414 1.3610
v 5.3185 3.4414 1.3610
v 5.3185 3.5429 1.3610
v 5.1934 3.5429 1.3610
v 5.1934 3.4414 1.4310
v 5.3185 3.4414 1.4310
v 5.3185 3.5429 1.4310
v 5.1934 3.5429 1.4310
v 5.1934 3.4414 -1.4310
v 5.3185 3.4414 -1.4310
v 5.3185 3.5429 -1.4310
v 5.1934 3.5429 -1.4310
v 5.1934 3.4414 -1.3610
v 5.3185 3.4414 -1.3610
v 5.3185 3.5429 -1.3610
v 5.1934 3.5429 -1.3610
v 5.3185 3.4414 1.3490
v 5.4436 3.4414 1.3490
v 5.4436 3.5429 1.3490
v 5.3185 3.5429 1.3490
v 5.3185 3.4414 1.4190
v 5.4436 3.4414 1.4190
v 5.4436 3.5429 1.4190
v 5.3185 3.5429 1.4190
v 5.3185 3.4414 -1.4190
v 5.4436 3.4414 -1.4190
v 5.4436 3.5429 -1.4190
v 5.3185 3.5429 -1.4190
v 5.3185 3.4414 -1.3490
v 5.4436 3.4414 -1.3490
v 5.4436 3.5429 -1.3490
v 5.3185 3.5429 -1.3490
v 5.4436 3.4414 1.3320
v 5.5688 3.4414 1.3320
v 5.5688 3.5429 1.3320
v 5.4436 3.5429 1.3320
v 5.4436 3.4414 1.4020
v 5.5688 3.4414 1.4020
v 5.5688 3.5429 1.4020
v 5.4436 3.5429 1.4020
v 5.4436 3.4414 -1.4020
v 5.5688 3.4414 -1.4020
v 5.5688 3.5429 -1.4020
v 5.4436 3.5429 -1.4020
v 5.4436 3.4414 -1.3320
v 5.5688 3.4414 -1.3320
v 5.5688 3.5429 -1.3320
v 5.4436 3.5429 -1.3320
v 5.5688 3.4414 1.3110
v 5.6939 3.4414 1.3110
v 5.6939 3.5429 1.3110
v 5.5688 3.5429 1.3110
v 5.5688 3.4414 1.3810
v 5.6939 3.4414 1.3810
v 5.6939 3.5429 1.3810
v 5.5688 3.5429 1.3810
v 5.5688 3.4414 -1.3810
v 5.6939 3.4414 -1.3810
v 5.6939 3.5429 -1.3810
v 5.5688 3.5429 -1.3810
v 5.5688 3.4414 -1.3110
v 5.6939 3.4414 -1.3110
v 5.6939 3.5429 -1.3110
v 5.5688 3.5429 -1.3110
v 5.6939 3.4414 1.2840
v 5.8191 3.4414 1.2840
v 5.8191 3.5429 1.2840
v 5.6939 3.5429 1.2840
v 5.6939 3.4414 1.3540
v 5.8191 3.4414 1.3540
v 5.8191 3.5429 1.3540
v 5.6939 3.5429 1.3540
v 5.6939 3.4414 -1.3540
v 5.8191 3.4414 -1.3540
v 5.8191 3.5429 -1.3540
v 5.6939 3.5429 -1.3540
v 5.6939 3.4414 -1.2840
v 5.8191 3.4414 -1.2840
v 5.8191 3.5429 -1.2840
v 5.6939 3.5429 -1.2840
v 5.8191 3.4414 1.2510
v 5.9442 3.4414 1.2510
v 5.9442 3.5429 1.2510
v 5.8191 3.5429 1.2510
v 5.8191 3.4414 1.3210
v 5.9442 3.4414 1.3210
v 5.9442 3.5429 1.3210
v 5.8191 3.5429 1.3210
v 5.8191 3.4414 -1.3210
v 5.9442 3.4414 -1.3210
v 5.9442 3.5429 -1.3210
v 5.8191 3.5429 -1.3210
v 5.8191 3.4414 -1.2510
v 5.9442 3.4414 -1.2510
v 5.9442 3.5429 -1.2510
v 5.8191 3.5429 -1.2510
v 5.9442 3.4414 1.2100
v 6.0694 3.4414 1.2100
v 6.0694 3.5429 1.2100
v 5.9442 3.5429 1.2100
v 5.9442 3.4414 1.2800
v 6.0694 3.4414 1.2800
v 6.0694 3.5429 1.2800
v 5.9442 3.5429 1.2800
v 5.9442 3.4414 -1.2800
v 6.0694 3.4414 -1.2800
v 6.0694 3.5429 -1.2800
v 5.9442 3.5429 -1.2800
v 5.9442 3.4414 -1.2100
v 6.0694 3.4414 -1.2100
v 6.0694 3.5429 -1.2100
v 5.9442 3.5429 -1.2100
v 6.0694 3.4414 1.1600
v 6.1945 3.4414 1.1600
v 6.1945 3.5429 1.1600
v 6.0694 3.5429 1.1600
v 6.0694 3.4414 1.2300
v 6.1945 3.4414 1.2300
v 6.1945 3.5429 1.2300
v 6.0694 3.5429 1.2300
v 6.0694 3.4414 -1.2300
v 6.1945 3.4414 -1.2300
v 6.1945 3.5429 -1.2300
v 6.0694 3.5429 -1.2300
v 6.0694 3.4414 -1.1600
v 6.1945 3.4414 -1.1600
v 6.1945 3.5429 -1.1600
v 6.0694 3.5429 -1.1600
v 6.1945 3.4414 1.1000
v 6.3196 3.4414 1.1000
v 6.3196 3.5429 1.1000
v 6.1945 3.5429 1.1000
v 6.1945 3.4414 1.1700
v 6.3196 3.4414 1.1700
v 6.3196 3.5429 1.1700
v 6.1945 3.5429 1.1700
v 6.1945 3.4414 -1.1700
v 6.3196 3.4414 -1.1700
v 6.3196 3.5429 -1.1700
v 6.1945 3.5429 -1.1700
v 6.1945 3.4414 -1.1000
v 6.3196 3.4414 -1.1000
v 6.3196 3.5429 -1.1000
v 6.1945 3.5429 -1.1000
v 6.3196 3.4414 -1.0970
v 6.4448 3.4414 -1.0970
v 6.4448 3.5429 -1.0970
v 6.3196 3.5429 -1.0970
v 6.3196 3.4414 1.0970
v 6.4448 3.4414 1.0970
v 6.4448 3.5429 1.0970
v 6.3196 3.5429 1.0970
v 6.4448 3.4414 -1.0080
v 6.5699 3.4414 -1.0080
v 6.5699 3.5429 -1.0080
v 6.4448 3.5429 -1.0080
v 6.4448 3.4414 1.0080
v 6.5699 3.4414 1.0080
v 6.5699 3.5429 1.0080
v 6.4448 3.5429 1.0080
v 6.5699 3.4414 -0.8990
v 6.6951 3.4414 -0.8990
v 6.6951 3.5429 -0.8990
v 6.5699 3.5429 -0.8990
v 6.5699 3.4414 0.8990
v 6.6951 3.4414 0.8990
v 6.6951 3.5429 0.8990
v 6.5699 3.5429 0.8990
v 6.6951 3.4414 -0.7600
v 6.8202 3.4414 -0.7600
v 6.8202 3.5429 -0.7600
v 6.6951 3.5429 -0.7600
v 6.6951 3.4414 0.7600
v 6.8202 3.4414 0.7600
v 6.8202 3.5429 0.7600
v 6.6951 3.5429 0.7600
v 6.8202 3.4414 -0.5700
v 6.9453 3.4414 -0.5700
v 6.9453 3.5429 -0.5700
v 6.8202 3.5429 -0.5700
v 6.8202 3.4414 0.5700
v 6.9453 3.4414 0.5700
v 6.9453 3.5429 0.5700
v 6.8202 3.5429 0.5700
v -11.0750 3.5429 1.2760
v -10.8247 3.5429 1.2760
v -10.8247 3.6443 1.2760
v -11.0750 3.6443 1.2760
v -11.0750 3.5429 1.3460
v -10.8247 3.5429 1.3460
v -10.8247 3.6443 1.3460
v -11.0750 3.6443 1.3460
v -11.0750 3.5429 -1.3460
v -10.8247 3.5429 -1.3460
v -10.8247 3.6443 -1.3460
v -11.0750 3.6443 -1.3460
v -11.0750 3.5429 -1.2760
v -10.8247 3.5429 -1.2760
v -10.8247 3.6443 -1.2760
v -11.0750 3.6443 -1.2760
v -10.8247 3.5429 1.3360
v -10.6996 3.5429 1.3360
v -10.6996 3.6443 1.3360
v -10.8247 3.6443 1.3360
v -10.8247 3.5429 1.4060
v -10.6996 3.5429 1.4060
v -10.6996 3.6443 1.4060
v -10.8247 3.6443 1.4060
v -10.8247 3.5429 -1.4060
v -10.6996 3.5429 -1.4060
v -10.6996 3.6443 -1.4060
v -10.8247 3.6443 -1.4060
v -10.8247 3.5429 -1.3360
v -10.6996 3.5429 -1.3360
v -10.6996 3.6443 -1.3360
v -10.8247 3.6443 -1.3360
v -10.6996 3.5429 1.3310
v -10.5744 3.5429 1.3310
v -10.5744 3.6443 1.3310
v -10.6996 3.6443 1.3310
v -10.6996 3.5429 1.4010
v -10.5744 3.5429 1.4010
v -10.5744 3.6443 1.4010
v -10.6996 3.6443 1.4010
v -10.6996 3.5429 -1.4010
v -10.5744 3.5429 -1.4010
v -10.5744 3.6443 -1.4010
v -10.6996 3.6443 -1.4010
v -10.6996 3.5429 -1.3310
v -10.5744 3.5429 -1.3310
v -10.5744 3.6443 -1.3310
v -10.6996 3.6443 -1.3310
v -10.5744 3.5429 1.3660
v 4.5677 3.5429 1.3660
v 4.5677 3.6443 1.3660
v -10.5744 3.6443 1.3660
v -10.5744 3.5429 1.4360
v 4.5677 3.5429 1.4360
v 4.5677 3.6443 1.4360
v -10.5744 3.6443 1.4360
v -10.5744 3.5429 -1.4360
v 4.5677 3.5429 -1.4360
v 4.5677 3.6443 -1.4360
v -10.5744 3.6443 -1.4360
v -10.5744 3.5429 -1.3660
v 4.5677 3.5429 -1.3660
v 4.5677 3.6443 -1.3660
v -10.5744 3.6443 -1.3660
v 4.5677 3.5429 1.3480
v 4.6928 3.5429 1.3480
v 4.6928 3.6443 1.3480
v 4.5677 3.6443 1.3480
v 4.5677 3.5429 1.4180
v 4.6928 3.5429 1.4180
v 4.6928 3.6443 1.4180
v 4.5677 3.6443 1.4180
v 4.5677 3.5429 -1.4180
v 4.6928 3.5429 -1.4180
v 4.6928 3.6443 -1.4180
v 4.5677 3.6443 -1.4180
v 4.5677 3.5429 -1.3480
v 4.6928 3.5429 -1.3480
v 4.6928 3.6443 -1.3480
v 4.5677 3.6443 -1.3480
v 4.6928 3.5429 1.3440
v 4.8179 3.5429 1.3440
v 4.8179 3.6443 1.3440
v 4.6928 3.6443 1.3440
v 4.6928 3.5429 1.4140
v 4.8179 3.5429 1.4140
v 4.8179 3.6443 1.4140
v 4.6928 3.6443 1.4140
v 4.6928 3.5429 -1.4140
v 4.8179 3.5429 -1.4140
v 4.8179 3.6443 -1.4140
v 4.6928 3.6443 -1.4140
v 4.6928 3.5429 -1.3440
v 4.8179 3.5429 -1.3440
v 4.8179 3.6443 -1.3440
v 4.6928 3.6443 -1.3440
v 4.8179 3.5429 1.3370
v 4.9431 3.5429 1.3370
v 4.9431 3.6443 1.3370
v 4.8179 3.6443 1.3370
v 4.8179 3.5429 1.4070
v 4.9431 3.5429 1.4070
v 4.9431 3.6443 1.4070
v 4.8179 3.6443 1.4070
v 4.8179 3.5429 -1.4070
v 4.9431 3.5429 -1.4070
v 4.9431 3.6443 -1.4070
v 4.8179 3.6443 -1.4070
v 4.8179 3.5429 -1.3370
v 4.9431 3.5429 -1.3370
v 4.9431 3.6443 -1.3370
v 4.8179 3.6443 -1.3370
v 4.9431 3.5429 1.3260
v 5.0682 3.5429 1.3260
v 5.0682 3.6443 1.3260
v 4.9431 3.6443 1.3260
v 4.9431 3.5429 1.3960
v 5.0682 3.5429 1.3960
v 5.0682 3.6443 1.3960
v 4.9431 3.6443 1.3960
v 4.9431 3.5429 -1.3960
v 5.0682 3.5429 -1.3960
v 5.0682 3.6443 -1.3960
v 4.9431 3.6443 -1.3960
v 4.9431 3.5429 -1.3260
v 5.0682 3.5429 -1.3260
v 5.0682 3.6443 -1.3260
v 4.9431 3.6443 -1.3260
v 5.0682 3.5429 1.3130
v 5.1934 3.5429 1.3130
v 5.1934 3.6443 1.3130
v 5.0682 3.6443 1.3130
v 5.0682 3.5429 1.3830
v 5.1934 3.5429 1.3830
v 5.1934 3.6443 1.3830
v 5.0682 3.6443 1.3830
v 5.0682 3.5429 -1.3830
v 5.1934 3.5429 -1.3830
v 5.1934 3.6443 -1.3830
v 5.0682 3.6443 -1.3830
v 5.0682 3.5429 -1.3130
v 5.1934 3.5429 -1.3130
v 5.1934 3.6443 -1.3130
v 5.0682 3.6443 -1.3130
v 5.1934 3.5429 1.2950
v 5.3185 3.5429 1.2950
v 5.3185 3.6443 1.2950
v 5.1934 3.6443 1.2950
v 5.1934 3.5429 1.3650
v 5.3185 3.5429 1.3650
v 5.3185 3.6443 1.3650
v 5.1934 3.6443 1.3650
v 5.1934 3.5429 -1.3650
v 5.3185 3.5429 -1.3650
v 5.3185 3.6443 -1.3650
v 5.1934 3.6443 -1.3650
v 5.1934 3.5429 -1.2950
v 5.3185 3.5429 -1.2950
v 5.3185 3.6443 -1.2950
v 5.1934 3.6443 -1.2950
v 5.3185 3.5429 1.2720
v 5.4436 3.5429 1.2720
v 5.4436 3.6443 1.2720
v 5.3185 3.6443 1.2720
v 5.3185 3.5429 1.3420
v 5.4436 3.5429 1.3420
v 5.4436 3.6443 1.3420
v 5.3185 3.6443 1.3420
v 5.3185 3.5429 -1.3420
v 5.4436 3.5429 -1.3420
v 5.4436 3.6443 -1.3420
v 5.3185 3.6443 -1.3420
v 5.3185 3.5429 -1.2720
v 5.4436 3.5429 -1.2720
v 5.4436 3.6443 -1.2720
v 5.3185 3.6443 -1.2720
v 5.4436 3.5429 1.2440
v 5.5688 3.5429 1.2440
v 5.5688 3.6443 1.2440
v 5.4436 3.6443 1.2440
v 5.4436 3.5429 1.3140
v 5.5688 3.5429 1.3140
v 5.5688 3.6443 1.3140
v 5.4436 3.6443 1.3140
v 5.4436 3.5429 -1.3140
v 5.5688 3.5429 -1.3140
v 5.5688 3.6443 -1.3140
v 5.4436 3.6443 -1.3140
v 5.4436 3.5429 -1.2440
v 5.5688 3.5429 -1.2440
v 5.5688 3.6443 -1.2440
v 5.4436 3.6443 -1.2440
v 5.5688 3.5429 1.2090
v 5.6939 3.5429 1.2090
v 5.6939 3.6443 1.2090
v 5.5688 3.6443 1.2090
v 5.5688 3.5429 1.2790
v 5.6939 3.5429 1.2790
v 5.6939 3.6443 1.2790
v 5.5688 3.6443 1.2790
v 5.5688 3.5429 -1.2790
v 5.6939 3.5429 -1.2790
v 5.6939 3.6443 -1.2790
v 5.5688 3.6443 -1.2790
v 5.5688 3.5429 -1.2090
v 5.6939 3.5429 -1.2090
v 5.6939 3.6443 -1.2090
v 5.5688 3.6443 -1.2090
v 5.6939 3.5429 1.1670
v 5.8191 3.5429 1.1670
v 5.8191 3.6443 1.1670
v 5.6939 3.6443 1.1670
v 5.6939 3.5429 1.2370
v 5.8191 3.5429 1.2370
v 5.8191 3.6443 1.2370
v 5.6939 3.6443 1.2370
v 5.6939 3.5429 -1.2370
v 5.8191 3.5429 -1.2370
v 5.8191 3.6443 -1.2370
v 5.6939 3.6443 -1.2370
v 5.6939 3.5429 -1.1670
v 5.8191 3.5429 -1.1670
v 5.8191 3.6443 -1.1670
v 5.6939 3.6443 -1.1670
v 5.8191 3.5429 1.1170
v 5.9442 3.5429 1.1170
v 5.9442 3.6443 1.1170
v 5.8191 3.6443 1.1170
v 5.8191 3.5429 1.1870
v 5.9442 3.5429 1.1870
v 5.9442 3.6443 1.1870
v 5.8191 3.6443 1.1870
v 5.8191 3.5429 -1.1870
v 5.9442 3.5429 -1.1870
v 5.9442 3.6443 -1.1870
v 5.8191 3.6443 -1.1870
v 5.8191 3.5429 -1.1170
v 5.9442 3.5429 -1.1170
v 5.9442 3.6443 -1.1170
v 5.8191 3.6443 -1.1170
v 5.9442 3.5429 1.0560
v 6.0694 3.5429 1.0560
v 6.0694 3.6443 1.0560
v 5.9442 3.6443 1.0560
v 5.9442 3.5429 1.1260
v 6.0694 3.5429 1.1260
v 6.0694 3.6443 1.1260
v 5.9442 3.6443 1.1260
v 5.9442 3.5429 -1.1260
v 6.0694 3.5429 -1.1260
v 6.0694 3.6443 -1.1260
v 5.9442 3.6443 -1.1260
v 5.9442 3.5429 -1.0560
v 6.0694 3.5429 -1.0560
v 6.0694 3.6443 -1.0560
v 5.9442 3.6443 -1.0560
v 6.0694 3.5429 -1.0530
v 6.1945 3.5429 -1.0530
v 6.1945 3.6443 -1.0530
v 6.0694 3.6443 -1.0530
v 6.0694 3.5429 1.0530
v 6.1945 3.5429 1.0530
v 6.1945 3.6443 1.0530
v 6.0694 3.6443 1.0530
v 6.1945 3.5429 -0.9630
v 6.3196 3.5429 -0.9630
v 6.3196 3.6443 -0.9630
v 6.1945 3.6443 -0.9630
v 6.1945 3.5429 0.9630
v 6.3196 3.5429 0.9630
v 6.3196 3.6443 0.9630
v 6.1945 3.6443 0.9630
v 6.3196 3.5429 -0.8530
v 6.4448 3.5429 -0.8530
v 6.4448 3.6443 -0.8530
v 6.3196 3.6443 -0.8530
v 6.3196 3.5429 0.8530
v 6.4448 3.5429 0.8530
v 6.4448 3.6443 0.8530
v 6.3196 3.6443 0.8530
v 6.4448 3.5429 -0.7120
v 6.5699 3.5429 -0.7120
v 6.5699 3.6443 -0.7120
v 6.4448 3.6443 -0.7120
v 6.4448 3.5429 0.7120
v 6.5699 3.5429 0.7120
v 6.5699 3.6443 0.7120
v 6.4448 3.6443 0.7120
v -11.0750 3.6443 1.2290
v -10.8247 3.6443 1.2290
v -10.8247 3.7457 1.2290
v -11.0750 3.7457 1.2290
v -11.0750 3.6443 1.2990
v -10.8247 3.6443 1.2990
v -10.8247 3.7457 1.2990
v -11.0750 3.7457 1.2990
v -11.0750 3.6443 -1.2990
v -10.8247 3.6443 -1.2990
v -10.8247 3.7457 -1.2990
v -11.0750 3.7457 -1.2990
v -11.0750 3.6443 -1.2290
v -10.8247 3.6443 -1.2290
v -10.8247 3.7457 -1.2290
v -11.0750 3.7457 -1.2290
v -10.8247 3.6443 1.2890
v -10.6996 3.6443 1.2890
v -10.6996 3.7457 1.2890
v -10.8247 3.7457 1.2890
v -10.8247 3.6443 1.3590
v -10.6996 3.6443 1.3590
v -10.6996 3.7457 1.3590
v -10.8247 3.7457 1.3590
v -10.8247 3.6443 -1.3590
v -10.6996 3.6443 -1.3590
v -10.6996 3.7457 -1.3590
v -10.8247 3.7457 -1.3590
v -10.8247 3.6443 -1.2890
v -10.6996 3.6443 -1.2890
v -10.6996 3.7457 -1.2890
v -10.8247 3.7457 -1.2890
v -10.6996 3.6443 1.2840
v -10.5744 3.6443 1.2840
v -10.5744 3.7457 1.2840
v -10.6996 3.7457 1.2840
v -10.6996 3.6443 1.3540
v -10.5744 3.6443 1.3540
v -10.5744 3.7457 1.3540
v -10.6996 3.7457 1.3540
v -10.6996 3.6443 -1.3540
v -10.5744 3.6443 -1.3540
v -10.5744 3.7457 -1.3540
v -10.6996 3.7457 -1.3540
v -10.6996 3.6443 -1.2840
v -10.5744 3.6443 -1.2840
v -10.5744 3.7457 -1.2840
v -10.6996 3.7457 -1.2840
v -10.5744 3.6443 1.3190
v 4.5677 3.6443 1.3190
v 4.5677 3.7457 1.3190
v -10.5744 3.7457 1.3190
v -10.5744 3.6443 1.3890
v 4.5677 3.6443 1.3890
v 4.5677 3.7457 1.3890
v -10.5744 3.7457 1.3890
v -10.5744 3.6443 -1.3890
v 4.5677 3.6443 -1.3890
v 4.5677 3.7457 -1.3890
v -10.5744 3.7457 -1.3890
v -10.5744 3.6443 -1.3190
v 4.5677 3.6443 -1.3190
v 4.5677 3.7457 -1.3190
v -10.5744 3.7457 -1.3190
v 4.5677 3.6443 1.2420
v 4.6928 3.6443 1.2420
v 4.6928 3.7457 1.2420
v 4.5677 3.7457 1.2420
v 4.5677 3.6443 1.3120
v 4.6928 3.6443 1.3120
v 4.6928 3.7457 1.3120
v 4.5677 3.7457 1.3120
v 4.5677 3.6443 -1.3120
v 4.6928 3.6443 -1.3120
v 4.6928 3.7457 -1.3120
v 4.5677 3.7457 -1.3120
v 4.5677 3.6443 -1.2420
v 4.6928 3.6443 -1.2420
v 4.6928 3.7457 -1.2420
v 4.5677 3.7457 -1.2420
v 4.6928 3.6443 1.2350
v 4.8179 3.6443 1.2350
v 4.8179 3.7457 1.2350
v 4.6928 3.7457 1.2350
v 4.6928 3.6443 1.3050
v 4.8179 3.6443 1.3050
v 4.8179 3.7457 1.3050
v 4.6928 3.7457 1.3050
v 4.6928 3.6443 -1.3050
v 4.8179 3.6443 -1.3050
v 4.8179 3.7457 -1.3050
v 4.6928 3.7457 -1.3050
v 4.6928 3.6443 -1.2350
v 4.8179 3.6443 -1.2350
v 4.8179 3.7457 -1.2350
v 4.6928 3.7457 -1.2350
v 4.8179 3.6443 1.2220
v 4.9431 3.6443 1.2220
v 4.9431 3.7457 1.2220
v 4.8179 3.7457 1.2220
v 4.8179 3.6443 1.2920
v 4.9431 3.6443 1.2920
v 4.9431 3.7457 1.2920
v 4.8179 3.7457 1.2920
v 4.8179 3.6443 -1.2920
v 4.9431 3.6443 -1.2920
v 4.9431 3.7457 -1.2920
v 4.8179 3.7457 -1.2920
v 4.8179 3.6443 -1.2220
v 4.9431 3.6443 -1.2220
v 4.9431 3.7457 -1.2220
v 4.8179 3.7457 -1.2220
v 4.9431 3.6443 1.2040
v 5.0682 3.6443 1.2040
v 5.0682 3.7457 1.2040
v 4.9431 3.7457 1.2040
v 4.9431 3.6443 1.2740
v 5.0682 3.6443 1.2740
v 5.0682 3.7457 1.2740
v 4.9431 3.7457 1.2740
v 4.9431 3.6443 -1.2740
v 5.0682 3.6443 -1.2740
v 5.0682 3.7457 -1.2740
v 4.9431 3.7457 -1.2740
v 4.9431 3.6443 -1.2040
v 5.0682 3.6443 -1.2040
v 5.0682 3.7457 -1.2040
v 4.9431 3.7457 -1.2040
v 5.0682 3.6443 1.1820
v 5.1934 3.6443 1.1820
v 5.1934 3.7457 1.1820
v 5.0682 3.7457 1.1820
v 5.0682 3.6443 1.2520
v 5.1934 3.6443 1.2520
v 5.1934 3.7457 1.2520
v 5.0682 3.7457 1.2520
v 5.0682 3.6443 -1.2520
v 5.1934 3.6443 -1.2520
v 5.1934 3.7457 -1.2520
v 5.0682 3.7457 -1.2520
v 5.0682 3.6443 -1.1820
v 5.1934 3.6443 -1.1820
v 5.1934 3.7457 -1.1820
v 5.0682 3.7457 -1.1820
v 5.1934 3.6443 1.1540
v 5.3185 3.6443 1.1540
v 5.3185 3.7457 1.1540
v 5.1934 3.7457 1.1540
v 5.1934 3.6443 1.2240
v 5.3185 3.6443 1.2240
v 5.3185 3.7457 1.2240
v 5.1934 3.7457 1.2240
v 5.1934 3.6443 -1.2240
v 5.3185 3.6443 -1.2240
v 5.3185 3.7457 -1.2240
v 5.1934 3.7457 -1.2240
v 5.1934 3.6443 -1.1540
v 5.3185 3.6443 -1.1540
v 5.3185 3.7457 -1.1540
v 5.1934 3.7457 -1.1540
v 5.3185 3.6443 1.1200
v 5.4436 3.6443 1.1200
v 5.4436 3.7457 1.1200
v 5.3185 3.7457 1.1200
v 5.3185 3.6443 1.1900
v 5.4436 3.6443 1.1900
v 5.4436 3.7457 1.1900
v 5.3185 3.7457 1.1900
v 5.3185 3.6443 -1.1900
v 5.4436 3.6443 -1.1900
v 5.4436 3.7457 -1.1900
v 5.3185 3.7457 -1.1900
v 5.3185 3.6443 -1.1200
v 5.4436 3.6443 -1.1200
v 5.4436 3.7457 -1.1200
v 5.3185 3.7457 -1.1200
v 5.4436 3.6443 1.0780
v 5.5688 3.6443 1.0780
v 5.5688 3.7457 1.0780
v 5.4436 3.7457 1.0780
v 5.4436 3.6443 1.1480
v 5.5688 3.6443 1.1480
v 5.5688 3.7457 1.1480
v 5.4436 3.7457 1.1480
v 5.4436 3.6443 -1.1480
v 5.5688 3.6443 -1.1480
v 5.5688 3.7457 -1.1480
v 5.4436 3.7457 -1.1480
v 5.4436 3.6443 -1.0780
v 5.5688 3.6443 -1.0780
v 5.5688 3.7457 -1.0780
v 5.4436 3.7457 -1.0780
v 5.5688 3.6443 1.0270
v 5.6939 3.6443 1.0270
v 5.6939 3.7457 1.0270
v 5.5688 3.7457 1.0270
v 5.5688 3.6443 1.0970
v 5.6939 3.6443 1.0970
v 5.6939 3.7457 1.0970
v 5.5688 3.7457 1.0970
v 5.5688 3.6443 -1.0970
v 5.6939 3.6443 -1.0970
v 5.6939 3.7457 -1.0970
v 5.5688 3.7457 -1.0970
v 5.5688 3.6443 -1.0270
v 5.6939 3.6443 -1.0270
v 5.6939 3.7457 -1.0270
v 5.5688 3.7457 -1.0270
v 5.6939 3.6443 -1.0370
v 5.8191 3.6443 -1.0370
v 5.8191 3.7457 -1.0370
v 5.6939 3.7457 -1.0370
v 5.6939 3.6443 1.0370
v 5.8191 3.6443 1.0370
v 5.8191 3.7457 1.0370
v 5.6939 3.7457 1.0370
v 5.8191 3.6443 -0.9640
v 5.9442 3.6443 -0.9640
v 5.9442 3.7457 -0.9640
v 5.8191 3.7457 -0.9640
v 5.8191 3.6443 0.9640
v 5.9442 3.6443 0.9640
v 5.9442 3.7457 0.9640
v 5.8191 3.7457 0.9640
v 5.9442 3.6443 -0.8740
v 6.0694 3.6443 -0.8740
v 6.0694 3.7457 -0.8740
v 5.9442 3.7457 -0.8740
v 5.9442 3.6443 0.8740
v 6.0694 3.6443 0.8740
v 6.0694 3.7457 0.8740
v 5.9442 3.7457 0.8740
v 6.0694 3.6443 -0.7620
v 6.1945 3.6443 -0.7620
v 6.1945 3.7457 -0.7620
v 6.0694 3.7457 -0.7620
v 6.0694 3.6443 0.7620
v 6.1945 3.6443 0.7620
v 6.1945 3.7457 0.7620
v 6.0694 3.7457 0.7620
v 6.1945 3.6443 -0.6150
v 6.3196 3.6443 -0.6150
v 6.3196 3.7457 -0.6150
v 6.1945 3.7457 -0.6150
v 6.1945 3.6443 0.6150
v 6.3196 3.6443 0.6150
v 6.3196 3.7457 0.6150
v 6.1945 3.7457 0.6150
v -11.0750 3.7457 1.1490
v -10.8247 3.7457 1.1490
v -10.8247 3.8471 1.1490
v -11.0750 3.8471 1.1490
v -11.0750 3.7457 1.2190
v -10.8247 3.7457 1.2190
v -10.8247 3.8471 1.2190
v -11.0750 3.8471 1.2190
v -11.0750 3.7457 -1.2190
v -10.8247 3.7457 -1.2190
v -10.8247 3.8471 -1.2190
v -11.0750 3.8471 -1.2190
v -11.0750 3.7457 -1.1490
v -10.8247 3.7457 -1.1490
v -10.8247 3.8471 -1.1490
v -11.0750 3.8471 -1.1490
v -10.8247 3.7457 1.2090
v -10.6996 3.7457 1.2090
v -10.6996 3.8471 1.2090
v -10.8247 3.8471 1.2090
v -10.8247 3.7457 1.2790
v -10.6996 3.7457 1.2790
v -10.6996 3.8471 1.2790
v -10.8247 3.8471 1.2790
v -10.8247 3.7457 -1.2790
v -10.6996 3.7457 -1.2790
v -10.6996 3.8471 -1.2790
v -10.8247 3.8471 -1.2790
v -10.8247 3.7457 -1.2090
v -10.6996 3.7457 -1.2090
v -10.6996 3.8471 -1.2090
v -10.8247 3.8471 -1.2090
v -10.6996 3.7457 1.2040
v -10.5744 3.7457 1.2040
v -10.5744 3.8471 1.2040
v -10.6996 3.8471 1.2040
v -10.6996 3.7457 1.2740
v -10.5744 3.7457 1.2740
v -10.5744 3.8471 1.2740
v -10.6996 3.8471 1.2740
v -10.6996 3.7457 -1.2740
v -10.5744 3.7457 -1.2740
v -10.5744 3.8471 -1.2740
v -10.6996 3.8471 -1.2740
v -10.6996 3.7457 -1.2040
v -10.5744 3.7457 -1.2040
v -10.5744 3.8471 -1.2040
v -10.6996 3.8471 -1.2040
v -10.5744 3.7457 1.2390
v -10.3242 3.7457 1.2390
v -10.3242 3.8471 1.2390
v -10.5744 3.8471 1.2390
v -10.5744 3.7457 1.3090
v -10.3242 3.7457 1.3090
v -10.3242 3.8471 1.3090
v -10.5744 3.8471 1.3090
v -10.5744 3.7457 -1.3090
v -10.3242 3.7457 -1.3090
v -10.3242 3.8471 -1.3090
v -10.5744 3.8471 -1.3090
v -10.5744 3.7457 -1.2390
v -10.3242 3.7457 -1.2390
v -10.3242 3.8471 -1.2390
v -10.5744 3.8471 -1.2390
v -10.3242 3.7457 1.2390
v -9.3230 3.7457 1.2390
v -9.3230 3.8471 1.2390
v -10.3242 3.8471 1.2390
v -10.3242 3.7457 1.3090
v -9.3230 3.7457 1.3090
v -9.3230 3.8471 1.3090
v -10.3242 3.8471 1.3090
v -10.3242 3.7457 -1.3090
v -9.3230 3.7457 -1.3090
v -9.3230 3.8471 -1.3090
v -10.3242 3.8471 -1.3090
v -10.3242 3.7457 -1.2390
v -9.3230 3.7457 -1.2390
v -9.3230 3.8471 -1.2390
v -10.3242 3.8471 -1.2390
v -9.3230 3.7457 1.2390
v 4.5677 3.7457 1.2390
v 4.5677 3.8471 1.2390
v -9.3230 3.8471 1.2390
v -9.3230 3.7457 1.3090
v 4.5677 3.7457 1.3090
v 4.5677 3.8471 1.3090
v -9.3230 3.8471 1.3090
v -9.3230 3.7457 -1.3090
v 4.5677 3.7457 -1.3090
v 4.5677 3.8471 -1.3090
v -9.3230 3.8471 -1.3090
v -9.3230 3.7457 -1.2390
v 4.5677 3.7457 -1.2390
v 4.5677 3.8471 -1.2390
v -9.3230 3.8471 -1.2390
v 4.5677 3.7457 1.0660
v 4.6928 3.7457 1.0660
v 4.6928 3.8471 1.0660
v 4.5677 3.8471 1.0660
v 4.5677 3.7457 1.1360
v 4.6928 3.7457 1.1360
v 4.6928 3.8471 1.1360
v 4.5677 3.8471 1.1360
v 4.5677 3.7457 -1.1360
v 4.6928 3.7457 -1.1360
v 4.6928 3.8471 -1.1360
v 4.5677 3.8471 -1.1360
v 4.5677 3.7457 -1.0660
v 4.6928 3.7457 -1.0660
v 4.6928 3.8471 -1.0660
v 4.5677 3.8471 -1.0660
v 4.6928 3.7457 1.0550
v 4.8179 3.7457 1.0550
v 4.8179 3.8471 1.0550
v 4.6928 3.8471 1.0550
v 4.6928 3.7457 1.1250
v 4.8179 3.7457 1.1250
v 4.8179 3.8471 1.1250
v 4.6928 3.8471 1.1250
v 4.6928 3.7457 -1.1250
v 4.8179 3.7457 -1.1250
v 4.8179 3.8471 -1.1250
v 4.6928 3.8471 -1.1250
v 4.6928 3.7457 -1.0550
v 4.8179 3.7457 -1.0550
v 4.8179 3.8471 -1.0550
v 4.6928 3.8471 -1.0550
v 4.8179 3.7457 1.0360
v 4.9431 3.7457 1.0360
v 4.9431 3.8471 1.0360
v 4.8179 3.8471 1.0360
v 4.8179 3.7457 1.1060
v 4.9431 3.7457 1.1060
v 4.9431 3.8471 1.1060
v 4.8179 3.8471 1.1060
v 4.8179 3.7457 -1.1060
v 4.9431 3.7457 -1.1060
v 4.9431 3.8471 -1.1060
v 4.8179 3.8471 -1.1060
v 4.8179 3.7457 -1.0360
v 4.9431 3.7457 -1.0360
v 4.9431 3.8471 -1.0360
v 4.8179 3.8471 -1.0360
v 4.9431 3.7457 1.0100
v 5.0682 3.7457 1.0100
v 5.0682 3.8471 1.0100
v 4.9431 3.8471 1.0100
v 4.9431 3.7457 1.0800
v 5.0682 3.7457 1.0800
v 5.0682 3.8471 1.0800
v 4.9431 3.8471 1.0800
v 4.9431 3.7457 -1.0800
v 5.0682 3.7457 -1.0800
v 5.0682 3.8471 -1.0800
v 4.9431 3.8471 -1.0800
v 4.9431 3.7457 -1.0100
v 5.0682 3.7457 -1.0100
v 5.0682 3.8471 -1.0100
v 4.9431 3.8471 -1.0100
v 5.0682 3.7457 0.9780
v 5.1934 3.7457 0.9780
v 5.1934 3.8471 0.9780
v 5.0682 3.8471 0.9780
v 5.0682 3.7457 1.0480
v 5.1934 3.7457 1.0480
v 5.1934 3.8471 1.0480
v 5.0682 3.8471 1.0480
v 5.0682 3.7457 -1.0480
v 5.1934 3.7457 -1.0480
v 5.1934 3.8471 -1.0480
v 5.0682 3.8471 -1.0480
v 5.0682 3.7457 -0.9780
v 5.1934 3.7457 -0.9780
v 5.1934 3.8471 -0.9780
v 5.0682 3.8471 -0.9780
v 5.1934 3.7457 -1.0080
v 5.3185 3.7457 -1.0080
v 5.3185 3.8471 -1.0080
v 5.1934 3.8471 -1.0080
v 5.1934 3.7457 1.0080
v 5.3185 3.7457 1.0080
v 5.3185 3.8471 1.0080
v 5.1934 3.8471 1.0080
v 5.3185 3.7457 -0.9590
v 5.4436 3.7457 -0.9590
v 5.4436 3.8471 -0.9590
v 5.3185 3.8471 -0.9590
v 5.3185 3.7457 0.9590
v 5.4436 3.7457 0.9590
v 5.4436 3.8471 0.9590
v 5.3185 3.8471 0.9590
v 5.4436 3.7457 -0.9000
v 5.5688 3.7457 -0.9000
v 5.5688 3.8471 -0.9000
v 5.4436 3.8471 -0.9000
v 5.4436 3.7457 0.9000
v 5.5688 3.7457 0.9000
v 5.5688 3.8471 0.9000
v 5.4436 3.8471 0.9000
v 5.5688 3.7457 -0.8270
v 5.6939 3.7457 -0.8270
v 5.6939 3.8471 -0.8270
v 5.5688 3.8471 -0.8270
v 5.5688 3.7457 0.8270
v 5.6939 3.7457 0.8270
v 5.6939 3.8471 0.8270
v 5.5688 3.8471 0.8270
v 5.6939 3.7457 -0.7370
v 5.8191 3.7457 -0.7370
v 5.8191 3.8471 -0.7370
v 5.6939 3.8471 -0.7370
v 5.6939 3.7457 0.7370
v 5.8191 3.7457 0.7370
v 5.8191 3.8471 0.7370
v 5.6939 3.8471 0.7370
v 5.8191 3.7457 -0.6200
v 5.9442 3.7457 -0.6200
v 5.9442 3.8471 -0.6200
v 5.8191 3.8471 -0.6200
v 5.8191 3.7457 0.6200
v 5.9442 3.7457 0.6200
v 5.9442 3.8471 0.6200
v 5.8191 3.8471 0.6200
v -11.0750 3.8471 -1.1070
v -10.8247 3.8471 -1.1070
v -10.8247 3.9486 -1.1070
v -11.0750 3.9486 -1.1070
v -11.0750 3.8471 1.1070
v -10.8247 3.8471 1.1070
v -10.8247 3.9486 1.1070
v -11.0750 3.9486 1.1070
v -10.8247 3.8471 -1.1670
v -10.6996 3.8471 -1.1670
v -10.6996 3.9486 -1.1670
v -10.8247 3.9486 -1.1670
v -10.8247 3.8471 1.1670
v -10.6996 3.8471 1.1670
v -10.6996 3.9486 1.1670
v -10.8247 3.9486 1.1670
v -10.6996 3.8471 -1.1620
v -10.5744 3.8471 -1.1620
v -10.5744 3.9486 -1.1620
v -10.6996 3.9486 -1.1620
v -10.6996 3.8471 1.1620
v -10.5744 3.8471 1.1620
v -10.5744 3.9486 1.1620
v -10.6996 3.9486 1.1620
v -10.5744 3.8471 -1.1970
v -10.3242 3.8471 -1.1970
v -10.3242 3.9486 -1.1970
v -10.5744 3.9486 -1.1970
v -10.5744 3.8471 1.1970
v -10.3242 3.8471 1.1970
v -10.3242 3.9486 1.1970
v -10.5744 3.9486 1.1970
v -10.3242 3.8471 -1.1970
v -9.3230 3.8471 -1.1970
v -9.3230 3.9486 -1.1970
v -10.3242 3.9486 -1.1970
v -10.3242 3.8471 1.1970
v -9.3230 3.8471 1.1970
v -9.3230 3.9486 1.1970
v -10.3242 3.9486 1.1970
v -9.3230 3.8471 -1.1970
v 4.5677 3.8471 -1.1970
v 4.5677 3.9486 -1.1970
v -9.3230 3.9486 -1.1970
v -9.3230 3.8471 1.1970
v 4.5677 3.8471 1.1970
v 4.5677 3.9486 1.1970
v -9.3230 3.9486 1.1970
v 4.5677 3.8471 -0.8930
v 4.6928 3.8471 -0.8930
v 4.6928 3.9486 -0.8930
v 4.5677 3.9486 -0.8930
v 4.5677 3.8471 0.8930
v 4.6928 3.8471 0.8930
v 4.6928 3.9486 0.8930
v 4.5677 3.9486 0.8930
v 4.6928 3.8471 -0.8760
v 4.8179 3.8471 -0.8760
v 4.8179 3.9486 -0.8760
v 4.6928 3.9486 -0.8760
v 4.6928 3.8471 0.8760
v 4.8179 3.8471 0.8760
v 4.8179 3.9486 0.8760
v 4.6928 3.9486 0.8760
v 4.8179 3.8471 -0.8500
v 4.9431 3.8471 -0.8500
v 4.9431 3.9486 -0.8500
v 4.8179 3.9486 -0.8500
v 4.8179 3.8471 0.8500
v 4.9431 3.8471 0.8500
v 4.9431 3.9486 0.8500
v 4.8179 3.9486 0.8500
v 4.9431 3.8471 -0.8140
v 5.0682 3.8471 -0.8140
v 5.0682 3.9486 -0.8140
v 4.9431 3.9486 -0.8140
v 4.9431 3.8471 0.8140
v 5.0682 3.8471 0.8140
v 5.0682 3.9486 0.8140
v 4.9431 3.9486 0.8140
v 5.0682 3.8471 -0.7690
v 5.1934 3.8471 -0.7690
v 5.1934 3.9486 -0.7690
v 5.0682 3.9486 -0.7690
v 5.0682 3.8471 0.7690
v 5.1934 3.8471 0.7690
v 5.1934 3.9486 0.7690
v 5.0682 3.9486 0.7690
v 5.1934 3.8471 -0.7110
v 5.3185 3.8471 -0.7110
v 5.3185 3.9486 -0.7110
v 5.1934 3.9486 -0.7110
v 5.1934 3.8471 0.7110
v 5.3185 3.8471 0.7110
v 5.3185 3.9486 0.7110
v 5.1934 3.9486 0.7110
v 5.3185 3.8471 -0.6380
v 5.4436 3.8471 -0.6380
v 5.4436 3.9486 -0.6380
v 5.3185 3.9486 -0.6380
v 5.3185 3.8471 0.6380
v 5.4436 3.8471 0.6380
v 5.4436 3.9486 0.6380
v 5.3185 3.9486 0.6380
v 5.4436 3.8471 -0.5430
v 5.5688 3.8471 -0.5430
v 5.5688 3.9486 -0.5430
v 5.4436 3.9486 -0.5430
v 5.4436 3.8471 0.5430
v 5.5688 3.8471 0.5430
v 5.5688 3.9486 0.5430
v 5.4436 3.9486 0.5430
v -11.0750 3.9486 -0.9610
v -10.8247 3.9486 -0.9610
v -10.8247 4.0500 -0.9610
v -11.0750 4.0500 -0.9610
v -11.0750 3.9486 0.9610
v -10.8247 3.9486 0.9610
v -10.8247 4.0500 0.9610
v -11.0750 4.0500 0.9610
v -10.8247 3.9486 -1.0210
v -10.6996 3.9486 -1.0210
v -10.6996 4.0500 -1.0210
v -10.8247 4.0500 -1.0210
v -10.8247 3.9486 1.0210
v -10.6996 3.9486 1.0210
v -10.6996 4.0500 1.0210
v -10.8247 4.0500 1.0210
v -10.6996 3.9486 -1.0160
v -10.5744 3.9486 -1.0160
v -10.5744 4.0500 -1.0160
v -10.6996 4.0500 -1.0160
v -10.6996 3.9486 1.0160
v -10.5744 3.9486 1.0160
v -10.5744 4.0500 1.0160
v -10.6996 4.0500 1.0160
v -10.5744 3.9486 -1.0510
v -10.3242 3.9486 -1.0510
v -10.3242 4.0500 -1.0510
v -10.5744 4.0500 -1.0510
v -10.5744 3.9486 1.0510
v -10.3242 3.9486 1.0510
v -10.3242 4.0500 1.0510
v -10.5744 4.0500 1.0510
v -10.3242 3.9486 -1.0510
v -9.3230 3.9486 -1.0510
v -9.3230 4.0500 -1.0510
v -10.3242 4.0500 -1.0510
v -10.3242 3.9486 1.0510
v -9.3230 3.9486 1.0510
v -9.3230 4.0500 1.0510
v -10.3242 4.0500 1.0510
v -9.3230 3.9486 -1.0510
v 4.5677 3.9486 -1.0510
v 4.5677 4.0500 -1.0510
v -9.3230 4.0500 -1.0510
v -9.3230 3.9486 1.0510
v 4.5677 3.9486 1.0510
v 4.5677 4.0500 1.0510
v -9.3230 4.0500 1.0510
v 4.5677 3.9486 -0.5780
v 4.6928 3.9486 -0.5780
v 4.6928 4.0500 -0.5780
v 4.5677 4.0500 -0.5780
v 4.5677 3.9486 0.5780
v 4.6928 3.9486 0.5780
v 4.6928 4.0500 0.5780
v 4.5677 4.0500 0.5780
v 4.6928 3.9486 -0.5540
v 4.8179 3.9486 -0.5540
v 4.8179 4.0500 -0.5540
v 4.6928 4.0500 -0.5540
v 4.6928 3.9486 0.5540
v 4.8179 3.9486 0.5540
v 4.8179 4.0500 0.5540
v 4.6928 4.0500 0.5540
v 4.8179 3.9486 -0.5140
v 4.9431 3.9486 -0.5140
v 4.9431 4.0500 -0.5140
v 4.8179 4.0500 -0.5140
v 4.8179 3.9486 0.5140
v 4.9431 3.9486 0.5140
v 4.9431 4.0500 0.5140
v 4.8179 4.0500 0.5140
v 4.9431 3.9486 -0.4560
v 5.0682 3.9486 -0.4560
v 5.0682 4.0500 -0.4560
v 4.9431 4.0500 -0.4560
v 4.9431 3.9486 0.4560
v 5.0682 3.9486 0.4560
v 5.0682 4.0500 0.4560
v 4.9431 4.0500 0.4560
v -10.7750 1.1300 -1.3300
v 4.3750 1.1300 -1.3300
v 4.3750 1.2500 -1.3300
v -10.7750 1.2500 -1.3300
v -10.7750 1.1300 1.3300
v 4.3750 1.1300 1.3300
v 4.3750 1.2500 1.3300
v -10.7750 1.2500 1.3300
v -6.8500 0.4500 -1.2200
v -5.0500 0.4500 -1.2200
v -5.0500 1.1300 -1.2200
v -6.8500 1.1300 -1.2200
v -6.8500 0.4500 1.2200
v -5.0500 0.4500 1.2200
v -5.0500 1.1300 1.2200
v -6.8500 1.1300 1.2200
v -6.7300 0.5300 1.2000
v -6.6800 0.5300 1.2000
v -6.6800 1.0500 1.2000
v -6.7300 1.0500 1.2000
v -6.7300 0.5300 1.2300
v -6.6800 0.5300 1.2300
v -6.6800 1.0500 1.2300
v -6.7300 1.0500 1.2300
v -6.7300 0.5300 -1.2300
v -6.6800 0.5300 -1.2300
v -6.6800 1.0500 -1.2300
v -6.7300 1.0500 -1.2300
v -6.7300 0.5300 -1.2000
v -6.6800 0.5300 -1.2000
v -6.6800 1.0500 -1.2000
v -6.7300 1.0500 -1.2000
v -6.4800 0.5300 1.2000
v -6.4300 0.5300 1.2000
v -6.4300 1.0500 1.2000
v -6.4800 1.0500 1.2000
v -6.4800 0.5300 1.2300
v -6.4300 0.5300 1.2300
v -6.4300 1.0500 1.2300
v -6.4800 1.0500 1.2300
v -6.4800 0.5300 -1.2300
v -6.4300 0.5300 -1.2300
v -6.4300 1.0500 -1.2300
v -6.4800 1.0500 -1.2300
v -6.4800 0.5300 -1.2000
v -6.4300 0.5300 -1.2000
v -6.4300 1.0500 -1.2000
v -6.4800 1.0500 -1.2000
v -6.2300 0.5300 1.2000
v -6.1800 0.5300 1.2000
v -6.1800 1.0500 1.2000
v -6.2300 1.0500 1.2000
v -6.2300 0.5300 1.2300
v -6.1800 0.5300 1.2300
v -6.1800 1.0500 1.2300
v -6.2300 1.0500 1.2300
v -6.2300 0.5300 -1.2300
v -6.1800 0.5300 -1.2300
v -6.1800 1.0500 -1.2300
v -6.2300 1.0500 -1.2300
v -6.2300 0.5300 -1.2000
v -6.1800 0.5300 -1.2000
v -6.1800 1.0500 -1.2000
v -6.2300 1.0500 -1.2000
v -5.9800 0.5300 1.2000
v -5.9300 0.5300 1.2000
v -5.9300 1.0500 1.2000
v -5.9800 1.0500 1.2000
v -5.9800 0.5300 1.2300
v -5.9300 0.5300 1.2300
v -5.9300 1.0500 1.2300
v -5.9800 1.0500 1.2300
v -5.9800 0.5300 -1.2300
v -5.9300 0.5300 -1.2300
v -5.9300 1.0500 -1.2300
v -5.9800 1.0500 -1.2300
v -5.9800 0.5300 -1.2000
v -5.9300 0.5300 -1.2000
v -5.9300 1.0500 -1.2000
v -5.9800 1.0500 -1.2000
v -5.7300 0.5300 1.2000
v -5.6800 0.5300 1.2000
v -5.6800 1.0500 1.2000
v -5.7300 1.0500 1.2000
v -5.7300 0.5300 1.2300
v -5.6800 0.5300 1.2300
v -5.6800 1.0500 1.2300
v -5.7300 1.0500 1.2300
v -5.7300 0.5300 -1.2300
v -5.6800 0.5300 -1.2300
v -5.6800 1.0500 -1.2300
v -5.7300 1.0500 -1.2300
v -5.7300 0.5300 -1.2000
v -5.6800 0.5300 -1.2000
v -5.6800 1.0500 -1.2000
v -5.7300 1.0500 -1.2000
v -5.4800 0.5300 1.2000
v -5.4300 0.5300 1.2000
v -5.4300 1.0500 1.2000
v -5.4800 1.0500 1.2000
v -5.4800 0.5300 1.2300
v -5.4300 0.5300 1.2300
v -5.4300 1.0500 1.2300
v -5.4800 1.0500 1.2300
v -5.4800 0.5300 -1.2300
v -5.4300 0.5300 -1.2300
v -5.4300 1.0500 -1.2300
v -5.4800 1.0500 -1.2300
v -5.4800 0.5300 -1.2000
v -5.4300 0.5300 -1.2000
v -5.4300 1.0500 -1.2000
v -5.4800 1.0500 -1.2000
v -5.2300 0.5300 1.2000
v -5.1800 0.5300 1.2000
v -5.1800 1.0500 1.2000
v -5.2300 1.0500 1.2000
v -5.2300 0.5300 1.2300
v -5.1800 0.5300 1.2300
v -5.1800 1.0500 1.2300
v -5.2300 1.0500 1.2300
v -5.2300 0.5300 -1.2300
v -5.1800 0.5300 -1.2300
v -5.1800 1.0500 -1.2300
v -5.2300 1.0500 -1.2300
v -5.2300 0.5300 -1.2000
v -5.1800 0.5300 -1.2000
v -5.1800 1.0500 -1.2000
v -5.2300 1.0500 -1.2000
v -4.7500 0.5500 -0.6700
v -2.4500 0.5500 -0.6700
v -2.4500 1.0800 -0.6700
v -4.7500 1.0800 -0.6700
v -4.7500 0.5500 -0.2300
v -2.4500 0.5500 -0.2300
v -2.4500 1.0800 -0.2300
v -4.7500 1.0800 -0.2300
v -4.7500 0.5500 0.2300
v -2.4500 0.5500 0.2300
v -2.4500 1.0800 0.2300
v -4.7500 1.0800 0.2300
v -4.7500 0.5500 0.6700
v -2.4500 0.5500 0.6700
v -2.4500 1.0800 0.6700
v -4.7500 1.0800 0.6700
v -2.1500 0.4500 -1.2200
v -0.9500 0.4500 -1.2200
v -0.9500 1.1300 -1.2200
v -2.1500 1.1300 -1.2200
v -2.1500 0.4500 1.2200
v -0.9500 0.4500 1.2200
v -0.9500 1.1300 1.2200
v -2.1500 1.1300 1.2200
v -2.0300 0.5300 1.2000
v -1.9800 0.5300 1.2000
v -1.9800 1.0500 1.2000
v -2.0300 1.0500 1.2000
v -2.0300 0.5300 1.2300
v -1.9800 0.5300 1.2300
v -1.9800 1.0500 1.2300
v -2.0300 1.0500 1.2300
v -2.0300 0.5300 -1.2300
v -1.9800 0.5300 -1.2300
v -1.9800 1.0500 -1.2300
v -2.0300 1.0500 -1.2300
v -2.0300 0.5300 -1.2000
v -1.9800 0.5300 -1.2000
v -1.9800 1.0500 -1.2000
v -2.0300 1.0500 -1.2000
v -1.7800 0.5300 1.2000
v -1.7300 0.5300 1.2000
v -1.7300 1.0500 1.2000
v -1.7800 1.0500 1.2000
v -1.7800 0.5300 1.2300
v -1.7300 0.5300 1.2300
v -1.7300 1.0500 1.2300
v -1.7800 1.0500 1.2300
v -1.7800 0.5300 -1.2300
v -1.7300 0.5300 -1.2300
v -1.7300 1.0500 -1.2300
v -1.7800 1.0500 -1.2300
v -1.7800 0.5300 -1.2000
v -1.7300 0.5300 -1.2000
v -1.7300 1.0500 -1.2000
v -1.7800 1.0500 -1.2000
v -1.5300 0.5300 1.2000
v -1.4800 0.5300 1.2000
v -1.4800 1.0500 1.2000
v -1.5300 1.0500 1.2000
v -1.5300 0.5300 1.2300
v -1.4800 0.5300 1.2300
v -1.4800 1.0500 1.2300
v -1.5300 1.0500 1.2300
v -1.5300 0.5300 -1.2300
v -1.4800 0.5300 -1.2300
v -1.4800 1.0500 -1.2300
v -1.5300 1.0500 -1.2300
v -1.5300 0.5300 -1.2000
v -1.4800 0.5300 -1.2000
v -1.4800 1.0500 -1.2000
v -1.5300 1.0500 -1.2000
v -1.2800 0.5300 1.2000
v -1.2300 0.5300 1.2000
v -1.2300 1.0500 1.2000
v -1.2800 1.0500 1.2000
v -1.2800 0.5300 1.2300
v -1.2300 0.5300 1.2300
v -1.2300 1.0500 1.2300
v -1.2800 1.0500 1.2300
v -1.2800 0.5300 -1.2300
v -1.2300 0.5300 -1.2300
v -1.2300 1.0500 -1.2300
v -1.2800 1.0500 -1.2300
v -1.2800 0.5300 -1.2000
v -1.2300 0.5300 -1.2000
v -1.2300 1.0500 -1.2000
v -1.2800 1.0500 -1.2000
v -0.7000 0.4500 -1.2200
v 1.1000 0.4500 -1.2200
v 1.1000 1.1300 -1.2200
v -0.7000 1.1300 -1.2200
v -0.7000 0.4500 1.2200
v 1.1000 0.4500 1.2200
v 1.1000 1.1300 1.2200
v -0.7000 1.1300 1.2200
v -0.5800 0.5300 1.2000
v -0.5300 0.5300 1.2000
v -0.5300 1.0500 1.2000
v -0.5800 1.0500 1.2000
v -0.5800 0.5300 1.2300
v -0.5300 0.5300 1.2300
v -0.5300 1.0500 1.2300
v -0.5800 1.0500 1.2300
v -0.5800 0.5300 -1.2300
v -0.5300 0.5300 -1.2300
v -0.5300 1.0500 -1.2300
v -0.5800 1.0500 -1.2300
v -0.5800 0.5300 -1.2000
v -0.5300 0.5300 -1.2000
v -0.5300 1.0500 -1.2000
v -0.5800 1.0500 -1.2000
v -0.3300 0.5300 1.2000
v -0.2800 0.5300 1.2000
v -0.2800 1.0500 1.2000
v -0.3300 1.0500 1.2000
v -0.3300 0.5300 1.2300
v -0.2800 0.5300 1.2300
v -0.2800 1.0500 1.2300
v -0.3300 1.0500 1.2300
v -0.3300 0.5300 -1.2300
v -0.2800 0.5300 -1.2300
v -0.2800 1.0500 -1.2300
v -0.3300 1.0500 -1.2300
v -0.3300 0.5300 -1.2000
v -0.2800 0.5300 -1.2000
v -0.2800 1.0500 -1.2000
v -0.3300 1.0500 -1.2000
v -0.0800 0.5300 1.2000
v -0.0300 0.5300 1.2000
v -0.0300 1.0500 1.2000
v -0.0800 1.0500 1.2000
v -0.0800 0.5300 1.2300
v -0.0300 0.5300 1.2300
v -0.0300 1.0500 1.2300
v -0.0800 1.0500 1.2300
v -0.0800 0.5300 -1.2300
v -0.0300 0.5300 -1.2300
v -0.0300 1.0500 -1.2300
v -0.0800 1.0500 -1.2300
v -0.0800 0.5300 -1.2000
v -0.0300 0.5300 -1.2000
v -0.0300 1.0500 -1.2000
v -0.0800 1.0500 -1.2000
v 0.1700 0.5300 1.2000
v 0.2200 0.5300 1.2000
v 0.2200 1.0500 1.2000
v 0.1700 1.0500 1.2000
v 0.1700 0.5300 1.2300
v 0.2200 0.5300 1.2300
v 0.2200 1.0500 1.2300
v 0.1700 1.0500 1.2300
v 0.1700 0.5300 -1.2300
v 0.2200 0.5300 -1.2300
v 0.2200 1.0500 -1.2300
v 0.1700 1.0500 -1.2300
v 0.1700 0.5300 -1.2000
v 0.2200 0.5300 -1.2000
v 0.2200 1.0500 -1.2000
v 0.1700 1.0500 -1.2000
v 0.4200 0.5300 1.2000
v 0.4700 0.5300 1.2000
v 0.4700 1.0500 1.2000
v 0.4200 1.0500 1.2000
v 0.4200 0.5300 1.2300
v 0.4700 0.5300 1.2300
v 0.4700 1.0500 1.2300
v 0.4200 1.0500 1.2300
v 0.4200 0.5300 -1.2300
v 0.4700 0.5300 -1.2300
v 0.4700 1.0500 -1.2300
v 0.4200 1.0500 -1.2300
v 0.4200 0.5300 -1.2000
v 0.4700 0.5300 -1.2000
v 0.4700 1.0500 -1.2000
v 0.4200 1.0500 -1.2000
v 0.6700 0.5300 1.2000
v 0.7200 0.5300 1.2000
v 0.7200 1.0500 1.2000
v 0.6700 1.0500 1.2000
v 0.6700 0.5300 1.2300
v 0.7200 0.5300 1.2300
v 0.7200 1.0500 1.2300
v 0.6700 1.0500 1.2300
v 0.6700 0.5300 -1.2300
v 0.7200 0.5300 -1.2300
v 0.7200 1.0500 -1.2300
v 0.6700 1.0500 -1.2300
v 0.6700 0.5300 -1.2000
v 0.7200 0.5300 -1.2000
v 0.7200 1.0500 -1.2000
v 0.6700 1.0500 -1.2000
v 0.9200 0.5300 1.2000
v 0.9700 0.5300 1.2000
v 0.9700 1.0500 1.2000
v 0.9200 1.0500 1.2000
v 0.9200 0.5300 1.2300
v 0.9700 0.5300 1.2300
v 0.9700 1.0500 1.2300
v 0.9200 1.0500 1.2300
v 0.9200 0.5300 -1.2300
v 0.9700 0.5300 -1.2300
v 0.9700 1.0500 -1.2300
v 0.9200 1.0500 -1.2300
v 0.9200 0.5300 -1.2000
v 0.9700 0.5300 -1.2000
v 0.9700 1.0500 -1.2000
v 0.9200 1.0500 -1.2000
v 1.4000 0.5500 -0.6700
v 3.7000 0.5500 -0.6700
v 3.7000 1.0800 -0.6700
v 1.4000 1.0800 -0.6700
v 1.4000 0.5500 -0.2300
v 3.7000 0.5500 -0.2300
v 3.7000 1.0800 -0.2300
v 1.4000 1.0800 -0.2300
v 1.4000 0.5500 0.2300
v 3.7000 0.5500 0.2300
v 3.7000 1.0800 0.2300
v 1.4000 1.0800 0.2300
v 1.4000 0.5500 0.6700
v 3.7000 0.5500 0.6700
v 3.7000 1.0800 0.6700
v 1.4000 1.0800 0.6700
v 4.0000 0.4500 -1.2200
v 5.2000 0.4500 -1.2200
v 5.2000 1.1300 -1.2200
v 4.0000 1.1300 -1.2200
v 4.0000 0.4500 1.2200
v 5.2000 0.4500 1.2200
v 5.2000 1.1300 1.2200
v 4.0000 1.1300 1.2200
v 4.1200 0.5300 1.2000
v 4.1700 0.5300 1.2000
v 4.1700 1.0500 1.2000
v 4.1200 1.0500 1.2000
v 4.1200 0.5300 1.2300
v 4.1700 0.5300 1.2300
v 4.1700 1.0500 1.2300
v 4.1200 1.0500 1.2300
v 4.1200 0.5300 -1.2300
v 4.1700 0.5300 -1.2300
v 4.1700 1.0500 -1.2300
v 4.1200 1.0500 -1.2300
v 4.1200 0.5300 -1.2000
v 4.1700 0.5300 -1.2000
v 4.1700 1.0500 -1.2000
v 4.1200 1.0500 -1.2000
v 4.3700 0.5300 1.2000
v 4.4200 0.5300 1.2000
v 4.4200 1.0500 1.2000
v 4.3700 1.0500 1.2000
v 4.3700 0.5300 1.2300
v 4.4200 0.5300 1.2300
v 4.4200 1.0500 1.2300
v 4.3700 1.0500 1.2300
v 4.3700 0.5300 -1.2300
v 4.4200 0.5300 -1.2300
v 4.4200 1.0500 -1.2300
v 4.3700 1.0500 -1.2300
v 4.3700 0.5300 -1.2000
v 4.4200 0.5300 -1.2000
v 4.4200 1.0500 -1.2000
v 4.3700 1.0500 -1.2000
v 4.6200 0.5300 1.2000
v 4.6700 0.5300 1.2000
v 4.6700 1.0500 1.2000
v 4.6200 1.0500 1.2000
v 4.6200 0.5300 1.2300
v 4.6700 0.5300 1.2300
v 4.6700 1.0500 1.2300
v 4.6200 1.0500 1.2300
v 4.6200 0.5300 -1.2300
v 4.6700 0.5300 -1.2300
v 4.6700 1.0500 -1.2300
v 4.6200 1.0500 -1.2300
v 4.6200 0.5300 -1.2000
v 4.6700 0.5300 -1.2000
v 4.6700 1.0500 -1.2000
v 4.6200 1.0500 -1.2000
v 4.8700 0.5300 1.2000
v 4.9200 0.5300 1.2000
v 4.9200 1.0500 1.2000
v 4.8700 1.0500 1.2000
v 4.8700 0.5300 1.2300
v 4.9200 0.5300 1.2300
v 4.9200 1.0500 1.2300
v 4.8700 1.0500 1.2300
v 4.8700 0.5300 -1.2300
v 4.9200 0.5300 -1.2300
v 4.9200 1.0500 -1.2300
v 4.8700 1.0500 -1.2300
v 4.8700 0.5300 -1.2000
v 4.9200 0.5300 -1.2000
v 4.9200 1.0500 -1.2000
v 4.8700 1.0500 -1.2000
v 5.4500 0.4500 -1.2200
v 6.8500 0.4500 -1.2200
v 6.8500 1.1300 -1.2200
v 5.4500 1.1300 -1.2200
v 5.4500 0.4500 1.2200
v 6.8500 0.4500 1.2200
v 6.8500 1.1300 1.2200
v 5.4500 1.1300 1.2200
v 5.5700 0.5300 1.2000
v 5.6200 0.5300 1.2000
v 5.6200 1.0500 1.2000
v 5.5700 1.0500 1.2000
v 5.5700 0.5300 1.2300
v 5.6200 0.5300 1.2300
v 5.6200 1.0500 1.2300
v 5.5700 1.0500 1.2300
v 5.5700 0.5300 -1.2300
v 5.6200 0.5300 -1.2300
v 5.6200 1.0500 -1.2300
v 5.5700 1.0500 -1.2300
v 5.5700 0.5300 -1.2000
v 5.6200 0.5300 -1.2000
v 5.6200 1.0500 -1.2000
v 5.5700 1.0500 -1.2000
v 5.8200 0.5300 1.2000
v 5.8700 0.5300 1.2000
v 5.8700 1.0500 1.2000
v 5.8200 1.0500 1.2000
v 5.8200 0.5300 1.2300
v 5.8700 0.5300 1.2300
v 5.8700 1.0500 1.2300
v 5.8200 1.0500 1.2300
v 5.8200 0.5300 -1.2300
v 5.8700 0.5300 -1.2300
v 5.8700 1.0500 -1.2300
v 5.8200 1.0500 -1.2300
v 5.8200 0.5300 -1.2000
v 5.8700 0.5300 -1.2000
v 5.8700 1.0500 -1.2000
v 5.8200 1.0500 -1.2000
v 6.0700 0.5300 1.2000
v 6.1200 0.5300 1.2000
v 6.1200 1.0500 1.2000
v 6.0700 1.0500 1.2000
v 6.0700 0.5300 1.2300
v 6.1200 0.5300 1.2300
v 6.1200 1.0500 1.2300
v 6.0700 1.0500 1.2300
v 6.0700 0.5300 -1.2300
v 6.1200 0.5300 -1.2300
v 6.1200 1.0500 -1.2300
v 6.0700 1.0500 -1.2300
v 6.0700 0.5300 -1.2000
v 6.1200 0.5300 -1.2000
v 6.1200 1.0500 -1.2000
v 6.0700 1.0500 -1.2000
v 6.3200 0.5300 1.2000
v 6.3700 0.5300 1.2000
v 6.3700 1.0500 1.2000
v 6.3200 1.0500 1.2000
v 6.3200 0.5300 1.2300
v 6.3700 0.5300 1.2300
v 6.3700 1.0500 1.2300
v 6.3200 1.0500 1.2300
v 6.3200 0.5300 -1.2300
v 6.3700 0.5300 -1.2300
v 6.3700 1.0500 -1.2300
v 6.3200 1.0500 -1.2300
v 6.3200 0.5300 -1.2000
v 6.3700 0.5300 -1.2000
v 6.3700 1.0500 -1.2000
v 6.3200 1.0500 -1.2000
v 6.5700 0.5300 1.2000
v 6.6200 0.5300 1.2000
v 6.6200 1.0500 1.2000
v 6.5700 1.0500 1.2000
v 6.5700 0.5300 1.2300
v 6.6200 0.5300 1.2300
v 6.6200 1.0500 1.2300
v 6.5700 1.0500 1.2300
v 6.5700 0.5300 -1.2300
v 6.6200 0.5300 -1.2300
v 6.6200 1.0500 -1.2300
v 6.5700 1.0500 -1.2300
v 6.5700 0.5300 -1.2000
v 6.6200 0.5300 -1.2000
v 6.6200 1.0500 -1.2000
v 6.5700 1.0500 -1.2000
v -11.2250 1.1470 -1.2890
v -11.0750 1.1470 -1.2890
v -11.0750 1.2464 -1.2890
v -11.2250 1.2464 -1.2890
v -11.2250 1.1470 1.2890
v -11.0750 1.1470 1.2890
v -11.0750 1.2464 1.2890
v -11.2250 1.2464 1.2890
v -11.2250 1.2464 0.5800
v -11.0750 1.2464 0.5800
v -11.0750 3.3336 0.5800
v -11.2250 3.3336 0.5800
v -11.2250 1.2464 1.3500
v -11.0750 1.2464 1.3500
v -11.0750 3.3336 1.3500
v -11.2250 3.3336 1.3500
v -11.2250 1.2464 -1.3500
v -11.0750 1.2464 -1.3500
v -11.0750 3.3336 -1.3500
v -11.2250 3.3336 -1.3500
v -11.2250 1.2464 -0.5800
v -11.0750 1.2464 -0.5800
v -11.0750 3.3336 -0.5800
v -11.2250 3.3336 -0.5800
v -11.2250 3.3336 -1.3500
v -11.0750 3.3336 -1.3500
v -11.0750 3.5324 -1.3500
v -11.2250 3.5324 -1.3500
v -11.2250 3.3336 1.3500
v -11.0750 3.3336 1.3500
v -11.0750 3.5324 1.3500
v -11.2250 3.5324 1.3500
v -11.2250 3.5324 -1.3390
v -11.0750 3.5324 -1.3390
v -11.0750 3.6318 -1.3390
v -11.2250 3.6318 -1.3390
v -11.2250 3.5324 1.3390
v -11.0750 3.5324 1.3390
v -11.0750 3.6318 1.3390
v -11.2250 3.6318 1.3390
v -11.2250 3.6318 -1.2970
v -11.0750 3.6318 -1.2970
v -11.0750 3.7312 -1.2970
v -11.2250 3.7312 -1.2970
v -11.2250 3.6318 1.2970
v -11.0750 3.6318 1.2970
v -11.0750 3.7312 1.2970
v -11.2250 3.7312 1.2970
v -11.2250 3.7312 -1.2240
v -11.0750 3.7312 -1.2240
v -11.0750 3.8306 -1.2240
v -11.2250 3.8306 -1.2240
v -11.2250 3.7312 1.2240
v -11.0750 3.7312 1.2240
v -11.0750 3.8306 1.2240
v -11.2250 3.8306 1.2240
v -11.2250 3.8306 -1.1190
v -11.0750 3.8306 -1.1190
v -11.0750 3.9300 -1.1190
v -11.2250 3.9300 -1.1190
v -11.2250 3.8306 1.1190
v -11.0750 3.8306 1.1190
v -11.0750 3.9300 1.1190
v -11.2250 3.9300 1.1190
v -11.2350 1.2200 -0.5600
v -10.9550 1.2200 -0.5600
v -10.9550 1.2500 -0.5600
v -11.2350 1.2500 -0.5600
v -11.2350 1.2200 0.5600
v -10.9550 1.2200 0.5600
v -10.9550 1.2500 0.5600
v -11.2350 1.2500 0.5600
v -10.9750 1.2200 -1.3800
v 8.1500 1.2200 -1.3800
v 8.1500 1.2500 -1.3800
v -10.9750 1.2500 -1.3800
v -10.9750 1.2200 1.3800
v 8.1500 1.2200 1.3800
v 8.1500 1.2500 1.3800
v -10.9750 1.2500 1.3800
v -11.2350 1.2300 -0.5600
v -10.9550 1.2300 -0.5600
v -10.9550 1.2550 -0.5600
v -11.2350 1.2550 -0.5600
v -11.2350 1.2300 0.5600
v -10.9550 1.2300 0.5600
v -10.9550 1.2550 0.5600
v -11.2350 1.2550 0.5600
v 7.0500 0.3100 0.8600
v 10.4500 0.3100 0.8600
v 10.4500 0.7500 0.8600
v 7.0500 0.7500 0.8600
v 7.0500 0.3100 1.0200
v 10.4500 0.3100 1.0200
v 10.4500 0.7500 1.0200
v 7.0500 0.7500 1.0200
v 7.0500 0.3100 -1.0200
v 10.4500 0.3100 -1.0200
v 10.4500 0.7500 -1.0200
v 7.0500 0.7500 -1.0200
v 7.0500 0.3100 -0.8600
v 10.4500 0.3100 -0.8600
v 10.4500 0.7500 -0.8600
v 7.0500 0.7500 -0.8600
v 8.2500 0.6300 -1.0000
v 9.2500 0.6300 -1.0000
v 9.2500 0.8500 -1.0000
v 8.2500 0.8500 -1.0000
v 8.2500 0.6300 1.0000
v 9.2500 0.6300 1.0000
v 9.2500 0.8500 1.0000
v 8.2500 0.8500 1.0000
v 8.4000 0.0800 0.9300
v 9.1000 0.0800 0.9300
v 9.1000 0.4800 0.9300
v 8.4000 0.4800 0.9300
v 8.4000 0.0800 1.0400
v 9.1000 0.0800 1.0400
v 9.1000 0.4800 1.0400
v 8.4000 0.4800 1.0400
v 8.4000 0.0800 -1.0400
v 9.1000 0.0800 -1.0400
v 9.1000 0.4800 -1.0400
v 8.4000 0.4800 -1.0400
v 8.4000 0.0800 -0.9300
v 9.1000 0.0800 -0.9300
v 9.1000 0.4800 -0.9300
v 8.4000 0.4800 -0.9300
v 7.3400 0.2900 0.8200
v 7.6600 0.2900 0.8200
v 7.6600 0.5700 0.8200
v 7.3400 0.5700 0.8200
v 7.3400 0.2900 1.0500
v 7.6600 0.2900 1.0500
v 7.6600 0.5700 1.0500
v 7.3400 0.5700 1.0500
v 7.3400 0.2900 -1.0500
v 7.6600 0.2900 -1.0500
v 7.6600 0.5700 -1.0500
v 7.3400 0.5700 -1.0500
v 7.3400 0.2900 -0.8200
v 7.6600 0.2900 -0.8200
v 7.6600 0.5700 -0.8200
v 7.3400 0.5700 -0.8200
v 7.3700 0.5700 0.8600
v 7.6300 0.5700 0.8600
v 7.6300 0.6300 0.8600
v 7.3700 0.6300 0.8600
v 7.3700 0.5700 1.0000
v 7.6300 0.5700 1.0000
v 7.6300 0.6300 1.0000
v 7.3700 0.6300 1.0000
v 7.3700 0.5700 -1.0000
v 7.6300 0.5700 -1.0000
v 7.6300 0.6300 -1.0000
v 7.3700 0.6300 -1.0000
v 7.3700 0.5700 -0.8600
v 7.6300 0.5700 -0.8600
v 7.6300 0.6300 -0.8600
v 7.3700 0.6300 -0.8600
v 7.4000 0.6300 0.8800
v 7.6000 0.6300 0.8800
v 7.6000 0.6600 0.8800
v 7.4000 0.6600 0.8800
v 7.4000 0.6300 0.9800
v 7.6000 0.6300 0.9800
v 7.6000 0.6600 0.9800
v 7.4000 0.6600 0.9800
v 7.4000 0.6800 0.8800
v 7.6000 0.6800 0.8800
v 7.6000 0.7100 0.8800
v 7.4000 0.7100 0.8800
v 7.4000 0.6800 0.9800
v 7.6000 0.6800 0.9800
v 7.6000 0.7100 0.9800
v 7.4000 0.7100 0.9800
v 7.4000 0.7300 0.8800
v 7.6000 0.7300 0.8800
v 7.6000 0.7600 0.8800
v 7.4000 0.7600 0.8800
v 7.4000 0.7300 0.9800
v 7.6000 0.7300 0.9800
v 7.6000 0.7600 0.9800
v 7.4000 0.7600 0.9800
v 7.4000 0.7800 0.8800
v 7.6000 0.7800 0.8800
v 7.6000 0.8100 0.8800
v 7.4000 0.8100 0.8800
v 7.4000 0.7800 0.9800
v 7.6000 0.7800 0.9800
v 7.6000 0.8100 0.9800
v 7.4000 0.8100 0.9800
v 7.4000 0.6300 -0.9800
v 7.6000 0.6300 -0.9800
v 7.6000 0.6600 -0.9800
v 7.4000 0.6600 -0.9800
v 7.4000 0.6300 -0.8800
v 7.6000 0.6300 -0.8800
v 7.6000 0.6600 -0.8800
v 7.4000 0.6600 -0.8800
v 7.4000 0.6800 -0.9800
v 7.6000 0.6800 -0.9800
v 7.6000 0.7100 -0.9800
v 7.4000 0.7100 -0.9800
v 7.4000 0.6800 -0.8800
v 7.6000 0.6800 -0.8800
v 7.6000 0.7100 -0.8800
v 7.4000 0.7100 -0.8800
v 7.4000 0.7300 -0.9800
v 7.6000 0.7300 -0.9800
v 7.6000 0.7600 -0.9800
v 7.4000 0.7600 -0.9800
v 7.4000 0.7300 -0.8800
v 7.6000 0.7300 -0.8800
v 7.6000 0.7600 -0.8800
v 7.4000 0.7600 -0.8800
v 7.4000 0.7800 -0.9800
v 7.6000 0.7800 -0.9800
v 7.6000 0.8100 -0.9800
v 7.4000 0.8100 -0.9800
v 7.4000 0.7800 -0.8800
v 7.6000 0.7800 -0.8800
v 7.6000 0.8100 -0.8800
v 7.4000 0.8100 -0.8800
v 9.8400 0.2900 0.8200
v 10.1600 0.2900 0.8200
v 10.1600 0.5700 0.8200
v 9.8400 0.5700 0.8200
v 9.8400 0.2900 1.0500
v 10.1600 0.2900 1.0500
v 10.1600 0.5700 1.0500
v 9.8400 0.5700 1.0500
v 9.8400 0.2900 -1.0500
v 10.1600 0.2900 -1.0500
v 10.1600 0.5700 -1.0500
v 9.8400 0.5700 -1.0500
v 9.8400 0.2900 -0.8200
v 10.1600 0.2900 -0.8200
v 10.1600 0.5700 -0.8200
v 9.8400 0.5700 -0.8200
v 9.8700 0.5700 0.8600
v 10.1300 0.5700 0.8600
v 10.1300 0.6300 0.8600
v 9.8700 0.6300 0.8600
v 9.8700 0.5700 1.0000
v 10.1300 0.5700 1.0000
v 10.1300 0.6300 1.0000
v 9.8700 0.6300 1.0000
v 9.8700 0.5700 -1.0000
v 10.1300 0.5700 -1.0000
v 10.1300 0.6300 -1.0000
v 9.8700 0.6300 -1.0000
v 9.8700 0.5700 -0.8600
v 10.1300 0.5700 -0.8600
v 10.1300 0.6300 -0.8600
v 9.8700 0.6300 -0.8600
v 9.9000 0.6300 0.8800
v 10.1000 0.6300 0.8800
v 10.1000 0.6600 0.8800
v 9.9000 0.6600 0.8800
v 9.9000 0.6300 0.9800
v 10.1000 0.6300 0.9800
v 10.1000 0.6600 0.9800
v 9.9000 0.6600 0.9800
v 9.9000 0.6800 0.8800
v 10.1000 0.6800 0.8800
v 10.1000 0.7100 0.8800
v 9.9000 0.7100 0.8800
v 9.9000 0.6800 0.9800
v 10.1000 0.6800 0.9800
v 10.1000 0.7100 0.9800
v 9.9000 0.7100 0.9800
v 9.9000 0.7300 0.8800
v 10.1000 0.7300 0.8800
v 10.1000 0.7600 0.8800
v 9.9000 0.7600 0.8800
v 9.9000 0.7300 0.9800
v 10.1000 0.7300 0.9800
v 10.1000 0.7600 0.9800
v 9.9000 0.7600 0.9800
v 9.9000 0.7800 0.8800
v 10.1000 0.7800 0.8800
v 10.1000 0.8100 0.8800
v 9.9000 0.8100 0.8800
v 9.9000 0.7800 0.9800
v 10.1000 0.7800 0.9800
v 10.1000 0.8100 0.9800
v 9.9000 0.8100 0.9800
v 9.9000 0.6300 -0.9800
v 10.1000 0.6300 -0.9800
v 10.1000 0.6600 -0.9800
v 9.9000 0.6600 -0.9800
v 9.9000 0.6300 -0.8800
v 10.1000 0.6300 -0.8800
v 10.1000 0.6600 -0.8800
v 9.9000 0.6600 -0.8800
v 9.9000 0.6800 -0.9800
v 10.1000 0.6800 -0.9800
v 10.1000 0.7100 -0.9800
v 9.9000 0.7100 -0.9800
v 9.9000 0.6800 -0.8800
v 10.1000 0.6800 -0.8800
v 10.1000 0.7100 -0.8800
v 9.9000 0.7100 -0.8800
v 9.9000 0.7300 -0.9800
v 10.1000 0.7300 -0.9800
v 10.1000 0.7600 -0.9800
v 9.9000 0.7600 -0.9800
v 9.9000 0.7300 -0.8800
v 10.1000 0.7300 -0.8800
v 10.1000 0.7600 -0.8800
v 9.9000 0.7600 -0.8800
v 9.9000 0.7800 -0.9800
v 10.1000 0.7800 -0.9800
v 10.1000 0.8100 -0.9800
v 9.9000 0.8100 -0.9800
v 9.9000 0.7800 -0.8800
v 10.1000 0.7800 -0.8800
v 10.1000 0.8100 -0.8800
v 9.9000 0.8100 -0.8800
v 8.5300 0.8500 0.7200
v 8.9700 0.8500 0.7200
v 8.9700 1.0500 0.7200
v 8.5300 1.0500 0.7200
v 8.5300 0.8500 0.9800
v 8.9700 0.8500 0.9800
v 8.9700 1.0500 0.9800
v 8.5300 1.0500 0.9800
v 8.5300 0.8500 -0.9800
v 8.9700 0.8500 -0.9800
v 8.9700 1.0500 -0.9800
v 8.5300 1.0500 -0.9800
v 8.5300 0.8500 -0.7200
v 8.9700 0.8500 -0.7200
v 8.9700 1.0500 -0.7200
v 8.5300 1.0500 -0.7200
v 7.8200 0.5000 1.0500
v 7.8800 0.5000 1.0500
v 7.8800 0.5600 1.0500
v 7.8200 0.5600 1.0500
v 7.8200 0.5000 1.1100
v 7.8800 0.5000 1.1100
v 7.8800 0.5600 1.1100
v 7.8200 0.5600 1.1100
v 7.8771 0.5250 1.0500
v 7.9371 0.5250 1.0500
v 7.9371 0.5850 1.0500
v 7.8771 0.5850 1.0500
v 7.8771 0.5250 1.1100
v 7.9371 0.5250 1.1100
v 7.9371 0.5850 1.1100
v 7.8771 0.5850 1.1100
v 7.9343 0.5500 1.0500
v 7.9943 0.5500 1.0500
v 7.9943 0.6100 1.0500
v 7.9343 0.6100 1.0500
v 7.9343 0.5500 1.1100
v 7.9943 0.5500 1.1100
v 7.9943 0.6100 1.1100
v 7.9343 0.6100 1.1100
v 7.9914 0.5750 1.0500
v 8.0514 0.5750 1.0500
v 8.0514 0.6350 1.0500
v 7.9914 0.6350 1.0500
v 7.9914 0.5750 1.1100
v 8.0514 0.5750 1.1100
v 8.0514 0.6350 1.1100
v 7.9914 0.6350 1.1100
v 8.0486 0.6000 1.0500
v 8.1086 0.6000 1.0500
v 8.1086 0.6600 1.0500
v 8.0486 0.6600 1.0500
v 8.0486 0.6000 1.1100
v 8.1086 0.6000 1.1100
v 8.1086 0.6600 1.1100
v 8.0486 0.6600 1.1100
v 8.1057 0.6250 1.0500
v 8.1657 0.6250 1.0500
v 8.1657 0.6850 1.0500
v 8.1057 0.6850 1.0500
v 8.1057 0.6250 1.1100
v 8.1657 0.6250 1.1100
v 8.1657 0.6850 1.1100
v 8.1057 0.6850 1.1100
v 8.1629 0.6500 1.0500
v 8.2229 0.6500 1.0500
v 8.2229 0.7100 1.0500
v 8.1629 0.7100 1.0500
v 8.1629 0.6500 1.1100
v 8.2229 0.6500 1.1100
v 8.2229 0.7100 1.1100
v 8.1629 0.7100 1.1100
v 8.2200 0.6750 1.0500
v 8.2800 0.6750 1.0500
v 8.2800 0.7350 1.0500
v 8.2200 0.7350 1.0500
v 8.2200 0.6750 1.1100
v 8.2800 0.6750 1.1100
v 8.2800 0.7350 1.1100
v 8.2200 0.7350 1.1100
v 8.2771 0.7000 1.0500
v 8.3371 0.7000 1.0500
v 8.3371 0.7600 1.0500
v 8.2771 0.7600 1.0500
v 8.2771 0.7000 1.1100
v 8.3371 0.7000 1.1100
v 8.3371 0.7600 1.1100
v 8.2771 0.7600 1.1100
v 8.3343 0.7250 1.0500
v 8.3943 0.7250 1.0500
v 8.3943 0.7850 1.0500
v 8.3343 0.7850 1.0500
v 8.3343 0.7250 1.1100
v 8.3943 0.7250 1.1100
v 8.3943 0.7850 1.1100
v 8.3343 0.7850 1.1100
v 8.3914 0.7500 1.0500
v 8.4514 0.7500 1.0500
v 8.4514 0.8100 1.0500
v 8.3914 0.8100 1.0500
v 8.3914 0.7500 1.1100
v 8.4514 0.7500 1.1100
v 8.4514 0.8100 1.1100
v 8.3914 0.8100 1.1100
v 8.4486 0.7750 1.0500
v 8.5086 0.7750 1.0500
v 8.5086 0.8350 1.0500
v 8.4486 0.8350 1.0500
v 8.4486 0.7750 1.1100
v 8.5086 0.7750 1.1100
v 8.5086 0.8350 1.1100
v 8.4486 0.8350 1.1100
v 8.5057 0.8000 1.0500
v 8.5657 0.8000 1.0500
v 8.5657 0.8600 1.0500
v 8.5057 0.8600 1.0500
v 8.5057 0.8000 1.1100
v 8.5657 0.8000 1.1100
v 8.5657 0.8600 1.1100
v 8.5057 0.8600 1.1100
v 8.5629 0.8250 1.0500
v 8.6229 0.8250 1.0500
v 8.6229 0.8850 1.0500
v 8.5629 0.8850 1.0500
v 8.5629 0.8250 1.1100
v 8.6229 0.8250 1.1100
v 8.6229 0.8850 1.1100
v 8.5629 0.8850 1.1100
v 8.6200 0.8500 1.0500
v 8.6800 0.8500 1.0500
v 8.6800 0.9100 1.0500
v 8.6200 0.9100 1.0500
v 8.6200 0.8500 1.1100
v 8.6800 0.8500 1.1100
v 8.6800 0.9100 1.1100
v 8.6200 0.9100 1.1100
v 7.8200 0.5000 -1.1100
v 7.8800 0.5000 -1.1100
v 7.8800 0.5600 -1.1100
v 7.8200 0.5600 -1.1100
v 7.8200 0.5000 -1.0500
v 7.8800 0.5000 -1.0500
v 7.8800 0.5600 -1.0500
v 7.8200 0.5600 -1.0500
v 7.8771 0.5250 -1.1100
v 7.9371 0.5250 -1.1100
v 7.9371 0.5850 -1.1100
v 7.8771 0.5850 -1.1100
v 7.8771 0.5250 -1.0500
v 7.9371 0.5250 -1.0500
v 7.9371 0.5850 -1.0500
v 7.8771 0.5850 -1.0500
v 7.9343 0.5500 -1.1100
v 7.9943 0.5500 -1.1100
v 7.9943 0.6100 -1.1100
v 7.9343 0.6100 -1.1100
v 7.9343 0.5500 -1.0500
v 7.9943 0.5500 -1.0500
v 7.9943 0.6100 -1.0500
v 7.9343 0.6100 -1.0500
v 7.9914 0.5750 -1.1100
v 8.0514 0.5750 -1.1100
v 8.0514 0.6350 -1.1100
v 7.9914 0.6350 -1.1100
v 7.9914 0.5750 -1.0500
v 8.0514 0.5750 -1.0500
v 8.0514 0.6350 -1.0500
v 7.9914 0.6350 -1.0500
v 8.0486 0.6000 -1.1100
v 8.1086 0.6000 -1.1100
v 8.1086 0.6600 -1.1100
v 8.0486 0.6600 -1.1100
v 8.0486 0.6000 -1.0500
v 8.1086 0.6000 -1.0500
v 8.1086 0.6600 -1.0500
v 8.0486 0.6600 -1.0500
v 8.1057 0.6250 -1.1100
v 8.1657 0.6250 -1.1100
v 8.1657 0.6850 -1.1100
v 8.1057 0.6850 -1.1100
v 8.1057 0.6250 -1.0500
v 8.1657 0.6250 -1.0500
v 8.1657 0.6850 -1.0500
v 8.1057 0.6850 -1.0500
v 8.1629 0.6500 -1.1100
v 8.2229 0.6500 -1.1100
v 8.2229 0.7100 -1.1100
v 8.1629 0.7100 -1.1100
v 8.1629 0.6500 -1.0500
v 8.2229 0.6500 -1.0500
v 8.2229 0.7100 -1.0500
v 8.1629 0.7100 -1.0500
v 8.2200 0.6750 -1.1100
v 8.2800 0.6750 -1.1100
v 8.2800 0.7350 -1.1100
v 8.2200 0.7350 -1.1100
v 8.2200 0.6750 -1.0500
v 8.2800 0.6750 -1.0500
v 8.2800 0.7350 -1.0500
v 8.2200 0.7350 -1.0500
v 8.2771 0.7000 -1.1100
v 8.3371 0.7000 -1.1100
v 8.3371 0.7600 -1.1100
v 8.2771 0.7600 -1.1100
v 8.2771 0.7000 -1.0500
v 8.3371 0.7000 -1.0500
v 8.3371 0.7600 -1.0500
v 8.2771 0.7600 -1.0500
v 8.3343 0.7250 -1.1100
v 8.3943 0.7250 -1.1100
v 8.3943 0.7850 -1.1100
v 8.3343 0.7850 -1.1100
v 8.3343 0.7250 -1.0500
v 8.3943 0.7250 -1.0500
v 8.3943 0.7850 -1.0500
v 8.3343 0.7850 -1.0500
v 8.3914 0.7500 -1.1100
v 8.4514 0.7500 -1.1100
v 8.4514 0.8100 -1.1100
v 8.3914 0.8100 -1.1100
v 8.3914 0.7500 -1.0500
v 8.4514 0.7500 -1.0500
v 8.4514 0.8100 -1.0500
v 8.3914 0.8100 -1.0500
v 8.4486 0.7750 -1.1100
v 8.5086 0.7750 -1.1100
v 8.5086 0.8350 -1.1100
v 8.4486 0.8350 -1.1100
v 8.4486 0.7750 -1.0500
v 8.5086 0.7750 -1.0500
v 8.5086 0.8350 -1.0500
v 8.4486 0.8350 -1.0500
v 8.5057 0.8000 -1.1100
v 8.5657 0.8000 -1.1100
v 8.5657 0.8600 -1.1100
v 8.5057 0.8600 -1.1100
v 8.5057 0.8000 -1.0500
v 8.5657 0.8000 -1.0500
v 8.5657 0.8600 -1.0500
v 8.5057 0.8600 -1.0500
v 8.5629 0.8250 -1.1100
v 8.6229 0.8250 -1.1100
v 8.6229 0.8850 -1.1100
v 8.5629 0.8850 -1.1100
v 8.5629 0.8250 -1.0500
v 8.6229 0.8250 -1.0500
v 8.6229 0.8850 -1.0500
v 8.5629 0.8850 -1.0500
v 8.6200 0.8500 -1.1100
v 8.6800 0.8500 -1.1100
v 8.6800 0.9100 -1.1100
v 8.6200 0.9100 -1.1100
v 8.6200 0.8500 -1.0500
v 8.6800 0.8500 -1.0500
v 8.6800 0.9100 -1.0500
v 8.6200 0.9100 -1.0500
v 8.4000 0.2800 -0.4500
v 9.1000 0.2800 -0.4500
v 9.1000 0.6300 -0.4500
v 8.4000 0.6300 -0.4500
v 8.4000 0.2800 0.4500
v 9.1000 0.2800 0.4500
v 9.1000 0.6300 0.4500
v 8.4000 0.6300 0.4500
v 7.4400 0.3800 0.2000
v 7.5600 0.3800 0.2000
v 7.5600 0.5500 0.2000
v 7.4400 0.5500 0.2000
v 7.4400 0.3800 0.3600
v 7.5600 0.3800 0.3600
v 7.5600 0.5500 0.3600
v 7.4400 0.5500 0.3600
v 7.4400 0.3800 -0.3600
v 7.5600 0.3800 -0.3600
v 7.5600 0.5500 -0.3600
v 7.4400 0.5500 -0.3600
v 7.4400 0.3800 -0.2000
v 7.5600 0.3800 -0.2000
v 7.5600 0.5500 -0.2000
v 7.4400 0.5500 -0.2000
v 9.9400 0.3800 0.2000
v 10.0600 0.3800 0.2000
v 10.0600 0.5500 0.2000
v 9.9400 0.5500 0.2000
v 9.9400 0.3800 0.3600
v 10.0600 0.3800 0.3600
v 10.0600 0.5500 0.3600
v 9.9400 0.5500 0.3600
v 9.9400 0.3800 -0.3600
v 10.0600 0.3800 -0.3600
v 10.0600 0.5500 -0.3600
v 9.9400 0.5500 -0.3600
v 9.9400 0.3800 -0.2000
v 10.0600 0.3800 -0.2000
v 10.0600 0.5500 -0.2000
v 9.9400 0.5500 -0.2000
v 7.0700 0.2494 0.6575
v 7.9300 0.2494 0.6575
v 7.9300 0.6106 0.6575
v 7.0700 0.6106 0.6575
v 7.0700 0.2494 0.7875
v 7.9300 0.2494 0.7875
v 7.9300 0.6106 0.7875
v 7.0700 0.6106 0.7875
v 7.3194 0.0000 0.6575
v 7.6806 0.0000 0.6575
v 7.6806 0.8600 0.6575
v 7.3194 0.8600 0.6575
v 7.3194 0.0000 0.7875
v 7.6806 0.0000 0.7875
v 7.6806 0.8600 0.7875
v 7.3194 0.8600 0.7875
v 7.1646 0.0946 0.6575
v 7.8354 0.0946 0.6575
v 7.8354 0.7654 0.6575
v 7.1646 0.7654 0.6575
v 7.1646 0.0946 0.7875
v 7.8354 0.0946 0.7875
v 7.8354 0.7654 0.7875
v 7.1646 0.7654 0.7875
v 7.3495 0.2795 0.6380
v 7.6505 0.2795 0.6380
v 7.6505 0.5805 0.6380
v 7.3495 0.5805 0.6380
v 7.3495 0.2795 0.8070
v 7.6505 0.2795 0.8070
v 7.6505 0.5805 0.8070
v 7.3495 0.5805 0.8070
v 7.0700 0.2494 -0.7875
v 7.9300 0.2494 -0.7875
v 7.9300 0.6106 -0.7875
v 7.0700 0.6106 -0.7875
v 7.0700 0.2494 -0.6575
v 7.9300 0.2494 -0.6575
v 7.9300 0.6106 -0.6575
v 7.0700 0.6106 -0.6575
v 7.3194 0.0000 -0.7875
v 7.6806 0.0000 -0.7875
v 7.6806 0.8600 -0.7875
v 7.3194 0.8600 -0.7875
v 7.3194 0.0000 -0.6575
v 7.6806 0.0000 -0.6575
v 7.6806 0.8600 -0.6575
v 7.3194 0.8600 -0.6575
v 7.1646 0.0946 -0.7875
v 7.8354 0.0946 -0.7875
v 7.8354 0.7654 -0.7875
v 7.1646 0.7654 -0.7875
v 7.1646 0.0946 -0.6575
v 7.8354 0.0946 -0.6575
v 7.8354 0.7654 -0.6575
v 7.1646 0.7654 -0.6575
v 7.3495 0.2795 -0.8070
v 7.6505 0.2795 -0.8070
v 7.6505 0.5805 -0.8070
v 7.3495 0.5805 -0.8070
v 7.3495 0.2795 -0.6380
v 7.6505 0.2795 -0.6380
v 7.6505 0.5805 -0.6380
v 7.3495 0.5805 -0.6380
v 7.4400 0.3700 -0.8600
v 7.5600 0.3700 -0.8600
v 7.5600 0.4900 -0.8600
v 7.4400 0.4900 -0.8600
v 7.4400 0.3700 0.8600
v 7.5600 0.3700 0.8600
v 7.5600 0.4900 0.8600
v 7.4400 0.4900 0.8600
v 7.1990 0.3036 0.2600
v 7.8010 0.3036 0.2600
v 7.8010 0.5564 0.2600
v 7.1990 0.5564 0.2600
v 7.1990 0.3036 0.3000
v 7.8010 0.3036 0.3000
v 7.8010 0.5564 0.3000
v 7.1990 0.5564 0.3000
v 7.3736 0.1290 0.2600
v 7.6264 0.1290 0.2600
v 7.6264 0.7310 0.2600
v 7.3736 0.7310 0.2600
v 7.3736 0.1290 0.3000
v 7.6264 0.1290 0.3000
v 7.6264 0.7310 0.3000
v 7.3736 0.7310 0.3000
v 7.2652 0.1952 0.2600
v 7.7348 0.1952 0.2600
v 7.7348 0.6648 0.2600
v 7.2652 0.6648 0.2600
v 7.2652 0.1952 0.3000
v 7.7348 0.1952 0.3000
v 7.7348 0.6648 0.3000
v 7.2652 0.6648 0.3000
v 7.1990 0.3036 -0.3000
v 7.8010 0.3036 -0.3000
v 7.8010 0.5564 -0.3000
v 7.1990 0.5564 -0.3000
v 7.1990 0.3036 -0.2600
v 7.8010 0.3036 -0.2600
v 7.8010 0.5564 -0.2600
v 7.1990 0.5564 -0.2600
v 7.3736 0.1290 -0.3000
v 7.6264 0.1290 -0.3000
v 7.6264 0.7310 -0.3000
v 7.3736 0.7310 -0.3000
v 7.3736 0.1290 -0.2600
v 7.6264 0.1290 -0.2600
v 7.6264 0.7310 -0.2600
v 7.3736 0.7310 -0.2600
v 7.2652 0.1952 -0.3000
v 7.7348 0.1952 -0.3000
v 7.7348 0.6648 -0.3000
v 7.2652 0.6648 -0.3000
v 7.2652 0.1952 -0.2600
v 7.7348 0.1952 -0.2600
v 7.7348 0.6648 -0.2600
v 7.2652 0.6648 -0.2600
v 9.5700 0.2494 0.6575
v 10.4300 0.2494 0.6575
v 10.4300 0.6106 0.6575
v 9.5700 0.6106 0.6575
v 9.5700 0.2494 0.7875
v 10.4300 0.2494 0.7875
v 10.4300 0.6106 0.7875
v 9.5700 0.6106 0.7875
v 9.8194 0.0000 0.6575
v 10.1806 0.0000 0.6575
v 10.1806 0.8600 0.6575
v 9.8194 0.8600 0.6575
v 9.8194 0.0000 0.7875
v 10.1806 0.0000 0.7875
v 10.1806 0.8600 0.7875
v 9.8194 0.8600 0.7875
v 9.6646 0.0946 0.6575
v 10.3354 0.0946 0.6575
v 10.3354 0.7654 0.6575
v 9.6646 0.7654 0.6575
v 9.6646 0.0946 0.7875
v 10.3354 0.0946 0.7875
v 10.3354 0.7654 0.7875
v 9.6646 0.7654 0.7875
v 9.8495 0.2795 0.6380
v 10.1505 0.2795 0.6380
v 10.1505 0.5805 0.6380
v 9.8495 0.5805 0.6380
v 9.8495 0.2795 0.8070
v 10.1505 0.2795 0.8070
v 10.1505 0.5805 0.8070
v 9.8495 0.5805 0.8070
v 9.5700 0.2494 -0.7875
v 10.4300 0.2494 -0.7875
v 10.4300 0.6106 -0.7875
v 9.5700 0.6106 -0.7875
v 9.5700 0.2494 -0.6575
v 10.4300 0.2494 -0.6575
v 10.4300 0.6106 -0.6575
v 9.5700 0.6106 -0.6575
v 9.8194 0.0000 -0.7875
v 10.1806 0.0000 -0.7875
v 10.1806 0.8600 -0.7875
v 9.8194 0.8600 -0.7875
v 9.8194 0.0000 -0.6575
v 10.1806 0.0000 -0.6575
v 10.1806 0.8600 -0.6575
v 9.8194 0.8600 -0.6575
v 9.6646 0.0946 -0.7875
v 10.3354 0.0946 -0.7875
v 10.3354 0.7654 -0.7875
v 9.6646 0.7654 -0.7875
v 9.6646 0.0946 -0.6575
v 10.3354 0.0946 -0.6575
v 10.3354 0.7654 -0.6575
v 9.6646 0.7654 -0.6575
v 9.8495 0.2795 -0.8070
v 10.1505 0.2795 -0.8070
v 10.1505 0.5805 -0.8070
v 9.8495 0.5805 -0.8070
v 9.8495 0.2795 -0.6380
v 10.1505 0.2795 -0.6380
v 10.1505 0.5805 -0.6380
v 9.8495 0.5805 -0.6380
v 9.9400 0.3700 -0.8600
v 10.0600 0.3700 -0.8600
v 10.0600 0.4900 -0.8600
v 9.9400 0.4900 -0.8600
v 9.9400 0.3700 0.8600
v 10.0600 0.3700 0.8600
v 10.0600 0.4900 0.8600
v 9.9400 0.4900 0.8600
v 9.6990 0.3036 0.2600
v 10.3010 0.3036 0.2600
v 10.3010 0.5564 0.2600
v 9.6990 0.5564 0.2600
v 9.6990 0.3036 0.3000
v 10.3010 0.3036 0.3000
v 10.3010 0.5564 0.3000
v 9.6990 0.5564 0.3000
v 9.8736 0.1290 0.2600
v 10.1264 0.1290 0.2600
v 10.1264 0.7310 0.2600
v 9.8736 0.7310 0.2600
v 9.8736 0.1290 0.3000
v 10.1264 0.1290 0.3000
v 10.1264 0.7310 0.3000
v 9.8736 0.7310 0.3000
v 9.7652 0.1952 0.2600
v 10.2348 0.1952 0.2600
v 10.2348 0.6648 0.2600
v 9.7652 0.6648 0.2600
v 9.7652 0.1952 0.3000
v 10.2348 0.1952 0.3000
v 10.2348 0.6648 0.3000
v 9.7652 0.6648 0.3000
v 9.6990 0.3036 -0.3000
v 10.3010 0.3036 -0.3000
v 10.3010 0.5564 -0.3000
v 9.6990 0.5564 -0.3000
v 9.6990 0.3036 -0.2600
v 10.3010 0.3036 -0.2600
v 10.3010 0.5564 -0.2600
v 9.6990 0.5564 -0.2600
v 9.8736 0.1290 -0.3000
v 10.1264 0.1290 -0.3000
v 10.1264 0.7310 -0.3000
v 9.8736 0.7310 -0.3000
v 9.8736 0.1290 -0.2600
v 10.1264 0.1290 -0.2600
v 10.1264 0.7310 -0.2600
v 9.8736 0.7310 -0.2600
v 9.7652 0.1952 -0.3000
v 10.2348 0.1952 -0.3000
v 10.2348 0.6648 -0.3000
v 9.7652 0.6648 -0.3000
v 9.7652 0.1952 -0.2600
v 10.2348 0.1952 -0.2600
v 10.2348 0.6648 -0.2600
v 9.7652 0.6648 -0.2600
v -10.4500 0.3100 0.8600
v -7.0500 0.3100 0.8600
v -7.0500 0.7500 0.8600
v -10.4500 0.7500 0.8600
v -10.4500 0.3100 1.0200
v -7.0500 0.3100 1.0200
v -7.0500 0.7500 1.0200
v -10.4500 0.7500 1.0200
v -10.4500 0.3100 -1.0200
v -7.0500 0.3100 -1.0200
v -7.0500 0.7500 -1.0200
v -10.4500 0.7500 -1.0200
v -10.4500 0.3100 -0.8600
v -7.0500 0.3100 -0.8600
v -7.0500 0.7500 -0.8600
v -10.4500 0.7500 -0.8600
v -9.2500 0.6300 -1.0000
v -8.2500 0.6300 -1.0000
v -8.2500 0.8500 -1.0000
v -9.2500 0.8500 -1.0000
v -9.2500 0.6300 1.0000
v -8.2500 0.6300 1.0000
v -8.2500 0.8500 1.0000
v -9.2500 0.8500 1.0000
v -9.1000 0.0800 0.9300
v -8.4000 0.0800 0.9300
v -8.4000 0.4800 0.9300
v -9.1000 0.4800 0.9300
v -9.1000 0.0800 1.0400
v -8.4000 0.0800 1.0400
v -8.4000 0.4800 1.0400
v -9.1000 0.4800 1.0400
v -9.1000 0.0800 -1.0400
v -8.4000 0.0800 -1.0400
v -8.4000 0.4800 -1.0400
v -9.1000 0.4800 -1.0400
v -9.1000 0.0800 -0.9300
v -8.4000 0.0800 -0.9300
v -8.4000 0.4800 -0.9300
v -9.1000 0.4800 -0.9300
v -10.1600 0.2900 0.8200
v -9.8400 0.2900 0.8200
v -9.8400 0.5700 0.8200
v -10.1600 0.5700 0.8200
v -10.1600 0.2900 1.0500
v -9.8400 0.2900 1.0500
v -9.8400 0.5700 1.0500
v -10.1600 0.5700 1.0500
v -10.1600 0.2900 -1.0500
v -9.8400 0.2900 -1.0500
v -9.8400 0.5700 -1.0500
v -10.1600 0.5700 -1.0500
v -10.1600 0.2900 -0.8200
v -9.8400 0.2900 -0.8200
v -9.8400 0.5700 -0.8200
v -10.1600 0.5700 -0.8200
v -10.1300 0.5700 0.8600
v -9.8700 0.5700 0.8600
v -9.8700 0.6300 0.8600
v -10.1300 0.6300 0.8600
v -10.1300 0.5700 1.0000
v -9.8700 0.5700 1.0000
v -9.8700 0.6300 1.0000
v -10.1300 0.6300 1.0000
v -10.1300 0.5700 -1.0000
v -9.8700 0.5700 -1.0000
v -9.8700 0.6300 -1.0000
v -10.1300 0.6300 -1.0000
v -10.1300 0.5700 -0.8600
v -9.8700 0.5700 -0.8600
v -9.8700 0.6300 -0.8600
v -10.1300 0.6300 -0.8600
v -10.1000 0.6300 0.8800
v -9.9000 0.6300 0.8800
v -9.9000 0.6600 0.8800
v -10.1000 0.6600 0.8800
v -10.1000 0.6300 0.9800
v -9.9000 0.6300 0.9800
v -9.9000 0.6600 0.9800
v -10.1000 0.6600 0.9800
v -10.1000 0.6800 0.8800
v -9.9000 0.6800 0.8800
v -9.9000 0.7100 0.8800
v -10.1000 0.7100 0.8800
v -10.1000 0.6800 0.9800
v -9.9000 0.6800 0.9800
v -9.9000 0.7100 0.9800
v -10.1000 0.7100 0.9800
v -10.1000 0.7300 0.8800
v -9.9000 0.7300 0.8800
v -9.9000 0.7600 0.8800
v -10.1000 0.7600 0.8800
v -10.1000 0.7300 0.9800
v -9.9000 0.7300 0.9800
v -9.9000 0.7600 0.9800
v -10.1000 0.7600 0.9800
v -10.1000 0.7800 0.8800
v -9.9000 0.7800 0.8800
v -9.9000 0.8100 0.8800
v -10.1000 0.8100 0.8800
v -10.1000 0.7800 0.9800
v -9.9000 0.7800 0.9800
v -9.9000 0.8100 0.9800
v -10.1000 0.8100 0.9800
v -10.1000 0.6300 -0.9800
v -9.9000 0.6300 -0.9800
v -9.9000 0.6600 -0.9800
v -10.1000 0.6600 -0.9800
v -10.1000 0.6300 -0.8800
v -9.9000 0.6300 -0.8800
v -9.9000 0.6600 -0.8800
v -10.1000 0.6600 -0.8800
v -10.1000 0.6800 -0.9800
v -9.9000 0.6800 -0.9800
v -9.9000 0.7100 -0.9800
v -10.1000 0.7100 -0.9800
v -10.1000 0.6800 -0.8800
v -9.9000 0.6800 -0.8800
v -9.9000 0.7100 -0.8800
v -10.1000 0.7100 -0.8800
v -10.1000 0.7300 -0.9800
v -9.9000 0.7300 -0.9800
v -9.9000 0.7600 -0.9800
v -10.1000 0.7600 -0.9800
v -10.1000 0.7300 -0.8800
v -9.9000 0.7300 -0.8800
v -9.9000 0.7600 -0.8800
v -10.1000 0.7600 -0.8800
v -10.1000 0.7800 -0.9800
v -9.9000 0.7800 -0.9800
v -9.9000 0.8100 -0.9800
v -10.1000 0.8100 -0.9800
v -10.1000 0.7800 -0.8800
v -9.9000 0.7800 -0.8800
v -9.9000 0.8100 -0.8800
v -10.1000 0.8100 -0.8800
v -7.6600 0.2900 0.8200
v -7.3400 0.2900 0.8200
v -7.3400 0.5700 0.8200
v -7.6600 0.5700 0.8200
v -7.6600 0.2900 1.0500
v -7.3400 0.2900 1.0500
v -7.3400 0.5700 1.0500
v -7.6600 0.5700 1.0500
v -7.6600 0.2900 -1.0500
v -7.3400 0.2900 -1.0500
v -7.3400 0.5700 -1.0500
v -7.6600 0.5700 -1.0500
v -7.6600 0.2900 -0.8200
v -7.3400 0.2900 -0.8200
v -7.3400 0.5700 -0.8200
v -7.6600 0.5700 -0.8200
v -7.6300 0.5700 0.8600
v -7.3700 0.5700 0.8600
v -7.3700 0.6300 0.8600
v -7.6300 0.6300 0.8600
v -7.6300 0.5700 1.0000
v -7.3700 0.5700 1.0000
v -7.3700 0.6300 1.0000
v -7.6300 0.6300 1.0000
v -7.6300 0.5700 -1.0000
v -7.3700 0.5700 -1.0000
v -7.3700 0.6300 -1.0000
v -7.6300 0.6300 -1.0000
v -7.6300 0.5700 -0.8600
v -7.3700 0.5700 -0.8600
v -7.3700 0.6300 -0.8600
v -7.6300 0.6300 -0.8600
v -7.6000 0.6300 0.8800
v -7.4000 0.6300 0.8800
v -7.4000 0.6600 0.8800
v -7.6000 0.6600 0.8800
v -7.6000 0.6300 0.9800
v -7.4000 0.6300 0.9800
v -7.4000 0.6600 0.9800
v -7.6000 0.6600 0.9800
v -7.6000 0.6800 0.8800
v -7.4000 0.6800 0.8800
v -7.4000 0.7100 0.8800
v -7.6000 0.7100 0.8800
v -7.6000 0.6800 0.9800
v -7.4000 0.6800 0.9800
v -7.4000 0.7100 0.9800
v -7.6000 0.7100 0.9800
v -7.6000 0.7300 0.8800
v -7.4000 0.7300 0.8800
v -7.4000 0.7600 0.8800
v -7.6000 0.7600 0.8800
v -7.6000 0.7300 0.9800
v -7.4000 0.7300 0.9800
v -7.4000 0.7600 0.9800
v -7.6000 0.7600 0.9800
v -7.6000 0.7800 0.8800
v -7.4000 0.7800 0.8800
v -7.4000 0.8100 0.8800
v -7.6000 0.8100 0.8800
v -7.6000 0.7800 0.9800
v -7.4000 0.7800 0.9800
v -7.4000 0.8100 0.9800
v -7.6000 0.8100 0.9800
v -7.6000 0.6300 -0.9800
v -7.4000 0.6300 -0.9800
v -7.4000 0.6600 -0.9800
v -7.6000 0.6600 -0.9800
v -7.6000 0.6300 -0.8800
v -7.4000 0.6300 -0.8800
v -7.4000 0.6600 -0.8800
v -7.6000 0.6600 -0.8800
v -7.6000 0.6800 -0.9800
v -7.4000 0.6800 -0.9800
v -7.4000 0.7100 -0.9800
v -7.6000 0.7100 -0.9800
v -7.6000 0.6800 -0.8800
v -7.4000 0.6800 -0.8800
v -7.4000 0.7100 -0.8800
v -7.6000 0.7100 -0.8800
v -7.6000 0.7300 -0.9800
v -7.4000 0.7300 -0.9800
v -7.4000 0.7600 -0.9800
v -7.6000 0.7600 -0.9800
v -7.6000 0.7300 -0.8800
v -7.4000 0.7300 -0.8800
v -7.4000 0.7600 -0.8800
v -7.6000 0.7600 -0.8800
v -7.6000 0.7800 -0.9800
v -7.4000 0.7800 -0.9800
v -7.4000 0.8100 -0.9800
v -7.6000 0.8100 -0.9800
v -7.6000 0.7800 -0.8800
v -7.4000 0.7800 -0.8800
v -7.4000 0.8100 -0.8800
v -7.6000 0.8100 -0.8800
v -8.9700 0.8500 0.7200
v -8.5300 0.8500 0.7200
v -8.5300 1.0500 0.7200
v -8.9700 1.0500 0.7200
v -8.9700 0.8500 0.9800
v -8.5300 0.8500 0.9800
v -8.5300 1.0500 0.9800
v -8.9700 1.0500 0.9800
v -8.9700 0.8500 -0.9800
v -8.5300 0.8500 -0.9800
v -8.5300 1.0500 -0.9800
v -8.9700 1.0500 -0.9800
v -8.9700 0.8500 -0.7200
v -8.5300 0.8500 -0.7200
v -8.5300 1.0500 -0.7200
v -8.9700 1.0500 -0.7200
v -9.6800 0.5000 1.0500
v -9.6200 0.5000 1.0500
v -9.6200 0.5600 1.0500
v -9.6800 0.5600 1.0500
v -9.6800 0.5000 1.1100
v -9.6200 0.5000 1.1100
v -9.6200 0.5600 1.1100
v -9.6800 0.5600 1.1100
v -9.6229 0.5250 1.0500
v -9.5629 0.5250 1.0500
v -9.5629 0.5850 1.0500
v -9.6229 0.5850 1.0500
v -9.6229 0.5250 1.1100
v -9.5629 0.5250 1.1100
v -9.5629 0.5850 1.1100
v -9.6229 0.5850 1.1100
v -9.5657 0.5500 1.0500
v -9.5057 0.5500 1.0500
v -9.5057 0.6100 1.0500
v -9.5657 0.6100 1.0500
v -9.5657 0.5500 1.1100
v -9.5057 0.5500 1.1100
v -9.5057 0.6100 1.1100
v -9.5657 0.6100 1.1100
v -9.5086 0.5750 1.0500
v -9.4486 0.5750 1.0500
v -9.4486 0.6350 1.0500
v -9.5086 0.6350 1.0500
v -9.5086 0.5750 1.1100
v -9.4486 0.5750 1.1100
v -9.4486 0.6350 1.1100
v -9.5086 0.6350 1.1100
v -9.4514 0.6000 1.0500
v -9.3914 0.6000 1.0500
v -9.3914 0.6600 1.0500
v -9.4514 0.6600 1.0500
v -9.4514 0.6000 1.1100
v -9.3914 0.6000 1.1100
v -9.3914 0.6600 1.1100
v -9.4514 0.6600 1.1100
v -9.3943 0.6250 1.0500
v -9.3343 0.6250 1.0500
v -9.3343 0.6850 1.0500
v -9.3943 0.6850 1.0500
v -9.3943 0.6250 1.1100
v -9.3343 0.6250 1.1100
v -9.3343 0.6850 1.1100
v -9.3943 0.6850 1.1100
v -9.3371 0.6500 1.0500
v -9.2771 0.6500 1.0500
v -9.2771 0.7100 1.0500
v -9.3371 0.7100 1.0500
v -9.3371 0.6500 1.1100
v -9.2771 0.6500 1.1100
v -9.2771 0.7100 1.1100
v -9.3371 0.7100 1.1100
v -9.2800 0.6750 1.0500
v -9.2200 0.6750 1.0500
v -9.2200 0.7350 1.0500
v -9.2800 0.7350 1.0500
v -9.2800 0.6750 1.1100
v -9.2200 0.6750 1.1100
v -9.2200 0.7350 1.1100
v -9.2800 0.7350 1.1100
v -9.2229 0.7000 1.0500
v -9.1629 0.7000 1.0500
v -9.1629 0.7600 1.0500
v -9.2229 0.7600 1.0500
v -9.2229 0.7000 1.1100
v -9.1629 0.7000 1.1100
v -9.1629 0.7600 1.1100
v -9.2229 0.7600 1.1100
v -9.1657 0.7250 1.0500
v -9.1057 0.7250 1.0500
v -9.1057 0.7850 1.0500
v -9.1657 0.7850 1.0500
v -9.1657 0.7250 1.1100
v -9.1057 0.7250 1.1100
v -9.1057 0.7850 1.1100
v -9.1657 0.7850 1.1100
v -9.1086 0.7500 1.0500
v -9.0486 0.7500 1.0500
v -9.0486 0.8100 1.0500
v -9.1086 0.8100 1.0500
v -9.1086 0.7500 1.1100
v -9.0486 0.7500 1.1100
v -9.0486 0.8100 1.1100
v -9.1086 0.8100 1.1100
v -9.0514 0.7750 1.0500
v -8.9914 0.7750 1.0500
v -8.9914 0.8350 1.0500
v -9.0514 0.8350 1.0500
v -9.0514 0.7750 1.1100
v -8.9914 0.7750 1.1100
v -8.9914 0.8350 1.1100
v -9.0514 0.8350 1.1100
v -8.9943 0.8000 1.0500
v -8.9343 0.8000 1.0500
v -8.9343 0.8600 1.0500
v -8.9943 0.8600 1.0500
v -8.9943 0.8000 1.1100
v -8.9343 0.8000 1.1100
v -8.9343 0.8600 1.1100
v -8.9943 0.8600 1.1100
v -8.9371 0.8250 1.0500
v -8.8771 0.8250 1.0500
v -8.8771 0.8850 1.0500
v -8.9371 0.8850 1.0500
v -8.9371 0.8250 1.1100
v -8.8771 0.8250 1.1100
v -8.8771 0.8850 1.1100
v -8.9371 0.8850 1.1100
v -8.8800 0.8500 1.0500
v -8.8200 0.8500 1.0500
v -8.8200 0.9100 1.0500
v -8.8800 0.9100 1.0500
v -8.8800 0.8500 1.1100
v -8.8200 0.8500 1.1100
v -8.8200 0.9100 1.1100
v -8.8800 0.9100 1.1100
v -9.6800 0.5000 -1.1100
v -9.6200 0.5000 -1.1100
v -9.6200 0.5600 -1.1100
v -9.6800 0.5600 -1.1100
v -9.6800 0.5000 -1.0500
v -9.6200 0.5000 -1.0500
v -9.6200 0.5600 -1.0500
v -9.6800 0.5600 -1.0500
v -9.6229 0.5250 -1.1100
v -9.5629 0.5250 -1.1100
v -9.5629 0.5850 -1.1100
v -9.6229 0.5850 -1.1100
v -9.6229 0.5250 -1.0500
v -9.5629 0.5250 -1.0500
v -9.5629 0.5850 -1.0500
v -9.6229 0.5850 -1.0500
v -9.5657 0.5500 -1.1100
v -9.5057 0.5500 -1.1100
v -9.5057 0.6100 -1.1100
v -9.5657 0.6100 -1.1100
v -9.5657 0.5500 -1.0500
v -9.5057 0.5500 -1.0500
v -9.5057 0.6100 -1.0500
v -9.5657 0.6100 -1.0500
v -9.5086 0.5750 -1.1100
v -9.4486 0.5750 -1.1100
v -9.4486 0.6350 -1.1100
v -9.5086 0.6350 -1.1100
v -9.5086 0.5750 -1.0500
v -9.4486 0.5750 -1.0500
v -9.4486 0.6350 -1.0500
v -9.5086 0.6350 -1.0500
v -9.4514 0.6000 -1.1100
v -9.3914 0.6000 -1.1100
v -9.3914 0.6600 -1.1100
v -9.4514 0.6600 -1.1100
v -9.4514 0.6000 -1.0500
v -9.3914 0.6000 -1.0500
v -9.3914 0.6600 -1.0500
v -9.4514 0.6600 -1.0500
v -9.3943 0.6250 -1.1100
v -9.3343 0.6250 -1.1100
v -9.3343 0.6850 -1.1100
v -9.3943 0.6850 -1.1100
v -9.3943 0.6250 -1.0500
v -9.3343 0.6250 -1.0500
v -9.3343 0.6850 -1.0500
v -9.3943 0.6850 -1.0500
v -9.3371 0.6500 -1.1100
v -9.2771 0.6500 -1.1100
v -9.2771 0.7100 -1.1100
v -9.3371 0.7100 -1.1100
v -9.3371 0.6500 -1.0500
v -9.2771 0.6500 -1.0500
v -9.2771 0.7100 -1.0500
v -9.3371 0.7100 -1.0500
v -9.2800 0.6750 -1.1100
v -9.2200 0.6750 -1.1100
v -9.2200 0.7350 -1.1100
v -9.2800 0.7350 -1.1100
v -9.2800 0.6750 -1.0500
v -9.2200 0.6750 -1.0500
v -9.2200 0.7350 -1.0500
v -9.2800 0.7350 -1.0500
v -9.2229 0.7000 -1.1100
v -9.1629 0.7000 -1.1100
v -9.1629 0.7600 -1.1100
v -9.2229 0.7600 -1.1100
v -9.2229 0.7000 -1.0500
v -9.1629 0.7000 -1.0500
v -9.1629 0.7600 -1.0500
v -9.2229 0.7600 -1.0500
v -9.1657 0.7250 -1.1100
v -9.1057 0.7250 -1.1100
v -9.1057 0.7850 -1.1100
v -9.1657 0.7850 -1.1100
v -9.1657 0.7250 -1.0500
v -9.1057 0.7250 -1.0500
v -9.1057 0.7850 -1.0500
v -9.1657 0.7850 -1.0500
v -9.1086 0.7500 -1.1100
v -9.0486 0.7500 -1.1100
v -9.0486 0.8100 -1.1100
v -9.1086 0.8100 -1.1100
v -9.1086 0.7500 -1.0500
v -9.0486 0.7500 -1.0500
v -9.0486 0.8100 -1.0500
v -9.1086 0.8100 -1.0500
v -9.0514 0.7750 -1.1100
v -8.9914 0.7750 -1.1100
v -8.9914 0.8350 -1.1100
v -9.0514 0.8350 -1.1100
v -9.0514 0.7750 -1.0500
v -8.9914 0.7750 -1.0500
v -8.9914 0.8350 -1.0500
v -9.0514 0.8350 -1.0500
v -8.9943 0.8000 -1.1100
v -8.9343 0.8000 -1.1100
v -8.9343 0.8600 -1.1100
v -8.9943 0.8600 -1.1100
v -8.9943 0.8000 -1.0500
v -8.9343 0.8000 -1.0500
v -8.9343 0.8600 -1.0500
v -8.9943 0.8600 -1.0500
v -8.9371 0.8250 -1.1100
v -8.8771 0.8250 -1.1100
v -8.8771 0.8850 -1.1100
v -8.9371 0.8850 -1.1100
v -8.9371 0.8250 -1.0500
v -8.8771 0.8250 -1.0500
v -8.8771 0.8850 -1.0500
v -8.9371 0.8850 -1.0500
v -8.8800 0.8500 -1.1100
v -8.8200 0.8500 -1.1100
v -8.8200 0.9100 -1.1100
v -8.8800 0.9100 -1.1100
v -8.8800 0.8500 -1.0500
v -8.8200 0.8500 -1.0500
v -8.8200 0.9100 -1.0500
v -8.8800 0.9100 -1.0500
v -9.1000 0.2800 -0.4500
v -8.4000 0.2800 -0.4500
v -8.4000 0.6300 -0.4500
v -9.1000 0.6300 -0.4500
v -9.1000 0.2800 0.4500
v -8.4000 0.2800 0.4500
v -8.4000 0.6300 0.4500
v -9.1000 0.6300 0.4500
v -10.0600 0.3800 0.2000
v -9.9400 0.3800 0.2000
v -9.9400 0.5500 0.2000
v -10.0600 0.5500 0.2000
v -10.0600 0.3800 0.3600
v -9.9400 0.3800 0.3600
v -9.9400 0.5500 0.3600
v -10.0600 0.5500 0.3600
v -10.0600 0.3800 -0.3600
v -9.9400 0.3800 -0.3600
v -9.9400 0.5500 -0.3600
v -10.0600 0.5500 -0.3600
v -10.0600 0.3800 -0.2000
v -9.9400 0.3800 -0.2000
v -9.9400 0.5500 -0.2000
v -10.0600 0.5500 -0.2000
v -7.5600 0.3800 0.2000
v -7.4400 0.3800 0.2000
v -7.4400 0.5500 0.2000
v -7.5600 0.5500 0.2000
v -7.5600 0.3800 0.3600
v -7.4400 0.3800 0.3600
v -7.4400 0.5500 0.3600
v -7.5600 0.5500 0.3600
v -7.5600 0.3800 -0.3600
v -7.4400 0.3800 -0.3600
v -7.4400 0.5500 -0.3600
v -7.5600 0.5500 -0.3600
v -7.5600 0.3800 -0.2000
v -7.4400 0.3800 -0.2000
v -7.4400 0.5500 -0.2000
v -7.5600 0.5500 -0.2000
v -10.4300 0.2494 0.6575
v -9.5700 0.2494 0.6575
v -9.5700 0.6106 0.6575
v -10.4300 0.6106 0.6575
v -10.4300 0.2494 0.7875
v -9.5700 0.2494 0.7875
v -9.5700 0.6106 0.7875
v -10.4300 0.6106 0.7875
v -10.1806 0.0000 0.6575
v -9.8194 0.0000 0.6575
v -9.8194 0.8600 0.6575
v -10.1806 0.8600 0.6575
v -10.1806 0.0000 0.7875
v -9.8194 0.0000 0.7875
v -9.8194 0.8600 0.7875
v -10.1806 0.8600 0.7875
v -10.3354 0.0946 0.6575
v -9.6646 0.0946 0.6575
v -9.6646 0.7654 0.6575
v -10.3354 0.7654 0.6575
v -10.3354 0.0946 0.7875
v -9.6646 0.0946 0.7875
v -9.6646 0.7654 0.7875
v -10.3354 0.7654 0.7875
v -10.1505 0.2795 0.6380
v -9.8495 0.2795 0.6380
v -9.8495 0.5805 0.6380
v -10.1505 0.5805 0.6380
v -10.1505 0.2795 0.8070
v -9.8495 0.2795 0.8070
v -9.8495 0.5805 0.8070
v -10.1505 0.5805 0.8070
v -10.4300 0.2494 -0.7875
v -9.5700 0.2494 -0.7875
v -9.5700 0.6106 -0.7875
v -10.4300 0.6106 -0.7875
v -10.4300 0.2494 -0.6575
v -9.5700 0.2494 -0.6575
v -9.5700 0.6106 -0.6575
v -10.4300 0.6106 -0.6575
v -10.1806 0.0000 -0.7875
v -9.8194 0.0000 -0.7875
v -9.8194 0.8600 -0.7875
v -10.1806 0.8600 -0.7875
v -10.1806 0.0000 -0.6575
v -9.8194 0.0000 -0.6575
v -9.8194 0.8600 -0.6575
v -10.1806 0.8600 -0.6575
v -10.3354 0.0946 -0.7875
v -9.6646 0.0946 -0.7875
v -9.6646 0.7654 -0.7875
v -10.3354 0.7654 -0.7875
v -10.3354 0.0946 -0.6575
v -9.6646 0.0946 -0.6575
v -9.6646 0.7654 -0.6575
v -10.3354 0.7654 -0.6575
v -10.1505 0.2795 -0.8070
v -9.8495 0.2795 -0.8070
v -9.8495 0.5805 -0.8070
v -10.1505 0.5805 -0.8070
v -10.1505 0.2795 -0.6380
v -9.8495 0.2795 -0.6380
v -9.8495 0.5805 -0.6380
v -10.1505 0.5805 -0.6380
v -10.0600 0.3700 -0.8600
v -9.9400 0.3700 -0.8600
v -9.9400 0.4900 -0.8600
v -10.0600 0.4900 -0.8600
v -10.0600 0.3700 0.8600
v -9.9400 0.3700 0.8600
v -9.9400 0.4900 0.8600
v -10.0600 0.4900 0.8600
v -10.3010 0.3036 0.2600
v -9.6990 0.3036 0.2600
v -9.6990 0.5564 0.2600
v -10.3010 0.5564 0.2600
v -10.3010 0.3036 0.3000
v -9.6990 0.3036 0.3000
v -9.6990 0.5564 0.3000
v -10.3010 0.5564 0.3000
v -10.1264 0.1290 0.2600
v -9.8736 0.1290 0.2600
v -9.8736 0.7310 0.2600
v -10.1264 0.7310 0.2600
v -10.1264 0.1290 0.3000
v -9.8736 0.1290 0.3000
v -9.8736 0.7310 0.3000
v -10.1264 0.7310 0.3000
v -10.2348 0.1952 0.2600
v -9.7652 0.1952 0.2600
v -9.7652 0.6648 0.2600
v -10.2348 0.6648 0.2600
v -10.2348 0.1952 0.3000
v -9.7652 0.1952 0.3000
v -9.7652 0.6648 0.3000
v -10.2348 0.6648 0.3000
v -10.3010 0.3036 -0.3000
v -9.6990 0.3036 -0.3000
v -9.6990 0.5564 -0.3000
v -10.3010 0.5564 -0.3000
v -10.3010 0.3036 -0.2600
v -9.6990 0.3036 -0.2600
v -9.6990 0.5564 -0.2600
v -10.3010 0.5564 -0.2600
v -10.1264 0.1290 -0.3000
v -9.8736 0.1290 -0.3000
v -9.8736 0.7310 -0.3000
v -10.1264 0.7310 -0.3000
v -10.1264 0.1290 -0.2600
v -9.8736 0.1290 -0.2600
v -9.8736 0.7310 -0.2600
v -10.1264 0.7310 -0.2600
v -10.2348 0.1952 -0.3000
v -9.7652 0.1952 -0.3000
v -9.7652 0.6648 -0.3000
v -10.2348 0.6648 -0.3000
v -10.2348 0.1952 -0.2600
v -9.7652 0.1952 -0.2600
v -9.7652 0.6648 -0.2600
v -10.2348 0.6648 -0.2600
v -7.9300 0.2494 0.6575
v -7.0700 0.2494 0.6575
v -7.0700 0.6106 0.6575
v -7.9300 0.6106 0.6575
v -7.9300 0.2494 0.7875
v -7.0700 0.2494 0.7875
v -7.0700 0.6106 0.7875
v -7.9300 0.6106 0.7875
v -7.6806 0.0000 0.6575
v -7.3194 0.0000 0.6575
v -7.3194 0.8600 0.6575
v -7.6806 0.8600 0.6575
v -7.6806 0.0000 0.7875
v -7.3194 0.0000 0.7875
v -7.3194 0.8600 0.7875
v -7.6806 0.8600 0.7875
v -7.8354 0.0946 0.6575
v -7.1646 0.0946 0.6575
v -7.1646 0.7654 0.6575
v -7.8354 0.7654 0.6575
v -7.8354 0.0946 0.7875
v -7.1646 0.0946 0.7875
v -7.1646 0.7654 0.7875
v -7.8354 0.7654 0.7875
v -7.6505 0.2795 0.6380
v -7.3495 0.2795 0.6380
v -7.3495 0.5805 0.6380
v -7.6505 0.5805 0.6380
v -7.6505 0.2795 0.8070
v -7.3495 0.2795 0.8070
v -7.3495 0.5805 0.8070
v -7.6505 0.5805 0.8070
v -7.9300 0.2494 -0.7875
v -7.0700 0.2494 -0.7875
v -7.0700 0.6106 -0.7875
v -7.9300 0.6106 -0.7875
v -7.9300 0.2494 -0.6575
v -7.0700 0.2494 -0.6575
v -7.0700 0.6106 -0.6575
v -7.9300 0.6106 -0.6575
v -7.6806 0.0000 -0.7875
v -7.3194 0.0000 -0.7875
v -7.3194 0.8600 -0.7875
v -7.6806 0.8600 -0.7875
v -7.6806 0.0000 -0.6575
v -7.3194 0.0000 -0.6575
v -7.3194 0.8600 -0.6575
v -7.6806 0.8600 -0.6575
v -7.8354 0.0946 -0.7875
v -7.1646 0.0946 -0.7875
v -7.1646 0.7654 -0.7875
v -7.8354 0.7654 -0.7875
v -7.8354 0.0946 -0.6575
v -7.1646 0.0946 -0.6575
v -7.1646 0.7654 -0.6575
v -7.8354 0.7654 -0.6575
v -7.6505 0.2795 -0.8070
v -7.3495 0.2795 -0.8070
v -7.3495 0.5805 -0.8070
v -7.6505 0.5805 -0.8070
v -7.6505 0.2795 -0.6380
v -7.3495 0.2795 -0.6380
v -7.3495 0.5805 -0.6380
v -7.6505 0.5805 -0.6380
v -7.5600 0.3700 -0.8600
v -7.4400 0.3700 -0.8600
v -7.4400 0.4900 -0.8600
v -7.5600 0.4900 -0.8600
v -7.5600 0.3700 0.8600
v -7.4400 0.3700 0.8600
v -7.4400 0.4900 0.8600
v -7.5600 0.4900 0.8600
v -7.8010 0.3036 0.2600
v -7.1990 0.3036 0.2600
v -7.1990 0.5564 0.2600
v -7.8010 0.5564 0.2600
v -7.8010 0.3036 0.3000
v -7.1990 0.3036 0.3000
v -7.1990 0.5564 0.3000
v -7.8010 0.5564 0.3000
v -7.6264 0.1290 0.2600
v -7.3736 0.1290 0.2600
v -7.3736 0.7310 0.2600
v -7.6264 0.7310 0.2600
v -7.6264 0.1290 0.3000
v -7.3736 0.1290 0.3000
v -7.3736 0.7310 0.3000
v -7.6264 0.7310 0.3000
v -7.7348 0.1952 0.2600
v -7.2652 0.1952 0.2600
v -7.2652 0.6648 0.2600
v -7.7348 0.6648 0.2600
v -7.7348 0.1952 0.3000
v -7.2652 0.1952 0.3000
v -7.2652 0.6648 0.3000
v -7.7348 0.6648 0.3000
v -7.8010 0.3036 -0.3000
v -7.1990 0.3036 -0.3000
v -7.1990 0.5564 -0.3000
v -7.8010 0.5564 -0.3000
v -7.8010 0.3036 -0.2600
v -7.1990 0.3036 -0.2600
v -7.1990 0.5564 -0.2600
v -7.8010 0.5564 -0.2600
v -7.6264 0.1290 -0.3000
v -7.3736 0.1290 -0.3000
v -7.3736 0.7310 -0.3000
v -7.6264 0.7310 -0.3000
v -7.6264 0.1290 -0.2600
v -7.3736 0.1290 -0.2600
v -7.3736 0.7310 -0.2600
v -7.6264 0.7310 -0.2600
v -7.7348 0.1952 -0.3000
v -7.2652 0.1952 -0.3000
v -7.2652 0.6648 -0.3000
v -7.7348 0.6648 -0.3000
v -7.7348 0.1952 -0.2600
v -7.2652 0.1952 -0.2600
v -7.2652 0.6648 -0.2600
v -7.7348 0.6648 -0.2600
v 10.5200 0.5500 0.2459
v 10.6800 0.5500 0.2459
v 10.6800 0.7800 0.2459
v 10.5200 0.7800 0.2459
v 10.5200 0.5500 0.5269
v 10.6800 0.5500 0.5269
v 10.6800 0.7800 0.5269
v 10.5200 0.7800 0.5269
v 10.5200 0.5500 -0.5269
v 10.6800 0.5500 -0.5269
v 10.6800 0.7800 -0.5269
v 10.5200 0.7800 -0.5269
v 10.5200 0.5500 -0.2459
v 10.6800 0.5500 -0.2459
v 10.6800 0.7800 -0.2459
v 10.5200 0.7800 -0.2459
v 10.5000 0.5500 0.5569
v 10.6600 0.5500 0.5569
v 10.6600 0.7800 0.5569
v 10.5000 0.7800 0.5569
v 10.5000 0.5500 0.6534
v 10.6600 0.5500 0.6534
v 10.6600 0.7800 0.6534
v 10.5000 0.7800 0.6534
v 10.5000 0.5500 -0.6534
v 10.6600 0.5500 -0.6534
v 10.6600 0.7800 -0.6534
v 10.5000 0.7800 -0.6534
v 10.5000 0.5500 -0.5569
v 10.6600 0.5500 -0.5569
v 10.6600 0.7800 -0.5569
v 10.5000 0.7800 -0.5569
v -10.6750 3.7600 0.4200
v 4.1750 3.7600 0.4200
v 4.1750 3.7900 0.4200
v -10.6750 3.7900 0.4200
v -10.6750 3.7600 0.6200
v 4.1750 3.7600 0.6200
v 4.1750 3.7900 0.6200
v -10.6750 3.7900 0.6200
v -10.6750 3.7600 -0.6200
v 4.1750 3.7600 -0.6200
v 4.1750 3.7900 -0.6200
v -10.6750 3.7900 -0.6200
v -10.6750 3.7600 -0.4200
v 4.1750 3.7600 -0.4200
v 4.1750 3.7900 -0.4200
v -10.6750 3.7900 -0.4200
v -9.0250 2.7700 1.4400
v -7.4250 2.7700 1.4400
v -7.4250 2.9700 1.4400
v -9.0250 2.9700 1.4400
v -9.0250 2.7700 1.4620
v -7.4250 2.7700 1.4620
v -7.4250 2.9700 1.4620
v -9.0250 2.9700 1.4620
v -9.0250 2.7700 -1.4620
v -7.4250 2.7700 -1.4620
v -7.4250 2.9700 -1.4620
v -9.0250 2.9700 -1.4620
v -9.0250 2.7700 -1.4400
v -7.4250 2.7700 -1.4400
v -7.4250 2.9700 -1.4400
v -9.0250 2.9700 -1.4400
v -10.9750 1.2250 -1.3800
v 8.1500 1.2250 -1.3800
v 8.1500 1.2540 -1.3800
v -10.9750 1.2540 -1.3800
v -10.9750 1.2250 1.3800
v 8.1500 1.2250 1.3800
v 8.1500 1.2540 1.3800
v -10.9750 1.2540 1.3800
v -10.9750 1.2540 -0.3600
v 8.1500 1.2540 -0.3600
v 8.1500 1.2570 -0.3600
v -10.9750 1.2570 -0.3600
v -10.9750 1.2540 0.3600
v 8.1500 1.2540 0.3600
v 8.1500 1.2570 0.3600
v -10.9750 1.2570 0.3600
v -10.9750 3.7900 -1.3800
v 4.4750 3.7900 -1.3800
v 4.4750 3.8300 -1.3800
v -10.9750 3.8300 -1.3800
v -10.9750 3.7900 1.3800
v 4.4750 3.7900 1.3800
v 4.4750 3.8300 1.3800
v -10.9750 3.8300 1.3800
v -11.0350 1.2500 0.5200
v -10.9550 1.2500 0.5200
v -10.9550 3.8300 0.5200
v -11.0350 3.8300 0.5200
v -11.0350 1.2500 1.3800
v -10.9550 1.2500 1.3800
v -10.9550 3.8300 1.3800
v -11.0350 3.8300 1.3800
v -11.0350 1.2500 -1.3800
v -10.9550 1.2500 -1.3800
v -10.9550 3.8300 -1.3800
v -11.0350 3.8300 -1.3800
v -11.0350 1.2500 -0.5200
v -10.9550 1.2500 -0.5200
v -10.9550 3.8300 -0.5200
v -11.0350 3.8300 -0.5200
v -11.0350 3.3000 -0.5200
v -10.9550 3.3000 -0.5200
v -10.9550 3.8300 -0.5200
v -11.0350 3.8300 -0.5200
v -11.0350 3.3000 0.5200
v -10.9550 3.3000 0.5200
v -10.9550 3.8300 0.5200
v -11.0350 3.8300 0.5200
v -11.0550 3.3000 -0.5000
v -10.9350 3.3000 -0.5000
v -10.9350 3.7000 -0.5000
v -11.0550 3.7000 -0.5000
v -11.0550 3.3000 0.5000
v -10.9350 3.3000 0.5000
v -10.9350 3.7000 0.5000
v -11.0550 3.7000 0.5000
v -11.0450 1.2500 -0.5000
v -10.9650 1.2500 -0.5000
v -10.9650 3.3000 -0.5000
v -11.0450 3.3000 -0.5000
v -11.0450 1.2500 0.5000
v -10.9650 1.2500 0.5000
v -10.9650 3.3000 0.5000
v -11.0450 3.3000 0.5000
v -11.0470 2.2500 -0.4000
v -10.9670 2.2500 -0.4000
v -10.9670 3.1500 -0.4000
v -11.0470 3.1500 -0.4000
v -11.0470 2.2500 0.4000
v -10.9670 2.2500 0.4000
v -10.9670 3.1500 0.4000
v -11.0470 3.1500 0.4000
v -10.2750 1.2500 1.3800
v -9.7750 1.2500 1.3800
v -9.7750 1.6500 1.3800
v -10.2750 1.6500 1.3800
v -10.2750 1.2500 1.4380
v -9.7750 1.2500 1.4380
v -9.7750 1.6500 1.4380
v -10.2750 1.6500 1.4380
v -10.2750 2.6300 1.3800
v -9.7750 2.6300 1.3800
v -9.7750 2.8700 1.3800
v -10.2750 2.8700 1.3800
v -10.2750 2.6300 1.4380
v -9.7750 2.6300 1.4380
v -9.7750 2.8700 1.4380
v -10.2750 2.8700 1.4380
v -10.2750 1.6500 1.3800
v -10.2050 1.6500 1.3800
v -10.2050 2.6300 1.3800
v -10.2750 2.6300 1.3800
v -10.2750 1.6500 1.4380
v -10.2050 1.6500 1.4380
v -10.2050 2.6300 1.4380
v -10.2750 2.6300 1.4380
v -9.8450 1.6500 1.3800
v -9.7750 1.6500 1.3800
v -9.7750 2.6300 1.3800
v -9.8450 2.6300 1.3800
v -9.8450 1.6500 1.4380
v -9.7750 1.6500 1.4380
v -9.7750 2.6300 1.4380
v -9.8450 2.6300 1.4380
v -10.2050 1.6500 1.4000
v -9.8450 1.6500 1.4000
v -9.8450 2.6300 1.4000
v -10.2050 2.6300 1.4000
v -10.2050 1.6500 1.4180
v -9.8450 1.6500 1.4180
v -9.8450 2.6300 1.4180
v -10.2050 2.6300 1.4180
v -9.7900 1.2500 1.3750
v -9.7600 1.2500 1.3750
v -9.7600 2.8700 1.3750
v -9.7900 2.8700 1.3750
v -9.7900 1.2500 1.4430
v -9.7600 1.2500 1.4430
v -9.7600 2.8700 1.4430
v -9.7900 2.8700 1.4430
v -9.7750 1.2500 1.3800
v -9.2750 1.2500 1.3800
v -9.2750 1.6500 1.3800
v -9.7750 1.6500 1.3800
v -9.7750 1.2500 1.4380
v -9.2750 1.2500 1.4380
v -9.2750 1.6500 1.4380
v -9.7750 1.6500 1.4380
v -9.7750 2.6300 1.3800
v -9.2750 2.6300 1.3800
v -9.2750 2.8700 1.3800
v -9.7750 2.8700 1.3800
v -9.7750 2.6300 1.4380
v -9.2750 2.6300 1.4380
v -9.2750 2.8700 1.4380
v -9.7750 2.8700 1.4380
v -9.7750 1.6500 1.3800
v -9.7050 1.6500 1.3800
v -9.7050 2.6300 1.3800
v -9.7750 2.6300 1.3800
v -9.7750 1.6500 1.4380
v -9.7050 1.6500 1.4380
v -9.7050 2.6300 1.4380
v -9.7750 2.6300 1.4380
v -9.3450 1.6500 1.3800
v -9.2750 1.6500 1.3800
v -9.2750 2.6300 1.3800
v -9.3450 2.6300 1.3800
v -9.3450 1.6500 1.4380
v -9.2750 1.6500 1.4380
v -9.2750 2.6300 1.4380
v -9.3450 2.6300 1.4380
v -9.7050 1.6500 1.4000
v -9.3450 1.6500 1.4000
v -9.3450 2.6300 1.4000
v -9.7050 2.6300 1.4000
v -9.7050 1.6500 1.4180
v -9.3450 1.6500 1.4180
v -9.3450 2.6300 1.4180
v -9.7050 2.6300 1.4180
v -9.7900 1.2500 1.3750
v -9.7600 1.2500 1.3750
v -9.7600 2.8700 1.3750
v -9.7900 2.8700 1.3750
v -9.7900 1.2500 1.4430
v -9.7600 1.2500 1.4430
v -9.7600 2.8700 1.4430
v -9.7900 2.8700 1.4430
v -10.2750 1.2500 1.1200
v -9.2750 1.2500 1.1200
v -9.2750 1.2550 1.1200
v -10.2750 1.2550 1.1200
v -10.2750 1.2500 1.3700
v -9.2750 1.2500 1.3700
v -9.2750 1.2550 1.3700
v -10.2750 1.2550 1.3700
v -10.2250 2.8900 1.3300
v -9.3250 2.8900 1.3300
v -9.3250 3.0700 1.3300
v -10.2250 3.0700 1.3300
v -10.2250 2.8900 1.3700
v -9.3250 2.8900 1.3700
v -9.3250 3.0700 1.3700
v -10.2250 3.0700 1.3700
v -10.2750 1.2500 -1.3700
v -9.2750 1.2500 -1.3700
v -9.2750 1.2550 -1.3700
v -10.2750 1.2550 -1.3700
v -10.2750 1.2500 -1.1200
v -9.2750 1.2500 -1.1200
v -9.2750 1.2550 -1.1200
v -10.2750 1.2550 -1.1200
v -10.2250 2.8900 -1.3700
v -9.3250 2.8900 -1.3700
v -9.3250 3.0700 -1.3700
v -10.2250 3.0700 -1.3700
v -10.2250 2.8900 -1.3300
v -9.3250 2.8900 -1.3300
v -9.3250 3.0700 -1.3300
v -10.2250 3.0700 -1.3300
v -10.2750 1.2500 -1.4380
v -9.7750 1.2500 -1.4380
v -9.7750 1.6500 -1.4380
v -10.2750 1.6500 -1.4380
v -10.2750 1.2500 -1.3800
v -9.7750 1.2500 -1.3800
v -9.7750 1.6500 -1.3800
v -10.2750 1.6500 -1.3800
v -10.2750 2.6300 -1.4380
v -9.7750 2.6300 -1.4380
v -9.7750 2.8700 -1.4380
v -10.2750 2.8700 -1.4380
v -10.2750 2.6300 -1.3800
v -9.7750 2.6300 -1.3800
v -9.7750 2.8700 -1.3800
v -10.2750 2.8700 -1.3800
v -10.2750 1.6500 -1.4380
v -10.2050 1.6500 -1.4380
v -10.2050 2.6300 -1.4380
v -10.2750 2.6300 -1.4380
v -10.2750 1.6500 -1.3800
v -10.2050 1.6500 -1.3800
v -10.2050 2.6300 -1.3800
v -10.2750 2.6300 -1.3800
v -9.8450 1.6500 -1.4380
v -9.7750 1.6500 -1.4380
v -9.7750 2.6300 -1.4380
v -9.8450 2.6300 -1.4380
v -9.8450 1.6500 -1.3800
v -9.7750 1.6500 -1.3800
v -9.7750 2.6300 -1.3800
v -9.8450 2.6300 -1.3800
v -10.2050 1.6500 -1.4180
v -9.8450 1.6500 -1.4180
v -9.8450 2.6300 -1.4180
v -10.2050 2.6300 -1.4180
v -10.2050 1.6500 -1.4000
v -9.8450 1.6500 -1.4000
v -9.8450 2.6300 -1.4000
v -10.2050 2.6300 -1.4000
v -9.7900 1.2500 -1.4430
v -9.7600 1.2500 -1.4430
v -9.7600 2.8700 -1.4430
v -9.7900 2.8700 -1.4430
v -9.7900 1.2500 -1.3750
v -9.7600 1.2500 -1.3750
v -9.7600 2.8700 -1.3750
v -9.7900 2.8700 -1.3750
v -9.7750 1.2500 -1.4380
v -9.2750 1.2500 -1.4380
v -9.2750 1.6500 -1.4380
v -9.7750 1.6500 -1.4380
v -9.7750 1.2500 -1.3800
v -9.2750 1.2500 -1.3800
v -9.2750 1.6500 -1.3800
v -9.7750 1.6500 -1.3800
v -9.7750 2.6300 -1.4380
v -9.2750 2.6300 -1.4380
v -9.2750 2.8700 -1.4380
v -9.7750 2.8700 -1.4380
v -9.7750 2.6300 -1.3800
v -9.2750 2.6300 -1.3800
v -9.2750 2.8700 -1.3800
v -9.7750 2.8700 -1.3800
v -9.7750 1.6500 -1.4380
v -9.7050 1.6500 -1.4380
v -9.7050 2.6300 -1.4380
v -9.7750 2.6300 -1.4380
v -9.7750 1.6500 -1.3800
v -9.7050 1.6500 -1.3800
v -9.7050 2.6300 -1.3800
v -9.7750 2.6300 -1.3800
v -9.3450 1.6500 -1.4380
v -9.2750 1.6500 -1.4380
v -9.2750 2.6300 -1.4380
v -9.3450 2.6300 -1.4380
v -9.3450 1.6500 -1.3800
v -9.2750 1.6500 -1.3800
v -9.2750 2.6300 -1.3800
v -9.3450 2.6300 -1.3800
v -9.7050 1.6500 -1.4180
v -9.3450 1.6500 -1.4180
v -9.3450 2.6300 -1.4180
v -9.7050 2.6300 -1.4180
v -9.7050 1.6500 -1.4000
v -9.3450 1.6500 -1.4000
v -9.3450 2.6300 -1.4000
v -9.7050 2.6300 -1.4000
v -9.7900 1.2500 -1.4430
v -9.7600 1.2500 -1.4430
v -9.7600 2.8700 -1.4430
v -9.7900 2.8700 -1.4430
v -9.7900 1.2500 -1.3750
v -9.7600 1.2500 -1.3750
v -9.7600 2.8700 -1.3750
v -9.7900 2.8700 -1.3750
v -8.4050 1.2500 -1.2550
v -8.0450 1.2500 -1.2550
v -8.0450 1.6300 -1.2550
v -8.4050 1.6300 -1.2550
v -8.4050 1.2500 -0.9550
v -8.0450 1.2500 -0.9550
v -8.0450 1.6300 -0.9550
v -8.4050 1.6300 -0.9550
v -8.4050 1.2500 -0.7950
v -8.0450 1.2500 -0.7950
v -8.0450 1.6300 -0.7950
v -8.4050 1.6300 -0.7950
v -8.4050 1.2500 -0.4950
v -8.0450 1.2500 -0.4950
v -8.0450 1.6300 -0.4950
v -8.4050 1.6300 -0.4950
v -8.4050 1.2500 0.9550
v -8.0450 1.2500 0.9550
v -8.0450 1.6300 0.9550
v -8.4050 1.6300 0.9550
v -8.4050 1.2500 1.2550
v -8.0450 1.2500 1.2550
v -8.0450 1.6300 1.2550
v -8.4050 1.6300 1.2550
v -8.4050 1.2500 0.4950
v -8.0450 1.2500 0.4950
v -8.0450 1.6300 0.4950
v -8.4050 1.6300 0.4950
v -8.4050 1.2500 0.7950
v -8.0450 1.2500 0.7950
v -8.0450 1.6300 0.7950
v -8.4050 1.6300 0.7950
v -7.4050 1.2500 -1.2550
v -7.0450 1.2500 -1.2550
v -7.0450 1.6300 -1.2550
v -7.4050 1.6300 -1.2550
v -7.4050 1.2500 -0.9550
v -7.0450 1.2500 -0.9550
v -7.0450 1.6300 -0.9550
v -7.4050 1.6300 -0.9550
v -7.4050 1.2500 -0.7950
v -7.0450 1.2500 -0.7950
v -7.0450 1.6300 -0.7950
v -7.4050 1.6300 -0.7950
v -7.4050 1.2500 -0.4950
v -7.0450 1.2500 -0.4950
v -7.0450 1.6300 -0.4950
v -7.4050 1.6300 -0.4950
v -7.4050 1.2500 0.9550
v -7.0450 1.2500 0.9550
v -7.0450 1.6300 0.9550
v -7.4050 1.6300 0.9550
v -7.4050 1.2500 1.2550
v -7.0450 1.2500 1.2550
v -7.0450 1.6300 1.2550
v -7.4050 1.6300 1.2550
v -7.4050 1.2500 0.4950
v -7.0450 1.2500 0.4950
v -7.0450 1.6300 0.4950
v -7.4050 1.6300 0.4950
v -7.4050 1.2500 0.7950
v -7.0450 1.2500 0.7950
v -7.0450 1.6300 0.7950
v -7.4050 1.6300 0.7950
v -6.4050 1.2500 -1.2550
v -6.0450 1.2500 -1.2550
v -6.0450 1.6300 -1.2550
v -6.4050 1.6300 -1.2550
v -6.4050 1.2500 -0.9550
v -6.0450 1.2500 -0.9550
v -6.0450 1.6300 -0.9550
v -6.4050 1.6300 -0.9550
v -6.4050 1.2500 -0.7950
v -6.0450 1.2500 -0.7950
v -6.0450 1.6300 -0.7950
v -6.4050 1.6300 -0.7950
v -6.4050 1.2500 -0.4950
v -6.0450 1.2500 -0.4950
v -6.0450 1.6300 -0.4950
v -6.4050 1.6300 -0.4950
v -6.4050 1.2500 0.9550
v -6.0450 1.2500 0.9550
v -6.0450 1.6300 0.9550
v -6.4050 1.6300 0.9550
v -6.4050 1.2500 1.2550
v -6.0450 1.2500 1.2550
v -6.0450 1.6300 1.2550
v -6.4050 1.6300 1.2550
v -6.4050 1.2500 0.4950
v -6.0450 1.2500 0.4950
v -6.0450 1.6300 0.4950
v -6.4050 1.6300 0.4950
v -6.4050 1.2500 0.7950
v -6.0450 1.2500 0.7950
v -6.0450 1.6300 0.7950
v -6.4050 1.6300 0.7950
v -5.4050 1.2500 -1.2550
v -5.0450 1.2500 -1.2550
v -5.0450 1.6300 -1.2550
v -5.4050 1.6300 -1.2550
v -5.4050 1.2500 -0.9550
v -5.0450 1.2500 -0.9550
v -5.0450 1.6300 -0.9550
v -5.4050 1.6300 -0.9550
v -5.4050 1.2500 -0.7950
v -5.0450 1.2500 -0.7950
v -5.0450 1.6300 -0.7950
v -5.4050 1.6300 -0.7950
v -5.4050 1.2500 -0.4950
v -5.0450 1.2500 -0.4950
v -5.0450 1.6300 -0.4950
v -5.4050 1.6300 -0.4950
v -5.4050 1.2500 0.9550
v -5.0450 1.2500 0.9550
v -5.0450 1.6300 0.9550
v -5.4050 1.6300 0.9550
v -5.4050 1.2500 1.2550
v -5.0450 1.2500 1.2550
v -5.0450 1.6300 1.2550
v -5.4050 1.6300 1.2550
v -5.4050 1.2500 0.4950
v -5.0450 1.2500 0.4950
v -5.0450 1.6300 0.4950
v -5.4050 1.6300 0.4950
v -5.4050 1.2500 0.7950
v -5.0450 1.2500 0.7950
v -5.0450 1.6300 0.7950
v -5.4050 1.6300 0.7950
v -4.4050 1.2500 -1.2550
v -4.0450 1.2500 -1.2550
v -4.0450 1.6300 -1.2550
v -4.4050 1.6300 -1.2550
v -4.4050 1.2500 -0.9550
v -4.0450 1.2500 -0.9550
v -4.0450 1.6300 -0.9550
v -4.4050 1.6300 -0.9550
v -4.4050 1.2500 -0.7950
v -4.0450 1.2500 -0.7950
v -4.0450 1.6300 -0.7950
v -4.4050 1.6300 -0.7950
v -4.4050 1.2500 -0.4950
v -4.0450 1.2500 -0.4950
v -4.0450 1.6300 -0.4950
v -4.4050 1.6300 -0.4950
v -4.4050 1.2500 0.9550
v -4.0450 1.2500 0.9550
v -4.0450 1.6300 0.9550
v -4.4050 1.6300 0.9550
v -4.4050 1.2500 1.2550
v -4.0450 1.2500 1.2550
v -4.0450 1.6300 1.2550
v -4.4050 1.6300 1.2550
v -4.4050 1.2500 0.4950
v -4.0450 1.2500 0.4950
v -4.0450 1.6300 0.4950
v -4.4050 1.6300 0.4950
v -4.4050 1.2500 0.7950
v -4.0450 1.2500 0.7950
v -4.0450 1.6300 0.7950
v -4.4050 1.6300 0.7950
v -3.4050 1.2500 -1.2550
v -3.0450 1.2500 -1.2550
v -3.0450 1.6300 -1.2550
v -3.4050 1.6300 -1.2550
v -3.4050 1.2500 -0.9550
v -3.0450 1.2500 -0.9550
v -3.0450 1.6300 -0.9550
v -3.4050 1.6300 -0.9550
v -3.4050 1.2500 -0.7950
v -3.0450 1.2500 -0.7950
v -3.0450 1.6300 -0.7950
v -3.4050 1.6300 -0.7950
v -3.4050 1.2500 -0.4950
v -3.0450 1.2500 -0.4950
v -3.0450 1.6300 -0.4950
v -3.4050 1.6300 -0.4950
v -3.4050 1.2500 0.9550
v -3.0450 1.2500 0.9550
v -3.0450 1.6300 0.9550
v -3.4050 1.6300 0.9550
v -3.4050 1.2500 1.2550
v -3.0450 1.2500 1.2550
v -3.0450 1.6300 1.2550
v -3.4050 1.6300 1.2550
v -3.4050 1.2500 0.4950
v -3.0450 1.2500 0.4950
v -3.0450 1.6300 0.4950
v -3.4050 1.6300 0.4950
v -3.4050 1.2500 0.7950
v -3.0450 1.2500 0.7950
v -3.0450 1.6300 0.7950
v -3.4050 1.6300 0.7950
v -2.4050 1.2500 -1.2550
v -2.0450 1.2500 -1.2550
v -2.0450 1.6300 -1.2550
v -2.4050 1.6300 -1.2550
v -2.4050 1.2500 -0.9550
v -2.0450 1.2500 -0.9550
v -2.0450 1.6300 -0.9550
v -2.4050 1.6300 -0.9550
v -2.4050 1.2500 -0.7950
v -2.0450 1.2500 -0.7950
v -2.0450 1.6300 -0.7950
v -2.4050 1.6300 -0.7950
v -2.4050 1.2500 -0.4950
v -2.0450 1.2500 -0.4950
v -2.0450 1.6300 -0.4950
v -2.4050 1.6300 -0.4950
v -2.4050 1.2500 0.9550
v -2.0450 1.2500 0.9550
v -2.0450 1.6300 0.9550
v -2.4050 1.6300 0.9550
v -2.4050 1.2500 1.2550
v -2.0450 1.2500 1.2550
v -2.0450 1.6300 1.2550
v -2.4050 1.6300 1.2550
v -2.4050 1.2500 0.4950
v -2.0450 1.2500 0.4950
v -2.0450 1.6300 0.4950
v -2.4050 1.6300 0.4950
v -2.4050 1.2500 0.7950
v -2.0450 1.2500 0.7950
v -2.0450 1.6300 0.7950
v -2.4050 1.6300 0.7950
v -1.4050 1.2500 -1.2550
v -1.0450 1.2500 -1.2550
v -1.0450 1.6300 -1.2550
v -1.4050 1.6300 -1.2550
v -1.4050 1.2500 -0.9550
v -1.0450 1.2500 -0.9550
v -1.0450 1.6300 -0.9550
v -1.4050 1.6300 -0.9550
v -1.4050 1.2500 -0.7950
v -1.0450 1.2500 -0.7950
v -1.0450 1.6300 -0.7950
v -1.4050 1.6300 -0.7950
v -1.4050 1.2500 -0.4950
v -1.0450 1.2500 -0.4950
v -1.0450 1.6300 -0.4950
v -1.4050 1.6300 -0.4950
v -1.4050 1.2500 0.9550
v -1.0450 1.2500 0.9550
v -1.0450 1.6300 0.9550
v -1.4050 1.6300 0.9550
v -1.4050 1.2500 1.2550
v -1.0450 1.2500 1.2550
v -1.0450 1.6300 1.2550
v -1.4050 1.6300 1.2550
v -1.4050 1.2500 0.4950
v -1.0450 1.2500 0.4950
v -1.0450 1.6300 0.4950
v -1.4050 1.6300 0.4950
v -1.4050 1.2500 0.7950
v -1.0450 1.2500 0.7950
v -1.0450 1.6300 0.7950
v -1.4050 1.6300 0.7950
v -0.4050 1.2500 -1.2550
v -0.0450 1.2500 -1.2550
v -0.0450 1.6300 -1.2550
v -0.4050 1.6300 -1.2550
v -0.4050 1.2500 -0.9550
v -0.0450 1.2500 -0.9550
v -0.0450 1.6300 -0.9550
v -0.4050 1.6300 -0.9550
v -0.4050 1.2500 -0.7950
v -0.0450 1.2500 -0.7950
v -0.0450 1.6300 -0.7950
v -0.4050 1.6300 -0.7950
v -0.4050 1.2500 -0.4950
v -0.0450 1.2500 -0.4950
v -0.0450 1.6300 -0.4950
v -0.4050 1.6300 -0.4950
v -0.4050 1.2500 0.9550
v -0.0450 1.2500 0.9550
v -0.0450 1.6300 0.9550
v -0.4050 1.6300 0.9550
v -0.4050 1.2500 1.2550
v -0.0450 1.2500 1.2550
v -0.0450 1.6300 1.2550
v -0.4050 1.6300 1.2550
v -0.4050 1.2500 0.4950
v -0.0450 1.2500 0.4950
v -0.0450 1.6300 0.4950
v -0.4050 1.6300 0.4950
v -0.4050 1.2500 0.7950
v -0.0450 1.2500 0.7950
v -0.0450 1.6300 0.7950
v -0.4050 1.6300 0.7950
v 0.5950 1.2500 -1.2550
v 0.9550 1.2500 -1.2550
v 0.9550 1.6300 -1.2550
v 0.5950 1.6300 -1.2550
v 0.5950 1.2500 -0.9550
v 0.9550 1.2500 -0.9550
v 0.9550 1.6300 -0.9550
v 0.5950 1.6300 -0.9550
v 0.5950 1.2500 -0.7950
v 0.9550 1.2500 -0.7950
v 0.9550 1.6300 -0.7950
v 0.5950 1.6300 -0.7950
v 0.5950 1.2500 -0.4950
v 0.9550 1.2500 -0.4950
v 0.9550 1.6300 -0.4950
v 0.5950 1.6300 -0.4950
v 0.5950 1.2500 0.9550
v 0.9550 1.2500 0.9550
v 0.9550 1.6300 0.9550
v 0.5950 1.6300 0.9550
v 0.5950 1.2500 1.2550
v 0.9550 1.2500 1.2550
v 0.9550 1.6300 1.2550
v 0.5950 1.6300 1.2550
v 0.5950 1.2500 0.4950
v 0.9550 1.2500 0.4950
v 0.9550 1.6300 0.4950
v 0.5950 1.6300 0.4950
v 0.5950 1.2500 0.7950
v 0.9550 1.2500 0.7950
v 0.9550 1.6300 0.7950
v 0.5950 1.6300 0.7950
v 1.5950 1.2500 -1.2550
v 1.9550 1.2500 -1.2550
v 1.9550 1.6300 -1.2550
v 1.5950 1.6300 -1.2550
v 1.5950 1.2500 -0.9550
v 1.9550 1.2500 -0.9550
v 1.9550 1.6300 -0.9550
v 1.5950 1.6300 -0.9550
v 1.5950 1.2500 -0.7950
v 1.9550 1.2500 -0.7950
v 1.9550 1.6300 -0.7950
v 1.5950 1.6300 -0.7950
v 1.5950 1.2500 -0.4950
v 1.9550 1.2500 -0.4950
v 1.9550 1.6300 -0.4950
v 1.5950 1.6300 -0.4950
v 1.5950 1.2500 0.9550
v 1.9550 1.2500 0.9550
v 1.9550 1.6300 0.9550
v 1.5950 1.6300 0.9550
v 1.5950 1.2500 1.2550
v 1.9550 1.2500 1.2550
v 1.9550 1.6300 1.2550
v 1.5950 1.6300 1.2550
v 1.5950 1.2500 0.4950
v 1.9550 1.2500 0.4950
v 1.9550 1.6300 0.4950
v 1.5950 1.6300 0.4950
v 1.5950 1.2500 0.7950
v 1.9550 1.2500 0.7950
v 1.9550 1.6300 0.7950
v 1.5950 1.6300 0.7950
v 2.5950 1.2500 -1.2550
v 2.9550 1.2500 -1.2550
v 2.9550 1.6300 -1.2550
v 2.5950 1.6300 -1.2550
v 2.5950 1.2500 -0.9550
v 2.9550 1.2500 -0.9550
v 2.9550 1.6300 -0.9550
v 2.5950 1.6300 -0.9550
v 2.5950 1.2500 -0.7950
v 2.9550 1.2500 -0.7950
v 2.9550 1.6300 -0.7950
v 2.5950 1.6300 -0.7950
v 2.5950 1.2500 -0.4950
v 2.9550 1.2500 -0.4950
v 2.9550 1.6300 -0.4950
v 2.5950 1.6300 -0.4950
v 2.5950 1.2500 0.9550
v 2.9550 1.2500 0.9550
v 2.9550 1.6300 0.9550
v 2.5950 1.6300 0.9550
v 2.5950 1.2500 1.2550
v 2.9550 1.2500 1.2550
v 2.9550 1.6300 1.2550
v 2.5950 1.6300 1.2550
v 2.5950 1.2500 0.4950
v 2.9550 1.2500 0.4950
v 2.9550 1.6300 0.4950
v 2.5950 1.6300 0.4950
v 2.5950 1.2500 0.7950
v 2.9550 1.2500 0.7950
v 2.9550 1.6300 0.7950
v 2.5950 1.6300 0.7950
v -8.4450 1.6300 -1.3150
v -7.9750 1.6300 -1.3150
v -7.9750 1.7500 -1.3150
v -8.4450 1.7500 -1.3150
v -8.4450 1.6300 -0.8950
v -7.9750 1.6300 -0.8950
v -7.9750 1.7500 -0.8950
v -8.4450 1.7500 -0.8950
v -8.5450 1.7000 -1.3150
v -8.4250 1.7000 -1.3150
v -8.4250 2.3700 -1.3150
v -8.5450 2.3700 -1.3150
v -8.5450 1.7000 -0.8950
v -8.4250 1.7000 -0.8950
v -8.4250 2.3700 -0.8950
v -8.5450 2.3700 -0.8950
v -8.5600 2.2000 -1.2750
v -8.4100 2.2000 -1.2750
v -8.4100 2.4100 -1.2750
v -8.5600 2.4100 -1.2750
v -8.5600 2.2000 -0.9350
v -8.4100 2.2000 -0.9350
v -8.4100 2.4100 -0.9350
v -8.5600 2.4100 -0.9350
v -8.5850 1.8500 -1.2550
v -8.5450 1.8500 -1.2550
v -8.5450 2.2000 -1.2550
v -8.5850 2.2000 -1.2550
v -8.5850 1.8500 -0.9550
v -8.5450 1.8500 -0.9550
v -8.5450 2.2000 -0.9550
v -8.5850 2.2000 -0.9550
v -8.5450 1.7000 -0.8550
v -8.4250 1.7000 -0.8550
v -8.4250 2.3700 -0.8550
v -8.5450 2.3700 -0.8550
v -8.5450 1.7000 -0.4350
v -8.4250 1.7000 -0.4350
v -8.4250 2.3700 -0.4350
v -8.5450 2.3700 -0.4350
v -8.5600 2.2000 -0.8150
v -8.4100 2.2000 -0.8150
v -8.4100 2.4100 -0.8150
v -8.5600 2.4100 -0.8150
v -8.5600 2.2000 -0.4750
v -8.4100 2.2000 -0.4750
v -8.4100 2.4100 -0.4750
v -8.5600 2.4100 -0.4750
v -8.5850 1.8500 -0.7950
v -8.5450 1.8500 -0.7950
v -8.5450 2.2000 -0.7950
v -8.5850 2.2000 -0.7950
v -8.5850 1.8500 -0.4950
v -8.5450 1.8500 -0.4950
v -8.5450 2.2000 -0.4950
v -8.5850 2.2000 -0.4950
v -8.5450 1.7000 0.8950
v -8.4250 1.7000 0.8950
v -8.4250 2.3700 0.8950
v -8.5450 2.3700 0.8950
v -8.5450 1.7000 1.3150
v -8.4250 1.7000 1.3150
v -8.4250 2.3700 1.3150
v -8.5450 2.3700 1.3150
v -8.5600 2.2000 0.9350
v -8.4100 2.2000 0.9350
v -8.4100 2.4100 0.9350
v -8.5600 2.4100 0.9350
v -8.5600 2.2000 1.2750
v -8.4100 2.2000 1.2750
v -8.4100 2.4100 1.2750
v -8.5600 2.4100 1.2750
v -8.5850 1.8500 0.9550
v -8.5450 1.8500 0.9550
v -8.5450 2.2000 0.9550
v -8.5850 2.2000 0.9550
v -8.5850 1.8500 1.2550
v -8.5450 1.8500 1.2550
v -8.5450 2.2000 1.2550
v -8.5850 2.2000 1.2550
v -8.5450 1.7000 0.4350
v -8.4250 1.7000 0.4350
v -8.4250 2.3700 0.4350
v -8.5450 2.3700 0.4350
v -8.5450 1.7000 0.8550
v -8.4250 1.7000 0.8550
v -8.4250 2.3700 0.8550
v -8.5450 2.3700 0.8550
v -8.5600 2.2000 0.4750
v -8.4100 2.2000 0.4750
v -8.4100 2.4100 0.4750
v -8.5600 2.4100 0.4750
v -8.5600 2.2000 0.8150
v -8.4100 2.2000 0.8150
v -8.4100 2.4100 0.8150
v -8.5600 2.4100 0.8150
v -8.5850 1.8500 0.4950
v -8.5450 1.8500 0.4950
v -8.5450 2.2000 0.4950
v -8.5850 2.2000 0.4950
v -8.5850 1.8500 0.7950
v -8.5450 1.8500 0.7950
v -8.5450 2.2000 0.7950
v -8.5850 2.2000 0.7950
v -7.5450 1.7000 -1.3150
v -7.4250 1.7000 -1.3150
v -7.4250 2.3700 -1.3150
v -7.5450 2.3700 -1.3150
v -7.5450 1.7000 -0.8950
v -7.4250 1.7000 -0.8950
v -7.4250 2.3700 -0.8950
v -7.5450 2.3700 -0.8950
v -7.5600 2.2000 -1.2750
v -7.4100 2.2000 -1.2750
v -7.4100 2.4100 -1.2750
v -7.5600 2.4100 -1.2750
v -7.5600 2.2000 -0.9350
v -7.4100 2.2000 -0.9350
v -7.4100 2.4100 -0.9350
v -7.5600 2.4100 -0.9350
v -7.5850 1.8500 -1.2550
v -7.5450 1.8500 -1.2550
v -7.5450 2.2000 -1.2550
v -7.5850 2.2000 -1.2550
v -7.5850 1.8500 -0.9550
v -7.5450 1.8500 -0.9550
v -7.5450 2.2000 -0.9550
v -7.5850 2.2000 -0.9550
v -7.5450 1.7000 -0.8550
v -7.4250 1.7000 -0.8550
v -7.4250 2.3700 -0.8550
v -7.5450 2.3700 -0.8550
v -7.5450 1.7000 -0.4350
v -7.4250 1.7000 -0.4350
v -7.4250 2.3700 -0.4350
v -7.5450 2.3700 -0.4350
v -7.5600 2.2000 -0.8150
v -7.4100 2.2000 -0.8150
v -7.4100 2.4100 -0.8150
v -7.5600 2.4100 -0.8150
v -7.5600 2.2000 -0.4750
v -7.4100 2.2000 -0.4750
v -7.4100 2.4100 -0.4750
v -7.5600 2.4100 -0.4750
v -7.5850 1.8500 -0.7950
v -7.5450 1.8500 -0.7950
v -7.5450 2.2000 -0.7950
v -7.5850 2.2000 -0.7950
v -7.5850 1.8500 -0.4950
v -7.5450 1.8500 -0.4950
v -7.5450 2.2000 -0.4950
v -7.5850 2.2000 -0.4950
v -7.5450 1.7000 0.8950
v -7.4250 1.7000 0.8950
v -7.4250 2.3700 0.8950
v -7.5450 2.3700 0.8950
v -7.5450 1.7000 1.3150
v -7.4250 1.7000 1.3150
v -7.4250 2.3700 1.3150
v -7.5450 2.3700 1.3150
v -7.5600 2.2000 0.9350
v -7.4100 2.2000 0.9350
v -7.4100 2.4100 0.9350
v -7.5600 2.4100 0.9350
v -7.5600 2.2000 1.2750
v -7.4100 2.2000 1.2750
v -7.4100 2.4100 1.2750
v -7.5600 2.4100 1.2750
v -7.5850 1.8500 0.9550
v -7.5450 1.8500 0.9550
v -7.5450 2.2000 0.9550
v -7.5850 2.2000 0.9550
v -7.5850 1.8500 1.2550
v -7.5450 1.8500 1.2550
v -7.5450 2.2000 1.2550
v -7.5850 2.2000 1.2550
v -7.5450 1.7000 0.4350
v -7.4250 1.7000 0.4350
v -7.4250 2.3700 0.4350
v -7.5450 2.3700 0.4350
v -7.5450 1.7000 0.8550
v -7.4250 1.7000 0.8550
v -7.4250 2.3700 0.8550
v -7.5450 2.3700 0.8550
v -7.5600 2.2000 0.4750
v -7.4100 2.2000 0.4750
v -7.4100 2.4100 0.4750
v -7.5600 2.4100 0.4750
v -7.5600 2.2000 0.8150
v -7.4100 2.2000 0.8150
v -7.4100 2.4100 0.8150
v -7.5600 2.4100 0.8150
v -7.5850 1.8500 0.4950
v -7.5450 1.8500 0.4950
v -7.5450 2.2000 0.4950
v -7.5850 2.2000 0.4950
v -7.5850 1.8500 0.7950
v -7.5450 1.8500 0.7950
v -7.5450 2.2000 0.7950
v -7.5850 2.2000 0.7950
v -6.5450 1.7000 -1.3150
v -6.4250 1.7000 -1.3150
v -6.4250 2.3700 -1.3150
v -6.5450 2.3700 -1.3150
v -6.5450 1.7000 -0.8950
v -6.4250 1.7000 -0.8950
v -6.4250 2.3700 -0.8950
v -6.5450 2.3700 -0.8950
v -6.5600 2.2000 -1.2750
v -6.4100 2.2000 -1.2750
v -6.4100 2.4100 -1.2750
v -6.5600 2.4100 -1.2750
v -6.5600 2.2000 -0.9350
v -6.4100 2.2000 -0.9350
v -6.4100 2.4100 -0.9350
v -6.5600 2.4100 -0.9350
v -6.5850 1.8500 -1.2550
v -6.5450 1.8500 -1.2550
v -6.5450 2.2000 -1.2550
v -6.5850 2.2000 -1.2550
v -6.5850 1.8500 -0.9550
v -6.5450 1.8500 -0.9550
v -6.5450 2.2000 -0.9550
v -6.5850 2.2000 -0.9550
v -6.5450 1.7000 -0.8550
v -6.4250 1.7000 -0.8550
v -6.4250 2.3700 -0.8550
v -6.5450 2.3700 -0.8550
v -6.5450 1.7000 -0.4350
v -6.4250 1.7000 -0.4350
v -6.4250 2.3700 -0.4350
v -6.5450 2.3700 -0.4350
v -6.5600 2.2000 -0.8150
v -6.4100 2.2000 -0.8150
v -6.4100 2.4100 -0.8150
v -6.5600 2.4100 -0.8150
v -6.5600 2.2000 -0.4750
v -6.4100 2.2000 -0.4750
v -6.4100 2.4100 -0.4750
v -6.5600 2.4100 -0.4750
v -6.5850 1.8500 -0.7950
v -6.5450 1.8500 -0.7950
v -6.5450 2.2000 -0.7950
v -6.5850 2.2000 -0.7950
v -6.5850 1.8500 -0.4950
v -6.5450 1.8500 -0.4950
v -6.5450 2.2000 -0.4950
v -6.5850 2.2000 -0.4950
v -6.5450 1.7000 0.8950
v -6.4250 1.7000 0.8950
v -6.4250 2.3700 0.8950
v -6.5450 2.3700 0.8950
v -6.5450 1.7000 1.3150
v -6.4250 1.7000 1.3150
v -6.4250 2.3700 1.3150
v -6.5450 2.3700 1.3150
v -6.5600 2.2000 0.9350
v -6.4100 2.2000 0.9350
v -6.4100 2.4100 0.9350
v -6.5600 2.4100 0.9350
v -6.5600 2.2000 1.2750
v -6.4100 2.2000 1.2750
v -6.4100 2.4100 1.2750
v -6.5600 2.4100 1.2750
v -6.5850 1.8500 0.9550
v -6.5450 1.8500 0.9550
v -6.5450 2.2000 0.9550
v -6.5850 2.2000 0.9550
v -6.5850 1.8500 1.2550
v -6.5450 1.8500 1.2550
v -6.5450 2.2000 1.2550
v -6.5850 2.2000 1.2550
v -6.5450 1.7000 0.4350
v -6.4250 1.7000 0.4350
v -6.4250 2.3700 0.4350
v -6.5450 2.3700 0.4350
v -6.5450 1.7000 0.8550
v -6.4250 1.7000 0.8550
v -6.4250 2.3700 0.8550
v -6.5450 2.3700 0.8550
v -6.5600 2.2000 0.4750
v -6.4100 2.2000 0.4750
v -6.4100 2.4100 0.4750
v -6.5600 2.4100 0.4750
v -6.5600 2.2000 0.8150
v -6.4100 2.2000 0.8150
v -6.4100 2.4100 0.8150
v -6.5600 2.4100 0.8150
v -6.5850 1.8500 0.4950
v -6.5450 1.8500 0.4950
v -6.5450 2.2000 0.4950
v -6.5850 2.2000 0.4950
v -6.5850 1.8500 0.7950
v -6.5450 1.8500 0.7950
v -6.5450 2.2000 0.7950
v -6.5850 2.2000 0.7950
v -5.5450 1.7000 -1.3150
v -5.4250 1.7000 -1.3150
v -5.4250 2.3700 -1.3150
v -5.5450 2.3700 -1.3150
v -5.5450 1.7000 -0.8950
v -5.4250 1.7000 -0.8950
v -5.4250 2.3700 -0.8950
v -5.5450 2.3700 -0.8950
v -5.5600 2.2000 -1.2750
v -5.4100 2.2000 -1.2750
v -5.4100 2.4100 -1.2750
v -5.5600 2.4100 -1.2750
v -5.5600 2.2000 -0.9350
v -5.4100 2.2000 -0.9350
v -5.4100 2.4100 -0.9350
v -5.5600 2.4100 -0.9350
v -5.5850 1.8500 -1.2550
v -5.5450 1.8500 -1.2550
v -5.5450 2.2000 -1.2550
v -5.5850 2.2000 -1.2550
v -5.5850 1.8500 -0.9550
v -5.5450 1.8500 -0.9550
v -5.5450 2.2000 -0.9550
v -5.5850 2.2000 -0.9550
v -5.5450 1.7000 -0.8550
v -5.4250 1.7000 -0.8550
v -5.4250 2.3700 -0.8550
v -5.5450 2.3700 -0.8550
v -5.5450 1.7000 -0.4350
v -5.4250 1.7000 -0.4350
v -5.4250 2.3700 -0.4350
v -5.5450 2.3700 -0.4350
v -5.5600 2.2000 -0.8150
v -5.4100 2.2000 -0.8150
v -5.4100 2.4100 -0.8150
v -5.5600 2.4100 -0.8150
v -5.5600 2.2000 -0.4750
v -5.4100 2.2000 -0.4750
v -5.4100 2.4100 -0.4750
v -5.5600 2.4100 -0.4750
v -5.5850 1.8500 -0.7950
v -5.5450 1.8500 -0.7950
v -5.5450 2.2000 -0.7950
v -5.5850 2.2000 -0.7950
v -5.5850 1.8500 -0.4950
v -5.5450 1.8500 -0.4950
v -5.5450 2.2000 -0.4950
v -5.5850 2.2000 -0.4950
v -5.5450 1.7000 0.8950
v -5.4250 1.7000 0.8950
v -5.4250 2.3700 0.8950
v -5.5450 2.3700 0.8950
v -5.5450 1.7000 1.3150
v -5.4250 1.7000 1.3150
v -5.4250 2.3700 1.3150
v -5.5450 2.3700 1.3150
v -5.5600 2.2000 0.9350
v -5.4100 2.2000 0.9350
v -5.4100 2.4100 0.9350
v -5.5600 2.4100 0.9350
v -5.5600 2.2000 1.2750
v -5.4100 2.2000 1.2750
v -5.4100 2.4100 1.2750
v -5.5600 2.4100 1.2750
v -5.5850 1.8500 0.9550
v -5.5450 1.8500 0.9550
v -5.5450 2.2000 0.9550
v -5.5850 2.2000 0.9550
v -5.5850 1.8500 1.2550
v -5.5450 1.8500 1.2550
v -5.5450 2.2000 1.2550
v -5.5850 2.2000 1.2550
v -5.5450 1.7000 0.4350
v -5.4250 1.7000 0.4350
v -5.4250 2.3700 0.4350
v -5.5450 2.3700 0.4350
v -5.5450 1.7000 0.8550
v -5.4250 1.7000 0.8550
v -5.4250 2.3700 0.8550
v -5.5450 2.3700 0.8550
v -5.5600 2.2000 0.4750
v -5.4100 2.2000 0.4750
v -5.4100 2.4100 0.4750
v -5.5600 2.4100 0.4750
v -5.5600 2.2000 0.8150
v -5.4100 2.2000 0.8150
v -5.4100 2.4100 0.8150
v -5.5600 2.4100 0.8150
v -5.5850 1.8500 0.4950
v -5.5450 1.8500 0.4950
v -5.5450 2.2000 0.4950
v -5.5850 2.2000 0.4950
v -5.5850 1.8500 0.7950
v -5.5450 1.8500 0.7950
v -5.5450 2.2000 0.7950
v -5.5850 2.2000 0.7950
v -4.5450 1.7000 -1.3150
v -4.4250 1.7000 -1.3150
v -4.4250 2.3700 -1.3150
v -4.5450 2.3700 -1.3150
v -4.5450 1.7000 -0.8950
v -4.4250 1.7000 -0.8950
v -4.4250 2.3700 -0.8950
v -4.5450 2.3700 -0.8950
v -4.5600 2.2000 -1.2750
v -4.4100 2.2000 -1.2750
v -4.4100 2.4100 -1.2750
v -4.5600 2.4100 -1.2750
v -4.5600 2.2000 -0.9350
v -4.4100 2.2000 -0.9350
v -4.4100 2.4100 -0.9350
v -4.5600 2.4100 -0.9350
v -4.5850 1.8500 -1.2550
v -4.5450 1.8500 -1.2550
v -4.5450 2.2000 -1.2550
v -4.5850 2.2000 -1.2550
v -4.5850 1.8500 -0.9550
v -4.5450 1.8500 -0.9550
v -4.5450 2.2000 -0.9550
v -4.5850 2.2000 -0.9550
v -4.5450 1.7000 -0.8550
v -4.4250 1.7000 -0.8550
v -4.4250 2.3700 -0.8550
v -4.5450 2.3700 -0.8550
v -4.5450 1.7000 -0.4350
v -4.4250 1.7000 -0.4350
v -4.4250 2.3700 -0.4350
v -4.5450 2.3700 -0.4350
v -4.5600 2.2000 -0.8150
v -4.4100 2.2000 -0.8150
v -4.4100 2.4100 -0.8150
v -4.5600 2.4100 -0.8150
v -4.5600 2.2000 -0.4750
v -4.4100 2.2000 -0.4750
v -4.4100 2.4100 -0.4750
v -4.5600 2.4100 -0.4750
v -4.5850 1.8500 -0.7950
v -4.5450 1.8500 -0.7950
v -4.5450 2.2000 -0.7950
v -4.5850 2.2000 -0.7950
v -4.5850 1.8500 -0.4950
v -4.5450 1.8500 -0.4950
v -4.5450 2.2000 -0.4950
v -4.5850 2.2000 -0.4950
v -4.5450 1.7000 0.8950
v -4.4250 1.7000 0.8950
v -4.4250 2.3700 0.8950
v -4.5450 2.3700 0.8950
v -4.5450 1.7000 1.3150
v -4.4250 1.7000 1.3150
v -4.4250 2.3700 1.3150
v -4.5450 2.3700 1.3150
v -4.5600 2.2000 0.9350
v -4.4100 2.2000 0.9350
v -4.4100 2.4100 0.9350
v -4.5600 2.4100 0.9350
v -4.5600 2.2000 1.2750
v -4.4100 2.2000 1.2750
v -4.4100 2.4100 1.2750
v -4.5600 2.4100 1.2750
v -4.5850 1.8500 0.9550
v -4.5450 1.8500 0.9550
v -4.5450 2.2000 0.9550
v -4.5850 2.2000 0.9550
v -4.5850 1.8500 1.2550
v -4.5450 1.8500 1.2550
v -4.5450 2.2000 1.2550
v -4.5850 2.2000 1.2550
v -4.5450 1.7000 0.4350
v -4.4250 1.7000 0.4350
v -4.4250 2.3700 0.4350
v -4.5450 2.3700 0.4350
v -4.5450 1.7000 0.8550
v -4.4250 1.7000 0.8550
v -4.4250 2.3700 0.8550
v -4.5450 2.3700 0.8550
v -4.5600 2.2000 0.4750
v -4.4100 2.2000 0.4750
v -4.4100 2.4100 0.4750
v -4.5600 2.4100 0.4750
v -4.5600 2.2000 0.8150
v -4.4100 2.2000 0.8150
v -4.4100 2.4100 0.8150
v -4.5600 2.4100 0.8150
v -4.5850 1.8500 0.4950
v -4.5450 1.8500 0.4950
v -4.5450 2.2000 0.4950
v -4.5850 2.2000 0.4950
v -4.5850 1.8500 0.7950
v -4.5450 1.8500 0.7950
v -4.5450 2.2000 0.7950
v -4.5850 2.2000 0.7950
v -3.5450 1.7000 -1.3150
v -3.4250 1.7000 -1.3150
v -3.4250 2.3700 -1.3150
v -3.5450 2.3700 -1.3150
v -3.5450 1.7000 -0.8950
v -3.4250 1.7000 -0.8950
v -3.4250 2.3700 -0.8950
v -3.5450 2.3700 -0.8950
v -3.5600 2.2000 -1.2750
v -3.4100 2.2000 -1.2750
v -3.4100 2.4100 -1.2750
v -3.5600 2.4100 -1.2750
v -3.5600 2.2000 -0.9350
v -3.4100 2.2000 -0.9350
v -3.4100 2.4100 -0.9350
v -3.5600 2.4100 -0.9350
v -3.5850 1.8500 -1.2550
v -3.5450 1.8500 -1.2550
v -3.5450 2.2000 -1.2550
v -3.5850 2.2000 -1.2550
v -3.5850 1.8500 -0.9550
v -3.5450 1.8500 -0.9550
v -3.5450 2.2000 -0.9550
v -3.5850 2.2000 -0.9550
v -3.5450 1.7000 -0.8550
v -3.4250 1.7000 -0.8550
v -3.4250 2.3700 -0.8550
v -3.5450 2.3700 -0.8550
v -3.5450 1.7000 -0.4350
v -3.4250 1.7000 -0.4350
v -3.4250 2.3700 -0.4350
v -3.5450 2.3700 -0.4350
v -3.5600 2.2000 -0.8150
v -3.4100 2.2000 -0.8150
v -3.4100 2.4100 -0.8150
v -3.5600 2.4100 -0.8150
v -3.5600 2.2000 -0.4750
v -3.4100 2.2000 -0.4750
v -3.4100 2.4100 -0.4750
v -3.5600 2.4100 -0.4750
v -3.5850 1.8500 -0.7950
v -3.5450 1.8500 -0.7950
v -3.5450 2.2000 -0.7950
v -3.5850 2.2000 -0.7950
v -3.5850 1.8500 -0.4950
v -3.5450 1.8500 -0.4950
v -3.5450 2.2000 -0.4950
v -3.5850 2.2000 -0.4950
v -3.5450 1.7000 0.8950
v -3.4250 1.7000 0.8950
v -3.4250 2.3700 0.8950
v -3.5450 2.3700 0.8950
v -3.5450 1.7000 1.3150
v -3.4250 1.7000 1.3150
v -3.4250 2.3700 1.3150
v -3.5450 2.3700 1.3150
v -3.5600 2.2000 0.9350
v -3.4100 2.2000 0.9350
v -3.4100 2.4100 0.9350
v -3.5600 2.4100 0.9350
v -3.5600 2.2000 1.2750
v -3.4100 2.2000 1.2750
v -3.4100 2.4100 1.2750
v -3.5600 2.4100 1.2750
v -3.5850 1.8500 0.9550
v -3.5450 1.8500 0.9550
v -3.5450 2.2000 0.9550
v -3.5850 2.2000 0.9550
v -3.5850 1.8500 1.2550
v -3.5450 1.8500 1.2550
v -3.5450 2.2000 1.2550
v -3.5850 2.2000 1.2550
v -3.5450 1.7000 0.4350
v -3.4250 1.7000 0.4350
v -3.4250 2.3700 0.4350
v -3.5450 2.3700 0.4350
v -3.5450 1.7000 0.8550
v -3.4250 1.7000 0.8550
v -3.4250 2.3700 0.8550
v -3.5450 2.3700 0.8550
v -3.5600 2.2000 0.4750
v -3.4100 2.2000 0.4750
v -3.4100 2.4100 0.4750
v -3.5600 2.4100 0.4750
v -3.5600 2.2000 0.8150
v -3.4100 2.2000 0.8150
v -3.4100 2.4100 0.8150
v -3.5600 2.4100 0.8150
v -3.5850 1.8500 0.4950
v -3.5450 1.8500 0.4950
v -3.5450 2.2000 0.4950
v -3.5850 2.2000 0.4950
v -3.5850 1.8500 0.7950
v -3.5450 1.8500 0.7950
v -3.5450 2.2000 0.7950
v -3.5850 2.2000 0.7950
v -2.5450 1.7000 -1.3150
v -2.4250 1.7000 -1.3150
v -2.4250 2.3700 -1.3150
v -2.5450 2.3700 -1.3150
v -2.5450 1.7000 -0.8950
v -2.4250 1.7000 -0.8950
v -2.4250 2.3700 -0.8950
v -2.5450 2.3700 -0.8950
v -2.5600 2.2000 -1.2750
v -2.4100 2.2000 -1.2750
v -2.4100 2.4100 -1.2750
v -2.5600 2.4100 -1.2750
v -2.5600 2.2000 -0.9350
v -2.4100 2.2000 -0.9350
v -2.4100 2.4100 -0.9350
v -2.5600 2.4100 -0.9350
v -2.5850 1.8500 -1.2550
v -2.5450 1.8500 -1.2550
v -2.5450 2.2000 -1.2550
v -2.5850 2.2000 -1.2550
v -2.5850 1.8500 -0.9550
v -2.5450 1.8500 -0.9550
v -2.5450 2.2000 -0.9550
v -2.5850 2.2000 -0.9550
v -2.5450 1.7000 -0.8550
v -2.4250 1.7000 -0.8550
v -2.4250 2.3700 -0.8550
v -2.5450 2.3700 -0.8550
v -2.5450 1.7000 -0.4350
v -2.4250 1.7000 -0.4350
v -2.4250 2.3700 -0.4350
v -2.5450 2.3700 -0.4350
v -2.5600 2.2000 -0.8150
v -2.4100 2.2000 -0.8150
v -2.4100 2.4100 -0.8150
v -2.5600 2.4100 -0.8150
v -2.5600 2.2000 -0.4750
v -2.4100 2.2000 -0.4750
v -2.4100 2.4100 -0.4750
v -2.5600 2.4100 -0.4750
v -2.5850 1.8500 -0.7950
v -2.5450 1.8500 -0.7950
v -2.5450 2.2000 -0.7950
v -2.5850 2.2000 -0.7950
v -2.5850 1.8500 -0.4950
v -2.5450 1.8500 -0.4950
v -2.5450 2.2000 -0.4950
v -2.5850 2.2000 -0.4950
v -2.5450 1.7000 0.8950
v -2.4250 1.7000 0.8950
v -2.4250 2.3700 0.8950
v -2.5450 2.3700 0.8950
v -2.5450 1.7000 1.3150
v -2.4250 1.7000 1.3150
v -2.4250 2.3700 1.3150
v -2.5450 2.3700 1.3150
v -2.5600 2.2000 0.9350
v -2.4100 2.2000 0.9350
v -2.4100 2.4100 0.9350
v -2.5600 2.4100 0.9350
v -2.5600 2.2000 1.2750
v -2.4100 2.2000 1.2750
v -2.4100 2.4100 1.2750
v -2.5600 2.4100 1.2750
v -2.5850 1.8500 0.9550
v -2.5450 1.8500 0.9550
v -2.5450 2.2000 0.9550
v -2.5850 2.2000 0.9550
v -2.5850 1.8500 1.2550
v -2.5450 1.8500 1.2550
v -2.5450 2.2000 1.2550
v -2.5850 2.2000 1.2550
v -2.5450 1.7000 0.4350
v -2.4250 1.7000 0.4350
v -2.4250 2.3700 0.4350
v -2.5450 2.3700 0.4350
v -2.5450 1.7000 0.8550
v -2.4250 1.7000 0.8550
v -2.4250 2.3700 0.8550
v -2.5450 2.3700 0.8550
v -2.5600 2.2000 0.4750
v -2.4100 2.2000 0.4750
v -2.4100 2.4100 0.4750
v -2.5600 2.4100 0.4750
v -2.5600 2.2000 0.8150
v -2.4100 2.2000 0.8150
v -2.4100 2.4100 0.8150
v -2.5600 2.4100 0.8150
v -2.5850 1.8500 0.4950
v -2.5450 1.8500 0.4950
v -2.5450 2.2000 0.4950
v -2.5850 2.2000 0.4950
v -2.5850 1.8500 0.7950
v -2.5450 1.8500 0.7950
v -2.5450 2.2000 0.7950
v -2.5850 2.2000 0.7950
v -1.5450 1.7000 -1.3150
v -1.4250 1.7000 -1.3150
v -1.4250 2.3700 -1.3150
v -1.5450 2.3700 -1.3150
v -1.5450 1.7000 -0.8950
v -1.4250 1.7000 -0.8950
v -1.4250 2.3700 -0.8950
v -1.5450 2.3700 -0.8950
v -1.5600 2.2000 -1.2750
v -1.4100 2.2000 -1.2750
v -1.4100 2.4100 -1.2750
v -1.5600 2.4100 -1.2750
v -1.5600 2.2000 -0.9350
v -1.4100 2.2000 -0.9350
v -1.4100 2.4100 -0.9350
v -1.5600 2.4100 -0.9350
v -1.5850 1.8500 -1.2550
v -1.5450 1.8500 -1.2550
v -1.5450 2.2000 -1.2550
v -1.5850 2.2000 -1.2550
v -1.5850 1.8500 -0.9550
v -1.5450 1.8500 -0.9550
v -1.5450 2.2000 -0.9550
v -1.5850 2.2000 -0.9550
v -1.5450 1.7000 -0.8550
v -1.4250 1.7000 -0.8550
v -1.4250 2.3700 -0.8550
v -1.5450 2.3700 -0.8550
v -1.5450 1.7000 -0.4350
v -1.4250 1.7000 -0.4350
v -1.4250 2.3700 -0.4350
v -1.5450 2.3700 -0.4350
v -1.5600 2.2000 -0.8150
v -1.4100 2.2000 -0.8150
v -1.4100 2.4100 -0.8150
v -1.5600 2.4100 -0.8150
v -1.5600 2.2000 -0.4750
v -1.4100 2.2000 -0.4750
v -1.4100 2.4100 -0.4750
v -1.5600 2.4100 -0.4750
v -1.5850 1.8500 -0.7950
v -1.5450 1.8500 -0.7950
v -1.5450 2.2000 -0.7950
v -1.5850 2.2000 -0.7950
v -1.5850 1.8500 -0.4950
v -1.5450 1.8500 -0.4950
v -1.5450 2.2000 -0.4950
v -1.5850 2.2000 -0.4950
v -1.5450 1.7000 0.8950
v -1.4250 1.7000 0.8950
v -1.4250 2.3700 0.8950
v -1.5450 2.3700 0.8950
v -1.5450 1.7000 1.3150
v -1.4250 1.7000 1.3150
v -1.4250 2.3700 1.3150
v -1.5450 2.3700 1.3150
v -1.5600 2.2000 0.9350
v -1.4100 2.2000 0.9350
v -1.4100 2.4100 0.9350
v -1.5600 2.4100 0.9350
v -1.5600 2.2000 1.2750
v -1.4100 2.2000 1.2750
v -1.4100 2.4100 1.2750
v -1.5600 2.4100 1.2750
v -1.5850 1.8500 0.9550
v -1.5450 1.8500 0.9550
v -1.5450 2.2000 0.9550
v -1.5850 2.2000 0.9550
v -1.5850 1.8500 1.2550
v -1.5450 1.8500 1.2550
v -1.5450 2.2000 1.2550
v -1.5850 2.2000 1.2550
v -1.5450 1.7000 0.4350
v -1.4250 1.7000 0.4350
v -1.4250 2.3700 0.4350
v -1.5450 2.3700 0.4350
v -1.5450 1.7000 0.8550
v -1.4250 1.7000 0.8550
v -1.4250 2.3700 0.8550
v -1.5450 2.3700 0.8550
v -1.5600 2.2000 0.4750
v -1.4100 2.2000 0.4750
v -1.4100 2.4100 0.4750
v -1.5600 2.4100 0.4750
v -1.5600 2.2000 0.8150
v -1.4100 2.2000 0.8150
v -1.4100 2.4100 0.8150
v -1.5600 2.4100 0.8150
v -1.5850 1.8500 0.4950
v -1.5450 1.8500 0.4950
v -1.5450 2.2000 0.4950
v -1.5850 2.2000 0.4950
v -1.5850 1.8500 0.7950
v -1.5450 1.8500 0.7950
v -1.5450 2.2000 0.7950
v -1.5850 2.2000 0.7950
v -0.5450 1.7000 -1.3150
v -0.4250 1.7000 -1.3150
v -0.4250 2.3700 -1.3150
v -0.5450 2.3700 -1.3150
v -0.5450 1.7000 -0.8950
v -0.4250 1.7000 -0.8950
v -0.4250 2.3700 -0.8950
v -0.5450 2.3700 -0.8950
v -0.5600 2.2000 -1.2750
v -0.4100 2.2000 -1.2750
v -0.4100 2.4100 -1.2750
v -0.5600 2.4100 -1.2750
v -0.5600 2.2000 -0.9350
v -0.4100 2.2000 -0.9350
v -0.4100 2.4100 -0.9350
v -0.5600 2.4100 -0.9350
v -0.5850 1.8500 -1.2550
v -0.5450 1.8500 -1.2550
v -0.5450 2.2000 -1.2550
v -0.5850 2.2000 -1.2550
v -0.5850 1.8500 -0.9550
v -0.5450 1.8500 -0.9550
v -0.5450 2.2000 -0.9550
v -0.5850 2.2000 -0.9550
v -0.5450 1.7000 -0.8550
v -0.4250 1.7000 -0.8550
v -0.4250 2.3700 -0.8550
v -0.5450 2.3700 -0.8550
v -0.5450 1.7000 -0.4350
v -0.4250 1.7000 -0.4350
v -0.4250 2.3700 -0.4350
v -0.5450 2.3700 -0.4350
v -0.5600 2.2000 -0.8150
v -0.4100 2.2000 -0.8150
v -0.4100 2.4100 -0.8150
v -0.5600 2.4100 -0.8150
v -0.5600 2.2000 -0.4750
v -0.4100 2.2000 -0.4750
v -0.4100 2.4100 -0.4750
v -0.5600 2.4100 -0.4750
v -0.5850 1.8500 -0.7950
v -0.5450 1.8500 -0.7950
v -0.5450 2.2000 -0.7950
v -0.5850 2.2000 -0.7950
v -0.5850 1.8500 -0.4950
v -0.5450 1.8500 -0.4950
v -0.5450 2.2000 -0.4950
v -0.5850 2.2000 -0.4950
v -0.5450 1.7000 0.8950
v -0.4250 1.7000 0.8950
v -0.4250 2.3700 0.8950
v -0.5450 2.3700 0.8950
v -0.5450 1.7000 1.3150
v -0.4250 1.7000 1.3150
v -0.4250 2.3700 1.3150
v -0.5450 2.3700 1.3150
v -0.5600 2.2000 0.9350
v -0.4100 2.2000 0.9350
v -0.4100 2.4100 0.9350
v -0.5600 2.4100 0.9350
v -0.5600 2.2000 1.2750
v -0.4100 2.2000 1.2750
v -0.4100 2.4100 1.2750
v -0.5600 2.4100 1.2750
v -0.5850 1.8500 0.9550
v -0.5450 1.8500 0.9550
v -0.5450 2.2000 0.9550
v -0.5850 2.2000 0.9550
v -0.5850 1.8500 1.2550
v -0.5450 1.8500 1.2550
v -0.5450 2.2000 1.2550
v -0.5850 2.2000 1.2550
v -0.5450 1.7000 0.4350
v -0.4250 1.7000 0.4350
v -0.4250 2.3700 0.4350
v -0.5450 2.3700 0.4350
v -0.5450 1.7000 0.8550
v -0.4250 1.7000 0.8550
v -0.4250 2.3700 0.8550
v -0.5450 2.3700 0.8550
v -0.5600 2.2000 0.4750
v -0.4100 2.2000 0.4750
v -0.4100 2.4100 0.4750
v -0.5600 2.4100 0.4750
v -0.5600 2.2000 0.8150
v -0.4100 2.2000 0.8150
v -0.4100 2.4100 0.8150
v -0.5600 2.4100 0.8150
v -0.5850 1.8500 0.4950
v -0.5450 1.8500 0.4950
v -0.5450 2.2000 0.4950
v -0.5850 2.2000 0.4950
v -0.5850 1.8500 0.7950
v -0.5450 1.8500 0.7950
v -0.5450 2.2000 0.7950
v -0.5850 2.2000 0.7950
v 0.4550 1.7000 -1.3150
v 0.5750 1.7000 -1.3150
v 0.5750 2.3700 -1.3150
v 0.4550 2.3700 -1.3150
v 0.4550 1.7000 -0.8950
v 0.5750 1.7000 -0.8950
v 0.5750 2.3700 -0.8950
v 0.4550 2.3700 -0.8950
v 0.4400 2.2000 -1.2750
v 0.5900 2.2000 -1.2750
v 0.5900 2.4100 -1.2750
v 0.4400 2.4100 -1.2750
v 0.4400 2.2000 -0.9350
v 0.5900 2.2000 -0.9350
v 0.5900 2.4100 -0.9350
v 0.4400 2.4100 -0.9350
v 0.4150 1.8500 -1.2550
v 0.4550 1.8500 -1.2550
v 0.4550 2.2000 -1.2550
v 0.4150 2.2000 -1.2550
v 0.4150 1.8500 -0.9550
v 0.4550 1.8500 -0.9550
v 0.4550 2.2000 -0.9550
v 0.4150 2.2000 -0.9550
v 0.4550 1.7000 -0.8550
v 0.5750 1.7000 -0.8550
v 0.5750 2.3700 -0.8550
v 0.4550 2.3700 -0.8550
v 0.4550 1.7000 -0.4350
v 0.5750 1.7000 -0.4350
v 0.5750 2.3700 -0.4350
v 0.4550 2.3700 -0.4350
v 0.4400 2.2000 -0.8150
v 0.5900 2.2000 -0.8150
v 0.5900 2.4100 -0.8150
v 0.4400 2.4100 -0.8150
v 0.4400 2.2000 -0.4750
v 0.5900 2.2000 -0.4750
v 0.5900 2.4100 -0.4750
v 0.4400 2.4100 -0.4750
v 0.4150 1.8500 -0.7950
v 0.4550 1.8500 -0.7950
v 0.4550 2.2000 -0.7950
v 0.4150 2.2000 -0.7950
v 0.4150 1.8500 -0.4950
v 0.4550 1.8500 -0.4950
v 0.4550 2.2000 -0.4950
v 0.4150 2.2000 -0.4950
v 0.4550 1.7000 0.8950
v 0.5750 1.7000 0.8950
v 0.5750 2.3700 0.8950
v 0.4550 2.3700 0.8950
v 0.4550 1.7000 1.3150
v 0.5750 1.7000 1.3150
v 0.5750 2.3700 1.3150
v 0.4550 2.3700 1.3150
v 0.4400 2.2000 0.9350
v 0.5900 2.2000 0.9350
v 0.5900 2.4100 0.9350
v 0.4400 2.4100 0.9350
v 0.4400 2.2000 1.2750
v 0.5900 2.2000 1.2750
v 0.5900 2.4100 1.2750
v 0.4400 2.4100 1.2750
v 0.4150 1.8500 0.9550
v 0.4550 1.8500 0.9550
v 0.4550 2.2000 0.9550
v 0.4150 2.2000 0.9550
v 0.4150 1.8500 1.2550
v 0.4550 1.8500 1.2550
v 0.4550 2.2000 1.2550
v 0.4150 2.2000 1.2550
v 0.4550 1.7000 0.4350
v 0.5750 1.7000 0.4350
v 0.5750 2.3700 0.4350
v 0.4550 2.3700 0.4350
v 0.4550 1.7000 0.8550
v 0.5750 1.7000 0.8550
v 0.5750 2.3700 0.8550
v 0.4550 2.3700 0.8550
v 0.4400 2.2000 0.4750
v 0.5900 2.2000 0.4750
v 0.5900 2.4100 0.4750
v 0.4400 2.4100 0.4750
v 0.4400 2.2000 0.8150
v 0.5900 2.2000 0.8150
v 0.5900 2.4100 0.8150
v 0.4400 2.4100 0.8150
v 0.4150 1.8500 0.4950
v 0.4550 1.8500 0.4950
v 0.4550 2.2000 0.4950
v 0.4150 2.2000 0.4950
v 0.4150 1.8500 0.7950
v 0.4550 1.8500 0.7950
v 0.4550 2.2000 0.7950
v 0.4150 2.2000 0.7950
v 1.4550 1.7000 -1.3150
v 1.5750 1.7000 -1.3150
v 1.5750 2.3700 -1.3150
v 1.4550 2.3700 -1.3150
v 1.4550 1.7000 -0.8950
v 1.5750 1.7000 -0.8950
v 1.5750 2.3700 -0.8950
v 1.4550 2.3700 -0.8950
v 1.4400 2.2000 -1.2750
v 1.5900 2.2000 -1.2750
v 1.5900 2.4100 -1.2750
v 1.4400 2.4100 -1.2750
v 1.4400 2.2000 -0.9350
v 1.5900 2.2000 -0.9350
v 1.5900 2.4100 -0.9350
v 1.4400 2.4100 -0.9350
v 1.4150 1.8500 -1.2550
v 1.4550 1.8500 -1.2550
v 1.4550 2.2000 -1.2550
v 1.4150 2.2000 -1.2550
v 1.4150 1.8500 -0.9550
v 1.4550 1.8500 -0.9550
v 1.4550 2.2000 -0.9550
v 1.4150 2.2000 -0.9550
v 1.4550 1.7000 -0.8550
v 1.5750 1.7000 -0.8550
v 1.5750 2.3700 -0.8550
v 1.4550 2.3700 -0.8550
v 1.4550 1.7000 -0.4350
v 1.5750 1.7000 -0.4350
v 1.5750 2.3700 -0.4350
v 1.4550 2.3700 -0.4350
v 1.4400 2.2000 -0.8150
v 1.5900 2.2000 -0.8150
v 1.5900 2.4100 -0.8150
v 1.4400 2.4100 -0.8150
v 1.4400 2.2000 -0.4750
v 1.5900 2.2000 -0.4750
v 1.5900 2.4100 -0.4750
v 1.4400 2.4100 -0.4750
v 1.4150 1.8500 -0.7950
v 1.4550 1.8500 -0.7950
v 1.4550 2.2000 -0.7950
v 1.4150 2.2000 -0.7950
v 1.4150 1.8500 -0.4950
v 1.4550 1.8500 -0.4950
v 1.4550 2.2000 -0.4950
v 1.4150 2.2000 -0.4950
v 1.4550 1.7000 0.8950
v 1.5750 1.7000 0.8950
v 1.5750 2.3700 0.8950
v 1.4550 2.3700 0.8950
v 1.4550 1.7000 1.3150
v 1.5750 1.7000 1.3150
v 1.5750 2.3700 1.3150
v 1.4550 2.3700 1.3150
v 1.4400 2.2000 0.9350
v 1.5900 2.2000 0.9350
v 1.5900 2.4100 0.9350
v 1.4400 2.4100 0.9350
v 1.4400 2.2000 1.2750
v 1.5900 2.2000 1.2750
v 1.5900 2.4100 1.2750
v 1.4400 2.4100 1.2750
v 1.4150 1.8500 0.9550
v 1.4550 1.8500 0.9550
v 1.4550 2.2000 0.9550
v 1.4150 2.2000 0.9550
v 1.4150 1.8500 1.2550
v 1.4550 1.8500 1.2550
v 1.4550 2.2000 1.2550
v 1.4150 2.2000 1.2550
v 1.4550 1.7000 0.4350
v 1.5750 1.7000 0.4350
v 1.5750 2.3700 0.4350
v 1.4550 2.3700 0.4350
v 1.4550 1.7000 0.8550
v 1.5750 1.7000 0.8550
v 1.5750 2.3700 0.8550
v 1.4550 2.3700 0.8550
v 1.4400 2.2000 0.4750
v 1.5900 2.2000 0.4750
v 1.5900 2.4100 0.4750
v 1.4400 2.4100 0.4750
v 1.4400 2.2000 0.8150
v 1.5900 2.2000 0.8150
v 1.5900 2.4100 0.8150
v 1.4400 2.4100 0.8150
v 1.4150 1.8500 0.4950
v 1.4550 1.8500 0.4950
v 1.4550 2.2000 0.4950
v 1.4150 2.2000 0.4950
v 1.4150 1.8500 0.7950
v 1.4550 1.8500 0.7950
v 1.4550 2.2000 0.7950
v 1.4150 2.2000 0.7950
v 2.4550 1.7000 -1.3150
v 2.5750 1.7000 -1.3150
v 2.5750 2.3700 -1.3150
v 2.4550 2.3700 -1.3150
v 2.4550 1.7000 -0.8950
v 2.5750 1.7000 -0.8950
v 2.5750 2.3700 -0.8950
v 2.4550 2.3700 -0.8950
v 2.4400 2.2000 -1.2750
v 2.5900 2.2000 -1.2750
v 2.5900 2.4100 -1.2750
v 2.4400 2.4100 -1.2750
v 2.4400 2.2000 -0.9350
v 2.5900 2.2000 -0.9350
v 2.5900 2.4100 -0.9350
v 2.4400 2.4100 -0.9350
v 2.4150 1.8500 -1.2550
v 2.4550 1.8500 -1.2550
v 2.4550 2.2000 -1.2550
v 2.4150 2.2000 -1.2550
v 2.4150 1.8500 -0.9550
v 2.4550 1.8500 -0.9550
v 2.4550 2.2000 -0.9550
v 2.4150 2.2000 -0.9550
v 2.4550 1.7000 -0.8550
v 2.5750 1.7000 -0.8550
v 2.5750 2.3700 -0.8550
v 2.4550 2.3700 -0.8550
v 2.4550 1.7000 -0.4350
v 2.5750 1.7000 -0.4350
v 2.5750 2.3700 -0.4350
v 2.4550 2.3700 -0.4350
v 2.4400 2.2000 -0.8150
v 2.5900 2.2000 -0.8150
v 2.5900 2.4100 -0.8150
v 2.4400 2.4100 -0.8150
v 2.4400 2.2000 -0.4750
v 2.5900 2.2000 -0.4750
v 2.5900 2.4100 -0.4750
v 2.4400 2.4100 -0.4750
v 2.4150 1.8500 -0.7950
v 2.4550 1.8500 -0.7950
v 2.4550 2.2000 -0.7950
v 2.4150 2.2000 -0.7950
v 2.4150 1.8500 -0.4950
v 2.4550 1.8500 -0.4950
v 2.4550 2.2000 -0.4950
v 2.4150 2.2000 -0.4950
v 2.4550 1.7000 0.8950
v 2.5750 1.7000 0.8950
v 2.5750 2.3700 0.8950
v 2.4550 2.3700 0.8950
v 2.4550 1.7000 1.3150
v 2.5750 1.7000 1.3150
v 2.5750 2.3700 1.3150
v 2.4550 2.3700 1.3150
v 2.4400 2.2000 0.9350
v 2.5900 2.2000 0.9350
v 2.5900 2.4100 0.9350
v 2.4400 2.4100 0.9350
v 2.4400 2.2000 1.2750
v 2.5900 2.2000 1.2750
v 2.5900 2.4100 1.2750
v 2.4400 2.4100 1.2750
v 2.4150 1.8500 0.9550
v 2.4550 1.8500 0.9550
v 2.4550 2.2000 0.9550
v 2.4150 2.2000 0.9550
v 2.4150 1.8500 1.2550
v 2.4550 1.8500 1.2550
v 2.4550 2.2000 1.2550
v 2.4150 2.2000 1.2550
v 2.4550 1.7000 0.4350
v 2.5750 1.7000 0.4350
v 2.5750 2.3700 0.4350
v 2.4550 2.3700 0.4350
v 2.4550 1.7000 0.8550
v 2.5750 1.7000 0.8550
v 2.5750 2.3700 0.8550
v 2.4550 2.3700 0.8550
v 2.4400 2.2000 0.4750
v 2.5900 2.2000 0.4750
v 2.5900 2.4100 0.4750
v 2.4400 2.4100 0.4750
v 2.4400 2.2000 0.8150
v 2.5900 2.2000 0.8150
v 2.5900 2.4100 0.8150
v 2.4400 2.4100 0.8150
v 2.4150 1.8500 0.4950
v 2.4550 1.8500 0.4950
v 2.4550 2.2000 0.4950
v 2.4150 2.2000 0.4950
v 2.4150 1.8500 0.7950
v 2.4550 1.8500 0.7950
v 2.4550 2.2000 0.7950
v 2.4150 2.2000 0.7950
v -8.4450 1.6300 -0.8550
v -7.9750 1.6300 -0.8550
v -7.9750 1.7500 -0.8550
v -8.4450 1.7500 -0.8550
v -8.4450 1.6300 -0.4350
v -7.9750 1.6300 -0.4350
v -7.9750 1.7500 -0.4350
v -8.4450 1.7500 -0.4350
v -8.4450 1.6300 0.8950
v -7.9750 1.6300 0.8950
v -7.9750 1.7500 0.8950
v -8.4450 1.7500 0.8950
v -8.4450 1.6300 1.3150
v -7.9750 1.6300 1.3150
v -7.9750 1.7500 1.3150
v -8.4450 1.7500 1.3150
v -8.4450 1.6300 0.4350
v -7.9750 1.6300 0.4350
v -7.9750 1.7500 0.4350
v -8.4450 1.7500 0.4350
v -8.4450 1.6300 0.8550
v -7.9750 1.6300 0.8550
v -7.9750 1.7500 0.8550
v -8.4450 1.7500 0.8550
v -8.4250 1.8000 -1.3650
v -8.0250 1.8000 -1.3650
v -8.0250 1.8700 -1.3650
v -8.4250 1.8700 -1.3650
v -8.4250 1.8000 -1.3050
v -8.0250 1.8000 -1.3050
v -8.0250 1.8700 -1.3050
v -8.4250 1.8700 -1.3050
v -8.4250 1.8000 -0.4450
v -8.0250 1.8000 -0.4450
v -8.0250 1.8700 -0.4450
v -8.4250 1.8700 -0.4450
v -8.4250 1.8000 -0.3850
v -8.0250 1.8000 -0.3850
v -8.0250 1.8700 -0.3850
v -8.4250 1.8700 -0.3850
v -8.4250 1.8000 1.3050
v -8.0250 1.8000 1.3050
v -8.0250 1.8700 1.3050
v -8.4250 1.8700 1.3050
v -8.4250 1.8000 1.3650
v -8.0250 1.8000 1.3650
v -8.0250 1.8700 1.3650
v -8.4250 1.8700 1.3650
v -8.4250 1.8000 0.3850
v -8.0250 1.8000 0.3850
v -8.0250 1.8700 0.3850
v -8.4250 1.8700 0.3850
v -8.4250 1.8000 0.4450
v -8.0250 1.8000 0.4450
v -8.0250 1.8700 0.4450
v -8.4250 1.8700 0.4450
v -7.4250 1.8000 -1.3650
v -7.0250 1.8000 -1.3650
v -7.0250 1.8700 -1.3650
v -7.4250 1.8700 -1.3650
v -7.4250 1.8000 -1.3050
v -7.0250 1.8000 -1.3050
v -7.0250 1.8700 -1.3050
v -7.4250 1.8700 -1.3050
v -7.4250 1.8000 -0.4450
v -7.0250 1.8000 -0.4450
v -7.0250 1.8700 -0.4450
v -7.4250 1.8700 -0.4450
v -7.4250 1.8000 -0.3850
v -7.0250 1.8000 -0.3850
v -7.0250 1.8700 -0.3850
v -7.4250 1.8700 -0.3850
v -7.4250 1.8000 1.3050
v -7.0250 1.8000 1.3050
v -7.0250 1.8700 1.3050
v -7.4250 1.8700 1.3050
v -7.4250 1.8000 1.3650
v -7.0250 1.8000 1.3650
v -7.0250 1.8700 1.3650
v -7.4250 1.8700 1.3650
v -7.4250 1.8000 0.3850
v -7.0250 1.8000 0.3850
v -7.0250 1.8700 0.3850
v -7.4250 1.8700 0.3850
v -7.4250 1.8000 0.4450
v -7.0250 1.8000 0.4450
v -7.0250 1.8700 0.4450
v -7.4250 1.8700 0.4450
v -6.4250 1.8000 -1.3650
v -6.0250 1.8000 -1.3650
v -6.0250 1.8700 -1.3650
v -6.4250 1.8700 -1.3650
v -6.4250 1.8000 -1.3050
v -6.0250 1.8000 -1.3050
v -6.0250 1.8700 -1.3050
v -6.4250 1.8700 -1.3050
v -6.4250 1.8000 -0.4450
v -6.0250 1.8000 -0.4450
v -6.0250 1.8700 -0.4450
v -6.4250 1.8700 -0.4450
v -6.4250 1.8000 -0.3850
v -6.0250 1.8000 -0.3850
v -6.0250 1.8700 -0.3850
v -6.4250 1.8700 -0.3850
v -6.4250 1.8000 1.3050
v -6.0250 1.8000 1.3050
v -6.0250 1.8700 1.3050
v -6.4250 1.8700 1.3050
v -6.4250 1.8000 1.3650
v -6.0250 1.8000 1.3650
v -6.0250 1.8700 1.3650
v -6.4250 1.8700 1.3650
v -6.4250 1.8000 0.3850
v -6.0250 1.8000 0.3850
v -6.0250 1.8700 0.3850
v -6.4250 1.8700 0.3850
v -6.4250 1.8000 0.4450
v -6.0250 1.8000 0.4450
v -6.0250 1.8700 0.4450
v -6.4250 1.8700 0.4450
v -5.4250 1.8000 -1.3650
v -5.0250 1.8000 -1.3650
v -5.0250 1.8700 -1.3650
v -5.4250 1.8700 -1.3650
v -5.4250 1.8000 -1.3050
v -5.0250 1.8000 -1.3050
v -5.0250 1.8700 -1.3050
v -5.4250 1.8700 -1.3050
v -5.4250 1.8000 -0.4450
v -5.0250 1.8000 -0.4450
v -5.0250 1.8700 -0.4450
v -5.4250 1.8700 -0.4450
v -5.4250 1.8000 -0.3850
v -5.0250 1.8000 -0.3850
v -5.0250 1.8700 -0.3850
v -5.4250 1.8700 -0.3850
v -5.4250 1.8000 1.3050
v -5.0250 1.8000 1.3050
v -5.0250 1.8700 1.3050
v -5.4250 1.8700 1.3050
v -5.4250 1.8000 1.3650
v -5.0250 1.8000 1.3650
v -5.0250 1.8700 1.3650
v -5.4250 1.8700 1.3650
v -5.4250 1.8000 0.3850
v -5.0250 1.8000 0.3850
v -5.0250 1.8700 0.3850
v -5.4250 1.8700 0.3850
v -5.4250 1.8000 0.4450
v -5.0250 1.8000 0.4450
v -5.0250 1.8700 0.4450
v -5.4250 1.8700 0.4450
v -4.4250 1.8000 -1.3650
v -4.0250 1.8000 -1.3650
v -4.0250 1.8700 -1.3650
v -4.4250 1.8700 -1.3650
v -4.4250 1.8000 -1.3050
v -4.0250 1.8000 -1.3050
v -4.0250 1.8700 -1.3050
v -4.4250 1.8700 -1.3050
v -4.4250 1.8000 -0.4450
v -4.0250 1.8000 -0.4450
v -4.0250 1.8700 -0.4450
v -4.4250 1.8700 -0.4450
v -4.4250 1.8000 -0.3850
v -4.0250 1.8000 -0.3850
v -4.0250 1.8700 -0.3850
v -4.4250 1.8700 -0.3850
v -4.4250 1.8000 1.3050
v -4.0250 1.8000 1.3050
v -4.0250 1.8700 1.3050
v -4.4250 1.8700 1.3050
v -4.4250 1.8000 1.3650
v -4.0250 1.8000 1.3650
v -4.0250 1.8700 1.3650
v -4.4250 1.8700 1.3650
v -4.4250 1.8000 0.3850
v -4.0250 1.8000 0.3850
v -4.0250 1.8700 0.3850
v -4.4250 1.8700 0.3850
v -4.4250 1.8000 0.4450
v -4.0250 1.8000 0.4450
v -4.0250 1.8700 0.4450
v -4.4250 1.8700 0.4450
v -3.4250 1.8000 -1.3650
v -3.0250 1.8000 -1.3650
v -3.0250 1.8700 -1.3650
v -3.4250 1.8700 -1.3650
v -3.4250 1.8000 -1.3050
v -3.0250 1.8000 -1.3050
v -3.0250 1.8700 -1.3050
v -3.4250 1.8700 -1.3050
v -3.4250 1.8000 -0.4450
v -3.0250 1.8000 -0.4450
v -3.0250 1.8700 -0.4450
v -3.4250 1.8700 -0.4450
v -3.4250 1.8000 -0.3850
v -3.0250 1.8000 -0.3850
v -3.0250 1.8700 -0.3850
v -3.4250 1.8700 -0.3850
v -3.4250 1.8000 1.3050
v -3.0250 1.8000 1.3050
v -3.0250 1.8700 1.3050
v -3.4250 1.8700 1.3050
v -3.4250 1.8000 1.3650
v -3.0250 1.8000 1.3650
v -3.0250 1.8700 1.3650
v -3.4250 1.8700 1.3650
v -3.4250 1.8000 0.3850
v -3.0250 1.8000 0.3850
v -3.0250 1.8700 0.3850
v -3.4250 1.8700 0.3850
v -3.4250 1.8000 0.4450
v -3.0250 1.8000 0.4450
v -3.0250 1.8700 0.4450
v -3.4250 1.8700 0.4450
v -2.4250 1.8000 -1.3650
v -2.0250 1.8000 -1.3650
v -2.0250 1.8700 -1.3650
v -2.4250 1.8700 -1.3650
v -2.4250 1.8000 -1.3050
v -2.0250 1.8000 -1.3050
v -2.0250 1.8700 -1.3050
v -2.4250 1.8700 -1.3050
v -2.4250 1.8000 -0.4450
v -2.0250 1.8000 -0.4450
v -2.0250 1.8700 -0.4450
v -2.4250 1.8700 -0.4450
v -2.4250 1.8000 -0.3850
v -2.0250 1.8000 -0.3850
v -2.0250 1.8700 -0.3850
v -2.4250 1.8700 -0.3850
v -2.4250 1.8000 1.3050
v -2.0250 1.8000 1.3050
v -2.0250 1.8700 1.3050
v -2.4250 1.8700 1.3050
v -2.4250 1.8000 1.3650
v -2.0250 1.8000 1.3650
v -2.0250 1.8700 1.3650
v -2.4250 1.8700 1.3650
v -2.4250 1.8000 0.3850
v -2.0250 1.8000 0.3850
v -2.0250 1.8700 0.3850
v -2.4250 1.8700 0.3850
v -2.4250 1.8000 0.4450
v -2.0250 1.8000 0.4450
v -2.0250 1.8700 0.4450
v -2.4250 1.8700 0.4450
v -1.4250 1.8000 -1.3650
v -1.0250 1.8000 -1.3650
v -1.0250 1.8700 -1.3650
v -1.4250 1.8700 -1.3650
v -1.4250 1.8000 -1.3050
v -1.0250 1.8000 -1.3050
v -1.0250 1.8700 -1.3050
v -1.4250 1.8700 -1.3050
v -1.4250 1.8000 -0.4450
v -1.0250 1.8000 -0.4450
v -1.0250 1.8700 -0.4450
v -1.4250 1.8700 -0.4450
v -1.4250 1.8000 -0.3850
v -1.0250 1.8000 -0.3850
v -1.0250 1.8700 -0.3850
v -1.4250 1.8700 -0.3850
v -1.4250 1.8000 1.3050
v -1.0250 1.8000 1.3050
v -1.0250 1.8700 1.3050
v -1.4250 1.8700 1.3050
v -1.4250 1.8000 1.3650
v -1.0250 1.8000 1.3650
v -1.0250 1.8700 1.3650
v -1.4250 1.8700 1.3650
v -1.4250 1.8000 0.3850
v -1.0250 1.8000 0.3850
v -1.0250 1.8700 0.3850
v -1.4250 1.8700 0.3850
v -1.4250 1.8000 0.4450
v -1.0250 1.8000 0.4450
v -1.0250 1.8700 0.4450
v -1.4250 1.8700 0.4450
v -0.4250 1.8000 -1.3650
v -0.0250 1.8000 -1.3650
v -0.0250 1.8700 -1.3650
v -0.4250 1.8700 -1.3650
v -0.4250 1.8000 -1.3050
v -0.0250 1.8000 -1.3050
v -0.0250 1.8700 -1.3050
v -0.4250 1.8700 -1.3050
v -0.4250 1.8000 -0.4450
v -0.0250 1.8000 -0.4450
v -0.0250 1.8700 -0.4450
v -0.4250 1.8700 -0.4450
v -0.4250 1.8000 -0.3850
v -0.0250 1.8000 -0.3850
v -0.0250 1.8700 -0.3850
v -0.4250 1.8700 -0.3850
v -0.4250 1.8000 1.3050
v -0.0250 1.8000 1.3050
v -0.0250 1.8700 1.3050
v -0.4250 1.8700 1.3050
v -0.4250 1.8000 1.3650
v -0.0250 1.8000 1.3650
v -0.0250 1.8700 1.3650
v -0.4250 1.8700 1.3650
v -0.4250 1.8000 0.3850
v -0.0250 1.8000 0.3850
v -0.0250 1.8700 0.3850
v -0.4250 1.8700 0.3850
v -0.4250 1.8000 0.4450
v -0.0250 1.8000 0.4450
v -0.0250 1.8700 0.4450
v -0.4250 1.8700 0.4450
v 0.5750 1.8000 -1.3650
v 0.9750 1.8000 -1.3650
v 0.9750 1.8700 -1.3650
v 0.5750 1.8700 -1.3650
v 0.5750 1.8000 -1.3050
v 0.9750 1.8000 -1.3050
v 0.9750 1.8700 -1.3050
v 0.5750 1.8700 -1.3050
v 0.5750 1.8000 -0.4450
v 0.9750 1.8000 -0.4450
v 0.9750 1.8700 -0.4450
v 0.5750 1.8700 -0.4450
v 0.5750 1.8000 -0.3850
v 0.9750 1.8000 -0.3850
v 0.9750 1.8700 -0.3850
v 0.5750 1.8700 -0.3850
v 0.5750 1.8000 1.3050
v 0.9750 1.8000 1.3050
v 0.9750 1.8700 1.3050
v 0.5750 1.8700 1.3050
v 0.5750 1.8000 1.3650
v 0.9750 1.8000 1.3650
v 0.9750 1.8700 1.3650
v 0.5750 1.8700 1.3650
v 0.5750 1.8000 0.3850
v 0.9750 1.8000 0.3850
v 0.9750 1.8700 0.3850
v 0.5750 1.8700 0.3850
v 0.5750 1.8000 0.4450
v 0.9750 1.8000 0.4450
v 0.9750 1.8700 0.4450
v 0.5750 1.8700 0.4450
v 1.5750 1.8000 -1.3650
v 1.9750 1.8000 -1.3650
v 1.9750 1.8700 -1.3650
v 1.5750 1.8700 -1.3650
v 1.5750 1.8000 -1.3050
v 1.9750 1.8000 -1.3050
v 1.9750 1.8700 -1.3050
v 1.5750 1.8700 -1.3050
v 1.5750 1.8000 -0.4450
v 1.9750 1.8000 -0.4450
v 1.9750 1.8700 -0.4450
v 1.5750 1.8700 -0.4450
v 1.5750 1.8000 -0.3850
v 1.9750 1.8000 -0.3850
v 1.9750 1.8700 -0.3850
v 1.5750 1.8700 -0.3850
v 1.5750 1.8000 1.3050
v 1.9750 1.8000 1.3050
v 1.9750 1.8700 1.3050
v 1.5750 1.8700 1.3050
v 1.5750 1.8000 1.3650
v 1.9750 1.8000 1.3650
v 1.9750 1.8700 1.3650
v 1.5750 1.8700 1.3650
v 1.5750 1.8000 0.3850
v 1.9750 1.8000 0.3850
v 1.9750 1.8700 0.3850
v 1.5750 1.8700 0.3850
v 1.5750 1.8000 0.4450
v 1.9750 1.8000 0.4450
v 1.9750 1.8700 0.4450
v 1.5750 1.8700 0.4450
v 2.5750 1.8000 -1.3650
v 2.9750 1.8000 -1.3650
v 2.9750 1.8700 -1.3650
v 2.5750 1.8700 -1.3650
v 2.5750 1.8000 -1.3050
v 2.9750 1.8000 -1.3050
v 2.9750 1.8700 -1.3050
v 2.5750 1.8700 -1.3050
v 2.5750 1.8000 -0.4450
v 2.9750 1.8000 -0.4450
v 2.9750 1.8700 -0.4450
v 2.5750 1.8700 -0.4450
v 2.5750 1.8000 -0.3850
v 2.9750 1.8000 -0.3850
v 2.9750 1.8700 -0.3850
v 2.5750 1.8700 -0.3850
v 2.5750 1.8000 1.3050
v 2.9750 1.8000 1.3050
v 2.9750 1.8700 1.3050
v 2.5750 1.8700 1.3050
v 2.5750 1.8000 1.3650
v 2.9750 1.8000 1.3650
v 2.9750 1.8700 1.3650
v 2.5750 1.8700 1.3650
v 2.5750 1.8000 0.3850
v 2.9750 1.8000 0.3850
v 2.9750 1.8700 0.3850
v 2.5750 1.8700 0.3850
v 2.5750 1.8000 0.4450
v 2.9750 1.8000 0.4450
v 2.9750 1.8700 0.4450
v 2.5750 1.8700 0.4450
v -7.4450 1.6300 -1.3150
v -6.9750 1.6300 -1.3150
v -6.9750 1.7500 -1.3150
v -7.4450 1.7500 -1.3150
v -7.4450 1.6300 -0.8950
v -6.9750 1.6300 -0.8950
v -6.9750 1.7500 -0.8950
v -7.4450 1.7500 -0.8950
v -7.4450 1.6300 -0.8550
v -6.9750 1.6300 -0.8550
v -6.9750 1.7500 -0.8550
v -7.4450 1.7500 -0.8550
v -7.4450 1.6300 -0.4350
v -6.9750 1.6300 -0.4350
v -6.9750 1.7500 -0.4350
v -7.4450 1.7500 -0.4350
v -7.4450 1.6300 0.8950
v -6.9750 1.6300 0.8950
v -6.9750 1.7500 0.8950
v -7.4450 1.7500 0.8950
v -7.4450 1.6300 1.3150
v -6.9750 1.6300 1.3150
v -6.9750 1.7500 1.3150
v -7.4450 1.7500 1.3150
v -7.4450 1.6300 0.4350
v -6.9750 1.6300 0.4350
v -6.9750 1.7500 0.4350
v -7.4450 1.7500 0.4350
v -7.4450 1.6300 0.8550
v -6.9750 1.6300 0.8550
v -6.9750 1.7500 0.8550
v -7.4450 1.7500 0.8550
v -6.4450 1.6300 -1.3150
v -5.9750 1.6300 -1.3150
v -5.9750 1.7500 -1.3150
v -6.4450 1.7500 -1.3150
v -6.4450 1.6300 -0.8950
v -5.9750 1.6300 -0.8950
v -5.9750 1.7500 -0.8950
v -6.4450 1.7500 -0.8950
v -6.4450 1.6300 -0.8550
v -5.9750 1.6300 -0.8550
v -5.9750 1.7500 -0.8550
v -6.4450 1.7500 -0.8550
v -6.4450 1.6300 -0.4350
v -5.9750 1.6300 -0.4350
v -5.9750 1.7500 -0.4350
v -6.4450 1.7500 -0.4350
v -6.4450 1.6300 0.8950
v -5.9750 1.6300 0.8950
v -5.9750 1.7500 0.8950
v -6.4450 1.7500 0.8950
v -6.4450 1.6300 1.3150
v -5.9750 1.6300 1.3150
v -5.9750 1.7500 1.3150
v -6.4450 1.7500 1.3150
v -6.4450 1.6300 0.4350
v -5.9750 1.6300 0.4350
v -5.9750 1.7500 0.4350
v -6.4450 1.7500 0.4350
v -6.4450 1.6300 0.8550
v -5.9750 1.6300 0.8550
v -5.9750 1.7500 0.8550
v -6.4450 1.7500 0.8550
v -5.4450 1.6300 -1.3150
v -4.9750 1.6300 -1.3150
v -4.9750 1.7500 -1.3150
v -5.4450 1.7500 -1.3150
v -5.4450 1.6300 -0.8950
v -4.9750 1.6300 -0.8950
v -4.9750 1.7500 -0.8950
v -5.4450 1.7500 -0.8950
v -5.4450 1.6300 -0.8550
v -4.9750 1.6300 -0.8550
v -4.9750 1.7500 -0.8550
v -5.4450 1.7500 -0.8550
v -5.4450 1.6300 -0.4350
v -4.9750 1.6300 -0.4350
v -4.9750 1.7500 -0.4350
v -5.4450 1.7500 -0.4350
v -5.4450 1.6300 0.8950
v -4.9750 1.6300 0.8950
v -4.9750 1.7500 0.8950
v -5.4450 1.7500 0.8950
v -5.4450 1.6300 1.3150
v -4.9750 1.6300 1.3150
v -4.9750 1.7500 1.3150
v -5.4450 1.7500 1.3150
v -5.4450 1.6300 0.4350
v -4.9750 1.6300 0.4350
v -4.9750 1.7500 0.4350
v -5.4450 1.7500 0.4350
v -5.4450 1.6300 0.8550
v -4.9750 1.6300 0.8550
v -4.9750 1.7500 0.8550
v -5.4450 1.7500 0.8550
v -4.4450 1.6300 -1.3150
v -3.9750 1.6300 -1.3150
v -3.9750 1.7500 -1.3150
v -4.4450 1.7500 -1.3150
v -4.4450 1.6300 -0.8950
v -3.9750 1.6300 -0.8950
v -3.9750 1.7500 -0.8950
v -4.4450 1.7500 -0.8950
v -4.4450 1.6300 -0.8550
v -3.9750 1.6300 -0.8550
v -3.9750 1.7500 -0.8550
v -4.4450 1.7500 -0.8550
v -4.4450 1.6300 -0.4350
v -3.9750 1.6300 -0.4350
v -3.9750 1.7500 -0.4350
v -4.4450 1.7500 -0.4350
v -4.4450 1.6300 0.8950
v -3.9750 1.6300 0.8950
v -3.9750 1.7500 0.8950
v -4.4450 1.7500 0.8950
v -4.4450 1.6300 1.3150
v -3.9750 1.6300 1.3150
v -3.9750 1.7500 1.3150
v -4.4450 1.7500 1.3150
v -4.4450 1.6300 0.4350
v -3.9750 1.6300 0.4350
v -3.9750 1.7500 0.4350
v -4.4450 1.7500 0.4350
v -4.4450 1.6300 0.8550
v -3.9750 1.6300 0.8550
v -3.9750 1.7500 0.8550
v -4.4450 1.7500 0.8550
v -3.4450 1.6300 -1.3150
v -2.9750 1.6300 -1.3150
v -2.9750 1.7500 -1.3150
v -3.4450 1.7500 -1.3150
v -3.4450 1.6300 -0.8950
v -2.9750 1.6300 -0.8950
v -2.9750 1.7500 -0.8950
v -3.4450 1.7500 -0.8950
v -3.4450 1.6300 -0.8550
v -2.9750 1.6300 -0.8550
v -2.9750 1.7500 -0.8550
v -3.4450 1.7500 -0.8550
v -3.4450 1.6300 -0.4350
v -2.9750 1.6300 -0.4350
v -2.9750 1.7500 -0.4350
v -3.4450 1.7500 -0.4350
v -3.4450 1.6300 0.8950
v -2.9750 1.6300 0.8950
v -2.9750 1.7500 0.8950
v -3.4450 1.7500 0.8950
v -3.4450 1.6300 1.3150
v -2.9750 1.6300 1.3150
v -2.9750 1.7500 1.3150
v -3.4450 1.7500 1.3150
v -3.4450 1.6300 0.4350
v -2.9750 1.6300 0.4350
v -2.9750 1.7500 0.4350
v -3.4450 1.7500 0.4350
v -3.4450 1.6300 0.8550
v -2.9750 1.6300 0.8550
v -2.9750 1.7500 0.8550
v -3.4450 1.7500 0.8550
v -2.4450 1.6300 -1.3150
v -1.9750 1.6300 -1.3150
v -1.9750 1.7500 -1.3150
v -2.4450 1.7500 -1.3150
v -2.4450 1.6300 -0.8950
v -1.9750 1.6300 -0.8950
v -1.9750 1.7500 -0.8950
v -2.4450 1.7500 -0.8950
v -2.4450 1.6300 -0.8550
v -1.9750 1.6300 -0.8550
v -1.9750 1.7500 -0.8550
v -2.4450 1.7500 -0.8550
v -2.4450 1.6300 -0.4350
v -1.9750 1.6300 -0.4350
v -1.9750 1.7500 -0.4350
v -2.4450 1.7500 -0.4350
v -2.4450 1.6300 0.8950
v -1.9750 1.6300 0.8950
v -1.9750 1.7500 0.8950
v -2.4450 1.7500 0.8950
v -2.4450 1.6300 1.3150
v -1.9750 1.6300 1.3150
v -1.9750 1.7500 1.3150
v -2.4450 1.7500 1.3150
v -2.4450 1.6300 0.4350
v -1.9750 1.6300 0.4350
v -1.9750 1.7500 0.4350
v -2.4450 1.7500 0.4350
v -2.4450 1.6300 0.8550
v -1.9750 1.6300 0.8550
v -1.9750 1.7500 0.8550
v -2.4450 1.7500 0.8550
v -1.4450 1.6300 -1.3150
v -0.9750 1.6300 -1.3150
v -0.9750 1.7500 -1.3150
v -1.4450 1.7500 -1.3150
v -1.4450 1.6300 -0.8950
v -0.9750 1.6300 -0.8950
v -0.9750 1.7500 -0.8950
v -1.4450 1.7500 -0.8950
v -1.4450 1.6300 -0.8550
v -0.9750 1.6300 -0.8550
v -0.9750 1.7500 -0.8550
v -1.4450 1.7500 -0.8550
v -1.4450 1.6300 -0.4350
v -0.9750 1.6300 -0.4350
v -0.9750 1.7500 -0.4350
v -1.4450 1.7500 -0.4350
v -1.4450 1.6300 0.8950
v -0.9750 1.6300 0.8950
v -0.9750 1.7500 0.8950
v -1.4450 1.7500 0.8950
v -1.4450 1.6300 1.3150
v -0.9750 1.6300 1.3150
v -0.9750 1.7500 1.3150
v -1.4450 1.7500 1.3150
v -1.4450 1.6300 0.4350
v -0.9750 1.6300 0.4350
v -0.9750 1.7500 0.4350
v -1.4450 1.7500 0.4350
v -1.4450 1.6300 0.8550
v -0.9750 1.6300 0.8550
v -0.9750 1.7500 0.8550
v -1.4450 1.7500 0.8550
v -0.4450 1.6300 -1.3150
v 0.0250 1.6300 -1.3150
v 0.0250 1.7500 -1.3150
v -0.4450 1.7500 -1.3150
v -0.4450 1.6300 -0.8950
v 0.0250 1.6300 -0.8950
v 0.0250 1.7500 -0.8950
v -0.4450 1.7500 -0.8950
v -0.4450 1.6300 -0.8550
v 0.0250 1.6300 -0.8550
v 0.0250 1.7500 -0.8550
v -0.4450 1.7500 -0.8550
v -0.4450 1.6300 -0.4350
v 0.0250 1.6300 -0.4350
v 0.0250 1.7500 -0.4350
v -0.4450 1.7500 -0.4350
v -0.4450 1.6300 0.8950
v 0.0250 1.6300 0.8950
v 0.0250 1.7500 0.8950
v -0.4450 1.7500 0.8950
v -0.4450 1.6300 1.3150
v 0.0250 1.6300 1.3150
v 0.0250 1.7500 1.3150
v -0.4450 1.7500 1.3150
v -0.4450 1.6300 0.4350
v 0.0250 1.6300 0.4350
v 0.0250 1.7500 0.4350
v -0.4450 1.7500 0.4350
v -0.4450 1.6300 0.8550
v 0.0250 1.6300 0.8550
v 0.0250 1.7500 0.8550
v -0.4450 1.7500 0.8550
v 0.5550 1.6300 -1.3150
v 1.0250 1.6300 -1.3150
v 1.0250 1.7500 -1.3150
v 0.5550 1.7500 -1.3150
v 0.5550 1.6300 -0.8950
v 1.0250 1.6300 -0.8950
v 1.0250 1.7500 -0.8950
v 0.5550 1.7500 -0.8950
v 0.5550 1.6300 -0.8550
v 1.0250 1.6300 -0.8550
v 1.0250 1.7500 -0.8550
v 0.5550 1.7500 -0.8550
v 0.5550 1.6300 -0.4350
v 1.0250 1.6300 -0.4350
v 1.0250 1.7500 -0.4350
v 0.5550 1.7500 -0.4350
v 0.5550 1.6300 0.8950
v 1.0250 1.6300 0.8950
v 1.0250 1.7500 0.8950
v 0.5550 1.7500 0.8950
v 0.5550 1.6300 1.3150
v 1.0250 1.6300 1.3150
v 1.0250 1.7500 1.3150
v 0.5550 1.7500 1.3150
v 0.5550 1.6300 0.4350
v 1.0250 1.6300 0.4350
v 1.0250 1.7500 0.4350
v 0.5550 1.7500 0.4350
v 0.5550 1.6300 0.8550
v 1.0250 1.6300 0.8550
v 1.0250 1.7500 0.8550
v 0.5550 1.7500 0.8550
v 1.5550 1.6300 -1.3150
v 2.0250 1.6300 -1.3150
v 2.0250 1.7500 -1.3150
v 1.5550 1.7500 -1.3150
v 1.5550 1.6300 -0.8950
v 2.0250 1.6300 -0.8950
v 2.0250 1.7500 -0.8950
v 1.5550 1.7500 -0.8950
v 1.5550 1.6300 -0.8550
v 2.0250 1.6300 -0.8550
v 2.0250 1.7500 -0.8550
v 1.5550 1.7500 -0.8550
v 1.5550 1.6300 -0.4350
v 2.0250 1.6300 -0.4350
v 2.0250 1.7500 -0.4350
v 1.5550 1.7500 -0.4350
v 1.5550 1.6300 0.8950
v 2.0250 1.6300 0.8950
v 2.0250 1.7500 0.8950
v 1.5550 1.7500 0.8950
v 1.5550 1.6300 1.3150
v 2.0250 1.6300 1.3150
v 2.0250 1.7500 1.3150
v 1.5550 1.7500 1.3150
v 1.5550 1.6300 0.4350
v 2.0250 1.6300 0.4350
v 2.0250 1.7500 0.4350
v 1.5550 1.7500 0.4350
v 1.5550 1.6300 0.8550
v 2.0250 1.6300 0.8550
v 2.0250 1.7500 0.8550
v 1.5550 1.7500 0.8550
v 2.5550 1.6300 -1.3150
v 3.0250 1.6300 -1.3150
v 3.0250 1.7500 -1.3150
v 2.5550 1.7500 -1.3150
v 2.5550 1.6300 -0.8950
v 3.0250 1.6300 -0.8950
v 3.0250 1.7500 -0.8950
v 2.5550 1.7500 -0.8950
v 2.5550 1.6300 -0.8550
v 3.0250 1.6300 -0.8550
v 3.0250 1.7500 -0.8550
v 2.5550 1.7500 -0.8550
v 2.5550 1.6300 -0.4350
v 3.0250 1.6300 -0.4350
v 3.0250 1.7500 -0.4350
v 2.5550 1.7500 -0.4350
v 2.5550 1.6300 0.8950
v 3.0250 1.6300 0.8950
v 3.0250 1.7500 0.8950
v 2.5550 1.7500 0.8950
v 2.5550 1.6300 1.3150
v 3.0250 1.6300 1.3150
v 3.0250 1.7500 1.3150
v 2.5550 1.7500 1.3150
v 2.5550 1.6300 0.4350
v 3.0250 1.6300 0.4350
v 3.0250 1.7500 0.4350
v 2.5550 1.7500 0.4350
v 2.5550 1.6300 0.8550
v 3.0250 1.6300 0.8550
v 3.0250 1.7500 0.8550
v 2.5550 1.7500 0.8550
v -10.8250 2.8300 0.9300
v 4.3250 2.8300 0.9300
v 4.3250 2.8600 0.9300
v -10.8250 2.8600 0.9300
v -10.8250 2.8300 1.3800
v 4.3250 2.8300 1.3800
v 4.3250 2.8600 1.3800
v -10.8250 2.8600 1.3800
v -10.8250 2.8600 0.9300
v 4.3250 2.8600 0.9300
v 4.3250 2.9500 0.9300
v -10.8250 2.9500 0.9300
v -10.8250 2.8600 0.9600
v 4.3250 2.8600 0.9600
v 4.3250 2.9500 0.9600
v -10.8250 2.9500 0.9600
v -10.8250 2.9500 1.3200
v 4.3250 2.9500 1.3200
v 4.3250 2.9900 1.3200
v -10.8250 2.9900 1.3200
v -10.8250 2.9500 1.3800
v 4.3250 2.9500 1.3800
v 4.3250 2.9900 1.3800
v -10.8250 2.9900 1.3800
v -10.8250 2.8300 -1.3800
v 4.3250 2.8300 -1.3800
v 4.3250 2.8600 -1.3800
v -10.8250 2.8600 -1.3800
v -10.8250 2.8300 -0.9300
v 4.3250 2.8300 -0.9300
v 4.3250 2.8600 -0.9300
v -10.8250 2.8600 -0.9300
v -10.8250 2.8600 -0.9600
v 4.3250 2.8600 -0.9600
v 4.3250 2.9500 -0.9600
v -10.8250 2.9500 -0.9600
v -10.8250 2.8600 -0.9300
v 4.3250 2.8600 -0.9300
v 4.3250 2.9500 -0.9300
v -10.8250 2.9500 -0.9300
v -10.8250 2.9500 -1.3800
v 4.3250 2.9500 -1.3800
v 4.3250 2.9900 -1.3800
v -10.8250 2.9900 -1.3800
v -10.8250 2.9500 -1.3200
v 4.3250 2.9500 -1.3200
v 4.3250 2.9900 -1.3200
v -10.8250 2.9900 -1.3200
v -10.5250 3.7700 -0.1800
v -9.8250 3.7700 -0.1800
v -9.8250 3.7900 -0.1800
v -10.5250 3.7900 -0.1800
v -10.5250 3.7700 0.1800
v -9.8250 3.7700 0.1800
v -9.8250 3.7900 0.1800
v -10.5250 3.7900 0.1800
v -10.4750 3.7650 -0.1500
v -10.4150 3.7650 -0.1500
v -10.4150 3.7700 -0.1500
v -10.4750 3.7700 -0.1500
v -10.4750 3.7650 0.1500
v -10.4150 3.7650 0.1500
v -10.4150 3.7700 0.1500
v -10.4750 3.7700 0.1500
v -10.2950 3.7650 -0.1500
v -10.2350 3.7650 -0.1500
v -10.2350 3.7700 -0.1500
v -10.2950 3.7700 -0.1500
v -10.2950 3.7650 0.1500
v -10.2350 3.7650 0.1500
v -10.2350 3.7700 0.1500
v -10.2950 3.7700 0.1500
v -10.1150 3.7650 -0.1500
v -10.0550 3.7650 -0.1500
v -10.0550 3.7700 -0.1500
v -10.1150 3.7700 -0.1500
v -10.1150 3.7650 0.1500
v -10.0550 3.7650 0.1500
v -10.0550 3.7700 0.1500
v -10.1150 3.7700 0.1500
v -9.9350 3.7650 -0.1500
v -9.8750 3.7650 -0.1500
v -9.8750 3.7700 -0.1500
v -9.9350 3.7700 -0.1500
v -9.9350 3.7650 0.1500
v -9.8750 3.7650 0.1500
v -9.8750 3.7700 0.1500
v -9.9350 3.7700 0.1500
v -11.0750 3.7800 0.7500
v -10.9250 3.7800 0.7500
v -10.9250 3.7900 0.7500
v -11.0750 3.7900 0.7500
v -11.0750 3.7800 0.9000
v -10.9250 3.7800 0.9000
v -10.9250 3.7900 0.9000
v -11.0750 3.7900 0.9000
v -8.5250 3.7700 -0.1800
v -7.8250 3.7700 -0.1800
v -7.8250 3.7900 -0.1800
v -8.5250 3.7900 -0.1800
v -8.5250 3.7700 0.1800
v -7.8250 3.7700 0.1800
v -7.8250 3.7900 0.1800
v -8.5250 3.7900 0.1800
v -8.4750 3.7650 -0.1500
v -8.4150 3.7650 -0.1500
v -8.4150 3.7700 -0.1500
v -8.4750 3.7700 -0.1500
v -8.4750 3.7650 0.1500
v -8.4150 3.7650 0.1500
v -8.4150 3.7700 0.1500
v -8.4750 3.7700 0.1500
v -8.2950 3.7650 -0.1500
v -8.2350 3.7650 -0.1500
v -8.2350 3.7700 -0.1500
v -8.2950 3.7700 -0.1500
v -8.2950 3.7650 0.1500
v -8.2350 3.7650 0.1500
v -8.2350 3.7700 0.1500
v -8.2950 3.7700 0.1500
v -8.1150 3.7650 -0.1500
v -8.0550 3.7650 -0.1500
v -8.0550 3.7700 -0.1500
v -8.1150 3.7700 -0.1500
v -8.1150 3.7650 0.1500
v -8.0550 3.7650 0.1500
v -8.0550 3.7700 0.1500
v -8.1150 3.7700 0.1500
v -7.9350 3.7650 -0.1500
v -7.8750 3.7650 -0.1500
v -7.8750 3.7700 -0.1500
v -7.9350 3.7700 -0.1500
v -7.9350 3.7650 0.1500
v -7.8750 3.7650 0.1500
v -7.8750 3.7700 0.1500
v -7.9350 3.7700 0.1500
v -7.5750 3.7500 -0.0700
v -7.4250 3.7500 -0.0700
v -7.4250 3.7900 -0.0700
v -7.5750 3.7900 -0.0700
v -7.5750 3.7500 0.0700
v -7.4250 3.7500 0.0700
v -7.4250 3.7900 0.0700
v -7.5750 3.7900 0.0700
v -6.5250 3.7700 -0.1800
v -5.8250 3.7700 -0.1800
v -5.8250 3.7900 -0.1800
v -6.5250 3.7900 -0.1800
v -6.5250 3.7700 0.1800
v -5.8250 3.7700 0.1800
v -5.8250 3.7900 0.1800
v -6.5250 3.7900 0.1800
v -6.4750 3.7650 -0.1500
v -6.4150 3.7650 -0.1500
v -6.4150 3.7700 -0.1500
v -6.4750 3.7700 -0.1500
v -6.4750 3.7650 0.1500
v -6.4150 3.7650 0.1500
v -6.4150 3.7700 0.1500
v -6.4750 3.7700 0.1500
v -6.2950 3.7650 -0.1500
v -6.2350 3.7650 -0.1500
v -6.2350 3.7700 -0.1500
v -6.2950 3.7700 -0.1500
v -6.2950 3.7650 0.1500
v -6.2350 3.7650 0.1500
v -6.2350 3.7700 0.1500
v -6.2950 3.7700 0.1500
v -6.1150 3.7650 -0.1500
v -6.0550 3.7650 -0.1500
v -6.0550 3.7700 -0.1500
v -6.1150 3.7700 -0.1500
v -6.1150 3.7650 0.1500
v -6.0550 3.7650 0.1500
v -6.0550 3.7700 0.1500
v -6.1150 3.7700 0.1500
v -5.9350 3.7650 -0.1500
v -5.8750 3.7650 -0.1500
v -5.8750 3.7700 -0.1500
v -5.9350 3.7700 -0.1500
v -5.9350 3.7650 0.1500
v -5.8750 3.7650 0.1500
v -5.8750 3.7700 0.1500
v -5.9350 3.7700 0.1500
v -7.0750 3.7800 0.7500
v -6.9250 3.7800 0.7500
v -6.9250 3.7900 0.7500
v -7.0750 3.7900 0.7500
v -7.0750 3.7800 0.9000
v -6.9250 3.7800 0.9000
v -6.9250 3.7900 0.9000
v -7.0750 3.7900 0.9000
v -4.5250 3.7700 -0.1800
v -3.8250 3.7700 -0.1800
v -3.8250 3.7900 -0.1800
v -4.5250 3.7900 -0.1800
v -4.5250 3.7700 0.1800
v -3.8250 3.7700 0.1800
v -3.8250 3.7900 0.1800
v -4.5250 3.7900 0.1800
v -4.4750 3.7650 -0.1500
v -4.4150 3.7650 -0.1500
v -4.4150 3.7700 -0.1500
v -4.4750 3.7700 -0.1500
v -4.4750 3.7650 0.1500
v -4.4150 3.7650 0.1500
v -4.4150 3.7700 0.1500
v -4.4750 3.7700 0.1500
v -4.2950 3.7650 -0.1500
v -4.2350 3.7650 -0.1500
v -4.2350 3.7700 -0.1500
v -4.2950 3.7700 -0.1500
v -4.2950 3.7650 0.1500
v -4.2350 3.7650 0.1500
v -4.2350 3.7700 0.1500
v -4.2950 3.7700 0.1500
v -4.1150 3.7650 -0.1500
v -4.0550 3.7650 -0.1500
v -4.0550 3.7700 -0.1500
v -4.1150 3.7700 -0.1500
v -4.1150 3.7650 0.1500
v -4.0550 3.7650 0.1500
v -4.0550 3.7700 0.1500
v -4.1150 3.7700 0.1500
v -3.9350 3.7650 -0.1500
v -3.8750 3.7650 -0.1500
v -3.8750 3.7700 -0.1500
v -3.9350 3.7700 -0.1500
v -3.9350 3.7650 0.1500
v -3.8750 3.7650 0.1500
v -3.8750 3.7700 0.1500
v -3.9350 3.7700 0.1500
v -2.5250 3.7700 -0.1800
v -1.8250 3.7700 -0.1800
v -1.8250 3.7900 -0.1800
v -2.5250 3.7900 -0.1800
v -2.5250 3.7700 0.1800
v -1.8250 3.7700 0.1800
v -1.8250 3.7900 0.1800
v -2.5250 3.7900 0.1800
v -2.4750 3.7650 -0.1500
v -2.4150 3.7650 -0.1500
v -2.4150 3.7700 -0.1500
v -2.4750 3.7700 -0.1500
v -2.4750 3.7650 0.1500
v -2.4150 3.7650 0.1500
v -2.4150 3.7700 0.1500
v -2.4750 3.7700 0.1500
v -2.2950 3.7650 -0.1500
v -2.2350 3.7650 -0.1500
v -2.2350 3.7700 -0.1500
v -2.2950 3.7700 -0.1500
v -2.2950 3.7650 0.1500
v -2.2350 3.7650 0.1500
v -2.2350 3.7700 0.1500
v -2.2950 3.7700 0.1500
v -2.1150 3.7650 -0.1500
v -2.0550 3.7650 -0.1500
v -2.0550 3.7700 -0.1500
v -2.1150 3.7700 -0.1500
v -2.1150 3.7650 0.1500
v -2.0550 3.7650 0.1500
v -2.0550 3.7700 0.1500
v -2.1150 3.7700 0.1500
v -1.9350 3.7650 -0.1500
v -1.8750 3.7650 -0.1500
v -1.8750 3.7700 -0.1500
v -1.9350 3.7700 -0.1500
v -1.9350 3.7650 0.1500
v -1.8750 3.7650 0.1500
v -1.8750 3.7700 0.1500
v -1.9350 3.7700 0.1500
v -1.5750 3.7500 -0.0700
v -1.4250 3.7500 -0.0700
v -1.4250 3.7900 -0.0700
v -1.5750 3.7900 -0.0700
v -1.5750 3.7500 0.0700
v -1.4250 3.7500 0.0700
v -1.4250 3.7900 0.0700
v -1.5750 3.7900 0.0700
v -3.0750 3.7800 0.7500
v -2.9250 3.7800 0.7500
v -2.9250 3.7900 0.7500
v -3.0750 3.7900 0.7500
v -3.0750 3.7800 0.9000
v -2.9250 3.7800 0.9000
v -2.9250 3.7900 0.9000
v -3.0750 3.7900 0.9000
v -0.5250 3.7700 -0.1800
v 0.1750 3.7700 -0.1800
v 0.1750 3.7900 -0.1800
v -0.5250 3.7900 -0.1800
v -0.5250 3.7700 0.1800
v 0.1750 3.7700 0.1800
v 0.1750 3.7900 0.1800
v -0.5250 3.7900 0.1800
v -0.4750 3.7650 -0.1500
v -0.4150 3.7650 -0.1500
v -0.4150 3.7700 -0.1500
v -0.4750 3.7700 -0.1500
v -0.4750 3.7650 0.1500
v -0.4150 3.7650 0.1500
v -0.4150 3.7700 0.1500
v -0.4750 3.7700 0.1500
v -0.2950 3.7650 -0.1500
v -0.2350 3.7650 -0.1500
v -0.2350 3.7700 -0.1500
v -0.2950 3.7700 -0.1500
v -0.2950 3.7650 0.1500
v -0.2350 3.7650 0.1500
v -0.2350 3.7700 0.1500
v -0.2950 3.7700 0.1500
v -0.1150 3.7650 -0.1500
v -0.0550 3.7650 -0.1500
v -0.0550 3.7700 -0.1500
v -0.1150 3.7700 -0.1500
v -0.1150 3.7650 0.1500
v -0.0550 3.7650 0.1500
v -0.0550 3.7700 0.1500
v -0.1150 3.7700 0.1500
v 0.0650 3.7650 -0.1500
v 0.1250 3.7650 -0.1500
v 0.1250 3.7700 -0.1500
v 0.0650 3.7700 -0.1500
v 0.0650 3.7650 0.1500
v 0.1250 3.7650 0.1500
v 0.1250 3.7700 0.1500
v 0.0650 3.7700 0.1500
v 1.4750 3.7700 -0.1800
v 2.1750 3.7700 -0.1800
v 2.1750 3.7900 -0.1800
v 1.4750 3.7900 -0.1800
v 1.4750 3.7700 0.1800
v 2.1750 3.7700 0.1800
v 2.1750 3.7900 0.1800
v 1.4750 3.7900 0.1800
v 1.5250 3.7650 -0.1500
v 1.5850 3.7650 -0.1500
v 1.5850 3.7700 -0.1500
v 1.5250 3.7700 -0.1500
v 1.5250 3.7650 0.1500
v 1.5850 3.7650 0.1500
v 1.5850 3.7700 0.1500
v 1.5250 3.7700 0.1500
v 1.7050 3.7650 -0.1500
v 1.7650 3.7650 -0.1500
v 1.7650 3.7700 -0.1500
v 1.7050 3.7700 -0.1500
v 1.7050 3.7650 0.1500
v 1.7650 3.7650 0.1500
v 1.7650 3.7700 0.1500
v 1.7050 3.7700 0.1500
v 1.8850 3.7650 -0.1500
v 1.9450 3.7650 -0.1500
v 1.9450 3.7700 -0.1500
v 1.8850 3.7700 -0.1500
v 1.8850 3.7650 0.1500
v 1.9450 3.7650 0.1500
v 1.9450 3.7700 0.1500
v 1.8850 3.7700 0.1500
v 2.0650 3.7650 -0.1500
v 2.1250 3.7650 -0.1500
v 2.1250 3.7700 -0.1500
v 2.0650 3.7700 -0.1500
v 2.0650 3.7650 0.1500
v 2.1250 3.7650 0.1500
v 2.1250 3.7700 0.1500
v 2.0650 3.7700 0.1500
v 0.9250 3.7800 0.7500
v 1.0750 3.7800 0.7500
v 1.0750 3.7900 0.7500
v 0.9250 3.7900 0.7500
v 0.9250 3.7800 0.9000
v 1.0750 3.7800 0.9000
v 1.0750 3.7900 0.9000
v 0.9250 3.7900 0.9000
v 3.4750 3.7700 -0.1800
v 4.1750 3.7700 -0.1800
v 4.1750 3.7900 -0.1800
v 3.4750 3.7900 -0.1800
v 3.4750 3.7700 0.1800
v 4.1750 3.7700 0.1800
v 4.1750 3.7900 0.1800
v 3.4750 3.7900 0.1800
v 3.5250 3.7650 -0.1500
v 3.5850 3.7650 -0.1500
v 3.5850 3.7700 -0.1500
v 3.5250 3.7700 -0.1500
v 3.5250 3.7650 0.1500
v 3.5850 3.7650 0.1500
v 3.5850 3.7700 0.1500
v 3.5250 3.7700 0.1500
v 3.7050 3.7650 -0.1500
v 3.7650 3.7650 -0.1500
v 3.7650 3.7700 -0.1500
v 3.7050 3.7700 -0.1500
v 3.7050 3.7650 0.1500
v 3.7650 3.7650 0.1500
v 3.7650 3.7700 0.1500
v 3.7050 3.7700 0.1500
v 3.8850 3.7650 -0.1500
v 3.9450 3.7650 -0.1500
v 3.9450 3.7700 -0.1500
v 3.8850 3.7700 -0.1500
v 3.8850 3.7650 0.1500
v 3.9450 3.7650 0.1500
v 3.9450 3.7700 0.1500
v 3.8850 3.7700 0.1500
v 4.0650 3.7650 -0.1500
v 4.1250 3.7650 -0.1500
v 4.1250 3.7700 -0.1500
v 4.0650 3.7700 -0.1500
v 4.0650 3.7650 0.1500
v 4.1250 3.7650 0.1500
v 4.1250 3.7700 0.1500
v 4.0650 3.7700 0.1500
v 4.4250 3.7500 -0.0700
v 4.5750 3.7500 -0.0700
v 4.5750 3.7900 -0.0700
v 4.4250 3.7900 -0.0700
v 4.4250 3.7500 0.0700
v 4.5750 3.7500 0.0700
v 4.5750 3.7900 0.0700
v 4.4250 3.7900 0.0700
v -10.7050 1.4000 1.1850
v -10.5450 1.4000 1.1850
v -10.5450 1.9000 1.1850
v -10.7050 1.9000 1.1850
v -10.7050 1.4000 1.3450
v -10.5450 1.4000 1.3450
v -10.5450 1.9000 1.3450
v -10.7050 1.9000 1.3450
v -10.6550 1.9000 1.2450
v -10.5950 1.9000 1.2450
v -10.5950 2.0000 1.2450
v -10.6550 2.0000 1.2450
v -10.6550 1.9000 1.2850
v -10.5950 1.9000 1.2850
v -10.5950 2.0000 1.2850
v -10.6550 2.0000 1.2850
v -10.7250 2.6000 1.3350
v -10.5250 2.6000 1.3350
v -10.5250 2.8500 1.3350
v -10.7250 2.8500 1.3350
v -10.7250 2.6000 1.3650
v -10.5250 2.6000 1.3650
v -10.5250 2.8500 1.3650
v -10.7250 2.8500 1.3650
v -10.6650 2.6700 1.3250
v -10.5850 2.6700 1.3250
v -10.5850 2.7500 1.3250
v -10.6650 2.7500 1.3250
v -10.6650 2.6700 1.3350
v -10.5850 2.6700 1.3350
v -10.5850 2.7500 1.3350
v -10.6650 2.7500 1.3350
v -10.7050 1.4000 -1.3450
v -10.5450 1.4000 -1.3450
v -10.5450 1.9000 -1.3450
v -10.7050 1.9000 -1.3450
v -10.7050 1.4000 -1.1850
v -10.5450 1.4000 -1.1850
v -10.5450 1.9000 -1.1850
v -10.7050 1.9000 -1.1850
v -10.6550 1.9000 -1.2850
v -10.5950 1.9000 -1.2850
v -10.5950 2.0000 -1.2850
v -10.6550 2.0000 -1.2850
v -10.6550 1.9000 -1.2450
v -10.5950 1.9000 -1.2450
v -10.5950 2.0000 -1.2450
v -10.6550 2.0000 -1.2450
v -10.7250 2.6000 -1.3650
v -10.5250 2.6000 -1.3650
v -10.5250 2.8500 -1.3650
v -10.7250 2.8500 -1.3650
v -10.7250 2.6000 -1.3350
v -10.5250 2.6000 -1.3350
v -10.5250 2.8500 -1.3350
v -10.7250 2.8500 -1.3350
v -10.6650 2.6700 -1.3350
v -10.5850 2.6700 -1.3350
v -10.5850 2.7500 -1.3350
v -10.6650 2.7500 -1.3350
v -10.6650 2.6700 -1.3250
v -10.5850 2.6700 -1.3250
v -10.5850 2.7500 -1.3250
v -10.6650 2.7500 -1.3250
v 4.4750 1.2500 0.4500
v 4.5550 1.2500 0.4500
v 4.5550 3.8300 0.4500
v 4.4750 3.8300 0.4500
v 4.4750 1.2500 1.3800
v 4.5550 1.2500 1.3800
v 4.5550 3.8300 1.3800
v 4.4750 3.8300 1.3800
v 4.4750 1.2500 -1.3800
v 4.5550 1.2500 -1.3800
v 4.5550 3.8300 -1.3800
v 4.4750 3.8300 -1.3800
v 4.4750 1.2500 -0.4500
v 4.5550 1.2500 -0.4500
v 4.5550 3.8300 -0.4500
v 4.4750 3.8300 -0.4500
v 4.4750 3.2500 -0.4500
v 4.5550 3.2500 -0.4500
v 4.5550 3.8300 -0.4500
v 4.4750 3.8300 -0.4500
v 4.4750 3.2500 0.4500
v 4.5550 3.2500 0.4500
v 4.5550 3.8300 0.4500
v 4.4750 3.8300 0.4500
v 6.2350 1.2500 -1.2462
v 6.9350 1.2500 -1.2462
v 6.9350 2.1000 -1.2462
v 6.2350 2.1000 -1.2462
v 6.2350 1.2500 1.2462
v 6.9350 1.2500 1.2462
v 6.9350 2.1000 1.2462
v 6.2350 2.1000 1.2462
v 6.1850 2.1000 -1.2462
v 6.8850 2.1000 -1.2462
v 6.8850 2.1700 -1.2462
v 6.1850 2.1700 -1.2462
v 6.1850 2.1000 1.2462
v 6.8850 2.1000 1.2462
v 6.8850 2.1700 1.2462
v 6.1850 2.1700 1.2462
v 6.5350 2.1700 -0.5500
v 6.6050 2.1700 -0.5500
v 6.6050 2.4500 -0.5500
v 6.5350 2.4500 -0.5500
v 6.5350 2.1700 -0.0500
v 6.6050 2.1700 -0.0500
v 6.6050 2.4500 -0.0500
v 6.5350 2.4500 -0.0500
v 6.5250 2.2100 -0.5200
v 6.5350 2.2100 -0.5200
v 6.5350 2.4100 -0.5200
v 6.5250 2.4100 -0.5200
v 6.5250 2.2100 -0.0800
v 6.5350 2.2100 -0.0800
v 6.5350 2.4100 -0.0800
v 6.5250 2.4100 -0.0800
v 6.5350 2.1700 0.0500
v 6.6050 2.1700 0.0500
v 6.6050 2.4500 0.0500
v 6.5350 2.4500 0.0500
v 6.5350 2.1700 0.4500
v 6.6050 2.1700 0.4500
v 6.6050 2.4500 0.4500
v 6.5350 2.4500 0.4500
v 6.5250 2.2100 0.0800
v 6.5350 2.2100 0.0800
v 6.5350 2.4100 0.0800
v 6.5250 2.4100 0.0800
v 6.5250 2.2100 0.4200
v 6.5350 2.2100 0.4200
v 6.5350 2.4100 0.4200
v 6.5250 2.4100 0.4200
v 6.2850 2.1700 -0.4200
v 6.3450 2.1700 -0.4200
v 6.3450 2.3700 -0.4200
v 6.2850 2.3700 -0.4200
v 6.2850 2.1700 -0.3600
v 6.3450 2.1700 -0.3600
v 6.3450 2.3700 -0.3600
v 6.2850 2.3700 -0.3600
v 6.2650 2.3700 -0.4400
v 6.3650 2.3700 -0.4400
v 6.3650 2.4200 -0.4400
v 6.2650 2.4200 -0.4400
v 6.2650 2.3700 -0.3400
v 6.3650 2.3700 -0.3400
v 6.3650 2.4200 -0.3400
v 6.2650 2.4200 -0.3400
v 6.2850 2.1700 -0.2600
v 6.3450 2.1700 -0.2600
v 6.3450 2.3500 -0.2600
v 6.2850 2.3500 -0.2600
v 6.2850 2.1700 -0.2000
v 6.3450 2.1700 -0.2000
v 6.3450 2.3500 -0.2000
v 6.2850 2.3500 -0.2000
v 6.2650 2.3500 -0.2800
v 6.3650 2.3500 -0.2800
v 6.3650 2.4000 -0.2800
v 6.2650 2.4000 -0.2800
v 6.2650 2.3500 -0.1800
v 6.3650 2.3500 -0.1800
v 6.3650 2.4000 -0.1800
v 6.2650 2.4000 -0.1800
v 6.2850 2.1700 0.1200
v 6.3350 2.1700 0.1200
v 6.3350 2.2700 0.1200
v 6.2850 2.2700 0.1200
v 6.2850 2.1700 0.1700
v 6.3350 2.1700 0.1700
v 6.3350 2.2700 0.1700
v 6.2850 2.2700 0.1700
v 6.2850 2.1700 0.2800
v 6.3650 2.1700 0.2800
v 6.3650 2.2100 0.2800
v 6.2850 2.2100 0.2800
v 6.2850 2.1700 0.3600
v 6.3650 2.1700 0.3600
v 6.3650 2.2100 0.3600
v 6.2850 2.2100 0.3600
v 6.2850 2.1700 0.4000
v 6.3650 2.1700 0.4000
v 6.3650 2.2100 0.4000
v 6.2850 2.2100 0.4000
v 6.2850 2.1700 0.4800
v 6.3650 2.1700 0.4800
v 6.3650 2.2100 0.4800
v 6.2850 2.2100 0.4800
v 5.6150 1.2500 -0.4200
v 5.8550 1.2500 -0.4200
v 5.8550 1.6700 -0.4200
v 5.6150 1.6700 -0.4200
v 5.6150 1.2500 -0.1800
v 5.8550 1.2500 -0.1800
v 5.8550 1.6700 -0.1800
v 5.6150 1.6700 -0.1800
v 5.4150 1.7500 -0.5500
v 5.4950 1.7500 -0.5500
v 5.4950 2.5000 -0.5500
v 5.4150 2.5000 -0.5500
v 5.4150 1.7500 -0.0500
v 5.4950 1.7500 -0.0500
v 5.4950 2.5000 -0.0500
v 5.4150 2.5000 -0.0500
v 5.6150 1.2500 0.2200
v 5.8550 1.2500 0.2200
v 5.8550 1.6700 0.2200
v 5.6150 1.6700 0.2200
v 5.6150 1.2500 0.4500
v 5.8550 1.2500 0.4500
v 5.8550 1.6700 0.4500
v 5.6150 1.6700 0.4500
v 5.4850 1.6700 -0.5500
v 5.9850 1.6700 -0.5500
v 5.9850 1.7700 -0.5500
v 5.4850 1.7700 -0.5500
v 5.4850 1.6700 -0.0500
v 5.9850 1.6700 -0.0500
v 5.9850 1.7700 -0.0500
v 5.4850 1.7700 -0.0500
v 5.4850 1.6700 0.1200
v 5.9850 1.6700 0.1200
v 5.9850 1.7700 0.1200
v 5.4850 1.7700 0.1200
v 5.4850 1.6700 0.5500
v 5.9850 1.6700 0.5500
v 5.9850 1.7700 0.5500
v 5.4850 1.7700 0.5500
vt 0.031250 0.968750
vt 0.093750 0.968750
vt 0.156250 0.968750
vt 0.218750 0.968750
vt 0.281250 0.968750
vt 0.343750 0.968750
vt 0.406250 0.968750
vt 0.468750 0.968750
vt 0.531250 0.968750
vt 0.593750 0.968750
vt 0.656250 0.968750
vt 0.718750 0.968750
vt 0.781250 0.968750
vt 0.843750 0.968750
vt 0.906250 0.968750
vt 0.968750 0.968750
vt 0.031250 0.906250
vt 0.093750 0.906250
vt 0.156250 0.906250
vt 0.218750 0.906250
vt 0.281250 0.906250
vt 0.343750 0.906250
vt 0.406250 0.906250
vt 0.468750 0.906250
vt 0.531250 0.906250
vt 0.593750 0.906250
vt 0.656250 0.906250
vt 0.718750 0.906250
vt 0.781250 0.906250
vt 0.843750 0.906250
vt 0.906250 0.906250
vt 0.968750 0.906250
vt 0.031250 0.843750
vt 0.093750 0.843750
vt 0.156250 0.843750
vt 0.218750 0.843750
vt 0.281250 0.843750
vt 0.343750 0.843750
vt 0.406250 0.843750
vt 0.468750 0.843750
vt 0.531250 0.843750
vt 0.593750 0.843750
vt 0.656250 0.843750
vt 0.718750 0.843750
vt 0.781250 0.843750
vt 0.843750 0.843750
vt 0.906250 0.843750
vt 0.968750 0.843750
vt 0.031250 0.781250
vt 0.093750 0.781250
vt 0.156250 0.781250
vt 0.218750 0.781250
vt 0.281250 0.781250
vt 0.343750 0.781250
vt 0.406250 0.781250
vt 0.468750 0.781250
vt 0.531250 0.781250
vt 0.593750 0.781250
vt 0.656250 0.781250
vt 0.718750 0.781250
vt 0.781250 0.781250
vt 0.843750 0.781250
vn 0 0 -1
vn 0 0 1
vn 0 -1 0
vn 0 1 0
vn -1 0 0
vn 1 0 0
o SHELL
usemtl palette
f 1/39/1 4/39/1 3/39/1 2/39/1
f 5/39/2 6/39/2 7/39/2 8/39/2
f 1/39/3 2/39/3 6/39/3 5/39/3
f 4/39/4 8/39/4 7/39/4 3/39/4
f 1/39/5 5/39/5 8/39/5 4/39/5
f 2/39/6 3/39/6 7/39/6 6/39/6
f 9/30/1 12/30/1 11/30/1 10/30/1
f 13/30/2 14/30/2 15/30/2 16/30/2
f 9/30/3 10/30/3 14/30/3 13/30/3
f 12/30/4 16/30/4 15/30/4 11/30/4
f 9/30/5 13/30/5 16/30/5 12/30/5
f 10/30/6 11/30/6 15/30/6 14/30/6
f 17/45/1 20/45/1 19/45/1 18/45/1
f 21/45/2 22/45/2 23/45/2 24/45/2
f 17/45/3 18/45/3 22/45/3 21/45/3
f 20/45/4 24/45/4 23/45/4 19/45/4
f 17/45/5 21/45/5 24/45/5 20/45/5
f 18/45/6 19/45/6 23/45/6 22/45/6
f 25/45/1 28/45/1 27/45/1 26/45/1
f 29/45/2 30/45/2 31/45/2 32/45/2
f 25/45/3 26/45/3 30/45/3 29/45/3
f 28/45/4 32/45/4 31/45/4 27/45/4
f 25/45/5 29/45/5 32/45/5 28/45/5
f 26/45/6 27/45/6 31/45/6 30/45/6
f 33/45/1 36/45/1 35/45/1 34/45/1
f 37/45/2 38/45/2 39/45/2 40/45/2
f 33/45/3 34/45/3 38/45/3 37/45/3
f 36/45/4 40/45/4 39/45/4 35/45/4
f 33/45/5 37/45/5 40/45/5 36/45/5
f 34/45/6 35/45/6 39/45/6 38/45/6
f 41/56/1 44/56/1 43/56/1 42/56/1
f 45/56/2 46/56/2 47/56/2 48/56/2
f 41/56/3 42/56/3 46/56/3 45/56/3
f 44/56/4 48/56/4 47/56/4 43/56/4
f 41/56/5 45/56/5 48/56/5 44/56/5
f 42/56/6 43/56/6 47/56/6 46/56/6
f 49/56/1 52/56/1 51/56/1 50/56/1
f 53/56/2 54/56/2 55/56/2 56/56/2
f 49/56/3 50/56/3 54/56/3 53/56/3
f 52/56/4 56/56/4 55/56/4 51/56/4
f 49/56/5 53/56/5 56/56/5 52/56/5
f 50/56/6 51/56/6 55/56/6 54/56/6
f 57/56/1 60/56/1 59/56/1 58/56/1
f 61/56/2 62/56/2 63/56/2 64/56/2
f 57/56/3 58/56/3 62/56/3 61/56/3
f 60/56/4 64/56/4 63/56/4 59/56/4
f 57/56/5 61/56/5 64/56/5 60/56/5
f 58/56/6 59/56/6 63/56/6 62/56/6
f 65/56/1 68/56/1 67/56/1 66/56/1
f 69/56/2 70/56/2 71/56/2 72/56/2
f 65/56/3 66/56/3 70/56/3 69/56/3
f 68/56/4 72/56/4 71/56/4 67/56/4
f 65/56/5 69/56/5 72/56/5 68/56/5
f 66/56/6 67/56/6 71/56/6 70/56/6
f 73/56/1 76/56/1 75/56/1 74/56/1
f 77/56/2 78/56/2 79/56/2 80/56/2
f 73/56/3 74/56/3 78/56/3 77/56/3
f 76/56/4 80/56/4 79/56/4 75/56/4
f 73/56/5 77/56/5 80/56/5 76/56/5
f 74/56/6 75/56/6 79/56/6 78/56/6
f 81/56/1 84/56/1 83/56/1 82/56/1
f 85/56/2 86/56/2 87/56/2 88/56/2
f 81/56/3 82/56/3 86/56/3 85/56/3
f 84/56/4 88/56/4 87/56/4 83/56/4
f 81/56/5 85/56/5 88/56/5 84/56/5
f 82/56/6 83/56/6 87/56/6 86/56/6
f 89/56/1 92/56/1 91/56/1 90/56/1
f 93/56/2 94/56/2 95/56/2 96/56/2
f 89/56/3 90/56/3 94/56/3 93/56/3
f 92/56/4 96/56/4 95/56/4 91/56/4
f 89/56/5 93/56/5 96/56/5 92/56/5
f 90/56/6 91/56/6 95/56/6 94/56/6
f 97/56/1 100/56/1 99/56/1 98/56/1
f 101/56/2 102/56/2 103/56/2 104/56/2
f 97/56/3 98/56/3 102/56/3 101/56/3
f 100/56/4 104/56/4 103/56/4 99/56/4
f 97/56/5 101/56/5 104/56/5 100/56/5
f 98/56/6 99/56/6 103/56/6 102/56/6
f 105/56/1 108/56/1 107/56/1 106/56/1
f 109/56/2 110/56/2 111/56/2 112/56/2
f 105/56/3 106/56/3 110/56/3 109/56/3
f 108/56/4 112/56/4 111/56/4 107/56/4
f 105/56/5 109/56/5 112/56/5 108/56/5
f 106/56/6 107/56/6 111/56/6 110/56/6
f 113/56/1 116/56/1 115/56/1 114/56/1
f 117/56/2 118/56/2 119/56/2 120/56/2
f 113/56/3 114/56/3 118/56/3 117/56/3
f 116/56/4 120/56/4 119/56/4 115/56/4
f 113/56/5 117/56/5 120/56/5 116/56/5
f 114/56/6 115/56/6 119/56/6 118/56/6
f 121/56/1 124/56/1 123/56/1 122/56/1
f 125/56/2 126/56/2 127/56/2 128/56/2
f 121/56/3 122/56/3 126/56/3 125/56/3
f 124/56/4 128/56/4 127/56/4 123/56/4
f 121/56/5 125/56/5 128/56/5 124/56/5
f 122/56/6 123/56/6 127/56/6 126/56/6
f 129/56/1 132/56/1 131/56/1 130/56/1
f 133/56/2 134/56/2 135/56/2 136/56/2
f 129/56/3 130/56/3 134/56/3 133/56/3
f 132/56/4 136/56/4 135/56/4 131/56/4
f 129/56/5 133/56/5 136/56/5 132/56/5
f 130/56/6 131/56/6 135/56/6 134/56/6
f 137/56/1 140/56/1 139/56/1 138/56/1
f 141/56/2 142/56/2 143/56/2 144/56/2
f 137/56/3 138/56/3 142/56/3 141/56/3
f 140/56/4 144/56/4 143/56/4 139/56/4
f 137/56/5 141/56/5 144/56/5 140/56/5
f 138/56/6 139/56/6 143/56/6 142/56/6
f 145/57/1 148/57/1 147/57/1 146/57/1
f 149/57/2 150/57/2 151/57/2 152/57/2
f 145/57/3 146/57/3 150/57/3 149/57/3
f 148/57/4 152/57/4 151/57/4 147/57/4
f 145/57/5 149/57/5 152/57/5 148/57/5
f 146/57/6 147/57/6 151/57/6 150/57/6
f 153/57/1 156/57/1 155/57/1 154/57/1
f 157/57/2 158/57/2 159/57/2 160/57/2
f 153/57/3 154/57/3 158/57/3 157/57/3
f 156/57/4 160/57/4 159/57/4 155/57/4
f 153/57/5 157/57/5 160/57/5 156/57/5
f 154/57/6 155/57/6 159/57/6 158/57/6
f 161/57/1 164/57/1 163/57/1 162/57/1
f 165/57/2 166/57/2 167/57/2 168/57/2
f 161/57/3 162/57/3 166/57/3 165/57/3
f 164/57/4 168/57/4 167/57/4 163/57/4
f 161/57/5 165/57/5 168/57/5 164/57/5
f 162/57/6 163/57/6 167/57/6 166/57/6
f 169/57/1 172/57/1 171/57/1 170/57/1
f 173/57/2 174/57/2 175/57/2 176/57/2
f 169/57/3 170/57/3 174/57/3 173/57/3
f 172/57/4 176/57/4 175/57/4 171/57/4
f 169/57/5 173/57/5 176/57/5 172/57/5
f 170/57/6 171/57/6 175/57/6 174/57/6
f 177/39/1 180/39/1 179/39/1 178/39/1
f 181/39/2 182/39/2 183/39/2 184/39/2
f 177/39/3 178/39/3 182/39/3 181/39/3
f 180/39/4 184/39/4 183/39/4 179/39/4
f 177/39/5 181/39/5 184/39/5 180/39/5
f 178/39/6 179/39/6 183/39/6 182/39/6
f 185/30/1 188/30/1 187/30/1 186/30/1
f 189/30/2 190/30/2 191/30/2 192/30/2
f 185/30/3 186/30/3 190/30/3 189/30/3
f 188/30/4 192/30/4 191/30/4 187/30/4
f 185/30/5 189/30/5 192/30/5 188/30/5
f 186/30/6 187/30/6 191/30/6 190/30/6
f 193/54/1 196/54/1 195/54/1 194/54/1
f 197/54/2 198/54/2 199/54/2 200/54/2
f 193/54/3 194/54/3 198/54/3 197/54/3
f 196/54/4 200/54/4 199/54/4 195/54/4
f 193/54/5 197/54/5 200/54/5 196/54/5
f 194/54/6 195/54/6 199/54/6 198/54/6
f 201/54/1 204/54/1 203/54/1 202/54/1
f 205/54/2 206/54/2 207/54/2 208/54/2
f 201/54/3 202/54/3 206/54/3 205/54/3
f 204/54/4 208/54/4 207/54/4 203/54/4
f 201/54/5 205/54/5 208/54/5 204/54/5
f 202/54/6 203/54/6 207/54/6 206/54/6
f 209/54/1 212/54/1 211/54/1 210/54/1
f 213/54/2 214/54/2 215/54/2 216/54/2
f 209/54/3 210/54/3 214/54/3 213/54/3
f 212/54/4 216/54/4 215/54/4 211/54/4
f 209/54/5 213/54/5 216/54/5 212/54/5
f 210/54/6 211/54/6 215/54/6 214/54/6
f 217/45/1 220/45/1 219/45/1 218/45/1
f 221/45/2 222/45/2 223/45/2 224/45/2
f 217/45/3 218/45/3 222/45/3 221/45/3
f 220/45/4 224/45/4 223/45/4 219/45/4
f 217/45/5 221/45/5 224/45/5 220/45/5
f 218/45/6 219/45/6 223/45/6 222/45/6
f 225/54/1 228/54/1 227/54/1 226/54/1
f 229/54/2 230/54/2 231/54/2 232/54/2
f 225/54/3 226/54/3 230/54/3 229/54/3
f 228/54/4 232/54/4 231/54/4 227/54/4
f 225/54/5 229/54/5 232/54/5 228/54/5
f 226/54/6 227/54/6 231/54/6 230/54/6
f 233/45/1 236/45/1 235/45/1 234/45/1
f 237/45/2 238/45/2 239/45/2 240/45/2
f 233/45/3 234/45/3 238/45/3 237/45/3
f 236/45/4 240/45/4 239/45/4 235/45/4
f 233/45/5 237/45/5 240/45/5 236/45/5
f 234/45/6 235/45/6 239/45/6 238/45/6
f 241/54/1 244/54/1 243/54/1 242/54/1
f 245/54/2 246/54/2 247/54/2 248/54/2
f 241/54/3 242/54/3 246/54/3 245/54/3
f 244/54/4 248/54/4 247/54/4 243/54/4
f 241/54/5 245/54/5 248/54/5 244/54/5
f 242/54/6 243/54/6 247/54/6 246/54/6
f 249/56/1 252/56/1 251/56/1 250/56/1
f 253/56/2 254/56/2 255/56/2 256/56/2
f 249/56/3 250/56/3 254/56/3 253/56/3
f 252/56/4 256/56/4 255/56/4 251/56/4
f 249/56/5 253/56/5 256/56/5 252/56/5
f 250/56/6 251/56/6 255/56/6 254/56/6
f 257/56/1 260/56/1 259/56/1 258/56/1
f 261/56/2 262/56/2 263/56/2 264/56/2
f 257/56/3 258/56/3 262/56/3 261/56/3
f 260/56/4 264/56/4 263/56/4 259/56/4
f 257/56/5 261/56/5 264/56/5 260/56/5
f 258/56/6 259/56/6 263/56/6 262/56/6
f 265/56/1 268/56/1 267/56/1 266/56/1
f 269/56/2 270/56/2 271/56/2 272/56/2
f 265/56/3 266/56/3 270/56/3 269/56/3
f 268/56/4 272/56/4 271/56/4 267/56/4
f 265/56/5 269/56/5 272/56/5 268/56/5
f 266/56/6 267/56/6 271/56/6 270/56/6
f 273/56/1 276/56/1 275/56/1 274/56/1
f 277/56/2 278/56/2 279/56/2 280/56/2
f 273/56/3 274/56/3 278/56/3 277/56/3
f 276/56/4 280/56/4 279/56/4 275/56/4
f 273/56/5 277/56/5 280/56/5 276/56/5
f 274/56/6 275/56/6 279/56/6 278/56/6
f 281/56/1 284/56/1 283/56/1 282/56/1
f 285/56/2 286/56/2 287/56/2 288/56/2
f 281/56/3 282/56/3 286/56/3 285/56/3
f 284/56/4 288/56/4 287/56/4 283/56/4
f 281/56/5 285/56/5 288/56/5 284/56/5
f 282/56/6 283/56/6 287/56/6 286/56/6
f 289/56/1 292/56/1 291/56/1 290/56/1
f 293/56/2 294/56/2 295/56/2 296/56/2
f 289/56/3 290/56/3 294/56/3 293/56/3
f 292/56/4 296/56/4 295/56/4 291/56/4
f 289/56/5 293/56/5 296/56/5 292/56/5
f 290/56/6 291/56/6 295/56/6 294/56/6
f 297/56/1 300/56/1 299/56/1 298/56/1
f 301/56/2 302/56/2 303/56/2 304/56/2
f 297/56/3 298/56/3 302/56/3 301/56/3
f 300/56/4 304/56/4 303/56/4 299/56/4
f 297/56/5 301/56/5 304/56/5 300/56/5
f 298/56/6 299/56/6 303/56/6 302/56/6
f 305/56/1 308/56/1 307/56/1 306/56/1
f 309/56/2 310/56/2 311/56/2 312/56/2
f 305/56/3 306/56/3 310/56/3 309/56/3
f 308/56/4 312/56/4 311/56/4 307/56/4
f 305/56/5 309/56/5 312/56/5 308/56/5
f 306/56/6 307/56/6 311/56/6 310/56/6
f 313/56/1 316/56/1 315/56/1 314/56/1
f 317/56/2 318/56/2 319/56/2 320/56/2
f 313/56/3 314/56/3 318/56/3 317/56/3
f 316/56/4 320/56/4 319/56/4 315/56/4
f 313/56/5 317/56/5 320/56/5 316/56/5
f 314/56/6 315/56/6 319/56/6 318/56/6
f 321/56/1 324/56/1 323/56/1 322/56/1
f 325/56/2 326/56/2 327/56/2 328/56/2
f 321/56/3 322/56/3 326/56/3 325/56/3
f 324/56/4 328/56/4 327/56/4 323/56/4
f 321/56/5 325/56/5 328/56/5 324/56/5
f 322/56/6 323/56/6 327/56/6 326/56/6
f 329/56/1 332/56/1 331/56/1 330/56/1
f 333/56/2 334/56/2 335/56/2 336/56/2
f 329/56/3 330/56/3 334/56/3 333/56/3
f 332/56/4 336/56/4 335/56/4 331/56/4
f 329/56/5 333/56/5 336/56/5 332/56/5
f 330/56/6 331/56/6 335/56/6 334/56/6
f 337/56/1 340/56/1 339/56/1 338/56/1
f 341/56/2 342/56/2 343/56/2 344/56/2
f 337/56/3 338/56/3 342/56/3 341/56/3
f 340/56/4 344/56/4 343/56/4 339/56/4
f 337/56/5 341/56/5 344/56/5 340/56/5
f 338/56/6 339/56/6 343/56/6 342/56/6
f 345/57/1 348/57/1 347/57/1 346/57/1
f 349/57/2 350/57/2 351/57/2 352/57/2
f 345/57/3 346/57/3 350/57/3 349/57/3
f 348/57/4 352/57/4 351/57/4 347/57/4
f 345/57/5 349/57/5 352/57/5 348/57/5
f 346/57/6 347/57/6 351/57/6 350/57/6
f 353/57/1 356/57/1 355/57/1 354/57/1
f 357/57/2 358/57/2 359/57/2 360/57/2
f 353/57/3 354/57/3 358/57/3 357/57/3
f 356/57/4 360/57/4 359/57/4 355/57/4
f 353/57/5 357/57/5 360/57/5 356/57/5
f 354/57/6 355/57/6 359/57/6 358/57/6
f 361/57/1 364/57/1 363/57/1 362/57/1
f 365/57/2 366/57/2 367/57/2 368/57/2
f 361/57/3 362/57/3 366/57/3 365/57/3
f 364/57/4 368/57/4 367/57/4 363/57/4
f 361/57/5 365/57/5 368/57/5 364/57/5
f 362/57/6 363/57/6 367/57/6 366/57/6
f 369/57/1 372/57/1 371/57/1 370/57/1
f 373/57/2 374/57/2 375/57/2 376/57/2
f 369/57/3 370/57/3 374/57/3 373/57/3
f 372/57/4 376/57/4 375/57/4 371/57/4
f 369/57/5 373/57/5 376/57/5 372/57/5
f 370/57/6 371/57/6 375/57/6 374/57/6
f 377/57/1 380/57/1 379/57/1 378/57/1
f 381/57/2 382/57/2 383/57/2 384/57/2
f 377/57/3 378/57/3 382/57/3 381/57/3
f 380/57/4 384/57/4 383/57/4 379/57/4
f 377/57/5 381/57/5 384/57/5 380/57/5
f 378/57/6 379/57/6 383/57/6 382/57/6
f 385/57/1 388/57/1 387/57/1 386/57/1
f 389/57/2 390/57/2 391/57/2 392/57/2
f 385/57/3 386/57/3 390/57/3 389/57/3
f 388/57/4 392/57/4 391/57/4 387/57/4
f 385/57/5 389/57/5 392/57/5 388/57/5
f 386/57/6 387/57/6 391/57/6 390/57/6
f 393/39/1 396/39/1 395/39/1 394/39/1
f 397/39/2 398/39/2 399/39/2 400/39/2
f 393/39/3 394/39/3 398/39/3 397/39/3
f 396/39/4 400/39/4 399/39/4 395/39/4
f 393/39/5 397/39/5 400/39/5 396/39/5
f 394/39/6 395/39/6 399/39/6 398/39/6
f 401/30/1 404/30/1 403/30/1 402/30/1
f 405/30/2 406/30/2 407/30/2 408/30/2
f 401/30/3 402/30/3 406/30/3 405/30/3
f 404/30/4 408/30/4 407/30/4 403/30/4
f 401/30/5 405/30/5 408/30/5 404/30/5
f 402/30/6 403/30/6 407/30/6 406/30/6
f 409/54/1 412/54/1 411/54/1 410/54/1
f 413/54/2 414/54/2 415/54/2 416/54/2
f 409/54/3 410/54/3 414/54/3 413/54/3
f 412/54/4 416/54/4 415/54/4 411/54/4
f 409/54/5 413/54/5 416/54/5 412/54/5
f 410/54/6 411/54/6 415/54/6 414/54/6
f 417/54/1 420/54/1 419/54/1 418/54/1
f 421/54/2 422/54/2 423/54/2 424/54/2
f 417/54/3 418/54/3 422/54/3 421/54/3
f 420/54/4 424/54/4 423/54/4 419/54/4
f 417/54/5 421/54/5 424/54/5 420/54/5
f 418/54/6 419/54/6 423/54/6 422/54/6
f 425/54/1 428/54/1 427/54/1 426/54/1
f 429/54/2 430/54/2 431/54/2 432/54/2
f 425/54/3 426/54/3 430/54/3 429/54/3
f 428/54/4 432/54/4 431/54/4 427/54/4
f 425/54/5 429/54/5 432/54/5 428/54/5
f 426/54/6 427/54/6 431/54/6 430/54/6
f 433/45/1 436/45/1 435/45/1 434/45/1
f 437/45/2 438/45/2 439/45/2 440/45/2
f 433/45/3 434/45/3 438/45/3 437/45/3
f 436/45/4 440/45/4 439/45/4 435/45/4
f 433/45/5 437/45/5 440/45/5 436/45/5
f 434/45/6 435/45/6 439/45/6 438/45/6
f 441/54/1 444/54/1 443/54/1 442/54/1
f 445/54/2 446/54/2 447/54/2 448/54/2
f 441/54/3 442/54/3 446/54/3 445/54/3
f 444/54/4 448/54/4 447/54/4 443/54/4
f 441/54/5 445/54/5 448/54/5 444/54/5
f 442/54/6 443/54/6 447/54/6 446/54/6
f 449/45/1 452/45/1 451/45/1 450/45/1
f 453/45/2 454/45/2 455/45/2 456/45/2
f 449/45/3 450/45/3 454/45/3 453/45/3
f 452/45/4 456/45/4 455/45/4 451/45/4
f 449/45/5 453/45/5 456/45/5 452/45/5
f 450/45/6 451/45/6 455/45/6 454/45/6
f 457/54/1 460/54/1 459/54/1 458/54/1
f 461/54/2 462/54/2 463/54/2 464/54/2
f 457/54/3 458/54/3 462/54/3 461/54/3
f 460/54/4 464/54/4 463/54/4 459/54/4
f 457/54/5 461/54/5 464/54/5 460/54/5
f 458/54/6 459/54/6 463/54/6 462/54/6
f 465/56/1 468/56/1 467/56/1 466/56/1
f 469/56/2 470/56/2 471/56/2 472/56/2
f 465/56/3 466/56/3 470/56/3 469/56/3
f 468/56/4 472/56/4 471/56/4 467/56/4
f 465/56/5 469/56/5 472/56/5 468/56/5
f 466/56/6 467/56/6 471/56/6 470/56/6
f 473/56/1 476/56/1 475/56/1 474/56/1
f 477/56/2 478/56/2 479/56/2 480/56/2
f 473/56/3 474/56/3 478/56/3 477/56/3
f 476/56/4 480/56/4 479/56/4 475/56/4
f 473/56/5 477/56/5 480/56/5 476/56/5
f 474/56/6 475/56/6 479/56/6 478/56/6
f 481/56/1 484/56/1 483/56/1 482/56/1
f 485/56/2 486/56/2 487/56/2 488/56/2
f 481/56/3 482/56/3 486/56/3 485/56/3
f 484/56/4 488/56/4 487/56/4 483/56/4
f 481/56/5 485/56/5 488/56/5 484/56/5
f 482/56/6 483/56/6 487/56/6 486/56/6
f 489/56/1 492/56/1 491/56/1 490/56/1
f 493/56/2 494/56/2 495/56/2 496/56/2
f 489/56/3 490/56/3 494/56/3 493/56/3
f 492/56/4 496/56/4 495/56/4 491/56/4
f 489/56/5 493/56/5 496/56/5 492/56/5
f 490/56/6 491/56/6 495/56/6 494/56/6
f 497/56/1 500/56/1 499/56/1 498/56/1
f 501/56/2 502/56/2 503/56/2 504/56/2
f 497/56/3 498/56/3 502/56/3 501/56/3
f 500/56/4 504/56/4 503/56/4 499/56/4
f 497/56/5 501/56/5 504/56/5 500/56/5
f 498/56/6 499/56/6 503/56/6 502/56/6
f 505/56/1 508/56/1 507/56/1 506/56/1
f 509/56/2 510/56/2 511/56/2 512/56/2
f 505/56/3 506/56/3 510/56/3 509/56/3
f 508/56/4 512/56/4 511/56/4 507/56/4
f 505/56/5 509/56/5 512/56/5 508/56/5
f 506/56/6 507/56/6 511/56/6 510/56/6
f 513/56/1 516/56/1 515/56/1 514/56/1
f 517/56/2 518/56/2 519/56/2 520/56/2
f 513/56/3 514/56/3 518/56/3 517/56/3
f 516/56/4 520/56/4 519/56/4 515/56/4
f 513/56/5 517/56/5 520/56/5 516/56/5
f 514/56/6 515/56/6 519/56/6 518/56/6
f 521/56/1 524/56/1 523/56/1 522/56/1
f 525/56/2 526/56/2 527/56/2 528/56/2
f 521/56/3 522/56/3 526/56/3 525/56/3
f 524/56/4 528/56/4 527/56/4 523/56/4
f 521/56/5 525/56/5 528/56/5 524/56/5
f 522/56/6 523/56/6 527/56/6 526/56/6
f 529/56/1 532/56/1 531/56/1 530/56/1
f 533/56/2 534/56/2 535/56/2 536/56/2
f 529/56/3 530/56/3 534/56/3 533/56/3
f 532/56/4 536/56/4 535/56/4 531/56/4
f 529/56/5 533/56/5 536/56/5 532/56/5
f 530/56/6 531/56/6 535/56/6 534/56/6
f 537/56/1 540/56/1 539/56/1 538/56/1
f 541/56/2 542/56/2 543/56/2 544/56/2
f 537/56/3 538/56/3 542/56/3 541/56/3
f 540/56/4 544/56/4 543/56/4 539/56/4
f 537/56/5 541/56/5 544/56/5 540/56/5
f 538/56/6 539/56/6 543/56/6 542/56/6
f 545/56/1 548/56/1 547/56/1 546/56/1
f 549/56/2 550/56/2 551/56/2 552/56/2
f 545/56/3 546/56/3 550/56/3 549/56/3
f 548/56/4 552/56/4 551/56/4 547/56/4
f 545/56/5 549/56/5 552/56/5 548/56/5
f 546/56/6 547/56/6 551/56/6 550/56/6
f 553/56/1 556/56/1 555/56/1 554/56/1
f 557/56/2 558/56/2 559/56/2 560/56/2
f 553/56/3 554/56/3 558/56/3 557/56/3
f 556/56/4 560/56/4 559/56/4 555/56/4
f 553/56/5 557/56/5 560/56/5 556/56/5
f 554/56/6 555/56/6 559/56/6 558/56/6
f 561/57/1 564/57/1 563/57/1 562/57/1
f 565/57/2 566/57/2 567/57/2 568/57/2
f 561/57/3 562/57/3 566/57/3 565/57/3
f 564/57/4 568/57/4 567/57/4 563/57/4
f 561/57/5 565/57/5 568/57/5 564/57/5
f 562/57/6 563/57/6 567/57/6 566/57/6
f 569/57/1 572/57/1 571/57/1 570/57/1
f 573/57/2 574/57/2 575/57/2 576/57/2
f 569/57/3 570/57/3 574/57/3 573/57/3
f 572/57/4 576/57/4 575/57/4 571/57/4
f 569/57/5 573/57/5 576/57/5 572/57/5
f 570/57/6 571/57/6 575/57/6 574/57/6
f 577/57/1 580/57/1 579/57/1 578/57/1
f 581/57/2 582/57/2 583/57/2 584/57/2
f 577/57/3 578/57/3 582/57/3 581/57/3
f 580/57/4 584/57/4 583/57/4 579/57/4
f 577/57/5 581/57/5 584/57/5 580/57/5
f 578/57/6 579/57/6 583/57/6 582/57/6
f 585/57/1 588/57/1 587/57/1 586/57/1
f 589/57/2 590/57/2 591/57/2 592/57/2
f 585/57/3 586/57/3 590/57/3 589/57/3
f 588/57/4 592/57/4 591/57/4 587/57/4
f 585/57/5 589/57/5 592/57/5 588/57/5
f 586/57/6 587/57/6 591/57/6 590/57/6
f 593/57/1 596/57/1 595/57/1 594/57/1
f 597/57/2 598/57/2 599/57/2 600/57/2
f 593/57/3 594/57/3 598/57/3 597/57/3
f 596/57/4 600/57/4 599/57/4 595/57/4
f 593/57/5 597/57/5 600/57/5 596/57/5
f 594/57/6 595/57/6 599/57/6 598/57/6
f 601/57/1 604/57/1 603/57/1 602/57/1
f 605/57/2 606/57/2 607/57/2 608/57/2
f 601/57/3 602/57/3 606/57/3 605/57/3
f 604/57/4 608/57/4 607/57/4 603/57/4
f 601/57/5 605/57/5 608/57/5 604/57/5
f 602/57/6 603/57/6 607/57/6 606/57/6
f 609/39/1 612/39/1 611/39/1 610/39/1
f 613/39/2 614/39/2 615/39/2 616/39/2
f 609/39/3 610/39/3 614/39/3 613/39/3
f 612/39/4 616/39/4 615/39/4 611/39/4
f 609/39/5 613/39/5 616/39/5 612/39/5
f 610/39/6 611/39/6 615/39/6 614/39/6
f 617/30/1 620/30/1 619/30/1 618/30/1
f 621/30/2 622/30/2 623/30/2 624/30/2
f 617/30/3 618/30/3 622/30/3 621/30/3
f 620/30/4 624/30/4 623/30/4 619/30/4
f 617/30/5 621/30/5 624/30/5 620/30/5
f 618/30/6 619/30/6 623/30/6 622/30/6
f 625/54/1 628/54/1 627/54/1 626/54/1
f 629/54/2 630/54/2 631/54/2 632/54/2
f 625/54/3 626/54/3 630/54/3 629/54/3
f 628/54/4 632/54/4 631/54/4 627/54/4
f 625/54/5 629/54/5 632/54/5 628/54/5
f 626/54/6 627/54/6 631/54/6 630/54/6
f 633/54/1 636/54/1 635/54/1 634/54/1
f 637/54/2 638/54/2 639/54/2 640/54/2
f 633/54/3 634/54/3 638/54/3 637/54/3
f 636/54/4 640/54/4 639/54/4 635/54/4
f 633/54/5 637/54/5 640/54/5 636/54/5
f 634/54/6 635/54/6 639/54/6 638/54/6
f 641/54/1 644/54/1 643/54/1 642/54/1
f 645/54/2 646/54/2 647/54/2 648/54/2
f 641/54/3 642/54/3 646/54/3 645/54/3
f 644/54/4 648/54/4 647/54/4 643/54/4
f 641/54/5 645/54/5 648/54/5 644/54/5
f 642/54/6 643/54/6 647/54/6 646/54/6
f 649/45/1 652/45/1 651/45/1 650/45/1
f 653/45/2 654/45/2 655/45/2 656/45/2
f 649/45/3 650/45/3 654/45/3 653/45/3
f 652/45/4 656/45/4 655/45/4 651/45/4
f 649/45/5 653/45/5 656/45/5 652/45/5
f 650/45/6 651/45/6 655/45/6 654/45/6
f 657/54/1 660/54/1 659/54/1 658/54/1
f 661/54/2 662/54/2 663/54/2 664/54/2
f 657/54/3 658/54/3 662/54/3 661/54/3
f 660/54/4 664/54/4 663/54/4 659/54/4
f 657/54/5 661/54/5 664/54/5 660/54/5
f 658/54/6 659/54/6 663/54/6 662/54/6
f 665/45/1 668/45/1 667/45/1 666/45/1
f 669/45/2 670/45/2 671/45/2 672/45/2
f 665/45/3 666/45/3 670/45/3 669/45/3
f 668/45/4 672/45/4 671/45/4 667/45/4
f 665/45/5 669/45/5 672/45/5 668/45/5
f 666/45/6 667/45/6 671/45/6 670/45/6
f 673/54/1 676/54/1 675/54/1 674/54/1
f 677/54/2 678/54/2 679/54/2 680/54/2
f 673/54/3 674/54/3 678/54/3 677/54/3
f 676/54/4 680/54/4 679/54/4 675/54/4
f 673/54/5 677/54/5 680/54/5 676/54/5
f 674/54/6 675/54/6 679/54/6 678/54/6
f 681/56/1 684/56/1 683/56/1 682/56/1
f 685/56/2 686/56/2 687/56/2 688/56/2
f 681/56/3 682/56/3 686/56/3 685/56/3
f 684/56/4 688/56/4 687/56/4 683/56/4
f 681/56/5 685/56/5 688/56/5 684/56/5
f 682/56/6 683/56/6 687/56/6 686/56/6
f 689/56/1 692/56/1 691/56/1 690/56/1
f 693/56/2 694/56/2 695/56/2 696/56/2
f 689/56/3 690/56/3 694/56/3 693/56/3
f 692/56/4 696/56/4 695/56/4 691/56/4
f 689/56/5 693/56/5 696/56/5 692/56/5
f 690/56/6 691/56/6 695/56/6 694/56/6
f 697/56/1 700/56/1 699/56/1 698/56/1
f 701/56/2 702/56/2 703/56/2 704/56/2
f 697/56/3 698/56/3 702/56/3 701/56/3
f 700/56/4 704/56/4 703/56/4 699/56/4
f 697/56/5 701/56/5 704/56/5 700/56/5
f 698/56/6 699/56/6 703/56/6 702/56/6
f 705/56/1 708/56/1 707/56/1 706/56/1
f 709/56/2 710/56/2 711/56/2 712/56/2
f 705/56/3 706/56/3 710/56/3 709/56/3
f 708/56/4 712/56/4 711/56/4 707/56/4
f 705/56/5 709/56/5 712/56/5 708/56/5
f 706/56/6 707/56/6 711/56/6 710/56/6
f 713/56/1 716/56/1 715/56/1 714/56/1
f 717/56/2 718/56/2 719/56/2 720/56/2
f 713/56/3 714/56/3 718/56/3 717/56/3
f 716/56/4 720/56/4 719/56/4 715/56/4
f 713/56/5 717/56/5 720/56/5 716/56/5
f 714/56/6 715/56/6 719/56/6 718/56/6
f 721/56/1 724/56/1 723/56/1 722/56/1
f 725/56/2 726/56/2 727/56/2 728/56/2
f 721/56/3 722/56/3 726/56/3 725/56/3
f 724/56/4 728/56/4 727/56/4 723/56/4
f 721/56/5 725/56/5 728/56/5 724/56/5
f 722/56/6 723/56/6 727/56/6 726/56/6
f 729/56/1 732/56/1 731/56/1 730/56/1
f 733/56/2 734/56/2 735/56/2 736/56/2
f 729/56/3 730/56/3 734/56/3 733/56/3
f 732/56/4 736/56/4 735/56/4 731/56/4
f 729/56/5 733/56/5 736/56/5 732/56/5
f 730/56/6 731/56/6 735/56/6 734/56/6
f 737/56/1 740/56/1 739/56/1 738/56/1
f 741/56/2 742/56/2 743/56/2 744/56/2
f 737/56/3 738/56/3 742/56/3 741/56/3
f 740/56/4 744/56/4 743/56/4 739/56/4
f 737/56/5 741/56/5 744/56/5 740/56/5
f 738/56/6 739/56/6 743/56/6 742/56/6
f 745/56/1 748/56/1 747/56/1 746/56/1
f 749/56/2 750/56/2 751/56/2 752/56/2
f 745/56/3 746/56/3 750/56/3 749/56/3
f 748/56/4 752/56/4 751/56/4 747/56/4
f 745/56/5 749/56/5 752/56/5 748/56/5
f 746/56/6 747/56/6 751/56/6 750/56/6
f 753/56/1 756/56/1 755/56/1 754/56/1
f 757/56/2 758/56/2 759/56/2 760/56/2
f 753/56/3 754/56/3 758/56/3 757/56/3
f 756/56/4 760/56/4 759/56/4 755/56/4
f 753/56/5 757/56/5 760/56/5 756/56/5
f 754/56/6 755/56/6 759/56/6 758/56/6
f 761/56/1 764/56/1 763/56/1 762/56/1
f 765/56/2 766/56/2 767/56/2 768/56/2
f 761/56/3 762/56/3 766/56/3 765/56/3
f 764/56/4 768/56/4 767/56/4 763/56/4
f 761/56/5 765/56/5 768/56/5 764/56/5
f 762/56/6 763/56/6 767/56/6 766/56/6
f 769/56/1 772/56/1 771/56/1 770/56/1
f 773/56/2 774/56/2 775/56/2 776/56/2
f 769/56/3 770/56/3 774/56/3 773/56/3
f 772/56/4 776/56/4 775/56/4 771/56/4
f 769/56/5 773/56/5 776/56/5 772/56/5
f 770/56/6 771/56/6 775/56/6 774/56/6
f 777/56/1 780/56/1 779/56/1 778/56/1
f 781/56/2 782/56/2 783/56/2 784/56/2
f 777/56/3 778/56/3 782/56/3 781/56/3
f 780/56/4 784/56/4 783/56/4 779/56/4
f 777/56/5 781/56/5 784/56/5 780/56/5
f 778/56/6 779/56/6 783/56/6 782/56/6
f 785/57/1 788/57/1 787/57/1 786/57/1
f 789/57/2 790/57/2 791/57/2 792/57/2
f 785/57/3 786/57/3 790/57/3 789/57/3
f 788/57/4 792/57/4 791/57/4 787/57/4
f 785/57/5 789/57/5 792/57/5 788/57/5
f 786/57/6 787/57/6 791/57/6 790/57/6
f 793/57/1 796/57/1 795/57/1 794/57/1
f 797/57/2 798/57/2 799/57/2 800/57/2
f 793/57/3 794/57/3 798/57/3 797/57/3
f 796/57/4 800/57/4 799/57/4 795/57/4
f 793/57/5 797/57/5 800/57/5 796/57/5
f 794/57/6 795/57/6 799/57/6 798/57/6
f 801/57/1 804/57/1 803/57/1 802/57/1
f 805/57/2 806/57/2 807/57/2 808/57/2
f 801/57/3 802/57/3 806/57/3 805/57/3
f 804/57/4 808/57/4 807/57/4 803/57/4
f 801/57/5 805/57/5 808/57/5 804/57/5
f 802/57/6 803/57/6 807/57/6 806/57/6
f 809/57/1 812/57/1 811/57/1 810/57/1
f 813/57/2 814/57/2 815/57/2 816/57/2
f 809/57/3 810/57/3 814/57/3 813/57/3
f 812/57/4 816/57/4 815/57/4 811/57/4
f 809/57/5 813/57/5 816/57/5 812/57/5
f 810/57/6 811/57/6 815/57/6 814/57/6
f 817/57/1 820/57/1 819/57/1 818/57/1
f 821/57/2 822/57/2 823/57/2 824/57/2
f 817/57/3 818/57/3 822/57/3 821/57/3
f 820/57/4 824/57/4 823/57/4 819/57/4
f 817/57/5 821/57/5 824/57/5 820/57/5
f 818/57/6 819/57/6 823/57/6 822/57/6
f 825/57/1 828/57/1 827/57/1 826/57/1
f 829/57/2 830/57/2 831/57/2 832/57/2
f 825/57/3 826/57/3 830/57/3 829/57/3
f 828/57/4 832/57/4 831/57/4 827/57/4
f 825/57/5 829/57/5 832/57/5 828/57/5
f 826/57/6 827/57/6 831/57/6 830/57/6
f 833/39/1 836/39/1 835/39/1 834/39/1
f 837/39/2 838/39/2 839/39/2 840/39/2
f 833/39/3 834/39/3 838/39/3 837/39/3
f 836/39/4 840/39/4 839/39/4 835/39/4
f 833/39/5 837/39/5 840/39/5 836/39/5
f 834/39/6 835/39/6 839/39/6 838/39/6
f 841/30/1 844/30/1 843/30/1 842/30/1
f 845/30/2 846/30/2 847/30/2 848/30/2
f 841/30/3 842/30/3 846/30/3 845/30/3
f 844/30/4 848/30/4 847/30/4 843/30/4
f 841/30/5 845/30/5 848/30/5 844/30/5
f 842/30/6 843/30/6 847/30/6 846/30/6
f 849/54/1 852/54/1 851/54/1 850/54/1
f 853/54/2 854/54/2 855/54/2 856/54/2
f 849/54/3 850/54/3 854/54/3 853/54/3
f 852/54/4 856/54/4 855/54/4 851/54/4
f 849/54/5 853/54/5 856/54/5 852/54/5
f 850/54/6 851/54/6 855/54/6 854/54/6
f 857/54/1 860/54/1 859/54/1 858/54/1
f 861/54/2 862/54/2 863/54/2 864/54/2
f 857/54/3 858/54/3 862/54/3 861/54/3
f 860/54/4 864/54/4 863/54/4 859/54/4
f 857/54/5 861/54/5 864/54/5 860/54/5
f 858/54/6 859/54/6 863/54/6 862/54/6
f 865/54/1 868/54/1 867/54/1 866/54/1
f 869/54/2 870/54/2 871/54/2 872/54/2
f 865/54/3 866/54/3 870/54/3 869/54/3
f 868/54/4 872/54/4 871/54/4 867/54/4
f 865/54/5 869/54/5 872/54/5 868/54/5
f 866/54/6 867/54/6 871/54/6 870/54/6
f 873/45/1 876/45/1 875/45/1 874/45/1
f 877/45/2 878/45/2 879/45/2 880/45/2
f 873/45/3 874/45/3 878/45/3 877/45/3
f 876/45/4 880/45/4 879/45/4 875/45/4
f 873/45/5 877/45/5 880/45/5 876/45/5
f 874/45/6 875/45/6 879/45/6 878/45/6
f 881/54/1 884/54/1 883/54/1 882/54/1
f 885/54/2 886/54/2 887/54/2 888/54/2
f 881/54/3 882/54/3 886/54/3 885/54/3
f 884/54/4 888/54/4 887/54/4 883/54/4
f 881/54/5 885/54/5 888/54/5 884/54/5
f 882/54/6 883/54/6 887/54/6 886/54/6
f 889/45/1 892/45/1 891/45/1 890/45/1
f 893/45/2 894/45/2 895/45/2 896/45/2
f 889/45/3 890/45/3 894/45/3 893/45/3
f 892/45/4 896/45/4 895/45/4 891/45/4
f 889/45/5 893/45/5 896/45/5 892/45/5
f 890/45/6 891/45/6 895/45/6 894/45/6
f 897/54/1 900/54/1 899/54/1 898/54/1
f 901/54/2 902/54/2 903/54/2 904/54/2
f 897/54/3 898/54/3 902/54/3 901/54/3
f 900/54/4 904/54/4 903/54/4 899/54/4
f 897/54/5 901/54/5 904/54/5 900/54/5
f 898/54/6 899/54/6 903/54/6 902/54/6
f 905/56/1 908/56/1 907/56/1 906/56/1
f 909/56/2 910/56/2 911/56/2 912/56/2
f 905/56/3 906/56/3 910/56/3 909/56/3
f 908/56/4 912/56/4 911/56/4 907/56/4
f 905/56/5 909/56/5 912/56/5 908/56/5
f 906/56/6 907/56/6 911/56/6 910/56/6
f 913/56/1 916/56/1 915/56/1 914/56/1
f 917/56/2 918/56/2 919/56/2 920/56/2
f 913/56/3 914/56/3 918/56/3 917/56/3
f 916/56/4 920/56/4 919/56/4 915/56/4
f 913/56/5 917/56/5 920/56/5 916/56/5
f 914/56/6 915/56/6 919/56/6 918/56/6
f 921/56/1 924/56/1 923/56/1 922/56/1
f 925/56/2 926/56/2 927/56/2 928/56/2
f 921/56/3 922/56/3 926/56/3 925/56/3
f 924/56/4 928/56/4 927/56/4 923/56/4
f 921/56/5 925/56/5 928/56/5 924/56/5
f 922/56/6 923/56/6 927/56/6 926/56/6
f 929/56/1 932/56/1 931/56/1 930/56/1
f 933/56/2 934/56/2 935/56/2 936/56/2
f 929/56/3 930/56/3 934/56/3 933/56/3
f 932/56/4 936/56/4 935/56/4 931/56/4
f 929/56/5 933/56/5 936/56/5 932/56/5
f 930/56/6 931/56/6 935/56/6 934/56/6
f 937/56/1 940/56/1 939/56/1 938/56/1
f 941/56/2 942/56/2 943/56/2 944/56/2
f 937/56/3 938/56/3 942/56/3 941/56/3
f 940/56/4 944/56/4 943/56/4 939/56/4
f 937/56/5 941/56/5 944/56/5 940/56/5
f 938/56/6 939/56/6 943/56/6 942/56/6
f 945/56/1 948/56/1 947/56/1 946/56/1
f 949/56/2 950/56/2 951/56/2 952/56/2
f 945/56/3 946/56/3 950/56/3 949/56/3
f 948/56/4 952/56/4 951/56/4 947/56/4
f 945/56/5 949/56/5 952/56/5 948/56/5
f 946/56/6 947/56/6 951/56/6 950/56/6
f 953/56/1 956/56/1 955/56/1 954/56/1
f 957/56/2 958/56/2 959/56/2 960/56/2
f 953/56/3 954/56/3 958/56/3 957/56/3
f 956/56/4 960/56/4 959/56/4 955/56/4
f 953/56/5 957/56/5 960/56/5 956/56/5
f 954/56/6 955/56/6 959/56/6 958/56/6
f 961/56/1 964/56/1 963/56/1 962/56/1
f 965/56/2 966/56/2 967/56/2 968/56/2
f 961/56/3 962/56/3 966/56/3 965/56/3
f 964/56/4 968/56/4 967/56/4 963/56/4
f 961/56/5 965/56/5 968/56/5 964/56/5
f 962/56/6 963/56/6 967/56/6 966/56/6
f 969/56/1 972/56/1 971/56/1 970/56/1
f 973/56/2 974/56/2 975/56/2 976/56/2
f 969/56/3 970/56/3 974/56/3 973/56/3
f 972/56/4 976/56/4 975/56/4 971/56/4
f 969/56/5 973/56/5 976/56/5 972/56/5
f 970/56/6 971/56/6 975/56/6 974/56/6
f 977/56/1 980/56/1 979/56/1 978/56/1
f 981/56/2 982/56/2 983/56/2 984/56/2
f 977/56/3 978/56/3 982/56/3 981/56/3
f 980/56/4 984/56/4 983/56/4 979/56/4
f 977/56/5 981/56/5 984/56/5 980/56/5
f 978/56/6 979/56/6 983/56/6 982/56/6
f 985/56/1 988/56/1 987/56/1 986/56/1
f 989/56/2 990/56/2 991/56/2 992/56/2
f 985/56/3 986/56/3 990/56/3 989/56/3
f 988/56/4 992/56/4 991/56/4 987/56/4
f 985/56/5 989/56/5 992/56/5 988/56/5
f 986/56/6 987/56/6 991/56/6 990/56/6
f 993/56/1 996/56/1 995/56/1 994/56/1
f 997/56/2 998/56/2 999/56/2 1000/56/2
f 993/56/3 994/56/3 998/56/3 997/56/3
f 996/56/4 1000/56/4 999/56/4 995/56/4
f 993/56/5 997/56/5 1000/56/5 996/56/5
f 994/56/6 995/56/6 999/56/6 998/56/6
f 1001/56/1 1004/56/1 1003/56/1 1002/56/1
f 1005/56/2 1006/56/2 1007/56/2 1008/56/2
f 1001/56/3 1002/56/3 1006/56/3 1005/56/3
f 1004/56/4 1008/56/4 1007/56/4 1003/56/4
f 1001/56/5 1005/56/5 1008/56/5 1004/56/5
f 1002/56/6 1003/56/6 1007/56/6 1006/56/6
f 1009/57/1 1012/57/1 1011/57/1 1010/57/1
f 1013/57/2 1014/57/2 1015/57/2 1016/57/2
f 1009/57/3 1010/57/3 1014/57/3 1013/57/3
f 1012/57/4 1016/57/4 1015/57/4 1011/57/4
f 1009/57/5 1013/57/5 1016/57/5 1012/57/5
f 1010/57/6 1011/57/6 1015/57/6 1014/57/6
f 1017/57/1 1020/57/1 1019/57/1 1018/57/1
f 1021/57/2 1022/57/2 1023/57/2 1024/57/2
f 1017/57/3 1018/57/3 1022/57/3 1021/57/3
f 1020/57/4 1024/57/4 1023/57/4 1019/57/4
f 1017/57/5 1021/57/5 1024/57/5 1020/57/5
f 1018/57/6 1019/57/6 1023/57/6 1022/57/6
f 1025/57/1 1028/57/1 1027/57/1 1026/57/1
f 1029/57/2 1030/57/2 1031/57/2 1032/57/2
f 1025/57/3 1026/57/3 1030/57/3 1029/57/3
f 1028/57/4 1032/57/4 1031/57/4 1027/57/4
f 1025/57/5 1029/57/5 1032/57/5 1028/57/5
f 1026/57/6 1027/57/6 1031/57/6 1030/57/6
f 1033/57/1 1036/57/1 1035/57/1 1034/57/1
f 1037/57/2 1038/57/2 1039/57/2 1040/57/2
f 1033/57/3 1034/57/3 1038/57/3 1037/57/3
f 1036/57/4 1040/57/4 1039/57/4 1035/57/4
f 1033/57/5 1037/57/5 1040/57/5 1036/57/5
f 1034/57/6 1035/57/6 1039/57/6 1038/57/6
f 1041/57/1 1044/57/1 1043/57/1 1042/57/1
f 1045/57/2 1046/57/2 1047/57/2 1048/57/2
f 1041/57/3 1042/57/3 1046/57/3 1045/57/3
f 1044/57/4 1048/57/4 1047/57/4 1043/57/4
f 1041/57/5 1045/57/5 1048/57/5 1044/57/5
f 1042/57/6 1043/57/6 1047/57/6 1046/57/6
f 1049/57/1 1052/57/1 1051/57/1 1050/57/1
f 1053/57/2 1054/57/2 1055/57/2 1056/57/2
f 1049/57/3 1050/57/3 1054/57/3 1053/57/3
f 1052/57/4 1056/57/4 1055/57/4 1051/57/4
f 1049/57/5 1053/57/5 1056/57/5 1052/57/5
f 1050/57/6 1051/57/6 1055/57/6 1054/57/6
f 1057/57/1 1060/57/1 1059/57/1 1058/57/1
f 1061/57/2 1062/57/2 1063/57/2 1064/57/2
f 1057/57/3 1058/57/3 1062/57/3 1061/57/3
f 1060/57/4 1064/57/4 1063/57/4 1059/57/4
f 1057/57/5 1061/57/5 1064/57/5 1060/57/5
f 1058/57/6 1059/57/6 1063/57/6 1062/57/6
f 1065/57/1 1068/57/1 1067/57/1 1066/57/1
f 1069/57/2 1070/57/2 1071/57/2 1072/57/2
f 1065/57/3 1066/57/3 1070/57/3 1069/57/3
f 1068/57/4 1072/57/4 1071/57/4 1067/57/4
f 1065/57/5 1069/57/5 1072/57/5 1068/57/5
f 1066/57/6 1067/57/6 1071/57/6 1070/57/6
f 1073/57/1 1076/57/1 1075/57/1 1074/57/1
f 1077/57/2 1078/57/2 1079/57/2 1080/57/2
f 1073/57/3 1074/57/3 1078/57/3 1077/57/3
f 1076/57/4 1080/57/4 1079/57/4 1075/57/4
f 1073/57/5 1077/57/5 1080/57/5 1076/57/5
f 1074/57/6 1075/57/6 1079/57/6 1078/57/6
f 1081/57/1 1084/57/1 1083/57/1 1082/57/1
f 1085/57/2 1086/57/2 1087/57/2 1088/57/2
f 1081/57/3 1082/57/3 1086/57/3 1085/57/3
f 1084/57/4 1088/57/4 1087/57/4 1083/57/4
f 1081/57/5 1085/57/5 1088/57/5 1084/57/5
f 1082/57/6 1083/57/6 1087/57/6 1086/57/6
f 1089/57/1 1092/57/1 1091/57/1 1090/57/1
f 1093/57/2 1094/57/2 1095/57/2 1096/57/2
f 1089/57/3 1090/57/3 1094/57/3 1093/57/3
f 1092/57/4 1096/57/4 1095/57/4 1091/57/4
f 1089/57/5 1093/57/5 1096/57/5 1092/57/5
f 1090/57/6 1091/57/6 1095/57/6 1094/57/6
f 1097/39/1 1100/39/1 1099/39/1 1098/39/1
f 1101/39/2 1102/39/2 1103/39/2 1104/39/2
f 1097/39/3 1098/39/3 1102/39/3 1101/39/3
f 1100/39/4 1104/39/4 1103/39/4 1099/39/4
f 1097/39/5 1101/39/5 1104/39/5 1100/39/5
f 1098/39/6 1099/39/6 1103/39/6 1102/39/6
f 1105/30/1 1108/30/1 1107/30/1 1106/30/1
f 1109/30/2 1110/30/2 1111/30/2 1112/30/2
f 1105/30/3 1106/30/3 1110/30/3 1109/30/3
f 1108/30/4 1112/30/4 1111/30/4 1107/30/4
f 1105/30/5 1109/30/5 1112/30/5 1108/30/5
f 1106/30/6 1107/30/6 1111/30/6 1110/30/6
f 1113/54/1 1116/54/1 1115/54/1 1114/54/1
f 1117/54/2 1118/54/2 1119/54/2 1120/54/2
f 1113/54/3 1114/54/3 1118/54/3 1117/54/3
f 1116/54/4 1120/54/4 1119/54/4 1115/54/4
f 1113/54/5 1117/54/5 1120/54/5 1116/54/5
f 1114/54/6 1115/54/6 1119/54/6 1118/54/6
f 1121/54/1 1124/54/1 1123/54/1 1122/54/1
f 1125/54/2 1126/54/2 1127/54/2 1128/54/2
f 1121/54/3 1122/54/3 1126/54/3 1125/54/3
f 1124/54/4 1128/54/4 1127/54/4 1123/54/4
f 1121/54/5 1125/54/5 1128/54/5 1124/54/5
f 1122/54/6 1123/54/6 1127/54/6 1126/54/6
f 1129/54/1 1132/54/1 1131/54/1 1130/54/1
f 1133/54/2 1134/54/2 1135/54/2 1136/54/2
f 1129/54/3 1130/54/3 1134/54/3 1133/54/3
f 1132/54/4 1136/54/4 1135/54/4 1131/54/4
f 1129/54/5 1133/54/5 1136/54/5 1132/54/5
f 1130/54/6 1131/54/6 1135/54/6 1134/54/6
f 1137/45/1 1140/45/1 1139/45/1 1138/45/1
f 1141/45/2 1142/45/2 1143/45/2 1144/45/2
f 1137/45/3 1138/45/3 1142/45/3 1141/45/3
f 1140/45/4 1144/45/4 1143/45/4 1139/45/4
f 1137/45/5 1141/45/5 1144/45/5 1140/45/5
f 1138/45/6 1139/45/6 1143/45/6 1142/45/6
f 1145/54/1 1148/54/1 1147/54/1 1146/54/1
f 1149/54/2 1150/54/2 1151/54/2 1152/54/2
f 1145/54/3 1146/54/3 1150/54/3 1149/54/3
f 1148/54/4 1152/54/4 1151/54/4 1147/54/4
f 1145/54/5 1149/54/5 1152/54/5 1148/54/5
f 1146/54/6 1147/54/6 1151/54/6 1150/54/6
f 1153/45/1 1156/45/1 1155/45/1 1154/45/1
f 1157/45/2 1158/45/2 1159/45/2 1160/45/2
f 1153/45/3 1154/45/3 1158/45/3 1157/45/3
f 1156/45/4 1160/45/4 1159/45/4 1155/45/4
f 1153/45/5 1157/45/5 1160/45/5 1156/45/5
f 1154/45/6 1155/45/6 1159/45/6 1158/45/6
f 1161/54/1 1164/54/1 1163/54/1 1162/54/1
f 1165/54/2 1166/54/2 1167/54/2 1168/54/2
f 1161/54/3 1162/54/3 1166/54/3 1165/54/3
f 1164/54/4 1168/54/4 1167/54/4 1163/54/4
f 1161/54/5 1165/54/5 1168/54/5 1164/54/5
f 1162/54/6 1163/54/6 1167/54/6 1166/54/6
f 1169/56/1 1172/56/1 1171/56/1 1170/56/1
f 1173/56/2 1174/56/2 1175/56/2 1176/56/2
f 1169/56/3 1170/56/3 1174/56/3 1173/56/3
f 1172/56/4 1176/56/4 1175/56/4 1171/56/4
f 1169/56/5 1173/56/5 1176/56/5 1172/56/5
f 1170/56/6 1171/56/6 1175/56/6 1174/56/6
f 1177/56/1 1180/56/1 1179/56/1 1178/56/1
f 1181/56/2 1182/56/2 1183/56/2 1184/56/2
f 1177/56/3 1178/56/3 1182/56/3 1181/56/3
f 1180/56/4 1184/56/4 1183/56/4 1179/56/4
f 1177/56/5 1181/56/5 1184/56/5 1180/56/5
f 1178/56/6 1179/56/6 1183/56/6 1182/56/6
f 1185/56/1 1188/56/1 1187/56/1 1186/56/1
f 1189/56/2 1190/56/2 1191/56/2 1192/56/2
f 1185/56/3 1186/56/3 1190/56/3 1189/56/3
f 1188/56/4 1192/56/4 1191/56/4 1187/56/4
f 1185/56/5 1189/56/5 1192/56/5 1188/56/5
f 1186/56/6 1187/56/6 1191/56/6 1190/56/6
f 1193/56/1 1196/56/1 1195/56/1 1194/56/1
f 1197/56/2 1198/56/2 1199/56/2 1200/56/2
f 1193/56/3 1194/56/3 1198/56/3 1197/56/3
f 1196/56/4 1200/56/4 1199/56/4 1195/56/4
f 1193/56/5 1197/56/5 1200/56/5 1196/56/5
f 1194/56/6 1195/56/6 1199/56/6 1198/56/6
f 1201/56/1 1204/56/1 1203/56/1 1202/56/1
f 1205/56/2 1206/56/2 1207/56/2 1208/56/2
f 1201/56/3 1202/56/3 1206/56/3 1205/56/3
f 1204/56/4 1208/56/4 1207/56/4 1203/56/4
f 1201/56/5 1205/56/5 1208/56/5 1204/56/5
f 1202/56/6 1203/56/6 1207/56/6 1206/56/6
f 1209/56/1 1212/56/1 1211/56/1 1210/56/1
f 1213/56/2 1214/56/2 1215/56/2 1216/56/2
f 1209/56/3 1210/56/3 1214/56/3 1213/56/3
f 1212/56/4 1216/56/4 1215/56/4 1211/56/4
f 1209/56/5 1213/56/5 1216/56/5 1212/56/5
f 1210/56/6 1211/56/6 1215/56/6 1214/56/6
f 1217/56/1 1220/56/1 1219/56/1 1218/56/1
f 1221/56/2 1222/56/2 1223/56/2 1224/56/2
f 1217/56/3 1218/56/3 1222/56/3 1221/56/3
f 1220/56/4 1224/56/4 1223/56/4 1219/56/4
f 1217/56/5 1221/56/5 1224/56/5 1220/56/5
f 1218/56/6 1219/56/6 1223/56/6 1222/56/6
f 1225/56/1 1228/56/1 1227/56/1 1226/56/1
f 1229/56/2 1230/56/2 1231/56/2 1232/56/2
f 1225/56/3 1226/56/3 1230/56/3 1229/56/3
f 1228/56/4 1232/56/4 1231/56/4 1227/56/4
f 1225/56/5 1229/56/5 1232/56/5 1228/56/5
f 1226/56/6 1227/56/6 1231/56/6 1230/56/6
f 1233/56/1 1236/56/1 1235/56/1 1234/56/1
f 1237/56/2 1238/56/2 1239/56/2 1240/56/2
f 1233/56/3 1234/56/3 1238/56/3 1237/56/3
f 1236/56/4 1240/56/4 1239/56/4 1235/56/4
f 1233/56/5 1237/56/5 1240/56/5 1236/56/5
f 1234/56/6 1235/56/6 1239/56/6 1238/56/6
f 1241/56/1 1244/56/1 1243/56/1 1242/56/1
f 1245/56/2 1246/56/2 1247/56/2 1248/56/2
f 1241/56/3 1242/56/3 1246/56/3 1245/56/3
f 1244/56/4 1248/56/4 1247/56/4 1243/56/4
f 1241/56/5 1245/56/5 1248/56/5 1244/56/5
f 1242/56/6 1243/56/6 1247/56/6 1246/56/6
f 1249/56/1 1252/56/1 1251/56/1 1250/56/1
f 1253/56/2 1254/56/2 1255/56/2 1256/56/2
f 1249/56/3 1250/56/3 1254/56/3 1253/56/3
f 1252/56/4 1256/56/4 1255/56/4 1251/56/4
f 1249/56/5 1253/56/5 1256/56/5 1252/56/5
f 1250/56/6 1251/56/6 1255/56/6 1254/56/6
f 1257/56/1 1260/56/1 1259/56/1 1258/56/1
f 1261/56/2 1262/56/2 1263/56/2 1264/56/2
f 1257/56/3 1258/56/3 1262/56/3 1261/56/3
f 1260/56/4 1264/56/4 1263/56/4 1259/56/4
f 1257/56/5 1261/56/5 1264/56/5 1260/56/5
f 1258/56/6 1259/56/6 1263/56/6 1262/56/6
f 1265/56/1 1268/56/1 1267/56/1 1266/56/1
f 1269/56/2 1270/56/2 1271/56/2 1272/56/2
f 1265/56/3 1266/56/3 1270/56/3 1269/56/3
f 1268/56/4 1272/56/4 1271/56/4 1267/56/4
f 1265/56/5 1269/56/5 1272/56/5 1268/56/5
f 1266/56/6 1267/56/6 1271/56/6 1270/56/6
f 1273/57/1 1276/57/1 1275/57/1 1274/57/1
f 1277/57/2 1278/57/2 1279/57/2 1280/57/2
f 1273/57/3 1274/57/3 1278/57/3 1277/57/3
f 1276/57/4 1280/57/4 1279/57/4 1275/57/4
f 1273/57/5 1277/57/5 1280/57/5 1276/57/5
f 1274/57/6 1275/57/6 1279/57/6 1278/57/6
f 1281/57/1 1284/57/1 1283/57/1 1282/57/1
f 1285/57/2 1286/57/2 1287/57/2 1288/57/2
f 1281/57/3 1282/57/3 1286/57/3 1285/57/3
f 1284/57/4 1288/57/4 1287/57/4 1283/57/4
f 1281/57/5 1285/57/5 1288/57/5 1284/57/5
f 1282/57/6 1283/57/6 1287/57/6 1286/57/6
f 1289/57/1 1292/57/1 1291/57/1 1290/57/1
f 1293/57/2 1294/57/2 1295/57/2 1296/57/2
f 1289/57/3 1290/57/3 1294/57/3 1293/57/3
f 1292/57/4 1296/57/4 1295/57/4 1291/57/4
f 1289/57/5 1293/57/5 1296/57/5 1292/57/5
f 1290/57/6 1291/57/6 1295/57/6 1294/57/6
f 1297/57/1 1300/57/1 1299/57/1 1298/57/1
f 1301/57/2 1302/57/2 1303/57/2 1304/57/2
f 1297/57/3 1298/57/3 1302/57/3 1301/57/3
f 1300/57/4 1304/57/4 1303/57/4 1299/57/4
f 1297/57/5 1301/57/5 1304/57/5 1300/57/5
f 1298/57/6 1299/57/6 1303/57/6 1302/57/6
f 1305/57/1 1308/57/1 1307/57/1 1306/57/1
f 1309/57/2 1310/57/2 1311/57/2 1312/57/2
f 1305/57/3 1306/57/3 1310/57/3 1309/57/3
f 1308/57/4 1312/57/4 1311/57/4 1307/57/4
f 1305/57/5 1309/57/5 1312/57/5 1308/57/5
f 1306/57/6 1307/57/6 1311/57/6 1310/57/6
f 1313/57/1 1316/57/1 1315/57/1 1314/57/1
f 1317/57/2 1318/57/2 1319/57/2 1320/57/2
f 1313/57/3 1314/57/3 1318/57/3 1317/57/3
f 1316/57/4 1320/57/4 1319/57/4 1315/57/4
f 1313/57/5 1317/57/5 1320/57/5 1316/57/5
f 1314/57/6 1315/57/6 1319/57/6 1318/57/6
f 1321/57/1 1324/57/1 1323/57/1 1322/57/1
f 1325/57/2 1326/57/2 1327/57/2 1328/57/2
f 1321/57/3 1322/57/3 1326/57/3 1325/57/3
f 1324/57/4 1328/57/4 1327/57/4 1323/57/4
f 1321/57/5 1325/57/5 1328/57/5 1324/57/5
f 1322/57/6 1323/57/6 1327/57/6 1326/57/6
f 1329/57/1 1332/57/1 1331/57/1 1330/57/1
f 1333/57/2 1334/57/2 1335/57/2 1336/57/2
f 1329/57/3 1330/57/3 1334/57/3 1333/57/3
f 1332/57/4 1336/57/4 1335/57/4 1331/57/4
f 1329/57/5 1333/57/5 1336/57/5 1332/57/5
f 1330/57/6 1331/57/6 1335/57/6 1334/57/6
f 1337/57/1 1340/57/1 1339/57/1 1338/57/1
f 1341/57/2 1342/57/2 1343/57/2 1344/57/2
f 1337/57/3 1338/57/3 1342/57/3 1341/57/3
f 1340/57/4 1344/57/4 1343/57/4 1339/57/4
f 1337/57/5 1341/57/5 1344/57/5 1340/57/5
f 1338/57/6 1339/57/6 1343/57/6 1342/57/6
f 1345/57/1 1348/57/1 1347/57/1 1346/57/1
f 1349/57/2 1350/57/2 1351/57/2 1352/57/2
f 1345/57/3 1346/57/3 1350/57/3 1349/57/3
f 1348/57/4 1352/57/4 1351/57/4 1347/57/4
f 1345/57/5 1349/57/5 1352/57/5 1348/57/5
f 1346/57/6 1347/57/6 1351/57/6 1350/57/6
f 1353/57/1 1356/57/1 1355/57/1 1354/57/1
f 1357/57/2 1358/57/2 1359/57/2 1360/57/2
f 1353/57/3 1354/57/3 1358/57/3 1357/57/3
f 1356/57/4 1360/57/4 1359/57/4 1355/57/4
f 1353/57/5 1357/57/5 1360/57/5 1356/57/5
f 1354/57/6 1355/57/6 1359/57/6 1358/57/6
f 1361/39/1 1364/39/1 1363/39/1 1362/39/1
f 1365/39/2 1366/39/2 1367/39/2 1368/39/2
f 1361/39/3 1362/39/3 1366/39/3 1365/39/3
f 1364/39/4 1368/39/4 1367/39/4 1363/39/4
f 1361/39/5 1365/39/5 1368/39/5 1364/39/5
f 1362/39/6 1363/39/6 1367/39/6 1366/39/6
f 1369/30/1 1372/30/1 1371/30/1 1370/30/1
f 1373/30/2 1374/30/2 1375/30/2 1376/30/2
f 1369/30/3 1370/30/3 1374/30/3 1373/30/3
f 1372/30/4 1376/30/4 1375/30/4 1371/30/4
f 1369/30/5 1373/30/5 1376/30/5 1372/30/5
f 1370/30/6 1371/30/6 1375/30/6 1374/30/6
f 1377/54/1 1380/54/1 1379/54/1 1378/54/1
f 1381/54/2 1382/54/2 1383/54/2 1384/54/2
f 1377/54/3 1378/54/3 1382/54/3 1381/54/3
f 1380/54/4 1384/54/4 1383/54/4 1379/54/4
f 1377/54/5 1381/54/5 1384/54/5 1380/54/5
f 1378/54/6 1379/54/6 1383/54/6 1382/54/6
f 1385/54/1 1388/54/1 1387/54/1 1386/54/1
f 1389/54/2 1390/54/2 1391/54/2 1392/54/2
f 1385/54/3 1386/54/3 1390/54/3 1389/54/3
f 1388/54/4 1392/54/4 1391/54/4 1387/54/4
f 1385/54/5 1389/54/5 1392/54/5 1388/54/5
f 1386/54/6 1387/54/6 1391/54/6 1390/54/6
f 1393/45/1 1396/45/1 1395/45/1 1394/45/1
f 1397/45/2 1398/45/2 1399/45/2 1400/45/2
f 1393/45/3 1394/45/3 1398/45/3 1397/45/3
f 1396/45/4 1400/45/4 1399/45/4 1395/45/4
f 1393/45/5 1397/45/5 1400/45/5 1396/45/5
f 1394/45/6 1395/45/6 1399/45/6 1398/45/6
f 1401/54/1 1404/54/1 1403/54/1 1402/54/1
f 1405/54/2 1406/54/2 1407/54/2 1408/54/2
f 1401/54/3 1402/54/3 1406/54/3 1405/54/3
f 1404/54/4 1408/54/4 1407/54/4 1403/54/4
f 1401/54/5 1405/54/5 1408/54/5 1404/54/5
f 1402/54/6 1403/54/6 1407/54/6 1406/54/6
f 1409/45/1 1412/45/1 1411/45/1 1410/45/1
f 1413/45/2 1414/45/2 1415/45/2 1416/45/2
f 1409/45/3 1410/45/3 1414/45/3 1413/45/3
f 1412/45/4 1416/45/4 1415/45/4 1411/45/4
f 1409/45/5 1413/45/5 1416/45/5 1412/45/5
f 1410/45/6 1411/45/6 1415/45/6 1414/45/6
f 1417/54/1 1420/54/1 1419/54/1 1418/54/1
f 1421/54/2 1422/54/2 1423/54/2 1424/54/2
f 1417/54/3 1418/54/3 1422/54/3 1421/54/3
f 1420/54/4 1424/54/4 1423/54/4 1419/54/4
f 1417/54/5 1421/54/5 1424/54/5 1420/54/5
f 1418/54/6 1419/54/6 1423/54/6 1422/54/6
f 1425/45/1 1428/45/1 1427/45/1 1426/45/1
f 1429/45/2 1430/45/2 1431/45/2 1432/45/2
f 1425/45/3 1426/45/3 1430/45/3 1429/45/3
f 1428/45/4 1432/45/4 1431/45/4 1427/45/4
f 1425/45/5 1429/45/5 1432/45/5 1428/45/5
f 1426/45/6 1427/45/6 1431/45/6 1430/45/6
f 1433/54/1 1436/54/1 1435/54/1 1434/54/1
f 1437/54/2 1438/54/2 1439/54/2 1440/54/2
f 1433/54/3 1434/54/3 1438/54/3 1437/54/3
f 1436/54/4 1440/54/4 1439/54/4 1435/54/4
f 1433/54/5 1437/54/5 1440/54/5 1436/54/5
f 1434/54/6 1435/54/6 1439/54/6 1438/54/6
f 1441/56/1 1444/56/1 1443/56/1 1442/56/1
f 1445/56/2 1446/56/2 1447/56/2 1448/56/2
f 1441/56/3 1442/56/3 1446/56/3 1445/56/3
f 1444/56/4 1448/56/4 1447/56/4 1443/56/4
f 1441/56/5 1445/56/5 1448/56/5 1444/56/5
f 1442/56/6 1443/56/6 1447/56/6 1446/56/6
f 1449/56/1 1452/56/1 1451/56/1 1450/56/1
f 1453/56/2 1454/56/2 1455/56/2 1456/56/2
f 1449/56/3 1450/56/3 1454/56/3 1453/56/3
f 1452/56/4 1456/56/4 1455/56/4 1451/56/4
f 1449/56/5 1453/56/5 1456/56/5 1452/56/5
f 1450/56/6 1451/56/6 1455/56/6 1454/56/6
f 1457/56/1 1460/56/1 1459/56/1 1458/56/1
f 1461/56/2 1462/56/2 1463/56/2 1464/56/2
f 1457/56/3 1458/56/3 1462/56/3 1461/56/3
f 1460/56/4 1464/56/4 1463/56/4 1459/56/4
f 1457/56/5 1461/56/5 1464/56/5 1460/56/5
f 1458/56/6 1459/56/6 1463/56/6 1462/56/6
f 1465/56/1 1468/56/1 1467/56/1 1466/56/1
f 1469/56/2 1470/56/2 1471/56/2 1472/56/2
f 1465/56/3 1466/56/3 1470/56/3 1469/56/3
f 1468/56/4 1472/56/4 1471/56/4 1467/56/4
f 1465/56/5 1469/56/5 1472/56/5 1468/56/5
f 1466/56/6 1467/56/6 1471/56/6 1470/56/6
f 1473/56/1 1476/56/1 1475/56/1 1474/56/1
f 1477/56/2 1478/56/2 1479/56/2 1480/56/2
f 1473/56/3 1474/56/3 1478/56/3 1477/56/3
f 1476/56/4 1480/56/4 1479/56/4 1475/56/4
f 1473/56/5 1477/56/5 1480/56/5 1476/56/5
f 1474/56/6 1475/56/6 1479/56/6 1478/56/6
f 1481/56/1 1484/56/1 1483/56/1 1482/56/1
f 1485/56/2 1486/56/2 1487/56/2 1488/56/2
f 1481/56/3 1482/56/3 1486/56/3 1485/56/3
f 1484/56/4 1488/56/4 1487/56/4 1483/56/4
f 1481/56/5 1485/56/5 1488/56/5 1484/56/5
f 1482/56/6 1483/56/6 1487/56/6 1486/56/6
f 1489/56/1 1492/56/1 1491/56/1 1490/56/1
f 1493/56/2 1494/56/2 1495/56/2 1496/56/2
f 1489/56/3 1490/56/3 1494/56/3 1493/56/3
f 1492/56/4 1496/56/4 1495/56/4 1491/56/4
f 1489/56/5 1493/56/5 1496/56/5 1492/56/5
f 1490/56/6 1491/56/6 1495/56/6 1494/56/6
f 1497/56/1 1500/56/1 1499/56/1 1498/56/1
f 1501/56/2 1502/56/2 1503/56/2 1504/56/2
f 1497/56/3 1498/56/3 1502/56/3 1501/56/3
f 1500/56/4 1504/56/4 1503/56/4 1499/56/4
f 1497/56/5 1501/56/5 1504/56/5 1500/56/5
f 1498/56/6 1499/56/6 1503/56/6 1502/56/6
f 1505/56/1 1508/56/1 1507/56/1 1506/56/1
f 1509/56/2 1510/56/2 1511/56/2 1512/56/2
f 1505/56/3 1506/56/3 1510/56/3 1509/56/3
f 1508/56/4 1512/56/4 1511/56/4 1507/56/4
f 1505/56/5 1509/56/5 1512/56/5 1508/56/5
f 1506/56/6 1507/56/6 1511/56/6 1510/56/6
f 1513/56/1 1516/56/1 1515/56/1 1514/56/1
f 1517/56/2 1518/56/2 1519/56/2 1520/56/2
f 1513/56/3 1514/56/3 1518/56/3 1517/56/3
f 1516/56/4 1520/56/4 1519/56/4 1515/56/4
f 1513/56/5 1517/56/5 1520/56/5 1516/56/5
f 1514/56/6 1515/56/6 1519/56/6 1518/56/6
f 1521/56/1 1524/56/1 1523/56/1 1522/56/1
f 1525/56/2 1526/56/2 1527/56/2 1528/56/2
f 1521/56/3 1522/56/3 1526/56/3 1525/56/3
f 1524/56/4 1528/56/4 1527/56/4 1523/56/4
f 1521/56/5 1525/56/5 1528/56/5 1524/56/5
f 1522/56/6 1523/56/6 1527/56/6 1526/56/6
f 1529/56/1 1532/56/1 1531/56/1 1530/56/1
f 1533/56/2 1534/56/2 1535/56/2 1536/56/2
f 1529/56/3 1530/56/3 1534/56/3 1533/56/3
f 1532/56/4 1536/56/4 1535/56/4 1531/56/4
f 1529/56/5 1533/56/5 1536/56/5 1532/56/5
f 1530/56/6 1531/56/6 1535/56/6 1534/56/6
f 1537/57/1 1540/57/1 1539/57/1 1538/57/1
f 1541/57/2 1542/57/2 1543/57/2 1544/57/2
f 1537/57/3 1538/57/3 1542/57/3 1541/57/3
f 1540/57/4 1544/57/4 1543/57/4 1539/57/4
f 1537/57/5 1541/57/5 1544/57/5 1540/57/5
f 1538/57/6 1539/57/6 1543/57/6 1542/57/6
f 1545/57/1 1548/57/1 1547/57/1 1546/57/1
f 1549/57/2 1550/57/2 1551/57/2 1552/57/2
f 1545/57/3 1546/57/3 1550/57/3 1549/57/3
f 1548/57/4 1552/57/4 1551/57/4 1547/57/4
f 1545/57/5 1549/57/5 1552/57/5 1548/57/5
f 1546/57/6 1547/57/6 1551/57/6 1550/57/6
f 1553/57/1 1556/57/1 1555/57/1 1554/57/1
f 1557/57/2 1558/57/2 1559/57/2 1560/57/2
f 1553/57/3 1554/57/3 1558/57/3 1557/57/3
f 1556/57/4 1560/57/4 1559/57/4 1555/57/4
f 1553/57/5 1557/57/5 1560/57/5 1556/57/5
f 1554/57/6 1555/57/6 1559/57/6 1558/57/6
f 1561/57/1 1564/57/1 1563/57/1 1562/57/1
f 1565/57/2 1566/57/2 1567/57/2 1568/57/2
f 1561/57/3 1562/57/3 1566/57/3 1565/57/3
f 1564/57/4 1568/57/4 1567/57/4 1563/57/4
f 1561/57/5 1565/57/5 1568/57/5 1564/57/5
f 1562/57/6 1563/57/6 1567/57/6 1566/57/6
f 1569/57/1 1572/57/1 1571/57/1 1570/57/1
f 1573/57/2 1574/57/2 1575/57/2 1576/57/2
f 1569/57/3 1570/57/3 1574/57/3 1573/57/3
f 1572/57/4 1576/57/4 1575/57/4 1571/57/4
f 1569/57/5 1573/57/5 1576/57/5 1572/57/5
f 1570/57/6 1571/57/6 1575/57/6 1574/57/6
f 1577/57/1 1580/57/1 1579/57/1 1578/57/1
f 1581/57/2 1582/57/2 1583/57/2 1584/57/2
f 1577/57/3 1578/57/3 1582/57/3 1581/57/3
f 1580/57/4 1584/57/4 1583/57/4 1579/57/4
f 1577/57/5 1581/57/5 1584/57/5 1580/57/5
f 1578/57/6 1579/57/6 1583/57/6 1582/57/6
f 1585/57/1 1588/57/1 1587/57/1 1586/57/1
f 1589/57/2 1590/57/2 1591/57/2 1592/57/2
f 1585/57/3 1586/57/3 1590/57/3 1589/57/3
f 1588/57/4 1592/57/4 1591/57/4 1587/57/4
f 1585/57/5 1589/57/5 1592/57/5 1588/57/5
f 1586/57/6 1587/57/6 1591/57/6 1590/57/6
f 1593/57/1 1596/57/1 1595/57/1 1594/57/1
f 1597/57/2 1598/57/2 1599/57/2 1600/57/2
f 1593/57/3 1594/57/3 1598/57/3 1597/57/3
f 1596/57/4 1600/57/4 1599/57/4 1595/57/4
f 1593/57/5 1597/57/5 1600/57/5 1596/57/5
f 1594/57/6 1595/57/6 1599/57/6 1598/57/6
f 1601/57/1 1604/57/1 1603/57/1 1602/57/1
f 1605/57/2 1606/57/2 1607/57/2 1608/57/2
f 1601/57/3 1602/57/3 1606/57/3 1605/57/3
f 1604/57/4 1608/57/4 1607/57/4 1603/57/4
f 1601/57/5 1605/57/5 1608/57/5 1604/57/5
f 1602/57/6 1603/57/6 1607/57/6 1606/57/6
f 1609/57/1 1612/57/1 1611/57/1 1610/57/1
f 1613/57/2 1614/57/2 1615/57/2 1616/57/2
f 1609/57/3 1610/57/3 1614/57/3 1613/57/3
f 1612/57/4 1616/57/4 1615/57/4 1611/57/4
f 1609/57/5 1613/57/5 1616/57/5 1612/57/5
f 1610/57/6 1611/57/6 1615/57/6 1614/57/6
f 1617/57/1 1620/57/1 1619/57/1 1618/57/1
f 1621/57/2 1622/57/2 1623/57/2 1624/57/2
f 1617/57/3 1618/57/3 1622/57/3 1621/57/3
f 1620/57/4 1624/57/4 1623/57/4 1619/57/4
f 1617/57/5 1621/57/5 1624/57/5 1620/57/5
f 1618/57/6 1619/57/6 1623/57/6 1622/57/6
f 1625/57/1 1628/57/1 1627/57/1 1626/57/1
f 1629/57/2 1630/57/2 1631/57/2 1632/57/2
f 1625/57/3 1626/57/3 1630/57/3 1629/57/3
f 1628/57/4 1632/57/4 1631/57/4 1627/57/4
f 1625/57/5 1629/57/5 1632/57/5 1628/57/5
f 1626/57/6 1627/57/6 1631/57/6 1630/57/6
f 1633/57/1 1636/57/1 1635/57/1 1634/57/1
f 1637/57/2 1638/57/2 1639/57/2 1640/57/2
f 1633/57/3 1634/57/3 1638/57/3 1637/57/3
f 1636/57/4 1640/57/4 1639/57/4 1635/57/4
f 1633/57/5 1637/57/5 1640/57/5 1636/57/5
f 1634/57/6 1635/57/6 1639/57/6 1638/57/6
f 1641/57/1 1644/57/1 1643/57/1 1642/57/1
f 1645/57/2 1646/57/2 1647/57/2 1648/57/2
f 1641/57/3 1642/57/3 1646/57/3 1645/57/3
f 1644/57/4 1648/57/4 1647/57/4 1643/57/4
f 1641/57/5 1645/57/5 1648/57/5 1644/57/5
f 1642/57/6 1643/57/6 1647/57/6 1646/57/6
f 1649/57/1 1652/57/1 1651/57/1 1650/57/1
f 1653/57/2 1654/57/2 1655/57/2 1656/57/2
f 1649/57/3 1650/57/3 1654/57/3 1653/57/3
f 1652/57/4 1656/57/4 1655/57/4 1651/57/4
f 1649/57/5 1653/57/5 1656/57/5 1652/57/5
f 1650/57/6 1651/57/6 1655/57/6 1654/57/6
f 1657/57/1 1660/57/1 1659/57/1 1658/57/1
f 1661/57/2 1662/57/2 1663/57/2 1664/57/2
f 1657/57/3 1658/57/3 1662/57/3 1661/57/3
f 1660/57/4 1664/57/4 1663/57/4 1659/57/4
f 1657/57/5 1661/57/5 1664/57/5 1660/57/5
f 1658/57/6 1659/57/6 1663/57/6 1662/57/6
f 1665/57/1 1668/57/1 1667/57/1 1666/57/1
f 1669/57/2 1670/57/2 1671/57/2 1672/57/2
f 1665/57/3 1666/57/3 1670/57/3 1669/57/3
f 1668/57/4 1672/57/4 1671/57/4 1667/57/4
f 1665/57/5 1669/57/5 1672/57/5 1668/57/5
f 1666/57/6 1667/57/6 1671/57/6 1670/57/6
f 1673/57/1 1676/57/1 1675/57/1 1674/57/1
f 1677/57/2 1678/57/2 1679/57/2 1680/57/2
f 1673/57/3 1674/57/3 1678/57/3 1677/57/3
f 1676/57/4 1680/57/4 1679/57/4 1675/57/4
f 1673/57/5 1677/57/5 1680/57/5 1676/57/5
f 1674/57/6 1675/57/6 1679/57/6 1678/57/6
f 1681/57/1 1684/57/1 1683/57/1 1682/57/1
f 1685/57/2 1686/57/2 1687/57/2 1688/57/2
f 1681/57/3 1682/57/3 1686/57/3 1685/57/3
f 1684/57/4 1688/57/4 1687/57/4 1683/57/4
f 1681/57/5 1685/57/5 1688/57/5 1684/57/5
f 1682/57/6 1683/57/6 1687/57/6 1686/57/6
f 1689/57/1 1692/57/1 1691/57/1 1690/57/1
f 1693/57/2 1694/57/2 1695/57/2 1696/57/2
f 1689/57/3 1690/57/3 1694/57/3 1693/57/3
f 1692/57/4 1696/57/4 1695/57/4 1691/57/4
f 1689/57/5 1693/57/5 1696/57/5 1692/57/5
f 1690/57/6 1691/57/6 1695/57/6 1694/57/6
f 1697/57/1 1700/57/1 1699/57/1 1698/57/1
f 1701/57/2 1702/57/2 1703/57/2 1704/57/2
f 1697/57/3 1698/57/3 1702/57/3 1701/57/3
f 1700/57/4 1704/57/4 1703/57/4 1699/57/4
f 1697/57/5 1701/57/5 1704/57/5 1700/57/5
f 1698/57/6 1699/57/6 1703/57/6 1702/57/6
f 1705/57/1 1708/57/1 1707/57/1 1706/57/1
f 1709/57/2 1710/57/2 1711/57/2 1712/57/2
f 1705/57/3 1706/57/3 1710/57/3 1709/57/3
f 1708/57/4 1712/57/4 1711/57/4 1707/57/4
f 1705/57/5 1709/57/5 1712/57/5 1708/57/5
f 1706/57/6 1707/57/6 1711/57/6 1710/57/6
f 1713/57/1 1716/57/1 1715/57/1 1714/57/1
f 1717/57/2 1718/57/2 1719/57/2 1720/57/2
f 1713/57/3 1714/57/3 1718/57/3 1717/57/3
f 1716/57/4 1720/57/4 1719/57/4 1715/57/4
f 1713/57/5 1717/57/5 1720/57/5 1716/57/5
f 1714/57/6 1715/57/6 1719/57/6 1718/57/6
f 1721/57/1 1724/57/1 1723/57/1 1722/57/1
f 1725/57/2 1726/57/2 1727/57/2 1728/57/2
f 1721/57/3 1722/57/3 1726/57/3 1725/57/3
f 1724/57/4 1728/57/4 1727/57/4 1723/57/4
f 1721/57/5 1725/57/5 1728/57/5 1724/57/5
f 1722/57/6 1723/57/6 1727/57/6 1726/57/6
f 1729/57/1 1732/57/1 1731/57/1 1730/57/1
f 1733/57/2 1734/57/2 1735/57/2 1736/57/2
f 1729/57/3 1730/57/3 1734/57/3 1733/57/3
f 1732/57/4 1736/57/4 1735/57/4 1731/57/4
f 1729/57/5 1733/57/5 1736/57/5 1732/57/5
f 1730/57/6 1731/57/6 1735/57/6 1734/57/6
f 1737/57/1 1740/57/1 1739/57/1 1738/57/1
f 1741/57/2 1742/57/2 1743/57/2 1744/57/2
f 1737/57/3 1738/57/3 1742/57/3 1741/57/3
f 1740/57/4 1744/57/4 1743/57/4 1739/57/4
f 1737/57/5 1741/57/5 1744/57/5 1740/57/5
f 1738/57/6 1739/57/6 1743/57/6 1742/57/6
f 1745/57/1 1748/57/1 1747/57/1 1746/57/1
f 1749/57/2 1750/57/2 1751/57/2 1752/57/2
f 1745/57/3 1746/57/3 1750/57/3 1749/57/3
f 1748/57/4 1752/57/4 1751/57/4 1747/57/4
f 1745/57/5 1749/57/5 1752/57/5 1748/57/5
f 1746/57/6 1747/57/6 1751/57/6 1750/57/6
f 1753/57/1 1756/57/1 1755/57/1 1754/57/1
f 1757/57/2 1758/57/2 1759/57/2 1760/57/2
f 1753/57/3 1754/57/3 1758/57/3 1757/57/3
f 1756/57/4 1760/57/4 1759/57/4 1755/57/4
f 1753/57/5 1757/57/5 1760/57/5 1756/57/5
f 1754/57/6 1755/57/6 1759/57/6 1758/57/6
f 1761/57/1 1764/57/1 1763/57/1 1762/57/1
f 1765/57/2 1766/57/2 1767/57/2 1768/57/2
f 1761/57/3 1762/57/3 1766/57/3 1765/57/3
f 1764/57/4 1768/57/4 1767/57/4 1763/57/4
f 1761/57/5 1765/57/5 1768/57/5 1764/57/5
f 1762/57/6 1763/57/6 1767/57/6 1766/57/6
f 1769/57/1 1772/57/1 1771/57/1 1770/57/1
f 1773/57/2 1774/57/2 1775/57/2 1776/57/2
f 1769/57/3 1770/57/3 1774/57/3 1773/57/3
f 1772/57/4 1776/57/4 1775/57/4 1771/57/4
f 1769/57/5 1773/57/5 1776/57/5 1772/57/5
f 1770/57/6 1771/57/6 1775/57/6 1774/57/6
f 1777/57/1 1780/57/1 1779/57/1 1778/57/1
f 1781/57/2 1782/57/2 1783/57/2 1784/57/2
f 1777/57/3 1778/57/3 1782/57/3 1781/57/3
f 1780/57/4 1784/57/4 1783/57/4 1779/57/4
f 1777/57/5 1781/57/5 1784/57/5 1780/57/5
f 1778/57/6 1779/57/6 1783/57/6 1782/57/6
f 1785/57/1 1788/57/1 1787/57/1 1786/57/1
f 1789/57/2 1790/57/2 1791/57/2 1792/57/2
f 1785/57/3 1786/57/3 1790/57/3 1789/57/3
f 1788/57/4 1792/57/4 1791/57/4 1787/57/4
f 1785/57/5 1789/57/5 1792/57/5 1788/57/5
f 1786/57/6 1787/57/6 1791/57/6 1790/57/6
f 1793/57/1 1796/57/1 1795/57/1 1794/57/1
f 1797/57/2 1798/57/2 1799/57/2 1800/57/2
f 1793/57/3 1794/57/3 1798/57/3 1797/57/3
f 1796/57/4 1800/57/4 1799/57/4 1795/57/4
f 1793/57/5 1797/57/5 1800/57/5 1796/57/5
f 1794/57/6 1795/57/6 1799/57/6 1798/57/6
f 1801/57/1 1804/57/1 1803/57/1 1802/57/1
f 1805/57/2 1806/57/2 1807/57/2 1808/57/2
f 1801/57/3 1802/57/3 1806/57/3 1805/57/3
f 1804/57/4 1808/57/4 1807/57/4 1803/57/4
f 1801/57/5 1805/57/5 1808/57/5 1804/57/5
f 1802/57/6 1803/57/6 1807/57/6 1806/57/6
f 1809/57/1 1812/57/1 1811/57/1 1810/57/1
f 1813/57/2 1814/57/2 1815/57/2 1816/57/2
f 1809/57/3 1810/57/3 1814/57/3 1813/57/3
f 1812/57/4 1816/57/4 1815/57/4 1811/57/4
f 1809/57/5 1813/57/5 1816/57/5 1812/57/5
f 1810/57/6 1811/57/6 1815/57/6 1814/57/6
f 1817/57/1 1820/57/1 1819/57/1 1818/57/1
f 1821/57/2 1822/57/2 1823/57/2 1824/57/2
f 1817/57/3 1818/57/3 1822/57/3 1821/57/3
f 1820/57/4 1824/57/4 1823/57/4 1819/57/4
f 1817/57/5 1821/57/5 1824/57/5 1820/57/5
f 1818/57/6 1819/57/6 1823/57/6 1822/57/6
f 1825/57/1 1828/57/1 1827/57/1 1826/57/1
f 1829/57/2 1830/57/2 1831/57/2 1832/57/2
f 1825/57/3 1826/57/3 1830/57/3 1829/57/3
f 1828/57/4 1832/57/4 1831/57/4 1827/57/4
f 1825/57/5 1829/57/5 1832/57/5 1828/57/5
f 1826/57/6 1827/57/6 1831/57/6 1830/57/6
f 1833/57/1 1836/57/1 1835/57/1 1834/57/1
f 1837/57/2 1838/57/2 1839/57/2 1840/57/2
f 1833/57/3 1834/57/3 1838/57/3 1837/57/3
f 1836/57/4 1840/57/4 1839/57/4 1835/57/4
f 1833/57/5 1837/57/5 1840/57/5 1836/57/5
f 1834/57/6 1835/57/6 1839/57/6 1838/57/6
f 1841/57/1 1844/57/1 1843/57/1 1842/57/1
f 1845/57/2 1846/57/2 1847/57/2 1848/57/2
f 1841/57/3 1842/57/3 1846/57/3 1845/57/3
f 1844/57/4 1848/57/4 1847/57/4 1843/57/4
f 1841/57/5 1845/57/5 1848/57/5 1844/57/5
f 1842/57/6 1843/57/6 1847/57/6 1846/57/6
f 1849/39/1 1852/39/1 1851/39/1 1850/39/1
f 1853/39/2 1854/39/2 1855/39/2 1856/39/2
f 1849/39/3 1850/39/3 1854/39/3 1853/39/3
f 1852/39/4 1856/39/4 1855/39/4 1851/39/4
f 1849/39/5 1853/39/5 1856/39/5 1852/39/5
f 1850/39/6 1851/39/6 1855/39/6 1854/39/6
f 1857/39/1 1860/39/1 1859/39/1 1858/39/1
f 1861/39/2 1862/39/2 1863/39/2 1864/39/2
f 1857/39/3 1858/39/3 1862/39/3 1861/39/3
f 1860/39/4 1864/39/4 1863/39/4 1859/39/4
f 1857/39/5 1861/39/5 1864/39/5 1860/39/5
f 1858/39/6 1859/39/6 1863/39/6 1862/39/6
f 1865/30/1 1868/30/1 1867/30/1 1866/30/1
f 1869/30/2 1870/30/2 1871/30/2 1872/30/2
f 1865/30/3 1866/30/3 1870/30/3 1869/30/3
f 1868/30/4 1872/30/4 1871/30/4 1867/30/4
f 1865/30/5 1869/30/5 1872/30/5 1868/30/5
f 1866/30/6 1867/30/6 1871/30/6 1870/30/6
f 1873/30/1 1876/30/1 1875/30/1 1874/30/1
f 1877/30/2 1878/30/2 1879/30/2 1880/30/2
f 1873/30/3 1874/30/3 1878/30/3 1877/30/3
f 1876/30/4 1880/30/4 1879/30/4 1875/30/4
f 1873/30/5 1877/30/5 1880/30/5 1876/30/5
f 1874/30/6 1875/30/6 1879/30/6 1878/30/6
f 1881/52/1 1884/52/1 1883/52/1 1882/52/1
f 1885/52/2 1886/52/2 1887/52/2 1888/52/2
f 1881/52/3 1882/52/3 1886/52/3 1885/52/3
f 1884/52/4 1888/52/4 1887/52/4 1883/52/4
f 1881/52/5 1885/52/5 1888/52/5 1884/52/5
f 1882/52/6 1883/52/6 1887/52/6 1886/52/6
f 1889/52/1 1892/52/1 1891/52/1 1890/52/1
f 1893/52/2 1894/52/2 1895/52/2 1896/52/2
f 1889/52/3 1890/52/3 1894/52/3 1893/52/3
f 1892/52/4 1896/52/4 1895/52/4 1891/52/4
f 1889/52/5 1893/52/5 1896/52/5 1892/52/5
f 1890/52/6 1891/52/6 1895/52/6 1894/52/6
f 1897/52/1 1900/52/1 1899/52/1 1898/52/1
f 1901/52/2 1902/52/2 1903/52/2 1904/52/2
f 1897/52/3 1898/52/3 1902/52/3 1901/52/3
f 1900/52/4 1904/52/4 1903/52/4 1899/52/4
f 1897/52/5 1901/52/5 1904/52/5 1900/52/5
f 1898/52/6 1899/52/6 1903/52/6 1902/52/6
f 1905/52/1 1908/52/1 1907/52/1 1906/52/1
f 1909/52/2 1910/52/2 1911/52/2 1912/52/2
f 1905/52/3 1906/52/3 1910/52/3 1909/52/3
f 1908/52/4 1912/52/4 1911/52/4 1907/52/4
f 1905/52/5 1909/52/5 1912/52/5 1908/52/5
f 1906/52/6 1907/52/6 1911/52/6 1910/52/6
f 1913/52/1 1916/52/1 1915/52/1 1914/52/1
f 1917/52/2 1918/52/2 1919/52/2 1920/52/2
f 1913/52/3 1914/52/3 1918/52/3 1917/52/3
f 1916/52/4 1920/52/4 1919/52/4 1915/52/4
f 1913/52/5 1917/52/5 1920/52/5 1916/52/5
f 1914/52/6 1915/52/6 1919/52/6 1918/52/6
f 1921/52/1 1924/52/1 1923/52/1 1922/52/1
f 1925/52/2 1926/52/2 1927/52/2 1928/52/2
f 1921/52/3 1922/52/3 1926/52/3 1925/52/3
f 1924/52/4 1928/52/4 1927/52/4 1923/52/4
f 1921/52/5 1925/52/5 1928/52/5 1924/52/5
f 1922/52/6 1923/52/6 1927/52/6 1926/52/6
f 1929/52/1 1932/52/1 1931/52/1 1930/52/1
f 1933/52/2 1934/52/2 1935/52/2 1936/52/2
f 1929/52/3 1930/52/3 1934/52/3 1933/52/3
f 1932/52/4 1936/52/4 1935/52/4 1931/52/4
f 1929/52/5 1933/52/5 1936/52/5 1932/52/5
f 1930/52/6 1931/52/6 1935/52/6 1934/52/6
f 1937/52/1 1940/52/1 1939/52/1 1938/52/1
f 1941/52/2 1942/52/2 1943/52/2 1944/52/2
f 1937/52/3 1938/52/3 1942/52/3 1941/52/3
f 1940/52/4 1944/52/4 1943/52/4 1939/52/4
f 1937/52/5 1941/52/5 1944/52/5 1940/52/5
f 1938/52/6 1939/52/6 1943/52/6 1942/52/6
f 1945/52/1 1948/52/1 1947/52/1 1946/52/1
f 1949/52/2 1950/52/2 1951/52/2 1952/52/2
f 1945/52/3 1946/52/3 1950/52/3 1949/52/3
f 1948/52/4 1952/52/4 1951/52/4 1947/52/4
f 1945/52/5 1949/52/5 1952/52/5 1948/52/5
f 1946/52/6 1947/52/6 1951/52/6 1950/52/6
f 1953/52/1 1956/52/1 1955/52/1 1954/52/1
f 1957/52/2 1958/52/2 1959/52/2 1960/52/2
f 1953/52/3 1954/52/3 1958/52/3 1957/52/3
f 1956/52/4 1960/52/4 1959/52/4 1955/52/4
f 1953/52/5 1957/52/5 1960/52/5 1956/52/5
f 1954/52/6 1955/52/6 1959/52/6 1958/52/6
f 1961/52/1 1964/52/1 1963/52/1 1962/52/1
f 1965/52/2 1966/52/2 1967/52/2 1968/52/2
f 1961/52/3 1962/52/3 1966/52/3 1965/52/3
f 1964/52/4 1968/52/4 1967/52/4 1963/52/4
f 1961/52/5 1965/52/5 1968/52/5 1964/52/5
f 1962/52/6 1963/52/6 1967/52/6 1966/52/6
f 1969/52/1 1972/52/1 1971/52/1 1970/52/1
f 1973/52/2 1974/52/2 1975/52/2 1976/52/2
f 1969/52/3 1970/52/3 1974/52/3 1973/52/3
f 1972/52/4 1976/52/4 1975/52/4 1971/52/4
f 1969/52/5 1973/52/5 1976/52/5 1972/52/5
f 1970/52/6 1971/52/6 1975/52/6 1974/52/6
f 1977/52/1 1980/52/1 1979/52/1 1978/52/1
f 1981/52/2 1982/52/2 1983/52/2 1984/52/2
f 1977/52/3 1978/52/3 1982/52/3 1981/52/3
f 1980/52/4 1984/52/4 1983/52/4 1979/52/4
f 1977/52/5 1981/52/5 1984/52/5 1980/52/5
f 1978/52/6 1979/52/6 1983/52/6 1982/52/6
f 1985/52/1 1988/52/1 1987/52/1 1986/52/1
f 1989/52/2 1990/52/2 1991/52/2 1992/52/2
f 1985/52/3 1986/52/3 1990/52/3 1989/52/3
f 1988/52/4 1992/52/4 1991/52/4 1987/52/4
f 1985/52/5 1989/52/5 1992/52/5 1988/52/5
f 1986/52/6 1987/52/6 1991/52/6 1990/52/6
f 1993/52/1 1996/52/1 1995/52/1 1994/52/1
f 1997/52/2 1998/52/2 1999/52/2 2000/52/2
f 1993/52/3 1994/52/3 1998/52/3 1997/52/3
f 1996/52/4 2000/52/4 1999/52/4 1995/52/4
f 1993/52/5 1997/52/5 2000/52/5 1996/52/5
f 1994/52/6 1995/52/6 1999/52/6 1998/52/6
f 2001/52/1 2004/52/1 2003/52/1 2002/52/1
f 2005/52/2 2006/52/2 2007/52/2 2008/52/2
f 2001/52/3 2002/52/3 2006/52/3 2005/52/3
f 2004/52/4 2008/52/4 2007/52/4 2003/52/4
f 2001/52/5 2005/52/5 2008/52/5 2004/52/5
f 2002/52/6 2003/52/6 2007/52/6 2006/52/6
f 2009/52/1 2012/52/1 2011/52/1 2010/52/1
f 2013/52/2 2014/52/2 2015/52/2 2016/52/2
f 2009/52/3 2010/52/3 2014/52/3 2013/52/3
f 2012/52/4 2016/52/4 2015/52/4 2011/52/4
f 2009/52/5 2013/52/5 2016/52/5 2012/52/5
f 2010/52/6 2011/52/6 2015/52/6 2014/52/6
f 2017/52/1 2020/52/1 2019/52/1 2018/52/1
f 2021/52/2 2022/52/2 2023/52/2 2024/52/2
f 2017/52/3 2018/52/3 2022/52/3 2021/52/3
f 2020/52/4 2024/52/4 2023/52/4 2019/52/4
f 2017/52/5 2021/52/5 2024/52/5 2020/52/5
f 2018/52/6 2019/52/6 2023/52/6 2022/52/6
f 2025/56/1 2028/56/1 2027/56/1 2026/56/1
f 2029/56/2 2030/56/2 2031/56/2 2032/56/2
f 2025/56/3 2026/56/3 2030/56/3 2029/56/3
f 2028/56/4 2032/56/4 2031/56/4 2027/56/4
f 2025/56/5 2029/56/5 2032/56/5 2028/56/5
f 2026/56/6 2027/56/6 2031/56/6 2030/56/6
f 2033/56/1 2036/56/1 2035/56/1 2034/56/1
f 2037/56/2 2038/56/2 2039/56/2 2040/56/2
f 2033/56/3 2034/56/3 2038/56/3 2037/56/3
f 2036/56/4 2040/56/4 2039/56/4 2035/56/4
f 2033/56/5 2037/56/5 2040/56/5 2036/56/5
f 2034/56/6 2035/56/6 2039/56/6 2038/56/6
f 2041/56/1 2044/56/1 2043/56/1 2042/56/1
f 2045/56/2 2046/56/2 2047/56/2 2048/56/2
f 2041/56/3 2042/56/3 2046/56/3 2045/56/3
f 2044/56/4 2048/56/4 2047/56/4 2043/56/4
f 2041/56/5 2045/56/5 2048/56/5 2044/56/5
f 2042/56/6 2043/56/6 2047/56/6 2046/56/6
f 2049/56/1 2052/56/1 2051/56/1 2050/56/1
f 2053/56/2 2054/56/2 2055/56/2 2056/56/2
f 2049/56/3 2050/56/3 2054/56/3 2053/56/3
f 2052/56/4 2056/56/4 2055/56/4 2051/56/4
f 2049/56/5 2053/56/5 2056/56/5 2052/56/5
f 2050/56/6 2051/56/6 2055/56/6 2054/56/6
f 2057/56/1 2060/56/1 2059/56/1 2058/56/1
f 2061/56/2 2062/56/2 2063/56/2 2064/56/2
f 2057/56/3 2058/56/3 2062/56/3 2061/56/3
f 2060/56/4 2064/56/4 2063/56/4 2059/56/4
f 2057/56/5 2061/56/5 2064/56/5 2060/56/5
f 2058/56/6 2059/56/6 2063/56/6 2062/56/6
f 2065/56/1 2068/56/1 2067/56/1 2066/56/1
f 2069/56/2 2070/56/2 2071/56/2 2072/56/2
f 2065/56/3 2066/56/3 2070/56/3 2069/56/3
f 2068/56/4 2072/56/4 2071/56/4 2067/56/4
f 2065/56/5 2069/56/5 2072/56/5 2068/56/5
f 2066/56/6 2067/56/6 2071/56/6 2070/56/6
f 2073/56/1 2076/56/1 2075/56/1 2074/56/1
f 2077/56/2 2078/56/2 2079/56/2 2080/56/2
f 2073/56/3 2074/56/3 2078/56/3 2077/56/3
f 2076/56/4 2080/56/4 2079/56/4 2075/56/4
f 2073/56/5 2077/56/5 2080/56/5 2076/56/5
f 2074/56/6 2075/56/6 2079/56/6 2078/56/6
f 2081/56/1 2084/56/1 2083/56/1 2082/56/1
f 2085/56/2 2086/56/2 2087/56/2 2088/56/2
f 2081/56/3 2082/56/3 2086/56/3 2085/56/3
f 2084/56/4 2088/56/4 2087/56/4 2083/56/4
f 2081/56/5 2085/56/5 2088/56/5 2084/56/5
f 2082/56/6 2083/56/6 2087/56/6 2086/56/6
f 2089/56/1 2092/56/1 2091/56/1 2090/56/1
f 2093/56/2 2094/56/2 2095/56/2 2096/56/2
f 2089/56/3 2090/56/3 2094/56/3 2093/56/3
f 2092/56/4 2096/56/4 2095/56/4 2091/56/4
f 2089/56/5 2093/56/5 2096/56/5 2092/56/5
f 2090/56/6 2091/56/6 2095/56/6 2094/56/6
f 2097/56/1 2100/56/1 2099/56/1 2098/56/1
f 2101/56/2 2102/56/2 2103/56/2 2104/56/2
f 2097/56/3 2098/56/3 2102/56/3 2101/56/3
f 2100/56/4 2104/56/4 2103/56/4 2099/56/4
f 2097/56/5 2101/56/5 2104/56/5 2100/56/5
f 2098/56/6 2099/56/6 2103/56/6 2102/56/6
f 2105/56/1 2108/56/1 2107/56/1 2106/56/1
f 2109/56/2 2110/56/2 2111/56/2 2112/56/2
f 2105/56/3 2106/56/3 2110/56/3 2109/56/3
f 2108/56/4 2112/56/4 2111/56/4 2107/56/4
f 2105/56/5 2109/56/5 2112/56/5 2108/56/5
f 2106/56/6 2107/56/6 2111/56/6 2110/56/6
f 2113/56/1 2116/56/1 2115/56/1 2114/56/1
f 2117/56/2 2118/56/2 2119/56/2 2120/56/2
f 2113/56/3 2114/56/3 2118/56/3 2117/56/3
f 2116/56/4 2120/56/4 2119/56/4 2115/56/4
f 2113/56/5 2117/56/5 2120/56/5 2116/56/5
f 2114/56/6 2115/56/6 2119/56/6 2118/56/6
f 2121/56/1 2124/56/1 2123/56/1 2122/56/1
f 2125/56/2 2126/56/2 2127/56/2 2128/56/2
f 2121/56/3 2122/56/3 2126/56/3 2125/56/3
f 2124/56/4 2128/56/4 2127/56/4 2123/56/4
f 2121/56/5 2125/56/5 2128/56/5 2124/56/5
f 2122/56/6 2123/56/6 2127/56/6 2126/56/6
f 2129/56/1 2132/56/1 2131/56/1 2130/56/1
f 2133/56/2 2134/56/2 2135/56/2 2136/56/2
f 2129/56/3 2130/56/3 2134/56/3 2133/56/3
f 2132/56/4 2136/56/4 2135/56/4 2131/56/4
f 2129/56/5 2133/56/5 2136/56/5 2132/56/5
f 2130/56/6 2131/56/6 2135/56/6 2134/56/6
f 2137/56/1 2140/56/1 2139/56/1 2138/56/1
f 2141/56/2 2142/56/2 2143/56/2 2144/56/2
f 2137/56/3 2138/56/3 2142/56/3 2141/56/3
f 2140/56/4 2144/56/4 2143/56/4 2139/56/4
f 2137/56/5 2141/56/5 2144/56/5 2140/56/5
f 2138/56/6 2139/56/6 2143/56/6 2142/56/6
f 2145/56/1 2148/56/1 2147/56/1 2146/56/1
f 2149/56/2 2150/56/2 2151/56/2 2152/56/2
f 2145/56/3 2146/56/3 2150/56/3 2149/56/3
f 2148/56/4 2152/56/4 2151/56/4 2147/56/4
f 2145/56/5 2149/56/5 2152/56/5 2148/56/5
f 2146/56/6 2147/56/6 2151/56/6 2150/56/6
f 2153/56/1 2156/56/1 2155/56/1 2154/56/1
f 2157/56/2 2158/56/2 2159/56/2 2160/56/2
f 2153/56/3 2154/56/3 2158/56/3 2157/56/3
f 2156/56/4 2160/56/4 2159/56/4 2155/56/4
f 2153/56/5 2157/56/5 2160/56/5 2156/56/5
f 2154/56/6 2155/56/6 2159/56/6 2158/56/6
f 2161/56/1 2164/56/1 2163/56/1 2162/56/1
f 2165/56/2 2166/56/2 2167/56/2 2168/56/2
f 2161/56/3 2162/56/3 2166/56/3 2165/56/3
f 2164/56/4 2168/56/4 2167/56/4 2163/56/4
f 2161/56/5 2165/56/5 2168/56/5 2164/56/5
f 2162/56/6 2163/56/6 2167/56/6 2166/56/6
f 2169/56/1 2172/56/1 2171/56/1 2170/56/1
f 2173/56/2 2174/56/2 2175/56/2 2176/56/2
f 2169/56/3 2170/56/3 2174/56/3 2173/56/3
f 2172/56/4 2176/56/4 2175/56/4 2171/56/4
f 2169/56/5 2173/56/5 2176/56/5 2172/56/5
f 2170/56/6 2171/56/6 2175/56/6 2174/56/6
f 2177/56/1 2180/56/1 2179/56/1 2178/56/1
f 2181/56/2 2182/56/2 2183/56/2 2184/56/2
f 2177/56/3 2178/56/3 2182/56/3 2181/56/3
f 2180/56/4 2184/56/4 2183/56/4 2179/56/4
f 2177/56/5 2181/56/5 2184/56/5 2180/56/5
f 2178/56/6 2179/56/6 2183/56/6 2182/56/6
f 2185/56/1 2188/56/1 2187/56/1 2186/56/1
f 2189/56/2 2190/56/2 2191/56/2 2192/56/2
f 2185/56/3 2186/56/3 2190/56/3 2189/56/3
f 2188/56/4 2192/56/4 2191/56/4 2187/56/4
f 2185/56/5 2189/56/5 2192/56/5 2188/56/5
f 2186/56/6 2187/56/6 2191/56/6 2190/56/6
f 2193/56/1 2196/56/1 2195/56/1 2194/56/1
f 2197/56/2 2198/56/2 2199/56/2 2200/56/2
f 2193/56/3 2194/56/3 2198/56/3 2197/56/3
f 2196/56/4 2200/56/4 2199/56/4 2195/56/4
f 2193/56/5 2197/56/5 2200/56/5 2196/56/5
f 2194/56/6 2195/56/6 2199/56/6 2198/56/6
f 2201/56/1 2204/56/1 2203/56/1 2202/56/1
f 2205/56/2 2206/56/2 2207/56/2 2208/56/2
f 2201/56/3 2202/56/3 2206/56/3 2205/56/3
f 2204/56/4 2208/56/4 2207/56/4 2203/56/4
f 2201/56/5 2205/56/5 2208/56/5 2204/56/5
f 2202/56/6 2203/56/6 2207/56/6 2206/56/6
f 2209/56/1 2212/56/1 2211/56/1 2210/56/1
f 2213/56/2 2214/56/2 2215/56/2 2216/56/2
f 2209/56/3 2210/56/3 2214/56/3 2213/56/3
f 2212/56/4 2216/56/4 2215/56/4 2211/56/4
f 2209/56/5 2213/56/5 2216/56/5 2212/56/5
f 2210/56/6 2211/56/6 2215/56/6 2214/56/6
f 2217/56/1 2220/56/1 2219/56/1 2218/56/1
f 2221/56/2 2222/56/2 2223/56/2 2224/56/2
f 2217/56/3 2218/56/3 2222/56/3 2221/56/3
f 2220/56/4 2224/56/4 2223/56/4 2219/56/4
f 2217/56/5 2221/56/5 2224/56/5 2220/56/5
f 2218/56/6 2219/56/6 2223/56/6 2222/56/6
f 2225/56/1 2228/56/1 2227/56/1 2226/56/1
f 2229/56/2 2230/56/2 2231/56/2 2232/56/2
f 2225/56/3 2226/56/3 2230/56/3 2229/56/3
f 2228/56/4 2232/56/4 2231/56/4 2227/56/4
f 2225/56/5 2229/56/5 2232/56/5 2228/56/5
f 2226/56/6 2227/56/6 2231/56/6 2230/56/6
f 2233/57/1 2236/57/1 2235/57/1 2234/57/1
f 2237/57/2 2238/57/2 2239/57/2 2240/57/2
f 2233/57/3 2234/57/3 2238/57/3 2237/57/3
f 2236/57/4 2240/57/4 2239/57/4 2235/57/4
f 2233/57/5 2237/57/5 2240/57/5 2236/57/5
f 2234/57/6 2235/57/6 2239/57/6 2238/57/6
f 2241/57/1 2244/57/1 2243/57/1 2242/57/1
f 2245/57/2 2246/57/2 2247/57/2 2248/57/2
f 2241/57/3 2242/57/3 2246/57/3 2245/57/3
f 2244/57/4 2248/57/4 2247/57/4 2243/57/4
f 2241/57/5 2245/57/5 2248/57/5 2244/57/5
f 2242/57/6 2243/57/6 2247/57/6 2246/57/6
f 2249/57/1 2252/57/1 2251/57/1 2250/57/1
f 2253/57/2 2254/57/2 2255/57/2 2256/57/2
f 2249/57/3 2250/57/3 2254/57/3 2253/57/3
f 2252/57/4 2256/57/4 2255/57/4 2251/57/4
f 2249/57/5 2253/57/5 2256/57/5 2252/57/5
f 2250/57/6 2251/57/6 2255/57/6 2254/57/6
f 2257/57/1 2260/57/1 2259/57/1 2258/57/1
f 2261/57/2 2262/57/2 2263/57/2 2264/57/2
f 2257/57/3 2258/57/3 2262/57/3 2261/57/3
f 2260/57/4 2264/57/4 2263/57/4 2259/57/4
f 2257/57/5 2261/57/5 2264/57/5 2260/57/5
f 2258/57/6 2259/57/6 2263/57/6 2262/57/6
f 2265/57/1 2268/57/1 2267/57/1 2266/57/1
f 2269/57/2 2270/57/2 2271/57/2 2272/57/2
f 2265/57/3 2266/57/3 2270/57/3 2269/57/3
f 2268/57/4 2272/57/4 2271/57/4 2267/57/4
f 2265/57/5 2269/57/5 2272/57/5 2268/57/5
f 2266/57/6 2267/57/6 2271/57/6 2270/57/6
f 2273/57/1 2276/57/1 2275/57/1 2274/57/1
f 2277/57/2 2278/57/2 2279/57/2 2280/57/2
f 2273/57/3 2274/57/3 2278/57/3 2277/57/3
f 2276/57/4 2280/57/4 2279/57/4 2275/57/4
f 2273/57/5 2277/57/5 2280/57/5 2276/57/5
f 2274/57/6 2275/57/6 2279/57/6 2278/57/6
f 2281/57/1 2284/57/1 2283/57/1 2282/57/1
f 2285/57/2 2286/57/2 2287/57/2 2288/57/2
f 2281/57/3 2282/57/3 2286/57/3 2285/57/3
f 2284/57/4 2288/57/4 2287/57/4 2283/57/4
f 2281/57/5 2285/57/5 2288/57/5 2284/57/5
f 2282/57/6 2283/57/6 2287/57/6 2286/57/6
f 2289/57/1 2292/57/1 2291/57/1 2290/57/1
f 2293/57/2 2294/57/2 2295/57/2 2296/57/2
f 2289/57/3 2290/57/3 2294/57/3 2293/57/3
f 2292/57/4 2296/57/4 2295/57/4 2291/57/4
f 2289/57/5 2293/57/5 2296/57/5 2292/57/5
f 2290/57/6 2291/57/6 2295/57/6 2294/57/6
f 2297/57/1 2300/57/1 2299/57/1 2298/57/1
f 2301/57/2 2302/57/2 2303/57/2 2304/57/2
f 2297/57/3 2298/57/3 2302/57/3 2301/57/3
f 2300/57/4 2304/57/4 2303/57/4 2299/57/4
f 2297/57/5 2301/57/5 2304/57/5 2300/57/5
f 2298/57/6 2299/57/6 2303/57/6 2302/57/6
f 2305/57/1 2308/57/1 2307/57/1 2306/57/1
f 2309/57/2 2310/57/2 2311/57/2 2312/57/2
f 2305/57/3 2306/57/3 2310/57/3 2309/57/3
f 2308/57/4 2312/57/4 2311/57/4 2307/57/4
f 2305/57/5 2309/57/5 2312/57/5 2308/57/5
f 2306/57/6 2307/57/6 2311/57/6 2310/57/6
f 2313/57/1 2316/57/1 2315/57/1 2314/57/1
f 2317/57/2 2318/57/2 2319/57/2 2320/57/2
f 2313/57/3 2314/57/3 2318/57/3 2317/57/3
f 2316/57/4 2320/57/4 2319/57/4 2315/57/4
f 2313/57/5 2317/57/5 2320/57/5 2316/57/5
f 2314/57/6 2315/57/6 2319/57/6 2318/57/6
f 2321/57/1 2324/57/1 2323/57/1 2322/57/1
f 2325/57/2 2326/57/2 2327/57/2 2328/57/2
f 2321/57/3 2322/57/3 2326/57/3 2325/57/3
f 2324/57/4 2328/57/4 2327/57/4 2323/57/4
f 2321/57/5 2325/57/5 2328/57/5 2324/57/5
f 2322/57/6 2323/57/6 2327/57/6 2326/57/6
f 2329/57/1 2332/57/1 2331/57/1 2330/57/1
f 2333/57/2 2334/57/2 2335/57/2 2336/57/2
f 2329/57/3 2330/57/3 2334/57/3 2333/57/3
f 2332/57/4 2336/57/4 2335/57/4 2331/57/4
f 2329/57/5 2333/57/5 2336/57/5 2332/57/5
f 2330/57/6 2331/57/6 2335/57/6 2334/57/6
f 2337/57/1 2340/57/1 2339/57/1 2338/57/1
f 2341/57/2 2342/57/2 2343/57/2 2344/57/2
f 2337/57/3 2338/57/3 2342/57/3 2341/57/3
f 2340/57/4 2344/57/4 2343/57/4 2339/57/4
f 2337/57/5 2341/57/5 2344/57/5 2340/57/5
f 2338/57/6 2339/57/6 2343/57/6 2342/57/6
f 2345/57/1 2348/57/1 2347/57/1 2346/57/1
f 2349/57/2 2350/57/2 2351/57/2 2352/57/2
f 2345/57/3 2346/57/3 2350/57/3 2349/57/3
f 2348/57/4 2352/57/4 2351/57/4 2347/57/4
f 2345/57/5 2349/57/5 2352/57/5 2348/57/5
f 2346/57/6 2347/57/6 2351/57/6 2350/57/6
f 2353/57/1 2356/57/1 2355/57/1 2354/57/1
f 2357/57/2 2358/57/2 2359/57/2 2360/57/2
f 2353/57/3 2354/57/3 2358/57/3 2357/57/3
f 2356/57/4 2360/57/4 2359/57/4 2355/57/4
f 2353/57/5 2357/57/5 2360/57/5 2356/57/5
f 2354/57/6 2355/57/6 2359/57/6 2358/57/6
f 2361/57/1 2364/57/1 2363/57/1 2362/57/1
f 2365/57/2 2366/57/2 2367/57/2 2368/57/2
f 2361/57/3 2362/57/3 2366/57/3 2365/57/3
f 2364/57/4 2368/57/4 2367/57/4 2363/57/4
f 2361/57/5 2365/57/5 2368/57/5 2364/57/5
f 2362/57/6 2363/57/6 2367/57/6 2366/57/6
f 2369/57/1 2372/57/1 2371/57/1 2370/57/1
f 2373/57/2 2374/57/2 2375/57/2 2376/57/2
f 2369/57/3 2370/57/3 2374/57/3 2373/57/3
f 2372/57/4 2376/57/4 2375/57/4 2371/57/4
f 2369/57/5 2373/57/5 2376/57/5 2372/57/5
f 2370/57/6 2371/57/6 2375/57/6 2374/57/6
f 2377/57/1 2380/57/1 2379/57/1 2378/57/1
f 2381/57/2 2382/57/2 2383/57/2 2384/57/2
f 2377/57/3 2378/57/3 2382/57/3 2381/57/3
f 2380/57/4 2384/57/4 2383/57/4 2379/57/4
f 2377/57/5 2381/57/5 2384/57/5 2380/57/5
f 2378/57/6 2379/57/6 2383/57/6 2382/57/6
f 2385/57/1 2388/57/1 2387/57/1 2386/57/1
f 2389/57/2 2390/57/2 2391/57/2 2392/57/2
f 2385/57/3 2386/57/3 2390/57/3 2389/57/3
f 2388/57/4 2392/57/4 2391/57/4 2387/57/4
f 2385/57/5 2389/57/5 2392/57/5 2388/57/5
f 2386/57/6 2387/57/6 2391/57/6 2390/57/6
f 2393/57/1 2396/57/1 2395/57/1 2394/57/1
f 2397/57/2 2398/57/2 2399/57/2 2400/57/2
f 2393/57/3 2394/57/3 2398/57/3 2397/57/3
f 2396/57/4 2400/57/4 2399/57/4 2395/57/4
f 2393/57/5 2397/57/5 2400/57/5 2396/57/5
f 2394/57/6 2395/57/6 2399/57/6 2398/57/6
f 2401/57/1 2404/57/1 2403/57/1 2402/57/1
f 2405/57/2 2406/57/2 2407/57/2 2408/57/2
f 2401/57/3 2402/57/3 2406/57/3 2405/57/3
f 2404/57/4 2408/57/4 2407/57/4 2403/57/4
f 2401/57/5 2405/57/5 2408/57/5 2404/57/5
f 2402/57/6 2403/57/6 2407/57/6 2406/57/6
f 2409/57/1 2412/57/1 2411/57/1 2410/57/1
f 2413/57/2 2414/57/2 2415/57/2 2416/57/2
f 2409/57/3 2410/57/3 2414/57/3 2413/57/3
f 2412/57/4 2416/57/4 2415/57/4 2411/57/4
f 2409/57/5 2413/57/5 2416/57/5 2412/57/5
f 2410/57/6 2411/57/6 2415/57/6 2414/57/6
f 2417/57/1 2420/57/1 2419/57/1 2418/57/1
f 2421/57/2 2422/57/2 2423/57/2 2424/57/2
f 2417/57/3 2418/57/3 2422/57/3 2421/57/3
f 2420/57/4 2424/57/4 2423/57/4 2419/57/4
f 2417/57/5 2421/57/5 2424/57/5 2420/57/5
f 2418/57/6 2419/57/6 2423/57/6 2422/57/6
f 2425/57/1 2428/57/1 2427/57/1 2426/57/1
f 2429/57/2 2430/57/2 2431/57/2 2432/57/2
f 2425/57/3 2426/57/3 2430/57/3 2429/57/3
f 2428/57/4 2432/57/4 2431/57/4 2427/57/4
f 2425/57/5 2429/57/5 2432/57/5 2428/57/5
f 2426/57/6 2427/57/6 2431/57/6 2430/57/6
f 2433/57/1 2436/57/1 2435/57/1 2434/57/1
f 2437/57/2 2438/57/2 2439/57/2 2440/57/2
f 2433/57/3 2434/57/3 2438/57/3 2437/57/3
f 2436/57/4 2440/57/4 2439/57/4 2435/57/4
f 2433/57/5 2437/57/5 2440/57/5 2436/57/5
f 2434/57/6 2435/57/6 2439/57/6 2438/57/6
f 2441/57/1 2444/57/1 2443/57/1 2442/57/1
f 2445/57/2 2446/57/2 2447/57/2 2448/57/2
f 2441/57/3 2442/57/3 2446/57/3 2445/57/3
f 2444/57/4 2448/57/4 2447/57/4 2443/57/4
f 2441/57/5 2445/57/5 2448/57/5 2444/57/5
f 2442/57/6 2443/57/6 2447/57/6 2446/57/6
f 2449/57/1 2452/57/1 2451/57/1 2450/57/1
f 2453/57/2 2454/57/2 2455/57/2 2456/57/2
f 2449/57/3 2450/57/3 2454/57/3 2453/57/3
f 2452/57/4 2456/57/4 2455/57/4 2451/57/4
f 2449/57/5 2453/57/5 2456/57/5 2452/57/5
f 2450/57/6 2451/57/6 2455/57/6 2454/57/6
f 2457/57/1 2460/57/1 2459/57/1 2458/57/1
f 2461/57/2 2462/57/2 2463/57/2 2464/57/2
f 2457/57/3 2458/57/3 2462/57/3 2461/57/3
f 2460/57/4 2464/57/4 2463/57/4 2459/57/4
f 2457/57/5 2461/57/5 2464/57/5 2460/57/5
f 2458/57/6 2459/57/6 2463/57/6 2462/57/6
f 2465/57/1 2468/57/1 2467/57/1 2466/57/1
f 2469/57/2 2470/57/2 2471/57/2 2472/57/2
f 2465/57/3 2466/57/3 2470/57/3 2469/57/3
f 2468/57/4 2472/57/4 2471/57/4 2467/57/4
f 2465/57/5 2469/57/5 2472/57/5 2468/57/5
f 2466/57/6 2467/57/6 2471/57/6 2470/57/6
f 2473/57/1 2476/57/1 2475/57/1 2474/57/1
f 2477/57/2 2478/57/2 2479/57/2 2480/57/2
f 2473/57/3 2474/57/3 2478/57/3 2477/57/3
f 2476/57/4 2480/57/4 2479/57/4 2475/57/4
f 2473/57/5 2477/57/5 2480/57/5 2476/57/5
f 2474/57/6 2475/57/6 2479/57/6 2478/57/6
f 2481/57/1 2484/57/1 2483/57/1 2482/57/1
f 2485/57/2 2486/57/2 2487/57/2 2488/57/2
f 2481/57/3 2482/57/3 2486/57/3 2485/57/3
f 2484/57/4 2488/57/4 2487/57/4 2483/57/4
f 2481/57/5 2485/57/5 2488/57/5 2484/57/5
f 2482/57/6 2483/57/6 2487/57/6 2486/57/6
f 2489/57/1 2492/57/1 2491/57/1 2490/57/1
f 2493/57/2 2494/57/2 2495/57/2 2496/57/2
f 2489/57/3 2490/57/3 2494/57/3 2493/57/3
f 2492/57/4 2496/57/4 2495/57/4 2491/57/4
f 2489/57/5 2493/57/5 2496/57/5 2492/57/5
f 2490/57/6 2491/57/6 2495/57/6 2494/57/6
f 2497/57/1 2500/57/1 2499/57/1 2498/57/1
f 2501/57/2 2502/57/2 2503/57/2 2504/57/2
f 2497/57/3 2498/57/3 2502/57/3 2501/57/3
f 2500/57/4 2504/57/4 2503/57/4 2499/57/4
f 2497/57/5 2501/57/5 2504/57/5 2500/57/5
f 2498/57/6 2499/57/6 2503/57/6 2502/57/6
f 2505/57/1 2508/57/1 2507/57/1 2506/57/1
f 2509/57/2 2510/57/2 2511/57/2 2512/57/2
f 2505/57/3 2506/57/3 2510/57/3 2509/57/3
f 2508/57/4 2512/57/4 2511/57/4 2507/57/4
f 2505/57/5 2509/57/5 2512/57/5 2508/57/5
f 2506/57/6 2507/57/6 2511/57/6 2510/57/6
f 2513/57/1 2516/57/1 2515/57/1 2514/57/1
f 2517/57/2 2518/57/2 2519/57/2 2520/57/2
f 2513/57/3 2514/57/3 2518/57/3 2517/57/3
f 2516/57/4 2520/57/4 2519/57/4 2515/57/4
f 2513/57/5 2517/57/5 2520/57/5 2516/57/5
f 2514/57/6 2515/57/6 2519/57/6 2518/57/6
f 2521/57/1 2524/57/1 2523/57/1 2522/57/1
f 2525/57/2 2526/57/2 2527/57/2 2528/57/2
f 2521/57/3 2522/57/3 2526/57/3 2525/57/3
f 2524/57/4 2528/57/4 2527/57/4 2523/57/4
f 2521/57/5 2525/57/5 2528/57/5 2524/57/5
f 2522/57/6 2523/57/6 2527/57/6 2526/57/6
f 2529/57/1 2532/57/1 2531/57/1 2530/57/1
f 2533/57/2 2534/57/2 2535/57/2 2536/57/2
f 2529/57/3 2530/57/3 2534/57/3 2533/57/3
f 2532/57/4 2536/57/4 2535/57/4 2531/57/4
f 2529/57/5 2533/57/5 2536/57/5 2532/57/5
f 2530/57/6 2531/57/6 2535/57/6 2534/57/6
f 2537/57/1 2540/57/1 2539/57/1 2538/57/1
f 2541/57/2 2542/57/2 2543/57/2 2544/57/2
f 2537/57/3 2538/57/3 2542/57/3 2541/57/3
f 2540/57/4 2544/57/4 2543/57/4 2539/57/4
f 2537/57/5 2541/57/5 2544/57/5 2540/57/5
f 2538/57/6 2539/57/6 2543/57/6 2542/57/6
f 2545/57/1 2548/57/1 2547/57/1 2546/57/1
f 2549/57/2 2550/57/2 2551/57/2 2552/57/2
f 2545/57/3 2546/57/3 2550/57/3 2549/57/3
f 2548/57/4 2552/57/4 2551/57/4 2547/57/4
f 2545/57/5 2549/57/5 2552/57/5 2548/57/5
f 2546/57/6 2547/57/6 2551/57/6 2550/57/6
f 2553/57/1 2556/57/1 2555/57/1 2554/57/1
f 2557/57/2 2558/57/2 2559/57/2 2560/57/2
f 2553/57/3 2554/57/3 2558/57/3 2557/57/3
f 2556/57/4 2560/57/4 2559/57/4 2555/57/4
f 2553/57/5 2557/57/5 2560/57/5 2556/57/5
f 2554/57/6 2555/57/6 2559/57/6 2558/57/6
f 2561/57/1 2564/57/1 2563/57/1 2562/57/1
f 2565/57/2 2566/57/2 2567/57/2 2568/57/2
f 2561/57/3 2562/57/3 2566/57/3 2565/57/3
f 2564/57/4 2568/57/4 2567/57/4 2563/57/4
f 2561/57/5 2565/57/5 2568/57/5 2564/57/5
f 2562/57/6 2563/57/6 2567/57/6 2566/57/6
f 2569/57/1 2572/57/1 2571/57/1 2570/57/1
f 2573/57/2 2574/57/2 2575/57/2 2576/57/2
f 2569/57/3 2570/57/3 2574/57/3 2573/57/3
f 2572/57/4 2576/57/4 2575/57/4 2571/57/4
f 2569/57/5 2573/57/5 2576/57/5 2572/57/5
f 2570/57/6 2571/57/6 2575/57/6 2574/57/6
f 2577/57/1 2580/57/1 2579/57/1 2578/57/1
f 2581/57/2 2582/57/2 2583/57/2 2584/57/2
f 2577/57/3 2578/57/3 2582/57/3 2581/57/3
f 2580/57/4 2584/57/4 2583/57/4 2579/57/4
f 2577/57/5 2581/57/5 2584/57/5 2580/57/5
f 2578/57/6 2579/57/6 2583/57/6 2582/57/6
f 2585/57/1 2588/57/1 2587/57/1 2586/57/1
f 2589/57/2 2590/57/2 2591/57/2 2592/57/2
f 2585/57/3 2586/57/3 2590/57/3 2589/57/3
f 2588/57/4 2592/57/4 2591/57/4 2587/57/4
f 2585/57/5 2589/57/5 2592/57/5 2588/57/5
f 2586/57/6 2587/57/6 2591/57/6 2590/57/6
f 2593/57/1 2596/57/1 2595/57/1 2594/57/1
f 2597/57/2 2598/57/2 2599/57/2 2600/57/2
f 2593/57/3 2594/57/3 2598/57/3 2597/57/3
f 2596/57/4 2600/57/4 2599/57/4 2595/57/4
f 2593/57/5 2597/57/5 2600/57/5 2596/57/5
f 2594/57/6 2595/57/6 2599/57/6 2598/57/6
f 2601/57/1 2604/57/1 2603/57/1 2602/57/1
f 2605/57/2 2606/57/2 2607/57/2 2608/57/2
f 2601/57/3 2602/57/3 2606/57/3 2605/57/3
f 2604/57/4 2608/57/4 2607/57/4 2603/57/4
f 2601/57/5 2605/57/5 2608/57/5 2604/57/5
f 2602/57/6 2603/57/6 2607/57/6 2606/57/6
f 2609/57/1 2612/57/1 2611/57/1 2610/57/1
f 2613/57/2 2614/57/2 2615/57/2 2616/57/2
f 2609/57/3 2610/57/3 2614/57/3 2613/57/3
f 2612/57/4 2616/57/4 2615/57/4 2611/57/4
f 2609/57/5 2613/57/5 2616/57/5 2612/57/5
f 2610/57/6 2611/57/6 2615/57/6 2614/57/6
f 2617/57/1 2620/57/1 2619/57/1 2618/57/1
f 2621/57/2 2622/57/2 2623/57/2 2624/57/2
f 2617/57/3 2618/57/3 2622/57/3 2621/57/3
f 2620/57/4 2624/57/4 2623/57/4 2619/57/4
f 2617/57/5 2621/57/5 2624/57/5 2620/57/5
f 2618/57/6 2619/57/6 2623/57/6 2622/57/6
f 2625/57/1 2628/57/1 2627/57/1 2626/57/1
f 2629/57/2 2630/57/2 2631/57/2 2632/57/2
f 2625/57/3 2626/57/3 2630/57/3 2629/57/3
f 2628/57/4 2632/57/4 2631/57/4 2627/57/4
f 2625/57/5 2629/57/5 2632/57/5 2628/57/5
f 2626/57/6 2627/57/6 2631/57/6 2630/57/6
f 2633/57/1 2636/57/1 2635/57/1 2634/57/1
f 2637/57/2 2638/57/2 2639/57/2 2640/57/2
f 2633/57/3 2634/57/3 2638/57/3 2637/57/3
f 2636/57/4 2640/57/4 2639/57/4 2635/57/4
f 2633/57/5 2637/57/5 2640/57/5 2636/57/5
f 2634/57/6 2635/57/6 2639/57/6 2638/57/6
f 2641/57/1 2644/57/1 2643/57/1 2642/57/1
f 2645/57/2 2646/57/2 2647/57/2 2648/57/2
f 2641/57/3 2642/57/3 2646/57/3 2645/57/3
f 2644/57/4 2648/57/4 2647/57/4 2643/57/4
f 2641/57/5 2645/57/5 2648/57/5 2644/57/5
f 2642/57/6 2643/57/6 2647/57/6 2646/57/6
f 2649/57/1 2652/57/1 2651/57/1 2650/57/1
f 2653/57/2 2654/57/2 2655/57/2 2656/57/2
f 2649/57/3 2650/57/3 2654/57/3 2653/57/3
f 2652/57/4 2656/57/4 2655/57/4 2651/57/4
f 2649/57/5 2653/57/5 2656/57/5 2652/57/5
f 2650/57/6 2651/57/6 2655/57/6 2654/57/6
f 2657/57/1 2660/57/1 2659/57/1 2658/57/1
f 2661/57/2 2662/57/2 2663/57/2 2664/57/2
f 2657/57/3 2658/57/3 2662/57/3 2661/57/3
f 2660/57/4 2664/57/4 2663/57/4 2659/57/4
f 2657/57/5 2661/57/5 2664/57/5 2660/57/5
f 2658/57/6 2659/57/6 2663/57/6 2662/57/6
f 2665/57/1 2668/57/1 2667/57/1 2666/57/1
f 2669/57/2 2670/57/2 2671/57/2 2672/57/2
f 2665/57/3 2666/57/3 2670/57/3 2669/57/3
f 2668/57/4 2672/57/4 2671/57/4 2667/57/4
f 2665/57/5 2669/57/5 2672/57/5 2668/57/5
f 2666/57/6 2667/57/6 2671/57/6 2670/57/6
f 2673/57/1 2676/57/1 2675/57/1 2674/57/1
f 2677/57/2 2678/57/2 2679/57/2 2680/57/2
f 2673/57/3 2674/57/3 2678/57/3 2677/57/3
f 2676/57/4 2680/57/4 2679/57/4 2675/57/4
f 2673/57/5 2677/57/5 2680/57/5 2676/57/5
f 2674/57/6 2675/57/6 2679/57/6 2678/57/6
f 2681/57/1 2684/57/1 2683/57/1 2682/57/1
f 2685/57/2 2686/57/2 2687/57/2 2688/57/2
f 2681/57/3 2682/57/3 2686/57/3 2685/57/3
f 2684/57/4 2688/57/4 2687/57/4 2683/57/4
f 2681/57/5 2685/57/5 2688/57/5 2684/57/5
f 2682/57/6 2683/57/6 2687/57/6 2686/57/6
f 2689/57/1 2692/57/1 2691/57/1 2690/57/1
f 2693/57/2 2694/57/2 2695/57/2 2696/57/2
f 2689/57/3 2690/57/3 2694/57/3 2693/57/3
f 2692/57/4 2696/57/4 2695/57/4 2691/57/4
f 2689/57/5 2693/57/5 2696/57/5 2692/57/5
f 2690/57/6 2691/57/6 2695/57/6 2694/57/6
f 2697/57/1 2700/57/1 2699/57/1 2698/57/1
f 2701/57/2 2702/57/2 2703/57/2 2704/57/2
f 2697/57/3 2698/57/3 2702/57/3 2701/57/3
f 2700/57/4 2704/57/4 2703/57/4 2699/57/4
f 2697/57/5 2701/57/5 2704/57/5 2700/57/5
f 2698/57/6 2699/57/6 2703/57/6 2702/57/6
f 2705/57/1 2708/57/1 2707/57/1 2706/57/1
f 2709/57/2 2710/57/2 2711/57/2 2712/57/2
f 2705/57/3 2706/57/3 2710/57/3 2709/57/3
f 2708/57/4 2712/57/4 2711/57/4 2707/57/4
f 2705/57/5 2709/57/5 2712/57/5 2708/57/5
f 2706/57/6 2707/57/6 2711/57/6 2710/57/6
f 2713/57/1 2716/57/1 2715/57/1 2714/57/1
f 2717/57/2 2718/57/2 2719/57/2 2720/57/2
f 2713/57/3 2714/57/3 2718/57/3 2717/57/3
f 2716/57/4 2720/57/4 2719/57/4 2715/57/4
f 2713/57/5 2717/57/5 2720/57/5 2716/57/5
f 2714/57/6 2715/57/6 2719/57/6 2718/57/6
f 2721/57/1 2724/57/1 2723/57/1 2722/57/1
f 2725/57/2 2726/57/2 2727/57/2 2728/57/2
f 2721/57/3 2722/57/3 2726/57/3 2725/57/3
f 2724/57/4 2728/57/4 2727/57/4 2723/57/4
f 2721/57/5 2725/57/5 2728/57/5 2724/57/5
f 2722/57/6 2723/57/6 2727/57/6 2726/57/6
f 2729/57/1 2732/57/1 2731/57/1 2730/57/1
f 2733/57/2 2734/57/2 2735/57/2 2736/57/2
f 2729/57/3 2730/57/3 2734/57/3 2733/57/3
f 2732/57/4 2736/57/4 2735/57/4 2731/57/4
f 2729/57/5 2733/57/5 2736/57/5 2732/57/5
f 2730/57/6 2731/57/6 2735/57/6 2734/57/6
f 2737/57/1 2740/57/1 2739/57/1 2738/57/1
f 2741/57/2 2742/57/2 2743/57/2 2744/57/2
f 2737/57/3 2738/57/3 2742/57/3 2741/57/3
f 2740/57/4 2744/57/4 2743/57/4 2739/57/4
f 2737/57/5 2741/57/5 2744/57/5 2740/57/5
f 2738/57/6 2739/57/6 2743/57/6 2742/57/6
f 2745/57/1 2748/57/1 2747/57/1 2746/57/1
f 2749/57/2 2750/57/2 2751/57/2 2752/57/2
f 2745/57/3 2746/57/3 2750/57/3 2749/57/3
f 2748/57/4 2752/57/4 2751/57/4 2747/57/4
f 2745/57/5 2749/57/5 2752/57/5 2748/57/5
f 2746/57/6 2747/57/6 2751/57/6 2750/57/6
f 2753/57/1 2756/57/1 2755/57/1 2754/57/1
f 2757/57/2 2758/57/2 2759/57/2 2760/57/2
f 2753/57/3 2754/57/3 2758/57/3 2757/57/3
f 2756/57/4 2760/57/4 2759/57/4 2755/57/4
f 2753/57/5 2757/57/5 2760/57/5 2756/57/5
f 2754/57/6 2755/57/6 2759/57/6 2758/57/6
f 2761/57/1 2764/57/1 2763/57/1 2762/57/1
f 2765/57/2 2766/57/2 2767/57/2 2768/57/2
f 2761/57/3 2762/57/3 2766/57/3 2765/57/3
f 2764/57/4 2768/57/4 2767/57/4 2763/57/4
f 2761/57/5 2765/57/5 2768/57/5 2764/57/5
f 2762/57/6 2763/57/6 2767/57/6 2766/57/6
f 2769/57/1 2772/57/1 2771/57/1 2770/57/1
f 2773/57/2 2774/57/2 2775/57/2 2776/57/2
f 2769/57/3 2770/57/3 2774/57/3 2773/57/3
f 2772/57/4 2776/57/4 2775/57/4 2771/57/4
f 2769/57/5 2773/57/5 2776/57/5 2772/57/5
f 2770/57/6 2771/57/6 2775/57/6 2774/57/6
f 2777/57/1 2780/57/1 2779/57/1 2778/57/1
f 2781/57/2 2782/57/2 2783/57/2 2784/57/2
f 2777/57/3 2778/57/3 2782/57/3 2781/57/3
f 2780/57/4 2784/57/4 2783/57/4 2779/57/4
f 2777/57/5 2781/57/5 2784/57/5 2780/57/5
f 2778/57/6 2779/57/6 2783/57/6 2782/57/6
f 2785/57/1 2788/57/1 2787/57/1 2786/57/1
f 2789/57/2 2790/57/2 2791/57/2 2792/57/2
f 2785/57/3 2786/57/3 2790/57/3 2789/57/3
f 2788/57/4 2792/57/4 2791/57/4 2787/57/4
f 2785/57/5 2789/57/5 2792/57/5 2788/57/5
f 2786/57/6 2787/57/6 2791/57/6 2790/57/6
f 2793/57/1 2796/57/1 2795/57/1 2794/57/1
f 2797/57/2 2798/57/2 2799/57/2 2800/57/2
f 2793/57/3 2794/57/3 2798/57/3 2797/57/3
f 2796/57/4 2800/57/4 2799/57/4 2795/57/4
f 2793/57/5 2797/57/5 2800/57/5 2796/57/5
f 2794/57/6 2795/57/6 2799/57/6 2798/57/6
f 2801/57/1 2804/57/1 2803/57/1 2802/57/1
f 2805/57/2 2806/57/2 2807/57/2 2808/57/2
f 2801/57/3 2802/57/3 2806/57/3 2805/57/3
f 2804/57/4 2808/57/4 2807/57/4 2803/57/4
f 2801/57/5 2805/57/5 2808/57/5 2804/57/5
f 2802/57/6 2803/57/6 2807/57/6 2806/57/6
f 2809/57/1 2812/57/1 2811/57/1 2810/57/1
f 2813/57/2 2814/57/2 2815/57/2 2816/57/2
f 2809/57/3 2810/57/3 2814/57/3 2813/57/3
f 2812/57/4 2816/57/4 2815/57/4 2811/57/4
f 2809/57/5 2813/57/5 2816/57/5 2812/57/5
f 2810/57/6 2811/57/6 2815/57/6 2814/57/6
f 2817/57/1 2820/57/1 2819/57/1 2818/57/1
f 2821/57/2 2822/57/2 2823/57/2 2824/57/2
f 2817/57/3 2818/57/3 2822/57/3 2821/57/3
f 2820/57/4 2824/57/4 2823/57/4 2819/57/4
f 2817/57/5 2821/57/5 2824/57/5 2820/57/5
f 2818/57/6 2819/57/6 2823/57/6 2822/57/6
f 2825/57/1 2828/57/1 2827/57/1 2826/57/1
f 2829/57/2 2830/57/2 2831/57/2 2832/57/2
f 2825/57/3 2826/57/3 2830/57/3 2829/57/3
f 2828/57/4 2832/57/4 2831/57/4 2827/57/4
f 2825/57/5 2829/57/5 2832/57/5 2828/57/5
f 2826/57/6 2827/57/6 2831/57/6 2830/57/6
f 2833/57/1 2836/57/1 2835/57/1 2834/57/1
f 2837/57/2 2838/57/2 2839/57/2 2840/57/2
f 2833/57/3 2834/57/3 2838/57/3 2837/57/3
f 2836/57/4 2840/57/4 2839/57/4 2835/57/4
f 2833/57/5 2837/57/5 2840/57/5 2836/57/5
f 2834/57/6 2835/57/6 2839/57/6 2838/57/6
f 2841/58/1 2844/58/1 2843/58/1 2842/58/1
f 2845/58/2 2846/58/2 2847/58/2 2848/58/2
f 2841/58/3 2842/58/3 2846/58/3 2845/58/3
f 2844/58/4 2848/58/4 2847/58/4 2843/58/4
f 2841/58/5 2845/58/5 2848/58/5 2844/58/5
f 2842/58/6 2843/58/6 2847/58/6 2846/58/6
f 2849/58/1 2852/58/1 2851/58/1 2850/58/1
f 2853/58/2 2854/58/2 2855/58/2 2856/58/2
f 2849/58/3 2850/58/3 2854/58/3 2853/58/3
f 2852/58/4 2856/58/4 2855/58/4 2851/58/4
f 2849/58/5 2853/58/5 2856/58/5 2852/58/5
f 2850/58/6 2851/58/6 2855/58/6 2854/58/6
f 2857/58/1 2860/58/1 2859/58/1 2858/58/1
f 2861/58/2 2862/58/2 2863/58/2 2864/58/2
f 2857/58/3 2858/58/3 2862/58/3 2861/58/3
f 2860/58/4 2864/58/4 2863/58/4 2859/58/4
f 2857/58/5 2861/58/5 2864/58/5 2860/58/5
f 2858/58/6 2859/58/6 2863/58/6 2862/58/6
f 2865/58/1 2868/58/1 2867/58/1 2866/58/1
f 2869/58/2 2870/58/2 2871/58/2 2872/58/2
f 2865/58/3 2866/58/3 2870/58/3 2869/58/3
f 2868/58/4 2872/58/4 2871/58/4 2867/58/4
f 2865/58/5 2869/58/5 2872/58/5 2868/58/5
f 2866/58/6 2867/58/6 2871/58/6 2870/58/6
f 2873/58/1 2876/58/1 2875/58/1 2874/58/1
f 2877/58/2 2878/58/2 2879/58/2 2880/58/2
f 2873/58/3 2874/58/3 2878/58/3 2877/58/3
f 2876/58/4 2880/58/4 2879/58/4 2875/58/4
f 2873/58/5 2877/58/5 2880/58/5 2876/58/5
f 2874/58/6 2875/58/6 2879/58/6 2878/58/6
f 2881/58/1 2884/58/1 2883/58/1 2882/58/1
f 2885/58/2 2886/58/2 2887/58/2 2888/58/2
f 2881/58/3 2882/58/3 2886/58/3 2885/58/3
f 2884/58/4 2888/58/4 2887/58/4 2883/58/4
f 2881/58/5 2885/58/5 2888/58/5 2884/58/5
f 2882/58/6 2883/58/6 2887/58/6 2886/58/6
f 2889/57/1 2892/57/1 2891/57/1 2890/57/1
f 2893/57/2 2894/57/2 2895/57/2 2896/57/2
f 2889/57/3 2890/57/3 2894/57/3 2893/57/3
f 2892/57/4 2896/57/4 2895/57/4 2891/57/4
f 2889/57/5 2893/57/5 2896/57/5 2892/57/5
f 2890/57/6 2891/57/6 2895/57/6 2894/57/6
f 2897/57/1 2900/57/1 2899/57/1 2898/57/1
f 2901/57/2 2902/57/2 2903/57/2 2904/57/2
f 2897/57/3 2898/57/3 2902/57/3 2901/57/3
f 2900/57/4 2904/57/4 2903/57/4 2899/57/4
f 2897/57/5 2901/57/5 2904/57/5 2900/57/5
f 2898/57/6 2899/57/6 2903/57/6 2902/57/6
f 2905/57/1 2908/57/1 2907/57/1 2906/57/1
f 2909/57/2 2910/57/2 2911/57/2 2912/57/2
f 2905/57/3 2906/57/3 2910/57/3 2909/57/3
f 2908/57/4 2912/57/4 2911/57/4 2907/57/4
f 2905/57/5 2909/57/5 2912/57/5 2908/57/5
f 2906/57/6 2907/57/6 2911/57/6 2910/57/6
f 2913/57/1 2916/57/1 2915/57/1 2914/57/1
f 2917/57/2 2918/57/2 2919/57/2 2920/57/2
f 2913/57/3 2914/57/3 2918/57/3 2917/57/3
f 2916/57/4 2920/57/4 2919/57/4 2915/57/4
f 2913/57/5 2917/57/5 2920/57/5 2916/57/5
f 2914/57/6 2915/57/6 2919/57/6 2918/57/6
f 2921/57/1 2924/57/1 2923/57/1 2922/57/1
f 2925/57/2 2926/57/2 2927/57/2 2928/57/2
f 2921/57/3 2922/57/3 2926/57/3 2925/57/3
f 2924/57/4 2928/57/4 2927/57/4 2923/57/4
f 2921/57/5 2925/57/5 2928/57/5 2924/57/5
f 2922/57/6 2923/57/6 2927/57/6 2926/57/6
f 2929/57/1 2932/57/1 2931/57/1 2930/57/1
f 2933/57/2 2934/57/2 2935/57/2 2936/57/2
f 2929/57/3 2930/57/3 2934/57/3 2933/57/3
f 2932/57/4 2936/57/4 2935/57/4 2931/57/4
f 2929/57/5 2933/57/5 2936/57/5 2932/57/5
f 2930/57/6 2931/57/6 2935/57/6 2934/57/6
f 2937/57/1 2940/57/1 2939/57/1 2938/57/1
f 2941/57/2 2942/57/2 2943/57/2 2944/57/2
f 2937/57/3 2938/57/3 2942/57/3 2941/57/3
f 2940/57/4 2944/57/4 2943/57/4 2939/57/4
f 2937/57/5 2941/57/5 2944/57/5 2940/57/5
f 2938/57/6 2939/57/6 2943/57/6 2942/57/6
f 2945/57/1 2948/57/1 2947/57/1 2946/57/1
f 2949/57/2 2950/57/2 2951/57/2 2952/57/2
f 2945/57/3 2946/57/3 2950/57/3 2949/57/3
f 2948/57/4 2952/57/4 2951/57/4 2947/57/4
f 2945/57/5 2949/57/5 2952/57/5 2948/57/5
f 2946/57/6 2947/57/6 2951/57/6 2950/57/6
f 2953/57/1 2956/57/1 2955/57/1 2954/57/1
f 2957/57/2 2958/57/2 2959/57/2 2960/57/2
f 2953/57/3 2954/57/3 2958/57/3 2957/57/3
f 2956/57/4 2960/57/4 2959/57/4 2955/57/4
f 2953/57/5 2957/57/5 2960/57/5 2956/57/5
f 2954/57/6 2955/57/6 2959/57/6 2958/57/6
f 2961/57/1 2964/57/1 2963/57/1 2962/57/1
f 2965/57/2 2966/57/2 2967/57/2 2968/57/2
f 2961/57/3 2962/57/3 2966/57/3 2965/57/3
f 2964/57/4 2968/57/4 2967/57/4 2963/57/4
f 2961/57/5 2965/57/5 2968/57/5 2964/57/5
f 2962/57/6 2963/57/6 2967/57/6 2966/57/6
f 2969/59/1 2972/59/1 2971/59/1 2970/59/1
f 2973/59/2 2974/59/2 2975/59/2 2976/59/2
f 2969/59/3 2970/59/3 2974/59/3 2973/59/3
f 2972/59/4 2976/59/4 2975/59/4 2971/59/4
f 2969/59/5 2973/59/5 2976/59/5 2972/59/5
f 2970/59/6 2971/59/6 2975/59/6 2974/59/6
f 2977/59/1 2980/59/1 2979/59/1 2978/59/1
f 2981/59/2 2982/59/2 2983/59/2 2984/59/2
f 2977/59/3 2978/59/3 2982/59/3 2981/59/3
f 2980/59/4 2984/59/4 2983/59/4 2979/59/4
f 2977/59/5 2981/59/5 2984/59/5 2980/59/5
f 2978/59/6 2979/59/6 2983/59/6 2982/59/6
f 2985/59/1 2988/59/1 2987/59/1 2986/59/1
f 2989/59/2 2990/59/2 2991/59/2 2992/59/2
f 2985/59/3 2986/59/3 2990/59/3 2989/59/3
f 2988/59/4 2992/59/4 2991/59/4 2987/59/4
f 2985/59/5 2989/59/5 2992/59/5 2988/59/5
f 2986/59/6 2987/59/6 2991/59/6 2990/59/6
f 2993/59/1 2996/59/1 2995/59/1 2994/59/1
f 2997/59/2 2998/59/2 2999/59/2 3000/59/2
f 2993/59/3 2994/59/3 2998/59/3 2997/59/3
f 2996/59/4 3000/59/4 2999/59/4 2995/59/4
f 2993/59/5 2997/59/5 3000/59/5 2996/59/5
f 2994/59/6 2995/59/6 2999/59/6 2998/59/6
f 3001/59/1 3004/59/1 3003/59/1 3002/59/1
f 3005/59/2 3006/59/2 3007/59/2 3008/59/2
f 3001/59/3 3002/59/3 3006/59/3 3005/59/3
f 3004/59/4 3008/59/4 3007/59/4 3003/59/4
f 3001/59/5 3005/59/5 3008/59/5 3004/59/5
f 3002/59/6 3003/59/6 3007/59/6 3006/59/6
f 3009/59/1 3012/59/1 3011/59/1 3010/59/1
f 3013/59/2 3014/59/2 3015/59/2 3016/59/2
f 3009/59/3 3010/59/3 3014/59/3 3013/59/3
f 3012/59/4 3016/59/4 3015/59/4 3011/59/4
f 3009/59/5 3013/59/5 3016/59/5 3012/59/5
f 3010/59/6 3011/59/6 3015/59/6 3014/59/6
f 3017/57/1 3020/57/1 3019/57/1 3018/57/1
f 3021/57/2 3022/57/2 3023/57/2 3024/57/2
f 3017/57/3 3018/57/3 3022/57/3 3021/57/3
f 3020/57/4 3024/57/4 3023/57/4 3019/57/4
f 3017/57/5 3021/57/5 3024/57/5 3020/57/5
f 3018/57/6 3019/57/6 3023/57/6 3022/57/6
f 3025/57/1 3028/57/1 3027/57/1 3026/57/1
f 3029/57/2 3030/57/2 3031/57/2 3032/57/2
f 3025/57/3 3026/57/3 3030/57/3 3029/57/3
f 3028/57/4 3032/57/4 3031/57/4 3027/57/4
f 3025/57/5 3029/57/5 3032/57/5 3028/57/5
f 3026/57/6 3027/57/6 3031/57/6 3030/57/6
f 3033/57/1 3036/57/1 3035/57/1 3034/57/1
f 3037/57/2 3038/57/2 3039/57/2 3040/57/2
f 3033/57/3 3034/57/3 3038/57/3 3037/57/3
f 3036/57/4 3040/57/4 3039/57/4 3035/57/4
f 3033/57/5 3037/57/5 3040/57/5 3036/57/5
f 3034/57/6 3035/57/6 3039/57/6 3038/57/6
f 3041/57/1 3044/57/1 3043/57/1 3042/57/1
f 3045/57/2 3046/57/2 3047/57/2 3048/57/2
f 3041/57/3 3042/57/3 3046/57/3 3045/57/3
f 3044/57/4 3048/57/4 3047/57/4 3043/57/4
f 3041/57/5 3045/57/5 3048/57/5 3044/57/5
f 3042/57/6 3043/57/6 3047/57/6 3046/57/6
f 3049/57/1 3052/57/1 3051/57/1 3050/57/1
f 3053/57/2 3054/57/2 3055/57/2 3056/57/2
f 3049/57/3 3050/57/3 3054/57/3 3053/57/3
f 3052/57/4 3056/57/4 3055/57/4 3051/57/4
f 3049/57/5 3053/57/5 3056/57/5 3052/57/5
f 3050/57/6 3051/57/6 3055/57/6 3054/57/6
f 3057/57/1 3060/57/1 3059/57/1 3058/57/1
f 3061/57/2 3062/57/2 3063/57/2 3064/57/2
f 3057/57/3 3058/57/3 3062/57/3 3061/57/3
f 3060/57/4 3064/57/4 3063/57/4 3059/57/4
f 3057/57/5 3061/57/5 3064/57/5 3060/57/5
f 3058/57/6 3059/57/6 3063/57/6 3062/57/6
f 3065/57/1 3068/57/1 3067/57/1 3066/57/1
f 3069/57/2 3070/57/2 3071/57/2 3072/57/2
f 3065/57/3 3066/57/3 3070/57/3 3069/57/3
f 3068/57/4 3072/57/4 3071/57/4 3067/57/4
f 3065/57/5 3069/57/5 3072/57/5 3068/57/5
f 3066/57/6 3067/57/6 3071/57/6 3070/57/6
f 3073/57/1 3076/57/1 3075/57/1 3074/57/1
f 3077/57/2 3078/57/2 3079/57/2 3080/57/2
f 3073/57/3 3074/57/3 3078/57/3 3077/57/3
f 3076/57/4 3080/57/4 3079/57/4 3075/57/4
f 3073/57/5 3077/57/5 3080/57/5 3076/57/5
f 3074/57/6 3075/57/6 3079/57/6 3078/57/6
f 3081/57/1 3084/57/1 3083/57/1 3082/57/1
f 3085/57/2 3086/57/2 3087/57/2 3088/57/2
f 3081/57/3 3082/57/3 3086/57/3 3085/57/3
f 3084/57/4 3088/57/4 3087/57/4 3083/57/4
f 3081/57/5 3085/57/5 3088/57/5 3084/57/5
f 3082/57/6 3083/57/6 3087/57/6 3086/57/6
f 3089/57/1 3092/57/1 3091/57/1 3090/57/1
f 3093/57/2 3094/57/2 3095/57/2 3096/57/2
f 3089/57/3 3090/57/3 3094/57/3 3093/57/3
f 3092/57/4 3096/57/4 3095/57/4 3091/57/4
f 3089/57/5 3093/57/5 3096/57/5 3092/57/5
f 3090/57/6 3091/57/6 3095/57/6 3094/57/6
f 3097/57/1 3100/57/1 3099/57/1 3098/57/1
f 3101/57/2 3102/57/2 3103/57/2 3104/57/2
f 3097/57/3 3098/57/3 3102/57/3 3101/57/3
f 3100/57/4 3104/57/4 3103/57/4 3099/57/4
f 3097/57/5 3101/57/5 3104/57/5 3100/57/5
f 3098/57/6 3099/57/6 3103/57/6 3102/57/6
f 3105/57/1 3108/57/1 3107/57/1 3106/57/1
f 3109/57/2 3110/57/2 3111/57/2 3112/57/2
f 3105/57/3 3106/57/3 3110/57/3 3109/57/3
f 3108/57/4 3112/57/4 3111/57/4 3107/57/4
f 3105/57/5 3109/57/5 3112/57/5 3108/57/5
f 3106/57/6 3107/57/6 3111/57/6 3110/57/6
f 3113/61/1 3116/61/1 3115/61/1 3114/61/1
f 3117/61/2 3118/61/2 3119/61/2 3120/61/2
f 3113/61/3 3114/61/3 3118/61/3 3117/61/3
f 3116/61/4 3120/61/4 3119/61/4 3115/61/4
f 3113/61/5 3117/61/5 3120/61/5 3116/61/5
f 3114/61/6 3115/61/6 3119/61/6 3118/61/6
f 3121/61/1 3124/61/1 3123/61/1 3122/61/1
f 3125/61/2 3126/61/2 3127/61/2 3128/61/2
f 3121/61/3 3122/61/3 3126/61/3 3125/61/3
f 3124/61/4 3128/61/4 3127/61/4 3123/61/4
f 3121/61/5 3125/61/5 3128/61/5 3124/61/5
f 3122/61/6 3123/61/6 3127/61/6 3126/61/6
f 3129/61/1 3132/61/1 3131/61/1 3130/61/1
f 3133/61/2 3134/61/2 3135/61/2 3136/61/2
f 3129/61/3 3130/61/3 3134/61/3 3133/61/3
f 3132/61/4 3136/61/4 3135/61/4 3131/61/4
f 3129/61/5 3133/61/5 3136/61/5 3132/61/5
f 3130/61/6 3131/61/6 3135/61/6 3134/61/6
f 3137/61/1 3140/61/1 3139/61/1 3138/61/1
f 3141/61/2 3142/61/2 3143/61/2 3144/61/2
f 3137/61/3 3138/61/3 3142/61/3 3141/61/3
f 3140/61/4 3144/61/4 3143/61/4 3139/61/4
f 3137/61/5 3141/61/5 3144/61/5 3140/61/5
f 3138/61/6 3139/61/6 3143/61/6 3142/61/6
f 3145/61/1 3148/61/1 3147/61/1 3146/61/1
f 3149/61/2 3150/61/2 3151/61/2 3152/61/2
f 3145/61/3 3146/61/3 3150/61/3 3149/61/3
f 3148/61/4 3152/61/4 3151/61/4 3147/61/4
f 3145/61/5 3149/61/5 3152/61/5 3148/61/5
f 3146/61/6 3147/61/6 3151/61/6 3150/61/6
f 3153/61/1 3156/61/1 3155/61/1 3154/61/1
f 3157/61/2 3158/61/2 3159/61/2 3160/61/2
f 3153/61/3 3154/61/3 3158/61/3 3157/61/3
f 3156/61/4 3160/61/4 3159/61/4 3155/61/4
f 3153/61/5 3157/61/5 3160/61/5 3156/61/5
f 3154/61/6 3155/61/6 3159/61/6 3158/61/6
f 3161/57/1 3164/57/1 3163/57/1 3162/57/1
f 3165/57/2 3166/57/2 3167/57/2 3168/57/2
f 3161/57/3 3162/57/3 3166/57/3 3165/57/3
f 3164/57/4 3168/57/4 3167/57/4 3163/57/4
f 3161/57/5 3165/57/5 3168/57/5 3164/57/5
f 3162/57/6 3163/57/6 3167/57/6 3166/57/6
f 3169/57/1 3172/57/1 3171/57/1 3170/57/1
f 3173/57/2 3174/57/2 3175/57/2 3176/57/2
f 3169/57/3 3170/57/3 3174/57/3 3173/57/3
f 3172/57/4 3176/57/4 3175/57/4 3171/57/4
f 3169/57/5 3173/57/5 3176/57/5 3172/57/5
f 3170/57/6 3171/57/6 3175/57/6 3174/57/6
f 3177/57/1 3180/57/1 3179/57/1 3178/57/1
f 3181/57/2 3182/57/2 3183/57/2 3184/57/2
f 3177/57/3 3178/57/3 3182/57/3 3181/57/3
f 3180/57/4 3184/57/4 3183/57/4 3179/57/4
f 3177/57/5 3181/57/5 3184/57/5 3180/57/5
f 3178/57/6 3179/57/6 3183/57/6 3182/57/6
f 3185/57/1 3188/57/1 3187/57/1 3186/57/1
f 3189/57/2 3190/57/2 3191/57/2 3192/57/2
f 3185/57/3 3186/57/3 3190/57/3 3189/57/3
f 3188/57/4 3192/57/4 3191/57/4 3187/57/4
f 3185/57/5 3189/57/5 3192/57/5 3188/57/5
f 3186/57/6 3187/57/6 3191/57/6 3190/57/6
f 3193/57/1 3196/57/1 3195/57/1 3194/57/1
f 3197/57/2 3198/57/2 3199/57/2 3200/57/2
f 3193/57/3 3194/57/3 3198/57/3 3197/57/3
f 3196/57/4 3200/57/4 3199/57/4 3195/57/4
f 3193/57/5 3197/57/5 3200/57/5 3196/57/5
f 3194/57/6 3195/57/6 3199/57/6 3198/57/6
f 3201/57/1 3204/57/1 3203/57/1 3202/57/1
f 3205/57/2 3206/57/2 3207/57/2 3208/57/2
f 3201/57/3 3202/57/3 3206/57/3 3205/57/3
f 3204/57/4 3208/57/4 3207/57/4 3203/57/4
f 3201/57/5 3205/57/5 3208/57/5 3204/57/5
f 3202/57/6 3203/57/6 3207/57/6 3206/57/6
f 3209/57/1 3212/57/1 3211/57/1 3210/57/1
f 3213/57/2 3214/57/2 3215/57/2 3216/57/2
f 3209/57/3 3210/57/3 3214/57/3 3213/57/3
f 3212/57/4 3216/57/4 3215/57/4 3211/57/4
f 3209/57/5 3213/57/5 3216/57/5 3212/57/5
f 3210/57/6 3211/57/6 3215/57/6 3214/57/6
f 3217/57/1 3220/57/1 3219/57/1 3218/57/1
f 3221/57/2 3222/57/2 3223/57/2 3224/57/2
f 3217/57/3 3218/57/3 3222/57/3 3221/57/3
f 3220/57/4 3224/57/4 3223/57/4 3219/57/4
f 3217/57/5 3221/57/5 3224/57/5 3220/57/5
f 3218/57/6 3219/57/6 3223/57/6 3222/57/6
f 3225/57/1 3228/57/1 3227/57/1 3226/57/1
f 3229/57/2 3230/57/2 3231/57/2 3232/57/2
f 3225/57/3 3226/57/3 3230/57/3 3229/57/3
f 3228/57/4 3232/57/4 3231/57/4 3227/57/4
f 3225/57/5 3229/57/5 3232/57/5 3228/57/5
f 3226/57/6 3227/57/6 3231/57/6 3230/57/6
f 3233/57/1 3236/57/1 3235/57/1 3234/57/1
f 3237/57/2 3238/57/2 3239/57/2 3240/57/2
f 3233/57/3 3234/57/3 3238/57/3 3237/57/3
f 3236/57/4 3240/57/4 3239/57/4 3235/57/4
f 3233/57/5 3237/57/5 3240/57/5 3236/57/5
f 3234/57/6 3235/57/6 3239/57/6 3238/57/6
f 3241/57/1 3244/57/1 3243/57/1 3242/57/1
f 3245/57/2 3246/57/2 3247/57/2 3248/57/2
f 3241/57/3 3242/57/3 3246/57/3 3245/57/3
f 3244/57/4 3248/57/4 3247/57/4 3243/57/4
f 3241/57/5 3245/57/5 3248/57/5 3244/57/5
f 3242/57/6 3243/57/6 3247/57/6 3246/57/6
f 3249/57/1 3252/57/1 3251/57/1 3250/57/1
f 3253/57/2 3254/57/2 3255/57/2 3256/57/2
f 3249/57/3 3250/57/3 3254/57/3 3253/57/3
f 3252/57/4 3256/57/4 3255/57/4 3251/57/4
f 3249/57/5 3253/57/5 3256/57/5 3252/57/5
f 3250/57/6 3251/57/6 3255/57/6 3254/57/6
f 3257/57/1 3260/57/1 3259/57/1 3258/57/1
f 3261/57/2 3262/57/2 3263/57/2 3264/57/2
f 3257/57/3 3258/57/3 3262/57/3 3261/57/3
f 3260/57/4 3264/57/4 3263/57/4 3259/57/4
f 3257/57/5 3261/57/5 3264/57/5 3260/57/5
f 3258/57/6 3259/57/6 3263/57/6 3262/57/6
f 3265/57/1 3268/57/1 3267/57/1 3266/57/1
f 3269/57/2 3270/57/2 3271/57/2 3272/57/2
f 3265/57/3 3266/57/3 3270/57/3 3269/57/3
f 3268/57/4 3272/57/4 3271/57/4 3267/57/4
f 3265/57/5 3269/57/5 3272/57/5 3268/57/5
f 3266/57/6 3267/57/6 3271/57/6 3270/57/6
f 3273/57/1 3276/57/1 3275/57/1 3274/57/1
f 3277/57/2 3278/57/2 3279/57/2 3280/57/2
f 3273/57/3 3274/57/3 3278/57/3 3277/57/3
f 3276/57/4 3280/57/4 3279/57/4 3275/57/4
f 3273/57/5 3277/57/5 3280/57/5 3276/57/5
f 3274/57/6 3275/57/6 3279/57/6 3278/57/6
f 3281/57/1 3284/57/1 3283/57/1 3282/57/1
f 3285/57/2 3286/57/2 3287/57/2 3288/57/2
f 3281/57/3 3282/57/3 3286/57/3 3285/57/3
f 3284/57/4 3288/57/4 3287/57/4 3283/57/4
f 3281/57/5 3285/57/5 3288/57/5 3284/57/5
f 3282/57/6 3283/57/6 3287/57/6 3286/57/6
f 3289/57/1 3292/57/1 3291/57/1 3290/57/1
f 3293/57/2 3294/57/2 3295/57/2 3296/57/2
f 3289/57/3 3290/57/3 3294/57/3 3293/57/3
f 3292/57/4 3296/57/4 3295/57/4 3291/57/4
f 3289/57/5 3293/57/5 3296/57/5 3292/57/5
f 3290/57/6 3291/57/6 3295/57/6 3294/57/6
f 3297/57/1 3300/57/1 3299/57/1 3298/57/1
f 3301/57/2 3302/57/2 3303/57/2 3304/57/2
f 3297/57/3 3298/57/3 3302/57/3 3301/57/3
f 3300/57/4 3304/57/4 3303/57/4 3299/57/4
f 3297/57/5 3301/57/5 3304/57/5 3300/57/5
f 3298/57/6 3299/57/6 3303/57/6 3302/57/6
f 3305/57/1 3308/57/1 3307/57/1 3306/57/1
f 3309/57/2 3310/57/2 3311/57/2 3312/57/2
f 3305/57/3 3306/57/3 3310/57/3 3309/57/3
f 3308/57/4 3312/57/4 3311/57/4 3307/57/4
f 3305/57/5 3309/57/5 3312/57/5 3308/57/5
f 3306/57/6 3307/57/6 3311/57/6 3310/57/6
f 3313/57/1 3316/57/1 3315/57/1 3314/57/1
f 3317/57/2 3318/57/2 3319/57/2 3320/57/2
f 3313/57/3 3314/57/3 3318/57/3 3317/57/3
f 3316/57/4 3320/57/4 3319/57/4 3315/57/4
f 3313/57/5 3317/57/5 3320/57/5 3316/57/5
f 3314/57/6 3315/57/6 3319/57/6 3318/57/6
f 3321/57/1 3324/57/1 3323/57/1 3322/57/1
f 3325/57/2 3326/57/2 3327/57/2 3328/57/2
f 3321/57/3 3322/57/3 3326/57/3 3325/57/3
f 3324/57/4 3328/57/4 3327/57/4 3323/57/4
f 3321/57/5 3325/57/5 3328/57/5 3324/57/5
f 3322/57/6 3323/57/6 3327/57/6 3326/57/6
f 3329/57/1 3332/57/1 3331/57/1 3330/57/1
f 3333/57/2 3334/57/2 3335/57/2 3336/57/2
f 3329/57/3 3330/57/3 3334/57/3 3333/57/3
f 3332/57/4 3336/57/4 3335/57/4 3331/57/4
f 3329/57/5 3333/57/5 3336/57/5 3332/57/5
f 3330/57/6 3331/57/6 3335/57/6 3334/57/6
f 3337/57/1 3340/57/1 3339/57/1 3338/57/1
f 3341/57/2 3342/57/2 3343/57/2 3344/57/2
f 3337/57/3 3338/57/3 3342/57/3 3341/57/3
f 3340/57/4 3344/57/4 3343/57/4 3339/57/4
f 3337/57/5 3341/57/5 3344/57/5 3340/57/5
f 3338/57/6 3339/57/6 3343/57/6 3342/57/6
f 3345/1/1 3348/1/1 3347/1/1 3346/1/1
f 3349/1/2 3350/1/2 3351/1/2 3352/1/2
f 3345/1/3 3346/1/3 3350/1/3 3349/1/3
f 3348/1/4 3352/1/4 3351/1/4 3347/1/4
f 3345/1/5 3349/1/5 3352/1/5 3348/1/5
f 3346/1/6 3347/1/6 3351/1/6 3350/1/6
f 3353/1/1 3356/1/1 3355/1/1 3354/1/1
f 3357/1/2 3358/1/2 3359/1/2 3360/1/2
f 3353/1/3 3354/1/3 3358/1/3 3357/1/3
f 3356/1/4 3360/1/4 3359/1/4 3355/1/4
f 3353/1/5 3357/1/5 3360/1/5 3356/1/5
f 3354/1/6 3355/1/6 3359/1/6 3358/1/6
f 3361/1/1 3364/1/1 3363/1/1 3362/1/1
f 3365/1/2 3366/1/2 3367/1/2 3368/1/2
f 3361/1/3 3362/1/3 3366/1/3 3365/1/3
f 3364/1/4 3368/1/4 3367/1/4 3363/1/4
f 3361/1/5 3365/1/5 3368/1/5 3364/1/5
f 3362/1/6 3363/1/6 3367/1/6 3366/1/6
f 3369/1/1 3372/1/1 3371/1/1 3370/1/1
f 3373/1/2 3374/1/2 3375/1/2 3376/1/2
f 3369/1/3 3370/1/3 3374/1/3 3373/1/3
f 3372/1/4 3376/1/4 3375/1/4 3371/1/4
f 3369/1/5 3373/1/5 3376/1/5 3372/1/5
f 3370/1/6 3371/1/6 3375/1/6 3374/1/6
f 3377/1/1 3380/1/1 3379/1/1 3378/1/1
f 3381/1/2 3382/1/2 3383/1/2 3384/1/2
f 3377/1/3 3378/1/3 3382/1/3 3381/1/3
f 3380/1/4 3384/1/4 3383/1/4 3379/1/4
f 3377/1/5 3381/1/5 3384/1/5 3380/1/5
f 3378/1/6 3379/1/6 3383/1/6 3382/1/6
f 3385/1/1 3388/1/1 3387/1/1 3386/1/1
f 3389/1/2 3390/1/2 3391/1/2 3392/1/2
f 3385/1/3 3386/1/3 3390/1/3 3389/1/3
f 3388/1/4 3392/1/4 3391/1/4 3387/1/4
f 3385/1/5 3389/1/5 3392/1/5 3388/1/5
f 3386/1/6 3387/1/6 3391/1/6 3390/1/6
f 3393/30/1 3396/30/1 3395/30/1 3394/30/1
f 3397/30/2 3398/30/2 3399/30/2 3400/30/2
f 3393/30/3 3394/30/3 3398/30/3 3397/30/3
f 3396/30/4 3400/30/4 3399/30/4 3395/30/4
f 3393/30/5 3397/30/5 3400/30/5 3396/30/5
f 3394/30/6 3395/30/6 3399/30/6 3398/30/6
f 3401/30/1 3404/30/1 3403/30/1 3402/30/1
f 3405/30/2 3406/30/2 3407/30/2 3408/30/2
f 3401/30/3 3402/30/3 3406/30/3 3405/30/3
f 3404/30/4 3408/30/4 3407/30/4 3403/30/4
f 3401/30/5 3405/30/5 3408/30/5 3404/30/5
f 3402/30/6 3403/30/6 3407/30/6 3406/30/6
f 3409/1/1 3412/1/1 3411/1/1 3410/1/1
f 3413/1/2 3414/1/2 3415/1/2 3416/1/2
f 3409/1/3 3410/1/3 3414/1/3 3413/1/3
f 3412/1/4 3416/1/4 3415/1/4 3411/1/4
f 3409/1/5 3413/1/5 3416/1/5 3412/1/5
f 3410/1/6 3411/1/6 3415/1/6 3414/1/6
f 3417/1/1 3420/1/1 3419/1/1 3418/1/1
f 3421/1/2 3422/1/2 3423/1/2 3424/1/2
f 3417/1/3 3418/1/3 3422/1/3 3421/1/3
f 3420/1/4 3424/1/4 3423/1/4 3419/1/4
f 3417/1/5 3421/1/5 3424/1/5 3420/1/5
f 3418/1/6 3419/1/6 3423/1/6 3422/1/6
f 3425/30/1 3428/30/1 3427/30/1 3426/30/1
f 3429/30/2 3430/30/2 3431/30/2 3432/30/2
f 3425/30/3 3426/30/3 3430/30/3 3429/30/3
f 3428/30/4 3432/30/4 3431/30/4 3427/30/4
f 3425/30/5 3429/30/5 3432/30/5 3428/30/5
f 3426/30/6 3427/30/6 3431/30/6 3430/30/6
f 3433/30/1 3436/30/1 3435/30/1 3434/30/1
f 3437/30/2 3438/30/2 3439/30/2 3440/30/2
f 3433/30/3 3434/30/3 3438/30/3 3437/30/3
f 3436/30/4 3440/30/4 3439/30/4 3435/30/4
f 3433/30/5 3437/30/5 3440/30/5 3436/30/5
f 3434/30/6 3435/30/6 3439/30/6 3438/30/6
f 3441/1/1 3444/1/1 3443/1/1 3442/1/1
f 3445/1/2 3446/1/2 3447/1/2 3448/1/2
f 3441/1/3 3442/1/3 3446/1/3 3445/1/3
f 3444/1/4 3448/1/4 3447/1/4 3443/1/4
f 3441/1/5 3445/1/5 3448/1/5 3444/1/5
f 3442/1/6 3443/1/6 3447/1/6 3446/1/6
f 3449/1/1 3452/1/1 3451/1/1 3450/1/1
f 3453/1/2 3454/1/2 3455/1/2 3456/1/2
f 3449/1/3 3450/1/3 3454/1/3 3453/1/3
f 3452/1/4 3456/1/4 3455/1/4 3451/1/4
f 3449/1/5 3453/1/5 3456/1/5 3452/1/5
f 3450/1/6 3451/1/6 3455/1/6 3454/1/6
f 3457/30/1 3460/30/1 3459/30/1 3458/30/1
f 3461/30/2 3462/30/2 3463/30/2 3464/30/2
f 3457/30/3 3458/30/3 3462/30/3 3461/30/3
f 3460/30/4 3464/30/4 3463/30/4 3459/30/4
f 3457/30/5 3461/30/5 3464/30/5 3460/30/5
f 3458/30/6 3459/30/6 3463/30/6 3462/30/6
f 3465/30/1 3468/30/1 3467/30/1 3466/30/1
f 3469/30/2 3470/30/2 3471/30/2 3472/30/2
f 3465/30/3 3466/30/3 3470/30/3 3469/30/3
f 3468/30/4 3472/30/4 3471/30/4 3467/30/4
f 3465/30/5 3469/30/5 3472/30/5 3468/30/5
f 3466/30/6 3467/30/6 3471/30/6 3470/30/6
f 3473/1/1 3476/1/1 3475/1/1 3474/1/1
f 3477/1/2 3478/1/2 3479/1/2 3480/1/2
f 3473/1/3 3474/1/3 3478/1/3 3477/1/3
f 3476/1/4 3480/1/4 3479/1/4 3475/1/4
f 3473/1/5 3477/1/5 3480/1/5 3476/1/5
f 3474/1/6 3475/1/6 3479/1/6 3478/1/6
f 3481/1/1 3484/1/1 3483/1/1 3482/1/1
f 3485/1/2 3486/1/2 3487/1/2 3488/1/2
f 3481/1/3 3482/1/3 3486/1/3 3485/1/3
f 3484/1/4 3488/1/4 3487/1/4 3483/1/4
f 3481/1/5 3485/1/5 3488/1/5 3484/1/5
f 3482/1/6 3483/1/6 3487/1/6 3486/1/6
f 3489/30/1 3492/30/1 3491/30/1 3490/30/1
f 3493/30/2 3494/30/2 3495/30/2 3496/30/2
f 3489/30/3 3490/30/3 3494/30/3 3493/30/3
f 3492/30/4 3496/30/4 3495/30/4 3491/30/4
f 3489/30/5 3493/30/5 3496/30/5 3492/30/5
f 3490/30/6 3491/30/6 3495/30/6 3494/30/6
f 3497/30/1 3500/30/1 3499/30/1 3498/30/1
f 3501/30/2 3502/30/2 3503/30/2 3504/30/2
f 3497/30/3 3498/30/3 3502/30/3 3501/30/3
f 3500/30/4 3504/30/4 3503/30/4 3499/30/4
f 3497/30/5 3501/30/5 3504/30/5 3500/30/5
f 3498/30/6 3499/30/6 3503/30/6 3502/30/6
f 3505/1/1 3508/1/1 3507/1/1 3506/1/1
f 3509/1/2 3510/1/2 3511/1/2 3512/1/2
f 3505/1/3 3506/1/3 3510/1/3 3509/1/3
f 3508/1/4 3512/1/4 3511/1/4 3507/1/4
f 3505/1/5 3509/1/5 3512/1/5 3508/1/5
f 3506/1/6 3507/1/6 3511/1/6 3510/1/6
f 3513/1/1 3516/1/1 3515/1/1 3514/1/1
f 3517/1/2 3518/1/2 3519/1/2 3520/1/2
f 3513/1/3 3514/1/3 3518/1/3 3517/1/3
f 3516/1/4 3520/1/4 3519/1/4 3515/1/4
f 3513/1/5 3517/1/5 3520/1/5 3516/1/5
f 3514/1/6 3515/1/6 3519/1/6 3518/1/6
f 3521/30/1 3524/30/1 3523/30/1 3522/30/1
f 3525/30/2 3526/30/2 3527/30/2 3528/30/2
f 3521/30/3 3522/30/3 3526/30/3 3525/30/3
f 3524/30/4 3528/30/4 3527/30/4 3523/30/4
f 3521/30/5 3525/30/5 3528/30/5 3524/30/5
f 3522/30/6 3523/30/6 3527/30/6 3526/30/6
f 3529/30/1 3532/30/1 3531/30/1 3530/30/1
f 3533/30/2 3534/30/2 3535/30/2 3536/30/2
f 3529/30/3 3530/30/3 3534/30/3 3533/30/3
f 3532/30/4 3536/30/4 3535/30/4 3531/30/4
f 3529/30/5 3533/30/5 3536/30/5 3532/30/5
f 3530/30/6 3531/30/6 3535/30/6 3534/30/6
f 3537/1/1 3540/1/1 3539/1/1 3538/1/1
f 3541/1/2 3542/1/2 3543/1/2 3544/1/2
f 3537/1/3 3538/1/3 3542/1/3 3541/1/3
f 3540/1/4 3544/1/4 3543/1/4 3539/1/4
f 3537/1/5 3541/1/5 3544/1/5 3540/1/5
f 3538/1/6 3539/1/6 3543/1/6 3542/1/6
f 3545/1/1 3548/1/1 3547/1/1 3546/1/1
f 3549/1/2 3550/1/2 3551/1/2 3552/1/2
f 3545/1/3 3546/1/3 3550/1/3 3549/1/3
f 3548/1/4 3552/1/4 3551/1/4 3547/1/4
f 3545/1/5 3549/1/5 3552/1/5 3548/1/5
f 3546/1/6 3547/1/6 3551/1/6 3550/1/6
f 3553/57/1 3556/57/1 3555/57/1 3554/57/1
f 3557/57/2 3558/57/2 3559/57/2 3560/57/2
f 3553/57/3 3554/57/3 3558/57/3 3557/57/3
f 3556/57/4 3560/57/4 3559/57/4 3555/57/4
f 3553/57/5 3557/57/5 3560/57/5 3556/57/5
f 3554/57/6 3555/57/6 3559/57/6 3558/57/6
f 3561/57/1 3564/57/1 3563/57/1 3562/57/1
f 3565/57/2 3566/57/2 3567/57/2 3568/57/2
f 3561/57/3 3562/57/3 3566/57/3 3565/57/3
f 3564/57/4 3568/57/4 3567/57/4 3563/57/4
f 3561/57/5 3565/57/5 3568/57/5 3564/57/5
f 3562/57/6 3563/57/6 3567/57/6 3566/57/6
f 3569/57/1 3572/57/1 3571/57/1 3570/57/1
f 3573/57/2 3574/57/2 3575/57/2 3576/57/2
f 3569/57/3 3570/57/3 3574/57/3 3573/57/3
f 3572/57/4 3576/57/4 3575/57/4 3571/57/4
f 3569/57/5 3573/57/5 3576/57/5 3572/57/5
f 3570/57/6 3571/57/6 3575/57/6 3574/57/6
f 3577/57/1 3580/57/1 3579/57/1 3578/57/1
f 3581/57/2 3582/57/2 3583/57/2 3584/57/2
f 3577/57/3 3578/57/3 3582/57/3 3581/57/3
f 3580/57/4 3584/57/4 3583/57/4 3579/57/4
f 3577/57/5 3581/57/5 3584/57/5 3580/57/5
f 3578/57/6 3579/57/6 3583/57/6 3582/57/6
f 3585/57/1 3588/57/1 3587/57/1 3586/57/1
f 3589/57/2 3590/57/2 3591/57/2 3592/57/2
f 3585/57/3 3586/57/3 3590/57/3 3589/57/3
f 3588/57/4 3592/57/4 3591/57/4 3587/57/4
f 3585/57/5 3589/57/5 3592/57/5 3588/57/5
f 3586/57/6 3587/57/6 3591/57/6 3590/57/6
f 3593/57/1 3596/57/1 3595/57/1 3594/57/1
f 3597/57/2 3598/57/2 3599/57/2 3600/57/2
f 3593/57/3 3594/57/3 3598/57/3 3597/57/3
f 3596/57/4 3600/57/4 3599/57/4 3595/57/4
f 3593/57/5 3597/57/5 3600/57/5 3596/57/5
f 3594/57/6 3595/57/6 3599/57/6 3598/57/6
f 3601/57/1 3604/57/1 3603/57/1 3602/57/1
f 3605/57/2 3606/57/2 3607/57/2 3608/57/2
f 3601/57/3 3602/57/3 3606/57/3 3605/57/3
f 3604/57/4 3608/57/4 3607/57/4 3603/57/4
f 3601/57/5 3605/57/5 3608/57/5 3604/57/5
f 3602/57/6 3603/57/6 3607/57/6 3606/57/6
f 3609/57/1 3612/57/1 3611/57/1 3610/57/1
f 3613/57/2 3614/57/2 3615/57/2 3616/57/2
f 3609/57/3 3610/57/3 3614/57/3 3613/57/3
f 3612/57/4 3616/57/4 3615/57/4 3611/57/4
f 3609/57/5 3613/57/5 3616/57/5 3612/57/5
f 3610/57/6 3611/57/6 3615/57/6 3614/57/6
f 3617/57/1 3620/57/1 3619/57/1 3618/57/1
f 3621/57/2 3622/57/2 3623/57/2 3624/57/2
f 3617/57/3 3618/57/3 3622/57/3 3621/57/3
f 3620/57/4 3624/57/4 3623/57/4 3619/57/4
f 3617/57/5 3621/57/5 3624/57/5 3620/57/5
f 3618/57/6 3619/57/6 3623/57/6 3622/57/6
f 3625/57/1 3628/57/1 3627/57/1 3626/57/1
f 3629/57/2 3630/57/2 3631/57/2 3632/57/2
f 3625/57/3 3626/57/3 3630/57/3 3629/57/3
f 3628/57/4 3632/57/4 3631/57/4 3627/57/4
f 3625/57/5 3629/57/5 3632/57/5 3628/57/5
f 3626/57/6 3627/57/6 3631/57/6 3630/57/6
f 3633/57/1 3636/57/1 3635/57/1 3634/57/1
f 3637/57/2 3638/57/2 3639/57/2 3640/57/2
f 3633/57/3 3634/57/3 3638/57/3 3637/57/3
f 3636/57/4 3640/57/4 3639/57/4 3635/57/4
f 3633/57/5 3637/57/5 3640/57/5 3636/57/5
f 3634/57/6 3635/57/6 3639/57/6 3638/57/6
f 3641/57/1 3644/57/1 3643/57/1 3642/57/1
f 3645/57/2 3646/57/2 3647/57/2 3648/57/2
f 3641/57/3 3642/57/3 3646/57/3 3645/57/3
f 3644/57/4 3648/57/4 3647/57/4 3643/57/4
f 3641/57/5 3645/57/5 3648/57/5 3644/57/5
f 3642/57/6 3643/57/6 3647/57/6 3646/57/6
f 3649/57/1 3652/57/1 3651/57/1 3650/57/1
f 3653/57/2 3654/57/2 3655/57/2 3656/57/2
f 3649/57/3 3650/57/3 3654/57/3 3653/57/3
f 3652/57/4 3656/57/4 3655/57/4 3651/57/4
f 3649/57/5 3653/57/5 3656/57/5 3652/57/5
f 3650/57/6 3651/57/6 3655/57/6 3654/57/6
f 3657/57/1 3660/57/1 3659/57/1 3658/57/1
f 3661/57/2 3662/57/2 3663/57/2 3664/57/2
f 3657/57/3 3658/57/3 3662/57/3 3661/57/3
f 3660/57/4 3664/57/4 3663/57/4 3659/57/4
f 3657/57/5 3661/57/5 3664/57/5 3660/57/5
f 3658/57/6 3659/57/6 3663/57/6 3662/57/6
f 3665/57/1 3668/57/1 3667/57/1 3666/57/1
f 3669/57/2 3670/57/2 3671/57/2 3672/57/2
f 3665/57/3 3666/57/3 3670/57/3 3669/57/3
f 3668/57/4 3672/57/4 3671/57/4 3667/57/4
f 3665/57/5 3669/57/5 3672/57/5 3668/57/5
f 3666/57/6 3667/57/6 3671/57/6 3670/57/6
f 3673/57/1 3676/57/1 3675/57/1 3674/57/1
f 3677/57/2 3678/57/2 3679/57/2 3680/57/2
f 3673/57/3 3674/57/3 3678/57/3 3677/57/3
f 3676/57/4 3680/57/4 3679/57/4 3675/57/4
f 3673/57/5 3677/57/5 3680/57/5 3676/57/5
f 3674/57/6 3675/57/6 3679/57/6 3678/57/6
f 3681/57/1 3684/57/1 3683/57/1 3682/57/1
f 3685/57/2 3686/57/2 3687/57/2 3688/57/2
f 3681/57/3 3682/57/3 3686/57/3 3685/57/3
f 3684/57/4 3688/57/4 3687/57/4 3683/57/4
f 3681/57/5 3685/57/5 3688/57/5 3684/57/5
f 3682/57/6 3683/57/6 3687/57/6 3686/57/6
f 3689/57/1 3692/57/1 3691/57/1 3690/57/1
f 3693/57/2 3694/57/2 3695/57/2 3696/57/2
f 3689/57/3 3690/57/3 3694/57/3 3693/57/3
f 3692/57/4 3696/57/4 3695/57/4 3691/57/4
f 3689/57/5 3693/57/5 3696/57/5 3692/57/5
f 3690/57/6 3691/57/6 3695/57/6 3694/57/6
f 3697/57/1 3700/57/1 3699/57/1 3698/57/1
f 3701/57/2 3702/57/2 3703/57/2 3704/57/2
f 3697/57/3 3698/57/3 3702/57/3 3701/57/3
f 3700/57/4 3704/57/4 3703/57/4 3699/57/4
f 3697/57/5 3701/57/5 3704/57/5 3700/57/5
f 3698/57/6 3699/57/6 3703/57/6 3702/57/6
f 3705/57/1 3708/57/1 3707/57/1 3706/57/1
f 3709/57/2 3710/57/2 3711/57/2 3712/57/2
f 3705/57/3 3706/57/3 3710/57/3 3709/57/3
f 3708/57/4 3712/57/4 3711/57/4 3707/57/4
f 3705/57/5 3709/57/5 3712/57/5 3708/57/5
f 3706/57/6 3707/57/6 3711/57/6 3710/57/6
f 3713/57/1 3716/57/1 3715/57/1 3714/57/1
f 3717/57/2 3718/57/2 3719/57/2 3720/57/2
f 3713/57/3 3714/57/3 3718/57/3 3717/57/3
f 3716/57/4 3720/57/4 3719/57/4 3715/57/4
f 3713/57/5 3717/57/5 3720/57/5 3716/57/5
f 3714/57/6 3715/57/6 3719/57/6 3718/57/6
f 3721/57/1 3724/57/1 3723/57/1 3722/57/1
f 3725/57/2 3726/57/2 3727/57/2 3728/57/2
f 3721/57/3 3722/57/3 3726/57/3 3725/57/3
f 3724/57/4 3728/57/4 3727/57/4 3723/57/4
f 3721/57/5 3725/57/5 3728/57/5 3724/57/5
f 3722/57/6 3723/57/6 3727/57/6 3726/57/6
f 3729/57/1 3732/57/1 3731/57/1 3730/57/1
f 3733/57/2 3734/57/2 3735/57/2 3736/57/2
f 3729/57/3 3730/57/3 3734/57/3 3733/57/3
f 3732/57/4 3736/57/4 3735/57/4 3731/57/4
f 3729/57/5 3733/57/5 3736/57/5 3732/57/5
f 3730/57/6 3731/57/6 3735/57/6 3734/57/6
f 3737/57/1 3740/57/1 3739/57/1 3738/57/1
f 3741/57/2 3742/57/2 3743/57/2 3744/57/2
f 3737/57/3 3738/57/3 3742/57/3 3741/57/3
f 3740/57/4 3744/57/4 3743/57/4 3739/57/4
f 3737/57/5 3741/57/5 3744/57/5 3740/57/5
f 3738/57/6 3739/57/6 3743/57/6 3742/57/6
f 3745/57/1 3748/57/1 3747/57/1 3746/57/1
f 3749/57/2 3750/57/2 3751/57/2 3752/57/2
f 3745/57/3 3746/57/3 3750/57/3 3749/57/3
f 3748/57/4 3752/57/4 3751/57/4 3747/57/4
f 3745/57/5 3749/57/5 3752/57/5 3748/57/5
f 3746/57/6 3747/57/6 3751/57/6 3750/57/6
f 3753/57/1 3756/57/1 3755/57/1 3754/57/1
f 3757/57/2 3758/57/2 3759/57/2 3760/57/2
f 3753/57/3 3754/57/3 3758/57/3 3757/57/3
f 3756/57/4 3760/57/4 3759/57/4 3755/57/4
f 3753/57/5 3757/57/5 3760/57/5 3756/57/5
f 3754/57/6 3755/57/6 3759/57/6 3758/57/6
f 3761/57/1 3764/57/1 3763/57/1 3762/57/1
f 3765/57/2 3766/57/2 3767/57/2 3768/57/2
f 3761/57/3 3762/57/3 3766/57/3 3765/57/3
f 3764/57/4 3768/57/4 3767/57/4 3763/57/4
f 3761/57/5 3765/57/5 3768/57/5 3764/57/5
f 3762/57/6 3763/57/6 3767/57/6 3766/57/6
f 3769/57/1 3772/57/1 3771/57/1 3770/57/1
f 3773/57/2 3774/57/2 3775/57/2 3776/57/2
f 3769/57/3 3770/57/3 3774/57/3 3773/57/3
f 3772/57/4 3776/57/4 3775/57/4 3771/57/4
f 3769/57/5 3773/57/5 3776/57/5 3772/57/5
f 3770/57/6 3771/57/6 3775/57/6 3774/57/6
f 3777/57/1 3780/57/1 3779/57/1 3778/57/1
f 3781/57/2 3782/57/2 3783/57/2 3784/57/2
f 3777/57/3 3778/57/3 3782/57/3 3781/57/3
f 3780/57/4 3784/57/4 3783/57/4 3779/57/4
f 3777/57/5 3781/57/5 3784/57/5 3780/57/5
f 3778/57/6 3779/57/6 3783/57/6 3782/57/6
f 3785/57/1 3788/57/1 3787/57/1 3786/57/1
f 3789/57/2 3790/57/2 3791/57/2 3792/57/2
f 3785/57/3 3786/57/3 3790/57/3 3789/57/3
f 3788/57/4 3792/57/4 3791/57/4 3787/57/4
f 3785/57/5 3789/57/5 3792/57/5 3788/57/5
f 3786/57/6 3787/57/6 3791/57/6 3790/57/6
f 3793/57/1 3796/57/1 3795/57/1 3794/57/1
f 3797/57/2 3798/57/2 3799/57/2 3800/57/2
f 3793/57/3 3794/57/3 3798/57/3 3797/57/3
f 3796/57/4 3800/57/4 3799/57/4 3795/57/4
f 3793/57/5 3797/57/5 3800/57/5 3796/57/5
f 3794/57/6 3795/57/6 3799/57/6 3798/57/6
f 3801/57/1 3804/57/1 3803/57/1 3802/57/1
f 3805/57/2 3806/57/2 3807/57/2 3808/57/2
f 3801/57/3 3802/57/3 3806/57/3 3805/57/3
f 3804/57/4 3808/57/4 3807/57/4 3803/57/4
f 3801/57/5 3805/57/5 3808/57/5 3804/57/5
f 3802/57/6 3803/57/6 3807/57/6 3806/57/6
f 3809/57/1 3812/57/1 3811/57/1 3810/57/1
f 3813/57/2 3814/57/2 3815/57/2 3816/57/2
f 3809/57/3 3810/57/3 3814/57/3 3813/57/3
f 3812/57/4 3816/57/4 3815/57/4 3811/57/4
f 3809/57/5 3813/57/5 3816/57/5 3812/57/5
f 3810/57/6 3811/57/6 3815/57/6 3814/57/6
f 3817/57/1 3820/57/1 3819/57/1 3818/57/1
f 3821/57/2 3822/57/2 3823/57/2 3824/57/2
f 3817/57/3 3818/57/3 3822/57/3 3821/57/3
f 3820/57/4 3824/57/4 3823/57/4 3819/57/4
f 3817/57/5 3821/57/5 3824/57/5 3820/57/5
f 3818/57/6 3819/57/6 3823/57/6 3822/57/6
f 3825/57/1 3828/57/1 3827/57/1 3826/57/1
f 3829/57/2 3830/57/2 3831/57/2 3832/57/2
f 3825/57/3 3826/57/3 3830/57/3 3829/57/3
f 3828/57/4 3832/57/4 3831/57/4 3827/57/4
f 3825/57/5 3829/57/5 3832/57/5 3828/57/5
f 3826/57/6 3827/57/6 3831/57/6 3830/57/6
f 3833/57/1 3836/57/1 3835/57/1 3834/57/1
f 3837/57/2 3838/57/2 3839/57/2 3840/57/2
f 3833/57/3 3834/57/3 3838/57/3 3837/57/3
f 3836/57/4 3840/57/4 3839/57/4 3835/57/4
f 3833/57/5 3837/57/5 3840/57/5 3836/57/5
f 3834/57/6 3835/57/6 3839/57/6 3838/57/6
f 3841/57/1 3844/57/1 3843/57/1 3842/57/1
f 3845/57/2 3846/57/2 3847/57/2 3848/57/2
f 3841/57/3 3842/57/3 3846/57/3 3845/57/3
f 3844/57/4 3848/57/4 3847/57/4 3843/57/4
f 3841/57/5 3845/57/5 3848/57/5 3844/57/5
f 3842/57/6 3843/57/6 3847/57/6 3846/57/6
f 3849/56/1 3852/56/1 3851/56/1 3850/56/1
f 3853/56/2 3854/56/2 3855/56/2 3856/56/2
f 3849/56/3 3850/56/3 3854/56/3 3853/56/3
f 3852/56/4 3856/56/4 3855/56/4 3851/56/4
f 3849/56/5 3853/56/5 3856/56/5 3852/56/5
f 3850/56/6 3851/56/6 3855/56/6 3854/56/6
f 3857/56/1 3860/56/1 3859/56/1 3858/56/1
f 3861/56/2 3862/56/2 3863/56/2 3864/56/2
f 3857/56/3 3858/56/3 3862/56/3 3861/56/3
f 3860/56/4 3864/56/4 3863/56/4 3859/56/4
f 3857/56/5 3861/56/5 3864/56/5 3860/56/5
f 3858/56/6 3859/56/6 3863/56/6 3862/56/6
f 3865/56/1 3868/56/1 3867/56/1 3866/56/1
f 3869/56/2 3870/56/2 3871/56/2 3872/56/2
f 3865/56/3 3866/56/3 3870/56/3 3869/56/3
f 3868/56/4 3872/56/4 3871/56/4 3867/56/4
f 3865/56/5 3869/56/5 3872/56/5 3868/56/5
f 3866/56/6 3867/56/6 3871/56/6 3870/56/6
f 3873/56/1 3876/56/1 3875/56/1 3874/56/1
f 3877/56/2 3878/56/2 3879/56/2 3880/56/2
f 3873/56/3 3874/56/3 3878/56/3 3877/56/3
f 3876/56/4 3880/56/4 3879/56/4 3875/56/4
f 3873/56/5 3877/56/5 3880/56/5 3876/56/5
f 3874/56/6 3875/56/6 3879/56/6 3878/56/6
f 3881/1/1 3884/1/1 3883/1/1 3882/1/1
f 3885/1/2 3886/1/2 3887/1/2 3888/1/2
f 3881/1/3 3882/1/3 3886/1/3 3885/1/3
f 3884/1/4 3888/1/4 3887/1/4 3883/1/4
f 3881/1/5 3885/1/5 3888/1/5 3884/1/5
f 3882/1/6 3883/1/6 3887/1/6 3886/1/6
f 3889/1/1 3892/1/1 3891/1/1 3890/1/1
f 3893/1/2 3894/1/2 3895/1/2 3896/1/2
f 3889/1/3 3890/1/3 3894/1/3 3893/1/3
f 3892/1/4 3896/1/4 3895/1/4 3891/1/4
f 3889/1/5 3893/1/5 3896/1/5 3892/1/5
f 3890/1/6 3891/1/6 3895/1/6 3894/1/6
f 3897/57/1 3900/57/1 3899/57/1 3898/57/1
f 3901/57/2 3902/57/2 3903/57/2 3904/57/2
f 3897/57/3 3898/57/3 3902/57/3 3901/57/3
f 3900/57/4 3904/57/4 3903/57/4 3899/57/4
f 3897/57/5 3901/57/5 3904/57/5 3900/57/5
f 3898/57/6 3899/57/6 3903/57/6 3902/57/6
f 3905/57/1 3908/57/1 3907/57/1 3906/57/1
f 3909/57/2 3910/57/2 3911/57/2 3912/57/2
f 3905/57/3 3906/57/3 3910/57/3 3909/57/3
f 3908/57/4 3912/57/4 3911/57/4 3907/57/4
f 3905/57/5 3909/57/5 3912/57/5 3908/57/5
f 3906/57/6 3907/57/6 3911/57/6 3910/57/6
f 3913/57/1 3916/57/1 3915/57/1 3914/57/1
f 3917/57/2 3918/57/2 3919/57/2 3920/57/2
f 3913/57/3 3914/57/3 3918/57/3 3917/57/3
f 3916/57/4 3920/57/4 3919/57/4 3915/57/4
f 3913/57/5 3917/57/5 3920/57/5 3916/57/5
f 3914/57/6 3915/57/6 3919/57/6 3918/57/6
f 3921/57/1 3924/57/1 3923/57/1 3922/57/1
f 3925/57/2 3926/57/2 3927/57/2 3928/57/2
f 3921/57/3 3922/57/3 3926/57/3 3925/57/3
f 3924/57/4 3928/57/4 3927/57/4 3923/57/4
f 3921/57/5 3925/57/5 3928/57/5 3924/57/5
f 3922/57/6 3923/57/6 3927/57/6 3926/57/6
f 3929/57/1 3932/57/1 3931/57/1 3930/57/1
f 3933/57/2 3934/57/2 3935/57/2 3936/57/2
f 3929/57/3 3930/57/3 3934/57/3 3933/57/3
f 3932/57/4 3936/57/4 3935/57/4 3931/57/4
f 3929/57/5 3933/57/5 3936/57/5 3932/57/5
f 3930/57/6 3931/57/6 3935/57/6 3934/57/6
f 3937/57/1 3940/57/1 3939/57/1 3938/57/1
f 3941/57/2 3942/57/2 3943/57/2 3944/57/2
f 3937/57/3 3938/57/3 3942/57/3 3941/57/3
f 3940/57/4 3944/57/4 3943/57/4 3939/57/4
f 3937/57/5 3941/57/5 3944/57/5 3940/57/5
f 3938/57/6 3939/57/6 3943/57/6 3942/57/6
f 3945/57/1 3948/57/1 3947/57/1 3946/57/1
f 3949/57/2 3950/57/2 3951/57/2 3952/57/2
f 3945/57/3 3946/57/3 3950/57/3 3949/57/3
f 3948/57/4 3952/57/4 3951/57/4 3947/57/4
f 3945/57/5 3949/57/5 3952/57/5 3948/57/5
f 3946/57/6 3947/57/6 3951/57/6 3950/57/6
f 3953/57/1 3956/57/1 3955/57/1 3954/57/1
f 3957/57/2 3958/57/2 3959/57/2 3960/57/2
f 3953/57/3 3954/57/3 3958/57/3 3957/57/3
f 3956/57/4 3960/57/4 3959/57/4 3955/57/4
f 3953/57/5 3957/57/5 3960/57/5 3956/57/5
f 3954/57/6 3955/57/6 3959/57/6 3958/57/6
f 3961/57/1 3964/57/1 3963/57/1 3962/57/1
f 3965/57/2 3966/57/2 3967/57/2 3968/57/2
f 3961/57/3 3962/57/3 3966/57/3 3965/57/3
f 3964/57/4 3968/57/4 3967/57/4 3963/57/4
f 3961/57/5 3965/57/5 3968/57/5 3964/57/5
f 3962/57/6 3963/57/6 3967/57/6 3966/57/6
f 3969/57/1 3972/57/1 3971/57/1 3970/57/1
f 3973/57/2 3974/57/2 3975/57/2 3976/57/2
f 3969/57/3 3970/57/3 3974/57/3 3973/57/3
f 3972/57/4 3976/57/4 3975/57/4 3971/57/4
f 3969/57/5 3973/57/5 3976/57/5 3972/57/5
f 3970/57/6 3971/57/6 3975/57/6 3974/57/6
f 3977/57/1 3980/57/1 3979/57/1 3978/57/1
f 3981/57/2 3982/57/2 3983/57/2 3984/57/2
f 3977/57/3 3978/57/3 3982/57/3 3981/57/3
f 3980/57/4 3984/57/4 3983/57/4 3979/57/4
f 3977/57/5 3981/57/5 3984/57/5 3980/57/5
f 3978/57/6 3979/57/6 3983/57/6 3982/57/6
f 3985/57/1 3988/57/1 3987/57/1 3986/57/1
f 3989/57/2 3990/57/2 3991/57/2 3992/57/2
f 3985/57/3 3986/57/3 3990/57/3 3989/57/3
f 3988/57/4 3992/57/4 3991/57/4 3987/57/4
f 3985/57/5 3989/57/5 3992/57/5 3988/57/5
f 3986/57/6 3987/57/6 3991/57/6 3990/57/6
f 3993/57/1 3996/57/1 3995/57/1 3994/57/1
f 3997/57/2 3998/57/2 3999/57/2 4000/57/2
f 3993/57/3 3994/57/3 3998/57/3 3997/57/3
f 3996/57/4 4000/57/4 3999/57/4 3995/57/4
f 3993/57/5 3997/57/5 4000/57/5 3996/57/5
f 3994/57/6 3995/57/6 3999/57/6 3998/57/6
f 4001/57/1 4004/57/1 4003/57/1 4002/57/1
f 4005/57/2 4006/57/2 4007/57/2 4008/57/2
f 4001/57/3 4002/57/3 4006/57/3 4005/57/3
f 4004/57/4 4008/57/4 4007/57/4 4003/57/4
f 4001/57/5 4005/57/5 4008/57/5 4004/57/5
f 4002/57/6 4003/57/6 4007/57/6 4006/57/6
f 4009/56/1 4012/56/1 4011/56/1 4010/56/1
f 4013/56/2 4014/56/2 4015/56/2 4016/56/2
f 4009/56/3 4010/56/3 4014/56/3 4013/56/3
f 4012/56/4 4016/56/4 4015/56/4 4011/56/4
f 4009/56/5 4013/56/5 4016/56/5 4012/56/5
f 4010/56/6 4011/56/6 4015/56/6 4014/56/6
f 4017/56/1 4020/56/1 4019/56/1 4018/56/1
f 4021/56/2 4022/56/2 4023/56/2 4024/56/2
f 4017/56/3 4018/56/3 4022/56/3 4021/56/3
f 4020/56/4 4024/56/4 4023/56/4 4019/56/4
f 4017/56/5 4021/56/5 4024/56/5 4020/56/5
f 4018/56/6 4019/56/6 4023/56/6 4022/56/6
f 4025/56/1 4028/56/1 4027/56/1 4026/56/1
f 4029/56/2 4030/56/2 4031/56/2 4032/56/2
f 4025/56/3 4026/56/3 4030/56/3 4029/56/3
f 4028/56/4 4032/56/4 4031/56/4 4027/56/4
f 4025/56/5 4029/56/5 4032/56/5 4028/56/5
f 4026/56/6 4027/56/6 4031/56/6 4030/56/6
f 4033/56/1 4036/56/1 4035/56/1 4034/56/1
f 4037/56/2 4038/56/2 4039/56/2 4040/56/2
f 4033/56/3 4034/56/3 4038/56/3 4037/56/3
f 4036/56/4 4040/56/4 4039/56/4 4035/56/4
f 4033/56/5 4037/56/5 4040/56/5 4036/56/5
f 4034/56/6 4035/56/6 4039/56/6 4038/56/6
f 4041/56/1 4044/56/1 4043/56/1 4042/56/1
f 4045/56/2 4046/56/2 4047/56/2 4048/56/2
f 4041/56/3 4042/56/3 4046/56/3 4045/56/3
f 4044/56/4 4048/56/4 4047/56/4 4043/56/4
f 4041/56/5 4045/56/5 4048/56/5 4044/56/5
f 4042/56/6 4043/56/6 4047/56/6 4046/56/6
f 4049/56/1 4052/56/1 4051/56/1 4050/56/1
f 4053/56/2 4054/56/2 4055/56/2 4056/56/2
f 4049/56/3 4050/56/3 4054/56/3 4053/56/3
f 4052/56/4 4056/56/4 4055/56/4 4051/56/4
f 4049/56/5 4053/56/5 4056/56/5 4052/56/5
f 4050/56/6 4051/56/6 4055/56/6 4054/56/6
f 4057/56/1 4060/56/1 4059/56/1 4058/56/1
f 4061/56/2 4062/56/2 4063/56/2 4064/56/2
f 4057/56/3 4058/56/3 4062/56/3 4061/56/3
f 4060/56/4 4064/56/4 4063/56/4 4059/56/4
f 4057/56/5 4061/56/5 4064/56/5 4060/56/5
f 4058/56/6 4059/56/6 4063/56/6 4062/56/6
f 4065/56/1 4068/56/1 4067/56/1 4066/56/1
f 4069/56/2 4070/56/2 4071/56/2 4072/56/2
f 4065/56/3 4066/56/3 4070/56/3 4069/56/3
f 4068/56/4 4072/56/4 4071/56/4 4067/56/4
f 4065/56/5 4069/56/5 4072/56/5 4068/56/5
f 4066/56/6 4067/56/6 4071/56/6 4070/56/6
f 4073/56/1 4076/56/1 4075/56/1 4074/56/1
f 4077/56/2 4078/56/2 4079/56/2 4080/56/2
f 4073/56/3 4074/56/3 4078/56/3 4077/56/3
f 4076/56/4 4080/56/4 4079/56/4 4075/56/4
f 4073/56/5 4077/56/5 4080/56/5 4076/56/5
f 4074/56/6 4075/56/6 4079/56/6 4078/56/6
f 4081/56/1 4084/56/1 4083/56/1 4082/56/1
f 4085/56/2 4086/56/2 4087/56/2 4088/56/2
f 4081/56/3 4082/56/3 4086/56/3 4085/56/3
f 4084/56/4 4088/56/4 4087/56/4 4083/56/4
f 4081/56/5 4085/56/5 4088/56/5 4084/56/5
f 4082/56/6 4083/56/6 4087/56/6 4086/56/6
f 4089/56/1 4092/56/1 4091/56/1 4090/56/1
f 4093/56/2 4094/56/2 4095/56/2 4096/56/2
f 4089/56/3 4090/56/3 4094/56/3 4093/56/3
f 4092/56/4 4096/56/4 4095/56/4 4091/56/4
f 4089/56/5 4093/56/5 4096/56/5 4092/56/5
f 4090/56/6 4091/56/6 4095/56/6 4094/56/6
f 4097/56/1 4100/56/1 4099/56/1 4098/56/1
f 4101/56/2 4102/56/2 4103/56/2 4104/56/2
f 4097/56/3 4098/56/3 4102/56/3 4101/56/3
f 4100/56/4 4104/56/4 4103/56/4 4099/56/4
f 4097/56/5 4101/56/5 4104/56/5 4100/56/5
f 4098/56/6 4099/56/6 4103/56/6 4102/56/6
f 4105/56/1 4108/56/1 4107/56/1 4106/56/1
f 4109/56/2 4110/56/2 4111/56/2 4112/56/2
f 4105/56/3 4106/56/3 4110/56/3 4109/56/3
f 4108/56/4 4112/56/4 4111/56/4 4107/56/4
f 4105/56/5 4109/56/5 4112/56/5 4108/56/5
f 4106/56/6 4107/56/6 4111/56/6 4110/56/6
f 4113/56/1 4116/56/1 4115/56/1 4114/56/1
f 4117/56/2 4118/56/2 4119/56/2 4120/56/2
f 4113/56/3 4114/56/3 4118/56/3 4117/56/3
f 4116/56/4 4120/56/4 4119/56/4 4115/56/4
f 4113/56/5 4117/56/5 4120/56/5 4116/56/5
f 4114/56/6 4115/56/6 4119/56/6 4118/56/6
f 4121/56/1 4124/56/1 4123/56/1 4122/56/1
f 4125/56/2 4126/56/2 4127/56/2 4128/56/2
f 4121/56/3 4122/56/3 4126/56/3 4125/56/3
f 4124/56/4 4128/56/4 4127/56/4 4123/56/4
f 4121/56/5 4125/56/5 4128/56/5 4124/56/5
f 4122/56/6 4123/56/6 4127/56/6 4126/56/6
f 4129/56/1 4132/56/1 4131/56/1 4130/56/1
f 4133/56/2 4134/56/2 4135/56/2 4136/56/2
f 4129/56/3 4130/56/3 4134/56/3 4133/56/3
f 4132/56/4 4136/56/4 4135/56/4 4131/56/4
f 4129/56/5 4133/56/5 4136/56/5 4132/56/5
f 4130/56/6 4131/56/6 4135/56/6 4134/56/6
f 4137/56/1 4140/56/1 4139/56/1 4138/56/1
f 4141/56/2 4142/56/2 4143/56/2 4144/56/2
f 4137/56/3 4138/56/3 4142/56/3 4141/56/3
f 4140/56/4 4144/56/4 4143/56/4 4139/56/4
f 4137/56/5 4141/56/5 4144/56/5 4140/56/5
f 4138/56/6 4139/56/6 4143/56/6 4142/56/6
f 4145/56/1 4148/56/1 4147/56/1 4146/56/1
f 4149/56/2 4150/56/2 4151/56/2 4152/56/2
f 4145/56/3 4146/56/3 4150/56/3 4149/56/3
f 4148/56/4 4152/56/4 4151/56/4 4147/56/4
f 4145/56/5 4149/56/5 4152/56/5 4148/56/5
f 4146/56/6 4147/56/6 4151/56/6 4150/56/6
f 4153/1/1 4156/1/1 4155/1/1 4154/1/1
f 4157/1/2 4158/1/2 4159/1/2 4160/1/2
f 4153/1/3 4154/1/3 4158/1/3 4157/1/3
f 4156/1/4 4160/1/4 4159/1/4 4155/1/4
f 4153/1/5 4157/1/5 4160/1/5 4156/1/5
f 4154/1/6 4155/1/6 4159/1/6 4158/1/6
f 4161/1/1 4164/1/1 4163/1/1 4162/1/1
f 4165/1/2 4166/1/2 4167/1/2 4168/1/2
f 4161/1/3 4162/1/3 4166/1/3 4165/1/3
f 4164/1/4 4168/1/4 4167/1/4 4163/1/4
f 4161/1/5 4165/1/5 4168/1/5 4164/1/5
f 4162/1/6 4163/1/6 4167/1/6 4166/1/6
f 4169/57/1 4172/57/1 4171/57/1 4170/57/1
f 4173/57/2 4174/57/2 4175/57/2 4176/57/2
f 4169/57/3 4170/57/3 4174/57/3 4173/57/3
f 4172/57/4 4176/57/4 4175/57/4 4171/57/4
f 4169/57/5 4173/57/5 4176/57/5 4172/57/5
f 4170/57/6 4171/57/6 4175/57/6 4174/57/6
f 4177/57/1 4180/57/1 4179/57/1 4178/57/1
f 4181/57/2 4182/57/2 4183/57/2 4184/57/2
f 4177/57/3 4178/57/3 4182/57/3 4181/57/3
f 4180/57/4 4184/57/4 4183/57/4 4179/57/4
f 4177/57/5 4181/57/5 4184/57/5 4180/57/5
f 4178/57/6 4179/57/6 4183/57/6 4182/57/6
f 4185/57/1 4188/57/1 4187/57/1 4186/57/1
f 4189/57/2 4190/57/2 4191/57/2 4192/57/2
f 4185/57/3 4186/57/3 4190/57/3 4189/57/3
f 4188/57/4 4192/57/4 4191/57/4 4187/57/4
f 4185/57/5 4189/57/5 4192/57/5 4188/57/5
f 4186/57/6 4187/57/6 4191/57/6 4190/57/6
f 4193/57/1 4196/57/1 4195/57/1 4194/57/1
f 4197/57/2 4198/57/2 4199/57/2 4200/57/2
f 4193/57/3 4194/57/3 4198/57/3 4197/57/3
f 4196/57/4 4200/57/4 4199/57/4 4195/57/4
f 4193/57/5 4197/57/5 4200/57/5 4196/57/5
f 4194/57/6 4195/57/6 4199/57/6 4198/57/6
f 4201/57/1 4204/57/1 4203/57/1 4202/57/1
f 4205/57/2 4206/57/2 4207/57/2 4208/57/2
f 4201/57/3 4202/57/3 4206/57/3 4205/57/3
f 4204/57/4 4208/57/4 4207/57/4 4203/57/4
f 4201/57/5 4205/57/5 4208/57/5 4204/57/5
f 4202/57/6 4203/57/6 4207/57/6 4206/57/6
f 4209/57/1 4212/57/1 4211/57/1 4210/57/1
f 4213/57/2 4214/57/2 4215/57/2 4216/57/2
f 4209/57/3 4210/57/3 4214/57/3 4213/57/3
f 4212/57/4 4216/57/4 4215/57/4 4211/57/4
f 4209/57/5 4213/57/5 4216/57/5 4212/57/5
f 4210/57/6 4211/57/6 4215/57/6 4214/57/6
f 4217/57/1 4220/57/1 4219/57/1 4218/57/1
f 4221/57/2 4222/57/2 4223/57/2 4224/57/2
f 4217/57/3 4218/57/3 4222/57/3 4221/57/3
f 4220/57/4 4224/57/4 4223/57/4 4219/57/4
f 4217/57/5 4221/57/5 4224/57/5 4220/57/5
f 4218/57/6 4219/57/6 4223/57/6 4222/57/6
f 4225/57/1 4228/57/1 4227/57/1 4226/57/1
f 4229/57/2 4230/57/2 4231/57/2 4232/57/2
f 4225/57/3 4226/57/3 4230/57/3 4229/57/3
f 4228/57/4 4232/57/4 4231/57/4 4227/57/4
f 4225/57/5 4229/57/5 4232/57/5 4228/57/5
f 4226/57/6 4227/57/6 4231/57/6 4230/57/6
f 4233/57/1 4236/57/1 4235/57/1 4234/57/1
f 4237/57/2 4238/57/2 4239/57/2 4240/57/2
f 4233/57/3 4234/57/3 4238/57/3 4237/57/3
f 4236/57/4 4240/57/4 4239/57/4 4235/57/4
f 4233/57/5 4237/57/5 4240/57/5 4236/57/5
f 4234/57/6 4235/57/6 4239/57/6 4238/57/6
f 4241/57/1 4244/57/1 4243/57/1 4242/57/1
f 4245/57/2 4246/57/2 4247/57/2 4248/57/2
f 4241/57/3 4242/57/3 4246/57/3 4245/57/3
f 4244/57/4 4248/57/4 4247/57/4 4243/57/4
f 4241/57/5 4245/57/5 4248/57/5 4244/57/5
f 4242/57/6 4243/57/6 4247/57/6 4246/57/6
f 4249/57/1 4252/57/1 4251/57/1 4250/57/1
f 4253/57/2 4254/57/2 4255/57/2 4256/57/2
f 4249/57/3 4250/57/3 4254/57/3 4253/57/3
f 4252/57/4 4256/57/4 4255/57/4 4251/57/4
f 4249/57/5 4253/57/5 4256/57/5 4252/57/5
f 4250/57/6 4251/57/6 4255/57/6 4254/57/6
f 4257/57/1 4260/57/1 4259/57/1 4258/57/1
f 4261/57/2 4262/57/2 4263/57/2 4264/57/2
f 4257/57/3 4258/57/3 4262/57/3 4261/57/3
f 4260/57/4 4264/57/4 4263/57/4 4259/57/4
f 4257/57/5 4261/57/5 4264/57/5 4260/57/5
f 4258/57/6 4259/57/6 4263/57/6 4262/57/6
f 4265/57/1 4268/57/1 4267/57/1 4266/57/1
f 4269/57/2 4270/57/2 4271/57/2 4272/57/2
f 4265/57/3 4266/57/3 4270/57/3 4269/57/3
f 4268/57/4 4272/57/4 4271/57/4 4267/57/4
f 4265/57/5 4269/57/5 4272/57/5 4268/57/5
f 4266/57/6 4267/57/6 4271/57/6 4270/57/6
f 4273/56/1 4276/56/1 4275/56/1 4274/56/1
f 4277/56/2 4278/56/2 4279/56/2 4280/56/2
f 4273/56/3 4274/56/3 4278/56/3 4277/56/3
f 4276/56/4 4280/56/4 4279/56/4 4275/56/4
f 4273/56/5 4277/56/5 4280/56/5 4276/56/5
f 4274/56/6 4275/56/6 4279/56/6 4278/56/6
f 4281/56/1 4284/56/1 4283/56/1 4282/56/1
f 4285/56/2 4286/56/2 4287/56/2 4288/56/2
f 4281/56/3 4282/56/3 4286/56/3 4285/56/3
f 4284/56/4 4288/56/4 4287/56/4 4283/56/4
f 4281/56/5 4285/56/5 4288/56/5 4284/56/5
f 4282/56/6 4283/56/6 4287/56/6 4286/56/6
f 4289/56/1 4292/56/1 4291/56/1 4290/56/1
f 4293/56/2 4294/56/2 4295/56/2 4296/56/2
f 4289/56/3 4290/56/3 4294/56/3 4293/56/3
f 4292/56/4 4296/56/4 4295/56/4 4291/56/4
f 4289/56/5 4293/56/5 4296/56/5 4292/56/5
f 4290/56/6 4291/56/6 4295/56/6 4294/56/6
f 4297/56/1 4300/56/1 4299/56/1 4298/56/1
f 4301/56/2 4302/56/2 4303/56/2 4304/56/2
f 4297/56/3 4298/56/3 4302/56/3 4301/56/3
f 4300/56/4 4304/56/4 4303/56/4 4299/56/4
f 4297/56/5 4301/56/5 4304/56/5 4300/56/5
f 4298/56/6 4299/56/6 4303/56/6 4302/56/6
f 4305/1/1 4308/1/1 4307/1/1 4306/1/1
f 4309/1/2 4310/1/2 4311/1/2 4312/1/2
f 4305/1/3 4306/1/3 4310/1/3 4309/1/3
f 4308/1/4 4312/1/4 4311/1/4 4307/1/4
f 4305/1/5 4309/1/5 4312/1/5 4308/1/5
f 4306/1/6 4307/1/6 4311/1/6 4310/1/6
f 4313/1/1 4316/1/1 4315/1/1 4314/1/1
f 4317/1/2 4318/1/2 4319/1/2 4320/1/2
f 4313/1/3 4314/1/3 4318/1/3 4317/1/3
f 4316/1/4 4320/1/4 4319/1/4 4315/1/4
f 4313/1/5 4317/1/5 4320/1/5 4316/1/5
f 4314/1/6 4315/1/6 4319/1/6 4318/1/6
f 4321/1/1 4324/1/1 4323/1/1 4322/1/1
f 4325/1/2 4326/1/2 4327/1/2 4328/1/2
f 4321/1/3 4322/1/3 4326/1/3 4325/1/3
f 4324/1/4 4328/1/4 4327/1/4 4323/1/4
f 4321/1/5 4325/1/5 4328/1/5 4324/1/5
f 4322/1/6 4323/1/6 4327/1/6 4326/1/6
f 4329/1/1 4332/1/1 4331/1/1 4330/1/1
f 4333/1/2 4334/1/2 4335/1/2 4336/1/2
f 4329/1/3 4330/1/3 4334/1/3 4333/1/3
f 4332/1/4 4336/1/4 4335/1/4 4331/1/4
f 4329/1/5 4333/1/5 4336/1/5 4332/1/5
f 4330/1/6 4331/1/6 4335/1/6 4334/1/6
f 4337/56/1 4340/56/1 4339/56/1 4338/56/1
f 4341/56/2 4342/56/2 4343/56/2 4344/56/2
f 4337/56/3 4338/56/3 4342/56/3 4341/56/3
f 4340/56/4 4344/56/4 4343/56/4 4339/56/4
f 4337/56/5 4341/56/5 4344/56/5 4340/56/5
f 4338/56/6 4339/56/6 4343/56/6 4342/56/6
f 4345/56/1 4348/56/1 4347/56/1 4346/56/1
f 4349/56/2 4350/56/2 4351/56/2 4352/56/2
f 4345/56/3 4346/56/3 4350/56/3 4349/56/3
f 4348/56/4 4352/56/4 4351/56/4 4347/56/4
f 4345/56/5 4349/56/5 4352/56/5 4348/56/5
f 4346/56/6 4347/56/6 4351/56/6 4350/56/6
f 4353/56/1 4356/56/1 4355/56/1 4354/56/1
f 4357/56/2 4358/56/2 4359/56/2 4360/56/2
f 4353/56/3 4354/56/3 4358/56/3 4357/56/3
f 4356/56/4 4360/56/4 4359/56/4 4355/56/4
f 4353/56/5 4357/56/5 4360/56/5 4356/56/5
f 4354/56/6 4355/56/6 4359/56/6 4358/56/6
f 4361/56/1 4364/56/1 4363/56/1 4362/56/1
f 4365/56/2 4366/56/2 4367/56/2 4368/56/2
f 4361/56/3 4362/56/3 4366/56/3 4365/56/3
f 4364/56/4 4368/56/4 4367/56/4 4363/56/4
f 4361/56/5 4365/56/5 4368/56/5 4364/56/5
f 4362/56/6 4363/56/6 4367/56/6 4366/56/6
f 4369/56/1 4372/56/1 4371/56/1 4370/56/1
f 4373/56/2 4374/56/2 4375/56/2 4376/56/2
f 4369/56/3 4370/56/3 4374/56/3 4373/56/3
f 4372/56/4 4376/56/4 4375/56/4 4371/56/4
f 4369/56/5 4373/56/5 4376/56/5 4372/56/5
f 4370/56/6 4371/56/6 4375/56/6 4374/56/6
f 4377/56/1 4380/56/1 4379/56/1 4378/56/1
f 4381/56/2 4382/56/2 4383/56/2 4384/56/2
f 4377/56/3 4378/56/3 4382/56/3 4381/56/3
f 4380/56/4 4384/56/4 4383/56/4 4379/56/4
f 4377/56/5 4381/56/5 4384/56/5 4380/56/5
f 4378/56/6 4379/56/6 4383/56/6 4382/56/6
f 4385/57/1 4388/57/1 4387/57/1 4386/57/1
f 4389/57/2 4390/57/2 4391/57/2 4392/57/2
f 4385/57/3 4386/57/3 4390/57/3 4389/57/3
f 4388/57/4 4392/57/4 4391/57/4 4387/57/4
f 4385/57/5 4389/57/5 4392/57/5 4388/57/5
f 4386/57/6 4387/57/6 4391/57/6 4390/57/6
f 4393/57/1 4396/57/1 4395/57/1 4394/57/1
f 4397/57/2 4398/57/2 4399/57/2 4400/57/2
f 4393/57/3 4394/57/3 4398/57/3 4397/57/3
f 4396/57/4 4400/57/4 4399/57/4 4395/57/4
f 4393/57/5 4397/57/5 4400/57/5 4396/57/5
f 4394/57/6 4395/57/6 4399/57/6 4398/57/6
f 4401/57/1 4404/57/1 4403/57/1 4402/57/1
f 4405/57/2 4406/57/2 4407/57/2 4408/57/2
f 4401/57/3 4402/57/3 4406/57/3 4405/57/3
f 4404/57/4 4408/57/4 4407/57/4 4403/57/4
f 4401/57/5 4405/57/5 4408/57/5 4404/57/5
f 4402/57/6 4403/57/6 4407/57/6 4406/57/6
f 4409/57/1 4412/57/1 4411/57/1 4410/57/1
f 4413/57/2 4414/57/2 4415/57/2 4416/57/2
f 4409/57/3 4410/57/3 4414/57/3 4413/57/3
f 4412/57/4 4416/57/4 4415/57/4 4411/57/4
f 4409/57/5 4413/57/5 4416/57/5 4412/57/5
f 4410/57/6 4411/57/6 4415/57/6 4414/57/6
f 4417/57/1 4420/57/1 4419/57/1 4418/57/1
f 4421/57/2 4422/57/2 4423/57/2 4424/57/2
f 4417/57/3 4418/57/3 4422/57/3 4421/57/3
f 4420/57/4 4424/57/4 4423/57/4 4419/57/4
f 4417/57/5 4421/57/5 4424/57/5 4420/57/5
f 4418/57/6 4419/57/6 4423/57/6 4422/57/6
f 4425/57/1 4428/57/1 4427/57/1 4426/57/1
f 4429/57/2 4430/57/2 4431/57/2 4432/57/2
f 4425/57/3 4426/57/3 4430/57/3 4429/57/3
f 4428/57/4 4432/57/4 4431/57/4 4427/57/4
f 4425/57/5 4429/57/5 4432/57/5 4428/57/5
f 4426/57/6 4427/57/6 4431/57/6 4430/57/6
f 4433/57/1 4436/57/1 4435/57/1 4434/57/1
f 4437/57/2 4438/57/2 4439/57/2 4440/57/2
f 4433/57/3 4434/57/3 4438/57/3 4437/57/3
f 4436/57/4 4440/57/4 4439/57/4 4435/57/4
f 4433/57/5 4437/57/5 4440/57/5 4436/57/5
f 4434/57/6 4435/57/6 4439/57/6 4438/57/6
f 4441/57/1 4444/57/1 4443/57/1 4442/57/1
f 4445/57/2 4446/57/2 4447/57/2 4448/57/2
f 4441/57/3 4442/57/3 4446/57/3 4445/57/3
f 4444/57/4 4448/57/4 4447/57/4 4443/57/4
f 4441/57/5 4445/57/5 4448/57/5 4444/57/5
f 4442/57/6 4443/57/6 4447/57/6 4446/57/6
f 4449/57/1 4452/57/1 4451/57/1 4450/57/1
f 4453/57/2 4454/57/2 4455/57/2 4456/57/2
f 4449/57/3 4450/57/3 4454/57/3 4453/57/3
f 4452/57/4 4456/57/4 4455/57/4 4451/57/4
f 4449/57/5 4453/57/5 4456/57/5 4452/57/5
f 4450/57/6 4451/57/6 4455/57/6 4454/57/6
f 4457/57/1 4460/57/1 4459/57/1 4458/57/1
f 4461/57/2 4462/57/2 4463/57/2 4464/57/2
f 4457/57/3 4458/57/3 4462/57/3 4461/57/3
f 4460/57/4 4464/57/4 4463/57/4 4459/57/4
f 4457/57/5 4461/57/5 4464/57/5 4460/57/5
f 4458/57/6 4459/57/6 4463/57/6 4462/57/6
f 4465/1/1 4468/1/1 4467/1/1 4466/1/1
f 4469/1/2 4470/1/2 4471/1/2 4472/1/2
f 4465/1/3 4466/1/3 4470/1/3 4469/1/3
f 4468/1/4 4472/1/4 4471/1/4 4467/1/4
f 4465/1/5 4469/1/5 4472/1/5 4468/1/5
f 4466/1/6 4467/1/6 4471/1/6 4470/1/6
f 4473/1/1 4476/1/1 4475/1/1 4474/1/1
f 4477/1/2 4478/1/2 4479/1/2 4480/1/2
f 4473/1/3 4474/1/3 4478/1/3 4477/1/3
f 4476/1/4 4480/1/4 4479/1/4 4475/1/4
f 4473/1/5 4477/1/5 4480/1/5 4476/1/5
f 4474/1/6 4475/1/6 4479/1/6 4478/1/6
f 4481/1/1 4484/1/1 4483/1/1 4482/1/1
f 4485/1/2 4486/1/2 4487/1/2 4488/1/2
f 4481/1/3 4482/1/3 4486/1/3 4485/1/3
f 4484/1/4 4488/1/4 4487/1/4 4483/1/4
f 4481/1/5 4485/1/5 4488/1/5 4484/1/5
f 4482/1/6 4483/1/6 4487/1/6 4486/1/6
f 4489/1/1 4492/1/1 4491/1/1 4490/1/1
f 4493/1/2 4494/1/2 4495/1/2 4496/1/2
f 4489/1/3 4490/1/3 4494/1/3 4493/1/3
f 4492/1/4 4496/1/4 4495/1/4 4491/1/4
f 4489/1/5 4493/1/5 4496/1/5 4492/1/5
f 4490/1/6 4491/1/6 4495/1/6 4494/1/6
f 4497/56/1 4500/56/1 4499/56/1 4498/56/1
f 4501/56/2 4502/56/2 4503/56/2 4504/56/2
f 4497/56/3 4498/56/3 4502/56/3 4501/56/3
f 4500/56/4 4504/56/4 4503/56/4 4499/56/4
f 4497/56/5 4501/56/5 4504/56/5 4500/56/5
f 4498/56/6 4499/56/6 4503/56/6 4502/56/6
f 4505/56/1 4508/56/1 4507/56/1 4506/56/1
f 4509/56/2 4510/56/2 4511/56/2 4512/56/2
f 4505/56/3 4506/56/3 4510/56/3 4509/56/3
f 4508/56/4 4512/56/4 4511/56/4 4507/56/4
f 4505/56/5 4509/56/5 4512/56/5 4508/56/5
f 4506/56/6 4507/56/6 4511/56/6 4510/56/6
f 4513/56/1 4516/56/1 4515/56/1 4514/56/1
f 4517/56/2 4518/56/2 4519/56/2 4520/56/2
f 4513/56/3 4514/56/3 4518/56/3 4517/56/3
f 4516/56/4 4520/56/4 4519/56/4 4515/56/4
f 4513/56/5 4517/56/5 4520/56/5 4516/56/5
f 4514/56/6 4515/56/6 4519/56/6 4518/56/6
f 4521/56/1 4524/56/1 4523/56/1 4522/56/1
f 4525/56/2 4526/56/2 4527/56/2 4528/56/2
f 4521/56/3 4522/56/3 4526/56/3 4525/56/3
f 4524/56/4 4528/56/4 4527/56/4 4523/56/4
f 4521/56/5 4525/56/5 4528/56/5 4524/56/5
f 4522/56/6 4523/56/6 4527/56/6 4526/56/6
f 4529/56/1 4532/56/1 4531/56/1 4530/56/1
f 4533/56/2 4534/56/2 4535/56/2 4536/56/2
f 4529/56/3 4530/56/3 4534/56/3 4533/56/3
f 4532/56/4 4536/56/4 4535/56/4 4531/56/4
f 4529/56/5 4533/56/5 4536/56/5 4532/56/5
f 4530/56/6 4531/56/6 4535/56/6 4534/56/6
f 4537/56/1 4540/56/1 4539/56/1 4538/56/1
f 4541/56/2 4542/56/2 4543/56/2 4544/56/2
f 4537/56/3 4538/56/3 4542/56/3 4541/56/3
f 4540/56/4 4544/56/4 4543/56/4 4539/56/4
f 4537/56/5 4541/56/5 4544/56/5 4540/56/5
f 4538/56/6 4539/56/6 4543/56/6 4542/56/6
f 4545/56/1 4548/56/1 4547/56/1 4546/56/1
f 4549/56/2 4550/56/2 4551/56/2 4552/56/2
f 4545/56/3 4546/56/3 4550/56/3 4549/56/3
f 4548/56/4 4552/56/4 4551/56/4 4547/56/4
f 4545/56/5 4549/56/5 4552/56/5 4548/56/5
f 4546/56/6 4547/56/6 4551/56/6 4550/56/6
f 4553/56/1 4556/56/1 4555/56/1 4554/56/1
f 4557/56/2 4558/56/2 4559/56/2 4560/56/2
f 4553/56/3 4554/56/3 4558/56/3 4557/56/3
f 4556/56/4 4560/56/4 4559/56/4 4555/56/4
f 4553/56/5 4557/56/5 4560/56/5 4556/56/5
f 4554/56/6 4555/56/6 4559/56/6 4558/56/6
f 4561/56/1 4564/56/1 4563/56/1 4562/56/1
f 4565/56/2 4566/56/2 4567/56/2 4568/56/2
f 4561/56/3 4562/56/3 4566/56/3 4565/56/3
f 4564/56/4 4568/56/4 4567/56/4 4563/56/4
f 4561/56/5 4565/56/5 4568/56/5 4564/56/5
f 4562/56/6 4563/56/6 4567/56/6 4566/56/6
f 4569/56/1 4572/56/1 4571/56/1 4570/56/1
f 4573/56/2 4574/56/2 4575/56/2 4576/56/2
f 4569/56/3 4570/56/3 4574/56/3 4573/56/3
f 4572/56/4 4576/56/4 4575/56/4 4571/56/4
f 4569/56/5 4573/56/5 4576/56/5 4572/56/5
f 4570/56/6 4571/56/6 4575/56/6 4574/56/6
f 4577/56/1 4580/56/1 4579/56/1 4578/56/1
f 4581/56/2 4582/56/2 4583/56/2 4584/56/2
f 4577/56/3 4578/56/3 4582/56/3 4581/56/3
f 4580/56/4 4584/56/4 4583/56/4 4579/56/4
f 4577/56/5 4581/56/5 4584/56/5 4580/56/5
f 4578/56/6 4579/56/6 4583/56/6 4582/56/6
f 4585/56/1 4588/56/1 4587/56/1 4586/56/1
f 4589/56/2 4590/56/2 4591/56/2 4592/56/2
f 4585/56/3 4586/56/3 4590/56/3 4589/56/3
f 4588/56/4 4592/56/4 4591/56/4 4587/56/4
f 4585/56/5 4589/56/5 4592/56/5 4588/56/5
f 4586/56/6 4587/56/6 4591/56/6 4590/56/6
f 4593/56/1 4596/56/1 4595/56/1 4594/56/1
f 4597/56/2 4598/56/2 4599/56/2 4600/56/2
f 4593/56/3 4594/56/3 4598/56/3 4597/56/3
f 4596/56/4 4600/56/4 4599/56/4 4595/56/4
f 4593/56/5 4597/56/5 4600/56/5 4596/56/5
f 4594/56/6 4595/56/6 4599/56/6 4598/56/6
f 4601/1/1 4604/1/1 4603/1/1 4602/1/1
f 4605/1/2 4606/1/2 4607/1/2 4608/1/2
f 4601/1/3 4602/1/3 4606/1/3 4605/1/3
f 4604/1/4 4608/1/4 4607/1/4 4603/1/4
f 4601/1/5 4605/1/5 4608/1/5 4604/1/5
f 4602/1/6 4603/1/6 4607/1/6 4606/1/6
f 4609/1/1 4612/1/1 4611/1/1 4610/1/1
f 4613/1/2 4614/1/2 4615/1/2 4616/1/2
f 4609/1/3 4610/1/3 4614/1/3 4613/1/3
f 4612/1/4 4616/1/4 4615/1/4 4611/1/4
f 4609/1/5 4613/1/5 4616/1/5 4612/1/5
f 4610/1/6 4611/1/6 4615/1/6 4614/1/6
f 4617/1/1 4620/1/1 4619/1/1 4618/1/1
f 4621/1/2 4622/1/2 4623/1/2 4624/1/2
f 4617/1/3 4618/1/3 4622/1/3 4621/1/3
f 4620/1/4 4624/1/4 4623/1/4 4619/1/4
f 4617/1/5 4621/1/5 4624/1/5 4620/1/5
f 4618/1/6 4619/1/6 4623/1/6 4622/1/6
f 4625/1/1 4628/1/1 4627/1/1 4626/1/1
f 4629/1/2 4630/1/2 4631/1/2 4632/1/2
f 4625/1/3 4626/1/3 4630/1/3 4629/1/3
f 4628/1/4 4632/1/4 4631/1/4 4627/1/4
f 4625/1/5 4629/1/5 4632/1/5 4628/1/5
f 4626/1/6 4627/1/6 4631/1/6 4630/1/6
f 4633/1/1 4636/1/1 4635/1/1 4634/1/1
f 4637/1/2 4638/1/2 4639/1/2 4640/1/2
f 4633/1/3 4634/1/3 4638/1/3 4637/1/3
f 4636/1/4 4640/1/4 4639/1/4 4635/1/4
f 4633/1/5 4637/1/5 4640/1/5 4636/1/5
f 4634/1/6 4635/1/6 4639/1/6 4638/1/6
f 4641/1/1 4644/1/1 4643/1/1 4642/1/1
f 4645/1/2 4646/1/2 4647/1/2 4648/1/2
f 4641/1/3 4642/1/3 4646/1/3 4645/1/3
f 4644/1/4 4648/1/4 4647/1/4 4643/1/4
f 4641/1/5 4645/1/5 4648/1/5 4644/1/5
f 4642/1/6 4643/1/6 4647/1/6 4646/1/6
f 4649/1/1 4652/1/1 4651/1/1 4650/1/1
f 4653/1/2 4654/1/2 4655/1/2 4656/1/2
f 4649/1/3 4650/1/3 4654/1/3 4653/1/3
f 4652/1/4 4656/1/4 4655/1/4 4651/1/4
f 4649/1/5 4653/1/5 4656/1/5 4652/1/5
f 4650/1/6 4651/1/6 4655/1/6 4654/1/6
f 4657/1/1 4660/1/1 4659/1/1 4658/1/1
f 4661/1/2 4662/1/2 4663/1/2 4664/1/2
f 4657/1/3 4658/1/3 4662/1/3 4661/1/3
f 4660/1/4 4664/1/4 4663/1/4 4659/1/4
f 4657/1/5 4661/1/5 4664/1/5 4660/1/5
f 4658/1/6 4659/1/6 4663/1/6 4662/1/6
f 4665/56/1 4668/56/1 4667/56/1 4666/56/1
f 4669/56/2 4670/56/2 4671/56/2 4672/56/2
f 4665/56/3 4666/56/3 4670/56/3 4669/56/3
f 4668/56/4 4672/56/4 4671/56/4 4667/56/4
f 4665/56/5 4669/56/5 4672/56/5 4668/56/5
f 4666/56/6 4667/56/6 4671/56/6 4670/56/6
f 4673/56/1 4676/56/1 4675/56/1 4674/56/1
f 4677/56/2 4678/56/2 4679/56/2 4680/56/2
f 4673/56/3 4674/56/3 4678/56/3 4677/56/3
f 4676/56/4 4680/56/4 4679/56/4 4675/56/4
f 4673/56/5 4677/56/5 4680/56/5 4676/56/5
f 4674/56/6 4675/56/6 4679/56/6 4678/56/6
f 4681/56/1 4684/56/1 4683/56/1 4682/56/1
f 4685/56/2 4686/56/2 4687/56/2 4688/56/2
f 4681/56/3 4682/56/3 4686/56/3 4685/56/3
f 4684/56/4 4688/56/4 4687/56/4 4683/56/4
f 4681/56/5 4685/56/5 4688/56/5 4684/56/5
f 4682/56/6 4683/56/6 4687/56/6 4686/56/6
f 4689/56/1 4692/56/1 4691/56/1 4690/56/1
f 4693/56/2 4694/56/2 4695/56/2 4696/56/2
f 4689/56/3 4690/56/3 4694/56/3 4693/56/3
f 4692/56/4 4696/56/4 4695/56/4 4691/56/4
f 4689/56/5 4693/56/5 4696/56/5 4692/56/5
f 4690/56/6 4691/56/6 4695/56/6 4694/56/6
f 4697/56/1 4700/56/1 4699/56/1 4698/56/1
f 4701/56/2 4702/56/2 4703/56/2 4704/56/2
f 4697/56/3 4698/56/3 4702/56/3 4701/56/3
f 4700/56/4 4704/56/4 4703/56/4 4699/56/4
f 4697/56/5 4701/56/5 4704/56/5 4700/56/5
f 4698/56/6 4699/56/6 4703/56/6 4702/56/6
f 4705/56/1 4708/56/1 4707/56/1 4706/56/1
f 4709/56/2 4710/56/2 4711/56/2 4712/56/2
f 4705/56/3 4706/56/3 4710/56/3 4709/56/3
f 4708/56/4 4712/56/4 4711/56/4 4707/56/4
f 4705/56/5 4709/56/5 4712/56/5 4708/56/5
f 4706/56/6 4707/56/6 4711/56/6 4710/56/6
f 4713/56/1 4716/56/1 4715/56/1 4714/56/1
f 4717/56/2 4718/56/2 4719/56/2 4720/56/2
f 4713/56/3 4714/56/3 4718/56/3 4717/56/3
f 4716/56/4 4720/56/4 4719/56/4 4715/56/4
f 4713/56/5 4717/56/5 4720/56/5 4716/56/5
f 4714/56/6 4715/56/6 4719/56/6 4718/56/6
f 4721/56/1 4724/56/1 4723/56/1 4722/56/1
f 4725/56/2 4726/56/2 4727/56/2 4728/56/2
f 4721/56/3 4722/56/3 4726/56/3 4725/56/3
f 4724/56/4 4728/56/4 4727/56/4 4723/56/4
f 4721/56/5 4725/56/5 4728/56/5 4724/56/5
f 4722/56/6 4723/56/6 4727/56/6 4726/56/6
f 4729/56/1 4732/56/1 4731/56/1 4730/56/1
f 4733/56/2 4734/56/2 4735/56/2 4736/56/2
f 4729/56/3 4730/56/3 4734/56/3 4733/56/3
f 4732/56/4 4736/56/4 4735/56/4 4731/56/4
f 4729/56/5 4733/56/5 4736/56/5 4732/56/5
f 4730/56/6 4731/56/6 4735/56/6 4734/56/6
f 4737/56/1 4740/56/1 4739/56/1 4738/56/1
f 4741/56/2 4742/56/2 4743/56/2 4744/56/2
f 4737/56/3 4738/56/3 4742/56/3 4741/56/3
f 4740/56/4 4744/56/4 4743/56/4 4739/56/4
f 4737/56/5 4741/56/5 4744/56/5 4740/56/5
f 4738/56/6 4739/56/6 4743/56/6 4742/56/6
f 4745/1/1 4748/1/1 4747/1/1 4746/1/1
f 4749/1/2 4750/1/2 4751/1/2 4752/1/2
f 4745/1/3 4746/1/3 4750/1/3 4749/1/3
f 4748/1/4 4752/1/4 4751/1/4 4747/1/4
f 4745/1/5 4749/1/5 4752/1/5 4748/1/5
f 4746/1/6 4747/1/6 4751/1/6 4750/1/6
f 4753/1/1 4756/1/1 4755/1/1 4754/1/1
f 4757/1/2 4758/1/2 4759/1/2 4760/1/2
f 4753/1/3 4754/1/3 4758/1/3 4757/1/3
f 4756/1/4 4760/1/4 4759/1/4 4755/1/4
f 4753/1/5 4757/1/5 4760/1/5 4756/1/5
f 4754/1/6 4755/1/6 4759/1/6 4758/1/6
f 4761/1/1 4764/1/1 4763/1/1 4762/1/1
f 4765/1/2 4766/1/2 4767/1/2 4768/1/2
f 4761/1/3 4762/1/3 4766/1/3 4765/1/3
f 4764/1/4 4768/1/4 4767/1/4 4763/1/4
f 4761/1/5 4765/1/5 4768/1/5 4764/1/5
f 4762/1/6 4763/1/6 4767/1/6 4766/1/6
f 4769/1/1 4772/1/1 4771/1/1 4770/1/1
f 4773/1/2 4774/1/2 4775/1/2 4776/1/2
f 4769/1/3 4770/1/3 4774/1/3 4773/1/3
f 4772/1/4 4776/1/4 4775/1/4 4771/1/4
f 4769/1/5 4773/1/5 4776/1/5 4772/1/5
f 4770/1/6 4771/1/6 4775/1/6 4774/1/6
f 4777/1/1 4780/1/1 4779/1/1 4778/1/1
f 4781/1/2 4782/1/2 4783/1/2 4784/1/2
f 4777/1/3 4778/1/3 4782/1/3 4781/1/3
f 4780/1/4 4784/1/4 4783/1/4 4779/1/4
f 4777/1/5 4781/1/5 4784/1/5 4780/1/5
f 4778/1/6 4779/1/6 4783/1/6 4782/1/6
f 4785/1/1 4788/1/1 4787/1/1 4786/1/1
f 4789/1/2 4790/1/2 4791/1/2 4792/1/2
f 4785/1/3 4786/1/3 4790/1/3 4789/1/3
f 4788/1/4 4792/1/4 4791/1/4 4787/1/4
f 4785/1/5 4789/1/5 4792/1/5 4788/1/5
f 4786/1/6 4787/1/6 4791/1/6 4790/1/6
f 4793/1/1 4796/1/1 4795/1/1 4794/1/1
f 4797/1/2 4798/1/2 4799/1/2 4800/1/2
f 4793/1/3 4794/1/3 4798/1/3 4797/1/3
f 4796/1/4 4800/1/4 4799/1/4 4795/1/4
f 4793/1/5 4797/1/5 4800/1/5 4796/1/5
f 4794/1/6 4795/1/6 4799/1/6 4798/1/6
f 4801/1/1 4804/1/1 4803/1/1 4802/1/1
f 4805/1/2 4806/1/2 4807/1/2 4808/1/2
f 4801/1/3 4802/1/3 4806/1/3 4805/1/3
f 4804/1/4 4808/1/4 4807/1/4 4803/1/4
f 4801/1/5 4805/1/5 4808/1/5 4804/1/5
f 4802/1/6 4803/1/6 4807/1/6 4806/1/6
f 4809/2/1 4812/2/1 4811/2/1 4810/2/1
f 4813/2/2 4814/2/2 4815/2/2 4816/2/2
f 4809/2/3 4810/2/3 4814/2/3 4813/2/3
f 4812/2/4 4816/2/4 4815/2/4 4811/2/4
f 4809/2/5 4813/2/5 4816/2/5 4812/2/5
f 4810/2/6 4811/2/6 4815/2/6 4814/2/6
f 4817/2/1 4820/2/1 4819/2/1 4818/2/1
f 4821/2/2 4822/2/2 4823/2/2 4824/2/2
f 4817/2/3 4818/2/3 4822/2/3 4821/2/3
f 4820/2/4 4824/2/4 4823/2/4 4819/2/4
f 4817/2/5 4821/2/5 4824/2/5 4820/2/5
f 4818/2/6 4819/2/6 4823/2/6 4822/2/6
f 4825/2/1 4828/2/1 4827/2/1 4826/2/1
f 4829/2/2 4830/2/2 4831/2/2 4832/2/2
f 4825/2/3 4826/2/3 4830/2/3 4829/2/3
f 4828/2/4 4832/2/4 4831/2/4 4827/2/4
f 4825/2/5 4829/2/5 4832/2/5 4828/2/5
f 4826/2/6 4827/2/6 4831/2/6 4830/2/6
f 4833/2/1 4836/2/1 4835/2/1 4834/2/1
f 4837/2/2 4838/2/2 4839/2/2 4840/2/2
f 4833/2/3 4834/2/3 4838/2/3 4837/2/3
f 4836/2/4 4840/2/4 4839/2/4 4835/2/4
f 4833/2/5 4837/2/5 4840/2/5 4836/2/5
f 4834/2/6 4835/2/6 4839/2/6 4838/2/6
f 4841/56/1 4844/56/1 4843/56/1 4842/56/1
f 4845/56/2 4846/56/2 4847/56/2 4848/56/2
f 4841/56/3 4842/56/3 4846/56/3 4845/56/3
f 4844/56/4 4848/56/4 4847/56/4 4843/56/4
f 4841/56/5 4845/56/5 4848/56/5 4844/56/5
f 4842/56/6 4843/56/6 4847/56/6 4846/56/6
f 4849/56/1 4852/56/1 4851/56/1 4850/56/1
f 4853/56/2 4854/56/2 4855/56/2 4856/56/2
f 4849/56/3 4850/56/3 4854/56/3 4853/56/3
f 4852/56/4 4856/56/4 4855/56/4 4851/56/4
f 4849/56/5 4853/56/5 4856/56/5 4852/56/5
f 4850/56/6 4851/56/6 4855/56/6 4854/56/6
f 4857/56/1 4860/56/1 4859/56/1 4858/56/1
f 4861/56/2 4862/56/2 4863/56/2 4864/56/2
f 4857/56/3 4858/56/3 4862/56/3 4861/56/3
f 4860/56/4 4864/56/4 4863/56/4 4859/56/4
f 4857/56/5 4861/56/5 4864/56/5 4860/56/5
f 4858/56/6 4859/56/6 4863/56/6 4862/56/6
f 4865/56/1 4868/56/1 4867/56/1 4866/56/1
f 4869/56/2 4870/56/2 4871/56/2 4872/56/2
f 4865/56/3 4866/56/3 4870/56/3 4869/56/3
f 4868/56/4 4872/56/4 4871/56/4 4867/56/4
f 4865/56/5 4869/56/5 4872/56/5 4868/56/5
f 4866/56/6 4867/56/6 4871/56/6 4870/56/6
f 4873/56/1 4876/56/1 4875/56/1 4874/56/1
f 4877/56/2 4878/56/2 4879/56/2 4880/56/2
f 4873/56/3 4874/56/3 4878/56/3 4877/56/3
f 4876/56/4 4880/56/4 4879/56/4 4875/56/4
f 4873/56/5 4877/56/5 4880/56/5 4876/56/5
f 4874/56/6 4875/56/6 4879/56/6 4878/56/6
f 4881/56/1 4884/56/1 4883/56/1 4882/56/1
f 4885/56/2 4886/56/2 4887/56/2 4888/56/2
f 4881/56/3 4882/56/3 4886/56/3 4885/56/3
f 4884/56/4 4888/56/4 4887/56/4 4883/56/4
f 4881/56/5 4885/56/5 4888/56/5 4884/56/5
f 4882/56/6 4883/56/6 4887/56/6 4886/56/6
f 4889/56/1 4892/56/1 4891/56/1 4890/56/1
f 4893/56/2 4894/56/2 4895/56/2 4896/56/2
f 4889/56/3 4890/56/3 4894/56/3 4893/56/3
f 4892/56/4 4896/56/4 4895/56/4 4891/56/4
f 4889/56/5 4893/56/5 4896/56/5 4892/56/5
f 4890/56/6 4891/56/6 4895/56/6 4894/56/6
f 4897/1/1 4900/1/1 4899/1/1 4898/1/1
f 4901/1/2 4902/1/2 4903/1/2 4904/1/2
f 4897/1/3 4898/1/3 4902/1/3 4901/1/3
f 4900/1/4 4904/1/4 4903/1/4 4899/1/4
f 4897/1/5 4901/1/5 4904/1/5 4900/1/5
f 4898/1/6 4899/1/6 4903/1/6 4902/1/6
f 4905/1/1 4908/1/1 4907/1/1 4906/1/1
f 4909/1/2 4910/1/2 4911/1/2 4912/1/2
f 4905/1/3 4906/1/3 4910/1/3 4909/1/3
f 4908/1/4 4912/1/4 4911/1/4 4907/1/4
f 4905/1/5 4909/1/5 4912/1/5 4908/1/5
f 4906/1/6 4907/1/6 4911/1/6 4910/1/6
f 4913/1/1 4916/1/1 4915/1/1 4914/1/1
f 4917/1/2 4918/1/2 4919/1/2 4920/1/2
f 4913/1/3 4914/1/3 4918/1/3 4917/1/3
f 4916/1/4 4920/1/4 4919/1/4 4915/1/4
f 4913/1/5 4917/1/5 4920/1/5 4916/1/5
f 4914/1/6 4915/1/6 4919/1/6 4918/1/6
f 4921/1/1 4924/1/1 4923/1/1 4922/1/1
f 4925/1/2 4926/1/2 4927/1/2 4928/1/2
f 4921/1/3 4922/1/3 4926/1/3 4925/1/3
f 4924/1/4 4928/1/4 4927/1/4 4923/1/4
f 4921/1/5 4925/1/5 4928/1/5 4924/1/5
f 4922/1/6 4923/1/6 4927/1/6 4926/1/6
f 4929/1/1 4932/1/1 4931/1/1 4930/1/1
f 4933/1/2 4934/1/2 4935/1/2 4936/1/2
f 4929/1/3 4930/1/3 4934/1/3 4933/1/3
f 4932/1/4 4936/1/4 4935/1/4 4931/1/4
f 4929/1/5 4933/1/5 4936/1/5 4932/1/5
f 4930/1/6 4931/1/6 4935/1/6 4934/1/6
f 4937/1/1 4940/1/1 4939/1/1 4938/1/1
f 4941/1/2 4942/1/2 4943/1/2 4944/1/2
f 4937/1/3 4938/1/3 4942/1/3 4941/1/3
f 4940/1/4 4944/1/4 4943/1/4 4939/1/4
f 4937/1/5 4941/1/5 4944/1/5 4940/1/5
f 4938/1/6 4939/1/6 4943/1/6 4942/1/6
f 4945/1/1 4948/1/1 4947/1/1 4946/1/1
f 4949/1/2 4950/1/2 4951/1/2 4952/1/2
f 4945/1/3 4946/1/3 4950/1/3 4949/1/3
f 4948/1/4 4952/1/4 4951/1/4 4947/1/4
f 4945/1/5 4949/1/5 4952/1/5 4948/1/5
f 4946/1/6 4947/1/6 4951/1/6 4950/1/6
f 4953/1/1 4956/1/1 4955/1/1 4954/1/1
f 4957/1/2 4958/1/2 4959/1/2 4960/1/2
f 4953/1/3 4954/1/3 4958/1/3 4957/1/3
f 4956/1/4 4960/1/4 4959/1/4 4955/1/4
f 4953/1/5 4957/1/5 4960/1/5 4956/1/5
f 4954/1/6 4955/1/6 4959/1/6 4958/1/6
f 4961/1/1 4964/1/1 4963/1/1 4962/1/1
f 4965/1/2 4966/1/2 4967/1/2 4968/1/2
f 4961/1/3 4962/1/3 4966/1/3 4965/1/3
f 4964/1/4 4968/1/4 4967/1/4 4963/1/4
f 4961/1/5 4965/1/5 4968/1/5 4964/1/5
f 4962/1/6 4963/1/6 4967/1/6 4966/1/6
f 4969/1/1 4972/1/1 4971/1/1 4970/1/1
f 4973/1/2 4974/1/2 4975/1/2 4976/1/2
f 4969/1/3 4970/1/3 4974/1/3 4973/1/3
f 4972/1/4 4976/1/4 4975/1/4 4971/1/4
f 4969/1/5 4973/1/5 4976/1/5 4972/1/5
f 4970/1/6 4971/1/6 4975/1/6 4974/1/6
f 4977/2/1 4980/2/1 4979/2/1 4978/2/1
f 4981/2/2 4982/2/2 4983/2/2 4984/2/2
f 4977/2/3 4978/2/3 4982/2/3 4981/2/3
f 4980/2/4 4984/2/4 4983/2/4 4979/2/4
f 4977/2/5 4981/2/5 4984/2/5 4980/2/5
f 4978/2/6 4979/2/6 4983/2/6 4982/2/6
f 4985/2/1 4988/2/1 4987/2/1 4986/2/1
f 4989/2/2 4990/2/2 4991/2/2 4992/2/2
f 4985/2/3 4986/2/3 4990/2/3 4989/2/3
f 4988/2/4 4992/2/4 4991/2/4 4987/2/4
f 4985/2/5 4989/2/5 4992/2/5 4988/2/5
f 4986/2/6 4987/2/6 4991/2/6 4990/2/6
f 4993/2/1 4996/2/1 4995/2/1 4994/2/1
f 4997/2/2 4998/2/2 4999/2/2 5000/2/2
f 4993/2/3 4994/2/3 4998/2/3 4997/2/3
f 4996/2/4 5000/2/4 4999/2/4 4995/2/4
f 4993/2/5 4997/2/5 5000/2/5 4996/2/5
f 4994/2/6 4995/2/6 4999/2/6 4998/2/6
f 5001/2/1 5004/2/1 5003/2/1 5002/2/1
f 5005/2/2 5006/2/2 5007/2/2 5008/2/2
f 5001/2/3 5002/2/3 5006/2/3 5005/2/3
f 5004/2/4 5008/2/4 5007/2/4 5003/2/4
f 5001/2/5 5005/2/5 5008/2/5 5004/2/5
f 5002/2/6 5003/2/6 5007/2/6 5006/2/6
f 5009/2/1 5012/2/1 5011/2/1 5010/2/1
f 5013/2/2 5014/2/2 5015/2/2 5016/2/2
f 5009/2/3 5010/2/3 5014/2/3 5013/2/3
f 5012/2/4 5016/2/4 5015/2/4 5011/2/4
f 5009/2/5 5013/2/5 5016/2/5 5012/2/5
f 5010/2/6 5011/2/6 5015/2/6 5014/2/6
f 5017/2/1 5020/2/1 5019/2/1 5018/2/1
f 5021/2/2 5022/2/2 5023/2/2 5024/2/2
f 5017/2/3 5018/2/3 5022/2/3 5021/2/3
f 5020/2/4 5024/2/4 5023/2/4 5019/2/4
f 5017/2/5 5021/2/5 5024/2/5 5020/2/5
f 5018/2/6 5019/2/6 5023/2/6 5022/2/6
f 5025/56/1 5028/56/1 5027/56/1 5026/56/1
f 5029/56/2 5030/56/2 5031/56/2 5032/56/2
f 5025/56/3 5026/56/3 5030/56/3 5029/56/3
f 5028/56/4 5032/56/4 5031/56/4 5027/56/4
f 5025/56/5 5029/56/5 5032/56/5 5028/56/5
f 5026/56/6 5027/56/6 5031/56/6 5030/56/6
f 5033/56/1 5036/56/1 5035/56/1 5034/56/1
f 5037/56/2 5038/56/2 5039/56/2 5040/56/2
f 5033/56/3 5034/56/3 5038/56/3 5037/56/3
f 5036/56/4 5040/56/4 5039/56/4 5035/56/4
f 5033/56/5 5037/56/5 5040/56/5 5036/56/5
f 5034/56/6 5035/56/6 5039/56/6 5038/56/6
f 5041/56/1 5044/56/1 5043/56/1 5042/56/1
f 5045/56/2 5046/56/2 5047/56/2 5048/56/2
f 5041/56/3 5042/56/3 5046/56/3 5045/56/3
f 5044/56/4 5048/56/4 5047/56/4 5043/56/4
f 5041/56/5 5045/56/5 5048/56/5 5044/56/5
f 5042/56/6 5043/56/6 5047/56/6 5046/56/6
f 5049/1/1 5052/1/1 5051/1/1 5050/1/1
f 5053/1/2 5054/1/2 5055/1/2 5056/1/2
f 5049/1/3 5050/1/3 5054/1/3 5053/1/3
f 5052/1/4 5056/1/4 5055/1/4 5051/1/4
f 5049/1/5 5053/1/5 5056/1/5 5052/1/5
f 5050/1/6 5051/1/6 5055/1/6 5054/1/6
f 5057/1/1 5060/1/1 5059/1/1 5058/1/1
f 5061/1/2 5062/1/2 5063/1/2 5064/1/2
f 5057/1/3 5058/1/3 5062/1/3 5061/1/3
f 5060/1/4 5064/1/4 5063/1/4 5059/1/4
f 5057/1/5 5061/1/5 5064/1/5 5060/1/5
f 5058/1/6 5059/1/6 5063/1/6 5062/1/6
f 5065/1/1 5068/1/1 5067/1/1 5066/1/1
f 5069/1/2 5070/1/2 5071/1/2 5072/1/2
f 5065/1/3 5066/1/3 5070/1/3 5069/1/3
f 5068/1/4 5072/1/4 5071/1/4 5067/1/4
f 5065/1/5 5069/1/5 5072/1/5 5068/1/5
f 5066/1/6 5067/1/6 5071/1/6 5070/1/6
f 5073/1/1 5076/1/1 5075/1/1 5074/1/1
f 5077/1/2 5078/1/2 5079/1/2 5080/1/2
f 5073/1/3 5074/1/3 5078/1/3 5077/1/3
f 5076/1/4 5080/1/4 5079/1/4 5075/1/4
f 5073/1/5 5077/1/5 5080/1/5 5076/1/5
f 5074/1/6 5075/1/6 5079/1/6 5078/1/6
f 5081/1/1 5084/1/1 5083/1/1 5082/1/1
f 5085/1/2 5086/1/2 5087/1/2 5088/1/2
f 5081/1/3 5082/1/3 5086/1/3 5085/1/3
f 5084/1/4 5088/1/4 5087/1/4 5083/1/4
f 5081/1/5 5085/1/5 5088/1/5 5084/1/5
f 5082/1/6 5083/1/6 5087/1/6 5086/1/6
f 5089/1/1 5092/1/1 5091/1/1 5090/1/1
f 5093/1/2 5094/1/2 5095/1/2 5096/1/2
f 5089/1/3 5090/1/3 5094/1/3 5093/1/3
f 5092/1/4 5096/1/4 5095/1/4 5091/1/4
f 5089/1/5 5093/1/5 5096/1/5 5092/1/5
f 5090/1/6 5091/1/6 5095/1/6 5094/1/6
f 5097/1/1 5100/1/1 5099/1/1 5098/1/1
f 5101/1/2 5102/1/2 5103/1/2 5104/1/2
f 5097/1/3 5098/1/3 5102/1/3 5101/1/3
f 5100/1/4 5104/1/4 5103/1/4 5099/1/4
f 5097/1/5 5101/1/5 5104/1/5 5100/1/5
f 5098/1/6 5099/1/6 5103/1/6 5102/1/6
f 5105/1/1 5108/1/1 5107/1/1 5106/1/1
f 5109/1/2 5110/1/2 5111/1/2 5112/1/2
f 5105/1/3 5106/1/3 5110/1/3 5109/1/3
f 5108/1/4 5112/1/4 5111/1/4 5107/1/4
f 5105/1/5 5109/1/5 5112/1/5 5108/1/5
f 5106/1/6 5107/1/6 5111/1/6 5110/1/6
f 5113/1/1 5116/1/1 5115/1/1 5114/1/1
f 5117/1/2 5118/1/2 5119/1/2 5120/1/2
f 5113/1/3 5114/1/3 5118/1/3 5117/1/3
f 5116/1/4 5120/1/4 5119/1/4 5115/1/4
f 5113/1/5 5117/1/5 5120/1/5 5116/1/5
f 5114/1/6 5115/1/6 5119/1/6 5118/1/6
f 5121/1/1 5124/1/1 5123/1/1 5122/1/1
f 5125/1/2 5126/1/2 5127/1/2 5128/1/2
f 5121/1/3 5122/1/3 5126/1/3 5125/1/3
f 5124/1/4 5128/1/4 5127/1/4 5123/1/4
f 5121/1/5 5125/1/5 5128/1/5 5124/1/5
f 5122/1/6 5123/1/6 5127/1/6 5126/1/6
f 5129/1/1 5132/1/1 5131/1/1 5130/1/1
f 5133/1/2 5134/1/2 5135/1/2 5136/1/2
f 5129/1/3 5130/1/3 5134/1/3 5133/1/3
f 5132/1/4 5136/1/4 5135/1/4 5131/1/4
f 5129/1/5 5133/1/5 5136/1/5 5132/1/5
f 5130/1/6 5131/1/6 5135/1/6 5134/1/6
f 5137/1/1 5140/1/1 5139/1/1 5138/1/1
f 5141/1/2 5142/1/2 5143/1/2 5144/1/2
f 5137/1/3 5138/1/3 5142/1/3 5141/1/3
f 5140/1/4 5144/1/4 5143/1/4 5139/1/4
f 5137/1/5 5141/1/5 5144/1/5 5140/1/5
f 5138/1/6 5139/1/6 5143/1/6 5142/1/6
f 5145/2/1 5148/2/1 5147/2/1 5146/2/1
f 5149/2/2 5150/2/2 5151/2/2 5152/2/2
f 5145/2/3 5146/2/3 5150/2/3 5149/2/3
f 5148/2/4 5152/2/4 5151/2/4 5147/2/4
f 5145/2/5 5149/2/5 5152/2/5 5148/2/5
f 5146/2/6 5147/2/6 5151/2/6 5150/2/6
f 5153/2/1 5156/2/1 5155/2/1 5154/2/1
f 5157/2/2 5158/2/2 5159/2/2 5160/2/2
f 5153/2/3 5154/2/3 5158/2/3 5157/2/3
f 5156/2/4 5160/2/4 5159/2/4 5155/2/4
f 5153/2/5 5157/2/5 5160/2/5 5156/2/5
f 5154/2/6 5155/2/6 5159/2/6 5158/2/6
f 5161/2/1 5164/2/1 5163/2/1 5162/2/1
f 5165/2/2 5166/2/2 5167/2/2 5168/2/2
f 5161/2/3 5162/2/3 5166/2/3 5165/2/3
f 5164/2/4 5168/2/4 5167/2/4 5163/2/4
f 5161/2/5 5165/2/5 5168/2/5 5164/2/5
f 5162/2/6 5163/2/6 5167/2/6 5166/2/6
f 5169/2/1 5172/2/1 5171/2/1 5170/2/1
f 5173/2/2 5174/2/2 5175/2/2 5176/2/2
f 5169/2/3 5170/2/3 5174/2/3 5173/2/3
f 5172/2/4 5176/2/4 5175/2/4 5171/2/4
f 5169/2/5 5173/2/5 5176/2/5 5172/2/5
f 5170/2/6 5171/2/6 5175/2/6 5174/2/6
f 5177/2/1 5180/2/1 5179/2/1 5178/2/1
f 5181/2/2 5182/2/2 5183/2/2 5184/2/2
f 5177/2/3 5178/2/3 5182/2/3 5181/2/3
f 5180/2/4 5184/2/4 5183/2/4 5179/2/4
f 5177/2/5 5181/2/5 5184/2/5 5180/2/5
f 5178/2/6 5179/2/6 5183/2/6 5182/2/6
f 5185/2/1 5188/2/1 5187/2/1 5186/2/1
f 5189/2/2 5190/2/2 5191/2/2 5192/2/2
f 5185/2/3 5186/2/3 5190/2/3 5189/2/3
f 5188/2/4 5192/2/4 5191/2/4 5187/2/4
f 5185/2/5 5189/2/5 5192/2/5 5188/2/5
f 5186/2/6 5187/2/6 5191/2/6 5190/2/6
f 5193/2/1 5196/2/1 5195/2/1 5194/2/1
f 5197/2/2 5198/2/2 5199/2/2 5200/2/2
f 5193/2/3 5194/2/3 5198/2/3 5197/2/3
f 5196/2/4 5200/2/4 5199/2/4 5195/2/4
f 5193/2/5 5197/2/5 5200/2/5 5196/2/5
f 5194/2/6 5195/2/6 5199/2/6 5198/2/6
f 5201/2/1 5204/2/1 5203/2/1 5202/2/1
f 5205/2/2 5206/2/2 5207/2/2 5208/2/2
f 5201/2/3 5202/2/3 5206/2/3 5205/2/3
f 5204/2/4 5208/2/4 5207/2/4 5203/2/4
f 5201/2/5 5205/2/5 5208/2/5 5204/2/5
f 5202/2/6 5203/2/6 5207/2/6 5206/2/6
f 5209/2/1 5212/2/1 5211/2/1 5210/2/1
f 5213/2/2 5214/2/2 5215/2/2 5216/2/2
f 5209/2/3 5210/2/3 5214/2/3 5213/2/3
f 5212/2/4 5216/2/4 5215/2/4 5211/2/4
f 5209/2/5 5213/2/5 5216/2/5 5212/2/5
f 5210/2/6 5211/2/6 5215/2/6 5214/2/6
f 5217/56/1 5220/56/1 5219/56/1 5218/56/1
f 5221/56/2 5222/56/2 5223/56/2 5224/56/2
f 5217/56/3 5218/56/3 5222/56/3 5221/56/3
f 5220/56/4 5224/56/4 5223/56/4 5219/56/4
f 5217/56/5 5221/56/5 5224/56/5 5220/56/5
f 5218/56/6 5219/56/6 5223/56/6 5222/56/6
f 5225/56/1 5228/56/1 5227/56/1 5226/56/1
f 5229/56/2 5230/56/2 5231/56/2 5232/56/2
f 5225/56/3 5226/56/3 5230/56/3 5229/56/3
f 5228/56/4 5232/56/4 5231/56/4 5227/56/4
f 5225/56/5 5229/56/5 5232/56/5 5228/56/5
f 5226/56/6 5227/56/6 5231/56/6 5230/56/6
f 5233/31/1 5236/31/1 5235/31/1 5234/31/1
f 5237/31/2 5238/31/2 5239/31/2 5240/31/2
f 5233/31/3 5234/31/3 5238/31/3 5237/31/3
f 5236/31/4 5240/31/4 5239/31/4 5235/31/4
f 5233/31/5 5237/31/5 5240/31/5 5236/31/5
f 5234/31/6 5235/31/6 5239/31/6 5238/31/6
f 5241/31/1 5244/31/1 5243/31/1 5242/31/1
f 5245/31/2 5246/31/2 5247/31/2 5248/31/2
f 5241/31/3 5242/31/3 5246/31/3 5245/31/3
f 5244/31/4 5248/31/4 5247/31/4 5243/31/4
f 5241/31/5 5245/31/5 5248/31/5 5244/31/5
f 5242/31/6 5243/31/6 5247/31/6 5246/31/6
f 5249/1/1 5252/1/1 5251/1/1 5250/1/1
f 5253/1/2 5254/1/2 5255/1/2 5256/1/2
f 5249/1/3 5250/1/3 5254/1/3 5253/1/3
f 5252/1/4 5256/1/4 5255/1/4 5251/1/4
f 5249/1/5 5253/1/5 5256/1/5 5252/1/5
f 5250/1/6 5251/1/6 5255/1/6 5254/1/6
f 5257/1/1 5260/1/1 5259/1/1 5258/1/1
f 5261/1/2 5262/1/2 5263/1/2 5264/1/2
f 5257/1/3 5258/1/3 5262/1/3 5261/1/3
f 5260/1/4 5264/1/4 5263/1/4 5259/1/4
f 5257/1/5 5261/1/5 5264/1/5 5260/1/5
f 5258/1/6 5259/1/6 5263/1/6 5262/1/6
f 5265/1/1 5268/1/1 5267/1/1 5266/1/1
f 5269/1/2 5270/1/2 5271/1/2 5272/1/2
f 5265/1/3 5266/1/3 5270/1/3 5269/1/3
f 5268/1/4 5272/1/4 5271/1/4 5267/1/4
f 5265/1/5 5269/1/5 5272/1/5 5268/1/5
f 5266/1/6 5267/1/6 5271/1/6 5270/1/6
f 5273/1/1 5276/1/1 5275/1/1 5274/1/1
f 5277/1/2 5278/1/2 5279/1/2 5280/1/2
f 5273/1/3 5274/1/3 5278/1/3 5277/1/3
f 5276/1/4 5280/1/4 5279/1/4 5275/1/4
f 5273/1/5 5277/1/5 5280/1/5 5276/1/5
f 5274/1/6 5275/1/6 5279/1/6 5278/1/6
f 5281/1/1 5284/1/1 5283/1/1 5282/1/1
f 5285/1/2 5286/1/2 5287/1/2 5288/1/2
f 5281/1/3 5282/1/3 5286/1/3 5285/1/3
f 5284/1/4 5288/1/4 5287/1/4 5283/1/4
f 5281/1/5 5285/1/5 5288/1/5 5284/1/5
f 5282/1/6 5283/1/6 5287/1/6 5286/1/6
f 5289/1/1 5292/1/1 5291/1/1 5290/1/1
f 5293/1/2 5294/1/2 5295/1/2 5296/1/2
f 5289/1/3 5290/1/3 5294/1/3 5293/1/3
f 5292/1/4 5296/1/4 5295/1/4 5291/1/4
f 5289/1/5 5293/1/5 5296/1/5 5292/1/5
f 5290/1/6 5291/1/6 5295/1/6 5294/1/6
f 5297/1/1 5300/1/1 5299/1/1 5298/1/1
f 5301/1/2 5302/1/2 5303/1/2 5304/1/2
f 5297/1/3 5298/1/3 5302/1/3 5301/1/3
f 5300/1/4 5304/1/4 5303/1/4 5299/1/4
f 5297/1/5 5301/1/5 5304/1/5 5300/1/5
f 5298/1/6 5299/1/6 5303/1/6 5302/1/6
f 5305/1/1 5308/1/1 5307/1/1 5306/1/1
f 5309/1/2 5310/1/2 5311/1/2 5312/1/2
f 5305/1/3 5306/1/3 5310/1/3 5309/1/3
f 5308/1/4 5312/1/4 5311/1/4 5307/1/4
f 5305/1/5 5309/1/5 5312/1/5 5308/1/5
f 5306/1/6 5307/1/6 5311/1/6 5310/1/6
f 5313/1/1 5316/1/1 5315/1/1 5314/1/1
f 5317/1/2 5318/1/2 5319/1/2 5320/1/2
f 5313/1/3 5314/1/3 5318/1/3 5317/1/3
f 5316/1/4 5320/1/4 5319/1/4 5315/1/4
f 5313/1/5 5317/1/5 5320/1/5 5316/1/5
f 5314/1/6 5315/1/6 5319/1/6 5318/1/6
f 5321/1/1 5324/1/1 5323/1/1 5322/1/1
f 5325/1/2 5326/1/2 5327/1/2 5328/1/2
f 5321/1/3 5322/1/3 5326/1/3 5325/1/3
f 5324/1/4 5328/1/4 5327/1/4 5323/1/4
f 5321/1/5 5325/1/5 5328/1/5 5324/1/5
f 5322/1/6 5323/1/6 5327/1/6 5326/1/6
f 5329/2/1 5332/2/1 5331/2/1 5330/2/1
f 5333/2/2 5334/2/2 5335/2/2 5336/2/2
f 5329/2/3 5330/2/3 5334/2/3 5333/2/3
f 5332/2/4 5336/2/4 5335/2/4 5331/2/4
f 5329/2/5 5333/2/5 5336/2/5 5332/2/5
f 5330/2/6 5331/2/6 5335/2/6 5334/2/6
f 5337/2/1 5340/2/1 5339/2/1 5338/2/1
f 5341/2/2 5342/2/2 5343/2/2 5344/2/2
f 5337/2/3 5338/2/3 5342/2/3 5341/2/3
f 5340/2/4 5344/2/4 5343/2/4 5339/2/4
f 5337/2/5 5341/2/5 5344/2/5 5340/2/5
f 5338/2/6 5339/2/6 5343/2/6 5342/2/6
f 5345/2/1 5348/2/1 5347/2/1 5346/2/1
f 5349/2/2 5350/2/2 5351/2/2 5352/2/2
f 5345/2/3 5346/2/3 5350/2/3 5349/2/3
f 5348/2/4 5352/2/4 5351/2/4 5347/2/4
f 5345/2/5 5349/2/5 5352/2/5 5348/2/5
f 5346/2/6 5347/2/6 5351/2/6 5350/2/6
f 5353/2/1 5356/2/1 5355/2/1 5354/2/1
f 5357/2/2 5358/2/2 5359/2/2 5360/2/2
f 5353/2/3 5354/2/3 5358/2/3 5357/2/3
f 5356/2/4 5360/2/4 5359/2/4 5355/2/4
f 5353/2/5 5357/2/5 5360/2/5 5356/2/5
f 5354/2/6 5355/2/6 5359/2/6 5358/2/6
f 5361/2/1 5364/2/1 5363/2/1 5362/2/1
f 5365/2/2 5366/2/2 5367/2/2 5368/2/2
f 5361/2/3 5362/2/3 5366/2/3 5365/2/3
f 5364/2/4 5368/2/4 5367/2/4 5363/2/4
f 5361/2/5 5365/2/5 5368/2/5 5364/2/5
f 5362/2/6 5363/2/6 5367/2/6 5366/2/6
f 5369/2/1 5372/2/1 5371/2/1 5370/2/1
f 5373/2/2 5374/2/2 5375/2/2 5376/2/2
f 5369/2/3 5370/2/3 5374/2/3 5373/2/3
f 5372/2/4 5376/2/4 5375/2/4 5371/2/4
f 5369/2/5 5373/2/5 5376/2/5 5372/2/5
f 5370/2/6 5371/2/6 5375/2/6 5374/2/6
f 5377/2/1 5380/2/1 5379/2/1 5378/2/1
f 5381/2/2 5382/2/2 5383/2/2 5384/2/2
f 5377/2/3 5378/2/3 5382/2/3 5381/2/3
f 5380/2/4 5384/2/4 5383/2/4 5379/2/4
f 5377/2/5 5381/2/5 5384/2/5 5380/2/5
f 5378/2/6 5379/2/6 5383/2/6 5382/2/6
f 5385/2/1 5388/2/1 5387/2/1 5386/2/1
f 5389/2/2 5390/2/2 5391/2/2 5392/2/2
f 5385/2/3 5386/2/3 5390/2/3 5389/2/3
f 5388/2/4 5392/2/4 5391/2/4 5387/2/4
f 5385/2/5 5389/2/5 5392/2/5 5388/2/5
f 5386/2/6 5387/2/6 5391/2/6 5390/2/6
f 5393/2/1 5396/2/1 5395/2/1 5394/2/1
f 5397/2/2 5398/2/2 5399/2/2 5400/2/2
f 5393/2/3 5394/2/3 5398/2/3 5397/2/3
f 5396/2/4 5400/2/4 5399/2/4 5395/2/4
f 5393/2/5 5397/2/5 5400/2/5 5396/2/5
f 5394/2/6 5395/2/6 5399/2/6 5398/2/6
f 5401/2/1 5404/2/1 5403/2/1 5402/2/1
f 5405/2/2 5406/2/2 5407/2/2 5408/2/2
f 5401/2/3 5402/2/3 5406/2/3 5405/2/3
f 5404/2/4 5408/2/4 5407/2/4 5403/2/4
f 5401/2/5 5405/2/5 5408/2/5 5404/2/5
f 5402/2/6 5403/2/6 5407/2/6 5406/2/6
f 5409/56/1 5412/56/1 5411/56/1 5410/56/1
f 5413/56/2 5414/56/2 5415/56/2 5416/56/2
f 5409/56/3 5410/56/3 5414/56/3 5413/56/3
f 5412/56/4 5416/56/4 5415/56/4 5411/56/4
f 5409/56/5 5413/56/5 5416/56/5 5412/56/5
f 5410/56/6 5411/56/6 5415/56/6 5414/56/6
f 5417/52/1 5420/52/1 5419/52/1 5418/52/1
f 5421/52/2 5422/52/2 5423/52/2 5424/52/2
f 5417/52/3 5418/52/3 5422/52/3 5421/52/3
f 5420/52/4 5424/52/4 5423/52/4 5419/52/4
f 5417/52/5 5421/52/5 5424/52/5 5420/52/5
f 5418/52/6 5419/52/6 5423/52/6 5422/52/6
f 5425/52/1 5428/52/1 5427/52/1 5426/52/1
f 5429/52/2 5430/52/2 5431/52/2 5432/52/2
f 5425/52/3 5426/52/3 5430/52/3 5429/52/3
f 5428/52/4 5432/52/4 5431/52/4 5427/52/4
f 5425/52/5 5429/52/5 5432/52/5 5428/52/5
f 5426/52/6 5427/52/6 5431/52/6 5430/52/6
f 5433/1/1 5436/1/1 5435/1/1 5434/1/1
f 5437/1/2 5438/1/2 5439/1/2 5440/1/2
f 5433/1/3 5434/1/3 5438/1/3 5437/1/3
f 5436/1/4 5440/1/4 5439/1/4 5435/1/4
f 5433/1/5 5437/1/5 5440/1/5 5436/1/5
f 5434/1/6 5435/1/6 5439/1/6 5438/1/6
f 5441/1/1 5444/1/1 5443/1/1 5442/1/1
f 5445/1/2 5446/1/2 5447/1/2 5448/1/2
f 5441/1/3 5442/1/3 5446/1/3 5445/1/3
f 5444/1/4 5448/1/4 5447/1/4 5443/1/4
f 5441/1/5 5445/1/5 5448/1/5 5444/1/5
f 5442/1/6 5443/1/6 5447/1/6 5446/1/6
f 5449/1/1 5452/1/1 5451/1/1 5450/1/1
f 5453/1/2 5454/1/2 5455/1/2 5456/1/2
f 5449/1/3 5450/1/3 5454/1/3 5453/1/3
f 5452/1/4 5456/1/4 5455/1/4 5451/1/4
f 5449/1/5 5453/1/5 5456/1/5 5452/1/5
f 5450/1/6 5451/1/6 5455/1/6 5454/1/6
f 5457/1/1 5460/1/1 5459/1/1 5458/1/1
f 5461/1/2 5462/1/2 5463/1/2 5464/1/2
f 5457/1/3 5458/1/3 5462/1/3 5461/1/3
f 5460/1/4 5464/1/4 5463/1/4 5459/1/4
f 5457/1/5 5461/1/5 5464/1/5 5460/1/5
f 5458/1/6 5459/1/6 5463/1/6 5462/1/6
f 5465/1/1 5468/1/1 5467/1/1 5466/1/1
f 5469/1/2 5470/1/2 5471/1/2 5472/1/2
f 5465/1/3 5466/1/3 5470/1/3 5469/1/3
f 5468/1/4 5472/1/4 5471/1/4 5467/1/4
f 5465/1/5 5469/1/5 5472/1/5 5468/1/5
f 5466/1/6 5467/1/6 5471/1/6 5470/1/6
f 5473/1/1 5476/1/1 5475/1/1 5474/1/1
f 5477/1/2 5478/1/2 5479/1/2 5480/1/2
f 5473/1/3 5474/1/3 5478/1/3 5477/1/3
f 5476/1/4 5480/1/4 5479/1/4 5475/1/4
f 5473/1/5 5477/1/5 5480/1/5 5476/1/5
f 5474/1/6 5475/1/6 5479/1/6 5478/1/6
f 5481/1/1 5484/1/1 5483/1/1 5482/1/1
f 5485/1/2 5486/1/2 5487/1/2 5488/1/2
f 5481/1/3 5482/1/3 5486/1/3 5485/1/3
f 5484/1/4 5488/1/4 5487/1/4 5483/1/4
f 5481/1/5 5485/1/5 5488/1/5 5484/1/5
f 5482/1/6 5483/1/6 5487/1/6 5486/1/6
f 5489/1/1 5492/1/1 5491/1/1 5490/1/1
f 5493/1/2 5494/1/2 5495/1/2 5496/1/2
f 5489/1/3 5490/1/3 5494/1/3 5493/1/3
f 5492/1/4 5496/1/4 5495/1/4 5491/1/4
f 5489/1/5 5493/1/5 5496/1/5 5492/1/5
f 5490/1/6 5491/1/6 5495/1/6 5494/1/6
f 5497/1/1 5500/1/1 5499/1/1 5498/1/1
f 5501/1/2 5502/1/2 5503/1/2 5504/1/2
f 5497/1/3 5498/1/3 5502/1/3 5501/1/3
f 5500/1/4 5504/1/4 5503/1/4 5499/1/4
f 5497/1/5 5501/1/5 5504/1/5 5500/1/5
f 5498/1/6 5499/1/6 5503/1/6 5502/1/6
f 5505/1/1 5508/1/1 5507/1/1 5506/1/1
f 5509/1/2 5510/1/2 5511/1/2 5512/1/2
f 5505/1/3 5506/1/3 5510/1/3 5509/1/3
f 5508/1/4 5512/1/4 5511/1/4 5507/1/4
f 5505/1/5 5509/1/5 5512/1/5 5508/1/5
f 5506/1/6 5507/1/6 5511/1/6 5510/1/6
f 5513/1/1 5516/1/1 5515/1/1 5514/1/1
f 5517/1/2 5518/1/2 5519/1/2 5520/1/2
f 5513/1/3 5514/1/3 5518/1/3 5517/1/3
f 5516/1/4 5520/1/4 5519/1/4 5515/1/4
f 5513/1/5 5517/1/5 5520/1/5 5516/1/5
f 5514/1/6 5515/1/6 5519/1/6 5518/1/6
f 5521/1/1 5524/1/1 5523/1/1 5522/1/1
f 5525/1/2 5526/1/2 5527/1/2 5528/1/2
f 5521/1/3 5522/1/3 5526/1/3 5525/1/3
f 5524/1/4 5528/1/4 5527/1/4 5523/1/4
f 5521/1/5 5525/1/5 5528/1/5 5524/1/5
f 5522/1/6 5523/1/6 5527/1/6 5526/1/6
f 5529/2/1 5532/2/1 5531/2/1 5530/2/1
f 5533/2/2 5534/2/2 5535/2/2 5536/2/2
f 5529/2/3 5530/2/3 5534/2/3 5533/2/3
f 5532/2/4 5536/2/4 5535/2/4 5531/2/4
f 5529/2/5 5533/2/5 5536/2/5 5532/2/5
f 5530/2/6 5531/2/6 5535/2/6 5534/2/6
f 5537/2/1 5540/2/1 5539/2/1 5538/2/1
f 5541/2/2 5542/2/2 5543/2/2 5544/2/2
f 5537/2/3 5538/2/3 5542/2/3 5541/2/3
f 5540/2/4 5544/2/4 5543/2/4 5539/2/4
f 5537/2/5 5541/2/5 5544/2/5 5540/2/5
f 5538/2/6 5539/2/6 5543/2/6 5542/2/6
f 5545/2/1 5548/2/1 5547/2/1 5546/2/1
f 5549/2/2 5550/2/2 5551/2/2 5552/2/2
f 5545/2/3 5546/2/3 5550/2/3 5549/2/3
f 5548/2/4 5552/2/4 5551/2/4 5547/2/4
f 5545/2/5 5549/2/5 5552/2/5 5548/2/5
f 5546/2/6 5547/2/6 5551/2/6 5550/2/6
f 5553/2/1 5556/2/1 5555/2/1 5554/2/1
f 5557/2/2 5558/2/2 5559/2/2 5560/2/2
f 5553/2/3 5554/2/3 5558/2/3 5557/2/3
f 5556/2/4 5560/2/4 5559/2/4 5555/2/4
f 5553/2/5 5557/2/5 5560/2/5 5556/2/5
f 5554/2/6 5555/2/6 5559/2/6 5558/2/6
f 5561/2/1 5564/2/1 5563/2/1 5562/2/1
f 5565/2/2 5566/2/2 5567/2/2 5568/2/2
f 5561/2/3 5562/2/3 5566/2/3 5565/2/3
f 5564/2/4 5568/2/4 5567/2/4 5563/2/4
f 5561/2/5 5565/2/5 5568/2/5 5564/2/5
f 5562/2/6 5563/2/6 5567/2/6 5566/2/6
f 5569/2/1 5572/2/1 5571/2/1 5570/2/1
f 5573/2/2 5574/2/2 5575/2/2 5576/2/2
f 5569/2/3 5570/2/3 5574/2/3 5573/2/3
f 5572/2/4 5576/2/4 5575/2/4 5571/2/4
f 5569/2/5 5573/2/5 5576/2/5 5572/2/5
f 5570/2/6 5571/2/6 5575/2/6 5574/2/6
f 5577/2/1 5580/2/1 5579/2/1 5578/2/1
f 5581/2/2 5582/2/2 5583/2/2 5584/2/2
f 5577/2/3 5578/2/3 5582/2/3 5581/2/3
f 5580/2/4 5584/2/4 5583/2/4 5579/2/4
f 5577/2/5 5581/2/5 5584/2/5 5580/2/5
f 5578/2/6 5579/2/6 5583/2/6 5582/2/6
f 5585/2/1 5588/2/1 5587/2/1 5586/2/1
f 5589/2/2 5590/2/2 5591/2/2 5592/2/2
f 5585/2/3 5586/2/3 5590/2/3 5589/2/3
f 5588/2/4 5592/2/4 5591/2/4 5587/2/4
f 5585/2/5 5589/2/5 5592/2/5 5588/2/5
f 5586/2/6 5587/2/6 5591/2/6 5590/2/6
f 5593/2/1 5596/2/1 5595/2/1 5594/2/1
f 5597/2/2 5598/2/2 5599/2/2 5600/2/2
f 5593/2/3 5594/2/3 5598/2/3 5597/2/3
f 5596/2/4 5600/2/4 5599/2/4 5595/2/4
f 5593/2/5 5597/2/5 5600/2/5 5596/2/5
f 5594/2/6 5595/2/6 5599/2/6 5598/2/6
f 5601/2/1 5604/2/1 5603/2/1 5602/2/1
f 5605/2/2 5606/2/2 5607/2/2 5608/2/2
f 5601/2/3 5602/2/3 5606/2/3 5605/2/3
f 5604/2/4 5608/2/4 5607/2/4 5603/2/4
f 5601/2/5 5605/2/5 5608/2/5 5604/2/5
f 5602/2/6 5603/2/6 5607/2/6 5606/2/6
f 5609/56/1 5612/56/1 5611/56/1 5610/56/1
f 5613/56/2 5614/56/2 5615/56/2 5616/56/2
f 5609/56/3 5610/56/3 5614/56/3 5613/56/3
f 5612/56/4 5616/56/4 5615/56/4 5611/56/4
f 5609/56/5 5613/56/5 5616/56/5 5612/56/5
f 5610/56/6 5611/56/6 5615/56/6 5614/56/6
f 5617/1/1 5620/1/1 5619/1/1 5618/1/1
f 5621/1/2 5622/1/2 5623/1/2 5624/1/2
f 5617/1/3 5618/1/3 5622/1/3 5621/1/3
f 5620/1/4 5624/1/4 5623/1/4 5619/1/4
f 5617/1/5 5621/1/5 5624/1/5 5620/1/5
f 5618/1/6 5619/1/6 5623/1/6 5622/1/6
f 5625/1/1 5628/1/1 5627/1/1 5626/1/1
f 5629/1/2 5630/1/2 5631/1/2 5632/1/2
f 5625/1/3 5626/1/3 5630/1/3 5629/1/3
f 5628/1/4 5632/1/4 5631/1/4 5627/1/4
f 5625/1/5 5629/1/5 5632/1/5 5628/1/5
f 5626/1/6 5627/1/6 5631/1/6 5630/1/6
f 5633/1/1 5636/1/1 5635/1/1 5634/1/1
f 5637/1/2 5638/1/2 5639/1/2 5640/1/2
f 5633/1/3 5634/1/3 5638/1/3 5637/1/3
f 5636/1/4 5640/1/4 5639/1/4 5635/1/4
f 5633/1/5 5637/1/5 5640/1/5 5636/1/5
f 5634/1/6 5635/1/6 5639/1/6 5638/1/6
f 5641/1/1 5644/1/1 5643/1/1 5642/1/1
f 5645/1/2 5646/1/2 5647/1/2 5648/1/2
f 5641/1/3 5642/1/3 5646/1/3 5645/1/3
f 5644/1/4 5648/1/4 5647/1/4 5643/1/4
f 5641/1/5 5645/1/5 5648/1/5 5644/1/5
f 5642/1/6 5643/1/6 5647/1/6 5646/1/6
f 5649/1/1 5652/1/1 5651/1/1 5650/1/1
f 5653/1/2 5654/1/2 5655/1/2 5656/1/2
f 5649/1/3 5650/1/3 5654/1/3 5653/1/3
f 5652/1/4 5656/1/4 5655/1/4 5651/1/4
f 5649/1/5 5653/1/5 5656/1/5 5652/1/5
f 5650/1/6 5651/1/6 5655/1/6 5654/1/6
f 5657/1/1 5660/1/1 5659/1/1 5658/1/1
f 5661/1/2 5662/1/2 5663/1/2 5664/1/2
f 5657/1/3 5658/1/3 5662/1/3 5661/1/3
f 5660/1/4 5664/1/4 5663/1/4 5659/1/4
f 5657/1/5 5661/1/5 5664/1/5 5660/1/5
f 5658/1/6 5659/1/6 5663/1/6 5662/1/6
f 5665/2/1 5668/2/1 5667/2/1 5666/2/1
f 5669/2/2 5670/2/2 5671/2/2 5672/2/2
f 5665/2/3 5666/2/3 5670/2/3 5669/2/3
f 5668/2/4 5672/2/4 5671/2/4 5667/2/4
f 5665/2/5 5669/2/5 5672/2/5 5668/2/5
f 5666/2/6 5667/2/6 5671/2/6 5670/2/6
f 5673/2/1 5676/2/1 5675/2/1 5674/2/1
f 5677/2/2 5678/2/2 5679/2/2 5680/2/2
f 5673/2/3 5674/2/3 5678/2/3 5677/2/3
f 5676/2/4 5680/2/4 5679/2/4 5675/2/4
f 5673/2/5 5677/2/5 5680/2/5 5676/2/5
f 5674/2/6 5675/2/6 5679/2/6 5678/2/6
f 5681/2/1 5684/2/1 5683/2/1 5682/2/1
f 5685/2/2 5686/2/2 5687/2/2 5688/2/2
f 5681/2/3 5682/2/3 5686/2/3 5685/2/3
f 5684/2/4 5688/2/4 5687/2/4 5683/2/4
f 5681/2/5 5685/2/5 5688/2/5 5684/2/5
f 5682/2/6 5683/2/6 5687/2/6 5686/2/6
f 5689/2/1 5692/2/1 5691/2/1 5690/2/1
f 5693/2/2 5694/2/2 5695/2/2 5696/2/2
f 5689/2/3 5690/2/3 5694/2/3 5693/2/3
f 5692/2/4 5696/2/4 5695/2/4 5691/2/4
f 5689/2/5 5693/2/5 5696/2/5 5692/2/5
f 5690/2/6 5691/2/6 5695/2/6 5694/2/6
f 5697/2/1 5700/2/1 5699/2/1 5698/2/1
f 5701/2/2 5702/2/2 5703/2/2 5704/2/2
f 5697/2/3 5698/2/3 5702/2/3 5701/2/3
f 5700/2/4 5704/2/4 5703/2/4 5699/2/4
f 5697/2/5 5701/2/5 5704/2/5 5700/2/5
f 5698/2/6 5699/2/6 5703/2/6 5702/2/6
f 5705/2/1 5708/2/1 5707/2/1 5706/2/1
f 5709/2/2 5710/2/2 5711/2/2 5712/2/2
f 5705/2/3 5706/2/3 5710/2/3 5709/2/3
f 5708/2/4 5712/2/4 5711/2/4 5707/2/4
f 5705/2/5 5709/2/5 5712/2/5 5708/2/5
f 5706/2/6 5707/2/6 5711/2/6 5710/2/6
f 5713/2/1 5716/2/1 5715/2/1 5714/2/1
f 5717/2/2 5718/2/2 5719/2/2 5720/2/2
f 5713/2/3 5714/2/3 5718/2/3 5717/2/3
f 5716/2/4 5720/2/4 5719/2/4 5715/2/4
f 5713/2/5 5717/2/5 5720/2/5 5716/2/5
f 5714/2/6 5715/2/6 5719/2/6 5718/2/6
f 5721/2/1 5724/2/1 5723/2/1 5722/2/1
f 5725/2/2 5726/2/2 5727/2/2 5728/2/2
f 5721/2/3 5722/2/3 5726/2/3 5725/2/3
f 5724/2/4 5728/2/4 5727/2/4 5723/2/4
f 5721/2/5 5725/2/5 5728/2/5 5724/2/5
f 5722/2/6 5723/2/6 5727/2/6 5726/2/6
f 5729/2/1 5732/2/1 5731/2/1 5730/2/1
f 5733/2/2 5734/2/2 5735/2/2 5736/2/2
f 5729/2/3 5730/2/3 5734/2/3 5733/2/3
f 5732/2/4 5736/2/4 5735/2/4 5731/2/4
f 5729/2/5 5733/2/5 5736/2/5 5732/2/5
f 5730/2/6 5731/2/6 5735/2/6 5734/2/6
f 5737/2/1 5740/2/1 5739/2/1 5738/2/1
f 5741/2/2 5742/2/2 5743/2/2 5744/2/2
f 5737/2/3 5738/2/3 5742/2/3 5741/2/3
f 5740/2/4 5744/2/4 5743/2/4 5739/2/4
f 5737/2/5 5741/2/5 5744/2/5 5740/2/5
f 5738/2/6 5739/2/6 5743/2/6 5742/2/6
f 5745/56/1 5748/56/1 5747/56/1 5746/56/1
f 5749/56/2 5750/56/2 5751/56/2 5752/56/2
f 5745/56/3 5746/56/3 5750/56/3 5749/56/3
f 5748/56/4 5752/56/4 5751/56/4 5747/56/4
f 5745/56/5 5749/56/5 5752/56/5 5748/56/5
f 5746/56/6 5747/56/6 5751/56/6 5750/56/6
f 5753/1/1 5756/1/1 5755/1/1 5754/1/1
f 5757/1/2 5758/1/2 5759/1/2 5760/1/2
f 5753/1/3 5754/1/3 5758/1/3 5757/1/3
f 5756/1/4 5760/1/4 5759/1/4 5755/1/4
f 5753/1/5 5757/1/5 5760/1/5 5756/1/5
f 5754/1/6 5755/1/6 5759/1/6 5758/1/6
f 5761/1/1 5764/1/1 5763/1/1 5762/1/1
f 5765/1/2 5766/1/2 5767/1/2 5768/1/2
f 5761/1/3 5762/1/3 5766/1/3 5765/1/3
f 5764/1/4 5768/1/4 5767/1/4 5763/1/4
f 5761/1/5 5765/1/5 5768/1/5 5764/1/5
f 5762/1/6 5763/1/6 5767/1/6 5766/1/6
f 5769/1/1 5772/1/1 5771/1/1 5770/1/1
f 5773/1/2 5774/1/2 5775/1/2 5776/1/2
f 5769/1/3 5770/1/3 5774/1/3 5773/1/3
f 5772/1/4 5776/1/4 5775/1/4 5771/1/4
f 5769/1/5 5773/1/5 5776/1/5 5772/1/5
f 5770/1/6 5771/1/6 5775/1/6 5774/1/6
f 5777/1/1 5780/1/1 5779/1/1 5778/1/1
f 5781/1/2 5782/1/2 5783/1/2 5784/1/2
f 5777/1/3 5778/1/3 5782/1/3 5781/1/3
f 5780/1/4 5784/1/4 5783/1/4 5779/1/4
f 5777/1/5 5781/1/5 5784/1/5 5780/1/5
f 5778/1/6 5779/1/6 5783/1/6 5782/1/6
f 5785/1/1 5788/1/1 5787/1/1 5786/1/1
f 5789/1/2 5790/1/2 5791/1/2 5792/1/2
f 5785/1/3 5786/1/3 5790/1/3 5789/1/3
f 5788/1/4 5792/1/4 5791/1/4 5787/1/4
f 5785/1/5 5789/1/5 5792/1/5 5788/1/5
f 5786/1/6 5787/1/6 5791/1/6 5790/1/6
f 5793/1/1 5796/1/1 5795/1/1 5794/1/1
f 5797/1/2 5798/1/2 5799/1/2 5800/1/2
f 5793/1/3 5794/1/3 5798/1/3 5797/1/3
f 5796/1/4 5800/1/4 5799/1/4 5795/1/4
f 5793/1/5 5797/1/5 5800/1/5 5796/1/5
f 5794/1/6 5795/1/6 5799/1/6 5798/1/6
f 5801/2/1 5804/2/1 5803/2/1 5802/2/1
f 5805/2/2 5806/2/2 5807/2/2 5808/2/2
f 5801/2/3 5802/2/3 5806/2/3 5805/2/3
f 5804/2/4 5808/2/4 5807/2/4 5803/2/4
f 5801/2/5 5805/2/5 5808/2/5 5804/2/5
f 5802/2/6 5803/2/6 5807/2/6 5806/2/6
f 5809/2/1 5812/2/1 5811/2/1 5810/2/1
f 5813/2/2 5814/2/2 5815/2/2 5816/2/2
f 5809/2/3 5810/2/3 5814/2/3 5813/2/3
f 5812/2/4 5816/2/4 5815/2/4 5811/2/4
f 5809/2/5 5813/2/5 5816/2/5 5812/2/5
f 5810/2/6 5811/2/6 5815/2/6 5814/2/6
f 5817/2/1 5820/2/1 5819/2/1 5818/2/1
f 5821/2/2 5822/2/2 5823/2/2 5824/2/2
f 5817/2/3 5818/2/3 5822/2/3 5821/2/3
f 5820/2/4 5824/2/4 5823/2/4 5819/2/4
f 5817/2/5 5821/2/5 5824/2/5 5820/2/5
f 5818/2/6 5819/2/6 5823/2/6 5822/2/6
f 5825/2/1 5828/2/1 5827/2/1 5826/2/1
f 5829/2/2 5830/2/2 5831/2/2 5832/2/2
f 5825/2/3 5826/2/3 5830/2/3 5829/2/3
f 5828/2/4 5832/2/4 5831/2/4 5827/2/4
f 5825/2/5 5829/2/5 5832/2/5 5828/2/5
f 5826/2/6 5827/2/6 5831/2/6 5830/2/6
f 5833/2/1 5836/2/1 5835/2/1 5834/2/1
f 5837/2/2 5838/2/2 5839/2/2 5840/2/2
f 5833/2/3 5834/2/3 5838/2/3 5837/2/3
f 5836/2/4 5840/2/4 5839/2/4 5835/2/4
f 5833/2/5 5837/2/5 5840/2/5 5836/2/5
f 5834/2/6 5835/2/6 5839/2/6 5838/2/6
f 5841/2/1 5844/2/1 5843/2/1 5842/2/1
f 5845/2/2 5846/2/2 5847/2/2 5848/2/2
f 5841/2/3 5842/2/3 5846/2/3 5845/2/3
f 5844/2/4 5848/2/4 5847/2/4 5843/2/4
f 5841/2/5 5845/2/5 5848/2/5 5844/2/5
f 5842/2/6 5843/2/6 5847/2/6 5846/2/6
f 5849/2/1 5852/2/1 5851/2/1 5850/2/1
f 5853/2/2 5854/2/2 5855/2/2 5856/2/2
f 5849/2/3 5850/2/3 5854/2/3 5853/2/3
f 5852/2/4 5856/2/4 5855/2/4 5851/2/4
f 5849/2/5 5853/2/5 5856/2/5 5852/2/5
f 5850/2/6 5851/2/6 5855/2/6 5854/2/6
f 5857/2/1 5860/2/1 5859/2/1 5858/2/1
f 5861/2/2 5862/2/2 5863/2/2 5864/2/2
f 5857/2/3 5858/2/3 5862/2/3 5861/2/3
f 5860/2/4 5864/2/4 5863/2/4 5859/2/4
f 5857/2/5 5861/2/5 5864/2/5 5860/2/5
f 5858/2/6 5859/2/6 5863/2/6 5862/2/6
f 5865/2/1 5868/2/1 5867/2/1 5866/2/1
f 5869/2/2 5870/2/2 5871/2/2 5872/2/2
f 5865/2/3 5866/2/3 5870/2/3 5869/2/3
f 5868/2/4 5872/2/4 5871/2/4 5867/2/4
f 5865/2/5 5869/2/5 5872/2/5 5868/2/5
f 5866/2/6 5867/2/6 5871/2/6 5870/2/6
f 5873/2/1 5876/2/1 5875/2/1 5874/2/1
f 5877/2/2 5878/2/2 5879/2/2 5880/2/2
f 5873/2/3 5874/2/3 5878/2/3 5877/2/3
f 5876/2/4 5880/2/4 5879/2/4 5875/2/4
f 5873/2/5 5877/2/5 5880/2/5 5876/2/5
f 5874/2/6 5875/2/6 5879/2/6 5878/2/6
f 5881/2/1 5884/2/1 5883/2/1 5882/2/1
f 5885/2/2 5886/2/2 5887/2/2 5888/2/2
f 5881/2/3 5882/2/3 5886/2/3 5885/2/3
f 5884/2/4 5888/2/4 5887/2/4 5883/2/4
f 5881/2/5 5885/2/5 5888/2/5 5884/2/5
f 5882/2/6 5883/2/6 5887/2/6 5886/2/6
f 5889/2/1 5892/2/1 5891/2/1 5890/2/1
f 5893/2/2 5894/2/2 5895/2/2 5896/2/2
f 5889/2/3 5890/2/3 5894/2/3 5893/2/3
f 5892/2/4 5896/2/4 5895/2/4 5891/2/4
f 5889/2/5 5893/2/5 5896/2/5 5892/2/5
f 5890/2/6 5891/2/6 5895/2/6 5894/2/6
f 5897/56/1 5900/56/1 5899/56/1 5898/56/1
f 5901/56/2 5902/56/2 5903/56/2 5904/56/2
f 5897/56/3 5898/56/3 5902/56/3 5901/56/3
f 5900/56/4 5904/56/4 5903/56/4 5899/56/4
f 5897/56/5 5901/56/5 5904/56/5 5900/56/5
f 5898/56/6 5899/56/6 5903/56/6 5902/56/6
f 5905/56/1 5908/56/1 5907/56/1 5906/56/1
f 5909/56/2 5910/56/2 5911/56/2 5912/56/2
f 5905/56/3 5906/56/3 5910/56/3 5909/56/3
f 5908/56/4 5912/56/4 5911/56/4 5907/56/4
f 5905/56/5 5909/56/5 5912/56/5 5908/56/5
f 5906/56/6 5907/56/6 5911/56/6 5910/56/6
f 5913/1/1 5916/1/1 5915/1/1 5914/1/1
f 5917/1/2 5918/1/2 5919/1/2 5920/1/2
f 5913/1/3 5914/1/3 5918/1/3 5917/1/3
f 5916/1/4 5920/1/4 5919/1/4 5915/1/4
f 5913/1/5 5917/1/5 5920/1/5 5916/1/5
f 5914/1/6 5915/1/6 5919/1/6 5918/1/6
f 5921/1/1 5924/1/1 5923/1/1 5922/1/1
f 5925/1/2 5926/1/2 5927/1/2 5928/1/2
f 5921/1/3 5922/1/3 5926/1/3 5925/1/3
f 5924/1/4 5928/1/4 5927/1/4 5923/1/4
f 5921/1/5 5925/1/5 5928/1/5 5924/1/5
f 5922/1/6 5923/1/6 5927/1/6 5926/1/6
f 5929/1/1 5932/1/1 5931/1/1 5930/1/1
f 5933/1/2 5934/1/2 5935/1/2 5936/1/2
f 5929/1/3 5930/1/3 5934/1/3 5933/1/3
f 5932/1/4 5936/1/4 5935/1/4 5931/1/4
f 5929/1/5 5933/1/5 5936/1/5 5932/1/5
f 5930/1/6 5931/1/6 5935/1/6 5934/1/6
f 5937/1/1 5940/1/1 5939/1/1 5938/1/1
f 5941/1/2 5942/1/2 5943/1/2 5944/1/2
f 5937/1/3 5938/1/3 5942/1/3 5941/1/3
f 5940/1/4 5944/1/4 5943/1/4 5939/1/4
f 5937/1/5 5941/1/5 5944/1/5 5940/1/5
f 5938/1/6 5939/1/6 5943/1/6 5942/1/6
f 5945/1/1 5948/1/1 5947/1/1 5946/1/1
f 5949/1/2 5950/1/2 5951/1/2 5952/1/2
f 5945/1/3 5946/1/3 5950/1/3 5949/1/3
f 5948/1/4 5952/1/4 5951/1/4 5947/1/4
f 5945/1/5 5949/1/5 5952/1/5 5948/1/5
f 5946/1/6 5947/1/6 5951/1/6 5950/1/6
f 5953/1/1 5956/1/1 5955/1/1 5954/1/1
f 5957/1/2 5958/1/2 5959/1/2 5960/1/2
f 5953/1/3 5954/1/3 5958/1/3 5957/1/3
f 5956/1/4 5960/1/4 5959/1/4 5955/1/4
f 5953/1/5 5957/1/5 5960/1/5 5956/1/5
f 5954/1/6 5955/1/6 5959/1/6 5958/1/6
f 5961/1/1 5964/1/1 5963/1/1 5962/1/1
f 5965/1/2 5966/1/2 5967/1/2 5968/1/2
f 5961/1/3 5962/1/3 5966/1/3 5965/1/3
f 5964/1/4 5968/1/4 5967/1/4 5963/1/4
f 5961/1/5 5965/1/5 5968/1/5 5964/1/5
f 5962/1/6 5963/1/6 5967/1/6 5966/1/6
f 5969/1/1 5972/1/1 5971/1/1 5970/1/1
f 5973/1/2 5974/1/2 5975/1/2 5976/1/2
f 5969/1/3 5970/1/3 5974/1/3 5973/1/3
f 5972/1/4 5976/1/4 5975/1/4 5971/1/4
f 5969/1/5 5973/1/5 5976/1/5 5972/1/5
f 5970/1/6 5971/1/6 5975/1/6 5974/1/6
f 5977/2/1 5980/2/1 5979/2/1 5978/2/1
f 5981/2/2 5982/2/2 5983/2/2 5984/2/2
f 5977/2/3 5978/2/3 5982/2/3 5981/2/3
f 5980/2/4 5984/2/4 5983/2/4 5979/2/4
f 5977/2/5 5981/2/5 5984/2/5 5980/2/5
f 5978/2/6 5979/2/6 5983/2/6 5982/2/6
f 5985/2/1 5988/2/1 5987/2/1 5986/2/1
f 5989/2/2 5990/2/2 5991/2/2 5992/2/2
f 5985/2/3 5986/2/3 5990/2/3 5989/2/3
f 5988/2/4 5992/2/4 5991/2/4 5987/2/4
f 5985/2/5 5989/2/5 5992/2/5 5988/2/5
f 5986/2/6 5987/2/6 5991/2/6 5990/2/6
f 5993/2/1 5996/2/1 5995/2/1 5994/2/1
f 5997/2/2 5998/2/2 5999/2/2 6000/2/2
f 5993/2/3 5994/2/3 5998/2/3 5997/2/3
f 5996/2/4 6000/2/4 5999/2/4 5995/2/4
f 5993/2/5 5997/2/5 6000/2/5 5996/2/5
f 5994/2/6 5995/2/6 5999/2/6 5998/2/6
f 6001/2/1 6004/2/1 6003/2/1 6002/2/1
f 6005/2/2 6006/2/2 6007/2/2 6008/2/2
f 6001/2/3 6002/2/3 6006/2/3 6005/2/3
f 6004/2/4 6008/2/4 6007/2/4 6003/2/4
f 6001/2/5 6005/2/5 6008/2/5 6004/2/5
f 6002/2/6 6003/2/6 6007/2/6 6006/2/6
f 6009/2/1 6012/2/1 6011/2/1 6010/2/1
f 6013/2/2 6014/2/2 6015/2/2 6016/2/2
f 6009/2/3 6010/2/3 6014/2/3 6013/2/3
f 6012/2/4 6016/2/4 6015/2/4 6011/2/4
f 6009/2/5 6013/2/5 6016/2/5 6012/2/5
f 6010/2/6 6011/2/6 6015/2/6 6014/2/6
f 6017/2/1 6020/2/1 6019/2/1 6018/2/1
f 6021/2/2 6022/2/2 6023/2/2 6024/2/2
f 6017/2/3 6018/2/3 6022/2/3 6021/2/3
f 6020/2/4 6024/2/4 6023/2/4 6019/2/4
f 6017/2/5 6021/2/5 6024/2/5 6020/2/5
f 6018/2/6 6019/2/6 6023/2/6 6022/2/6
f 6025/2/1 6028/2/1 6027/2/1 6026/2/1
f 6029/2/2 6030/2/2 6031/2/2 6032/2/2
f 6025/2/3 6026/2/3 6030/2/3 6029/2/3
f 6028/2/4 6032/2/4 6031/2/4 6027/2/4
f 6025/2/5 6029/2/5 6032/2/5 6028/2/5
f 6026/2/6 6027/2/6 6031/2/6 6030/2/6
f 6033/2/1 6036/2/1 6035/2/1 6034/2/1
f 6037/2/2 6038/2/2 6039/2/2 6040/2/2
f 6033/2/3 6034/2/3 6038/2/3 6037/2/3
f 6036/2/4 6040/2/4 6039/2/4 6035/2/4
f 6033/2/5 6037/2/5 6040/2/5 6036/2/5
f 6034/2/6 6035/2/6 6039/2/6 6038/2/6
f 6041/2/1 6044/2/1 6043/2/1 6042/2/1
f 6045/2/2 6046/2/2 6047/2/2 6048/2/2
f 6041/2/3 6042/2/3 6046/2/3 6045/2/3
f 6044/2/4 6048/2/4 6047/2/4 6043/2/4
f 6041/2/5 6045/2/5 6048/2/5 6044/2/5
f 6042/2/6 6043/2/6 6047/2/6 6046/2/6
f 6049/2/1 6052/2/1 6051/2/1 6050/2/1
f 6053/2/2 6054/2/2 6055/2/2 6056/2/2
f 6049/2/3 6050/2/3 6054/2/3 6053/2/3
f 6052/2/4 6056/2/4 6055/2/4 6051/2/4
f 6049/2/5 6053/2/5 6056/2/5 6052/2/5
f 6050/2/6 6051/2/6 6055/2/6 6054/2/6
f 6057/2/1 6060/2/1 6059/2/1 6058/2/1
f 6061/2/2 6062/2/2 6063/2/2 6064/2/2
f 6057/2/3 6058/2/3 6062/2/3 6061/2/3
f 6060/2/4 6064/2/4 6063/2/4 6059/2/4
f 6057/2/5 6061/2/5 6064/2/5 6060/2/5
f 6058/2/6 6059/2/6 6063/2/6 6062/2/6
f 6065/2/1 6068/2/1 6067/2/1 6066/2/1
f 6069/2/2 6070/2/2 6071/2/2 6072/2/2
f 6065/2/3 6066/2/3 6070/2/3 6069/2/3
f 6068/2/4 6072/2/4 6071/2/4 6067/2/4
f 6065/2/5 6069/2/5 6072/2/5 6068/2/5
f 6066/2/6 6067/2/6 6071/2/6 6070/2/6
f 6073/56/1 6076/56/1 6075/56/1 6074/56/1
f 6077/56/2 6078/56/2 6079/56/2 6080/56/2
f 6073/56/3 6074/56/3 6078/56/3 6077/56/3
f 6076/56/4 6080/56/4 6079/56/4 6075/56/4
f 6073/56/5 6077/56/5 6080/56/5 6076/56/5
f 6074/56/6 6075/56/6 6079/56/6 6078/56/6
f 6081/56/1 6084/56/1 6083/56/1 6082/56/1
f 6085/56/2 6086/56/2 6087/56/2 6088/56/2
f 6081/56/3 6082/56/3 6086/56/3 6085/56/3
f 6084/56/4 6088/56/4 6087/56/4 6083/56/4
f 6081/56/5 6085/56/5 6088/56/5 6084/56/5
f 6082/56/6 6083/56/6 6087/56/6 6086/56/6
f 6089/56/1 6092/56/1 6091/56/1 6090/56/1
f 6093/56/2 6094/56/2 6095/56/2 6096/56/2
f 6089/56/3 6090/56/3 6094/56/3 6093/56/3
f 6092/56/4 6096/56/4 6095/56/4 6091/56/4
f 6089/56/5 6093/56/5 6096/56/5 6092/56/5
f 6090/56/6 6091/56/6 6095/56/6 6094/56/6
f 6097/56/1 6100/56/1 6099/56/1 6098/56/1
f 6101/56/2 6102/56/2 6103/56/2 6104/56/2
f 6097/56/3 6098/56/3 6102/56/3 6101/56/3
f 6100/56/4 6104/56/4 6103/56/4 6099/56/4
f 6097/56/5 6101/56/5 6104/56/5 6100/56/5
f 6098/56/6 6099/56/6 6103/56/6 6102/56/6
f 6105/56/1 6108/56/1 6107/56/1 6106/56/1
f 6109/56/2 6110/56/2 6111/56/2 6112/56/2
f 6105/56/3 6106/56/3 6110/56/3 6109/56/3
f 6108/56/4 6112/56/4 6111/56/4 6107/56/4
f 6105/56/5 6109/56/5 6112/56/5 6108/56/5
f 6106/56/6 6107/56/6 6111/56/6 6110/56/6
f 6113/56/1 6116/56/1 6115/56/1 6114/56/1
f 6117/56/2 6118/56/2 6119/56/2 6120/56/2
f 6113/56/3 6114/56/3 6118/56/3 6117/56/3
f 6116/56/4 6120/56/4 6119/56/4 6115/56/4
f 6113/56/5 6117/56/5 6120/56/5 6116/56/5
f 6114/56/6 6115/56/6 6119/56/6 6118/56/6
f 6121/56/1 6124/56/1 6123/56/1 6122/56/1
f 6125/56/2 6126/56/2 6127/56/2 6128/56/2
f 6121/56/3 6122/56/3 6126/56/3 6125/56/3
f 6124/56/4 6128/56/4 6127/56/4 6123/56/4
f 6121/56/5 6125/56/5 6128/56/5 6124/56/5
f 6122/56/6 6123/56/6 6127/56/6 6126/56/6
f 6129/56/1 6132/56/1 6131/56/1 6130/56/1
f 6133/56/2 6134/56/2 6135/56/2 6136/56/2
f 6129/56/3 6130/56/3 6134/56/3 6133/56/3
f 6132/56/4 6136/56/4 6135/56/4 6131/56/4
f 6129/56/5 6133/56/5 6136/56/5 6132/56/5
f 6130/56/6 6131/56/6 6135/56/6 6134/56/6
f 6137/1/1 6140/1/1 6139/1/1 6138/1/1
f 6141/1/2 6142/1/2 6143/1/2 6144/1/2
f 6137/1/3 6138/1/3 6142/1/3 6141/1/3
f 6140/1/4 6144/1/4 6143/1/4 6139/1/4
f 6137/1/5 6141/1/5 6144/1/5 6140/1/5
f 6138/1/6 6139/1/6 6143/1/6 6142/1/6
f 6145/1/1 6148/1/1 6147/1/1 6146/1/1
f 6149/1/2 6150/1/2 6151/1/2 6152/1/2
f 6145/1/3 6146/1/3 6150/1/3 6149/1/3
f 6148/1/4 6152/1/4 6151/1/4 6147/1/4
f 6145/1/5 6149/1/5 6152/1/5 6148/1/5
f 6146/1/6 6147/1/6 6151/1/6 6150/1/6
f 6153/2/1 6156/2/1 6155/2/1 6154/2/1
f 6157/2/2 6158/2/2 6159/2/2 6160/2/2
f 6153/2/3 6154/2/3 6158/2/3 6157/2/3
f 6156/2/4 6160/2/4 6159/2/4 6155/2/4
f 6153/2/5 6157/2/5 6160/2/5 6156/2/5
f 6154/2/6 6155/2/6 6159/2/6 6158/2/6
f 6161/2/1 6164/2/1 6163/2/1 6162/2/1
f 6165/2/2 6166/2/2 6167/2/2 6168/2/2
f 6161/2/3 6162/2/3 6166/2/3 6165/2/3
f 6164/2/4 6168/2/4 6167/2/4 6163/2/4
f 6161/2/5 6165/2/5 6168/2/5 6164/2/5
f 6162/2/6 6163/2/6 6167/2/6 6166/2/6
f 6169/2/1 6172/2/1 6171/2/1 6170/2/1
f 6173/2/2 6174/2/2 6175/2/2 6176/2/2
f 6169/2/3 6170/2/3 6174/2/3 6173/2/3
f 6172/2/4 6176/2/4 6175/2/4 6171/2/4
f 6169/2/5 6173/2/5 6176/2/5 6172/2/5
f 6170/2/6 6171/2/6 6175/2/6 6174/2/6
f 6177/2/1 6180/2/1 6179/2/1 6178/2/1
f 6181/2/2 6182/2/2 6183/2/2 6184/2/2
f 6177/2/3 6178/2/3 6182/2/3 6181/2/3
f 6180/2/4 6184/2/4 6183/2/4 6179/2/4
f 6177/2/5 6181/2/5 6184/2/5 6180/2/5
f 6178/2/6 6179/2/6 6183/2/6 6182/2/6
f 6185/2/1 6188/2/1 6187/2/1 6186/2/1
f 6189/2/2 6190/2/2 6191/2/2 6192/2/2
f 6185/2/3 6186/2/3 6190/2/3 6189/2/3
f 6188/2/4 6192/2/4 6191/2/4 6187/2/4
f 6185/2/5 6189/2/5 6192/2/5 6188/2/5
f 6186/2/6 6187/2/6 6191/2/6 6190/2/6
f 6193/2/1 6196/2/1 6195/2/1 6194/2/1
f 6197/2/2 6198/2/2 6199/2/2 6200/2/2
f 6193/2/3 6194/2/3 6198/2/3 6197/2/3
f 6196/2/4 6200/2/4 6199/2/4 6195/2/4
f 6193/2/5 6197/2/5 6200/2/5 6196/2/5
f 6194/2/6 6195/2/6 6199/2/6 6198/2/6
f 6201/2/1 6204/2/1 6203/2/1 6202/2/1
f 6205/2/2 6206/2/2 6207/2/2 6208/2/2
f 6201/2/3 6202/2/3 6206/2/3 6205/2/3
f 6204/2/4 6208/2/4 6207/2/4 6203/2/4
f 6201/2/5 6205/2/5 6208/2/5 6204/2/5
f 6202/2/6 6203/2/6 6207/2/6 6206/2/6
f 6209/2/1 6212/2/1 6211/2/1 6210/2/1
f 6213/2/2 6214/2/2 6215/2/2 6216/2/2
f 6209/2/3 6210/2/3 6214/2/3 6213/2/3
f 6212/2/4 6216/2/4 6215/2/4 6211/2/4
f 6209/2/5 6213/2/5 6216/2/5 6212/2/5
f 6210/2/6 6211/2/6 6215/2/6 6214/2/6
f 6217/2/1 6220/2/1 6219/2/1 6218/2/1
f 6221/2/2 6222/2/2 6223/2/2 6224/2/2
f 6217/2/3 6218/2/3 6222/2/3 6221/2/3
f 6220/2/4 6224/2/4 6223/2/4 6219/2/4
f 6217/2/5 6221/2/5 6224/2/5 6220/2/5
f 6218/2/6 6219/2/6 6223/2/6 6222/2/6
f 6225/2/1 6228/2/1 6227/2/1 6226/2/1
f 6229/2/2 6230/2/2 6231/2/2 6232/2/2
f 6225/2/3 6226/2/3 6230/2/3 6229/2/3
f 6228/2/4 6232/2/4 6231/2/4 6227/2/4
f 6225/2/5 6229/2/5 6232/2/5 6228/2/5
f 6226/2/6 6227/2/6 6231/2/6 6230/2/6
f 6233/2/1 6236/2/1 6235/2/1 6234/2/1
f 6237/2/2 6238/2/2 6239/2/2 6240/2/2
f 6233/2/3 6234/2/3 6238/2/3 6237/2/3
f 6236/2/4 6240/2/4 6239/2/4 6235/2/4
f 6233/2/5 6237/2/5 6240/2/5 6236/2/5
f 6234/2/6 6235/2/6 6239/2/6 6238/2/6
f 6241/2/1 6244/2/1 6243/2/1 6242/2/1
f 6245/2/2 6246/2/2 6247/2/2 6248/2/2
f 6241/2/3 6242/2/3 6246/2/3 6245/2/3
f 6244/2/4 6248/2/4 6247/2/4 6243/2/4
f 6241/2/5 6245/2/5 6248/2/5 6244/2/5
f 6242/2/6 6243/2/6 6247/2/6 6246/2/6
f 6249/2/1 6252/2/1 6251/2/1 6250/2/1
f 6253/2/2 6254/2/2 6255/2/2 6256/2/2
f 6249/2/3 6250/2/3 6254/2/3 6253/2/3
f 6252/2/4 6256/2/4 6255/2/4 6251/2/4
f 6249/2/5 6253/2/5 6256/2/5 6252/2/5
f 6250/2/6 6251/2/6 6255/2/6 6254/2/6
f 6257/2/1 6260/2/1 6259/2/1 6258/2/1
f 6261/2/2 6262/2/2 6263/2/2 6264/2/2
f 6257/2/3 6258/2/3 6262/2/3 6261/2/3
f 6260/2/4 6264/2/4 6263/2/4 6259/2/4
f 6257/2/5 6261/2/5 6264/2/5 6260/2/5
f 6258/2/6 6259/2/6 6263/2/6 6262/2/6
f 6265/56/1 6268/56/1 6267/56/1 6266/56/1
f 6269/56/2 6270/56/2 6271/56/2 6272/56/2
f 6265/56/3 6266/56/3 6270/56/3 6269/56/3
f 6268/56/4 6272/56/4 6271/56/4 6267/56/4
f 6265/56/5 6269/56/5 6272/56/5 6268/56/5
f 6266/56/6 6267/56/6 6271/56/6 6270/56/6
f 6273/56/1 6276/56/1 6275/56/1 6274/56/1
f 6277/56/2 6278/56/2 6279/56/2 6280/56/2
f 6273/56/3 6274/56/3 6278/56/3 6277/56/3
f 6276/56/4 6280/56/4 6279/56/4 6275/56/4
f 6273/56/5 6277/56/5 6280/56/5 6276/56/5
f 6274/56/6 6275/56/6 6279/56/6 6278/56/6
f 6281/56/1 6284/56/1 6283/56/1 6282/56/1
f 6285/56/2 6286/56/2 6287/56/2 6288/56/2
f 6281/56/3 6282/56/3 6286/56/3 6285/56/3
f 6284/56/4 6288/56/4 6287/56/4 6283/56/4
f 6281/56/5 6285/56/5 6288/56/5 6284/56/5
f 6282/56/6 6283/56/6 6287/56/6 6286/56/6
f 6289/56/1 6292/56/1 6291/56/1 6290/56/1
f 6293/56/2 6294/56/2 6295/56/2 6296/56/2
f 6289/56/3 6290/56/3 6294/56/3 6293/56/3
f 6292/56/4 6296/56/4 6295/56/4 6291/56/4
f 6289/56/5 6293/56/5 6296/56/5 6292/56/5
f 6290/56/6 6291/56/6 6295/56/6 6294/56/6
f 6297/56/1 6300/56/1 6299/56/1 6298/56/1
f 6301/56/2 6302/56/2 6303/56/2 6304/56/2
f 6297/56/3 6298/56/3 6302/56/3 6301/56/3
f 6300/56/4 6304/56/4 6303/56/4 6299/56/4
f 6297/56/5 6301/56/5 6304/56/5 6300/56/5
f 6298/56/6 6299/56/6 6303/56/6 6302/56/6
f 6305/56/1 6308/56/1 6307/56/1 6306/56/1
f 6309/56/2 6310/56/2 6311/56/2 6312/56/2
f 6305/56/3 6306/56/3 6310/56/3 6309/56/3
f 6308/56/4 6312/56/4 6311/56/4 6307/56/4
f 6305/56/5 6309/56/5 6312/56/5 6308/56/5
f 6306/56/6 6307/56/6 6311/56/6 6310/56/6
f 6313/56/1 6316/56/1 6315/56/1 6314/56/1
f 6317/56/2 6318/56/2 6319/56/2 6320/56/2
f 6313/56/3 6314/56/3 6318/56/3 6317/56/3
f 6316/56/4 6320/56/4 6319/56/4 6315/56/4
f 6313/56/5 6317/56/5 6320/56/5 6316/56/5
f 6314/56/6 6315/56/6 6319/56/6 6318/56/6
f 6321/56/1 6324/56/1 6323/56/1 6322/56/1
f 6325/56/2 6326/56/2 6327/56/2 6328/56/2
f 6321/56/3 6322/56/3 6326/56/3 6325/56/3
f 6324/56/4 6328/56/4 6327/56/4 6323/56/4
f 6321/56/5 6325/56/5 6328/56/5 6324/56/5
f 6322/56/6 6323/56/6 6327/56/6 6326/56/6
f 6329/56/1 6332/56/1 6331/56/1 6330/56/1
f 6333/56/2 6334/56/2 6335/56/2 6336/56/2
f 6329/56/3 6330/56/3 6334/56/3 6333/56/3
f 6332/56/4 6336/56/4 6335/56/4 6331/56/4
f 6329/56/5 6333/56/5 6336/56/5 6332/56/5
f 6330/56/6 6331/56/6 6335/56/6 6334/56/6
f 6337/56/1 6340/56/1 6339/56/1 6338/56/1
f 6341/56/2 6342/56/2 6343/56/2 6344/56/2
f 6337/56/3 6338/56/3 6342/56/3 6341/56/3
f 6340/56/4 6344/56/4 6343/56/4 6339/56/4
f 6337/56/5 6341/56/5 6344/56/5 6340/56/5
f 6338/56/6 6339/56/6 6343/56/6 6342/56/6
f 6345/56/1 6348/56/1 6347/56/1 6346/56/1
f 6349/56/2 6350/56/2 6351/56/2 6352/56/2
f 6345/56/3 6346/56/3 6350/56/3 6349/56/3
f 6348/56/4 6352/56/4 6351/56/4 6347/56/4
f 6345/56/5 6349/56/5 6352/56/5 6348/56/5
f 6346/56/6 6347/56/6 6351/56/6 6350/56/6
f 6353/56/1 6356/56/1 6355/56/1 6354/56/1
f 6357/56/2 6358/56/2 6359/56/2 6360/56/2
f 6353/56/3 6354/56/3 6358/56/3 6357/56/3
f 6356/56/4 6360/56/4 6359/56/4 6355/56/4
f 6353/56/5 6357/56/5 6360/56/5 6356/56/5
f 6354/56/6 6355/56/6 6359/56/6 6358/56/6
f 6361/56/1 6364/56/1 6363/56/1 6362/56/1
f 6365/56/2 6366/56/2 6367/56/2 6368/56/2
f 6361/56/3 6362/56/3 6366/56/3 6365/56/3
f 6364/56/4 6368/56/4 6367/56/4 6363/56/4
f 6361/56/5 6365/56/5 6368/56/5 6364/56/5
f 6362/56/6 6363/56/6 6367/56/6 6366/56/6
f 6369/56/1 6372/56/1 6371/56/1 6370/56/1
f 6373/56/2 6374/56/2 6375/56/2 6376/56/2
f 6369/56/3 6370/56/3 6374/56/3 6373/56/3
f 6372/56/4 6376/56/4 6375/56/4 6371/56/4
f 6369/56/5 6373/56/5 6376/56/5 6372/56/5
f 6370/56/6 6371/56/6 6375/56/6 6374/56/6
f 6377/56/1 6380/56/1 6379/56/1 6378/56/1
f 6381/56/2 6382/56/2 6383/56/2 6384/56/2
f 6377/56/3 6378/56/3 6382/56/3 6381/56/3
f 6380/56/4 6384/56/4 6383/56/4 6379/56/4
f 6377/56/5 6381/56/5 6384/56/5 6380/56/5
f 6378/56/6 6379/56/6 6383/56/6 6382/56/6
f 6385/56/1 6388/56/1 6387/56/1 6386/56/1
f 6389/56/2 6390/56/2 6391/56/2 6392/56/2
f 6385/56/3 6386/56/3 6390/56/3 6389/56/3
f 6388/56/4 6392/56/4 6391/56/4 6387/56/4
f 6385/56/5 6389/56/5 6392/56/5 6388/56/5
f 6386/56/6 6387/56/6 6391/56/6 6390/56/6
f 6393/2/1 6396/2/1 6395/2/1 6394/2/1
f 6397/2/2 6398/2/2 6399/2/2 6400/2/2
f 6393/2/3 6394/2/3 6398/2/3 6397/2/3
f 6396/2/4 6400/2/4 6399/2/4 6395/2/4
f 6393/2/5 6397/2/5 6400/2/5 6396/2/5
f 6394/2/6 6395/2/6 6399/2/6 6398/2/6
f 6401/2/1 6404/2/1 6403/2/1 6402/2/1
f 6405/2/2 6406/2/2 6407/2/2 6408/2/2
f 6401/2/3 6402/2/3 6406/2/3 6405/2/3
f 6404/2/4 6408/2/4 6407/2/4 6403/2/4
f 6401/2/5 6405/2/5 6408/2/5 6404/2/5
f 6402/2/6 6403/2/6 6407/2/6 6406/2/6
f 6409/2/1 6412/2/1 6411/2/1 6410/2/1
f 6413/2/2 6414/2/2 6415/2/2 6416/2/2
f 6409/2/3 6410/2/3 6414/2/3 6413/2/3
f 6412/2/4 6416/2/4 6415/2/4 6411/2/4
f 6409/2/5 6413/2/5 6416/2/5 6412/2/5
f 6410/2/6 6411/2/6 6415/2/6 6414/2/6
f 6417/2/1 6420/2/1 6419/2/1 6418/2/1
f 6421/2/2 6422/2/2 6423/2/2 6424/2/2
f 6417/2/3 6418/2/3 6422/2/3 6421/2/3
f 6420/2/4 6424/2/4 6423/2/4 6419/2/4
f 6417/2/5 6421/2/5 6424/2/5 6420/2/5
f 6418/2/6 6419/2/6 6423/2/6 6422/2/6
f 6425/2/1 6428/2/1 6427/2/1 6426/2/1
f 6429/2/2 6430/2/2 6431/2/2 6432/2/2
f 6425/2/3 6426/2/3 6430/2/3 6429/2/3
f 6428/2/4 6432/2/4 6431/2/4 6427/2/4
f 6425/2/5 6429/2/5 6432/2/5 6428/2/5
f 6426/2/6 6427/2/6 6431/2/6 6430/2/6
f 6433/2/1 6436/2/1 6435/2/1 6434/2/1
f 6437/2/2 6438/2/2 6439/2/2 6440/2/2
f 6433/2/3 6434/2/3 6438/2/3 6437/2/3
f 6436/2/4 6440/2/4 6439/2/4 6435/2/4
f 6433/2/5 6437/2/5 6440/2/5 6436/2/5
f 6434/2/6 6435/2/6 6439/2/6 6438/2/6
f 6441/2/1 6444/2/1 6443/2/1 6442/2/1
f 6445/2/2 6446/2/2 6447/2/2 6448/2/2
f 6441/2/3 6442/2/3 6446/2/3 6445/2/3
f 6444/2/4 6448/2/4 6447/2/4 6443/2/4
f 6441/2/5 6445/2/5 6448/2/5 6444/2/5
f 6442/2/6 6443/2/6 6447/2/6 6446/2/6
f 6449/2/1 6452/2/1 6451/2/1 6450/2/1
f 6453/2/2 6454/2/2 6455/2/2 6456/2/2
f 6449/2/3 6450/2/3 6454/2/3 6453/2/3
f 6452/2/4 6456/2/4 6455/2/4 6451/2/4
f 6449/2/5 6453/2/5 6456/2/5 6452/2/5
f 6450/2/6 6451/2/6 6455/2/6 6454/2/6
f 6457/2/1 6460/2/1 6459/2/1 6458/2/1
f 6461/2/2 6462/2/2 6463/2/2 6464/2/2
f 6457/2/3 6458/2/3 6462/2/3 6461/2/3
f 6460/2/4 6464/2/4 6463/2/4 6459/2/4
f 6457/2/5 6461/2/5 6464/2/5 6460/2/5
f 6458/2/6 6459/2/6 6463/2/6 6462/2/6
f 6465/2/1 6468/2/1 6467/2/1 6466/2/1
f 6469/2/2 6470/2/2 6471/2/2 6472/2/2
f 6465/2/3 6466/2/3 6470/2/3 6469/2/3
f 6468/2/4 6472/2/4 6471/2/4 6467/2/4
f 6465/2/5 6469/2/5 6472/2/5 6468/2/5
f 6466/2/6 6467/2/6 6471/2/6 6470/2/6
f 6473/2/1 6476/2/1 6475/2/1 6474/2/1
f 6477/2/2 6478/2/2 6479/2/2 6480/2/2
f 6473/2/3 6474/2/3 6478/2/3 6477/2/3
f 6476/2/4 6480/2/4 6479/2/4 6475/2/4
f 6473/2/5 6477/2/5 6480/2/5 6476/2/5
f 6474/2/6 6475/2/6 6479/2/6 6478/2/6
f 6481/56/1 6484/56/1 6483/56/1 6482/56/1
f 6485/56/2 6486/56/2 6487/56/2 6488/56/2
f 6481/56/3 6482/56/3 6486/56/3 6485/56/3
f 6484/56/4 6488/56/4 6487/56/4 6483/56/4
f 6481/56/5 6485/56/5 6488/56/5 6484/56/5
f 6482/56/6 6483/56/6 6487/56/6 6486/56/6
f 6489/56/1 6492/56/1 6491/56/1 6490/56/1
f 6493/56/2 6494/56/2 6495/56/2 6496/56/2
f 6489/56/3 6490/56/3 6494/56/3 6493/56/3
f 6492/56/4 6496/56/4 6495/56/4 6491/56/4
f 6489/56/5 6493/56/5 6496/56/5 6492/56/5
f 6490/56/6 6491/56/6 6495/56/6 6494/56/6
f 6497/39/1 6500/39/1 6499/39/1 6498/39/1
f 6501/39/2 6502/39/2 6503/39/2 6504/39/2
f 6497/39/3 6498/39/3 6502/39/3 6501/39/3
f 6500/39/4 6504/39/4 6503/39/4 6499/39/4
f 6497/39/5 6501/39/5 6504/39/5 6500/39/5
f 6498/39/6 6499/39/6 6503/39/6 6502/39/6
f 6505/39/1 6508/39/1 6507/39/1 6506/39/1
f 6509/39/2 6510/39/2 6511/39/2 6512/39/2
f 6505/39/3 6506/39/3 6510/39/3 6509/39/3
f 6508/39/4 6512/39/4 6511/39/4 6507/39/4
f 6505/39/5 6509/39/5 6512/39/5 6508/39/5
f 6506/39/6 6507/39/6 6511/39/6 6510/39/6
f 6513/30/1 6516/30/1 6515/30/1 6514/30/1
f 6517/30/2 6518/30/2 6519/30/2 6520/30/2
f 6513/30/3 6514/30/3 6518/30/3 6517/30/3
f 6516/30/4 6520/30/4 6519/30/4 6515/30/4
f 6513/30/5 6517/30/5 6520/30/5 6516/30/5
f 6514/30/6 6515/30/6 6519/30/6 6518/30/6
f 6521/30/1 6524/30/1 6523/30/1 6522/30/1
f 6525/30/2 6526/30/2 6527/30/2 6528/30/2
f 6521/30/3 6522/30/3 6526/30/3 6525/30/3
f 6524/30/4 6528/30/4 6527/30/4 6523/30/4
f 6521/30/5 6525/30/5 6528/30/5 6524/30/5
f 6522/30/6 6523/30/6 6527/30/6 6526/30/6
f 6529/52/1 6532/52/1 6531/52/1 6530/52/1
f 6533/52/2 6534/52/2 6535/52/2 6536/52/2
f 6529/52/3 6530/52/3 6534/52/3 6533/52/3
f 6532/52/4 6536/52/4 6535/52/4 6531/52/4
f 6529/52/5 6533/52/5 6536/52/5 6532/52/5
f 6530/52/6 6531/52/6 6535/52/6 6534/52/6
f 6537/52/1 6540/52/1 6539/52/1 6538/52/1
f 6541/52/2 6542/52/2 6543/52/2 6544/52/2
f 6537/52/3 6538/52/3 6542/52/3 6541/52/3
f 6540/52/4 6544/52/4 6543/52/4 6539/52/4
f 6537/52/5 6541/52/5 6544/52/5 6540/52/5
f 6538/52/6 6539/52/6 6543/52/6 6542/52/6
f 6545/52/1 6548/52/1 6547/52/1 6546/52/1
f 6549/52/2 6550/52/2 6551/52/2 6552/52/2
f 6545/52/3 6546/52/3 6550/52/3 6549/52/3
f 6548/52/4 6552/52/4 6551/52/4 6547/52/4
f 6545/52/5 6549/52/5 6552/52/5 6548/52/5
f 6546/52/6 6547/52/6 6551/52/6 6550/52/6
f 6553/52/1 6556/52/1 6555/52/1 6554/52/1
f 6557/52/2 6558/52/2 6559/52/2 6560/52/2
f 6553/52/3 6554/52/3 6558/52/3 6557/52/3
f 6556/52/4 6560/52/4 6559/52/4 6555/52/4
f 6553/52/5 6557/52/5 6560/52/5 6556/52/5
f 6554/52/6 6555/52/6 6559/52/6 6558/52/6
f 6561/56/1 6564/56/1 6563/56/1 6562/56/1
f 6565/56/2 6566/56/2 6567/56/2 6568/56/2
f 6561/56/3 6562/56/3 6566/56/3 6565/56/3
f 6564/56/4 6568/56/4 6567/56/4 6563/56/4
f 6561/56/5 6565/56/5 6568/56/5 6564/56/5
f 6562/56/6 6563/56/6 6567/56/6 6566/56/6
f 6569/56/1 6572/56/1 6571/56/1 6570/56/1
f 6573/56/2 6574/56/2 6575/56/2 6576/56/2
f 6569/56/3 6570/56/3 6574/56/3 6573/56/3
f 6572/56/4 6576/56/4 6575/56/4 6571/56/4
f 6569/56/5 6573/56/5 6576/56/5 6572/56/5
f 6570/56/6 6571/56/6 6575/56/6 6574/56/6
f 6577/56/1 6580/56/1 6579/56/1 6578/56/1
f 6581/56/2 6582/56/2 6583/56/2 6584/56/2
f 6577/56/3 6578/56/3 6582/56/3 6581/56/3
f 6580/56/4 6584/56/4 6583/56/4 6579/56/4
f 6577/56/5 6581/56/5 6584/56/5 6580/56/5
f 6578/56/6 6579/56/6 6583/56/6 6582/56/6
f 6585/56/1 6588/56/1 6587/56/1 6586/56/1
f 6589/56/2 6590/56/2 6591/56/2 6592/56/2
f 6585/56/3 6586/56/3 6590/56/3 6589/56/3
f 6588/56/4 6592/56/4 6591/56/4 6587/56/4
f 6585/56/5 6589/56/5 6592/56/5 6588/56/5
f 6586/56/6 6587/56/6 6591/56/6 6590/56/6
f 6593/56/1 6596/56/1 6595/56/1 6594/56/1
f 6597/56/2 6598/56/2 6599/56/2 6600/56/2
f 6593/56/3 6594/56/3 6598/56/3 6597/56/3
f 6596/56/4 6600/56/4 6599/56/4 6595/56/4
f 6593/56/5 6597/56/5 6600/56/5 6596/56/5
f 6594/56/6 6595/56/6 6599/56/6 6598/56/6
f 6601/56/1 6604/56/1 6603/56/1 6602/56/1
f 6605/56/2 6606/56/2 6607/56/2 6608/56/2
f 6601/56/3 6602/56/3 6606/56/3 6605/56/3
f 6604/56/4 6608/56/4 6607/56/4 6603/56/4
f 6601/56/5 6605/56/5 6608/56/5 6604/56/5
f 6602/56/6 6603/56/6 6607/56/6 6606/56/6
f 6609/56/1 6612/56/1 6611/56/1 6610/56/1
f 6613/56/2 6614/56/2 6615/56/2 6616/56/2
f 6609/56/3 6610/56/3 6614/56/3 6613/56/3
f 6612/56/4 6616/56/4 6615/56/4 6611/56/4
f 6609/56/5 6613/56/5 6616/56/5 6612/56/5
f 6610/56/6 6611/56/6 6615/56/6 6614/56/6
f 6617/56/1 6620/56/1 6619/56/1 6618/56/1
f 6621/56/2 6622/56/2 6623/56/2 6624/56/2
f 6617/56/3 6618/56/3 6622/56/3 6621/56/3
f 6620/56/4 6624/56/4 6623/56/4 6619/56/4
f 6617/56/5 6621/56/5 6624/56/5 6620/56/5
f 6618/56/6 6619/56/6 6623/56/6 6622/56/6
f 6625/56/1 6628/56/1 6627/56/1 6626/56/1
f 6629/56/2 6630/56/2 6631/56/2 6632/56/2
f 6625/56/3 6626/56/3 6630/56/3 6629/56/3
f 6628/56/4 6632/56/4 6631/56/4 6627/56/4
f 6625/56/5 6629/56/5 6632/56/5 6628/56/5
f 6626/56/6 6627/56/6 6631/56/6 6630/56/6
f 6633/56/1 6636/56/1 6635/56/1 6634/56/1
f 6637/56/2 6638/56/2 6639/56/2 6640/56/2
f 6633/56/3 6634/56/3 6638/56/3 6637/56/3
f 6636/56/4 6640/56/4 6639/56/4 6635/56/4
f 6633/56/5 6637/56/5 6640/56/5 6636/56/5
f 6634/56/6 6635/56/6 6639/56/6 6638/56/6
f 6641/56/1 6644/56/1 6643/56/1 6642/56/1
f 6645/56/2 6646/56/2 6647/56/2 6648/56/2
f 6641/56/3 6642/56/3 6646/56/3 6645/56/3
f 6644/56/4 6648/56/4 6647/56/4 6643/56/4
f 6641/56/5 6645/56/5 6648/56/5 6644/56/5
f 6642/56/6 6643/56/6 6647/56/6 6646/56/6
f 6649/56/1 6652/56/1 6651/56/1 6650/56/1
f 6653/56/2 6654/56/2 6655/56/2 6656/56/2
f 6649/56/3 6650/56/3 6654/56/3 6653/56/3
f 6652/56/4 6656/56/4 6655/56/4 6651/56/4
f 6649/56/5 6653/56/5 6656/56/5 6652/56/5
f 6650/56/6 6651/56/6 6655/56/6 6654/56/6
f 6657/56/1 6660/56/1 6659/56/1 6658/56/1
f 6661/56/2 6662/56/2 6663/56/2 6664/56/2
f 6657/56/3 6658/56/3 6662/56/3 6661/56/3
f 6660/56/4 6664/56/4 6663/56/4 6659/56/4
f 6657/56/5 6661/56/5 6664/56/5 6660/56/5
f 6658/56/6 6659/56/6 6663/56/6 6662/56/6
f 6665/56/1 6668/56/1 6667/56/1 6666/56/1
f 6669/56/2 6670/56/2 6671/56/2 6672/56/2
f 6665/56/3 6666/56/3 6670/56/3 6669/56/3
f 6668/56/4 6672/56/4 6671/56/4 6667/56/4
f 6665/56/5 6669/56/5 6672/56/5 6668/56/5
f 6666/56/6 6667/56/6 6671/56/6 6670/56/6
f 6673/56/1 6676/56/1 6675/56/1 6674/56/1
f 6677/56/2 6678/56/2 6679/56/2 6680/56/2
f 6673/56/3 6674/56/3 6678/56/3 6677/56/3
f 6676/56/4 6680/56/4 6679/56/4 6675/56/4
f 6673/56/5 6677/56/5 6680/56/5 6676/56/5
f 6674/56/6 6675/56/6 6679/56/6 6678/56/6
f 6681/56/1 6684/56/1 6683/56/1 6682/56/1
f 6685/56/2 6686/56/2 6687/56/2 6688/56/2
f 6681/56/3 6682/56/3 6686/56/3 6685/56/3
f 6684/56/4 6688/56/4 6687/56/4 6683/56/4
f 6681/56/5 6685/56/5 6688/56/5 6684/56/5
f 6682/56/6 6683/56/6 6687/56/6 6686/56/6
f 6689/56/1 6692/56/1 6691/56/1 6690/56/1
f 6693/56/2 6694/56/2 6695/56/2 6696/56/2
f 6689/56/3 6690/56/3 6694/56/3 6693/56/3
f 6692/56/4 6696/56/4 6695/56/4 6691/56/4
f 6689/56/5 6693/56/5 6696/56/5 6692/56/5
f 6690/56/6 6691/56/6 6695/56/6 6694/56/6
f 6697/56/1 6700/56/1 6699/56/1 6698/56/1
f 6701/56/2 6702/56/2 6703/56/2 6704/56/2
f 6697/56/3 6698/56/3 6702/56/3 6701/56/3
f 6700/56/4 6704/56/4 6703/56/4 6699/56/4
f 6697/56/5 6701/56/5 6704/56/5 6700/56/5
f 6698/56/6 6699/56/6 6703/56/6 6702/56/6
f 6705/56/1 6708/56/1 6707/56/1 6706/56/1
f 6709/56/2 6710/56/2 6711/56/2 6712/56/2
f 6705/56/3 6706/56/3 6710/56/3 6709/56/3
f 6708/56/4 6712/56/4 6711/56/4 6707/56/4
f 6705/56/5 6709/56/5 6712/56/5 6708/56/5
f 6706/56/6 6707/56/6 6711/56/6 6710/56/6
f 6713/56/1 6716/56/1 6715/56/1 6714/56/1
f 6717/56/2 6718/56/2 6719/56/2 6720/56/2
f 6713/56/3 6714/56/3 6718/56/3 6717/56/3
f 6716/56/4 6720/56/4 6719/56/4 6715/56/4
f 6713/56/5 6717/56/5 6720/56/5 6716/56/5
f 6714/56/6 6715/56/6 6719/56/6 6718/56/6
f 6721/2/1 6724/2/1 6723/2/1 6722/2/1
f 6725/2/2 6726/2/2 6727/2/2 6728/2/2
f 6721/2/3 6722/2/3 6726/2/3 6725/2/3
f 6724/2/4 6728/2/4 6727/2/4 6723/2/4
f 6721/2/5 6725/2/5 6728/2/5 6724/2/5
f 6722/2/6 6723/2/6 6727/2/6 6726/2/6
f 6729/2/1 6732/2/1 6731/2/1 6730/2/1
f 6733/2/2 6734/2/2 6735/2/2 6736/2/2
f 6729/2/3 6730/2/3 6734/2/3 6733/2/3
f 6732/2/4 6736/2/4 6735/2/4 6731/2/4
f 6729/2/5 6733/2/5 6736/2/5 6732/2/5
f 6730/2/6 6731/2/6 6735/2/6 6734/2/6
f 6737/2/1 6740/2/1 6739/2/1 6738/2/1
f 6741/2/2 6742/2/2 6743/2/2 6744/2/2
f 6737/2/3 6738/2/3 6742/2/3 6741/2/3
f 6740/2/4 6744/2/4 6743/2/4 6739/2/4
f 6737/2/5 6741/2/5 6744/2/5 6740/2/5
f 6738/2/6 6739/2/6 6743/2/6 6742/2/6
f 6745/2/1 6748/2/1 6747/2/1 6746/2/1
f 6749/2/2 6750/2/2 6751/2/2 6752/2/2
f 6745/2/3 6746/2/3 6750/2/3 6749/2/3
f 6748/2/4 6752/2/4 6751/2/4 6747/2/4
f 6745/2/5 6749/2/5 6752/2/5 6748/2/5
f 6746/2/6 6747/2/6 6751/2/6 6750/2/6
f 6753/2/1 6756/2/1 6755/2/1 6754/2/1
f 6757/2/2 6758/2/2 6759/2/2 6760/2/2
f 6753/2/3 6754/2/3 6758/2/3 6757/2/3
f 6756/2/4 6760/2/4 6759/2/4 6755/2/4
f 6753/2/5 6757/2/5 6760/2/5 6756/2/5
f 6754/2/6 6755/2/6 6759/2/6 6758/2/6
f 6761/2/1 6764/2/1 6763/2/1 6762/2/1
f 6765/2/2 6766/2/2 6767/2/2 6768/2/2
f 6761/2/3 6762/2/3 6766/2/3 6765/2/3
f 6764/2/4 6768/2/4 6767/2/4 6763/2/4
f 6761/2/5 6765/2/5 6768/2/5 6764/2/5
f 6762/2/6 6763/2/6 6767/2/6 6766/2/6
f 6769/2/1 6772/2/1 6771/2/1 6770/2/1
f 6773/2/2 6774/2/2 6775/2/2 6776/2/2
f 6769/2/3 6770/2/3 6774/2/3 6773/2/3
f 6772/2/4 6776/2/4 6775/2/4 6771/2/4
f 6769/2/5 6773/2/5 6776/2/5 6772/2/5
f 6770/2/6 6771/2/6 6775/2/6 6774/2/6
f 6777/56/1 6780/56/1 6779/56/1 6778/56/1
f 6781/56/2 6782/56/2 6783/56/2 6784/56/2
f 6777/56/3 6778/56/3 6782/56/3 6781/56/3
f 6780/56/4 6784/56/4 6783/56/4 6779/56/4
f 6777/56/5 6781/56/5 6784/56/5 6780/56/5
f 6778/56/6 6779/56/6 6783/56/6 6782/56/6
f 6785/39/1 6788/39/1 6787/39/1 6786/39/1
f 6789/39/2 6790/39/2 6791/39/2 6792/39/2
f 6785/39/3 6786/39/3 6790/39/3 6789/39/3
f 6788/39/4 6792/39/4 6791/39/4 6787/39/4
f 6785/39/5 6789/39/5 6792/39/5 6788/39/5
f 6786/39/6 6787/39/6 6791/39/6 6790/39/6
f 6793/39/1 6796/39/1 6795/39/1 6794/39/1
f 6797/39/2 6798/39/2 6799/39/2 6800/39/2
f 6793/39/3 6794/39/3 6798/39/3 6797/39/3
f 6796/39/4 6800/39/4 6799/39/4 6795/39/4
f 6793/39/5 6797/39/5 6800/39/5 6796/39/5
f 6794/39/6 6795/39/6 6799/39/6 6798/39/6
f 6801/30/1 6804/30/1 6803/30/1 6802/30/1
f 6805/30/2 6806/30/2 6807/30/2 6808/30/2
f 6801/30/3 6802/30/3 6806/30/3 6805/30/3
f 6804/30/4 6808/30/4 6807/30/4 6803/30/4
f 6801/30/5 6805/30/5 6808/30/5 6804/30/5
f 6802/30/6 6803/30/6 6807/30/6 6806/30/6
f 6809/30/1 6812/30/1 6811/30/1 6810/30/1
f 6813/30/2 6814/30/2 6815/30/2 6816/30/2
f 6809/30/3 6810/30/3 6814/30/3 6813/30/3
f 6812/30/4 6816/30/4 6815/30/4 6811/30/4
f 6809/30/5 6813/30/5 6816/30/5 6812/30/5
f 6810/30/6 6811/30/6 6815/30/6 6814/30/6
f 6817/52/1 6820/52/1 6819/52/1 6818/52/1
f 6821/52/2 6822/52/2 6823/52/2 6824/52/2
f 6817/52/3 6818/52/3 6822/52/3 6821/52/3
f 6820/52/4 6824/52/4 6823/52/4 6819/52/4
f 6817/52/5 6821/52/5 6824/52/5 6820/52/5
f 6818/52/6 6819/52/6 6823/52/6 6822/52/6
f 6825/52/1 6828/52/1 6827/52/1 6826/52/1
f 6829/52/2 6830/52/2 6831/52/2 6832/52/2
f 6825/52/3 6826/52/3 6830/52/3 6829/52/3
f 6828/52/4 6832/52/4 6831/52/4 6827/52/4
f 6825/52/5 6829/52/5 6832/52/5 6828/52/5
f 6826/52/6 6827/52/6 6831/52/6 6830/52/6
f 6833/52/1 6836/52/1 6835/52/1 6834/52/1
f 6837/52/2 6838/52/2 6839/52/2 6840/52/2
f 6833/52/3 6834/52/3 6838/52/3 6837/52/3
f 6836/52/4 6840/52/4 6839/52/4 6835/52/4
f 6833/52/5 6837/52/5 6840/52/5 6836/52/5
f 6834/52/6 6835/52/6 6839/52/6 6838/52/6
f 6841/52/1 6844/52/1 6843/52/1 6842/52/1
f 6845/52/2 6846/52/2 6847/52/2 6848/52/2
f 6841/52/3 6842/52/3 6846/52/3 6845/52/3
f 6844/52/4 6848/52/4 6847/52/4 6843/52/4
f 6841/52/5 6845/52/5 6848/52/5 6844/52/5
f 6842/52/6 6843/52/6 6847/52/6 6846/52/6
f 6849/56/1 6852/56/1 6851/56/1 6850/56/1
f 6853/56/2 6854/56/2 6855/56/2 6856/56/2
f 6849/56/3 6850/56/3 6854/56/3 6853/56/3
f 6852/56/4 6856/56/4 6855/56/4 6851/56/4
f 6849/56/5 6853/56/5 6856/56/5 6852/56/5
f 6850/56/6 6851/56/6 6855/56/6 6854/56/6
f 6857/56/1 6860/56/1 6859/56/1 6858/56/1
f 6861/56/2 6862/56/2 6863/56/2 6864/56/2
f 6857/56/3 6858/56/3 6862/56/3 6861/56/3
f 6860/56/4 6864/56/4 6863/56/4 6859/56/4
f 6857/56/5 6861/56/5 6864/56/5 6860/56/5
f 6858/56/6 6859/56/6 6863/56/6 6862/56/6
f 6865/56/1 6868/56/1 6867/56/1 6866/56/1
f 6869/56/2 6870/56/2 6871/56/2 6872/56/2
f 6865/56/3 6866/56/3 6870/56/3 6869/56/3
f 6868/56/4 6872/56/4 6871/56/4 6867/56/4
f 6865/56/5 6869/56/5 6872/56/5 6868/56/5
f 6866/56/6 6867/56/6 6871/56/6 6870/56/6
f 6873/56/1 6876/56/1 6875/56/1 6874/56/1
f 6877/56/2 6878/56/2 6879/56/2 6880/56/2
f 6873/56/3 6874/56/3 6878/56/3 6877/56/3
f 6876/56/4 6880/56/4 6879/56/4 6875/56/4
f 6873/56/5 6877/56/5 6880/56/5 6876/56/5
f 6874/56/6 6875/56/6 6879/56/6 6878/56/6
f 6881/56/1 6884/56/1 6883/56/1 6882/56/1
f 6885/56/2 6886/56/2 6887/56/2 6888/56/2
f 6881/56/3 6882/56/3 6886/56/3 6885/56/3
f 6884/56/4 6888/56/4 6887/56/4 6883/56/4
f 6881/56/5 6885/56/5 6888/56/5 6884/56/5
f 6882/56/6 6883/56/6 6887/56/6 6886/56/6
f 6889/56/1 6892/56/1 6891/56/1 6890/56/1
f 6893/56/2 6894/56/2 6895/56/2 6896/56/2
f 6889/56/3 6890/56/3 6894/56/3 6893/56/3
f 6892/56/4 6896/56/4 6895/56/4 6891/56/4
f 6889/56/5 6893/56/5 6896/56/5 6892/56/5
f 6890/56/6 6891/56/6 6895/56/6 6894/56/6
f 6897/56/1 6900/56/1 6899/56/1 6898/56/1
f 6901/56/2 6902/56/2 6903/56/2 6904/56/2
f 6897/56/3 6898/56/3 6902/56/3 6901/56/3
f 6900/56/4 6904/56/4 6903/56/4 6899/56/4
f 6897/56/5 6901/56/5 6904/56/5 6900/56/5
f 6898/56/6 6899/56/6 6903/56/6 6902/56/6
f 6905/56/1 6908/56/1 6907/56/1 6906/56/1
f 6909/56/2 6910/56/2 6911/56/2 6912/56/2
f 6905/56/3 6906/56/3 6910/56/3 6909/56/3
f 6908/56/4 6912/56/4 6911/56/4 6907/56/4
f 6905/56/5 6909/56/5 6912/56/5 6908/56/5
f 6906/56/6 6907/56/6 6911/56/6 6910/56/6
f 6913/56/1 6916/56/1 6915/56/1 6914/56/1
f 6917/56/2 6918/56/2 6919/56/2 6920/56/2
f 6913/56/3 6914/56/3 6918/56/3 6917/56/3
f 6916/56/4 6920/56/4 6919/56/4 6915/56/4
f 6913/56/5 6917/56/5 6920/56/5 6916/56/5
f 6914/56/6 6915/56/6 6919/56/6 6918/56/6
f 6921/56/1 6924/56/1 6923/56/1 6922/56/1
f 6925/56/2 6926/56/2 6927/56/2 6928/56/2
f 6921/56/3 6922/56/3 6926/56/3 6925/56/3
f 6924/56/4 6928/56/4 6927/56/4 6923/56/4
f 6921/56/5 6925/56/5 6928/56/5 6924/56/5
f 6922/56/6 6923/56/6 6927/56/6 6926/56/6
f 6929/56/1 6932/56/1 6931/56/1 6930/56/1
f 6933/56/2 6934/56/2 6935/56/2 6936/56/2
f 6929/56/3 6930/56/3 6934/56/3 6933/56/3
f 6932/56/4 6936/56/4 6935/56/4 6931/56/4
f 6929/56/5 6933/56/5 6936/56/5 6932/56/5
f 6930/56/6 6931/56/6 6935/56/6 6934/56/6
f 6937/56/1 6940/56/1 6939/56/1 6938/56/1
f 6941/56/2 6942/56/2 6943/56/2 6944/56/2
f 6937/56/3 6938/56/3 6942/56/3 6941/56/3
f 6940/56/4 6944/56/4 6943/56/4 6939/56/4
f 6937/56/5 6941/56/5 6944/56/5 6940/56/5
f 6938/56/6 6939/56/6 6943/56/6 6942/56/6
f 6945/56/1 6948/56/1 6947/56/1 6946/56/1
f 6949/56/2 6950/56/2 6951/56/2 6952/56/2
f 6945/56/3 6946/56/3 6950/56/3 6949/56/3
f 6948/56/4 6952/56/4 6951/56/4 6947/56/4
f 6945/56/5 6949/56/5 6952/56/5 6948/56/5
f 6946/56/6 6947/56/6 6951/56/6 6950/56/6
f 6953/56/1 6956/56/1 6955/56/1 6954/56/1
f 6957/56/2 6958/56/2 6959/56/2 6960/56/2
f 6953/56/3 6954/56/3 6958/56/3 6957/56/3
f 6956/56/4 6960/56/4 6959/56/4 6955/56/4
f 6953/56/5 6957/56/5 6960/56/5 6956/56/5
f 6954/56/6 6955/56/6 6959/56/6 6958/56/6
f 6961/56/1 6964/56/1 6963/56/1 6962/56/1
f 6965/56/2 6966/56/2 6967/56/2 6968/56/2
f 6961/56/3 6962/56/3 6966/56/3 6965/56/3
f 6964/56/4 6968/56/4 6967/56/4 6963/56/4
f 6961/56/5 6965/56/5 6968/56/5 6964/56/5
f 6962/56/6 6963/56/6 6967/56/6 6966/56/6
f 6969/56/1 6972/56/1 6971/56/1 6970/56/1
f 6973/56/2 6974/56/2 6975/56/2 6976/56/2
f 6969/56/3 6970/56/3 6974/56/3 6973/56/3
f 6972/56/4 6976/56/4 6975/56/4 6971/56/4
f 6969/56/5 6973/56/5 6976/56/5 6972/56/5
f 6970/56/6 6971/56/6 6975/56/6 6974/56/6
f 6977/56/1 6980/56/1 6979/56/1 6978/56/1
f 6981/56/2 6982/56/2 6983/56/2 6984/56/2
f 6977/56/3 6978/56/3 6982/56/3 6981/56/3
f 6980/56/4 6984/56/4 6983/56/4 6979/56/4
f 6977/56/5 6981/56/5 6984/56/5 6980/56/5
f 6978/56/6 6979/56/6 6983/56/6 6982/56/6
f 6985/56/1 6988/56/1 6987/56/1 6986/56/1
f 6989/56/2 6990/56/2 6991/56/2 6992/56/2
f 6985/56/3 6986/56/3 6990/56/3 6989/56/3
f 6988/56/4 6992/56/4 6991/56/4 6987/56/4
f 6985/56/5 6989/56/5 6992/56/5 6988/56/5
f 6986/56/6 6987/56/6 6991/56/6 6990/56/6
f 6993/56/1 6996/56/1 6995/56/1 6994/56/1
f 6997/56/2 6998/56/2 6999/56/2 7000/56/2
f 6993/56/3 6994/56/3 6998/56/3 6997/56/3
f 6996/56/4 7000/56/4 6999/56/4 6995/56/4
f 6993/56/5 6997/56/5 7000/56/5 6996/56/5
f 6994/56/6 6995/56/6 6999/56/6 6998/56/6
f 7001/2/1 7004/2/1 7003/2/1 7002/2/1
f 7005/2/2 7006/2/2 7007/2/2 7008/2/2
f 7001/2/3 7002/2/3 7006/2/3 7005/2/3
f 7004/2/4 7008/2/4 7007/2/4 7003/2/4
f 7001/2/5 7005/2/5 7008/2/5 7004/2/5
f 7002/2/6 7003/2/6 7007/2/6 7006/2/6
f 7009/2/1 7012/2/1 7011/2/1 7010/2/1
f 7013/2/2 7014/2/2 7015/2/2 7016/2/2
f 7009/2/3 7010/2/3 7014/2/3 7013/2/3
f 7012/2/4 7016/2/4 7015/2/4 7011/2/4
f 7009/2/5 7013/2/5 7016/2/5 7012/2/5
f 7010/2/6 7011/2/6 7015/2/6 7014/2/6
f 7017/56/1 7020/56/1 7019/56/1 7018/56/1
f 7021/56/2 7022/56/2 7023/56/2 7024/56/2
f 7017/56/3 7018/56/3 7022/56/3 7021/56/3
f 7020/56/4 7024/56/4 7023/56/4 7019/56/4
f 7017/56/5 7021/56/5 7024/56/5 7020/56/5
f 7018/56/6 7019/56/6 7023/56/6 7022/56/6
f 7025/56/1 7028/56/1 7027/56/1 7026/56/1
f 7029/56/2 7030/56/2 7031/56/2 7032/56/2
f 7025/56/3 7026/56/3 7030/56/3 7029/56/3
f 7028/56/4 7032/56/4 7031/56/4 7027/56/4
f 7025/56/5 7029/56/5 7032/56/5 7028/56/5
f 7026/56/6 7027/56/6 7031/56/6 7030/56/6
f 7033/39/1 7036/39/1 7035/39/1 7034/39/1
f 7037/39/2 7038/39/2 7039/39/2 7040/39/2
f 7033/39/3 7034/39/3 7038/39/3 7037/39/3
f 7036/39/4 7040/39/4 7039/39/4 7035/39/4
f 7033/39/5 7037/39/5 7040/39/5 7036/39/5
f 7034/39/6 7035/39/6 7039/39/6 7038/39/6
f 7041/39/1 7044/39/1 7043/39/1 7042/39/1
f 7045/39/2 7046/39/2 7047/39/2 7048/39/2
f 7041/39/3 7042/39/3 7046/39/3 7045/39/3
f 7044/39/4 7048/39/4 7047/39/4 7043/39/4
f 7041/39/5 7045/39/5 7048/39/5 7044/39/5
f 7042/39/6 7043/39/6 7047/39/6 7046/39/6
f 7049/30/1 7052/30/1 7051/30/1 7050/30/1
f 7053/30/2 7054/30/2 7055/30/2 7056/30/2
f 7049/30/3 7050/30/3 7054/30/3 7053/30/3
f 7052/30/4 7056/30/4 7055/30/4 7051/30/4
f 7049/30/5 7053/30/5 7056/30/5 7052/30/5
f 7050/30/6 7051/30/6 7055/30/6 7054/30/6
f 7057/30/1 7060/30/1 7059/30/1 7058/30/1
f 7061/30/2 7062/30/2 7063/30/2 7064/30/2
f 7057/30/3 7058/30/3 7062/30/3 7061/30/3
f 7060/30/4 7064/30/4 7063/30/4 7059/30/4
f 7057/30/5 7061/30/5 7064/30/5 7060/30/5
f 7058/30/6 7059/30/6 7063/30/6 7062/30/6
f 7065/53/1 7068/53/1 7067/53/1 7066/53/1
f 7069/53/2 7070/53/2 7071/53/2 7072/53/2
f 7065/53/3 7066/53/3 7070/53/3 7069/53/3
f 7068/53/4 7072/53/4 7071/53/4 7067/53/4
f 7065/53/5 7069/53/5 7072/53/5 7068/53/5
f 7066/53/6 7067/53/6 7071/53/6 7070/53/6
f 7073/53/1 7076/53/1 7075/53/1 7074/53/1
f 7077/53/2 7078/53/2 7079/53/2 7080/53/2
f 7073/53/3 7074/53/3 7078/53/3 7077/53/3
f 7076/53/4 7080/53/4 7079/53/4 7075/53/4
f 7073/53/5 7077/53/5 7080/53/5 7076/53/5
f 7074/53/6 7075/53/6 7079/53/6 7078/53/6
f 7081/53/1 7084/53/1 7083/53/1 7082/53/1
f 7085/53/2 7086/53/2 7087/53/2 7088/53/2
f 7081/53/3 7082/53/3 7086/53/3 7085/53/3
f 7084/53/4 7088/53/4 7087/53/4 7083/53/4
f 7081/53/5 7085/53/5 7088/53/5 7084/53/5
f 7082/53/6 7083/53/6 7087/53/6 7086/53/6
f 7089/53/1 7092/53/1 7091/53/1 7090/53/1
f 7093/53/2 7094/53/2 7095/53/2 7096/53/2
f 7089/53/3 7090/53/3 7094/53/3 7093/53/3
f 7092/53/4 7096/53/4 7095/53/4 7091/53/4
f 7089/53/5 7093/53/5 7096/53/5 7092/53/5
f 7090/53/6 7091/53/6 7095/53/6 7094/53/6
f 7097/52/1 7100/52/1 7099/52/1 7098/52/1
f 7101/52/2 7102/52/2 7103/52/2 7104/52/2
f 7097/52/3 7098/52/3 7102/52/3 7101/52/3
f 7100/52/4 7104/52/4 7103/52/4 7099/52/4
f 7097/52/5 7101/52/5 7104/52/5 7100/52/5
f 7098/52/6 7099/52/6 7103/52/6 7102/52/6
f 7105/52/1 7108/52/1 7107/52/1 7106/52/1
f 7109/52/2 7110/52/2 7111/52/2 7112/52/2
f 7105/52/3 7106/52/3 7110/52/3 7109/52/3
f 7108/52/4 7112/52/4 7111/52/4 7107/52/4
f 7105/52/5 7109/52/5 7112/52/5 7108/52/5
f 7106/52/6 7107/52/6 7111/52/6 7110/52/6
f 7113/53/1 7116/53/1 7115/53/1 7114/53/1
f 7117/53/2 7118/53/2 7119/53/2 7120/53/2
f 7113/53/3 7114/53/3 7118/53/3 7117/53/3
f 7116/53/4 7120/53/4 7119/53/4 7115/53/4
f 7113/53/5 7117/53/5 7120/53/5 7116/53/5
f 7114/53/6 7115/53/6 7119/53/6 7118/53/6
f 7121/53/1 7124/53/1 7123/53/1 7122/53/1
f 7125/53/2 7126/53/2 7127/53/2 7128/53/2
f 7121/53/3 7122/53/3 7126/53/3 7125/53/3
f 7124/53/4 7128/53/4 7127/53/4 7123/53/4
f 7121/53/5 7125/53/5 7128/53/5 7124/53/5
f 7122/53/6 7123/53/6 7127/53/6 7126/53/6
f 7129/56/1 7132/56/1 7131/56/1 7130/56/1
f 7133/56/2 7134/56/2 7135/56/2 7136/56/2
f 7129/56/3 7130/56/3 7134/56/3 7133/56/3
f 7132/56/4 7136/56/4 7135/56/4 7131/56/4
f 7129/56/5 7133/56/5 7136/56/5 7132/56/5
f 7130/56/6 7131/56/6 7135/56/6 7134/56/6
f 7137/56/1 7140/56/1 7139/56/1 7138/56/1
f 7141/56/2 7142/56/2 7143/56/2 7144/56/2
f 7137/56/3 7138/56/3 7142/56/3 7141/56/3
f 7140/56/4 7144/56/4 7143/56/4 7139/56/4
f 7137/56/5 7141/56/5 7144/56/5 7140/56/5
f 7138/56/6 7139/56/6 7143/56/6 7142/56/6
f 7145/56/1 7148/56/1 7147/56/1 7146/56/1
f 7149/56/2 7150/56/2 7151/56/2 7152/56/2
f 7145/56/3 7146/56/3 7150/56/3 7149/56/3
f 7148/56/4 7152/56/4 7151/56/4 7147/56/4
f 7145/56/5 7149/56/5 7152/56/5 7148/56/5
f 7146/56/6 7147/56/6 7151/56/6 7150/56/6
f 7153/56/1 7156/56/1 7155/56/1 7154/56/1
f 7157/56/2 7158/56/2 7159/56/2 7160/56/2
f 7153/56/3 7154/56/3 7158/56/3 7157/56/3
f 7156/56/4 7160/56/4 7159/56/4 7155/56/4
f 7153/56/5 7157/56/5 7160/56/5 7156/56/5
f 7154/56/6 7155/56/6 7159/56/6 7158/56/6
f 7161/56/1 7164/56/1 7163/56/1 7162/56/1
f 7165/56/2 7166/56/2 7167/56/2 7168/56/2
f 7161/56/3 7162/56/3 7166/56/3 7165/56/3
f 7164/56/4 7168/56/4 7167/56/4 7163/56/4
f 7161/56/5 7165/56/5 7168/56/5 7164/56/5
f 7162/56/6 7163/56/6 7167/56/6 7166/56/6
f 7169/56/1 7172/56/1 7171/56/1 7170/56/1
f 7173/56/2 7174/56/2 7175/56/2 7176/56/2
f 7169/56/3 7170/56/3 7174/56/3 7173/56/3
f 7172/56/4 7176/56/4 7175/56/4 7171/56/4
f 7169/56/5 7173/56/5 7176/56/5 7172/56/5
f 7170/56/6 7171/56/6 7175/56/6 7174/56/6
f 7177/56/1 7180/56/1 7179/56/1 7178/56/1
f 7181/56/2 7182/56/2 7183/56/2 7184/56/2
f 7177/56/3 7178/56/3 7182/56/3 7181/56/3
f 7180/56/4 7184/56/4 7183/56/4 7179/56/4
f 7177/56/5 7181/56/5 7184/56/5 7180/56/5
f 7178/56/6 7179/56/6 7183/56/6 7182/56/6
f 7185/56/1 7188/56/1 7187/56/1 7186/56/1
f 7189/56/2 7190/56/2 7191/56/2 7192/56/2
f 7185/56/3 7186/56/3 7190/56/3 7189/56/3
f 7188/56/4 7192/56/4 7191/56/4 7187/56/4
f 7185/56/5 7189/56/5 7192/56/5 7188/56/5
f 7186/56/6 7187/56/6 7191/56/6 7190/56/6
f 7193/56/1 7196/56/1 7195/56/1 7194/56/1
f 7197/56/2 7198/56/2 7199/56/2 7200/56/2
f 7193/56/3 7194/56/3 7198/56/3 7197/56/3
f 7196/56/4 7200/56/4 7199/56/4 7195/56/4
f 7193/56/5 7197/56/5 7200/56/5 7196/56/5
f 7194/56/6 7195/56/6 7199/56/6 7198/56/6
f 7201/56/1 7204/56/1 7203/56/1 7202/56/1
f 7205/56/2 7206/56/2 7207/56/2 7208/56/2
f 7201/56/3 7202/56/3 7206/56/3 7205/56/3
f 7204/56/4 7208/56/4 7207/56/4 7203/56/4
f 7201/56/5 7205/56/5 7208/56/5 7204/56/5
f 7202/56/6 7203/56/6 7207/56/6 7206/56/6
f 7209/56/1 7212/56/1 7211/56/1 7210/56/1
f 7213/56/2 7214/56/2 7215/56/2 7216/56/2
f 7209/56/3 7210/56/3 7214/56/3 7213/56/3
f 7212/56/4 7216/56/4 7215/56/4 7211/56/4
f 7209/56/5 7213/56/5 7216/56/5 7212/56/5
f 7210/56/6 7211/56/6 7215/56/6 7214/56/6
f 7217/56/1 7220/56/1 7219/56/1 7218/56/1
f 7221/56/2 7222/56/2 7223/56/2 7224/56/2
f 7217/56/3 7218/56/3 7222/56/3 7221/56/3
f 7220/56/4 7224/56/4 7223/56/4 7219/56/4
f 7217/56/5 7221/56/5 7224/56/5 7220/56/5
f 7218/56/6 7219/56/6 7223/56/6 7222/56/6
f 7225/56/1 7228/56/1 7227/56/1 7226/56/1
f 7229/56/2 7230/56/2 7231/56/2 7232/56/2
f 7225/56/3 7226/56/3 7230/56/3 7229/56/3
f 7228/56/4 7232/56/4 7231/56/4 7227/56/4
f 7225/56/5 7229/56/5 7232/56/5 7228/56/5
f 7226/56/6 7227/56/6 7231/56/6 7230/56/6
f 7233/56/1 7236/56/1 7235/56/1 7234/56/1
f 7237/56/2 7238/56/2 7239/56/2 7240/56/2
f 7233/56/3 7234/56/3 7238/56/3 7237/56/3
f 7236/56/4 7240/56/4 7239/56/4 7235/56/4
f 7233/56/5 7237/56/5 7240/56/5 7236/56/5
f 7234/56/6 7235/56/6 7239/56/6 7238/56/6
f 7241/56/1 7244/56/1 7243/56/1 7242/56/1
f 7245/56/2 7246/56/2 7247/56/2 7248/56/2
f 7241/56/3 7242/56/3 7246/56/3 7245/56/3
f 7244/56/4 7248/56/4 7247/56/4 7243/56/4
f 7241/56/5 7245/56/5 7248/56/5 7244/56/5
f 7242/56/6 7243/56/6 7247/56/6 7246/56/6
f 7249/56/1 7252/56/1 7251/56/1 7250/56/1
f 7253/56/2 7254/56/2 7255/56/2 7256/56/2
f 7249/56/3 7250/56/3 7254/56/3 7253/56/3
f 7252/56/4 7256/56/4 7255/56/4 7251/56/4
f 7249/56/5 7253/56/5 7256/56/5 7252/56/5
f 7250/56/6 7251/56/6 7255/56/6 7254/56/6
f 7257/39/1 7260/39/1 7259/39/1 7258/39/1
f 7261/39/2 7262/39/2 7263/39/2 7264/39/2
f 7257/39/3 7258/39/3 7262/39/3 7261/39/3
f 7260/39/4 7264/39/4 7263/39/4 7259/39/4
f 7257/39/5 7261/39/5 7264/39/5 7260/39/5
f 7258/39/6 7259/39/6 7263/39/6 7262/39/6
f 7265/30/1 7268/30/1 7267/30/1 7266/30/1
f 7269/30/2 7270/30/2 7271/30/2 7272/30/2
f 7265/30/3 7266/30/3 7270/30/3 7269/30/3
f 7268/30/4 7272/30/4 7271/30/4 7267/30/4
f 7265/30/5 7269/30/5 7272/30/5 7268/30/5
f 7266/30/6 7267/30/6 7271/30/6 7270/30/6
f 7273/53/1 7276/53/1 7275/53/1 7274/53/1
f 7277/53/2 7278/53/2 7279/53/2 7280/53/2
f 7273/53/3 7274/53/3 7278/53/3 7277/53/3
f 7276/53/4 7280/53/4 7279/53/4 7275/53/4
f 7273/53/5 7277/53/5 7280/53/5 7276/53/5
f 7274/53/6 7275/53/6 7279/53/6 7278/53/6
f 7281/53/1 7284/53/1 7283/53/1 7282/53/1
f 7285/53/2 7286/53/2 7287/53/2 7288/53/2
f 7281/53/3 7282/53/3 7286/53/3 7285/53/3
f 7284/53/4 7288/53/4 7287/53/4 7283/53/4
f 7281/53/5 7285/53/5 7288/53/5 7284/53/5
f 7282/53/6 7283/53/6 7287/53/6 7286/53/6
f 7289/52/1 7292/52/1 7291/52/1 7290/52/1
f 7293/52/2 7294/52/2 7295/52/2 7296/52/2
f 7289/52/3 7290/52/3 7294/52/3 7293/52/3
f 7292/52/4 7296/52/4 7295/52/4 7291/52/4
f 7289/52/5 7293/52/5 7296/52/5 7292/52/5
f 7290/52/6 7291/52/6 7295/52/6 7294/52/6
f 7297/53/1 7300/53/1 7299/53/1 7298/53/1
f 7301/53/2 7302/53/2 7303/53/2 7304/53/2
f 7297/53/3 7298/53/3 7302/53/3 7301/53/3
f 7300/53/4 7304/53/4 7303/53/4 7299/53/4
f 7297/53/5 7301/53/5 7304/53/5 7300/53/5
f 7298/53/6 7299/53/6 7303/53/6 7302/53/6
f 7305/56/1 7308/56/1 7307/56/1 7306/56/1
f 7309/56/2 7310/56/2 7311/56/2 7312/56/2
f 7305/56/3 7306/56/3 7310/56/3 7309/56/3
f 7308/56/4 7312/56/4 7311/56/4 7307/56/4
f 7305/56/5 7309/56/5 7312/56/5 7308/56/5
f 7306/56/6 7307/56/6 7311/56/6 7310/56/6
f 7313/56/1 7316/56/1 7315/56/1 7314/56/1
f 7317/56/2 7318/56/2 7319/56/2 7320/56/2
f 7313/56/3 7314/56/3 7318/56/3 7317/56/3
f 7316/56/4 7320/56/4 7319/56/4 7315/56/4
f 7313/56/5 7317/56/5 7320/56/5 7316/56/5
f 7314/56/6 7315/56/6 7319/56/6 7318/56/6
f 7321/56/1 7324/56/1 7323/56/1 7322/56/1
f 7325/56/2 7326/56/2 7327/56/2 7328/56/2
f 7321/56/3 7322/56/3 7326/56/3 7325/56/3
f 7324/56/4 7328/56/4 7327/56/4 7323/56/4
f 7321/56/5 7325/56/5 7328/56/5 7324/56/5
f 7322/56/6 7323/56/6 7327/56/6 7326/56/6
f 7329/56/1 7332/56/1 7331/56/1 7330/56/1
f 7333/56/2 7334/56/2 7335/56/2 7336/56/2
f 7329/56/3 7330/56/3 7334/56/3 7333/56/3
f 7332/56/4 7336/56/4 7335/56/4 7331/56/4
f 7329/56/5 7333/56/5 7336/56/5 7332/56/5
f 7330/56/6 7331/56/6 7335/56/6 7334/56/6
f 7337/56/1 7340/56/1 7339/56/1 7338/56/1
f 7341/56/2 7342/56/2 7343/56/2 7344/56/2
f 7337/56/3 7338/56/3 7342/56/3 7341/56/3
f 7340/56/4 7344/56/4 7343/56/4 7339/56/4
f 7337/56/5 7341/56/5 7344/56/5 7340/56/5
f 7338/56/6 7339/56/6 7343/56/6 7342/56/6
f 7345/56/1 7348/56/1 7347/56/1 7346/56/1
f 7349/56/2 7350/56/2 7351/56/2 7352/56/2
f 7345/56/3 7346/56/3 7350/56/3 7349/56/3
f 7348/56/4 7352/56/4 7351/56/4 7347/56/4
f 7345/56/5 7349/56/5 7352/56/5 7348/56/5
f 7346/56/6 7347/56/6 7351/56/6 7350/56/6
f 7353/56/1 7356/56/1 7355/56/1 7354/56/1
f 7357/56/2 7358/56/2 7359/56/2 7360/56/2
f 7353/56/3 7354/56/3 7358/56/3 7357/56/3
f 7356/56/4 7360/56/4 7359/56/4 7355/56/4
f 7353/56/5 7357/56/5 7360/56/5 7356/56/5
f 7354/56/6 7355/56/6 7359/56/6 7358/56/6
f 7361/56/1 7364/56/1 7363/56/1 7362/56/1
f 7365/56/2 7366/56/2 7367/56/2 7368/56/2
f 7361/56/3 7362/56/3 7366/56/3 7365/56/3
f 7364/56/4 7368/56/4 7367/56/4 7363/56/4
f 7361/56/5 7365/56/5 7368/56/5 7364/56/5
f 7362/56/6 7363/56/6 7367/56/6 7366/56/6
f 7369/39/1 7372/39/1 7371/39/1 7370/39/1
f 7373/39/2 7374/39/2 7375/39/2 7376/39/2
f 7369/39/3 7370/39/3 7374/39/3 7373/39/3
f 7372/39/4 7376/39/4 7375/39/4 7371/39/4
f 7369/39/5 7373/39/5 7376/39/5 7372/39/5
f 7370/39/6 7371/39/6 7375/39/6 7374/39/6
f 7377/30/1 7380/30/1 7379/30/1 7378/30/1
f 7381/30/2 7382/30/2 7383/30/2 7384/30/2
f 7377/30/3 7378/30/3 7382/30/3 7381/30/3
f 7380/30/4 7384/30/4 7383/30/4 7379/30/4
f 7377/30/5 7381/30/5 7384/30/5 7380/30/5
f 7378/30/6 7379/30/6 7383/30/6 7382/30/6
f 7385/53/1 7388/53/1 7387/53/1 7386/53/1
f 7389/53/2 7390/53/2 7391/53/2 7392/53/2
f 7385/53/3 7386/53/3 7390/53/3 7389/53/3
f 7388/53/4 7392/53/4 7391/53/4 7387/53/4
f 7385/53/5 7389/53/5 7392/53/5 7388/53/5
f 7386/53/6 7387/53/6 7391/53/6 7390/53/6
f 7393/53/1 7396/53/1 7395/53/1 7394/53/1
f 7397/53/2 7398/53/2 7399/53/2 7400/53/2
f 7393/53/3 7394/53/3 7398/53/3 7397/53/3
f 7396/53/4 7400/53/4 7399/53/4 7395/53/4
f 7393/53/5 7397/53/5 7400/53/5 7396/53/5
f 7394/53/6 7395/53/6 7399/53/6 7398/53/6
f 7401/52/1 7404/52/1 7403/52/1 7402/52/1
f 7405/52/2 7406/52/2 7407/52/2 7408/52/2
f 7401/52/3 7402/52/3 7406/52/3 7405/52/3
f 7404/52/4 7408/52/4 7407/52/4 7403/52/4
f 7401/52/5 7405/52/5 7408/52/5 7404/52/5
f 7402/52/6 7403/52/6 7407/52/6 7406/52/6
f 7409/53/1 7412/53/1 7411/53/1 7410/53/1
f 7413/53/2 7414/53/2 7415/53/2 7416/53/2
f 7409/53/3 7410/53/3 7414/53/3 7413/53/3
f 7412/53/4 7416/53/4 7415/53/4 7411/53/4
f 7409/53/5 7413/53/5 7416/53/5 7412/53/5
f 7410/53/6 7411/53/6 7415/53/6 7414/53/6
f 7417/56/1 7420/56/1 7419/56/1 7418/56/1
f 7421/56/2 7422/56/2 7423/56/2 7424/56/2
f 7417/56/3 7418/56/3 7422/56/3 7421/56/3
f 7420/56/4 7424/56/4 7423/56/4 7419/56/4
f 7417/56/5 7421/56/5 7424/56/5 7420/56/5
f 7418/56/6 7419/56/6 7423/56/6 7422/56/6
f 7425/56/1 7428/56/1 7427/56/1 7426/56/1
f 7429/56/2 7430/56/2 7431/56/2 7432/56/2
f 7425/56/3 7426/56/3 7430/56/3 7429/56/3
f 7428/56/4 7432/56/4 7431/56/4 7427/56/4
f 7425/56/5 7429/56/5 7432/56/5 7428/56/5
f 7426/56/6 7427/56/6 7431/56/6 7430/56/6
f 7433/56/1 7436/56/1 7435/56/1 7434/56/1
f 7437/56/2 7438/56/2 7439/56/2 7440/56/2
f 7433/56/3 7434/56/3 7438/56/3 7437/56/3
f 7436/56/4 7440/56/4 7439/56/4 7435/56/4
f 7433/56/5 7437/56/5 7440/56/5 7436/56/5
f 7434/56/6 7435/56/6 7439/56/6 7438/56/6
f 7441/56/1 7444/56/1 7443/56/1 7442/56/1
f 7445/56/2 7446/56/2 7447/56/2 7448/56/2
f 7441/56/3 7442/56/3 7446/56/3 7445/56/3
f 7444/56/4 7448/56/4 7447/56/4 7443/56/4
f 7441/56/5 7445/56/5 7448/56/5 7444/56/5
f 7442/56/6 7443/56/6 7447/56/6 7446/56/6
o FRAME
usemtl palette
f 7449/30/1 7452/30/1 7451/30/1 7450/30/1
f 7453/30/2 7454/30/2 7455/30/2 7456/30/2
f 7449/30/3 7450/30/3 7454/30/3 7453/30/3
f 7452/30/4 7456/30/4 7455/30/4 7451/30/4
f 7449/30/5 7453/30/5 7456/30/5 7452/30/5
f 7450/30/6 7451/30/6 7455/30/6 7454/30/6
f 7457/33/1 7460/33/1 7459/33/1 7458/33/1
f 7461/33/2 7462/33/2 7463/33/2 7464/33/2
f 7457/33/3 7458/33/3 7462/33/3 7461/33/3
f 7460/33/4 7464/33/4 7463/33/4 7459/33/4
f 7457/33/5 7461/33/5 7464/33/5 7460/33/5
f 7458/33/6 7459/33/6 7463/33/6 7462/33/6
f 7465/30/1 7468/30/1 7467/30/1 7466/30/1
f 7469/30/2 7470/30/2 7471/30/2 7472/30/2
f 7465/30/3 7466/30/3 7470/30/3 7469/30/3
f 7468/30/4 7472/30/4 7471/30/4 7467/30/4
f 7465/30/5 7469/30/5 7472/30/5 7468/30/5
f 7466/30/6 7467/30/6 7471/30/6 7470/30/6
f 7473/30/1 7476/30/1 7475/30/1 7474/30/1
f 7477/30/2 7478/30/2 7479/30/2 7480/30/2
f 7473/30/3 7474/30/3 7478/30/3 7477/30/3
f 7476/30/4 7480/30/4 7479/30/4 7475/30/4
f 7473/30/5 7477/30/5 7480/30/5 7476/30/5
f 7474/30/6 7475/30/6 7479/30/6 7478/30/6
f 7481/30/1 7484/30/1 7483/30/1 7482/30/1
f 7485/30/2 7486/30/2 7487/30/2 7488/30/2
f 7481/30/3 7482/30/3 7486/30/3 7485/30/3
f 7484/30/4 7488/30/4 7487/30/4 7483/30/4
f 7481/30/5 7485/30/5 7488/30/5 7484/30/5
f 7482/30/6 7483/30/6 7487/30/6 7486/30/6
f 7489/30/1 7492/30/1 7491/30/1 7490/30/1
f 7493/30/2 7494/30/2 7495/30/2 7496/30/2
f 7489/30/3 7490/30/3 7494/30/3 7493/30/3
f 7492/30/4 7496/30/4 7495/30/4 7491/30/4
f 7489/30/5 7493/30/5 7496/30/5 7492/30/5
f 7490/30/6 7491/30/6 7495/30/6 7494/30/6
f 7497/30/1 7500/30/1 7499/30/1 7498/30/1
f 7501/30/2 7502/30/2 7503/30/2 7504/30/2
f 7497/30/3 7498/30/3 7502/30/3 7501/30/3
f 7500/30/4 7504/30/4 7503/30/4 7499/30/4
f 7497/30/5 7501/30/5 7504/30/5 7500/30/5
f 7498/30/6 7499/30/6 7503/30/6 7502/30/6
f 7505/30/1 7508/30/1 7507/30/1 7506/30/1
f 7509/30/2 7510/30/2 7511/30/2 7512/30/2
f 7505/30/3 7506/30/3 7510/30/3 7509/30/3
f 7508/30/4 7512/30/4 7511/30/4 7507/30/4
f 7505/30/5 7509/30/5 7512/30/5 7508/30/5
f 7506/30/6 7507/30/6 7511/30/6 7510/30/6
f 7513/30/1 7516/30/1 7515/30/1 7514/30/1
f 7517/30/2 7518/30/2 7519/30/2 7520/30/2
f 7513/30/3 7514/30/3 7518/30/3 7517/30/3
f 7516/30/4 7520/30/4 7519/30/4 7515/30/4
f 7513/30/5 7517/30/5 7520/30/5 7516/30/5
f 7514/30/6 7515/30/6 7519/30/6 7518/30/6
f 7521/30/1 7524/30/1 7523/30/1 7522/30/1
f 7525/30/2 7526/30/2 7527/30/2 7528/30/2
f 7521/30/3 7522/30/3 7526/30/3 7525/30/3
f 7524/30/4 7528/30/4 7527/30/4 7523/30/4
f 7521/30/5 7525/30/5 7528/30/5 7524/30/5
f 7522/30/6 7523/30/6 7527/30/6 7526/30/6
f 7529/30/1 7532/30/1 7531/30/1 7530/30/1
f 7533/30/2 7534/30/2 7535/30/2 7536/30/2
f 7529/30/3 7530/30/3 7534/30/3 7533/30/3
f 7532/30/4 7536/30/4 7535/30/4 7531/30/4
f 7529/30/5 7533/30/5 7536/30/5 7532/30/5
f 7530/30/6 7531/30/6 7535/30/6 7534/30/6
f 7537/30/1 7540/30/1 7539/30/1 7538/30/1
f 7541/30/2 7542/30/2 7543/30/2 7544/30/2
f 7537/30/3 7538/30/3 7542/30/3 7541/30/3
f 7540/30/4 7544/30/4 7543/30/4 7539/30/4
f 7537/30/5 7541/30/5 7544/30/5 7540/30/5
f 7538/30/6 7539/30/6 7543/30/6 7542/30/6
f 7545/30/1 7548/30/1 7547/30/1 7546/30/1
f 7549/30/2 7550/30/2 7551/30/2 7552/30/2
f 7545/30/3 7546/30/3 7550/30/3 7549/30/3
f 7548/30/4 7552/30/4 7551/30/4 7547/30/4
f 7545/30/5 7549/30/5 7552/30/5 7548/30/5
f 7546/30/6 7547/30/6 7551/30/6 7550/30/6
f 7553/30/1 7556/30/1 7555/30/1 7554/30/1
f 7557/30/2 7558/30/2 7559/30/2 7560/30/2
f 7553/30/3 7554/30/3 7558/30/3 7557/30/3
f 7556/30/4 7560/30/4 7559/30/4 7555/30/4
f 7553/30/5 7557/30/5 7560/30/5 7556/30/5
f 7554/30/6 7555/30/6 7559/30/6 7558/30/6
f 7561/30/1 7564/30/1 7563/30/1 7562/30/1
f 7565/30/2 7566/30/2 7567/30/2 7568/30/2
f 7561/30/3 7562/30/3 7566/30/3 7565/30/3
f 7564/30/4 7568/30/4 7567/30/4 7563/30/4
f 7561/30/5 7565/30/5 7568/30/5 7564/30/5
f 7562/30/6 7563/30/6 7567/30/6 7566/30/6
f 7569/30/1 7572/30/1 7571/30/1 7570/30/1
f 7573/30/2 7574/30/2 7575/30/2 7576/30/2
f 7569/30/3 7570/30/3 7574/30/3 7573/30/3
f 7572/30/4 7576/30/4 7575/30/4 7571/30/4
f 7569/30/5 7573/30/5 7576/30/5 7572/30/5
f 7570/30/6 7571/30/6 7575/30/6 7574/30/6
f 7577/36/1 7580/36/1 7579/36/1 7578/36/1
f 7581/36/2 7582/36/2 7583/36/2 7584/36/2
f 7577/36/3 7578/36/3 7582/36/3 7581/36/3
f 7580/36/4 7584/36/4 7583/36/4 7579/36/4
f 7577/36/5 7581/36/5 7584/36/5 7580/36/5
f 7578/36/6 7579/36/6 7583/36/6 7582/36/6
f 7585/36/1 7588/36/1 7587/36/1 7586/36/1
f 7589/36/2 7590/36/2 7591/36/2 7592/36/2
f 7585/36/3 7586/36/3 7590/36/3 7589/36/3
f 7588/36/4 7592/36/4 7591/36/4 7587/36/4
f 7585/36/5 7589/36/5 7592/36/5 7588/36/5
f 7586/36/6 7587/36/6 7591/36/6 7590/36/6
f 7593/33/1 7596/33/1 7595/33/1 7594/33/1
f 7597/33/2 7598/33/2 7599/33/2 7600/33/2
f 7593/33/3 7594/33/3 7598/33/3 7597/33/3
f 7596/33/4 7600/33/4 7599/33/4 7595/33/4
f 7593/33/5 7597/33/5 7600/33/5 7596/33/5
f 7594/33/6 7595/33/6 7599/33/6 7598/33/6
f 7601/30/1 7604/30/1 7603/30/1 7602/30/1
f 7605/30/2 7606/30/2 7607/30/2 7608/30/2
f 7601/30/3 7602/30/3 7606/30/3 7605/30/3
f 7604/30/4 7608/30/4 7607/30/4 7603/30/4
f 7601/30/5 7605/30/5 7608/30/5 7604/30/5
f 7602/30/6 7603/30/6 7607/30/6 7606/30/6
f 7609/30/1 7612/30/1 7611/30/1 7610/30/1
f 7613/30/2 7614/30/2 7615/30/2 7616/30/2
f 7609/30/3 7610/30/3 7614/30/3 7613/30/3
f 7612/30/4 7616/30/4 7615/30/4 7611/30/4
f 7609/30/5 7613/30/5 7616/30/5 7612/30/5
f 7610/30/6 7611/30/6 7615/30/6 7614/30/6
f 7617/30/1 7620/30/1 7619/30/1 7618/30/1
f 7621/30/2 7622/30/2 7623/30/2 7624/30/2
f 7617/30/3 7618/30/3 7622/30/3 7621/30/3
f 7620/30/4 7624/30/4 7623/30/4 7619/30/4
f 7617/30/5 7621/30/5 7624/30/5 7620/30/5
f 7618/30/6 7619/30/6 7623/30/6 7622/30/6
f 7625/30/1 7628/30/1 7627/30/1 7626/30/1
f 7629/30/2 7630/30/2 7631/30/2 7632/30/2
f 7625/30/3 7626/30/3 7630/30/3 7629/30/3
f 7628/30/4 7632/30/4 7631/30/4 7627/30/4
f 7625/30/5 7629/30/5 7632/30/5 7628/30/5
f 7626/30/6 7627/30/6 7631/30/6 7630/30/6
f 7633/30/1 7636/30/1 7635/30/1 7634/30/1
f 7637/30/2 7638/30/2 7639/30/2 7640/30/2
f 7633/30/3 7634/30/3 7638/30/3 7637/30/3
f 7636/30/4 7640/30/4 7639/30/4 7635/30/4
f 7633/30/5 7637/30/5 7640/30/5 7636/30/5
f 7634/30/6 7635/30/6 7639/30/6 7638/30/6
f 7641/30/1 7644/30/1 7643/30/1 7642/30/1
f 7645/30/2 7646/30/2 7647/30/2 7648/30/2
f 7641/30/3 7642/30/3 7646/30/3 7645/30/3
f 7644/30/4 7648/30/4 7647/30/4 7643/30/4
f 7641/30/5 7645/30/5 7648/30/5 7644/30/5
f 7642/30/6 7643/30/6 7647/30/6 7646/30/6
f 7649/30/1 7652/30/1 7651/30/1 7650/30/1
f 7653/30/2 7654/30/2 7655/30/2 7656/30/2
f 7649/30/3 7650/30/3 7654/30/3 7653/30/3
f 7652/30/4 7656/30/4 7655/30/4 7651/30/4
f 7649/30/5 7653/30/5 7656/30/5 7652/30/5
f 7650/30/6 7651/30/6 7655/30/6 7654/30/6
f 7657/30/1 7660/30/1 7659/30/1 7658/30/1
f 7661/30/2 7662/30/2 7663/30/2 7664/30/2
f 7657/30/3 7658/30/3 7662/30/3 7661/30/3
f 7660/30/4 7664/30/4 7663/30/4 7659/30/4
f 7657/30/5 7661/30/5 7664/30/5 7660/30/5
f 7658/30/6 7659/30/6 7663/30/6 7662/30/6
f 7665/32/1 7668/32/1 7667/32/1 7666/32/1
f 7669/32/2 7670/32/2 7671/32/2 7672/32/2
f 7665/32/3 7666/32/3 7670/32/3 7669/32/3
f 7668/32/4 7672/32/4 7671/32/4 7667/32/4
f 7665/32/5 7669/32/5 7672/32/5 7668/32/5
f 7666/32/6 7667/32/6 7671/32/6 7670/32/6
f 7673/30/1 7676/30/1 7675/30/1 7674/30/1
f 7677/30/2 7678/30/2 7679/30/2 7680/30/2
f 7673/30/3 7674/30/3 7678/30/3 7677/30/3
f 7676/30/4 7680/30/4 7679/30/4 7675/30/4
f 7673/30/5 7677/30/5 7680/30/5 7676/30/5
f 7674/30/6 7675/30/6 7679/30/6 7678/30/6
f 7681/30/1 7684/30/1 7683/30/1 7682/30/1
f 7685/30/2 7686/30/2 7687/30/2 7688/30/2
f 7681/30/3 7682/30/3 7686/30/3 7685/30/3
f 7684/30/4 7688/30/4 7687/30/4 7683/30/4
f 7681/30/5 7685/30/5 7688/30/5 7684/30/5
f 7682/30/6 7683/30/6 7687/30/6 7686/30/6
f 7689/30/1 7692/30/1 7691/30/1 7690/30/1
f 7693/30/2 7694/30/2 7695/30/2 7696/30/2
f 7689/30/3 7690/30/3 7694/30/3 7693/30/3
f 7692/30/4 7696/30/4 7695/30/4 7691/30/4
f 7689/30/5 7693/30/5 7696/30/5 7692/30/5
f 7690/30/6 7691/30/6 7695/30/6 7694/30/6
f 7697/30/1 7700/30/1 7699/30/1 7698/30/1
f 7701/30/2 7702/30/2 7703/30/2 7704/30/2
f 7697/30/3 7698/30/3 7702/30/3 7701/30/3
f 7700/30/4 7704/30/4 7703/30/4 7699/30/4
f 7697/30/5 7701/30/5 7704/30/5 7700/30/5
f 7698/30/6 7699/30/6 7703/30/6 7702/30/6
f 7705/30/1 7708/30/1 7707/30/1 7706/30/1
f 7709/30/2 7710/30/2 7711/30/2 7712/30/2
f 7705/30/3 7706/30/3 7710/30/3 7709/30/3
f 7708/30/4 7712/30/4 7711/30/4 7707/30/4
f 7705/30/5 7709/30/5 7712/30/5 7708/30/5
f 7706/30/6 7707/30/6 7711/30/6 7710/30/6
f 7713/30/1 7716/30/1 7715/30/1 7714/30/1
f 7717/30/2 7718/30/2 7719/30/2 7720/30/2
f 7713/30/3 7714/30/3 7718/30/3 7717/30/3
f 7716/30/4 7720/30/4 7719/30/4 7715/30/4
f 7713/30/5 7717/30/5 7720/30/5 7716/30/5
f 7714/30/6 7715/30/6 7719/30/6 7718/30/6
f 7721/30/1 7724/30/1 7723/30/1 7722/30/1
f 7725/30/2 7726/30/2 7727/30/2 7728/30/2
f 7721/30/3 7722/30/3 7726/30/3 7725/30/3
f 7724/30/4 7728/30/4 7727/30/4 7723/30/4
f 7721/30/5 7725/30/5 7728/30/5 7724/30/5
f 7722/30/6 7723/30/6 7727/30/6 7726/30/6
f 7729/30/1 7732/30/1 7731/30/1 7730/30/1
f 7733/30/2 7734/30/2 7735/30/2 7736/30/2
f 7729/30/3 7730/30/3 7734/30/3 7733/30/3
f 7732/30/4 7736/30/4 7735/30/4 7731/30/4
f 7729/30/5 7733/30/5 7736/30/5 7732/30/5
f 7730/30/6 7731/30/6 7735/30/6 7734/30/6
f 7737/30/1 7740/30/1 7739/30/1 7738/30/1
f 7741/30/2 7742/30/2 7743/30/2 7744/30/2
f 7737/30/3 7738/30/3 7742/30/3 7741/30/3
f 7740/30/4 7744/30/4 7743/30/4 7739/30/4
f 7737/30/5 7741/30/5 7744/30/5 7740/30/5
f 7738/30/6 7739/30/6 7743/30/6 7742/30/6
f 7745/30/1 7748/30/1 7747/30/1 7746/30/1
f 7749/30/2 7750/30/2 7751/30/2 7752/30/2
f 7745/30/3 7746/30/3 7750/30/3 7749/30/3
f 7748/30/4 7752/30/4 7751/30/4 7747/30/4
f 7745/30/5 7749/30/5 7752/30/5 7748/30/5
f 7746/30/6 7747/30/6 7751/30/6 7750/30/6
f 7753/30/1 7756/30/1 7755/30/1 7754/30/1
f 7757/30/2 7758/30/2 7759/30/2 7760/30/2
f 7753/30/3 7754/30/3 7758/30/3 7757/30/3
f 7756/30/4 7760/30/4 7759/30/4 7755/30/4
f 7753/30/5 7757/30/5 7760/30/5 7756/30/5
f 7754/30/6 7755/30/6 7759/30/6 7758/30/6
f 7761/30/1 7764/30/1 7763/30/1 7762/30/1
f 7765/30/2 7766/30/2 7767/30/2 7768/30/2
f 7761/30/3 7762/30/3 7766/30/3 7765/30/3
f 7764/30/4 7768/30/4 7767/30/4 7763/30/4
f 7761/30/5 7765/30/5 7768/30/5 7764/30/5
f 7762/30/6 7763/30/6 7767/30/6 7766/30/6
f 7769/30/1 7772/30/1 7771/30/1 7770/30/1
f 7773/30/2 7774/30/2 7775/30/2 7776/30/2
f 7769/30/3 7770/30/3 7774/30/3 7773/30/3
f 7772/30/4 7776/30/4 7775/30/4 7771/30/4
f 7769/30/5 7773/30/5 7776/30/5 7772/30/5
f 7770/30/6 7771/30/6 7775/30/6 7774/30/6
f 7777/30/1 7780/30/1 7779/30/1 7778/30/1
f 7781/30/2 7782/30/2 7783/30/2 7784/30/2
f 7777/30/3 7778/30/3 7782/30/3 7781/30/3
f 7780/30/4 7784/30/4 7783/30/4 7779/30/4
f 7777/30/5 7781/30/5 7784/30/5 7780/30/5
f 7778/30/6 7779/30/6 7783/30/6 7782/30/6
f 7785/36/1 7788/36/1 7787/36/1 7786/36/1
f 7789/36/2 7790/36/2 7791/36/2 7792/36/2
f 7785/36/3 7786/36/3 7790/36/3 7789/36/3
f 7788/36/4 7792/36/4 7791/36/4 7787/36/4
f 7785/36/5 7789/36/5 7792/36/5 7788/36/5
f 7786/36/6 7787/36/6 7791/36/6 7790/36/6
f 7793/36/1 7796/36/1 7795/36/1 7794/36/1
f 7797/36/2 7798/36/2 7799/36/2 7800/36/2
f 7793/36/3 7794/36/3 7798/36/3 7797/36/3
f 7796/36/4 7800/36/4 7799/36/4 7795/36/4
f 7793/36/5 7797/36/5 7800/36/5 7796/36/5
f 7794/36/6 7795/36/6 7799/36/6 7798/36/6
f 7801/32/1 7804/32/1 7803/32/1 7802/32/1
f 7805/32/2 7806/32/2 7807/32/2 7808/32/2
f 7801/32/3 7802/32/3 7806/32/3 7805/32/3
f 7804/32/4 7808/32/4 7807/32/4 7803/32/4
f 7801/32/5 7805/32/5 7808/32/5 7804/32/5
f 7802/32/6 7803/32/6 7807/32/6 7806/32/6
f 7809/30/1 7812/30/1 7811/30/1 7810/30/1
f 7813/30/2 7814/30/2 7815/30/2 7816/30/2
f 7809/30/3 7810/30/3 7814/30/3 7813/30/3
f 7812/30/4 7816/30/4 7815/30/4 7811/30/4
f 7809/30/5 7813/30/5 7816/30/5 7812/30/5
f 7810/30/6 7811/30/6 7815/30/6 7814/30/6
f 7817/30/1 7820/30/1 7819/30/1 7818/30/1
f 7821/30/2 7822/30/2 7823/30/2 7824/30/2
f 7817/30/3 7818/30/3 7822/30/3 7821/30/3
f 7820/30/4 7824/30/4 7823/30/4 7819/30/4
f 7817/30/5 7821/30/5 7824/30/5 7820/30/5
f 7818/30/6 7819/30/6 7823/30/6 7822/30/6
f 7825/30/1 7828/30/1 7827/30/1 7826/30/1
f 7829/30/2 7830/30/2 7831/30/2 7832/30/2
f 7825/30/3 7826/30/3 7830/30/3 7829/30/3
f 7828/30/4 7832/30/4 7831/30/4 7827/30/4
f 7825/30/5 7829/30/5 7832/30/5 7828/30/5
f 7826/30/6 7827/30/6 7831/30/6 7830/30/6
f 7833/30/1 7836/30/1 7835/30/1 7834/30/1
f 7837/30/2 7838/30/2 7839/30/2 7840/30/2
f 7833/30/3 7834/30/3 7838/30/3 7837/30/3
f 7836/30/4 7840/30/4 7839/30/4 7835/30/4
f 7833/30/5 7837/30/5 7840/30/5 7836/30/5
f 7834/30/6 7835/30/6 7839/30/6 7838/30/6
f 7841/30/1 7844/30/1 7843/30/1 7842/30/1
f 7845/30/2 7846/30/2 7847/30/2 7848/30/2
f 7841/30/3 7842/30/3 7846/30/3 7845/30/3
f 7844/30/4 7848/30/4 7847/30/4 7843/30/4
f 7841/30/5 7845/30/5 7848/30/5 7844/30/5
f 7842/30/6 7843/30/6 7847/30/6 7846/30/6
f 7849/30/1 7852/30/1 7851/30/1 7850/30/1
f 7853/30/2 7854/30/2 7855/30/2 7856/30/2
f 7849/30/3 7850/30/3 7854/30/3 7853/30/3
f 7852/30/4 7856/30/4 7855/30/4 7851/30/4
f 7849/30/5 7853/30/5 7856/30/5 7852/30/5
f 7850/30/6 7851/30/6 7855/30/6 7854/30/6
f 7857/30/1 7860/30/1 7859/30/1 7858/30/1
f 7861/30/2 7862/30/2 7863/30/2 7864/30/2
f 7857/30/3 7858/30/3 7862/30/3 7861/30/3
f 7860/30/4 7864/30/4 7863/30/4 7859/30/4
f 7857/30/5 7861/30/5 7864/30/5 7860/30/5
f 7858/30/6 7859/30/6 7863/30/6 7862/30/6
f 7865/30/1 7868/30/1 7867/30/1 7866/30/1
f 7869/30/2 7870/30/2 7871/30/2 7872/30/2
f 7865/30/3 7866/30/3 7870/30/3 7869/30/3
f 7868/30/4 7872/30/4 7871/30/4 7867/30/4
f 7865/30/5 7869/30/5 7872/30/5 7868/30/5
f 7866/30/6 7867/30/6 7871/30/6 7870/30/6
f 7873/33/1 7876/33/1 7875/33/1 7874/33/1
f 7877/33/2 7878/33/2 7879/33/2 7880/33/2
f 7873/33/3 7874/33/3 7878/33/3 7877/33/3
f 7876/33/4 7880/33/4 7879/33/4 7875/33/4
f 7873/33/5 7877/33/5 7880/33/5 7876/33/5
f 7874/33/6 7875/33/6 7879/33/6 7878/33/6
f 7881/30/1 7884/30/1 7883/30/1 7882/30/1
f 7885/30/2 7886/30/2 7887/30/2 7888/30/2
f 7881/30/3 7882/30/3 7886/30/3 7885/30/3
f 7884/30/4 7888/30/4 7887/30/4 7883/30/4
f 7881/30/5 7885/30/5 7888/30/5 7884/30/5
f 7882/30/6 7883/30/6 7887/30/6 7886/30/6
f 7889/30/1 7892/30/1 7891/30/1 7890/30/1
f 7893/30/2 7894/30/2 7895/30/2 7896/30/2
f 7889/30/3 7890/30/3 7894/30/3 7893/30/3
f 7892/30/4 7896/30/4 7895/30/4 7891/30/4
f 7889/30/5 7893/30/5 7896/30/5 7892/30/5
f 7890/30/6 7891/30/6 7895/30/6 7894/30/6
f 7897/30/1 7900/30/1 7899/30/1 7898/30/1
f 7901/30/2 7902/30/2 7903/30/2 7904/30/2
f 7897/30/3 7898/30/3 7902/30/3 7901/30/3
f 7900/30/4 7904/30/4 7903/30/4 7899/30/4
f 7897/30/5 7901/30/5 7904/30/5 7900/30/5
f 7898/30/6 7899/30/6 7903/30/6 7902/30/6
f 7905/30/1 7908/30/1 7907/30/1 7906/30/1
f 7909/30/2 7910/30/2 7911/30/2 7912/30/2
f 7905/30/3 7906/30/3 7910/30/3 7909/30/3
f 7908/30/4 7912/30/4 7911/30/4 7907/30/4
f 7905/30/5 7909/30/5 7912/30/5 7908/30/5
f 7906/30/6 7907/30/6 7911/30/6 7910/30/6
f 7913/30/1 7916/30/1 7915/30/1 7914/30/1
f 7917/30/2 7918/30/2 7919/30/2 7920/30/2
f 7913/30/3 7914/30/3 7918/30/3 7917/30/3
f 7916/30/4 7920/30/4 7919/30/4 7915/30/4
f 7913/30/5 7917/30/5 7920/30/5 7916/30/5
f 7914/30/6 7915/30/6 7919/30/6 7918/30/6
f 7921/30/1 7924/30/1 7923/30/1 7922/30/1
f 7925/30/2 7926/30/2 7927/30/2 7928/30/2
f 7921/30/3 7922/30/3 7926/30/3 7925/30/3
f 7924/30/4 7928/30/4 7927/30/4 7923/30/4
f 7921/30/5 7925/30/5 7928/30/5 7924/30/5
f 7922/30/6 7923/30/6 7927/30/6 7926/30/6
f 7929/30/1 7932/30/1 7931/30/1 7930/30/1
f 7933/30/2 7934/30/2 7935/30/2 7936/30/2
f 7929/30/3 7930/30/3 7934/30/3 7933/30/3
f 7932/30/4 7936/30/4 7935/30/4 7931/30/4
f 7929/30/5 7933/30/5 7936/30/5 7932/30/5
f 7930/30/6 7931/30/6 7935/30/6 7934/30/6
f 7937/30/1 7940/30/1 7939/30/1 7938/30/1
f 7941/30/2 7942/30/2 7943/30/2 7944/30/2
f 7937/30/3 7938/30/3 7942/30/3 7941/30/3
f 7940/30/4 7944/30/4 7943/30/4 7939/30/4
f 7937/30/5 7941/30/5 7944/30/5 7940/30/5
f 7938/30/6 7939/30/6 7943/30/6 7942/30/6
f 7945/30/1 7948/30/1 7947/30/1 7946/30/1
f 7949/30/2 7950/30/2 7951/30/2 7952/30/2
f 7945/30/3 7946/30/3 7950/30/3 7949/30/3
f 7948/30/4 7952/30/4 7951/30/4 7947/30/4
f 7945/30/5 7949/30/5 7952/30/5 7948/30/5
f 7946/30/6 7947/30/6 7951/30/6 7950/30/6
f 7953/30/1 7956/30/1 7955/30/1 7954/30/1
f 7957/30/2 7958/30/2 7959/30/2 7960/30/2
f 7953/30/3 7954/30/3 7958/30/3 7957/30/3
f 7956/30/4 7960/30/4 7959/30/4 7955/30/4
f 7953/30/5 7957/30/5 7960/30/5 7956/30/5
f 7954/30/6 7955/30/6 7959/30/6 7958/30/6
o SHELL_diaphragm
usemtl palette
f 7961/39/1 7964/39/1 7963/39/1 7962/39/1
f 7965/39/2 7966/39/2 7967/39/2 7968/39/2
f 7961/39/3 7962/39/3 7966/39/3 7965/39/3
f 7964/39/4 7968/39/4 7967/39/4 7963/39/4
f 7961/39/5 7965/39/5 7968/39/5 7964/39/5
f 7962/39/6 7963/39/6 7967/39/6 7966/39/6
f 7969/39/1 7972/39/1 7971/39/1 7970/39/1
f 7973/39/2 7974/39/2 7975/39/2 7976/39/2
f 7969/39/3 7970/39/3 7974/39/3 7973/39/3
f 7972/39/4 7976/39/4 7975/39/4 7971/39/4
f 7969/39/5 7973/39/5 7976/39/5 7972/39/5
f 7970/39/6 7971/39/6 7975/39/6 7974/39/6
f 7977/39/1 7980/39/1 7979/39/1 7978/39/1
f 7981/39/2 7982/39/2 7983/39/2 7984/39/2
f 7977/39/3 7978/39/3 7982/39/3 7981/39/3
f 7980/39/4 7984/39/4 7983/39/4 7979/39/4
f 7977/39/5 7981/39/5 7984/39/5 7980/39/5
f 7978/39/6 7979/39/6 7983/39/6 7982/39/6
f 7985/39/1 7988/39/1 7987/39/1 7986/39/1
f 7989/39/2 7990/39/2 7991/39/2 7992/39/2
f 7985/39/3 7986/39/3 7990/39/3 7989/39/3
f 7988/39/4 7992/39/4 7991/39/4 7987/39/4
f 7985/39/5 7989/39/5 7992/39/5 7988/39/5
f 7986/39/6 7987/39/6 7991/39/6 7990/39/6
f 7993/39/1 7996/39/1 7995/39/1 7994/39/1
f 7997/39/2 7998/39/2 7999/39/2 8000/39/2
f 7993/39/3 7994/39/3 7998/39/3 7997/39/3
f 7996/39/4 8000/39/4 7999/39/4 7995/39/4
f 7993/39/5 7997/39/5 8000/39/5 7996/39/5
f 7994/39/6 7995/39/6 7999/39/6 7998/39/6
f 8001/39/1 8004/39/1 8003/39/1 8002/39/1
f 8005/39/2 8006/39/2 8007/39/2 8008/39/2
f 8001/39/3 8002/39/3 8006/39/3 8005/39/3
f 8004/39/4 8008/39/4 8007/39/4 8003/39/4
f 8001/39/5 8005/39/5 8008/39/5 8004/39/5
f 8002/39/6 8003/39/6 8007/39/6 8006/39/6
f 8009/39/1 8012/39/1 8011/39/1 8010/39/1
f 8013/39/2 8014/39/2 8015/39/2 8016/39/2
f 8009/39/3 8010/39/3 8014/39/3 8013/39/3
f 8012/39/4 8016/39/4 8015/39/4 8011/39/4
f 8009/39/5 8013/39/5 8016/39/5 8012/39/5
f 8010/39/6 8011/39/6 8015/39/6 8014/39/6
f 8017/39/1 8020/39/1 8019/39/1 8018/39/1
f 8021/39/2 8022/39/2 8023/39/2 8024/39/2
f 8017/39/3 8018/39/3 8022/39/3 8021/39/3
f 8020/39/4 8024/39/4 8023/39/4 8019/39/4
f 8017/39/5 8021/39/5 8024/39/5 8020/39/5
f 8018/39/6 8019/39/6 8023/39/6 8022/39/6
o FLOOR
usemtl palette
f 8025/36/1 8028/36/1 8027/36/1 8026/36/1
f 8029/36/2 8030/36/2 8031/36/2 8032/36/2
f 8025/36/3 8026/36/3 8030/36/3 8029/36/3
f 8028/36/4 8032/36/4 8031/36/4 8027/36/4
f 8025/36/5 8029/36/5 8032/36/5 8028/36/5
f 8026/36/6 8027/36/6 8031/36/6 8030/36/6
f 8033/3/1 8036/3/1 8035/3/1 8034/3/1
f 8037/3/2 8038/3/2 8039/3/2 8040/3/2
f 8033/3/3 8034/3/3 8038/3/3 8037/3/3
f 8036/3/4 8040/3/4 8039/3/4 8035/3/4
f 8033/3/5 8037/3/5 8040/3/5 8036/3/5
f 8034/3/6 8035/3/6 8039/3/6 8038/3/6
o SHELL_gangway
usemtl palette
f 8041/36/1 8044/36/1 8043/36/1 8042/36/1
f 8045/36/2 8046/36/2 8047/36/2 8048/36/2
f 8041/36/3 8042/36/3 8046/36/3 8045/36/3
f 8044/36/4 8048/36/4 8047/36/4 8043/36/4
f 8041/36/5 8045/36/5 8048/36/5 8044/36/5
f 8042/36/6 8043/36/6 8047/36/6 8046/36/6
o BOGEY_FRONT
usemtl palette
f 8049/32/1 8052/32/1 8051/32/1 8050/32/1
f 8053/32/2 8054/32/2 8055/32/2 8056/32/2
f 8049/32/3 8050/32/3 8054/32/3 8053/32/3
f 8052/32/4 8056/32/4 8055/32/4 8051/32/4
f 8049/32/5 8053/32/5 8056/32/5 8052/32/5
f 8050/32/6 8051/32/6 8055/32/6 8054/32/6
f 8057/32/1 8060/32/1 8059/32/1 8058/32/1
f 8061/32/2 8062/32/2 8063/32/2 8064/32/2
f 8057/32/3 8058/32/3 8062/32/3 8061/32/3
f 8060/32/4 8064/32/4 8063/32/4 8059/32/4
f 8057/32/5 8061/32/5 8064/32/5 8060/32/5
f 8058/32/6 8059/32/6 8063/32/6 8062/32/6
f 8065/32/1 8068/32/1 8067/32/1 8066/32/1
f 8069/32/2 8070/32/2 8071/32/2 8072/32/2
f 8065/32/3 8066/32/3 8070/32/3 8069/32/3
f 8068/32/4 8072/32/4 8071/32/4 8067/32/4
f 8065/32/5 8069/32/5 8072/32/5 8068/32/5
f 8066/32/6 8067/32/6 8071/32/6 8070/32/6
f 8073/33/1 8076/33/1 8075/33/1 8074/33/1
f 8077/33/2 8078/33/2 8079/33/2 8080/33/2
f 8073/33/3 8074/33/3 8078/33/3 8077/33/3
f 8076/33/4 8080/33/4 8079/33/4 8075/33/4
f 8073/33/5 8077/33/5 8080/33/5 8076/33/5
f 8074/33/6 8075/33/6 8079/33/6 8078/33/6
f 8081/33/1 8084/33/1 8083/33/1 8082/33/1
f 8085/33/2 8086/33/2 8087/33/2 8088/33/2
f 8081/33/3 8082/33/3 8086/33/3 8085/33/3
f 8084/33/4 8088/33/4 8087/33/4 8083/33/4
f 8081/33/5 8085/33/5 8088/33/5 8084/33/5
f 8082/33/6 8083/33/6 8087/33/6 8086/33/6
f 8089/33/1 8092/33/1 8091/33/1 8090/33/1
f 8093/33/2 8094/33/2 8095/33/2 8096/33/2
f 8089/33/3 8090/33/3 8094/33/3 8093/33/3
f 8092/33/4 8096/33/4 8095/33/4 8091/33/4
f 8089/33/5 8093/33/5 8096/33/5 8092/33/5
f 8090/33/6 8091/33/6 8095/33/6 8094/33/6
f 8097/33/1 8100/33/1 8099/33/1 8098/33/1
f 8101/33/2 8102/33/2 8103/33/2 8104/33/2
f 8097/33/3 8098/33/3 8102/33/3 8101/33/3
f 8100/33/4 8104/33/4 8103/33/4 8099/33/4
f 8097/33/5 8101/33/5 8104/33/5 8100/33/5
f 8098/33/6 8099/33/6 8103/33/6 8102/33/6
f 8105/13/1 8108/13/1 8107/13/1 8106/13/1
f 8109/13/2 8110/13/2 8111/13/2 8112/13/2
f 8105/13/3 8106/13/3 8110/13/3 8109/13/3
f 8108/13/4 8112/13/4 8111/13/4 8107/13/4
f 8105/13/5 8109/13/5 8112/13/5 8108/13/5
f 8106/13/6 8107/13/6 8111/13/6 8110/13/6
f 8113/13/1 8116/13/1 8115/13/1 8114/13/1
f 8117/13/2 8118/13/2 8119/13/2 8120/13/2
f 8113/13/3 8114/13/3 8118/13/3 8117/13/3
f 8116/13/4 8120/13/4 8119/13/4 8115/13/4
f 8113/13/5 8117/13/5 8120/13/5 8116/13/5
f 8114/13/6 8115/13/6 8119/13/6 8118/13/6
f 8121/36/1 8124/36/1 8123/36/1 8122/36/1
f 8125/36/2 8126/36/2 8127/36/2 8128/36/2
f 8121/36/3 8122/36/3 8126/36/3 8125/36/3
f 8124/36/4 8128/36/4 8127/36/4 8123/36/4
f 8121/36/5 8125/36/5 8128/36/5 8124/36/5
f 8122/36/6 8123/36/6 8127/36/6 8126/36/6
f 8129/36/1 8132/36/1 8131/36/1 8130/36/1
f 8133/36/2 8134/36/2 8135/36/2 8136/36/2
f 8129/36/3 8130/36/3 8134/36/3 8133/36/3
f 8132/36/4 8136/36/4 8135/36/4 8131/36/4
f 8129/36/5 8133/36/5 8136/36/5 8132/36/5
f 8130/36/6 8131/36/6 8135/36/6 8134/36/6
f 8137/36/1 8140/36/1 8139/36/1 8138/36/1
f 8141/36/2 8142/36/2 8143/36/2 8144/36/2
f 8137/36/3 8138/36/3 8142/36/3 8141/36/3
f 8140/36/4 8144/36/4 8143/36/4 8139/36/4
f 8137/36/5 8141/36/5 8144/36/5 8140/36/5
f 8138/36/6 8139/36/6 8143/36/6 8142/36/6
f 8145/36/1 8148/36/1 8147/36/1 8146/36/1
f 8149/36/2 8150/36/2 8151/36/2 8152/36/2
f 8145/36/3 8146/36/3 8150/36/3 8149/36/3
f 8148/36/4 8152/36/4 8151/36/4 8147/36/4
f 8145/36/5 8149/36/5 8152/36/5 8148/36/5
f 8146/36/6 8147/36/6 8151/36/6 8150/36/6
f 8153/36/1 8156/36/1 8155/36/1 8154/36/1
f 8157/36/2 8158/36/2 8159/36/2 8160/36/2
f 8153/36/3 8154/36/3 8158/36/3 8157/36/3
f 8156/36/4 8160/36/4 8159/36/4 8155/36/4
f 8153/36/5 8157/36/5 8160/36/5 8156/36/5
f 8154/36/6 8155/36/6 8159/36/6 8158/36/6
f 8161/36/1 8164/36/1 8163/36/1 8162/36/1
f 8165/36/2 8166/36/2 8167/36/2 8168/36/2
f 8161/36/3 8162/36/3 8166/36/3 8165/36/3
f 8164/36/4 8168/36/4 8167/36/4 8163/36/4
f 8161/36/5 8165/36/5 8168/36/5 8164/36/5
f 8162/36/6 8163/36/6 8167/36/6 8166/36/6
f 8169/36/1 8172/36/1 8171/36/1 8170/36/1
f 8173/36/2 8174/36/2 8175/36/2 8176/36/2
f 8169/36/3 8170/36/3 8174/36/3 8173/36/3
f 8172/36/4 8176/36/4 8175/36/4 8171/36/4
f 8169/36/5 8173/36/5 8176/36/5 8172/36/5
f 8170/36/6 8171/36/6 8175/36/6 8174/36/6
f 8177/36/1 8180/36/1 8179/36/1 8178/36/1
f 8181/36/2 8182/36/2 8183/36/2 8184/36/2
f 8177/36/3 8178/36/3 8182/36/3 8181/36/3
f 8180/36/4 8184/36/4 8183/36/4 8179/36/4
f 8177/36/5 8181/36/5 8184/36/5 8180/36/5
f 8178/36/6 8179/36/6 8183/36/6 8182/36/6
f 8185/33/1 8188/33/1 8187/33/1 8186/33/1
f 8189/33/2 8190/33/2 8191/33/2 8192/33/2
f 8185/33/3 8186/33/3 8190/33/3 8189/33/3
f 8188/33/4 8192/33/4 8191/33/4 8187/33/4
f 8185/33/5 8189/33/5 8192/33/5 8188/33/5
f 8186/33/6 8187/33/6 8191/33/6 8190/33/6
f 8193/33/1 8196/33/1 8195/33/1 8194/33/1
f 8197/33/2 8198/33/2 8199/33/2 8200/33/2
f 8193/33/3 8194/33/3 8198/33/3 8197/33/3
f 8196/33/4 8200/33/4 8199/33/4 8195/33/4
f 8193/33/5 8197/33/5 8200/33/5 8196/33/5
f 8194/33/6 8195/33/6 8199/33/6 8198/33/6
f 8201/13/1 8204/13/1 8203/13/1 8202/13/1
f 8205/13/2 8206/13/2 8207/13/2 8208/13/2
f 8201/13/3 8202/13/3 8206/13/3 8205/13/3
f 8204/13/4 8208/13/4 8207/13/4 8203/13/4
f 8201/13/5 8205/13/5 8208/13/5 8204/13/5
f 8202/13/6 8203/13/6 8207/13/6 8206/13/6
f 8209/13/1 8212/13/1 8211/13/1 8210/13/1
f 8213/13/2 8214/13/2 8215/13/2 8216/13/2
f 8209/13/3 8210/13/3 8214/13/3 8213/13/3
f 8212/13/4 8216/13/4 8215/13/4 8211/13/4
f 8209/13/5 8213/13/5 8216/13/5 8212/13/5
f 8210/13/6 8211/13/6 8215/13/6 8214/13/6
f 8217/36/1 8220/36/1 8219/36/1 8218/36/1
f 8221/36/2 8222/36/2 8223/36/2 8224/36/2
f 8217/36/3 8218/36/3 8222/36/3 8221/36/3
f 8220/36/4 8224/36/4 8223/36/4 8219/36/4
f 8217/36/5 8221/36/5 8224/36/5 8220/36/5
f 8218/36/6 8219/36/6 8223/36/6 8222/36/6
f 8225/36/1 8228/36/1 8227/36/1 8226/36/1
f 8229/36/2 8230/36/2 8231/36/2 8232/36/2
f 8225/36/3 8226/36/3 8230/36/3 8229/36/3
f 8228/36/4 8232/36/4 8231/36/4 8227/36/4
f 8225/36/5 8229/36/5 8232/36/5 8228/36/5
f 8226/36/6 8227/36/6 8231/36/6 8230/36/6
f 8233/36/1 8236/36/1 8235/36/1 8234/36/1
f 8237/36/2 8238/36/2 8239/36/2 8240/36/2
f 8233/36/3 8234/36/3 8238/36/3 8237/36/3
f 8236/36/4 8240/36/4 8239/36/4 8235/36/4
f 8233/36/5 8237/36/5 8240/36/5 8236/36/5
f 8234/36/6 8235/36/6 8239/36/6 8238/36/6
f 8241/36/1 8244/36/1 8243/36/1 8242/36/1
f 8245/36/2 8246/36/2 8247/36/2 8248/36/2
f 8241/36/3 8242/36/3 8246/36/3 8245/36/3
f 8244/36/4 8248/36/4 8247/36/4 8243/36/4
f 8241/36/5 8245/36/5 8248/36/5 8244/36/5
f 8242/36/6 8243/36/6 8247/36/6 8246/36/6
f 8249/36/1 8252/36/1 8251/36/1 8250/36/1
f 8253/36/2 8254/36/2 8255/36/2 8256/36/2
f 8249/36/3 8250/36/3 8254/36/3 8253/36/3
f 8252/36/4 8256/36/4 8255/36/4 8251/36/4
f 8249/36/5 8253/36/5 8256/36/5 8252/36/5
f 8250/36/6 8251/36/6 8255/36/6 8254/36/6
f 8257/36/1 8260/36/1 8259/36/1 8258/36/1
f 8261/36/2 8262/36/2 8263/36/2 8264/36/2
f 8257/36/3 8258/36/3 8262/36/3 8261/36/3
f 8260/36/4 8264/36/4 8263/36/4 8259/36/4
f 8257/36/5 8261/36/5 8264/36/5 8260/36/5
f 8258/36/6 8259/36/6 8263/36/6 8262/36/6
f 8265/36/1 8268/36/1 8267/36/1 8266/36/1
f 8269/36/2 8270/36/2 8271/36/2 8272/36/2
f 8265/36/3 8266/36/3 8270/36/3 8269/36/3
f 8268/36/4 8272/36/4 8271/36/4 8267/36/4
f 8265/36/5 8269/36/5 8272/36/5 8268/36/5
f 8266/36/6 8267/36/6 8271/36/6 8270/36/6
f 8273/36/1 8276/36/1 8275/36/1 8274/36/1
f 8277/36/2 8278/36/2 8279/36/2 8280/36/2
f 8273/36/3 8274/36/3 8278/36/3 8277/36/3
f 8276/36/4 8280/36/4 8279/36/4 8275/36/4
f 8273/36/5 8277/36/5 8280/36/5 8276/36/5
f 8274/36/6 8275/36/6 8279/36/6 8278/36/6
f 8281/34/1 8284/34/1 8283/34/1 8282/34/1
f 8285/34/2 8286/34/2 8287/34/2 8288/34/2
f 8281/34/3 8282/34/3 8286/34/3 8285/34/3
f 8284/34/4 8288/34/4 8287/34/4 8283/34/4
f 8281/34/5 8285/34/5 8288/34/5 8284/34/5
f 8282/34/6 8283/34/6 8287/34/6 8286/34/6
f 8289/34/1 8292/34/1 8291/34/1 8290/34/1
f 8293/34/2 8294/34/2 8295/34/2 8296/34/2
f 8289/34/3 8290/34/3 8294/34/3 8293/34/3
f 8292/34/4 8296/34/4 8295/34/4 8291/34/4
f 8289/34/5 8293/34/5 8296/34/5 8292/34/5
f 8290/34/6 8291/34/6 8295/34/6 8294/34/6
f 8297/13/1 8300/13/1 8299/13/1 8298/13/1
f 8301/13/2 8302/13/2 8303/13/2 8304/13/2
f 8297/13/3 8298/13/3 8302/13/3 8301/13/3
f 8300/13/4 8304/13/4 8303/13/4 8299/13/4
f 8297/13/5 8301/13/5 8304/13/5 8300/13/5
f 8298/13/6 8299/13/6 8303/13/6 8302/13/6
f 8305/13/1 8308/13/1 8307/13/1 8306/13/1
f 8309/13/2 8310/13/2 8311/13/2 8312/13/2
f 8305/13/3 8306/13/3 8310/13/3 8309/13/3
f 8308/13/4 8312/13/4 8311/13/4 8307/13/4
f 8305/13/5 8309/13/5 8312/13/5 8308/13/5
f 8306/13/6 8307/13/6 8311/13/6 8310/13/6
f 8313/13/1 8316/13/1 8315/13/1 8314/13/1
f 8317/13/2 8318/13/2 8319/13/2 8320/13/2
f 8313/13/3 8314/13/3 8318/13/3 8317/13/3
f 8316/13/4 8320/13/4 8319/13/4 8315/13/4
f 8313/13/5 8317/13/5 8320/13/5 8316/13/5
f 8314/13/6 8315/13/6 8319/13/6 8318/13/6
f 8321/13/1 8324/13/1 8323/13/1 8322/13/1
f 8325/13/2 8326/13/2 8327/13/2 8328/13/2
f 8321/13/3 8322/13/3 8326/13/3 8325/13/3
f 8324/13/4 8328/13/4 8327/13/4 8323/13/4
f 8321/13/5 8325/13/5 8328/13/5 8324/13/5
f 8322/13/6 8323/13/6 8327/13/6 8326/13/6
f 8329/13/1 8332/13/1 8331/13/1 8330/13/1
f 8333/13/2 8334/13/2 8335/13/2 8336/13/2
f 8329/13/3 8330/13/3 8334/13/3 8333/13/3
f 8332/13/4 8336/13/4 8335/13/4 8331/13/4
f 8329/13/5 8333/13/5 8336/13/5 8332/13/5
f 8330/13/6 8331/13/6 8335/13/6 8334/13/6
f 8337/13/1 8340/13/1 8339/13/1 8338/13/1
f 8341/13/2 8342/13/2 8343/13/2 8344/13/2
f 8337/13/3 8338/13/3 8342/13/3 8341/13/3
f 8340/13/4 8344/13/4 8343/13/4 8339/13/4
f 8337/13/5 8341/13/5 8344/13/5 8340/13/5
f 8338/13/6 8339/13/6 8343/13/6 8342/13/6
f 8345/13/1 8348/13/1 8347/13/1 8346/13/1
f 8349/13/2 8350/13/2 8351/13/2 8352/13/2
f 8345/13/3 8346/13/3 8350/13/3 8349/13/3
f 8348/13/4 8352/13/4 8351/13/4 8347/13/4
f 8345/13/5 8349/13/5 8352/13/5 8348/13/5
f 8346/13/6 8347/13/6 8351/13/6 8350/13/6
f 8353/13/1 8356/13/1 8355/13/1 8354/13/1
f 8357/13/2 8358/13/2 8359/13/2 8360/13/2
f 8353/13/3 8354/13/3 8358/13/3 8357/13/3
f 8356/13/4 8360/13/4 8359/13/4 8355/13/4
f 8353/13/5 8357/13/5 8360/13/5 8356/13/5
f 8354/13/6 8355/13/6 8359/13/6 8358/13/6
f 8361/13/1 8364/13/1 8363/13/1 8362/13/1
f 8365/13/2 8366/13/2 8367/13/2 8368/13/2
f 8361/13/3 8362/13/3 8366/13/3 8365/13/3
f 8364/13/4 8368/13/4 8367/13/4 8363/13/4
f 8361/13/5 8365/13/5 8368/13/5 8364/13/5
f 8362/13/6 8363/13/6 8367/13/6 8366/13/6
f 8369/13/1 8372/13/1 8371/13/1 8370/13/1
f 8373/13/2 8374/13/2 8375/13/2 8376/13/2
f 8369/13/3 8370/13/3 8374/13/3 8373/13/3
f 8372/13/4 8376/13/4 8375/13/4 8371/13/4
f 8369/13/5 8373/13/5 8376/13/5 8372/13/5
f 8370/13/6 8371/13/6 8375/13/6 8374/13/6
f 8377/13/1 8380/13/1 8379/13/1 8378/13/1
f 8381/13/2 8382/13/2 8383/13/2 8384/13/2
f 8377/13/3 8378/13/3 8382/13/3 8381/13/3
f 8380/13/4 8384/13/4 8383/13/4 8379/13/4
f 8377/13/5 8381/13/5 8384/13/5 8380/13/5
f 8378/13/6 8379/13/6 8383/13/6 8382/13/6
f 8385/13/1 8388/13/1 8387/13/1 8386/13/1
f 8389/13/2 8390/13/2 8391/13/2 8392/13/2
f 8385/13/3 8386/13/3 8390/13/3 8389/13/3
f 8388/13/4 8392/13/4 8391/13/4 8387/13/4
f 8385/13/5 8389/13/5 8392/13/5 8388/13/5
f 8386/13/6 8387/13/6 8391/13/6 8390/13/6
f 8393/13/1 8396/13/1 8395/13/1 8394/13/1
f 8397/13/2 8398/13/2 8399/13/2 8400/13/2
f 8393/13/3 8394/13/3 8398/13/3 8397/13/3
f 8396/13/4 8400/13/4 8399/13/4 8395/13/4
f 8393/13/5 8397/13/5 8400/13/5 8396/13/5
f 8394/13/6 8395/13/6 8399/13/6 8398/13/6
f 8401/13/1 8404/13/1 8403/13/1 8402/13/1
f 8405/13/2 8406/13/2 8407/13/2 8408/13/2
f 8401/13/3 8402/13/3 8406/13/3 8405/13/3
f 8404/13/4 8408/13/4 8407/13/4 8403/13/4
f 8401/13/5 8405/13/5 8408/13/5 8404/13/5
f 8402/13/6 8403/13/6 8407/13/6 8406/13/6
f 8409/13/1 8412/13/1 8411/13/1 8410/13/1
f 8413/13/2 8414/13/2 8415/13/2 8416/13/2
f 8409/13/3 8410/13/3 8414/13/3 8413/13/3
f 8412/13/4 8416/13/4 8415/13/4 8411/13/4
f 8409/13/5 8413/13/5 8416/13/5 8412/13/5
f 8410/13/6 8411/13/6 8415/13/6 8414/13/6
f 8417/13/1 8420/13/1 8419/13/1 8418/13/1
f 8421/13/2 8422/13/2 8423/13/2 8424/13/2
f 8417/13/3 8418/13/3 8422/13/3 8421/13/3
f 8420/13/4 8424/13/4 8423/13/4 8419/13/4
f 8417/13/5 8421/13/5 8424/13/5 8420/13/5
f 8418/13/6 8419/13/6 8423/13/6 8422/13/6
f 8425/13/1 8428/13/1 8427/13/1 8426/13/1
f 8429/13/2 8430/13/2 8431/13/2 8432/13/2
f 8425/13/3 8426/13/3 8430/13/3 8429/13/3
f 8428/13/4 8432/13/4 8431/13/4 8427/13/4
f 8425/13/5 8429/13/5 8432/13/5 8428/13/5
f 8426/13/6 8427/13/6 8431/13/6 8430/13/6
f 8433/13/1 8436/13/1 8435/13/1 8434/13/1
f 8437/13/2 8438/13/2 8439/13/2 8440/13/2
f 8433/13/3 8434/13/3 8438/13/3 8437/13/3
f 8436/13/4 8440/13/4 8439/13/4 8435/13/4
f 8433/13/5 8437/13/5 8440/13/5 8436/13/5
f 8434/13/6 8435/13/6 8439/13/6 8438/13/6
f 8441/13/1 8444/13/1 8443/13/1 8442/13/1
f 8445/13/2 8446/13/2 8447/13/2 8448/13/2
f 8441/13/3 8442/13/3 8446/13/3 8445/13/3
f 8444/13/4 8448/13/4 8447/13/4 8443/13/4
f 8441/13/5 8445/13/5 8448/13/5 8444/13/5
f 8442/13/6 8443/13/6 8447/13/6 8446/13/6
f 8449/13/1 8452/13/1 8451/13/1 8450/13/1
f 8453/13/2 8454/13/2 8455/13/2 8456/13/2
f 8449/13/3 8450/13/3 8454/13/3 8453/13/3
f 8452/13/4 8456/13/4 8455/13/4 8451/13/4
f 8449/13/5 8453/13/5 8456/13/5 8452/13/5
f 8450/13/6 8451/13/6 8455/13/6 8454/13/6
f 8457/13/1 8460/13/1 8459/13/1 8458/13/1
f 8461/13/2 8462/13/2 8463/13/2 8464/13/2
f 8457/13/3 8458/13/3 8462/13/3 8461/13/3
f 8460/13/4 8464/13/4 8463/13/4 8459/13/4
f 8457/13/5 8461/13/5 8464/13/5 8460/13/5
f 8458/13/6 8459/13/6 8463/13/6 8462/13/6
f 8465/13/1 8468/13/1 8467/13/1 8466/13/1
f 8469/13/2 8470/13/2 8471/13/2 8472/13/2
f 8465/13/3 8466/13/3 8470/13/3 8469/13/3
f 8468/13/4 8472/13/4 8471/13/4 8467/13/4
f 8465/13/5 8469/13/5 8472/13/5 8468/13/5
f 8466/13/6 8467/13/6 8471/13/6 8470/13/6
f 8473/13/1 8476/13/1 8475/13/1 8474/13/1
f 8477/13/2 8478/13/2 8479/13/2 8480/13/2
f 8473/13/3 8474/13/3 8478/13/3 8477/13/3
f 8476/13/4 8480/13/4 8479/13/4 8475/13/4
f 8473/13/5 8477/13/5 8480/13/5 8476/13/5
f 8474/13/6 8475/13/6 8479/13/6 8478/13/6
f 8481/13/1 8484/13/1 8483/13/1 8482/13/1
f 8485/13/2 8486/13/2 8487/13/2 8488/13/2
f 8481/13/3 8482/13/3 8486/13/3 8485/13/3
f 8484/13/4 8488/13/4 8487/13/4 8483/13/4
f 8481/13/5 8485/13/5 8488/13/5 8484/13/5
f 8482/13/6 8483/13/6 8487/13/6 8486/13/6
f 8489/13/1 8492/13/1 8491/13/1 8490/13/1
f 8493/13/2 8494/13/2 8495/13/2 8496/13/2
f 8489/13/3 8490/13/3 8494/13/3 8493/13/3
f 8492/13/4 8496/13/4 8495/13/4 8491/13/4
f 8489/13/5 8493/13/5 8496/13/5 8492/13/5
f 8490/13/6 8491/13/6 8495/13/6 8494/13/6
f 8497/13/1 8500/13/1 8499/13/1 8498/13/1
f 8501/13/2 8502/13/2 8503/13/2 8504/13/2
f 8497/13/3 8498/13/3 8502/13/3 8501/13/3
f 8500/13/4 8504/13/4 8503/13/4 8499/13/4
f 8497/13/5 8501/13/5 8504/13/5 8500/13/5
f 8498/13/6 8499/13/6 8503/13/6 8502/13/6
f 8505/13/1 8508/13/1 8507/13/1 8506/13/1
f 8509/13/2 8510/13/2 8511/13/2 8512/13/2
f 8505/13/3 8506/13/3 8510/13/3 8509/13/3
f 8508/13/4 8512/13/4 8511/13/4 8507/13/4
f 8505/13/5 8509/13/5 8512/13/5 8508/13/5
f 8506/13/6 8507/13/6 8511/13/6 8510/13/6
f 8513/13/1 8516/13/1 8515/13/1 8514/13/1
f 8517/13/2 8518/13/2 8519/13/2 8520/13/2
f 8513/13/3 8514/13/3 8518/13/3 8517/13/3
f 8516/13/4 8520/13/4 8519/13/4 8515/13/4
f 8513/13/5 8517/13/5 8520/13/5 8516/13/5
f 8514/13/6 8515/13/6 8519/13/6 8518/13/6
f 8521/13/1 8524/13/1 8523/13/1 8522/13/1
f 8525/13/2 8526/13/2 8527/13/2 8528/13/2
f 8521/13/3 8522/13/3 8526/13/3 8525/13/3
f 8524/13/4 8528/13/4 8527/13/4 8523/13/4
f 8521/13/5 8525/13/5 8528/13/5 8524/13/5
f 8522/13/6 8523/13/6 8527/13/6 8526/13/6
f 8529/13/1 8532/13/1 8531/13/1 8530/13/1
f 8533/13/2 8534/13/2 8535/13/2 8536/13/2
f 8529/13/3 8530/13/3 8534/13/3 8533/13/3
f 8532/13/4 8536/13/4 8535/13/4 8531/13/4
f 8529/13/5 8533/13/5 8536/13/5 8532/13/5
f 8530/13/6 8531/13/6 8535/13/6 8534/13/6
f 8537/33/1 8540/33/1 8539/33/1 8538/33/1
f 8541/33/2 8542/33/2 8543/33/2 8544/33/2
f 8537/33/3 8538/33/3 8542/33/3 8541/33/3
f 8540/33/4 8544/33/4 8543/33/4 8539/33/4
f 8537/33/5 8541/33/5 8544/33/5 8540/33/5
f 8538/33/6 8539/33/6 8543/33/6 8542/33/6
f 8545/36/1 8548/36/1 8547/36/1 8546/36/1
f 8549/36/2 8550/36/2 8551/36/2 8552/36/2
f 8545/36/3 8546/36/3 8550/36/3 8549/36/3
f 8548/36/4 8552/36/4 8551/36/4 8547/36/4
f 8545/36/5 8549/36/5 8552/36/5 8548/36/5
f 8546/36/6 8547/36/6 8551/36/6 8550/36/6
f 8553/36/1 8556/36/1 8555/36/1 8554/36/1
f 8557/36/2 8558/36/2 8559/36/2 8560/36/2
f 8553/36/3 8554/36/3 8558/36/3 8557/36/3
f 8556/36/4 8560/36/4 8559/36/4 8555/36/4
f 8553/36/5 8557/36/5 8560/36/5 8556/36/5
f 8554/36/6 8555/36/6 8559/36/6 8558/36/6
f 8561/36/1 8564/36/1 8563/36/1 8562/36/1
f 8565/36/2 8566/36/2 8567/36/2 8568/36/2
f 8561/36/3 8562/36/3 8566/36/3 8565/36/3
f 8564/36/4 8568/36/4 8567/36/4 8563/36/4
f 8561/36/5 8565/36/5 8568/36/5 8564/36/5
f 8562/36/6 8563/36/6 8567/36/6 8566/36/6
f 8569/36/1 8572/36/1 8571/36/1 8570/36/1
f 8573/36/2 8574/36/2 8575/36/2 8576/36/2
f 8569/36/3 8570/36/3 8574/36/3 8573/36/3
f 8572/36/4 8576/36/4 8575/36/4 8571/36/4
f 8569/36/5 8573/36/5 8576/36/5 8572/36/5
f 8570/36/6 8571/36/6 8575/36/6 8574/36/6
o BOGEY_FRONT_WHEEL_1
usemtl palette
f 8577/36/1 8580/36/1 8579/36/1 8578/36/1
f 8581/36/2 8582/36/2 8583/36/2 8584/36/2
f 8577/36/3 8578/36/3 8582/36/3 8581/36/3
f 8580/36/4 8584/36/4 8583/36/4 8579/36/4
f 8577/36/5 8581/36/5 8584/36/5 8580/36/5
f 8578/36/6 8579/36/6 8583/36/6 8582/36/6
f 8585/36/1 8588/36/1 8587/36/1 8586/36/1
f 8589/36/2 8590/36/2 8591/36/2 8592/36/2
f 8585/36/3 8586/36/3 8590/36/3 8589/36/3
f 8588/36/4 8592/36/4 8591/36/4 8587/36/4
f 8585/36/5 8589/36/5 8592/36/5 8588/36/5
f 8586/36/6 8587/36/6 8591/36/6 8590/36/6
f 8593/36/1 8596/36/1 8595/36/1 8594/36/1
f 8597/36/2 8598/36/2 8599/36/2 8600/36/2
f 8593/36/3 8594/36/3 8598/36/3 8597/36/3
f 8596/36/4 8600/36/4 8599/36/4 8595/36/4
f 8593/36/5 8597/36/5 8600/36/5 8596/36/5
f 8594/36/6 8595/36/6 8599/36/6 8598/36/6
f 8601/35/1 8604/35/1 8603/35/1 8602/35/1
f 8605/35/2 8606/35/2 8607/35/2 8608/35/2
f 8601/35/3 8602/35/3 8606/35/3 8605/35/3
f 8604/35/4 8608/35/4 8607/35/4 8603/35/4
f 8601/35/5 8605/35/5 8608/35/5 8604/35/5
f 8602/35/6 8603/35/6 8607/35/6 8606/35/6
f 8609/36/1 8612/36/1 8611/36/1 8610/36/1
f 8613/36/2 8614/36/2 8615/36/2 8616/36/2
f 8609/36/3 8610/36/3 8614/36/3 8613/36/3
f 8612/36/4 8616/36/4 8615/36/4 8611/36/4
f 8609/36/5 8613/36/5 8616/36/5 8612/36/5
f 8610/36/6 8611/36/6 8615/36/6 8614/36/6
f 8617/36/1 8620/36/1 8619/36/1 8618/36/1
f 8621/36/2 8622/36/2 8623/36/2 8624/36/2
f 8617/36/3 8618/36/3 8622/36/3 8621/36/3
f 8620/36/4 8624/36/4 8623/36/4 8619/36/4
f 8617/36/5 8621/36/5 8624/36/5 8620/36/5
f 8618/36/6 8619/36/6 8623/36/6 8622/36/6
f 8625/36/1 8628/36/1 8627/36/1 8626/36/1
f 8629/36/2 8630/36/2 8631/36/2 8632/36/2
f 8625/36/3 8626/36/3 8630/36/3 8629/36/3
f 8628/36/4 8632/36/4 8631/36/4 8627/36/4
f 8625/36/5 8629/36/5 8632/36/5 8628/36/5
f 8626/36/6 8627/36/6 8631/36/6 8630/36/6
f 8633/35/1 8636/35/1 8635/35/1 8634/35/1
f 8637/35/2 8638/35/2 8639/35/2 8640/35/2
f 8633/35/3 8634/35/3 8638/35/3 8637/35/3
f 8636/35/4 8640/35/4 8639/35/4 8635/35/4
f 8633/35/5 8637/35/5 8640/35/5 8636/35/5
f 8634/35/6 8635/35/6 8639/35/6 8638/35/6
f 8641/36/1 8644/36/1 8643/36/1 8642/36/1
f 8645/36/2 8646/36/2 8647/36/2 8648/36/2
f 8641/36/3 8642/36/3 8646/36/3 8645/36/3
f 8644/36/4 8648/36/4 8647/36/4 8643/36/4
f 8641/36/5 8645/36/5 8648/36/5 8644/36/5
f 8642/36/6 8643/36/6 8647/36/6 8646/36/6
f 8649/35/1 8652/35/1 8651/35/1 8650/35/1
f 8653/35/2 8654/35/2 8655/35/2 8656/35/2
f 8649/35/3 8650/35/3 8654/35/3 8653/35/3
f 8652/35/4 8656/35/4 8655/35/4 8651/35/4
f 8649/35/5 8653/35/5 8656/35/5 8652/35/5
f 8650/35/6 8651/35/6 8655/35/6 8654/35/6
f 8657/35/1 8660/35/1 8659/35/1 8658/35/1
f 8661/35/2 8662/35/2 8663/35/2 8664/35/2
f 8657/35/3 8658/35/3 8662/35/3 8661/35/3
f 8660/35/4 8664/35/4 8663/35/4 8659/35/4
f 8657/35/5 8661/35/5 8664/35/5 8660/35/5
f 8658/35/6 8659/35/6 8663/35/6 8662/35/6
f 8665/35/1 8668/35/1 8667/35/1 8666/35/1
f 8669/35/2 8670/35/2 8671/35/2 8672/35/2
f 8665/35/3 8666/35/3 8670/35/3 8669/35/3
f 8668/35/4 8672/35/4 8671/35/4 8667/35/4
f 8665/35/5 8669/35/5 8672/35/5 8668/35/5
f 8666/35/6 8667/35/6 8671/35/6 8670/35/6
f 8673/35/1 8676/35/1 8675/35/1 8674/35/1
f 8677/35/2 8678/35/2 8679/35/2 8680/35/2
f 8673/35/3 8674/35/3 8678/35/3 8677/35/3
f 8676/35/4 8680/35/4 8679/35/4 8675/35/4
f 8673/35/5 8677/35/5 8680/35/5 8676/35/5
f 8674/35/6 8675/35/6 8679/35/6 8678/35/6
f 8681/35/1 8684/35/1 8683/35/1 8682/35/1
f 8685/35/2 8686/35/2 8687/35/2 8688/35/2
f 8681/35/3 8682/35/3 8686/35/3 8685/35/3
f 8684/35/4 8688/35/4 8687/35/4 8683/35/4
f 8681/35/5 8685/35/5 8688/35/5 8684/35/5
f 8682/35/6 8683/35/6 8687/35/6 8686/35/6
f 8689/35/1 8692/35/1 8691/35/1 8690/35/1
f 8693/35/2 8694/35/2 8695/35/2 8696/35/2
f 8689/35/3 8690/35/3 8694/35/3 8693/35/3
f 8692/35/4 8696/35/4 8695/35/4 8691/35/4
f 8689/35/5 8693/35/5 8696/35/5 8692/35/5
f 8690/35/6 8691/35/6 8695/35/6 8694/35/6
o BOGEY_FRONT_WHEEL_2
usemtl palette
f 8697/36/1 8700/36/1 8699/36/1 8698/36/1
f 8701/36/2 8702/36/2 8703/36/2 8704/36/2
f 8697/36/3 8698/36/3 8702/36/3 8701/36/3
f 8700/36/4 8704/36/4 8703/36/4 8699/36/4
f 8697/36/5 8701/36/5 8704/36/5 8700/36/5
f 8698/36/6 8699/36/6 8703/36/6 8702/36/6
f 8705/36/1 8708/36/1 8707/36/1 8706/36/1
f 8709/36/2 8710/36/2 8711/36/2 8712/36/2
f 8705/36/3 8706/36/3 8710/36/3 8709/36/3
f 8708/36/4 8712/36/4 8711/36/4 8707/36/4
f 8705/36/5 8709/36/5 8712/36/5 8708/36/5
f 8706/36/6 8707/36/6 8711/36/6 8710/36/6
f 8713/36/1 8716/36/1 8715/36/1 8714/36/1
f 8717/36/2 8718/36/2 8719/36/2 8720/36/2
f 8713/36/3 8714/36/3 8718/36/3 8717/36/3
f 8716/36/4 8720/36/4 8719/36/4 8715/36/4
f 8713/36/5 8717/36/5 8720/36/5 8716/36/5
f 8714/36/6 8715/36/6 8719/36/6 8718/36/6
f 8721/35/1 8724/35/1 8723/35/1 8722/35/1
f 8725/35/2 8726/35/2 8727/35/2 8728/35/2
f 8721/35/3 8722/35/3 8726/35/3 8725/35/3
f 8724/35/4 8728/35/4 8727/35/4 8723/35/4
f 8721/35/5 8725/35/5 8728/35/5 8724/35/5
f 8722/35/6 8723/35/6 8727/35/6 8726/35/6
f 8729/36/1 8732/36/1 8731/36/1 8730/36/1
f 8733/36/2 8734/36/2 8735/36/2 8736/36/2
f 8729/36/3 8730/36/3 8734/36/3 8733/36/3
f 8732/36/4 8736/36/4 8735/36/4 8731/36/4
f 8729/36/5 8733/36/5 8736/36/5 8732/36/5
f 8730/36/6 8731/36/6 8735/36/6 8734/36/6
f 8737/36/1 8740/36/1 8739/36/1 8738/36/1
f 8741/36/2 8742/36/2 8743/36/2 8744/36/2
f 8737/36/3 8738/36/3 8742/36/3 8741/36/3
f 8740/36/4 8744/36/4 8743/36/4 8739/36/4
f 8737/36/5 8741/36/5 8744/36/5 8740/36/5
f 8738/36/6 8739/36/6 8743/36/6 8742/36/6
f 8745/36/1 8748/36/1 8747/36/1 8746/36/1
f 8749/36/2 8750/36/2 8751/36/2 8752/36/2
f 8745/36/3 8746/36/3 8750/36/3 8749/36/3
f 8748/36/4 8752/36/4 8751/36/4 8747/36/4
f 8745/36/5 8749/36/5 8752/36/5 8748/36/5
f 8746/36/6 8747/36/6 8751/36/6 8750/36/6
f 8753/35/1 8756/35/1 8755/35/1 8754/35/1
f 8757/35/2 8758/35/2 8759/35/2 8760/35/2
f 8753/35/3 8754/35/3 8758/35/3 8757/35/3
f 8756/35/4 8760/35/4 8759/35/4 8755/35/4
f 8753/35/5 8757/35/5 8760/35/5 8756/35/5
f 8754/35/6 8755/35/6 8759/35/6 8758/35/6
f 8761/36/1 8764/36/1 8763/36/1 8762/36/1
f 8765/36/2 8766/36/2 8767/36/2 8768/36/2
f 8761/36/3 8762/36/3 8766/36/3 8765/36/3
f 8764/36/4 8768/36/4 8767/36/4 8763/36/4
f 8761/36/5 8765/36/5 8768/36/5 8764/36/5
f 8762/36/6 8763/36/6 8767/36/6 8766/36/6
f 8769/35/1 8772/35/1 8771/35/1 8770/35/1
f 8773/35/2 8774/35/2 8775/35/2 8776/35/2
f 8769/35/3 8770/35/3 8774/35/3 8773/35/3
f 8772/35/4 8776/35/4 8775/35/4 8771/35/4
f 8769/35/5 8773/35/5 8776/35/5 8772/35/5
f 8770/35/6 8771/35/6 8775/35/6 8774/35/6
f 8777/35/1 8780/35/1 8779/35/1 8778/35/1
f 8781/35/2 8782/35/2 8783/35/2 8784/35/2
f 8777/35/3 8778/35/3 8782/35/3 8781/35/3
f 8780/35/4 8784/35/4 8783/35/4 8779/35/4
f 8777/35/5 8781/35/5 8784/35/5 8780/35/5
f 8778/35/6 8779/35/6 8783/35/6 8782/35/6
f 8785/35/1 8788/35/1 8787/35/1 8786/35/1
f 8789/35/2 8790/35/2 8791/35/2 8792/35/2
f 8785/35/3 8786/35/3 8790/35/3 8789/35/3
f 8788/35/4 8792/35/4 8791/35/4 8787/35/4
f 8785/35/5 8789/35/5 8792/35/5 8788/35/5
f 8786/35/6 8787/35/6 8791/35/6 8790/35/6
f 8793/35/1 8796/35/1 8795/35/1 8794/35/1
f 8797/35/2 8798/35/2 8799/35/2 8800/35/2
f 8793/35/3 8794/35/3 8798/35/3 8797/35/3
f 8796/35/4 8800/35/4 8799/35/4 8795/35/4
f 8793/35/5 8797/35/5 8800/35/5 8796/35/5
f 8794/35/6 8795/35/6 8799/35/6 8798/35/6
f 8801/35/1 8804/35/1 8803/35/1 8802/35/1
f 8805/35/2 8806/35/2 8807/35/2 8808/35/2
f 8801/35/3 8802/35/3 8806/35/3 8805/35/3
f 8804/35/4 8808/35/4 8807/35/4 8803/35/4
f 8801/35/5 8805/35/5 8808/35/5 8804/35/5
f 8802/35/6 8803/35/6 8807/35/6 8806/35/6
f 8809/35/1 8812/35/1 8811/35/1 8810/35/1
f 8813/35/2 8814/35/2 8815/35/2 8816/35/2
f 8809/35/3 8810/35/3 8814/35/3 8813/35/3
f 8812/35/4 8816/35/4 8815/35/4 8811/35/4
f 8809/35/5 8813/35/5 8816/35/5 8812/35/5
f 8810/35/6 8811/35/6 8815/35/6 8814/35/6
o BOGEY_REAR
usemtl palette
f 8817/32/1 8820/32/1 8819/32/1 8818/32/1
f 8821/32/2 8822/32/2 8823/32/2 8824/32/2
f 8817/32/3 8818/32/3 8822/32/3 8821/32/3
f 8820/32/4 8824/32/4 8823/32/4 8819/32/4
f 8817/32/5 8821/32/5 8824/32/5 8820/32/5
f 8818/32/6 8819/32/6 8823/32/6 8822/32/6
f 8825/32/1 8828/32/1 8827/32/1 8826/32/1
f 8829/32/2 8830/32/2 8831/32/2 8832/32/2
f 8825/32/3 8826/32/3 8830/32/3 8829/32/3
f 8828/32/4 8832/32/4 8831/32/4 8827/32/4
f 8825/32/5 8829/32/5 8832/32/5 8828/32/5
f 8826/32/6 8827/32/6 8831/32/6 8830/32/6
f 8833/32/1 8836/32/1 8835/32/1 8834/32/1
f 8837/32/2 8838/32/2 8839/32/2 8840/32/2
f 8833/32/3 8834/32/3 8838/32/3 8837/32/3
f 8836/32/4 8840/32/4 8839/32/4 8835/32/4
f 8833/32/5 8837/32/5 8840/32/5 8836/32/5
f 8834/32/6 8835/32/6 8839/32/6 8838/32/6
f 8841/33/1 8844/33/1 8843/33/1 8842/33/1
f 8845/33/2 8846/33/2 8847/33/2 8848/33/2
f 8841/33/3 8842/33/3 8846/33/3 8845/33/3
f 8844/33/4 8848/33/4 8847/33/4 8843/33/4
f 8841/33/5 8845/33/5 8848/33/5 8844/33/5
f 8842/33/6 8843/33/6 8847/33/6 8846/33/6
f 8849/33/1 8852/33/1 8851/33/1 8850/33/1
f 8853/33/2 8854/33/2 8855/33/2 8856/33/2
f 8849/33/3 8850/33/3 8854/33/3 8853/33/3
f 8852/33/4 8856/33/4 8855/33/4 8851/33/4
f 8849/33/5 8853/33/5 8856/33/5 8852/33/5
f 8850/33/6 8851/33/6 8855/33/6 8854/33/6
f 8857/33/1 8860/33/1 8859/33/1 8858/33/1
f 8861/33/2 8862/33/2 8863/33/2 8864/33/2
f 8857/33/3 8858/33/3 8862/33/3 8861/33/3
f 8860/33/4 8864/33/4 8863/33/4 8859/33/4
f 8857/33/5 8861/33/5 8864/33/5 8860/33/5
f 8858/33/6 8859/33/6 8863/33/6 8862/33/6
f 8865/33/1 8868/33/1 8867/33/1 8866/33/1
f 8869/33/2 8870/33/2 8871/33/2 8872/33/2
f 8865/33/3 8866/33/3 8870/33/3 8869/33/3
f 8868/33/4 8872/33/4 8871/33/4 8867/33/4
f 8865/33/5 8869/33/5 8872/33/5 8868/33/5
f 8866/33/6 8867/33/6 8871/33/6 8870/33/6
f 8873/13/1 8876/13/1 8875/13/1 8874/13/1
f 8877/13/2 8878/13/2 8879/13/2 8880/13/2
f 8873/13/3 8874/13/3 8878/13/3 8877/13/3
f 8876/13/4 8880/13/4 8879/13/4 8875/13/4
f 8873/13/5 8877/13/5 8880/13/5 8876/13/5
f 8874/13/6 8875/13/6 8879/13/6 8878/13/6
f 8881/13/1 8884/13/1 8883/13/1 8882/13/1
f 8885/13/2 8886/13/2 8887/13/2 8888/13/2
f 8881/13/3 8882/13/3 8886/13/3 8885/13/3
f 8884/13/4 8888/13/4 8887/13/4 8883/13/4
f 8881/13/5 8885/13/5 8888/13/5 8884/13/5
f 8882/13/6 8883/13/6 8887/13/6 8886/13/6
f 8889/36/1 8892/36/1 8891/36/1 8890/36/1
f 8893/36/2 8894/36/2 8895/36/2 8896/36/2
f 8889/36/3 8890/36/3 8894/36/3 8893/36/3
f 8892/36/4 8896/36/4 8895/36/4 8891/36/4
f 8889/36/5 8893/36/5 8896/36/5 8892/36/5
f 8890/36/6 8891/36/6 8895/36/6 8894/36/6
f 8897/36/1 8900/36/1 8899/36/1 8898/36/1
f 8901/36/2 8902/36/2 8903/36/2 8904/36/2
f 8897/36/3 8898/36/3 8902/36/3 8901/36/3
f 8900/36/4 8904/36/4 8903/36/4 8899/36/4
f 8897/36/5 8901/36/5 8904/36/5 8900/36/5
f 8898/36/6 8899/36/6 8903/36/6 8902/36/6
f 8905/36/1 8908/36/1 8907/36/1 8906/36/1
f 8909/36/2 8910/36/2 8911/36/2 8912/36/2
f 8905/36/3 8906/36/3 8910/36/3 8909/36/3
f 8908/36/4 8912/36/4 8911/36/4 8907/36/4
f 8905/36/5 8909/36/5 8912/36/5 8908/36/5
f 8906/36/6 8907/36/6 8911/36/6 8910/36/6
f 8913/36/1 8916/36/1 8915/36/1 8914/36/1
f 8917/36/2 8918/36/2 8919/36/2 8920/36/2
f 8913/36/3 8914/36/3 8918/36/3 8917/36/3
f 8916/36/4 8920/36/4 8919/36/4 8915/36/4
f 8913/36/5 8917/36/5 8920/36/5 8916/36/5
f 8914/36/6 8915/36/6 8919/36/6 8918/36/6
f 8921/36/1 8924/36/1 8923/36/1 8922/36/1
f 8925/36/2 8926/36/2 8927/36/2 8928/36/2
f 8921/36/3 8922/36/3 8926/36/3 8925/36/3
f 8924/36/4 8928/36/4 8927/36/4 8923/36/4
f 8921/36/5 8925/36/5 8928/36/5 8924/36/5
f 8922/36/6 8923/36/6 8927/36/6 8926/36/6
f 8929/36/1 8932/36/1 8931/36/1 8930/36/1
f 8933/36/2 8934/36/2 8935/36/2 8936/36/2
f 8929/36/3 8930/36/3 8934/36/3 8933/36/3
f 8932/36/4 8936/36/4 8935/36/4 8931/36/4
f 8929/36/5 8933/36/5 8936/36/5 8932/36/5
f 8930/36/6 8931/36/6 8935/36/6 8934/36/6
f 8937/36/1 8940/36/1 8939/36/1 8938/36/1
f 8941/36/2 8942/36/2 8943/36/2 8944/36/2
f 8937/36/3 8938/36/3 8942/36/3 8941/36/3
f 8940/36/4 8944/36/4 8943/36/4 8939/36/4
f 8937/36/5 8941/36/5 8944/36/5 8940/36/5
f 8938/36/6 8939/36/6 8943/36/6 8942/36/6
f 8945/36/1 8948/36/1 8947/36/1 8946/36/1
f 8949/36/2 8950/36/2 8951/36/2 8952/36/2
f 8945/36/3 8946/36/3 8950/36/3 8949/36/3
f 8948/36/4 8952/36/4 8951/36/4 8947/36/4
f 8945/36/5 8949/36/5 8952/36/5 8948/36/5
f 8946/36/6 8947/36/6 8951/36/6 8950/36/6
f 8953/33/1 8956/33/1 8955/33/1 8954/33/1
f 8957/33/2 8958/33/2 8959/33/2 8960/33/2
f 8953/33/3 8954/33/3 8958/33/3 8957/33/3
f 8956/33/4 8960/33/4 8959/33/4 8955/33/4
f 8953/33/5 8957/33/5 8960/33/5 8956/33/5
f 8954/33/6 8955/33/6 8959/33/6 8958/33/6
f 8961/33/1 8964/33/1 8963/33/1 8962/33/1
f 8965/33/2 8966/33/2 8967/33/2 8968/33/2
f 8961/33/3 8962/33/3 8966/33/3 8965/33/3
f 8964/33/4 8968/33/4 8967/33/4 8963/33/4
f 8961/33/5 8965/33/5 8968/33/5 8964/33/5
f 8962/33/6 8963/33/6 8967/33/6 8966/33/6
f 8969/13/1 8972/13/1 8971/13/1 8970/13/1
f 8973/13/2 8974/13/2 8975/13/2 8976/13/2
f 8969/13/3 8970/13/3 8974/13/3 8973/13/3
f 8972/13/4 8976/13/4 8975/13/4 8971/13/4
f 8969/13/5 8973/13/5 8976/13/5 8972/13/5
f 8970/13/6 8971/13/6 8975/13/6 8974/13/6
f 8977/13/1 8980/13/1 8979/13/1 8978/13/1
f 8981/13/2 8982/13/2 8983/13/2 8984/13/2
f 8977/13/3 8978/13/3 8982/13/3 8981/13/3
f 8980/13/4 8984/13/4 8983/13/4 8979/13/4
f 8977/13/5 8981/13/5 8984/13/5 8980/13/5
f 8978/13/6 8979/13/6 8983/13/6 8982/13/6
f 8985/36/1 8988/36/1 8987/36/1 8986/36/1
f 8989/36/2 8990/36/2 8991/36/2 8992/36/2
f 8985/36/3 8986/36/3 8990/36/3 8989/36/3
f 8988/36/4 8992/36/4 8991/36/4 8987/36/4
f 8985/36/5 8989/36/5 8992/36/5 8988/36/5
f 8986/36/6 8987/36/6 8991/36/6 8990/36/6
f 8993/36/1 8996/36/1 8995/36/1 8994/36/1
f 8997/36/2 8998/36/2 8999/36/2 9000/36/2
f 8993/36/3 8994/36/3 8998/36/3 8997/36/3
f 8996/36/4 9000/36/4 8999/36/4 8995/36/4
f 8993/36/5 8997/36/5 9000/36/5 8996/36/5
f 8994/36/6 8995/36/6 8999/36/6 8998/36/6
f 9001/36/1 9004/36/1 9003/36/1 9002/36/1
f 9005/36/2 9006/36/2 9007/36/2 9008/36/2
f 9001/36/3 9002/36/3 9006/36/3 9005/36/3
f 9004/36/4 9008/36/4 9007/36/4 9003/36/4
f 9001/36/5 9005/36/5 9008/36/5 9004/36/5
f 9002/36/6 9003/36/6 9007/36/6 9006/36/6
f 9009/36/1 9012/36/1 9011/36/1 9010/36/1
f 9013/36/2 9014/36/2 9015/36/2 9016/36/2
f 9009/36/3 9010/36/3 9014/36/3 9013/36/3
f 9012/36/4 9016/36/4 9015/36/4 9011/36/4
f 9009/36/5 9013/36/5 9016/36/5 9012/36/5
f 9010/36/6 9011/36/6 9015/36/6 9014/36/6
f 9017/36/1 9020/36/1 9019/36/1 9018/36/1
f 9021/36/2 9022/36/2 9023/36/2 9024/36/2
f 9017/36/3 9018/36/3 9022/36/3 9021/36/3
f 9020/36/4 9024/36/4 9023/36/4 9019/36/4
f 9017/36/5 9021/36/5 9024/36/5 9020/36/5
f 9018/36/6 9019/36/6 9023/36/6 9022/36/6
f 9025/36/1 9028/36/1 9027/36/1 9026/36/1
f 9029/36/2 9030/36/2 9031/36/2 9032/36/2
f 9025/36/3 9026/36/3 9030/36/3 9029/36/3
f 9028/36/4 9032/36/4 9031/36/4 9027/36/4
f 9025/36/5 9029/36/5 9032/36/5 9028/36/5
f 9026/36/6 9027/36/6 9031/36/6 9030/36/6
f 9033/36/1 9036/36/1 9035/36/1 9034/36/1
f 9037/36/2 9038/36/2 9039/36/2 9040/36/2
f 9033/36/3 9034/36/3 9038/36/3 9037/36/3
f 9036/36/4 9040/36/4 9039/36/4 9035/36/4
f 9033/36/5 9037/36/5 9040/36/5 9036/36/5
f 9034/36/6 9035/36/6 9039/36/6 9038/36/6
f 9041/36/1 9044/36/1 9043/36/1 9042/36/1
f 9045/36/2 9046/36/2 9047/36/2 9048/36/2
f 9041/36/3 9042/36/3 9046/36/3 9045/36/3
f 9044/36/4 9048/36/4 9047/36/4 9043/36/4
f 9041/36/5 9045/36/5 9048/36/5 9044/36/5
f 9042/36/6 9043/36/6 9047/36/6 9046/36/6
f 9049/34/1 9052/34/1 9051/34/1 9050/34/1
f 9053/34/2 9054/34/2 9055/34/2 9056/34/2
f 9049/34/3 9050/34/3 9054/34/3 9053/34/3
f 9052/34/4 9056/34/4 9055/34/4 9051/34/4
f 9049/34/5 9053/34/5 9056/34/5 9052/34/5
f 9050/34/6 9051/34/6 9055/34/6 9054/34/6
f 9057/34/1 9060/34/1 9059/34/1 9058/34/1
f 9061/34/2 9062/34/2 9063/34/2 9064/34/2
f 9057/34/3 9058/34/3 9062/34/3 9061/34/3
f 9060/34/4 9064/34/4 9063/34/4 9059/34/4
f 9057/34/5 9061/34/5 9064/34/5 9060/34/5
f 9058/34/6 9059/34/6 9063/34/6 9062/34/6
f 9065/13/1 9068/13/1 9067/13/1 9066/13/1
f 9069/13/2 9070/13/2 9071/13/2 9072/13/2
f 9065/13/3 9066/13/3 9070/13/3 9069/13/3
f 9068/13/4 9072/13/4 9071/13/4 9067/13/4
f 9065/13/5 9069/13/5 9072/13/5 9068/13/5
f 9066/13/6 9067/13/6 9071/13/6 9070/13/6
f 9073/13/1 9076/13/1 9075/13/1 9074/13/1
f 9077/13/2 9078/13/2 9079/13/2 9080/13/2
f 9073/13/3 9074/13/3 9078/13/3 9077/13/3
f 9076/13/4 9080/13/4 9079/13/4 9075/13/4
f 9073/13/5 9077/13/5 9080/13/5 9076/13/5
f 9074/13/6 9075/13/6 9079/13/6 9078/13/6
f 9081/13/1 9084/13/1 9083/13/1 9082/13/1
f 9085/13/2 9086/13/2 9087/13/2 9088/13/2
f 9081/13/3 9082/13/3 9086/13/3 9085/13/3
f 9084/13/4 9088/13/4 9087/13/4 9083/13/4
f 9081/13/5 9085/13/5 9088/13/5 9084/13/5
f 9082/13/6 9083/13/6 9087/13/6 9086/13/6
f 9089/13/1 9092/13/1 9091/13/1 9090/13/1
f 9093/13/2 9094/13/2 9095/13/2 9096/13/2
f 9089/13/3 9090/13/3 9094/13/3 9093/13/3
f 9092/13/4 9096/13/4 9095/13/4 9091/13/4
f 9089/13/5 9093/13/5 9096/13/5 9092/13/5
f 9090/13/6 9091/13/6 9095/13/6 9094/13/6
f 9097/13/1 9100/13/1 9099/13/1 9098/13/1
f 9101/13/2 9102/13/2 9103/13/2 9104/13/2
f 9097/13/3 9098/13/3 9102/13/3 9101/13/3
f 9100/13/4 9104/13/4 9103/13/4 9099/13/4
f 9097/13/5 9101/13/5 9104/13/5 9100/13/5
f 9098/13/6 9099/13/6 9103/13/6 9102/13/6
f 9105/13/1 9108/13/1 9107/13/1 9106/13/1
f 9109/13/2 9110/13/2 9111/13/2 9112/13/2
f 9105/13/3 9106/13/3 9110/13/3 9109/13/3
f 9108/13/4 9112/13/4 9111/13/4 9107/13/4
f 9105/13/5 9109/13/5 9112/13/5 9108/13/5
f 9106/13/6 9107/13/6 9111/13/6 9110/13/6
f 9113/13/1 9116/13/1 9115/13/1 9114/13/1
f 9117/13/2 9118/13/2 9119/13/2 9120/13/2
f 9113/13/3 9114/13/3 9118/13/3 9117/13/3
f 9116/13/4 9120/13/4 9119/13/4 9115/13/4
f 9113/13/5 9117/13/5 9120/13/5 9116/13/5
f 9114/13/6 9115/13/6 9119/13/6 9118/13/6
f 9121/13/1 9124/13/1 9123/13/1 9122/13/1
f 9125/13/2 9126/13/2 9127/13/2 9128/13/2
f 9121/13/3 9122/13/3 9126/13/3 9125/13/3
f 9124/13/4 9128/13/4 9127/13/4 9123/13/4
f 9121/13/5 9125/13/5 9128/13/5 9124/13/5
f 9122/13/6 9123/13/6 9127/13/6 9126/13/6
f 9129/13/1 9132/13/1 9131/13/1 9130/13/1
f 9133/13/2 9134/13/2 9135/13/2 9136/13/2
f 9129/13/3 9130/13/3 9134/13/3 9133/13/3
f 9132/13/4 9136/13/4 9135/13/4 9131/13/4
f 9129/13/5 9133/13/5 9136/13/5 9132/13/5
f 9130/13/6 9131/13/6 9135/13/6 9134/13/6
f 9137/13/1 9140/13/1 9139/13/1 9138/13/1
f 9141/13/2 9142/13/2 9143/13/2 9144/13/2
f 9137/13/3 9138/13/3 9142/13/3 9141/13/3
f 9140/13/4 9144/13/4 9143/13/4 9139/13/4
f 9137/13/5 9141/13/5 9144/13/5 9140/13/5
f 9138/13/6 9139/13/6 9143/13/6 9142/13/6
f 9145/13/1 9148/13/1 9147/13/1 9146/13/1
f 9149/13/2 9150/13/2 9151/13/2 9152/13/2
f 9145/13/3 9146/13/3 9150/13/3 9149/13/3
f 9148/13/4 9152/13/4 9151/13/4 9147/13/4
f 9145/13/5 9149/13/5 9152/13/5 9148/13/5
f 9146/13/6 9147/13/6 9151/13/6 9150/13/6
f 9153/13/1 9156/13/1 9155/13/1 9154/13/1
f 9157/13/2 9158/13/2 9159/13/2 9160/13/2
f 9153/13/3 9154/13/3 9158/13/3 9157/13/3
f 9156/13/4 9160/13/4 9159/13/4 9155/13/4
f 9153/13/5 9157/13/5 9160/13/5 9156/13/5
f 9154/13/6 9155/13/6 9159/13/6 9158/13/6
f 9161/13/1 9164/13/1 9163/13/1 9162/13/1
f 9165/13/2 9166/13/2 9167/13/2 9168/13/2
f 9161/13/3 9162/13/3 9166/13/3 9165/13/3
f 9164/13/4 9168/13/4 9167/13/4 9163/13/4
f 9161/13/5 9165/13/5 9168/13/5 9164/13/5
f 9162/13/6 9163/13/6 9167/13/6 9166/13/6
f 9169/13/1 9172/13/1 9171/13/1 9170/13/1
f 9173/13/2 9174/13/2 9175/13/2 9176/13/2
f 9169/13/3 9170/13/3 9174/13/3 9173/13/3
f 9172/13/4 9176/13/4 9175/13/4 9171/13/4
f 9169/13/5 9173/13/5 9176/13/5 9172/13/5
f 9170/13/6 9171/13/6 9175/13/6 9174/13/6
f 9177/13/1 9180/13/1 9179/13/1 9178/13/1
f 9181/13/2 9182/13/2 9183/13/2 9184/13/2
f 9177/13/3 9178/13/3 9182/13/3 9181/13/3
f 9180/13/4 9184/13/4 9183/13/4 9179/13/4
f 9177/13/5 9181/13/5 9184/13/5 9180/13/5
f 9178/13/6 9179/13/6 9183/13/6 9182/13/6
f 9185/13/1 9188/13/1 9187/13/1 9186/13/1
f 9189/13/2 9190/13/2 9191/13/2 9192/13/2
f 9185/13/3 9186/13/3 9190/13/3 9189/13/3
f 9188/13/4 9192/13/4 9191/13/4 9187/13/4
f 9185/13/5 9189/13/5 9192/13/5 9188/13/5
f 9186/13/6 9187/13/6 9191/13/6 9190/13/6
f 9193/13/1 9196/13/1 9195/13/1 9194/13/1
f 9197/13/2 9198/13/2 9199/13/2 9200/13/2
f 9193/13/3 9194/13/3 9198/13/3 9197/13/3
f 9196/13/4 9200/13/4 9199/13/4 9195/13/4
f 9193/13/5 9197/13/5 9200/13/5 9196/13/5
f 9194/13/6 9195/13/6 9199/13/6 9198/13/6
f 9201/13/1 9204/13/1 9203/13/1 9202/13/1
f 9205/13/2 9206/13/2 9207/13/2 9208/13/2
f 9201/13/3 9202/13/3 9206/13/3 9205/13/3
f 9204/13/4 9208/13/4 9207/13/4 9203/13/4
f 9201/13/5 9205/13/5 9208/13/5 9204/13/5
f 9202/13/6 9203/13/6 9207/13/6 9206/13/6
f 9209/13/1 9212/13/1 9211/13/1 9210/13/1
f 9213/13/2 9214/13/2 9215/13/2 9216/13/2
f 9209/13/3 9210/13/3 9214/13/3 9213/13/3
f 9212/13/4 9216/13/4 9215/13/4 9211/13/4
f 9209/13/5 9213/13/5 9216/13/5 9212/13/5
f 9210/13/6 9211/13/6 9215/13/6 9214/13/6
f 9217/13/1 9220/13/1 9219/13/1 9218/13/1
f 9221/13/2 9222/13/2 9223/13/2 9224/13/2
f 9217/13/3 9218/13/3 9222/13/3 9221/13/3
f 9220/13/4 9224/13/4 9223/13/4 9219/13/4
f 9217/13/5 9221/13/5 9224/13/5 9220/13/5
f 9218/13/6 9219/13/6 9223/13/6 9222/13/6
f 9225/13/1 9228/13/1 9227/13/1 9226/13/1
f 9229/13/2 9230/13/2 9231/13/2 9232/13/2
f 9225/13/3 9226/13/3 9230/13/3 9229/13/3
f 9228/13/4 9232/13/4 9231/13/4 9227/13/4
f 9225/13/5 9229/13/5 9232/13/5 9228/13/5
f 9226/13/6 9227/13/6 9231/13/6 9230/13/6
f 9233/13/1 9236/13/1 9235/13/1 9234/13/1
f 9237/13/2 9238/13/2 9239/13/2 9240/13/2
f 9233/13/3 9234/13/3 9238/13/3 9237/13/3
f 9236/13/4 9240/13/4 9239/13/4 9235/13/4
f 9233/13/5 9237/13/5 9240/13/5 9236/13/5
f 9234/13/6 9235/13/6 9239/13/6 9238/13/6
f 9241/13/1 9244/13/1 9243/13/1 9242/13/1
f 9245/13/2 9246/13/2 9247/13/2 9248/13/2
f 9241/13/3 9242/13/3 9246/13/3 9245/13/3
f 9244/13/4 9248/13/4 9247/13/4 9243/13/4
f 9241/13/5 9245/13/5 9248/13/5 9244/13/5
f 9242/13/6 9243/13/6 9247/13/6 9246/13/6
f 9249/13/1 9252/13/1 9251/13/1 9250/13/1
f 9253/13/2 9254/13/2 9255/13/2 9256/13/2
f 9249/13/3 9250/13/3 9254/13/3 9253/13/3
f 9252/13/4 9256/13/4 9255/13/4 9251/13/4
f 9249/13/5 9253/13/5 9256/13/5 9252/13/5
f 9250/13/6 9251/13/6 9255/13/6 9254/13/6
f 9257/13/1 9260/13/1 9259/13/1 9258/13/1
f 9261/13/2 9262/13/2 9263/13/2 9264/13/2
f 9257/13/3 9258/13/3 9262/13/3 9261/13/3
f 9260/13/4 9264/13/4 9263/13/4 9259/13/4
f 9257/13/5 9261/13/5 9264/13/5 9260/13/5
f 9258/13/6 9259/13/6 9263/13/6 9262/13/6
f 9265/13/1 9268/13/1 9267/13/1 9266/13/1
f 9269/13/2 9270/13/2 9271/13/2 9272/13/2
f 9265/13/3 9266/13/3 9270/13/3 9269/13/3
f 9268/13/4 9272/13/4 9271/13/4 9267/13/4
f 9265/13/5 9269/13/5 9272/13/5 9268/13/5
f 9266/13/6 9267/13/6 9271/13/6 9270/13/6
f 9273/13/1 9276/13/1 9275/13/1 9274/13/1
f 9277/13/2 9278/13/2 9279/13/2 9280/13/2
f 9273/13/3 9274/13/3 9278/13/3 9277/13/3
f 9276/13/4 9280/13/4 9279/13/4 9275/13/4
f 9273/13/5 9277/13/5 9280/13/5 9276/13/5
f 9274/13/6 9275/13/6 9279/13/6 9278/13/6
f 9281/13/1 9284/13/1 9283/13/1 9282/13/1
f 9285/13/2 9286/13/2 9287/13/2 9288/13/2
f 9281/13/3 9282/13/3 9286/13/3 9285/13/3
f 9284/13/4 9288/13/4 9287/13/4 9283/13/4
f 9281/13/5 9285/13/5 9288/13/5 9284/13/5
f 9282/13/6 9283/13/6 9287/13/6 9286/13/6
f 9289/13/1 9292/13/1 9291/13/1 9290/13/1
f 9293/13/2 9294/13/2 9295/13/2 9296/13/2
f 9289/13/3 9290/13/3 9294/13/3 9293/13/3
f 9292/13/4 9296/13/4 9295/13/4 9291/13/4
f 9289/13/5 9293/13/5 9296/13/5 9292/13/5
f 9290/13/6 9291/13/6 9295/13/6 9294/13/6
f 9297/13/1 9300/13/1 9299/13/1 9298/13/1
f 9301/13/2 9302/13/2 9303/13/2 9304/13/2
f 9297/13/3 9298/13/3 9302/13/3 9301/13/3
f 9300/13/4 9304/13/4 9303/13/4 9299/13/4
f 9297/13/5 9301/13/5 9304/13/5 9300/13/5
f 9298/13/6 9299/13/6 9303/13/6 9302/13/6
f 9305/33/1 9308/33/1 9307/33/1 9306/33/1
f 9309/33/2 9310/33/2 9311/33/2 9312/33/2
f 9305/33/3 9306/33/3 9310/33/3 9309/33/3
f 9308/33/4 9312/33/4 9311/33/4 9307/33/4
f 9305/33/5 9309/33/5 9312/33/5 9308/33/5
f 9306/33/6 9307/33/6 9311/33/6 9310/33/6
f 9313/36/1 9316/36/1 9315/36/1 9314/36/1
f 9317/36/2 9318/36/2 9319/36/2 9320/36/2
f 9313/36/3 9314/36/3 9318/36/3 9317/36/3
f 9316/36/4 9320/36/4 9319/36/4 9315/36/4
f 9313/36/5 9317/36/5 9320/36/5 9316/36/5
f 9314/36/6 9315/36/6 9319/36/6 9318/36/6
f 9321/36/1 9324/36/1 9323/36/1 9322/36/1
f 9325/36/2 9326/36/2 9327/36/2 9328/36/2
f 9321/36/3 9322/36/3 9326/36/3 9325/36/3
f 9324/36/4 9328/36/4 9327/36/4 9323/36/4
f 9321/36/5 9325/36/5 9328/36/5 9324/36/5
f 9322/36/6 9323/36/6 9327/36/6 9326/36/6
f 9329/36/1 9332/36/1 9331/36/1 9330/36/1
f 9333/36/2 9334/36/2 9335/36/2 9336/36/2
f 9329/36/3 9330/36/3 9334/36/3 9333/36/3
f 9332/36/4 9336/36/4 9335/36/4 9331/36/4
f 9329/36/5 9333/36/5 9336/36/5 9332/36/5
f 9330/36/6 9331/36/6 9335/36/6 9334/36/6
f 9337/36/1 9340/36/1 9339/36/1 9338/36/1
f 9341/36/2 9342/36/2 9343/36/2 9344/36/2
f 9337/36/3 9338/36/3 9342/36/3 9341/36/3
f 9340/36/4 9344/36/4 9343/36/4 9339/36/4
f 9337/36/5 9341/36/5 9344/36/5 9340/36/5
f 9338/36/6 9339/36/6 9343/36/6 9342/36/6
o BOGEY_REAR_WHEEL_1
usemtl palette
f 9345/36/1 9348/36/1 9347/36/1 9346/36/1
f 9349/36/2 9350/36/2 9351/36/2 9352/36/2
f 9345/36/3 9346/36/3 9350/36/3 9349/36/3
f 9348/36/4 9352/36/4 9351/36/4 9347/36/4
f 9345/36/5 9349/36/5 9352/36/5 9348/36/5
f 9346/36/6 9347/36/6 9351/36/6 9350/36/6
f 9353/36/1 9356/36/1 9355/36/1 9354/36/1
f 9357/36/2 9358/36/2 9359/36/2 9360/36/2
f 9353/36/3 9354/36/3 9358/36/3 9357/36/3
f 9356/36/4 9360/36/4 9359/36/4 9355/36/4
f 9353/36/5 9357/36/5 9360/36/5 9356/36/5
f 9354/36/6 9355/36/6 9359/36/6 9358/36/6
f 9361/36/1 9364/36/1 9363/36/1 9362/36/1
f 9365/36/2 9366/36/2 9367/36/2 9368/36/2
f 9361/36/3 9362/36/3 9366/36/3 9365/36/3
f 9364/36/4 9368/36/4 9367/36/4 9363/36/4
f 9361/36/5 9365/36/5 9368/36/5 9364/36/5
f 9362/36/6 9363/36/6 9367/36/6 9366/36/6
f 9369/35/1 9372/35/1 9371/35/1 9370/35/1
f 9373/35/2 9374/35/2 9375/35/2 9376/35/2
f 9369/35/3 9370/35/3 9374/35/3 9373/35/3
f 9372/35/4 9376/35/4 9375/35/4 9371/35/4
f 9369/35/5 9373/35/5 9376/35/5 9372/35/5
f 9370/35/6 9371/35/6 9375/35/6 9374/35/6
f 9377/36/1 9380/36/1 9379/36/1 9378/36/1
f 9381/36/2 9382/36/2 9383/36/2 9384/36/2
f 9377/36/3 9378/36/3 9382/36/3 9381/36/3
f 9380/36/4 9384/36/4 9383/36/4 9379/36/4
f 9377/36/5 9381/36/5 9384/36/5 9380/36/5
f 9378/36/6 9379/36/6 9383/36/6 9382/36/6
f 9385/36/1 9388/36/1 9387/36/1 9386/36/1
f 9389/36/2 9390/36/2 9391/36/2 9392/36/2
f 9385/36/3 9386/36/3 9390/36/3 9389/36/3
f 9388/36/4 9392/36/4 9391/36/4 9387/36/4
f 9385/36/5 9389/36/5 9392/36/5 9388/36/5
f 9386/36/6 9387/36/6 9391/36/6 9390/36/6
f 9393/36/1 9396/36/1 9395/36/1 9394/36/1
f 9397/36/2 9398/36/2 9399/36/2 9400/36/2
f 9393/36/3 9394/36/3 9398/36/3 9397/36/3
f 9396/36/4 9400/36/4 9399/36/4 9395/36/4
f 9393/36/5 9397/36/5 9400/36/5 9396/36/5
f 9394/36/6 9395/36/6 9399/36/6 9398/36/6
f 9401/35/1 9404/35/1 9403/35/1 9402/35/1
f 9405/35/2 9406/35/2 9407/35/2 9408/35/2
f 9401/35/3 9402/35/3 9406/35/3 9405/35/3
f 9404/35/4 9408/35/4 9407/35/4 9403/35/4
f 9401/35/5 9405/35/5 9408/35/5 9404/35/5
f 9402/35/6 9403/35/6 9407/35/6 9406/35/6
f 9409/36/1 9412/36/1 9411/36/1 9410/36/1
f 9413/36/2 9414/36/2 9415/36/2 9416/36/2
f 9409/36/3 9410/36/3 9414/36/3 9413/36/3
f 9412/36/4 9416/36/4 9415/36/4 9411/36/4
f 9409/36/5 9413/36/5 9416/36/5 9412/36/5
f 9410/36/6 9411/36/6 9415/36/6 9414/36/6
f 9417/35/1 9420/35/1 9419/35/1 9418/35/1
f 9421/35/2 9422/35/2 9423/35/2 9424/35/2
f 9417/35/3 9418/35/3 9422/35/3 9421/35/3
f 9420/35/4 9424/35/4 9423/35/4 9419/35/4
f 9417/35/5 9421/35/5 9424/35/5 9420/35/5
f 9418/35/6 9419/35/6 9423/35/6 9422/35/6
f 9425/35/1 9428/35/1 9427/35/1 9426/35/1
f 9429/35/2 9430/35/2 9431/35/2 9432/35/2
f 9425/35/3 9426/35/3 9430/35/3 9429/35/3
f 9428/35/4 9432/35/4 9431/35/4 9427/35/4
f 9425/35/5 9429/35/5 9432/35/5 9428/35/5
f 9426/35/6 9427/35/6 9431/35/6 9430/35/6
f 9433/35/1 9436/35/1 9435/35/1 9434/35/1
f 9437/35/2 9438/35/2 9439/35/2 9440/35/2
f 9433/35/3 9434/35/3 9438/35/3 9437/35/3
f 9436/35/4 9440/35/4 9439/35/4 9435/35/4
f 9433/35/5 9437/35/5 9440/35/5 9436/35/5
f 9434/35/6 9435/35/6 9439/35/6 9438/35/6
f 9441/35/1 9444/35/1 9443/35/1 9442/35/1
f 9445/35/2 9446/35/2 9447/35/2 9448/35/2
f 9441/35/3 9442/35/3 9446/35/3 9445/35/3
f 9444/35/4 9448/35/4 9447/35/4 9443/35/4
f 9441/35/5 9445/35/5 9448/35/5 9444/35/5
f 9442/35/6 9443/35/6 9447/35/6 9446/35/6
f 9449/35/1 9452/35/1 9451/35/1 9450/35/1
f 9453/35/2 9454/35/2 9455/35/2 9456/35/2
f 9449/35/3 9450/35/3 9454/35/3 9453/35/3
f 9452/35/4 9456/35/4 9455/35/4 9451/35/4
f 9449/35/5 9453/35/5 9456/35/5 9452/35/5
f 9450/35/6 9451/35/6 9455/35/6 9454/35/6
f 9457/35/1 9460/35/1 9459/35/1 9458/35/1
f 9461/35/2 9462/35/2 9463/35/2 9464/35/2
f 9457/35/3 9458/35/3 9462/35/3 9461/35/3
f 9460/35/4 9464/35/4 9463/35/4 9459/35/4
f 9457/35/5 9461/35/5 9464/35/5 9460/35/5
f 9458/35/6 9459/35/6 9463/35/6 9462/35/6
o BOGEY_REAR_WHEEL_2
usemtl palette
f 9465/36/1 9468/36/1 9467/36/1 9466/36/1
f 9469/36/2 9470/36/2 9471/36/2 9472/36/2
f 9465/36/3 9466/36/3 9470/36/3 9469/36/3
f 9468/36/4 9472/36/4 9471/36/4 9467/36/4
f 9465/36/5 9469/36/5 9472/36/5 9468/36/5
f 9466/36/6 9467/36/6 9471/36/6 9470/36/6
f 9473/36/1 9476/36/1 9475/36/1 9474/36/1
f 9477/36/2 9478/36/2 9479/36/2 9480/36/2
f 9473/36/3 9474/36/3 9478/36/3 9477/36/3
f 9476/36/4 9480/36/4 9479/36/4 9475/36/4
f 9473/36/5 9477/36/5 9480/36/5 9476/36/5
f 9474/36/6 9475/36/6 9479/36/6 9478/36/6
f 9481/36/1 9484/36/1 9483/36/1 9482/36/1
f 9485/36/2 9486/36/2 9487/36/2 9488/36/2
f 9481/36/3 9482/36/3 9486/36/3 9485/36/3
f 9484/36/4 9488/36/4 9487/36/4 9483/36/4
f 9481/36/5 9485/36/5 9488/36/5 9484/36/5
f 9482/36/6 9483/36/6 9487/36/6 9486/36/6
f 9489/35/1 9492/35/1 9491/35/1 9490/35/1
f 9493/35/2 9494/35/2 9495/35/2 9496/35/2
f 9489/35/3 9490/35/3 9494/35/3 9493/35/3
f 9492/35/4 9496/35/4 9495/35/4 9491/35/4
f 9489/35/5 9493/35/5 9496/35/5 9492/35/5
f 9490/35/6 9491/35/6 9495/35/6 9494/35/6
f 9497/36/1 9500/36/1 9499/36/1 9498/36/1
f 9501/36/2 9502/36/2 9503/36/2 9504/36/2
f 9497/36/3 9498/36/3 9502/36/3 9501/36/3
f 9500/36/4 9504/36/4 9503/36/4 9499/36/4
f 9497/36/5 9501/36/5 9504/36/5 9500/36/5
f 9498/36/6 9499/36/6 9503/36/6 9502/36/6
f 9505/36/1 9508/36/1 9507/36/1 9506/36/1
f 9509/36/2 9510/36/2 9511/36/2 9512/36/2
f 9505/36/3 9506/36/3 9510/36/3 9509/36/3
f 9508/36/4 9512/36/4 9511/36/4 9507/36/4
f 9505/36/5 9509/36/5 9512/36/5 9508/36/5
f 9506/36/6 9507/36/6 9511/36/6 9510/36/6
f 9513/36/1 9516/36/1 9515/36/1 9514/36/1
f 9517/36/2 9518/36/2 9519/36/2 9520/36/2
f 9513/36/3 9514/36/3 9518/36/3 9517/36/3
f 9516/36/4 9520/36/4 9519/36/4 9515/36/4
f 9513/36/5 9517/36/5 9520/36/5 9516/36/5
f 9514/36/6 9515/36/6 9519/36/6 9518/36/6
f 9521/35/1 9524/35/1 9523/35/1 9522/35/1
f 9525/35/2 9526/35/2 9527/35/2 9528/35/2
f 9521/35/3 9522/35/3 9526/35/3 9525/35/3
f 9524/35/4 9528/35/4 9527/35/4 9523/35/4
f 9521/35/5 9525/35/5 9528/35/5 9524/35/5
f 9522/35/6 9523/35/6 9527/35/6 9526/35/6
f 9529/36/1 9532/36/1 9531/36/1 9530/36/1
f 9533/36/2 9534/36/2 9535/36/2 9536/36/2
f 9529/36/3 9530/36/3 9534/36/3 9533/36/3
f 9532/36/4 9536/36/4 9535/36/4 9531/36/4
f 9529/36/5 9533/36/5 9536/36/5 9532/36/5
f 9530/36/6 9531/36/6 9535/36/6 9534/36/6
f 9537/35/1 9540/35/1 9539/35/1 9538/35/1
f 9541/35/2 9542/35/2 9543/35/2 9544/35/2
f 9537/35/3 9538/35/3 9542/35/3 9541/35/3
f 9540/35/4 9544/35/4 9543/35/4 9539/35/4
f 9537/35/5 9541/35/5 9544/35/5 9540/35/5
f 9538/35/6 9539/35/6 9543/35/6 9542/35/6
f 9545/35/1 9548/35/1 9547/35/1 9546/35/1
f 9549/35/2 9550/35/2 9551/35/2 9552/35/2
f 9545/35/3 9546/35/3 9550/35/3 9549/35/3
f 9548/35/4 9552/35/4 9551/35/4 9547/35/4
f 9545/35/5 9549/35/5 9552/35/5 9548/35/5
f 9546/35/6 9547/35/6 9551/35/6 9550/35/6
f 9553/35/1 9556/35/1 9555/35/1 9554/35/1
f 9557/35/2 9558/35/2 9559/35/2 9560/35/2
f 9553/35/3 9554/35/3 9558/35/3 9557/35/3
f 9556/35/4 9560/35/4 9559/35/4 9555/35/4
f 9553/35/5 9557/35/5 9560/35/5 9556/35/5
f 9554/35/6 9555/35/6 9559/35/6 9558/35/6
f 9561/35/1 9564/35/1 9563/35/1 9562/35/1
f 9565/35/2 9566/35/2 9567/35/2 9568/35/2
f 9561/35/3 9562/35/3 9566/35/3 9565/35/3
f 9564/35/4 9568/35/4 9567/35/4 9563/35/4
f 9561/35/5 9565/35/5 9568/35/5 9564/35/5
f 9562/35/6 9563/35/6 9567/35/6 9566/35/6
f 9569/35/1 9572/35/1 9571/35/1 9570/35/1
f 9573/35/2 9574/35/2 9575/35/2 9576/35/2
f 9569/35/3 9570/35/3 9574/35/3 9573/35/3
f 9572/35/4 9576/35/4 9575/35/4 9571/35/4
f 9569/35/5 9573/35/5 9576/35/5 9572/35/5
f 9570/35/6 9571/35/6 9575/35/6 9574/35/6
f 9577/35/1 9580/35/1 9579/35/1 9578/35/1
f 9581/35/2 9582/35/2 9583/35/2 9584/35/2
f 9577/35/3 9578/35/3 9582/35/3 9581/35/3
f 9580/35/4 9584/35/4 9583/35/4 9579/35/4
f 9577/35/5 9581/35/5 9584/35/5 9580/35/5
f 9578/35/6 9579/35/6 9583/35/6 9582/35/6
o HEADLIGHT_1
usemtl palette
f 9585/37/1 9588/37/1 9587/37/1 9586/37/1
f 9589/37/2 9590/37/2 9591/37/2 9592/37/2
f 9585/37/3 9586/37/3 9590/37/3 9589/37/3
f 9588/37/4 9592/37/4 9591/37/4 9587/37/4
f 9585/37/5 9589/37/5 9592/37/5 9588/37/5
f 9586/37/6 9587/37/6 9591/37/6 9590/37/6
f 9593/37/1 9596/37/1 9595/37/1 9594/37/1
f 9597/37/2 9598/37/2 9599/37/2 9600/37/2
f 9593/37/3 9594/37/3 9598/37/3 9597/37/3
f 9596/37/4 9600/37/4 9599/37/4 9595/37/4
f 9593/37/5 9597/37/5 9600/37/5 9596/37/5
f 9594/37/6 9595/37/6 9599/37/6 9598/37/6
o SHELL_lights
usemtl palette
f 9601/38/1 9604/38/1 9603/38/1 9602/38/1
f 9605/38/2 9606/38/2 9607/38/2 9608/38/2
f 9601/38/3 9602/38/3 9606/38/3 9605/38/3
f 9604/38/4 9608/38/4 9607/38/4 9603/38/4
f 9601/38/5 9605/38/5 9608/38/5 9604/38/5
f 9602/38/6 9603/38/6 9607/38/6 9606/38/6
f 9609/38/1 9612/38/1 9611/38/1 9610/38/1
f 9613/38/2 9614/38/2 9615/38/2 9616/38/2
f 9609/38/3 9610/38/3 9614/38/3 9613/38/3
f 9612/38/4 9616/38/4 9615/38/4 9611/38/4
f 9609/38/5 9613/38/5 9616/38/5 9612/38/5
f 9610/38/6 9611/38/6 9615/38/6 9614/38/6
f 9617/37/1 9620/37/1 9619/37/1 9618/37/1
f 9621/37/2 9622/37/2 9623/37/2 9624/37/2
f 9617/37/3 9618/37/3 9622/37/3 9621/37/3
f 9620/37/4 9624/37/4 9623/37/4 9619/37/4
f 9617/37/5 9621/37/5 9624/37/5 9620/37/5
f 9618/37/6 9619/37/6 9623/37/6 9622/37/6
f 9625/37/1 9628/37/1 9627/37/1 9626/37/1
f 9629/37/2 9630/37/2 9631/37/2 9632/37/2
f 9625/37/3 9626/37/3 9630/37/3 9629/37/3
f 9628/37/4 9632/37/4 9631/37/4 9627/37/4
f 9625/37/5 9629/37/5 9632/37/5 9628/37/5
f 9626/37/6 9627/37/6 9631/37/6 9630/37/6
o SHELL_sign
usemtl palette
f 9633/47/1 9636/47/1 9635/47/1 9634/47/1
f 9637/47/2 9638/47/2 9639/47/2 9640/47/2
f 9633/47/3 9634/47/3 9638/47/3 9637/47/3
f 9636/47/4 9640/47/4 9639/47/4 9635/47/4
f 9633/47/5 9637/47/5 9640/47/5 9636/47/5
f 9634/47/6 9635/47/6 9639/47/6 9638/47/6
f 9641/47/1 9644/47/1 9643/47/1 9642/47/1
f 9645/47/2 9646/47/2 9647/47/2 9648/47/2
f 9641/47/3 9642/47/3 9646/47/3 9645/47/3
f 9644/47/4 9648/47/4 9647/47/4 9643/47/4
f 9641/47/5 9645/47/5 9648/47/5 9644/47/5
f 9642/47/6 9643/47/6 9647/47/6 9646/47/6
o SHELL_floor
usemtl palette
f 9649/3/1 9652/3/1 9651/3/1 9650/3/1
f 9653/3/2 9654/3/2 9655/3/2 9656/3/2
f 9649/3/3 9650/3/3 9654/3/3 9653/3/3
f 9652/3/4 9656/3/4 9655/3/4 9651/3/4
f 9649/3/5 9653/3/5 9656/3/5 9652/3/5
f 9650/3/6 9651/3/6 9655/3/6 9654/3/6
f 9657/27/1 9660/27/1 9659/27/1 9658/27/1
f 9661/27/2 9662/27/2 9663/27/2 9664/27/2
f 9657/27/3 9658/27/3 9662/27/3 9661/27/3
f 9660/27/4 9664/27/4 9663/27/4 9659/27/4
f 9657/27/5 9661/27/5 9664/27/5 9660/27/5
f 9658/27/6 9659/27/6 9663/27/6 9662/27/6
o SHELL_ceiling
usemtl palette
f 9665/5/1 9668/5/1 9667/5/1 9666/5/1
f 9669/5/2 9670/5/2 9671/5/2 9672/5/2
f 9665/5/3 9666/5/3 9670/5/3 9669/5/3
f 9668/5/4 9672/5/4 9671/5/4 9667/5/4
f 9665/5/5 9669/5/5 9672/5/5 9668/5/5
f 9666/5/6 9667/5/6 9671/5/6 9670/5/6
o SHELL_end
usemtl palette
f 9673/12/1 9676/12/1 9675/12/1 9674/12/1
f 9677/12/2 9678/12/2 9679/12/2 9680/12/2
f 9673/12/3 9674/12/3 9678/12/3 9677/12/3
f 9676/12/4 9680/12/4 9679/12/4 9675/12/4
f 9673/12/5 9677/12/5 9680/12/5 9676/12/5
f 9674/12/6 9675/12/6 9679/12/6 9678/12/6
f 9681/12/1 9684/12/1 9683/12/1 9682/12/1
f 9685/12/2 9686/12/2 9687/12/2 9688/12/2
f 9681/12/3 9682/12/3 9686/12/3 9685/12/3
f 9684/12/4 9688/12/4 9687/12/4 9683/12/4
f 9681/12/5 9685/12/5 9688/12/5 9684/12/5
f 9682/12/6 9683/12/6 9687/12/6 9686/12/6
f 9689/12/1 9692/12/1 9691/12/1 9690/12/1
f 9693/12/2 9694/12/2 9695/12/2 9696/12/2
f 9689/12/3 9690/12/3 9694/12/3 9693/12/3
f 9692/12/4 9696/12/4 9695/12/4 9691/12/4
f 9689/12/5 9693/12/5 9696/12/5 9692/12/5
f 9690/12/6 9691/12/6 9695/12/6 9694/12/6
f 9697/10/1 9700/10/1 9699/10/1 9698/10/1
f 9701/10/2 9702/10/2 9703/10/2 9704/10/2
f 9697/10/3 9698/10/3 9702/10/3 9701/10/3
f 9700/10/4 9704/10/4 9703/10/4 9699/10/4
f 9697/10/5 9701/10/5 9704/10/5 9700/10/5
f 9698/10/6 9699/10/6 9703/10/6 9702/10/6
o CONNECTING_DOOR_1_CG_CR_TOGGLE_TL_0.98_Z
usemtl palette
f 9705/55/1 9708/55/1 9707/55/1 9706/55/1
f 9709/55/2 9710/55/2 9711/55/2 9712/55/2
f 9705/55/3 9706/55/3 9710/55/3 9709/55/3
f 9708/55/4 9712/55/4 9711/55/4 9707/55/4
f 9705/55/5 9709/55/5 9712/55/5 9708/55/5
f 9706/55/6 9707/55/6 9711/55/6 9710/55/6
f 9713/1/1 9716/1/1 9715/1/1 9714/1/1
f 9717/1/2 9718/1/2 9719/1/2 9720/1/2
f 9713/1/3 9714/1/3 9718/1/3 9717/1/3
f 9716/1/4 9720/1/4 9719/1/4 9715/1/4
f 9713/1/5 9717/1/5 9720/1/5 9716/1/5
f 9714/1/6 9715/1/6 9719/1/6 9718/1/6
o EXTERNAL_DOOR_3_CG_DR1_TOGGLE_TL_-0.44_X
usemtl palette
f 9721/55/1 9724/55/1 9723/55/1 9722/55/1
f 9725/55/2 9726/55/2 9727/55/2 9728/55/2
f 9721/55/3 9722/55/3 9726/55/3 9725/55/3
f 9724/55/4 9728/55/4 9727/55/4 9723/55/4
f 9721/55/5 9725/55/5 9728/55/5 9724/55/5
f 9722/55/6 9723/55/6 9727/55/6 9726/55/6
f 9729/55/1 9732/55/1 9731/55/1 9730/55/1
f 9733/55/2 9734/55/2 9735/55/2 9736/55/2
f 9729/55/3 9730/55/3 9734/55/3 9733/55/3
f 9732/55/4 9736/55/4 9735/55/4 9731/55/4
f 9729/55/5 9733/55/5 9736/55/5 9732/55/5
f 9730/55/6 9731/55/6 9735/55/6 9734/55/6
f 9737/55/1 9740/55/1 9739/55/1 9738/55/1
f 9741/55/2 9742/55/2 9743/55/2 9744/55/2
f 9737/55/3 9738/55/3 9742/55/3 9741/55/3
f 9740/55/4 9744/55/4 9743/55/4 9739/55/4
f 9737/55/5 9741/55/5 9744/55/5 9740/55/5
f 9738/55/6 9739/55/6 9743/55/6 9742/55/6
f 9745/55/1 9748/55/1 9747/55/1 9746/55/1
f 9749/55/2 9750/55/2 9751/55/2 9752/55/2
f 9745/55/3 9746/55/3 9750/55/3 9749/55/3
f 9748/55/4 9752/55/4 9751/55/4 9747/55/4
f 9745/55/5 9749/55/5 9752/55/5 9748/55/5
f 9746/55/6 9747/55/6 9751/55/6 9750/55/6
f 9753/1/1 9756/1/1 9755/1/1 9754/1/1
f 9757/1/2 9758/1/2 9759/1/2 9760/1/2
f 9753/1/3 9754/1/3 9758/1/3 9757/1/3
f 9756/1/4 9760/1/4 9759/1/4 9755/1/4
f 9753/1/5 9757/1/5 9760/1/5 9756/1/5
f 9754/1/6 9755/1/6 9759/1/6 9758/1/6
f 9761/7/1 9764/7/1 9763/7/1 9762/7/1
f 9765/7/2 9766/7/2 9767/7/2 9768/7/2
f 9761/7/3 9762/7/3 9766/7/3 9765/7/3
f 9764/7/4 9768/7/4 9767/7/4 9763/7/4
f 9761/7/5 9765/7/5 9768/7/5 9764/7/5
f 9762/7/6 9763/7/6 9767/7/6 9766/7/6
o EXTERNAL_DOOR_4_CG_DR1_TOGGLE_TL_0.44_X
usemtl palette
f 9769/55/1 9772/55/1 9771/55/1 9770/55/1
f 9773/55/2 9774/55/2 9775/55/2 9776/55/2
f 9769/55/3 9770/55/3 9774/55/3 9773/55/3
f 9772/55/4 9776/55/4 9775/55/4 9771/55/4
f 9769/55/5 9773/55/5 9776/55/5 9772/55/5
f 9770/55/6 9771/55/6 9775/55/6 9774/55/6
f 9777/55/1 9780/55/1 9779/55/1 9778/55/1
f 9781/55/2 9782/55/2 9783/55/2 9784/55/2
f 9777/55/3 9778/55/3 9782/55/3 9781/55/3
f 9780/55/4 9784/55/4 9783/55/4 9779/55/4
f 9777/55/5 9781/55/5 9784/55/5 9780/55/5
f 9778/55/6 9779/55/6 9783/55/6 9782/55/6
f 9785/55/1 9788/55/1 9787/55/1 9786/55/1
f 9789/55/2 9790/55/2 9791/55/2 9792/55/2
f 9785/55/3 9786/55/3 9790/55/3 9789/55/3
f 9788/55/4 9792/55/4 9791/55/4 9787/55/4
f 9785/55/5 9789/55/5 9792/55/5 9788/55/5
f 9786/55/6 9787/55/6 9791/55/6 9790/55/6
f 9793/55/1 9796/55/1 9795/55/1 9794/55/1
f 9797/55/2 9798/55/2 9799/55/2 9800/55/2
f 9793/55/3 9794/55/3 9798/55/3 9797/55/3
f 9796/55/4 9800/55/4 9799/55/4 9795/55/4
f 9793/55/5 9797/55/5 9800/55/5 9796/55/5
f 9794/55/6 9795/55/6 9799/55/6 9798/55/6
f 9801/1/1 9804/1/1 9803/1/1 9802/1/1
f 9805/1/2 9806/1/2 9807/1/2 9808/1/2
f 9801/1/3 9802/1/3 9806/1/3 9805/1/3
f 9804/1/4 9808/1/4 9807/1/4 9803/1/4
f 9801/1/5 9805/1/5 9808/1/5 9804/1/5
f 9802/1/6 9803/1/6 9807/1/6 9806/1/6
f 9809/7/1 9812/7/1 9811/7/1 9810/7/1
f 9813/7/2 9814/7/2 9815/7/2 9816/7/2
f 9809/7/3 9810/7/3 9814/7/3 9813/7/3
f 9812/7/4 9816/7/4 9815/7/4 9811/7/4
f 9809/7/5 9813/7/5 9816/7/5 9812/7/5
f 9810/7/6 9811/7/6 9815/7/6 9814/7/6
o SHELL_doorkit
usemtl palette
f 9817/13/1 9820/13/1 9819/13/1 9818/13/1
f 9821/13/2 9822/13/2 9823/13/2 9824/13/2
f 9817/13/3 9818/13/3 9822/13/3 9821/13/3
f 9820/13/4 9824/13/4 9823/13/4 9819/13/4
f 9817/13/5 9821/13/5 9824/13/5 9820/13/5
f 9818/13/6 9819/13/6 9823/13/6 9822/13/6
f 9825/10/1 9828/10/1 9827/10/1 9826/10/1
f 9829/10/2 9830/10/2 9831/10/2 9832/10/2
f 9825/10/3 9826/10/3 9830/10/3 9829/10/3
f 9828/10/4 9832/10/4 9831/10/4 9827/10/4
f 9825/10/5 9829/10/5 9832/10/5 9828/10/5
f 9826/10/6 9827/10/6 9831/10/6 9830/10/6
f 9833/13/1 9836/13/1 9835/13/1 9834/13/1
f 9837/13/2 9838/13/2 9839/13/2 9840/13/2
f 9833/13/3 9834/13/3 9838/13/3 9837/13/3
f 9836/13/4 9840/13/4 9839/13/4 9835/13/4
f 9833/13/5 9837/13/5 9840/13/5 9836/13/5
f 9834/13/6 9835/13/6 9839/13/6 9838/13/6
f 9841/10/1 9844/10/1 9843/10/1 9842/10/1
f 9845/10/2 9846/10/2 9847/10/2 9848/10/2
f 9841/10/3 9842/10/3 9846/10/3 9845/10/3
f 9844/10/4 9848/10/4 9847/10/4 9843/10/4
f 9841/10/5 9845/10/5 9848/10/5 9844/10/5
f 9842/10/6 9843/10/6 9847/10/6 9846/10/6
o EXTERNAL_DOOR_6_CG_DL1_TOGGLE_TL_-0.44_X
usemtl palette
f 9849/55/1 9852/55/1 9851/55/1 9850/55/1
f 9853/55/2 9854/55/2 9855/55/2 9856/55/2
f 9849/55/3 9850/55/3 9854/55/3 9853/55/3
f 9852/55/4 9856/55/4 9855/55/4 9851/55/4
f 9849/55/5 9853/55/5 9856/55/5 9852/55/5
f 9850/55/6 9851/55/6 9855/55/6 9854/55/6
f 9857/55/1 9860/55/1 9859/55/1 9858/55/1
f 9861/55/2 9862/55/2 9863/55/2 9864/55/2
f 9857/55/3 9858/55/3 9862/55/3 9861/55/3
f 9860/55/4 9864/55/4 9863/55/4 9859/55/4
f 9857/55/5 9861/55/5 9864/55/5 9860/55/5
f 9858/55/6 9859/55/6 9863/55/6 9862/55/6
f 9865/55/1 9868/55/1 9867/55/1 9866/55/1
f 9869/55/2 9870/55/2 9871/55/2 9872/55/2
f 9865/55/3 9866/55/3 9870/55/3 9869/55/3
f 9868/55/4 9872/55/4 9871/55/4 9867/55/4
f 9865/55/5 9869/55/5 9872/55/5 9868/55/5
f 9866/55/6 9867/55/6 9871/55/6 9870/55/6
f 9873/55/1 9876/55/1 9875/55/1 9874/55/1
f 9877/55/2 9878/55/2 9879/55/2 9880/55/2
f 9873/55/3 9874/55/3 9878/55/3 9877/55/3
f 9876/55/4 9880/55/4 9879/55/4 9875/55/4
f 9873/55/5 9877/55/5 9880/55/5 9876/55/5
f 9874/55/6 9875/55/6 9879/55/6 9878/55/6
f 9881/1/1 9884/1/1 9883/1/1 9882/1/1
f 9885/1/2 9886/1/2 9887/1/2 9888/1/2
f 9881/1/3 9882/1/3 9886/1/3 9885/1/3
f 9884/1/4 9888/1/4 9887/1/4 9883/1/4
f 9881/1/5 9885/1/5 9888/1/5 9884/1/5
f 9882/1/6 9883/1/6 9887/1/6 9886/1/6
f 9889/7/1 9892/7/1 9891/7/1 9890/7/1
f 9893/7/2 9894/7/2 9895/7/2 9896/7/2
f 9889/7/3 9890/7/3 9894/7/3 9893/7/3
f 9892/7/4 9896/7/4 9895/7/4 9891/7/4
f 9889/7/5 9893/7/5 9896/7/5 9892/7/5
f 9890/7/6 9891/7/6 9895/7/6 9894/7/6
o EXTERNAL_DOOR_7_CG_DL1_TOGGLE_TL_0.44_X
usemtl palette
f 9897/55/1 9900/55/1 9899/55/1 9898/55/1
f 9901/55/2 9902/55/2 9903/55/2 9904/55/2
f 9897/55/3 9898/55/3 9902/55/3 9901/55/3
f 9900/55/4 9904/55/4 9903/55/4 9899/55/4
f 9897/55/5 9901/55/5 9904/55/5 9900/55/5
f 9898/55/6 9899/55/6 9903/55/6 9902/55/6
f 9905/55/1 9908/55/1 9907/55/1 9906/55/1
f 9909/55/2 9910/55/2 9911/55/2 9912/55/2
f 9905/55/3 9906/55/3 9910/55/3 9909/55/3
f 9908/55/4 9912/55/4 9911/55/4 9907/55/4
f 9905/55/5 9909/55/5 9912/55/5 9908/55/5
f 9906/55/6 9907/55/6 9911/55/6 9910/55/6
f 9913/55/1 9916/55/1 9915/55/1 9914/55/1
f 9917/55/2 9918/55/2 9919/55/2 9920/55/2
f 9913/55/3 9914/55/3 9918/55/3 9917/55/3
f 9916/55/4 9920/55/4 9919/55/4 9915/55/4
f 9913/55/5 9917/55/5 9920/55/5 9916/55/5
f 9914/55/6 9915/55/6 9919/55/6 9918/55/6
f 9921/55/1 9924/55/1 9923/55/1 9922/55/1
f 9925/55/2 9926/55/2 9927/55/2 9928/55/2
f 9921/55/3 9922/55/3 9926/55/3 9925/55/3
f 9924/55/4 9928/55/4 9927/55/4 9923/55/4
f 9921/55/5 9925/55/5 9928/55/5 9924/55/5
f 9922/55/6 9923/55/6 9927/55/6 9926/55/6
f 9929/1/1 9932/1/1 9931/1/1 9930/1/1
f 9933/1/2 9934/1/2 9935/1/2 9936/1/2
f 9929/1/3 9930/1/3 9934/1/3 9933/1/3
f 9932/1/4 9936/1/4 9935/1/4 9931/1/4
f 9929/1/5 9933/1/5 9936/1/5 9932/1/5
f 9930/1/6 9931/1/6 9935/1/6 9934/1/6
f 9937/7/1 9940/7/1 9939/7/1 9938/7/1
f 9941/7/2 9942/7/2 9943/7/2 9944/7/2
f 9937/7/3 9938/7/3 9942/7/3 9941/7/3
f 9940/7/4 9944/7/4 9943/7/4 9939/7/4
f 9937/7/5 9941/7/5 9944/7/5 9940/7/5
f 9938/7/6 9939/7/6 9943/7/6 9942/7/6
o SHELL_seatbase
usemtl palette
f 9945/36/1 9948/36/1 9947/36/1 9946/36/1
f 9949/36/2 9950/36/2 9951/36/2 9952/36/2
f 9945/36/3 9946/36/3 9950/36/3 9949/36/3
f 9948/36/4 9952/36/4 9951/36/4 9947/36/4
f 9945/36/5 9949/36/5 9952/36/5 9948/36/5
f 9946/36/6 9947/36/6 9951/36/6 9950/36/6
f 9953/36/1 9956/36/1 9955/36/1 9954/36/1
f 9957/36/2 9958/36/2 9959/36/2 9960/36/2
f 9953/36/3 9954/36/3 9958/36/3 9957/36/3
f 9956/36/4 9960/36/4 9959/36/4 9955/36/4
f 9953/36/5 9957/36/5 9960/36/5 9956/36/5
f 9954/36/6 9955/36/6 9959/36/6 9958/36/6
f 9961/36/1 9964/36/1 9963/36/1 9962/36/1
f 9965/36/2 9966/36/2 9967/36/2 9968/36/2
f 9961/36/3 9962/36/3 9966/36/3 9965/36/3
f 9964/36/4 9968/36/4 9967/36/4 9963/36/4
f 9961/36/5 9965/36/5 9968/36/5 9964/36/5
f 9962/36/6 9963/36/6 9967/36/6 9966/36/6
f 9969/36/1 9972/36/1 9971/36/1 9970/36/1
f 9973/36/2 9974/36/2 9975/36/2 9976/36/2
f 9969/36/3 9970/36/3 9974/36/3 9973/36/3
f 9972/36/4 9976/36/4 9975/36/4 9971/36/4
f 9969/36/5 9973/36/5 9976/36/5 9972/36/5
f 9970/36/6 9971/36/6 9975/36/6 9974/36/6
f 9977/36/1 9980/36/1 9979/36/1 9978/36/1
f 9981/36/2 9982/36/2 9983/36/2 9984/36/2
f 9977/36/3 9978/36/3 9982/36/3 9981/36/3
f 9980/36/4 9984/36/4 9983/36/4 9979/36/4
f 9977/36/5 9981/36/5 9984/36/5 9980/36/5
f 9978/36/6 9979/36/6 9983/36/6 9982/36/6
f 9985/36/1 9988/36/1 9987/36/1 9986/36/1
f 9989/36/2 9990/36/2 9991/36/2 9992/36/2
f 9985/36/3 9986/36/3 9990/36/3 9989/36/3
f 9988/36/4 9992/36/4 9991/36/4 9987/36/4
f 9985/36/5 9989/36/5 9992/36/5 9988/36/5
f 9986/36/6 9987/36/6 9991/36/6 9990/36/6
f 9993/36/1 9996/36/1 9995/36/1 9994/36/1
f 9997/36/2 9998/36/2 9999/36/2 10000/36/2
f 9993/36/3 9994/36/3 9998/36/3 9997/36/3
f 9996/36/4 10000/36/4 9999/36/4 9995/36/4
f 9993/36/5 9997/36/5 10000/36/5 9996/36/5
f 9994/36/6 9995/36/6 9999/36/6 9998/36/6
f 10001/36/1 10004/36/1 10003/36/1 10002/36/1
f 10005/36/2 10006/36/2 10007/36/2 10008/36/2
f 10001/36/3 10002/36/3 10006/36/3 10005/36/3
f 10004/36/4 10008/36/4 10007/36/4 10003/36/4
f 10001/36/5 10005/36/5 10008/36/5 10004/36/5
f 10002/36/6 10003/36/6 10007/36/6 10006/36/6
f 10009/36/1 10012/36/1 10011/36/1 10010/36/1
f 10013/36/2 10014/36/2 10015/36/2 10016/36/2
f 10009/36/3 10010/36/3 10014/36/3 10013/36/3
f 10012/36/4 10016/36/4 10015/36/4 10011/36/4
f 10009/36/5 10013/36/5 10016/36/5 10012/36/5
f 10010/36/6 10011/36/6 10015/36/6 10014/36/6
f 10017/36/1 10020/36/1 10019/36/1 10018/36/1
f 10021/36/2 10022/36/2 10023/36/2 10024/36/2
f 10017/36/3 10018/36/3 10022/36/3 10021/36/3
f 10020/36/4 10024/36/4 10023/36/4 10019/36/4
f 10017/36/5 10021/36/5 10024/36/5 10020/36/5
f 10018/36/6 10019/36/6 10023/36/6 10022/36/6
f 10025/36/1 10028/36/1 10027/36/1 10026/36/1
f 10029/36/2 10030/36/2 10031/36/2 10032/36/2
f 10025/36/3 10026/36/3 10030/36/3 10029/36/3
f 10028/36/4 10032/36/4 10031/36/4 10027/36/4
f 10025/36/5 10029/36/5 10032/36/5 10028/36/5
f 10026/36/6 10027/36/6 10031/36/6 10030/36/6
f 10033/36/1 10036/36/1 10035/36/1 10034/36/1
f 10037/36/2 10038/36/2 10039/36/2 10040/36/2
f 10033/36/3 10034/36/3 10038/36/3 10037/36/3
f 10036/36/4 10040/36/4 10039/36/4 10035/36/4
f 10033/36/5 10037/36/5 10040/36/5 10036/36/5
f 10034/36/6 10035/36/6 10039/36/6 10038/36/6
f 10041/36/1 10044/36/1 10043/36/1 10042/36/1
f 10045/36/2 10046/36/2 10047/36/2 10048/36/2
f 10041/36/3 10042/36/3 10046/36/3 10045/36/3
f 10044/36/4 10048/36/4 10047/36/4 10043/36/4
f 10041/36/5 10045/36/5 10048/36/5 10044/36/5
f 10042/36/6 10043/36/6 10047/36/6 10046/36/6
f 10049/36/1 10052/36/1 10051/36/1 10050/36/1
f 10053/36/2 10054/36/2 10055/36/2 10056/36/2
f 10049/36/3 10050/36/3 10054/36/3 10053/36/3
f 10052/36/4 10056/36/4 10055/36/4 10051/36/4
f 10049/36/5 10053/36/5 10056/36/5 10052/36/5
f 10050/36/6 10051/36/6 10055/36/6 10054/36/6
f 10057/36/1 10060/36/1 10059/36/1 10058/36/1
f 10061/36/2 10062/36/2 10063/36/2 10064/36/2
f 10057/36/3 10058/36/3 10062/36/3 10061/36/3
f 10060/36/4 10064/36/4 10063/36/4 10059/36/4
f 10057/36/5 10061/36/5 10064/36/5 10060/36/5
f 10058/36/6 10059/36/6 10063/36/6 10062/36/6
f 10065/36/1 10068/36/1 10067/36/1 10066/36/1
f 10069/36/2 10070/36/2 10071/36/2 10072/36/2
f 10065/36/3 10066/36/3 10070/36/3 10069/36/3
f 10068/36/4 10072/36/4 10071/36/4 10067/36/4
f 10065/36/5 10069/36/5 10072/36/5 10068/36/5
f 10066/36/6 10067/36/6 10071/36/6 10070/36/6
f 10073/36/1 10076/36/1 10075/36/1 10074/36/1
f 10077/36/2 10078/36/2 10079/36/2 10080/36/2
f 10073/36/3 10074/36/3 10078/36/3 10077/36/3
f 10076/36/4 10080/36/4 10079/36/4 10075/36/4
f 10073/36/5 10077/36/5 10080/36/5 10076/36/5
f 10074/36/6 10075/36/6 10079/36/6 10078/36/6
f 10081/36/1 10084/36/1 10083/36/1 10082/36/1
f 10085/36/2 10086/36/2 10087/36/2 10088/36/2
f 10081/36/3 10082/36/3 10086/36/3 10085/36/3
f 10084/36/4 10088/36/4 10087/36/4 10083/36/4
f 10081/36/5 10085/36/5 10088/36/5 10084/36/5
f 10082/36/6 10083/36/6 10087/36/6 10086/36/6
f 10089/36/1 10092/36/1 10091/36/1 10090/36/1
f 10093/36/2 10094/36/2 10095/36/2 10096/36/2
f 10089/36/3 10090/36/3 10094/36/3 10093/36/3
f 10092/36/4 10096/36/4 10095/36/4 10091/36/4
f 10089/36/5 10093/36/5 10096/36/5 10092/36/5
f 10090/36/6 10091/36/6 10095/36/6 10094/36/6
f 10097/36/1 10100/36/1 10099/36/1 10098/36/1
f 10101/36/2 10102/36/2 10103/36/2 10104/36/2
f 10097/36/3 10098/36/3 10102/36/3 10101/36/3
f 10100/36/4 10104/36/4 10103/36/4 10099/36/4
f 10097/36/5 10101/36/5 10104/36/5 10100/36/5
f 10098/36/6 10099/36/6 10103/36/6 10102/36/6
f 10105/36/1 10108/36/1 10107/36/1 10106/36/1
f 10109/36/2 10110/36/2 10111/36/2 10112/36/2
f 10105/36/3 10106/36/3 10110/36/3 10109/36/3
f 10108/36/4 10112/36/4 10111/36/4 10107/36/4
f 10105/36/5 10109/36/5 10112/36/5 10108/36/5
f 10106/36/6 10107/36/6 10111/36/6 10110/36/6
f 10113/36/1 10116/36/1 10115/36/1 10114/36/1
f 10117/36/2 10118/36/2 10119/36/2 10120/36/2
f 10113/36/3 10114/36/3 10118/36/3 10117/36/3
f 10116/36/4 10120/36/4 10119/36/4 10115/36/4
f 10113/36/5 10117/36/5 10120/36/5 10116/36/5
f 10114/36/6 10115/36/6 10119/36/6 10118/36/6
f 10121/36/1 10124/36/1 10123/36/1 10122/36/1
f 10125/36/2 10126/36/2 10127/36/2 10128/36/2
f 10121/36/3 10122/36/3 10126/36/3 10125/36/3
f 10124/36/4 10128/36/4 10127/36/4 10123/36/4
f 10121/36/5 10125/36/5 10128/36/5 10124/36/5
f 10122/36/6 10123/36/6 10127/36/6 10126/36/6
f 10129/36/1 10132/36/1 10131/36/1 10130/36/1
f 10133/36/2 10134/36/2 10135/36/2 10136/36/2
f 10129/36/3 10130/36/3 10134/36/3 10133/36/3
f 10132/36/4 10136/36/4 10135/36/4 10131/36/4
f 10129/36/5 10133/36/5 10136/36/5 10132/36/5
f 10130/36/6 10131/36/6 10135/36/6 10134/36/6
f 10137/36/1 10140/36/1 10139/36/1 10138/36/1
f 10141/36/2 10142/36/2 10143/36/2 10144/36/2
f 10137/36/3 10138/36/3 10142/36/3 10141/36/3
f 10140/36/4 10144/36/4 10143/36/4 10139/36/4
f 10137/36/5 10141/36/5 10144/36/5 10140/36/5
f 10138/36/6 10139/36/6 10143/36/6 10142/36/6
f 10145/36/1 10148/36/1 10147/36/1 10146/36/1
f 10149/36/2 10150/36/2 10151/36/2 10152/36/2
f 10145/36/3 10146/36/3 10150/36/3 10149/36/3
f 10148/36/4 10152/36/4 10151/36/4 10147/36/4
f 10145/36/5 10149/36/5 10152/36/5 10148/36/5
f 10146/36/6 10147/36/6 10151/36/6 10150/36/6
f 10153/36/1 10156/36/1 10155/36/1 10154/36/1
f 10157/36/2 10158/36/2 10159/36/2 10160/36/2
f 10153/36/3 10154/36/3 10158/36/3 10157/36/3
f 10156/36/4 10160/36/4 10159/36/4 10155/36/4
f 10153/36/5 10157/36/5 10160/36/5 10156/36/5
f 10154/36/6 10155/36/6 10159/36/6 10158/36/6
f 10161/36/1 10164/36/1 10163/36/1 10162/36/1
f 10165/36/2 10166/36/2 10167/36/2 10168/36/2
f 10161/36/3 10162/36/3 10166/36/3 10165/36/3
f 10164/36/4 10168/36/4 10167/36/4 10163/36/4
f 10161/36/5 10165/36/5 10168/36/5 10164/36/5
f 10162/36/6 10163/36/6 10167/36/6 10166/36/6
f 10169/36/1 10172/36/1 10171/36/1 10170/36/1
f 10173/36/2 10174/36/2 10175/36/2 10176/36/2
f 10169/36/3 10170/36/3 10174/36/3 10173/36/3
f 10172/36/4 10176/36/4 10175/36/4 10171/36/4
f 10169/36/5 10173/36/5 10176/36/5 10172/36/5
f 10170/36/6 10171/36/6 10175/36/6 10174/36/6
f 10177/36/1 10180/36/1 10179/36/1 10178/36/1
f 10181/36/2 10182/36/2 10183/36/2 10184/36/2
f 10177/36/3 10178/36/3 10182/36/3 10181/36/3
f 10180/36/4 10184/36/4 10183/36/4 10179/36/4
f 10177/36/5 10181/36/5 10184/36/5 10180/36/5
f 10178/36/6 10179/36/6 10183/36/6 10182/36/6
f 10185/36/1 10188/36/1 10187/36/1 10186/36/1
f 10189/36/2 10190/36/2 10191/36/2 10192/36/2
f 10185/36/3 10186/36/3 10190/36/3 10189/36/3
f 10188/36/4 10192/36/4 10191/36/4 10187/36/4
f 10185/36/5 10189/36/5 10192/36/5 10188/36/5
f 10186/36/6 10187/36/6 10191/36/6 10190/36/6
f 10193/36/1 10196/36/1 10195/36/1 10194/36/1
f 10197/36/2 10198/36/2 10199/36/2 10200/36/2
f 10193/36/3 10194/36/3 10198/36/3 10197/36/3
f 10196/36/4 10200/36/4 10199/36/4 10195/36/4
f 10193/36/5 10197/36/5 10200/36/5 10196/36/5
f 10194/36/6 10195/36/6 10199/36/6 10198/36/6
f 10201/36/1 10204/36/1 10203/36/1 10202/36/1
f 10205/36/2 10206/36/2 10207/36/2 10208/36/2
f 10201/36/3 10202/36/3 10206/36/3 10205/36/3
f 10204/36/4 10208/36/4 10207/36/4 10203/36/4
f 10201/36/5 10205/36/5 10208/36/5 10204/36/5
f 10202/36/6 10203/36/6 10207/36/6 10206/36/6
f 10209/36/1 10212/36/1 10211/36/1 10210/36/1
f 10213/36/2 10214/36/2 10215/36/2 10216/36/2
f 10209/36/3 10210/36/3 10214/36/3 10213/36/3
f 10212/36/4 10216/36/4 10215/36/4 10211/36/4
f 10209/36/5 10213/36/5 10216/36/5 10212/36/5
f 10210/36/6 10211/36/6 10215/36/6 10214/36/6
f 10217/36/1 10220/36/1 10219/36/1 10218/36/1
f 10221/36/2 10222/36/2 10223/36/2 10224/36/2
f 10217/36/3 10218/36/3 10222/36/3 10221/36/3
f 10220/36/4 10224/36/4 10223/36/4 10219/36/4
f 10217/36/5 10221/36/5 10224/36/5 10220/36/5
f 10218/36/6 10219/36/6 10223/36/6 10222/36/6
f 10225/36/1 10228/36/1 10227/36/1 10226/36/1
f 10229/36/2 10230/36/2 10231/36/2 10232/36/2
f 10225/36/3 10226/36/3 10230/36/3 10229/36/3
f 10228/36/4 10232/36/4 10231/36/4 10227/36/4
f 10225/36/5 10229/36/5 10232/36/5 10228/36/5
f 10226/36/6 10227/36/6 10231/36/6 10230/36/6
f 10233/36/1 10236/36/1 10235/36/1 10234/36/1
f 10237/36/2 10238/36/2 10239/36/2 10240/36/2
f 10233/36/3 10234/36/3 10238/36/3 10237/36/3
f 10236/36/4 10240/36/4 10239/36/4 10235/36/4
f 10233/36/5 10237/36/5 10240/36/5 10236/36/5
f 10234/36/6 10235/36/6 10239/36/6 10238/36/6
f 10241/36/1 10244/36/1 10243/36/1 10242/36/1
f 10245/36/2 10246/36/2 10247/36/2 10248/36/2
f 10241/36/3 10242/36/3 10246/36/3 10245/36/3
f 10244/36/4 10248/36/4 10247/36/4 10243/36/4
f 10241/36/5 10245/36/5 10248/36/5 10244/36/5
f 10242/36/6 10243/36/6 10247/36/6 10246/36/6
f 10249/36/1 10252/36/1 10251/36/1 10250/36/1
f 10253/36/2 10254/36/2 10255/36/2 10256/36/2
f 10249/36/3 10250/36/3 10254/36/3 10253/36/3
f 10252/36/4 10256/36/4 10255/36/4 10251/36/4
f 10249/36/5 10253/36/5 10256/36/5 10252/36/5
f 10250/36/6 10251/36/6 10255/36/6 10254/36/6
f 10257/36/1 10260/36/1 10259/36/1 10258/36/1
f 10261/36/2 10262/36/2 10263/36/2 10264/36/2
f 10257/36/3 10258/36/3 10262/36/3 10261/36/3
f 10260/36/4 10264/36/4 10263/36/4 10259/36/4
f 10257/36/5 10261/36/5 10264/36/5 10260/36/5
f 10258/36/6 10259/36/6 10263/36/6 10262/36/6
f 10265/36/1 10268/36/1 10267/36/1 10266/36/1
f 10269/36/2 10270/36/2 10271/36/2 10272/36/2
f 10265/36/3 10266/36/3 10270/36/3 10269/36/3
f 10268/36/4 10272/36/4 10271/36/4 10267/36/4
f 10265/36/5 10269/36/5 10272/36/5 10268/36/5
f 10266/36/6 10267/36/6 10271/36/6 10270/36/6
f 10273/36/1 10276/36/1 10275/36/1 10274/36/1
f 10277/36/2 10278/36/2 10279/36/2 10280/36/2
f 10273/36/3 10274/36/3 10278/36/3 10277/36/3
f 10276/36/4 10280/36/4 10279/36/4 10275/36/4
f 10273/36/5 10277/36/5 10280/36/5 10276/36/5
f 10274/36/6 10275/36/6 10279/36/6 10278/36/6
f 10281/36/1 10284/36/1 10283/36/1 10282/36/1
f 10285/36/2 10286/36/2 10287/36/2 10288/36/2
f 10281/36/3 10282/36/3 10286/36/3 10285/36/3
f 10284/36/4 10288/36/4 10287/36/4 10283/36/4
f 10281/36/5 10285/36/5 10288/36/5 10284/36/5
f 10282/36/6 10283/36/6 10287/36/6 10286/36/6
f 10289/36/1 10292/36/1 10291/36/1 10290/36/1
f 10293/36/2 10294/36/2 10295/36/2 10296/36/2
f 10289/36/3 10290/36/3 10294/36/3 10293/36/3
f 10292/36/4 10296/36/4 10295/36/4 10291/36/4
f 10289/36/5 10293/36/5 10296/36/5 10292/36/5
f 10290/36/6 10291/36/6 10295/36/6 10294/36/6
f 10297/36/1 10300/36/1 10299/36/1 10298/36/1
f 10301/36/2 10302/36/2 10303/36/2 10304/36/2
f 10297/36/3 10298/36/3 10302/36/3 10301/36/3
f 10300/36/4 10304/36/4 10303/36/4 10299/36/4
f 10297/36/5 10301/36/5 10304/36/5 10300/36/5
f 10298/36/6 10299/36/6 10303/36/6 10302/36/6
f 10305/36/1 10308/36/1 10307/36/1 10306/36/1
f 10309/36/2 10310/36/2 10311/36/2 10312/36/2
f 10305/36/3 10306/36/3 10310/36/3 10309/36/3
f 10308/36/4 10312/36/4 10311/36/4 10307/36/4
f 10305/36/5 10309/36/5 10312/36/5 10308/36/5
f 10306/36/6 10307/36/6 10311/36/6 10310/36/6
f 10313/36/1 10316/36/1 10315/36/1 10314/36/1
f 10317/36/2 10318/36/2 10319/36/2 10320/36/2
f 10313/36/3 10314/36/3 10318/36/3 10317/36/3
f 10316/36/4 10320/36/4 10319/36/4 10315/36/4
f 10313/36/5 10317/36/5 10320/36/5 10316/36/5
f 10314/36/6 10315/36/6 10319/36/6 10318/36/6
f 10321/36/1 10324/36/1 10323/36/1 10322/36/1
f 10325/36/2 10326/36/2 10327/36/2 10328/36/2
f 10321/36/3 10322/36/3 10326/36/3 10325/36/3
f 10324/36/4 10328/36/4 10327/36/4 10323/36/4
f 10321/36/5 10325/36/5 10328/36/5 10324/36/5
f 10322/36/6 10323/36/6 10327/36/6 10326/36/6
o SEAT_1
usemtl palette
f 10329/48/1 10332/48/1 10331/48/1 10330/48/1
f 10333/48/2 10334/48/2 10335/48/2 10336/48/2
f 10329/48/3 10330/48/3 10334/48/3 10333/48/3
f 10332/48/4 10336/48/4 10335/48/4 10331/48/4
f 10329/48/5 10333/48/5 10336/48/5 10332/48/5
f 10330/48/6 10331/48/6 10335/48/6 10334/48/6
o SHELL_seatback
usemtl palette
f 10337/48/1 10340/48/1 10339/48/1 10338/48/1
f 10341/48/2 10342/48/2 10343/48/2 10344/48/2
f 10337/48/3 10338/48/3 10342/48/3 10341/48/3
f 10340/48/4 10344/48/4 10343/48/4 10339/48/4
f 10337/48/5 10341/48/5 10344/48/5 10340/48/5
f 10338/48/6 10339/48/6 10343/48/6 10342/48/6
f 10345/8/1 10348/8/1 10347/8/1 10346/8/1
f 10349/8/2 10350/8/2 10351/8/2 10352/8/2
f 10345/8/3 10346/8/3 10350/8/3 10349/8/3
f 10348/8/4 10352/8/4 10351/8/4 10347/8/4
f 10345/8/5 10349/8/5 10352/8/5 10348/8/5
f 10346/8/6 10347/8/6 10351/8/6 10350/8/6
f 10353/7/1 10356/7/1 10355/7/1 10354/7/1
f 10357/7/2 10358/7/2 10359/7/2 10360/7/2
f 10353/7/3 10354/7/3 10358/7/3 10357/7/3
f 10356/7/4 10360/7/4 10359/7/4 10355/7/4
f 10353/7/5 10357/7/5 10360/7/5 10356/7/5
f 10354/7/6 10355/7/6 10359/7/6 10358/7/6
f 10361/48/1 10364/48/1 10363/48/1 10362/48/1
f 10365/48/2 10366/48/2 10367/48/2 10368/48/2
f 10361/48/3 10362/48/3 10366/48/3 10365/48/3
f 10364/48/4 10368/48/4 10367/48/4 10363/48/4
f 10361/48/5 10365/48/5 10368/48/5 10364/48/5
f 10362/48/6 10363/48/6 10367/48/6 10366/48/6
f 10369/8/1 10372/8/1 10371/8/1 10370/8/1
f 10373/8/2 10374/8/2 10375/8/2 10376/8/2
f 10369/8/3 10370/8/3 10374/8/3 10373/8/3
f 10372/8/4 10376/8/4 10375/8/4 10371/8/4
f 10369/8/5 10373/8/5 10376/8/5 10372/8/5
f 10370/8/6 10371/8/6 10375/8/6 10374/8/6
f 10377/7/1 10380/7/1 10379/7/1 10378/7/1
f 10381/7/2 10382/7/2 10383/7/2 10384/7/2
f 10377/7/3 10378/7/3 10382/7/3 10381/7/3
f 10380/7/4 10384/7/4 10383/7/4 10379/7/4
f 10377/7/5 10381/7/5 10384/7/5 10380/7/5
f 10378/7/6 10379/7/6 10383/7/6 10382/7/6
f 10385/48/1 10388/48/1 10387/48/1 10386/48/1
f 10389/48/2 10390/48/2 10391/48/2 10392/48/2
f 10385/48/3 10386/48/3 10390/48/3 10389/48/3
f 10388/48/4 10392/48/4 10391/48/4 10387/48/4
f 10385/48/5 10389/48/5 10392/48/5 10388/48/5
f 10386/48/6 10387/48/6 10391/48/6 10390/48/6
f 10393/8/1 10396/8/1 10395/8/1 10394/8/1
f 10397/8/2 10398/8/2 10399/8/2 10400/8/2
f 10393/8/3 10394/8/3 10398/8/3 10397/8/3
f 10396/8/4 10400/8/4 10399/8/4 10395/8/4
f 10393/8/5 10397/8/5 10400/8/5 10396/8/5
f 10394/8/6 10395/8/6 10399/8/6 10398/8/6
f 10401/7/1 10404/7/1 10403/7/1 10402/7/1
f 10405/7/2 10406/7/2 10407/7/2 10408/7/2
f 10401/7/3 10402/7/3 10406/7/3 10405/7/3
f 10404/7/4 10408/7/4 10407/7/4 10403/7/4
f 10401/7/5 10405/7/5 10408/7/5 10404/7/5
f 10402/7/6 10403/7/6 10407/7/6 10406/7/6
f 10409/48/1 10412/48/1 10411/48/1 10410/48/1
f 10413/48/2 10414/48/2 10415/48/2 10416/48/2
f 10409/48/3 10410/48/3 10414/48/3 10413/48/3
f 10412/48/4 10416/48/4 10415/48/4 10411/48/4
f 10409/48/5 10413/48/5 10416/48/5 10412/48/5
f 10410/48/6 10411/48/6 10415/48/6 10414/48/6
f 10417/8/1 10420/8/1 10419/8/1 10418/8/1
f 10421/8/2 10422/8/2 10423/8/2 10424/8/2
f 10417/8/3 10418/8/3 10422/8/3 10421/8/3
f 10420/8/4 10424/8/4 10423/8/4 10419/8/4
f 10417/8/5 10421/8/5 10424/8/5 10420/8/5
f 10418/8/6 10419/8/6 10423/8/6 10422/8/6
f 10425/7/1 10428/7/1 10427/7/1 10426/7/1
f 10429/7/2 10430/7/2 10431/7/2 10432/7/2
f 10425/7/3 10426/7/3 10430/7/3 10429/7/3
f 10428/7/4 10432/7/4 10431/7/4 10427/7/4
f 10425/7/5 10429/7/5 10432/7/5 10428/7/5
f 10426/7/6 10427/7/6 10431/7/6 10430/7/6
f 10433/48/1 10436/48/1 10435/48/1 10434/48/1
f 10437/48/2 10438/48/2 10439/48/2 10440/48/2
f 10433/48/3 10434/48/3 10438/48/3 10437/48/3
f 10436/48/4 10440/48/4 10439/48/4 10435/48/4
f 10433/48/5 10437/48/5 10440/48/5 10436/48/5
f 10434/48/6 10435/48/6 10439/48/6 10438/48/6
f 10441/8/1 10444/8/1 10443/8/1 10442/8/1
f 10445/8/2 10446/8/2 10447/8/2 10448/8/2
f 10441/8/3 10442/8/3 10446/8/3 10445/8/3
f 10444/8/4 10448/8/4 10447/8/4 10443/8/4
f 10441/8/5 10445/8/5 10448/8/5 10444/8/5
f 10442/8/6 10443/8/6 10447/8/6 10446/8/6
f 10449/7/1 10452/7/1 10451/7/1 10450/7/1
f 10453/7/2 10454/7/2 10455/7/2 10456/7/2
f 10449/7/3 10450/7/3 10454/7/3 10453/7/3
f 10452/7/4 10456/7/4 10455/7/4 10451/7/4
f 10449/7/5 10453/7/5 10456/7/5 10452/7/5
f 10450/7/6 10451/7/6 10455/7/6 10454/7/6
f 10457/48/1 10460/48/1 10459/48/1 10458/48/1
f 10461/48/2 10462/48/2 10463/48/2 10464/48/2
f 10457/48/3 10458/48/3 10462/48/3 10461/48/3
f 10460/48/4 10464/48/4 10463/48/4 10459/48/4
f 10457/48/5 10461/48/5 10464/48/5 10460/48/5
f 10458/48/6 10459/48/6 10463/48/6 10462/48/6
f 10465/8/1 10468/8/1 10467/8/1 10466/8/1
f 10469/8/2 10470/8/2 10471/8/2 10472/8/2
f 10465/8/3 10466/8/3 10470/8/3 10469/8/3
f 10468/8/4 10472/8/4 10471/8/4 10467/8/4
f 10465/8/5 10469/8/5 10472/8/5 10468/8/5
f 10466/8/6 10467/8/6 10471/8/6 10470/8/6
f 10473/7/1 10476/7/1 10475/7/1 10474/7/1
f 10477/7/2 10478/7/2 10479/7/2 10480/7/2
f 10473/7/3 10474/7/3 10478/7/3 10477/7/3
f 10476/7/4 10480/7/4 10479/7/4 10475/7/4
f 10473/7/5 10477/7/5 10480/7/5 10476/7/5
f 10474/7/6 10475/7/6 10479/7/6 10478/7/6
f 10481/48/1 10484/48/1 10483/48/1 10482/48/1
f 10485/48/2 10486/48/2 10487/48/2 10488/48/2
f 10481/48/3 10482/48/3 10486/48/3 10485/48/3
f 10484/48/4 10488/48/4 10487/48/4 10483/48/4
f 10481/48/5 10485/48/5 10488/48/5 10484/48/5
f 10482/48/6 10483/48/6 10487/48/6 10486/48/6
f 10489/8/1 10492/8/1 10491/8/1 10490/8/1
f 10493/8/2 10494/8/2 10495/8/2 10496/8/2
f 10489/8/3 10490/8/3 10494/8/3 10493/8/3
f 10492/8/4 10496/8/4 10495/8/4 10491/8/4
f 10489/8/5 10493/8/5 10496/8/5 10492/8/5
f 10490/8/6 10491/8/6 10495/8/6 10494/8/6
f 10497/7/1 10500/7/1 10499/7/1 10498/7/1
f 10501/7/2 10502/7/2 10503/7/2 10504/7/2
f 10497/7/3 10498/7/3 10502/7/3 10501/7/3
f 10500/7/4 10504/7/4 10503/7/4 10499/7/4
f 10497/7/5 10501/7/5 10504/7/5 10500/7/5
f 10498/7/6 10499/7/6 10503/7/6 10502/7/6
f 10505/48/1 10508/48/1 10507/48/1 10506/48/1
f 10509/48/2 10510/48/2 10511/48/2 10512/48/2
f 10505/48/3 10506/48/3 10510/48/3 10509/48/3
f 10508/48/4 10512/48/4 10511/48/4 10507/48/4
f 10505/48/5 10509/48/5 10512/48/5 10508/48/5
f 10506/48/6 10507/48/6 10511/48/6 10510/48/6
f 10513/8/1 10516/8/1 10515/8/1 10514/8/1
f 10517/8/2 10518/8/2 10519/8/2 10520/8/2
f 10513/8/3 10514/8/3 10518/8/3 10517/8/3
f 10516/8/4 10520/8/4 10519/8/4 10515/8/4
f 10513/8/5 10517/8/5 10520/8/5 10516/8/5
f 10514/8/6 10515/8/6 10519/8/6 10518/8/6
f 10521/7/1 10524/7/1 10523/7/1 10522/7/1
f 10525/7/2 10526/7/2 10527/7/2 10528/7/2
f 10521/7/3 10522/7/3 10526/7/3 10525/7/3
f 10524/7/4 10528/7/4 10527/7/4 10523/7/4
f 10521/7/5 10525/7/5 10528/7/5 10524/7/5
f 10522/7/6 10523/7/6 10527/7/6 10526/7/6
f 10529/48/1 10532/48/1 10531/48/1 10530/48/1
f 10533/48/2 10534/48/2 10535/48/2 10536/48/2
f 10529/48/3 10530/48/3 10534/48/3 10533/48/3
f 10532/48/4 10536/48/4 10535/48/4 10531/48/4
f 10529/48/5 10533/48/5 10536/48/5 10532/48/5
f 10530/48/6 10531/48/6 10535/48/6 10534/48/6
f 10537/8/1 10540/8/1 10539/8/1 10538/8/1
f 10541/8/2 10542/8/2 10543/8/2 10544/8/2
f 10537/8/3 10538/8/3 10542/8/3 10541/8/3
f 10540/8/4 10544/8/4 10543/8/4 10539/8/4
f 10537/8/5 10541/8/5 10544/8/5 10540/8/5
f 10538/8/6 10539/8/6 10543/8/6 10542/8/6
f 10545/7/1 10548/7/1 10547/7/1 10546/7/1
f 10549/7/2 10550/7/2 10551/7/2 10552/7/2
f 10545/7/3 10546/7/3 10550/7/3 10549/7/3
f 10548/7/4 10552/7/4 10551/7/4 10547/7/4
f 10545/7/5 10549/7/5 10552/7/5 10548/7/5
f 10546/7/6 10547/7/6 10551/7/6 10550/7/6
f 10553/48/1 10556/48/1 10555/48/1 10554/48/1
f 10557/48/2 10558/48/2 10559/48/2 10560/48/2
f 10553/48/3 10554/48/3 10558/48/3 10557/48/3
f 10556/48/4 10560/48/4 10559/48/4 10555/48/4
f 10553/48/5 10557/48/5 10560/48/5 10556/48/5
f 10554/48/6 10555/48/6 10559/48/6 10558/48/6
f 10561/8/1 10564/8/1 10563/8/1 10562/8/1
f 10565/8/2 10566/8/2 10567/8/2 10568/8/2
f 10561/8/3 10562/8/3 10566/8/3 10565/8/3
f 10564/8/4 10568/8/4 10567/8/4 10563/8/4
f 10561/8/5 10565/8/5 10568/8/5 10564/8/5
f 10562/8/6 10563/8/6 10567/8/6 10566/8/6
f 10569/7/1 10572/7/1 10571/7/1 10570/7/1
f 10573/7/2 10574/7/2 10575/7/2 10576/7/2
f 10569/7/3 10570/7/3 10574/7/3 10573/7/3
f 10572/7/4 10576/7/4 10575/7/4 10571/7/4
f 10569/7/5 10573/7/5 10576/7/5 10572/7/5
f 10570/7/6 10571/7/6 10575/7/6 10574/7/6
f 10577/48/1 10580/48/1 10579/48/1 10578/48/1
f 10581/48/2 10582/48/2 10583/48/2 10584/48/2
f 10577/48/3 10578/48/3 10582/48/3 10581/48/3
f 10580/48/4 10584/48/4 10583/48/4 10579/48/4
f 10577/48/5 10581/48/5 10584/48/5 10580/48/5
f 10578/48/6 10579/48/6 10583/48/6 10582/48/6
f 10585/8/1 10588/8/1 10587/8/1 10586/8/1
f 10589/8/2 10590/8/2 10591/8/2 10592/8/2
f 10585/8/3 10586/8/3 10590/8/3 10589/8/3
f 10588/8/4 10592/8/4 10591/8/4 10587/8/4
f 10585/8/5 10589/8/5 10592/8/5 10588/8/5
f 10586/8/6 10587/8/6 10591/8/6 10590/8/6
f 10593/7/1 10596/7/1 10595/7/1 10594/7/1
f 10597/7/2 10598/7/2 10599/7/2 10600/7/2
f 10593/7/3 10594/7/3 10598/7/3 10597/7/3
f 10596/7/4 10600/7/4 10599/7/4 10595/7/4
f 10593/7/5 10597/7/5 10600/7/5 10596/7/5
f 10594/7/6 10595/7/6 10599/7/6 10598/7/6
f 10601/48/1 10604/48/1 10603/48/1 10602/48/1
f 10605/48/2 10606/48/2 10607/48/2 10608/48/2
f 10601/48/3 10602/48/3 10606/48/3 10605/48/3
f 10604/48/4 10608/48/4 10607/48/4 10603/48/4
f 10601/48/5 10605/48/5 10608/48/5 10604/48/5
f 10602/48/6 10603/48/6 10607/48/6 10606/48/6
f 10609/8/1 10612/8/1 10611/8/1 10610/8/1
f 10613/8/2 10614/8/2 10615/8/2 10616/8/2
f 10609/8/3 10610/8/3 10614/8/3 10613/8/3
f 10612/8/4 10616/8/4 10615/8/4 10611/8/4
f 10609/8/5 10613/8/5 10616/8/5 10612/8/5
f 10610/8/6 10611/8/6 10615/8/6 10614/8/6
f 10617/7/1 10620/7/1 10619/7/1 10618/7/1
f 10621/7/2 10622/7/2 10623/7/2 10624/7/2
f 10617/7/3 10618/7/3 10622/7/3 10621/7/3
f 10620/7/4 10624/7/4 10623/7/4 10619/7/4
f 10617/7/5 10621/7/5 10624/7/5 10620/7/5
f 10618/7/6 10619/7/6 10623/7/6 10622/7/6
f 10625/48/1 10628/48/1 10627/48/1 10626/48/1
f 10629/48/2 10630/48/2 10631/48/2 10632/48/2
f 10625/48/3 10626/48/3 10630/48/3 10629/48/3
f 10628/48/4 10632/48/4 10631/48/4 10627/48/4
f 10625/48/5 10629/48/5 10632/48/5 10628/48/5
f 10626/48/6 10627/48/6 10631/48/6 10630/48/6
f 10633/8/1 10636/8/1 10635/8/1 10634/8/1
f 10637/8/2 10638/8/2 10639/8/2 10640/8/2
f 10633/8/3 10634/8/3 10638/8/3 10637/8/3
f 10636/8/4 10640/8/4 10639/8/4 10635/8/4
f 10633/8/5 10637/8/5 10640/8/5 10636/8/5
f 10634/8/6 10635/8/6 10639/8/6 10638/8/6
f 10641/7/1 10644/7/1 10643/7/1 10642/7/1
f 10645/7/2 10646/7/2 10647/7/2 10648/7/2
f 10641/7/3 10642/7/3 10646/7/3 10645/7/3
f 10644/7/4 10648/7/4 10647/7/4 10643/7/4
f 10641/7/5 10645/7/5 10648/7/5 10644/7/5
f 10642/7/6 10643/7/6 10647/7/6 10646/7/6
f 10649/48/1 10652/48/1 10651/48/1 10650/48/1
f 10653/48/2 10654/48/2 10655/48/2 10656/48/2
f 10649/48/3 10650/48/3 10654/48/3 10653/48/3
f 10652/48/4 10656/48/4 10655/48/4 10651/48/4
f 10649/48/5 10653/48/5 10656/48/5 10652/48/5
f 10650/48/6 10651/48/6 10655/48/6 10654/48/6
f 10657/8/1 10660/8/1 10659/8/1 10658/8/1
f 10661/8/2 10662/8/2 10663/8/2 10664/8/2
f 10657/8/3 10658/8/3 10662/8/3 10661/8/3
f 10660/8/4 10664/8/4 10663/8/4 10659/8/4
f 10657/8/5 10661/8/5 10664/8/5 10660/8/5
f 10658/8/6 10659/8/6 10663/8/6 10662/8/6
f 10665/7/1 10668/7/1 10667/7/1 10666/7/1
f 10669/7/2 10670/7/2 10671/7/2 10672/7/2
f 10665/7/3 10666/7/3 10670/7/3 10669/7/3
f 10668/7/4 10672/7/4 10671/7/4 10667/7/4
f 10665/7/5 10669/7/5 10672/7/5 10668/7/5
f 10666/7/6 10667/7/6 10671/7/6 10670/7/6
f 10673/48/1 10676/48/1 10675/48/1 10674/48/1
f 10677/48/2 10678/48/2 10679/48/2 10680/48/2
f 10673/48/3 10674/48/3 10678/48/3 10677/48/3
f 10676/48/4 10680/48/4 10679/48/4 10675/48/4
f 10673/48/5 10677/48/5 10680/48/5 10676/48/5
f 10674/48/6 10675/48/6 10679/48/6 10678/48/6
f 10681/8/1 10684/8/1 10683/8/1 10682/8/1
f 10685/8/2 10686/8/2 10687/8/2 10688/8/2
f 10681/8/3 10682/8/3 10686/8/3 10685/8/3
f 10684/8/4 10688/8/4 10687/8/4 10683/8/4
f 10681/8/5 10685/8/5 10688/8/5 10684/8/5
f 10682/8/6 10683/8/6 10687/8/6 10686/8/6
f 10689/7/1 10692/7/1 10691/7/1 10690/7/1
f 10693/7/2 10694/7/2 10695/7/2 10696/7/2
f 10689/7/3 10690/7/3 10694/7/3 10693/7/3
f 10692/7/4 10696/7/4 10695/7/4 10691/7/4
f 10689/7/5 10693/7/5 10696/7/5 10692/7/5
f 10690/7/6 10691/7/6 10695/7/6 10694/7/6
f 10697/48/1 10700/48/1 10699/48/1 10698/48/1
f 10701/48/2 10702/48/2 10703/48/2 10704/48/2
f 10697/48/3 10698/48/3 10702/48/3 10701/48/3
f 10700/48/4 10704/48/4 10703/48/4 10699/48/4
f 10697/48/5 10701/48/5 10704/48/5 10700/48/5
f 10698/48/6 10699/48/6 10703/48/6 10702/48/6
f 10705/8/1 10708/8/1 10707/8/1 10706/8/1
f 10709/8/2 10710/8/2 10711/8/2 10712/8/2
f 10705/8/3 10706/8/3 10710/8/3 10709/8/3
f 10708/8/4 10712/8/4 10711/8/4 10707/8/4
f 10705/8/5 10709/8/5 10712/8/5 10708/8/5
f 10706/8/6 10707/8/6 10711/8/6 10710/8/6
f 10713/7/1 10716/7/1 10715/7/1 10714/7/1
f 10717/7/2 10718/7/2 10719/7/2 10720/7/2
f 10713/7/3 10714/7/3 10718/7/3 10717/7/3
f 10716/7/4 10720/7/4 10719/7/4 10715/7/4
f 10713/7/5 10717/7/5 10720/7/5 10716/7/5
f 10714/7/6 10715/7/6 10719/7/6 10718/7/6
f 10721/48/1 10724/48/1 10723/48/1 10722/48/1
f 10725/48/2 10726/48/2 10727/48/2 10728/48/2
f 10721/48/3 10722/48/3 10726/48/3 10725/48/3
f 10724/48/4 10728/48/4 10727/48/4 10723/48/4
f 10721/48/5 10725/48/5 10728/48/5 10724/48/5
f 10722/48/6 10723/48/6 10727/48/6 10726/48/6
f 10729/8/1 10732/8/1 10731/8/1 10730/8/1
f 10733/8/2 10734/8/2 10735/8/2 10736/8/2
f 10729/8/3 10730/8/3 10734/8/3 10733/8/3
f 10732/8/4 10736/8/4 10735/8/4 10731/8/4
f 10729/8/5 10733/8/5 10736/8/5 10732/8/5
f 10730/8/6 10731/8/6 10735/8/6 10734/8/6
f 10737/7/1 10740/7/1 10739/7/1 10738/7/1
f 10741/7/2 10742/7/2 10743/7/2 10744/7/2
f 10737/7/3 10738/7/3 10742/7/3 10741/7/3
f 10740/7/4 10744/7/4 10743/7/4 10739/7/4
f 10737/7/5 10741/7/5 10744/7/5 10740/7/5
f 10738/7/6 10739/7/6 10743/7/6 10742/7/6
f 10745/48/1 10748/48/1 10747/48/1 10746/48/1
f 10749/48/2 10750/48/2 10751/48/2 10752/48/2
f 10745/48/3 10746/48/3 10750/48/3 10749/48/3
f 10748/48/4 10752/48/4 10751/48/4 10747/48/4
f 10745/48/5 10749/48/5 10752/48/5 10748/48/5
f 10746/48/6 10747/48/6 10751/48/6 10750/48/6
f 10753/8/1 10756/8/1 10755/8/1 10754/8/1
f 10757/8/2 10758/8/2 10759/8/2 10760/8/2
f 10753/8/3 10754/8/3 10758/8/3 10757/8/3
f 10756/8/4 10760/8/4 10759/8/4 10755/8/4
f 10753/8/5 10757/8/5 10760/8/5 10756/8/5
f 10754/8/6 10755/8/6 10759/8/6 10758/8/6
f 10761/7/1 10764/7/1 10763/7/1 10762/7/1
f 10765/7/2 10766/7/2 10767/7/2 10768/7/2
f 10761/7/3 10762/7/3 10766/7/3 10765/7/3
f 10764/7/4 10768/7/4 10767/7/4 10763/7/4
f 10761/7/5 10765/7/5 10768/7/5 10764/7/5
f 10762/7/6 10763/7/6 10767/7/6 10766/7/6
f 10769/48/1 10772/48/1 10771/48/1 10770/48/1
f 10773/48/2 10774/48/2 10775/48/2 10776/48/2
f 10769/48/3 10770/48/3 10774/48/3 10773/48/3
f 10772/48/4 10776/48/4 10775/48/4 10771/48/4
f 10769/48/5 10773/48/5 10776/48/5 10772/48/5
f 10770/48/6 10771/48/6 10775/48/6 10774/48/6
f 10777/8/1 10780/8/1 10779/8/1 10778/8/1
f 10781/8/2 10782/8/2 10783/8/2 10784/8/2
f 10777/8/3 10778/8/3 10782/8/3 10781/8/3
f 10780/8/4 10784/8/4 10783/8/4 10779/8/4
f 10777/8/5 10781/8/5 10784/8/5 10780/8/5
f 10778/8/6 10779/8/6 10783/8/6 10782/8/6
f 10785/7/1 10788/7/1 10787/7/1 10786/7/1
f 10789/7/2 10790/7/2 10791/7/2 10792/7/2
f 10785/7/3 10786/7/3 10790/7/3 10789/7/3
f 10788/7/4 10792/7/4 10791/7/4 10787/7/4
f 10785/7/5 10789/7/5 10792/7/5 10788/7/5
f 10786/7/6 10787/7/6 10791/7/6 10790/7/6
f 10793/48/1 10796/48/1 10795/48/1 10794/48/1
f 10797/48/2 10798/48/2 10799/48/2 10800/48/2
f 10793/48/3 10794/48/3 10798/48/3 10797/48/3
f 10796/48/4 10800/48/4 10799/48/4 10795/48/4
f 10793/48/5 10797/48/5 10800/48/5 10796/48/5
f 10794/48/6 10795/48/6 10799/48/6 10798/48/6
f 10801/8/1 10804/8/1 10803/8/1 10802/8/1
f 10805/8/2 10806/8/2 10807/8/2 10808/8/2
f 10801/8/3 10802/8/3 10806/8/3 10805/8/3
f 10804/8/4 10808/8/4 10807/8/4 10803/8/4
f 10801/8/5 10805/8/5 10808/8/5 10804/8/5
f 10802/8/6 10803/8/6 10807/8/6 10806/8/6
f 10809/7/1 10812/7/1 10811/7/1 10810/7/1
f 10813/7/2 10814/7/2 10815/7/2 10816/7/2
f 10809/7/3 10810/7/3 10814/7/3 10813/7/3
f 10812/7/4 10816/7/4 10815/7/4 10811/7/4
f 10809/7/5 10813/7/5 10816/7/5 10812/7/5
f 10810/7/6 10811/7/6 10815/7/6 10814/7/6
f 10817/48/1 10820/48/1 10819/48/1 10818/48/1
f 10821/48/2 10822/48/2 10823/48/2 10824/48/2
f 10817/48/3 10818/48/3 10822/48/3 10821/48/3
f 10820/48/4 10824/48/4 10823/48/4 10819/48/4
f 10817/48/5 10821/48/5 10824/48/5 10820/48/5
f 10818/48/6 10819/48/6 10823/48/6 10822/48/6
f 10825/8/1 10828/8/1 10827/8/1 10826/8/1
f 10829/8/2 10830/8/2 10831/8/2 10832/8/2
f 10825/8/3 10826/8/3 10830/8/3 10829/8/3
f 10828/8/4 10832/8/4 10831/8/4 10827/8/4
f 10825/8/5 10829/8/5 10832/8/5 10828/8/5
f 10826/8/6 10827/8/6 10831/8/6 10830/8/6
f 10833/7/1 10836/7/1 10835/7/1 10834/7/1
f 10837/7/2 10838/7/2 10839/7/2 10840/7/2
f 10833/7/3 10834/7/3 10838/7/3 10837/7/3
f 10836/7/4 10840/7/4 10839/7/4 10835/7/4
f 10833/7/5 10837/7/5 10840/7/5 10836/7/5
f 10834/7/6 10835/7/6 10839/7/6 10838/7/6
f 10841/48/1 10844/48/1 10843/48/1 10842/48/1
f 10845/48/2 10846/48/2 10847/48/2 10848/48/2
f 10841/48/3 10842/48/3 10846/48/3 10845/48/3
f 10844/48/4 10848/48/4 10847/48/4 10843/48/4
f 10841/48/5 10845/48/5 10848/48/5 10844/48/5
f 10842/48/6 10843/48/6 10847/48/6 10846/48/6
f 10849/8/1 10852/8/1 10851/8/1 10850/8/1
f 10853/8/2 10854/8/2 10855/8/2 10856/8/2
f 10849/8/3 10850/8/3 10854/8/3 10853/8/3
f 10852/8/4 10856/8/4 10855/8/4 10851/8/4
f 10849/8/5 10853/8/5 10856/8/5 10852/8/5
f 10850/8/6 10851/8/6 10855/8/6 10854/8/6
f 10857/7/1 10860/7/1 10859/7/1 10858/7/1
f 10861/7/2 10862/7/2 10863/7/2 10864/7/2
f 10857/7/3 10858/7/3 10862/7/3 10861/7/3
f 10860/7/4 10864/7/4 10863/7/4 10859/7/4
f 10857/7/5 10861/7/5 10864/7/5 10860/7/5
f 10858/7/6 10859/7/6 10863/7/6 10862/7/6
f 10865/48/1 10868/48/1 10867/48/1 10866/48/1
f 10869/48/2 10870/48/2 10871/48/2 10872/48/2
f 10865/48/3 10866/48/3 10870/48/3 10869/48/3
f 10868/48/4 10872/48/4 10871/48/4 10867/48/4
f 10865/48/5 10869/48/5 10872/48/5 10868/48/5
f 10866/48/6 10867/48/6 10871/48/6 10870/48/6
f 10873/8/1 10876/8/1 10875/8/1 10874/8/1
f 10877/8/2 10878/8/2 10879/8/2 10880/8/2
f 10873/8/3 10874/8/3 10878/8/3 10877/8/3
f 10876/8/4 10880/8/4 10879/8/4 10875/8/4
f 10873/8/5 10877/8/5 10880/8/5 10876/8/5
f 10874/8/6 10875/8/6 10879/8/6 10878/8/6
f 10881/7/1 10884/7/1 10883/7/1 10882/7/1
f 10885/7/2 10886/7/2 10887/7/2 10888/7/2
f 10881/7/3 10882/7/3 10886/7/3 10885/7/3
f 10884/7/4 10888/7/4 10887/7/4 10883/7/4
f 10881/7/5 10885/7/5 10888/7/5 10884/7/5
f 10882/7/6 10883/7/6 10887/7/6 10886/7/6
f 10889/48/1 10892/48/1 10891/48/1 10890/48/1
f 10893/48/2 10894/48/2 10895/48/2 10896/48/2
f 10889/48/3 10890/48/3 10894/48/3 10893/48/3
f 10892/48/4 10896/48/4 10895/48/4 10891/48/4
f 10889/48/5 10893/48/5 10896/48/5 10892/48/5
f 10890/48/6 10891/48/6 10895/48/6 10894/48/6
f 10897/8/1 10900/8/1 10899/8/1 10898/8/1
f 10901/8/2 10902/8/2 10903/8/2 10904/8/2
f 10897/8/3 10898/8/3 10902/8/3 10901/8/3
f 10900/8/4 10904/8/4 10903/8/4 10899/8/4
f 10897/8/5 10901/8/5 10904/8/5 10900/8/5
f 10898/8/6 10899/8/6 10903/8/6 10902/8/6
f 10905/7/1 10908/7/1 10907/7/1 10906/7/1
f 10909/7/2 10910/7/2 10911/7/2 10912/7/2
f 10905/7/3 10906/7/3 10910/7/3 10909/7/3
f 10908/7/4 10912/7/4 10911/7/4 10907/7/4
f 10905/7/5 10909/7/5 10912/7/5 10908/7/5
f 10906/7/6 10907/7/6 10911/7/6 10910/7/6
f 10913/48/1 10916/48/1 10915/48/1 10914/48/1
f 10917/48/2 10918/48/2 10919/48/2 10920/48/2
f 10913/48/3 10914/48/3 10918/48/3 10917/48/3
f 10916/48/4 10920/48/4 10919/48/4 10915/48/4
f 10913/48/5 10917/48/5 10920/48/5 10916/48/5
f 10914/48/6 10915/48/6 10919/48/6 10918/48/6
f 10921/8/1 10924/8/1 10923/8/1 10922/8/1
f 10925/8/2 10926/8/2 10927/8/2 10928/8/2
f 10921/8/3 10922/8/3 10926/8/3 10925/8/3
f 10924/8/4 10928/8/4 10927/8/4 10923/8/4
f 10921/8/5 10925/8/5 10928/8/5 10924/8/5
f 10922/8/6 10923/8/6 10927/8/6 10926/8/6
f 10929/7/1 10932/7/1 10931/7/1 10930/7/1
f 10933/7/2 10934/7/2 10935/7/2 10936/7/2
f 10929/7/3 10930/7/3 10934/7/3 10933/7/3
f 10932/7/4 10936/7/4 10935/7/4 10931/7/4
f 10929/7/5 10933/7/5 10936/7/5 10932/7/5
f 10930/7/6 10931/7/6 10935/7/6 10934/7/6
f 10937/48/1 10940/48/1 10939/48/1 10938/48/1
f 10941/48/2 10942/48/2 10943/48/2 10944/48/2
f 10937/48/3 10938/48/3 10942/48/3 10941/48/3
f 10940/48/4 10944/48/4 10943/48/4 10939/48/4
f 10937/48/5 10941/48/5 10944/48/5 10940/48/5
f 10938/48/6 10939/48/6 10943/48/6 10942/48/6
f 10945/8/1 10948/8/1 10947/8/1 10946/8/1
f 10949/8/2 10950/8/2 10951/8/2 10952/8/2
f 10945/8/3 10946/8/3 10950/8/3 10949/8/3
f 10948/8/4 10952/8/4 10951/8/4 10947/8/4
f 10945/8/5 10949/8/5 10952/8/5 10948/8/5
f 10946/8/6 10947/8/6 10951/8/6 10950/8/6
f 10953/7/1 10956/7/1 10955/7/1 10954/7/1
f 10957/7/2 10958/7/2 10959/7/2 10960/7/2
f 10953/7/3 10954/7/3 10958/7/3 10957/7/3
f 10956/7/4 10960/7/4 10959/7/4 10955/7/4
f 10953/7/5 10957/7/5 10960/7/5 10956/7/5
f 10954/7/6 10955/7/6 10959/7/6 10958/7/6
f 10961/48/1 10964/48/1 10963/48/1 10962/48/1
f 10965/48/2 10966/48/2 10967/48/2 10968/48/2
f 10961/48/3 10962/48/3 10966/48/3 10965/48/3
f 10964/48/4 10968/48/4 10967/48/4 10963/48/4
f 10961/48/5 10965/48/5 10968/48/5 10964/48/5
f 10962/48/6 10963/48/6 10967/48/6 10966/48/6
f 10969/8/1 10972/8/1 10971/8/1 10970/8/1
f 10973/8/2 10974/8/2 10975/8/2 10976/8/2
f 10969/8/3 10970/8/3 10974/8/3 10973/8/3
f 10972/8/4 10976/8/4 10975/8/4 10971/8/4
f 10969/8/5 10973/8/5 10976/8/5 10972/8/5
f 10970/8/6 10971/8/6 10975/8/6 10974/8/6
f 10977/7/1 10980/7/1 10979/7/1 10978/7/1
f 10981/7/2 10982/7/2 10983/7/2 10984/7/2
f 10977/7/3 10978/7/3 10982/7/3 10981/7/3
f 10980/7/4 10984/7/4 10983/7/4 10979/7/4
f 10977/7/5 10981/7/5 10984/7/5 10980/7/5
f 10978/7/6 10979/7/6 10983/7/6 10982/7/6
f 10985/48/1 10988/48/1 10987/48/1 10986/48/1
f 10989/48/2 10990/48/2 10991/48/2 10992/48/2
f 10985/48/3 10986/48/3 10990/48/3 10989/48/3
f 10988/48/4 10992/48/4 10991/48/4 10987/48/4
f 10985/48/5 10989/48/5 10992/48/5 10988/48/5
f 10986/48/6 10987/48/6 10991/48/6 10990/48/6
f 10993/8/1 10996/8/1 10995/8/1 10994/8/1
f 10997/8/2 10998/8/2 10999/8/2 11000/8/2
f 10993/8/3 10994/8/3 10998/8/3 10997/8/3
f 10996/8/4 11000/8/4 10999/8/4 10995/8/4
f 10993/8/5 10997/8/5 11000/8/5 10996/8/5
f 10994/8/6 10995/8/6 10999/8/6 10998/8/6
f 11001/7/1 11004/7/1 11003/7/1 11002/7/1
f 11005/7/2 11006/7/2 11007/7/2 11008/7/2
f 11001/7/3 11002/7/3 11006/7/3 11005/7/3
f 11004/7/4 11008/7/4 11007/7/4 11003/7/4
f 11001/7/5 11005/7/5 11008/7/5 11004/7/5
f 11002/7/6 11003/7/6 11007/7/6 11006/7/6
f 11009/48/1 11012/48/1 11011/48/1 11010/48/1
f 11013/48/2 11014/48/2 11015/48/2 11016/48/2
f 11009/48/3 11010/48/3 11014/48/3 11013/48/3
f 11012/48/4 11016/48/4 11015/48/4 11011/48/4
f 11009/48/5 11013/48/5 11016/48/5 11012/48/5
f 11010/48/6 11011/48/6 11015/48/6 11014/48/6
f 11017/8/1 11020/8/1 11019/8/1 11018/8/1
f 11021/8/2 11022/8/2 11023/8/2 11024/8/2
f 11017/8/3 11018/8/3 11022/8/3 11021/8/3
f 11020/8/4 11024/8/4 11023/8/4 11019/8/4
f 11017/8/5 11021/8/5 11024/8/5 11020/8/5
f 11018/8/6 11019/8/6 11023/8/6 11022/8/6
f 11025/7/1 11028/7/1 11027/7/1 11026/7/1
f 11029/7/2 11030/7/2 11031/7/2 11032/7/2
f 11025/7/3 11026/7/3 11030/7/3 11029/7/3
f 11028/7/4 11032/7/4 11031/7/4 11027/7/4
f 11025/7/5 11029/7/5 11032/7/5 11028/7/5
f 11026/7/6 11027/7/6 11031/7/6 11030/7/6
f 11033/48/1 11036/48/1 11035/48/1 11034/48/1
f 11037/48/2 11038/48/2 11039/48/2 11040/48/2
f 11033/48/3 11034/48/3 11038/48/3 11037/48/3
f 11036/48/4 11040/48/4 11039/48/4 11035/48/4
f 11033/48/5 11037/48/5 11040/48/5 11036/48/5
f 11034/48/6 11035/48/6 11039/48/6 11038/48/6
f 11041/8/1 11044/8/1 11043/8/1 11042/8/1
f 11045/8/2 11046/8/2 11047/8/2 11048/8/2
f 11041/8/3 11042/8/3 11046/8/3 11045/8/3
f 11044/8/4 11048/8/4 11047/8/4 11043/8/4
f 11041/8/5 11045/8/5 11048/8/5 11044/8/5
f 11042/8/6 11043/8/6 11047/8/6 11046/8/6
f 11049/7/1 11052/7/1 11051/7/1 11050/7/1
f 11053/7/2 11054/7/2 11055/7/2 11056/7/2
f 11049/7/3 11050/7/3 11054/7/3 11053/7/3
f 11052/7/4 11056/7/4 11055/7/4 11051/7/4
f 11049/7/5 11053/7/5 11056/7/5 11052/7/5
f 11050/7/6 11051/7/6 11055/7/6 11054/7/6
f 11057/48/1 11060/48/1 11059/48/1 11058/48/1
f 11061/48/2 11062/48/2 11063/48/2 11064/48/2
f 11057/48/3 11058/48/3 11062/48/3 11061/48/3
f 11060/48/4 11064/48/4 11063/48/4 11059/48/4
f 11057/48/5 11061/48/5 11064/48/5 11060/48/5
f 11058/48/6 11059/48/6 11063/48/6 11062/48/6
f 11065/8/1 11068/8/1 11067/8/1 11066/8/1
f 11069/8/2 11070/8/2 11071/8/2 11072/8/2
f 11065/8/3 11066/8/3 11070/8/3 11069/8/3
f 11068/8/4 11072/8/4 11071/8/4 11067/8/4
f 11065/8/5 11069/8/5 11072/8/5 11068/8/5
f 11066/8/6 11067/8/6 11071/8/6 11070/8/6
f 11073/7/1 11076/7/1 11075/7/1 11074/7/1
f 11077/7/2 11078/7/2 11079/7/2 11080/7/2
f 11073/7/3 11074/7/3 11078/7/3 11077/7/3
f 11076/7/4 11080/7/4 11079/7/4 11075/7/4
f 11073/7/5 11077/7/5 11080/7/5 11076/7/5
f 11074/7/6 11075/7/6 11079/7/6 11078/7/6
f 11081/48/1 11084/48/1 11083/48/1 11082/48/1
f 11085/48/2 11086/48/2 11087/48/2 11088/48/2
f 11081/48/3 11082/48/3 11086/48/3 11085/48/3
f 11084/48/4 11088/48/4 11087/48/4 11083/48/4
f 11081/48/5 11085/48/5 11088/48/5 11084/48/5
f 11082/48/6 11083/48/6 11087/48/6 11086/48/6
f 11089/8/1 11092/8/1 11091/8/1 11090/8/1
f 11093/8/2 11094/8/2 11095/8/2 11096/8/2
f 11089/8/3 11090/8/3 11094/8/3 11093/8/3
f 11092/8/4 11096/8/4 11095/8/4 11091/8/4
f 11089/8/5 11093/8/5 11096/8/5 11092/8/5
f 11090/8/6 11091/8/6 11095/8/6 11094/8/6
f 11097/7/1 11100/7/1 11099/7/1 11098/7/1
f 11101/7/2 11102/7/2 11103/7/2 11104/7/2
f 11097/7/3 11098/7/3 11102/7/3 11101/7/3
f 11100/7/4 11104/7/4 11103/7/4 11099/7/4
f 11097/7/5 11101/7/5 11104/7/5 11100/7/5
f 11098/7/6 11099/7/6 11103/7/6 11102/7/6
f 11105/48/1 11108/48/1 11107/48/1 11106/48/1
f 11109/48/2 11110/48/2 11111/48/2 11112/48/2
f 11105/48/3 11106/48/3 11110/48/3 11109/48/3
f 11108/48/4 11112/48/4 11111/48/4 11107/48/4
f 11105/48/5 11109/48/5 11112/48/5 11108/48/5
f 11106/48/6 11107/48/6 11111/48/6 11110/48/6
f 11113/8/1 11116/8/1 11115/8/1 11114/8/1
f 11117/8/2 11118/8/2 11119/8/2 11120/8/2
f 11113/8/3 11114/8/3 11118/8/3 11117/8/3
f 11116/8/4 11120/8/4 11119/8/4 11115/8/4
f 11113/8/5 11117/8/5 11120/8/5 11116/8/5
f 11114/8/6 11115/8/6 11119/8/6 11118/8/6
f 11121/7/1 11124/7/1 11123/7/1 11122/7/1
f 11125/7/2 11126/7/2 11127/7/2 11128/7/2
f 11121/7/3 11122/7/3 11126/7/3 11125/7/3
f 11124/7/4 11128/7/4 11127/7/4 11123/7/4
f 11121/7/5 11125/7/5 11128/7/5 11124/7/5
f 11122/7/6 11123/7/6 11127/7/6 11126/7/6
f 11129/48/1 11132/48/1 11131/48/1 11130/48/1
f 11133/48/2 11134/48/2 11135/48/2 11136/48/2
f 11129/48/3 11130/48/3 11134/48/3 11133/48/3
f 11132/48/4 11136/48/4 11135/48/4 11131/48/4
f 11129/48/5 11133/48/5 11136/48/5 11132/48/5
f 11130/48/6 11131/48/6 11135/48/6 11134/48/6
f 11137/8/1 11140/8/1 11139/8/1 11138/8/1
f 11141/8/2 11142/8/2 11143/8/2 11144/8/2
f 11137/8/3 11138/8/3 11142/8/3 11141/8/3
f 11140/8/4 11144/8/4 11143/8/4 11139/8/4
f 11137/8/5 11141/8/5 11144/8/5 11140/8/5
f 11138/8/6 11139/8/6 11143/8/6 11142/8/6
f 11145/7/1 11148/7/1 11147/7/1 11146/7/1
f 11149/7/2 11150/7/2 11151/7/2 11152/7/2
f 11145/7/3 11146/7/3 11150/7/3 11149/7/3
f 11148/7/4 11152/7/4 11151/7/4 11147/7/4
f 11145/7/5 11149/7/5 11152/7/5 11148/7/5
f 11146/7/6 11147/7/6 11151/7/6 11150/7/6
f 11153/48/1 11156/48/1 11155/48/1 11154/48/1
f 11157/48/2 11158/48/2 11159/48/2 11160/48/2
f 11153/48/3 11154/48/3 11158/48/3 11157/48/3
f 11156/48/4 11160/48/4 11159/48/4 11155/48/4
f 11153/48/5 11157/48/5 11160/48/5 11156/48/5
f 11154/48/6 11155/48/6 11159/48/6 11158/48/6
f 11161/8/1 11164/8/1 11163/8/1 11162/8/1
f 11165/8/2 11166/8/2 11167/8/2 11168/8/2
f 11161/8/3 11162/8/3 11166/8/3 11165/8/3
f 11164/8/4 11168/8/4 11167/8/4 11163/8/4
f 11161/8/5 11165/8/5 11168/8/5 11164/8/5
f 11162/8/6 11163/8/6 11167/8/6 11166/8/6
f 11169/7/1 11172/7/1 11171/7/1 11170/7/1
f 11173/7/2 11174/7/2 11175/7/2 11176/7/2
f 11169/7/3 11170/7/3 11174/7/3 11173/7/3
f 11172/7/4 11176/7/4 11175/7/4 11171/7/4
f 11169/7/5 11173/7/5 11176/7/5 11172/7/5
f 11170/7/6 11171/7/6 11175/7/6 11174/7/6
f 11177/48/1 11180/48/1 11179/48/1 11178/48/1
f 11181/48/2 11182/48/2 11183/48/2 11184/48/2
f 11177/48/3 11178/48/3 11182/48/3 11181/48/3
f 11180/48/4 11184/48/4 11183/48/4 11179/48/4
f 11177/48/5 11181/48/5 11184/48/5 11180/48/5
f 11178/48/6 11179/48/6 11183/48/6 11182/48/6
f 11185/8/1 11188/8/1 11187/8/1 11186/8/1
f 11189/8/2 11190/8/2 11191/8/2 11192/8/2
f 11185/8/3 11186/8/3 11190/8/3 11189/8/3
f 11188/8/4 11192/8/4 11191/8/4 11187/8/4
f 11185/8/5 11189/8/5 11192/8/5 11188/8/5
f 11186/8/6 11187/8/6 11191/8/6 11190/8/6
f 11193/7/1 11196/7/1 11195/7/1 11194/7/1
f 11197/7/2 11198/7/2 11199/7/2 11200/7/2
f 11193/7/3 11194/7/3 11198/7/3 11197/7/3
f 11196/7/4 11200/7/4 11199/7/4 11195/7/4
f 11193/7/5 11197/7/5 11200/7/5 11196/7/5
f 11194/7/6 11195/7/6 11199/7/6 11198/7/6
f 11201/48/1 11204/48/1 11203/48/1 11202/48/1
f 11205/48/2 11206/48/2 11207/48/2 11208/48/2
f 11201/48/3 11202/48/3 11206/48/3 11205/48/3
f 11204/48/4 11208/48/4 11207/48/4 11203/48/4
f 11201/48/5 11205/48/5 11208/48/5 11204/48/5
f 11202/48/6 11203/48/6 11207/48/6 11206/48/6
f 11209/8/1 11212/8/1 11211/8/1 11210/8/1
f 11213/8/2 11214/8/2 11215/8/2 11216/8/2
f 11209/8/3 11210/8/3 11214/8/3 11213/8/3
f 11212/8/4 11216/8/4 11215/8/4 11211/8/4
f 11209/8/5 11213/8/5 11216/8/5 11212/8/5
f 11210/8/6 11211/8/6 11215/8/6 11214/8/6
f 11217/7/1 11220/7/1 11219/7/1 11218/7/1
f 11221/7/2 11222/7/2 11223/7/2 11224/7/2
f 11217/7/3 11218/7/3 11222/7/3 11221/7/3
f 11220/7/4 11224/7/4 11223/7/4 11219/7/4
f 11217/7/5 11221/7/5 11224/7/5 11220/7/5
f 11218/7/6 11219/7/6 11223/7/6 11222/7/6
f 11225/48/1 11228/48/1 11227/48/1 11226/48/1
f 11229/48/2 11230/48/2 11231/48/2 11232/48/2
f 11225/48/3 11226/48/3 11230/48/3 11229/48/3
f 11228/48/4 11232/48/4 11231/48/4 11227/48/4
f 11225/48/5 11229/48/5 11232/48/5 11228/48/5
f 11226/48/6 11227/48/6 11231/48/6 11230/48/6
f 11233/8/1 11236/8/1 11235/8/1 11234/8/1
f 11237/8/2 11238/8/2 11239/8/2 11240/8/2
f 11233/8/3 11234/8/3 11238/8/3 11237/8/3
f 11236/8/4 11240/8/4 11239/8/4 11235/8/4
f 11233/8/5 11237/8/5 11240/8/5 11236/8/5
f 11234/8/6 11235/8/6 11239/8/6 11238/8/6
f 11241/7/1 11244/7/1 11243/7/1 11242/7/1
f 11245/7/2 11246/7/2 11247/7/2 11248/7/2
f 11241/7/3 11242/7/3 11246/7/3 11245/7/3
f 11244/7/4 11248/7/4 11247/7/4 11243/7/4
f 11241/7/5 11245/7/5 11248/7/5 11244/7/5
f 11242/7/6 11243/7/6 11247/7/6 11246/7/6
f 11249/48/1 11252/48/1 11251/48/1 11250/48/1
f 11253/48/2 11254/48/2 11255/48/2 11256/48/2
f 11249/48/3 11250/48/3 11254/48/3 11253/48/3
f 11252/48/4 11256/48/4 11255/48/4 11251/48/4
f 11249/48/5 11253/48/5 11256/48/5 11252/48/5
f 11250/48/6 11251/48/6 11255/48/6 11254/48/6
f 11257/8/1 11260/8/1 11259/8/1 11258/8/1
f 11261/8/2 11262/8/2 11263/8/2 11264/8/2
f 11257/8/3 11258/8/3 11262/8/3 11261/8/3
f 11260/8/4 11264/8/4 11263/8/4 11259/8/4
f 11257/8/5 11261/8/5 11264/8/5 11260/8/5
f 11258/8/6 11259/8/6 11263/8/6 11262/8/6
f 11265/7/1 11268/7/1 11267/7/1 11266/7/1
f 11269/7/2 11270/7/2 11271/7/2 11272/7/2
f 11265/7/3 11266/7/3 11270/7/3 11269/7/3
f 11268/7/4 11272/7/4 11271/7/4 11267/7/4
f 11265/7/5 11269/7/5 11272/7/5 11268/7/5
f 11266/7/6 11267/7/6 11271/7/6 11270/7/6
f 11273/48/1 11276/48/1 11275/48/1 11274/48/1
f 11277/48/2 11278/48/2 11279/48/2 11280/48/2
f 11273/48/3 11274/48/3 11278/48/3 11277/48/3
f 11276/48/4 11280/48/4 11279/48/4 11275/48/4
f 11273/48/5 11277/48/5 11280/48/5 11276/48/5
f 11274/48/6 11275/48/6 11279/48/6 11278/48/6
f 11281/8/1 11284/8/1 11283/8/1 11282/8/1
f 11285/8/2 11286/8/2 11287/8/2 11288/8/2
f 11281/8/3 11282/8/3 11286/8/3 11285/8/3
f 11284/8/4 11288/8/4 11287/8/4 11283/8/4
f 11281/8/5 11285/8/5 11288/8/5 11284/8/5
f 11282/8/6 11283/8/6 11287/8/6 11286/8/6
f 11289/7/1 11292/7/1 11291/7/1 11290/7/1
f 11293/7/2 11294/7/2 11295/7/2 11296/7/2
f 11289/7/3 11290/7/3 11294/7/3 11293/7/3
f 11292/7/4 11296/7/4 11295/7/4 11291/7/4
f 11289/7/5 11293/7/5 11296/7/5 11292/7/5
f 11290/7/6 11291/7/6 11295/7/6 11294/7/6
f 11297/48/1 11300/48/1 11299/48/1 11298/48/1
f 11301/48/2 11302/48/2 11303/48/2 11304/48/2
f 11297/48/3 11298/48/3 11302/48/3 11301/48/3
f 11300/48/4 11304/48/4 11303/48/4 11299/48/4
f 11297/48/5 11301/48/5 11304/48/5 11300/48/5
f 11298/48/6 11299/48/6 11303/48/6 11302/48/6
f 11305/8/1 11308/8/1 11307/8/1 11306/8/1
f 11309/8/2 11310/8/2 11311/8/2 11312/8/2
f 11305/8/3 11306/8/3 11310/8/3 11309/8/3
f 11308/8/4 11312/8/4 11311/8/4 11307/8/4
f 11305/8/5 11309/8/5 11312/8/5 11308/8/5
f 11306/8/6 11307/8/6 11311/8/6 11310/8/6
f 11313/7/1 11316/7/1 11315/7/1 11314/7/1
f 11317/7/2 11318/7/2 11319/7/2 11320/7/2
f 11313/7/3 11314/7/3 11318/7/3 11317/7/3
f 11316/7/4 11320/7/4 11319/7/4 11315/7/4
f 11313/7/5 11317/7/5 11320/7/5 11316/7/5
f 11314/7/6 11315/7/6 11319/7/6 11318/7/6
f 11321/48/1 11324/48/1 11323/48/1 11322/48/1
f 11325/48/2 11326/48/2 11327/48/2 11328/48/2
f 11321/48/3 11322/48/3 11326/48/3 11325/48/3
f 11324/48/4 11328/48/4 11327/48/4 11323/48/4
f 11321/48/5 11325/48/5 11328/48/5 11324/48/5
f 11322/48/6 11323/48/6 11327/48/6 11326/48/6
f 11329/8/1 11332/8/1 11331/8/1 11330/8/1
f 11333/8/2 11334/8/2 11335/8/2 11336/8/2
f 11329/8/3 11330/8/3 11334/8/3 11333/8/3
f 11332/8/4 11336/8/4 11335/8/4 11331/8/4
f 11329/8/5 11333/8/5 11336/8/5 11332/8/5
f 11330/8/6 11331/8/6 11335/8/6 11334/8/6
f 11337/7/1 11340/7/1 11339/7/1 11338/7/1
f 11341/7/2 11342/7/2 11343/7/2 11344/7/2
f 11337/7/3 11338/7/3 11342/7/3 11341/7/3
f 11340/7/4 11344/7/4 11343/7/4 11339/7/4
f 11337/7/5 11341/7/5 11344/7/5 11340/7/5
f 11338/7/6 11339/7/6 11343/7/6 11342/7/6
f 11345/48/1 11348/48/1 11347/48/1 11346/48/1
f 11349/48/2 11350/48/2 11351/48/2 11352/48/2
f 11345/48/3 11346/48/3 11350/48/3 11349/48/3
f 11348/48/4 11352/48/4 11351/48/4 11347/48/4
f 11345/48/5 11349/48/5 11352/48/5 11348/48/5
f 11346/48/6 11347/48/6 11351/48/6 11350/48/6
f 11353/8/1 11356/8/1 11355/8/1 11354/8/1
f 11357/8/2 11358/8/2 11359/8/2 11360/8/2
f 11353/8/3 11354/8/3 11358/8/3 11357/8/3
f 11356/8/4 11360/8/4 11359/8/4 11355/8/4
f 11353/8/5 11357/8/5 11360/8/5 11356/8/5
f 11354/8/6 11355/8/6 11359/8/6 11358/8/6
f 11361/7/1 11364/7/1 11363/7/1 11362/7/1
f 11365/7/2 11366/7/2 11367/7/2 11368/7/2
f 11361/7/3 11362/7/3 11366/7/3 11365/7/3
f 11364/7/4 11368/7/4 11367/7/4 11363/7/4
f 11361/7/5 11365/7/5 11368/7/5 11364/7/5
f 11362/7/6 11363/7/6 11367/7/6 11366/7/6
f 11369/48/1 11372/48/1 11371/48/1 11370/48/1
f 11373/48/2 11374/48/2 11375/48/2 11376/48/2
f 11369/48/3 11370/48/3 11374/48/3 11373/48/3
f 11372/48/4 11376/48/4 11375/48/4 11371/48/4
f 11369/48/5 11373/48/5 11376/48/5 11372/48/5
f 11370/48/6 11371/48/6 11375/48/6 11374/48/6
f 11377/8/1 11380/8/1 11379/8/1 11378/8/1
f 11381/8/2 11382/8/2 11383/8/2 11384/8/2
f 11377/8/3 11378/8/3 11382/8/3 11381/8/3
f 11380/8/4 11384/8/4 11383/8/4 11379/8/4
f 11377/8/5 11381/8/5 11384/8/5 11380/8/5
f 11378/8/6 11379/8/6 11383/8/6 11382/8/6
f 11385/7/1 11388/7/1 11387/7/1 11386/7/1
f 11389/7/2 11390/7/2 11391/7/2 11392/7/2
f 11385/7/3 11386/7/3 11390/7/3 11389/7/3
f 11388/7/4 11392/7/4 11391/7/4 11387/7/4
f 11385/7/5 11389/7/5 11392/7/5 11388/7/5
f 11386/7/6 11387/7/6 11391/7/6 11390/7/6
f 11393/48/1 11396/48/1 11395/48/1 11394/48/1
f 11397/48/2 11398/48/2 11399/48/2 11400/48/2
f 11393/48/3 11394/48/3 11398/48/3 11397/48/3
f 11396/48/4 11400/48/4 11399/48/4 11395/48/4
f 11393/48/5 11397/48/5 11400/48/5 11396/48/5
f 11394/48/6 11395/48/6 11399/48/6 11398/48/6
f 11401/8/1 11404/8/1 11403/8/1 11402/8/1
f 11405/8/2 11406/8/2 11407/8/2 11408/8/2
f 11401/8/3 11402/8/3 11406/8/3 11405/8/3
f 11404/8/4 11408/8/4 11407/8/4 11403/8/4
f 11401/8/5 11405/8/5 11408/8/5 11404/8/5
f 11402/8/6 11403/8/6 11407/8/6 11406/8/6
f 11409/7/1 11412/7/1 11411/7/1 11410/7/1
f 11413/7/2 11414/7/2 11415/7/2 11416/7/2
f 11409/7/3 11410/7/3 11414/7/3 11413/7/3
f 11412/7/4 11416/7/4 11415/7/4 11411/7/4
f 11409/7/5 11413/7/5 11416/7/5 11412/7/5
f 11410/7/6 11411/7/6 11415/7/6 11414/7/6
f 11417/48/1 11420/48/1 11419/48/1 11418/48/1
f 11421/48/2 11422/48/2 11423/48/2 11424/48/2
f 11417/48/3 11418/48/3 11422/48/3 11421/48/3
f 11420/48/4 11424/48/4 11423/48/4 11419/48/4
f 11417/48/5 11421/48/5 11424/48/5 11420/48/5
f 11418/48/6 11419/48/6 11423/48/6 11422/48/6
f 11425/8/1 11428/8/1 11427/8/1 11426/8/1
f 11429/8/2 11430/8/2 11431/8/2 11432/8/2
f 11425/8/3 11426/8/3 11430/8/3 11429/8/3
f 11428/8/4 11432/8/4 11431/8/4 11427/8/4
f 11425/8/5 11429/8/5 11432/8/5 11428/8/5
f 11426/8/6 11427/8/6 11431/8/6 11430/8/6
f 11433/7/1 11436/7/1 11435/7/1 11434/7/1
f 11437/7/2 11438/7/2 11439/7/2 11440/7/2
f 11433/7/3 11434/7/3 11438/7/3 11437/7/3
f 11436/7/4 11440/7/4 11439/7/4 11435/7/4
f 11433/7/5 11437/7/5 11440/7/5 11436/7/5
f 11434/7/6 11435/7/6 11439/7/6 11438/7/6
f 11441/48/1 11444/48/1 11443/48/1 11442/48/1
f 11445/48/2 11446/48/2 11447/48/2 11448/48/2
f 11441/48/3 11442/48/3 11446/48/3 11445/48/3
f 11444/48/4 11448/48/4 11447/48/4 11443/48/4
f 11441/48/5 11445/48/5 11448/48/5 11444/48/5
f 11442/48/6 11443/48/6 11447/48/6 11446/48/6
f 11449/8/1 11452/8/1 11451/8/1 11450/8/1
f 11453/8/2 11454/8/2 11455/8/2 11456/8/2
f 11449/8/3 11450/8/3 11454/8/3 11453/8/3
f 11452/8/4 11456/8/4 11455/8/4 11451/8/4
f 11449/8/5 11453/8/5 11456/8/5 11452/8/5
f 11450/8/6 11451/8/6 11455/8/6 11454/8/6
f 11457/7/1 11460/7/1 11459/7/1 11458/7/1
f 11461/7/2 11462/7/2 11463/7/2 11464/7/2
f 11457/7/3 11458/7/3 11462/7/3 11461/7/3
f 11460/7/4 11464/7/4 11463/7/4 11459/7/4
f 11457/7/5 11461/7/5 11464/7/5 11460/7/5
f 11458/7/6 11459/7/6 11463/7/6 11462/7/6
f 11465/48/1 11468/48/1 11467/48/1 11466/48/1
f 11469/48/2 11470/48/2 11471/48/2 11472/48/2
f 11465/48/3 11466/48/3 11470/48/3 11469/48/3
f 11468/48/4 11472/48/4 11471/48/4 11467/48/4
f 11465/48/5 11469/48/5 11472/48/5 11468/48/5
f 11466/48/6 11467/48/6 11471/48/6 11470/48/6
f 11473/8/1 11476/8/1 11475/8/1 11474/8/1
f 11477/8/2 11478/8/2 11479/8/2 11480/8/2
f 11473/8/3 11474/8/3 11478/8/3 11477/8/3
f 11476/8/4 11480/8/4 11479/8/4 11475/8/4
f 11473/8/5 11477/8/5 11480/8/5 11476/8/5
f 11474/8/6 11475/8/6 11479/8/6 11478/8/6
f 11481/7/1 11484/7/1 11483/7/1 11482/7/1
f 11485/7/2 11486/7/2 11487/7/2 11488/7/2
f 11481/7/3 11482/7/3 11486/7/3 11485/7/3
f 11484/7/4 11488/7/4 11487/7/4 11483/7/4
f 11481/7/5 11485/7/5 11488/7/5 11484/7/5
f 11482/7/6 11483/7/6 11487/7/6 11486/7/6
o SEAT_2
usemtl palette
f 11489/48/1 11492/48/1 11491/48/1 11490/48/1
f 11493/48/2 11494/48/2 11495/48/2 11496/48/2
f 11489/48/3 11490/48/3 11494/48/3 11493/48/3
f 11492/48/4 11496/48/4 11495/48/4 11491/48/4
f 11489/48/5 11493/48/5 11496/48/5 11492/48/5
f 11490/48/6 11491/48/6 11495/48/6 11494/48/6
o SEAT_3
usemtl palette
f 11497/48/1 11500/48/1 11499/48/1 11498/48/1
f 11501/48/2 11502/48/2 11503/48/2 11504/48/2
f 11497/48/3 11498/48/3 11502/48/3 11501/48/3
f 11500/48/4 11504/48/4 11503/48/4 11499/48/4
f 11497/48/5 11501/48/5 11504/48/5 11500/48/5
f 11498/48/6 11499/48/6 11503/48/6 11502/48/6
o SEAT_4
usemtl palette
f 11505/48/1 11508/48/1 11507/48/1 11506/48/1
f 11509/48/2 11510/48/2 11511/48/2 11512/48/2
f 11505/48/3 11506/48/3 11510/48/3 11509/48/3
f 11508/48/4 11512/48/4 11511/48/4 11507/48/4
f 11505/48/5 11509/48/5 11512/48/5 11508/48/5
f 11506/48/6 11507/48/6 11511/48/6 11510/48/6
o SHELL_arm
usemtl palette
f 11513/7/1 11516/7/1 11515/7/1 11514/7/1
f 11517/7/2 11518/7/2 11519/7/2 11520/7/2
f 11513/7/3 11514/7/3 11518/7/3 11517/7/3
f 11516/7/4 11520/7/4 11519/7/4 11515/7/4
f 11513/7/5 11517/7/5 11520/7/5 11516/7/5
f 11514/7/6 11515/7/6 11519/7/6 11518/7/6
f 11521/7/1 11524/7/1 11523/7/1 11522/7/1
f 11525/7/2 11526/7/2 11527/7/2 11528/7/2
f 11521/7/3 11522/7/3 11526/7/3 11525/7/3
f 11524/7/4 11528/7/4 11527/7/4 11523/7/4
f 11521/7/5 11525/7/5 11528/7/5 11524/7/5
f 11522/7/6 11523/7/6 11527/7/6 11526/7/6
f 11529/7/1 11532/7/1 11531/7/1 11530/7/1
f 11533/7/2 11534/7/2 11535/7/2 11536/7/2
f 11529/7/3 11530/7/3 11534/7/3 11533/7/3
f 11532/7/4 11536/7/4 11535/7/4 11531/7/4
f 11529/7/5 11533/7/5 11536/7/5 11532/7/5
f 11530/7/6 11531/7/6 11535/7/6 11534/7/6
f 11537/7/1 11540/7/1 11539/7/1 11538/7/1
f 11541/7/2 11542/7/2 11543/7/2 11544/7/2
f 11537/7/3 11538/7/3 11542/7/3 11541/7/3
f 11540/7/4 11544/7/4 11543/7/4 11539/7/4
f 11537/7/5 11541/7/5 11544/7/5 11540/7/5
f 11538/7/6 11539/7/6 11543/7/6 11542/7/6
f 11545/7/1 11548/7/1 11547/7/1 11546/7/1
f 11549/7/2 11550/7/2 11551/7/2 11552/7/2
f 11545/7/3 11546/7/3 11550/7/3 11549/7/3
f 11548/7/4 11552/7/4 11551/7/4 11547/7/4
f 11545/7/5 11549/7/5 11552/7/5 11548/7/5
f 11546/7/6 11547/7/6 11551/7/6 11550/7/6
f 11553/7/1 11556/7/1 11555/7/1 11554/7/1
f 11557/7/2 11558/7/2 11559/7/2 11560/7/2
f 11553/7/3 11554/7/3 11558/7/3 11557/7/3
f 11556/7/4 11560/7/4 11559/7/4 11555/7/4
f 11553/7/5 11557/7/5 11560/7/5 11556/7/5
f 11554/7/6 11555/7/6 11559/7/6 11558/7/6
f 11561/7/1 11564/7/1 11563/7/1 11562/7/1
f 11565/7/2 11566/7/2 11567/7/2 11568/7/2
f 11561/7/3 11562/7/3 11566/7/3 11565/7/3
f 11564/7/4 11568/7/4 11567/7/4 11563/7/4
f 11561/7/5 11565/7/5 11568/7/5 11564/7/5
f 11562/7/6 11563/7/6 11567/7/6 11566/7/6
f 11569/7/1 11572/7/1 11571/7/1 11570/7/1
f 11573/7/2 11574/7/2 11575/7/2 11576/7/2
f 11569/7/3 11570/7/3 11574/7/3 11573/7/3
f 11572/7/4 11576/7/4 11575/7/4 11571/7/4
f 11569/7/5 11573/7/5 11576/7/5 11572/7/5
f 11570/7/6 11571/7/6 11575/7/6 11574/7/6
f 11577/7/1 11580/7/1 11579/7/1 11578/7/1
f 11581/7/2 11582/7/2 11583/7/2 11584/7/2
f 11577/7/3 11578/7/3 11582/7/3 11581/7/3
f 11580/7/4 11584/7/4 11583/7/4 11579/7/4
f 11577/7/5 11581/7/5 11584/7/5 11580/7/5
f 11578/7/6 11579/7/6 11583/7/6 11582/7/6
f 11585/7/1 11588/7/1 11587/7/1 11586/7/1
f 11589/7/2 11590/7/2 11591/7/2 11592/7/2
f 11585/7/3 11586/7/3 11590/7/3 11589/7/3
f 11588/7/4 11592/7/4 11591/7/4 11587/7/4
f 11585/7/5 11589/7/5 11592/7/5 11588/7/5
f 11586/7/6 11587/7/6 11591/7/6 11590/7/6
f 11593/7/1 11596/7/1 11595/7/1 11594/7/1
f 11597/7/2 11598/7/2 11599/7/2 11600/7/2
f 11593/7/3 11594/7/3 11598/7/3 11597/7/3
f 11596/7/4 11600/7/4 11599/7/4 11595/7/4
f 11593/7/5 11597/7/5 11600/7/5 11596/7/5
f 11594/7/6 11595/7/6 11599/7/6 11598/7/6
f 11601/7/1 11604/7/1 11603/7/1 11602/7/1
f 11605/7/2 11606/7/2 11607/7/2 11608/7/2
f 11601/7/3 11602/7/3 11606/7/3 11605/7/3
f 11604/7/4 11608/7/4 11607/7/4 11603/7/4
f 11601/7/5 11605/7/5 11608/7/5 11604/7/5
f 11602/7/6 11603/7/6 11607/7/6 11606/7/6
f 11609/7/1 11612/7/1 11611/7/1 11610/7/1
f 11613/7/2 11614/7/2 11615/7/2 11616/7/2
f 11609/7/3 11610/7/3 11614/7/3 11613/7/3
f 11612/7/4 11616/7/4 11615/7/4 11611/7/4
f 11609/7/5 11613/7/5 11616/7/5 11612/7/5
f 11610/7/6 11611/7/6 11615/7/6 11614/7/6
f 11617/7/1 11620/7/1 11619/7/1 11618/7/1
f 11621/7/2 11622/7/2 11623/7/2 11624/7/2
f 11617/7/3 11618/7/3 11622/7/3 11621/7/3
f 11620/7/4 11624/7/4 11623/7/4 11619/7/4
f 11617/7/5 11621/7/5 11624/7/5 11620/7/5
f 11618/7/6 11619/7/6 11623/7/6 11622/7/6
f 11625/7/1 11628/7/1 11627/7/1 11626/7/1
f 11629/7/2 11630/7/2 11631/7/2 11632/7/2
f 11625/7/3 11626/7/3 11630/7/3 11629/7/3
f 11628/7/4 11632/7/4 11631/7/4 11627/7/4
f 11625/7/5 11629/7/5 11632/7/5 11628/7/5
f 11626/7/6 11627/7/6 11631/7/6 11630/7/6
f 11633/7/1 11636/7/1 11635/7/1 11634/7/1
f 11637/7/2 11638/7/2 11639/7/2 11640/7/2
f 11633/7/3 11634/7/3 11638/7/3 11637/7/3
f 11636/7/4 11640/7/4 11639/7/4 11635/7/4
f 11633/7/5 11637/7/5 11640/7/5 11636/7/5
f 11634/7/6 11635/7/6 11639/7/6 11638/7/6
f 11641/7/1 11644/7/1 11643/7/1 11642/7/1
f 11645/7/2 11646/7/2 11647/7/2 11648/7/2
f 11641/7/3 11642/7/3 11646/7/3 11645/7/3
f 11644/7/4 11648/7/4 11647/7/4 11643/7/4
f 11641/7/5 11645/7/5 11648/7/5 11644/7/5
f 11642/7/6 11643/7/6 11647/7/6 11646/7/6
f 11649/7/1 11652/7/1 11651/7/1 11650/7/1
f 11653/7/2 11654/7/2 11655/7/2 11656/7/2
f 11649/7/3 11650/7/3 11654/7/3 11653/7/3
f 11652/7/4 11656/7/4 11655/7/4 11651/7/4
f 11649/7/5 11653/7/5 11656/7/5 11652/7/5
f 11650/7/6 11651/7/6 11655/7/6 11654/7/6
f 11657/7/1 11660/7/1 11659/7/1 11658/7/1
f 11661/7/2 11662/7/2 11663/7/2 11664/7/2
f 11657/7/3 11658/7/3 11662/7/3 11661/7/3
f 11660/7/4 11664/7/4 11663/7/4 11659/7/4
f 11657/7/5 11661/7/5 11664/7/5 11660/7/5
f 11658/7/6 11659/7/6 11663/7/6 11662/7/6
f 11665/7/1 11668/7/1 11667/7/1 11666/7/1
f 11669/7/2 11670/7/2 11671/7/2 11672/7/2
f 11665/7/3 11666/7/3 11670/7/3 11669/7/3
f 11668/7/4 11672/7/4 11671/7/4 11667/7/4
f 11665/7/5 11669/7/5 11672/7/5 11668/7/5
f 11666/7/6 11667/7/6 11671/7/6 11670/7/6
f 11673/7/1 11676/7/1 11675/7/1 11674/7/1
f 11677/7/2 11678/7/2 11679/7/2 11680/7/2
f 11673/7/3 11674/7/3 11678/7/3 11677/7/3
f 11676/7/4 11680/7/4 11679/7/4 11675/7/4
f 11673/7/5 11677/7/5 11680/7/5 11676/7/5
f 11674/7/6 11675/7/6 11679/7/6 11678/7/6
f 11681/7/1 11684/7/1 11683/7/1 11682/7/1
f 11685/7/2 11686/7/2 11687/7/2 11688/7/2
f 11681/7/3 11682/7/3 11686/7/3 11685/7/3
f 11684/7/4 11688/7/4 11687/7/4 11683/7/4
f 11681/7/5 11685/7/5 11688/7/5 11684/7/5
f 11682/7/6 11683/7/6 11687/7/6 11686/7/6
f 11689/7/1 11692/7/1 11691/7/1 11690/7/1
f 11693/7/2 11694/7/2 11695/7/2 11696/7/2
f 11689/7/3 11690/7/3 11694/7/3 11693/7/3
f 11692/7/4 11696/7/4 11695/7/4 11691/7/4
f 11689/7/5 11693/7/5 11696/7/5 11692/7/5
f 11690/7/6 11691/7/6 11695/7/6 11694/7/6
f 11697/7/1 11700/7/1 11699/7/1 11698/7/1
f 11701/7/2 11702/7/2 11703/7/2 11704/7/2
f 11697/7/3 11698/7/3 11702/7/3 11701/7/3
f 11700/7/4 11704/7/4 11703/7/4 11699/7/4
f 11697/7/5 11701/7/5 11704/7/5 11700/7/5
f 11698/7/6 11699/7/6 11703/7/6 11702/7/6
f 11705/7/1 11708/7/1 11707/7/1 11706/7/1
f 11709/7/2 11710/7/2 11711/7/2 11712/7/2
f 11705/7/3 11706/7/3 11710/7/3 11709/7/3
f 11708/7/4 11712/7/4 11711/7/4 11707/7/4
f 11705/7/5 11709/7/5 11712/7/5 11708/7/5
f 11706/7/6 11707/7/6 11711/7/6 11710/7/6
f 11713/7/1 11716/7/1 11715/7/1 11714/7/1
f 11717/7/2 11718/7/2 11719/7/2 11720/7/2
f 11713/7/3 11714/7/3 11718/7/3 11717/7/3
f 11716/7/4 11720/7/4 11719/7/4 11715/7/4
f 11713/7/5 11717/7/5 11720/7/5 11716/7/5
f 11714/7/6 11715/7/6 11719/7/6 11718/7/6
f 11721/7/1 11724/7/1 11723/7/1 11722/7/1
f 11725/7/2 11726/7/2 11727/7/2 11728/7/2
f 11721/7/3 11722/7/3 11726/7/3 11725/7/3
f 11724/7/4 11728/7/4 11727/7/4 11723/7/4
f 11721/7/5 11725/7/5 11728/7/5 11724/7/5
f 11722/7/6 11723/7/6 11727/7/6 11726/7/6
f 11729/7/1 11732/7/1 11731/7/1 11730/7/1
f 11733/7/2 11734/7/2 11735/7/2 11736/7/2
f 11729/7/3 11730/7/3 11734/7/3 11733/7/3
f 11732/7/4 11736/7/4 11735/7/4 11731/7/4
f 11729/7/5 11733/7/5 11736/7/5 11732/7/5
f 11730/7/6 11731/7/6 11735/7/6 11734/7/6
f 11737/7/1 11740/7/1 11739/7/1 11738/7/1
f 11741/7/2 11742/7/2 11743/7/2 11744/7/2
f 11737/7/3 11738/7/3 11742/7/3 11741/7/3
f 11740/7/4 11744/7/4 11743/7/4 11739/7/4
f 11737/7/5 11741/7/5 11744/7/5 11740/7/5
f 11738/7/6 11739/7/6 11743/7/6 11742/7/6
f 11745/7/1 11748/7/1 11747/7/1 11746/7/1
f 11749/7/2 11750/7/2 11751/7/2 11752/7/2
f 11745/7/3 11746/7/3 11750/7/3 11749/7/3
f 11748/7/4 11752/7/4 11751/7/4 11747/7/4
f 11745/7/5 11749/7/5 11752/7/5 11748/7/5
f 11746/7/6 11747/7/6 11751/7/6 11750/7/6
f 11753/7/1 11756/7/1 11755/7/1 11754/7/1
f 11757/7/2 11758/7/2 11759/7/2 11760/7/2
f 11753/7/3 11754/7/3 11758/7/3 11757/7/3
f 11756/7/4 11760/7/4 11759/7/4 11755/7/4
f 11753/7/5 11757/7/5 11760/7/5 11756/7/5
f 11754/7/6 11755/7/6 11759/7/6 11758/7/6
f 11761/7/1 11764/7/1 11763/7/1 11762/7/1
f 11765/7/2 11766/7/2 11767/7/2 11768/7/2
f 11761/7/3 11762/7/3 11766/7/3 11765/7/3
f 11764/7/4 11768/7/4 11767/7/4 11763/7/4
f 11761/7/5 11765/7/5 11768/7/5 11764/7/5
f 11762/7/6 11763/7/6 11767/7/6 11766/7/6
f 11769/7/1 11772/7/1 11771/7/1 11770/7/1
f 11773/7/2 11774/7/2 11775/7/2 11776/7/2
f 11769/7/3 11770/7/3 11774/7/3 11773/7/3
f 11772/7/4 11776/7/4 11775/7/4 11771/7/4
f 11769/7/5 11773/7/5 11776/7/5 11772/7/5
f 11770/7/6 11771/7/6 11775/7/6 11774/7/6
f 11777/7/1 11780/7/1 11779/7/1 11778/7/1
f 11781/7/2 11782/7/2 11783/7/2 11784/7/2
f 11777/7/3 11778/7/3 11782/7/3 11781/7/3
f 11780/7/4 11784/7/4 11783/7/4 11779/7/4
f 11777/7/5 11781/7/5 11784/7/5 11780/7/5
f 11778/7/6 11779/7/6 11783/7/6 11782/7/6
f 11785/7/1 11788/7/1 11787/7/1 11786/7/1
f 11789/7/2 11790/7/2 11791/7/2 11792/7/2
f 11785/7/3 11786/7/3 11790/7/3 11789/7/3
f 11788/7/4 11792/7/4 11791/7/4 11787/7/4
f 11785/7/5 11789/7/5 11792/7/5 11788/7/5
f 11786/7/6 11787/7/6 11791/7/6 11790/7/6
f 11793/7/1 11796/7/1 11795/7/1 11794/7/1
f 11797/7/2 11798/7/2 11799/7/2 11800/7/2
f 11793/7/3 11794/7/3 11798/7/3 11797/7/3
f 11796/7/4 11800/7/4 11799/7/4 11795/7/4
f 11793/7/5 11797/7/5 11800/7/5 11796/7/5
f 11794/7/6 11795/7/6 11799/7/6 11798/7/6
f 11801/7/1 11804/7/1 11803/7/1 11802/7/1
f 11805/7/2 11806/7/2 11807/7/2 11808/7/2
f 11801/7/3 11802/7/3 11806/7/3 11805/7/3
f 11804/7/4 11808/7/4 11807/7/4 11803/7/4
f 11801/7/5 11805/7/5 11808/7/5 11804/7/5
f 11802/7/6 11803/7/6 11807/7/6 11806/7/6
f 11809/7/1 11812/7/1 11811/7/1 11810/7/1
f 11813/7/2 11814/7/2 11815/7/2 11816/7/2
f 11809/7/3 11810/7/3 11814/7/3 11813/7/3
f 11812/7/4 11816/7/4 11815/7/4 11811/7/4
f 11809/7/5 11813/7/5 11816/7/5 11812/7/5
f 11810/7/6 11811/7/6 11815/7/6 11814/7/6
f 11817/7/1 11820/7/1 11819/7/1 11818/7/1
f 11821/7/2 11822/7/2 11823/7/2 11824/7/2
f 11817/7/3 11818/7/3 11822/7/3 11821/7/3
f 11820/7/4 11824/7/4 11823/7/4 11819/7/4
f 11817/7/5 11821/7/5 11824/7/5 11820/7/5
f 11818/7/6 11819/7/6 11823/7/6 11822/7/6
f 11825/7/1 11828/7/1 11827/7/1 11826/7/1
f 11829/7/2 11830/7/2 11831/7/2 11832/7/2
f 11825/7/3 11826/7/3 11830/7/3 11829/7/3
f 11828/7/4 11832/7/4 11831/7/4 11827/7/4
f 11825/7/5 11829/7/5 11832/7/5 11828/7/5
f 11826/7/6 11827/7/6 11831/7/6 11830/7/6
f 11833/7/1 11836/7/1 11835/7/1 11834/7/1
f 11837/7/2 11838/7/2 11839/7/2 11840/7/2
f 11833/7/3 11834/7/3 11838/7/3 11837/7/3
f 11836/7/4 11840/7/4 11839/7/4 11835/7/4
f 11833/7/5 11837/7/5 11840/7/5 11836/7/5
f 11834/7/6 11835/7/6 11839/7/6 11838/7/6
f 11841/7/1 11844/7/1 11843/7/1 11842/7/1
f 11845/7/2 11846/7/2 11847/7/2 11848/7/2
f 11841/7/3 11842/7/3 11846/7/3 11845/7/3
f 11844/7/4 11848/7/4 11847/7/4 11843/7/4
f 11841/7/5 11845/7/5 11848/7/5 11844/7/5
f 11842/7/6 11843/7/6 11847/7/6 11846/7/6
f 11849/7/1 11852/7/1 11851/7/1 11850/7/1
f 11853/7/2 11854/7/2 11855/7/2 11856/7/2
f 11849/7/3 11850/7/3 11854/7/3 11853/7/3
f 11852/7/4 11856/7/4 11855/7/4 11851/7/4
f 11849/7/5 11853/7/5 11856/7/5 11852/7/5
f 11850/7/6 11851/7/6 11855/7/6 11854/7/6
f 11857/7/1 11860/7/1 11859/7/1 11858/7/1
f 11861/7/2 11862/7/2 11863/7/2 11864/7/2
f 11857/7/3 11858/7/3 11862/7/3 11861/7/3
f 11860/7/4 11864/7/4 11863/7/4 11859/7/4
f 11857/7/5 11861/7/5 11864/7/5 11860/7/5
f 11858/7/6 11859/7/6 11863/7/6 11862/7/6
f 11865/7/1 11868/7/1 11867/7/1 11866/7/1
f 11869/7/2 11870/7/2 11871/7/2 11872/7/2
f 11865/7/3 11866/7/3 11870/7/3 11869/7/3
f 11868/7/4 11872/7/4 11871/7/4 11867/7/4
f 11865/7/5 11869/7/5 11872/7/5 11868/7/5
f 11866/7/6 11867/7/6 11871/7/6 11870/7/6
f 11873/7/1 11876/7/1 11875/7/1 11874/7/1
f 11877/7/2 11878/7/2 11879/7/2 11880/7/2
f 11873/7/3 11874/7/3 11878/7/3 11877/7/3
f 11876/7/4 11880/7/4 11879/7/4 11875/7/4
f 11873/7/5 11877/7/5 11880/7/5 11876/7/5
f 11874/7/6 11875/7/6 11879/7/6 11878/7/6
f 11881/7/1 11884/7/1 11883/7/1 11882/7/1
f 11885/7/2 11886/7/2 11887/7/2 11888/7/2
f 11881/7/3 11882/7/3 11886/7/3 11885/7/3
f 11884/7/4 11888/7/4 11887/7/4 11883/7/4
f 11881/7/5 11885/7/5 11888/7/5 11884/7/5
f 11882/7/6 11883/7/6 11887/7/6 11886/7/6
f 11889/7/1 11892/7/1 11891/7/1 11890/7/1
f 11893/7/2 11894/7/2 11895/7/2 11896/7/2
f 11889/7/3 11890/7/3 11894/7/3 11893/7/3
f 11892/7/4 11896/7/4 11895/7/4 11891/7/4
f 11889/7/5 11893/7/5 11896/7/5 11892/7/5
f 11890/7/6 11891/7/6 11895/7/6 11894/7/6
o SEAT_5
usemtl palette
f 11897/48/1 11900/48/1 11899/48/1 11898/48/1
f 11901/48/2 11902/48/2 11903/48/2 11904/48/2
f 11897/48/3 11898/48/3 11902/48/3 11901/48/3
f 11900/48/4 11904/48/4 11903/48/4 11899/48/4
f 11897/48/5 11901/48/5 11904/48/5 11900/48/5
f 11898/48/6 11899/48/6 11903/48/6 11902/48/6
o SEAT_6
usemtl palette
f 11905/48/1 11908/48/1 11907/48/1 11906/48/1
f 11909/48/2 11910/48/2 11911/48/2 11912/48/2
f 11905/48/3 11906/48/3 11910/48/3 11909/48/3
f 11908/48/4 11912/48/4 11911/48/4 11907/48/4
f 11905/48/5 11909/48/5 11912/48/5 11908/48/5
f 11906/48/6 11907/48/6 11911/48/6 11910/48/6
o SEAT_7
usemtl palette
f 11913/48/1 11916/48/1 11915/48/1 11914/48/1
f 11917/48/2 11918/48/2 11919/48/2 11920/48/2
f 11913/48/3 11914/48/3 11918/48/3 11917/48/3
f 11916/48/4 11920/48/4 11919/48/4 11915/48/4
f 11913/48/5 11917/48/5 11920/48/5 11916/48/5
f 11914/48/6 11915/48/6 11919/48/6 11918/48/6
o SEAT_8
usemtl palette
f 11921/48/1 11924/48/1 11923/48/1 11922/48/1
f 11925/48/2 11926/48/2 11927/48/2 11928/48/2
f 11921/48/3 11922/48/3 11926/48/3 11925/48/3
f 11924/48/4 11928/48/4 11927/48/4 11923/48/4
f 11921/48/5 11925/48/5 11928/48/5 11924/48/5
f 11922/48/6 11923/48/6 11927/48/6 11926/48/6
o SEAT_9
usemtl palette
f 11929/48/1 11932/48/1 11931/48/1 11930/48/1
f 11933/48/2 11934/48/2 11935/48/2 11936/48/2
f 11929/48/3 11930/48/3 11934/48/3 11933/48/3
f 11932/48/4 11936/48/4 11935/48/4 11931/48/4
f 11929/48/5 11933/48/5 11936/48/5 11932/48/5
f 11930/48/6 11931/48/6 11935/48/6 11934/48/6
o SEAT_10
usemtl palette
f 11937/48/1 11940/48/1 11939/48/1 11938/48/1
f 11941/48/2 11942/48/2 11943/48/2 11944/48/2
f 11937/48/3 11938/48/3 11942/48/3 11941/48/3
f 11940/48/4 11944/48/4 11943/48/4 11939/48/4
f 11937/48/5 11941/48/5 11944/48/5 11940/48/5
f 11938/48/6 11939/48/6 11943/48/6 11942/48/6
o SEAT_11
usemtl palette
f 11945/48/1 11948/48/1 11947/48/1 11946/48/1
f 11949/48/2 11950/48/2 11951/48/2 11952/48/2
f 11945/48/3 11946/48/3 11950/48/3 11949/48/3
f 11948/48/4 11952/48/4 11951/48/4 11947/48/4
f 11945/48/5 11949/48/5 11952/48/5 11948/48/5
f 11946/48/6 11947/48/6 11951/48/6 11950/48/6
o SEAT_12
usemtl palette
f 11953/48/1 11956/48/1 11955/48/1 11954/48/1
f 11957/48/2 11958/48/2 11959/48/2 11960/48/2
f 11953/48/3 11954/48/3 11958/48/3 11957/48/3
f 11956/48/4 11960/48/4 11959/48/4 11955/48/4
f 11953/48/5 11957/48/5 11960/48/5 11956/48/5
f 11954/48/6 11955/48/6 11959/48/6 11958/48/6
o SEAT_13
usemtl palette
f 11961/48/1 11964/48/1 11963/48/1 11962/48/1
f 11965/48/2 11966/48/2 11967/48/2 11968/48/2
f 11961/48/3 11962/48/3 11966/48/3 11965/48/3
f 11964/48/4 11968/48/4 11967/48/4 11963/48/4
f 11961/48/5 11965/48/5 11968/48/5 11964/48/5
f 11962/48/6 11963/48/6 11967/48/6 11966/48/6
o SEAT_14
usemtl palette
f 11969/48/1 11972/48/1 11971/48/1 11970/48/1
f 11973/48/2 11974/48/2 11975/48/2 11976/48/2
f 11969/48/3 11970/48/3 11974/48/3 11973/48/3
f 11972/48/4 11976/48/4 11975/48/4 11971/48/4
f 11969/48/5 11973/48/5 11976/48/5 11972/48/5
f 11970/48/6 11971/48/6 11975/48/6 11974/48/6
o SEAT_15
usemtl palette
f 11977/48/1 11980/48/1 11979/48/1 11978/48/1
f 11981/48/2 11982/48/2 11983/48/2 11984/48/2
f 11977/48/3 11978/48/3 11982/48/3 11981/48/3
f 11980/48/4 11984/48/4 11983/48/4 11979/48/4
f 11977/48/5 11981/48/5 11984/48/5 11980/48/5
f 11978/48/6 11979/48/6 11983/48/6 11982/48/6
o SEAT_16
usemtl palette
f 11985/48/1 11988/48/1 11987/48/1 11986/48/1
f 11989/48/2 11990/48/2 11991/48/2 11992/48/2
f 11985/48/3 11986/48/3 11990/48/3 11989/48/3
f 11988/48/4 11992/48/4 11991/48/4 11987/48/4
f 11985/48/5 11989/48/5 11992/48/5 11988/48/5
f 11986/48/6 11987/48/6 11991/48/6 11990/48/6
o SEAT_17
usemtl palette
f 11993/48/1 11996/48/1 11995/48/1 11994/48/1
f 11997/48/2 11998/48/2 11999/48/2 12000/48/2
f 11993/48/3 11994/48/3 11998/48/3 11997/48/3
f 11996/48/4 12000/48/4 11999/48/4 11995/48/4
f 11993/48/5 11997/48/5 12000/48/5 11996/48/5
f 11994/48/6 11995/48/6 11999/48/6 11998/48/6
o SEAT_18
usemtl palette
f 12001/48/1 12004/48/1 12003/48/1 12002/48/1
f 12005/48/2 12006/48/2 12007/48/2 12008/48/2
f 12001/48/3 12002/48/3 12006/48/3 12005/48/3
f 12004/48/4 12008/48/4 12007/48/4 12003/48/4
f 12001/48/5 12005/48/5 12008/48/5 12004/48/5
f 12002/48/6 12003/48/6 12007/48/6 12006/48/6
o SEAT_19
usemtl palette
f 12009/48/1 12012/48/1 12011/48/1 12010/48/1
f 12013/48/2 12014/48/2 12015/48/2 12016/48/2
f 12009/48/3 12010/48/3 12014/48/3 12013/48/3
f 12012/48/4 12016/48/4 12015/48/4 12011/48/4
f 12009/48/5 12013/48/5 12016/48/5 12012/48/5
f 12010/48/6 12011/48/6 12015/48/6 12014/48/6
o SEAT_20
usemtl palette
f 12017/48/1 12020/48/1 12019/48/1 12018/48/1
f 12021/48/2 12022/48/2 12023/48/2 12024/48/2
f 12017/48/3 12018/48/3 12022/48/3 12021/48/3
f 12020/48/4 12024/48/4 12023/48/4 12019/48/4
f 12017/48/5 12021/48/5 12024/48/5 12020/48/5
f 12018/48/6 12019/48/6 12023/48/6 12022/48/6
o SEAT_21
usemtl palette
f 12025/48/1 12028/48/1 12027/48/1 12026/48/1
f 12029/48/2 12030/48/2 12031/48/2 12032/48/2
f 12025/48/3 12026/48/3 12030/48/3 12029/48/3
f 12028/48/4 12032/48/4 12031/48/4 12027/48/4
f 12025/48/5 12029/48/5 12032/48/5 12028/48/5
f 12026/48/6 12027/48/6 12031/48/6 12030/48/6
o SEAT_22
usemtl palette
f 12033/48/1 12036/48/1 12035/48/1 12034/48/1
f 12037/48/2 12038/48/2 12039/48/2 12040/48/2
f 12033/48/3 12034/48/3 12038/48/3 12037/48/3
f 12036/48/4 12040/48/4 12039/48/4 12035/48/4
f 12033/48/5 12037/48/5 12040/48/5 12036/48/5
f 12034/48/6 12035/48/6 12039/48/6 12038/48/6
o SEAT_23
usemtl palette
f 12041/48/1 12044/48/1 12043/48/1 12042/48/1
f 12045/48/2 12046/48/2 12047/48/2 12048/48/2
f 12041/48/3 12042/48/3 12046/48/3 12045/48/3
f 12044/48/4 12048/48/4 12047/48/4 12043/48/4
f 12041/48/5 12045/48/5 12048/48/5 12044/48/5
f 12042/48/6 12043/48/6 12047/48/6 12046/48/6
o SEAT_24
usemtl palette
f 12049/48/1 12052/48/1 12051/48/1 12050/48/1
f 12053/48/2 12054/48/2 12055/48/2 12056/48/2
f 12049/48/3 12050/48/3 12054/48/3 12053/48/3
f 12052/48/4 12056/48/4 12055/48/4 12051/48/4
f 12049/48/5 12053/48/5 12056/48/5 12052/48/5
f 12050/48/6 12051/48/6 12055/48/6 12054/48/6
o SEAT_25
usemtl palette
f 12057/48/1 12060/48/1 12059/48/1 12058/48/1
f 12061/48/2 12062/48/2 12063/48/2 12064/48/2
f 12057/48/3 12058/48/3 12062/48/3 12061/48/3
f 12060/48/4 12064/48/4 12063/48/4 12059/48/4
f 12057/48/5 12061/48/5 12064/48/5 12060/48/5
f 12058/48/6 12059/48/6 12063/48/6 12062/48/6
o SEAT_26
usemtl palette
f 12065/48/1 12068/48/1 12067/48/1 12066/48/1
f 12069/48/2 12070/48/2 12071/48/2 12072/48/2
f 12065/48/3 12066/48/3 12070/48/3 12069/48/3
f 12068/48/4 12072/48/4 12071/48/4 12067/48/4
f 12065/48/5 12069/48/5 12072/48/5 12068/48/5
f 12066/48/6 12067/48/6 12071/48/6 12070/48/6
o SEAT_27
usemtl palette
f 12073/48/1 12076/48/1 12075/48/1 12074/48/1
f 12077/48/2 12078/48/2 12079/48/2 12080/48/2
f 12073/48/3 12074/48/3 12078/48/3 12077/48/3
f 12076/48/4 12080/48/4 12079/48/4 12075/48/4
f 12073/48/5 12077/48/5 12080/48/5 12076/48/5
f 12074/48/6 12075/48/6 12079/48/6 12078/48/6
o SEAT_28
usemtl palette
f 12081/48/1 12084/48/1 12083/48/1 12082/48/1
f 12085/48/2 12086/48/2 12087/48/2 12088/48/2
f 12081/48/3 12082/48/3 12086/48/3 12085/48/3
f 12084/48/4 12088/48/4 12087/48/4 12083/48/4
f 12081/48/5 12085/48/5 12088/48/5 12084/48/5
f 12082/48/6 12083/48/6 12087/48/6 12086/48/6
o SEAT_29
usemtl palette
f 12089/48/1 12092/48/1 12091/48/1 12090/48/1
f 12093/48/2 12094/48/2 12095/48/2 12096/48/2
f 12089/48/3 12090/48/3 12094/48/3 12093/48/3
f 12092/48/4 12096/48/4 12095/48/4 12091/48/4
f 12089/48/5 12093/48/5 12096/48/5 12092/48/5
f 12090/48/6 12091/48/6 12095/48/6 12094/48/6
o SEAT_30
usemtl palette
f 12097/48/1 12100/48/1 12099/48/1 12098/48/1
f 12101/48/2 12102/48/2 12103/48/2 12104/48/2
f 12097/48/3 12098/48/3 12102/48/3 12101/48/3
f 12100/48/4 12104/48/4 12103/48/4 12099/48/4
f 12097/48/5 12101/48/5 12104/48/5 12100/48/5
f 12098/48/6 12099/48/6 12103/48/6 12102/48/6
o SEAT_31
usemtl palette
f 12105/48/1 12108/48/1 12107/48/1 12106/48/1
f 12109/48/2 12110/48/2 12111/48/2 12112/48/2
f 12105/48/3 12106/48/3 12110/48/3 12109/48/3
f 12108/48/4 12112/48/4 12111/48/4 12107/48/4
f 12105/48/5 12109/48/5 12112/48/5 12108/48/5
f 12106/48/6 12107/48/6 12111/48/6 12110/48/6
o SEAT_32
usemtl palette
f 12113/48/1 12116/48/1 12115/48/1 12114/48/1
f 12117/48/2 12118/48/2 12119/48/2 12120/48/2
f 12113/48/3 12114/48/3 12118/48/3 12117/48/3
f 12116/48/4 12120/48/4 12119/48/4 12115/48/4
f 12113/48/5 12117/48/5 12120/48/5 12116/48/5
f 12114/48/6 12115/48/6 12119/48/6 12118/48/6
o SEAT_33
usemtl palette
f 12121/48/1 12124/48/1 12123/48/1 12122/48/1
f 12125/48/2 12126/48/2 12127/48/2 12128/48/2
f 12121/48/3 12122/48/3 12126/48/3 12125/48/3
f 12124/48/4 12128/48/4 12127/48/4 12123/48/4
f 12121/48/5 12125/48/5 12128/48/5 12124/48/5
f 12122/48/6 12123/48/6 12127/48/6 12126/48/6
o SEAT_34
usemtl palette
f 12129/48/1 12132/48/1 12131/48/1 12130/48/1
f 12133/48/2 12134/48/2 12135/48/2 12136/48/2
f 12129/48/3 12130/48/3 12134/48/3 12133/48/3
f 12132/48/4 12136/48/4 12135/48/4 12131/48/4
f 12129/48/5 12133/48/5 12136/48/5 12132/48/5
f 12130/48/6 12131/48/6 12135/48/6 12134/48/6
o SEAT_35
usemtl palette
f 12137/48/1 12140/48/1 12139/48/1 12138/48/1
f 12141/48/2 12142/48/2 12143/48/2 12144/48/2
f 12137/48/3 12138/48/3 12142/48/3 12141/48/3
f 12140/48/4 12144/48/4 12143/48/4 12139/48/4
f 12137/48/5 12141/48/5 12144/48/5 12140/48/5
f 12138/48/6 12139/48/6 12143/48/6 12142/48/6
o SEAT_36
usemtl palette
f 12145/48/1 12148/48/1 12147/48/1 12146/48/1
f 12149/48/2 12150/48/2 12151/48/2 12152/48/2
f 12145/48/3 12146/48/3 12150/48/3 12149/48/3
f 12148/48/4 12152/48/4 12151/48/4 12147/48/4
f 12145/48/5 12149/48/5 12152/48/5 12148/48/5
f 12146/48/6 12147/48/6 12151/48/6 12150/48/6
o SEAT_37
usemtl palette
f 12153/48/1 12156/48/1 12155/48/1 12154/48/1
f 12157/48/2 12158/48/2 12159/48/2 12160/48/2
f 12153/48/3 12154/48/3 12158/48/3 12157/48/3
f 12156/48/4 12160/48/4 12159/48/4 12155/48/4
f 12153/48/5 12157/48/5 12160/48/5 12156/48/5
f 12154/48/6 12155/48/6 12159/48/6 12158/48/6
o SEAT_38
usemtl palette
f 12161/48/1 12164/48/1 12163/48/1 12162/48/1
f 12165/48/2 12166/48/2 12167/48/2 12168/48/2
f 12161/48/3 12162/48/3 12166/48/3 12165/48/3
f 12164/48/4 12168/48/4 12167/48/4 12163/48/4
f 12161/48/5 12165/48/5 12168/48/5 12164/48/5
f 12162/48/6 12163/48/6 12167/48/6 12166/48/6
o SEAT_39
usemtl palette
f 12169/48/1 12172/48/1 12171/48/1 12170/48/1
f 12173/48/2 12174/48/2 12175/48/2 12176/48/2
f 12169/48/3 12170/48/3 12174/48/3 12173/48/3
f 12172/48/4 12176/48/4 12175/48/4 12171/48/4
f 12169/48/5 12173/48/5 12176/48/5 12172/48/5
f 12170/48/6 12171/48/6 12175/48/6 12174/48/6
o SEAT_40
usemtl palette
f 12177/48/1 12180/48/1 12179/48/1 12178/48/1
f 12181/48/2 12182/48/2 12183/48/2 12184/48/2
f 12177/48/3 12178/48/3 12182/48/3 12181/48/3
f 12180/48/4 12184/48/4 12183/48/4 12179/48/4
f 12177/48/5 12181/48/5 12184/48/5 12180/48/5
f 12178/48/6 12179/48/6 12183/48/6 12182/48/6
o SEAT_41
usemtl palette
f 12185/48/1 12188/48/1 12187/48/1 12186/48/1
f 12189/48/2 12190/48/2 12191/48/2 12192/48/2
f 12185/48/3 12186/48/3 12190/48/3 12189/48/3
f 12188/48/4 12192/48/4 12191/48/4 12187/48/4
f 12185/48/5 12189/48/5 12192/48/5 12188/48/5
f 12186/48/6 12187/48/6 12191/48/6 12190/48/6
o SEAT_42
usemtl palette
f 12193/48/1 12196/48/1 12195/48/1 12194/48/1
f 12197/48/2 12198/48/2 12199/48/2 12200/48/2
f 12193/48/3 12194/48/3 12198/48/3 12197/48/3
f 12196/48/4 12200/48/4 12199/48/4 12195/48/4
f 12193/48/5 12197/48/5 12200/48/5 12196/48/5
f 12194/48/6 12195/48/6 12199/48/6 12198/48/6
o SEAT_43
usemtl palette
f 12201/48/1 12204/48/1 12203/48/1 12202/48/1
f 12205/48/2 12206/48/2 12207/48/2 12208/48/2
f 12201/48/3 12202/48/3 12206/48/3 12205/48/3
f 12204/48/4 12208/48/4 12207/48/4 12203/48/4
f 12201/48/5 12205/48/5 12208/48/5 12204/48/5
f 12202/48/6 12203/48/6 12207/48/6 12206/48/6
o SEAT_44
usemtl palette
f 12209/48/1 12212/48/1 12211/48/1 12210/48/1
f 12213/48/2 12214/48/2 12215/48/2 12216/48/2
f 12209/48/3 12210/48/3 12214/48/3 12213/48/3
f 12212/48/4 12216/48/4 12215/48/4 12211/48/4
f 12209/48/5 12213/48/5 12216/48/5 12212/48/5
f 12210/48/6 12211/48/6 12215/48/6 12214/48/6
o SEAT_45
usemtl palette
f 12217/48/1 12220/48/1 12219/48/1 12218/48/1
f 12221/48/2 12222/48/2 12223/48/2 12224/48/2
f 12217/48/3 12218/48/3 12222/48/3 12221/48/3
f 12220/48/4 12224/48/4 12223/48/4 12219/48/4
f 12217/48/5 12221/48/5 12224/48/5 12220/48/5
f 12218/48/6 12219/48/6 12223/48/6 12222/48/6
o SEAT_46
usemtl palette
f 12225/48/1 12228/48/1 12227/48/1 12226/48/1
f 12229/48/2 12230/48/2 12231/48/2 12232/48/2
f 12225/48/3 12226/48/3 12230/48/3 12229/48/3
f 12228/48/4 12232/48/4 12231/48/4 12227/48/4
f 12225/48/5 12229/48/5 12232/48/5 12228/48/5
f 12226/48/6 12227/48/6 12231/48/6 12230/48/6
o SEAT_47
usemtl palette
f 12233/48/1 12236/48/1 12235/48/1 12234/48/1
f 12237/48/2 12238/48/2 12239/48/2 12240/48/2
f 12233/48/3 12234/48/3 12238/48/3 12237/48/3
f 12236/48/4 12240/48/4 12239/48/4 12235/48/4
f 12233/48/5 12237/48/5 12240/48/5 12236/48/5
f 12234/48/6 12235/48/6 12239/48/6 12238/48/6
o SEAT_48
usemtl palette
f 12241/48/1 12244/48/1 12243/48/1 12242/48/1
f 12245/48/2 12246/48/2 12247/48/2 12248/48/2
f 12241/48/3 12242/48/3 12246/48/3 12245/48/3
f 12244/48/4 12248/48/4 12247/48/4 12243/48/4
f 12241/48/5 12245/48/5 12248/48/5 12244/48/5
f 12242/48/6 12243/48/6 12247/48/6 12246/48/6
o SHELL_rack
usemtl palette
f 12249/9/1 12252/9/1 12251/9/1 12250/9/1
f 12253/9/2 12254/9/2 12255/9/2 12256/9/2
f 12249/9/3 12250/9/3 12254/9/3 12253/9/3
f 12252/9/4 12256/9/4 12255/9/4 12251/9/4
f 12249/9/5 12253/9/5 12256/9/5 12252/9/5
f 12250/9/6 12251/9/6 12255/9/6 12254/9/6
f 12257/9/1 12260/9/1 12259/9/1 12258/9/1
f 12261/9/2 12262/9/2 12263/9/2 12264/9/2
f 12257/9/3 12258/9/3 12262/9/3 12261/9/3
f 12260/9/4 12264/9/4 12263/9/4 12259/9/4
f 12257/9/5 12261/9/5 12264/9/5 12260/9/5
f 12258/9/6 12259/9/6 12263/9/6 12262/9/6
f 12265/37/1 12268/37/1 12267/37/1 12266/37/1
f 12269/37/2 12270/37/2 12271/37/2 12272/37/2
f 12265/37/3 12266/37/3 12270/37/3 12269/37/3
f 12268/37/4 12272/37/4 12271/37/4 12267/37/4
f 12265/37/5 12269/37/5 12272/37/5 12268/37/5
f 12266/37/6 12267/37/6 12271/37/6 12270/37/6
f 12273/9/1 12276/9/1 12275/9/1 12274/9/1
f 12277/9/2 12278/9/2 12279/9/2 12280/9/2
f 12273/9/3 12274/9/3 12278/9/3 12277/9/3
f 12276/9/4 12280/9/4 12279/9/4 12275/9/4
f 12273/9/5 12277/9/5 12280/9/5 12276/9/5
f 12274/9/6 12275/9/6 12279/9/6 12278/9/6
f 12281/9/1 12284/9/1 12283/9/1 12282/9/1
f 12285/9/2 12286/9/2 12287/9/2 12288/9/2
f 12281/9/3 12282/9/3 12286/9/3 12285/9/3
f 12284/9/4 12288/9/4 12287/9/4 12283/9/4
f 12281/9/5 12285/9/5 12288/9/5 12284/9/5
f 12282/9/6 12283/9/6 12287/9/6 12286/9/6
f 12289/37/1 12292/37/1 12291/37/1 12290/37/1
f 12293/37/2 12294/37/2 12295/37/2 12296/37/2
f 12289/37/3 12290/37/3 12294/37/3 12293/37/3
f 12292/37/4 12296/37/4 12295/37/4 12291/37/4
f 12289/37/5 12293/37/5 12296/37/5 12292/37/5
f 12290/37/6 12291/37/6 12295/37/6 12294/37/6
o SHELL_ceil
usemtl palette
f 12297/19/1 12300/19/1 12299/19/1 12298/19/1
f 12301/19/2 12302/19/2 12303/19/2 12304/19/2
f 12297/19/3 12298/19/3 12302/19/3 12301/19/3
f 12300/19/4 12304/19/4 12303/19/4 12299/19/4
f 12297/19/5 12301/19/5 12304/19/5 12300/19/5
f 12298/19/6 12299/19/6 12303/19/6 12302/19/6
f 12305/30/1 12308/30/1 12307/30/1 12306/30/1
f 12309/30/2 12310/30/2 12311/30/2 12312/30/2
f 12305/30/3 12306/30/3 12310/30/3 12309/30/3
f 12308/30/4 12312/30/4 12311/30/4 12307/30/4
f 12305/30/5 12309/30/5 12312/30/5 12308/30/5
f 12306/30/6 12307/30/6 12311/30/6 12310/30/6
f 12313/30/1 12316/30/1 12315/30/1 12314/30/1
f 12317/30/2 12318/30/2 12319/30/2 12320/30/2
f 12313/30/3 12314/30/3 12318/30/3 12317/30/3
f 12316/30/4 12320/30/4 12319/30/4 12315/30/4
f 12313/30/5 12317/30/5 12320/30/5 12316/30/5
f 12314/30/6 12315/30/6 12319/30/6 12318/30/6
f 12321/30/1 12324/30/1 12323/30/1 12322/30/1
f 12325/30/2 12326/30/2 12327/30/2 12328/30/2
f 12321/30/3 12322/30/3 12326/30/3 12325/30/3
f 12324/30/4 12328/30/4 12327/30/4 12323/30/4
f 12321/30/5 12325/30/5 12328/30/5 12324/30/5
f 12322/30/6 12323/30/6 12327/30/6 12326/30/6
f 12329/30/1 12332/30/1 12331/30/1 12330/30/1
f 12333/30/2 12334/30/2 12335/30/2 12336/30/2
f 12329/30/3 12330/30/3 12334/30/3 12333/30/3
f 12332/30/4 12336/30/4 12335/30/4 12331/30/4
f 12329/30/5 12333/30/5 12336/30/5 12332/30/5
f 12330/30/6 12331/30/6 12335/30/6 12334/30/6
f 12337/30/1 12340/30/1 12339/30/1 12338/30/1
f 12341/30/2 12342/30/2 12343/30/2 12344/30/2
f 12337/30/3 12338/30/3 12342/30/3 12341/30/3
f 12340/30/4 12344/30/4 12343/30/4 12339/30/4
f 12337/30/5 12341/30/5 12344/30/5 12340/30/5
f 12338/30/6 12339/30/6 12343/30/6 12342/30/6
f 12345/19/1 12348/19/1 12347/19/1 12346/19/1
f 12349/19/2 12350/19/2 12351/19/2 12352/19/2
f 12345/19/3 12346/19/3 12350/19/3 12349/19/3
f 12348/19/4 12352/19/4 12351/19/4 12347/19/4
f 12345/19/5 12349/19/5 12352/19/5 12348/19/5
f 12346/19/6 12347/19/6 12351/19/6 12350/19/6
f 12353/30/1 12356/30/1 12355/30/1 12354/30/1
f 12357/30/2 12358/30/2 12359/30/2 12360/30/2
f 12353/30/3 12354/30/3 12358/30/3 12357/30/3
f 12356/30/4 12360/30/4 12359/30/4 12355/30/4
f 12353/30/5 12357/30/5 12360/30/5 12356/30/5
f 12354/30/6 12355/30/6 12359/30/6 12358/30/6
f 12361/30/1 12364/30/1 12363/30/1 12362/30/1
f 12365/30/2 12366/30/2 12367/30/2 12368/30/2
f 12361/30/3 12362/30/3 12366/30/3 12365/30/3
f 12364/30/4 12368/30/4 12367/30/4 12363/30/4
f 12361/30/5 12365/30/5 12368/30/5 12364/30/5
f 12362/30/6 12363/30/6 12367/30/6 12366/30/6
f 12369/30/1 12372/30/1 12371/30/1 12370/30/1
f 12373/30/2 12374/30/2 12375/30/2 12376/30/2
f 12369/30/3 12370/30/3 12374/30/3 12373/30/3
f 12372/30/4 12376/30/4 12375/30/4 12371/30/4
f 12369/30/5 12373/30/5 12376/30/5 12372/30/5
f 12370/30/6 12371/30/6 12375/30/6 12374/30/6
f 12377/30/1 12380/30/1 12379/30/1 12378/30/1
f 12381/30/2 12382/30/2 12383/30/2 12384/30/2
f 12377/30/3 12378/30/3 12382/30/3 12381/30/3
f 12380/30/4 12384/30/4 12383/30/4 12379/30/4
f 12377/30/5 12381/30/5 12384/30/5 12380/30/5
f 12378/30/6 12379/30/6 12383/30/6 12382/30/6
f 12385/50/1 12388/50/1 12387/50/1 12386/50/1
f 12389/50/2 12390/50/2 12391/50/2 12392/50/2
f 12385/50/3 12386/50/3 12390/50/3 12389/50/3
f 12388/50/4 12392/50/4 12391/50/4 12387/50/4
f 12385/50/5 12389/50/5 12392/50/5 12388/50/5
f 12386/50/6 12387/50/6 12391/50/6 12390/50/6
f 12393/19/1 12396/19/1 12395/19/1 12394/19/1
f 12397/19/2 12398/19/2 12399/19/2 12400/19/2
f 12393/19/3 12394/19/3 12398/19/3 12397/19/3
f 12396/19/4 12400/19/4 12399/19/4 12395/19/4
f 12393/19/5 12397/19/5 12400/19/5 12396/19/5
f 12394/19/6 12395/19/6 12399/19/6 12398/19/6
f 12401/30/1 12404/30/1 12403/30/1 12402/30/1
f 12405/30/2 12406/30/2 12407/30/2 12408/30/2
f 12401/30/3 12402/30/3 12406/30/3 12405/30/3
f 12404/30/4 12408/30/4 12407/30/4 12403/30/4
f 12401/30/5 12405/30/5 12408/30/5 12404/30/5
f 12402/30/6 12403/30/6 12407/30/6 12406/30/6
f 12409/30/1 12412/30/1 12411/30/1 12410/30/1
f 12413/30/2 12414/30/2 12415/30/2 12416/30/2
f 12409/30/3 12410/30/3 12414/30/3 12413/30/3
f 12412/30/4 12416/30/4 12415/30/4 12411/30/4
f 12409/30/5 12413/30/5 12416/30/5 12412/30/5
f 12410/30/6 12411/30/6 12415/30/6 12414/30/6
f 12417/30/1 12420/30/1 12419/30/1 12418/30/1
f 12421/30/2 12422/30/2 12423/30/2 12424/30/2
f 12417/30/3 12418/30/3 12422/30/3 12421/30/3
f 12420/30/4 12424/30/4 12423/30/4 12419/30/4
f 12417/30/5 12421/30/5 12424/30/5 12420/30/5
f 12418/30/6 12419/30/6 12423/30/6 12422/30/6
f 12425/30/1 12428/30/1 12427/30/1 12426/30/1
f 12429/30/2 12430/30/2 12431/30/2 12432/30/2
f 12425/30/3 12426/30/3 12430/30/3 12429/30/3
f 12428/30/4 12432/30/4 12431/30/4 12427/30/4
f 12425/30/5 12429/30/5 12432/30/5 12428/30/5
f 12426/30/6 12427/30/6 12431/30/6 12430/30/6
f 12433/30/1 12436/30/1 12435/30/1 12434/30/1
f 12437/30/2 12438/30/2 12439/30/2 12440/30/2
f 12433/30/3 12434/30/3 12438/30/3 12437/30/3
f 12436/30/4 12440/30/4 12439/30/4 12435/30/4
f 12433/30/5 12437/30/5 12440/30/5 12436/30/5
f 12434/30/6 12435/30/6 12439/30/6 12438/30/6
f 12441/19/1 12444/19/1 12443/19/1 12442/19/1
f 12445/19/2 12446/19/2 12447/19/2 12448/19/2
f 12441/19/3 12442/19/3 12446/19/3 12445/19/3
f 12444/19/4 12448/19/4 12447/19/4 12443/19/4
f 12441/19/5 12445/19/5 12448/19/5 12444/19/5
f 12442/19/6 12443/19/6 12447/19/6 12446/19/6
f 12449/30/1 12452/30/1 12451/30/1 12450/30/1
f 12453/30/2 12454/30/2 12455/30/2 12456/30/2
f 12449/30/3 12450/30/3 12454/30/3 12453/30/3
f 12452/30/4 12456/30/4 12455/30/4 12451/30/4
f 12449/30/5 12453/30/5 12456/30/5 12452/30/5
f 12450/30/6 12451/30/6 12455/30/6 12454/30/6
f 12457/30/1 12460/30/1 12459/30/1 12458/30/1
f 12461/30/2 12462/30/2 12463/30/2 12464/30/2
f 12457/30/3 12458/30/3 12462/30/3 12461/30/3
f 12460/30/4 12464/30/4 12463/30/4 12459/30/4
f 12457/30/5 12461/30/5 12464/30/5 12460/30/5
f 12458/30/6 12459/30/6 12463/30/6 12462/30/6
f 12465/30/1 12468/30/1 12467/30/1 12466/30/1
f 12469/30/2 12470/30/2 12471/30/2 12472/30/2
f 12465/30/3 12466/30/3 12470/30/3 12469/30/3
f 12468/30/4 12472/30/4 12471/30/4 12467/30/4
f 12465/30/5 12469/30/5 12472/30/5 12468/30/5
f 12466/30/6 12467/30/6 12471/30/6 12470/30/6
f 12473/30/1 12476/30/1 12475/30/1 12474/30/1
f 12477/30/2 12478/30/2 12479/30/2 12480/30/2
f 12473/30/3 12474/30/3 12478/30/3 12477/30/3
f 12476/30/4 12480/30/4 12479/30/4 12475/30/4
f 12473/30/5 12477/30/5 12480/30/5 12476/30/5
f 12474/30/6 12475/30/6 12479/30/6 12478/30/6
f 12481/19/1 12484/19/1 12483/19/1 12482/19/1
f 12485/19/2 12486/19/2 12487/19/2 12488/19/2
f 12481/19/3 12482/19/3 12486/19/3 12485/19/3
f 12484/19/4 12488/19/4 12487/19/4 12483/19/4
f 12481/19/5 12485/19/5 12488/19/5 12484/19/5
f 12482/19/6 12483/19/6 12487/19/6 12486/19/6
f 12489/30/1 12492/30/1 12491/30/1 12490/30/1
f 12493/30/2 12494/30/2 12495/30/2 12496/30/2
f 12489/30/3 12490/30/3 12494/30/3 12493/30/3
f 12492/30/4 12496/30/4 12495/30/4 12491/30/4
f 12489/30/5 12493/30/5 12496/30/5 12492/30/5
f 12490/30/6 12491/30/6 12495/30/6 12494/30/6
f 12497/30/1 12500/30/1 12499/30/1 12498/30/1
f 12501/30/2 12502/30/2 12503/30/2 12504/30/2
f 12497/30/3 12498/30/3 12502/30/3 12501/30/3
f 12500/30/4 12504/30/4 12503/30/4 12499/30/4
f 12497/30/5 12501/30/5 12504/30/5 12500/30/5
f 12498/30/6 12499/30/6 12503/30/6 12502/30/6
f 12505/30/1 12508/30/1 12507/30/1 12506/30/1
f 12509/30/2 12510/30/2 12511/30/2 12512/30/2
f 12505/30/3 12506/30/3 12510/30/3 12509/30/3
f 12508/30/4 12512/30/4 12511/30/4 12507/30/4
f 12505/30/5 12509/30/5 12512/30/5 12508/30/5
f 12506/30/6 12507/30/6 12511/30/6 12510/30/6
f 12513/30/1 12516/30/1 12515/30/1 12514/30/1
f 12517/30/2 12518/30/2 12519/30/2 12520/30/2
f 12513/30/3 12514/30/3 12518/30/3 12517/30/3
f 12516/30/4 12520/30/4 12519/30/4 12515/30/4
f 12513/30/5 12517/30/5 12520/30/5 12516/30/5
f 12514/30/6 12515/30/6 12519/30/6 12518/30/6
f 12521/50/1 12524/50/1 12523/50/1 12522/50/1
f 12525/50/2 12526/50/2 12527/50/2 12528/50/2
f 12521/50/3 12522/50/3 12526/50/3 12525/50/3
f 12524/50/4 12528/50/4 12527/50/4 12523/50/4
f 12521/50/5 12525/50/5 12528/50/5 12524/50/5
f 12522/50/6 12523/50/6 12527/50/6 12526/50/6
f 12529/30/1 12532/30/1 12531/30/1 12530/30/1
f 12533/30/2 12534/30/2 12535/30/2 12536/30/2
f 12529/30/3 12530/30/3 12534/30/3 12533/30/3
f 12532/30/4 12536/30/4 12535/30/4 12531/30/4
f 12529/30/5 12533/30/5 12536/30/5 12532/30/5
f 12530/30/6 12531/30/6 12535/30/6 12534/30/6
f 12537/19/1 12540/19/1 12539/19/1 12538/19/1
f 12541/19/2 12542/19/2 12543/19/2 12544/19/2
f 12537/19/3 12538/19/3 12542/19/3 12541/19/3
f 12540/19/4 12544/19/4 12543/19/4 12539/19/4
f 12537/19/5 12541/19/5 12544/19/5 12540/19/5
f 12538/19/6 12539/19/6 12543/19/6 12542/19/6
f 12545/30/1 12548/30/1 12547/30/1 12546/30/1
f 12549/30/2 12550/30/2 12551/30/2 12552/30/2
f 12545/30/3 12546/30/3 12550/30/3 12549/30/3
f 12548/30/4 12552/30/4 12551/30/4 12547/30/4
f 12545/30/5 12549/30/5 12552/30/5 12548/30/5
f 12546/30/6 12547/30/6 12551/30/6 12550/30/6
f 12553/30/1 12556/30/1 12555/30/1 12554/30/1
f 12557/30/2 12558/30/2 12559/30/2 12560/30/2
f 12553/30/3 12554/30/3 12558/30/3 12557/30/3
f 12556/30/4 12560/30/4 12559/30/4 12555/30/4
f 12553/30/5 12557/30/5 12560/30/5 12556/30/5
f 12554/30/6 12555/30/6 12559/30/6 12558/30/6
f 12561/30/1 12564/30/1 12563/30/1 12562/30/1
f 12565/30/2 12566/30/2 12567/30/2 12568/30/2
f 12561/30/3 12562/30/3 12566/30/3 12565/30/3
f 12564/30/4 12568/30/4 12567/30/4 12563/30/4
f 12561/30/5 12565/30/5 12568/30/5 12564/30/5
f 12562/30/6 12563/30/6 12567/30/6 12566/30/6
f 12569/30/1 12572/30/1 12571/30/1 12570/30/1
f 12573/30/2 12574/30/2 12575/30/2 12576/30/2
f 12569/30/3 12570/30/3 12574/30/3 12573/30/3
f 12572/30/4 12576/30/4 12575/30/4 12571/30/4
f 12569/30/5 12573/30/5 12576/30/5 12572/30/5
f 12570/30/6 12571/30/6 12575/30/6 12574/30/6
f 12577/19/1 12580/19/1 12579/19/1 12578/19/1
f 12581/19/2 12582/19/2 12583/19/2 12584/19/2
f 12577/19/3 12578/19/3 12582/19/3 12581/19/3
f 12580/19/4 12584/19/4 12583/19/4 12579/19/4
f 12577/19/5 12581/19/5 12584/19/5 12580/19/5
f 12578/19/6 12579/19/6 12583/19/6 12582/19/6
f 12585/30/1 12588/30/1 12587/30/1 12586/30/1
f 12589/30/2 12590/30/2 12591/30/2 12592/30/2
f 12585/30/3 12586/30/3 12590/30/3 12589/30/3
f 12588/30/4 12592/30/4 12591/30/4 12587/30/4
f 12585/30/5 12589/30/5 12592/30/5 12588/30/5
f 12586/30/6 12587/30/6 12591/30/6 12590/30/6
f 12593/30/1 12596/30/1 12595/30/1 12594/30/1
f 12597/30/2 12598/30/2 12599/30/2 12600/30/2
f 12593/30/3 12594/30/3 12598/30/3 12597/30/3
f 12596/30/4 12600/30/4 12599/30/4 12595/30/4
f 12593/30/5 12597/30/5 12600/30/5 12596/30/5
f 12594/30/6 12595/30/6 12599/30/6 12598/30/6
f 12601/30/1 12604/30/1 12603/30/1 12602/30/1
f 12605/30/2 12606/30/2 12607/30/2 12608/30/2
f 12601/30/3 12602/30/3 12606/30/3 12605/30/3
f 12604/30/4 12608/30/4 12607/30/4 12603/30/4
f 12601/30/5 12605/30/5 12608/30/5 12604/30/5
f 12602/30/6 12603/30/6 12607/30/6 12606/30/6
f 12609/30/1 12612/30/1 12611/30/1 12610/30/1
f 12613/30/2 12614/30/2 12615/30/2 12616/30/2
f 12609/30/3 12610/30/3 12614/30/3 12613/30/3
f 12612/30/4 12616/30/4 12615/30/4 12611/30/4
f 12609/30/5 12613/30/5 12616/30/5 12612/30/5
f 12610/30/6 12611/30/6 12615/30/6 12614/30/6
f 12617/30/1 12620/30/1 12619/30/1 12618/30/1
f 12621/30/2 12622/30/2 12623/30/2 12624/30/2
f 12617/30/3 12618/30/3 12622/30/3 12621/30/3
f 12620/30/4 12624/30/4 12623/30/4 12619/30/4
f 12617/30/5 12621/30/5 12624/30/5 12620/30/5
f 12618/30/6 12619/30/6 12623/30/6 12622/30/6
f 12625/19/1 12628/19/1 12627/19/1 12626/19/1
f 12629/19/2 12630/19/2 12631/19/2 12632/19/2
f 12625/19/3 12626/19/3 12630/19/3 12629/19/3
f 12628/19/4 12632/19/4 12631/19/4 12627/19/4
f 12625/19/5 12629/19/5 12632/19/5 12628/19/5
f 12626/19/6 12627/19/6 12631/19/6 12630/19/6
f 12633/30/1 12636/30/1 12635/30/1 12634/30/1
f 12637/30/2 12638/30/2 12639/30/2 12640/30/2
f 12633/30/3 12634/30/3 12638/30/3 12637/30/3
f 12636/30/4 12640/30/4 12639/30/4 12635/30/4
f 12633/30/5 12637/30/5 12640/30/5 12636/30/5
f 12634/30/6 12635/30/6 12639/30/6 12638/30/6
f 12641/30/1 12644/30/1 12643/30/1 12642/30/1
f 12645/30/2 12646/30/2 12647/30/2 12648/30/2
f 12641/30/3 12642/30/3 12646/30/3 12645/30/3
f 12644/30/4 12648/30/4 12647/30/4 12643/30/4
f 12641/30/5 12645/30/5 12648/30/5 12644/30/5
f 12642/30/6 12643/30/6 12647/30/6 12646/30/6
f 12649/30/1 12652/30/1 12651/30/1 12650/30/1
f 12653/30/2 12654/30/2 12655/30/2 12656/30/2
f 12649/30/3 12650/30/3 12654/30/3 12653/30/3
f 12652/30/4 12656/30/4 12655/30/4 12651/30/4
f 12649/30/5 12653/30/5 12656/30/5 12652/30/5
f 12650/30/6 12651/30/6 12655/30/6 12654/30/6
f 12657/30/1 12660/30/1 12659/30/1 12658/30/1
f 12661/30/2 12662/30/2 12663/30/2 12664/30/2
f 12657/30/3 12658/30/3 12662/30/3 12661/30/3
f 12660/30/4 12664/30/4 12663/30/4 12659/30/4
f 12657/30/5 12661/30/5 12664/30/5 12660/30/5
f 12658/30/6 12659/30/6 12663/30/6 12662/30/6
f 12665/50/1 12668/50/1 12667/50/1 12666/50/1
f 12669/50/2 12670/50/2 12671/50/2 12672/50/2
f 12665/50/3 12666/50/3 12670/50/3 12669/50/3
f 12668/50/4 12672/50/4 12671/50/4 12667/50/4
f 12665/50/5 12669/50/5 12672/50/5 12668/50/5
f 12666/50/6 12667/50/6 12671/50/6 12670/50/6
o SHELL_safety
usemtl palette
f 12673/20/1 12676/20/1 12675/20/1 12674/20/1
f 12677/20/2 12678/20/2 12679/20/2 12680/20/2
f 12673/20/3 12674/20/3 12678/20/3 12677/20/3
f 12676/20/4 12680/20/4 12679/20/4 12675/20/4
f 12673/20/5 12677/20/5 12680/20/5 12676/20/5
f 12674/20/6 12675/20/6 12679/20/6 12678/20/6
f 12681/50/1 12684/50/1 12683/50/1 12682/50/1
f 12685/50/2 12686/50/2 12687/50/2 12688/50/2
f 12681/50/3 12682/50/3 12686/50/3 12685/50/3
f 12684/50/4 12688/50/4 12687/50/4 12683/50/4
f 12681/50/5 12685/50/5 12688/50/5 12684/50/5
f 12682/50/6 12683/50/6 12687/50/6 12686/50/6
f 12689/13/1 12692/13/1 12691/13/1 12690/13/1
f 12693/13/2 12694/13/2 12695/13/2 12696/13/2
f 12689/13/3 12690/13/3 12694/13/3 12693/13/3
f 12692/13/4 12696/13/4 12695/13/4 12691/13/4
f 12689/13/5 12693/13/5 12696/13/5 12692/13/5
f 12690/13/6 12691/13/6 12695/13/6 12694/13/6
f 12697/38/1 12700/38/1 12699/38/1 12698/38/1
f 12701/38/2 12702/38/2 12703/38/2 12704/38/2
f 12697/38/3 12698/38/3 12702/38/3 12701/38/3
f 12700/38/4 12704/38/4 12703/38/4 12699/38/4
f 12697/38/5 12701/38/5 12704/38/5 12700/38/5
f 12698/38/6 12699/38/6 12703/38/6 12702/38/6
f 12705/20/1 12708/20/1 12707/20/1 12706/20/1
f 12709/20/2 12710/20/2 12711/20/2 12712/20/2
f 12705/20/3 12706/20/3 12710/20/3 12709/20/3
f 12708/20/4 12712/20/4 12711/20/4 12707/20/4
f 12705/20/5 12709/20/5 12712/20/5 12708/20/5
f 12706/20/6 12707/20/6 12711/20/6 12710/20/6
f 12713/50/1 12716/50/1 12715/50/1 12714/50/1
f 12717/50/2 12718/50/2 12719/50/2 12720/50/2
f 12713/50/3 12714/50/3 12718/50/3 12717/50/3
f 12716/50/4 12720/50/4 12719/50/4 12715/50/4
f 12713/50/5 12717/50/5 12720/50/5 12716/50/5
f 12714/50/6 12715/50/6 12719/50/6 12718/50/6
f 12721/13/1 12724/13/1 12723/13/1 12722/13/1
f 12725/13/2 12726/13/2 12727/13/2 12728/13/2
f 12721/13/3 12722/13/3 12726/13/3 12725/13/3
f 12724/13/4 12728/13/4 12727/13/4 12723/13/4
f 12721/13/5 12725/13/5 12728/13/5 12724/13/5
f 12722/13/6 12723/13/6 12727/13/6 12726/13/6
f 12729/38/1 12732/38/1 12731/38/1 12730/38/1
f 12733/38/2 12734/38/2 12735/38/2 12736/38/2
f 12729/38/3 12730/38/3 12734/38/3 12733/38/3
f 12732/38/4 12736/38/4 12735/38/4 12731/38/4
f 12729/38/5 12733/38/5 12736/38/5 12732/38/5
f 12730/38/6 12731/38/6 12735/38/6 12734/38/6
o SHELL_cabwall
usemtl palette
f 12737/12/1 12740/12/1 12739/12/1 12738/12/1
f 12741/12/2 12742/12/2 12743/12/2 12744/12/2
f 12737/12/3 12738/12/3 12742/12/3 12741/12/3
f 12740/12/4 12744/12/4 12743/12/4 12739/12/4
f 12737/12/5 12741/12/5 12744/12/5 12740/12/5
f 12738/12/6 12739/12/6 12743/12/6 12742/12/6
f 12745/12/1 12748/12/1 12747/12/1 12746/12/1
f 12749/12/2 12750/12/2 12751/12/2 12752/12/2
f 12745/12/3 12746/12/3 12750/12/3 12749/12/3
f 12748/12/4 12752/12/4 12751/12/4 12747/12/4
f 12745/12/5 12749/12/5 12752/12/5 12748/12/5
f 12746/12/6 12747/12/6 12751/12/6 12750/12/6
f 12753/12/1 12756/12/1 12755/12/1 12754/12/1
f 12757/12/2 12758/12/2 12759/12/2 12760/12/2
f 12753/12/3 12754/12/3 12758/12/3 12757/12/3
f 12756/12/4 12760/12/4 12759/12/4 12755/12/4
f 12753/12/5 12757/12/5 12760/12/5 12756/12/5
f 12754/12/6 12755/12/6 12759/12/6 12758/12/6
o SHELL_desk
usemtl palette
f 12761/11/1 12764/11/1 12763/11/1 12762/11/1
f 12765/11/2 12766/11/2 12767/11/2 12768/11/2
f 12761/11/3 12762/11/3 12766/11/3 12765/11/3
f 12764/11/4 12768/11/4 12767/11/4 12763/11/4
f 12761/11/5 12765/11/5 12768/11/5 12764/11/5
f 12762/11/6 12763/11/6 12767/11/6 12766/11/6
f 12769/30/1 12772/30/1 12771/30/1 12770/30/1
f 12773/30/2 12774/30/2 12775/30/2 12776/30/2
f 12769/30/3 12770/30/3 12774/30/3 12773/30/3
f 12772/30/4 12776/30/4 12775/30/4 12771/30/4
f 12769/30/5 12773/30/5 12776/30/5 12772/30/5
f 12770/30/6 12771/30/6 12775/30/6 12774/30/6
f 12777/10/1 12780/10/1 12779/10/1 12778/10/1
f 12781/10/2 12782/10/2 12783/10/2 12784/10/2
f 12777/10/3 12778/10/3 12782/10/3 12781/10/3
f 12780/10/4 12784/10/4 12783/10/4 12779/10/4
f 12777/10/5 12781/10/5 12784/10/5 12780/10/5
f 12778/10/6 12779/10/6 12783/10/6 12782/10/6
f 12785/14/1 12788/14/1 12787/14/1 12786/14/1
f 12789/14/2 12790/14/2 12791/14/2 12792/14/2
f 12785/14/3 12786/14/3 12790/14/3 12789/14/3
f 12788/14/4 12792/14/4 12791/14/4 12787/14/4
f 12785/14/5 12789/14/5 12792/14/5 12788/14/5
f 12786/14/6 12787/14/6 12791/14/6 12790/14/6
f 12793/10/1 12796/10/1 12795/10/1 12794/10/1
f 12797/10/2 12798/10/2 12799/10/2 12800/10/2
f 12793/10/3 12794/10/3 12798/10/3 12797/10/3
f 12796/10/4 12800/10/4 12799/10/4 12795/10/4
f 12793/10/5 12797/10/5 12800/10/5 12796/10/5
f 12794/10/6 12795/10/6 12799/10/6 12798/10/6
f 12801/46/1 12804/46/1 12803/46/1 12802/46/1
f 12805/46/2 12806/46/2 12807/46/2 12808/46/2
f 12801/46/3 12802/46/3 12806/46/3 12805/46/3
f 12804/46/4 12808/46/4 12807/46/4 12803/46/4
f 12801/46/5 12805/46/5 12808/46/5 12804/46/5
f 12802/46/6 12803/46/6 12807/46/6 12806/46/6
o THROTTLE_1_TL_0.12_X
usemtl palette
f 12809/35/1 12812/35/1 12811/35/1 12810/35/1
f 12813/35/2 12814/35/2 12815/35/2 12816/35/2
f 12809/35/3 12810/35/3 12814/35/3 12813/35/3
f 12812/35/4 12816/35/4 12815/35/4 12811/35/4
f 12809/35/5 12813/35/5 12816/35/5 12812/35/5
f 12810/35/6 12811/35/6 12815/35/6 12814/35/6
f 12817/50/1 12820/50/1 12819/50/1 12818/50/1
f 12821/50/2 12822/50/2 12823/50/2 12824/50/2
f 12817/50/3 12818/50/3 12822/50/3 12821/50/3
f 12820/50/4 12824/50/4 12823/50/4 12819/50/4
f 12817/50/5 12821/50/5 12824/50/5 12820/50/5
f 12818/50/6 12819/50/6 12823/50/6 12822/50/6
o TRAIN_BRAKE_1_TL_0.12_X
usemtl palette
f 12825/35/1 12828/35/1 12827/35/1 12826/35/1
f 12829/35/2 12830/35/2 12831/35/2 12832/35/2
f 12825/35/3 12826/35/3 12830/35/3 12829/35/3
f 12828/35/4 12832/35/4 12831/35/4 12827/35/4
f 12825/35/5 12829/35/5 12832/35/5 12828/35/5
f 12826/35/6 12827/35/6 12831/35/6 12830/35/6
f 12833/38/1 12836/38/1 12835/38/1 12834/38/1
f 12837/38/2 12838/38/2 12839/38/2 12840/38/2
f 12833/38/3 12834/38/3 12838/38/3 12837/38/3
f 12836/38/4 12840/38/4 12839/38/4 12835/38/4
f 12833/38/5 12837/38/5 12840/38/5 12836/38/5
f 12834/38/6 12835/38/6 12839/38/6 12838/38/6
o REVERSER_1_TL_0.08_X
usemtl palette
f 12841/13/1 12844/13/1 12843/13/1 12842/13/1
f 12845/13/2 12846/13/2 12847/13/2 12848/13/2
f 12841/13/3 12842/13/3 12846/13/3 12845/13/3
f 12844/13/4 12848/13/4 12847/13/4 12843/13/4
f 12841/13/5 12845/13/5 12848/13/5 12844/13/5
f 12842/13/6 12843/13/6 12847/13/6 12846/13/6
o HORN_CONTROL_1_PRESS
usemtl palette
f 12849/38/1 12852/38/1 12851/38/1 12850/38/1
f 12853/38/2 12854/38/2 12855/38/2 12856/38/2
f 12849/38/3 12850/38/3 12854/38/3 12853/38/3
f 12852/38/4 12856/38/4 12855/38/4 12851/38/4
f 12849/38/5 12853/38/5 12856/38/5 12852/38/5
f 12850/38/6 12851/38/6 12855/38/6 12854/38/6
o BELL_CONTROL_1_PRESS
usemtl palette
f 12857/13/1 12860/13/1 12859/13/1 12858/13/1
f 12861/13/2 12862/13/2 12863/13/2 12864/13/2
f 12857/13/3 12858/13/3 12862/13/3 12861/13/3
f 12860/13/4 12864/13/4 12863/13/4 12859/13/4
f 12857/13/5 12861/13/5 12864/13/5 12860/13/5
f 12858/13/6 12859/13/6 12863/13/6 12862/13/6
o SHELL_cabseat
usemtl palette
f 12865/36/1 12868/36/1 12867/36/1 12866/36/1
f 12869/36/2 12870/36/2 12871/36/2 12872/36/2
f 12865/36/3 12866/36/3 12870/36/3 12869/36/3
f 12868/36/4 12872/36/4 12871/36/4 12867/36/4
f 12865/36/5 12869/36/5 12872/36/5 12868/36/5
f 12866/36/6 12867/36/6 12871/36/6 12870/36/6
f 12873/7/1 12876/7/1 12875/7/1 12874/7/1
f 12877/7/2 12878/7/2 12879/7/2 12880/7/2
f 12873/7/3 12874/7/3 12878/7/3 12877/7/3
f 12876/7/4 12880/7/4 12879/7/4 12875/7/4
f 12873/7/5 12877/7/5 12880/7/5 12876/7/5
f 12874/7/6 12875/7/6 12879/7/6 12878/7/6
f 12881/36/1 12884/36/1 12883/36/1 12882/36/1
f 12885/36/2 12886/36/2 12887/36/2 12888/36/2
f 12881/36/3 12882/36/3 12886/36/3 12885/36/3
f 12884/36/4 12888/36/4 12887/36/4 12883/36/4
f 12881/36/5 12885/36/5 12888/36/5 12884/36/5
f 12882/36/6 12883/36/6 12887/36/6 12886/36/6
o SEAT_49
usemtl palette
f 12889/7/1 12892/7/1 12891/7/1 12890/7/1
f 12893/7/2 12894/7/2 12895/7/2 12896/7/2
f 12889/7/3 12890/7/3 12894/7/3 12893/7/3
f 12892/7/4 12896/7/4 12895/7/4 12891/7/4
f 12889/7/5 12893/7/5 12896/7/5 12892/7/5
f 12890/7/6 12891/7/6 12895/7/6 12894/7/6
o SEAT_50
usemtl palette
f 12897/7/1 12900/7/1 12899/7/1 12898/7/1
f 12901/7/2 12902/7/2 12903/7/2 12904/7/2
f 12897/7/3 12898/7/3 12902/7/3 12901/7/3
f 12900/7/4 12904/7/4 12903/7/4 12899/7/4
f 12897/7/5 12901/7/5 12904/7/5 12900/7/5
f 12898/7/6 12899/7/6 12903/7/6 12902/7/6
