# Pride Rail - azur_front (generated by tools/voxtrain.py; Blockbench project in blockbench/)
mtllib azur_front.mtl
v -8.4500 0.6200 -0.9150
v -8.1996 0.6200 -0.9150
v -8.1996 0.7210 -0.9150
v -8.4500 0.7210 -0.9150
v -8.4500 0.6200 0.9150
v -8.1996 0.6200 0.9150
v -8.1996 0.7210 0.9150
v -8.4500 0.7210 0.9150
v -8.1996 0.6200 -0.9700
v -8.0744 0.6200 -0.9700
v -8.0744 0.7210 -0.9700
v -8.1996 0.7210 -0.9700
v -8.1996 0.6200 0.9700
v -8.0744 0.6200 0.9700
v -8.0744 0.7210 0.9700
v -8.1996 0.7210 0.9700
v -4.5693 0.6200 -1.0050
v 4.5693 0.6200 -1.0050
v 4.5693 0.7210 -1.0050
v -4.5693 0.7210 -1.0050
v -4.5693 0.6200 1.0050
v 4.5693 0.6200 1.0050
v 4.5693 0.7210 1.0050
v -4.5693 0.7210 1.0050
v -8.4500 0.7210 -1.0160
v -8.1996 0.7210 -1.0160
v -8.1996 0.8221 -1.0160
v -8.4500 0.8221 -1.0160
v -8.4500 0.7210 1.0160
v -8.1996 0.7210 1.0160
v -8.1996 0.8221 1.0160
v -8.4500 0.8221 1.0160
v -8.1996 0.7210 -1.0710
v -8.0744 0.7210 -1.0710
v -8.0744 0.8221 -1.0710
v -8.1996 0.8221 -1.0710
v -8.1996 0.7210 1.0710
v -8.0744 0.7210 1.0710
v -8.0744 0.8221 1.0710
v -8.1996 0.8221 1.0710
v -4.5693 0.7210 -1.1060
v 2.1907 0.7210 -1.1060
v 2.1907 0.8221 -1.1060
v -4.5693 0.8221 -1.1060
v -4.5693 0.7210 1.1060
v 2.1907 0.7210 1.1060
v 2.1907 0.8221 1.1060
v -4.5693 0.8221 1.1060
v 2.1907 0.7210 -1.1060
v 2.3159 0.7210 -1.1060
v 2.3159 0.8221 -1.1060
v 2.1907 0.8221 -1.1060
v 2.1907 0.7210 1.1060
v 2.3159 0.7210 1.1060
v 2.3159 0.8221 1.1060
v 2.1907 0.8221 1.1060
v 2.3159 0.7210 -1.1060
v 4.5693 0.7210 -1.1060
v 4.5693 0.8221 -1.1060
v 2.3159 0.8221 -1.1060
v 2.3159 0.7210 1.1060
v 4.5693 0.7210 1.1060
v 4.5693 0.8221 1.1060
v 2.3159 0.8221 1.1060
v 8.0744 0.7210 -1.0300
v 8.1996 0.7210 -1.0300
v 8.1996 0.8221 -1.0300
v 8.0744 0.8221 -1.0300
v 8.0744 0.7210 1.0300
v 8.1996 0.7210 1.0300
v 8.1996 0.8221 1.0300
v 8.0744 0.8221 1.0300
v 8.1996 0.7210 -1.0050
v 8.3248 0.7210 -1.0050
v 8.3248 0.8221 -1.0050
v 8.1996 0.8221 -1.0050
v 8.1996 0.7210 1.0050
v 8.3248 0.7210 1.0050
v 8.3248 0.8221 1.0050
v 8.1996 0.8221 1.0050
v 8.3248 0.7210 -0.9750
v 8.4500 0.7210 -0.9750
v 8.4500 0.8221 -0.9750
v 8.3248 0.8221 -0.9750
v 8.3248 0.7210 0.9750
v 8.4500 0.7210 0.9750
v 8.4500 0.8221 0.9750
v 8.3248 0.8221 0.9750
v -8.4500 0.8221 -1.0780
v -8.1996 0.8221 -1.0780
v -8.1996 0.9231 -1.0780
v -8.4500 0.9231 -1.0780
v -8.4500 0.8221 1.0780
v -8.1996 0.8221 1.0780
v -8.1996 0.9231 1.0780
v -8.4500 0.9231 1.0780
v -8.1996 0.8221 -1.1330
v -8.0744 0.8221 -1.1330
v -8.0744 0.9231 -1.1330
v -8.1996 0.9231 -1.1330
v -8.1996 0.8221 1.1330
v -8.0744 0.8221 1.1330
v -8.0744 0.9231 1.1330
v -8.1996 0.9231 1.1330
v -4.5693 0.8221 -1.1680
v -4.1937 0.8221 -1.1680
v -4.1937 0.9231 -1.1680
v -4.5693 0.9231 -1.1680
v -4.5693 0.8221 1.1680
v -4.1937 0.8221 1.1680
v -4.1937 0.9231 1.1680
v -4.5693 0.9231 1.1680
v -4.1937 0.8221 -1.1680
v -1.1893 0.8221 -1.1680
v -1.1893 0.9231 -1.1680
v -4.1937 0.9231 -1.1680
v -4.1937 0.8221 1.1680
v -1.1893 0.8221 1.1680
v -1.1893 0.9231 1.1680
v -4.1937 0.9231 1.1680
v -1.1893 0.8221 -1.1680
v 0.3130 0.8221 -1.1680
v 0.3130 0.9231 -1.1680
v -1.1893 0.9231 -1.1680
v -1.1893 0.8221 1.1680
v 0.3130 0.8221 1.1680
v 0.3130 0.9231 1.1680
v -1.1893 0.9231 1.1680
v 0.3130 0.8221 -1.1680
v 3.1922 0.8221 -1.1680
v 3.1922 0.9231 -1.1680
v 0.3130 0.9231 -1.1680
v 0.3130 0.8221 1.1680
v 3.1922 0.8221 1.1680
v 3.1922 0.9231 1.1680
v 0.3130 0.9231 1.1680
v 3.1922 0.8221 -1.1680
v 4.5693 0.8221 -1.1680
v 4.5693 0.9231 -1.1680
v 3.1922 0.9231 -1.1680
v 3.1922 0.8221 1.1680
v 4.5693 0.8221 1.1680
v 4.5693 0.9231 1.1680
v 3.1922 0.9231 1.1680
v 8.0744 0.8221 -1.0880
v 8.1996 0.8221 -1.0880
v 8.1996 0.9231 -1.0880
v 8.0744 0.9231 -1.0880
v 8.0744 0.8221 1.0880
v 8.1996 0.8221 1.0880
v 8.1996 0.9231 1.0880
v 8.0744 0.9231 1.0880
v 8.1996 0.8221 -1.0610
v 8.3248 0.8221 -1.0610
v 8.3248 0.9231 -1.0610
v 8.1996 0.9231 -1.0610
v 8.1996 0.8221 1.0610
v 8.3248 0.8221 1.0610
v 8.3248 0.9231 1.0610
v 8.1996 0.9231 1.0610
v 8.3248 0.8221 -1.0290
v 8.4500 0.8221 -1.0290
v 8.4500 0.9231 -1.0290
v 8.3248 0.9231 -1.0290
v 8.3248 0.8221 1.0290
v 8.4500 0.8221 1.0290
v 8.4500 0.9231 1.0290
v 8.3248 0.9231 1.0290
v -8.4500 0.9231 1.0900
v -8.1996 0.9231 1.0900
v -8.1996 2.9438 1.0900
v -8.4500 2.9438 1.0900
v -8.4500 0.9231 1.1600
v -8.1996 0.9231 1.1600
v -8.1996 2.9438 1.1600
v -8.4500 2.9438 1.1600
v -8.4500 0.9231 -1.1600
v -8.1996 0.9231 -1.1600
v -8.1996 2.9438 -1.1600
v -8.4500 2.9438 -1.1600
v -8.4500 0.9231 -1.0900
v -8.1996 0.9231 -1.0900
v -8.1996 2.9438 -1.0900
v -8.4500 2.9438 -1.0900
v -8.1996 0.9231 1.1450
v -8.0744 0.9231 1.1450
v -8.0744 1.0241 1.1450
v -8.1996 1.0241 1.1450
v -8.1996 0.9231 1.2150
v -8.0744 0.9231 1.2150
v -8.0744 1.0241 1.2150
v -8.1996 1.0241 1.2150
v -8.1996 0.9231 -1.2150
v -8.0744 0.9231 -1.2150
v -8.0744 1.0241 -1.2150
v -8.1996 1.0241 -1.2150
v -8.1996 0.9231 -1.1450
v -8.0744 0.9231 -1.1450
v -8.0744 1.0241 -1.1450
v -8.1996 1.0241 -1.1450
v -8.0744 0.9231 1.1800
v -5.5707 0.9231 1.1800
v -5.5707 1.0241 1.1800
v -8.0744 1.0241 1.1800
v -8.0744 0.9231 1.2500
v -5.5707 0.9231 1.2500
v -5.5707 1.0241 1.2500
v -8.0744 1.0241 1.2500
v -8.0744 0.9231 -1.2500
v -5.5707 0.9231 -1.2500
v -5.5707 1.0241 -1.2500
v -8.0744 1.0241 -1.2500
v -8.0744 0.9231 -1.1800
v -5.5707 0.9231 -1.1800
v -5.5707 1.0241 -1.1800
v -8.0744 1.0241 -1.1800
v -4.1937 0.9231 1.1800
v -1.1893 0.9231 1.1800
v -1.1893 1.0241 1.1800
v -4.1937 1.0241 1.1800
v -4.1937 0.9231 1.2500
v -1.1893 0.9231 1.2500
v -1.1893 1.0241 1.2500
v -4.1937 1.0241 1.2500
v -4.1937 0.9231 -1.2500
v -1.1893 0.9231 -1.2500
v -1.1893 1.0241 -1.2500
v -4.1937 1.0241 -1.2500
v -4.1937 0.9231 -1.1800
v -1.1893 0.9231 -1.1800
v -1.1893 1.0241 -1.1800
v -4.1937 1.0241 -1.1800
v 0.3130 0.9231 1.1800
v 3.1922 0.9231 1.1800
v 3.1922 1.0241 1.1800
v 0.3130 1.0241 1.1800
v 0.3130 0.9231 1.2500
v 3.1922 0.9231 1.2500
v 3.1922 1.0241 1.2500
v 0.3130 1.0241 1.2500
v 0.3130 0.9231 -1.2500
v 3.1922 0.9231 -1.2500
v 3.1922 1.0241 -1.2500
v 0.3130 1.0241 -1.2500
v 0.3130 0.9231 -1.1800
v 3.1922 0.9231 -1.1800
v 3.1922 1.0241 -1.1800
v 0.3130 1.0241 -1.1800
v 4.6944 0.9231 1.1800
v 7.3233 0.9231 1.1800
v 7.3233 1.0241 1.1800
v 4.6944 1.0241 1.1800
v 4.6944 0.9231 1.2500
v 7.3233 0.9231 1.2500
v 7.3233 1.0241 1.2500
v 4.6944 1.0241 1.2500
v 4.6944 0.9231 -1.2500
v 7.3233 0.9231 -1.2500
v 7.3233 1.0241 -1.2500
v 4.6944 1.0241 -1.2500
v 4.6944 0.9231 -1.1800
v 7.3233 0.9231 -1.1800
v 7.3233 1.0241 -1.1800
v 4.6944 1.0241 -1.1800
v 7.3233 0.9231 1.1790
v 7.4485 0.9231 1.1790
v 7.4485 1.0241 1.1790
v 7.3233 1.0241 1.1790
v 7.3233 0.9231 1.2490
v 7.4485 0.9231 1.2490
v 7.4485 1.0241 1.2490
v 7.3233 1.0241 1.2490
v 7.3233 0.9231 -1.2490
v 7.4485 0.9231 -1.2490
v 7.4485 1.0241 -1.2490
v 7.3233 1.0241 -1.2490
v 7.3233 0.9231 -1.1790
v 7.4485 0.9231 -1.1790
v 7.4485 1.0241 -1.1790
v 7.3233 1.0241 -1.1790
v 7.4485 0.9231 1.1750
v 7.5737 0.9231 1.1750
v 7.5737 1.0241 1.1750
v 7.4485 1.0241 1.1750
v 7.4485 0.9231 1.2450
v 7.5737 0.9231 1.2450
v 7.5737 1.0241 1.2450
v 7.4485 1.0241 1.2450
v 7.4485 0.9231 -1.2450
v 7.5737 0.9231 -1.2450
v 7.5737 1.0241 -1.2450
v 7.4485 1.0241 -1.2450
v 7.4485 0.9231 -1.1750
v 7.5737 0.9231 -1.1750
v 7.5737 1.0241 -1.1750
v 7.4485 1.0241 -1.1750
v 7.5737 0.9231 1.1670
v 7.6989 0.9231 1.1670
v 7.6989 1.0241 1.1670
v 7.5737 1.0241 1.1670
v 7.5737 0.9231 1.2370
v 7.6989 0.9231 1.2370
v 7.6989 1.0241 1.2370
v 7.5737 1.0241 1.2370
v 7.5737 0.9231 -1.2370
v 7.6989 0.9231 -1.2370
v 7.6989 1.0241 -1.2370
v 7.5737 1.0241 -1.2370
v 7.5737 0.9231 -1.1670
v 7.6989 0.9231 -1.1670
v 7.6989 1.0241 -1.1670
v 7.5737 1.0241 -1.1670
v 7.6989 0.9231 1.1550
v 7.8241 0.9231 1.1550
v 7.8241 1.0241 1.1550
v 7.6989 1.0241 1.1550
v 7.6989 0.9231 1.2250
v 7.8241 0.9231 1.2250
v 7.8241 1.0241 1.2250
v 7.6989 1.0241 1.2250
v 7.6989 0.9231 -1.2250
v 7.8241 0.9231 -1.2250
v 7.8241 1.0241 -1.2250
v 7.6989 1.0241 -1.2250
v 7.6989 0.9231 -1.1550
v 7.8241 0.9231 -1.1550
v 7.8241 1.0241 -1.1550
v 7.6989 1.0241 -1.1550
v 7.8241 0.9231 1.1390
v 7.9493 0.9231 1.1390
v 7.9493 1.0241 1.1390
v 7.8241 1.0241 1.1390
v 7.8241 0.9231 1.2090
v 7.9493 0.9231 1.2090
v 7.9493 1.0241 1.2090
v 7.8241 1.0241 1.2090
v 7.8241 0.9231 -1.2090
v 7.9493 0.9231 -1.2090
v 7.9493 1.0241 -1.2090
v 7.8241 1.0241 -1.2090
v 7.8241 0.9231 -1.1390
v 7.9493 0.9231 -1.1390
v 7.9493 1.0241 -1.1390
v 7.8241 1.0241 -1.1390
v 7.9493 0.9231 1.1190
v 8.0744 0.9231 1.1190
v 8.0744 1.0241 1.1190
v 7.9493 1.0241 1.1190
v 7.9493 0.9231 1.1890
v 8.0744 0.9231 1.1890
v 8.0744 1.0241 1.1890
v 7.9493 1.0241 1.1890
v 7.9493 0.9231 -1.1890
v 8.0744 0.9231 -1.1890
v 8.0744 1.0241 -1.1890
v 7.9493 1.0241 -1.1890
v 7.9493 0.9231 -1.1190
v 8.0744 0.9231 -1.1190
v 8.0744 1.0241 -1.1190
v 7.9493 1.0241 -1.1190
v 8.0744 0.9231 1.0940
v 8.1996 0.9231 1.0940
v 8.1996 1.0241 1.0940
v 8.0744 1.0241 1.0940
v 8.0744 0.9231 1.1640
v 8.1996 0.9231 1.1640
v 8.1996 1.0241 1.1640
v 8.0744 1.0241 1.1640
v 8.0744 0.9231 -1.1640
v 8.1996 0.9231 -1.1640
v 8.1996 1.0241 -1.1640
v 8.0744 1.0241 -1.1640
v 8.0744 0.9231 -1.0940
v 8.1996 0.9231 -1.0940
v 8.1996 1.0241 -1.0940
v 8.0744 1.0241 -1.0940
v 8.1996 0.9231 1.0650
v 8.3248 0.9231 1.0650
v 8.3248 1.0241 1.0650
v 8.1996 1.0241 1.0650
v 8.1996 0.9231 1.1350
v 8.3248 0.9231 1.1350
v 8.3248 1.0241 1.1350
v 8.1996 1.0241 1.1350
v 8.1996 0.9231 -1.1350
v 8.3248 0.9231 -1.1350
v 8.3248 1.0241 -1.1350
v 8.1996 1.0241 -1.1350
v 8.1996 0.9231 -1.0650
v 8.3248 0.9231 -1.0650
v 8.3248 1.0241 -1.0650
v 8.1996 1.0241 -1.0650
v 8.3248 0.9231 1.0310
v 8.4500 0.9231 1.0310
v 8.4500 1.0241 1.0310
v 8.3248 1.0241 1.0310
v 8.3248 0.9231 1.1010
v 8.4500 0.9231 1.1010
v 8.4500 1.0241 1.1010
v 8.3248 1.0241 1.1010
v 8.3248 0.9231 -1.1010
v 8.4500 0.9231 -1.1010
v 8.4500 1.0241 -1.1010
v 8.3248 1.0241 -1.1010
v 8.3248 0.9231 -1.0310
v 8.4500 0.9231 -1.0310
v 8.4500 1.0241 -1.0310
v 8.3248 1.0241 -1.0310
v -8.1996 1.0241 1.1450
v -8.0744 1.0241 1.1450
v -8.0744 1.1252 1.1450
v -8.1996 1.1252 1.1450
v -8.1996 1.0241 1.2150
v -8.0744 1.0241 1.2150
v -8.0744 1.1252 1.2150
v -8.1996 1.1252 1.2150
v -8.1996 1.0241 -1.2150
v -8.0744 1.0241 -1.2150
v -8.0744 1.1252 -1.2150
v -8.1996 1.1252 -1.2150
v -8.1996 1.0241 -1.1450
v -8.0744 1.0241 -1.1450
v -8.0744 1.1252 -1.1450
v -8.1996 1.1252 -1.1450
v -8.0744 1.0241 1.1800
v -5.5707 1.0241 1.1800
v -5.5707 1.1252 1.1800
v -8.0744 1.1252 1.1800
v -8.0744 1.0241 1.2500
v -5.5707 1.0241 1.2500
v -5.5707 1.1252 1.2500
v -8.0744 1.1252 1.2500
v -8.0744 1.0241 -1.2500
v -5.5707 1.0241 -1.2500
v -5.5707 1.1252 -1.2500
v -8.0744 1.1252 -1.2500
v -8.0744 1.0241 -1.1800
v -5.5707 1.0241 -1.1800
v -5.5707 1.1252 -1.1800
v -8.0744 1.1252 -1.1800
v -4.1937 1.0241 1.1800
v -1.1893 1.0241 1.1800
v -1.1893 1.1252 1.1800
v -4.1937 1.1252 1.1800
v -4.1937 1.0241 1.2500
v -1.1893 1.0241 1.2500
v -1.1893 1.1252 1.2500
v -4.1937 1.1252 1.2500
v -4.1937 1.0241 -1.2500
v -1.1893 1.0241 -1.2500
v -1.1893 1.1252 -1.2500
v -4.1937 1.1252 -1.2500
v -4.1937 1.0241 -1.1800
v -1.1893 1.0241 -1.1800
v -1.1893 1.1252 -1.1800
v -4.1937 1.1252 -1.1800
v 0.3130 1.0241 1.1800
v 3.1922 1.0241 1.1800
v 3.1922 1.1252 1.1800
v 0.3130 1.1252 1.1800
v 0.3130 1.0241 1.2500
v 3.1922 1.0241 1.2500
v 3.1922 1.1252 1.2500
v 0.3130 1.1252 1.2500
v 0.3130 1.0241 -1.2500
v 3.1922 1.0241 -1.2500
v 3.1922 1.1252 -1.2500
v 0.3130 1.1252 -1.2500
v 0.3130 1.0241 -1.1800
v 3.1922 1.0241 -1.1800
v 3.1922 1.1252 -1.1800
v 0.3130 1.1252 -1.1800
v 4.6944 1.0241 1.1800
v 7.3233 1.0241 1.1800
v 7.3233 1.1252 1.1800
v 4.6944 1.1252 1.1800
v 4.6944 1.0241 1.2500
v 7.3233 1.0241 1.2500
v 7.3233 1.1252 1.2500
v 4.6944 1.1252 1.2500
v 4.6944 1.0241 -1.2500
v 7.3233 1.0241 -1.2500
v 7.3233 1.1252 -1.2500
v 4.6944 1.1252 -1.2500
v 4.6944 1.0241 -1.1800
v 7.3233 1.0241 -1.1800
v 7.3233 1.1252 -1.1800
v 4.6944 1.1252 -1.1800
v 7.3233 1.0241 1.1790
v 7.4485 1.0241 1.1790
v 7.4485 1.1252 1.1790
v 7.3233 1.1252 1.1790
v 7.3233 1.0241 1.2490
v 7.4485 1.0241 1.2490
v 7.4485 1.1252 1.2490
v 7.3233 1.1252 1.2490
v 7.3233 1.0241 -1.2490
v 7.4485 1.0241 -1.2490
v 7.4485 1.1252 -1.2490
v 7.3233 1.1252 -1.2490
v 7.3233 1.0241 -1.1790
v 7.4485 1.0241 -1.1790
v 7.4485 1.1252 -1.1790
v 7.3233 1.1252 -1.1790
v 7.4485 1.0241 1.1750
v 7.5737 1.0241 1.1750
v 7.5737 1.1252 1.1750
v 7.4485 1.1252 1.1750
v 7.4485 1.0241 1.2450
v 7.5737 1.0241 1.2450
v 7.5737 1.1252 1.2450
v 7.4485 1.1252 1.2450
v 7.4485 1.0241 -1.2450
v 7.5737 1.0241 -1.2450
v 7.5737 1.1252 -1.2450
v 7.4485 1.1252 -1.2450
v 7.4485 1.0241 -1.1750
v 7.5737 1.0241 -1.1750
v 7.5737 1.1252 -1.1750
v 7.4485 1.1252 -1.1750
v 7.5737 1.0241 1.1670
v 7.6989 1.0241 1.1670
v 7.6989 1.1252 1.1670
v 7.5737 1.1252 1.1670
v 7.5737 1.0241 1.2370
v 7.6989 1.0241 1.2370
v 7.6989 1.1252 1.2370
v 7.5737 1.1252 1.2370
v 7.5737 1.0241 -1.2370
v 7.6989 1.0241 -1.2370
v 7.6989 1.1252 -1.2370
v 7.5737 1.1252 -1.2370
v 7.5737 1.0241 -1.1670
v 7.6989 1.0241 -1.1670
v 7.6989 1.1252 -1.1670
v 7.5737 1.1252 -1.1670
v 7.6989 1.0241 1.1550
v 7.8241 1.0241 1.1550
v 7.8241 1.1252 1.1550
v 7.6989 1.1252 1.1550
v 7.6989 1.0241 1.2250
v 7.8241 1.0241 1.2250
v 7.8241 1.1252 1.2250
v 7.6989 1.1252 1.2250
v 7.6989 1.0241 -1.2250
v 7.8241 1.0241 -1.2250
v 7.8241 1.1252 -1.2250
v 7.6989 1.1252 -1.2250
v 7.6989 1.0241 -1.1550
v 7.8241 1.0241 -1.1550
v 7.8241 1.1252 -1.1550
v 7.6989 1.1252 -1.1550
v 7.8241 1.0241 1.1390
v 7.9493 1.0241 1.1390
v 7.9493 1.1252 1.1390
v 7.8241 1.1252 1.1390
v 7.8241 1.0241 1.2090
v 7.9493 1.0241 1.2090
v 7.9493 1.1252 1.2090
v 7.8241 1.1252 1.2090
v 7.8241 1.0241 -1.2090
v 7.9493 1.0241 -1.2090
v 7.9493 1.1252 -1.2090
v 7.8241 1.1252 -1.2090
v 7.8241 1.0241 -1.1390
v 7.9493 1.0241 -1.1390
v 7.9493 1.1252 -1.1390
v 7.8241 1.1252 -1.1390
v 7.9493 1.0241 1.1190
v 8.0744 1.0241 1.1190
v 8.0744 1.1252 1.1190
v 7.9493 1.1252 1.1190
v 7.9493 1.0241 1.1890
v 8.0744 1.0241 1.1890
v 8.0744 1.1252 1.1890
v 7.9493 1.1252 1.1890
v 7.9493 1.0241 -1.1890
v 8.0744 1.0241 -1.1890
v 8.0744 1.1252 -1.1890
v 7.9493 1.1252 -1.1890
v 7.9493 1.0241 -1.1190
v 8.0744 1.0241 -1.1190
v 8.0744 1.1252 -1.1190
v 7.9493 1.1252 -1.1190
v 8.0744 1.0241 1.0940
v 8.1996 1.0241 1.0940
v 8.1996 1.1252 1.0940
v 8.0744 1.1252 1.0940
v 8.0744 1.0241 1.1640
v 8.1996 1.0241 1.1640
v 8.1996 1.1252 1.1640
v 8.0744 1.1252 1.1640
v 8.0744 1.0241 -1.1640
v 8.1996 1.0241 -1.1640
v 8.1996 1.1252 -1.1640
v 8.0744 1.1252 -1.1640
v 8.0744 1.0241 -1.0940
v 8.1996 1.0241 -1.0940
v 8.1996 1.1252 -1.0940
v 8.0744 1.1252 -1.0940
v 8.1996 1.0241 1.0650
v 8.3248 1.0241 1.0650
v 8.3248 1.1252 1.0650
v 8.1996 1.1252 1.0650
v 8.1996 1.0241 1.1350
v 8.3248 1.0241 1.1350
v 8.3248 1.1252 1.1350
v 8.1996 1.1252 1.1350
v 8.1996 1.0241 -1.1350
v 8.3248 1.0241 -1.1350
v 8.3248 1.1252 -1.1350
v 8.1996 1.1252 -1.1350
v 8.1996 1.0241 -1.0650
v 8.3248 1.0241 -1.0650
v 8.3248 1.1252 -1.0650
v 8.1996 1.1252 -1.0650
v 8.3248 1.0241 1.0310
v 8.4500 1.0241 1.0310
v 8.4500 1.1252 1.0310
v 8.3248 1.1252 1.0310
v 8.3248 1.0241 1.1010
v 8.4500 1.0241 1.1010
v 8.4500 1.1252 1.1010
v 8.3248 1.1252 1.1010
v 8.3248 1.0241 -1.1010
v 8.4500 1.0241 -1.1010
v 8.4500 1.1252 -1.1010
v 8.3248 1.1252 -1.1010
v 8.3248 1.0241 -1.0310
v 8.4500 1.0241 -1.0310
v 8.4500 1.1252 -1.0310
v 8.3248 1.1252 -1.0310
v -8.1996 1.1252 1.1450
v -8.0744 1.1252 1.1450
v -8.0744 1.5293 1.1450
v -8.1996 1.5293 1.1450
v -8.1996 1.1252 1.2150
v -8.0744 1.1252 1.2150
v -8.0744 1.5293 1.2150
v -8.1996 1.5293 1.2150
v -8.1996 2.5397 1.1450
v -8.0744 2.5397 1.1450
v -8.0744 2.9438 1.1450
v -8.1996 2.9438 1.1450
v -8.1996 2.5397 1.2150
v -8.0744 2.5397 1.2150
v -8.0744 2.9438 1.2150
v -8.1996 2.9438 1.2150
v -8.1996 1.1252 -1.2150
v -8.0744 1.1252 -1.2150
v -8.0744 1.5293 -1.2150
v -8.1996 1.5293 -1.2150
v -8.1996 1.1252 -1.1450
v -8.0744 1.1252 -1.1450
v -8.0744 1.5293 -1.1450
v -8.1996 1.5293 -1.1450
v -8.1996 2.5397 -1.2150
v -8.0744 2.5397 -1.2150
v -8.0744 2.9438 -1.2150
v -8.1996 2.9438 -1.2150
v -8.1996 2.5397 -1.1450
v -8.0744 2.5397 -1.1450
v -8.0744 2.9438 -1.1450
v -8.1996 2.9438 -1.1450
v -8.0744 1.1252 1.1800
v -5.5707 1.1252 1.1800
v -5.5707 1.5293 1.1800
v -8.0744 1.5293 1.1800
v -8.0744 1.1252 1.2500
v -5.5707 1.1252 1.2500
v -5.5707 1.5293 1.2500
v -8.0744 1.5293 1.2500
v -8.0744 2.5397 1.1800
v -5.5707 2.5397 1.1800
v -5.5707 2.7417 1.1800
v -8.0744 2.7417 1.1800
v -8.0744 2.5397 1.2500
v -5.5707 2.5397 1.2500
v -5.5707 2.7417 1.2500
v -8.0744 2.7417 1.2500
v -8.0744 1.1252 -1.2500
v -5.5707 1.1252 -1.2500
v -5.5707 1.5293 -1.2500
v -8.0744 1.5293 -1.2500
v -8.0744 1.1252 -1.1800
v -5.5707 1.1252 -1.1800
v -5.5707 1.5293 -1.1800
v -8.0744 1.5293 -1.1800
v -8.0744 2.5397 -1.2500
v -5.5707 2.5397 -1.2500
v -5.5707 2.7417 -1.2500
v -8.0744 2.7417 -1.2500
v -8.0744 2.5397 -1.1800
v -5.5707 2.5397 -1.1800
v -5.5707 2.7417 -1.1800
v -8.0744 2.7417 -1.1800
v -4.1937 1.1252 1.1800
v -1.1893 1.1252 1.1800
v -1.1893 1.5293 1.1800
v -4.1937 1.5293 1.1800
v -4.1937 1.1252 1.2500
v -1.1893 1.1252 1.2500
v -1.1893 1.5293 1.2500
v -4.1937 1.5293 1.2500
v -4.1937 2.5397 1.1800
v -1.1893 2.5397 1.1800
v -1.1893 2.7417 1.1800
v -4.1937 2.7417 1.1800
v -4.1937 2.5397 1.2500
v -1.1893 2.5397 1.2500
v -1.1893 2.7417 1.2500
v -4.1937 2.7417 1.2500
v -4.1937 1.1252 -1.2500
v -1.1893 1.1252 -1.2500
v -1.1893 1.5293 -1.2500
v -4.1937 1.5293 -1.2500
v -4.1937 1.1252 -1.1800
v -1.1893 1.1252 -1.1800
v -1.1893 1.5293 -1.1800
v -4.1937 1.5293 -1.1800
v -4.1937 2.5397 -1.2500
v -1.1893 2.5397 -1.2500
v -1.1893 2.7417 -1.2500
v -4.1937 2.7417 -1.2500
v -4.1937 2.5397 -1.1800
v -1.1893 2.5397 -1.1800
v -1.1893 2.7417 -1.1800
v -4.1937 2.7417 -1.1800
v 0.3130 1.1252 1.1800
v 3.1922 1.1252 1.1800
v 3.1922 1.5293 1.1800
v 0.3130 1.5293 1.1800
v 0.3130 1.1252 1.2500
v 3.1922 1.1252 1.2500
v 3.1922 1.5293 1.2500
v 0.3130 1.5293 1.2500
v 0.3130 2.5397 1.1800
v 3.1922 2.5397 1.1800
v 3.1922 2.7417 1.1800
v 0.3130 2.7417 1.1800
v 0.3130 2.5397 1.2500
v 3.1922 2.5397 1.2500
v 3.1922 2.7417 1.2500
v 0.3130 2.7417 1.2500
v 0.3130 1.1252 -1.2500
v 3.1922 1.1252 -1.2500
v 3.1922 1.5293 -1.2500
v 0.3130 1.5293 -1.2500
v 0.3130 1.1252 -1.1800
v 3.1922 1.1252 -1.1800
v 3.1922 1.5293 -1.1800
v 0.3130 1.5293 -1.1800
v 0.3130 2.5397 -1.2500
v 3.1922 2.5397 -1.2500
v 3.1922 2.7417 -1.2500
v 0.3130 2.7417 -1.2500
v 0.3130 2.5397 -1.1800
v 3.1922 2.5397 -1.1800
v 3.1922 2.7417 -1.1800
v 0.3130 2.7417 -1.1800
v 4.6944 1.1252 1.1800
v 7.3233 1.1252 1.1800
v 7.3233 1.5293 1.1800
v 4.6944 1.5293 1.1800
v 4.6944 1.1252 1.2500
v 7.3233 1.1252 1.2500
v 7.3233 1.5293 1.2500
v 4.6944 1.5293 1.2500
v 4.6944 2.5397 1.1800
v 7.3233 2.5397 1.1800
v 7.3233 2.7417 1.1800
v 4.6944 2.7417 1.1800
v 4.6944 2.5397 1.2500
v 7.3233 2.5397 1.2500
v 7.3233 2.7417 1.2500
v 4.6944 2.7417 1.2500
v 4.6944 1.1252 -1.2500
v 7.3233 1.1252 -1.2500
v 7.3233 1.5293 -1.2500
v 4.6944 1.5293 -1.2500
v 4.6944 1.1252 -1.1800
v 7.3233 1.1252 -1.1800
v 7.3233 1.5293 -1.1800
v 4.6944 1.5293 -1.1800
v 4.6944 2.5397 -1.2500
v 7.3233 2.5397 -1.2500
v 7.3233 2.7417 -1.2500
v 4.6944 2.7417 -1.2500
v 4.6944 2.5397 -1.1800
v 7.3233 2.5397 -1.1800
v 7.3233 2.7417 -1.1800
v 4.6944 2.7417 -1.1800
v 7.3233 1.1252 1.1790
v 7.4485 1.1252 1.1790
v 7.4485 2.9438 1.1790
v 7.3233 2.9438 1.1790
v 7.3233 1.1252 1.2490
v 7.4485 1.1252 1.2490
v 7.4485 2.9438 1.2490
v 7.3233 2.9438 1.2490
v 7.3233 1.1252 -1.2490
v 7.4485 1.1252 -1.2490
v 7.4485 2.9438 -1.2490
v 7.3233 2.9438 -1.2490
v 7.3233 1.1252 -1.1790
v 7.4485 1.1252 -1.1790
v 7.4485 2.9438 -1.1790
v 7.3233 2.9438 -1.1790
v 7.4485 1.1252 1.1750
v 7.5737 1.1252 1.1750
v 7.5737 2.9438 1.1750
v 7.4485 2.9438 1.1750
v 7.4485 1.1252 1.2450
v 7.5737 1.1252 1.2450
v 7.5737 2.9438 1.2450
v 7.4485 2.9438 1.2450
v 7.4485 1.1252 -1.2450
v 7.5737 1.1252 -1.2450
v 7.5737 2.9438 -1.2450
v 7.4485 2.9438 -1.2450
v 7.4485 1.1252 -1.1750
v 7.5737 1.1252 -1.1750
v 7.5737 2.9438 -1.1750
v 7.4485 2.9438 -1.1750
v 7.5737 1.1252 1.1670
v 7.6989 1.1252 1.1670
v 7.6989 2.9438 1.1670
v 7.5737 2.9438 1.1670
v 7.5737 1.1252 1.2370
v 7.6989 1.1252 1.2370
v 7.6989 2.9438 1.2370
v 7.5737 2.9438 1.2370
v 7.5737 1.1252 -1.2370
v 7.6989 1.1252 -1.2370
v 7.6989 2.9438 -1.2370
v 7.5737 2.9438 -1.2370
v 7.5737 1.1252 -1.1670
v 7.6989 1.1252 -1.1670
v 7.6989 2.9438 -1.1670
v 7.5737 2.9438 -1.1670
v 7.6989 1.1252 1.1550
v 7.8241 1.1252 1.1550
v 7.8241 1.4283 1.1550
v 7.6989 1.4283 1.1550
v 7.6989 1.1252 1.2250
v 7.8241 1.1252 1.2250
v 7.8241 1.4283 1.2250
v 7.6989 1.4283 1.2250
v 7.6989 1.1252 -1.2250
v 7.8241 1.1252 -1.2250
v 7.8241 1.4283 -1.2250
v 7.6989 1.4283 -1.2250
v 7.6989 1.1252 -1.1550
v 7.8241 1.1252 -1.1550
v 7.8241 1.4283 -1.1550
v 7.6989 1.4283 -1.1550
v 7.8241 1.1252 1.1390
v 7.9493 1.1252 1.1390
v 7.9493 1.4283 1.1390
v 7.8241 1.4283 1.1390
v 7.8241 1.1252 1.2090
v 7.9493 1.1252 1.2090
v 7.9493 1.4283 1.2090
v 7.8241 1.4283 1.2090
v 7.8241 1.1252 -1.2090
v 7.9493 1.1252 -1.2090
v 7.9493 1.4283 -1.2090
v 7.8241 1.4283 -1.2090
v 7.8241 1.1252 -1.1390
v 7.9493 1.1252 -1.1390
v 7.9493 1.4283 -1.1390
v 7.8241 1.4283 -1.1390
v 7.9493 1.1252 1.1190
v 8.0744 1.1252 1.1190
v 8.0744 1.4283 1.1190
v 7.9493 1.4283 1.1190
v 7.9493 1.1252 1.1890
v 8.0744 1.1252 1.1890
v 8.0744 1.4283 1.1890
v 7.9493 1.4283 1.1890
v 7.9493 1.1252 -1.1890
v 8.0744 1.1252 -1.1890
v 8.0744 1.4283 -1.1890
v 7.9493 1.4283 -1.1890
v 7.9493 1.1252 -1.1190
v 8.0744 1.1252 -1.1190
v 8.0744 1.4283 -1.1190
v 7.9493 1.4283 -1.1190
v 8.0744 1.1252 1.0940
v 8.1996 1.1252 1.0940
v 8.1996 1.4283 1.0940
v 8.0744 1.4283 1.0940
v 8.0744 1.1252 1.1640
v 8.1996 1.1252 1.1640
v 8.1996 1.4283 1.1640
v 8.0744 1.4283 1.1640
v 8.0744 1.1252 -1.1640
v 8.1996 1.1252 -1.1640
v 8.1996 1.4283 -1.1640
v 8.0744 1.4283 -1.1640
v 8.0744 1.1252 -1.0940
v 8.1996 1.1252 -1.0940
v 8.1996 1.4283 -1.0940
v 8.0744 1.4283 -1.0940
v 8.1996 1.1252 1.0650
v 8.3248 1.1252 1.0650
v 8.3248 1.4283 1.0650
v 8.1996 1.4283 1.0650
v 8.1996 1.1252 1.1350
v 8.3248 1.1252 1.1350
v 8.3248 1.4283 1.1350
v 8.1996 1.4283 1.1350
v 8.1996 1.1252 -1.1350
v 8.3248 1.1252 -1.1350
v 8.3248 1.4283 -1.1350
v 8.1996 1.4283 -1.1350
v 8.1996 1.1252 -1.0650
v 8.3248 1.1252 -1.0650
v 8.3248 1.4283 -1.0650
v 8.1996 1.4283 -1.0650
v 8.3248 1.1252 1.0310
v 8.4500 1.1252 1.0310
v 8.4500 2.4386 1.0310
v 8.3248 2.4386 1.0310
v 8.3248 1.1252 1.1010
v 8.4500 1.1252 1.1010
v 8.4500 2.4386 1.1010
v 8.3248 2.4386 1.1010
v 8.3248 1.1252 -1.1010
v 8.4500 1.1252 -1.1010
v 8.4500 2.4386 -1.1010
v 8.3248 2.4386 -1.1010
v 8.3248 1.1252 -1.0310
v 8.4500 1.1252 -1.0310
v 8.4500 2.4386 -1.0310
v 8.3248 2.4386 -1.0310
v 7.6989 1.4283 1.1550
v 7.8241 1.4283 1.1550
v 7.8241 2.8428 1.1550
v 7.6989 2.8428 1.1550
v 7.6989 1.4283 1.2050
v 7.8241 1.4283 1.2050
v 7.8241 2.8428 1.2050
v 7.6989 2.8428 1.2050
v 7.6989 1.4283 -1.2050
v 7.8241 1.4283 -1.2050
v 7.8241 2.8428 -1.2050
v 7.6989 2.8428 -1.2050
v 7.6989 1.4283 -1.1550
v 7.8241 1.4283 -1.1550
v 7.8241 2.8428 -1.1550
v 7.6989 2.8428 -1.1550
v 7.8241 1.4283 1.1390
v 7.9493 1.4283 1.1390
v 7.9493 2.7417 1.1390
v 7.8241 2.7417 1.1390
v 7.8241 1.4283 1.1890
v 7.9493 1.4283 1.1890
v 7.9493 2.7417 1.1890
v 7.8241 2.7417 1.1890
v 7.8241 1.4283 -1.1890
v 7.9493 1.4283 -1.1890
v 7.9493 2.7417 -1.1890
v 7.8241 2.7417 -1.1890
v 7.8241 1.4283 -1.1390
v 7.9493 1.4283 -1.1390
v 7.9493 2.7417 -1.1390
v 7.8241 2.7417 -1.1390
v 7.9493 1.4283 1.1190
v 8.0744 1.4283 1.1190
v 8.0744 2.7417 1.1190
v 7.9493 2.7417 1.1190
v 7.9493 1.4283 1.1690
v 8.0744 1.4283 1.1690
v 8.0744 2.7417 1.1690
v 7.9493 2.7417 1.1690
v 7.9493 1.4283 -1.1690
v 8.0744 1.4283 -1.1690
v 8.0744 2.7417 -1.1690
v 7.9493 2.7417 -1.1690
v 7.9493 1.4283 -1.1190
v 8.0744 1.4283 -1.1190
v 8.0744 2.7417 -1.1190
v 7.9493 2.7417 -1.1190
v 8.0744 1.4283 1.0940
v 8.1996 1.4283 1.0940
v 8.1996 2.6407 1.0940
v 8.0744 2.6407 1.0940
v 8.0744 1.4283 1.1440
v 8.1996 1.4283 1.1440
v 8.1996 2.6407 1.1440
v 8.0744 2.6407 1.1440
v 8.0744 1.4283 -1.1440
v 8.1996 1.4283 -1.1440
v 8.1996 2.6407 -1.1440
v 8.0744 2.6407 -1.1440
v 8.0744 1.4283 -1.0940
v 8.1996 1.4283 -1.0940
v 8.1996 2.6407 -1.0940
v 8.0744 2.6407 -1.0940
v 8.1996 1.4283 1.0650
v 8.3248 1.4283 1.0650
v 8.3248 2.5397 1.0650
v 8.1996 2.5397 1.0650
v 8.1996 1.4283 1.1150
v 8.3248 1.4283 1.1150
v 8.3248 2.5397 1.1150
v 8.1996 2.5397 1.1150
v 8.1996 1.4283 -1.1150
v 8.3248 1.4283 -1.1150
v 8.3248 2.5397 -1.1150
v 8.1996 2.5397 -1.1150
v 8.1996 1.4283 -1.0650
v 8.3248 1.4283 -1.0650
v 8.3248 2.5397 -1.0650
v 8.1996 2.5397 -1.0650
v -8.1996 1.5293 1.1450
v -8.0744 1.5293 1.1450
v -8.0744 2.5397 1.1450
v -8.1996 2.5397 1.1450
v -8.1996 1.5293 1.1950
v -8.0744 1.5293 1.1950
v -8.0744 2.5397 1.1950
v -8.1996 2.5397 1.1950
v -8.1996 1.5293 -1.1950
v -8.0744 1.5293 -1.1950
v -8.0744 2.5397 -1.1950
v -8.1996 2.5397 -1.1950
v -8.1996 1.5293 -1.1450
v -8.0744 1.5293 -1.1450
v -8.0744 2.5397 -1.1450
v -8.1996 2.5397 -1.1450
v -8.0744 1.5293 1.1800
v -7.8241 1.5293 1.1800
v -7.8241 2.5397 1.1800
v -8.0744 2.5397 1.1800
v -8.0744 1.5293 1.2500
v -7.8241 1.5293 1.2500
v -7.8241 2.5397 1.2500
v -8.0744 2.5397 1.2500
v -8.0744 1.5293 -1.2500
v -7.8241 1.5293 -1.2500
v -7.8241 2.5397 -1.2500
v -8.0744 2.5397 -1.2500
v -8.0744 1.5293 -1.1800
v -7.8241 1.5293 -1.1800
v -7.8241 2.5397 -1.1800
v -8.0744 2.5397 -1.1800
v -7.8241 1.5293 1.1800
v -6.9478 1.5293 1.1800
v -6.9478 2.5397 1.1800
v -7.8241 2.5397 1.1800
v -7.8241 1.5293 1.2300
v -6.9478 1.5293 1.2300
v -6.9478 2.5397 1.2300
v -7.8241 2.5397 1.2300
v -7.8241 1.5293 -1.2300
v -6.9478 1.5293 -1.2300
v -6.9478 2.5397 -1.2300
v -7.8241 2.5397 -1.2300
v -7.8241 1.5293 -1.1800
v -6.9478 1.5293 -1.1800
v -6.9478 2.5397 -1.1800
v -7.8241 2.5397 -1.1800
v -6.9478 1.5293 1.1800
v -6.6974 1.5293 1.1800
v -6.6974 2.5397 1.1800
v -6.9478 2.5397 1.1800
v -6.9478 1.5293 1.2500
v -6.6974 1.5293 1.2500
v -6.6974 2.5397 1.2500
v -6.9478 2.5397 1.2500
v -6.9478 1.5293 -1.2500
v -6.6974 1.5293 -1.2500
v -6.6974 2.5397 -1.2500
v -6.9478 2.5397 -1.2500
v -6.9478 1.5293 -1.1800
v -6.6974 1.5293 -1.1800
v -6.6974 2.5397 -1.1800
v -6.9478 2.5397 -1.1800
v -6.6974 1.5293 1.1800
v -5.8211 1.5293 1.1800
v -5.8211 2.5397 1.1800
v -6.6974 2.5397 1.1800
v -6.6974 1.5293 1.2300
v -5.8211 1.5293 1.2300
v -5.8211 2.5397 1.2300
v -6.6974 2.5397 1.2300
v -6.6974 1.5293 -1.2300
v -5.8211 1.5293 -1.2300
v -5.8211 2.5397 -1.2300
v -6.6974 2.5397 -1.2300
v -6.6974 1.5293 -1.1800
v -5.8211 1.5293 -1.1800
v -5.8211 2.5397 -1.1800
v -6.6974 2.5397 -1.1800
v -5.8211 1.5293 1.1800
v -5.5707 1.5293 1.1800
v -5.5707 2.5397 1.1800
v -5.8211 2.5397 1.1800
v -5.8211 1.5293 1.2500
v -5.5707 1.5293 1.2500
v -5.5707 2.5397 1.2500
v -5.8211 2.5397 1.2500
v -5.8211 1.5293 -1.2500
v -5.5707 1.5293 -1.2500
v -5.5707 2.5397 -1.2500
v -5.8211 2.5397 -1.2500
v -5.8211 1.5293 -1.1800
v -5.5707 1.5293 -1.1800
v -5.5707 2.5397 -1.1800
v -5.8211 2.5397 -1.1800
v -4.1937 1.5293 1.1800
v -3.4426 1.5293 1.1800
v -3.4426 2.5397 1.1800
v -4.1937 2.5397 1.1800
v -4.1937 1.5293 1.2300
v -3.4426 1.5293 1.2300
v -3.4426 2.5397 1.2300
v -4.1937 2.5397 1.2300
v -4.1937 1.5293 -1.2300
v -3.4426 1.5293 -1.2300
v -3.4426 2.5397 -1.2300
v -4.1937 2.5397 -1.2300
v -4.1937 1.5293 -1.1800
v -3.4426 1.5293 -1.1800
v -3.4426 2.5397 -1.1800
v -4.1937 2.5397 -1.1800
v -3.4426 1.5293 1.1800
v -3.1922 1.5293 1.1800
v -3.1922 2.5397 1.1800
v -3.4426 2.5397 1.1800
v -3.4426 1.5293 1.2500
v -3.1922 1.5293 1.2500
v -3.1922 2.5397 1.2500
v -3.4426 2.5397 1.2500
v -3.4426 1.5293 -1.2500
v -3.1922 1.5293 -1.2500
v -3.1922 2.5397 -1.2500
v -3.4426 2.5397 -1.2500
v -3.4426 1.5293 -1.1800
v -3.1922 1.5293 -1.1800
v -3.1922 2.5397 -1.1800
v -3.4426 2.5397 -1.1800
v -3.1922 1.5293 1.1800
v -2.3159 1.5293 1.1800
v -2.3159 2.5397 1.1800
v -3.1922 2.5397 1.1800
v -3.1922 1.5293 1.2300
v -2.3159 1.5293 1.2300
v -2.3159 2.5397 1.2300
v -3.1922 2.5397 1.2300
v -3.1922 1.5293 -1.2300
v -2.3159 1.5293 -1.2300
v -2.3159 2.5397 -1.2300
v -3.1922 2.5397 -1.2300
v -3.1922 1.5293 -1.1800
v -2.3159 1.5293 -1.1800
v -2.3159 2.5397 -1.1800
v -3.1922 2.5397 -1.1800
v -2.3159 1.5293 1.1800
v -2.0656 1.5293 1.1800
v -2.0656 2.5397 1.1800
v -2.3159 2.5397 1.1800
v -2.3159 1.5293 1.2500
v -2.0656 1.5293 1.2500
v -2.0656 2.5397 1.2500
v -2.3159 2.5397 1.2500
v -2.3159 1.5293 -1.2500
v -2.0656 1.5293 -1.2500
v -2.0656 2.5397 -1.2500
v -2.3159 2.5397 -1.2500
v -2.3159 1.5293 -1.1800
v -2.0656 1.5293 -1.1800
v -2.0656 2.5397 -1.1800
v -2.3159 2.5397 -1.1800
v -2.0656 1.5293 1.1800
v -1.1893 1.5293 1.1800
v -1.1893 2.5397 1.1800
v -2.0656 2.5397 1.1800
v -2.0656 1.5293 1.2300
v -1.1893 1.5293 1.2300
v -1.1893 2.5397 1.2300
v -2.0656 2.5397 1.2300
v -2.0656 1.5293 -1.2300
v -1.1893 1.5293 -1.2300
v -1.1893 2.5397 -1.2300
v -2.0656 2.5397 -1.2300
v -2.0656 1.5293 -1.1800
v -1.1893 1.5293 -1.1800
v -1.1893 2.5397 -1.1800
v -2.0656 2.5397 -1.1800
v 0.3130 1.5293 1.1800
v 1.0641 1.5293 1.1800
v 1.0641 2.5397 1.1800
v 0.3130 2.5397 1.1800
v 0.3130 1.5293 1.2300
v 1.0641 1.5293 1.2300
v 1.0641 2.5397 1.2300
v 0.3130 2.5397 1.2300
v 0.3130 1.5293 -1.2300
v 1.0641 1.5293 -1.2300
v 1.0641 2.5397 -1.2300
v 0.3130 2.5397 -1.2300
v 0.3130 1.5293 -1.1800
v 1.0641 1.5293 -1.1800
v 1.0641 2.5397 -1.1800
v 0.3130 2.5397 -1.1800
v 1.0641 1.5293 1.1800
v 1.3144 1.5293 1.1800
v 1.3144 2.5397 1.1800
v 1.0641 2.5397 1.1800
v 1.0641 1.5293 1.2500
v 1.3144 1.5293 1.2500
v 1.3144 2.5397 1.2500
v 1.0641 2.5397 1.2500
v 1.0641 1.5293 -1.2500
v 1.3144 1.5293 -1.2500
v 1.3144 2.5397 -1.2500
v 1.0641 2.5397 -1.2500
v 1.0641 1.5293 -1.1800
v 1.3144 1.5293 -1.1800
v 1.3144 2.5397 -1.1800
v 1.0641 2.5397 -1.1800
v 1.3144 1.5293 1.1800
v 2.1907 1.5293 1.1800
v 2.1907 2.5397 1.1800
v 1.3144 2.5397 1.1800
v 1.3144 1.5293 1.2300
v 2.1907 1.5293 1.2300
v 2.1907 2.5397 1.2300
v 1.3144 2.5397 1.2300
v 1.3144 1.5293 -1.2300
v 2.1907 1.5293 -1.2300
v 2.1907 2.5397 -1.2300
v 1.3144 2.5397 -1.2300
v 1.3144 1.5293 -1.1800
v 2.1907 1.5293 -1.1800
v 2.1907 2.5397 -1.1800
v 1.3144 2.5397 -1.1800
v 2.1907 1.5293 1.1800
v 2.4411 1.5293 1.1800
v 2.4411 2.5397 1.1800
v 2.1907 2.5397 1.1800
v 2.1907 1.5293 1.2500
v 2.4411 1.5293 1.2500
v 2.4411 2.5397 1.2500
v 2.1907 2.5397 1.2500
v 2.1907 1.5293 -1.2500
v 2.4411 1.5293 -1.2500
v 2.4411 2.5397 -1.2500
v 2.1907 2.5397 -1.2500
v 2.1907 1.5293 -1.1800
v 2.4411 1.5293 -1.1800
v 2.4411 2.5397 -1.1800
v 2.1907 2.5397 -1.1800
v 2.4411 1.5293 1.1800
v 3.1922 1.5293 1.1800
v 3.1922 2.5397 1.1800
v 2.4411 2.5397 1.1800
v 2.4411 1.5293 1.2300
v 3.1922 1.5293 1.2300
v 3.1922 2.5397 1.2300
v 2.4411 2.5397 1.2300
v 2.4411 1.5293 -1.2300
v 3.1922 1.5293 -1.2300
v 3.1922 2.5397 -1.2300
v 2.4411 2.5397 -1.2300
v 2.4411 1.5293 -1.1800
v 3.1922 1.5293 -1.1800
v 3.1922 2.5397 -1.1800
v 2.4411 2.5397 -1.1800
v 4.6944 1.5293 1.1800
v 4.8196 1.5293 1.1800
v 4.8196 2.5397 1.1800
v 4.6944 2.5397 1.1800
v 4.6944 1.5293 1.2500
v 4.8196 1.5293 1.2500
v 4.8196 2.5397 1.2500
v 4.6944 2.5397 1.2500
v 4.6944 1.5293 -1.2500
v 4.8196 1.5293 -1.2500
v 4.8196 2.5397 -1.2500
v 4.6944 2.5397 -1.2500
v 4.6944 1.5293 -1.1800
v 4.8196 1.5293 -1.1800
v 4.8196 2.5397 -1.1800
v 4.6944 2.5397 -1.1800
v 4.8196 1.5293 1.1800
v 5.6959 1.5293 1.1800
v 5.6959 2.5397 1.1800
v 4.8196 2.5397 1.1800
v 4.8196 1.5293 1.2300
v 5.6959 1.5293 1.2300
v 5.6959 2.5397 1.2300
v 4.8196 2.5397 1.2300
v 4.8196 1.5293 -1.2300
v 5.6959 1.5293 -1.2300
v 5.6959 2.5397 -1.2300
v 4.8196 2.5397 -1.2300
v 4.8196 1.5293 -1.1800
v 5.6959 1.5293 -1.1800
v 5.6959 2.5397 -1.1800
v 4.8196 2.5397 -1.1800
v 5.6959 1.5293 1.1800
v 5.9463 1.5293 1.1800
v 5.9463 2.5397 1.1800
v 5.6959 2.5397 1.1800
v 5.6959 1.5293 1.2500
v 5.9463 1.5293 1.2500
v 5.9463 2.5397 1.2500
v 5.6959 2.5397 1.2500
v 5.6959 1.5293 -1.2500
v 5.9463 1.5293 -1.2500
v 5.9463 2.5397 -1.2500
v 5.6959 2.5397 -1.2500
v 5.6959 1.5293 -1.1800
v 5.9463 1.5293 -1.1800
v 5.9463 2.5397 -1.1800
v 5.6959 2.5397 -1.1800
v 5.9463 1.5293 1.1800
v 6.8226 1.5293 1.1800
v 6.8226 2.5397 1.1800
v 5.9463 2.5397 1.1800
v 5.9463 1.5293 1.2300
v 6.8226 1.5293 1.2300
v 6.8226 2.5397 1.2300
v 5.9463 2.5397 1.2300
v 5.9463 1.5293 -1.2300
v 6.8226 1.5293 -1.2300
v 6.8226 2.5397 -1.2300
v 5.9463 2.5397 -1.2300
v 5.9463 1.5293 -1.1800
v 6.8226 1.5293 -1.1800
v 6.8226 2.5397 -1.1800
v 5.9463 2.5397 -1.1800
v 6.8226 1.5293 1.1800
v 7.0730 1.5293 1.1800
v 7.0730 2.5397 1.1800
v 6.8226 2.5397 1.1800
v 6.8226 1.5293 1.2500
v 7.0730 1.5293 1.2500
v 7.0730 2.5397 1.2500
v 6.8226 2.5397 1.2500
v 6.8226 1.5293 -1.2500
v 7.0730 1.5293 -1.2500
v 7.0730 2.5397 -1.2500
v 6.8226 2.5397 -1.2500
v 6.8226 1.5293 -1.1800
v 7.0730 1.5293 -1.1800
v 7.0730 2.5397 -1.1800
v 6.8226 2.5397 -1.1800
v 7.0730 1.5293 1.1800
v 7.3233 1.5293 1.1800
v 7.3233 2.5397 1.1800
v 7.0730 2.5397 1.1800
v 7.0730 1.5293 1.2300
v 7.3233 1.5293 1.2300
v 7.3233 2.5397 1.2300
v 7.0730 2.5397 1.2300
v 7.0730 1.5293 -1.2300
v 7.3233 1.5293 -1.2300
v 7.3233 2.5397 -1.2300
v 7.0730 2.5397 -1.2300
v 7.0730 1.5293 -1.1800
v 7.3233 1.5293 -1.1800
v 7.3233 2.5397 -1.1800
v 7.0730 2.5397 -1.1800
v 8.3248 2.4386 1.0290
v 8.4500 2.4386 1.0290
v 8.4500 2.5397 1.0290
v 8.3248 2.5397 1.0290
v 8.3248 2.4386 1.0990
v 8.4500 2.4386 1.0990
v 8.4500 2.5397 1.0990
v 8.3248 2.5397 1.0990
v 8.3248 2.4386 -1.0990
v 8.4500 2.4386 -1.0990
v 8.4500 2.5397 -1.0990
v 8.3248 2.5397 -1.0990
v 8.3248 2.4386 -1.0290
v 8.4500 2.4386 -1.0290
v 8.4500 2.5397 -1.0290
v 8.3248 2.5397 -1.0290
v 8.1996 2.5397 1.0620
v 8.3248 2.5397 1.0620
v 8.3248 2.6407 1.0620
v 8.1996 2.6407 1.0620
v 8.1996 2.5397 1.1120
v 8.3248 2.5397 1.1120
v 8.3248 2.6407 1.1120
v 8.1996 2.6407 1.1120
v 8.1996 2.5397 -1.1120
v 8.3248 2.5397 -1.1120
v 8.3248 2.6407 -1.1120
v 8.1996 2.6407 -1.1120
v 8.1996 2.5397 -1.0620
v 8.3248 2.5397 -1.0620
v 8.3248 2.6407 -1.0620
v 8.1996 2.6407 -1.0620
v 8.3248 2.5397 1.0000
v 8.4500 2.5397 1.0000
v 8.4500 2.6407 1.0000
v 8.3248 2.6407 1.0000
v 8.3248 2.5397 1.0700
v 8.4500 2.5397 1.0700
v 8.4500 2.6407 1.0700
v 8.3248 2.6407 1.0700
v 8.3248 2.5397 -1.0700
v 8.4500 2.5397 -1.0700
v 8.4500 2.6407 -1.0700
v 8.3248 2.6407 -1.0700
v 8.3248 2.5397 -1.0000
v 8.4500 2.5397 -1.0000
v 8.4500 2.6407 -1.0000
v 8.3248 2.6407 -1.0000
v -5.5707 2.6407 1.1800
v -4.1937 2.6407 1.1800
v -4.1937 2.7417 1.1800
v -5.5707 2.7417 1.1800
v -5.5707 2.6407 1.2500
v -4.1937 2.6407 1.2500
v -4.1937 2.7417 1.2500
v -5.5707 2.7417 1.2500
v -5.5707 2.6407 -1.2500
v -4.1937 2.6407 -1.2500
v -4.1937 2.7417 -1.2500
v -5.5707 2.7417 -1.2500
v -5.5707 2.6407 -1.1800
v -4.1937 2.6407 -1.1800
v -4.1937 2.7417 -1.1800
v -5.5707 2.7417 -1.1800
v -1.1893 2.6407 1.1800
v 0.3130 2.6407 1.1800
v 0.3130 2.7417 1.1800
v -1.1893 2.7417 1.1800
v -1.1893 2.6407 1.2500
v 0.3130 2.6407 1.2500
v 0.3130 2.7417 1.2500
v -1.1893 2.7417 1.2500
v -1.1893 2.6407 -1.2500
v 0.3130 2.6407 -1.2500
v 0.3130 2.7417 -1.2500
v -1.1893 2.7417 -1.2500
v -1.1893 2.6407 -1.1800
v 0.3130 2.6407 -1.1800
v 0.3130 2.7417 -1.1800
v -1.1893 2.7417 -1.1800
v 3.1922 2.6407 1.1800
v 4.6944 2.6407 1.1800
v 4.6944 2.7417 1.1800
v 3.1922 2.7417 1.1800
v 3.1922 2.6407 1.2500
v 4.6944 2.6407 1.2500
v 4.6944 2.7417 1.2500
v 3.1922 2.7417 1.2500
v 3.1922 2.6407 -1.2500
v 4.6944 2.6407 -1.2500
v 4.6944 2.7417 -1.2500
v 3.1922 2.7417 -1.2500
v 3.1922 2.6407 -1.1800
v 4.6944 2.6407 -1.1800
v 4.6944 2.7417 -1.1800
v 3.1922 2.7417 -1.1800
v 8.0744 2.6407 1.0880
v 8.1996 2.6407 1.0880
v 8.1996 2.7417 1.0880
v 8.0744 2.7417 1.0880
v 8.0744 2.6407 1.1380
v 8.1996 2.6407 1.1380
v 8.1996 2.7417 1.1380
v 8.0744 2.7417 1.1380
v 8.0744 2.6407 -1.1380
v 8.1996 2.6407 -1.1380
v 8.1996 2.7417 -1.1380
v 8.0744 2.7417 -1.1380
v 8.0744 2.6407 -1.0880
v 8.1996 2.6407 -1.0880
v 8.1996 2.7417 -1.0880
v 8.0744 2.7417 -1.0880
v 8.1996 2.6407 1.0290
v 8.3248 2.6407 1.0290
v 8.3248 2.7417 1.0290
v 8.1996 2.7417 1.0290
v 8.1996 2.6407 1.0990
v 8.3248 2.6407 1.0990
v 8.3248 2.7417 1.0990
v 8.1996 2.7417 1.0990
v 8.1996 2.6407 -1.0990
v 8.3248 2.6407 -1.0990
v 8.3248 2.7417 -1.0990
v 8.1996 2.7417 -1.0990
v 8.1996 2.6407 -1.0290
v 8.3248 2.6407 -1.0290
v 8.3248 2.7417 -1.0290
v 8.1996 2.7417 -1.0290
v 8.3248 2.6407 0.9370
v 8.4500 2.6407 0.9370
v 8.4500 2.7417 0.9370
v 8.3248 2.7417 0.9370
v 8.3248 2.6407 1.0070
v 8.4500 2.6407 1.0070
v 8.4500 2.7417 1.0070
v 8.3248 2.7417 1.0070
v 8.3248 2.6407 -1.0070
v 8.4500 2.6407 -1.0070
v 8.4500 2.7417 -1.0070
v 8.3248 2.7417 -1.0070
v 8.3248 2.6407 -0.9370
v 8.4500 2.6407 -0.9370
v 8.4500 2.7417 -0.9370
v 8.3248 2.7417 -0.9370
v -8.0744 2.7417 1.1800
v 7.3233 2.7417 1.1800
v 7.3233 2.9438 1.1800
v -8.0744 2.9438 1.1800
v -8.0744 2.7417 1.2500
v 7.3233 2.7417 1.2500
v 7.3233 2.9438 1.2500
v -8.0744 2.9438 1.2500
v -8.0744 2.7417 -1.2500
v 7.3233 2.7417 -1.2500
v 7.3233 2.9438 -1.2500
v -8.0744 2.9438 -1.2500
v -8.0744 2.7417 -1.1800
v 7.3233 2.7417 -1.1800
v 7.3233 2.9438 -1.1800
v -8.0744 2.9438 -1.1800
v 7.8241 2.7417 1.1380
v 7.9493 2.7417 1.1380
v 7.9493 2.8428 1.1380
v 7.8241 2.8428 1.1380
v 7.8241 2.7417 1.1880
v 7.9493 2.7417 1.1880
v 7.9493 2.8428 1.1880
v 7.8241 2.8428 1.1880
v 7.8241 2.7417 -1.1880
v 7.9493 2.7417 -1.1880
v 7.9493 2.8428 -1.1880
v 7.8241 2.8428 -1.1880
v 7.8241 2.7417 -1.1380
v 7.9493 2.7417 -1.1380
v 7.9493 2.8428 -1.1380
v 7.8241 2.8428 -1.1380
v 7.9493 2.7417 1.1070
v 8.0744 2.7417 1.1070
v 8.0744 2.8428 1.1070
v 7.9493 2.8428 1.1070
v 7.9493 2.7417 1.1570
v 8.0744 2.7417 1.1570
v 8.0744 2.8428 1.1570
v 7.9493 2.8428 1.1570
v 7.9493 2.7417 -1.1570
v 8.0744 2.7417 -1.1570
v 8.0744 2.8428 -1.1570
v 7.9493 2.8428 -1.1570
v 7.9493 2.7417 -1.1070
v 8.0744 2.7417 -1.1070
v 8.0744 2.8428 -1.1070
v 7.9493 2.8428 -1.1070
v 8.0744 2.7417 1.0490
v 8.1996 2.7417 1.0490
v 8.1996 2.8428 1.0490
v 8.0744 2.8428 1.0490
v 8.0744 2.7417 1.1190
v 8.1996 2.7417 1.1190
v 8.1996 2.8428 1.1190
v 8.0744 2.8428 1.1190
v 8.0744 2.7417 -1.1190
v 8.1996 2.7417 -1.1190
v 8.1996 2.8428 -1.1190
v 8.0744 2.8428 -1.1190
v 8.0744 2.7417 -1.0490
v 8.1996 2.7417 -1.0490
v 8.1996 2.8428 -1.0490
v 8.0744 2.8428 -1.0490
v 8.1996 2.7417 0.9610
v 8.3248 2.7417 0.9610
v 8.3248 2.8428 0.9610
v 8.1996 2.8428 0.9610
v 8.1996 2.7417 1.0310
v 8.3248 2.7417 1.0310
v 8.3248 2.8428 1.0310
v 8.1996 2.8428 1.0310
v 8.1996 2.7417 -1.0310
v 8.3248 2.7417 -1.0310
v 8.3248 2.8428 -1.0310
v 8.1996 2.8428 -1.0310
v 8.1996 2.7417 -0.9610
v 8.3248 2.7417 -0.9610
v 8.3248 2.8428 -0.9610
v 8.1996 2.8428 -0.9610
v 8.3248 2.7417 0.8330
v 8.4500 2.7417 0.8330
v 8.4500 2.8428 0.8330
v 8.3248 2.8428 0.8330
v 8.3248 2.7417 0.9030
v 8.4500 2.7417 0.9030
v 8.4500 2.8428 0.9030
v 8.3248 2.8428 0.9030
v 8.3248 2.7417 -0.9030
v 8.4500 2.7417 -0.9030
v 8.4500 2.8428 -0.9030
v 8.3248 2.8428 -0.9030
v 8.3248 2.7417 -0.8330
v 8.4500 2.7417 -0.8330
v 8.4500 2.8428 -0.8330
v 8.3248 2.8428 -0.8330
v 7.6989 2.8428 1.1510
v 7.8241 2.8428 1.1510
v 7.8241 2.9438 1.1510
v 7.6989 2.9438 1.1510
v 7.6989 2.8428 1.2010
v 7.8241 2.8428 1.2010
v 7.8241 2.9438 1.2010
v 7.6989 2.9438 1.2010
v 7.6989 2.8428 -1.2010
v 7.8241 2.8428 -1.2010
v 7.8241 2.9438 -1.2010
v 7.6989 2.9438 -1.2010
v 7.6989 2.8428 -1.1510
v 7.8241 2.8428 -1.1510
v 7.8241 2.9438 -1.1510
v 7.6989 2.9438 -1.1510
v 7.8241 2.8428 1.1170
v 7.9493 2.8428 1.1170
v 7.9493 2.9438 1.1170
v 7.8241 2.9438 1.1170
v 7.8241 2.8428 1.1670
v 7.9493 2.8428 1.1670
v 7.9493 2.9438 1.1670
v 7.8241 2.9438 1.1670
v 7.8241 2.8428 -1.1670
v 7.9493 2.8428 -1.1670
v 7.9493 2.9438 -1.1670
v 7.8241 2.9438 -1.1670
v 7.8241 2.8428 -1.1170
v 7.9493 2.8428 -1.1170
v 7.9493 2.9438 -1.1170
v 7.8241 2.9438 -1.1170
v 7.9493 2.8428 1.0600
v 8.0744 2.8428 1.0600
v 8.0744 2.9438 1.0600
v 7.9493 2.9438 1.0600
v 7.9493 2.8428 1.1300
v 8.0744 2.8428 1.1300
v 8.0744 2.9438 1.1300
v 7.9493 2.9438 1.1300
v 7.9493 2.8428 -1.1300
v 8.0744 2.8428 -1.1300
v 8.0744 2.9438 -1.1300
v 7.9493 2.9438 -1.1300
v 7.9493 2.8428 -1.0600
v 8.0744 2.8428 -1.0600
v 8.0744 2.9438 -1.0600
v 7.9493 2.9438 -1.0600
v 8.0744 2.8428 0.9740
v 8.1996 2.8428 0.9740
v 8.1996 2.9438 0.9740
v 8.0744 2.9438 0.9740
v 8.0744 2.8428 1.0440
v 8.1996 2.8428 1.0440
v 8.1996 2.9438 1.0440
v 8.0744 2.9438 1.0440
v 8.0744 2.8428 -1.0440
v 8.1996 2.8428 -1.0440
v 8.1996 2.9438 -1.0440
v 8.0744 2.9438 -1.0440
v 8.0744 2.8428 -0.9740
v 8.1996 2.8428 -0.9740
v 8.1996 2.9438 -0.9740
v 8.0744 2.9438 -0.9740
v 8.1996 2.8428 0.8490
v 8.3248 2.8428 0.8490
v 8.3248 2.9438 0.8490
v 8.1996 2.9438 0.8490
v 8.1996 2.8428 0.9190
v 8.3248 2.8428 0.9190
v 8.3248 2.9438 0.9190
v 8.1996 2.9438 0.9190
v 8.1996 2.8428 -0.9190
v 8.3248 2.8428 -0.9190
v 8.3248 2.9438 -0.9190
v 8.1996 2.9438 -0.9190
v 8.1996 2.8428 -0.8490
v 8.3248 2.8428 -0.8490
v 8.3248 2.9438 -0.8490
v 8.1996 2.9438 -0.8490
v 8.3248 2.8428 -0.7390
v 8.4500 2.8428 -0.7390
v 8.4500 2.9438 -0.7390
v 8.3248 2.9438 -0.7390
v 8.3248 2.8428 0.7390
v 8.4500 2.8428 0.7390
v 8.4500 2.9438 0.7390
v 8.3248 2.9438 0.7390
v -8.4500 2.9438 1.0870
v -8.1996 2.9438 1.0870
v -8.1996 3.0448 1.0870
v -8.4500 3.0448 1.0870
v -8.4500 2.9438 1.1570
v -8.1996 2.9438 1.1570
v -8.1996 3.0448 1.1570
v -8.4500 3.0448 1.1570
v -8.4500 2.9438 -1.1570
v -8.1996 2.9438 -1.1570
v -8.1996 3.0448 -1.1570
v -8.4500 3.0448 -1.1570
v -8.4500 2.9438 -1.0870
v -8.1996 2.9438 -1.0870
v -8.1996 3.0448 -1.0870
v -8.4500 3.0448 -1.0870
v -8.1996 2.9438 1.1420
v -8.0744 2.9438 1.1420
v -8.0744 3.0448 1.1420
v -8.1996 3.0448 1.1420
v -8.1996 2.9438 1.2120
v -8.0744 2.9438 1.2120
v -8.0744 3.0448 1.2120
v -8.1996 3.0448 1.2120
v -8.1996 2.9438 -1.2120
v -8.0744 2.9438 -1.2120
v -8.0744 3.0448 -1.2120
v -8.1996 3.0448 -1.2120
v -8.1996 2.9438 -1.1420
v -8.0744 2.9438 -1.1420
v -8.0744 3.0448 -1.1420
v -8.1996 3.0448 -1.1420
v -8.0744 2.9438 1.1770
v 7.3233 2.9438 1.1770
v 7.3233 3.0448 1.1770
v -8.0744 3.0448 1.1770
v -8.0744 2.9438 1.2470
v 7.3233 2.9438 1.2470
v 7.3233 3.0448 1.2470
v -8.0744 3.0448 1.2470
v -8.0744 2.9438 -1.2470
v 7.3233 2.9438 -1.2470
v 7.3233 3.0448 -1.2470
v -8.0744 3.0448 -1.2470
v -8.0744 2.9438 -1.1770
v 7.3233 2.9438 -1.1770
v 7.3233 3.0448 -1.1770
v -8.0744 3.0448 -1.1770
v 7.3233 2.9438 1.1760
v 7.4485 2.9438 1.1760
v 7.4485 3.0448 1.1760
v 7.3233 3.0448 1.1760
v 7.3233 2.9438 1.2460
v 7.4485 2.9438 1.2460
v 7.4485 3.0448 1.2460
v 7.3233 3.0448 1.2460
v 7.3233 2.9438 -1.2460
v 7.4485 2.9438 -1.2460
v 7.4485 3.0448 -1.2460
v 7.3233 3.0448 -1.2460
v 7.3233 2.9438 -1.1760
v 7.4485 2.9438 -1.1760
v 7.4485 3.0448 -1.1760
v 7.3233 3.0448 -1.1760
v 7.4485 2.9438 1.1690
v 7.5737 2.9438 1.1690
v 7.5737 3.0448 1.1690
v 7.4485 3.0448 1.1690
v 7.4485 2.9438 1.2390
v 7.5737 2.9438 1.2390
v 7.5737 3.0448 1.2390
v 7.4485 3.0448 1.2390
v 7.4485 2.9438 -1.2390
v 7.5737 2.9438 -1.2390
v 7.5737 3.0448 -1.2390
v 7.4485 3.0448 -1.2390
v 7.4485 2.9438 -1.1690
v 7.5737 2.9438 -1.1690
v 7.5737 3.0448 -1.1690
v 7.4485 3.0448 -1.1690
v 7.5737 2.9438 1.1500
v 7.6989 2.9438 1.1500
v 7.6989 3.0448 1.1500
v 7.5737 3.0448 1.1500
v 7.5737 2.9438 1.2200
v 7.6989 2.9438 1.2200
v 7.6989 3.0448 1.2200
v 7.5737 3.0448 1.2200
v 7.5737 2.9438 -1.2200
v 7.6989 2.9438 -1.2200
v 7.6989 3.0448 -1.2200
v 7.5737 3.0448 -1.2200
v 7.5737 2.9438 -1.1500
v 7.6989 2.9438 -1.1500
v 7.6989 3.0448 -1.1500
v 7.5737 3.0448 -1.1500
v 7.6989 2.9438 1.1140
v 7.8241 2.9438 1.1140
v 7.8241 3.0448 1.1140
v 7.6989 3.0448 1.1140
v 7.6989 2.9438 1.1640
v 7.8241 2.9438 1.1640
v 7.8241 3.0448 1.1640
v 7.6989 3.0448 1.1640
v 7.6989 2.9438 -1.1640
v 7.8241 2.9438 -1.1640
v 7.8241 3.0448 -1.1640
v 7.6989 3.0448 -1.1640
v 7.6989 2.9438 -1.1140
v 7.8241 2.9438 -1.1140
v 7.8241 3.0448 -1.1140
v 7.6989 3.0448 -1.1140
v 7.8241 2.9438 1.0570
v 7.9493 2.9438 1.0570
v 7.9493 3.0448 1.0570
v 7.8241 3.0448 1.0570
v 7.8241 2.9438 1.1270
v 7.9493 2.9438 1.1270
v 7.9493 3.0448 1.1270
v 7.8241 3.0448 1.1270
v 7.8241 2.9438 -1.1270
v 7.9493 2.9438 -1.1270
v 7.9493 3.0448 -1.1270
v 7.8241 3.0448 -1.1270
v 7.8241 2.9438 -1.0570
v 7.9493 2.9438 -1.0570
v 7.9493 3.0448 -1.0570
v 7.8241 3.0448 -1.0570
v 7.9493 2.9438 0.9720
v 8.0744 2.9438 0.9720
v 8.0744 3.0448 0.9720
v 7.9493 3.0448 0.9720
v 7.9493 2.9438 1.0420
v 8.0744 2.9438 1.0420
v 8.0744 3.0448 1.0420
v 7.9493 3.0448 1.0420
v 7.9493 2.9438 -1.0420
v 8.0744 2.9438 -1.0420
v 8.0744 3.0448 -1.0420
v 7.9493 3.0448 -1.0420
v 7.9493 2.9438 -0.9720
v 8.0744 2.9438 -0.9720
v 8.0744 3.0448 -0.9720
v 7.9493 3.0448 -0.9720
v 8.0744 2.9438 0.8490
v 8.1996 2.9438 0.8490
v 8.1996 3.0448 0.8490
v 8.0744 3.0448 0.8490
v 8.0744 2.9438 0.9190
v 8.1996 2.9438 0.9190
v 8.1996 3.0448 0.9190
v 8.0744 3.0448 0.9190
v 8.0744 2.9438 -0.9190
v 8.1996 2.9438 -0.9190
v 8.1996 3.0448 -0.9190
v 8.0744 3.0448 -0.9190
v 8.0744 2.9438 -0.8490
v 8.1996 2.9438 -0.8490
v 8.1996 3.0448 -0.8490
v 8.0744 3.0448 -0.8490
v 8.1996 2.9438 -0.7410
v 8.3248 2.9438 -0.7410
v 8.3248 3.0448 -0.7410
v 8.1996 3.0448 -0.7410
v 8.1996 2.9438 0.7410
v 8.3248 2.9438 0.7410
v 8.3248 3.0448 0.7410
v 8.1996 3.0448 0.7410
v 8.3248 2.9438 -0.4560
v 8.4500 2.9438 -0.4560
v 8.4500 3.0448 -0.4560
v 8.3248 3.0448 -0.4560
v 8.3248 2.9438 0.4560
v 8.4500 2.9438 0.4560
v 8.4500 3.0448 0.4560
v 8.3248 3.0448 0.4560
v -8.4500 3.0448 1.0560
v -8.1996 3.0448 1.0560
v -8.1996 3.1459 1.0560
v -8.4500 3.1459 1.0560
v -8.4500 3.0448 1.1260
v -8.1996 3.0448 1.1260
v -8.1996 3.1459 1.1260
v -8.4500 3.1459 1.1260
v -8.4500 3.0448 -1.1260
v -8.1996 3.0448 -1.1260
v -8.1996 3.1459 -1.1260
v -8.4500 3.1459 -1.1260
v -8.4500 3.0448 -1.0560
v -8.1996 3.0448 -1.0560
v -8.1996 3.1459 -1.0560
v -8.4500 3.1459 -1.0560
v -8.1996 3.0448 1.1110
v -8.0744 3.0448 1.1110
v -8.0744 3.1459 1.1110
v -8.1996 3.1459 1.1110
v -8.1996 3.0448 1.1810
v -8.0744 3.0448 1.1810
v -8.0744 3.1459 1.1810
v -8.1996 3.1459 1.1810
v -8.1996 3.0448 -1.1810
v -8.0744 3.0448 -1.1810
v -8.0744 3.1459 -1.1810
v -8.1996 3.1459 -1.1810
v -8.1996 3.0448 -1.1110
v -8.0744 3.0448 -1.1110
v -8.0744 3.1459 -1.1110
v -8.1996 3.1459 -1.1110
v -8.0744 3.0448 1.1460
v 7.3233 3.0448 1.1460
v 7.3233 3.1459 1.1460
v -8.0744 3.1459 1.1460
v -8.0744 3.0448 1.2160
v 7.3233 3.0448 1.2160
v 7.3233 3.1459 1.2160
v -8.0744 3.1459 1.2160
v -8.0744 3.0448 -1.2160
v 7.3233 3.0448 -1.2160
v 7.3233 3.1459 -1.2160
v -8.0744 3.1459 -1.2160
v -8.0744 3.0448 -1.1460
v 7.3233 3.0448 -1.1460
v 7.3233 3.1459 -1.1460
v -8.0744 3.1459 -1.1460
v 7.3233 3.0448 1.1260
v 7.4485 3.0448 1.1260
v 7.4485 3.1459 1.1260
v 7.3233 3.1459 1.1260
v 7.3233 3.0448 1.1960
v 7.4485 3.0448 1.1960
v 7.4485 3.1459 1.1960
v 7.3233 3.1459 1.1960
v 7.3233 3.0448 -1.1960
v 7.4485 3.0448 -1.1960
v 7.4485 3.1459 -1.1960
v 7.3233 3.1459 -1.1960
v 7.3233 3.0448 -1.1260
v 7.4485 3.0448 -1.1260
v 7.4485 3.1459 -1.1260
v 7.3233 3.1459 -1.1260
v 7.4485 3.0448 1.1060
v 7.5737 3.0448 1.1060
v 7.5737 3.1459 1.1060
v 7.4485 3.1459 1.1060
v 7.4485 3.0448 1.1760
v 7.5737 3.0448 1.1760
v 7.5737 3.1459 1.1760
v 7.4485 3.1459 1.1760
v 7.4485 3.0448 -1.1760
v 7.5737 3.0448 -1.1760
v 7.5737 3.1459 -1.1760
v 7.4485 3.1459 -1.1760
v 7.4485 3.0448 -1.1060
v 7.5737 3.0448 -1.1060
v 7.5737 3.1459 -1.1060
v 7.4485 3.1459 -1.1060
v 7.5737 3.0448 1.0710
v 7.6989 3.0448 1.0710
v 7.6989 3.1459 1.0710
v 7.5737 3.1459 1.0710
v 7.5737 3.0448 1.1410
v 7.6989 3.0448 1.1410
v 7.6989 3.1459 1.1410
v 7.5737 3.1459 1.1410
v 7.5737 3.0448 -1.1410
v 7.6989 3.0448 -1.1410
v 7.6989 3.1459 -1.1410
v 7.5737 3.1459 -1.1410
v 7.5737 3.0448 -1.0710
v 7.6989 3.0448 -1.0710
v 7.6989 3.1459 -1.0710
v 7.5737 3.1459 -1.0710
v 7.6989 3.0448 1.0150
v 7.8241 3.0448 1.0150
v 7.8241 3.1459 1.0150
v 7.6989 3.1459 1.0150
v 7.6989 3.0448 1.0850
v 7.8241 3.0448 1.0850
v 7.8241 3.1459 1.0850
v 7.6989 3.1459 1.0850
v 7.6989 3.0448 -1.0850
v 7.8241 3.0448 -1.0850
v 7.8241 3.1459 -1.0850
v 7.6989 3.1459 -1.0850
v 7.6989 3.0448 -1.0150
v 7.8241 3.0448 -1.0150
v 7.8241 3.1459 -1.0150
v 7.6989 3.1459 -1.0150
v 7.8241 3.0448 0.9320
v 7.9493 3.0448 0.9320
v 7.9493 3.1459 0.9320
v 7.8241 3.1459 0.9320
v 7.8241 3.0448 1.0020
v 7.9493 3.0448 1.0020
v 7.9493 3.1459 1.0020
v 7.8241 3.1459 1.0020
v 7.8241 3.0448 -1.0020
v 7.9493 3.0448 -1.0020
v 7.9493 3.1459 -1.0020
v 7.8241 3.1459 -1.0020
v 7.8241 3.0448 -0.9320
v 7.9493 3.0448 -0.9320
v 7.9493 3.1459 -0.9320
v 7.8241 3.1459 -0.9320
v 7.9493 3.0448 -0.8830
v 8.0744 3.0448 -0.8830
v 8.0744 3.1459 -0.8830
v 7.9493 3.1459 -0.8830
v 7.9493 3.0448 0.8830
v 8.0744 3.0448 0.8830
v 8.0744 3.1459 0.8830
v 7.9493 3.1459 0.8830
v 8.0744 3.0448 -0.7090
v 8.1996 3.0448 -0.7090
v 8.1996 3.1459 -0.7090
v 8.0744 3.1459 -0.7090
v 8.0744 3.0448 0.7090
v 8.1996 3.0448 0.7090
v 8.1996 3.1459 0.7090
v 8.0744 3.1459 0.7090
v -8.4500 3.1459 0.9930
v -8.1996 3.1459 0.9930
v -8.1996 3.2469 0.9930
v -8.4500 3.2469 0.9930
v -8.4500 3.1459 1.0630
v -8.1996 3.1459 1.0630
v -8.1996 3.2469 1.0630
v -8.4500 3.2469 1.0630
v -8.4500 3.1459 -1.0630
v -8.1996 3.1459 -1.0630
v -8.1996 3.2469 -1.0630
v -8.4500 3.2469 -1.0630
v -8.4500 3.1459 -0.9930
v -8.1996 3.1459 -0.9930
v -8.1996 3.2469 -0.9930
v -8.4500 3.2469 -0.9930
v -8.1996 3.1459 1.0480
v -8.0744 3.1459 1.0480
v -8.0744 3.2469 1.0480
v -8.1996 3.2469 1.0480
v -8.1996 3.1459 1.1180
v -8.0744 3.1459 1.1180
v -8.0744 3.2469 1.1180
v -8.1996 3.2469 1.1180
v -8.1996 3.1459 -1.1180
v -8.0744 3.1459 -1.1180
v -8.0744 3.2469 -1.1180
v -8.1996 3.2469 -1.1180
v -8.1996 3.1459 -1.0480
v -8.0744 3.1459 -1.0480
v -8.0744 3.2469 -1.0480
v -8.1996 3.2469 -1.0480
v -8.0744 3.1459 1.0830
v 7.3233 3.1459 1.0830
v 7.3233 3.2469 1.0830
v -8.0744 3.2469 1.0830
v -8.0744 3.1459 1.1530
v 7.3233 3.1459 1.1530
v 7.3233 3.2469 1.1530
v -8.0744 3.2469 1.1530
v -8.0744 3.1459 -1.1530
v 7.3233 3.1459 -1.1530
v 7.3233 3.2469 -1.1530
v -8.0744 3.2469 -1.1530
v -8.0744 3.1459 -1.0830
v 7.3233 3.1459 -1.0830
v 7.3233 3.2469 -1.0830
v -8.0744 3.2469 -1.0830
v 7.3233 3.1459 1.0100
v 7.4485 3.1459 1.0100
v 7.4485 3.2469 1.0100
v 7.3233 3.2469 1.0100
v 7.3233 3.1459 1.0800
v 7.4485 3.1459 1.0800
v 7.4485 3.2469 1.0800
v 7.3233 3.2469 1.0800
v 7.3233 3.1459 -1.0800
v 7.4485 3.1459 -1.0800
v 7.4485 3.2469 -1.0800
v 7.3233 3.2469 -1.0800
v 7.3233 3.1459 -1.0100
v 7.4485 3.1459 -1.0100
v 7.4485 3.2469 -1.0100
v 7.3233 3.2469 -1.0100
v 7.4485 3.1459 0.9790
v 7.5737 3.1459 0.9790
v 7.5737 3.2469 0.9790
v 7.4485 3.2469 0.9790
v 7.4485 3.1459 1.0490
v 7.5737 3.1459 1.0490
v 7.5737 3.2469 1.0490
v 7.4485 3.2469 1.0490
v 7.4485 3.1459 -1.0490
v 7.5737 3.1459 -1.0490
v 7.5737 3.2469 -1.0490
v 7.4485 3.2469 -1.0490
v 7.4485 3.1459 -0.9790
v 7.5737 3.1459 -0.9790
v 7.5737 3.2469 -0.9790
v 7.4485 3.2469 -0.9790
v 7.5737 3.1459 0.9270
v 7.6989 3.1459 0.9270
v 7.6989 3.2469 0.9270
v 7.5737 3.2469 0.9270
v 7.5737 3.1459 0.9970
v 7.6989 3.1459 0.9970
v 7.6989 3.2469 0.9970
v 7.5737 3.2469 0.9970
v 7.5737 3.1459 -0.9970
v 7.6989 3.1459 -0.9970
v 7.6989 3.2469 -0.9970
v 7.5737 3.2469 -0.9970
v 7.5737 3.1459 -0.9270
v 7.6989 3.1459 -0.9270
v 7.6989 3.2469 -0.9270
v 7.5737 3.2469 -0.9270
v 7.6989 3.1459 0.8490
v 7.8241 3.1459 0.8490
v 7.8241 3.2469 0.8490
v 7.6989 3.2469 0.8490
v 7.6989 3.1459 0.9190
v 7.8241 3.1459 0.9190
v 7.8241 3.2469 0.9190
v 7.6989 3.2469 0.9190
v 7.6989 3.1459 -0.9190
v 7.8241 3.1459 -0.9190
v 7.8241 3.2469 -0.9190
v 7.6989 3.2469 -0.9190
v 7.6989 3.1459 -0.8490
v 7.8241 3.1459 -0.8490
v 7.8241 3.2469 -0.8490
v 7.6989 3.2469 -0.8490
v 7.8241 3.1459 -0.8050
v 7.9493 3.1459 -0.8050
v 7.9493 3.2469 -0.8050
v 7.8241 3.2469 -0.8050
v 7.8241 3.1459 0.8050
v 7.9493 3.1459 0.8050
v 7.9493 3.2469 0.8050
v 7.8241 3.2469 0.8050
v 7.9493 3.1459 -0.6360
v 8.0744 3.1459 -0.6360
v 8.0744 3.2469 -0.6360
v 7.9493 3.2469 -0.6360
v 7.9493 3.1459 0.6360
v 8.0744 3.1459 0.6360
v 8.0744 3.2469 0.6360
v 7.9493 3.2469 0.6360
v -8.4500 3.2469 0.8970
v -8.1996 3.2469 0.8970
v -8.1996 3.3479 0.8970
v -8.4500 3.3479 0.8970
v -8.4500 3.2469 0.9670
v -8.1996 3.2469 0.9670
v -8.1996 3.3479 0.9670
v -8.4500 3.3479 0.9670
v -8.4500 3.2469 -0.9670
v -8.1996 3.2469 -0.9670
v -8.1996 3.3479 -0.9670
v -8.4500 3.3479 -0.9670
v -8.4500 3.2469 -0.8970
v -8.1996 3.2469 -0.8970
v -8.1996 3.3479 -0.8970
v -8.4500 3.3479 -0.8970
v -8.1996 3.2469 0.9520
v -8.0744 3.2469 0.9520
v -8.0744 3.3479 0.9520
v -8.1996 3.3479 0.9520
v -8.1996 3.2469 1.0220
v -8.0744 3.2469 1.0220
v -8.0744 3.3479 1.0220
v -8.1996 3.3479 1.0220
v -8.1996 3.2469 -1.0220
v -8.0744 3.2469 -1.0220
v -8.0744 3.3479 -1.0220
v -8.1996 3.3479 -1.0220
v -8.1996 3.2469 -0.9520
v -8.0744 3.2469 -0.9520
v -8.0744 3.3479 -0.9520
v -8.1996 3.3479 -0.9520
v -8.0744 3.2469 0.9870
v -5.5707 3.2469 0.9870
v -5.5707 3.3479 0.9870
v -8.0744 3.3479 0.9870
v -8.0744 3.2469 1.0570
v -5.5707 3.2469 1.0570
v -5.5707 3.3479 1.0570
v -8.0744 3.3479 1.0570
v -8.0744 3.2469 -1.0570
v -5.5707 3.2469 -1.0570
v -5.5707 3.3479 -1.0570
v -8.0744 3.3479 -1.0570
v -8.0744 3.2469 -0.9870
v -5.5707 3.2469 -0.9870
v -5.5707 3.3479 -0.9870
v -8.0744 3.3479 -0.9870
v -5.5707 3.2469 0.9870
v -4.1937 3.2469 0.9870
v -4.1937 3.3479 0.9870
v -5.5707 3.3479 0.9870
v -5.5707 3.2469 1.0570
v -4.1937 3.2469 1.0570
v -4.1937 3.3479 1.0570
v -5.5707 3.3479 1.0570
v -5.5707 3.2469 -1.0570
v -4.1937 3.2469 -1.0570
v -4.1937 3.3479 -1.0570
v -5.5707 3.3479 -1.0570
v -5.5707 3.2469 -0.9870
v -4.1937 3.2469 -0.9870
v -4.1937 3.3479 -0.9870
v -5.5707 3.3479 -0.9870
v -4.1937 3.2469 0.9870
v -1.1893 3.2469 0.9870
v -1.1893 3.3479 0.9870
v -4.1937 3.3479 0.9870
v -4.1937 3.2469 1.0570
v -1.1893 3.2469 1.0570
v -1.1893 3.3479 1.0570
v -4.1937 3.3479 1.0570
v -4.1937 3.2469 -1.0570
v -1.1893 3.2469 -1.0570
v -1.1893 3.3479 -1.0570
v -4.1937 3.3479 -1.0570
v -4.1937 3.2469 -0.9870
v -1.1893 3.2469 -0.9870
v -1.1893 3.3479 -0.9870
v -4.1937 3.3479 -0.9870
v -1.1893 3.2469 0.9870
v 0.3130 3.2469 0.9870
v 0.3130 3.3479 0.9870
v -1.1893 3.3479 0.9870
v -1.1893 3.2469 1.0570
v 0.3130 3.2469 1.0570
v 0.3130 3.3479 1.0570
v -1.1893 3.3479 1.0570
v -1.1893 3.2469 -1.0570
v 0.3130 3.2469 -1.0570
v 0.3130 3.3479 -1.0570
v -1.1893 3.3479 -1.0570
v -1.1893 3.2469 -0.9870
v 0.3130 3.2469 -0.9870
v 0.3130 3.3479 -0.9870
v -1.1893 3.3479 -0.9870
v 0.3130 3.2469 0.9870
v 3.1922 3.2469 0.9870
v 3.1922 3.3479 0.9870
v 0.3130 3.3479 0.9870
v 0.3130 3.2469 1.0570
v 3.1922 3.2469 1.0570
v 3.1922 3.3479 1.0570
v 0.3130 3.3479 1.0570
v 0.3130 3.2469 -1.0570
v 3.1922 3.2469 -1.0570
v 3.1922 3.3479 -1.0570
v 0.3130 3.3479 -1.0570
v 0.3130 3.2469 -0.9870
v 3.1922 3.2469 -0.9870
v 3.1922 3.3479 -0.9870
v 0.3130 3.3479 -0.9870
v 3.1922 3.2469 0.9870
v 4.6944 3.2469 0.9870
v 4.6944 3.3479 0.9870
v 3.1922 3.3479 0.9870
v 3.1922 3.2469 1.0570
v 4.6944 3.2469 1.0570
v 4.6944 3.3479 1.0570
v 3.1922 3.3479 1.0570
v 3.1922 3.2469 -1.0570
v 4.6944 3.2469 -1.0570
v 4.6944 3.3479 -1.0570
v 3.1922 3.3479 -1.0570
v 3.1922 3.2469 -0.9870
v 4.6944 3.2469 -0.9870
v 4.6944 3.3479 -0.9870
v 3.1922 3.3479 -0.9870
v 4.6944 3.2469 0.9870
v 7.3233 3.2469 0.9870
v 7.3233 3.3479 0.9870
v 4.6944 3.3479 0.9870
v 4.6944 3.2469 1.0570
v 7.3233 3.2469 1.0570
v 7.3233 3.3479 1.0570
v 4.6944 3.3479 1.0570
v 4.6944 3.2469 -1.0570
v 7.3233 3.2469 -1.0570
v 7.3233 3.3479 -1.0570
v 4.6944 3.3479 -1.0570
v 4.6944 3.2469 -0.9870
v 7.3233 3.2469 -0.9870
v 7.3233 3.3479 -0.9870
v 4.6944 3.3479 -0.9870
v 7.3233 3.2469 0.8350
v 7.4485 3.2469 0.8350
v 7.4485 3.3479 0.8350
v 7.3233 3.3479 0.8350
v 7.3233 3.2469 0.9050
v 7.4485 3.2469 0.9050
v 7.4485 3.3479 0.9050
v 7.3233 3.3479 0.9050
v 7.3233 3.2469 -0.9050
v 7.4485 3.2469 -0.9050
v 7.4485 3.3479 -0.9050
v 7.3233 3.3479 -0.9050
v 7.3233 3.2469 -0.8350
v 7.4485 3.2469 -0.8350
v 7.4485 3.3479 -0.8350
v 7.3233 3.3479 -0.8350
v 7.4485 3.2469 0.7920
v 7.5737 3.2469 0.7920
v 7.5737 3.3479 0.7920
v 7.4485 3.3479 0.7920
v 7.4485 3.2469 0.8620
v 7.5737 3.2469 0.8620
v 7.5737 3.3479 0.8620
v 7.4485 3.3479 0.8620
v 7.4485 3.2469 -0.8620
v 7.5737 3.2469 -0.8620
v 7.5737 3.3479 -0.8620
v 7.4485 3.3479 -0.8620
v 7.4485 3.2469 -0.7920
v 7.5737 3.2469 -0.7920
v 7.5737 3.3479 -0.7920
v 7.4485 3.3479 -0.7920
v 7.5737 3.2469 -0.7910
v 7.6989 3.2469 -0.7910
v 7.6989 3.3479 -0.7910
v 7.5737 3.3479 -0.7910
v 7.5737 3.2469 0.7910
v 7.6989 3.2469 0.7910
v 7.6989 3.3479 0.7910
v 7.5737 3.3479 0.7910
v 7.6989 3.2469 -0.6850
v 7.8241 3.2469 -0.6850
v 7.8241 3.3479 -0.6850
v 7.6989 3.3479 -0.6850
v 7.6989 3.2469 0.6850
v 7.8241 3.2469 0.6850
v 7.8241 3.3479 0.6850
v 7.6989 3.3479 0.6850
v 7.8241 3.2469 -0.5210
v 7.9493 3.2469 -0.5210
v 7.9493 3.3479 -0.5210
v 7.8241 3.3479 -0.5210
v 7.8241 3.2469 0.5210
v 7.9493 3.2469 0.5210
v 7.9493 3.3479 0.5210
v 7.8241 3.3479 0.5210
v -8.4500 3.3479 -0.8380
v -8.1996 3.3479 -0.8380
v -8.1996 3.4490 -0.8380
v -8.4500 3.4490 -0.8380
v -8.4500 3.3479 0.8380
v -8.1996 3.3479 0.8380
v -8.1996 3.4490 0.8380
v -8.4500 3.4490 0.8380
v -8.1996 3.3479 -0.8930
v -8.0744 3.3479 -0.8930
v -8.0744 3.4490 -0.8930
v -8.1996 3.4490 -0.8930
v -8.1996 3.3479 0.8930
v -8.0744 3.3479 0.8930
v -8.0744 3.4490 0.8930
v -8.1996 3.4490 0.8930
v -8.0744 3.3479 -0.9280
v -5.5707 3.3479 -0.9280
v -5.5707 3.4490 -0.9280
v -8.0744 3.4490 -0.9280
v -8.0744 3.3479 0.9280
v -5.5707 3.3479 0.9280
v -5.5707 3.4490 0.9280
v -8.0744 3.4490 0.9280
v -5.5707 3.3479 -0.9280
v -4.1937 3.3479 -0.9280
v -4.1937 3.4490 -0.9280
v -5.5707 3.4490 -0.9280
v -5.5707 3.3479 0.9280
v -4.1937 3.3479 0.9280
v -4.1937 3.4490 0.9280
v -5.5707 3.4490 0.9280
v -4.1937 3.3479 -0.9280
v -1.1893 3.3479 -0.9280
v -1.1893 3.4490 -0.9280
v -4.1937 3.4490 -0.9280
v -4.1937 3.3479 0.9280
v -1.1893 3.3479 0.9280
v -1.1893 3.4490 0.9280
v -4.1937 3.4490 0.9280
v -1.1893 3.3479 -0.9280
v 0.3130 3.3479 -0.9280
v 0.3130 3.4490 -0.9280
v -1.1893 3.4490 -0.9280
v -1.1893 3.3479 0.9280
v 0.3130 3.3479 0.9280
v 0.3130 3.4490 0.9280
v -1.1893 3.4490 0.9280
v 0.3130 3.3479 -0.9280
v 3.1922 3.3479 -0.9280
v 3.1922 3.4490 -0.9280
v 0.3130 3.4490 -0.9280
v 0.3130 3.3479 0.9280
v 3.1922 3.3479 0.9280
v 3.1922 3.4490 0.9280
v 0.3130 3.4490 0.9280
v 3.1922 3.3479 -0.9280
v 4.6944 3.3479 -0.9280
v 4.6944 3.4490 -0.9280
v 3.1922 3.4490 -0.9280
v 3.1922 3.3479 0.9280
v 4.6944 3.3479 0.9280
v 4.6944 3.4490 0.9280
v 3.1922 3.4490 0.9280
v 4.6944 3.3479 -0.9280
v 7.3233 3.3479 -0.9280
v 7.3233 3.4490 -0.9280
v 4.6944 3.4490 -0.9280
v 4.6944 3.3479 0.9280
v 7.3233 3.3479 0.9280
v 7.3233 3.4490 0.9280
v 4.6944 3.4490 0.9280
v 7.3233 3.3479 -0.6760
v 7.4485 3.3479 -0.6760
v 7.4485 3.4490 -0.6760
v 7.3233 3.4490 -0.6760
v 7.3233 3.3479 0.6760
v 7.4485 3.3479 0.6760
v 7.4485 3.4490 0.6760
v 7.3233 3.4490 0.6760
v 7.4485 3.3479 -0.6190
v 7.5737 3.3479 -0.6190
v 7.5737 3.4490 -0.6190
v 7.4485 3.4490 -0.6190
v 7.4485 3.3479 0.6190
v 7.5737 3.3479 0.6190
v 7.5737 3.4490 0.6190
v 7.4485 3.4490 0.6190
v 7.5737 3.3479 -0.5230
v 7.6989 3.3479 -0.5230
v 7.6989 3.4490 -0.5230
v 7.5737 3.4490 -0.5230
v 7.5737 3.3479 0.5230
v 7.6989 3.3479 0.5230
v 7.6989 3.4490 0.5230
v 7.5737 3.4490 0.5230
v -8.4500 3.4490 -0.6770
v -8.1996 3.4490 -0.6770
v -8.1996 3.5500 -0.6770
v -8.4500 3.5500 -0.6770
v -8.4500 3.4490 0.6770
v -8.1996 3.4490 0.6770
v -8.1996 3.5500 0.6770
v -8.4500 3.5500 0.6770
v -8.1996 3.4490 -0.7320
v -8.0744 3.4490 -0.7320
v -8.0744 3.5500 -0.7320
v -8.1996 3.5500 -0.7320
v -8.1996 3.4490 0.7320
v -8.0744 3.4490 0.7320
v -8.0744 3.5500 0.7320
v -8.1996 3.5500 0.7320
v -8.0744 3.4490 -0.7670
v -5.5707 3.4490 -0.7670
v -5.5707 3.5500 -0.7670
v -8.0744 3.5500 -0.7670
v -8.0744 3.4490 0.7670
v -5.5707 3.4490 0.7670
v -5.5707 3.5500 0.7670
v -8.0744 3.5500 0.7670
v -5.5707 3.4490 -0.7670
v -4.1937 3.4490 -0.7670
v -4.1937 3.5500 -0.7670
v -5.5707 3.5500 -0.7670
v -5.5707 3.4490 0.7670
v -4.1937 3.4490 0.7670
v -4.1937 3.5500 0.7670
v -5.5707 3.5500 0.7670
v -4.1937 3.4490 -0.7670
v -1.1893 3.4490 -0.7670
v -1.1893 3.5500 -0.7670
v -4.1937 3.5500 -0.7670
v -4.1937 3.4490 0.7670
v -1.1893 3.4490 0.7670
v -1.1893 3.5500 0.7670
v -4.1937 3.5500 0.7670
v -1.1893 3.4490 -0.7670
v 0.3130 3.4490 -0.7670
v 0.3130 3.5500 -0.7670
v -1.1893 3.5500 -0.7670
v -1.1893 3.4490 0.7670
v 0.3130 3.4490 0.7670
v 0.3130 3.5500 0.7670
v -1.1893 3.5500 0.7670
v 0.3130 3.4490 -0.7670
v 3.1922 3.4490 -0.7670
v 3.1922 3.5500 -0.7670
v 0.3130 3.5500 -0.7670
v 0.3130 3.4490 0.7670
v 3.1922 3.4490 0.7670
v 3.1922 3.5500 0.7670
v 0.3130 3.5500 0.7670
v 3.1922 3.4490 -0.7670
v 4.6944 3.4490 -0.7670
v 4.6944 3.5500 -0.7670
v 3.1922 3.5500 -0.7670
v 3.1922 3.4490 0.7670
v 4.6944 3.4490 0.7670
v 4.6944 3.5500 0.7670
v 3.1922 3.5500 0.7670
v 4.6944 3.4490 -0.7670
v 7.3233 3.4490 -0.7670
v 7.3233 3.5500 -0.7670
v 4.6944 3.5500 -0.7670
v 4.6944 3.4490 0.7670
v 7.3233 3.4490 0.7670
v 7.3233 3.5500 0.7670
v 4.6944 3.5500 0.7670
v 7.3233 3.4490 -0.4000
v 7.4485 3.4490 -0.4000
v 7.4485 3.5500 -0.4000
v 7.3233 3.5500 -0.4000
v 7.3233 3.4490 0.4000
v 7.4485 3.4490 0.4000
v 7.4485 3.5500 0.4000
v 7.3233 3.5500 0.4000
v 7.4485 3.4490 -0.3150
v 7.5737 3.4490 -0.3150
v 7.5737 3.5500 -0.3150
v 7.4485 3.5500 -0.3150
v 7.4485 3.4490 0.3150
v 7.5737 3.4490 0.3150
v 7.5737 3.5500 0.3150
v 7.4485 3.5500 0.3150
v -8.1500 0.8600 -1.1300
v 7.1000 0.8600 -1.1300
v 7.1000 0.9800 -1.1300
v -8.1500 0.9800 -1.1300
v -8.1500 0.8600 1.1300
v 7.1000 0.8600 1.1300
v 7.1000 0.9800 1.1300
v -8.1500 0.9800 1.1300
v -4.4000 0.5700 -1.0200
v -2.6000 0.5700 -1.0200
v -2.6000 0.8600 -1.0200
v -4.4000 0.8600 -1.0200
v -4.4000 0.5700 1.0200
v -2.6000 0.5700 1.0200
v -2.6000 0.8600 1.0200
v -4.4000 0.8600 1.0200
v -4.2800 0.6500 1.0000
v -4.2300 0.6500 1.0000
v -4.2300 0.7800 1.0000
v -4.2800 0.7800 1.0000
v -4.2800 0.6500 1.0300
v -4.2300 0.6500 1.0300
v -4.2300 0.7800 1.0300
v -4.2800 0.7800 1.0300
v -4.2800 0.6500 -1.0300
v -4.2300 0.6500 -1.0300
v -4.2300 0.7800 -1.0300
v -4.2800 0.7800 -1.0300
v -4.2800 0.6500 -1.0000
v -4.2300 0.6500 -1.0000
v -4.2300 0.7800 -1.0000
v -4.2800 0.7800 -1.0000
v -4.0300 0.6500 1.0000
v -3.9800 0.6500 1.0000
v -3.9800 0.7800 1.0000
v -4.0300 0.7800 1.0000
v -4.0300 0.6500 1.0300
v -3.9800 0.6500 1.0300
v -3.9800 0.7800 1.0300
v -4.0300 0.7800 1.0300
v -4.0300 0.6500 -1.0300
v -3.9800 0.6500 -1.0300
v -3.9800 0.7800 -1.0300
v -4.0300 0.7800 -1.0300
v -4.0300 0.6500 -1.0000
v -3.9800 0.6500 -1.0000
v -3.9800 0.7800 -1.0000
v -4.0300 0.7800 -1.0000
v -3.7800 0.6500 1.0000
v -3.7300 0.6500 1.0000
v -3.7300 0.7800 1.0000
v -3.7800 0.7800 1.0000
v -3.7800 0.6500 1.0300
v -3.7300 0.6500 1.0300
v -3.7300 0.7800 1.0300
v -3.7800 0.7800 1.0300
v -3.7800 0.6500 -1.0300
v -3.7300 0.6500 -1.0300
v -3.7300 0.7800 -1.0300
v -3.7800 0.7800 -1.0300
v -3.7800 0.6500 -1.0000
v -3.7300 0.6500 -1.0000
v -3.7300 0.7800 -1.0000
v -3.7800 0.7800 -1.0000
v -3.5300 0.6500 1.0000
v -3.4800 0.6500 1.0000
v -3.4800 0.7800 1.0000
v -3.5300 0.7800 1.0000
v -3.5300 0.6500 1.0300
v -3.4800 0.6500 1.0300
v -3.4800 0.7800 1.0300
v -3.5300 0.7800 1.0300
v -3.5300 0.6500 -1.0300
v -3.4800 0.6500 -1.0300
v -3.4800 0.7800 -1.0300
v -3.5300 0.7800 -1.0300
v -3.5300 0.6500 -1.0000
v -3.4800 0.6500 -1.0000
v -3.4800 0.7800 -1.0000
v -3.5300 0.7800 -1.0000
v -3.2800 0.6500 1.0000
v -3.2300 0.6500 1.0000
v -3.2300 0.7800 1.0000
v -3.2800 0.7800 1.0000
v -3.2800 0.6500 1.0300
v -3.2300 0.6500 1.0300
v -3.2300 0.7800 1.0300
v -3.2800 0.7800 1.0300
v -3.2800 0.6500 -1.0300
v -3.2300 0.6500 -1.0300
v -3.2300 0.7800 -1.0300
v -3.2800 0.7800 -1.0300
v -3.2800 0.6500 -1.0000
v -3.2300 0.6500 -1.0000
v -3.2300 0.7800 -1.0000
v -3.2800 0.7800 -1.0000
v -3.0300 0.6500 1.0000
v -2.9800 0.6500 1.0000
v -2.9800 0.7800 1.0000
v -3.0300 0.7800 1.0000
v -3.0300 0.6500 1.0300
v -2.9800 0.6500 1.0300
v -2.9800 0.7800 1.0300
v -3.0300 0.7800 1.0300
v -3.0300 0.6500 -1.0300
v -2.9800 0.6500 -1.0300
v -2.9800 0.7800 -1.0300
v -3.0300 0.7800 -1.0300
v -3.0300 0.6500 -1.0000
v -2.9800 0.6500 -1.0000
v -2.9800 0.7800 -1.0000
v -3.0300 0.7800 -1.0000
v -2.7800 0.6500 1.0000
v -2.7300 0.6500 1.0000
v -2.7300 0.7800 1.0000
v -2.7800 0.7800 1.0000
v -2.7800 0.6500 1.0300
v -2.7300 0.6500 1.0300
v -2.7300 0.7800 1.0300
v -2.7800 0.7800 1.0300
v -2.7800 0.6500 -1.0300
v -2.7300 0.6500 -1.0300
v -2.7300 0.7800 -1.0300
v -2.7800 0.7800 -1.0300
v -2.7800 0.6500 -1.0000
v -2.7300 0.6500 -1.0000
v -2.7300 0.7800 -1.0000
v -2.7800 0.7800 -1.0000
v -2.3000 0.6700 -0.6700
v -0.0000 0.6700 -0.6700
v -0.0000 0.8100 -0.6700
v -2.3000 0.8100 -0.6700
v -2.3000 0.6700 -0.2300
v -0.0000 0.6700 -0.2300
v -0.0000 0.8100 -0.2300
v -2.3000 0.8100 -0.2300
v -2.3000 0.6700 0.2300
v -0.0000 0.6700 0.2300
v -0.0000 0.8100 0.2300
v -2.3000 0.8100 0.2300
v -2.3000 0.6700 0.6700
v -0.0000 0.6700 0.6700
v -0.0000 0.8100 0.6700
v -2.3000 0.8100 0.6700
v 0.3000 0.5700 -1.0200
v 1.5000 0.5700 -1.0200
v 1.5000 0.8600 -1.0200
v 0.3000 0.8600 -1.0200
v 0.3000 0.5700 1.0200
v 1.5000 0.5700 1.0200
v 1.5000 0.8600 1.0200
v 0.3000 0.8600 1.0200
v 0.4200 0.6500 1.0000
v 0.4700 0.6500 1.0000
v 0.4700 0.7800 1.0000
v 0.4200 0.7800 1.0000
v 0.4200 0.6500 1.0300
v 0.4700 0.6500 1.0300
v 0.4700 0.7800 1.0300
v 0.4200 0.7800 1.0300
v 0.4200 0.6500 -1.0300
v 0.4700 0.6500 -1.0300
v 0.4700 0.7800 -1.0300
v 0.4200 0.7800 -1.0300
v 0.4200 0.6500 -1.0000
v 0.4700 0.6500 -1.0000
v 0.4700 0.7800 -1.0000
v 0.4200 0.7800 -1.0000
v 0.6700 0.6500 1.0000
v 0.7200 0.6500 1.0000
v 0.7200 0.7800 1.0000
v 0.6700 0.7800 1.0000
v 0.6700 0.6500 1.0300
v 0.7200 0.6500 1.0300
v 0.7200 0.7800 1.0300
v 0.6700 0.7800 1.0300
v 0.6700 0.6500 -1.0300
v 0.7200 0.6500 -1.0300
v 0.7200 0.7800 -1.0300
v 0.6700 0.7800 -1.0300
v 0.6700 0.6500 -1.0000
v 0.7200 0.6500 -1.0000
v 0.7200 0.7800 -1.0000
v 0.6700 0.7800 -1.0000
v 0.9200 0.6500 1.0000
v 0.9700 0.6500 1.0000
v 0.9700 0.7800 1.0000
v 0.9200 0.7800 1.0000
v 0.9200 0.6500 1.0300
v 0.9700 0.6500 1.0300
v 0.9700 0.7800 1.0300
v 0.9200 0.7800 1.0300
v 0.9200 0.6500 -1.0300
v 0.9700 0.6500 -1.0300
v 0.9700 0.7800 -1.0300
v 0.9200 0.7800 -1.0300
v 0.9200 0.6500 -1.0000
v 0.9700 0.6500 -1.0000
v 0.9700 0.7800 -1.0000
v 0.9200 0.7800 -1.0000
v 1.1700 0.6500 1.0000
v 1.2200 0.6500 1.0000
v 1.2200 0.7800 1.0000
v 1.1700 0.7800 1.0000
v 1.1700 0.6500 1.0300
v 1.2200 0.6500 1.0300
v 1.2200 0.7800 1.0300
v 1.1700 0.7800 1.0300
v 1.1700 0.6500 -1.0300
v 1.2200 0.6500 -1.0300
v 1.2200 0.7800 -1.0300
v 1.1700 0.7800 -1.0300
v 1.1700 0.6500 -1.0000
v 1.2200 0.6500 -1.0000
v 1.2200 0.7800 -1.0000
v 1.1700 0.7800 -1.0000
v 1.7500 0.5700 -1.0200
v 3.5500 0.5700 -1.0200
v 3.5500 0.8600 -1.0200
v 1.7500 0.8600 -1.0200
v 1.7500 0.5700 1.0200
v 3.5500 0.5700 1.0200
v 3.5500 0.8600 1.0200
v 1.7500 0.8600 1.0200
v 1.8700 0.6500 1.0000
v 1.9200 0.6500 1.0000
v 1.9200 0.7800 1.0000
v 1.8700 0.7800 1.0000
v 1.8700 0.6500 1.0300
v 1.9200 0.6500 1.0300
v 1.9200 0.7800 1.0300
v 1.8700 0.7800 1.0300
v 1.8700 0.6500 -1.0300
v 1.9200 0.6500 -1.0300
v 1.9200 0.7800 -1.0300
v 1.8700 0.7800 -1.0300
v 1.8700 0.6500 -1.0000
v 1.9200 0.6500 -1.0000
v 1.9200 0.7800 -1.0000
v 1.8700 0.7800 -1.0000
v 2.1200 0.6500 1.0000
v 2.1700 0.6500 1.0000
v 2.1700 0.7800 1.0000
v 2.1200 0.7800 1.0000
v 2.1200 0.6500 1.0300
v 2.1700 0.6500 1.0300
v 2.1700 0.7800 1.0300
v 2.1200 0.7800 1.0300
v 2.1200 0.6500 -1.0300
v 2.1700 0.6500 -1.0300
v 2.1700 0.7800 -1.0300
v 2.1200 0.7800 -1.0300
v 2.1200 0.6500 -1.0000
v 2.1700 0.6500 -1.0000
v 2.1700 0.7800 -1.0000
v 2.1200 0.7800 -1.0000
v 2.3700 0.6500 1.0000
v 2.4200 0.6500 1.0000
v 2.4200 0.7800 1.0000
v 2.3700 0.7800 1.0000
v 2.3700 0.6500 1.0300
v 2.4200 0.6500 1.0300
v 2.4200 0.7800 1.0300
v 2.3700 0.7800 1.0300
v 2.3700 0.6500 -1.0300
v 2.4200 0.6500 -1.0300
v 2.4200 0.7800 -1.0300
v 2.3700 0.7800 -1.0300
v 2.3700 0.6500 -1.0000
v 2.4200 0.6500 -1.0000
v 2.4200 0.7800 -1.0000
v 2.3700 0.7800 -1.0000
v 2.6200 0.6500 1.0000
v 2.6700 0.6500 1.0000
v 2.6700 0.7800 1.0000
v 2.6200 0.7800 1.0000
v 2.6200 0.6500 1.0300
v 2.6700 0.6500 1.0300
v 2.6700 0.7800 1.0300
v 2.6200 0.7800 1.0300
v 2.6200 0.6500 -1.0300
v 2.6700 0.6500 -1.0300
v 2.6700 0.7800 -1.0300
v 2.6200 0.7800 -1.0300
v 2.6200 0.6500 -1.0000
v 2.6700 0.6500 -1.0000
v 2.6700 0.7800 -1.0000
v 2.6200 0.7800 -1.0000
v 2.8700 0.6500 1.0000
v 2.9200 0.6500 1.0000
v 2.9200 0.7800 1.0000
v 2.8700 0.7800 1.0000
v 2.8700 0.6500 1.0300
v 2.9200 0.6500 1.0300
v 2.9200 0.7800 1.0300
v 2.8700 0.7800 1.0300
v 2.8700 0.6500 -1.0300
v 2.9200 0.6500 -1.0300
v 2.9200 0.7800 -1.0300
v 2.8700 0.7800 -1.0300
v 2.8700 0.6500 -1.0000
v 2.9200 0.6500 -1.0000
v 2.9200 0.7800 -1.0000
v 2.8700 0.7800 -1.0000
v 3.1200 0.6500 1.0000
v 3.1700 0.6500 1.0000
v 3.1700 0.7800 1.0000
v 3.1200 0.7800 1.0000
v 3.1200 0.6500 1.0300
v 3.1700 0.6500 1.0300
v 3.1700 0.7800 1.0300
v 3.1200 0.7800 1.0300
v 3.1200 0.6500 -1.0300
v 3.1700 0.6500 -1.0300
v 3.1700 0.7800 -1.0300
v 3.1200 0.7800 -1.0300
v 3.1200 0.6500 -1.0000
v 3.1700 0.6500 -1.0000
v 3.1700 0.7800 -1.0000
v 3.1200 0.7800 -1.0000
v 3.3700 0.6500 1.0000
v 3.4200 0.6500 1.0000
v 3.4200 0.7800 1.0000
v 3.3700 0.7800 1.0000
v 3.3700 0.6500 1.0300
v 3.4200 0.6500 1.0300
v 3.4200 0.7800 1.0300
v 3.3700 0.7800 1.0300
v 3.3700 0.6500 -1.0300
v 3.4200 0.6500 -1.0300
v 3.4200 0.7800 -1.0300
v 3.3700 0.7800 -1.0300
v 3.3700 0.6500 -1.0000
v 3.4200 0.6500 -1.0000
v 3.4200 0.7800 -1.0000
v 3.3700 0.7800 -1.0000
v -8.9000 0.8000 -0.0800
v -8.4500 0.8000 -0.0800
v -8.4500 0.9400 -0.0800
v -8.9000 0.9400 -0.0800
v -8.9000 0.8000 0.0800
v -8.4500 0.8000 0.0800
v -8.4500 0.9400 0.0800
v -8.9000 0.9400 0.0800
v -9.0700 0.6900 -0.2000
v -8.8500 0.6900 -0.2000
v -8.8500 1.0500 -0.2000
v -9.0700 1.0500 -0.2000
v -9.0700 0.6900 0.2000
v -8.8500 0.6900 0.2000
v -8.8500 1.0500 0.2000
v -9.0700 1.0500 0.2000
v -9.0700 0.7500 -0.2400
v -9.0000 0.7500 -0.2400
v -9.0000 0.9900 -0.2400
v -9.0700 0.9900 -0.2400
v -9.0700 0.7500 0.2400
v -9.0000 0.7500 0.2400
v -9.0000 0.9900 0.2400
v -9.0700 0.9900 0.2400
v -8.5200 0.7000 -0.3000
v -8.4800 0.7000 -0.3000
v -8.4800 0.7400 -0.3000
v -8.5200 0.7400 -0.3000
v -8.5200 0.7000 -0.2600
v -8.4800 0.7000 -0.2600
v -8.4800 0.7400 -0.2600
v -8.5200 0.7400 -0.2600
v -8.5589 0.6833 -0.3062
v -8.5189 0.6833 -0.3062
v -8.5189 0.7233 -0.3062
v -8.5589 0.7233 -0.3062
v -8.5589 0.6833 -0.2662
v -8.5189 0.6833 -0.2662
v -8.5189 0.7233 -0.2662
v -8.5589 0.7233 -0.2662
v -8.5978 0.6667 -0.3124
v -8.5578 0.6667 -0.3124
v -8.5578 0.7067 -0.3124
v -8.5978 0.7067 -0.3124
v -8.5978 0.6667 -0.2724
v -8.5578 0.6667 -0.2724
v -8.5578 0.7067 -0.2724
v -8.5978 0.7067 -0.2724
v -8.6367 0.6500 -0.3187
v -8.5967 0.6500 -0.3187
v -8.5967 0.6900 -0.3187
v -8.6367 0.6900 -0.3187
v -8.6367 0.6500 -0.2787
v -8.5967 0.6500 -0.2787
v -8.5967 0.6900 -0.2787
v -8.6367 0.6900 -0.2787
v -8.6756 0.6333 -0.3249
v -8.6356 0.6333 -0.3249
v -8.6356 0.6733 -0.3249
v -8.6756 0.6733 -0.3249
v -8.6756 0.6333 -0.2849
v -8.6356 0.6333 -0.2849
v -8.6356 0.6733 -0.2849
v -8.6756 0.6733 -0.2849
v -8.7144 0.6167 -0.3311
v -8.6744 0.6167 -0.3311
v -8.6744 0.6567 -0.3311
v -8.7144 0.6567 -0.3311
v -8.7144 0.6167 -0.2911
v -8.6744 0.6167 -0.2911
v -8.6744 0.6567 -0.2911
v -8.7144 0.6567 -0.2911
v -8.7533 0.6000 -0.3373
v -8.7133 0.6000 -0.3373
v -8.7133 0.6400 -0.3373
v -8.7533 0.6400 -0.3373
v -8.7533 0.6000 -0.2973
v -8.7133 0.6000 -0.2973
v -8.7133 0.6400 -0.2973
v -8.7533 0.6400 -0.2973
v -8.7922 0.5833 -0.3436
v -8.7522 0.5833 -0.3436
v -8.7522 0.6233 -0.3436
v -8.7922 0.6233 -0.3436
v -8.7922 0.5833 -0.3036
v -8.7522 0.5833 -0.3036
v -8.7522 0.6233 -0.3036
v -8.7922 0.6233 -0.3036
v -8.8311 0.5667 -0.3498
v -8.7911 0.5667 -0.3498
v -8.7911 0.6067 -0.3498
v -8.8311 0.6067 -0.3498
v -8.8311 0.5667 -0.3098
v -8.7911 0.5667 -0.3098
v -8.7911 0.6067 -0.3098
v -8.8311 0.6067 -0.3098
v -8.8700 0.5500 -0.3560
v -8.8300 0.5500 -0.3560
v -8.8300 0.5900 -0.3560
v -8.8700 0.5900 -0.3560
v -8.8700 0.5500 -0.3160
v -8.8300 0.5500 -0.3160
v -8.8300 0.5900 -0.3160
v -8.8700 0.5900 -0.3160
v -8.5200 0.7000 0.2600
v -8.4800 0.7000 0.2600
v -8.4800 0.7400 0.2600
v -8.5200 0.7400 0.2600
v -8.5200 0.7000 0.3000
v -8.4800 0.7000 0.3000
v -8.4800 0.7400 0.3000
v -8.5200 0.7400 0.3000
v -8.5589 0.6833 0.2662
v -8.5189 0.6833 0.2662
v -8.5189 0.7233 0.2662
v -8.5589 0.7233 0.2662
v -8.5589 0.6833 0.3062
v -8.5189 0.6833 0.3062
v -8.5189 0.7233 0.3062
v -8.5589 0.7233 0.3062
v -8.5978 0.6667 0.2724
v -8.5578 0.6667 0.2724
v -8.5578 0.7067 0.2724
v -8.5978 0.7067 0.2724
v -8.5978 0.6667 0.3124
v -8.5578 0.6667 0.3124
v -8.5578 0.7067 0.3124
v -8.5978 0.7067 0.3124
v -8.6367 0.6500 0.2787
v -8.5967 0.6500 0.2787
v -8.5967 0.6900 0.2787
v -8.6367 0.6900 0.2787
v -8.6367 0.6500 0.3187
v -8.5967 0.6500 0.3187
v -8.5967 0.6900 0.3187
v -8.6367 0.6900 0.3187
v -8.6756 0.6333 0.2849
v -8.6356 0.6333 0.2849
v -8.6356 0.6733 0.2849
v -8.6756 0.6733 0.2849
v -8.6756 0.6333 0.3249
v -8.6356 0.6333 0.3249
v -8.6356 0.6733 0.3249
v -8.6756 0.6733 0.3249
v -8.7144 0.6167 0.2911
v -8.6744 0.6167 0.2911
v -8.6744 0.6567 0.2911
v -8.7144 0.6567 0.2911
v -8.7144 0.6167 0.3311
v -8.6744 0.6167 0.3311
v -8.6744 0.6567 0.3311
v -8.7144 0.6567 0.3311
v -8.7533 0.6000 0.2973
v -8.7133 0.6000 0.2973
v -8.7133 0.6400 0.2973
v -8.7533 0.6400 0.2973
v -8.7533 0.6000 0.3373
v -8.7133 0.6000 0.3373
v -8.7133 0.6400 0.3373
v -8.7533 0.6400 0.3373
v -8.7922 0.5833 0.3036
v -8.7522 0.5833 0.3036
v -8.7522 0.6233 0.3036
v -8.7922 0.6233 0.3036
v -8.7922 0.5833 0.3436
v -8.7522 0.5833 0.3436
v -8.7522 0.6233 0.3436
v -8.7922 0.6233 0.3436
v -8.8311 0.5667 0.3098
v -8.7911 0.5667 0.3098
v -8.7911 0.6067 0.3098
v -8.8311 0.6067 0.3098
v -8.8311 0.5667 0.3498
v -8.7911 0.5667 0.3498
v -8.7911 0.6067 0.3498
v -8.8311 0.6067 0.3498
v -8.8700 0.5500 0.3160
v -8.8300 0.5500 0.3160
v -8.8300 0.5900 0.3160
v -8.8700 0.5900 0.3160
v -8.8700 0.5500 0.3560
v -8.8300 0.5500 0.3560
v -8.8300 0.5900 0.3560
v -8.8700 0.5900 0.3560
v 8.4500 0.8000 -0.0800
v 8.9000 0.8000 -0.0800
v 8.9000 0.9400 -0.0800
v 8.4500 0.9400 -0.0800
v 8.4500 0.8000 0.0800
v 8.9000 0.8000 0.0800
v 8.9000 0.9400 0.0800
v 8.4500 0.9400 0.0800
v 8.8500 0.6900 -0.2000
v 9.0700 0.6900 -0.2000
v 9.0700 1.0500 -0.2000
v 8.8500 1.0500 -0.2000
v 8.8500 0.6900 0.2000
v 9.0700 0.6900 0.2000
v 9.0700 1.0500 0.2000
v 8.8500 1.0500 0.2000
v 9.0000 0.7500 -0.2400
v 9.0700 0.7500 -0.2400
v 9.0700 0.9900 -0.2400
v 9.0000 0.9900 -0.2400
v 9.0000 0.7500 0.2400
v 9.0700 0.7500 0.2400
v 9.0700 0.9900 0.2400
v 9.0000 0.9900 0.2400
v 8.4800 0.7000 -0.3000
v 8.5200 0.7000 -0.3000
v 8.5200 0.7400 -0.3000
v 8.4800 0.7400 -0.3000
v 8.4800 0.7000 -0.2600
v 8.5200 0.7000 -0.2600
v 8.5200 0.7400 -0.2600
v 8.4800 0.7400 -0.2600
v 8.5189 0.6833 -0.3062
v 8.5589 0.6833 -0.3062
v 8.5589 0.7233 -0.3062
v 8.5189 0.7233 -0.3062
v 8.5189 0.6833 -0.2662
v 8.5589 0.6833 -0.2662
v 8.5589 0.7233 -0.2662
v 8.5189 0.7233 -0.2662
v 8.5578 0.6667 -0.3124
v 8.5978 0.6667 -0.3124
v 8.5978 0.7067 -0.3124
v 8.5578 0.7067 -0.3124
v 8.5578 0.6667 -0.2724
v 8.5978 0.6667 -0.2724
v 8.5978 0.7067 -0.2724
v 8.5578 0.7067 -0.2724
v 8.5967 0.6500 -0.3187
v 8.6367 0.6500 -0.3187
v 8.6367 0.6900 -0.3187
v 8.5967 0.6900 -0.3187
v 8.5967 0.6500 -0.2787
v 8.6367 0.6500 -0.2787
v 8.6367 0.6900 -0.2787
v 8.5967 0.6900 -0.2787
v 8.6356 0.6333 -0.3249
v 8.6756 0.6333 -0.3249
v 8.6756 0.6733 -0.3249
v 8.6356 0.6733 -0.3249
v 8.6356 0.6333 -0.2849
v 8.6756 0.6333 -0.2849
v 8.6756 0.6733 -0.2849
v 8.6356 0.6733 -0.2849
v 8.6744 0.6167 -0.3311
v 8.7144 0.6167 -0.3311
v 8.7144 0.6567 -0.3311
v 8.6744 0.6567 -0.3311
v 8.6744 0.6167 -0.2911
v 8.7144 0.6167 -0.2911
v 8.7144 0.6567 -0.2911
v 8.6744 0.6567 -0.2911
v 8.7133 0.6000 -0.3373
v 8.7533 0.6000 -0.3373
v 8.7533 0.6400 -0.3373
v 8.7133 0.6400 -0.3373
v 8.7133 0.6000 -0.2973
v 8.7533 0.6000 -0.2973
v 8.7533 0.6400 -0.2973
v 8.7133 0.6400 -0.2973
v 8.7522 0.5833 -0.3436
v 8.7922 0.5833 -0.3436
v 8.7922 0.6233 -0.3436
v 8.7522 0.6233 -0.3436
v 8.7522 0.5833 -0.3036
v 8.7922 0.5833 -0.3036
v 8.7922 0.6233 -0.3036
v 8.7522 0.6233 -0.3036
v 8.7911 0.5667 -0.3498
v 8.8311 0.5667 -0.3498
v 8.8311 0.6067 -0.3498
v 8.7911 0.6067 -0.3498
v 8.7911 0.5667 -0.3098
v 8.8311 0.5667 -0.3098
v 8.8311 0.6067 -0.3098
v 8.7911 0.6067 -0.3098
v 8.8300 0.5500 -0.3560
v 8.8700 0.5500 -0.3560
v 8.8700 0.5900 -0.3560
v 8.8300 0.5900 -0.3560
v 8.8300 0.5500 -0.3160
v 8.8700 0.5500 -0.3160
v 8.8700 0.5900 -0.3160
v 8.8300 0.5900 -0.3160
v 8.4800 0.7000 0.2600
v 8.5200 0.7000 0.2600
v 8.5200 0.7400 0.2600
v 8.4800 0.7400 0.2600
v 8.4800 0.7000 0.3000
v 8.5200 0.7000 0.3000
v 8.5200 0.7400 0.3000
v 8.4800 0.7400 0.3000
v 8.5189 0.6833 0.2662
v 8.5589 0.6833 0.2662
v 8.5589 0.7233 0.2662
v 8.5189 0.7233 0.2662
v 8.5189 0.6833 0.3062
v 8.5589 0.6833 0.3062
v 8.5589 0.7233 0.3062
v 8.5189 0.7233 0.3062
v 8.5578 0.6667 0.2724
v 8.5978 0.6667 0.2724
v 8.5978 0.7067 0.2724
v 8.5578 0.7067 0.2724
v 8.5578 0.6667 0.3124
v 8.5978 0.6667 0.3124
v 8.5978 0.7067 0.3124
v 8.5578 0.7067 0.3124
v 8.5967 0.6500 0.2787
v 8.6367 0.6500 0.2787
v 8.6367 0.6900 0.2787
v 8.5967 0.6900 0.2787
v 8.5967 0.6500 0.3187
v 8.6367 0.6500 0.3187
v 8.6367 0.6900 0.3187
v 8.5967 0.6900 0.3187
v 8.6356 0.6333 0.2849
v 8.6756 0.6333 0.2849
v 8.6756 0.6733 0.2849
v 8.6356 0.6733 0.2849
v 8.6356 0.6333 0.3249
v 8.6756 0.6333 0.3249
v 8.6756 0.6733 0.3249
v 8.6356 0.6733 0.3249
v 8.6744 0.6167 0.2911
v 8.7144 0.6167 0.2911
v 8.7144 0.6567 0.2911
v 8.6744 0.6567 0.2911
v 8.6744 0.6167 0.3311
v 8.7144 0.6167 0.3311
v 8.7144 0.6567 0.3311
v 8.6744 0.6567 0.3311
v 8.7133 0.6000 0.2973
v 8.7533 0.6000 0.2973
v 8.7533 0.6400 0.2973
v 8.7133 0.6400 0.2973
v 8.7133 0.6000 0.3373
v 8.7533 0.6000 0.3373
v 8.7533 0.6400 0.3373
v 8.7133 0.6400 0.3373
v 8.7522 0.5833 0.3036
v 8.7922 0.5833 0.3036
v 8.7922 0.6233 0.3036
v 8.7522 0.6233 0.3036
v 8.7522 0.5833 0.3436
v 8.7922 0.5833 0.3436
v 8.7922 0.6233 0.3436
v 8.7522 0.6233 0.3436
v 8.7911 0.5667 0.3098
v 8.8311 0.5667 0.3098
v 8.8311 0.6067 0.3098
v 8.7911 0.6067 0.3098
v 8.7911 0.5667 0.3498
v 8.8311 0.5667 0.3498
v 8.8311 0.6067 0.3498
v 8.7911 0.6067 0.3498
v 8.8300 0.5500 0.3160
v 8.8700 0.5500 0.3160
v 8.8700 0.5900 0.3160
v 8.8300 0.5900 0.3160
v 8.8300 0.5500 0.3560
v 8.8700 0.5500 0.3560
v 8.8700 0.5900 0.3560
v 8.8300 0.5900 0.3560
v -8.6000 0.8764 -1.0840
v -8.4500 0.8764 -1.0840
v -8.4500 0.9746 -1.0840
v -8.6000 0.9746 -1.0840
v -8.6000 0.8764 1.0840
v -8.4500 0.8764 1.0840
v -8.4500 0.9746 1.0840
v -8.6000 0.9746 1.0840
v -8.6000 0.9746 0.5800
v -8.4500 0.9746 0.5800
v -8.4500 2.9389 0.5800
v -8.6000 2.9389 0.5800
v -8.6000 0.9746 1.1500
v -8.4500 0.9746 1.1500
v -8.4500 2.9389 1.1500
v -8.6000 2.9389 1.1500
v -8.6000 0.9746 -1.1500
v -8.4500 0.9746 -1.1500
v -8.4500 2.9389 -1.1500
v -8.6000 2.9389 -1.1500
v -8.6000 0.9746 -0.5800
v -8.4500 0.9746 -0.5800
v -8.4500 2.9389 -0.5800
v -8.6000 2.9389 -0.5800
v -8.6000 2.9389 0.5800
v -8.4500 2.9389 0.5800
v -8.4500 3.0371 0.5800
v -8.6000 3.0371 0.5800
v -8.6000 2.9389 1.1480
v -8.4500 2.9389 1.1480
v -8.4500 3.0371 1.1480
v -8.6000 3.0371 1.1480
v -8.6000 2.9389 -1.1480
v -8.4500 2.9389 -1.1480
v -8.4500 3.0371 -1.1480
v -8.6000 3.0371 -1.1480
v -8.6000 2.9389 -0.5800
v -8.4500 2.9389 -0.5800
v -8.4500 3.0371 -0.5800
v -8.6000 3.0371 -0.5800
v -8.6000 3.0371 0.5800
v -8.4500 3.0371 0.5800
v -8.4500 3.1354 0.5800
v -8.6000 3.1354 0.5800
v -8.6000 3.0371 1.1200
v -8.4500 3.0371 1.1200
v -8.4500 3.1354 1.1200
v -8.6000 3.1354 1.1200
v -8.6000 3.0371 -1.1200
v -8.4500 3.0371 -1.1200
v -8.4500 3.1354 -1.1200
v -8.6000 3.1354 -1.1200
v -8.6000 3.0371 -0.5800
v -8.4500 3.0371 -0.5800
v -8.4500 3.1354 -0.5800
v -8.6000 3.1354 -0.5800
v -8.6000 3.1354 -1.0620
v -8.4500 3.1354 -1.0620
v -8.4500 3.2336 -1.0620
v -8.6000 3.2336 -1.0620
v -8.6000 3.1354 1.0620
v -8.4500 3.1354 1.0620
v -8.4500 3.2336 1.0620
v -8.6000 3.2336 1.0620
v -8.6000 3.2336 -0.9730
v -8.4500 3.2336 -0.9730
v -8.4500 3.3318 -0.9730
v -8.6000 3.3318 -0.9730
v -8.6000 3.2336 0.9730
v -8.4500 3.2336 0.9730
v -8.4500 3.3318 0.9730
v -8.6000 3.3318 0.9730
v -8.6000 3.3318 -0.8530
v -8.4500 3.3318 -0.8530
v -8.4500 3.4300 -0.8530
v -8.6000 3.4300 -0.8530
v -8.6000 3.3318 0.8530
v -8.4500 3.3318 0.8530
v -8.4500 3.4300 0.8530
v -8.6000 3.4300 0.8530
v -8.6100 0.9500 -0.5600
v -8.3300 0.9500 -0.5600
v -8.3300 0.9800 -0.5600
v -8.6100 0.9800 -0.5600
v -8.6100 0.9500 0.5600
v -8.3300 0.9500 0.5600
v -8.3300 0.9800 0.5600
v -8.6100 0.9800 0.5600
v -8.3500 0.9500 -1.1800
v 7.9325 0.9500 -1.1800
v 7.9325 0.9800 -1.1800
v -8.3500 0.9800 -1.1800
v -8.3500 0.9500 1.1800
v 7.9325 0.9500 1.1800
v 7.9325 0.9800 1.1800
v -8.3500 0.9800 1.1800
v -8.6100 0.9600 -0.5600
v -8.3300 0.9600 -0.5600
v -8.3300 0.9850 -0.5600
v -8.6100 0.9850 -0.5600
v -8.6100 0.9600 0.5600
v -8.3300 0.9600 0.5600
v -8.3300 0.9850 0.5600
v -8.6100 0.9850 0.5600
v 4.6000 0.3100 0.8600
v 8.0000 0.3100 0.8600
v 8.0000 0.7500 0.8600
v 4.6000 0.7500 0.8600
v 4.6000 0.3100 1.0200
v 8.0000 0.3100 1.0200
v 8.0000 0.7500 1.0200
v 4.6000 0.7500 1.0200
v 4.6000 0.3100 -1.0200
v 8.0000 0.3100 -1.0200
v 8.0000 0.7500 -1.0200
v 4.6000 0.7500 -1.0200
v 4.6000 0.3100 -0.8600
v 8.0000 0.3100 -0.8600
v 8.0000 0.7500 -0.8600
v 4.6000 0.7500 -0.8600
v 5.8000 0.6300 -1.0000
v 6.8000 0.6300 -1.0000
v 6.8000 0.8500 -1.0000
v 5.8000 0.8500 -1.0000
v 5.8000 0.6300 1.0000
v 6.8000 0.6300 1.0000
v 6.8000 0.8500 1.0000
v 5.8000 0.8500 1.0000
v 5.9500 0.0800 0.9300
v 6.6500 0.0800 0.9300
v 6.6500 0.4800 0.9300
v 5.9500 0.4800 0.9300
v 5.9500 0.0800 1.0400
v 6.6500 0.0800 1.0400
v 6.6500 0.4800 1.0400
v 5.9500 0.4800 1.0400
v 5.9500 0.0800 -1.0400
v 6.6500 0.0800 -1.0400
v 6.6500 0.4800 -1.0400
v 5.9500 0.4800 -1.0400
v 5.9500 0.0800 -0.9300
v 6.6500 0.0800 -0.9300
v 6.6500 0.4800 -0.9300
v 5.9500 0.4800 -0.9300
v 4.8900 0.2900 0.8200
v 5.2100 0.2900 0.8200
v 5.2100 0.5700 0.8200
v 4.8900 0.5700 0.8200
v 4.8900 0.2900 1.0500
v 5.2100 0.2900 1.0500
v 5.2100 0.5700 1.0500
v 4.8900 0.5700 1.0500
v 4.8900 0.2900 -1.0500
v 5.2100 0.2900 -1.0500
v 5.2100 0.5700 -1.0500
v 4.8900 0.5700 -1.0500
v 4.8900 0.2900 -0.8200
v 5.2100 0.2900 -0.8200
v 5.2100 0.5700 -0.8200
v 4.8900 0.5700 -0.8200
v 4.9200 0.5700 0.8600
v 5.1800 0.5700 0.8600
v 5.1800 0.6300 0.8600
v 4.9200 0.6300 0.8600
v 4.9200 0.5700 1.0000
v 5.1800 0.5700 1.0000
v 5.1800 0.6300 1.0000
v 4.9200 0.6300 1.0000
v 4.9200 0.5700 -1.0000
v 5.1800 0.5700 -1.0000
v 5.1800 0.6300 -1.0000
v 4.9200 0.6300 -1.0000
v 4.9200 0.5700 -0.8600
v 5.1800 0.5700 -0.8600
v 5.1800 0.6300 -0.8600
v 4.9200 0.6300 -0.8600
v 4.9500 0.6300 0.8800
v 5.1500 0.6300 0.8800
v 5.1500 0.6600 0.8800
v 4.9500 0.6600 0.8800
v 4.9500 0.6300 0.9800
v 5.1500 0.6300 0.9800
v 5.1500 0.6600 0.9800
v 4.9500 0.6600 0.9800
v 4.9500 0.6800 0.8800
v 5.1500 0.6800 0.8800
v 5.1500 0.7100 0.8800
v 4.9500 0.7100 0.8800
v 4.9500 0.6800 0.9800
v 5.1500 0.6800 0.9800
v 5.1500 0.7100 0.9800
v 4.9500 0.7100 0.9800
v 4.9500 0.7300 0.8800
v 5.1500 0.7300 0.8800
v 5.1500 0.7600 0.8800
v 4.9500 0.7600 0.8800
v 4.9500 0.7300 0.9800
v 5.1500 0.7300 0.9800
v 5.1500 0.7600 0.9800
v 4.9500 0.7600 0.9800
v 4.9500 0.7800 0.8800
v 5.1500 0.7800 0.8800
v 5.1500 0.8100 0.8800
v 4.9500 0.8100 0.8800
v 4.9500 0.7800 0.9800
v 5.1500 0.7800 0.9800
v 5.1500 0.8100 0.9800
v 4.9500 0.8100 0.9800
v 4.9500 0.6300 -0.9800
v 5.1500 0.6300 -0.9800
v 5.1500 0.6600 -0.9800
v 4.9500 0.6600 -0.9800
v 4.9500 0.6300 -0.8800
v 5.1500 0.6300 -0.8800
v 5.1500 0.6600 -0.8800
v 4.9500 0.6600 -0.8800
v 4.9500 0.6800 -0.9800
v 5.1500 0.6800 -0.9800
v 5.1500 0.7100 -0.9800
v 4.9500 0.7100 -0.9800
v 4.9500 0.6800 -0.8800
v 5.1500 0.6800 -0.8800
v 5.1500 0.7100 -0.8800
v 4.9500 0.7100 -0.8800
v 4.9500 0.7300 -0.9800
v 5.1500 0.7300 -0.9800
v 5.1500 0.7600 -0.9800
v 4.9500 0.7600 -0.9800
v 4.9500 0.7300 -0.8800
v 5.1500 0.7300 -0.8800
v 5.1500 0.7600 -0.8800
v 4.9500 0.7600 -0.8800
v 4.9500 0.7800 -0.9800
v 5.1500 0.7800 -0.9800
v 5.1500 0.8100 -0.9800
v 4.9500 0.8100 -0.9800
v 4.9500 0.7800 -0.8800
v 5.1500 0.7800 -0.8800
v 5.1500 0.8100 -0.8800
v 4.9500 0.8100 -0.8800
v 7.3900 0.2900 0.8200
v 7.7100 0.2900 0.8200
v 7.7100 0.5700 0.8200
v 7.3900 0.5700 0.8200
v 7.3900 0.2900 1.0500
v 7.7100 0.2900 1.0500
v 7.7100 0.5700 1.0500
v 7.3900 0.5700 1.0500
v 7.3900 0.2900 -1.0500
v 7.7100 0.2900 -1.0500
v 7.7100 0.5700 -1.0500
v 7.3900 0.5700 -1.0500
v 7.3900 0.2900 -0.8200
v 7.7100 0.2900 -0.8200
v 7.7100 0.5700 -0.8200
v 7.3900 0.5700 -0.8200
v 7.4200 0.5700 0.8600
v 7.6800 0.5700 0.8600
v 7.6800 0.6300 0.8600
v 7.4200 0.6300 0.8600
v 7.4200 0.5700 1.0000
v 7.6800 0.5700 1.0000
v 7.6800 0.6300 1.0000
v 7.4200 0.6300 1.0000
v 7.4200 0.5700 -1.0000
v 7.6800 0.5700 -1.0000
v 7.6800 0.6300 -1.0000
v 7.4200 0.6300 -1.0000
v 7.4200 0.5700 -0.8600
v 7.6800 0.5700 -0.8600
v 7.6800 0.6300 -0.8600
v 7.4200 0.6300 -0.8600
v 7.4500 0.6300 0.8800
v 7.6500 0.6300 0.8800
v 7.6500 0.6600 0.8800
v 7.4500 0.6600 0.8800
v 7.4500 0.6300 0.9800
v 7.6500 0.6300 0.9800
v 7.6500 0.6600 0.9800
v 7.4500 0.6600 0.9800
v 7.4500 0.6800 0.8800
v 7.6500 0.6800 0.8800
v 7.6500 0.7100 0.8800
v 7.4500 0.7100 0.8800
v 7.4500 0.6800 0.9800
v 7.6500 0.6800 0.9800
v 7.6500 0.7100 0.9800
v 7.4500 0.7100 0.9800
v 7.4500 0.7300 0.8800
v 7.6500 0.7300 0.8800
v 7.6500 0.7600 0.8800
v 7.4500 0.7600 0.8800
v 7.4500 0.7300 0.9800
v 7.6500 0.7300 0.9800
v 7.6500 0.7600 0.9800
v 7.4500 0.7600 0.9800
v 7.4500 0.7800 0.8800
v 7.6500 0.7800 0.8800
v 7.6500 0.8100 0.8800
v 7.4500 0.8100 0.8800
v 7.4500 0.7800 0.9800
v 7.6500 0.7800 0.9800
v 7.6500 0.8100 0.9800
v 7.4500 0.8100 0.9800
v 7.4500 0.6300 -0.9800
v 7.6500 0.6300 -0.9800
v 7.6500 0.6600 -0.9800
v 7.4500 0.6600 -0.9800
v 7.4500 0.6300 -0.8800
v 7.6500 0.6300 -0.8800
v 7.6500 0.6600 -0.8800
v 7.4500 0.6600 -0.8800
v 7.4500 0.6800 -0.9800
v 7.6500 0.6800 -0.9800
v 7.6500 0.7100 -0.9800
v 7.4500 0.7100 -0.9800
v 7.4500 0.6800 -0.8800
v 7.6500 0.6800 -0.8800
v 7.6500 0.7100 -0.8800
v 7.4500 0.7100 -0.8800
v 7.4500 0.7300 -0.9800
v 7.6500 0.7300 -0.9800
v 7.6500 0.7600 -0.9800
v 7.4500 0.7600 -0.9800
v 7.4500 0.7300 -0.8800
v 7.6500 0.7300 -0.8800
v 7.6500 0.7600 -0.8800
v 7.4500 0.7600 -0.8800
v 7.4500 0.7800 -0.9800
v 7.6500 0.7800 -0.9800
v 7.6500 0.8100 -0.9800
v 7.4500 0.8100 -0.9800
v 7.4500 0.7800 -0.8800
v 7.6500 0.7800 -0.8800
v 7.6500 0.8100 -0.8800
v 7.4500 0.8100 -0.8800
v 6.0800 0.8500 0.7200
v 6.5200 0.8500 0.7200
v 6.5200 1.0500 0.7200
v 6.0800 1.0500 0.7200
v 6.0800 0.8500 0.9800
v 6.5200 0.8500 0.9800
v 6.5200 1.0500 0.9800
v 6.0800 1.0500 0.9800
v 6.0800 0.8500 -0.9800
v 6.5200 0.8500 -0.9800
v 6.5200 1.0500 -0.9800
v 6.0800 1.0500 -0.9800
v 6.0800 0.8500 -0.7200
v 6.5200 0.8500 -0.7200
v 6.5200 1.0500 -0.7200
v 6.0800 1.0500 -0.7200
v 5.3700 0.5000 1.0500
v 5.4300 0.5000 1.0500
v 5.4300 0.5600 1.0500
v 5.3700 0.5600 1.0500
v 5.3700 0.5000 1.1100
v 5.4300 0.5000 1.1100
v 5.4300 0.5600 1.1100
v 5.3700 0.5600 1.1100
v 5.4271 0.5250 1.0500
v 5.4871 0.5250 1.0500
v 5.4871 0.5850 1.0500
v 5.4271 0.5850 1.0500
v 5.4271 0.5250 1.1100
v 5.4871 0.5250 1.1100
v 5.4871 0.5850 1.1100
v 5.4271 0.5850 1.1100
v 5.4843 0.5500 1.0500
v 5.5443 0.5500 1.0500
v 5.5443 0.6100 1.0500
v 5.4843 0.6100 1.0500
v 5.4843 0.5500 1.1100
v 5.5443 0.5500 1.1100
v 5.5443 0.6100 1.1100
v 5.4843 0.6100 1.1100
v 5.5414 0.5750 1.0500
v 5.6014 0.5750 1.0500
v 5.6014 0.6350 1.0500
v 5.5414 0.6350 1.0500
v 5.5414 0.5750 1.1100
v 5.6014 0.5750 1.1100
v 5.6014 0.6350 1.1100
v 5.5414 0.6350 1.1100
v 5.5986 0.6000 1.0500
v 5.6586 0.6000 1.0500
v 5.6586 0.6600 1.0500
v 5.5986 0.6600 1.0500
v 5.5986 0.6000 1.1100
v 5.6586 0.6000 1.1100
v 5.6586 0.6600 1.1100
v 5.5986 0.6600 1.1100
v 5.6557 0.6250 1.0500
v 5.7157 0.6250 1.0500
v 5.7157 0.6850 1.0500
v 5.6557 0.6850 1.0500
v 5.6557 0.6250 1.1100
v 5.7157 0.6250 1.1100
v 5.7157 0.6850 1.1100
v 5.6557 0.6850 1.1100
v 5.7129 0.6500 1.0500
v 5.7729 0.6500 1.0500
v 5.7729 0.7100 1.0500
v 5.7129 0.7100 1.0500
v 5.7129 0.6500 1.1100
v 5.7729 0.6500 1.1100
v 5.7729 0.7100 1.1100
v 5.7129 0.7100 1.1100
v 5.7700 0.6750 1.0500
v 5.8300 0.6750 1.0500
v 5.8300 0.7350 1.0500
v 5.7700 0.7350 1.0500
v 5.7700 0.6750 1.1100
v 5.8300 0.6750 1.1100
v 5.8300 0.7350 1.1100
v 5.7700 0.7350 1.1100
v 5.8271 0.7000 1.0500
v 5.8871 0.7000 1.0500
v 5.8871 0.7600 1.0500
v 5.8271 0.7600 1.0500
v 5.8271 0.7000 1.1100
v 5.8871 0.7000 1.1100
v 5.8871 0.7600 1.1100
v 5.8271 0.7600 1.1100
v 5.8843 0.7250 1.0500
v 5.9443 0.7250 1.0500
v 5.9443 0.7850 1.0500
v 5.8843 0.7850 1.0500
v 5.8843 0.7250 1.1100
v 5.9443 0.7250 1.1100
v 5.9443 0.7850 1.1100
v 5.8843 0.7850 1.1100
v 5.9414 0.7500 1.0500
v 6.0014 0.7500 1.0500
v 6.0014 0.8100 1.0500
v 5.9414 0.8100 1.0500
v 5.9414 0.7500 1.1100
v 6.0014 0.7500 1.1100
v 6.0014 0.8100 1.1100
v 5.9414 0.8100 1.1100
v 5.9986 0.7750 1.0500
v 6.0586 0.7750 1.0500
v 6.0586 0.8350 1.0500
v 5.9986 0.8350 1.0500
v 5.9986 0.7750 1.1100
v 6.0586 0.7750 1.1100
v 6.0586 0.8350 1.1100
v 5.9986 0.8350 1.1100
v 6.0557 0.8000 1.0500
v 6.1157 0.8000 1.0500
v 6.1157 0.8600 1.0500
v 6.0557 0.8600 1.0500
v 6.0557 0.8000 1.1100
v 6.1157 0.8000 1.1100
v 6.1157 0.8600 1.1100
v 6.0557 0.8600 1.1100
v 6.1129 0.8250 1.0500
v 6.1729 0.8250 1.0500
v 6.1729 0.8850 1.0500
v 6.1129 0.8850 1.0500
v 6.1129 0.8250 1.1100
v 6.1729 0.8250 1.1100
v 6.1729 0.8850 1.1100
v 6.1129 0.8850 1.1100
v 6.1700 0.8500 1.0500
v 6.2300 0.8500 1.0500
v 6.2300 0.9100 1.0500
v 6.1700 0.9100 1.0500
v 6.1700 0.8500 1.1100
v 6.2300 0.8500 1.1100
v 6.2300 0.9100 1.1100
v 6.1700 0.9100 1.1100
v 5.3700 0.5000 -1.1100
v 5.4300 0.5000 -1.1100
v 5.4300 0.5600 -1.1100
v 5.3700 0.5600 -1.1100
v 5.3700 0.5000 -1.0500
v 5.4300 0.5000 -1.0500
v 5.4300 0.5600 -1.0500
v 5.3700 0.5600 -1.0500
v 5.4271 0.5250 -1.1100
v 5.4871 0.5250 -1.1100
v 5.4871 0.5850 -1.1100
v 5.4271 0.5850 -1.1100
v 5.4271 0.5250 -1.0500
v 5.4871 0.5250 -1.0500
v 5.4871 0.5850 -1.0500
v 5.4271 0.5850 -1.0500
v 5.4843 0.5500 -1.1100
v 5.5443 0.5500 -1.1100
v 5.5443 0.6100 -1.1100
v 5.4843 0.6100 -1.1100
v 5.4843 0.5500 -1.0500
v 5.5443 0.5500 -1.0500
v 5.5443 0.6100 -1.0500
v 5.4843 0.6100 -1.0500
v 5.5414 0.5750 -1.1100
v 5.6014 0.5750 -1.1100
v 5.6014 0.6350 -1.1100
v 5.5414 0.6350 -1.1100
v 5.5414 0.5750 -1.0500
v 5.6014 0.5750 -1.0500
v 5.6014 0.6350 -1.0500
v 5.5414 0.6350 -1.0500
v 5.5986 0.6000 -1.1100
v 5.6586 0.6000 -1.1100
v 5.6586 0.6600 -1.1100
v 5.5986 0.6600 -1.1100
v 5.5986 0.6000 -1.0500
v 5.6586 0.6000 -1.0500
v 5.6586 0.6600 -1.0500
v 5.5986 0.6600 -1.0500
v 5.6557 0.6250 -1.1100
v 5.7157 0.6250 -1.1100
v 5.7157 0.6850 -1.1100
v 5.6557 0.6850 -1.1100
v 5.6557 0.6250 -1.0500
v 5.7157 0.6250 -1.0500
v 5.7157 0.6850 -1.0500
v 5.6557 0.6850 -1.0500
v 5.7129 0.6500 -1.1100
v 5.7729 0.6500 -1.1100
v 5.7729 0.7100 -1.1100
v 5.7129 0.7100 -1.1100
v 5.7129 0.6500 -1.0500
v 5.7729 0.6500 -1.0500
v 5.7729 0.7100 -1.0500
v 5.7129 0.7100 -1.0500
v 5.7700 0.6750 -1.1100
v 5.8300 0.6750 -1.1100
v 5.8300 0.7350 -1.1100
v 5.7700 0.7350 -1.1100
v 5.7700 0.6750 -1.0500
v 5.8300 0.6750 -1.0500
v 5.8300 0.7350 -1.0500
v 5.7700 0.7350 -1.0500
v 5.8271 0.7000 -1.1100
v 5.8871 0.7000 -1.1100
v 5.8871 0.7600 -1.1100
v 5.8271 0.7600 -1.1100
v 5.8271 0.7000 -1.0500
v 5.8871 0.7000 -1.0500
v 5.8871 0.7600 -1.0500
v 5.8271 0.7600 -1.0500
v 5.8843 0.7250 -1.1100
v 5.9443 0.7250 -1.1100
v 5.9443 0.7850 -1.1100
v 5.8843 0.7850 -1.1100
v 5.8843 0.7250 -1.0500
v 5.9443 0.7250 -1.0500
v 5.9443 0.7850 -1.0500
v 5.8843 0.7850 -1.0500
v 5.9414 0.7500 -1.1100
v 6.0014 0.7500 -1.1100
v 6.0014 0.8100 -1.1100
v 5.9414 0.8100 -1.1100
v 5.9414 0.7500 -1.0500
v 6.0014 0.7500 -1.0500
v 6.0014 0.8100 -1.0500
v 5.9414 0.8100 -1.0500
v 5.9986 0.7750 -1.1100
v 6.0586 0.7750 -1.1100
v 6.0586 0.8350 -1.1100
v 5.9986 0.8350 -1.1100
v 5.9986 0.7750 -1.0500
v 6.0586 0.7750 -1.0500
v 6.0586 0.8350 -1.0500
v 5.9986 0.8350 -1.0500
v 6.0557 0.8000 -1.1100
v 6.1157 0.8000 -1.1100
v 6.1157 0.8600 -1.1100
v 6.0557 0.8600 -1.1100
v 6.0557 0.8000 -1.0500
v 6.1157 0.8000 -1.0500
v 6.1157 0.8600 -1.0500
v 6.0557 0.8600 -1.0500
v 6.1129 0.8250 -1.1100
v 6.1729 0.8250 -1.1100
v 6.1729 0.8850 -1.1100
v 6.1129 0.8850 -1.1100
v 6.1129 0.8250 -1.0500
v 6.1729 0.8250 -1.0500
v 6.1729 0.8850 -1.0500
v 6.1129 0.8850 -1.0500
v 6.1700 0.8500 -1.1100
v 6.2300 0.8500 -1.1100
v 6.2300 0.9100 -1.1100
v 6.1700 0.9100 -1.1100
v 6.1700 0.8500 -1.0500
v 6.2300 0.8500 -1.0500
v 6.2300 0.9100 -1.0500
v 6.1700 0.9100 -1.0500
v 5.9500 0.2800 -0.4500
v 6.6500 0.2800 -0.4500
v 6.6500 0.6300 -0.4500
v 5.9500 0.6300 -0.4500
v 5.9500 0.2800 0.4500
v 6.6500 0.2800 0.4500
v 6.6500 0.6300 0.4500
v 5.9500 0.6300 0.4500
v 4.9900 0.3800 0.2000
v 5.1100 0.3800 0.2000
v 5.1100 0.5500 0.2000
v 4.9900 0.5500 0.2000
v 4.9900 0.3800 0.3600
v 5.1100 0.3800 0.3600
v 5.1100 0.5500 0.3600
v 4.9900 0.5500 0.3600
v 4.9900 0.3800 -0.3600
v 5.1100 0.3800 -0.3600
v 5.1100 0.5500 -0.3600
v 4.9900 0.5500 -0.3600
v 4.9900 0.3800 -0.2000
v 5.1100 0.3800 -0.2000
v 5.1100 0.5500 -0.2000
v 4.9900 0.5500 -0.2000
v 7.4900 0.3800 0.2000
v 7.6100 0.3800 0.2000
v 7.6100 0.5500 0.2000
v 7.4900 0.5500 0.2000
v 7.4900 0.3800 0.3600
v 7.6100 0.3800 0.3600
v 7.6100 0.5500 0.3600
v 7.4900 0.5500 0.3600
v 7.4900 0.3800 -0.3600
v 7.6100 0.3800 -0.3600
v 7.6100 0.5500 -0.3600
v 7.4900 0.5500 -0.3600
v 7.4900 0.3800 -0.2000
v 7.6100 0.3800 -0.2000
v 7.6100 0.5500 -0.2000
v 7.4900 0.5500 -0.2000
v 5.8500 0.3800 1.0500
v 6.7500 0.3800 1.0500
v 6.7500 0.4400 1.0500
v 5.8500 0.4400 1.0500
v 5.8500 0.3800 1.4200
v 6.7500 0.3800 1.4200
v 6.7500 0.4400 1.4200
v 5.8500 0.4400 1.4200
v 6.2400 0.4400 1.0000
v 6.3600 0.4400 1.0000
v 6.3600 0.6200 1.0000
v 6.2400 0.6200 1.0000
v 6.2400 0.4400 1.1200
v 6.3600 0.4400 1.1200
v 6.3600 0.6200 1.1200
v 6.2400 0.6200 1.1200
v 5.8500 0.3800 -1.4200
v 6.7500 0.3800 -1.4200
v 6.7500 0.4400 -1.4200
v 5.8500 0.4400 -1.4200
v 5.8500 0.3800 -1.0500
v 6.7500 0.3800 -1.0500
v 6.7500 0.4400 -1.0500
v 5.8500 0.4400 -1.0500
v 6.2400 0.4400 -1.1200
v 6.3600 0.4400 -1.1200
v 6.3600 0.6200 -1.1200
v 6.2400 0.6200 -1.1200
v 6.2400 0.4400 -1.0000
v 6.3600 0.4400 -1.0000
v 6.3600 0.6200 -1.0000
v 6.2400 0.6200 -1.0000
v 4.6200 0.2494 0.6575
v 5.4800 0.2494 0.6575
v 5.4800 0.6106 0.6575
v 4.6200 0.6106 0.6575
v 4.6200 0.2494 0.7875
v 5.4800 0.2494 0.7875
v 5.4800 0.6106 0.7875
v 4.6200 0.6106 0.7875
v 4.8694 0.0000 0.6575
v 5.2306 0.0000 0.6575
v 5.2306 0.8600 0.6575
v 4.8694 0.8600 0.6575
v 4.8694 0.0000 0.7875
v 5.2306 0.0000 0.7875
v 5.2306 0.8600 0.7875
v 4.8694 0.8600 0.7875
v 4.7146 0.0946 0.6575
v 5.3854 0.0946 0.6575
v 5.3854 0.7654 0.6575
v 4.7146 0.7654 0.6575
v 4.7146 0.0946 0.7875
v 5.3854 0.0946 0.7875
v 5.3854 0.7654 0.7875
v 4.7146 0.7654 0.7875
v 4.8995 0.2795 0.6380
v 5.2005 0.2795 0.6380
v 5.2005 0.5805 0.6380
v 4.8995 0.5805 0.6380
v 4.8995 0.2795 0.8070
v 5.2005 0.2795 0.8070
v 5.2005 0.5805 0.8070
v 4.8995 0.5805 0.8070
v 4.6200 0.2494 -0.7875
v 5.4800 0.2494 -0.7875
v 5.4800 0.6106 -0.7875
v 4.6200 0.6106 -0.7875
v 4.6200 0.2494 -0.6575
v 5.4800 0.2494 -0.6575
v 5.4800 0.6106 -0.6575
v 4.6200 0.6106 -0.6575
v 4.8694 0.0000 -0.7875
v 5.2306 0.0000 -0.7875
v 5.2306 0.8600 -0.7875
v 4.8694 0.8600 -0.7875
v 4.8694 0.0000 -0.6575
v 5.2306 0.0000 -0.6575
v 5.2306 0.8600 -0.6575
v 4.8694 0.8600 -0.6575
v 4.7146 0.0946 -0.7875
v 5.3854 0.0946 -0.7875
v 5.3854 0.7654 -0.7875
v 4.7146 0.7654 -0.7875
v 4.7146 0.0946 -0.6575
v 5.3854 0.0946 -0.6575
v 5.3854 0.7654 -0.6575
v 4.7146 0.7654 -0.6575
v 4.8995 0.2795 -0.8070
v 5.2005 0.2795 -0.8070
v 5.2005 0.5805 -0.8070
v 4.8995 0.5805 -0.8070
v 4.8995 0.2795 -0.6380
v 5.2005 0.2795 -0.6380
v 5.2005 0.5805 -0.6380
v 4.8995 0.5805 -0.6380
v 4.9900 0.3700 -0.8600
v 5.1100 0.3700 -0.8600
v 5.1100 0.4900 -0.8600
v 4.9900 0.4900 -0.8600
v 4.9900 0.3700 0.8600
v 5.1100 0.3700 0.8600
v 5.1100 0.4900 0.8600
v 4.9900 0.4900 0.8600
v 4.7490 0.3036 0.2600
v 5.3510 0.3036 0.2600
v 5.3510 0.5564 0.2600
v 4.7490 0.5564 0.2600
v 4.7490 0.3036 0.3000
v 5.3510 0.3036 0.3000
v 5.3510 0.5564 0.3000
v 4.7490 0.5564 0.3000
v 4.9236 0.1290 0.2600
v 5.1764 0.1290 0.2600
v 5.1764 0.7310 0.2600
v 4.9236 0.7310 0.2600
v 4.9236 0.1290 0.3000
v 5.1764 0.1290 0.3000
v 5.1764 0.7310 0.3000
v 4.9236 0.7310 0.3000
v 4.8152 0.1952 0.2600
v 5.2848 0.1952 0.2600
v 5.2848 0.6648 0.2600
v 4.8152 0.6648 0.2600
v 4.8152 0.1952 0.3000
v 5.2848 0.1952 0.3000
v 5.2848 0.6648 0.3000
v 4.8152 0.6648 0.3000
v 4.7490 0.3036 -0.3000
v 5.3510 0.3036 -0.3000
v 5.3510 0.5564 -0.3000
v 4.7490 0.5564 -0.3000
v 4.7490 0.3036 -0.2600
v 5.3510 0.3036 -0.2600
v 5.3510 0.5564 -0.2600
v 4.7490 0.5564 -0.2600
v 4.9236 0.1290 -0.3000
v 5.1764 0.1290 -0.3000
v 5.1764 0.7310 -0.3000
v 4.9236 0.7310 -0.3000
v 4.9236 0.1290 -0.2600
v 5.1764 0.1290 -0.2600
v 5.1764 0.7310 -0.2600
v 4.9236 0.7310 -0.2600
v 4.8152 0.1952 -0.3000
v 5.2848 0.1952 -0.3000
v 5.2848 0.6648 -0.3000
v 4.8152 0.6648 -0.3000
v 4.8152 0.1952 -0.2600
v 5.2848 0.1952 -0.2600
v 5.2848 0.6648 -0.2600
v 4.8152 0.6648 -0.2600
v 7.1200 0.2494 0.6575
v 7.9800 0.2494 0.6575
v 7.9800 0.6106 0.6575
v 7.1200 0.6106 0.6575
v 7.1200 0.2494 0.7875
v 7.9800 0.2494 0.7875
v 7.9800 0.6106 0.7875
v 7.1200 0.6106 0.7875
v 7.3694 0.0000 0.6575
v 7.7306 0.0000 0.6575
v 7.7306 0.8600 0.6575
v 7.3694 0.8600 0.6575
v 7.3694 0.0000 0.7875
v 7.7306 0.0000 0.7875
v 7.7306 0.8600 0.7875
v 7.3694 0.8600 0.7875
v 7.2146 0.0946 0.6575
v 7.8854 0.0946 0.6575
v 7.8854 0.7654 0.6575
v 7.2146 0.7654 0.6575
v 7.2146 0.0946 0.7875
v 7.8854 0.0946 0.7875
v 7.8854 0.7654 0.7875
v 7.2146 0.7654 0.7875
v 7.3995 0.2795 0.6380
v 7.7005 0.2795 0.6380
v 7.7005 0.5805 0.6380
v 7.3995 0.5805 0.6380
v 7.3995 0.2795 0.8070
v 7.7005 0.2795 0.8070
v 7.7005 0.5805 0.8070
v 7.3995 0.5805 0.8070
v 7.1200 0.2494 -0.7875
v 7.9800 0.2494 -0.7875
v 7.9800 0.6106 -0.7875
v 7.1200 0.6106 -0.7875
v 7.1200 0.2494 -0.6575
v 7.9800 0.2494 -0.6575
v 7.9800 0.6106 -0.6575
v 7.1200 0.6106 -0.6575
v 7.3694 0.0000 -0.7875
v 7.7306 0.0000 -0.7875
v 7.7306 0.8600 -0.7875
v 7.3694 0.8600 -0.7875
v 7.3694 0.0000 -0.6575
v 7.7306 0.0000 -0.6575
v 7.7306 0.8600 -0.6575
v 7.3694 0.8600 -0.6575
v 7.2146 0.0946 -0.7875
v 7.8854 0.0946 -0.7875
v 7.8854 0.7654 -0.7875
v 7.2146 0.7654 -0.7875
v 7.2146 0.0946 -0.6575
v 7.8854 0.0946 -0.6575
v 7.8854 0.7654 -0.6575
v 7.2146 0.7654 -0.6575
v 7.3995 0.2795 -0.8070
v 7.7005 0.2795 -0.8070
v 7.7005 0.5805 -0.8070
v 7.3995 0.5805 -0.8070
v 7.3995 0.2795 -0.6380
v 7.7005 0.2795 -0.6380
v 7.7005 0.5805 -0.6380
v 7.3995 0.5805 -0.6380
v 7.4900 0.3700 -0.8600
v 7.6100 0.3700 -0.8600
v 7.6100 0.4900 -0.8600
v 7.4900 0.4900 -0.8600
v 7.4900 0.3700 0.8600
v 7.6100 0.3700 0.8600
v 7.6100 0.4900 0.8600
v 7.4900 0.4900 0.8600
v 7.2490 0.3036 0.2600
v 7.8510 0.3036 0.2600
v 7.8510 0.5564 0.2600
v 7.2490 0.5564 0.2600
v 7.2490 0.3036 0.3000
v 7.8510 0.3036 0.3000
v 7.8510 0.5564 0.3000
v 7.2490 0.5564 0.3000
v 7.4236 0.1290 0.2600
v 7.6764 0.1290 0.2600
v 7.6764 0.7310 0.2600
v 7.4236 0.7310 0.2600
v 7.4236 0.1290 0.3000
v 7.6764 0.1290 0.3000
v 7.6764 0.7310 0.3000
v 7.4236 0.7310 0.3000
v 7.3152 0.1952 0.2600
v 7.7848 0.1952 0.2600
v 7.7848 0.6648 0.2600
v 7.3152 0.6648 0.2600
v 7.3152 0.1952 0.3000
v 7.7848 0.1952 0.3000
v 7.7848 0.6648 0.3000
v 7.3152 0.6648 0.3000
v 7.2490 0.3036 -0.3000
v 7.8510 0.3036 -0.3000
v 7.8510 0.5564 -0.3000
v 7.2490 0.5564 -0.3000
v 7.2490 0.3036 -0.2600
v 7.8510 0.3036 -0.2600
v 7.8510 0.5564 -0.2600
v 7.2490 0.5564 -0.2600
v 7.4236 0.1290 -0.3000
v 7.6764 0.1290 -0.3000
v 7.6764 0.7310 -0.3000
v 7.4236 0.7310 -0.3000
v 7.4236 0.1290 -0.2600
v 7.6764 0.1290 -0.2600
v 7.6764 0.7310 -0.2600
v 7.4236 0.7310 -0.2600
v 7.3152 0.1952 -0.3000
v 7.7848 0.1952 -0.3000
v 7.7848 0.6648 -0.3000
v 7.3152 0.6648 -0.3000
v 7.3152 0.1952 -0.2600
v 7.7848 0.1952 -0.2600
v 7.7848 0.6648 -0.2600
v 7.3152 0.6648 -0.2600
v -8.0000 0.3100 0.8600
v -4.6000 0.3100 0.8600
v -4.6000 0.7500 0.8600
v -8.0000 0.7500 0.8600
v -8.0000 0.3100 1.0200
v -4.6000 0.3100 1.0200
v -4.6000 0.7500 1.0200
v -8.0000 0.7500 1.0200
v -8.0000 0.3100 -1.0200
v -4.6000 0.3100 -1.0200
v -4.6000 0.7500 -1.0200
v -8.0000 0.7500 -1.0200
v -8.0000 0.3100 -0.8600
v -4.6000 0.3100 -0.8600
v -4.6000 0.7500 -0.8600
v -8.0000 0.7500 -0.8600
v -6.8000 0.6300 -1.0000
v -5.8000 0.6300 -1.0000
v -5.8000 0.8500 -1.0000
v -6.8000 0.8500 -1.0000
v -6.8000 0.6300 1.0000
v -5.8000 0.6300 1.0000
v -5.8000 0.8500 1.0000
v -6.8000 0.8500 1.0000
v -6.6500 0.0800 0.9300
v -5.9500 0.0800 0.9300
v -5.9500 0.4800 0.9300
v -6.6500 0.4800 0.9300
v -6.6500 0.0800 1.0400
v -5.9500 0.0800 1.0400
v -5.9500 0.4800 1.0400
v -6.6500 0.4800 1.0400
v -6.6500 0.0800 -1.0400
v -5.9500 0.0800 -1.0400
v -5.9500 0.4800 -1.0400
v -6.6500 0.4800 -1.0400
v -6.6500 0.0800 -0.9300
v -5.9500 0.0800 -0.9300
v -5.9500 0.4800 -0.9300
v -6.6500 0.4800 -0.9300
v -7.7100 0.2900 0.8200
v -7.3900 0.2900 0.8200
v -7.3900 0.5700 0.8200
v -7.7100 0.5700 0.8200
v -7.7100 0.2900 1.0500
v -7.3900 0.2900 1.0500
v -7.3900 0.5700 1.0500
v -7.7100 0.5700 1.0500
v -7.7100 0.2900 -1.0500
v -7.3900 0.2900 -1.0500
v -7.3900 0.5700 -1.0500
v -7.7100 0.5700 -1.0500
v -7.7100 0.2900 -0.8200
v -7.3900 0.2900 -0.8200
v -7.3900 0.5700 -0.8200
v -7.7100 0.5700 -0.8200
v -7.6800 0.5700 0.8600
v -7.4200 0.5700 0.8600
v -7.4200 0.6300 0.8600
v -7.6800 0.6300 0.8600
v -7.6800 0.5700 1.0000
v -7.4200 0.5700 1.0000
v -7.4200 0.6300 1.0000
v -7.6800 0.6300 1.0000
v -7.6800 0.5700 -1.0000
v -7.4200 0.5700 -1.0000
v -7.4200 0.6300 -1.0000
v -7.6800 0.6300 -1.0000
v -7.6800 0.5700 -0.8600
v -7.4200 0.5700 -0.8600
v -7.4200 0.6300 -0.8600
v -7.6800 0.6300 -0.8600
v -7.6500 0.6300 0.8800
v -7.4500 0.6300 0.8800
v -7.4500 0.6600 0.8800
v -7.6500 0.6600 0.8800
v -7.6500 0.6300 0.9800
v -7.4500 0.6300 0.9800
v -7.4500 0.6600 0.9800
v -7.6500 0.6600 0.9800
v -7.6500 0.6800 0.8800
v -7.4500 0.6800 0.8800
v -7.4500 0.7100 0.8800
v -7.6500 0.7100 0.8800
v -7.6500 0.6800 0.9800
v -7.4500 0.6800 0.9800
v -7.4500 0.7100 0.9800
v -7.6500 0.7100 0.9800
v -7.6500 0.7300 0.8800
v -7.4500 0.7300 0.8800
v -7.4500 0.7600 0.8800
v -7.6500 0.7600 0.8800
v -7.6500 0.7300 0.9800
v -7.4500 0.7300 0.9800
v -7.4500 0.7600 0.9800
v -7.6500 0.7600 0.9800
v -7.6500 0.7800 0.8800
v -7.4500 0.7800 0.8800
v -7.4500 0.8100 0.8800
v -7.6500 0.8100 0.8800
v -7.6500 0.7800 0.9800
v -7.4500 0.7800 0.9800
v -7.4500 0.8100 0.9800
v -7.6500 0.8100 0.9800
v -7.6500 0.6300 -0.9800
v -7.4500 0.6300 -0.9800
v -7.4500 0.6600 -0.9800
v -7.6500 0.6600 -0.9800
v -7.6500 0.6300 -0.8800
v -7.4500 0.6300 -0.8800
v -7.4500 0.6600 -0.8800
v -7.6500 0.6600 -0.8800
v -7.6500 0.6800 -0.9800
v -7.4500 0.6800 -0.9800
v -7.4500 0.7100 -0.9800
v -7.6500 0.7100 -0.9800
v -7.6500 0.6800 -0.8800
v -7.4500 0.6800 -0.8800
v -7.4500 0.7100 -0.8800
v -7.6500 0.7100 -0.8800
v -7.6500 0.7300 -0.9800
v -7.4500 0.7300 -0.9800
v -7.4500 0.7600 -0.9800
v -7.6500 0.7600 -0.9800
v -7.6500 0.7300 -0.8800
v -7.4500 0.7300 -0.8800
v -7.4500 0.7600 -0.8800
v -7.6500 0.7600 -0.8800
v -7.6500 0.7800 -0.9800
v -7.4500 0.7800 -0.9800
v -7.4500 0.8100 -0.9800
v -7.6500 0.8100 -0.9800
v -7.6500 0.7800 -0.8800
v -7.4500 0.7800 -0.8800
v -7.4500 0.8100 -0.8800
v -7.6500 0.8100 -0.8800
v -5.2100 0.2900 0.8200
v -4.8900 0.2900 0.8200
v -4.8900 0.5700 0.8200
v -5.2100 0.5700 0.8200
v -5.2100 0.2900 1.0500
v -4.8900 0.2900 1.0500
v -4.8900 0.5700 1.0500
v -5.2100 0.5700 1.0500
v -5.2100 0.2900 -1.0500
v -4.8900 0.2900 -1.0500
v -4.8900 0.5700 -1.0500
v -5.2100 0.5700 -1.0500
v -5.2100 0.2900 -0.8200
v -4.8900 0.2900 -0.8200
v -4.8900 0.5700 -0.8200
v -5.2100 0.5700 -0.8200
v -5.1800 0.5700 0.8600
v -4.9200 0.5700 0.8600
v -4.9200 0.6300 0.8600
v -5.1800 0.6300 0.8600
v -5.1800 0.5700 1.0000
v -4.9200 0.5700 1.0000
v -4.9200 0.6300 1.0000
v -5.1800 0.6300 1.0000
v -5.1800 0.5700 -1.0000
v -4.9200 0.5700 -1.0000
v -4.9200 0.6300 -1.0000
v -5.1800 0.6300 -1.0000
v -5.1800 0.5700 -0.8600
v -4.9200 0.5700 -0.8600
v -4.9200 0.6300 -0.8600
v -5.1800 0.6300 -0.8600
v -5.1500 0.6300 0.8800
v -4.9500 0.6300 0.8800
v -4.9500 0.6600 0.8800
v -5.1500 0.6600 0.8800
v -5.1500 0.6300 0.9800
v -4.9500 0.6300 0.9800
v -4.9500 0.6600 0.9800
v -5.1500 0.6600 0.9800
v -5.1500 0.6800 0.8800
v -4.9500 0.6800 0.8800
v -4.9500 0.7100 0.8800
v -5.1500 0.7100 0.8800
v -5.1500 0.6800 0.9800
v -4.9500 0.6800 0.9800
v -4.9500 0.7100 0.9800
v -5.1500 0.7100 0.9800
v -5.1500 0.7300 0.8800
v -4.9500 0.7300 0.8800
v -4.9500 0.7600 0.8800
v -5.1500 0.7600 0.8800
v -5.1500 0.7300 0.9800
v -4.9500 0.7300 0.9800
v -4.9500 0.7600 0.9800
v -5.1500 0.7600 0.9800
v -5.1500 0.7800 0.8800
v -4.9500 0.7800 0.8800
v -4.9500 0.8100 0.8800
v -5.1500 0.8100 0.8800
v -5.1500 0.7800 0.9800
v -4.9500 0.7800 0.9800
v -4.9500 0.8100 0.9800
v -5.1500 0.8100 0.9800
v -5.1500 0.6300 -0.9800
v -4.9500 0.6300 -0.9800
v -4.9500 0.6600 -0.9800
v -5.1500 0.6600 -0.9800
v -5.1500 0.6300 -0.8800
v -4.9500 0.6300 -0.8800
v -4.9500 0.6600 -0.8800
v -5.1500 0.6600 -0.8800
v -5.1500 0.6800 -0.9800
v -4.9500 0.6800 -0.9800
v -4.9500 0.7100 -0.9800
v -5.1500 0.7100 -0.9800
v -5.1500 0.6800 -0.8800
v -4.9500 0.6800 -0.8800
v -4.9500 0.7100 -0.8800
v -5.1500 0.7100 -0.8800
v -5.1500 0.7300 -0.9800
v -4.9500 0.7300 -0.9800
v -4.9500 0.7600 -0.9800
v -5.1500 0.7600 -0.9800
v -5.1500 0.7300 -0.8800
v -4.9500 0.7300 -0.8800
v -4.9500 0.7600 -0.8800
v -5.1500 0.7600 -0.8800
v -5.1500 0.7800 -0.9800
v -4.9500 0.7800 -0.9800
v -4.9500 0.8100 -0.9800
v -5.1500 0.8100 -0.9800
v -5.1500 0.7800 -0.8800
v -4.9500 0.7800 -0.8800
v -4.9500 0.8100 -0.8800
v -5.1500 0.8100 -0.8800
v -6.5200 0.8500 0.7200
v -6.0800 0.8500 0.7200
v -6.0800 1.0500 0.7200
v -6.5200 1.0500 0.7200
v -6.5200 0.8500 0.9800
v -6.0800 0.8500 0.9800
v -6.0800 1.0500 0.9800
v -6.5200 1.0500 0.9800
v -6.5200 0.8500 -0.9800
v -6.0800 0.8500 -0.9800
v -6.0800 1.0500 -0.9800
v -6.5200 1.0500 -0.9800
v -6.5200 0.8500 -0.7200
v -6.0800 0.8500 -0.7200
v -6.0800 1.0500 -0.7200
v -6.5200 1.0500 -0.7200
v -7.2300 0.5000 1.0500
v -7.1700 0.5000 1.0500
v -7.1700 0.5600 1.0500
v -7.2300 0.5600 1.0500
v -7.2300 0.5000 1.1100
v -7.1700 0.5000 1.1100
v -7.1700 0.5600 1.1100
v -7.2300 0.5600 1.1100
v -7.1729 0.5250 1.0500
v -7.1129 0.5250 1.0500
v -7.1129 0.5850 1.0500
v -7.1729 0.5850 1.0500
v -7.1729 0.5250 1.1100
v -7.1129 0.5250 1.1100
v -7.1129 0.5850 1.1100
v -7.1729 0.5850 1.1100
v -7.1157 0.5500 1.0500
v -7.0557 0.5500 1.0500
v -7.0557 0.6100 1.0500
v -7.1157 0.6100 1.0500
v -7.1157 0.5500 1.1100
v -7.0557 0.5500 1.1100
v -7.0557 0.6100 1.1100
v -7.1157 0.6100 1.1100
v -7.0586 0.5750 1.0500
v -6.9986 0.5750 1.0500
v -6.9986 0.6350 1.0500
v -7.0586 0.6350 1.0500
v -7.0586 0.5750 1.1100
v -6.9986 0.5750 1.1100
v -6.9986 0.6350 1.1100
v -7.0586 0.6350 1.1100
v -7.0014 0.6000 1.0500
v -6.9414 0.6000 1.0500
v -6.9414 0.6600 1.0500
v -7.0014 0.6600 1.0500
v -7.0014 0.6000 1.1100
v -6.9414 0.6000 1.1100
v -6.9414 0.6600 1.1100
v -7.0014 0.6600 1.1100
v -6.9443 0.6250 1.0500
v -6.8843 0.6250 1.0500
v -6.8843 0.6850 1.0500
v -6.9443 0.6850 1.0500
v -6.9443 0.6250 1.1100
v -6.8843 0.6250 1.1100
v -6.8843 0.6850 1.1100
v -6.9443 0.6850 1.1100
v -6.8871 0.6500 1.0500
v -6.8271 0.6500 1.0500
v -6.8271 0.7100 1.0500
v -6.8871 0.7100 1.0500
v -6.8871 0.6500 1.1100
v -6.8271 0.6500 1.1100
v -6.8271 0.7100 1.1100
v -6.8871 0.7100 1.1100
v -6.8300 0.6750 1.0500
v -6.7700 0.6750 1.0500
v -6.7700 0.7350 1.0500
v -6.8300 0.7350 1.0500
v -6.8300 0.6750 1.1100
v -6.7700 0.6750 1.1100
v -6.7700 0.7350 1.1100
v -6.8300 0.7350 1.1100
v -6.7729 0.7000 1.0500
v -6.7129 0.7000 1.0500
v -6.7129 0.7600 1.0500
v -6.7729 0.7600 1.0500
v -6.7729 0.7000 1.1100
v -6.7129 0.7000 1.1100
v -6.7129 0.7600 1.1100
v -6.7729 0.7600 1.1100
v -6.7157 0.7250 1.0500
v -6.6557 0.7250 1.0500
v -6.6557 0.7850 1.0500
v -6.7157 0.7850 1.0500
v -6.7157 0.7250 1.1100
v -6.6557 0.7250 1.1100
v -6.6557 0.7850 1.1100
v -6.7157 0.7850 1.1100
v -6.6586 0.7500 1.0500
v -6.5986 0.7500 1.0500
v -6.5986 0.8100 1.0500
v -6.6586 0.8100 1.0500
v -6.6586 0.7500 1.1100
v -6.5986 0.7500 1.1100
v -6.5986 0.8100 1.1100
v -6.6586 0.8100 1.1100
v -6.6014 0.7750 1.0500
v -6.5414 0.7750 1.0500
v -6.5414 0.8350 1.0500
v -6.6014 0.8350 1.0500
v -6.6014 0.7750 1.1100
v -6.5414 0.7750 1.1100
v -6.5414 0.8350 1.1100
v -6.6014 0.8350 1.1100
v -6.5443 0.8000 1.0500
v -6.4843 0.8000 1.0500
v -6.4843 0.8600 1.0500
v -6.5443 0.8600 1.0500
v -6.5443 0.8000 1.1100
v -6.4843 0.8000 1.1100
v -6.4843 0.8600 1.1100
v -6.5443 0.8600 1.1100
v -6.4871 0.8250 1.0500
v -6.4271 0.8250 1.0500
v -6.4271 0.8850 1.0500
v -6.4871 0.8850 1.0500
v -6.4871 0.8250 1.1100
v -6.4271 0.8250 1.1100
v -6.4271 0.8850 1.1100
v -6.4871 0.8850 1.1100
v -6.4300 0.8500 1.0500
v -6.3700 0.8500 1.0500
v -6.3700 0.9100 1.0500
v -6.4300 0.9100 1.0500
v -6.4300 0.8500 1.1100
v -6.3700 0.8500 1.1100
v -6.3700 0.9100 1.1100
v -6.4300 0.9100 1.1100
v -7.2300 0.5000 -1.1100
v -7.1700 0.5000 -1.1100
v -7.1700 0.5600 -1.1100
v -7.2300 0.5600 -1.1100
v -7.2300 0.5000 -1.0500
v -7.1700 0.5000 -1.0500
v -7.1700 0.5600 -1.0500
v -7.2300 0.5600 -1.0500
v -7.1729 0.5250 -1.1100
v -7.1129 0.5250 -1.1100
v -7.1129 0.5850 -1.1100
v -7.1729 0.5850 -1.1100
v -7.1729 0.5250 -1.0500
v -7.1129 0.5250 -1.0500
v -7.1129 0.5850 -1.0500
v -7.1729 0.5850 -1.0500
v -7.1157 0.5500 -1.1100
v -7.0557 0.5500 -1.1100
v -7.0557 0.6100 -1.1100
v -7.1157 0.6100 -1.1100
v -7.1157 0.5500 -1.0500
v -7.0557 0.5500 -1.0500
v -7.0557 0.6100 -1.0500
v -7.1157 0.6100 -1.0500
v -7.0586 0.5750 -1.1100
v -6.9986 0.5750 -1.1100
v -6.9986 0.6350 -1.1100
v -7.0586 0.6350 -1.1100
v -7.0586 0.5750 -1.0500
v -6.9986 0.5750 -1.0500
v -6.9986 0.6350 -1.0500
v -7.0586 0.6350 -1.0500
v -7.0014 0.6000 -1.1100
v -6.9414 0.6000 -1.1100
v -6.9414 0.6600 -1.1100
v -7.0014 0.6600 -1.1100
v -7.0014 0.6000 -1.0500
v -6.9414 0.6000 -1.0500
v -6.9414 0.6600 -1.0500
v -7.0014 0.6600 -1.0500
v -6.9443 0.6250 -1.1100
v -6.8843 0.6250 -1.1100
v -6.8843 0.6850 -1.1100
v -6.9443 0.6850 -1.1100
v -6.9443 0.6250 -1.0500
v -6.8843 0.6250 -1.0500
v -6.8843 0.6850 -1.0500
v -6.9443 0.6850 -1.0500
v -6.8871 0.6500 -1.1100
v -6.8271 0.6500 -1.1100
v -6.8271 0.7100 -1.1100
v -6.8871 0.7100 -1.1100
v -6.8871 0.6500 -1.0500
v -6.8271 0.6500 -1.0500
v -6.8271 0.7100 -1.0500
v -6.8871 0.7100 -1.0500
v -6.8300 0.6750 -1.1100
v -6.7700 0.6750 -1.1100
v -6.7700 0.7350 -1.1100
v -6.8300 0.7350 -1.1100
v -6.8300 0.6750 -1.0500
v -6.7700 0.6750 -1.0500
v -6.7700 0.7350 -1.0500
v -6.8300 0.7350 -1.0500
v -6.7729 0.7000 -1.1100
v -6.7129 0.7000 -1.1100
v -6.7129 0.7600 -1.1100
v -6.7729 0.7600 -1.1100
v -6.7729 0.7000 -1.0500
v -6.7129 0.7000 -1.0500
v -6.7129 0.7600 -1.0500
v -6.7729 0.7600 -1.0500
v -6.7157 0.7250 -1.1100
v -6.6557 0.7250 -1.1100
v -6.6557 0.7850 -1.1100
v -6.7157 0.7850 -1.1100
v -6.7157 0.7250 -1.0500
v -6.6557 0.7250 -1.0500
v -6.6557 0.7850 -1.0500
v -6.7157 0.7850 -1.0500
v -6.6586 0.7500 -1.1100
v -6.5986 0.7500 -1.1100
v -6.5986 0.8100 -1.1100
v -6.6586 0.8100 -1.1100
v -6.6586 0.7500 -1.0500
v -6.5986 0.7500 -1.0500
v -6.5986 0.8100 -1.0500
v -6.6586 0.8100 -1.0500
v -6.6014 0.7750 -1.1100
v -6.5414 0.7750 -1.1100
v -6.5414 0.8350 -1.1100
v -6.6014 0.8350 -1.1100
v -6.6014 0.7750 -1.0500
v -6.5414 0.7750 -1.0500
v -6.5414 0.8350 -1.0500
v -6.6014 0.8350 -1.0500
v -6.5443 0.8000 -1.1100
v -6.4843 0.8000 -1.1100
v -6.4843 0.8600 -1.1100
v -6.5443 0.8600 -1.1100
v -6.5443 0.8000 -1.0500
v -6.4843 0.8000 -1.0500
v -6.4843 0.8600 -1.0500
v -6.5443 0.8600 -1.0500
v -6.4871 0.8250 -1.1100
v -6.4271 0.8250 -1.1100
v -6.4271 0.8850 -1.1100
v -6.4871 0.8850 -1.1100
v -6.4871 0.8250 -1.0500
v -6.4271 0.8250 -1.0500
v -6.4271 0.8850 -1.0500
v -6.4871 0.8850 -1.0500
v -6.4300 0.8500 -1.1100
v -6.3700 0.8500 -1.1100
v -6.3700 0.9100 -1.1100
v -6.4300 0.9100 -1.1100
v -6.4300 0.8500 -1.0500
v -6.3700 0.8500 -1.0500
v -6.3700 0.9100 -1.0500
v -6.4300 0.9100 -1.0500
v -6.6500 0.2800 -0.4500
v -5.9500 0.2800 -0.4500
v -5.9500 0.6300 -0.4500
v -6.6500 0.6300 -0.4500
v -6.6500 0.2800 0.4500
v -5.9500 0.2800 0.4500
v -5.9500 0.6300 0.4500
v -6.6500 0.6300 0.4500
v -7.6100 0.3800 0.2000
v -7.4900 0.3800 0.2000
v -7.4900 0.5500 0.2000
v -7.6100 0.5500 0.2000
v -7.6100 0.3800 0.3600
v -7.4900 0.3800 0.3600
v -7.4900 0.5500 0.3600
v -7.6100 0.5500 0.3600
v -7.6100 0.3800 -0.3600
v -7.4900 0.3800 -0.3600
v -7.4900 0.5500 -0.3600
v -7.6100 0.5500 -0.3600
v -7.6100 0.3800 -0.2000
v -7.4900 0.3800 -0.2000
v -7.4900 0.5500 -0.2000
v -7.6100 0.5500 -0.2000
v -5.1100 0.3800 0.2000
v -4.9900 0.3800 0.2000
v -4.9900 0.5500 0.2000
v -5.1100 0.5500 0.2000
v -5.1100 0.3800 0.3600
v -4.9900 0.3800 0.3600
v -4.9900 0.5500 0.3600
v -5.1100 0.5500 0.3600
v -5.1100 0.3800 -0.3600
v -4.9900 0.3800 -0.3600
v -4.9900 0.5500 -0.3600
v -5.1100 0.5500 -0.3600
v -5.1100 0.3800 -0.2000
v -4.9900 0.3800 -0.2000
v -4.9900 0.5500 -0.2000
v -5.1100 0.5500 -0.2000
v -6.7500 0.3800 1.0500
v -5.8500 0.3800 1.0500
v -5.8500 0.4400 1.0500
v -6.7500 0.4400 1.0500
v -6.7500 0.3800 1.4200
v -5.8500 0.3800 1.4200
v -5.8500 0.4400 1.4200
v -6.7500 0.4400 1.4200
v -6.3600 0.4400 1.0000
v -6.2400 0.4400 1.0000
v -6.2400 0.6200 1.0000
v -6.3600 0.6200 1.0000
v -6.3600 0.4400 1.1200
v -6.2400 0.4400 1.1200
v -6.2400 0.6200 1.1200
v -6.3600 0.6200 1.1200
v -6.7500 0.3800 -1.4200
v -5.8500 0.3800 -1.4200
v -5.8500 0.4400 -1.4200
v -6.7500 0.4400 -1.4200
v -6.7500 0.3800 -1.0500
v -5.8500 0.3800 -1.0500
v -5.8500 0.4400 -1.0500
v -6.7500 0.4400 -1.0500
v -6.3600 0.4400 -1.1200
v -6.2400 0.4400 -1.1200
v -6.2400 0.6200 -1.1200
v -6.3600 0.6200 -1.1200
v -6.3600 0.4400 -1.0000
v -6.2400 0.4400 -1.0000
v -6.2400 0.6200 -1.0000
v -6.3600 0.6200 -1.0000
v -7.9800 0.2494 0.6575
v -7.1200 0.2494 0.6575
v -7.1200 0.6106 0.6575
v -7.9800 0.6106 0.6575
v -7.9800 0.2494 0.7875
v -7.1200 0.2494 0.7875
v -7.1200 0.6106 0.7875
v -7.9800 0.6106 0.7875
v -7.7306 0.0000 0.6575
v -7.3694 0.0000 0.6575
v -7.3694 0.8600 0.6575
v -7.7306 0.8600 0.6575
v -7.7306 0.0000 0.7875
v -7.3694 0.0000 0.7875
v -7.3694 0.8600 0.7875
v -7.7306 0.8600 0.7875
v -7.8854 0.0946 0.6575
v -7.2146 0.0946 0.6575
v -7.2146 0.7654 0.6575
v -7.8854 0.7654 0.6575
v -7.8854 0.0946 0.7875
v -7.2146 0.0946 0.7875
v -7.2146 0.7654 0.7875
v -7.8854 0.7654 0.7875
v -7.7005 0.2795 0.6380
v -7.3995 0.2795 0.6380
v -7.3995 0.5805 0.6380
v -7.7005 0.5805 0.6380
v -7.7005 0.2795 0.8070
v -7.3995 0.2795 0.8070
v -7.3995 0.5805 0.8070
v -7.7005 0.5805 0.8070
v -7.9800 0.2494 -0.7875
v -7.1200 0.2494 -0.7875
v -7.1200 0.6106 -0.7875
v -7.9800 0.6106 -0.7875
v -7.9800 0.2494 -0.6575
v -7.1200 0.2494 -0.6575
v -7.1200 0.6106 -0.6575
v -7.9800 0.6106 -0.6575
v -7.7306 0.0000 -0.7875
v -7.3694 0.0000 -0.7875
v -7.3694 0.8600 -0.7875
v -7.7306 0.8600 -0.7875
v -7.7306 0.0000 -0.6575
v -7.3694 0.0000 -0.6575
v -7.3694 0.8600 -0.6575
v -7.7306 0.8600 -0.6575
v -7.8854 0.0946 -0.7875
v -7.2146 0.0946 -0.7875
v -7.2146 0.7654 -0.7875
v -7.8854 0.7654 -0.7875
v -7.8854 0.0946 -0.6575
v -7.2146 0.0946 -0.6575
v -7.2146 0.7654 -0.6575
v -7.8854 0.7654 -0.6575
v -7.7005 0.2795 -0.8070
v -7.3995 0.2795 -0.8070
v -7.3995 0.5805 -0.8070
v -7.7005 0.5805 -0.8070
v -7.7005 0.2795 -0.6380
v -7.3995 0.2795 -0.6380
v -7.3995 0.5805 -0.6380
v -7.7005 0.5805 -0.6380
v -7.6100 0.3700 -0.8600
v -7.4900 0.3700 -0.8600
v -7.4900 0.4900 -0.8600
v -7.6100 0.4900 -0.8600
v -7.6100 0.3700 0.8600
v -7.4900 0.3700 0.8600
v -7.4900 0.4900 0.8600
v -7.6100 0.4900 0.8600
v -7.8510 0.3036 0.2600
v -7.2490 0.3036 0.2600
v -7.2490 0.5564 0.2600
v -7.8510 0.5564 0.2600
v -7.8510 0.3036 0.3000
v -7.2490 0.3036 0.3000
v -7.2490 0.5564 0.3000
v -7.8510 0.5564 0.3000
v -7.6764 0.1290 0.2600
v -7.4236 0.1290 0.2600
v -7.4236 0.7310 0.2600
v -7.6764 0.7310 0.2600
v -7.6764 0.1290 0.3000
v -7.4236 0.1290 0.3000
v -7.4236 0.7310 0.3000
v -7.6764 0.7310 0.3000
v -7.7848 0.1952 0.2600
v -7.3152 0.1952 0.2600
v -7.3152 0.6648 0.2600
v -7.7848 0.6648 0.2600
v -7.7848 0.1952 0.3000
v -7.3152 0.1952 0.3000
v -7.3152 0.6648 0.3000
v -7.7848 0.6648 0.3000
v -7.8510 0.3036 -0.3000
v -7.2490 0.3036 -0.3000
v -7.2490 0.5564 -0.3000
v -7.8510 0.5564 -0.3000
v -7.8510 0.3036 -0.2600
v -7.2490 0.3036 -0.2600
v -7.2490 0.5564 -0.2600
v -7.8510 0.5564 -0.2600
v -7.6764 0.1290 -0.3000
v -7.4236 0.1290 -0.3000
v -7.4236 0.7310 -0.3000
v -7.6764 0.7310 -0.3000
v -7.6764 0.1290 -0.2600
v -7.4236 0.1290 -0.2600
v -7.4236 0.7310 -0.2600
v -7.6764 0.7310 -0.2600
v -7.7848 0.1952 -0.3000
v -7.3152 0.1952 -0.3000
v -7.3152 0.6648 -0.3000
v -7.7848 0.6648 -0.3000
v -7.7848 0.1952 -0.2600
v -7.3152 0.1952 -0.2600
v -7.3152 0.6648 -0.2600
v -7.7848 0.6648 -0.2600
v -5.4800 0.2494 0.6575
v -4.6200 0.2494 0.6575
v -4.6200 0.6106 0.6575
v -5.4800 0.6106 0.6575
v -5.4800 0.2494 0.7875
v -4.6200 0.2494 0.7875
v -4.6200 0.6106 0.7875
v -5.4800 0.6106 0.7875
v -5.2306 0.0000 0.6575
v -4.8694 0.0000 0.6575
v -4.8694 0.8600 0.6575
v -5.2306 0.8600 0.6575
v -5.2306 0.0000 0.7875
v -4.8694 0.0000 0.7875
v -4.8694 0.8600 0.7875
v -5.2306 0.8600 0.7875
v -5.3854 0.0946 0.6575
v -4.7146 0.0946 0.6575
v -4.7146 0.7654 0.6575
v -5.3854 0.7654 0.6575
v -5.3854 0.0946 0.7875
v -4.7146 0.0946 0.7875
v -4.7146 0.7654 0.7875
v -5.3854 0.7654 0.7875
v -5.2005 0.2795 0.6380
v -4.8995 0.2795 0.6380
v -4.8995 0.5805 0.6380
v -5.2005 0.5805 0.6380
v -5.2005 0.2795 0.8070
v -4.8995 0.2795 0.8070
v -4.8995 0.5805 0.8070
v -5.2005 0.5805 0.8070
v -5.4800 0.2494 -0.7875
v -4.6200 0.2494 -0.7875
v -4.6200 0.6106 -0.7875
v -5.4800 0.6106 -0.7875
v -5.4800 0.2494 -0.6575
v -4.6200 0.2494 -0.6575
v -4.6200 0.6106 -0.6575
v -5.4800 0.6106 -0.6575
v -5.2306 0.0000 -0.7875
v -4.8694 0.0000 -0.7875
v -4.8694 0.8600 -0.7875
v -5.2306 0.8600 -0.7875
v -5.2306 0.0000 -0.6575
v -4.8694 0.0000 -0.6575
v -4.8694 0.8600 -0.6575
v -5.2306 0.8600 -0.6575
v -5.3854 0.0946 -0.7875
v -4.7146 0.0946 -0.7875
v -4.7146 0.7654 -0.7875
v -5.3854 0.7654 -0.7875
v -5.3854 0.0946 -0.6575
v -4.7146 0.0946 -0.6575
v -4.7146 0.7654 -0.6575
v -5.3854 0.7654 -0.6575
v -5.2005 0.2795 -0.8070
v -4.8995 0.2795 -0.8070
v -4.8995 0.5805 -0.8070
v -5.2005 0.5805 -0.8070
v -5.2005 0.2795 -0.6380
v -4.8995 0.2795 -0.6380
v -4.8995 0.5805 -0.6380
v -5.2005 0.5805 -0.6380
v -5.1100 0.3700 -0.8600
v -4.9900 0.3700 -0.8600
v -4.9900 0.4900 -0.8600
v -5.1100 0.4900 -0.8600
v -5.1100 0.3700 0.8600
v -4.9900 0.3700 0.8600
v -4.9900 0.4900 0.8600
v -5.1100 0.4900 0.8600
v -5.3510 0.3036 0.2600
v -4.7490 0.3036 0.2600
v -4.7490 0.5564 0.2600
v -5.3510 0.5564 0.2600
v -5.3510 0.3036 0.3000
v -4.7490 0.3036 0.3000
v -4.7490 0.5564 0.3000
v -5.3510 0.5564 0.3000
v -5.1764 0.1290 0.2600
v -4.9236 0.1290 0.2600
v -4.9236 0.7310 0.2600
v -5.1764 0.7310 0.2600
v -5.1764 0.1290 0.3000
v -4.9236 0.1290 0.3000
v -4.9236 0.7310 0.3000
v -5.1764 0.7310 0.3000
v -5.2848 0.1952 0.2600
v -4.8152 0.1952 0.2600
v -4.8152 0.6648 0.2600
v -5.2848 0.6648 0.2600
v -5.2848 0.1952 0.3000
v -4.8152 0.1952 0.3000
v -4.8152 0.6648 0.3000
v -5.2848 0.6648 0.3000
v -5.3510 0.3036 -0.3000
v -4.7490 0.3036 -0.3000
v -4.7490 0.5564 -0.3000
v -5.3510 0.5564 -0.3000
v -5.3510 0.3036 -0.2600
v -4.7490 0.3036 -0.2600
v -4.7490 0.5564 -0.2600
v -5.3510 0.5564 -0.2600
v -5.1764 0.1290 -0.3000
v -4.9236 0.1290 -0.3000
v -4.9236 0.7310 -0.3000
v -5.1764 0.7310 -0.3000
v -5.1764 0.1290 -0.2600
v -4.9236 0.1290 -0.2600
v -4.9236 0.7310 -0.2600
v -5.1764 0.7310 -0.2600
v -5.2848 0.1952 -0.3000
v -4.8152 0.1952 -0.3000
v -4.8152 0.6648 -0.3000
v -5.2848 0.6648 -0.3000
v -5.2848 0.1952 -0.2600
v -4.8152 0.1952 -0.2600
v -4.8152 0.6648 -0.2600
v -5.2848 0.6648 -0.2600
v -5.5250 3.4900 -0.8000
v -2.9250 3.4900 -0.8000
v -2.9250 3.8500 -0.8000
v -5.5250 3.8500 -0.8000
v -5.5250 3.4900 0.8000
v -2.9250 3.4900 0.8000
v -2.9250 3.8500 0.8000
v -5.5250 3.8500 0.8000
v -5.3150 3.8500 -0.6000
v -5.2150 3.8500 -0.6000
v -5.2150 3.8800 -0.6000
v -5.3150 3.8800 -0.6000
v -5.3150 3.8500 0.6000
v -5.2150 3.8500 0.6000
v -5.2150 3.8800 0.6000
v -5.3150 3.8800 0.6000
v -5.0550 3.8500 -0.6000
v -4.9550 3.8500 -0.6000
v -4.9550 3.8800 -0.6000
v -5.0550 3.8800 -0.6000
v -5.0550 3.8500 0.6000
v -4.9550 3.8500 0.6000
v -4.9550 3.8800 0.6000
v -5.0550 3.8800 0.6000
v -4.7950 3.8500 -0.6000
v -4.6950 3.8500 -0.6000
v -4.6950 3.8800 -0.6000
v -4.7950 3.8800 -0.6000
v -4.7950 3.8500 0.6000
v -4.6950 3.8500 0.6000
v -4.6950 3.8800 0.6000
v -4.7950 3.8800 0.6000
v -4.5350 3.8500 -0.6000
v -4.4350 3.8500 -0.6000
v -4.4350 3.8800 -0.6000
v -4.5350 3.8800 -0.6000
v -4.5350 3.8500 0.6000
v -4.4350 3.8500 0.6000
v -4.4350 3.8800 0.6000
v -4.5350 3.8800 0.6000
v -4.2750 3.8500 -0.6000
v -4.1750 3.8500 -0.6000
v -4.1750 3.8800 -0.6000
v -4.2750 3.8800 -0.6000
v -4.2750 3.8500 0.6000
v -4.1750 3.8500 0.6000
v -4.1750 3.8800 0.6000
v -4.2750 3.8800 0.6000
v -4.0150 3.8500 -0.6000
v -3.9150 3.8500 -0.6000
v -3.9150 3.8800 -0.6000
v -4.0150 3.8800 -0.6000
v -4.0150 3.8500 0.6000
v -3.9150 3.8500 0.6000
v -3.9150 3.8800 0.6000
v -4.0150 3.8800 0.6000
v -3.7550 3.8500 -0.6000
v -3.6550 3.8500 -0.6000
v -3.6550 3.8800 -0.6000
v -3.7550 3.8800 -0.6000
v -3.7550 3.8500 0.6000
v -3.6550 3.8500 0.6000
v -3.6550 3.8800 0.6000
v -3.7550 3.8800 0.6000
v -3.4950 3.8500 -0.6000
v -3.3950 3.8500 -0.6000
v -3.3950 3.8800 -0.6000
v -3.4950 3.8800 -0.6000
v -3.4950 3.8500 0.6000
v -3.3950 3.8500 0.6000
v -3.3950 3.8800 0.6000
v -3.4950 3.8800 0.6000
v -3.2350 3.8500 -0.6000
v -3.1350 3.8500 -0.6000
v -3.1350 3.8800 -0.6000
v -3.2350 3.8800 -0.6000
v -3.2350 3.8500 0.6000
v -3.1350 3.8500 0.6000
v -3.1350 3.8800 0.6000
v -3.2350 3.8800 0.6000
v -4.6250 3.8500 -0.3000
v -3.8250 3.8500 -0.3000
v -3.8250 3.9100 -0.3000
v -4.6250 3.9100 -0.3000
v -4.6250 3.8500 0.3000
v -3.8250 3.8500 0.3000
v -3.8250 3.9100 0.3000
v -4.6250 3.9100 0.3000
v 2.3250 3.4900 -0.8000
v 4.9250 3.4900 -0.8000
v 4.9250 3.8500 -0.8000
v 2.3250 3.8500 -0.8000
v 2.3250 3.4900 0.8000
v 4.9250 3.4900 0.8000
v 4.9250 3.8500 0.8000
v 2.3250 3.8500 0.8000
v 2.5350 3.8500 -0.6000
v 2.6350 3.8500 -0.6000
v 2.6350 3.8800 -0.6000
v 2.5350 3.8800 -0.6000
v 2.5350 3.8500 0.6000
v 2.6350 3.8500 0.6000
v 2.6350 3.8800 0.6000
v 2.5350 3.8800 0.6000
v 2.7950 3.8500 -0.6000
v 2.8950 3.8500 -0.6000
v 2.8950 3.8800 -0.6000
v 2.7950 3.8800 -0.6000
v 2.7950 3.8500 0.6000
v 2.8950 3.8500 0.6000
v 2.8950 3.8800 0.6000
v 2.7950 3.8800 0.6000
v 3.0550 3.8500 -0.6000
v 3.1550 3.8500 -0.6000
v 3.1550 3.8800 -0.6000
v 3.0550 3.8800 -0.6000
v 3.0550 3.8500 0.6000
v 3.1550 3.8500 0.6000
v 3.1550 3.8800 0.6000
v 3.0550 3.8800 0.6000
v 3.3150 3.8500 -0.6000
v 3.4150 3.8500 -0.6000
v 3.4150 3.8800 -0.6000
v 3.3150 3.8800 -0.6000
v 3.3150 3.8500 0.6000
v 3.4150 3.8500 0.6000
v 3.4150 3.8800 0.6000
v 3.3150 3.8800 0.6000
v 3.5750 3.8500 -0.6000
v 3.6750 3.8500 -0.6000
v 3.6750 3.8800 -0.6000
v 3.5750 3.8800 -0.6000
v 3.5750 3.8500 0.6000
v 3.6750 3.8500 0.6000
v 3.6750 3.8800 0.6000
v 3.5750 3.8800 0.6000
v 3.8350 3.8500 -0.6000
v 3.9350 3.8500 -0.6000
v 3.9350 3.8800 -0.6000
v 3.8350 3.8800 -0.6000
v 3.8350 3.8500 0.6000
v 3.9350 3.8500 0.6000
v 3.9350 3.8800 0.6000
v 3.8350 3.8800 0.6000
v 4.0950 3.8500 -0.6000
v 4.1950 3.8500 -0.6000
v 4.1950 3.8800 -0.6000
v 4.0950 3.8800 -0.6000
v 4.0950 3.8500 0.6000
v 4.1950 3.8500 0.6000
v 4.1950 3.8800 0.6000
v 4.0950 3.8800 0.6000
v 4.3550 3.8500 -0.6000
v 4.4550 3.8500 -0.6000
v 4.4550 3.8800 -0.6000
v 4.3550 3.8800 -0.6000
v 4.3550 3.8500 0.6000
v 4.4550 3.8500 0.6000
v 4.4550 3.8800 0.6000
v 4.3550 3.8800 0.6000
v 4.6150 3.8500 -0.6000
v 4.7150 3.8500 -0.6000
v 4.7150 3.8800 -0.6000
v 4.6150 3.8800 -0.6000
v 4.6150 3.8500 0.6000
v 4.7150 3.8500 0.6000
v 4.7150 3.8800 0.6000
v 4.6150 3.8800 0.6000
v 3.2250 3.8500 -0.3000
v 4.0250 3.8500 -0.3000
v 4.0250 3.9100 -0.3000
v 3.2250 3.9100 -0.3000
v 3.2250 3.8500 0.3000
v 4.0250 3.8500 0.3000
v 4.0250 3.9100 0.3000
v 3.2250 3.9100 0.3000
v -0.1000 3.5300 -0.0600
v 0.1000 3.5300 -0.0600
v 0.1000 3.8000 -0.0600
v -0.1000 3.8000 -0.0600
v -0.1000 3.5300 0.0600
v 0.1000 3.5300 0.0600
v 0.1000 3.8000 0.0600
v -0.1000 3.8000 0.0600
v -0.2500 3.7700 -0.1200
v 0.2500 3.7700 -0.1200
v 0.2500 3.8100 -0.1200
v -0.2500 3.8100 -0.1200
v -0.2500 3.7700 0.1200
v 0.2500 3.7700 0.1200
v 0.2500 3.8100 0.1200
v -0.2500 3.8100 0.1200
v 7.8900 0.9000 0.5962
v 8.0500 0.9000 0.5962
v 8.0500 1.0800 0.5962
v 7.8900 1.0800 0.5962
v 7.8900 0.9000 0.9778
v 8.0500 0.9000 0.9778
v 8.0500 1.0800 0.9778
v 7.8900 1.0800 0.9778
v 7.8900 0.9000 -0.9778
v 8.0500 0.9000 -0.9778
v 8.0500 1.0800 -0.9778
v 7.8900 1.0800 -0.9778
v 7.8900 0.9000 -0.5962
v 8.0500 0.9000 -0.5962
v 8.0500 1.0800 -0.5962
v 7.8900 1.0800 -0.5962
v 7.8700 0.9000 1.0078
v 8.0300 0.9000 1.0078
v 8.0300 1.0800 1.0078
v 7.8700 1.0800 1.0078
v 7.8700 0.9000 1.1567
v 8.0300 0.9000 1.1567
v 8.0300 1.0800 1.1567
v 7.8700 1.0800 1.1567
v 7.8700 0.9000 -1.1567
v 8.0300 0.9000 -1.1567
v 8.0300 1.0800 -1.1567
v 7.8700 1.0800 -1.1567
v 7.8700 0.9000 -1.0078
v 8.0300 0.9000 -1.0078
v 8.0300 1.0800 -1.0078
v 7.8700 1.0800 -1.0078
v -8.0500 3.2600 0.4200
v 6.9000 3.2600 0.4200
v 6.9000 3.2900 0.4200
v -8.0500 3.2900 0.4200
v -8.0500 3.2600 0.6200
v 6.9000 3.2600 0.6200
v 6.9000 3.2900 0.6200
v -8.0500 3.2900 0.6200
v -8.0500 3.2600 -0.6200
v 6.9000 3.2600 -0.6200
v 6.9000 3.2900 -0.6200
v -8.0500 3.2900 -0.6200
v -8.0500 3.2600 -0.4200
v 6.9000 3.2600 -0.4200
v 6.9000 3.2900 -0.4200
v -8.0500 3.2900 -0.4200
v 4.8850 2.5700 1.2400
v 6.4850 2.5700 1.2400
v 6.4850 2.7700 1.2400
v 4.8850 2.7700 1.2400
v 4.8850 2.5700 1.2620
v 6.4850 2.5700 1.2620
v 6.4850 2.7700 1.2620
v 4.8850 2.7700 1.2620
v 4.8850 2.5700 -1.2620
v 6.4850 2.5700 -1.2620
v 6.4850 2.7700 -1.2620
v 4.8850 2.7700 -1.2620
v 4.8850 2.5700 -1.2400
v 6.4850 2.5700 -1.2400
v 6.4850 2.7700 -1.2400
v 4.8850 2.7700 -1.2400
v 8.4650 1.5850 -0.4650
v 8.4950 1.5850 -0.4650
v 8.4950 1.6150 -0.4650
v 8.4650 1.6150 -0.4650
v 8.4650 1.5850 -0.4350
v 8.4950 1.5850 -0.4350
v 8.4950 1.6150 -0.4350
v 8.4650 1.6150 -0.4350
v 8.4650 1.6125 -0.4525
v 8.4950 1.6125 -0.4525
v 8.4950 1.6425 -0.4525
v 8.4650 1.6425 -0.4525
v 8.4650 1.6125 -0.4225
v 8.4950 1.6125 -0.4225
v 8.4950 1.6425 -0.4225
v 8.4650 1.6425 -0.4225
v 8.4650 1.6400 -0.4400
v 8.4950 1.6400 -0.4400
v 8.4950 1.6700 -0.4400
v 8.4650 1.6700 -0.4400
v 8.4650 1.6400 -0.4100
v 8.4950 1.6400 -0.4100
v 8.4950 1.6700 -0.4100
v 8.4650 1.6700 -0.4100
v 8.4650 1.6675 -0.4275
v 8.4950 1.6675 -0.4275
v 8.4950 1.6975 -0.4275
v 8.4650 1.6975 -0.4275
v 8.4650 1.6675 -0.3975
v 8.4950 1.6675 -0.3975
v 8.4950 1.6975 -0.3975
v 8.4650 1.6975 -0.3975
v 8.4650 1.6950 -0.4150
v 8.4950 1.6950 -0.4150
v 8.4950 1.7250 -0.4150
v 8.4650 1.7250 -0.4150
v 8.4650 1.6950 -0.3850
v 8.4950 1.6950 -0.3850
v 8.4950 1.7250 -0.3850
v 8.4650 1.7250 -0.3850
v 8.4650 1.7225 -0.4025
v 8.4950 1.7225 -0.4025
v 8.4950 1.7525 -0.4025
v 8.4650 1.7525 -0.4025
v 8.4650 1.7225 -0.3725
v 8.4950 1.7225 -0.3725
v 8.4950 1.7525 -0.3725
v 8.4650 1.7525 -0.3725
v 8.4650 1.7500 -0.3900
v 8.4950 1.7500 -0.3900
v 8.4950 1.7800 -0.3900
v 8.4650 1.7800 -0.3900
v 8.4650 1.7500 -0.3600
v 8.4950 1.7500 -0.3600
v 8.4950 1.7800 -0.3600
v 8.4650 1.7800 -0.3600
v 8.4650 1.7775 -0.3775
v 8.4950 1.7775 -0.3775
v 8.4950 1.8075 -0.3775
v 8.4650 1.8075 -0.3775
v 8.4650 1.7775 -0.3475
v 8.4950 1.7775 -0.3475
v 8.4950 1.8075 -0.3475
v 8.4650 1.8075 -0.3475
v 8.4650 1.8050 -0.3650
v 8.4950 1.8050 -0.3650
v 8.4950 1.8350 -0.3650
v 8.4650 1.8350 -0.3650
v 8.4650 1.8050 -0.3350
v 8.4950 1.8050 -0.3350
v 8.4950 1.8350 -0.3350
v 8.4650 1.8350 -0.3350
v 8.4650 1.8325 -0.3525
v 8.4950 1.8325 -0.3525
v 8.4950 1.8625 -0.3525
v 8.4650 1.8625 -0.3525
v 8.4650 1.8325 -0.3225
v 8.4950 1.8325 -0.3225
v 8.4950 1.8625 -0.3225
v 8.4650 1.8625 -0.3225
v 8.4650 1.8600 -0.3400
v 8.4950 1.8600 -0.3400
v 8.4950 1.8900 -0.3400
v 8.4650 1.8900 -0.3400
v 8.4650 1.8600 -0.3100
v 8.4950 1.8600 -0.3100
v 8.4950 1.8900 -0.3100
v 8.4650 1.8900 -0.3100
v 8.4650 1.8875 -0.3275
v 8.4950 1.8875 -0.3275
v 8.4950 1.9175 -0.3275
v 8.4650 1.9175 -0.3275
v 8.4650 1.8875 -0.2975
v 8.4950 1.8875 -0.2975
v 8.4950 1.9175 -0.2975
v 8.4650 1.9175 -0.2975
v 8.4650 1.9150 -0.3150
v 8.4950 1.9150 -0.3150
v 8.4950 1.9450 -0.3150
v 8.4650 1.9450 -0.3150
v 8.4650 1.9150 -0.2850
v 8.4950 1.9150 -0.2850
v 8.4950 1.9450 -0.2850
v 8.4650 1.9450 -0.2850
v 8.4650 1.9425 -0.3025
v 8.4950 1.9425 -0.3025
v 8.4950 1.9725 -0.3025
v 8.4650 1.9725 -0.3025
v 8.4650 1.9425 -0.2725
v 8.4950 1.9425 -0.2725
v 8.4950 1.9725 -0.2725
v 8.4650 1.9725 -0.2725
v 8.4650 1.9700 -0.2900
v 8.4950 1.9700 -0.2900
v 8.4950 2.0000 -0.2900
v 8.4650 2.0000 -0.2900
v 8.4650 1.9700 -0.2600
v 8.4950 1.9700 -0.2600
v 8.4950 2.0000 -0.2600
v 8.4650 2.0000 -0.2600
v 8.4650 1.9975 -0.2775
v 8.4950 1.9975 -0.2775
v 8.4950 2.0275 -0.2775
v 8.4650 2.0275 -0.2775
v 8.4650 1.9975 -0.2475
v 8.4950 1.9975 -0.2475
v 8.4950 2.0275 -0.2475
v 8.4650 2.0275 -0.2475
v 8.4650 2.0250 -0.2650
v 8.4950 2.0250 -0.2650
v 8.4950 2.0550 -0.2650
v 8.4650 2.0550 -0.2650
v 8.4650 2.0250 -0.2350
v 8.4950 2.0250 -0.2350
v 8.4950 2.0550 -0.2350
v 8.4650 2.0550 -0.2350
v 8.4650 2.0525 -0.2525
v 8.4950 2.0525 -0.2525
v 8.4950 2.0825 -0.2525
v 8.4650 2.0825 -0.2525
v 8.4650 2.0525 -0.2225
v 8.4950 2.0525 -0.2225
v 8.4950 2.0825 -0.2225
v 8.4650 2.0825 -0.2225
v 8.4650 2.0800 -0.2400
v 8.4950 2.0800 -0.2400
v 8.4950 2.1100 -0.2400
v 8.4650 2.1100 -0.2400
v 8.4650 2.0800 -0.2100
v 8.4950 2.0800 -0.2100
v 8.4950 2.1100 -0.2100
v 8.4650 2.1100 -0.2100
v 8.4650 2.1075 -0.2275
v 8.4950 2.1075 -0.2275
v 8.4950 2.1375 -0.2275
v 8.4650 2.1375 -0.2275
v 8.4650 2.1075 -0.1975
v 8.4950 2.1075 -0.1975
v 8.4950 2.1375 -0.1975
v 8.4650 2.1375 -0.1975
v 8.4650 2.1350 -0.2150
v 8.4950 2.1350 -0.2150
v 8.4950 2.1650 -0.2150
v 8.4650 2.1650 -0.2150
v 8.4650 2.1350 -0.1850
v 8.4950 2.1350 -0.1850
v 8.4950 2.1650 -0.1850
v 8.4650 2.1650 -0.1850
v 8.4650 1.5850 0.4350
v 8.4950 1.5850 0.4350
v 8.4950 1.6150 0.4350
v 8.4650 1.6150 0.4350
v 8.4650 1.5850 0.4650
v 8.4950 1.5850 0.4650
v 8.4950 1.6150 0.4650
v 8.4650 1.6150 0.4650
v 8.4650 1.6125 0.4475
v 8.4950 1.6125 0.4475
v 8.4950 1.6425 0.4475
v 8.4650 1.6425 0.4475
v 8.4650 1.6125 0.4775
v 8.4950 1.6125 0.4775
v 8.4950 1.6425 0.4775
v 8.4650 1.6425 0.4775
v 8.4650 1.6400 0.4600
v 8.4950 1.6400 0.4600
v 8.4950 1.6700 0.4600
v 8.4650 1.6700 0.4600
v 8.4650 1.6400 0.4900
v 8.4950 1.6400 0.4900
v 8.4950 1.6700 0.4900
v 8.4650 1.6700 0.4900
v 8.4650 1.6675 0.4725
v 8.4950 1.6675 0.4725
v 8.4950 1.6975 0.4725
v 8.4650 1.6975 0.4725
v 8.4650 1.6675 0.5025
v 8.4950 1.6675 0.5025
v 8.4950 1.6975 0.5025
v 8.4650 1.6975 0.5025
v 8.4650 1.6950 0.4850
v 8.4950 1.6950 0.4850
v 8.4950 1.7250 0.4850
v 8.4650 1.7250 0.4850
v 8.4650 1.6950 0.5150
v 8.4950 1.6950 0.5150
v 8.4950 1.7250 0.5150
v 8.4650 1.7250 0.5150
v 8.4650 1.7225 0.4975
v 8.4950 1.7225 0.4975
v 8.4950 1.7525 0.4975
v 8.4650 1.7525 0.4975
v 8.4650 1.7225 0.5275
v 8.4950 1.7225 0.5275
v 8.4950 1.7525 0.5275
v 8.4650 1.7525 0.5275
v 8.4650 1.7500 0.5100
v 8.4950 1.7500 0.5100
v 8.4950 1.7800 0.5100
v 8.4650 1.7800 0.5100
v 8.4650 1.7500 0.5400
v 8.4950 1.7500 0.5400
v 8.4950 1.7800 0.5400
v 8.4650 1.7800 0.5400
v 8.4650 1.7775 0.5225
v 8.4950 1.7775 0.5225
v 8.4950 1.8075 0.5225
v 8.4650 1.8075 0.5225
v 8.4650 1.7775 0.5525
v 8.4950 1.7775 0.5525
v 8.4950 1.8075 0.5525
v 8.4650 1.8075 0.5525
v 8.4650 1.8050 0.5350
v 8.4950 1.8050 0.5350
v 8.4950 1.8350 0.5350
v 8.4650 1.8350 0.5350
v 8.4650 1.8050 0.5650
v 8.4950 1.8050 0.5650
v 8.4950 1.8350 0.5650
v 8.4650 1.8350 0.5650
v 8.4650 1.8325 0.5475
v 8.4950 1.8325 0.5475
v 8.4950 1.8625 0.5475
v 8.4650 1.8625 0.5475
v 8.4650 1.8325 0.5775
v 8.4950 1.8325 0.5775
v 8.4950 1.8625 0.5775
v 8.4650 1.8625 0.5775
v 8.4650 1.8600 0.5600
v 8.4950 1.8600 0.5600
v 8.4950 1.8900 0.5600
v 8.4650 1.8900 0.5600
v 8.4650 1.8600 0.5900
v 8.4950 1.8600 0.5900
v 8.4950 1.8900 0.5900
v 8.4650 1.8900 0.5900
v 8.4650 1.8875 0.5725
v 8.4950 1.8875 0.5725
v 8.4950 1.9175 0.5725
v 8.4650 1.9175 0.5725
v 8.4650 1.8875 0.6025
v 8.4950 1.8875 0.6025
v 8.4950 1.9175 0.6025
v 8.4650 1.9175 0.6025
v 8.4650 1.9150 0.5850
v 8.4950 1.9150 0.5850
v 8.4950 1.9450 0.5850
v 8.4650 1.9450 0.5850
v 8.4650 1.9150 0.6150
v 8.4950 1.9150 0.6150
v 8.4950 1.9450 0.6150
v 8.4650 1.9450 0.6150
v 8.4650 1.9425 0.5975
v 8.4950 1.9425 0.5975
v 8.4950 1.9725 0.5975
v 8.4650 1.9725 0.5975
v 8.4650 1.9425 0.6275
v 8.4950 1.9425 0.6275
v 8.4950 1.9725 0.6275
v 8.4650 1.9725 0.6275
v 8.4650 1.9700 0.6100
v 8.4950 1.9700 0.6100
v 8.4950 2.0000 0.6100
v 8.4650 2.0000 0.6100
v 8.4650 1.9700 0.6400
v 8.4950 1.9700 0.6400
v 8.4950 2.0000 0.6400
v 8.4650 2.0000 0.6400
v 8.4650 1.9975 0.6225
v 8.4950 1.9975 0.6225
v 8.4950 2.0275 0.6225
v 8.4650 2.0275 0.6225
v 8.4650 1.9975 0.6525
v 8.4950 1.9975 0.6525
v 8.4950 2.0275 0.6525
v 8.4650 2.0275 0.6525
v 8.4650 2.0250 0.6350
v 8.4950 2.0250 0.6350
v 8.4950 2.0550 0.6350
v 8.4650 2.0550 0.6350
v 8.4650 2.0250 0.6650
v 8.4950 2.0250 0.6650
v 8.4950 2.0550 0.6650
v 8.4650 2.0550 0.6650
v 8.4650 2.0525 0.6475
v 8.4950 2.0525 0.6475
v 8.4950 2.0825 0.6475
v 8.4650 2.0825 0.6475
v 8.4650 2.0525 0.6775
v 8.4950 2.0525 0.6775
v 8.4950 2.0825 0.6775
v 8.4650 2.0825 0.6775
v 8.4650 2.0800 0.6600
v 8.4950 2.0800 0.6600
v 8.4950 2.1100 0.6600
v 8.4650 2.1100 0.6600
v 8.4650 2.0800 0.6900
v 8.4950 2.0800 0.6900
v 8.4950 2.1100 0.6900
v 8.4650 2.1100 0.6900
v 8.4650 2.1075 0.6725
v 8.4950 2.1075 0.6725
v 8.4950 2.1375 0.6725
v 8.4650 2.1375 0.6725
v 8.4650 2.1075 0.7025
v 8.4950 2.1075 0.7025
v 8.4950 2.1375 0.7025
v 8.4650 2.1375 0.7025
v 8.4650 2.1350 0.6850
v 8.4950 2.1350 0.6850
v 8.4950 2.1650 0.6850
v 8.4650 2.1650 0.6850
v 8.4650 2.1350 0.7150
v 8.4950 2.1350 0.7150
v 8.4950 2.1650 0.7150
v 8.4650 2.1650 0.7150
v -5.7100 1.5800 1.2300
v -5.6600 1.5800 1.2300
v -5.6600 2.3800 1.2300
v -5.7100 2.3800 1.2300
v -5.7100 1.5800 1.2700
v -5.6600 1.5800 1.2700
v -5.6600 2.3800 1.2700
v -5.7100 2.3800 1.2700
v -4.0600 1.5800 1.2300
v -4.0100 1.5800 1.2300
v -4.0100 2.3800 1.2300
v -4.0600 2.3800 1.2300
v -4.0600 1.5800 1.2700
v -4.0100 1.5800 1.2700
v -4.0100 2.3800 1.2700
v -4.0600 2.3800 1.2700
v -5.7100 1.5800 -1.2700
v -5.6600 1.5800 -1.2700
v -5.6600 2.3800 -1.2700
v -5.7100 2.3800 -1.2700
v -5.7100 1.5800 -1.2300
v -5.6600 1.5800 -1.2300
v -5.6600 2.3800 -1.2300
v -5.7100 2.3800 -1.2300
v -4.0600 1.5800 -1.2700
v -4.0100 1.5800 -1.2700
v -4.0100 2.3800 -1.2700
v -4.0600 2.3800 -1.2700
v -4.0600 1.5800 -1.2300
v -4.0100 1.5800 -1.2300
v -4.0100 2.3800 -1.2300
v -4.0600 2.3800 -1.2300
v -1.3200 1.5800 1.2300
v -1.2700 1.5800 1.2300
v -1.2700 2.3800 1.2300
v -1.3200 2.3800 1.2300
v -1.3200 1.5800 1.2700
v -1.2700 1.5800 1.2700
v -1.2700 2.3800 1.2700
v -1.3200 2.3800 1.2700
v 0.3300 1.5800 1.2300
v 0.3800 1.5800 1.2300
v 0.3800 2.3800 1.2300
v 0.3300 2.3800 1.2300
v 0.3300 1.5800 1.2700
v 0.3800 1.5800 1.2700
v 0.3800 2.3800 1.2700
v 0.3300 2.3800 1.2700
v -1.3200 1.5800 -1.2700
v -1.2700 1.5800 -1.2700
v -1.2700 2.3800 -1.2700
v -1.3200 2.3800 -1.2700
v -1.3200 1.5800 -1.2300
v -1.2700 1.5800 -1.2300
v -1.2700 2.3800 -1.2300
v -1.3200 2.3800 -1.2300
v 0.3300 1.5800 -1.2700
v 0.3800 1.5800 -1.2700
v 0.3800 2.3800 -1.2700
v 0.3300 2.3800 -1.2700
v 0.3300 1.5800 -1.2300
v 0.3800 1.5800 -1.2300
v 0.3800 2.3800 -1.2300
v 0.3300 2.3800 -1.2300
v 3.0600 1.5800 1.2300
v 3.1100 1.5800 1.2300
v 3.1100 2.3800 1.2300
v 3.0600 2.3800 1.2300
v 3.0600 1.5800 1.2700
v 3.1100 1.5800 1.2700
v 3.1100 2.3800 1.2700
v 3.0600 2.3800 1.2700
v 4.7100 1.5800 1.2300
v 4.7600 1.5800 1.2300
v 4.7600 2.3800 1.2300
v 4.7100 2.3800 1.2300
v 4.7100 1.5800 1.2700
v 4.7600 1.5800 1.2700
v 4.7600 2.3800 1.2700
v 4.7100 2.3800 1.2700
v 3.0600 1.5800 -1.2700
v 3.1100 1.5800 -1.2700
v 3.1100 2.3800 -1.2700
v 3.0600 2.3800 -1.2700
v 3.0600 1.5800 -1.2300
v 3.1100 1.5800 -1.2300
v 3.1100 2.3800 -1.2300
v 3.0600 2.3800 -1.2300
v 4.7100 1.5800 -1.2700
v 4.7600 1.5800 -1.2700
v 4.7600 2.3800 -1.2700
v 4.7100 2.3800 -1.2700
v 4.7100 1.5800 -1.2300
v 4.7600 1.5800 -1.2300
v 4.7600 2.3800 -1.2300
v 4.7100 2.3800 -1.2300
v -3.9650 1.9800 1.2450
v -3.8650 1.9800 1.2450
v -3.8650 2.0800 1.2450
v -3.9650 2.0800 1.2450
v -3.9650 1.9800 1.2700
v -3.8650 1.9800 1.2700
v -3.8650 2.0800 1.2700
v -3.9650 2.0800 1.2700
v -3.9650 1.9800 -1.2700
v -3.8650 1.9800 -1.2700
v -3.8650 2.0800 -1.2700
v -3.9650 2.0800 -1.2700
v -3.9650 1.9800 -1.2450
v -3.8650 1.9800 -1.2450
v -3.8650 2.0800 -1.2450
v -3.9650 2.0800 -1.2450
v 0.4250 1.9800 1.2450
v 0.5250 1.9800 1.2450
v 0.5250 2.0800 1.2450
v 0.4250 2.0800 1.2450
v 0.4250 1.9800 1.2700
v 0.5250 1.9800 1.2700
v 0.5250 2.0800 1.2700
v 0.4250 2.0800 1.2700
v 0.4250 1.9800 -1.2700
v 0.5250 1.9800 -1.2700
v 0.5250 2.0800 -1.2700
v 0.4250 2.0800 -1.2700
v 0.4250 1.9800 -1.2450
v 0.5250 1.9800 -1.2450
v 0.5250 2.0800 -1.2450
v 0.4250 2.0800 -1.2450
v 4.8050 1.9800 1.2450
v 4.9050 1.9800 1.2450
v 4.9050 2.0800 1.2450
v 4.8050 2.0800 1.2450
v 4.8050 1.9800 1.2700
v 4.9050 1.9800 1.2700
v 4.9050 2.0800 1.2700
v 4.8050 2.0800 1.2700
v 4.8050 1.9800 -1.2700
v 4.9050 1.9800 -1.2700
v 4.9050 2.0800 -1.2700
v 4.8050 2.0800 -1.2700
v 4.8050 1.9800 -1.2450
v 4.9050 1.9800 -1.2450
v 4.9050 2.0800 -1.2450
v 4.8050 2.0800 -1.2450
v -7.6500 0.6000 1.2550
v -7.2000 0.6000 1.2550
v -7.2000 0.7500 1.2550
v -7.6500 0.7500 1.2550
v -7.6500 0.6000 1.2620
v -7.2000 0.6000 1.2620
v -7.2000 0.7500 1.2620
v -7.6500 0.7500 1.2620
v -7.6000 0.6400 1.2620
v -7.2500 0.6400 1.2620
v -7.2500 0.7100 1.2620
v -7.6000 0.7100 1.2620
v -7.6000 0.6400 1.2660
v -7.2500 0.6400 1.2660
v -7.2500 0.7100 1.2660
v -7.6000 0.7100 1.2660
v -7.6500 0.6000 -1.2620
v -7.2000 0.6000 -1.2620
v -7.2000 0.7500 -1.2620
v -7.6500 0.7500 -1.2620
v -7.6500 0.6000 -1.2550
v -7.2000 0.6000 -1.2550
v -7.2000 0.7500 -1.2550
v -7.6500 0.7500 -1.2550
v -7.6000 0.6400 -1.2660
v -7.2500 0.6400 -1.2660
v -7.2500 0.7100 -1.2660
v -7.6000 0.7100 -1.2660
v -7.6000 0.6400 -1.2620
v -7.2500 0.6400 -1.2620
v -7.2500 0.7100 -1.2620
v -7.6000 0.7100 -1.2620
v 8.3900 2.6650 -0.8725
v 8.4580 2.6650 -0.8725
v 8.4580 2.9350 -0.8725
v 8.3900 2.9350 -0.8725
v 8.3900 2.6650 0.8725
v 8.4580 2.6650 0.8725
v 8.4580 2.9350 0.8725
v 8.3900 2.9350 0.8725
v -8.3500 0.9550 -1.1800
v 7.9325 0.9550 -1.1800
v 7.9325 0.9840 -1.1800
v -8.3500 0.9840 -1.1800
v -8.3500 0.9550 1.1800
v 7.9325 0.9550 1.1800
v 7.9325 0.9840 1.1800
v -8.3500 0.9840 1.1800
v -8.3500 3.2900 -1.1800
v 7.2000 3.2900 -1.1800
v 7.2000 3.3300 -1.1800
v -8.3500 3.3300 -1.1800
v -8.3500 3.2900 1.1800
v 7.2000 3.2900 1.1800
v 7.2000 3.3300 1.1800
v -8.3500 3.3300 1.1800
v -8.4100 0.9800 0.5200
v -8.3300 0.9800 0.5200
v -8.3300 3.3300 0.5200
v -8.4100 3.3300 0.5200
v -8.4100 0.9800 1.1800
v -8.3300 0.9800 1.1800
v -8.3300 3.3300 1.1800
v -8.4100 3.3300 1.1800
v -8.4100 0.9800 -1.1800
v -8.3300 0.9800 -1.1800
v -8.3300 3.3300 -1.1800
v -8.4100 3.3300 -1.1800
v -8.4100 0.9800 -0.5200
v -8.3300 0.9800 -0.5200
v -8.3300 3.3300 -0.5200
v -8.4100 3.3300 -0.5200
v -8.4100 3.0300 -0.5200
v -8.3300 3.0300 -0.5200
v -8.3300 3.3300 -0.5200
v -8.4100 3.3300 -0.5200
v -8.4100 3.0300 0.5200
v -8.3300 3.0300 0.5200
v -8.3300 3.3300 0.5200
v -8.4100 3.3300 0.5200
v -8.4300 3.0300 -0.5000
v -8.3100 3.0300 -0.5000
v -8.3100 3.4300 -0.5000
v -8.4300 3.4300 -0.5000
v -8.4300 3.0300 0.5000
v -8.3100 3.0300 0.5000
v -8.3100 3.4300 0.5000
v -8.4300 3.4300 0.5000
v -8.4200 0.9800 -0.5000
v -8.3400 0.9800 -0.5000
v -8.3400 3.0300 -0.5000
v -8.4200 3.0300 -0.5000
v -8.4200 0.9800 0.5000
v -8.3400 0.9800 0.5000
v -8.3400 3.0300 0.5000
v -8.4200 3.0300 0.5000
v -8.4220 1.9800 -0.4000
v -8.3420 1.9800 -0.4000
v -8.3420 2.8800 -0.4000
v -8.4220 2.8800 -0.4000
v -8.4220 1.9800 0.4000
v -8.3420 1.9800 0.4000
v -8.3420 2.8800 0.4000
v -8.4220 2.8800 0.4000
v -5.5850 0.9800 1.1800
v -4.8600 0.9800 1.1800
v -4.8600 1.4500 1.1800
v -5.5850 1.4500 1.1800
v -5.5850 0.9800 1.2380
v -4.8600 0.9800 1.2380
v -4.8600 1.4500 1.2380
v -5.5850 1.4500 1.2380
v -5.5850 2.4300 1.1800
v -4.8600 2.4300 1.1800
v -4.8600 2.6700 1.1800
v -5.5850 2.6700 1.1800
v -5.5850 2.4300 1.2380
v -4.8600 2.4300 1.2380
v -4.8600 2.6700 1.2380
v -5.5850 2.6700 1.2380
v -5.5850 1.4500 1.1800
v -5.5150 1.4500 1.1800
v -5.5150 2.4300 1.1800
v -5.5850 2.4300 1.1800
v -5.5850 1.4500 1.2380
v -5.5150 1.4500 1.2380
v -5.5150 2.4300 1.2380
v -5.5850 2.4300 1.2380
v -4.9300 1.4500 1.1800
v -4.8600 1.4500 1.1800
v -4.8600 2.4300 1.1800
v -4.9300 2.4300 1.1800
v -4.9300 1.4500 1.2380
v -4.8600 1.4500 1.2380
v -4.8600 2.4300 1.2380
v -4.9300 2.4300 1.2380
v -5.5150 1.4500 1.2000
v -4.9300 1.4500 1.2000
v -4.9300 2.4300 1.2000
v -5.5150 2.4300 1.2000
v -5.5150 1.4500 1.2180
v -4.9300 1.4500 1.2180
v -4.9300 2.4300 1.2180
v -5.5150 2.4300 1.2180
v -4.8750 0.9800 1.1750
v -4.8450 0.9800 1.1750
v -4.8450 2.6700 1.1750
v -4.8750 2.6700 1.1750
v -4.8750 0.9800 1.2430
v -4.8450 0.9800 1.2430
v -4.8450 2.6700 1.2430
v -4.8750 2.6700 1.2430
v -4.8600 0.9800 1.1800
v -4.1350 0.9800 1.1800
v -4.1350 1.4500 1.1800
v -4.8600 1.4500 1.1800
v -4.8600 0.9800 1.2380
v -4.1350 0.9800 1.2380
v -4.1350 1.4500 1.2380
v -4.8600 1.4500 1.2380
v -4.8600 2.4300 1.1800
v -4.1350 2.4300 1.1800
v -4.1350 2.6700 1.1800
v -4.8600 2.6700 1.1800
v -4.8600 2.4300 1.2380
v -4.1350 2.4300 1.2380
v -4.1350 2.6700 1.2380
v -4.8600 2.6700 1.2380
v -4.8600 1.4500 1.1800
v -4.7900 1.4500 1.1800
v -4.7900 2.4300 1.1800
v -4.8600 2.4300 1.1800
v -4.8600 1.4500 1.2380
v -4.7900 1.4500 1.2380
v -4.7900 2.4300 1.2380
v -4.8600 2.4300 1.2380
v -4.2050 1.4500 1.1800
v -4.1350 1.4500 1.1800
v -4.1350 2.4300 1.1800
v -4.2050 2.4300 1.1800
v -4.2050 1.4500 1.2380
v -4.1350 1.4500 1.2380
v -4.1350 2.4300 1.2380
v -4.2050 2.4300 1.2380
v -4.7900 1.4500 1.2000
v -4.2050 1.4500 1.2000
v -4.2050 2.4300 1.2000
v -4.7900 2.4300 1.2000
v -4.7900 1.4500 1.2180
v -4.2050 1.4500 1.2180
v -4.2050 2.4300 1.2180
v -4.7900 2.4300 1.2180
v -4.8750 0.9800 1.1750
v -4.8450 0.9800 1.1750
v -4.8450 2.6700 1.1750
v -4.8750 2.6700 1.1750
v -4.8750 0.9800 1.2430
v -4.8450 0.9800 1.2430
v -4.8450 2.6700 1.2430
v -4.8750 2.6700 1.2430
v -5.5850 0.9800 0.9200
v -4.1350 0.9800 0.9200
v -4.1350 0.9850 0.9200
v -5.5850 0.9850 0.9200
v -5.5850 0.9800 1.1700
v -4.1350 0.9800 1.1700
v -4.1350 0.9850 1.1700
v -5.5850 0.9850 1.1700
v -5.3100 2.6900 1.1300
v -4.4100 2.6900 1.1300
v -4.4100 2.8700 1.1300
v -5.3100 2.8700 1.1300
v -5.3100 2.6900 1.1700
v -4.4100 2.6900 1.1700
v -4.4100 2.8700 1.1700
v -5.3100 2.8700 1.1700
v -5.5850 0.9800 -1.1700
v -4.1350 0.9800 -1.1700
v -4.1350 0.9850 -1.1700
v -5.5850 0.9850 -1.1700
v -5.5850 0.9800 -0.9200
v -4.1350 0.9800 -0.9200
v -4.1350 0.9850 -0.9200
v -5.5850 0.9850 -0.9200
v -5.3100 2.6900 -1.1700
v -4.4100 2.6900 -1.1700
v -4.4100 2.8700 -1.1700
v -5.3100 2.8700 -1.1700
v -5.3100 2.6900 -1.1300
v -4.4100 2.6900 -1.1300
v -4.4100 2.8700 -1.1300
v -5.3100 2.8700 -1.1300
v -1.1950 0.9800 0.9200
v 0.2550 0.9800 0.9200
v 0.2550 0.9850 0.9200
v -1.1950 0.9850 0.9200
v -1.1950 0.9800 1.1700
v 0.2550 0.9800 1.1700
v 0.2550 0.9850 1.1700
v -1.1950 0.9850 1.1700
v -0.9200 2.6900 1.1300
v -0.0200 2.6900 1.1300
v -0.0200 2.8700 1.1300
v -0.9200 2.8700 1.1300
v -0.9200 2.6900 1.1700
v -0.0200 2.6900 1.1700
v -0.0200 2.8700 1.1700
v -0.9200 2.8700 1.1700
v -1.1950 0.9800 -1.1700
v 0.2550 0.9800 -1.1700
v 0.2550 0.9850 -1.1700
v -1.1950 0.9850 -1.1700
v -1.1950 0.9800 -0.9200
v 0.2550 0.9800 -0.9200
v 0.2550 0.9850 -0.9200
v -1.1950 0.9850 -0.9200
v -0.9200 2.6900 -1.1700
v -0.0200 2.6900 -1.1700
v -0.0200 2.8700 -1.1700
v -0.9200 2.8700 -1.1700
v -0.9200 2.6900 -1.1300
v -0.0200 2.6900 -1.1300
v -0.0200 2.8700 -1.1300
v -0.9200 2.8700 -1.1300
v 3.1850 0.9800 0.9200
v 4.6350 0.9800 0.9200
v 4.6350 0.9850 0.9200
v 3.1850 0.9850 0.9200
v 3.1850 0.9800 1.1700
v 4.6350 0.9800 1.1700
v 4.6350 0.9850 1.1700
v 3.1850 0.9850 1.1700
v 3.4600 2.6900 1.1300
v 4.3600 2.6900 1.1300
v 4.3600 2.8700 1.1300
v 3.4600 2.8700 1.1300
v 3.4600 2.6900 1.1700
v 4.3600 2.6900 1.1700
v 4.3600 2.8700 1.1700
v 3.4600 2.8700 1.1700
v 3.1850 0.9800 -1.1700
v 4.6350 0.9800 -1.1700
v 4.6350 0.9850 -1.1700
v 3.1850 0.9850 -1.1700
v 3.1850 0.9800 -0.9200
v 4.6350 0.9800 -0.9200
v 4.6350 0.9850 -0.9200
v 3.1850 0.9850 -0.9200
v 3.4600 2.6900 -1.1700
v 4.3600 2.6900 -1.1700
v 4.3600 2.8700 -1.1700
v 3.4600 2.8700 -1.1700
v 3.4600 2.6900 -1.1300
v 4.3600 2.6900 -1.1300
v 4.3600 2.8700 -1.1300
v 3.4600 2.8700 -1.1300
v -5.5850 0.9800 -1.2380
v -4.8600 0.9800 -1.2380
v -4.8600 1.4500 -1.2380
v -5.5850 1.4500 -1.2380
v -5.5850 0.9800 -1.1800
v -4.8600 0.9800 -1.1800
v -4.8600 1.4500 -1.1800
v -5.5850 1.4500 -1.1800
v -5.5850 2.4300 -1.2380
v -4.8600 2.4300 -1.2380
v -4.8600 2.6700 -1.2380
v -5.5850 2.6700 -1.2380
v -5.5850 2.4300 -1.1800
v -4.8600 2.4300 -1.1800
v -4.8600 2.6700 -1.1800
v -5.5850 2.6700 -1.1800
v -5.5850 1.4500 -1.2380
v -5.5150 1.4500 -1.2380
v -5.5150 2.4300 -1.2380
v -5.5850 2.4300 -1.2380
v -5.5850 1.4500 -1.1800
v -5.5150 1.4500 -1.1800
v -5.5150 2.4300 -1.1800
v -5.5850 2.4300 -1.1800
v -4.9300 1.4500 -1.2380
v -4.8600 1.4500 -1.2380
v -4.8600 2.4300 -1.2380
v -4.9300 2.4300 -1.2380
v -4.9300 1.4500 -1.1800
v -4.8600 1.4500 -1.1800
v -4.8600 2.4300 -1.1800
v -4.9300 2.4300 -1.1800
v -5.5150 1.4500 -1.2180
v -4.9300 1.4500 -1.2180
v -4.9300 2.4300 -1.2180
v -5.5150 2.4300 -1.2180
v -5.5150 1.4500 -1.2000
v -4.9300 1.4500 -1.2000
v -4.9300 2.4300 -1.2000
v -5.5150 2.4300 -1.2000
v -4.8750 0.9800 -1.2430
v -4.8450 0.9800 -1.2430
v -4.8450 2.6700 -1.2430
v -4.8750 2.6700 -1.2430
v -4.8750 0.9800 -1.1750
v -4.8450 0.9800 -1.1750
v -4.8450 2.6700 -1.1750
v -4.8750 2.6700 -1.1750
v -4.8600 0.9800 -1.2380
v -4.1350 0.9800 -1.2380
v -4.1350 1.4500 -1.2380
v -4.8600 1.4500 -1.2380
v -4.8600 0.9800 -1.1800
v -4.1350 0.9800 -1.1800
v -4.1350 1.4500 -1.1800
v -4.8600 1.4500 -1.1800
v -4.8600 2.4300 -1.2380
v -4.1350 2.4300 -1.2380
v -4.1350 2.6700 -1.2380
v -4.8600 2.6700 -1.2380
v -4.8600 2.4300 -1.1800
v -4.1350 2.4300 -1.1800
v -4.1350 2.6700 -1.1800
v -4.8600 2.6700 -1.1800
v -4.8600 1.4500 -1.2380
v -4.7900 1.4500 -1.2380
v -4.7900 2.4300 -1.2380
v -4.8600 2.4300 -1.2380
v -4.8600 1.4500 -1.1800
v -4.7900 1.4500 -1.1800
v -4.7900 2.4300 -1.1800
v -4.8600 2.4300 -1.1800
v -4.2050 1.4500 -1.2380
v -4.1350 1.4500 -1.2380
v -4.1350 2.4300 -1.2380
v -4.2050 2.4300 -1.2380
v -4.2050 1.4500 -1.1800
v -4.1350 1.4500 -1.1800
v -4.1350 2.4300 -1.1800
v -4.2050 2.4300 -1.1800
v -4.7900 1.4500 -1.2180
v -4.2050 1.4500 -1.2180
v -4.2050 2.4300 -1.2180
v -4.7900 2.4300 -1.2180
v -4.7900 1.4500 -1.2000
v -4.2050 1.4500 -1.2000
v -4.2050 2.4300 -1.2000
v -4.7900 2.4300 -1.2000
v -4.8750 0.9800 -1.2430
v -4.8450 0.9800 -1.2430
v -4.8450 2.6700 -1.2430
v -4.8750 2.6700 -1.2430
v -4.8750 0.9800 -1.1750
v -4.8450 0.9800 -1.1750
v -4.8450 2.6700 -1.1750
v -4.8750 2.6700 -1.1750
v -1.1950 0.9800 1.1800
v -0.4700 0.9800 1.1800
v -0.4700 1.4500 1.1800
v -1.1950 1.4500 1.1800
v -1.1950 0.9800 1.2380
v -0.4700 0.9800 1.2380
v -0.4700 1.4500 1.2380
v -1.1950 1.4500 1.2380
v -1.1950 2.4300 1.1800
v -0.4700 2.4300 1.1800
v -0.4700 2.6700 1.1800
v -1.1950 2.6700 1.1800
v -1.1950 2.4300 1.2380
v -0.4700 2.4300 1.2380
v -0.4700 2.6700 1.2380
v -1.1950 2.6700 1.2380
v -1.1950 1.4500 1.1800
v -1.1250 1.4500 1.1800
v -1.1250 2.4300 1.1800
v -1.1950 2.4300 1.1800
v -1.1950 1.4500 1.2380
v -1.1250 1.4500 1.2380
v -1.1250 2.4300 1.2380
v -1.1950 2.4300 1.2380
v -0.5400 1.4500 1.1800
v -0.4700 1.4500 1.1800
v -0.4700 2.4300 1.1800
v -0.5400 2.4300 1.1800
v -0.5400 1.4500 1.2380
v -0.4700 1.4500 1.2380
v -0.4700 2.4300 1.2380
v -0.5400 2.4300 1.2380
v -1.1250 1.4500 1.2000
v -0.5400 1.4500 1.2000
v -0.5400 2.4300 1.2000
v -1.1250 2.4300 1.2000
v -1.1250 1.4500 1.2180
v -0.5400 1.4500 1.2180
v -0.5400 2.4300 1.2180
v -1.1250 2.4300 1.2180
v -0.4850 0.9800 1.1750
v -0.4550 0.9800 1.1750
v -0.4550 2.6700 1.1750
v -0.4850 2.6700 1.1750
v -0.4850 0.9800 1.2430
v -0.4550 0.9800 1.2430
v -0.4550 2.6700 1.2430
v -0.4850 2.6700 1.2430
v -0.4700 0.9800 1.1800
v 0.2550 0.9800 1.1800
v 0.2550 1.4500 1.1800
v -0.4700 1.4500 1.1800
v -0.4700 0.9800 1.2380
v 0.2550 0.9800 1.2380
v 0.2550 1.4500 1.2380
v -0.4700 1.4500 1.2380
v -0.4700 2.4300 1.1800
v 0.2550 2.4300 1.1800
v 0.2550 2.6700 1.1800
v -0.4700 2.6700 1.1800
v -0.4700 2.4300 1.2380
v 0.2550 2.4300 1.2380
v 0.2550 2.6700 1.2380
v -0.4700 2.6700 1.2380
v -0.4700 1.4500 1.1800
v -0.4000 1.4500 1.1800
v -0.4000 2.4300 1.1800
v -0.4700 2.4300 1.1800
v -0.4700 1.4500 1.2380
v -0.4000 1.4500 1.2380
v -0.4000 2.4300 1.2380
v -0.4700 2.4300 1.2380
v 0.1850 1.4500 1.1800
v 0.2550 1.4500 1.1800
v 0.2550 2.4300 1.1800
v 0.1850 2.4300 1.1800
v 0.1850 1.4500 1.2380
v 0.2550 1.4500 1.2380
v 0.2550 2.4300 1.2380
v 0.1850 2.4300 1.2380
v -0.4000 1.4500 1.2000
v 0.1850 1.4500 1.2000
v 0.1850 2.4300 1.2000
v -0.4000 2.4300 1.2000
v -0.4000 1.4500 1.2180
v 0.1850 1.4500 1.2180
v 0.1850 2.4300 1.2180
v -0.4000 2.4300 1.2180
v -0.4850 0.9800 1.1750
v -0.4550 0.9800 1.1750
v -0.4550 2.6700 1.1750
v -0.4850 2.6700 1.1750
v -0.4850 0.9800 1.2430
v -0.4550 0.9800 1.2430
v -0.4550 2.6700 1.2430
v -0.4850 2.6700 1.2430
v -1.1950 0.9800 -1.2380
v -0.4700 0.9800 -1.2380
v -0.4700 1.4500 -1.2380
v -1.1950 1.4500 -1.2380
v -1.1950 0.9800 -1.1800
v -0.4700 0.9800 -1.1800
v -0.4700 1.4500 -1.1800
v -1.1950 1.4500 -1.1800
v -1.1950 2.4300 -1.2380
v -0.4700 2.4300 -1.2380
v -0.4700 2.6700 -1.2380
v -1.1950 2.6700 -1.2380
v -1.1950 2.4300 -1.1800
v -0.4700 2.4300 -1.1800
v -0.4700 2.6700 -1.1800
v -1.1950 2.6700 -1.1800
v -1.1950 1.4500 -1.2380
v -1.1250 1.4500 -1.2380
v -1.1250 2.4300 -1.2380
v -1.1950 2.4300 -1.2380
v -1.1950 1.4500 -1.1800
v -1.1250 1.4500 -1.1800
v -1.1250 2.4300 -1.1800
v -1.1950 2.4300 -1.1800
v -0.5400 1.4500 -1.2380
v -0.4700 1.4500 -1.2380
v -0.4700 2.4300 -1.2380
v -0.5400 2.4300 -1.2380
v -0.5400 1.4500 -1.1800
v -0.4700 1.4500 -1.1800
v -0.4700 2.4300 -1.1800
v -0.5400 2.4300 -1.1800
v -1.1250 1.4500 -1.2180
v -0.5400 1.4500 -1.2180
v -0.5400 2.4300 -1.2180
v -1.1250 2.4300 -1.2180
v -1.1250 1.4500 -1.2000
v -0.5400 1.4500 -1.2000
v -0.5400 2.4300 -1.2000
v -1.1250 2.4300 -1.2000
v -0.4850 0.9800 -1.2430
v -0.4550 0.9800 -1.2430
v -0.4550 2.6700 -1.2430
v -0.4850 2.6700 -1.2430
v -0.4850 0.9800 -1.1750
v -0.4550 0.9800 -1.1750
v -0.4550 2.6700 -1.1750
v -0.4850 2.6700 -1.1750
v -0.4700 0.9800 -1.2380
v 0.2550 0.9800 -1.2380
v 0.2550 1.4500 -1.2380
v -0.4700 1.4500 -1.2380
v -0.4700 0.9800 -1.1800
v 0.2550 0.9800 -1.1800
v 0.2550 1.4500 -1.1800
v -0.4700 1.4500 -1.1800
v -0.4700 2.4300 -1.2380
v 0.2550 2.4300 -1.2380
v 0.2550 2.6700 -1.2380
v -0.4700 2.6700 -1.2380
v -0.4700 2.4300 -1.1800
v 0.2550 2.4300 -1.1800
v 0.2550 2.6700 -1.1800
v -0.4700 2.6700 -1.1800
v -0.4700 1.4500 -1.2380
v -0.4000 1.4500 -1.2380
v -0.4000 2.4300 -1.2380
v -0.4700 2.4300 -1.2380
v -0.4700 1.4500 -1.1800
v -0.4000 1.4500 -1.1800
v -0.4000 2.4300 -1.1800
v -0.4700 2.4300 -1.1800
v 0.1850 1.4500 -1.2380
v 0.2550 1.4500 -1.2380
v 0.2550 2.4300 -1.2380
v 0.1850 2.4300 -1.2380
v 0.1850 1.4500 -1.1800
v 0.2550 1.4500 -1.1800
v 0.2550 2.4300 -1.1800
v 0.1850 2.4300 -1.1800
v -0.4000 1.4500 -1.2180
v 0.1850 1.4500 -1.2180
v 0.1850 2.4300 -1.2180
v -0.4000 2.4300 -1.2180
v -0.4000 1.4500 -1.2000
v 0.1850 1.4500 -1.2000
v 0.1850 2.4300 -1.2000
v -0.4000 2.4300 -1.2000
v -0.4850 0.9800 -1.2430
v -0.4550 0.9800 -1.2430
v -0.4550 2.6700 -1.2430
v -0.4850 2.6700 -1.2430
v -0.4850 0.9800 -1.1750
v -0.4550 0.9800 -1.1750
v -0.4550 2.6700 -1.1750
v -0.4850 2.6700 -1.1750
v 3.1850 0.9800 1.1800
v 3.9100 0.9800 1.1800
v 3.9100 1.4500 1.1800
v 3.1850 1.4500 1.1800
v 3.1850 0.9800 1.2380
v 3.9100 0.9800 1.2380
v 3.9100 1.4500 1.2380
v 3.1850 1.4500 1.2380
v 3.1850 2.4300 1.1800
v 3.9100 2.4300 1.1800
v 3.9100 2.6700 1.1800
v 3.1850 2.6700 1.1800
v 3.1850 2.4300 1.2380
v 3.9100 2.4300 1.2380
v 3.9100 2.6700 1.2380
v 3.1850 2.6700 1.2380
v 3.1850 1.4500 1.1800
v 3.2550 1.4500 1.1800
v 3.2550 2.4300 1.1800
v 3.1850 2.4300 1.1800
v 3.1850 1.4500 1.2380
v 3.2550 1.4500 1.2380
v 3.2550 2.4300 1.2380
v 3.1850 2.4300 1.2380
v 3.8400 1.4500 1.1800
v 3.9100 1.4500 1.1800
v 3.9100 2.4300 1.1800
v 3.8400 2.4300 1.1800
v 3.8400 1.4500 1.2380
v 3.9100 1.4500 1.2380
v 3.9100 2.4300 1.2380
v 3.8400 2.4300 1.2380
v 3.2550 1.4500 1.2000
v 3.8400 1.4500 1.2000
v 3.8400 2.4300 1.2000
v 3.2550 2.4300 1.2000
v 3.2550 1.4500 1.2180
v 3.8400 1.4500 1.2180
v 3.8400 2.4300 1.2180
v 3.2550 2.4300 1.2180
v 3.8950 0.9800 1.1750
v 3.9250 0.9800 1.1750
v 3.9250 2.6700 1.1750
v 3.8950 2.6700 1.1750
v 3.8950 0.9800 1.2430
v 3.9250 0.9800 1.2430
v 3.9250 2.6700 1.2430
v 3.8950 2.6700 1.2430
v 3.9100 0.9800 1.1800
v 4.6350 0.9800 1.1800
v 4.6350 1.4500 1.1800
v 3.9100 1.4500 1.1800
v 3.9100 0.9800 1.2380
v 4.6350 0.9800 1.2380
v 4.6350 1.4500 1.2380
v 3.9100 1.4500 1.2380
v 3.9100 2.4300 1.1800
v 4.6350 2.4300 1.1800
v 4.6350 2.6700 1.1800
v 3.9100 2.6700 1.1800
v 3.9100 2.4300 1.2380
v 4.6350 2.4300 1.2380
v 4.6350 2.6700 1.2380
v 3.9100 2.6700 1.2380
v 3.9100 1.4500 1.1800
v 3.9800 1.4500 1.1800
v 3.9800 2.4300 1.1800
v 3.9100 2.4300 1.1800
v 3.9100 1.4500 1.2380
v 3.9800 1.4500 1.2380
v 3.9800 2.4300 1.2380
v 3.9100 2.4300 1.2380
v 4.5650 1.4500 1.1800
v 4.6350 1.4500 1.1800
v 4.6350 2.4300 1.1800
v 4.5650 2.4300 1.1800
v 4.5650 1.4500 1.2380
v 4.6350 1.4500 1.2380
v 4.6350 2.4300 1.2380
v 4.5650 2.4300 1.2380
v 3.9800 1.4500 1.2000
v 4.5650 1.4500 1.2000
v 4.5650 2.4300 1.2000
v 3.9800 2.4300 1.2000
v 3.9800 1.4500 1.2180
v 4.5650 1.4500 1.2180
v 4.5650 2.4300 1.2180
v 3.9800 2.4300 1.2180
v 3.8950 0.9800 1.1750
v 3.9250 0.9800 1.1750
v 3.9250 2.6700 1.1750
v 3.8950 2.6700 1.1750
v 3.8950 0.9800 1.2430
v 3.9250 0.9800 1.2430
v 3.9250 2.6700 1.2430
v 3.8950 2.6700 1.2430
v 3.1850 0.9800 -1.2380
v 3.9100 0.9800 -1.2380
v 3.9100 1.4500 -1.2380
v 3.1850 1.4500 -1.2380
v 3.1850 0.9800 -1.1800
v 3.9100 0.9800 -1.1800
v 3.9100 1.4500 -1.1800
v 3.1850 1.4500 -1.1800
v 3.1850 2.4300 -1.2380
v 3.9100 2.4300 -1.2380
v 3.9100 2.6700 -1.2380
v 3.1850 2.6700 -1.2380
v 3.1850 2.4300 -1.1800
v 3.9100 2.4300 -1.1800
v 3.9100 2.6700 -1.1800
v 3.1850 2.6700 -1.1800
v 3.1850 1.4500 -1.2380
v 3.2550 1.4500 -1.2380
v 3.2550 2.4300 -1.2380
v 3.1850 2.4300 -1.2380
v 3.1850 1.4500 -1.1800
v 3.2550 1.4500 -1.1800
v 3.2550 2.4300 -1.1800
v 3.1850 2.4300 -1.1800
v 3.8400 1.4500 -1.2380
v 3.9100 1.4500 -1.2380
v 3.9100 2.4300 -1.2380
v 3.8400 2.4300 -1.2380
v 3.8400 1.4500 -1.1800
v 3.9100 1.4500 -1.1800
v 3.9100 2.4300 -1.1800
v 3.8400 2.4300 -1.1800
v 3.2550 1.4500 -1.2180
v 3.8400 1.4500 -1.2180
v 3.8400 2.4300 -1.2180
v 3.2550 2.4300 -1.2180
v 3.2550 1.4500 -1.2000
v 3.8400 1.4500 -1.2000
v 3.8400 2.4300 -1.2000
v 3.2550 2.4300 -1.2000
v 3.8950 0.9800 -1.2430
v 3.9250 0.9800 -1.2430
v 3.9250 2.6700 -1.2430
v 3.8950 2.6700 -1.2430
v 3.8950 0.9800 -1.1750
v 3.9250 0.9800 -1.1750
v 3.9250 2.6700 -1.1750
v 3.8950 2.6700 -1.1750
v 3.9100 0.9800 -1.2380
v 4.6350 0.9800 -1.2380
v 4.6350 1.4500 -1.2380
v 3.9100 1.4500 -1.2380
v 3.9100 0.9800 -1.1800
v 4.6350 0.9800 -1.1800
v 4.6350 1.4500 -1.1800
v 3.9100 1.4500 -1.1800
v 3.9100 2.4300 -1.2380
v 4.6350 2.4300 -1.2380
v 4.6350 2.6700 -1.2380
v 3.9100 2.6700 -1.2380
v 3.9100 2.4300 -1.1800
v 4.6350 2.4300 -1.1800
v 4.6350 2.6700 -1.1800
v 3.9100 2.6700 -1.1800
v 3.9100 1.4500 -1.2380
v 3.9800 1.4500 -1.2380
v 3.9800 2.4300 -1.2380
v 3.9100 2.4300 -1.2380
v 3.9100 1.4500 -1.1800
v 3.9800 1.4500 -1.1800
v 3.9800 2.4300 -1.1800
v 3.9100 2.4300 -1.1800
v 4.5650 1.4500 -1.2380
v 4.6350 1.4500 -1.2380
v 4.6350 2.4300 -1.2380
v 4.5650 2.4300 -1.2380
v 4.5650 1.4500 -1.1800
v 4.6350 1.4500 -1.1800
v 4.6350 2.4300 -1.1800
v 4.5650 2.4300 -1.1800
v 3.9800 1.4500 -1.2180
v 4.5650 1.4500 -1.2180
v 4.5650 2.4300 -1.2180
v 3.9800 2.4300 -1.2180
v 3.9800 1.4500 -1.2000
v 4.5650 1.4500 -1.2000
v 4.5650 2.4300 -1.2000
v 3.9800 2.4300 -1.2000
v 3.8950 0.9800 -1.2430
v 3.9250 0.9800 -1.2430
v 3.9250 2.6700 -1.2430
v 3.8950 2.6700 -1.2430
v 3.8950 0.9800 -1.1750
v 3.9250 0.9800 -1.1750
v 3.9250 2.6700 -1.1750
v 3.8950 2.6700 -1.1750
v -8.2000 0.9800 0.7600
v -5.9350 0.9800 0.7600
v -5.9350 1.3800 0.7600
v -8.2000 1.3800 0.7600
v -8.2000 0.9800 1.1650
v -5.9350 0.9800 1.1650
v -5.9350 1.3800 1.1650
v -8.2000 1.3800 1.1650
v -8.2000 1.4800 1.0800
v -5.9350 1.4800 1.0800
v -5.9350 2.0300 1.0800
v -8.2000 2.0300 1.0800
v -8.2000 1.4800 1.1650
v -5.9350 1.4800 1.1650
v -5.9350 2.0300 1.1650
v -8.2000 2.0300 1.1650
v -8.2300 0.9800 0.6300
v -8.1700 0.9800 0.6300
v -8.1700 2.1800 0.6300
v -8.2300 2.1800 0.6300
v -8.2300 0.9800 1.1650
v -8.1700 0.9800 1.1650
v -8.1700 2.1800 1.1650
v -8.2300 2.1800 1.1650
v -5.9650 0.9800 0.6300
v -5.9050 0.9800 0.6300
v -5.9050 2.1800 0.6300
v -5.9650 2.1800 0.6300
v -5.9650 0.9800 1.1650
v -5.9050 0.9800 1.1650
v -5.9050 2.1800 1.1650
v -5.9650 2.1800 1.1650
v -8.2000 0.9800 -1.1650
v -5.9350 0.9800 -1.1650
v -5.9350 1.3800 -1.1650
v -8.2000 1.3800 -1.1650
v -8.2000 0.9800 -0.7600
v -5.9350 0.9800 -0.7600
v -5.9350 1.3800 -0.7600
v -8.2000 1.3800 -0.7600
v -8.2000 1.4800 -1.1650
v -5.9350 1.4800 -1.1650
v -5.9350 2.0300 -1.1650
v -8.2000 2.0300 -1.1650
v -8.2000 1.4800 -1.0800
v -5.9350 1.4800 -1.0800
v -5.9350 2.0300 -1.0800
v -8.2000 2.0300 -1.0800
v -8.2300 0.9800 -1.1650
v -8.1700 0.9800 -1.1650
v -8.1700 2.1800 -1.1650
v -8.2300 2.1800 -1.1650
v -8.2300 0.9800 -0.6300
v -8.1700 0.9800 -0.6300
v -8.1700 2.1800 -0.6300
v -8.2300 2.1800 -0.6300
v -5.9650 0.9800 -1.1650
v -5.9050 0.9800 -1.1650
v -5.9050 2.1800 -1.1650
v -5.9650 2.1800 -1.1650
v -5.9650 0.9800 -0.6300
v -5.9050 0.9800 -0.6300
v -5.9050 2.1800 -0.6300
v -5.9650 2.1800 -0.6300
v -3.7850 0.9800 0.7600
v -1.5450 0.9800 0.7600
v -1.5450 1.3800 0.7600
v -3.7850 1.3800 0.7600
v -3.7850 0.9800 1.1650
v -1.5450 0.9800 1.1650
v -1.5450 1.3800 1.1650
v -3.7850 1.3800 1.1650
v -3.7850 1.4800 1.0800
v -1.5450 1.4800 1.0800
v -1.5450 2.0300 1.0800
v -3.7850 2.0300 1.0800
v -3.7850 1.4800 1.1650
v -1.5450 1.4800 1.1650
v -1.5450 2.0300 1.1650
v -3.7850 2.0300 1.1650
v -3.8150 0.9800 0.6300
v -3.7550 0.9800 0.6300
v -3.7550 2.1800 0.6300
v -3.8150 2.1800 0.6300
v -3.8150 0.9800 1.1650
v -3.7550 0.9800 1.1650
v -3.7550 2.1800 1.1650
v -3.8150 2.1800 1.1650
v -1.5750 0.9800 0.6300
v -1.5150 0.9800 0.6300
v -1.5150 2.1800 0.6300
v -1.5750 2.1800 0.6300
v -1.5750 0.9800 1.1650
v -1.5150 0.9800 1.1650
v -1.5150 2.1800 1.1650
v -1.5750 2.1800 1.1650
v -3.7850 0.9800 -1.1650
v -1.5450 0.9800 -1.1650
v -1.5450 1.3800 -1.1650
v -3.7850 1.3800 -1.1650
v -3.7850 0.9800 -0.7600
v -1.5450 0.9800 -0.7600
v -1.5450 1.3800 -0.7600
v -3.7850 1.3800 -0.7600
v -3.7850 1.4800 -1.1650
v -1.5450 1.4800 -1.1650
v -1.5450 2.0300 -1.1650
v -3.7850 2.0300 -1.1650
v -3.7850 1.4800 -1.0800
v -1.5450 1.4800 -1.0800
v -1.5450 2.0300 -1.0800
v -3.7850 2.0300 -1.0800
v -3.8150 0.9800 -1.1650
v -3.7550 0.9800 -1.1650
v -3.7550 2.1800 -1.1650
v -3.8150 2.1800 -1.1650
v -3.8150 0.9800 -0.6300
v -3.7550 0.9800 -0.6300
v -3.7550 2.1800 -0.6300
v -3.8150 2.1800 -0.6300
v -1.5750 0.9800 -1.1650
v -1.5150 0.9800 -1.1650
v -1.5150 2.1800 -1.1650
v -1.5750 2.1800 -1.1650
v -1.5750 0.9800 -0.6300
v -1.5150 0.9800 -0.6300
v -1.5150 2.1800 -0.6300
v -1.5750 2.1800 -0.6300
v 0.6050 0.9800 0.7600
v 2.8350 0.9800 0.7600
v 2.8350 1.3800 0.7600
v 0.6050 1.3800 0.7600
v 0.6050 0.9800 1.1650
v 2.8350 0.9800 1.1650
v 2.8350 1.3800 1.1650
v 0.6050 1.3800 1.1650
v 0.6050 1.4800 1.0800
v 2.8350 1.4800 1.0800
v 2.8350 2.0300 1.0800
v 0.6050 2.0300 1.0800
v 0.6050 1.4800 1.1650
v 2.8350 1.4800 1.1650
v 2.8350 2.0300 1.1650
v 0.6050 2.0300 1.1650
v 0.5750 0.9800 0.6300
v 0.6350 0.9800 0.6300
v 0.6350 2.1800 0.6300
v 0.5750 2.1800 0.6300
v 0.5750 0.9800 1.1650
v 0.6350 0.9800 1.1650
v 0.6350 2.1800 1.1650
v 0.5750 2.1800 1.1650
v 2.8050 0.9800 0.6300
v 2.8650 0.9800 0.6300
v 2.8650 2.1800 0.6300
v 2.8050 2.1800 0.6300
v 2.8050 0.9800 1.1650
v 2.8650 0.9800 1.1650
v 2.8650 2.1800 1.1650
v 2.8050 2.1800 1.1650
v 0.6050 0.9800 -1.1650
v 2.8350 0.9800 -1.1650
v 2.8350 1.3800 -1.1650
v 0.6050 1.3800 -1.1650
v 0.6050 0.9800 -0.7600
v 2.8350 0.9800 -0.7600
v 2.8350 1.3800 -0.7600
v 0.6050 1.3800 -0.7600
v 0.6050 1.4800 -1.1650
v 2.8350 1.4800 -1.1650
v 2.8350 2.0300 -1.1650
v 0.6050 2.0300 -1.1650
v 0.6050 1.4800 -1.0800
v 2.8350 1.4800 -1.0800
v 2.8350 2.0300 -1.0800
v 0.6050 2.0300 -1.0800
v 0.5750 0.9800 -1.1650
v 0.6350 0.9800 -1.1650
v 0.6350 2.1800 -1.1650
v 0.5750 2.1800 -1.1650
v 0.5750 0.9800 -0.6300
v 0.6350 0.9800 -0.6300
v 0.6350 2.1800 -0.6300
v 0.5750 2.1800 -0.6300
v 2.8050 0.9800 -1.1650
v 2.8650 0.9800 -1.1650
v 2.8650 2.1800 -1.1650
v 2.8050 2.1800 -1.1650
v 2.8050 0.9800 -0.6300
v 2.8650 0.9800 -0.6300
v 2.8650 2.1800 -0.6300
v 2.8050 2.1800 -0.6300
v 4.9850 0.9800 0.7600
v 7.0500 0.9800 0.7600
v 7.0500 1.3800 0.7600
v 4.9850 1.3800 0.7600
v 4.9850 0.9800 1.1650
v 7.0500 0.9800 1.1650
v 7.0500 1.3800 1.1650
v 4.9850 1.3800 1.1650
v 4.9850 1.4800 1.0800
v 7.0500 1.4800 1.0800
v 7.0500 2.0300 1.0800
v 4.9850 2.0300 1.0800
v 4.9850 1.4800 1.1650
v 7.0500 1.4800 1.1650
v 7.0500 2.0300 1.1650
v 4.9850 2.0300 1.1650
v 4.9550 0.9800 0.6300
v 5.0150 0.9800 0.6300
v 5.0150 2.1800 0.6300
v 4.9550 2.1800 0.6300
v 4.9550 0.9800 1.1650
v 5.0150 0.9800 1.1650
v 5.0150 2.1800 1.1650
v 4.9550 2.1800 1.1650
v 7.0200 0.9800 0.6300
v 7.0800 0.9800 0.6300
v 7.0800 2.1800 0.6300
v 7.0200 2.1800 0.6300
v 7.0200 0.9800 1.1650
v 7.0800 0.9800 1.1650
v 7.0800 2.1800 1.1650
v 7.0200 2.1800 1.1650
v 4.9850 0.9800 -1.1650
v 7.0500 0.9800 -1.1650
v 7.0500 1.3800 -1.1650
v 4.9850 1.3800 -1.1650
v 4.9850 0.9800 -0.7600
v 7.0500 0.9800 -0.7600
v 7.0500 1.3800 -0.7600
v 4.9850 1.3800 -0.7600
v 4.9850 1.4800 -1.1650
v 7.0500 1.4800 -1.1650
v 7.0500 2.0300 -1.1650
v 4.9850 2.0300 -1.1650
v 4.9850 1.4800 -1.0800
v 7.0500 1.4800 -1.0800
v 7.0500 2.0300 -1.0800
v 4.9850 2.0300 -1.0800
v 4.9550 0.9800 -1.1650
v 5.0150 0.9800 -1.1650
v 5.0150 2.1800 -1.1650
v 4.9550 2.1800 -1.1650
v 4.9550 0.9800 -0.6300
v 5.0150 0.9800 -0.6300
v 5.0150 2.1800 -0.6300
v 4.9550 2.1800 -0.6300
v 7.0200 0.9800 -1.1650
v 7.0800 0.9800 -1.1650
v 7.0800 2.1800 -1.1650
v 7.0200 2.1800 -1.1650
v 7.0200 0.9800 -0.6300
v 7.0800 0.9800 -0.6300
v 7.0800 2.1800 -0.6300
v 7.0200 2.1800 -0.6300
v -8.1800 1.3800 0.6800
v -7.6537 1.3800 0.6800
v -7.6537 1.4800 0.6800
v -8.1800 1.4800 0.6800
v -8.1800 1.3800 1.1150
v -7.6537 1.3800 1.1150
v -7.6537 1.4800 1.1150
v -8.1800 1.4800 1.1150
v -7.6137 1.3800 0.6800
v -7.0875 1.3800 0.6800
v -7.0875 1.4800 0.6800
v -7.6137 1.4800 0.6800
v -7.6137 1.3800 1.1150
v -7.0875 1.3800 1.1150
v -7.0875 1.4800 1.1150
v -7.6137 1.4800 1.1150
v -7.0475 1.3800 0.6800
v -6.5212 1.3800 0.6800
v -6.5212 1.4800 0.6800
v -7.0475 1.4800 0.6800
v -7.0475 1.3800 1.1150
v -6.5212 1.3800 1.1150
v -6.5212 1.4800 1.1150
v -7.0475 1.4800 1.1150
v -6.4813 1.3800 0.6800
v -5.9550 1.3800 0.6800
v -5.9550 1.4800 0.6800
v -6.4813 1.4800 0.6800
v -6.4813 1.3800 1.1150
v -5.9550 1.3800 1.1150
v -5.9550 1.4800 1.1150
v -6.4813 1.4800 1.1150
v -8.2000 3.0100 0.7300
v -5.9350 3.0100 0.7300
v -5.9350 3.0600 0.7300
v -8.2000 3.0600 0.7300
v -8.2000 3.0100 0.7800
v -5.9350 3.0100 0.7800
v -5.9350 3.0600 0.7800
v -8.2000 3.0600 0.7800
v -8.2000 3.0100 -0.7800
v -5.9350 3.0100 -0.7800
v -5.9350 3.0600 -0.7800
v -8.2000 3.0600 -0.7800
v -8.2000 3.0100 -0.7300
v -5.9350 3.0100 -0.7300
v -5.9350 3.0600 -0.7300
v -8.2000 3.0600 -0.7300
v -3.7850 3.0100 0.7300
v -1.5450 3.0100 0.7300
v -1.5450 3.0600 0.7300
v -3.7850 3.0600 0.7300
v -3.7850 3.0100 0.7800
v -1.5450 3.0100 0.7800
v -1.5450 3.0600 0.7800
v -3.7850 3.0600 0.7800
v -3.7850 3.0100 -0.7800
v -1.5450 3.0100 -0.7800
v -1.5450 3.0600 -0.7800
v -3.7850 3.0600 -0.7800
v -3.7850 3.0100 -0.7300
v -1.5450 3.0100 -0.7300
v -1.5450 3.0600 -0.7300
v -3.7850 3.0600 -0.7300
v 0.6050 3.0100 0.7300
v 2.8350 3.0100 0.7300
v 2.8350 3.0600 0.7300
v 0.6050 3.0600 0.7300
v 0.6050 3.0100 0.7800
v 2.8350 3.0100 0.7800
v 2.8350 3.0600 0.7800
v 0.6050 3.0600 0.7800
v 0.6050 3.0100 -0.7800
v 2.8350 3.0100 -0.7800
v 2.8350 3.0600 -0.7800
v 0.6050 3.0600 -0.7800
v 0.6050 3.0100 -0.7300
v 2.8350 3.0100 -0.7300
v 2.8350 3.0600 -0.7300
v 0.6050 3.0600 -0.7300
v 4.9850 3.0100 0.7300
v 7.0500 3.0100 0.7300
v 7.0500 3.0600 0.7300
v 4.9850 3.0600 0.7300
v 4.9850 3.0100 0.7800
v 7.0500 3.0100 0.7800
v 7.0500 3.0600 0.7800
v 4.9850 3.0600 0.7800
v 4.9850 3.0100 -0.7800
v 7.0500 3.0100 -0.7800
v 7.0500 3.0600 -0.7800
v 4.9850 3.0600 -0.7800
v 4.9850 3.0100 -0.7300
v 7.0500 3.0100 -0.7300
v 7.0500 3.0600 -0.7300
v 4.9850 3.0600 -0.7300
v -7.9150 2.7800 0.7400
v -7.8850 2.7800 0.7400
v -7.8850 3.0300 0.7400
v -7.9150 3.0300 0.7400
v -7.9150 2.7800 0.7700
v -7.8850 2.7800 0.7700
v -7.8850 3.0300 0.7700
v -7.9150 3.0300 0.7700
v -7.9600 2.7100 0.7200
v -7.8400 2.7100 0.7200
v -7.8400 2.7800 0.7200
v -7.9600 2.7800 0.7200
v -7.9600 2.7100 0.7900
v -7.8400 2.7100 0.7900
v -7.8400 2.7800 0.7900
v -7.9600 2.7800 0.7900
v -7.3150 2.7800 0.7400
v -7.2850 2.7800 0.7400
v -7.2850 3.0300 0.7400
v -7.3150 3.0300 0.7400
v -7.3150 2.7800 0.7700
v -7.2850 2.7800 0.7700
v -7.2850 3.0300 0.7700
v -7.3150 3.0300 0.7700
v -7.3600 2.7100 0.7200
v -7.2400 2.7100 0.7200
v -7.2400 2.7800 0.7200
v -7.3600 2.7800 0.7200
v -7.3600 2.7100 0.7900
v -7.2400 2.7100 0.7900
v -7.2400 2.7800 0.7900
v -7.3600 2.7800 0.7900
v -6.7150 2.7800 0.7400
v -6.6850 2.7800 0.7400
v -6.6850 3.0300 0.7400
v -6.7150 3.0300 0.7400
v -6.7150 2.7800 0.7700
v -6.6850 2.7800 0.7700
v -6.6850 3.0300 0.7700
v -6.7150 3.0300 0.7700
v -6.7600 2.7100 0.7200
v -6.6400 2.7100 0.7200
v -6.6400 2.7800 0.7200
v -6.7600 2.7800 0.7200
v -6.7600 2.7100 0.7900
v -6.6400 2.7100 0.7900
v -6.6400 2.7800 0.7900
v -6.7600 2.7800 0.7900
v -7.9150 2.7800 -0.7700
v -7.8850 2.7800 -0.7700
v -7.8850 3.0300 -0.7700
v -7.9150 3.0300 -0.7700
v -7.9150 2.7800 -0.7400
v -7.8850 2.7800 -0.7400
v -7.8850 3.0300 -0.7400
v -7.9150 3.0300 -0.7400
v -7.9600 2.7100 -0.7900
v -7.8400 2.7100 -0.7900
v -7.8400 2.7800 -0.7900
v -7.9600 2.7800 -0.7900
v -7.9600 2.7100 -0.7200
v -7.8400 2.7100 -0.7200
v -7.8400 2.7800 -0.7200
v -7.9600 2.7800 -0.7200
v -7.3150 2.7800 -0.7700
v -7.2850 2.7800 -0.7700
v -7.2850 3.0300 -0.7700
v -7.3150 3.0300 -0.7700
v -7.3150 2.7800 -0.7400
v -7.2850 2.7800 -0.7400
v -7.2850 3.0300 -0.7400
v -7.3150 3.0300 -0.7400
v -7.3600 2.7100 -0.7900
v -7.2400 2.7100 -0.7900
v -7.2400 2.7800 -0.7900
v -7.3600 2.7800 -0.7900
v -7.3600 2.7100 -0.7200
v -7.2400 2.7100 -0.7200
v -7.2400 2.7800 -0.7200
v -7.3600 2.7800 -0.7200
v -6.7150 2.7800 -0.7700
v -6.6850 2.7800 -0.7700
v -6.6850 3.0300 -0.7700
v -6.7150 3.0300 -0.7700
v -6.7150 2.7800 -0.7400
v -6.6850 2.7800 -0.7400
v -6.6850 3.0300 -0.7400
v -6.7150 3.0300 -0.7400
v -6.7600 2.7100 -0.7900
v -6.6400 2.7100 -0.7900
v -6.6400 2.7800 -0.7900
v -6.7600 2.7800 -0.7900
v -6.7600 2.7100 -0.7200
v -6.6400 2.7100 -0.7200
v -6.6400 2.7800 -0.7200
v -6.7600 2.7800 -0.7200
v -3.5000 2.7800 0.7400
v -3.4700 2.7800 0.7400
v -3.4700 3.0300 0.7400
v -3.5000 3.0300 0.7400
v -3.5000 2.7800 0.7700
v -3.4700 2.7800 0.7700
v -3.4700 3.0300 0.7700
v -3.5000 3.0300 0.7700
v -3.5450 2.7100 0.7200
v -3.4250 2.7100 0.7200
v -3.4250 2.7800 0.7200
v -3.5450 2.7800 0.7200
v -3.5450 2.7100 0.7900
v -3.4250 2.7100 0.7900
v -3.4250 2.7800 0.7900
v -3.5450 2.7800 0.7900
v -2.9000 2.7800 0.7400
v -2.8700 2.7800 0.7400
v -2.8700 3.0300 0.7400
v -2.9000 3.0300 0.7400
v -2.9000 2.7800 0.7700
v -2.8700 2.7800 0.7700
v -2.8700 3.0300 0.7700
v -2.9000 3.0300 0.7700
v -2.9450 2.7100 0.7200
v -2.8250 2.7100 0.7200
v -2.8250 2.7800 0.7200
v -2.9450 2.7800 0.7200
v -2.9450 2.7100 0.7900
v -2.8250 2.7100 0.7900
v -2.8250 2.7800 0.7900
v -2.9450 2.7800 0.7900
v -2.3000 2.7800 0.7400
v -2.2700 2.7800 0.7400
v -2.2700 3.0300 0.7400
v -2.3000 3.0300 0.7400
v -2.3000 2.7800 0.7700
v -2.2700 2.7800 0.7700
v -2.2700 3.0300 0.7700
v -2.3000 3.0300 0.7700
v -2.3450 2.7100 0.7200
v -2.2250 2.7100 0.7200
v -2.2250 2.7800 0.7200
v -2.3450 2.7800 0.7200
v -2.3450 2.7100 0.7900
v -2.2250 2.7100 0.7900
v -2.2250 2.7800 0.7900
v -2.3450 2.7800 0.7900
v -3.5000 2.7800 -0.7700
v -3.4700 2.7800 -0.7700
v -3.4700 3.0300 -0.7700
v -3.5000 3.0300 -0.7700
v -3.5000 2.7800 -0.7400
v -3.4700 2.7800 -0.7400
v -3.4700 3.0300 -0.7400
v -3.5000 3.0300 -0.7400
v -3.5450 2.7100 -0.7900
v -3.4250 2.7100 -0.7900
v -3.4250 2.7800 -0.7900
v -3.5450 2.7800 -0.7900
v -3.5450 2.7100 -0.7200
v -3.4250 2.7100 -0.7200
v -3.4250 2.7800 -0.7200
v -3.5450 2.7800 -0.7200
v -2.9000 2.7800 -0.7700
v -2.8700 2.7800 -0.7700
v -2.8700 3.0300 -0.7700
v -2.9000 3.0300 -0.7700
v -2.9000 2.7800 -0.7400
v -2.8700 2.7800 -0.7400
v -2.8700 3.0300 -0.7400
v -2.9000 3.0300 -0.7400
v -2.9450 2.7100 -0.7900
v -2.8250 2.7100 -0.7900
v -2.8250 2.7800 -0.7900
v -2.9450 2.7800 -0.7900
v -2.9450 2.7100 -0.7200
v -2.8250 2.7100 -0.7200
v -2.8250 2.7800 -0.7200
v -2.9450 2.7800 -0.7200
v -2.3000 2.7800 -0.7700
v -2.2700 2.7800 -0.7700
v -2.2700 3.0300 -0.7700
v -2.3000 3.0300 -0.7700
v -2.3000 2.7800 -0.7400
v -2.2700 2.7800 -0.7400
v -2.2700 3.0300 -0.7400
v -2.3000 3.0300 -0.7400
v -2.3450 2.7100 -0.7900
v -2.2250 2.7100 -0.7900
v -2.2250 2.7800 -0.7900
v -2.3450 2.7800 -0.7900
v -2.3450 2.7100 -0.7200
v -2.2250 2.7100 -0.7200
v -2.2250 2.7800 -0.7200
v -2.3450 2.7800 -0.7200
v 0.8900 2.7800 0.7400
v 0.9200 2.7800 0.7400
v 0.9200 3.0300 0.7400
v 0.8900 3.0300 0.7400
v 0.8900 2.7800 0.7700
v 0.9200 2.7800 0.7700
v 0.9200 3.0300 0.7700
v 0.8900 3.0300 0.7700
v 0.8450 2.7100 0.7200
v 0.9650 2.7100 0.7200
v 0.9650 2.7800 0.7200
v 0.8450 2.7800 0.7200
v 0.8450 2.7100 0.7900
v 0.9650 2.7100 0.7900
v 0.9650 2.7800 0.7900
v 0.8450 2.7800 0.7900
v 1.4900 2.7800 0.7400
v 1.5200 2.7800 0.7400
v 1.5200 3.0300 0.7400
v 1.4900 3.0300 0.7400
v 1.4900 2.7800 0.7700
v 1.5200 2.7800 0.7700
v 1.5200 3.0300 0.7700
v 1.4900 3.0300 0.7700
v 1.4450 2.7100 0.7200
v 1.5650 2.7100 0.7200
v 1.5650 2.7800 0.7200
v 1.4450 2.7800 0.7200
v 1.4450 2.7100 0.7900
v 1.5650 2.7100 0.7900
v 1.5650 2.7800 0.7900
v 1.4450 2.7800 0.7900
v 2.0900 2.7800 0.7400
v 2.1200 2.7800 0.7400
v 2.1200 3.0300 0.7400
v 2.0900 3.0300 0.7400
v 2.0900 2.7800 0.7700
v 2.1200 2.7800 0.7700
v 2.1200 3.0300 0.7700
v 2.0900 3.0300 0.7700
v 2.0450 2.7100 0.7200
v 2.1650 2.7100 0.7200
v 2.1650 2.7800 0.7200
v 2.0450 2.7800 0.7200
v 2.0450 2.7100 0.7900
v 2.1650 2.7100 0.7900
v 2.1650 2.7800 0.7900
v 2.0450 2.7800 0.7900
v 0.8900 2.7800 -0.7700
v 0.9200 2.7800 -0.7700
v 0.9200 3.0300 -0.7700
v 0.8900 3.0300 -0.7700
v 0.8900 2.7800 -0.7400
v 0.9200 2.7800 -0.7400
v 0.9200 3.0300 -0.7400
v 0.8900 3.0300 -0.7400
v 0.8450 2.7100 -0.7900
v 0.9650 2.7100 -0.7900
v 0.9650 2.7800 -0.7900
v 0.8450 2.7800 -0.7900
v 0.8450 2.7100 -0.7200
v 0.9650 2.7100 -0.7200
v 0.9650 2.7800 -0.7200
v 0.8450 2.7800 -0.7200
v 1.4900 2.7800 -0.7700
v 1.5200 2.7800 -0.7700
v 1.5200 3.0300 -0.7700
v 1.4900 3.0300 -0.7700
v 1.4900 2.7800 -0.7400
v 1.5200 2.7800 -0.7400
v 1.5200 3.0300 -0.7400
v 1.4900 3.0300 -0.7400
v 1.4450 2.7100 -0.7900
v 1.5650 2.7100 -0.7900
v 1.5650 2.7800 -0.7900
v 1.4450 2.7800 -0.7900
v 1.4450 2.7100 -0.7200
v 1.5650 2.7100 -0.7200
v 1.5650 2.7800 -0.7200
v 1.4450 2.7800 -0.7200
v 2.0900 2.7800 -0.7700
v 2.1200 2.7800 -0.7700
v 2.1200 3.0300 -0.7700
v 2.0900 3.0300 -0.7700
v 2.0900 2.7800 -0.7400
v 2.1200 2.7800 -0.7400
v 2.1200 3.0300 -0.7400
v 2.0900 3.0300 -0.7400
v 2.0450 2.7100 -0.7900
v 2.1650 2.7100 -0.7900
v 2.1650 2.7800 -0.7900
v 2.0450 2.7800 -0.7900
v 2.0450 2.7100 -0.7200
v 2.1650 2.7100 -0.7200
v 2.1650 2.7800 -0.7200
v 2.0450 2.7800 -0.7200
v 5.2700 2.7800 0.7400
v 5.3000 2.7800 0.7400
v 5.3000 3.0300 0.7400
v 5.2700 3.0300 0.7400
v 5.2700 2.7800 0.7700
v 5.3000 2.7800 0.7700
v 5.3000 3.0300 0.7700
v 5.2700 3.0300 0.7700
v 5.2250 2.7100 0.7200
v 5.3450 2.7100 0.7200
v 5.3450 2.7800 0.7200
v 5.2250 2.7800 0.7200
v 5.2250 2.7100 0.7900
v 5.3450 2.7100 0.7900
v 5.3450 2.7800 0.7900
v 5.2250 2.7800 0.7900
v 5.8700 2.7800 0.7400
v 5.9000 2.7800 0.7400
v 5.9000 3.0300 0.7400
v 5.8700 3.0300 0.7400
v 5.8700 2.7800 0.7700
v 5.9000 2.7800 0.7700
v 5.9000 3.0300 0.7700
v 5.8700 3.0300 0.7700
v 5.8250 2.7100 0.7200
v 5.9450 2.7100 0.7200
v 5.9450 2.7800 0.7200
v 5.8250 2.7800 0.7200
v 5.8250 2.7100 0.7900
v 5.9450 2.7100 0.7900
v 5.9450 2.7800 0.7900
v 5.8250 2.7800 0.7900
v 6.4700 2.7800 0.7400
v 6.5000 2.7800 0.7400
v 6.5000 3.0300 0.7400
v 6.4700 3.0300 0.7400
v 6.4700 2.7800 0.7700
v 6.5000 2.7800 0.7700
v 6.5000 3.0300 0.7700
v 6.4700 3.0300 0.7700
v 6.4250 2.7100 0.7200
v 6.5450 2.7100 0.7200
v 6.5450 2.7800 0.7200
v 6.4250 2.7800 0.7200
v 6.4250 2.7100 0.7900
v 6.5450 2.7100 0.7900
v 6.5450 2.7800 0.7900
v 6.4250 2.7800 0.7900
v 5.2700 2.7800 -0.7700
v 5.3000 2.7800 -0.7700
v 5.3000 3.0300 -0.7700
v 5.2700 3.0300 -0.7700
v 5.2700 2.7800 -0.7400
v 5.3000 2.7800 -0.7400
v 5.3000 3.0300 -0.7400
v 5.2700 3.0300 -0.7400
v 5.2250 2.7100 -0.7900
v 5.3450 2.7100 -0.7900
v 5.3450 2.7800 -0.7900
v 5.2250 2.7800 -0.7900
v 5.2250 2.7100 -0.7200
v 5.3450 2.7100 -0.7200
v 5.3450 2.7800 -0.7200
v 5.2250 2.7800 -0.7200
v 5.8700 2.7800 -0.7700
v 5.9000 2.7800 -0.7700
v 5.9000 3.0300 -0.7700
v 5.8700 3.0300 -0.7700
v 5.8700 2.7800 -0.7400
v 5.9000 2.7800 -0.7400
v 5.9000 3.0300 -0.7400
v 5.8700 3.0300 -0.7400
v 5.8250 2.7100 -0.7900
v 5.9450 2.7100 -0.7900
v 5.9450 2.7800 -0.7900
v 5.8250 2.7800 -0.7900
v 5.8250 2.7100 -0.7200
v 5.9450 2.7100 -0.7200
v 5.9450 2.7800 -0.7200
v 5.8250 2.7800 -0.7200
v 6.4700 2.7800 -0.7700
v 6.5000 2.7800 -0.7700
v 6.5000 3.0300 -0.7700
v 6.4700 3.0300 -0.7700
v 6.4700 2.7800 -0.7400
v 6.5000 2.7800 -0.7400
v 6.5000 3.0300 -0.7400
v 6.4700 3.0300 -0.7400
v 6.4250 2.7100 -0.7900
v 6.5450 2.7100 -0.7900
v 6.5450 2.7800 -0.7900
v 6.4250 2.7800 -0.7900
v 6.4250 2.7100 -0.7200
v 6.5450 2.7100 -0.7200
v 6.5450 2.7800 -0.7200
v 6.4250 2.7800 -0.7200
v -8.0000 3.0800 1.1600
v -6.1350 3.0800 1.1600
v -6.1350 3.2800 1.1600
v -8.0000 3.2800 1.1600
v -8.0000 3.0800 1.1650
v -6.1350 3.0800 1.1650
v -6.1350 3.2800 1.1650
v -8.0000 3.2800 1.1650
v -8.0000 3.0800 -1.1650
v -6.1350 3.0800 -1.1650
v -6.1350 3.2800 -1.1650
v -8.0000 3.2800 -1.1650
v -8.0000 3.0800 -1.1600
v -6.1350 3.0800 -1.1600
v -6.1350 3.2800 -1.1600
v -8.0000 3.2800 -1.1600
v -3.5850 3.0800 1.1600
v -1.7450 3.0800 1.1600
v -1.7450 3.2800 1.1600
v -3.5850 3.2800 1.1600
v -3.5850 3.0800 1.1650
v -1.7450 3.0800 1.1650
v -1.7450 3.2800 1.1650
v -3.5850 3.2800 1.1650
v -3.5850 3.0800 -1.1650
v -1.7450 3.0800 -1.1650
v -1.7450 3.2800 -1.1650
v -3.5850 3.2800 -1.1650
v -3.5850 3.0800 -1.1600
v -1.7450 3.0800 -1.1600
v -1.7450 3.2800 -1.1600
v -3.5850 3.2800 -1.1600
v 0.8050 3.0800 1.1600
v 2.6350 3.0800 1.1600
v 2.6350 3.2800 1.1600
v 0.8050 3.2800 1.1600
v 0.8050 3.0800 1.1650
v 2.6350 3.0800 1.1650
v 2.6350 3.2800 1.1650
v 0.8050 3.2800 1.1650
v 0.8050 3.0800 -1.1650
v 2.6350 3.0800 -1.1650
v 2.6350 3.2800 -1.1650
v 0.8050 3.2800 -1.1650
v 0.8050 3.0800 -1.1600
v 2.6350 3.0800 -1.1600
v 2.6350 3.2800 -1.1600
v 0.8050 3.2800 -1.1600
v 5.1850 3.0800 1.1600
v 6.8500 3.0800 1.1600
v 6.8500 3.2800 1.1600
v 5.1850 3.2800 1.1600
v 5.1850 3.0800 1.1650
v 6.8500 3.0800 1.1650
v 6.8500 3.2800 1.1650
v 5.1850 3.2800 1.1650
v 5.1850 3.0800 -1.1650
v 6.8500 3.0800 -1.1650
v 6.8500 3.2800 -1.1650
v 5.1850 3.2800 -1.1650
v 5.1850 3.0800 -1.1600
v 6.8500 3.0800 -1.1600
v 6.8500 3.2800 -1.1600
v 5.1850 3.2800 -1.1600
v -8.1800 1.3800 -1.1150
v -7.6537 1.3800 -1.1150
v -7.6537 1.4800 -1.1150
v -8.1800 1.4800 -1.1150
v -8.1800 1.3800 -0.6800
v -7.6537 1.3800 -0.6800
v -7.6537 1.4800 -0.6800
v -8.1800 1.4800 -0.6800
v -7.6137 1.3800 -1.1150
v -7.0875 1.3800 -1.1150
v -7.0875 1.4800 -1.1150
v -7.6137 1.4800 -1.1150
v -7.6137 1.3800 -0.6800
v -7.0875 1.3800 -0.6800
v -7.0875 1.4800 -0.6800
v -7.6137 1.4800 -0.6800
v -7.0475 1.3800 -1.1150
v -6.5212 1.3800 -1.1150
v -6.5212 1.4800 -1.1150
v -7.0475 1.4800 -1.1150
v -7.0475 1.3800 -0.6800
v -6.5212 1.3800 -0.6800
v -6.5212 1.4800 -0.6800
v -7.0475 1.4800 -0.6800
v -6.4813 1.3800 -1.1150
v -5.9550 1.3800 -1.1150
v -5.9550 1.4800 -1.1150
v -6.4813 1.4800 -1.1150
v -6.4813 1.3800 -0.6800
v -5.9550 1.3800 -0.6800
v -5.9550 1.4800 -0.6800
v -6.4813 1.4800 -0.6800
v -3.7650 1.3800 0.6800
v -3.2450 1.3800 0.6800
v -3.2450 1.4800 0.6800
v -3.7650 1.4800 0.6800
v -3.7650 1.3800 1.1150
v -3.2450 1.3800 1.1150
v -3.2450 1.4800 1.1150
v -3.7650 1.4800 1.1150
v -3.2050 1.3800 0.6800
v -2.6850 1.3800 0.6800
v -2.6850 1.4800 0.6800
v -3.2050 1.4800 0.6800
v -3.2050 1.3800 1.1150
v -2.6850 1.3800 1.1150
v -2.6850 1.4800 1.1150
v -3.2050 1.4800 1.1150
v -2.6450 1.3800 0.6800
v -2.1250 1.3800 0.6800
v -2.1250 1.4800 0.6800
v -2.6450 1.4800 0.6800
v -2.6450 1.3800 1.1150
v -2.1250 1.3800 1.1150
v -2.1250 1.4800 1.1150
v -2.6450 1.4800 1.1150
v -2.0850 1.3800 0.6800
v -1.5650 1.3800 0.6800
v -1.5650 1.4800 0.6800
v -2.0850 1.4800 0.6800
v -2.0850 1.3800 1.1150
v -1.5650 1.3800 1.1150
v -1.5650 1.4800 1.1150
v -2.0850 1.4800 1.1150
v -3.7650 1.3800 -1.1150
v -3.2450 1.3800 -1.1150
v -3.2450 1.4800 -1.1150
v -3.7650 1.4800 -1.1150
v -3.7650 1.3800 -0.6800
v -3.2450 1.3800 -0.6800
v -3.2450 1.4800 -0.6800
v -3.7650 1.4800 -0.6800
v -3.2050 1.3800 -1.1150
v -2.6850 1.3800 -1.1150
v -2.6850 1.4800 -1.1150
v -3.2050 1.4800 -1.1150
v -3.2050 1.3800 -0.6800
v -2.6850 1.3800 -0.6800
v -2.6850 1.4800 -0.6800
v -3.2050 1.4800 -0.6800
v -2.6450 1.3800 -1.1150
v -2.1250 1.3800 -1.1150
v -2.1250 1.4800 -1.1150
v -2.6450 1.4800 -1.1150
v -2.6450 1.3800 -0.6800
v -2.1250 1.3800 -0.6800
v -2.1250 1.4800 -0.6800
v -2.6450 1.4800 -0.6800
v -2.0850 1.3800 -1.1150
v -1.5650 1.3800 -1.1150
v -1.5650 1.4800 -1.1150
v -2.0850 1.4800 -1.1150
v -2.0850 1.3800 -0.6800
v -1.5650 1.3800 -0.6800
v -1.5650 1.4800 -0.6800
v -2.0850 1.4800 -0.6800
v 0.6250 1.3800 0.6800
v 1.1425 1.3800 0.6800
v 1.1425 1.4800 0.6800
v 0.6250 1.4800 0.6800
v 0.6250 1.3800 1.1150
v 1.1425 1.3800 1.1150
v 1.1425 1.4800 1.1150
v 0.6250 1.4800 1.1150
v 1.1825 1.3800 0.6800
v 1.7000 1.3800 0.6800
v 1.7000 1.4800 0.6800
v 1.1825 1.4800 0.6800
v 1.1825 1.3800 1.1150
v 1.7000 1.3800 1.1150
v 1.7000 1.4800 1.1150
v 1.1825 1.4800 1.1150
v 1.7400 1.3800 0.6800
v 2.2575 1.3800 0.6800
v 2.2575 1.4800 0.6800
v 1.7400 1.4800 0.6800
v 1.7400 1.3800 1.1150
v 2.2575 1.3800 1.1150
v 2.2575 1.4800 1.1150
v 1.7400 1.4800 1.1150
v 2.2975 1.3800 0.6800
v 2.8150 1.3800 0.6800
v 2.8150 1.4800 0.6800
v 2.2975 1.4800 0.6800
v 2.2975 1.3800 1.1150
v 2.8150 1.3800 1.1150
v 2.8150 1.4800 1.1150
v 2.2975 1.4800 1.1150
v 0.6250 1.3800 -1.1150
v 1.1425 1.3800 -1.1150
v 1.1425 1.4800 -1.1150
v 0.6250 1.4800 -1.1150
v 0.6250 1.3800 -0.6800
v 1.1425 1.3800 -0.6800
v 1.1425 1.4800 -0.6800
v 0.6250 1.4800 -0.6800
v 1.1825 1.3800 -1.1150
v 1.7000 1.3800 -1.1150
v 1.7000 1.4800 -1.1150
v 1.1825 1.4800 -1.1150
v 1.1825 1.3800 -0.6800
v 1.7000 1.3800 -0.6800
v 1.7000 1.4800 -0.6800
v 1.1825 1.4800 -0.6800
v 1.7400 1.3800 -1.1150
v 2.2575 1.3800 -1.1150
v 2.2575 1.4800 -1.1150
v 1.7400 1.4800 -1.1150
v 1.7400 1.3800 -0.6800
v 2.2575 1.3800 -0.6800
v 2.2575 1.4800 -0.6800
v 1.7400 1.4800 -0.6800
v 2.2975 1.3800 -1.1150
v 2.8150 1.3800 -1.1150
v 2.8150 1.4800 -1.1150
v 2.2975 1.4800 -1.1150
v 2.2975 1.3800 -0.6800
v 2.8150 1.3800 -0.6800
v 2.8150 1.4800 -0.6800
v 2.2975 1.4800 -0.6800
v 5.0050 1.3800 0.6800
v 5.4812 1.3800 0.6800
v 5.4812 1.4800 0.6800
v 5.0050 1.4800 0.6800
v 5.0050 1.3800 1.1150
v 5.4812 1.3800 1.1150
v 5.4812 1.4800 1.1150
v 5.0050 1.4800 1.1150
v 5.5212 1.3800 0.6800
v 5.9975 1.3800 0.6800
v 5.9975 1.4800 0.6800
v 5.5212 1.4800 0.6800
v 5.5212 1.3800 1.1150
v 5.9975 1.3800 1.1150
v 5.9975 1.4800 1.1150
v 5.5212 1.4800 1.1150
v 6.0375 1.3800 0.6800
v 6.5137 1.3800 0.6800
v 6.5137 1.4800 0.6800
v 6.0375 1.4800 0.6800
v 6.0375 1.3800 1.1150
v 6.5137 1.3800 1.1150
v 6.5137 1.4800 1.1150
v 6.0375 1.4800 1.1150
v 6.5537 1.3800 0.6800
v 7.0300 1.3800 0.6800
v 7.0300 1.4800 0.6800
v 6.5537 1.4800 0.6800
v 6.5537 1.3800 1.1150
v 7.0300 1.3800 1.1150
v 7.0300 1.4800 1.1150
v 6.5537 1.4800 1.1150
v 5.0050 1.3800 -1.1150
v 5.4812 1.3800 -1.1150
v 5.4812 1.4800 -1.1150
v 5.0050 1.4800 -1.1150
v 5.0050 1.3800 -0.6800
v 5.4812 1.3800 -0.6800
v 5.4812 1.4800 -0.6800
v 5.0050 1.4800 -0.6800
v 5.5212 1.3800 -1.1150
v 5.9975 1.3800 -1.1150
v 5.9975 1.4800 -1.1150
v 5.5212 1.4800 -1.1150
v 5.5212 1.3800 -0.6800
v 5.9975 1.3800 -0.6800
v 5.9975 1.4800 -0.6800
v 5.5212 1.4800 -0.6800
v 6.0375 1.3800 -1.1150
v 6.5137 1.3800 -1.1150
v 6.5137 1.4800 -1.1150
v 6.0375 1.4800 -1.1150
v 6.0375 1.3800 -0.6800
v 6.5137 1.3800 -0.6800
v 6.5137 1.4800 -0.6800
v 6.0375 1.4800 -0.6800
v 6.5537 1.3800 -1.1150
v 7.0300 1.3800 -1.1150
v 7.0300 1.4800 -1.1150
v 6.5537 1.4800 -1.1150
v 6.5537 1.3800 -0.6800
v 7.0300 1.3800 -0.6800
v 7.0300 1.4800 -0.6800
v 6.5537 1.4800 -0.6800
v -5.8100 0.9800 0.6050
v -5.7600 0.9800 0.6050
v -5.7600 3.3300 0.6050
v -5.8100 3.3300 0.6050
v -5.8100 0.9800 0.6550
v -5.7600 0.9800 0.6550
v -5.7600 3.3300 0.6550
v -5.8100 3.3300 0.6550
v -3.9600 0.9800 0.6050
v -3.9100 0.9800 0.6050
v -3.9100 3.3300 0.6050
v -3.9600 3.3300 0.6050
v -3.9600 0.9800 0.6550
v -3.9100 0.9800 0.6550
v -3.9100 3.3300 0.6550
v -3.9600 3.3300 0.6550
v -5.8100 0.9800 -0.6550
v -5.7600 0.9800 -0.6550
v -5.7600 3.3300 -0.6550
v -5.8100 3.3300 -0.6550
v -5.8100 0.9800 -0.6050
v -5.7600 0.9800 -0.6050
v -5.7600 3.3300 -0.6050
v -5.8100 3.3300 -0.6050
v -3.9600 0.9800 -0.6550
v -3.9100 0.9800 -0.6550
v -3.9100 3.3300 -0.6550
v -3.9600 3.3300 -0.6550
v -3.9600 0.9800 -0.6050
v -3.9100 0.9800 -0.6050
v -3.9100 3.3300 -0.6050
v -3.9600 3.3300 -0.6050
v -4.8850 0.9800 -0.0250
v -4.8350 0.9800 -0.0250
v -4.8350 3.3300 -0.0250
v -4.8850 3.3300 -0.0250
v -4.8850 0.9800 0.0250
v -4.8350 0.9800 0.0250
v -4.8350 3.3300 0.0250
v -4.8850 3.3300 0.0250
v -1.4200 0.9800 0.6050
v -1.3700 0.9800 0.6050
v -1.3700 3.3300 0.6050
v -1.4200 3.3300 0.6050
v -1.4200 0.9800 0.6550
v -1.3700 0.9800 0.6550
v -1.3700 3.3300 0.6550
v -1.4200 3.3300 0.6550
v 0.4300 0.9800 0.6050
v 0.4800 0.9800 0.6050
v 0.4800 3.3300 0.6050
v 0.4300 3.3300 0.6050
v 0.4300 0.9800 0.6550
v 0.4800 0.9800 0.6550
v 0.4800 3.3300 0.6550
v 0.4300 3.3300 0.6550
v -1.4200 0.9800 -0.6550
v -1.3700 0.9800 -0.6550
v -1.3700 3.3300 -0.6550
v -1.4200 3.3300 -0.6550
v -1.4200 0.9800 -0.6050
v -1.3700 0.9800 -0.6050
v -1.3700 3.3300 -0.6050
v -1.4200 3.3300 -0.6050
v 0.4300 0.9800 -0.6550
v 0.4800 0.9800 -0.6550
v 0.4800 3.3300 -0.6550
v 0.4300 3.3300 -0.6550
v 0.4300 0.9800 -0.6050
v 0.4800 0.9800 -0.6050
v 0.4800 3.3300 -0.6050
v 0.4300 3.3300 -0.6050
v -0.4950 0.9800 -0.0250
v -0.4450 0.9800 -0.0250
v -0.4450 3.3300 -0.0250
v -0.4950 3.3300 -0.0250
v -0.4950 0.9800 0.0250
v -0.4450 0.9800 0.0250
v -0.4450 3.3300 0.0250
v -0.4950 3.3300 0.0250
v 2.9600 0.9800 0.6050
v 3.0100 0.9800 0.6050
v 3.0100 3.3300 0.6050
v 2.9600 3.3300 0.6050
v 2.9600 0.9800 0.6550
v 3.0100 0.9800 0.6550
v 3.0100 3.3300 0.6550
v 2.9600 3.3300 0.6550
v 4.8100 0.9800 0.6050
v 4.8600 0.9800 0.6050
v 4.8600 3.3300 0.6050
v 4.8100 3.3300 0.6050
v 4.8100 0.9800 0.6550
v 4.8600 0.9800 0.6550
v 4.8600 3.3300 0.6550
v 4.8100 3.3300 0.6550
v 2.9600 0.9800 -0.6550
v 3.0100 0.9800 -0.6550
v 3.0100 3.3300 -0.6550
v 2.9600 3.3300 -0.6550
v 2.9600 0.9800 -0.6050
v 3.0100 0.9800 -0.6050
v 3.0100 3.3300 -0.6050
v 2.9600 3.3300 -0.6050
v 4.8100 0.9800 -0.6550
v 4.8600 0.9800 -0.6550
v 4.8600 3.3300 -0.6550
v 4.8100 3.3300 -0.6550
v 4.8100 0.9800 -0.6050
v 4.8600 0.9800 -0.6050
v 4.8600 3.3300 -0.6050
v 4.8100 3.3300 -0.6050
v 3.8850 0.9800 -0.0250
v 3.9350 0.9800 -0.0250
v 3.9350 3.3300 -0.0250
v 3.8850 3.3300 -0.0250
v 3.8850 0.9800 0.0250
v 3.9350 0.9800 0.0250
v 3.9350 3.3300 0.0250
v 3.8850 3.3300 0.0250
v -7.9000 3.2700 -0.1800
v -7.2000 3.2700 -0.1800
v -7.2000 3.2900 -0.1800
v -7.9000 3.2900 -0.1800
v -7.9000 3.2700 0.1800
v -7.2000 3.2700 0.1800
v -7.2000 3.2900 0.1800
v -7.9000 3.2900 0.1800
v -7.8500 3.2650 -0.1500
v -7.7900 3.2650 -0.1500
v -7.7900 3.2700 -0.1500
v -7.8500 3.2700 -0.1500
v -7.8500 3.2650 0.1500
v -7.7900 3.2650 0.1500
v -7.7900 3.2700 0.1500
v -7.8500 3.2700 0.1500
v -7.6700 3.2650 -0.1500
v -7.6100 3.2650 -0.1500
v -7.6100 3.2700 -0.1500
v -7.6700 3.2700 -0.1500
v -7.6700 3.2650 0.1500
v -7.6100 3.2650 0.1500
v -7.6100 3.2700 0.1500
v -7.6700 3.2700 0.1500
v -7.4900 3.2650 -0.1500
v -7.4300 3.2650 -0.1500
v -7.4300 3.2700 -0.1500
v -7.4900 3.2700 -0.1500
v -7.4900 3.2650 0.1500
v -7.4300 3.2650 0.1500
v -7.4300 3.2700 0.1500
v -7.4900 3.2700 0.1500
v -7.3100 3.2650 -0.1500
v -7.2500 3.2650 -0.1500
v -7.2500 3.2700 -0.1500
v -7.3100 3.2700 -0.1500
v -7.3100 3.2650 0.1500
v -7.2500 3.2650 0.1500
v -7.2500 3.2700 0.1500
v -7.3100 3.2700 0.1500
v -8.4500 3.2800 0.7500
v -8.3000 3.2800 0.7500
v -8.3000 3.2900 0.7500
v -8.4500 3.2900 0.7500
v -8.4500 3.2800 0.9000
v -8.3000 3.2800 0.9000
v -8.3000 3.2900 0.9000
v -8.4500 3.2900 0.9000
v -5.9000 3.2700 -0.1800
v -5.2000 3.2700 -0.1800
v -5.2000 3.2900 -0.1800
v -5.9000 3.2900 -0.1800
v -5.9000 3.2700 0.1800
v -5.2000 3.2700 0.1800
v -5.2000 3.2900 0.1800
v -5.9000 3.2900 0.1800
v -5.8500 3.2650 -0.1500
v -5.7900 3.2650 -0.1500
v -5.7900 3.2700 -0.1500
v -5.8500 3.2700 -0.1500
v -5.8500 3.2650 0.1500
v -5.7900 3.2650 0.1500
v -5.7900 3.2700 0.1500
v -5.8500 3.2700 0.1500
v -5.6700 3.2650 -0.1500
v -5.6100 3.2650 -0.1500
v -5.6100 3.2700 -0.1500
v -5.6700 3.2700 -0.1500
v -5.6700 3.2650 0.1500
v -5.6100 3.2650 0.1500
v -5.6100 3.2700 0.1500
v -5.6700 3.2700 0.1500
v -5.4900 3.2650 -0.1500
v -5.4300 3.2650 -0.1500
v -5.4300 3.2700 -0.1500
v -5.4900 3.2700 -0.1500
v -5.4900 3.2650 0.1500
v -5.4300 3.2650 0.1500
v -5.4300 3.2700 0.1500
v -5.4900 3.2700 0.1500
v -5.3100 3.2650 -0.1500
v -5.2500 3.2650 -0.1500
v -5.2500 3.2700 -0.1500
v -5.3100 3.2700 -0.1500
v -5.3100 3.2650 0.1500
v -5.2500 3.2650 0.1500
v -5.2500 3.2700 0.1500
v -5.3100 3.2700 0.1500
v -4.9500 3.2500 -0.0700
v -4.8000 3.2500 -0.0700
v -4.8000 3.2900 -0.0700
v -4.9500 3.2900 -0.0700
v -4.9500 3.2500 0.0700
v -4.8000 3.2500 0.0700
v -4.8000 3.2900 0.0700
v -4.9500 3.2900 0.0700
v -3.9000 3.2700 -0.1800
v -3.2000 3.2700 -0.1800
v -3.2000 3.2900 -0.1800
v -3.9000 3.2900 -0.1800
v -3.9000 3.2700 0.1800
v -3.2000 3.2700 0.1800
v -3.2000 3.2900 0.1800
v -3.9000 3.2900 0.1800
v -3.8500 3.2650 -0.1500
v -3.7900 3.2650 -0.1500
v -3.7900 3.2700 -0.1500
v -3.8500 3.2700 -0.1500
v -3.8500 3.2650 0.1500
v -3.7900 3.2650 0.1500
v -3.7900 3.2700 0.1500
v -3.8500 3.2700 0.1500
v -3.6700 3.2650 -0.1500
v -3.6100 3.2650 -0.1500
v -3.6100 3.2700 -0.1500
v -3.6700 3.2700 -0.1500
v -3.6700 3.2650 0.1500
v -3.6100 3.2650 0.1500
v -3.6100 3.2700 0.1500
v -3.6700 3.2700 0.1500
v -3.4900 3.2650 -0.1500
v -3.4300 3.2650 -0.1500
v -3.4300 3.2700 -0.1500
v -3.4900 3.2700 -0.1500
v -3.4900 3.2650 0.1500
v -3.4300 3.2650 0.1500
v -3.4300 3.2700 0.1500
v -3.4900 3.2700 0.1500
v -3.3100 3.2650 -0.1500
v -3.2500 3.2650 -0.1500
v -3.2500 3.2700 -0.1500
v -3.3100 3.2700 -0.1500
v -3.3100 3.2650 0.1500
v -3.2500 3.2650 0.1500
v -3.2500 3.2700 0.1500
v -3.3100 3.2700 0.1500
v -4.4500 3.2800 0.7500
v -4.3000 3.2800 0.7500
v -4.3000 3.2900 0.7500
v -4.4500 3.2900 0.7500
v -4.4500 3.2800 0.9000
v -4.3000 3.2800 0.9000
v -4.3000 3.2900 0.9000
v -4.4500 3.2900 0.9000
v -1.9000 3.2700 -0.1800
v -1.2000 3.2700 -0.1800
v -1.2000 3.2900 -0.1800
v -1.9000 3.2900 -0.1800
v -1.9000 3.2700 0.1800
v -1.2000 3.2700 0.1800
v -1.2000 3.2900 0.1800
v -1.9000 3.2900 0.1800
v -1.8500 3.2650 -0.1500
v -1.7900 3.2650 -0.1500
v -1.7900 3.2700 -0.1500
v -1.8500 3.2700 -0.1500
v -1.8500 3.2650 0.1500
v -1.7900 3.2650 0.1500
v -1.7900 3.2700 0.1500
v -1.8500 3.2700 0.1500
v -1.6700 3.2650 -0.1500
v -1.6100 3.2650 -0.1500
v -1.6100 3.2700 -0.1500
v -1.6700 3.2700 -0.1500
v -1.6700 3.2650 0.1500
v -1.6100 3.2650 0.1500
v -1.6100 3.2700 0.1500
v -1.6700 3.2700 0.1500
v -1.4900 3.2650 -0.1500
v -1.4300 3.2650 -0.1500
v -1.4300 3.2700 -0.1500
v -1.4900 3.2700 -0.1500
v -1.4900 3.2650 0.1500
v -1.4300 3.2650 0.1500
v -1.4300 3.2700 0.1500
v -1.4900 3.2700 0.1500
v -1.3100 3.2650 -0.1500
v -1.2500 3.2650 -0.1500
v -1.2500 3.2700 -0.1500
v -1.3100 3.2700 -0.1500
v -1.3100 3.2650 0.1500
v -1.2500 3.2650 0.1500
v -1.2500 3.2700 0.1500
v -1.3100 3.2700 0.1500
v 0.1000 3.2700 -0.1800
v 0.8000 3.2700 -0.1800
v 0.8000 3.2900 -0.1800
v 0.1000 3.2900 -0.1800
v 0.1000 3.2700 0.1800
v 0.8000 3.2700 0.1800
v 0.8000 3.2900 0.1800
v 0.1000 3.2900 0.1800
v 0.1500 3.2650 -0.1500
v 0.2100 3.2650 -0.1500
v 0.2100 3.2700 -0.1500
v 0.1500 3.2700 -0.1500
v 0.1500 3.2650 0.1500
v 0.2100 3.2650 0.1500
v 0.2100 3.2700 0.1500
v 0.1500 3.2700 0.1500
v 0.3300 3.2650 -0.1500
v 0.3900 3.2650 -0.1500
v 0.3900 3.2700 -0.1500
v 0.3300 3.2700 -0.1500
v 0.3300 3.2650 0.1500
v 0.3900 3.2650 0.1500
v 0.3900 3.2700 0.1500
v 0.3300 3.2700 0.1500
v 0.5100 3.2650 -0.1500
v 0.5700 3.2650 -0.1500
v 0.5700 3.2700 -0.1500
v 0.5100 3.2700 -0.1500
v 0.5100 3.2650 0.1500
v 0.5700 3.2650 0.1500
v 0.5700 3.2700 0.1500
v 0.5100 3.2700 0.1500
v 0.6900 3.2650 -0.1500
v 0.7500 3.2650 -0.1500
v 0.7500 3.2700 -0.1500
v 0.6900 3.2700 -0.1500
v 0.6900 3.2650 0.1500
v 0.7500 3.2650 0.1500
v 0.7500 3.2700 0.1500
v 0.6900 3.2700 0.1500
v 1.0500 3.2500 -0.0700
v 1.2000 3.2500 -0.0700
v 1.2000 3.2900 -0.0700
v 1.0500 3.2900 -0.0700
v 1.0500 3.2500 0.0700
v 1.2000 3.2500 0.0700
v 1.2000 3.2900 0.0700
v 1.0500 3.2900 0.0700
v -0.4500 3.2800 0.7500
v -0.3000 3.2800 0.7500
v -0.3000 3.2900 0.7500
v -0.4500 3.2900 0.7500
v -0.4500 3.2800 0.9000
v -0.3000 3.2800 0.9000
v -0.3000 3.2900 0.9000
v -0.4500 3.2900 0.9000
v 2.1000 3.2700 -0.1800
v 2.8000 3.2700 -0.1800
v 2.8000 3.2900 -0.1800
v 2.1000 3.2900 -0.1800
v 2.1000 3.2700 0.1800
v 2.8000 3.2700 0.1800
v 2.8000 3.2900 0.1800
v 2.1000 3.2900 0.1800
v 2.1500 3.2650 -0.1500
v 2.2100 3.2650 -0.1500
v 2.2100 3.2700 -0.1500
v 2.1500 3.2700 -0.1500
v 2.1500 3.2650 0.1500
v 2.2100 3.2650 0.1500
v 2.2100 3.2700 0.1500
v 2.1500 3.2700 0.1500
v 2.3300 3.2650 -0.1500
v 2.3900 3.2650 -0.1500
v 2.3900 3.2700 -0.1500
v 2.3300 3.2700 -0.1500
v 2.3300 3.2650 0.1500
v 2.3900 3.2650 0.1500
v 2.3900 3.2700 0.1500
v 2.3300 3.2700 0.1500
v 2.5100 3.2650 -0.1500
v 2.5700 3.2650 -0.1500
v 2.5700 3.2700 -0.1500
v 2.5100 3.2700 -0.1500
v 2.5100 3.2650 0.1500
v 2.5700 3.2650 0.1500
v 2.5700 3.2700 0.1500
v 2.5100 3.2700 0.1500
v 2.6900 3.2650 -0.1500
v 2.7500 3.2650 -0.1500
v 2.7500 3.2700 -0.1500
v 2.6900 3.2700 -0.1500
v 2.6900 3.2650 0.1500
v 2.7500 3.2650 0.1500
v 2.7500 3.2700 0.1500
v 2.6900 3.2700 0.1500
v 4.1000 3.2700 -0.1800
v 4.8000 3.2700 -0.1800
v 4.8000 3.2900 -0.1800
v 4.1000 3.2900 -0.1800
v 4.1000 3.2700 0.1800
v 4.8000 3.2700 0.1800
v 4.8000 3.2900 0.1800
v 4.1000 3.2900 0.1800
v 4.1500 3.2650 -0.1500
v 4.2100 3.2650 -0.1500
v 4.2100 3.2700 -0.1500
v 4.1500 3.2700 -0.1500
v 4.1500 3.2650 0.1500
v 4.2100 3.2650 0.1500
v 4.2100 3.2700 0.1500
v 4.1500 3.2700 0.1500
v 4.3300 3.2650 -0.1500
v 4.3900 3.2650 -0.1500
v 4.3900 3.2700 -0.1500
v 4.3300 3.2700 -0.1500
v 4.3300 3.2650 0.1500
v 4.3900 3.2650 0.1500
v 4.3900 3.2700 0.1500
v 4.3300 3.2700 0.1500
v 4.5100 3.2650 -0.1500
v 4.5700 3.2650 -0.1500
v 4.5700 3.2700 -0.1500
v 4.5100 3.2700 -0.1500
v 4.5100 3.2650 0.1500
v 4.5700 3.2650 0.1500
v 4.5700 3.2700 0.1500
v 4.5100 3.2700 0.1500
v 4.6900 3.2650 -0.1500
v 4.7500 3.2650 -0.1500
v 4.7500 3.2700 -0.1500
v 4.6900 3.2700 -0.1500
v 4.6900 3.2650 0.1500
v 4.7500 3.2650 0.1500
v 4.7500 3.2700 0.1500
v 4.6900 3.2700 0.1500
v 3.5500 3.2800 0.7500
v 3.7000 3.2800 0.7500
v 3.7000 3.2900 0.7500
v 3.5500 3.2900 0.7500
v 3.5500 3.2800 0.9000
v 3.7000 3.2800 0.9000
v 3.7000 3.2900 0.9000
v 3.5500 3.2900 0.9000
v 6.1000 3.2700 -0.1800
v 6.8000 3.2700 -0.1800
v 6.8000 3.2900 -0.1800
v 6.1000 3.2900 -0.1800
v 6.1000 3.2700 0.1800
v 6.8000 3.2700 0.1800
v 6.8000 3.2900 0.1800
v 6.1000 3.2900 0.1800
v 6.1500 3.2650 -0.1500
v 6.2100 3.2650 -0.1500
v 6.2100 3.2700 -0.1500
v 6.1500 3.2700 -0.1500
v 6.1500 3.2650 0.1500
v 6.2100 3.2650 0.1500
v 6.2100 3.2700 0.1500
v 6.1500 3.2700 0.1500
v 6.3300 3.2650 -0.1500
v 6.3900 3.2650 -0.1500
v 6.3900 3.2700 -0.1500
v 6.3300 3.2700 -0.1500
v 6.3300 3.2650 0.1500
v 6.3900 3.2650 0.1500
v 6.3900 3.2700 0.1500
v 6.3300 3.2700 0.1500
v 6.5100 3.2650 -0.1500
v 6.5700 3.2650 -0.1500
v 6.5700 3.2700 -0.1500
v 6.5100 3.2700 -0.1500
v 6.5100 3.2650 0.1500
v 6.5700 3.2650 0.1500
v 6.5700 3.2700 0.1500
v 6.5100 3.2700 0.1500
v 6.6900 3.2650 -0.1500
v 6.7500 3.2650 -0.1500
v 6.7500 3.2700 -0.1500
v 6.6900 3.2700 -0.1500
v 6.6900 3.2650 0.1500
v 6.7500 3.2650 0.1500
v 6.7500 3.2700 0.1500
v 6.6900 3.2700 0.1500
v 7.0500 3.2500 -0.0700
v 7.2000 3.2500 -0.0700
v 7.2000 3.2900 -0.0700
v 7.0500 3.2900 -0.0700
v 7.0500 3.2500 0.0700
v 7.2000 3.2500 0.0700
v 7.2000 3.2900 0.0700
v 7.0500 3.2900 0.0700
v -5.4600 2.9100 1.1550
v -4.2600 2.9100 1.1550
v -4.2600 3.1100 1.1550
v -5.4600 3.1100 1.1550
v -5.4600 2.9100 1.1700
v -4.2600 2.9100 1.1700
v -4.2600 3.1100 1.1700
v -5.4600 3.1100 1.1700
v -5.4100 3.0000 1.1500
v -4.3100 3.0000 1.1500
v -4.3100 3.0200 1.1500
v -5.4100 3.0200 1.1500
v -5.4100 3.0000 1.1550
v -4.3100 3.0000 1.1550
v -4.3100 3.0200 1.1550
v -5.4100 3.0200 1.1550
v -5.4000 2.9850 1.1450
v -5.3600 2.9850 1.1450
v -5.3600 3.0350 1.1450
v -5.4000 3.0350 1.1450
v -5.4000 2.9850 1.1550
v -5.3600 2.9850 1.1550
v -5.3600 3.0350 1.1550
v -5.4000 3.0350 1.1550
v -5.2267 2.9850 1.1450
v -5.1867 2.9850 1.1450
v -5.1867 3.0350 1.1450
v -5.2267 3.0350 1.1450
v -5.2267 2.9850 1.1550
v -5.1867 2.9850 1.1550
v -5.1867 3.0350 1.1550
v -5.2267 3.0350 1.1550
v -5.0533 2.9850 1.1450
v -5.0133 2.9850 1.1450
v -5.0133 3.0350 1.1450
v -5.0533 3.0350 1.1450
v -5.0533 2.9850 1.1550
v -5.0133 2.9850 1.1550
v -5.0133 3.0350 1.1550
v -5.0533 3.0350 1.1550
v -4.8800 2.9850 1.1450
v -4.8400 2.9850 1.1450
v -4.8400 3.0350 1.1450
v -4.8800 3.0350 1.1450
v -4.8800 2.9850 1.1550
v -4.8400 2.9850 1.1550
v -4.8400 3.0350 1.1550
v -4.8800 3.0350 1.1550
v -4.7067 2.9850 1.1450
v -4.6667 2.9850 1.1450
v -4.6667 3.0350 1.1450
v -4.7067 3.0350 1.1450
v -4.7067 2.9850 1.1550
v -4.6667 2.9850 1.1550
v -4.6667 3.0350 1.1550
v -4.7067 3.0350 1.1550
v -4.5333 2.9850 1.1450
v -4.4933 2.9850 1.1450
v -4.4933 3.0350 1.1450
v -4.5333 3.0350 1.1450
v -4.5333 2.9850 1.1550
v -4.4933 2.9850 1.1550
v -4.4933 3.0350 1.1550
v -4.5333 3.0350 1.1550
v -4.3600 2.9850 1.1450
v -4.3200 2.9850 1.1450
v -4.3200 3.0350 1.1450
v -4.3600 3.0350 1.1450
v -4.3600 2.9850 1.1550
v -4.3200 2.9850 1.1550
v -4.3200 3.0350 1.1550
v -4.3600 3.0350 1.1550
v -5.4600 2.9100 -1.1700
v -4.2600 2.9100 -1.1700
v -4.2600 3.1100 -1.1700
v -5.4600 3.1100 -1.1700
v -5.4600 2.9100 -1.1550
v -4.2600 2.9100 -1.1550
v -4.2600 3.1100 -1.1550
v -5.4600 3.1100 -1.1550
v -5.4100 3.0000 -1.1550
v -4.3100 3.0000 -1.1550
v -4.3100 3.0200 -1.1550
v -5.4100 3.0200 -1.1550
v -5.4100 3.0000 -1.1500
v -4.3100 3.0000 -1.1500
v -4.3100 3.0200 -1.1500
v -5.4100 3.0200 -1.1500
v -5.4000 2.9850 -1.1550
v -5.3600 2.9850 -1.1550
v -5.3600 3.0350 -1.1550
v -5.4000 3.0350 -1.1550
v -5.4000 2.9850 -1.1450
v -5.3600 2.9850 -1.1450
v -5.3600 3.0350 -1.1450
v -5.4000 3.0350 -1.1450
v -5.2267 2.9850 -1.1550
v -5.1867 2.9850 -1.1550
v -5.1867 3.0350 -1.1550
v -5.2267 3.0350 -1.1550
v -5.2267 2.9850 -1.1450
v -5.1867 2.9850 -1.1450
v -5.1867 3.0350 -1.1450
v -5.2267 3.0350 -1.1450
v -5.0533 2.9850 -1.1550
v -5.0133 2.9850 -1.1550
v -5.0133 3.0350 -1.1550
v -5.0533 3.0350 -1.1550
v -5.0533 2.9850 -1.1450
v -5.0133 2.9850 -1.1450
v -5.0133 3.0350 -1.1450
v -5.0533 3.0350 -1.1450
v -4.8800 2.9850 -1.1550
v -4.8400 2.9850 -1.1550
v -4.8400 3.0350 -1.1550
v -4.8800 3.0350 -1.1550
v -4.8800 2.9850 -1.1450
v -4.8400 2.9850 -1.1450
v -4.8400 3.0350 -1.1450
v -4.8800 3.0350 -1.1450
v -4.7067 2.9850 -1.1550
v -4.6667 2.9850 -1.1550
v -4.6667 3.0350 -1.1550
v -4.7067 3.0350 -1.1550
v -4.7067 2.9850 -1.1450
v -4.6667 2.9850 -1.1450
v -4.6667 3.0350 -1.1450
v -4.7067 3.0350 -1.1450
v -4.5333 2.9850 -1.1550
v -4.4933 2.9850 -1.1550
v -4.4933 3.0350 -1.1550
v -4.5333 3.0350 -1.1550
v -4.5333 2.9850 -1.1450
v -4.4933 2.9850 -1.1450
v -4.4933 3.0350 -1.1450
v -4.5333 3.0350 -1.1450
v -4.3600 2.9850 -1.1550
v -4.3200 2.9850 -1.1550
v -4.3200 3.0350 -1.1550
v -4.3600 3.0350 -1.1550
v -4.3600 2.9850 -1.1450
v -4.3200 2.9850 -1.1450
v -4.3200 3.0350 -1.1450
v -4.3600 3.0350 -1.1450
v -1.0700 2.9100 1.1550
v 0.1300 2.9100 1.1550
v 0.1300 3.1100 1.1550
v -1.0700 3.1100 1.1550
v -1.0700 2.9100 1.1700
v 0.1300 2.9100 1.1700
v 0.1300 3.1100 1.1700
v -1.0700 3.1100 1.1700
v -1.0200 3.0000 1.1500
v 0.0800 3.0000 1.1500
v 0.0800 3.0200 1.1500
v -1.0200 3.0200 1.1500
v -1.0200 3.0000 1.1550
v 0.0800 3.0000 1.1550
v 0.0800 3.0200 1.1550
v -1.0200 3.0200 1.1550
v -1.0100 2.9850 1.1450
v -0.9700 2.9850 1.1450
v -0.9700 3.0350 1.1450
v -1.0100 3.0350 1.1450
v -1.0100 2.9850 1.1550
v -0.9700 2.9850 1.1550
v -0.9700 3.0350 1.1550
v -1.0100 3.0350 1.1550
v -0.8367 2.9850 1.1450
v -0.7967 2.9850 1.1450
v -0.7967 3.0350 1.1450
v -0.8367 3.0350 1.1450
v -0.8367 2.9850 1.1550
v -0.7967 2.9850 1.1550
v -0.7967 3.0350 1.1550
v -0.8367 3.0350 1.1550
v -0.6633 2.9850 1.1450
v -0.6233 2.9850 1.1450
v -0.6233 3.0350 1.1450
v -0.6633 3.0350 1.1450
v -0.6633 2.9850 1.1550
v -0.6233 2.9850 1.1550
v -0.6233 3.0350 1.1550
v -0.6633 3.0350 1.1550
v -0.4900 2.9850 1.1450
v -0.4500 2.9850 1.1450
v -0.4500 3.0350 1.1450
v -0.4900 3.0350 1.1450
v -0.4900 2.9850 1.1550
v -0.4500 2.9850 1.1550
v -0.4500 3.0350 1.1550
v -0.4900 3.0350 1.1550
v -0.3167 2.9850 1.1450
v -0.2767 2.9850 1.1450
v -0.2767 3.0350 1.1450
v -0.3167 3.0350 1.1450
v -0.3167 2.9850 1.1550
v -0.2767 2.9850 1.1550
v -0.2767 3.0350 1.1550
v -0.3167 3.0350 1.1550
v -0.1433 2.9850 1.1450
v -0.1033 2.9850 1.1450
v -0.1033 3.0350 1.1450
v -0.1433 3.0350 1.1450
v -0.1433 2.9850 1.1550
v -0.1033 2.9850 1.1550
v -0.1033 3.0350 1.1550
v -0.1433 3.0350 1.1550
v 0.0300 2.9850 1.1450
v 0.0700 2.9850 1.1450
v 0.0700 3.0350 1.1450
v 0.0300 3.0350 1.1450
v 0.0300 2.9850 1.1550
v 0.0700 2.9850 1.1550
v 0.0700 3.0350 1.1550
v 0.0300 3.0350 1.1550
v -1.0700 2.9100 -1.1700
v 0.1300 2.9100 -1.1700
v 0.1300 3.1100 -1.1700
v -1.0700 3.1100 -1.1700
v -1.0700 2.9100 -1.1550
v 0.1300 2.9100 -1.1550
v 0.1300 3.1100 -1.1550
v -1.0700 3.1100 -1.1550
v -1.0200 3.0000 -1.1550
v 0.0800 3.0000 -1.1550
v 0.0800 3.0200 -1.1550
v -1.0200 3.0200 -1.1550
v -1.0200 3.0000 -1.1500
v 0.0800 3.0000 -1.1500
v 0.0800 3.0200 -1.1500
v -1.0200 3.0200 -1.1500
v -1.0100 2.9850 -1.1550
v -0.9700 2.9850 -1.1550
v -0.9700 3.0350 -1.1550
v -1.0100 3.0350 -1.1550
v -1.0100 2.9850 -1.1450
v -0.9700 2.9850 -1.1450
v -0.9700 3.0350 -1.1450
v -1.0100 3.0350 -1.1450
v -0.8367 2.9850 -1.1550
v -0.7967 2.9850 -1.1550
v -0.7967 3.0350 -1.1550
v -0.8367 3.0350 -1.1550
v -0.8367 2.9850 -1.1450
v -0.7967 2.9850 -1.1450
v -0.7967 3.0350 -1.1450
v -0.8367 3.0350 -1.1450
v -0.6633 2.9850 -1.1550
v -0.6233 2.9850 -1.1550
v -0.6233 3.0350 -1.1550
v -0.6633 3.0350 -1.1550
v -0.6633 2.9850 -1.1450
v -0.6233 2.9850 -1.1450
v -0.6233 3.0350 -1.1450
v -0.6633 3.0350 -1.1450
v -0.4900 2.9850 -1.1550
v -0.4500 2.9850 -1.1550
v -0.4500 3.0350 -1.1550
v -0.4900 3.0350 -1.1550
v -0.4900 2.9850 -1.1450
v -0.4500 2.9850 -1.1450
v -0.4500 3.0350 -1.1450
v -0.4900 3.0350 -1.1450
v -0.3167 2.9850 -1.1550
v -0.2767 2.9850 -1.1550
v -0.2767 3.0350 -1.1550
v -0.3167 3.0350 -1.1550
v -0.3167 2.9850 -1.1450
v -0.2767 2.9850 -1.1450
v -0.2767 3.0350 -1.1450
v -0.3167 3.0350 -1.1450
v -0.1433 2.9850 -1.1550
v -0.1033 2.9850 -1.1550
v -0.1033 3.0350 -1.1550
v -0.1433 3.0350 -1.1550
v -0.1433 2.9850 -1.1450
v -0.1033 2.9850 -1.1450
v -0.1033 3.0350 -1.1450
v -0.1433 3.0350 -1.1450
v 0.0300 2.9850 -1.1550
v 0.0700 2.9850 -1.1550
v 0.0700 3.0350 -1.1550
v 0.0300 3.0350 -1.1550
v 0.0300 2.9850 -1.1450
v 0.0700 2.9850 -1.1450
v 0.0700 3.0350 -1.1450
v 0.0300 3.0350 -1.1450
v 3.3100 2.9100 1.1550
v 4.5100 2.9100 1.1550
v 4.5100 3.1100 1.1550
v 3.3100 3.1100 1.1550
v 3.3100 2.9100 1.1700
v 4.5100 2.9100 1.1700
v 4.5100 3.1100 1.1700
v 3.3100 3.1100 1.1700
v 3.3600 3.0000 1.1500
v 4.4600 3.0000 1.1500
v 4.4600 3.0200 1.1500
v 3.3600 3.0200 1.1500
v 3.3600 3.0000 1.1550
v 4.4600 3.0000 1.1550
v 4.4600 3.0200 1.1550
v 3.3600 3.0200 1.1550
v 3.3700 2.9850 1.1450
v 3.4100 2.9850 1.1450
v 3.4100 3.0350 1.1450
v 3.3700 3.0350 1.1450
v 3.3700 2.9850 1.1550
v 3.4100 2.9850 1.1550
v 3.4100 3.0350 1.1550
v 3.3700 3.0350 1.1550
v 3.5433 2.9850 1.1450
v 3.5833 2.9850 1.1450
v 3.5833 3.0350 1.1450
v 3.5433 3.0350 1.1450
v 3.5433 2.9850 1.1550
v 3.5833 2.9850 1.1550
v 3.5833 3.0350 1.1550
v 3.5433 3.0350 1.1550
v 3.7167 2.9850 1.1450
v 3.7567 2.9850 1.1450
v 3.7567 3.0350 1.1450
v 3.7167 3.0350 1.1450
v 3.7167 2.9850 1.1550
v 3.7567 2.9850 1.1550
v 3.7567 3.0350 1.1550
v 3.7167 3.0350 1.1550
v 3.8900 2.9850 1.1450
v 3.9300 2.9850 1.1450
v 3.9300 3.0350 1.1450
v 3.8900 3.0350 1.1450
v 3.8900 2.9850 1.1550
v 3.9300 2.9850 1.1550
v 3.9300 3.0350 1.1550
v 3.8900 3.0350 1.1550
v 4.0633 2.9850 1.1450
v 4.1033 2.9850 1.1450
v 4.1033 3.0350 1.1450
v 4.0633 3.0350 1.1450
v 4.0633 2.9850 1.1550
v 4.1033 2.9850 1.1550
v 4.1033 3.0350 1.1550
v 4.0633 3.0350 1.1550
v 4.2367 2.9850 1.1450
v 4.2767 2.9850 1.1450
v 4.2767 3.0350 1.1450
v 4.2367 3.0350 1.1450
v 4.2367 2.9850 1.1550
v 4.2767 2.9850 1.1550
v 4.2767 3.0350 1.1550
v 4.2367 3.0350 1.1550
v 4.4100 2.9850 1.1450
v 4.4500 2.9850 1.1450
v 4.4500 3.0350 1.1450
v 4.4100 3.0350 1.1450
v 4.4100 2.9850 1.1550
v 4.4500 2.9850 1.1550
v 4.4500 3.0350 1.1550
v 4.4100 3.0350 1.1550
v 3.3100 2.9100 -1.1700
v 4.5100 2.9100 -1.1700
v 4.5100 3.1100 -1.1700
v 3.3100 3.1100 -1.1700
v 3.3100 2.9100 -1.1550
v 4.5100 2.9100 -1.1550
v 4.5100 3.1100 -1.1550
v 3.3100 3.1100 -1.1550
v 3.3600 3.0000 -1.1550
v 4.4600 3.0000 -1.1550
v 4.4600 3.0200 -1.1550
v 3.3600 3.0200 -1.1550
v 3.3600 3.0000 -1.1500
v 4.4600 3.0000 -1.1500
v 4.4600 3.0200 -1.1500
v 3.3600 3.0200 -1.1500
v 3.3700 2.9850 -1.1550
v 3.4100 2.9850 -1.1550
v 3.4100 3.0350 -1.1550
v 3.3700 3.0350 -1.1550
v 3.3700 2.9850 -1.1450
v 3.4100 2.9850 -1.1450
v 3.4100 3.0350 -1.1450
v 3.3700 3.0350 -1.1450
v 3.5433 2.9850 -1.1550
v 3.5833 2.9850 -1.1550
v 3.5833 3.0350 -1.1550
v 3.5433 3.0350 -1.1550
v 3.5433 2.9850 -1.1450
v 3.5833 2.9850 -1.1450
v 3.5833 3.0350 -1.1450
v 3.5433 3.0350 -1.1450
v 3.7167 2.9850 -1.1550
v 3.7567 2.9850 -1.1550
v 3.7567 3.0350 -1.1550
v 3.7167 3.0350 -1.1550
v 3.7167 2.9850 -1.1450
v 3.7567 2.9850 -1.1450
v 3.7567 3.0350 -1.1450
v 3.7167 3.0350 -1.1450
v 3.8900 2.9850 -1.1550
v 3.9300 2.9850 -1.1550
v 3.9300 3.0350 -1.1550
v 3.8900 3.0350 -1.1550
v 3.8900 2.9850 -1.1450
v 3.9300 2.9850 -1.1450
v 3.9300 3.0350 -1.1450
v 3.8900 3.0350 -1.1450
v 4.0633 2.9850 -1.1550
v 4.1033 2.9850 -1.1550
v 4.1033 3.0350 -1.1550
v 4.0633 3.0350 -1.1550
v 4.0633 2.9850 -1.1450
v 4.1033 2.9850 -1.1450
v 4.1033 3.0350 -1.1450
v 4.0633 3.0350 -1.1450
v 4.2367 2.9850 -1.1550
v 4.2767 2.9850 -1.1550
v 4.2767 3.0350 -1.1550
v 4.2367 3.0350 -1.1550
v 4.2367 2.9850 -1.1450
v 4.2767 2.9850 -1.1450
v 4.2767 3.0350 -1.1450
v 4.2367 3.0350 -1.1450
v 4.4100 2.9850 -1.1550
v 4.4500 2.9850 -1.1550
v 4.4500 3.0350 -1.1550
v 4.4100 3.0350 -1.1550
v 4.4100 2.9850 -1.1450
v 4.4500 2.9850 -1.1450
v 4.4500 3.0350 -1.1450
v 4.4100 3.0350 -1.1450
v -8.0800 1.1300 0.9850
v -7.9200 1.1300 0.9850
v -7.9200 1.6300 0.9850
v -8.0800 1.6300 0.9850
v -8.0800 1.1300 1.1450
v -7.9200 1.1300 1.1450
v -7.9200 1.6300 1.1450
v -8.0800 1.6300 1.1450
v -8.0300 1.6300 1.0450
v -7.9700 1.6300 1.0450
v -7.9700 1.7300 1.0450
v -8.0300 1.7300 1.0450
v -8.0300 1.6300 1.0850
v -7.9700 1.6300 1.0850
v -7.9700 1.7300 1.0850
v -8.0300 1.7300 1.0850
v -8.1000 2.3300 1.1350
v -7.9000 2.3300 1.1350
v -7.9000 2.5800 1.1350
v -8.1000 2.5800 1.1350
v -8.1000 2.3300 1.1650
v -7.9000 2.3300 1.1650
v -7.9000 2.5800 1.1650
v -8.1000 2.5800 1.1650
v -8.0400 2.4000 1.1250
v -7.9600 2.4000 1.1250
v -7.9600 2.4800 1.1250
v -8.0400 2.4800 1.1250
v -8.0400 2.4000 1.1350
v -7.9600 2.4000 1.1350
v -7.9600 2.4800 1.1350
v -8.0400 2.4800 1.1350
v -8.0800 1.1300 -1.1450
v -7.9200 1.1300 -1.1450
v -7.9200 1.6300 -1.1450
v -8.0800 1.6300 -1.1450
v -8.0800 1.1300 -0.9850
v -7.9200 1.1300 -0.9850
v -7.9200 1.6300 -0.9850
v -8.0800 1.6300 -0.9850
v -8.0300 1.6300 -1.0850
v -7.9700 1.6300 -1.0850
v -7.9700 1.7300 -1.0850
v -8.0300 1.7300 -1.0850
v -8.0300 1.6300 -1.0450
v -7.9700 1.6300 -1.0450
v -7.9700 1.7300 -1.0450
v -8.0300 1.7300 -1.0450
v -8.1000 2.3300 -1.1650
v -7.9000 2.3300 -1.1650
v -7.9000 2.5800 -1.1650
v -8.1000 2.5800 -1.1650
v -8.1000 2.3300 -1.1350
v -7.9000 2.3300 -1.1350
v -7.9000 2.5800 -1.1350
v -8.1000 2.5800 -1.1350
v -8.0400 2.4000 -1.1350
v -7.9600 2.4000 -1.1350
v -7.9600 2.4800 -1.1350
v -8.0400 2.4800 -1.1350
v -8.0400 2.4000 -1.1250
v -7.9600 2.4000 -1.1250
v -7.9600 2.4800 -1.1250
v -8.0400 2.4800 -1.1250
v 7.2000 0.9800 0.4500
v 7.2800 0.9800 0.4500
v 7.2800 3.3300 0.4500
v 7.2000 3.3300 0.4500
v 7.2000 0.9800 1.1800
v 7.2800 0.9800 1.1800
v 7.2800 3.3300 1.1800
v 7.2000 3.3300 1.1800
v 7.2000 0.9800 -1.1800
v 7.2800 0.9800 -1.1800
v 7.2800 3.3300 -1.1800
v 7.2000 3.3300 -1.1800
v 7.2000 0.9800 -0.4500
v 7.2800 0.9800 -0.4500
v 7.2800 3.3300 -0.4500
v 7.2000 3.3300 -0.4500
v 7.2000 2.9800 -0.4500
v 7.2800 2.9800 -0.4500
v 7.2800 3.3300 -0.4500
v 7.2000 3.3300 -0.4500
v 7.2000 2.9800 0.4500
v 7.2800 2.9800 0.4500
v 7.2800 3.3300 0.4500
v 7.2000 3.3300 0.4500
v 7.0835 0.9800 -1.1168
v 7.7835 0.9800 -1.1168
v 7.7835 1.8300 -1.1168
v 7.0835 1.8300 -1.1168
v 7.0835 0.9800 1.1168
v 7.7835 0.9800 1.1168
v 7.7835 1.8300 1.1168
v 7.0835 1.8300 1.1168
v 7.0335 1.8300 -1.1168
v 7.7335 1.8300 -1.1168
v 7.7335 1.9000 -1.1168
v 7.0335 1.9000 -1.1168
v 7.0335 1.8300 1.1168
v 7.7335 1.8300 1.1168
v 7.7335 1.9000 1.1168
v 7.0335 1.9000 1.1168
v 7.3835 1.9000 -0.5500
v 7.4535 1.9000 -0.5500
v 7.4535 2.1800 -0.5500
v 7.3835 2.1800 -0.5500
v 7.3835 1.9000 -0.0500
v 7.4535 1.9000 -0.0500
v 7.4535 2.1800 -0.0500
v 7.3835 2.1800 -0.0500
v 7.3735 1.9400 -0.5200
v 7.3835 1.9400 -0.5200
v 7.3835 2.1400 -0.5200
v 7.3735 2.1400 -0.5200
v 7.3735 1.9400 -0.0800
v 7.3835 1.9400 -0.0800
v 7.3835 2.1400 -0.0800
v 7.3735 2.1400 -0.0800
v 7.3835 1.9000 0.0500
v 7.4535 1.9000 0.0500
v 7.4535 2.1800 0.0500
v 7.3835 2.1800 0.0500
v 7.3835 1.9000 0.4500
v 7.4535 1.9000 0.4500
v 7.4535 2.1800 0.4500
v 7.3835 2.1800 0.4500
v 7.3735 1.9400 0.0800
v 7.3835 1.9400 0.0800
v 7.3835 2.1400 0.0800
v 7.3735 2.1400 0.0800
v 7.3735 1.9400 0.4200
v 7.3835 1.9400 0.4200
v 7.3835 2.1400 0.4200
v 7.3735 2.1400 0.4200
v 7.1335 1.9000 -0.4200
v 7.1935 1.9000 -0.4200
v 7.1935 2.1000 -0.4200
v 7.1335 2.1000 -0.4200
v 7.1335 1.9000 -0.3600
v 7.1935 1.9000 -0.3600
v 7.1935 2.1000 -0.3600
v 7.1335 2.1000 -0.3600
v 7.1135 2.1000 -0.4400
v 7.2135 2.1000 -0.4400
v 7.2135 2.1500 -0.4400
v 7.1135 2.1500 -0.4400
v 7.1135 2.1000 -0.3400
v 7.2135 2.1000 -0.3400
v 7.2135 2.1500 -0.3400
v 7.1135 2.1500 -0.3400
v 7.1335 1.9000 -0.2600
v 7.1935 1.9000 -0.2600
v 7.1935 2.0800 -0.2600
v 7.1335 2.0800 -0.2600
v 7.1335 1.9000 -0.2000
v 7.1935 1.9000 -0.2000
v 7.1935 2.0800 -0.2000
v 7.1335 2.0800 -0.2000
v 7.1135 2.0800 -0.2800
v 7.2135 2.0800 -0.2800
v 7.2135 2.1300 -0.2800
v 7.1135 2.1300 -0.2800
v 7.1135 2.0800 -0.1800
v 7.2135 2.0800 -0.1800
v 7.2135 2.1300 -0.1800
v 7.1135 2.1300 -0.1800
v 7.1335 1.9000 0.1200
v 7.1835 1.9000 0.1200
v 7.1835 2.0000 0.1200
v 7.1335 2.0000 0.1200
v 7.1335 1.9000 0.1700
v 7.1835 1.9000 0.1700
v 7.1835 2.0000 0.1700
v 7.1335 2.0000 0.1700
v 7.1335 1.9000 0.2800
v 7.2135 1.9000 0.2800
v 7.2135 1.9400 0.2800
v 7.1335 1.9400 0.2800
v 7.1335 1.9000 0.3600
v 7.2135 1.9000 0.3600
v 7.2135 1.9400 0.3600
v 7.1335 1.9400 0.3600
v 7.1335 1.9000 0.4000
v 7.2135 1.9000 0.4000
v 7.2135 1.9400 0.4000
v 7.1335 1.9400 0.4000
v 7.1335 1.9000 0.4800
v 7.2135 1.9000 0.4800
v 7.2135 1.9400 0.4800
v 7.1335 1.9400 0.4800
v 6.4635 0.9800 -0.4200
v 6.7035 0.9800 -0.4200
v 6.7035 1.4000 -0.4200
v 6.4635 1.4000 -0.4200
v 6.4635 0.9800 -0.1800
v 6.7035 0.9800 -0.1800
v 6.7035 1.4000 -0.1800
v 6.4635 1.4000 -0.1800
v 6.2635 1.4800 -0.5500
v 6.3435 1.4800 -0.5500
v 6.3435 2.2300 -0.5500
v 6.2635 2.2300 -0.5500
v 6.2635 1.4800 -0.0500
v 6.3435 1.4800 -0.0500
v 6.3435 2.2300 -0.0500
v 6.2635 2.2300 -0.0500
v 6.4635 0.9800 0.2200
v 6.7035 0.9800 0.2200
v 6.7035 1.4000 0.2200
v 6.4635 1.4000 0.2200
v 6.4635 0.9800 0.4500
v 6.7035 0.9800 0.4500
v 6.7035 1.4000 0.4500
v 6.4635 1.4000 0.4500
v 6.3335 1.4000 -0.5500
v 6.8335 1.4000 -0.5500
v 6.8335 1.5000 -0.5500
v 6.3335 1.5000 -0.5500
v 6.3335 1.4000 -0.0500
v 6.8335 1.4000 -0.0500
v 6.8335 1.5000 -0.0500
v 6.3335 1.5000 -0.0500
v 6.3335 1.4000 0.1200
v 6.8335 1.4000 0.1200
v 6.8335 1.5000 0.1200
v 6.3335 1.5000 0.1200
v 6.3335 1.4000 0.5500
v 6.8335 1.4000 0.5500
v 6.8335 1.5000 0.5500
v 6.3335 1.5000 0.5500
vt 0.031250 0.968750
vt 0.093750 0.968750
vt 0.156250 0.968750
vt 0.218750 0.968750
vt 0.281250 0.968750
vt 0.343750 0.968750
vt 0.406250 0.968750
vt 0.468750 0.968750
vt 0.531250 0.968750
vt 0.593750 0.968750
vt 0.656250 0.968750
vt 0.718750 0.968750
vt 0.781250 0.968750
vt 0.843750 0.968750
vt 0.906250 0.968750
vt 0.968750 0.968750
vt 0.031250 0.906250
vt 0.093750 0.906250
vt 0.156250 0.906250
vt 0.218750 0.906250
vt 0.281250 0.906250
vt 0.343750 0.906250
vt 0.406250 0.906250
vt 0.468750 0.906250
vt 0.531250 0.906250
vt 0.593750 0.906250
vt 0.656250 0.906250
vt 0.718750 0.906250
vt 0.781250 0.906250
vt 0.843750 0.906250
vt 0.906250 0.906250
vt 0.968750 0.906250
vt 0.031250 0.843750
vt 0.093750 0.843750
vt 0.156250 0.843750
vt 0.218750 0.843750
vt 0.281250 0.843750
vt 0.343750 0.843750
vt 0.406250 0.843750
vt 0.468750 0.843750
vt 0.531250 0.843750
vt 0.593750 0.843750
vt 0.656250 0.843750
vt 0.718750 0.843750
vt 0.781250 0.843750
vt 0.843750 0.843750
vt 0.906250 0.843750
vt 0.968750 0.843750
vt 0.031250 0.781250
vt 0.093750 0.781250
vt 0.156250 0.781250
vt 0.218750 0.781250
vt 0.281250 0.781250
vt 0.343750 0.781250
vt 0.406250 0.781250
vt 0.468750 0.781250
vt 0.531250 0.781250
vt 0.593750 0.781250
vt 0.656250 0.781250
vt 0.718750 0.781250
vt 0.781250 0.781250
vt 0.843750 0.781250
vn 0 0 -1
vn 0 0 1
vn 0 -1 0
vn 0 1 0
vn -1 0 0
vn 1 0 0
o SHELL
usemtl palette
f 1/39/1 4/39/1 3/39/1 2/39/1
f 5/39/2 6/39/2 7/39/2 8/39/2
f 1/39/3 2/39/3 6/39/3 5/39/3
f 4/39/4 8/39/4 7/39/4 3/39/4
f 1/39/5 5/39/5 8/39/5 4/39/5
f 2/39/6 3/39/6 7/39/6 6/39/6
f 9/45/1 12/45/1 11/45/1 10/45/1
f 13/45/2 14/45/2 15/45/2 16/45/2
f 9/45/3 10/45/3 14/45/3 13/45/3
f 12/45/4 16/45/4 15/45/4 11/45/4
f 9/45/5 13/45/5 16/45/5 12/45/5
f 10/45/6 11/45/6 15/45/6 14/45/6
f 17/45/1 20/45/1 19/45/1 18/45/1
f 21/45/2 22/45/2 23/45/2 24/45/2
f 17/45/3 18/45/3 22/45/3 21/45/3
f 20/45/4 24/45/4 23/45/4 19/45/4
f 17/45/5 21/45/5 24/45/5 20/45/5
f 18/45/6 19/45/6 23/45/6 22/45/6
f 25/39/1 28/39/1 27/39/1 26/39/1
f 29/39/2 30/39/2 31/39/2 32/39/2
f 25/39/3 26/39/3 30/39/3 29/39/3
f 28/39/4 32/39/4 31/39/4 27/39/4
f 25/39/5 29/39/5 32/39/5 28/39/5
f 26/39/6 27/39/6 31/39/6 30/39/6
f 33/54/1 36/54/1 35/54/1 34/54/1
f 37/54/2 38/54/2 39/54/2 40/54/2
f 33/54/3 34/54/3 38/54/3 37/54/3
f 36/54/4 40/54/4 39/54/4 35/54/4
f 33/54/5 37/54/5 40/54/5 36/54/5
f 34/54/6 35/54/6 39/54/6 38/54/6
f 41/54/1 44/54/1 43/54/1 42/54/1
f 45/54/2 46/54/2 47/54/2 48/54/2
f 41/54/3 42/54/3 46/54/3 45/54/3
f 44/54/4 48/54/4 47/54/4 43/54/4
f 41/54/5 45/54/5 48/54/5 44/54/5
f 42/54/6 43/54/6 47/54/6 46/54/6
f 49/45/1 52/45/1 51/45/1 50/45/1
f 53/45/2 54/45/2 55/45/2 56/45/2
f 49/45/3 50/45/3 54/45/3 53/45/3
f 52/45/4 56/45/4 55/45/4 51/45/4
f 49/45/5 53/45/5 56/45/5 52/45/5
f 50/45/6 51/45/6 55/45/6 54/45/6
f 57/54/1 60/54/1 59/54/1 58/54/1
f 61/54/2 62/54/2 63/54/2 64/54/2
f 57/54/3 58/54/3 62/54/3 61/54/3
f 60/54/4 64/54/4 63/54/4 59/54/4
f 57/54/5 61/54/5 64/54/5 60/54/5
f 58/54/6 59/54/6 63/54/6 62/54/6
f 65/54/1 68/54/1 67/54/1 66/54/1
f 69/54/2 70/54/2 71/54/2 72/54/2
f 65/54/3 66/54/3 70/54/3 69/54/3
f 68/54/4 72/54/4 71/54/4 67/54/4
f 65/54/5 69/54/5 72/54/5 68/54/5
f 66/54/6 67/54/6 71/54/6 70/54/6
f 73/54/1 76/54/1 75/54/1 74/54/1
f 77/54/2 78/54/2 79/54/2 80/54/2
f 73/54/3 74/54/3 78/54/3 77/54/3
f 76/54/4 80/54/4 79/54/4 75/54/4
f 73/54/5 77/54/5 80/54/5 76/54/5
f 74/54/6 75/54/6 79/54/6 78/54/6
f 81/54/1 84/54/1 83/54/1 82/54/1
f 85/54/2 86/54/2 87/54/2 88/54/2
f 81/54/3 82/54/3 86/54/3 85/54/3
f 84/54/4 88/54/4 87/54/4 83/54/4
f 81/54/5 85/54/5 88/54/5 84/54/5
f 82/54/6 83/54/6 87/54/6 86/54/6
f 89/39/1 92/39/1 91/39/1 90/39/1
f 93/39/2 94/39/2 95/39/2 96/39/2
f 89/39/3 90/39/3 94/39/3 93/39/3
f 92/39/4 96/39/4 95/39/4 91/39/4
f 89/39/5 93/39/5 96/39/5 92/39/5
f 90/39/6 91/39/6 95/39/6 94/39/6
f 97/57/1 100/57/1 99/57/1 98/57/1
f 101/57/2 102/57/2 103/57/2 104/57/2
f 97/57/3 98/57/3 102/57/3 101/57/3
f 100/57/4 104/57/4 103/57/4 99/57/4
f 97/57/5 101/57/5 104/57/5 100/57/5
f 98/57/6 99/57/6 103/57/6 102/57/6
f 105/54/1 108/54/1 107/54/1 106/54/1
f 109/54/2 110/54/2 111/54/2 112/54/2
f 105/54/3 106/54/3 110/54/3 109/54/3
f 108/54/4 112/54/4 111/54/4 107/54/4
f 105/54/5 109/54/5 112/54/5 108/54/5
f 106/54/6 107/54/6 111/54/6 110/54/6
f 113/57/1 116/57/1 115/57/1 114/57/1
f 117/57/2 118/57/2 119/57/2 120/57/2
f 113/57/3 114/57/3 118/57/3 117/57/3
f 116/57/4 120/57/4 119/57/4 115/57/4
f 113/57/5 117/57/5 120/57/5 116/57/5
f 114/57/6 115/57/6 119/57/6 118/57/6
f 121/54/1 124/54/1 123/54/1 122/54/1
f 125/54/2 126/54/2 127/54/2 128/54/2
f 121/54/3 122/54/3 126/54/3 125/54/3
f 124/54/4 128/54/4 127/54/4 123/54/4
f 121/54/5 125/54/5 128/54/5 124/54/5
f 122/54/6 123/54/6 127/54/6 126/54/6
f 129/57/1 132/57/1 131/57/1 130/57/1
f 133/57/2 134/57/2 135/57/2 136/57/2
f 129/57/3 130/57/3 134/57/3 133/57/3
f 132/57/4 136/57/4 135/57/4 131/57/4
f 129/57/5 133/57/5 136/57/5 132/57/5
f 130/57/6 131/57/6 135/57/6 134/57/6
f 137/54/1 140/54/1 139/54/1 138/54/1
f 141/54/2 142/54/2 143/54/2 144/54/2
f 137/54/3 138/54/3 142/54/3 141/54/3
f 140/54/4 144/54/4 143/54/4 139/54/4
f 137/54/5 141/54/5 144/54/5 140/54/5
f 138/54/6 139/54/6 143/54/6 142/54/6
f 145/57/1 148/57/1 147/57/1 146/57/1
f 149/57/2 150/57/2 151/57/2 152/57/2
f 145/57/3 146/57/3 150/57/3 149/57/3
f 148/57/4 152/57/4 151/57/4 147/57/4
f 145/57/5 149/57/5 152/57/5 148/57/5
f 146/57/6 147/57/6 151/57/6 150/57/6
f 153/57/1 156/57/1 155/57/1 154/57/1
f 157/57/2 158/57/2 159/57/2 160/57/2
f 153/57/3 154/57/3 158/57/3 157/57/3
f 156/57/4 160/57/4 159/57/4 155/57/4
f 153/57/5 157/57/5 160/57/5 156/57/5
f 154/57/6 155/57/6 159/57/6 158/57/6
f 161/57/1 164/57/1 163/57/1 162/57/1
f 165/57/2 166/57/2 167/57/2 168/57/2
f 161/57/3 162/57/3 166/57/3 165/57/3
f 164/57/4 168/57/4 167/57/4 163/57/4
f 161/57/5 165/57/5 168/57/5 164/57/5
f 162/57/6 163/57/6 167/57/6 166/57/6
f 169/39/1 172/39/1 171/39/1 170/39/1
f 173/39/2 174/39/2 175/39/2 176/39/2
f 169/39/3 170/39/3 174/39/3 173/39/3
f 172/39/4 176/39/4 175/39/4 171/39/4
f 169/39/5 173/39/5 176/39/5 172/39/5
f 170/39/6 171/39/6 175/39/6 174/39/6
f 177/39/1 180/39/1 179/39/1 178/39/1
f 181/39/2 182/39/2 183/39/2 184/39/2
f 177/39/3 178/39/3 182/39/3 181/39/3
f 180/39/4 184/39/4 183/39/4 179/39/4
f 177/39/5 181/39/5 184/39/5 180/39/5
f 178/39/6 179/39/6 183/39/6 182/39/6
f 185/59/1 188/59/1 187/59/1 186/59/1
f 189/59/2 190/59/2 191/59/2 192/59/2
f 185/59/3 186/59/3 190/59/3 189/59/3
f 188/59/4 192/59/4 191/59/4 187/59/4
f 185/59/5 189/59/5 192/59/5 188/59/5
f 186/59/6 187/59/6 191/59/6 190/59/6
f 193/59/1 196/59/1 195/59/1 194/59/1
f 197/59/2 198/59/2 199/59/2 200/59/2
f 193/59/3 194/59/3 198/59/3 197/59/3
f 196/59/4 200/59/4 199/59/4 195/59/4
f 193/59/5 197/59/5 200/59/5 196/59/5
f 194/59/6 195/59/6 199/59/6 198/59/6
f 201/59/1 204/59/1 203/59/1 202/59/1
f 205/59/2 206/59/2 207/59/2 208/59/2
f 201/59/3 202/59/3 206/59/3 205/59/3
f 204/59/4 208/59/4 207/59/4 203/59/4
f 201/59/5 205/59/5 208/59/5 204/59/5
f 202/59/6 203/59/6 207/59/6 206/59/6
f 209/59/1 212/59/1 211/59/1 210/59/1
f 213/59/2 214/59/2 215/59/2 216/59/2
f 209/59/3 210/59/3 214/59/3 213/59/3
f 212/59/4 216/59/4 215/59/4 211/59/4
f 209/59/5 213/59/5 216/59/5 212/59/5
f 210/59/6 211/59/6 215/59/6 214/59/6
f 217/59/1 220/59/1 219/59/1 218/59/1
f 221/59/2 222/59/2 223/59/2 224/59/2
f 217/59/3 218/59/3 222/59/3 221/59/3
f 220/59/4 224/59/4 223/59/4 219/59/4
f 217/59/5 221/59/5 224/59/5 220/59/5
f 218/59/6 219/59/6 223/59/6 222/59/6
f 225/59/1 228/59/1 227/59/1 226/59/1
f 229/59/2 230/59/2 231/59/2 232/59/2
f 225/59/3 226/59/3 230/59/3 229/59/3
f 228/59/4 232/59/4 231/59/4 227/59/4
f 225/59/5 229/59/5 232/59/5 228/59/5
f 226/59/6 227/59/6 231/59/6 230/59/6
f 233/59/1 236/59/1 235/59/1 234/59/1
f 237/59/2 238/59/2 239/59/2 240/59/2
f 233/59/3 234/59/3 238/59/3 237/59/3
f 236/59/4 240/59/4 239/59/4 235/59/4
f 233/59/5 237/59/5 240/59/5 236/59/5
f 234/59/6 235/59/6 239/59/6 238/59/6
f 241/59/1 244/59/1 243/59/1 242/59/1
f 245/59/2 246/59/2 247/59/2 248/59/2
f 241/59/3 242/59/3 246/59/3 245/59/3
f 244/59/4 248/59/4 247/59/4 243/59/4
f 241/59/5 245/59/5 248/59/5 244/59/5
f 242/59/6 243/59/6 247/59/6 246/59/6
f 249/59/1 252/59/1 251/59/1 250/59/1
f 253/59/2 254/59/2 255/59/2 256/59/2
f 249/59/3 250/59/3 254/59/3 253/59/3
f 252/59/4 256/59/4 255/59/4 251/59/4
f 249/59/5 253/59/5 256/59/5 252/59/5
f 250/59/6 251/59/6 255/59/6 254/59/6
f 257/59/1 260/59/1 259/59/1 258/59/1
f 261/59/2 262/59/2 263/59/2 264/59/2
f 257/59/3 258/59/3 262/59/3 261/59/3
f 260/59/4 264/59/4 263/59/4 259/59/4
f 257/59/5 261/59/5 264/59/5 260/59/5
f 258/59/6 259/59/6 263/59/6 262/59/6
f 265/59/1 268/59/1 267/59/1 266/59/1
f 269/59/2 270/59/2 271/59/2 272/59/2
f 265/59/3 266/59/3 270/59/3 269/59/3
f 268/59/4 272/59/4 271/59/4 267/59/4
f 265/59/5 269/59/5 272/59/5 268/59/5
f 266/59/6 267/59/6 271/59/6 270/59/6
f 273/59/1 276/59/1 275/59/1 274/59/1
f 277/59/2 278/59/2 279/59/2 280/59/2
f 273/59/3 274/59/3 278/59/3 277/59/3
f 276/59/4 280/59/4 279/59/4 275/59/4
f 273/59/5 277/59/5 280/59/5 276/59/5
f 274/59/6 275/59/6 279/59/6 278/59/6
f 281/59/1 284/59/1 283/59/1 282/59/1
f 285/59/2 286/59/2 287/59/2 288/59/2
f 281/59/3 282/59/3 286/59/3 285/59/3
f 284/59/4 288/59/4 287/59/4 283/59/4
f 281/59/5 285/59/5 288/59/5 284/59/5
f 282/59/6 283/59/6 287/59/6 286/59/6
f 289/59/1 292/59/1 291/59/1 290/59/1
f 293/59/2 294/59/2 295/59/2 296/59/2
f 289/59/3 290/59/3 294/59/3 293/59/3
f 292/59/4 296/59/4 295/59/4 291/59/4
f 289/59/5 293/59/5 296/59/5 292/59/5
f 290/59/6 291/59/6 295/59/6 294/59/6
f 297/59/1 300/59/1 299/59/1 298/59/1
f 301/59/2 302/59/2 303/59/2 304/59/2
f 297/59/3 298/59/3 302/59/3 301/59/3
f 300/59/4 304/59/4 303/59/4 299/59/4
f 297/59/5 301/59/5 304/59/5 300/59/5
f 298/59/6 299/59/6 303/59/6 302/59/6
f 305/59/1 308/59/1 307/59/1 306/59/1
f 309/59/2 310/59/2 311/59/2 312/59/2
f 305/59/3 306/59/3 310/59/3 309/59/3
f 308/59/4 312/59/4 311/59/4 307/59/4
f 305/59/5 309/59/5 312/59/5 308/59/5
f 306/59/6 307/59/6 311/59/6 310/59/6
f 313/59/1 316/59/1 315/59/1 314/59/1
f 317/59/2 318/59/2 319/59/2 320/59/2
f 313/59/3 314/59/3 318/59/3 317/59/3
f 316/59/4 320/59/4 319/59/4 315/59/4
f 313/59/5 317/59/5 320/59/5 316/59/5
f 314/59/6 315/59/6 319/59/6 318/59/6
f 321/59/1 324/59/1 323/59/1 322/59/1
f 325/59/2 326/59/2 327/59/2 328/59/2
f 321/59/3 322/59/3 326/59/3 325/59/3
f 324/59/4 328/59/4 327/59/4 323/59/4
f 321/59/5 325/59/5 328/59/5 324/59/5
f 322/59/6 323/59/6 327/59/6 326/59/6
f 329/59/1 332/59/1 331/59/1 330/59/1
f 333/59/2 334/59/2 335/59/2 336/59/2
f 329/59/3 330/59/3 334/59/3 333/59/3
f 332/59/4 336/59/4 335/59/4 331/59/4
f 329/59/5 333/59/5 336/59/5 332/59/5
f 330/59/6 331/59/6 335/59/6 334/59/6
f 337/59/1 340/59/1 339/59/1 338/59/1
f 341/59/2 342/59/2 343/59/2 344/59/2
f 337/59/3 338/59/3 342/59/3 341/59/3
f 340/59/4 344/59/4 343/59/4 339/59/4
f 337/59/5 341/59/5 344/59/5 340/59/5
f 338/59/6 339/59/6 343/59/6 342/59/6
f 345/59/1 348/59/1 347/59/1 346/59/1
f 349/59/2 350/59/2 351/59/2 352/59/2
f 345/59/3 346/59/3 350/59/3 349/59/3
f 348/59/4 352/59/4 351/59/4 347/59/4
f 345/59/5 349/59/5 352/59/5 348/59/5
f 346/59/6 347/59/6 351/59/6 350/59/6
f 353/59/1 356/59/1 355/59/1 354/59/1
f 357/59/2 358/59/2 359/59/2 360/59/2
f 353/59/3 354/59/3 358/59/3 357/59/3
f 356/59/4 360/59/4 359/59/4 355/59/4
f 353/59/5 357/59/5 360/59/5 356/59/5
f 354/59/6 355/59/6 359/59/6 358/59/6
f 361/59/1 364/59/1 363/59/1 362/59/1
f 365/59/2 366/59/2 367/59/2 368/59/2
f 361/59/3 362/59/3 366/59/3 365/59/3
f 364/59/4 368/59/4 367/59/4 363/59/4
f 361/59/5 365/59/5 368/59/5 364/59/5
f 362/59/6 363/59/6 367/59/6 366/59/6
f 369/59/1 372/59/1 371/59/1 370/59/1
f 373/59/2 374/59/2 375/59/2 376/59/2
f 369/59/3 370/59/3 374/59/3 373/59/3
f 372/59/4 376/59/4 375/59/4 371/59/4
f 369/59/5 373/59/5 376/59/5 372/59/5
f 370/59/6 371/59/6 375/59/6 374/59/6
f 377/59/1 380/59/1 379/59/1 378/59/1
f 381/59/2 382/59/2 383/59/2 384/59/2
f 377/59/3 378/59/3 382/59/3 381/59/3
f 380/59/4 384/59/4 383/59/4 379/59/4
f 377/59/5 381/59/5 384/59/5 380/59/5
f 378/59/6 379/59/6 383/59/6 382/59/6
f 385/59/1 388/59/1 387/59/1 386/59/1
f 389/59/2 390/59/2 391/59/2 392/59/2
f 385/59/3 386/59/3 390/59/3 389/59/3
f 388/59/4 392/59/4 391/59/4 387/59/4
f 385/59/5 389/59/5 392/59/5 388/59/5
f 386/59/6 387/59/6 391/59/6 390/59/6
f 393/59/1 396/59/1 395/59/1 394/59/1
f 397/59/2 398/59/2 399/59/2 400/59/2
f 393/59/3 394/59/3 398/59/3 397/59/3
f 396/59/4 400/59/4 399/59/4 395/59/4
f 393/59/5 397/59/5 400/59/5 396/59/5
f 394/59/6 395/59/6 399/59/6 398/59/6
f 401/59/1 404/59/1 403/59/1 402/59/1
f 405/59/2 406/59/2 407/59/2 408/59/2
f 401/59/3 402/59/3 406/59/3 405/59/3
f 404/59/4 408/59/4 407/59/4 403/59/4
f 401/59/5 405/59/5 408/59/5 404/59/5
f 402/59/6 403/59/6 407/59/6 406/59/6
f 409/61/1 412/61/1 411/61/1 410/61/1
f 413/61/2 414/61/2 415/61/2 416/61/2
f 409/61/3 410/61/3 414/61/3 413/61/3
f 412/61/4 416/61/4 415/61/4 411/61/4
f 409/61/5 413/61/5 416/61/5 412/61/5
f 410/61/6 411/61/6 415/61/6 414/61/6
f 417/61/1 420/61/1 419/61/1 418/61/1
f 421/61/2 422/61/2 423/61/2 424/61/2
f 417/61/3 418/61/3 422/61/3 421/61/3
f 420/61/4 424/61/4 423/61/4 419/61/4
f 417/61/5 421/61/5 424/61/5 420/61/5
f 418/61/6 419/61/6 423/61/6 422/61/6
f 425/61/1 428/61/1 427/61/1 426/61/1
f 429/61/2 430/61/2 431/61/2 432/61/2
f 425/61/3 426/61/3 430/61/3 429/61/3
f 428/61/4 432/61/4 431/61/4 427/61/4
f 425/61/5 429/61/5 432/61/5 428/61/5
f 426/61/6 427/61/6 431/61/6 430/61/6
f 433/61/1 436/61/1 435/61/1 434/61/1
f 437/61/2 438/61/2 439/61/2 440/61/2
f 433/61/3 434/61/3 438/61/3 437/61/3
f 436/61/4 440/61/4 439/61/4 435/61/4
f 433/61/5 437/61/5 440/61/5 436/61/5
f 434/61/6 435/61/6 439/61/6 438/61/6
f 441/61/1 444/61/1 443/61/1 442/61/1
f 445/61/2 446/61/2 447/61/2 448/61/2
f 441/61/3 442/61/3 446/61/3 445/61/3
f 444/61/4 448/61/4 447/61/4 443/61/4
f 441/61/5 445/61/5 448/61/5 444/61/5
f 442/61/6 443/61/6 447/61/6 446/61/6
f 449/61/1 452/61/1 451/61/1 450/61/1
f 453/61/2 454/61/2 455/61/2 456/61/2
f 449/61/3 450/61/3 454/61/3 453/61/3
f 452/61/4 456/61/4 455/61/4 451/61/4
f 449/61/5 453/61/5 456/61/5 452/61/5
f 450/61/6 451/61/6 455/61/6 454/61/6
f 457/61/1 460/61/1 459/61/1 458/61/1
f 461/61/2 462/61/2 463/61/2 464/61/2
f 457/61/3 458/61/3 462/61/3 461/61/3
f 460/61/4 464/61/4 463/61/4 459/61/4
f 457/61/5 461/61/5 464/61/5 460/61/5
f 458/61/6 459/61/6 463/61/6 462/61/6
f 465/61/1 468/61/1 467/61/1 466/61/1
f 469/61/2 470/61/2 471/61/2 472/61/2
f 465/61/3 466/61/3 470/61/3 469/61/3
f 468/61/4 472/61/4 471/61/4 467/61/4
f 465/61/5 469/61/5 472/61/5 468/61/5
f 466/61/6 467/61/6 471/61/6 470/61/6
f 473/61/1 476/61/1 475/61/1 474/61/1
f 477/61/2 478/61/2 479/61/2 480/61/2
f 473/61/3 474/61/3 478/61/3 477/61/3
f 476/61/4 480/61/4 479/61/4 475/61/4
f 473/61/5 477/61/5 480/61/5 476/61/5
f 474/61/6 475/61/6 479/61/6 478/61/6
f 481/61/1 484/61/1 483/61/1 482/61/1
f 485/61/2 486/61/2 487/61/2 488/61/2
f 481/61/3 482/61/3 486/61/3 485/61/3
f 484/61/4 488/61/4 487/61/4 483/61/4
f 481/61/5 485/61/5 488/61/5 484/61/5
f 482/61/6 483/61/6 487/61/6 486/61/6
f 489/61/1 492/61/1 491/61/1 490/61/1
f 493/61/2 494/61/2 495/61/2 496/61/2
f 489/61/3 490/61/3 494/61/3 493/61/3
f 492/61/4 496/61/4 495/61/4 491/61/4
f 489/61/5 493/61/5 496/61/5 492/61/5
f 490/61/6 491/61/6 495/61/6 494/61/6
f 497/61/1 500/61/1 499/61/1 498/61/1
f 501/61/2 502/61/2 503/61/2 504/61/2
f 497/61/3 498/61/3 502/61/3 501/61/3
f 500/61/4 504/61/4 503/61/4 499/61/4
f 497/61/5 501/61/5 504/61/5 500/61/5
f 498/61/6 499/61/6 503/61/6 502/61/6
f 505/61/1 508/61/1 507/61/1 506/61/1
f 509/61/2 510/61/2 511/61/2 512/61/2
f 505/61/3 506/61/3 510/61/3 509/61/3
f 508/61/4 512/61/4 511/61/4 507/61/4
f 505/61/5 509/61/5 512/61/5 508/61/5
f 506/61/6 507/61/6 511/61/6 510/61/6
f 513/61/1 516/61/1 515/61/1 514/61/1
f 517/61/2 518/61/2 519/61/2 520/61/2
f 513/61/3 514/61/3 518/61/3 517/61/3
f 516/61/4 520/61/4 519/61/4 515/61/4
f 513/61/5 517/61/5 520/61/5 516/61/5
f 514/61/6 515/61/6 519/61/6 518/61/6
f 521/61/1 524/61/1 523/61/1 522/61/1
f 525/61/2 526/61/2 527/61/2 528/61/2
f 521/61/3 522/61/3 526/61/3 525/61/3
f 524/61/4 528/61/4 527/61/4 523/61/4
f 521/61/5 525/61/5 528/61/5 524/61/5
f 522/61/6 523/61/6 527/61/6 526/61/6
f 529/61/1 532/61/1 531/61/1 530/61/1
f 533/61/2 534/61/2 535/61/2 536/61/2
f 529/61/3 530/61/3 534/61/3 533/61/3
f 532/61/4 536/61/4 535/61/4 531/61/4
f 529/61/5 533/61/5 536/61/5 532/61/5
f 530/61/6 531/61/6 535/61/6 534/61/6
f 537/61/1 540/61/1 539/61/1 538/61/1
f 541/61/2 542/61/2 543/61/2 544/61/2
f 537/61/3 538/61/3 542/61/3 541/61/3
f 540/61/4 544/61/4 543/61/4 539/61/4
f 537/61/5 541/61/5 544/61/5 540/61/5
f 538/61/6 539/61/6 543/61/6 542/61/6
f 545/61/1 548/61/1 547/61/1 546/61/1
f 549/61/2 550/61/2 551/61/2 552/61/2
f 545/61/3 546/61/3 550/61/3 549/61/3
f 548/61/4 552/61/4 551/61/4 547/61/4
f 545/61/5 549/61/5 552/61/5 548/61/5
f 546/61/6 547/61/6 551/61/6 550/61/6
f 553/61/1 556/61/1 555/61/1 554/61/1
f 557/61/2 558/61/2 559/61/2 560/61/2
f 553/61/3 554/61/3 558/61/3 557/61/3
f 556/61/4 560/61/4 559/61/4 555/61/4
f 553/61/5 557/61/5 560/61/5 556/61/5
f 554/61/6 555/61/6 559/61/6 558/61/6
f 561/61/1 564/61/1 563/61/1 562/61/1
f 565/61/2 566/61/2 567/61/2 568/61/2
f 561/61/3 562/61/3 566/61/3 565/61/3
f 564/61/4 568/61/4 567/61/4 563/61/4
f 561/61/5 565/61/5 568/61/5 564/61/5
f 562/61/6 563/61/6 567/61/6 566/61/6
f 569/61/1 572/61/1 571/61/1 570/61/1
f 573/61/2 574/61/2 575/61/2 576/61/2
f 569/61/3 570/61/3 574/61/3 573/61/3
f 572/61/4 576/61/4 575/61/4 571/61/4
f 569/61/5 573/61/5 576/61/5 572/61/5
f 570/61/6 571/61/6 575/61/6 574/61/6
f 577/61/1 580/61/1 579/61/1 578/61/1
f 581/61/2 582/61/2 583/61/2 584/61/2
f 577/61/3 578/61/3 582/61/3 581/61/3
f 580/61/4 584/61/4 583/61/4 579/61/4
f 577/61/5 581/61/5 584/61/5 580/61/5
f 578/61/6 579/61/6 583/61/6 582/61/6
f 585/61/1 588/61/1 587/61/1 586/61/1
f 589/61/2 590/61/2 591/61/2 592/61/2
f 585/61/3 586/61/3 590/61/3 589/61/3
f 588/61/4 592/61/4 591/61/4 587/61/4
f 585/61/5 589/61/5 592/61/5 588/61/5
f 586/61/6 587/61/6 591/61/6 590/61/6
f 593/61/1 596/61/1 595/61/1 594/61/1
f 597/61/2 598/61/2 599/61/2 600/61/2
f 593/61/3 594/61/3 598/61/3 597/61/3
f 596/61/4 600/61/4 599/61/4 595/61/4
f 593/61/5 597/61/5 600/61/5 596/61/5
f 594/61/6 595/61/6 599/61/6 598/61/6
f 601/61/1 604/61/1 603/61/1 602/61/1
f 605/61/2 606/61/2 607/61/2 608/61/2
f 601/61/3 602/61/3 606/61/3 605/61/3
f 604/61/4 608/61/4 607/61/4 603/61/4
f 601/61/5 605/61/5 608/61/5 604/61/5
f 602/61/6 603/61/6 607/61/6 606/61/6
f 609/61/1 612/61/1 611/61/1 610/61/1
f 613/61/2 614/61/2 615/61/2 616/61/2
f 609/61/3 610/61/3 614/61/3 613/61/3
f 612/61/4 616/61/4 615/61/4 611/61/4
f 609/61/5 613/61/5 616/61/5 612/61/5
f 610/61/6 611/61/6 615/61/6 614/61/6
f 617/61/1 620/61/1 619/61/1 618/61/1
f 621/61/2 622/61/2 623/61/2 624/61/2
f 617/61/3 618/61/3 622/61/3 621/61/3
f 620/61/4 624/61/4 623/61/4 619/61/4
f 617/61/5 621/61/5 624/61/5 620/61/5
f 618/61/6 619/61/6 623/61/6 622/61/6
f 625/61/1 628/61/1 627/61/1 626/61/1
f 629/61/2 630/61/2 631/61/2 632/61/2
f 625/61/3 626/61/3 630/61/3 629/61/3
f 628/61/4 632/61/4 631/61/4 627/61/4
f 625/61/5 629/61/5 632/61/5 628/61/5
f 626/61/6 627/61/6 631/61/6 630/61/6
f 633/52/1 636/52/1 635/52/1 634/52/1
f 637/52/2 638/52/2 639/52/2 640/52/2
f 633/52/3 634/52/3 638/52/3 637/52/3
f 636/52/4 640/52/4 639/52/4 635/52/4
f 633/52/5 637/52/5 640/52/5 636/52/5
f 634/52/6 635/52/6 639/52/6 638/52/6
f 641/52/1 644/52/1 643/52/1 642/52/1
f 645/52/2 646/52/2 647/52/2 648/52/2
f 641/52/3 642/52/3 646/52/3 645/52/3
f 644/52/4 648/52/4 647/52/4 643/52/4
f 641/52/5 645/52/5 648/52/5 644/52/5
f 642/52/6 643/52/6 647/52/6 646/52/6
f 649/52/1 652/52/1 651/52/1 650/52/1
f 653/52/2 654/52/2 655/52/2 656/52/2
f 649/52/3 650/52/3 654/52/3 653/52/3
f 652/52/4 656/52/4 655/52/4 651/52/4
f 649/52/5 653/52/5 656/52/5 652/52/5
f 650/52/6 651/52/6 655/52/6 654/52/6
f 657/52/1 660/52/1 659/52/1 658/52/1
f 661/52/2 662/52/2 663/52/2 664/52/2
f 657/52/3 658/52/3 662/52/3 661/52/3
f 660/52/4 664/52/4 663/52/4 659/52/4
f 657/52/5 661/52/5 664/52/5 660/52/5
f 658/52/6 659/52/6 663/52/6 662/52/6
f 665/52/1 668/52/1 667/52/1 666/52/1
f 669/52/2 670/52/2 671/52/2 672/52/2
f 665/52/3 666/52/3 670/52/3 669/52/3
f 668/52/4 672/52/4 671/52/4 667/52/4
f 665/52/5 669/52/5 672/52/5 668/52/5
f 666/52/6 667/52/6 671/52/6 670/52/6
f 673/52/1 676/52/1 675/52/1 674/52/1
f 677/52/2 678/52/2 679/52/2 680/52/2
f 673/52/3 674/52/3 678/52/3 677/52/3
f 676/52/4 680/52/4 679/52/4 675/52/4
f 673/52/5 677/52/5 680/52/5 676/52/5
f 674/52/6 675/52/6 679/52/6 678/52/6
f 681/52/1 684/52/1 683/52/1 682/52/1
f 685/52/2 686/52/2 687/52/2 688/52/2
f 681/52/3 682/52/3 686/52/3 685/52/3
f 684/52/4 688/52/4 687/52/4 683/52/4
f 681/52/5 685/52/5 688/52/5 684/52/5
f 682/52/6 683/52/6 687/52/6 686/52/6
f 689/52/1 692/52/1 691/52/1 690/52/1
f 693/52/2 694/52/2 695/52/2 696/52/2
f 689/52/3 690/52/3 694/52/3 693/52/3
f 692/52/4 696/52/4 695/52/4 691/52/4
f 689/52/5 693/52/5 696/52/5 692/52/5
f 690/52/6 691/52/6 695/52/6 694/52/6
f 697/52/1 700/52/1 699/52/1 698/52/1
f 701/52/2 702/52/2 703/52/2 704/52/2
f 697/52/3 698/52/3 702/52/3 701/52/3
f 700/52/4 704/52/4 703/52/4 699/52/4
f 697/52/5 701/52/5 704/52/5 700/52/5
f 698/52/6 699/52/6 703/52/6 702/52/6
f 705/52/1 708/52/1 707/52/1 706/52/1
f 709/52/2 710/52/2 711/52/2 712/52/2
f 705/52/3 706/52/3 710/52/3 709/52/3
f 708/52/4 712/52/4 711/52/4 707/52/4
f 705/52/5 709/52/5 712/52/5 708/52/5
f 706/52/6 707/52/6 711/52/6 710/52/6
f 713/52/1 716/52/1 715/52/1 714/52/1
f 717/52/2 718/52/2 719/52/2 720/52/2
f 713/52/3 714/52/3 718/52/3 717/52/3
f 716/52/4 720/52/4 719/52/4 715/52/4
f 713/52/5 717/52/5 720/52/5 716/52/5
f 714/52/6 715/52/6 719/52/6 718/52/6
f 721/52/1 724/52/1 723/52/1 722/52/1
f 725/52/2 726/52/2 727/52/2 728/52/2
f 721/52/3 722/52/3 726/52/3 725/52/3
f 724/52/4 728/52/4 727/52/4 723/52/4
f 721/52/5 725/52/5 728/52/5 724/52/5
f 722/52/6 723/52/6 727/52/6 726/52/6
f 729/52/1 732/52/1 731/52/1 730/52/1
f 733/52/2 734/52/2 735/52/2 736/52/2
f 729/52/3 730/52/3 734/52/3 733/52/3
f 732/52/4 736/52/4 735/52/4 731/52/4
f 729/52/5 733/52/5 736/52/5 732/52/5
f 730/52/6 731/52/6 735/52/6 734/52/6
f 737/52/1 740/52/1 739/52/1 738/52/1
f 741/52/2 742/52/2 743/52/2 744/52/2
f 737/52/3 738/52/3 742/52/3 741/52/3
f 740/52/4 744/52/4 743/52/4 739/52/4
f 737/52/5 741/52/5 744/52/5 740/52/5
f 738/52/6 739/52/6 743/52/6 742/52/6
f 745/52/1 748/52/1 747/52/1 746/52/1
f 749/52/2 750/52/2 751/52/2 752/52/2
f 745/52/3 746/52/3 750/52/3 749/52/3
f 748/52/4 752/52/4 751/52/4 747/52/4
f 745/52/5 749/52/5 752/52/5 748/52/5
f 746/52/6 747/52/6 751/52/6 750/52/6
f 753/52/1 756/52/1 755/52/1 754/52/1
f 757/52/2 758/52/2 759/52/2 760/52/2
f 753/52/3 754/52/3 758/52/3 757/52/3
f 756/52/4 760/52/4 759/52/4 755/52/4
f 753/52/5 757/52/5 760/52/5 756/52/5
f 754/52/6 755/52/6 759/52/6 758/52/6
f 761/52/1 764/52/1 763/52/1 762/52/1
f 765/52/2 766/52/2 767/52/2 768/52/2
f 761/52/3 762/52/3 766/52/3 765/52/3
f 764/52/4 768/52/4 767/52/4 763/52/4
f 761/52/5 765/52/5 768/52/5 764/52/5
f 762/52/6 763/52/6 767/52/6 766/52/6
f 769/52/1 772/52/1 771/52/1 770/52/1
f 773/52/2 774/52/2 775/52/2 776/52/2
f 769/52/3 770/52/3 774/52/3 773/52/3
f 772/52/4 776/52/4 775/52/4 771/52/4
f 769/52/5 773/52/5 776/52/5 772/52/5
f 770/52/6 771/52/6 775/52/6 774/52/6
f 777/52/1 780/52/1 779/52/1 778/52/1
f 781/52/2 782/52/2 783/52/2 784/52/2
f 777/52/3 778/52/3 782/52/3 781/52/3
f 780/52/4 784/52/4 783/52/4 779/52/4
f 777/52/5 781/52/5 784/52/5 780/52/5
f 778/52/6 779/52/6 783/52/6 782/52/6
f 785/52/1 788/52/1 787/52/1 786/52/1
f 789/52/2 790/52/2 791/52/2 792/52/2
f 785/52/3 786/52/3 790/52/3 789/52/3
f 788/52/4 792/52/4 791/52/4 787/52/4
f 785/52/5 789/52/5 792/52/5 788/52/5
f 786/52/6 787/52/6 791/52/6 790/52/6
f 793/56/1 796/56/1 795/56/1 794/56/1
f 797/56/2 798/56/2 799/56/2 800/56/2
f 793/56/3 794/56/3 798/56/3 797/56/3
f 796/56/4 800/56/4 799/56/4 795/56/4
f 793/56/5 797/56/5 800/56/5 796/56/5
f 794/56/6 795/56/6 799/56/6 798/56/6
f 801/56/1 804/56/1 803/56/1 802/56/1
f 805/56/2 806/56/2 807/56/2 808/56/2
f 801/56/3 802/56/3 806/56/3 805/56/3
f 804/56/4 808/56/4 807/56/4 803/56/4
f 801/56/5 805/56/5 808/56/5 804/56/5
f 802/56/6 803/56/6 807/56/6 806/56/6
f 809/56/1 812/56/1 811/56/1 810/56/1
f 813/56/2 814/56/2 815/56/2 816/56/2
f 809/56/3 810/56/3 814/56/3 813/56/3
f 812/56/4 816/56/4 815/56/4 811/56/4
f 809/56/5 813/56/5 816/56/5 812/56/5
f 810/56/6 811/56/6 815/56/6 814/56/6
f 817/56/1 820/56/1 819/56/1 818/56/1
f 821/56/2 822/56/2 823/56/2 824/56/2
f 817/56/3 818/56/3 822/56/3 821/56/3
f 820/56/4 824/56/4 823/56/4 819/56/4
f 817/56/5 821/56/5 824/56/5 820/56/5
f 818/56/6 819/56/6 823/56/6 822/56/6
f 825/56/1 828/56/1 827/56/1 826/56/1
f 829/56/2 830/56/2 831/56/2 832/56/2
f 825/56/3 826/56/3 830/56/3 829/56/3
f 828/56/4 832/56/4 831/56/4 827/56/4
f 825/56/5 829/56/5 832/56/5 828/56/5
f 826/56/6 827/56/6 831/56/6 830/56/6
f 833/56/1 836/56/1 835/56/1 834/56/1
f 837/56/2 838/56/2 839/56/2 840/56/2
f 833/56/3 834/56/3 838/56/3 837/56/3
f 836/56/4 840/56/4 839/56/4 835/56/4
f 833/56/5 837/56/5 840/56/5 836/56/5
f 834/56/6 835/56/6 839/56/6 838/56/6
f 841/56/1 844/56/1 843/56/1 842/56/1
f 845/56/2 846/56/2 847/56/2 848/56/2
f 841/56/3 842/56/3 846/56/3 845/56/3
f 844/56/4 848/56/4 847/56/4 843/56/4
f 841/56/5 845/56/5 848/56/5 844/56/5
f 842/56/6 843/56/6 847/56/6 846/56/6
f 849/56/1 852/56/1 851/56/1 850/56/1
f 853/56/2 854/56/2 855/56/2 856/56/2
f 849/56/3 850/56/3 854/56/3 853/56/3
f 852/56/4 856/56/4 855/56/4 851/56/4
f 849/56/5 853/56/5 856/56/5 852/56/5
f 850/56/6 851/56/6 855/56/6 854/56/6
f 857/56/1 860/56/1 859/56/1 858/56/1
f 861/56/2 862/56/2 863/56/2 864/56/2
f 857/56/3 858/56/3 862/56/3 861/56/3
f 860/56/4 864/56/4 863/56/4 859/56/4
f 857/56/5 861/56/5 864/56/5 860/56/5
f 858/56/6 859/56/6 863/56/6 862/56/6
f 865/56/1 868/56/1 867/56/1 866/56/1
f 869/56/2 870/56/2 871/56/2 872/56/2
f 865/56/3 866/56/3 870/56/3 869/56/3
f 868/56/4 872/56/4 871/56/4 867/56/4
f 865/56/5 869/56/5 872/56/5 868/56/5
f 866/56/6 867/56/6 871/56/6 870/56/6
f 873/56/1 876/56/1 875/56/1 874/56/1
f 877/56/2 878/56/2 879/56/2 880/56/2
f 873/56/3 874/56/3 878/56/3 877/56/3
f 876/56/4 880/56/4 879/56/4 875/56/4
f 873/56/5 877/56/5 880/56/5 876/56/5
f 874/56/6 875/56/6 879/56/6 878/56/6
f 881/56/1 884/56/1 883/56/1 882/56/1
f 885/56/2 886/56/2 887/56/2 888/56/2
f 881/56/3 882/56/3 886/56/3 885/56/3
f 884/56/4 888/56/4 887/56/4 883/56/4
f 881/56/5 885/56/5 888/56/5 884/56/5
f 882/56/6 883/56/6 887/56/6 886/56/6
f 889/56/1 892/56/1 891/56/1 890/56/1
f 893/56/2 894/56/2 895/56/2 896/56/2
f 889/56/3 890/56/3 894/56/3 893/56/3
f 892/56/4 896/56/4 895/56/4 891/56/4
f 889/56/5 893/56/5 896/56/5 892/56/5
f 890/56/6 891/56/6 895/56/6 894/56/6
f 897/56/1 900/56/1 899/56/1 898/56/1
f 901/56/2 902/56/2 903/56/2 904/56/2
f 897/56/3 898/56/3 902/56/3 901/56/3
f 900/56/4 904/56/4 903/56/4 899/56/4
f 897/56/5 901/56/5 904/56/5 900/56/5
f 898/56/6 899/56/6 903/56/6 902/56/6
f 905/56/1 908/56/1 907/56/1 906/56/1
f 909/56/2 910/56/2 911/56/2 912/56/2
f 905/56/3 906/56/3 910/56/3 909/56/3
f 908/56/4 912/56/4 911/56/4 907/56/4
f 905/56/5 909/56/5 912/56/5 908/56/5
f 906/56/6 907/56/6 911/56/6 910/56/6
f 913/56/1 916/56/1 915/56/1 914/56/1
f 917/56/2 918/56/2 919/56/2 920/56/2
f 913/56/3 914/56/3 918/56/3 917/56/3
f 916/56/4 920/56/4 919/56/4 915/56/4
f 913/56/5 917/56/5 920/56/5 916/56/5
f 914/56/6 915/56/6 919/56/6 918/56/6
f 921/56/1 924/56/1 923/56/1 922/56/1
f 925/56/2 926/56/2 927/56/2 928/56/2
f 921/56/3 922/56/3 926/56/3 925/56/3
f 924/56/4 928/56/4 927/56/4 923/56/4
f 921/56/5 925/56/5 928/56/5 924/56/5
f 922/56/6 923/56/6 927/56/6 926/56/6
f 929/56/1 932/56/1 931/56/1 930/56/1
f 933/56/2 934/56/2 935/56/2 936/56/2
f 929/56/3 930/56/3 934/56/3 933/56/3
f 932/56/4 936/56/4 935/56/4 931/56/4
f 929/56/5 933/56/5 936/56/5 932/56/5
f 930/56/6 931/56/6 935/56/6 934/56/6
f 937/1/1 940/1/1 939/1/1 938/1/1
f 941/1/2 942/1/2 943/1/2 944/1/2
f 937/1/3 938/1/3 942/1/3 941/1/3
f 940/1/4 944/1/4 943/1/4 939/1/4
f 937/1/5 941/1/5 944/1/5 940/1/5
f 938/1/6 939/1/6 943/1/6 942/1/6
f 945/1/1 948/1/1 947/1/1 946/1/1
f 949/1/2 950/1/2 951/1/2 952/1/2
f 945/1/3 946/1/3 950/1/3 949/1/3
f 948/1/4 952/1/4 951/1/4 947/1/4
f 945/1/5 949/1/5 952/1/5 948/1/5
f 946/1/6 947/1/6 951/1/6 950/1/6
f 953/1/1 956/1/1 955/1/1 954/1/1
f 957/1/2 958/1/2 959/1/2 960/1/2
f 953/1/3 954/1/3 958/1/3 957/1/3
f 956/1/4 960/1/4 959/1/4 955/1/4
f 953/1/5 957/1/5 960/1/5 956/1/5
f 954/1/6 955/1/6 959/1/6 958/1/6
f 961/1/1 964/1/1 963/1/1 962/1/1
f 965/1/2 966/1/2 967/1/2 968/1/2
f 961/1/3 962/1/3 966/1/3 965/1/3
f 964/1/4 968/1/4 967/1/4 963/1/4
f 961/1/5 965/1/5 968/1/5 964/1/5
f 962/1/6 963/1/6 967/1/6 966/1/6
f 969/1/1 972/1/1 971/1/1 970/1/1
f 973/1/2 974/1/2 975/1/2 976/1/2
f 969/1/3 970/1/3 974/1/3 973/1/3
f 972/1/4 976/1/4 975/1/4 971/1/4
f 969/1/5 973/1/5 976/1/5 972/1/5
f 970/1/6 971/1/6 975/1/6 974/1/6
f 977/1/1 980/1/1 979/1/1 978/1/1
f 981/1/2 982/1/2 983/1/2 984/1/2
f 977/1/3 978/1/3 982/1/3 981/1/3
f 980/1/4 984/1/4 983/1/4 979/1/4
f 977/1/5 981/1/5 984/1/5 980/1/5
f 978/1/6 979/1/6 983/1/6 982/1/6
f 985/1/1 988/1/1 987/1/1 986/1/1
f 989/1/2 990/1/2 991/1/2 992/1/2
f 985/1/3 986/1/3 990/1/3 989/1/3
f 988/1/4 992/1/4 991/1/4 987/1/4
f 985/1/5 989/1/5 992/1/5 988/1/5
f 986/1/6 987/1/6 991/1/6 990/1/6
f 993/1/1 996/1/1 995/1/1 994/1/1
f 997/1/2 998/1/2 999/1/2 1000/1/2
f 993/1/3 994/1/3 998/1/3 997/1/3
f 996/1/4 1000/1/4 999/1/4 995/1/4
f 993/1/5 997/1/5 1000/1/5 996/1/5
f 994/1/6 995/1/6 999/1/6 998/1/6
f 1001/1/1 1004/1/1 1003/1/1 1002/1/1
f 1005/1/2 1006/1/2 1007/1/2 1008/1/2
f 1001/1/3 1002/1/3 1006/1/3 1005/1/3
f 1004/1/4 1008/1/4 1007/1/4 1003/1/4
f 1001/1/5 1005/1/5 1008/1/5 1004/1/5
f 1002/1/6 1003/1/6 1007/1/6 1006/1/6
f 1009/1/1 1012/1/1 1011/1/1 1010/1/1
f 1013/1/2 1014/1/2 1015/1/2 1016/1/2
f 1009/1/3 1010/1/3 1014/1/3 1013/1/3
f 1012/1/4 1016/1/4 1015/1/4 1011/1/4
f 1009/1/5 1013/1/5 1016/1/5 1012/1/5
f 1010/1/6 1011/1/6 1015/1/6 1014/1/6
f 1017/1/1 1020/1/1 1019/1/1 1018/1/1
f 1021/1/2 1022/1/2 1023/1/2 1024/1/2
f 1017/1/3 1018/1/3 1022/1/3 1021/1/3
f 1020/1/4 1024/1/4 1023/1/4 1019/1/4
f 1017/1/5 1021/1/5 1024/1/5 1020/1/5
f 1018/1/6 1019/1/6 1023/1/6 1022/1/6
f 1025/1/1 1028/1/1 1027/1/1 1026/1/1
f 1029/1/2 1030/1/2 1031/1/2 1032/1/2
f 1025/1/3 1026/1/3 1030/1/3 1029/1/3
f 1028/1/4 1032/1/4 1031/1/4 1027/1/4
f 1025/1/5 1029/1/5 1032/1/5 1028/1/5
f 1026/1/6 1027/1/6 1031/1/6 1030/1/6
f 1033/52/1 1036/52/1 1035/52/1 1034/52/1
f 1037/52/2 1038/52/2 1039/52/2 1040/52/2
f 1033/52/3 1034/52/3 1038/52/3 1037/52/3
f 1036/52/4 1040/52/4 1039/52/4 1035/52/4
f 1033/52/5 1037/52/5 1040/52/5 1036/52/5
f 1034/52/6 1035/52/6 1039/52/6 1038/52/6
f 1041/52/1 1044/52/1 1043/52/1 1042/52/1
f 1045/52/2 1046/52/2 1047/52/2 1048/52/2
f 1041/52/3 1042/52/3 1046/52/3 1045/52/3
f 1044/52/4 1048/52/4 1047/52/4 1043/52/4
f 1041/52/5 1045/52/5 1048/52/5 1044/52/5
f 1042/52/6 1043/52/6 1047/52/6 1046/52/6
f 1049/1/1 1052/1/1 1051/1/1 1050/1/1
f 1053/1/2 1054/1/2 1055/1/2 1056/1/2
f 1049/1/3 1050/1/3 1054/1/3 1053/1/3
f 1052/1/4 1056/1/4 1055/1/4 1051/1/4
f 1049/1/5 1053/1/5 1056/1/5 1052/1/5
f 1050/1/6 1051/1/6 1055/1/6 1054/1/6
f 1057/1/1 1060/1/1 1059/1/1 1058/1/1
f 1061/1/2 1062/1/2 1063/1/2 1064/1/2
f 1057/1/3 1058/1/3 1062/1/3 1061/1/3
f 1060/1/4 1064/1/4 1063/1/4 1059/1/4
f 1057/1/5 1061/1/5 1064/1/5 1060/1/5
f 1058/1/6 1059/1/6 1063/1/6 1062/1/6
f 1065/52/1 1068/52/1 1067/52/1 1066/52/1
f 1069/52/2 1070/52/2 1071/52/2 1072/52/2
f 1065/52/3 1066/52/3 1070/52/3 1069/52/3
f 1068/52/4 1072/52/4 1071/52/4 1067/52/4
f 1065/52/5 1069/52/5 1072/52/5 1068/52/5
f 1066/52/6 1067/52/6 1071/52/6 1070/52/6
f 1073/52/1 1076/52/1 1075/52/1 1074/52/1
f 1077/52/2 1078/52/2 1079/52/2 1080/52/2
f 1073/52/3 1074/52/3 1078/52/3 1077/52/3
f 1076/52/4 1080/52/4 1079/52/4 1075/52/4
f 1073/52/5 1077/52/5 1080/52/5 1076/52/5
f 1074/52/6 1075/52/6 1079/52/6 1078/52/6
f 1081/1/1 1084/1/1 1083/1/1 1082/1/1
f 1085/1/2 1086/1/2 1087/1/2 1088/1/2
f 1081/1/3 1082/1/3 1086/1/3 1085/1/3
f 1084/1/4 1088/1/4 1087/1/4 1083/1/4
f 1081/1/5 1085/1/5 1088/1/5 1084/1/5
f 1082/1/6 1083/1/6 1087/1/6 1086/1/6
f 1089/1/1 1092/1/1 1091/1/1 1090/1/1
f 1093/1/2 1094/1/2 1095/1/2 1096/1/2
f 1089/1/3 1090/1/3 1094/1/3 1093/1/3
f 1092/1/4 1096/1/4 1095/1/4 1091/1/4
f 1089/1/5 1093/1/5 1096/1/5 1092/1/5
f 1090/1/6 1091/1/6 1095/1/6 1094/1/6
f 1097/52/1 1100/52/1 1099/52/1 1098/52/1
f 1101/52/2 1102/52/2 1103/52/2 1104/52/2
f 1097/52/3 1098/52/3 1102/52/3 1101/52/3
f 1100/52/4 1104/52/4 1103/52/4 1099/52/4
f 1097/52/5 1101/52/5 1104/52/5 1100/52/5
f 1098/52/6 1099/52/6 1103/52/6 1102/52/6
f 1105/52/1 1108/52/1 1107/52/1 1106/52/1
f 1109/52/2 1110/52/2 1111/52/2 1112/52/2
f 1105/52/3 1106/52/3 1110/52/3 1109/52/3
f 1108/52/4 1112/52/4 1111/52/4 1107/52/4
f 1105/52/5 1109/52/5 1112/52/5 1108/52/5
f 1106/52/6 1107/52/6 1111/52/6 1110/52/6
f 1113/1/1 1116/1/1 1115/1/1 1114/1/1
f 1117/1/2 1118/1/2 1119/1/2 1120/1/2
f 1113/1/3 1114/1/3 1118/1/3 1117/1/3
f 1116/1/4 1120/1/4 1119/1/4 1115/1/4
f 1113/1/5 1117/1/5 1120/1/5 1116/1/5
f 1114/1/6 1115/1/6 1119/1/6 1118/1/6
f 1121/1/1 1124/1/1 1123/1/1 1122/1/1
f 1125/1/2 1126/1/2 1127/1/2 1128/1/2
f 1121/1/3 1122/1/3 1126/1/3 1125/1/3
f 1124/1/4 1128/1/4 1127/1/4 1123/1/4
f 1121/1/5 1125/1/5 1128/1/5 1124/1/5
f 1122/1/6 1123/1/6 1127/1/6 1126/1/6
f 1129/52/1 1132/52/1 1131/52/1 1130/52/1
f 1133/52/2 1134/52/2 1135/52/2 1136/52/2
f 1129/52/3 1130/52/3 1134/52/3 1133/52/3
f 1132/52/4 1136/52/4 1135/52/4 1131/52/4
f 1129/52/5 1133/52/5 1136/52/5 1132/52/5
f 1130/52/6 1131/52/6 1135/52/6 1134/52/6
f 1137/52/1 1140/52/1 1139/52/1 1138/52/1
f 1141/52/2 1142/52/2 1143/52/2 1144/52/2
f 1137/52/3 1138/52/3 1142/52/3 1141/52/3
f 1140/52/4 1144/52/4 1143/52/4 1139/52/4
f 1137/52/5 1141/52/5 1144/52/5 1140/52/5
f 1138/52/6 1139/52/6 1143/52/6 1142/52/6
f 1145/1/1 1148/1/1 1147/1/1 1146/1/1
f 1149/1/2 1150/1/2 1151/1/2 1152/1/2
f 1145/1/3 1146/1/3 1150/1/3 1149/1/3
f 1148/1/4 1152/1/4 1151/1/4 1147/1/4
f 1145/1/5 1149/1/5 1152/1/5 1148/1/5
f 1146/1/6 1147/1/6 1151/1/6 1150/1/6
f 1153/1/1 1156/1/1 1155/1/1 1154/1/1
f 1157/1/2 1158/1/2 1159/1/2 1160/1/2
f 1153/1/3 1154/1/3 1158/1/3 1157/1/3
f 1156/1/4 1160/1/4 1159/1/4 1155/1/4
f 1153/1/5 1157/1/5 1160/1/5 1156/1/5
f 1154/1/6 1155/1/6 1159/1/6 1158/1/6
f 1161/52/1 1164/52/1 1163/52/1 1162/52/1
f 1165/52/2 1166/52/2 1167/52/2 1168/52/2
f 1161/52/3 1162/52/3 1166/52/3 1165/52/3
f 1164/52/4 1168/52/4 1167/52/4 1163/52/4
f 1161/52/5 1165/52/5 1168/52/5 1164/52/5
f 1162/52/6 1163/52/6 1167/52/6 1166/52/6
f 1169/52/1 1172/52/1 1171/52/1 1170/52/1
f 1173/52/2 1174/52/2 1175/52/2 1176/52/2
f 1169/52/3 1170/52/3 1174/52/3 1173/52/3
f 1172/52/4 1176/52/4 1175/52/4 1171/52/4
f 1169/52/5 1173/52/5 1176/52/5 1172/52/5
f 1170/52/6 1171/52/6 1175/52/6 1174/52/6
f 1177/1/1 1180/1/1 1179/1/1 1178/1/1
f 1181/1/2 1182/1/2 1183/1/2 1184/1/2
f 1177/1/3 1178/1/3 1182/1/3 1181/1/3
f 1180/1/4 1184/1/4 1183/1/4 1179/1/4
f 1177/1/5 1181/1/5 1184/1/5 1180/1/5
f 1178/1/6 1179/1/6 1183/1/6 1182/1/6
f 1185/1/1 1188/1/1 1187/1/1 1186/1/1
f 1189/1/2 1190/1/2 1191/1/2 1192/1/2
f 1185/1/3 1186/1/3 1190/1/3 1189/1/3
f 1188/1/4 1192/1/4 1191/1/4 1187/1/4
f 1185/1/5 1189/1/5 1192/1/5 1188/1/5
f 1186/1/6 1187/1/6 1191/1/6 1190/1/6
f 1193/1/1 1196/1/1 1195/1/1 1194/1/1
f 1197/1/2 1198/1/2 1199/1/2 1200/1/2
f 1193/1/3 1194/1/3 1198/1/3 1197/1/3
f 1196/1/4 1200/1/4 1199/1/4 1195/1/4
f 1193/1/5 1197/1/5 1200/1/5 1196/1/5
f 1194/1/6 1195/1/6 1199/1/6 1198/1/6
f 1201/1/1 1204/1/1 1203/1/1 1202/1/1
f 1205/1/2 1206/1/2 1207/1/2 1208/1/2
f 1201/1/3 1202/1/3 1206/1/3 1205/1/3
f 1204/1/4 1208/1/4 1207/1/4 1203/1/4
f 1201/1/5 1205/1/5 1208/1/5 1204/1/5
f 1202/1/6 1203/1/6 1207/1/6 1206/1/6
f 1209/52/1 1212/52/1 1211/52/1 1210/52/1
f 1213/52/2 1214/52/2 1215/52/2 1216/52/2
f 1209/52/3 1210/52/3 1214/52/3 1213/52/3
f 1212/52/4 1216/52/4 1215/52/4 1211/52/4
f 1209/52/5 1213/52/5 1216/52/5 1212/52/5
f 1210/52/6 1211/52/6 1215/52/6 1214/52/6
f 1217/52/1 1220/52/1 1219/52/1 1218/52/1
f 1221/52/2 1222/52/2 1223/52/2 1224/52/2
f 1217/52/3 1218/52/3 1222/52/3 1221/52/3
f 1220/52/4 1224/52/4 1223/52/4 1219/52/4
f 1217/52/5 1221/52/5 1224/52/5 1220/52/5
f 1218/52/6 1219/52/6 1223/52/6 1222/52/6
f 1225/1/1 1228/1/1 1227/1/1 1226/1/1
f 1229/1/2 1230/1/2 1231/1/2 1232/1/2
f 1225/1/3 1226/1/3 1230/1/3 1229/1/3
f 1228/1/4 1232/1/4 1231/1/4 1227/1/4
f 1225/1/5 1229/1/5 1232/1/5 1228/1/5
f 1226/1/6 1227/1/6 1231/1/6 1230/1/6
f 1233/1/1 1236/1/1 1235/1/1 1234/1/1
f 1237/1/2 1238/1/2 1239/1/2 1240/1/2
f 1233/1/3 1234/1/3 1238/1/3 1237/1/3
f 1236/1/4 1240/1/4 1239/1/4 1235/1/4
f 1233/1/5 1237/1/5 1240/1/5 1236/1/5
f 1234/1/6 1235/1/6 1239/1/6 1238/1/6
f 1241/52/1 1244/52/1 1243/52/1 1242/52/1
f 1245/52/2 1246/52/2 1247/52/2 1248/52/2
f 1241/52/3 1242/52/3 1246/52/3 1245/52/3
f 1244/52/4 1248/52/4 1247/52/4 1243/52/4
f 1241/52/5 1245/52/5 1248/52/5 1244/52/5
f 1242/52/6 1243/52/6 1247/52/6 1246/52/6
f 1249/52/1 1252/52/1 1251/52/1 1250/52/1
f 1253/52/2 1254/52/2 1255/52/2 1256/52/2
f 1249/52/3 1250/52/3 1254/52/3 1253/52/3
f 1252/52/4 1256/52/4 1255/52/4 1251/52/4
f 1249/52/5 1253/52/5 1256/52/5 1252/52/5
f 1250/52/6 1251/52/6 1255/52/6 1254/52/6
f 1257/1/1 1260/1/1 1259/1/1 1258/1/1
f 1261/1/2 1262/1/2 1263/1/2 1264/1/2
f 1257/1/3 1258/1/3 1262/1/3 1261/1/3
f 1260/1/4 1264/1/4 1263/1/4 1259/1/4
f 1257/1/5 1261/1/5 1264/1/5 1260/1/5
f 1258/1/6 1259/1/6 1263/1/6 1262/1/6
f 1265/1/1 1268/1/1 1267/1/1 1266/1/1
f 1269/1/2 1270/1/2 1271/1/2 1272/1/2
f 1265/1/3 1266/1/3 1270/1/3 1269/1/3
f 1268/1/4 1272/1/4 1271/1/4 1267/1/4
f 1265/1/5 1269/1/5 1272/1/5 1268/1/5
f 1266/1/6 1267/1/6 1271/1/6 1270/1/6
f 1273/52/1 1276/52/1 1275/52/1 1274/52/1
f 1277/52/2 1278/52/2 1279/52/2 1280/52/2
f 1273/52/3 1274/52/3 1278/52/3 1277/52/3
f 1276/52/4 1280/52/4 1279/52/4 1275/52/4
f 1273/52/5 1277/52/5 1280/52/5 1276/52/5
f 1274/52/6 1275/52/6 1279/52/6 1278/52/6
f 1281/52/1 1284/52/1 1283/52/1 1282/52/1
f 1285/52/2 1286/52/2 1287/52/2 1288/52/2
f 1281/52/3 1282/52/3 1286/52/3 1285/52/3
f 1284/52/4 1288/52/4 1287/52/4 1283/52/4
f 1281/52/5 1285/52/5 1288/52/5 1284/52/5
f 1282/52/6 1283/52/6 1287/52/6 1286/52/6
f 1289/1/1 1292/1/1 1291/1/1 1290/1/1
f 1293/1/2 1294/1/2 1295/1/2 1296/1/2
f 1289/1/3 1290/1/3 1294/1/3 1293/1/3
f 1292/1/4 1296/1/4 1295/1/4 1291/1/4
f 1289/1/5 1293/1/5 1296/1/5 1292/1/5
f 1290/1/6 1291/1/6 1295/1/6 1294/1/6
f 1297/1/1 1300/1/1 1299/1/1 1298/1/1
f 1301/1/2 1302/1/2 1303/1/2 1304/1/2
f 1297/1/3 1298/1/3 1302/1/3 1301/1/3
f 1300/1/4 1304/1/4 1303/1/4 1299/1/4
f 1297/1/5 1301/1/5 1304/1/5 1300/1/5
f 1298/1/6 1299/1/6 1303/1/6 1302/1/6
f 1305/52/1 1308/52/1 1307/52/1 1306/52/1
f 1309/52/2 1310/52/2 1311/52/2 1312/52/2
f 1305/52/3 1306/52/3 1310/52/3 1309/52/3
f 1308/52/4 1312/52/4 1311/52/4 1307/52/4
f 1305/52/5 1309/52/5 1312/52/5 1308/52/5
f 1306/52/6 1307/52/6 1311/52/6 1310/52/6
f 1313/52/1 1316/52/1 1315/52/1 1314/52/1
f 1317/52/2 1318/52/2 1319/52/2 1320/52/2
f 1313/52/3 1314/52/3 1318/52/3 1317/52/3
f 1316/52/4 1320/52/4 1319/52/4 1315/52/4
f 1313/52/5 1317/52/5 1320/52/5 1316/52/5
f 1314/52/6 1315/52/6 1319/52/6 1318/52/6
f 1321/1/1 1324/1/1 1323/1/1 1322/1/1
f 1325/1/2 1326/1/2 1327/1/2 1328/1/2
f 1321/1/3 1322/1/3 1326/1/3 1325/1/3
f 1324/1/4 1328/1/4 1327/1/4 1323/1/4
f 1321/1/5 1325/1/5 1328/1/5 1324/1/5
f 1322/1/6 1323/1/6 1327/1/6 1326/1/6
f 1329/1/1 1332/1/1 1331/1/1 1330/1/1
f 1333/1/2 1334/1/2 1335/1/2 1336/1/2
f 1329/1/3 1330/1/3 1334/1/3 1333/1/3
f 1332/1/4 1336/1/4 1335/1/4 1331/1/4
f 1329/1/5 1333/1/5 1336/1/5 1332/1/5
f 1330/1/6 1331/1/6 1335/1/6 1334/1/6
f 1337/52/1 1340/52/1 1339/52/1 1338/52/1
f 1341/52/2 1342/52/2 1343/52/2 1344/52/2
f 1337/52/3 1338/52/3 1342/52/3 1341/52/3
f 1340/52/4 1344/52/4 1343/52/4 1339/52/4
f 1337/52/5 1341/52/5 1344/52/5 1340/52/5
f 1338/52/6 1339/52/6 1343/52/6 1342/52/6
f 1345/52/1 1348/52/1 1347/52/1 1346/52/1
f 1349/52/2 1350/52/2 1351/52/2 1352/52/2
f 1345/52/3 1346/52/3 1350/52/3 1349/52/3
f 1348/52/4 1352/52/4 1351/52/4 1347/52/4
f 1345/52/5 1349/52/5 1352/52/5 1348/52/5
f 1346/52/6 1347/52/6 1351/52/6 1350/52/6
f 1353/1/1 1356/1/1 1355/1/1 1354/1/1
f 1357/1/2 1358/1/2 1359/1/2 1360/1/2
f 1353/1/3 1354/1/3 1358/1/3 1357/1/3
f 1356/1/4 1360/1/4 1359/1/4 1355/1/4
f 1353/1/5 1357/1/5 1360/1/5 1356/1/5
f 1354/1/6 1355/1/6 1359/1/6 1358/1/6
f 1361/1/1 1364/1/1 1363/1/1 1362/1/1
f 1365/1/2 1366/1/2 1367/1/2 1368/1/2
f 1361/1/3 1362/1/3 1366/1/3 1365/1/3
f 1364/1/4 1368/1/4 1367/1/4 1363/1/4
f 1361/1/5 1365/1/5 1368/1/5 1364/1/5
f 1362/1/6 1363/1/6 1367/1/6 1366/1/6
f 1369/56/1 1372/56/1 1371/56/1 1370/56/1
f 1373/56/2 1374/56/2 1375/56/2 1376/56/2
f 1369/56/3 1370/56/3 1374/56/3 1373/56/3
f 1372/56/4 1376/56/4 1375/56/4 1371/56/4
f 1369/56/5 1373/56/5 1376/56/5 1372/56/5
f 1370/56/6 1371/56/6 1375/56/6 1374/56/6
f 1377/56/1 1380/56/1 1379/56/1 1378/56/1
f 1381/56/2 1382/56/2 1383/56/2 1384/56/2
f 1377/56/3 1378/56/3 1382/56/3 1381/56/3
f 1380/56/4 1384/56/4 1383/56/4 1379/56/4
f 1377/56/5 1381/56/5 1384/56/5 1380/56/5
f 1378/56/6 1379/56/6 1383/56/6 1382/56/6
f 1385/1/1 1388/1/1 1387/1/1 1386/1/1
f 1389/1/2 1390/1/2 1391/1/2 1392/1/2
f 1385/1/3 1386/1/3 1390/1/3 1389/1/3
f 1388/1/4 1392/1/4 1391/1/4 1387/1/4
f 1385/1/5 1389/1/5 1392/1/5 1388/1/5
f 1386/1/6 1387/1/6 1391/1/6 1390/1/6
f 1393/1/1 1396/1/1 1395/1/1 1394/1/1
f 1397/1/2 1398/1/2 1399/1/2 1400/1/2
f 1393/1/3 1394/1/3 1398/1/3 1397/1/3
f 1396/1/4 1400/1/4 1399/1/4 1395/1/4
f 1393/1/5 1397/1/5 1400/1/5 1396/1/5
f 1394/1/6 1395/1/6 1399/1/6 1398/1/6
f 1401/56/1 1404/56/1 1403/56/1 1402/56/1
f 1405/56/2 1406/56/2 1407/56/2 1408/56/2
f 1401/56/3 1402/56/3 1406/56/3 1405/56/3
f 1404/56/4 1408/56/4 1407/56/4 1403/56/4
f 1401/56/5 1405/56/5 1408/56/5 1404/56/5
f 1402/56/6 1403/56/6 1407/56/6 1406/56/6
f 1409/56/1 1412/56/1 1411/56/1 1410/56/1
f 1413/56/2 1414/56/2 1415/56/2 1416/56/2
f 1409/56/3 1410/56/3 1414/56/3 1413/56/3
f 1412/56/4 1416/56/4 1415/56/4 1411/56/4
f 1409/56/5 1413/56/5 1416/56/5 1412/56/5
f 1410/56/6 1411/56/6 1415/56/6 1414/56/6
f 1417/31/1 1420/31/1 1419/31/1 1418/31/1
f 1421/31/2 1422/31/2 1423/31/2 1424/31/2
f 1417/31/3 1418/31/3 1422/31/3 1421/31/3
f 1420/31/4 1424/31/4 1423/31/4 1419/31/4
f 1417/31/5 1421/31/5 1424/31/5 1420/31/5
f 1418/31/6 1419/31/6 1423/31/6 1422/31/6
f 1425/31/1 1428/31/1 1427/31/1 1426/31/1
f 1429/31/2 1430/31/2 1431/31/2 1432/31/2
f 1425/31/3 1426/31/3 1430/31/3 1429/31/3
f 1428/31/4 1432/31/4 1431/31/4 1427/31/4
f 1425/31/5 1429/31/5 1432/31/5 1428/31/5
f 1426/31/6 1427/31/6 1431/31/6 1430/31/6
f 1433/31/1 1436/31/1 1435/31/1 1434/31/1
f 1437/31/2 1438/31/2 1439/31/2 1440/31/2
f 1433/31/3 1434/31/3 1438/31/3 1437/31/3
f 1436/31/4 1440/31/4 1439/31/4 1435/31/4
f 1433/31/5 1437/31/5 1440/31/5 1436/31/5
f 1434/31/6 1435/31/6 1439/31/6 1438/31/6
f 1441/31/1 1444/31/1 1443/31/1 1442/31/1
f 1445/31/2 1446/31/2 1447/31/2 1448/31/2
f 1441/31/3 1442/31/3 1446/31/3 1445/31/3
f 1444/31/4 1448/31/4 1447/31/4 1443/31/4
f 1441/31/5 1445/31/5 1448/31/5 1444/31/5
f 1442/31/6 1443/31/6 1447/31/6 1446/31/6
f 1449/31/1 1452/31/1 1451/31/1 1450/31/1
f 1453/31/2 1454/31/2 1455/31/2 1456/31/2
f 1449/31/3 1450/31/3 1454/31/3 1453/31/3
f 1452/31/4 1456/31/4 1455/31/4 1451/31/4
f 1449/31/5 1453/31/5 1456/31/5 1452/31/5
f 1450/31/6 1451/31/6 1455/31/6 1454/31/6
f 1457/31/1 1460/31/1 1459/31/1 1458/31/1
f 1461/31/2 1462/31/2 1463/31/2 1464/31/2
f 1457/31/3 1458/31/3 1462/31/3 1461/31/3
f 1460/31/4 1464/31/4 1463/31/4 1459/31/4
f 1457/31/5 1461/31/5 1464/31/5 1460/31/5
f 1458/31/6 1459/31/6 1463/31/6 1462/31/6
f 1465/1/1 1468/1/1 1467/1/1 1466/1/1
f 1469/1/2 1470/1/2 1471/1/2 1472/1/2
f 1465/1/3 1466/1/3 1470/1/3 1469/1/3
f 1468/1/4 1472/1/4 1471/1/4 1467/1/4
f 1465/1/5 1469/1/5 1472/1/5 1468/1/5
f 1466/1/6 1467/1/6 1471/1/6 1470/1/6
f 1473/1/1 1476/1/1 1475/1/1 1474/1/1
f 1477/1/2 1478/1/2 1479/1/2 1480/1/2
f 1473/1/3 1474/1/3 1478/1/3 1477/1/3
f 1476/1/4 1480/1/4 1479/1/4 1475/1/4
f 1473/1/5 1477/1/5 1480/1/5 1476/1/5
f 1474/1/6 1475/1/6 1479/1/6 1478/1/6
f 1481/2/1 1484/2/1 1483/2/1 1482/2/1
f 1485/2/2 1486/2/2 1487/2/2 1488/2/2
f 1481/2/3 1482/2/3 1486/2/3 1485/2/3
f 1484/2/4 1488/2/4 1487/2/4 1483/2/4
f 1481/2/5 1485/2/5 1488/2/5 1484/2/5
f 1482/2/6 1483/2/6 1487/2/6 1486/2/6
f 1489/2/1 1492/2/1 1491/2/1 1490/2/1
f 1493/2/2 1494/2/2 1495/2/2 1496/2/2
f 1489/2/3 1490/2/3 1494/2/3 1493/2/3
f 1492/2/4 1496/2/4 1495/2/4 1491/2/4
f 1489/2/5 1493/2/5 1496/2/5 1492/2/5
f 1490/2/6 1491/2/6 1495/2/6 1494/2/6
f 1497/56/1 1500/56/1 1499/56/1 1498/56/1
f 1501/56/2 1502/56/2 1503/56/2 1504/56/2
f 1497/56/3 1498/56/3 1502/56/3 1501/56/3
f 1500/56/4 1504/56/4 1503/56/4 1499/56/4
f 1497/56/5 1501/56/5 1504/56/5 1500/56/5
f 1498/56/6 1499/56/6 1503/56/6 1502/56/6
f 1505/56/1 1508/56/1 1507/56/1 1506/56/1
f 1509/56/2 1510/56/2 1511/56/2 1512/56/2
f 1505/56/3 1506/56/3 1510/56/3 1509/56/3
f 1508/56/4 1512/56/4 1511/56/4 1507/56/4
f 1505/56/5 1509/56/5 1512/56/5 1508/56/5
f 1506/56/6 1507/56/6 1511/56/6 1510/56/6
f 1513/52/1 1516/52/1 1515/52/1 1514/52/1
f 1517/52/2 1518/52/2 1519/52/2 1520/52/2
f 1513/52/3 1514/52/3 1518/52/3 1517/52/3
f 1516/52/4 1520/52/4 1519/52/4 1515/52/4
f 1513/52/5 1517/52/5 1520/52/5 1516/52/5
f 1514/52/6 1515/52/6 1519/52/6 1518/52/6
f 1521/52/1 1524/52/1 1523/52/1 1522/52/1
f 1525/52/2 1526/52/2 1527/52/2 1528/52/2
f 1521/52/3 1522/52/3 1526/52/3 1525/52/3
f 1524/52/4 1528/52/4 1527/52/4 1523/52/4
f 1521/52/5 1525/52/5 1528/52/5 1524/52/5
f 1522/52/6 1523/52/6 1527/52/6 1526/52/6
f 1529/1/1 1532/1/1 1531/1/1 1530/1/1
f 1533/1/2 1534/1/2 1535/1/2 1536/1/2
f 1529/1/3 1530/1/3 1534/1/3 1533/1/3
f 1532/1/4 1536/1/4 1535/1/4 1531/1/4
f 1529/1/5 1533/1/5 1536/1/5 1532/1/5
f 1530/1/6 1531/1/6 1535/1/6 1534/1/6
f 1537/1/1 1540/1/1 1539/1/1 1538/1/1
f 1541/1/2 1542/1/2 1543/1/2 1544/1/2
f 1537/1/3 1538/1/3 1542/1/3 1541/1/3
f 1540/1/4 1544/1/4 1543/1/4 1539/1/4
f 1537/1/5 1541/1/5 1544/1/5 1540/1/5
f 1538/1/6 1539/1/6 1543/1/6 1542/1/6
f 1545/1/1 1548/1/1 1547/1/1 1546/1/1
f 1549/1/2 1550/1/2 1551/1/2 1552/1/2
f 1545/1/3 1546/1/3 1550/1/3 1549/1/3
f 1548/1/4 1552/1/4 1551/1/4 1547/1/4
f 1545/1/5 1549/1/5 1552/1/5 1548/1/5
f 1546/1/6 1547/1/6 1551/1/6 1550/1/6
f 1553/1/1 1556/1/1 1555/1/1 1554/1/1
f 1557/1/2 1558/1/2 1559/1/2 1560/1/2
f 1553/1/3 1554/1/3 1558/1/3 1557/1/3
f 1556/1/4 1560/1/4 1559/1/4 1555/1/4
f 1553/1/5 1557/1/5 1560/1/5 1556/1/5
f 1554/1/6 1555/1/6 1559/1/6 1558/1/6
f 1561/2/1 1564/2/1 1563/2/1 1562/2/1
f 1565/2/2 1566/2/2 1567/2/2 1568/2/2
f 1561/2/3 1562/2/3 1566/2/3 1565/2/3
f 1564/2/4 1568/2/4 1567/2/4 1563/2/4
f 1561/2/5 1565/2/5 1568/2/5 1564/2/5
f 1562/2/6 1563/2/6 1567/2/6 1566/2/6
f 1569/2/1 1572/2/1 1571/2/1 1570/2/1
f 1573/2/2 1574/2/2 1575/2/2 1576/2/2
f 1569/2/3 1570/2/3 1574/2/3 1573/2/3
f 1572/2/4 1576/2/4 1575/2/4 1571/2/4
f 1569/2/5 1573/2/5 1576/2/5 1572/2/5
f 1570/2/6 1571/2/6 1575/2/6 1574/2/6
f 1577/56/1 1580/56/1 1579/56/1 1578/56/1
f 1581/56/2 1582/56/2 1583/56/2 1584/56/2
f 1577/56/3 1578/56/3 1582/56/3 1581/56/3
f 1580/56/4 1584/56/4 1583/56/4 1579/56/4
f 1577/56/5 1581/56/5 1584/56/5 1580/56/5
f 1578/56/6 1579/56/6 1583/56/6 1582/56/6
f 1585/56/1 1588/56/1 1587/56/1 1586/56/1
f 1589/56/2 1590/56/2 1591/56/2 1592/56/2
f 1585/56/3 1586/56/3 1590/56/3 1589/56/3
f 1588/56/4 1592/56/4 1591/56/4 1587/56/4
f 1585/56/5 1589/56/5 1592/56/5 1588/56/5
f 1586/56/6 1587/56/6 1591/56/6 1590/56/6
f 1593/56/1 1596/56/1 1595/56/1 1594/56/1
f 1597/56/2 1598/56/2 1599/56/2 1600/56/2
f 1593/56/3 1594/56/3 1598/56/3 1597/56/3
f 1596/56/4 1600/56/4 1599/56/4 1595/56/4
f 1593/56/5 1597/56/5 1600/56/5 1596/56/5
f 1594/56/6 1595/56/6 1599/56/6 1598/56/6
f 1601/56/1 1604/56/1 1603/56/1 1602/56/1
f 1605/56/2 1606/56/2 1607/56/2 1608/56/2
f 1601/56/3 1602/56/3 1606/56/3 1605/56/3
f 1604/56/4 1608/56/4 1607/56/4 1603/56/4
f 1601/56/5 1605/56/5 1608/56/5 1604/56/5
f 1602/56/6 1603/56/6 1607/56/6 1606/56/6
f 1609/1/1 1612/1/1 1611/1/1 1610/1/1
f 1613/1/2 1614/1/2 1615/1/2 1616/1/2
f 1609/1/3 1610/1/3 1614/1/3 1613/1/3
f 1612/1/4 1616/1/4 1615/1/4 1611/1/4
f 1609/1/5 1613/1/5 1616/1/5 1612/1/5
f 1610/1/6 1611/1/6 1615/1/6 1614/1/6
f 1617/1/1 1620/1/1 1619/1/1 1618/1/1
f 1621/1/2 1622/1/2 1623/1/2 1624/1/2
f 1617/1/3 1618/1/3 1622/1/3 1621/1/3
f 1620/1/4 1624/1/4 1623/1/4 1619/1/4
f 1617/1/5 1621/1/5 1624/1/5 1620/1/5
f 1618/1/6 1619/1/6 1623/1/6 1622/1/6
f 1625/1/1 1628/1/1 1627/1/1 1626/1/1
f 1629/1/2 1630/1/2 1631/1/2 1632/1/2
f 1625/1/3 1626/1/3 1630/1/3 1629/1/3
f 1628/1/4 1632/1/4 1631/1/4 1627/1/4
f 1625/1/5 1629/1/5 1632/1/5 1628/1/5
f 1626/1/6 1627/1/6 1631/1/6 1630/1/6
f 1633/1/1 1636/1/1 1635/1/1 1634/1/1
f 1637/1/2 1638/1/2 1639/1/2 1640/1/2
f 1633/1/3 1634/1/3 1638/1/3 1637/1/3
f 1636/1/4 1640/1/4 1639/1/4 1635/1/4
f 1633/1/5 1637/1/5 1640/1/5 1636/1/5
f 1634/1/6 1635/1/6 1639/1/6 1638/1/6
f 1641/2/1 1644/2/1 1643/2/1 1642/2/1
f 1645/2/2 1646/2/2 1647/2/2 1648/2/2
f 1641/2/3 1642/2/3 1646/2/3 1645/2/3
f 1644/2/4 1648/2/4 1647/2/4 1643/2/4
f 1641/2/5 1645/2/5 1648/2/5 1644/2/5
f 1642/2/6 1643/2/6 1647/2/6 1646/2/6
f 1649/2/1 1652/2/1 1651/2/1 1650/2/1
f 1653/2/2 1654/2/2 1655/2/2 1656/2/2
f 1649/2/3 1650/2/3 1654/2/3 1653/2/3
f 1652/2/4 1656/2/4 1655/2/4 1651/2/4
f 1649/2/5 1653/2/5 1656/2/5 1652/2/5
f 1650/2/6 1651/2/6 1655/2/6 1654/2/6
f 1657/56/1 1660/56/1 1659/56/1 1658/56/1
f 1661/56/2 1662/56/2 1663/56/2 1664/56/2
f 1657/56/3 1658/56/3 1662/56/3 1661/56/3
f 1660/56/4 1664/56/4 1663/56/4 1659/56/4
f 1657/56/5 1661/56/5 1664/56/5 1660/56/5
f 1658/56/6 1659/56/6 1663/56/6 1662/56/6
f 1665/56/1 1668/56/1 1667/56/1 1666/56/1
f 1669/56/2 1670/56/2 1671/56/2 1672/56/2
f 1665/56/3 1666/56/3 1670/56/3 1669/56/3
f 1668/56/4 1672/56/4 1671/56/4 1667/56/4
f 1665/56/5 1669/56/5 1672/56/5 1668/56/5
f 1666/56/6 1667/56/6 1671/56/6 1670/56/6
f 1673/56/1 1676/56/1 1675/56/1 1674/56/1
f 1677/56/2 1678/56/2 1679/56/2 1680/56/2
f 1673/56/3 1674/56/3 1678/56/3 1677/56/3
f 1676/56/4 1680/56/4 1679/56/4 1675/56/4
f 1673/56/5 1677/56/5 1680/56/5 1676/56/5
f 1674/56/6 1675/56/6 1679/56/6 1678/56/6
f 1681/56/1 1684/56/1 1683/56/1 1682/56/1
f 1685/56/2 1686/56/2 1687/56/2 1688/56/2
f 1681/56/3 1682/56/3 1686/56/3 1685/56/3
f 1684/56/4 1688/56/4 1687/56/4 1683/56/4
f 1681/56/5 1685/56/5 1688/56/5 1684/56/5
f 1682/56/6 1683/56/6 1687/56/6 1686/56/6
f 1689/56/1 1692/56/1 1691/56/1 1690/56/1
f 1693/56/2 1694/56/2 1695/56/2 1696/56/2
f 1689/56/3 1690/56/3 1694/56/3 1693/56/3
f 1692/56/4 1696/56/4 1695/56/4 1691/56/4
f 1689/56/5 1693/56/5 1696/56/5 1692/56/5
f 1690/56/6 1691/56/6 1695/56/6 1694/56/6
f 1697/39/1 1700/39/1 1699/39/1 1698/39/1
f 1701/39/2 1702/39/2 1703/39/2 1704/39/2
f 1697/39/3 1698/39/3 1702/39/3 1701/39/3
f 1700/39/4 1704/39/4 1703/39/4 1699/39/4
f 1697/39/5 1701/39/5 1704/39/5 1700/39/5
f 1698/39/6 1699/39/6 1703/39/6 1702/39/6
f 1705/39/1 1708/39/1 1707/39/1 1706/39/1
f 1709/39/2 1710/39/2 1711/39/2 1712/39/2
f 1705/39/3 1706/39/3 1710/39/3 1709/39/3
f 1708/39/4 1712/39/4 1711/39/4 1707/39/4
f 1705/39/5 1709/39/5 1712/39/5 1708/39/5
f 1706/39/6 1707/39/6 1711/39/6 1710/39/6
f 1713/52/1 1716/52/1 1715/52/1 1714/52/1
f 1717/52/2 1718/52/2 1719/52/2 1720/52/2
f 1713/52/3 1714/52/3 1718/52/3 1717/52/3
f 1716/52/4 1720/52/4 1719/52/4 1715/52/4
f 1713/52/5 1717/52/5 1720/52/5 1716/52/5
f 1714/52/6 1715/52/6 1719/52/6 1718/52/6
f 1721/52/1 1724/52/1 1723/52/1 1722/52/1
f 1725/52/2 1726/52/2 1727/52/2 1728/52/2
f 1721/52/3 1722/52/3 1726/52/3 1725/52/3
f 1724/52/4 1728/52/4 1727/52/4 1723/52/4
f 1721/52/5 1725/52/5 1728/52/5 1724/52/5
f 1722/52/6 1723/52/6 1727/52/6 1726/52/6
f 1729/52/1 1732/52/1 1731/52/1 1730/52/1
f 1733/52/2 1734/52/2 1735/52/2 1736/52/2
f 1729/52/3 1730/52/3 1734/52/3 1733/52/3
f 1732/52/4 1736/52/4 1735/52/4 1731/52/4
f 1729/52/5 1733/52/5 1736/52/5 1732/52/5
f 1730/52/6 1731/52/6 1735/52/6 1734/52/6
f 1737/52/1 1740/52/1 1739/52/1 1738/52/1
f 1741/52/2 1742/52/2 1743/52/2 1744/52/2
f 1737/52/3 1738/52/3 1742/52/3 1741/52/3
f 1740/52/4 1744/52/4 1743/52/4 1739/52/4
f 1737/52/5 1741/52/5 1744/52/5 1740/52/5
f 1738/52/6 1739/52/6 1743/52/6 1742/52/6
f 1745/56/1 1748/56/1 1747/56/1 1746/56/1
f 1749/56/2 1750/56/2 1751/56/2 1752/56/2
f 1745/56/3 1746/56/3 1750/56/3 1749/56/3
f 1748/56/4 1752/56/4 1751/56/4 1747/56/4
f 1745/56/5 1749/56/5 1752/56/5 1748/56/5
f 1746/56/6 1747/56/6 1751/56/6 1750/56/6
f 1753/56/1 1756/56/1 1755/56/1 1754/56/1
f 1757/56/2 1758/56/2 1759/56/2 1760/56/2
f 1753/56/3 1754/56/3 1758/56/3 1757/56/3
f 1756/56/4 1760/56/4 1759/56/4 1755/56/4
f 1753/56/5 1757/56/5 1760/56/5 1756/56/5
f 1754/56/6 1755/56/6 1759/56/6 1758/56/6
f 1761/56/1 1764/56/1 1763/56/1 1762/56/1
f 1765/56/2 1766/56/2 1767/56/2 1768/56/2
f 1761/56/3 1762/56/3 1766/56/3 1765/56/3
f 1764/56/4 1768/56/4 1767/56/4 1763/56/4
f 1761/56/5 1765/56/5 1768/56/5 1764/56/5
f 1762/56/6 1763/56/6 1767/56/6 1766/56/6
f 1769/56/1 1772/56/1 1771/56/1 1770/56/1
f 1773/56/2 1774/56/2 1775/56/2 1776/56/2
f 1769/56/3 1770/56/3 1774/56/3 1773/56/3
f 1772/56/4 1776/56/4 1775/56/4 1771/56/4
f 1769/56/5 1773/56/5 1776/56/5 1772/56/5
f 1770/56/6 1771/56/6 1775/56/6 1774/56/6
f 1777/56/1 1780/56/1 1779/56/1 1778/56/1
f 1781/56/2 1782/56/2 1783/56/2 1784/56/2
f 1777/56/3 1778/56/3 1782/56/3 1781/56/3
f 1780/56/4 1784/56/4 1783/56/4 1779/56/4
f 1777/56/5 1781/56/5 1784/56/5 1780/56/5
f 1778/56/6 1779/56/6 1783/56/6 1782/56/6
f 1785/56/1 1788/56/1 1787/56/1 1786/56/1
f 1789/56/2 1790/56/2 1791/56/2 1792/56/2
f 1785/56/3 1786/56/3 1790/56/3 1789/56/3
f 1788/56/4 1792/56/4 1791/56/4 1787/56/4
f 1785/56/5 1789/56/5 1792/56/5 1788/56/5
f 1786/56/6 1787/56/6 1791/56/6 1790/56/6
f 1793/1/1 1796/1/1 1795/1/1 1794/1/1
f 1797/1/2 1798/1/2 1799/1/2 1800/1/2
f 1793/1/3 1794/1/3 1798/1/3 1797/1/3
f 1796/1/4 1800/1/4 1799/1/4 1795/1/4
f 1793/1/5 1797/1/5 1800/1/5 1796/1/5
f 1794/1/6 1795/1/6 1799/1/6 1798/1/6
f 1801/1/1 1804/1/1 1803/1/1 1802/1/1
f 1805/1/2 1806/1/2 1807/1/2 1808/1/2
f 1801/1/3 1802/1/3 1806/1/3 1805/1/3
f 1804/1/4 1808/1/4 1807/1/4 1803/1/4
f 1801/1/5 1805/1/5 1808/1/5 1804/1/5
f 1802/1/6 1803/1/6 1807/1/6 1806/1/6
f 1809/2/1 1812/2/1 1811/2/1 1810/2/1
f 1813/2/2 1814/2/2 1815/2/2 1816/2/2
f 1809/2/3 1810/2/3 1814/2/3 1813/2/3
f 1812/2/4 1816/2/4 1815/2/4 1811/2/4
f 1809/2/5 1813/2/5 1816/2/5 1812/2/5
f 1810/2/6 1811/2/6 1815/2/6 1814/2/6
f 1817/2/1 1820/2/1 1819/2/1 1818/2/1
f 1821/2/2 1822/2/2 1823/2/2 1824/2/2
f 1817/2/3 1818/2/3 1822/2/3 1821/2/3
f 1820/2/4 1824/2/4 1823/2/4 1819/2/4
f 1817/2/5 1821/2/5 1824/2/5 1820/2/5
f 1818/2/6 1819/2/6 1823/2/6 1822/2/6
f 1825/56/1 1828/56/1 1827/56/1 1826/56/1
f 1829/56/2 1830/56/2 1831/56/2 1832/56/2
f 1825/56/3 1826/56/3 1830/56/3 1829/56/3
f 1828/56/4 1832/56/4 1831/56/4 1827/56/4
f 1825/56/5 1829/56/5 1832/56/5 1828/56/5
f 1826/56/6 1827/56/6 1831/56/6 1830/56/6
f 1833/56/1 1836/56/1 1835/56/1 1834/56/1
f 1837/56/2 1838/56/2 1839/56/2 1840/56/2
f 1833/56/3 1834/56/3 1838/56/3 1837/56/3
f 1836/56/4 1840/56/4 1839/56/4 1835/56/4
f 1833/56/5 1837/56/5 1840/56/5 1836/56/5
f 1834/56/6 1835/56/6 1839/56/6 1838/56/6
f 1841/56/1 1844/56/1 1843/56/1 1842/56/1
f 1845/56/2 1846/56/2 1847/56/2 1848/56/2
f 1841/56/3 1842/56/3 1846/56/3 1845/56/3
f 1844/56/4 1848/56/4 1847/56/4 1843/56/4
f 1841/56/5 1845/56/5 1848/56/5 1844/56/5
f 1842/56/6 1843/56/6 1847/56/6 1846/56/6
f 1849/56/1 1852/56/1 1851/56/1 1850/56/1
f 1853/56/2 1854/56/2 1855/56/2 1856/56/2
f 1849/56/3 1850/56/3 1854/56/3 1853/56/3
f 1852/56/4 1856/56/4 1855/56/4 1851/56/4
f 1849/56/5 1853/56/5 1856/56/5 1852/56/5
f 1850/56/6 1851/56/6 1855/56/6 1854/56/6
f 1857/56/1 1860/56/1 1859/56/1 1858/56/1
f 1861/56/2 1862/56/2 1863/56/2 1864/56/2
f 1857/56/3 1858/56/3 1862/56/3 1861/56/3
f 1860/56/4 1864/56/4 1863/56/4 1859/56/4
f 1857/56/5 1861/56/5 1864/56/5 1860/56/5
f 1858/56/6 1859/56/6 1863/56/6 1862/56/6
f 1865/56/1 1868/56/1 1867/56/1 1866/56/1
f 1869/56/2 1870/56/2 1871/56/2 1872/56/2
f 1865/56/3 1866/56/3 1870/56/3 1869/56/3
f 1868/56/4 1872/56/4 1871/56/4 1867/56/4
f 1865/56/5 1869/56/5 1872/56/5 1868/56/5
f 1866/56/6 1867/56/6 1871/56/6 1870/56/6
f 1873/39/1 1876/39/1 1875/39/1 1874/39/1
f 1877/39/2 1878/39/2 1879/39/2 1880/39/2
f 1873/39/3 1874/39/3 1878/39/3 1877/39/3
f 1876/39/4 1880/39/4 1879/39/4 1875/39/4
f 1873/39/5 1877/39/5 1880/39/5 1876/39/5
f 1874/39/6 1875/39/6 1879/39/6 1878/39/6
f 1881/39/1 1884/39/1 1883/39/1 1882/39/1
f 1885/39/2 1886/39/2 1887/39/2 1888/39/2
f 1881/39/3 1882/39/3 1886/39/3 1885/39/3
f 1884/39/4 1888/39/4 1887/39/4 1883/39/4
f 1881/39/5 1885/39/5 1888/39/5 1884/39/5
f 1882/39/6 1883/39/6 1887/39/6 1886/39/6
f 1889/52/1 1892/52/1 1891/52/1 1890/52/1
f 1893/52/2 1894/52/2 1895/52/2 1896/52/2
f 1889/52/3 1890/52/3 1894/52/3 1893/52/3
f 1892/52/4 1896/52/4 1895/52/4 1891/52/4
f 1889/52/5 1893/52/5 1896/52/5 1892/52/5
f 1890/52/6 1891/52/6 1895/52/6 1894/52/6
f 1897/52/1 1900/52/1 1899/52/1 1898/52/1
f 1901/52/2 1902/52/2 1903/52/2 1904/52/2
f 1897/52/3 1898/52/3 1902/52/3 1901/52/3
f 1900/52/4 1904/52/4 1903/52/4 1899/52/4
f 1897/52/5 1901/52/5 1904/52/5 1900/52/5
f 1898/52/6 1899/52/6 1903/52/6 1902/52/6
f 1905/52/1 1908/52/1 1907/52/1 1906/52/1
f 1909/52/2 1910/52/2 1911/52/2 1912/52/2
f 1905/52/3 1906/52/3 1910/52/3 1909/52/3
f 1908/52/4 1912/52/4 1911/52/4 1907/52/4
f 1905/52/5 1909/52/5 1912/52/5 1908/52/5
f 1906/52/6 1907/52/6 1911/52/6 1910/52/6
f 1913/52/1 1916/52/1 1915/52/1 1914/52/1
f 1917/52/2 1918/52/2 1919/52/2 1920/52/2
f 1913/52/3 1914/52/3 1918/52/3 1917/52/3
f 1916/52/4 1920/52/4 1919/52/4 1915/52/4
f 1913/52/5 1917/52/5 1920/52/5 1916/52/5
f 1914/52/6 1915/52/6 1919/52/6 1918/52/6
f 1921/56/1 1924/56/1 1923/56/1 1922/56/1
f 1925/56/2 1926/56/2 1927/56/2 1928/56/2
f 1921/56/3 1922/56/3 1926/56/3 1925/56/3
f 1924/56/4 1928/56/4 1927/56/4 1923/56/4
f 1921/56/5 1925/56/5 1928/56/5 1924/56/5
f 1922/56/6 1923/56/6 1927/56/6 1926/56/6
f 1929/56/1 1932/56/1 1931/56/1 1930/56/1
f 1933/56/2 1934/56/2 1935/56/2 1936/56/2
f 1929/56/3 1930/56/3 1934/56/3 1933/56/3
f 1932/56/4 1936/56/4 1935/56/4 1931/56/4
f 1929/56/5 1933/56/5 1936/56/5 1932/56/5
f 1930/56/6 1931/56/6 1935/56/6 1934/56/6
f 1937/56/1 1940/56/1 1939/56/1 1938/56/1
f 1941/56/2 1942/56/2 1943/56/2 1944/56/2
f 1937/56/3 1938/56/3 1942/56/3 1941/56/3
f 1940/56/4 1944/56/4 1943/56/4 1939/56/4
f 1937/56/5 1941/56/5 1944/56/5 1940/56/5
f 1938/56/6 1939/56/6 1943/56/6 1942/56/6
f 1945/56/1 1948/56/1 1947/56/1 1946/56/1
f 1949/56/2 1950/56/2 1951/56/2 1952/56/2
f 1945/56/3 1946/56/3 1950/56/3 1949/56/3
f 1948/56/4 1952/56/4 1951/56/4 1947/56/4
f 1945/56/5 1949/56/5 1952/56/5 1948/56/5
f 1946/56/6 1947/56/6 1951/56/6 1950/56/6
f 1953/56/1 1956/56/1 1955/56/1 1954/56/1
f 1957/56/2 1958/56/2 1959/56/2 1960/56/2
f 1953/56/3 1954/56/3 1958/56/3 1957/56/3
f 1956/56/4 1960/56/4 1959/56/4 1955/56/4
f 1953/56/5 1957/56/5 1960/56/5 1956/56/5
f 1954/56/6 1955/56/6 1959/56/6 1958/56/6
f 1961/56/1 1964/56/1 1963/56/1 1962/56/1
f 1965/56/2 1966/56/2 1967/56/2 1968/56/2
f 1961/56/3 1962/56/3 1966/56/3 1965/56/3
f 1964/56/4 1968/56/4 1967/56/4 1963/56/4
f 1961/56/5 1965/56/5 1968/56/5 1964/56/5
f 1962/56/6 1963/56/6 1967/56/6 1966/56/6
f 1969/2/1 1972/2/1 1971/2/1 1970/2/1
f 1973/2/2 1974/2/2 1975/2/2 1976/2/2
f 1969/2/3 1970/2/3 1974/2/3 1973/2/3
f 1972/2/4 1976/2/4 1975/2/4 1971/2/4
f 1969/2/5 1973/2/5 1976/2/5 1972/2/5
f 1970/2/6 1971/2/6 1975/2/6 1974/2/6
f 1977/2/1 1980/2/1 1979/2/1 1978/2/1
f 1981/2/2 1982/2/2 1983/2/2 1984/2/2
f 1977/2/3 1978/2/3 1982/2/3 1981/2/3
f 1980/2/4 1984/2/4 1983/2/4 1979/2/4
f 1977/2/5 1981/2/5 1984/2/5 1980/2/5
f 1978/2/6 1979/2/6 1983/2/6 1982/2/6
f 1985/47/1 1988/47/1 1987/47/1 1986/47/1
f 1989/47/2 1990/47/2 1991/47/2 1992/47/2
f 1985/47/3 1986/47/3 1990/47/3 1989/47/3
f 1988/47/4 1992/47/4 1991/47/4 1987/47/4
f 1985/47/5 1989/47/5 1992/47/5 1988/47/5
f 1986/47/6 1987/47/6 1991/47/6 1990/47/6
f 1993/47/1 1996/47/1 1995/47/1 1994/47/1
f 1997/47/2 1998/47/2 1999/47/2 2000/47/2
f 1993/47/3 1994/47/3 1998/47/3 1997/47/3
f 1996/47/4 2000/47/4 1999/47/4 1995/47/4
f 1993/47/5 1997/47/5 2000/47/5 1996/47/5
f 1994/47/6 1995/47/6 1999/47/6 1998/47/6
f 2001/47/1 2004/47/1 2003/47/1 2002/47/1
f 2005/47/2 2006/47/2 2007/47/2 2008/47/2
f 2001/47/3 2002/47/3 2006/47/3 2005/47/3
f 2004/47/4 2008/47/4 2007/47/4 2003/47/4
f 2001/47/5 2005/47/5 2008/47/5 2004/47/5
f 2002/47/6 2003/47/6 2007/47/6 2006/47/6
f 2009/47/1 2012/47/1 2011/47/1 2010/47/1
f 2013/47/2 2014/47/2 2015/47/2 2016/47/2
f 2009/47/3 2010/47/3 2014/47/3 2013/47/3
f 2012/47/4 2016/47/4 2015/47/4 2011/47/4
f 2009/47/5 2013/47/5 2016/47/5 2012/47/5
f 2010/47/6 2011/47/6 2015/47/6 2014/47/6
f 2017/39/1 2020/39/1 2019/39/1 2018/39/1
f 2021/39/2 2022/39/2 2023/39/2 2024/39/2
f 2017/39/3 2018/39/3 2022/39/3 2021/39/3
f 2020/39/4 2024/39/4 2023/39/4 2019/39/4
f 2017/39/5 2021/39/5 2024/39/5 2020/39/5
f 2018/39/6 2019/39/6 2023/39/6 2022/39/6
f 2025/39/1 2028/39/1 2027/39/1 2026/39/1
f 2029/39/2 2030/39/2 2031/39/2 2032/39/2
f 2025/39/3 2026/39/3 2030/39/3 2029/39/3
f 2028/39/4 2032/39/4 2031/39/4 2027/39/4
f 2025/39/5 2029/39/5 2032/39/5 2028/39/5
f 2026/39/6 2027/39/6 2031/39/6 2030/39/6
f 2033/52/1 2036/52/1 2035/52/1 2034/52/1
f 2037/52/2 2038/52/2 2039/52/2 2040/52/2
f 2033/52/3 2034/52/3 2038/52/3 2037/52/3
f 2036/52/4 2040/52/4 2039/52/4 2035/52/4
f 2033/52/5 2037/52/5 2040/52/5 2036/52/5
f 2034/52/6 2035/52/6 2039/52/6 2038/52/6
f 2041/52/1 2044/52/1 2043/52/1 2042/52/1
f 2045/52/2 2046/52/2 2047/52/2 2048/52/2
f 2041/52/3 2042/52/3 2046/52/3 2045/52/3
f 2044/52/4 2048/52/4 2047/52/4 2043/52/4
f 2041/52/5 2045/52/5 2048/52/5 2044/52/5
f 2042/52/6 2043/52/6 2047/52/6 2046/52/6
f 2049/52/1 2052/52/1 2051/52/1 2050/52/1
f 2053/52/2 2054/52/2 2055/52/2 2056/52/2
f 2049/52/3 2050/52/3 2054/52/3 2053/52/3
f 2052/52/4 2056/52/4 2055/52/4 2051/52/4
f 2049/52/5 2053/52/5 2056/52/5 2052/52/5
f 2050/52/6 2051/52/6 2055/52/6 2054/52/6
f 2057/52/1 2060/52/1 2059/52/1 2058/52/1
f 2061/52/2 2062/52/2 2063/52/2 2064/52/2
f 2057/52/3 2058/52/3 2062/52/3 2061/52/3
f 2060/52/4 2064/52/4 2063/52/4 2059/52/4
f 2057/52/5 2061/52/5 2064/52/5 2060/52/5
f 2058/52/6 2059/52/6 2063/52/6 2062/52/6
f 2065/56/1 2068/56/1 2067/56/1 2066/56/1
f 2069/56/2 2070/56/2 2071/56/2 2072/56/2
f 2065/56/3 2066/56/3 2070/56/3 2069/56/3
f 2068/56/4 2072/56/4 2071/56/4 2067/56/4
f 2065/56/5 2069/56/5 2072/56/5 2068/56/5
f 2066/56/6 2067/56/6 2071/56/6 2070/56/6
f 2073/56/1 2076/56/1 2075/56/1 2074/56/1
f 2077/56/2 2078/56/2 2079/56/2 2080/56/2
f 2073/56/3 2074/56/3 2078/56/3 2077/56/3
f 2076/56/4 2080/56/4 2079/56/4 2075/56/4
f 2073/56/5 2077/56/5 2080/56/5 2076/56/5
f 2074/56/6 2075/56/6 2079/56/6 2078/56/6
f 2081/56/1 2084/56/1 2083/56/1 2082/56/1
f 2085/56/2 2086/56/2 2087/56/2 2088/56/2
f 2081/56/3 2082/56/3 2086/56/3 2085/56/3
f 2084/56/4 2088/56/4 2087/56/4 2083/56/4
f 2081/56/5 2085/56/5 2088/56/5 2084/56/5
f 2082/56/6 2083/56/6 2087/56/6 2086/56/6
f 2089/56/1 2092/56/1 2091/56/1 2090/56/1
f 2093/56/2 2094/56/2 2095/56/2 2096/56/2
f 2089/56/3 2090/56/3 2094/56/3 2093/56/3
f 2092/56/4 2096/56/4 2095/56/4 2091/56/4
f 2089/56/5 2093/56/5 2096/56/5 2092/56/5
f 2090/56/6 2091/56/6 2095/56/6 2094/56/6
f 2097/56/1 2100/56/1 2099/56/1 2098/56/1
f 2101/56/2 2102/56/2 2103/56/2 2104/56/2
f 2097/56/3 2098/56/3 2102/56/3 2101/56/3
f 2100/56/4 2104/56/4 2103/56/4 2099/56/4
f 2097/56/5 2101/56/5 2104/56/5 2100/56/5
f 2098/56/6 2099/56/6 2103/56/6 2102/56/6
f 2105/56/1 2108/56/1 2107/56/1 2106/56/1
f 2109/56/2 2110/56/2 2111/56/2 2112/56/2
f 2105/56/3 2106/56/3 2110/56/3 2109/56/3
f 2108/56/4 2112/56/4 2111/56/4 2107/56/4
f 2105/56/5 2109/56/5 2112/56/5 2108/56/5
f 2106/56/6 2107/56/6 2111/56/6 2110/56/6
f 2113/47/1 2116/47/1 2115/47/1 2114/47/1
f 2117/47/2 2118/47/2 2119/47/2 2120/47/2
f 2113/47/3 2114/47/3 2118/47/3 2117/47/3
f 2116/47/4 2120/47/4 2119/47/4 2115/47/4
f 2113/47/5 2117/47/5 2120/47/5 2116/47/5
f 2114/47/6 2115/47/6 2119/47/6 2118/47/6
f 2121/47/1 2124/47/1 2123/47/1 2122/47/1
f 2125/47/2 2126/47/2 2127/47/2 2128/47/2
f 2121/47/3 2122/47/3 2126/47/3 2125/47/3
f 2124/47/4 2128/47/4 2127/47/4 2123/47/4
f 2121/47/5 2125/47/5 2128/47/5 2124/47/5
f 2122/47/6 2123/47/6 2127/47/6 2126/47/6
f 2129/47/1 2132/47/1 2131/47/1 2130/47/1
f 2133/47/2 2134/47/2 2135/47/2 2136/47/2
f 2129/47/3 2130/47/3 2134/47/3 2133/47/3
f 2132/47/4 2136/47/4 2135/47/4 2131/47/4
f 2129/47/5 2133/47/5 2136/47/5 2132/47/5
f 2130/47/6 2131/47/6 2135/47/6 2134/47/6
f 2137/47/1 2140/47/1 2139/47/1 2138/47/1
f 2141/47/2 2142/47/2 2143/47/2 2144/47/2
f 2137/47/3 2138/47/3 2142/47/3 2141/47/3
f 2140/47/4 2144/47/4 2143/47/4 2139/47/4
f 2137/47/5 2141/47/5 2144/47/5 2140/47/5
f 2138/47/6 2139/47/6 2143/47/6 2142/47/6
f 2145/39/1 2148/39/1 2147/39/1 2146/39/1
f 2149/39/2 2150/39/2 2151/39/2 2152/39/2
f 2145/39/3 2146/39/3 2150/39/3 2149/39/3
f 2148/39/4 2152/39/4 2151/39/4 2147/39/4
f 2145/39/5 2149/39/5 2152/39/5 2148/39/5
f 2146/39/6 2147/39/6 2151/39/6 2150/39/6
f 2153/39/1 2156/39/1 2155/39/1 2154/39/1
f 2157/39/2 2158/39/2 2159/39/2 2160/39/2
f 2153/39/3 2154/39/3 2158/39/3 2157/39/3
f 2156/39/4 2160/39/4 2159/39/4 2155/39/4
f 2153/39/5 2157/39/5 2160/39/5 2156/39/5
f 2154/39/6 2155/39/6 2159/39/6 2158/39/6
f 2161/53/1 2164/53/1 2163/53/1 2162/53/1
f 2165/53/2 2166/53/2 2167/53/2 2168/53/2
f 2161/53/3 2162/53/3 2166/53/3 2165/53/3
f 2164/53/4 2168/53/4 2167/53/4 2163/53/4
f 2161/53/5 2165/53/5 2168/53/5 2164/53/5
f 2162/53/6 2163/53/6 2167/53/6 2166/53/6
f 2169/53/1 2172/53/1 2171/53/1 2170/53/1
f 2173/53/2 2174/53/2 2175/53/2 2176/53/2
f 2169/53/3 2170/53/3 2174/53/3 2173/53/3
f 2172/53/4 2176/53/4 2175/53/4 2171/53/4
f 2169/53/5 2173/53/5 2176/53/5 2172/53/5
f 2170/53/6 2171/53/6 2175/53/6 2174/53/6
f 2177/53/1 2180/53/1 2179/53/1 2178/53/1
f 2181/53/2 2182/53/2 2183/53/2 2184/53/2
f 2177/53/3 2178/53/3 2182/53/3 2181/53/3
f 2180/53/4 2184/53/4 2183/53/4 2179/53/4
f 2177/53/5 2181/53/5 2184/53/5 2180/53/5
f 2178/53/6 2179/53/6 2183/53/6 2182/53/6
f 2185/53/1 2188/53/1 2187/53/1 2186/53/1
f 2189/53/2 2190/53/2 2191/53/2 2192/53/2
f 2185/53/3 2186/53/3 2190/53/3 2189/53/3
f 2188/53/4 2192/53/4 2191/53/4 2187/53/4
f 2185/53/5 2189/53/5 2192/53/5 2188/53/5
f 2186/53/6 2187/53/6 2191/53/6 2190/53/6
f 2193/52/1 2196/52/1 2195/52/1 2194/52/1
f 2197/52/2 2198/52/2 2199/52/2 2200/52/2
f 2193/52/3 2194/52/3 2198/52/3 2197/52/3
f 2196/52/4 2200/52/4 2199/52/4 2195/52/4
f 2193/52/5 2197/52/5 2200/52/5 2196/52/5
f 2194/52/6 2195/52/6 2199/52/6 2198/52/6
f 2201/52/1 2204/52/1 2203/52/1 2202/52/1
f 2205/52/2 2206/52/2 2207/52/2 2208/52/2
f 2201/52/3 2202/52/3 2206/52/3 2205/52/3
f 2204/52/4 2208/52/4 2207/52/4 2203/52/4
f 2201/52/5 2205/52/5 2208/52/5 2204/52/5
f 2202/52/6 2203/52/6 2207/52/6 2206/52/6
f 2209/53/1 2212/53/1 2211/53/1 2210/53/1
f 2213/53/2 2214/53/2 2215/53/2 2216/53/2
f 2209/53/3 2210/53/3 2214/53/3 2213/53/3
f 2212/53/4 2216/53/4 2215/53/4 2211/53/4
f 2209/53/5 2213/53/5 2216/53/5 2212/53/5
f 2210/53/6 2211/53/6 2215/53/6 2214/53/6
f 2217/53/1 2220/53/1 2219/53/1 2218/53/1
f 2221/53/2 2222/53/2 2223/53/2 2224/53/2
f 2217/53/3 2218/53/3 2222/53/3 2221/53/3
f 2220/53/4 2224/53/4 2223/53/4 2219/53/4
f 2217/53/5 2221/53/5 2224/53/5 2220/53/5
f 2218/53/6 2219/53/6 2223/53/6 2222/53/6
f 2225/52/1 2228/52/1 2227/52/1 2226/52/1
f 2229/52/2 2230/52/2 2231/52/2 2232/52/2
f 2225/52/3 2226/52/3 2230/52/3 2229/52/3
f 2228/52/4 2232/52/4 2231/52/4 2227/52/4
f 2225/52/5 2229/52/5 2232/52/5 2228/52/5
f 2226/52/6 2227/52/6 2231/52/6 2230/52/6
f 2233/52/1 2236/52/1 2235/52/1 2234/52/1
f 2237/52/2 2238/52/2 2239/52/2 2240/52/2
f 2233/52/3 2234/52/3 2238/52/3 2237/52/3
f 2236/52/4 2240/52/4 2239/52/4 2235/52/4
f 2233/52/5 2237/52/5 2240/52/5 2236/52/5
f 2234/52/6 2235/52/6 2239/52/6 2238/52/6
f 2241/53/1 2244/53/1 2243/53/1 2242/53/1
f 2245/53/2 2246/53/2 2247/53/2 2248/53/2
f 2241/53/3 2242/53/3 2246/53/3 2245/53/3
f 2244/53/4 2248/53/4 2247/53/4 2243/53/4
f 2241/53/5 2245/53/5 2248/53/5 2244/53/5
f 2242/53/6 2243/53/6 2247/53/6 2246/53/6
f 2249/53/1 2252/53/1 2251/53/1 2250/53/1
f 2253/53/2 2254/53/2 2255/53/2 2256/53/2
f 2249/53/3 2250/53/3 2254/53/3 2253/53/3
f 2252/53/4 2256/53/4 2255/53/4 2251/53/4
f 2249/53/5 2253/53/5 2256/53/5 2252/53/5
f 2250/53/6 2251/53/6 2255/53/6 2254/53/6
f 2257/52/1 2260/52/1 2259/52/1 2258/52/1
f 2261/52/2 2262/52/2 2263/52/2 2264/52/2
f 2257/52/3 2258/52/3 2262/52/3 2261/52/3
f 2260/52/4 2264/52/4 2263/52/4 2259/52/4
f 2257/52/5 2261/52/5 2264/52/5 2260/52/5
f 2258/52/6 2259/52/6 2263/52/6 2262/52/6
f 2265/52/1 2268/52/1 2267/52/1 2266/52/1
f 2269/52/2 2270/52/2 2271/52/2 2272/52/2
f 2265/52/3 2266/52/3 2270/52/3 2269/52/3
f 2268/52/4 2272/52/4 2271/52/4 2267/52/4
f 2265/52/5 2269/52/5 2272/52/5 2268/52/5
f 2266/52/6 2267/52/6 2271/52/6 2270/52/6
f 2273/53/1 2276/53/1 2275/53/1 2274/53/1
f 2277/53/2 2278/53/2 2279/53/2 2280/53/2
f 2273/53/3 2274/53/3 2278/53/3 2277/53/3
f 2276/53/4 2280/53/4 2279/53/4 2275/53/4
f 2273/53/5 2277/53/5 2280/53/5 2276/53/5
f 2274/53/6 2275/53/6 2279/53/6 2278/53/6
f 2281/53/1 2284/53/1 2283/53/1 2282/53/1
f 2285/53/2 2286/53/2 2287/53/2 2288/53/2
f 2281/53/3 2282/53/3 2286/53/3 2285/53/3
f 2284/53/4 2288/53/4 2287/53/4 2283/53/4
f 2281/53/5 2285/53/5 2288/53/5 2284/53/5
f 2282/53/6 2283/53/6 2287/53/6 2286/53/6
f 2289/56/1 2292/56/1 2291/56/1 2290/56/1
f 2293/56/2 2294/56/2 2295/56/2 2296/56/2
f 2289/56/3 2290/56/3 2294/56/3 2293/56/3
f 2292/56/4 2296/56/4 2295/56/4 2291/56/4
f 2289/56/5 2293/56/5 2296/56/5 2292/56/5
f 2290/56/6 2291/56/6 2295/56/6 2294/56/6
f 2297/56/1 2300/56/1 2299/56/1 2298/56/1
f 2301/56/2 2302/56/2 2303/56/2 2304/56/2
f 2297/56/3 2298/56/3 2302/56/3 2301/56/3
f 2300/56/4 2304/56/4 2303/56/4 2299/56/4
f 2297/56/5 2301/56/5 2304/56/5 2300/56/5
f 2298/56/6 2299/56/6 2303/56/6 2302/56/6
f 2305/56/1 2308/56/1 2307/56/1 2306/56/1
f 2309/56/2 2310/56/2 2311/56/2 2312/56/2
f 2305/56/3 2306/56/3 2310/56/3 2309/56/3
f 2308/56/4 2312/56/4 2311/56/4 2307/56/4
f 2305/56/5 2309/56/5 2312/56/5 2308/56/5
f 2306/56/6 2307/56/6 2311/56/6 2310/56/6
f 2313/56/1 2316/56/1 2315/56/1 2314/56/1
f 2317/56/2 2318/56/2 2319/56/2 2320/56/2
f 2313/56/3 2314/56/3 2318/56/3 2317/56/3
f 2316/56/4 2320/56/4 2319/56/4 2315/56/4
f 2313/56/5 2317/56/5 2320/56/5 2316/56/5
f 2314/56/6 2315/56/6 2319/56/6 2318/56/6
f 2321/56/1 2324/56/1 2323/56/1 2322/56/1
f 2325/56/2 2326/56/2 2327/56/2 2328/56/2
f 2321/56/3 2322/56/3 2326/56/3 2325/56/3
f 2324/56/4 2328/56/4 2327/56/4 2323/56/4
f 2321/56/5 2325/56/5 2328/56/5 2324/56/5
f 2322/56/6 2323/56/6 2327/56/6 2326/56/6
f 2329/47/1 2332/47/1 2331/47/1 2330/47/1
f 2333/47/2 2334/47/2 2335/47/2 2336/47/2
f 2329/47/3 2330/47/3 2334/47/3 2333/47/3
f 2332/47/4 2336/47/4 2335/47/4 2331/47/4
f 2329/47/5 2333/47/5 2336/47/5 2332/47/5
f 2330/47/6 2331/47/6 2335/47/6 2334/47/6
f 2337/47/1 2340/47/1 2339/47/1 2338/47/1
f 2341/47/2 2342/47/2 2343/47/2 2344/47/2
f 2337/47/3 2338/47/3 2342/47/3 2341/47/3
f 2340/47/4 2344/47/4 2343/47/4 2339/47/4
f 2337/47/5 2341/47/5 2344/47/5 2340/47/5
f 2338/47/6 2339/47/6 2343/47/6 2342/47/6
f 2345/39/1 2348/39/1 2347/39/1 2346/39/1
f 2349/39/2 2350/39/2 2351/39/2 2352/39/2
f 2345/39/3 2346/39/3 2350/39/3 2349/39/3
f 2348/39/4 2352/39/4 2351/39/4 2347/39/4
f 2345/39/5 2349/39/5 2352/39/5 2348/39/5
f 2346/39/6 2347/39/6 2351/39/6 2350/39/6
f 2353/53/1 2356/53/1 2355/53/1 2354/53/1
f 2357/53/2 2358/53/2 2359/53/2 2360/53/2
f 2353/53/3 2354/53/3 2358/53/3 2357/53/3
f 2356/53/4 2360/53/4 2359/53/4 2355/53/4
f 2353/53/5 2357/53/5 2360/53/5 2356/53/5
f 2354/53/6 2355/53/6 2359/53/6 2358/53/6
f 2361/53/1 2364/53/1 2363/53/1 2362/53/1
f 2365/53/2 2366/53/2 2367/53/2 2368/53/2
f 2361/53/3 2362/53/3 2366/53/3 2365/53/3
f 2364/53/4 2368/53/4 2367/53/4 2363/53/4
f 2361/53/5 2365/53/5 2368/53/5 2364/53/5
f 2362/53/6 2363/53/6 2367/53/6 2366/53/6
f 2369/52/1 2372/52/1 2371/52/1 2370/52/1
f 2373/52/2 2374/52/2 2375/52/2 2376/52/2
f 2369/52/3 2370/52/3 2374/52/3 2373/52/3
f 2372/52/4 2376/52/4 2375/52/4 2371/52/4
f 2369/52/5 2373/52/5 2376/52/5 2372/52/5
f 2370/52/6 2371/52/6 2375/52/6 2374/52/6
f 2377/53/1 2380/53/1 2379/53/1 2378/53/1
f 2381/53/2 2382/53/2 2383/53/2 2384/53/2
f 2377/53/3 2378/53/3 2382/53/3 2381/53/3
f 2380/53/4 2384/53/4 2383/53/4 2379/53/4
f 2377/53/5 2381/53/5 2384/53/5 2380/53/5
f 2378/53/6 2379/53/6 2383/53/6 2382/53/6
f 2385/52/1 2388/52/1 2387/52/1 2386/52/1
f 2389/52/2 2390/52/2 2391/52/2 2392/52/2
f 2385/52/3 2386/52/3 2390/52/3 2389/52/3
f 2388/52/4 2392/52/4 2391/52/4 2387/52/4
f 2385/52/5 2389/52/5 2392/52/5 2388/52/5
f 2386/52/6 2387/52/6 2391/52/6 2390/52/6
f 2393/53/1 2396/53/1 2395/53/1 2394/53/1
f 2397/53/2 2398/53/2 2399/53/2 2400/53/2
f 2393/53/3 2394/53/3 2398/53/3 2397/53/3
f 2396/53/4 2400/53/4 2399/53/4 2395/53/4
f 2393/53/5 2397/53/5 2400/53/5 2396/53/5
f 2394/53/6 2395/53/6 2399/53/6 2398/53/6
f 2401/52/1 2404/52/1 2403/52/1 2402/52/1
f 2405/52/2 2406/52/2 2407/52/2 2408/52/2
f 2401/52/3 2402/52/3 2406/52/3 2405/52/3
f 2404/52/4 2408/52/4 2407/52/4 2403/52/4
f 2401/52/5 2405/52/5 2408/52/5 2404/52/5
f 2402/52/6 2403/52/6 2407/52/6 2406/52/6
f 2409/53/1 2412/53/1 2411/53/1 2410/53/1
f 2413/53/2 2414/53/2 2415/53/2 2416/53/2
f 2409/53/3 2410/53/3 2414/53/3 2413/53/3
f 2412/53/4 2416/53/4 2415/53/4 2411/53/4
f 2409/53/5 2413/53/5 2416/53/5 2412/53/5
f 2410/53/6 2411/53/6 2415/53/6 2414/53/6
f 2417/56/1 2420/56/1 2419/56/1 2418/56/1
f 2421/56/2 2422/56/2 2423/56/2 2424/56/2
f 2417/56/3 2418/56/3 2422/56/3 2421/56/3
f 2420/56/4 2424/56/4 2423/56/4 2419/56/4
f 2417/56/5 2421/56/5 2424/56/5 2420/56/5
f 2418/56/6 2419/56/6 2423/56/6 2422/56/6
f 2425/56/1 2428/56/1 2427/56/1 2426/56/1
f 2429/56/2 2430/56/2 2431/56/2 2432/56/2
f 2425/56/3 2426/56/3 2430/56/3 2429/56/3
f 2428/56/4 2432/56/4 2431/56/4 2427/56/4
f 2425/56/5 2429/56/5 2432/56/5 2428/56/5
f 2426/56/6 2427/56/6 2431/56/6 2430/56/6
f 2433/56/1 2436/56/1 2435/56/1 2434/56/1
f 2437/56/2 2438/56/2 2439/56/2 2440/56/2
f 2433/56/3 2434/56/3 2438/56/3 2437/56/3
f 2436/56/4 2440/56/4 2439/56/4 2435/56/4
f 2433/56/5 2437/56/5 2440/56/5 2436/56/5
f 2434/56/6 2435/56/6 2439/56/6 2438/56/6
f 2441/39/1 2444/39/1 2443/39/1 2442/39/1
f 2445/39/2 2446/39/2 2447/39/2 2448/39/2
f 2441/39/3 2442/39/3 2446/39/3 2445/39/3
f 2444/39/4 2448/39/4 2447/39/4 2443/39/4
f 2441/39/5 2445/39/5 2448/39/5 2444/39/5
f 2442/39/6 2443/39/6 2447/39/6 2446/39/6
f 2449/53/1 2452/53/1 2451/53/1 2450/53/1
f 2453/53/2 2454/53/2 2455/53/2 2456/53/2
f 2449/53/3 2450/53/3 2454/53/3 2453/53/3
f 2452/53/4 2456/53/4 2455/53/4 2451/53/4
f 2449/53/5 2453/53/5 2456/53/5 2452/53/5
f 2450/53/6 2451/53/6 2455/53/6 2454/53/6
f 2457/53/1 2460/53/1 2459/53/1 2458/53/1
f 2461/53/2 2462/53/2 2463/53/2 2464/53/2
f 2457/53/3 2458/53/3 2462/53/3 2461/53/3
f 2460/53/4 2464/53/4 2463/53/4 2459/53/4
f 2457/53/5 2461/53/5 2464/53/5 2460/53/5
f 2458/53/6 2459/53/6 2463/53/6 2462/53/6
f 2465/52/1 2468/52/1 2467/52/1 2466/52/1
f 2469/52/2 2470/52/2 2471/52/2 2472/52/2
f 2465/52/3 2466/52/3 2470/52/3 2469/52/3
f 2468/52/4 2472/52/4 2471/52/4 2467/52/4
f 2465/52/5 2469/52/5 2472/52/5 2468/52/5
f 2466/52/6 2467/52/6 2471/52/6 2470/52/6
f 2473/53/1 2476/53/1 2475/53/1 2474/53/1
f 2477/53/2 2478/53/2 2479/53/2 2480/53/2
f 2473/53/3 2474/53/3 2478/53/3 2477/53/3
f 2476/53/4 2480/53/4 2479/53/4 2475/53/4
f 2473/53/5 2477/53/5 2480/53/5 2476/53/5
f 2474/53/6 2475/53/6 2479/53/6 2478/53/6
f 2481/52/1 2484/52/1 2483/52/1 2482/52/1
f 2485/52/2 2486/52/2 2487/52/2 2488/52/2
f 2481/52/3 2482/52/3 2486/52/3 2485/52/3
f 2484/52/4 2488/52/4 2487/52/4 2483/52/4
f 2481/52/5 2485/52/5 2488/52/5 2484/52/5
f 2482/52/6 2483/52/6 2487/52/6 2486/52/6
f 2489/53/1 2492/53/1 2491/53/1 2490/53/1
f 2493/53/2 2494/53/2 2495/53/2 2496/53/2
f 2489/53/3 2490/53/3 2494/53/3 2493/53/3
f 2492/53/4 2496/53/4 2495/53/4 2491/53/4
f 2489/53/5 2493/53/5 2496/53/5 2492/53/5
f 2490/53/6 2491/53/6 2495/53/6 2494/53/6
f 2497/52/1 2500/52/1 2499/52/1 2498/52/1
f 2501/52/2 2502/52/2 2503/52/2 2504/52/2
f 2497/52/3 2498/52/3 2502/52/3 2501/52/3
f 2500/52/4 2504/52/4 2503/52/4 2499/52/4
f 2497/52/5 2501/52/5 2504/52/5 2500/52/5
f 2498/52/6 2499/52/6 2503/52/6 2502/52/6
f 2505/53/1 2508/53/1 2507/53/1 2506/53/1
f 2509/53/2 2510/53/2 2511/53/2 2512/53/2
f 2505/53/3 2506/53/3 2510/53/3 2509/53/3
f 2508/53/4 2512/53/4 2511/53/4 2507/53/4
f 2505/53/5 2509/53/5 2512/53/5 2508/53/5
f 2506/53/6 2507/53/6 2511/53/6 2510/53/6
f 2513/56/1 2516/56/1 2515/56/1 2514/56/1
f 2517/56/2 2518/56/2 2519/56/2 2520/56/2
f 2513/56/3 2514/56/3 2518/56/3 2517/56/3
f 2516/56/4 2520/56/4 2519/56/4 2515/56/4
f 2513/56/5 2517/56/5 2520/56/5 2516/56/5
f 2514/56/6 2515/56/6 2519/56/6 2518/56/6
f 2521/56/1 2524/56/1 2523/56/1 2522/56/1
f 2525/56/2 2526/56/2 2527/56/2 2528/56/2
f 2521/56/3 2522/56/3 2526/56/3 2525/56/3
f 2524/56/4 2528/56/4 2527/56/4 2523/56/4
f 2521/56/5 2525/56/5 2528/56/5 2524/56/5
f 2522/56/6 2523/56/6 2527/56/6 2526/56/6
o FRAME
usemtl palette
f 2529/30/1 2532/30/1 2531/30/1 2530/30/1
f 2533/30/2 2534/30/2 2535/30/2 2536/30/2
f 2529/30/3 2530/30/3 2534/30/3 2533/30/3
f 2532/30/4 2536/30/4 2535/30/4 2531/30/4
f 2529/30/5 2533/30/5 2536/30/5 2532/30/5
f 2530/30/6 2531/30/6 2535/30/6 2534/30/6
f 2537/33/1 2540/33/1 2539/33/1 2538/33/1
f 2541/33/2 2542/33/2 2543/33/2 2544/33/2
f 2537/33/3 2538/33/3 2542/33/3 2541/33/3
f 2540/33/4 2544/33/4 2543/33/4 2539/33/4
f 2537/33/5 2541/33/5 2544/33/5 2540/33/5
f 2538/33/6 2539/33/6 2543/33/6 2542/33/6
f 2545/30/1 2548/30/1 2547/30/1 2546/30/1
f 2549/30/2 2550/30/2 2551/30/2 2552/30/2
f 2545/30/3 2546/30/3 2550/30/3 2549/30/3
f 2548/30/4 2552/30/4 2551/30/4 2547/30/4
f 2545/30/5 2549/30/5 2552/30/5 2548/30/5
f 2546/30/6 2547/30/6 2551/30/6 2550/30/6
f 2553/30/1 2556/30/1 2555/30/1 2554/30/1
f 2557/30/2 2558/30/2 2559/30/2 2560/30/2
f 2553/30/3 2554/30/3 2558/30/3 2557/30/3
f 2556/30/4 2560/30/4 2559/30/4 2555/30/4
f 2553/30/5 2557/30/5 2560/30/5 2556/30/5
f 2554/30/6 2555/30/6 2559/30/6 2558/30/6
f 2561/30/1 2564/30/1 2563/30/1 2562/30/1
f 2565/30/2 2566/30/2 2567/30/2 2568/30/2
f 2561/30/3 2562/30/3 2566/30/3 2565/30/3
f 2564/30/4 2568/30/4 2567/30/4 2563/30/4
f 2561/30/5 2565/30/5 2568/30/5 2564/30/5
f 2562/30/6 2563/30/6 2567/30/6 2566/30/6
f 2569/30/1 2572/30/1 2571/30/1 2570/30/1
f 2573/30/2 2574/30/2 2575/30/2 2576/30/2
f 2569/30/3 2570/30/3 2574/30/3 2573/30/3
f 2572/30/4 2576/30/4 2575/30/4 2571/30/4
f 2569/30/5 2573/30/5 2576/30/5 2572/30/5
f 2570/30/6 2571/30/6 2575/30/6 2574/30/6
f 2577/30/1 2580/30/1 2579/30/1 2578/30/1
f 2581/30/2 2582/30/2 2583/30/2 2584/30/2
f 2577/30/3 2578/30/3 2582/30/3 2581/30/3
f 2580/30/4 2584/30/4 2583/30/4 2579/30/4
f 2577/30/5 2581/30/5 2584/30/5 2580/30/5
f 2578/30/6 2579/30/6 2583/30/6 2582/30/6
f 2585/30/1 2588/30/1 2587/30/1 2586/30/1
f 2589/30/2 2590/30/2 2591/30/2 2592/30/2
f 2585/30/3 2586/30/3 2590/30/3 2589/30/3
f 2588/30/4 2592/30/4 2591/30/4 2587/30/4
f 2585/30/5 2589/30/5 2592/30/5 2588/30/5
f 2586/30/6 2587/30/6 2591/30/6 2590/30/6
f 2593/30/1 2596/30/1 2595/30/1 2594/30/1
f 2597/30/2 2598/30/2 2599/30/2 2600/30/2
f 2593/30/3 2594/30/3 2598/30/3 2597/30/3
f 2596/30/4 2600/30/4 2599/30/4 2595/30/4
f 2593/30/5 2597/30/5 2600/30/5 2596/30/5
f 2594/30/6 2595/30/6 2599/30/6 2598/30/6
f 2601/30/1 2604/30/1 2603/30/1 2602/30/1
f 2605/30/2 2606/30/2 2607/30/2 2608/30/2
f 2601/30/3 2602/30/3 2606/30/3 2605/30/3
f 2604/30/4 2608/30/4 2607/30/4 2603/30/4
f 2601/30/5 2605/30/5 2608/30/5 2604/30/5
f 2602/30/6 2603/30/6 2607/30/6 2606/30/6
f 2609/30/1 2612/30/1 2611/30/1 2610/30/1
f 2613/30/2 2614/30/2 2615/30/2 2616/30/2
f 2609/30/3 2610/30/3 2614/30/3 2613/30/3
f 2612/30/4 2616/30/4 2615/30/4 2611/30/4
f 2609/30/5 2613/30/5 2616/30/5 2612/30/5
f 2610/30/6 2611/30/6 2615/30/6 2614/30/6
f 2617/30/1 2620/30/1 2619/30/1 2618/30/1
f 2621/30/2 2622/30/2 2623/30/2 2624/30/2
f 2617/30/3 2618/30/3 2622/30/3 2621/30/3
f 2620/30/4 2624/30/4 2623/30/4 2619/30/4
f 2617/30/5 2621/30/5 2624/30/5 2620/30/5
f 2618/30/6 2619/30/6 2623/30/6 2622/30/6
f 2625/30/1 2628/30/1 2627/30/1 2626/30/1
f 2629/30/2 2630/30/2 2631/30/2 2632/30/2
f 2625/30/3 2626/30/3 2630/30/3 2629/30/3
f 2628/30/4 2632/30/4 2631/30/4 2627/30/4
f 2625/30/5 2629/30/5 2632/30/5 2628/30/5
f 2626/30/6 2627/30/6 2631/30/6 2630/30/6
f 2633/30/1 2636/30/1 2635/30/1 2634/30/1
f 2637/30/2 2638/30/2 2639/30/2 2640/30/2
f 2633/30/3 2634/30/3 2638/30/3 2637/30/3
f 2636/30/4 2640/30/4 2639/30/4 2635/30/4
f 2633/30/5 2637/30/5 2640/30/5 2636/30/5
f 2634/30/6 2635/30/6 2639/30/6 2638/30/6
f 2641/30/1 2644/30/1 2643/30/1 2642/30/1
f 2645/30/2 2646/30/2 2647/30/2 2648/30/2
f 2641/30/3 2642/30/3 2646/30/3 2645/30/3
f 2644/30/4 2648/30/4 2647/30/4 2643/30/4
f 2641/30/5 2645/30/5 2648/30/5 2644/30/5
f 2642/30/6 2643/30/6 2647/30/6 2646/30/6
f 2649/30/1 2652/30/1 2651/30/1 2650/30/1
f 2653/30/2 2654/30/2 2655/30/2 2656/30/2
f 2649/30/3 2650/30/3 2654/30/3 2653/30/3
f 2652/30/4 2656/30/4 2655/30/4 2651/30/4
f 2649/30/5 2653/30/5 2656/30/5 2652/30/5
f 2650/30/6 2651/30/6 2655/30/6 2654/30/6
f 2657/36/1 2660/36/1 2659/36/1 2658/36/1
f 2661/36/2 2662/36/2 2663/36/2 2664/36/2
f 2657/36/3 2658/36/3 2662/36/3 2661/36/3
f 2660/36/4 2664/36/4 2663/36/4 2659/36/4
f 2657/36/5 2661/36/5 2664/36/5 2660/36/5
f 2658/36/6 2659/36/6 2663/36/6 2662/36/6
f 2665/36/1 2668/36/1 2667/36/1 2666/36/1
f 2669/36/2 2670/36/2 2671/36/2 2672/36/2
f 2665/36/3 2666/36/3 2670/36/3 2669/36/3
f 2668/36/4 2672/36/4 2671/36/4 2667/36/4
f 2665/36/5 2669/36/5 2672/36/5 2668/36/5
f 2666/36/6 2667/36/6 2671/36/6 2670/36/6
f 2673/33/1 2676/33/1 2675/33/1 2674/33/1
f 2677/33/2 2678/33/2 2679/33/2 2680/33/2
f 2673/33/3 2674/33/3 2678/33/3 2677/33/3
f 2676/33/4 2680/33/4 2679/33/4 2675/33/4
f 2673/33/5 2677/33/5 2680/33/5 2676/33/5
f 2674/33/6 2675/33/6 2679/33/6 2678/33/6
f 2681/30/1 2684/30/1 2683/30/1 2682/30/1
f 2685/30/2 2686/30/2 2687/30/2 2688/30/2
f 2681/30/3 2682/30/3 2686/30/3 2685/30/3
f 2684/30/4 2688/30/4 2687/30/4 2683/30/4
f 2681/30/5 2685/30/5 2688/30/5 2684/30/5
f 2682/30/6 2683/30/6 2687/30/6 2686/30/6
f 2689/30/1 2692/30/1 2691/30/1 2690/30/1
f 2693/30/2 2694/30/2 2695/30/2 2696/30/2
f 2689/30/3 2690/30/3 2694/30/3 2693/30/3
f 2692/30/4 2696/30/4 2695/30/4 2691/30/4
f 2689/30/5 2693/30/5 2696/30/5 2692/30/5
f 2690/30/6 2691/30/6 2695/30/6 2694/30/6
f 2697/30/1 2700/30/1 2699/30/1 2698/30/1
f 2701/30/2 2702/30/2 2703/30/2 2704/30/2
f 2697/30/3 2698/30/3 2702/30/3 2701/30/3
f 2700/30/4 2704/30/4 2703/30/4 2699/30/4
f 2697/30/5 2701/30/5 2704/30/5 2700/30/5
f 2698/30/6 2699/30/6 2703/30/6 2702/30/6
f 2705/30/1 2708/30/1 2707/30/1 2706/30/1
f 2709/30/2 2710/30/2 2711/30/2 2712/30/2
f 2705/30/3 2706/30/3 2710/30/3 2709/30/3
f 2708/30/4 2712/30/4 2711/30/4 2707/30/4
f 2705/30/5 2709/30/5 2712/30/5 2708/30/5
f 2706/30/6 2707/30/6 2711/30/6 2710/30/6
f 2713/30/1 2716/30/1 2715/30/1 2714/30/1
f 2717/30/2 2718/30/2 2719/30/2 2720/30/2
f 2713/30/3 2714/30/3 2718/30/3 2717/30/3
f 2716/30/4 2720/30/4 2719/30/4 2715/30/4
f 2713/30/5 2717/30/5 2720/30/5 2716/30/5
f 2714/30/6 2715/30/6 2719/30/6 2718/30/6
f 2721/30/1 2724/30/1 2723/30/1 2722/30/1
f 2725/30/2 2726/30/2 2727/30/2 2728/30/2
f 2721/30/3 2722/30/3 2726/30/3 2725/30/3
f 2724/30/4 2728/30/4 2727/30/4 2723/30/4
f 2721/30/5 2725/30/5 2728/30/5 2724/30/5
f 2722/30/6 2723/30/6 2727/30/6 2726/30/6
f 2729/30/1 2732/30/1 2731/30/1 2730/30/1
f 2733/30/2 2734/30/2 2735/30/2 2736/30/2
f 2729/30/3 2730/30/3 2734/30/3 2733/30/3
f 2732/30/4 2736/30/4 2735/30/4 2731/30/4
f 2729/30/5 2733/30/5 2736/30/5 2732/30/5
f 2730/30/6 2731/30/6 2735/30/6 2734/30/6
f 2737/30/1 2740/30/1 2739/30/1 2738/30/1
f 2741/30/2 2742/30/2 2743/30/2 2744/30/2
f 2737/30/3 2738/30/3 2742/30/3 2741/30/3
f 2740/30/4 2744/30/4 2743/30/4 2739/30/4
f 2737/30/5 2741/30/5 2744/30/5 2740/30/5
f 2738/30/6 2739/30/6 2743/30/6 2742/30/6
f 2745/32/1 2748/32/1 2747/32/1 2746/32/1
f 2749/32/2 2750/32/2 2751/32/2 2752/32/2
f 2745/32/3 2746/32/3 2750/32/3 2749/32/3
f 2748/32/4 2752/32/4 2751/32/4 2747/32/4
f 2745/32/5 2749/32/5 2752/32/5 2748/32/5
f 2746/32/6 2747/32/6 2751/32/6 2750/32/6
f 2753/30/1 2756/30/1 2755/30/1 2754/30/1
f 2757/30/2 2758/30/2 2759/30/2 2760/30/2
f 2753/30/3 2754/30/3 2758/30/3 2757/30/3
f 2756/30/4 2760/30/4 2759/30/4 2755/30/4
f 2753/30/5 2757/30/5 2760/30/5 2756/30/5
f 2754/30/6 2755/30/6 2759/30/6 2758/30/6
f 2761/30/1 2764/30/1 2763/30/1 2762/30/1
f 2765/30/2 2766/30/2 2767/30/2 2768/30/2
f 2761/30/3 2762/30/3 2766/30/3 2765/30/3
f 2764/30/4 2768/30/4 2767/30/4 2763/30/4
f 2761/30/5 2765/30/5 2768/30/5 2764/30/5
f 2762/30/6 2763/30/6 2767/30/6 2766/30/6
f 2769/30/1 2772/30/1 2771/30/1 2770/30/1
f 2773/30/2 2774/30/2 2775/30/2 2776/30/2
f 2769/30/3 2770/30/3 2774/30/3 2773/30/3
f 2772/30/4 2776/30/4 2775/30/4 2771/30/4
f 2769/30/5 2773/30/5 2776/30/5 2772/30/5
f 2770/30/6 2771/30/6 2775/30/6 2774/30/6
f 2777/30/1 2780/30/1 2779/30/1 2778/30/1
f 2781/30/2 2782/30/2 2783/30/2 2784/30/2
f 2777/30/3 2778/30/3 2782/30/3 2781/30/3
f 2780/30/4 2784/30/4 2783/30/4 2779/30/4
f 2777/30/5 2781/30/5 2784/30/5 2780/30/5
f 2778/30/6 2779/30/6 2783/30/6 2782/30/6
f 2785/30/1 2788/30/1 2787/30/1 2786/30/1
f 2789/30/2 2790/30/2 2791/30/2 2792/30/2
f 2785/30/3 2786/30/3 2790/30/3 2789/30/3
f 2788/30/4 2792/30/4 2791/30/4 2787/30/4
f 2785/30/5 2789/30/5 2792/30/5 2788/30/5
f 2786/30/6 2787/30/6 2791/30/6 2790/30/6
f 2793/30/1 2796/30/1 2795/30/1 2794/30/1
f 2797/30/2 2798/30/2 2799/30/2 2800/30/2
f 2793/30/3 2794/30/3 2798/30/3 2797/30/3
f 2796/30/4 2800/30/4 2799/30/4 2795/30/4
f 2793/30/5 2797/30/5 2800/30/5 2796/30/5
f 2794/30/6 2795/30/6 2799/30/6 2798/30/6
f 2801/30/1 2804/30/1 2803/30/1 2802/30/1
f 2805/30/2 2806/30/2 2807/30/2 2808/30/2
f 2801/30/3 2802/30/3 2806/30/3 2805/30/3
f 2804/30/4 2808/30/4 2807/30/4 2803/30/4
f 2801/30/5 2805/30/5 2808/30/5 2804/30/5
f 2802/30/6 2803/30/6 2807/30/6 2806/30/6
f 2809/30/1 2812/30/1 2811/30/1 2810/30/1
f 2813/30/2 2814/30/2 2815/30/2 2816/30/2
f 2809/30/3 2810/30/3 2814/30/3 2813/30/3
f 2812/30/4 2816/30/4 2815/30/4 2811/30/4
f 2809/30/5 2813/30/5 2816/30/5 2812/30/5
f 2810/30/6 2811/30/6 2815/30/6 2814/30/6
f 2817/30/1 2820/30/1 2819/30/1 2818/30/1
f 2821/30/2 2822/30/2 2823/30/2 2824/30/2
f 2817/30/3 2818/30/3 2822/30/3 2821/30/3
f 2820/30/4 2824/30/4 2823/30/4 2819/30/4
f 2817/30/5 2821/30/5 2824/30/5 2820/30/5
f 2818/30/6 2819/30/6 2823/30/6 2822/30/6
f 2825/30/1 2828/30/1 2827/30/1 2826/30/1
f 2829/30/2 2830/30/2 2831/30/2 2832/30/2
f 2825/30/3 2826/30/3 2830/30/3 2829/30/3
f 2828/30/4 2832/30/4 2831/30/4 2827/30/4
f 2825/30/5 2829/30/5 2832/30/5 2828/30/5
f 2826/30/6 2827/30/6 2831/30/6 2830/30/6
f 2833/30/1 2836/30/1 2835/30/1 2834/30/1
f 2837/30/2 2838/30/2 2839/30/2 2840/30/2
f 2833/30/3 2834/30/3 2838/30/3 2837/30/3
f 2836/30/4 2840/30/4 2839/30/4 2835/30/4
f 2833/30/5 2837/30/5 2840/30/5 2836/30/5
f 2834/30/6 2835/30/6 2839/30/6 2838/30/6
f 2841/30/1 2844/30/1 2843/30/1 2842/30/1
f 2845/30/2 2846/30/2 2847/30/2 2848/30/2
f 2841/30/3 2842/30/3 2846/30/3 2845/30/3
f 2844/30/4 2848/30/4 2847/30/4 2843/30/4
f 2841/30/5 2845/30/5 2848/30/5 2844/30/5
f 2842/30/6 2843/30/6 2847/30/6 2846/30/6
f 2849/30/1 2852/30/1 2851/30/1 2850/30/1
f 2853/30/2 2854/30/2 2855/30/2 2856/30/2
f 2849/30/3 2850/30/3 2854/30/3 2853/30/3
f 2852/30/4 2856/30/4 2855/30/4 2851/30/4
f 2849/30/5 2853/30/5 2856/30/5 2852/30/5
f 2850/30/6 2851/30/6 2855/30/6 2854/30/6
f 2857/30/1 2860/30/1 2859/30/1 2858/30/1
f 2861/30/2 2862/30/2 2863/30/2 2864/30/2
f 2857/30/3 2858/30/3 2862/30/3 2861/30/3
f 2860/30/4 2864/30/4 2863/30/4 2859/30/4
f 2857/30/5 2861/30/5 2864/30/5 2860/30/5
f 2858/30/6 2859/30/6 2863/30/6 2862/30/6
f 2865/36/1 2868/36/1 2867/36/1 2866/36/1
f 2869/36/2 2870/36/2 2871/36/2 2872/36/2
f 2865/36/3 2866/36/3 2870/36/3 2869/36/3
f 2868/36/4 2872/36/4 2871/36/4 2867/36/4
f 2865/36/5 2869/36/5 2872/36/5 2868/36/5
f 2866/36/6 2867/36/6 2871/36/6 2870/36/6
f 2873/33/1 2876/33/1 2875/33/1 2874/33/1
f 2877/33/2 2878/33/2 2879/33/2 2880/33/2
f 2873/33/3 2874/33/3 2878/33/3 2877/33/3
f 2876/33/4 2880/33/4 2879/33/4 2875/33/4
f 2873/33/5 2877/33/5 2880/33/5 2876/33/5
f 2874/33/6 2875/33/6 2879/33/6 2878/33/6
f 2881/35/1 2884/35/1 2883/35/1 2882/35/1
f 2885/35/2 2886/35/2 2887/35/2 2888/35/2
f 2881/35/3 2882/35/3 2886/35/3 2885/35/3
f 2884/35/4 2888/35/4 2887/35/4 2883/35/4
f 2881/35/5 2885/35/5 2888/35/5 2884/35/5
f 2882/35/6 2883/35/6 2887/35/6 2886/35/6
f 2889/34/1 2892/34/1 2891/34/1 2890/34/1
f 2893/34/2 2894/34/2 2895/34/2 2896/34/2
f 2889/34/3 2890/34/3 2894/34/3 2893/34/3
f 2892/34/4 2896/34/4 2895/34/4 2891/34/4
f 2889/34/5 2893/34/5 2896/34/5 2892/34/5
f 2890/34/6 2891/34/6 2895/34/6 2894/34/6
f 2897/34/1 2900/34/1 2899/34/1 2898/34/1
f 2901/34/2 2902/34/2 2903/34/2 2904/34/2
f 2897/34/3 2898/34/3 2902/34/3 2901/34/3
f 2900/34/4 2904/34/4 2903/34/4 2899/34/4
f 2897/34/5 2901/34/5 2904/34/5 2900/34/5
f 2898/34/6 2899/34/6 2903/34/6 2902/34/6
f 2905/34/1 2908/34/1 2907/34/1 2906/34/1
f 2909/34/2 2910/34/2 2911/34/2 2912/34/2
f 2905/34/3 2906/34/3 2910/34/3 2909/34/3
f 2908/34/4 2912/34/4 2911/34/4 2907/34/4
f 2905/34/5 2909/34/5 2912/34/5 2908/34/5
f 2906/34/6 2907/34/6 2911/34/6 2910/34/6
f 2913/34/1 2916/34/1 2915/34/1 2914/34/1
f 2917/34/2 2918/34/2 2919/34/2 2920/34/2
f 2913/34/3 2914/34/3 2918/34/3 2917/34/3
f 2916/34/4 2920/34/4 2919/34/4 2915/34/4
f 2913/34/5 2917/34/5 2920/34/5 2916/34/5
f 2914/34/6 2915/34/6 2919/34/6 2918/34/6
f 2921/34/1 2924/34/1 2923/34/1 2922/34/1
f 2925/34/2 2926/34/2 2927/34/2 2928/34/2
f 2921/34/3 2922/34/3 2926/34/3 2925/34/3
f 2924/34/4 2928/34/4 2927/34/4 2923/34/4
f 2921/34/5 2925/34/5 2928/34/5 2924/34/5
f 2922/34/6 2923/34/6 2927/34/6 2926/34/6
f 2929/34/1 2932/34/1 2931/34/1 2930/34/1
f 2933/34/2 2934/34/2 2935/34/2 2936/34/2
f 2929/34/3 2930/34/3 2934/34/3 2933/34/3
f 2932/34/4 2936/34/4 2935/34/4 2931/34/4
f 2929/34/5 2933/34/5 2936/34/5 2932/34/5
f 2930/34/6 2931/34/6 2935/34/6 2934/34/6
f 2937/34/1 2940/34/1 2939/34/1 2938/34/1
f 2941/34/2 2942/34/2 2943/34/2 2944/34/2
f 2937/34/3 2938/34/3 2942/34/3 2941/34/3
f 2940/34/4 2944/34/4 2943/34/4 2939/34/4
f 2937/34/5 2941/34/5 2944/34/5 2940/34/5
f 2938/34/6 2939/34/6 2943/34/6 2942/34/6
f 2945/34/1 2948/34/1 2947/34/1 2946/34/1
f 2949/34/2 2950/34/2 2951/34/2 2952/34/2
f 2945/34/3 2946/34/3 2950/34/3 2949/34/3
f 2948/34/4 2952/34/4 2951/34/4 2947/34/4
f 2945/34/5 2949/34/5 2952/34/5 2948/34/5
f 2946/34/6 2947/34/6 2951/34/6 2950/34/6
f 2953/34/1 2956/34/1 2955/34/1 2954/34/1
f 2957/34/2 2958/34/2 2959/34/2 2960/34/2
f 2953/34/3 2954/34/3 2958/34/3 2957/34/3
f 2956/34/4 2960/34/4 2959/34/4 2955/34/4
f 2953/34/5 2957/34/5 2960/34/5 2956/34/5
f 2954/34/6 2955/34/6 2959/34/6 2958/34/6
f 2961/34/1 2964/34/1 2963/34/1 2962/34/1
f 2965/34/2 2966/34/2 2967/34/2 2968/34/2
f 2961/34/3 2962/34/3 2966/34/3 2965/34/3
f 2964/34/4 2968/34/4 2967/34/4 2963/34/4
f 2961/34/5 2965/34/5 2968/34/5 2964/34/5
f 2962/34/6 2963/34/6 2967/34/6 2966/34/6
f 2969/34/1 2972/34/1 2971/34/1 2970/34/1
f 2973/34/2 2974/34/2 2975/34/2 2976/34/2
f 2969/34/3 2970/34/3 2974/34/3 2973/34/3
f 2972/34/4 2976/34/4 2975/34/4 2971/34/4
f 2969/34/5 2973/34/5 2976/34/5 2972/34/5
f 2970/34/6 2971/34/6 2975/34/6 2974/34/6
f 2977/34/1 2980/34/1 2979/34/1 2978/34/1
f 2981/34/2 2982/34/2 2983/34/2 2984/34/2
f 2977/34/3 2978/34/3 2982/34/3 2981/34/3
f 2980/34/4 2984/34/4 2983/34/4 2979/34/4
f 2977/34/5 2981/34/5 2984/34/5 2980/34/5
f 2978/34/6 2979/34/6 2983/34/6 2982/34/6
f 2985/34/1 2988/34/1 2987/34/1 2986/34/1
f 2989/34/2 2990/34/2 2991/34/2 2992/34/2
f 2985/34/3 2986/34/3 2990/34/3 2989/34/3
f 2988/34/4 2992/34/4 2991/34/4 2987/34/4
f 2985/34/5 2989/34/5 2992/34/5 2988/34/5
f 2986/34/6 2987/34/6 2991/34/6 2990/34/6
f 2993/34/1 2996/34/1 2995/34/1 2994/34/1
f 2997/34/2 2998/34/2 2999/34/2 3000/34/2
f 2993/34/3 2994/34/3 2998/34/3 2997/34/3
f 2996/34/4 3000/34/4 2999/34/4 2995/34/4
f 2993/34/5 2997/34/5 3000/34/5 2996/34/5
f 2994/34/6 2995/34/6 2999/34/6 2998/34/6
f 3001/34/1 3004/34/1 3003/34/1 3002/34/1
f 3005/34/2 3006/34/2 3007/34/2 3008/34/2
f 3001/34/3 3002/34/3 3006/34/3 3005/34/3
f 3004/34/4 3008/34/4 3007/34/4 3003/34/4
f 3001/34/5 3005/34/5 3008/34/5 3004/34/5
f 3002/34/6 3003/34/6 3007/34/6 3006/34/6
f 3009/34/1 3012/34/1 3011/34/1 3010/34/1
f 3013/34/2 3014/34/2 3015/34/2 3016/34/2
f 3009/34/3 3010/34/3 3014/34/3 3013/34/3
f 3012/34/4 3016/34/4 3015/34/4 3011/34/4
f 3009/34/5 3013/34/5 3016/34/5 3012/34/5
f 3010/34/6 3011/34/6 3015/34/6 3014/34/6
f 3017/34/1 3020/34/1 3019/34/1 3018/34/1
f 3021/34/2 3022/34/2 3023/34/2 3024/34/2
f 3017/34/3 3018/34/3 3022/34/3 3021/34/3
f 3020/34/4 3024/34/4 3023/34/4 3019/34/4
f 3017/34/5 3021/34/5 3024/34/5 3020/34/5
f 3018/34/6 3019/34/6 3023/34/6 3022/34/6
f 3025/34/1 3028/34/1 3027/34/1 3026/34/1
f 3029/34/2 3030/34/2 3031/34/2 3032/34/2
f 3025/34/3 3026/34/3 3030/34/3 3029/34/3
f 3028/34/4 3032/34/4 3031/34/4 3027/34/4
f 3025/34/5 3029/34/5 3032/34/5 3028/34/5
f 3026/34/6 3027/34/6 3031/34/6 3030/34/6
f 3033/34/1 3036/34/1 3035/34/1 3034/34/1
f 3037/34/2 3038/34/2 3039/34/2 3040/34/2
f 3033/34/3 3034/34/3 3038/34/3 3037/34/3
f 3036/34/4 3040/34/4 3039/34/4 3035/34/4
f 3033/34/5 3037/34/5 3040/34/5 3036/34/5
f 3034/34/6 3035/34/6 3039/34/6 3038/34/6
f 3041/34/1 3044/34/1 3043/34/1 3042/34/1
f 3045/34/2 3046/34/2 3047/34/2 3048/34/2
f 3041/34/3 3042/34/3 3046/34/3 3045/34/3
f 3044/34/4 3048/34/4 3047/34/4 3043/34/4
f 3041/34/5 3045/34/5 3048/34/5 3044/34/5
f 3042/34/6 3043/34/6 3047/34/6 3046/34/6
f 3049/36/1 3052/36/1 3051/36/1 3050/36/1
f 3053/36/2 3054/36/2 3055/36/2 3056/36/2
f 3049/36/3 3050/36/3 3054/36/3 3053/36/3
f 3052/36/4 3056/36/4 3055/36/4 3051/36/4
f 3049/36/5 3053/36/5 3056/36/5 3052/36/5
f 3050/36/6 3051/36/6 3055/36/6 3054/36/6
f 3057/33/1 3060/33/1 3059/33/1 3058/33/1
f 3061/33/2 3062/33/2 3063/33/2 3064/33/2
f 3057/33/3 3058/33/3 3062/33/3 3061/33/3
f 3060/33/4 3064/33/4 3063/33/4 3059/33/4
f 3057/33/5 3061/33/5 3064/33/5 3060/33/5
f 3058/33/6 3059/33/6 3063/33/6 3062/33/6
f 3065/35/1 3068/35/1 3067/35/1 3066/35/1
f 3069/35/2 3070/35/2 3071/35/2 3072/35/2
f 3065/35/3 3066/35/3 3070/35/3 3069/35/3
f 3068/35/4 3072/35/4 3071/35/4 3067/35/4
f 3065/35/5 3069/35/5 3072/35/5 3068/35/5
f 3066/35/6 3067/35/6 3071/35/6 3070/35/6
f 3073/34/1 3076/34/1 3075/34/1 3074/34/1
f 3077/34/2 3078/34/2 3079/34/2 3080/34/2
f 3073/34/3 3074/34/3 3078/34/3 3077/34/3
f 3076/34/4 3080/34/4 3079/34/4 3075/34/4
f 3073/34/5 3077/34/5 3080/34/5 3076/34/5
f 3074/34/6 3075/34/6 3079/34/6 3078/34/6
f 3081/34/1 3084/34/1 3083/34/1 3082/34/1
f 3085/34/2 3086/34/2 3087/34/2 3088/34/2
f 3081/34/3 3082/34/3 3086/34/3 3085/34/3
f 3084/34/4 3088/34/4 3087/34/4 3083/34/4
f 3081/34/5 3085/34/5 3088/34/5 3084/34/5
f 3082/34/6 3083/34/6 3087/34/6 3086/34/6
f 3089/34/1 3092/34/1 3091/34/1 3090/34/1
f 3093/34/2 3094/34/2 3095/34/2 3096/34/2
f 3089/34/3 3090/34/3 3094/34/3 3093/34/3
f 3092/34/4 3096/34/4 3095/34/4 3091/34/4
f 3089/34/5 3093/34/5 3096/34/5 3092/34/5
f 3090/34/6 3091/34/6 3095/34/6 3094/34/6
f 3097/34/1 3100/34/1 3099/34/1 3098/34/1
f 3101/34/2 3102/34/2 3103/34/2 3104/34/2
f 3097/34/3 3098/34/3 3102/34/3 3101/34/3
f 3100/34/4 3104/34/4 3103/34/4 3099/34/4
f 3097/34/5 3101/34/5 3104/34/5 3100/34/5
f 3098/34/6 3099/34/6 3103/34/6 3102/34/6
f 3105/34/1 3108/34/1 3107/34/1 3106/34/1
f 3109/34/2 3110/34/2 3111/34/2 3112/34/2
f 3105/34/3 3106/34/3 3110/34/3 3109/34/3
f 3108/34/4 3112/34/4 3111/34/4 3107/34/4
f 3105/34/5 3109/34/5 3112/34/5 3108/34/5
f 3106/34/6 3107/34/6 3111/34/6 3110/34/6
f 3113/34/1 3116/34/1 3115/34/1 3114/34/1
f 3117/34/2 3118/34/2 3119/34/2 3120/34/2
f 3113/34/3 3114/34/3 3118/34/3 3117/34/3
f 3116/34/4 3120/34/4 3119/34/4 3115/34/4
f 3113/34/5 3117/34/5 3120/34/5 3116/34/5
f 3114/34/6 3115/34/6 3119/34/6 3118/34/6
f 3121/34/1 3124/34/1 3123/34/1 3122/34/1
f 3125/34/2 3126/34/2 3127/34/2 3128/34/2
f 3121/34/3 3122/34/3 3126/34/3 3125/34/3
f 3124/34/4 3128/34/4 3127/34/4 3123/34/4
f 3121/34/5 3125/34/5 3128/34/5 3124/34/5
f 3122/34/6 3123/34/6 3127/34/6 3126/34/6
f 3129/34/1 3132/34/1 3131/34/1 3130/34/1
f 3133/34/2 3134/34/2 3135/34/2 3136/34/2
f 3129/34/3 3130/34/3 3134/34/3 3133/34/3
f 3132/34/4 3136/34/4 3135/34/4 3131/34/4
f 3129/34/5 3133/34/5 3136/34/5 3132/34/5
f 3130/34/6 3131/34/6 3135/34/6 3134/34/6
f 3137/34/1 3140/34/1 3139/34/1 3138/34/1
f 3141/34/2 3142/34/2 3143/34/2 3144/34/2
f 3137/34/3 3138/34/3 3142/34/3 3141/34/3
f 3140/34/4 3144/34/4 3143/34/4 3139/34/4
f 3137/34/5 3141/34/5 3144/34/5 3140/34/5
f 3138/34/6 3139/34/6 3143/34/6 3142/34/6
f 3145/34/1 3148/34/1 3147/34/1 3146/34/1
f 3149/34/2 3150/34/2 3151/34/2 3152/34/2
f 3145/34/3 3146/34/3 3150/34/3 3149/34/3
f 3148/34/4 3152/34/4 3151/34/4 3147/34/4
f 3145/34/5 3149/34/5 3152/34/5 3148/34/5
f 3146/34/6 3147/34/6 3151/34/6 3150/34/6
f 3153/34/1 3156/34/1 3155/34/1 3154/34/1
f 3157/34/2 3158/34/2 3159/34/2 3160/34/2
f 3153/34/3 3154/34/3 3158/34/3 3157/34/3
f 3156/34/4 3160/34/4 3159/34/4 3155/34/4
f 3153/34/5 3157/34/5 3160/34/5 3156/34/5
f 3154/34/6 3155/34/6 3159/34/6 3158/34/6
f 3161/34/1 3164/34/1 3163/34/1 3162/34/1
f 3165/34/2 3166/34/2 3167/34/2 3168/34/2
f 3161/34/3 3162/34/3 3166/34/3 3165/34/3
f 3164/34/4 3168/34/4 3167/34/4 3163/34/4
f 3161/34/5 3165/34/5 3168/34/5 3164/34/5
f 3162/34/6 3163/34/6 3167/34/6 3166/34/6
f 3169/34/1 3172/34/1 3171/34/1 3170/34/1
f 3173/34/2 3174/34/2 3175/34/2 3176/34/2
f 3169/34/3 3170/34/3 3174/34/3 3173/34/3
f 3172/34/4 3176/34/4 3175/34/4 3171/34/4
f 3169/34/5 3173/34/5 3176/34/5 3172/34/5
f 3170/34/6 3171/34/6 3175/34/6 3174/34/6
f 3177/34/1 3180/34/1 3179/34/1 3178/34/1
f 3181/34/2 3182/34/2 3183/34/2 3184/34/2
f 3177/34/3 3178/34/3 3182/34/3 3181/34/3
f 3180/34/4 3184/34/4 3183/34/4 3179/34/4
f 3177/34/5 3181/34/5 3184/34/5 3180/34/5
f 3178/34/6 3179/34/6 3183/34/6 3182/34/6
f 3185/34/1 3188/34/1 3187/34/1 3186/34/1
f 3189/34/2 3190/34/2 3191/34/2 3192/34/2
f 3185/34/3 3186/34/3 3190/34/3 3189/34/3
f 3188/34/4 3192/34/4 3191/34/4 3187/34/4
f 3185/34/5 3189/34/5 3192/34/5 3188/34/5
f 3186/34/6 3187/34/6 3191/34/6 3190/34/6
f 3193/34/1 3196/34/1 3195/34/1 3194/34/1
f 3197/34/2 3198/34/2 3199/34/2 3200/34/2
f 3193/34/3 3194/34/3 3198/34/3 3197/34/3
f 3196/34/4 3200/34/4 3199/34/4 3195/34/4
f 3193/34/5 3197/34/5 3200/34/5 3196/34/5
f 3194/34/6 3195/34/6 3199/34/6 3198/34/6
f 3201/34/1 3204/34/1 3203/34/1 3202/34/1
f 3205/34/2 3206/34/2 3207/34/2 3208/34/2
f 3201/34/3 3202/34/3 3206/34/3 3205/34/3
f 3204/34/4 3208/34/4 3207/34/4 3203/34/4
f 3201/34/5 3205/34/5 3208/34/5 3204/34/5
f 3202/34/6 3203/34/6 3207/34/6 3206/34/6
f 3209/34/1 3212/34/1 3211/34/1 3210/34/1
f 3213/34/2 3214/34/2 3215/34/2 3216/34/2
f 3209/34/3 3210/34/3 3214/34/3 3213/34/3
f 3212/34/4 3216/34/4 3215/34/4 3211/34/4
f 3209/34/5 3213/34/5 3216/34/5 3212/34/5
f 3210/34/6 3211/34/6 3215/34/6 3214/34/6
f 3217/34/1 3220/34/1 3219/34/1 3218/34/1
f 3221/34/2 3222/34/2 3223/34/2 3224/34/2
f 3217/34/3 3218/34/3 3222/34/3 3221/34/3
f 3220/34/4 3224/34/4 3223/34/4 3219/34/4
f 3217/34/5 3221/34/5 3224/34/5 3220/34/5
f 3218/34/6 3219/34/6 3223/34/6 3222/34/6
f 3225/34/1 3228/34/1 3227/34/1 3226/34/1
f 3229/34/2 3230/34/2 3231/34/2 3232/34/2
f 3225/34/3 3226/34/3 3230/34/3 3229/34/3
f 3228/34/4 3232/34/4 3231/34/4 3227/34/4
f 3225/34/5 3229/34/5 3232/34/5 3228/34/5
f 3226/34/6 3227/34/6 3231/34/6 3230/34/6
o SHELL_diaphragm
usemtl palette
f 3233/39/1 3236/39/1 3235/39/1 3234/39/1
f 3237/39/2 3238/39/2 3239/39/2 3240/39/2
f 3233/39/3 3234/39/3 3238/39/3 3237/39/3
f 3236/39/4 3240/39/4 3239/39/4 3235/39/4
f 3233/39/5 3237/39/5 3240/39/5 3236/39/5
f 3234/39/6 3235/39/6 3239/39/6 3238/39/6
f 3241/39/1 3244/39/1 3243/39/1 3242/39/1
f 3245/39/2 3246/39/2 3247/39/2 3248/39/2
f 3241/39/3 3242/39/3 3246/39/3 3245/39/3
f 3244/39/4 3248/39/4 3247/39/4 3243/39/4
f 3241/39/5 3245/39/5 3248/39/5 3244/39/5
f 3242/39/6 3243/39/6 3247/39/6 3246/39/6
f 3249/39/1 3252/39/1 3251/39/1 3250/39/1
f 3253/39/2 3254/39/2 3255/39/2 3256/39/2
f 3249/39/3 3250/39/3 3254/39/3 3253/39/3
f 3252/39/4 3256/39/4 3255/39/4 3251/39/4
f 3249/39/5 3253/39/5 3256/39/5 3252/39/5
f 3250/39/6 3251/39/6 3255/39/6 3254/39/6
f 3257/39/1 3260/39/1 3259/39/1 3258/39/1
f 3261/39/2 3262/39/2 3263/39/2 3264/39/2
f 3257/39/3 3258/39/3 3262/39/3 3261/39/3
f 3260/39/4 3264/39/4 3263/39/4 3259/39/4
f 3257/39/5 3261/39/5 3264/39/5 3260/39/5
f 3258/39/6 3259/39/6 3263/39/6 3262/39/6
f 3265/39/1 3268/39/1 3267/39/1 3266/39/1
f 3269/39/2 3270/39/2 3271/39/2 3272/39/2
f 3265/39/3 3266/39/3 3270/39/3 3269/39/3
f 3268/39/4 3272/39/4 3271/39/4 3267/39/4
f 3265/39/5 3269/39/5 3272/39/5 3268/39/5
f 3266/39/6 3267/39/6 3271/39/6 3270/39/6
f 3273/39/1 3276/39/1 3275/39/1 3274/39/1
f 3277/39/2 3278/39/2 3279/39/2 3280/39/2
f 3273/39/3 3274/39/3 3278/39/3 3277/39/3
f 3276/39/4 3280/39/4 3279/39/4 3275/39/4
f 3273/39/5 3277/39/5 3280/39/5 3276/39/5
f 3274/39/6 3275/39/6 3279/39/6 3278/39/6
f 3281/39/1 3284/39/1 3283/39/1 3282/39/1
f 3285/39/2 3286/39/2 3287/39/2 3288/39/2
f 3281/39/3 3282/39/3 3286/39/3 3285/39/3
f 3284/39/4 3288/39/4 3287/39/4 3283/39/4
f 3281/39/5 3285/39/5 3288/39/5 3284/39/5
f 3282/39/6 3283/39/6 3287/39/6 3286/39/6
f 3289/39/1 3292/39/1 3291/39/1 3290/39/1
f 3293/39/2 3294/39/2 3295/39/2 3296/39/2
f 3289/39/3 3290/39/3 3294/39/3 3293/39/3
f 3292/39/4 3296/39/4 3295/39/4 3291/39/4
f 3289/39/5 3293/39/5 3296/39/5 3292/39/5
f 3290/39/6 3291/39/6 3295/39/6 3294/39/6
f 3297/39/1 3300/39/1 3299/39/1 3298/39/1
f 3301/39/2 3302/39/2 3303/39/2 3304/39/2
f 3297/39/3 3298/39/3 3302/39/3 3301/39/3
f 3300/39/4 3304/39/4 3303/39/4 3299/39/4
f 3297/39/5 3301/39/5 3304/39/5 3300/39/5
f 3298/39/6 3299/39/6 3303/39/6 3302/39/6
f 3305/39/1 3308/39/1 3307/39/1 3306/39/1
f 3309/39/2 3310/39/2 3311/39/2 3312/39/2
f 3305/39/3 3306/39/3 3310/39/3 3309/39/3
f 3308/39/4 3312/39/4 3311/39/4 3307/39/4
f 3305/39/5 3309/39/5 3312/39/5 3308/39/5
f 3306/39/6 3307/39/6 3311/39/6 3310/39/6
o FLOOR
usemtl palette
f 3313/36/1 3316/36/1 3315/36/1 3314/36/1
f 3317/36/2 3318/36/2 3319/36/2 3320/36/2
f 3313/36/3 3314/36/3 3318/36/3 3317/36/3
f 3316/36/4 3320/36/4 3319/36/4 3315/36/4
f 3313/36/5 3317/36/5 3320/36/5 3316/36/5
f 3314/36/6 3315/36/6 3319/36/6 3318/36/6
f 3321/3/1 3324/3/1 3323/3/1 3322/3/1
f 3325/3/2 3326/3/2 3327/3/2 3328/3/2
f 3321/3/3 3322/3/3 3326/3/3 3325/3/3
f 3324/3/4 3328/3/4 3327/3/4 3323/3/4
f 3321/3/5 3325/3/5 3328/3/5 3324/3/5
f 3322/3/6 3323/3/6 3327/3/6 3326/3/6
o SHELL_gangway
usemtl palette
f 3329/36/1 3332/36/1 3331/36/1 3330/36/1
f 3333/36/2 3334/36/2 3335/36/2 3336/36/2
f 3329/36/3 3330/36/3 3334/36/3 3333/36/3
f 3332/36/4 3336/36/4 3335/36/4 3331/36/4
f 3329/36/5 3333/36/5 3336/36/5 3332/36/5
f 3330/36/6 3331/36/6 3335/36/6 3334/36/6
o BOGEY_FRONT
usemtl palette
f 3337/32/1 3340/32/1 3339/32/1 3338/32/1
f 3341/32/2 3342/32/2 3343/32/2 3344/32/2
f 3337/32/3 3338/32/3 3342/32/3 3341/32/3
f 3340/32/4 3344/32/4 3343/32/4 3339/32/4
f 3337/32/5 3341/32/5 3344/32/5 3340/32/5
f 3338/32/6 3339/32/6 3343/32/6 3342/32/6
f 3345/32/1 3348/32/1 3347/32/1 3346/32/1
f 3349/32/2 3350/32/2 3351/32/2 3352/32/2
f 3345/32/3 3346/32/3 3350/32/3 3349/32/3
f 3348/32/4 3352/32/4 3351/32/4 3347/32/4
f 3345/32/5 3349/32/5 3352/32/5 3348/32/5
f 3346/32/6 3347/32/6 3351/32/6 3350/32/6
f 3353/32/1 3356/32/1 3355/32/1 3354/32/1
f 3357/32/2 3358/32/2 3359/32/2 3360/32/2
f 3353/32/3 3354/32/3 3358/32/3 3357/32/3
f 3356/32/4 3360/32/4 3359/32/4 3355/32/4
f 3353/32/5 3357/32/5 3360/32/5 3356/32/5
f 3354/32/6 3355/32/6 3359/32/6 3358/32/6
f 3361/33/1 3364/33/1 3363/33/1 3362/33/1
f 3365/33/2 3366/33/2 3367/33/2 3368/33/2
f 3361/33/3 3362/33/3 3366/33/3 3365/33/3
f 3364/33/4 3368/33/4 3367/33/4 3363/33/4
f 3361/33/5 3365/33/5 3368/33/5 3364/33/5
f 3362/33/6 3363/33/6 3367/33/6 3366/33/6
f 3369/33/1 3372/33/1 3371/33/1 3370/33/1
f 3373/33/2 3374/33/2 3375/33/2 3376/33/2
f 3369/33/3 3370/33/3 3374/33/3 3373/33/3
f 3372/33/4 3376/33/4 3375/33/4 3371/33/4
f 3369/33/5 3373/33/5 3376/33/5 3372/33/5
f 3370/33/6 3371/33/6 3375/33/6 3374/33/6
f 3377/33/1 3380/33/1 3379/33/1 3378/33/1
f 3381/33/2 3382/33/2 3383/33/2 3384/33/2
f 3377/33/3 3378/33/3 3382/33/3 3381/33/3
f 3380/33/4 3384/33/4 3383/33/4 3379/33/4
f 3377/33/5 3381/33/5 3384/33/5 3380/33/5
f 3378/33/6 3379/33/6 3383/33/6 3382/33/6
f 3385/33/1 3388/33/1 3387/33/1 3386/33/1
f 3389/33/2 3390/33/2 3391/33/2 3392/33/2
f 3385/33/3 3386/33/3 3390/33/3 3389/33/3
f 3388/33/4 3392/33/4 3391/33/4 3387/33/4
f 3385/33/5 3389/33/5 3392/33/5 3388/33/5
f 3386/33/6 3387/33/6 3391/33/6 3390/33/6
f 3393/13/1 3396/13/1 3395/13/1 3394/13/1
f 3397/13/2 3398/13/2 3399/13/2 3400/13/2
f 3393/13/3 3394/13/3 3398/13/3 3397/13/3
f 3396/13/4 3400/13/4 3399/13/4 3395/13/4
f 3393/13/5 3397/13/5 3400/13/5 3396/13/5
f 3394/13/6 3395/13/6 3399/13/6 3398/13/6
f 3401/13/1 3404/13/1 3403/13/1 3402/13/1
f 3405/13/2 3406/13/2 3407/13/2 3408/13/2
f 3401/13/3 3402/13/3 3406/13/3 3405/13/3
f 3404/13/4 3408/13/4 3407/13/4 3403/13/4
f 3401/13/5 3405/13/5 3408/13/5 3404/13/5
f 3402/13/6 3403/13/6 3407/13/6 3406/13/6
f 3409/36/1 3412/36/1 3411/36/1 3410/36/1
f 3413/36/2 3414/36/2 3415/36/2 3416/36/2
f 3409/36/3 3410/36/3 3414/36/3 3413/36/3
f 3412/36/4 3416/36/4 3415/36/4 3411/36/4
f 3409/36/5 3413/36/5 3416/36/5 3412/36/5
f 3410/36/6 3411/36/6 3415/36/6 3414/36/6
f 3417/36/1 3420/36/1 3419/36/1 3418/36/1
f 3421/36/2 3422/36/2 3423/36/2 3424/36/2
f 3417/36/3 3418/36/3 3422/36/3 3421/36/3
f 3420/36/4 3424/36/4 3423/36/4 3419/36/4
f 3417/36/5 3421/36/5 3424/36/5 3420/36/5
f 3418/36/6 3419/36/6 3423/36/6 3422/36/6
f 3425/36/1 3428/36/1 3427/36/1 3426/36/1
f 3429/36/2 3430/36/2 3431/36/2 3432/36/2
f 3425/36/3 3426/36/3 3430/36/3 3429/36/3
f 3428/36/4 3432/36/4 3431/36/4 3427/36/4
f 3425/36/5 3429/36/5 3432/36/5 3428/36/5
f 3426/36/6 3427/36/6 3431/36/6 3430/36/6
f 3433/36/1 3436/36/1 3435/36/1 3434/36/1
f 3437/36/2 3438/36/2 3439/36/2 3440/36/2
f 3433/36/3 3434/36/3 3438/36/3 3437/36/3
f 3436/36/4 3440/36/4 3439/36/4 3435/36/4
f 3433/36/5 3437/36/5 3440/36/5 3436/36/5
f 3434/36/6 3435/36/6 3439/36/6 3438/36/6
f 3441/36/1 3444/36/1 3443/36/1 3442/36/1
f 3445/36/2 3446/36/2 3447/36/2 3448/36/2
f 3441/36/3 3442/36/3 3446/36/3 3445/36/3
f 3444/36/4 3448/36/4 3447/36/4 3443/36/4
f 3441/36/5 3445/36/5 3448/36/5 3444/36/5
f 3442/36/6 3443/36/6 3447/36/6 3446/36/6
f 3449/36/1 3452/36/1 3451/36/1 3450/36/1
f 3453/36/2 3454/36/2 3455/36/2 3456/36/2
f 3449/36/3 3450/36/3 3454/36/3 3453/36/3
f 3452/36/4 3456/36/4 3455/36/4 3451/36/4
f 3449/36/5 3453/36/5 3456/36/5 3452/36/5
f 3450/36/6 3451/36/6 3455/36/6 3454/36/6
f 3457/36/1 3460/36/1 3459/36/1 3458/36/1
f 3461/36/2 3462/36/2 3463/36/2 3464/36/2
f 3457/36/3 3458/36/3 3462/36/3 3461/36/3
f 3460/36/4 3464/36/4 3463/36/4 3459/36/4
f 3457/36/5 3461/36/5 3464/36/5 3460/36/5
f 3458/36/6 3459/36/6 3463/36/6 3462/36/6
f 3465/36/1 3468/36/1 3467/36/1 3466/36/1
f 3469/36/2 3470/36/2 3471/36/2 3472/36/2
f 3465/36/3 3466/36/3 3470/36/3 3469/36/3
f 3468/36/4 3472/36/4 3471/36/4 3467/36/4
f 3465/36/5 3469/36/5 3472/36/5 3468/36/5
f 3466/36/6 3467/36/6 3471/36/6 3470/36/6
f 3473/33/1 3476/33/1 3475/33/1 3474/33/1
f 3477/33/2 3478/33/2 3479/33/2 3480/33/2
f 3473/33/3 3474/33/3 3478/33/3 3477/33/3
f 3476/33/4 3480/33/4 3479/33/4 3475/33/4
f 3473/33/5 3477/33/5 3480/33/5 3476/33/5
f 3474/33/6 3475/33/6 3479/33/6 3478/33/6
f 3481/33/1 3484/33/1 3483/33/1 3482/33/1
f 3485/33/2 3486/33/2 3487/33/2 3488/33/2
f 3481/33/3 3482/33/3 3486/33/3 3485/33/3
f 3484/33/4 3488/33/4 3487/33/4 3483/33/4
f 3481/33/5 3485/33/5 3488/33/5 3484/33/5
f 3482/33/6 3483/33/6 3487/33/6 3486/33/6
f 3489/13/1 3492/13/1 3491/13/1 3490/13/1
f 3493/13/2 3494/13/2 3495/13/2 3496/13/2
f 3489/13/3 3490/13/3 3494/13/3 3493/13/3
f 3492/13/4 3496/13/4 3495/13/4 3491/13/4
f 3489/13/5 3493/13/5 3496/13/5 3492/13/5
f 3490/13/6 3491/13/6 3495/13/6 3494/13/6
f 3497/13/1 3500/13/1 3499/13/1 3498/13/1
f 3501/13/2 3502/13/2 3503/13/2 3504/13/2
f 3497/13/3 3498/13/3 3502/13/3 3501/13/3
f 3500/13/4 3504/13/4 3503/13/4 3499/13/4
f 3497/13/5 3501/13/5 3504/13/5 3500/13/5
f 3498/13/6 3499/13/6 3503/13/6 3502/13/6
f 3505/36/1 3508/36/1 3507/36/1 3506/36/1
f 3509/36/2 3510/36/2 3511/36/2 3512/36/2
f 3505/36/3 3506/36/3 3510/36/3 3509/36/3
f 3508/36/4 3512/36/4 3511/36/4 3507/36/4
f 3505/36/5 3509/36/5 3512/36/5 3508/36/5
f 3506/36/6 3507/36/6 3511/36/6 3510/36/6
f 3513/36/1 3516/36/1 3515/36/1 3514/36/1
f 3517/36/2 3518/36/2 3519/36/2 3520/36/2
f 3513/36/3 3514/36/3 3518/36/3 3517/36/3
f 3516/36/4 3520/36/4 3519/36/4 3515/36/4
f 3513/36/5 3517/36/5 3520/36/5 3516/36/5
f 3514/36/6 3515/36/6 3519/36/6 3518/36/6
f 3521/36/1 3524/36/1 3523/36/1 3522/36/1
f 3525/36/2 3526/36/2 3527/36/2 3528/36/2
f 3521/36/3 3522/36/3 3526/36/3 3525/36/3
f 3524/36/4 3528/36/4 3527/36/4 3523/36/4
f 3521/36/5 3525/36/5 3528/36/5 3524/36/5
f 3522/36/6 3523/36/6 3527/36/6 3526/36/6
f 3529/36/1 3532/36/1 3531/36/1 3530/36/1
f 3533/36/2 3534/36/2 3535/36/2 3536/36/2
f 3529/36/3 3530/36/3 3534/36/3 3533/36/3
f 3532/36/4 3536/36/4 3535/36/4 3531/36/4
f 3529/36/5 3533/36/5 3536/36/5 3532/36/5
f 3530/36/6 3531/36/6 3535/36/6 3534/36/6
f 3537/36/1 3540/36/1 3539/36/1 3538/36/1
f 3541/36/2 3542/36/2 3543/36/2 3544/36/2
f 3537/36/3 3538/36/3 3542/36/3 3541/36/3
f 3540/36/4 3544/36/4 3543/36/4 3539/36/4
f 3537/36/5 3541/36/5 3544/36/5 3540/36/5
f 3538/36/6 3539/36/6 3543/36/6 3542/36/6
f 3545/36/1 3548/36/1 3547/36/1 3546/36/1
f 3549/36/2 3550/36/2 3551/36/2 3552/36/2
f 3545/36/3 3546/36/3 3550/36/3 3549/36/3
f 3548/36/4 3552/36/4 3551/36/4 3547/36/4
f 3545/36/5 3549/36/5 3552/36/5 3548/36/5
f 3546/36/6 3547/36/6 3551/36/6 3550/36/6
f 3553/36/1 3556/36/1 3555/36/1 3554/36/1
f 3557/36/2 3558/36/2 3559/36/2 3560/36/2
f 3553/36/3 3554/36/3 3558/36/3 3557/36/3
f 3556/36/4 3560/36/4 3559/36/4 3555/36/4
f 3553/36/5 3557/36/5 3560/36/5 3556/36/5
f 3554/36/6 3555/36/6 3559/36/6 3558/36/6
f 3561/36/1 3564/36/1 3563/36/1 3562/36/1
f 3565/36/2 3566/36/2 3567/36/2 3568/36/2
f 3561/36/3 3562/36/3 3566/36/3 3565/36/3
f 3564/36/4 3568/36/4 3567/36/4 3563/36/4
f 3561/36/5 3565/36/5 3568/36/5 3564/36/5
f 3562/36/6 3563/36/6 3567/36/6 3566/36/6
f 3569/34/1 3572/34/1 3571/34/1 3570/34/1
f 3573/34/2 3574/34/2 3575/34/2 3576/34/2
f 3569/34/3 3570/34/3 3574/34/3 3573/34/3
f 3572/34/4 3576/34/4 3575/34/4 3571/34/4
f 3569/34/5 3573/34/5 3576/34/5 3572/34/5
f 3570/34/6 3571/34/6 3575/34/6 3574/34/6
f 3577/34/1 3580/34/1 3579/34/1 3578/34/1
f 3581/34/2 3582/34/2 3583/34/2 3584/34/2
f 3577/34/3 3578/34/3 3582/34/3 3581/34/3
f 3580/34/4 3584/34/4 3583/34/4 3579/34/4
f 3577/34/5 3581/34/5 3584/34/5 3580/34/5
f 3578/34/6 3579/34/6 3583/34/6 3582/34/6
f 3585/13/1 3588/13/1 3587/13/1 3586/13/1
f 3589/13/2 3590/13/2 3591/13/2 3592/13/2
f 3585/13/3 3586/13/3 3590/13/3 3589/13/3
f 3588/13/4 3592/13/4 3591/13/4 3587/13/4
f 3585/13/5 3589/13/5 3592/13/5 3588/13/5
f 3586/13/6 3587/13/6 3591/13/6 3590/13/6
f 3593/13/1 3596/13/1 3595/13/1 3594/13/1
f 3597/13/2 3598/13/2 3599/13/2 3600/13/2
f 3593/13/3 3594/13/3 3598/13/3 3597/13/3
f 3596/13/4 3600/13/4 3599/13/4 3595/13/4
f 3593/13/5 3597/13/5 3600/13/5 3596/13/5
f 3594/13/6 3595/13/6 3599/13/6 3598/13/6
f 3601/13/1 3604/13/1 3603/13/1 3602/13/1
f 3605/13/2 3606/13/2 3607/13/2 3608/13/2
f 3601/13/3 3602/13/3 3606/13/3 3605/13/3
f 3604/13/4 3608/13/4 3607/13/4 3603/13/4
f 3601/13/5 3605/13/5 3608/13/5 3604/13/5
f 3602/13/6 3603/13/6 3607/13/6 3606/13/6
f 3609/13/1 3612/13/1 3611/13/1 3610/13/1
f 3613/13/2 3614/13/2 3615/13/2 3616/13/2
f 3609/13/3 3610/13/3 3614/13/3 3613/13/3
f 3612/13/4 3616/13/4 3615/13/4 3611/13/4
f 3609/13/5 3613/13/5 3616/13/5 3612/13/5
f 3610/13/6 3611/13/6 3615/13/6 3614/13/6
f 3617/13/1 3620/13/1 3619/13/1 3618/13/1
f 3621/13/2 3622/13/2 3623/13/2 3624/13/2
f 3617/13/3 3618/13/3 3622/13/3 3621/13/3
f 3620/13/4 3624/13/4 3623/13/4 3619/13/4
f 3617/13/5 3621/13/5 3624/13/5 3620/13/5
f 3618/13/6 3619/13/6 3623/13/6 3622/13/6
f 3625/13/1 3628/13/1 3627/13/1 3626/13/1
f 3629/13/2 3630/13/2 3631/13/2 3632/13/2
f 3625/13/3 3626/13/3 3630/13/3 3629/13/3
f 3628/13/4 3632/13/4 3631/13/4 3627/13/4
f 3625/13/5 3629/13/5 3632/13/5 3628/13/5
f 3626/13/6 3627/13/6 3631/13/6 3630/13/6
f 3633/13/1 3636/13/1 3635/13/1 3634/13/1
f 3637/13/2 3638/13/2 3639/13/2 3640/13/2
f 3633/13/3 3634/13/3 3638/13/3 3637/13/3
f 3636/13/4 3640/13/4 3639/13/4 3635/13/4
f 3633/13/5 3637/13/5 3640/13/5 3636/13/5
f 3634/13/6 3635/13/6 3639/13/6 3638/13/6
f 3641/13/1 3644/13/1 3643/13/1 3642/13/1
f 3645/13/2 3646/13/2 3647/13/2 3648/13/2
f 3641/13/3 3642/13/3 3646/13/3 3645/13/3
f 3644/13/4 3648/13/4 3647/13/4 3643/13/4
f 3641/13/5 3645/13/5 3648/13/5 3644/13/5
f 3642/13/6 3643/13/6 3647/13/6 3646/13/6
f 3649/13/1 3652/13/1 3651/13/1 3650/13/1
f 3653/13/2 3654/13/2 3655/13/2 3656/13/2
f 3649/13/3 3650/13/3 3654/13/3 3653/13/3
f 3652/13/4 3656/13/4 3655/13/4 3651/13/4
f 3649/13/5 3653/13/5 3656/13/5 3652/13/5
f 3650/13/6 3651/13/6 3655/13/6 3654/13/6
f 3657/13/1 3660/13/1 3659/13/1 3658/13/1
f 3661/13/2 3662/13/2 3663/13/2 3664/13/2
f 3657/13/3 3658/13/3 3662/13/3 3661/13/3
f 3660/13/4 3664/13/4 3663/13/4 3659/13/4
f 3657/13/5 3661/13/5 3664/13/5 3660/13/5
f 3658/13/6 3659/13/6 3663/13/6 3662/13/6
f 3665/13/1 3668/13/1 3667/13/1 3666/13/1
f 3669/13/2 3670/13/2 3671/13/2 3672/13/2
f 3665/13/3 3666/13/3 3670/13/3 3669/13/3
f 3668/13/4 3672/13/4 3671/13/4 3667/13/4
f 3665/13/5 3669/13/5 3672/13/5 3668/13/5
f 3666/13/6 3667/13/6 3671/13/6 3670/13/6
f 3673/13/1 3676/13/1 3675/13/1 3674/13/1
f 3677/13/2 3678/13/2 3679/13/2 3680/13/2
f 3673/13/3 3674/13/3 3678/13/3 3677/13/3
f 3676/13/4 3680/13/4 3679/13/4 3675/13/4
f 3673/13/5 3677/13/5 3680/13/5 3676/13/5
f 3674/13/6 3675/13/6 3679/13/6 3678/13/6
f 3681/13/1 3684/13/1 3683/13/1 3682/13/1
f 3685/13/2 3686/13/2 3687/13/2 3688/13/2
f 3681/13/3 3682/13/3 3686/13/3 3685/13/3
f 3684/13/4 3688/13/4 3687/13/4 3683/13/4
f 3681/13/5 3685/13/5 3688/13/5 3684/13/5
f 3682/13/6 3683/13/6 3687/13/6 3686/13/6
f 3689/13/1 3692/13/1 3691/13/1 3690/13/1
f 3693/13/2 3694/13/2 3695/13/2 3696/13/2
f 3689/13/3 3690/13/3 3694/13/3 3693/13/3
f 3692/13/4 3696/13/4 3695/13/4 3691/13/4
f 3689/13/5 3693/13/5 3696/13/5 3692/13/5
f 3690/13/6 3691/13/6 3695/13/6 3694/13/6
f 3697/13/1 3700/13/1 3699/13/1 3698/13/1
f 3701/13/2 3702/13/2 3703/13/2 3704/13/2
f 3697/13/3 3698/13/3 3702/13/3 3701/13/3
f 3700/13/4 3704/13/4 3703/13/4 3699/13/4
f 3697/13/5 3701/13/5 3704/13/5 3700/13/5
f 3698/13/6 3699/13/6 3703/13/6 3702/13/6
f 3705/13/1 3708/13/1 3707/13/1 3706/13/1
f 3709/13/2 3710/13/2 3711/13/2 3712/13/2
f 3705/13/3 3706/13/3 3710/13/3 3709/13/3
f 3708/13/4 3712/13/4 3711/13/4 3707/13/4
f 3705/13/5 3709/13/5 3712/13/5 3708/13/5
f 3706/13/6 3707/13/6 3711/13/6 3710/13/6
f 3713/13/1 3716/13/1 3715/13/1 3714/13/1
f 3717/13/2 3718/13/2 3719/13/2 3720/13/2
f 3713/13/3 3714/13/3 3718/13/3 3717/13/3
f 3716/13/4 3720/13/4 3719/13/4 3715/13/4
f 3713/13/5 3717/13/5 3720/13/5 3716/13/5
f 3714/13/6 3715/13/6 3719/13/6 3718/13/6
f 3721/13/1 3724/13/1 3723/13/1 3722/13/1
f 3725/13/2 3726/13/2 3727/13/2 3728/13/2
f 3721/13/3 3722/13/3 3726/13/3 3725/13/3
f 3724/13/4 3728/13/4 3727/13/4 3723/13/4
f 3721/13/5 3725/13/5 3728/13/5 3724/13/5
f 3722/13/6 3723/13/6 3727/13/6 3726/13/6
f 3729/13/1 3732/13/1 3731/13/1 3730/13/1
f 3733/13/2 3734/13/2 3735/13/2 3736/13/2
f 3729/13/3 3730/13/3 3734/13/3 3733/13/3
f 3732/13/4 3736/13/4 3735/13/4 3731/13/4
f 3729/13/5 3733/13/5 3736/13/5 3732/13/5
f 3730/13/6 3731/13/6 3735/13/6 3734/13/6
f 3737/13/1 3740/13/1 3739/13/1 3738/13/1
f 3741/13/2 3742/13/2 3743/13/2 3744/13/2
f 3737/13/3 3738/13/3 3742/13/3 3741/13/3
f 3740/13/4 3744/13/4 3743/13/4 3739/13/4
f 3737/13/5 3741/13/5 3744/13/5 3740/13/5
f 3738/13/6 3739/13/6 3743/13/6 3742/13/6
f 3745/13/1 3748/13/1 3747/13/1 3746/13/1
f 3749/13/2 3750/13/2 3751/13/2 3752/13/2
f 3745/13/3 3746/13/3 3750/13/3 3749/13/3
f 3748/13/4 3752/13/4 3751/13/4 3747/13/4
f 3745/13/5 3749/13/5 3752/13/5 3748/13/5
f 3746/13/6 3747/13/6 3751/13/6 3750/13/6
f 3753/13/1 3756/13/1 3755/13/1 3754/13/1
f 3757/13/2 3758/13/2 3759/13/2 3760/13/2
f 3753/13/3 3754/13/3 3758/13/3 3757/13/3
f 3756/13/4 3760/13/4 3759/13/4 3755/13/4
f 3753/13/5 3757/13/5 3760/13/5 3756/13/5
f 3754/13/6 3755/13/6 3759/13/6 3758/13/6
f 3761/13/1 3764/13/1 3763/13/1 3762/13/1
f 3765/13/2 3766/13/2 3767/13/2 3768/13/2
f 3761/13/3 3762/13/3 3766/13/3 3765/13/3
f 3764/13/4 3768/13/4 3767/13/4 3763/13/4
f 3761/13/5 3765/13/5 3768/13/5 3764/13/5
f 3762/13/6 3763/13/6 3767/13/6 3766/13/6
f 3769/13/1 3772/13/1 3771/13/1 3770/13/1
f 3773/13/2 3774/13/2 3775/13/2 3776/13/2
f 3769/13/3 3770/13/3 3774/13/3 3773/13/3
f 3772/13/4 3776/13/4 3775/13/4 3771/13/4
f 3769/13/5 3773/13/5 3776/13/5 3772/13/5
f 3770/13/6 3771/13/6 3775/13/6 3774/13/6
f 3777/13/1 3780/13/1 3779/13/1 3778/13/1
f 3781/13/2 3782/13/2 3783/13/2 3784/13/2
f 3777/13/3 3778/13/3 3782/13/3 3781/13/3
f 3780/13/4 3784/13/4 3783/13/4 3779/13/4
f 3777/13/5 3781/13/5 3784/13/5 3780/13/5
f 3778/13/6 3779/13/6 3783/13/6 3782/13/6
f 3785/13/1 3788/13/1 3787/13/1 3786/13/1
f 3789/13/2 3790/13/2 3791/13/2 3792/13/2
f 3785/13/3 3786/13/3 3790/13/3 3789/13/3
f 3788/13/4 3792/13/4 3791/13/4 3787/13/4
f 3785/13/5 3789/13/5 3792/13/5 3788/13/5
f 3786/13/6 3787/13/6 3791/13/6 3790/13/6
f 3793/13/1 3796/13/1 3795/13/1 3794/13/1
f 3797/13/2 3798/13/2 3799/13/2 3800/13/2
f 3793/13/3 3794/13/3 3798/13/3 3797/13/3
f 3796/13/4 3800/13/4 3799/13/4 3795/13/4
f 3793/13/5 3797/13/5 3800/13/5 3796/13/5
f 3794/13/6 3795/13/6 3799/13/6 3798/13/6
f 3801/13/1 3804/13/1 3803/13/1 3802/13/1
f 3805/13/2 3806/13/2 3807/13/2 3808/13/2
f 3801/13/3 3802/13/3 3806/13/3 3805/13/3
f 3804/13/4 3808/13/4 3807/13/4 3803/13/4
f 3801/13/5 3805/13/5 3808/13/5 3804/13/5
f 3802/13/6 3803/13/6 3807/13/6 3806/13/6
f 3809/13/1 3812/13/1 3811/13/1 3810/13/1
f 3813/13/2 3814/13/2 3815/13/2 3816/13/2
f 3809/13/3 3810/13/3 3814/13/3 3813/13/3
f 3812/13/4 3816/13/4 3815/13/4 3811/13/4
f 3809/13/5 3813/13/5 3816/13/5 3812/13/5
f 3810/13/6 3811/13/6 3815/13/6 3814/13/6
f 3817/13/1 3820/13/1 3819/13/1 3818/13/1
f 3821/13/2 3822/13/2 3823/13/2 3824/13/2
f 3817/13/3 3818/13/3 3822/13/3 3821/13/3
f 3820/13/4 3824/13/4 3823/13/4 3819/13/4
f 3817/13/5 3821/13/5 3824/13/5 3820/13/5
f 3818/13/6 3819/13/6 3823/13/6 3822/13/6
f 3825/33/1 3828/33/1 3827/33/1 3826/33/1
f 3829/33/2 3830/33/2 3831/33/2 3832/33/2
f 3825/33/3 3826/33/3 3830/33/3 3829/33/3
f 3828/33/4 3832/33/4 3831/33/4 3827/33/4
f 3825/33/5 3829/33/5 3832/33/5 3828/33/5
f 3826/33/6 3827/33/6 3831/33/6 3830/33/6
f 3833/36/1 3836/36/1 3835/36/1 3834/36/1
f 3837/36/2 3838/36/2 3839/36/2 3840/36/2
f 3833/36/3 3834/36/3 3838/36/3 3837/36/3
f 3836/36/4 3840/36/4 3839/36/4 3835/36/4
f 3833/36/5 3837/36/5 3840/36/5 3836/36/5
f 3834/36/6 3835/36/6 3839/36/6 3838/36/6
f 3841/36/1 3844/36/1 3843/36/1 3842/36/1
f 3845/36/2 3846/36/2 3847/36/2 3848/36/2
f 3841/36/3 3842/36/3 3846/36/3 3845/36/3
f 3844/36/4 3848/36/4 3847/36/4 3843/36/4
f 3841/36/5 3845/36/5 3848/36/5 3844/36/5
f 3842/36/6 3843/36/6 3847/36/6 3846/36/6
f 3849/36/1 3852/36/1 3851/36/1 3850/36/1
f 3853/36/2 3854/36/2 3855/36/2 3856/36/2
f 3849/36/3 3850/36/3 3854/36/3 3853/36/3
f 3852/36/4 3856/36/4 3855/36/4 3851/36/4
f 3849/36/5 3853/36/5 3856/36/5 3852/36/5
f 3850/36/6 3851/36/6 3855/36/6 3854/36/6
f 3857/36/1 3860/36/1 3859/36/1 3858/36/1
f 3861/36/2 3862/36/2 3863/36/2 3864/36/2
f 3857/36/3 3858/36/3 3862/36/3 3861/36/3
f 3860/36/4 3864/36/4 3863/36/4 3859/36/4
f 3857/36/5 3861/36/5 3864/36/5 3860/36/5
f 3858/36/6 3859/36/6 3863/36/6 3862/36/6
f 3865/50/1 3868/50/1 3867/50/1 3866/50/1
f 3869/50/2 3870/50/2 3871/50/2 3872/50/2
f 3865/50/3 3866/50/3 3870/50/3 3869/50/3
f 3868/50/4 3872/50/4 3871/50/4 3867/50/4
f 3865/50/5 3869/50/5 3872/50/5 3868/50/5
f 3866/50/6 3867/50/6 3871/50/6 3870/50/6
f 3873/34/1 3876/34/1 3875/34/1 3874/34/1
f 3877/34/2 3878/34/2 3879/34/2 3880/34/2
f 3873/34/3 3874/34/3 3878/34/3 3877/34/3
f 3876/34/4 3880/34/4 3879/34/4 3875/34/4
f 3873/34/5 3877/34/5 3880/34/5 3876/34/5
f 3874/34/6 3875/34/6 3879/34/6 3878/34/6
f 3881/50/1 3884/50/1 3883/50/1 3882/50/1
f 3885/50/2 3886/50/2 3887/50/2 3888/50/2
f 3881/50/3 3882/50/3 3886/50/3 3885/50/3
f 3884/50/4 3888/50/4 3887/50/4 3883/50/4
f 3881/50/5 3885/50/5 3888/50/5 3884/50/5
f 3882/50/6 3883/50/6 3887/50/6 3886/50/6
f 3889/34/1 3892/34/1 3891/34/1 3890/34/1
f 3893/34/2 3894/34/2 3895/34/2 3896/34/2
f 3889/34/3 3890/34/3 3894/34/3 3893/34/3
f 3892/34/4 3896/34/4 3895/34/4 3891/34/4
f 3889/34/5 3893/34/5 3896/34/5 3892/34/5
f 3890/34/6 3891/34/6 3895/34/6 3894/34/6
o BOGEY_FRONT_WHEEL_1
usemtl palette
f 3897/36/1 3900/36/1 3899/36/1 3898/36/1
f 3901/36/2 3902/36/2 3903/36/2 3904/36/2
f 3897/36/3 3898/36/3 3902/36/3 3901/36/3
f 3900/36/4 3904/36/4 3903/36/4 3899/36/4
f 3897/36/5 3901/36/5 3904/36/5 3900/36/5
f 3898/36/6 3899/36/6 3903/36/6 3902/36/6
f 3905/36/1 3908/36/1 3907/36/1 3906/36/1
f 3909/36/2 3910/36/2 3911/36/2 3912/36/2
f 3905/36/3 3906/36/3 3910/36/3 3909/36/3
f 3908/36/4 3912/36/4 3911/36/4 3907/36/4
f 3905/36/5 3909/36/5 3912/36/5 3908/36/5
f 3906/36/6 3907/36/6 3911/36/6 3910/36/6
f 3913/36/1 3916/36/1 3915/36/1 3914/36/1
f 3917/36/2 3918/36/2 3919/36/2 3920/36/2
f 3913/36/3 3914/36/3 3918/36/3 3917/36/3
f 3916/36/4 3920/36/4 3919/36/4 3915/36/4
f 3913/36/5 3917/36/5 3920/36/5 3916/36/5
f 3914/36/6 3915/36/6 3919/36/6 3918/36/6
f 3921/35/1 3924/35/1 3923/35/1 3922/35/1
f 3925/35/2 3926/35/2 3927/35/2 3928/35/2
f 3921/35/3 3922/35/3 3926/35/3 3925/35/3
f 3924/35/4 3928/35/4 3927/35/4 3923/35/4
f 3921/35/5 3925/35/5 3928/35/5 3924/35/5
f 3922/35/6 3923/35/6 3927/35/6 3926/35/6
f 3929/36/1 3932/36/1 3931/36/1 3930/36/1
f 3933/36/2 3934/36/2 3935/36/2 3936/36/2
f 3929/36/3 3930/36/3 3934/36/3 3933/36/3
f 3932/36/4 3936/36/4 3935/36/4 3931/36/4
f 3929/36/5 3933/36/5 3936/36/5 3932/36/5
f 3930/36/6 3931/36/6 3935/36/6 3934/36/6
f 3937/36/1 3940/36/1 3939/36/1 3938/36/1
f 3941/36/2 3942/36/2 3943/36/2 3944/36/2
f 3937/36/3 3938/36/3 3942/36/3 3941/36/3
f 3940/36/4 3944/36/4 3943/36/4 3939/36/4
f 3937/36/5 3941/36/5 3944/36/5 3940/36/5
f 3938/36/6 3939/36/6 3943/36/6 3942/36/6
f 3945/36/1 3948/36/1 3947/36/1 3946/36/1
f 3949/36/2 3950/36/2 3951/36/2 3952/36/2
f 3945/36/3 3946/36/3 3950/36/3 3949/36/3
f 3948/36/4 3952/36/4 3951/36/4 3947/36/4
f 3945/36/5 3949/36/5 3952/36/5 3948/36/5
f 3946/36/6 3947/36/6 3951/36/6 3950/36/6
f 3953/35/1 3956/35/1 3955/35/1 3954/35/1
f 3957/35/2 3958/35/2 3959/35/2 3960/35/2
f 3953/35/3 3954/35/3 3958/35/3 3957/35/3
f 3956/35/4 3960/35/4 3959/35/4 3955/35/4
f 3953/35/5 3957/35/5 3960/35/5 3956/35/5
f 3954/35/6 3955/35/6 3959/35/6 3958/35/6
f 3961/36/1 3964/36/1 3963/36/1 3962/36/1
f 3965/36/2 3966/36/2 3967/36/2 3968/36/2
f 3961/36/3 3962/36/3 3966/36/3 3965/36/3
f 3964/36/4 3968/36/4 3967/36/4 3963/36/4
f 3961/36/5 3965/36/5 3968/36/5 3964/36/5
f 3962/36/6 3963/36/6 3967/36/6 3966/36/6
f 3969/35/1 3972/35/1 3971/35/1 3970/35/1
f 3973/35/2 3974/35/2 3975/35/2 3976/35/2
f 3969/35/3 3970/35/3 3974/35/3 3973/35/3
f 3972/35/4 3976/35/4 3975/35/4 3971/35/4
f 3969/35/5 3973/35/5 3976/35/5 3972/35/5
f 3970/35/6 3971/35/6 3975/35/6 3974/35/6
f 3977/35/1 3980/35/1 3979/35/1 3978/35/1
f 3981/35/2 3982/35/2 3983/35/2 3984/35/2
f 3977/35/3 3978/35/3 3982/35/3 3981/35/3
f 3980/35/4 3984/35/4 3983/35/4 3979/35/4
f 3977/35/5 3981/35/5 3984/35/5 3980/35/5
f 3978/35/6 3979/35/6 3983/35/6 3982/35/6
f 3985/35/1 3988/35/1 3987/35/1 3986/35/1
f 3989/35/2 3990/35/2 3991/35/2 3992/35/2
f 3985/35/3 3986/35/3 3990/35/3 3989/35/3
f 3988/35/4 3992/35/4 3991/35/4 3987/35/4
f 3985/35/5 3989/35/5 3992/35/5 3988/35/5
f 3986/35/6 3987/35/6 3991/35/6 3990/35/6
f 3993/35/1 3996/35/1 3995/35/1 3994/35/1
f 3997/35/2 3998/35/2 3999/35/2 4000/35/2
f 3993/35/3 3994/35/3 3998/35/3 3997/35/3
f 3996/35/4 4000/35/4 3999/35/4 3995/35/4
f 3993/35/5 3997/35/5 4000/35/5 3996/35/5
f 3994/35/6 3995/35/6 3999/35/6 3998/35/6
f 4001/35/1 4004/35/1 4003/35/1 4002/35/1
f 4005/35/2 4006/35/2 4007/35/2 4008/35/2
f 4001/35/3 4002/35/3 4006/35/3 4005/35/3
f 4004/35/4 4008/35/4 4007/35/4 4003/35/4
f 4001/35/5 4005/35/5 4008/35/5 4004/35/5
f 4002/35/6 4003/35/6 4007/35/6 4006/35/6
f 4009/35/1 4012/35/1 4011/35/1 4010/35/1
f 4013/35/2 4014/35/2 4015/35/2 4016/35/2
f 4009/35/3 4010/35/3 4014/35/3 4013/35/3
f 4012/35/4 4016/35/4 4015/35/4 4011/35/4
f 4009/35/5 4013/35/5 4016/35/5 4012/35/5
f 4010/35/6 4011/35/6 4015/35/6 4014/35/6
o BOGEY_FRONT_WHEEL_2
usemtl palette
f 4017/36/1 4020/36/1 4019/36/1 4018/36/1
f 4021/36/2 4022/36/2 4023/36/2 4024/36/2
f 4017/36/3 4018/36/3 4022/36/3 4021/36/3
f 4020/36/4 4024/36/4 4023/36/4 4019/36/4
f 4017/36/5 4021/36/5 4024/36/5 4020/36/5
f 4018/36/6 4019/36/6 4023/36/6 4022/36/6
f 4025/36/1 4028/36/1 4027/36/1 4026/36/1
f 4029/36/2 4030/36/2 4031/36/2 4032/36/2
f 4025/36/3 4026/36/3 4030/36/3 4029/36/3
f 4028/36/4 4032/36/4 4031/36/4 4027/36/4
f 4025/36/5 4029/36/5 4032/36/5 4028/36/5
f 4026/36/6 4027/36/6 4031/36/6 4030/36/6
f 4033/36/1 4036/36/1 4035/36/1 4034/36/1
f 4037/36/2 4038/36/2 4039/36/2 4040/36/2
f 4033/36/3 4034/36/3 4038/36/3 4037/36/3
f 4036/36/4 4040/36/4 4039/36/4 4035/36/4
f 4033/36/5 4037/36/5 4040/36/5 4036/36/5
f 4034/36/6 4035/36/6 4039/36/6 4038/36/6
f 4041/35/1 4044/35/1 4043/35/1 4042/35/1
f 4045/35/2 4046/35/2 4047/35/2 4048/35/2
f 4041/35/3 4042/35/3 4046/35/3 4045/35/3
f 4044/35/4 4048/35/4 4047/35/4 4043/35/4
f 4041/35/5 4045/35/5 4048/35/5 4044/35/5
f 4042/35/6 4043/35/6 4047/35/6 4046/35/6
f 4049/36/1 4052/36/1 4051/36/1 4050/36/1
f 4053/36/2 4054/36/2 4055/36/2 4056/36/2
f 4049/36/3 4050/36/3 4054/36/3 4053/36/3
f 4052/36/4 4056/36/4 4055/36/4 4051/36/4
f 4049/36/5 4053/36/5 4056/36/5 4052/36/5
f 4050/36/6 4051/36/6 4055/36/6 4054/36/6
f 4057/36/1 4060/36/1 4059/36/1 4058/36/1
f 4061/36/2 4062/36/2 4063/36/2 4064/36/2
f 4057/36/3 4058/36/3 4062/36/3 4061/36/3
f 4060/36/4 4064/36/4 4063/36/4 4059/36/4
f 4057/36/5 4061/36/5 4064/36/5 4060/36/5
f 4058/36/6 4059/36/6 4063/36/6 4062/36/6
f 4065/36/1 4068/36/1 4067/36/1 4066/36/1
f 4069/36/2 4070/36/2 4071/36/2 4072/36/2
f 4065/36/3 4066/36/3 4070/36/3 4069/36/3
f 4068/36/4 4072/36/4 4071/36/4 4067/36/4
f 4065/36/5 4069/36/5 4072/36/5 4068/36/5
f 4066/36/6 4067/36/6 4071/36/6 4070/36/6
f 4073/35/1 4076/35/1 4075/35/1 4074/35/1
f 4077/35/2 4078/35/2 4079/35/2 4080/35/2
f 4073/35/3 4074/35/3 4078/35/3 4077/35/3
f 4076/35/4 4080/35/4 4079/35/4 4075/35/4
f 4073/35/5 4077/35/5 4080/35/5 4076/35/5
f 4074/35/6 4075/35/6 4079/35/6 4078/35/6
f 4081/36/1 4084/36/1 4083/36/1 4082/36/1
f 4085/36/2 4086/36/2 4087/36/2 4088/36/2
f 4081/36/3 4082/36/3 4086/36/3 4085/36/3
f 4084/36/4 4088/36/4 4087/36/4 4083/36/4
f 4081/36/5 4085/36/5 4088/36/5 4084/36/5
f 4082/36/6 4083/36/6 4087/36/6 4086/36/6
f 4089/35/1 4092/35/1 4091/35/1 4090/35/1
f 4093/35/2 4094/35/2 4095/35/2 4096/35/2
f 4089/35/3 4090/35/3 4094/35/3 4093/35/3
f 4092/35/4 4096/35/4 4095/35/4 4091/35/4
f 4089/35/5 4093/35/5 4096/35/5 4092/35/5
f 4090/35/6 4091/35/6 4095/35/6 4094/35/6
f 4097/35/1 4100/35/1 4099/35/1 4098/35/1
f 4101/35/2 4102/35/2 4103/35/2 4104/35/2
f 4097/35/3 4098/35/3 4102/35/3 4101/35/3
f 4100/35/4 4104/35/4 4103/35/4 4099/35/4
f 4097/35/5 4101/35/5 4104/35/5 4100/35/5
f 4098/35/6 4099/35/6 4103/35/6 4102/35/6
f 4105/35/1 4108/35/1 4107/35/1 4106/35/1
f 4109/35/2 4110/35/2 4111/35/2 4112/35/2
f 4105/35/3 4106/35/3 4110/35/3 4109/35/3
f 4108/35/4 4112/35/4 4111/35/4 4107/35/4
f 4105/35/5 4109/35/5 4112/35/5 4108/35/5
f 4106/35/6 4107/35/6 4111/35/6 4110/35/6
f 4113/35/1 4116/35/1 4115/35/1 4114/35/1
f 4117/35/2 4118/35/2 4119/35/2 4120/35/2
f 4113/35/3 4114/35/3 4118/35/3 4117/35/3
f 4116/35/4 4120/35/4 4119/35/4 4115/35/4
f 4113/35/5 4117/35/5 4120/35/5 4116/35/5
f 4114/35/6 4115/35/6 4119/35/6 4118/35/6
f 4121/35/1 4124/35/1 4123/35/1 4122/35/1
f 4125/35/2 4126/35/2 4127/35/2 4128/35/2
f 4121/35/3 4122/35/3 4126/35/3 4125/35/3
f 4124/35/4 4128/35/4 4127/35/4 4123/35/4
f 4121/35/5 4125/35/5 4128/35/5 4124/35/5
f 4122/35/6 4123/35/6 4127/35/6 4126/35/6
f 4129/35/1 4132/35/1 4131/35/1 4130/35/1
f 4133/35/2 4134/35/2 4135/35/2 4136/35/2
f 4129/35/3 4130/35/3 4134/35/3 4133/35/3
f 4132/35/4 4136/35/4 4135/35/4 4131/35/4
f 4129/35/5 4133/35/5 4136/35/5 4132/35/5
f 4130/35/6 4131/35/6 4135/35/6 4134/35/6
o BOGEY_REAR
usemtl palette
f 4137/32/1 4140/32/1 4139/32/1 4138/32/1
f 4141/32/2 4142/32/2 4143/32/2 4144/32/2
f 4137/32/3 4138/32/3 4142/32/3 4141/32/3
f 4140/32/4 4144/32/4 4143/32/4 4139/32/4
f 4137/32/5 4141/32/5 4144/32/5 4140/32/5
f 4138/32/6 4139/32/6 4143/32/6 4142/32/6
f 4145/32/1 4148/32/1 4147/32/1 4146/32/1
f 4149/32/2 4150/32/2 4151/32/2 4152/32/2
f 4145/32/3 4146/32/3 4150/32/3 4149/32/3
f 4148/32/4 4152/32/4 4151/32/4 4147/32/4
f 4145/32/5 4149/32/5 4152/32/5 4148/32/5
f 4146/32/6 4147/32/6 4151/32/6 4150/32/6
f 4153/32/1 4156/32/1 4155/32/1 4154/32/1
f 4157/32/2 4158/32/2 4159/32/2 4160/32/2
f 4153/32/3 4154/32/3 4158/32/3 4157/32/3
f 4156/32/4 4160/32/4 4159/32/4 4155/32/4
f 4153/32/5 4157/32/5 4160/32/5 4156/32/5
f 4154/32/6 4155/32/6 4159/32/6 4158/32/6
f 4161/33/1 4164/33/1 4163/33/1 4162/33/1
f 4165/33/2 4166/33/2 4167/33/2 4168/33/2
f 4161/33/3 4162/33/3 4166/33/3 4165/33/3
f 4164/33/4 4168/33/4 4167/33/4 4163/33/4
f 4161/33/5 4165/33/5 4168/33/5 4164/33/5
f 4162/33/6 4163/33/6 4167/33/6 4166/33/6
f 4169/33/1 4172/33/1 4171/33/1 4170/33/1
f 4173/33/2 4174/33/2 4175/33/2 4176/33/2
f 4169/33/3 4170/33/3 4174/33/3 4173/33/3
f 4172/33/4 4176/33/4 4175/33/4 4171/33/4
f 4169/33/5 4173/33/5 4176/33/5 4172/33/5
f 4170/33/6 4171/33/6 4175/33/6 4174/33/6
f 4177/33/1 4180/33/1 4179/33/1 4178/33/1
f 4181/33/2 4182/33/2 4183/33/2 4184/33/2
f 4177/33/3 4178/33/3 4182/33/3 4181/33/3
f 4180/33/4 4184/33/4 4183/33/4 4179/33/4
f 4177/33/5 4181/33/5 4184/33/5 4180/33/5
f 4178/33/6 4179/33/6 4183/33/6 4182/33/6
f 4185/33/1 4188/33/1 4187/33/1 4186/33/1
f 4189/33/2 4190/33/2 4191/33/2 4192/33/2
f 4185/33/3 4186/33/3 4190/33/3 4189/33/3
f 4188/33/4 4192/33/4 4191/33/4 4187/33/4
f 4185/33/5 4189/33/5 4192/33/5 4188/33/5
f 4186/33/6 4187/33/6 4191/33/6 4190/33/6
f 4193/13/1 4196/13/1 4195/13/1 4194/13/1
f 4197/13/2 4198/13/2 4199/13/2 4200/13/2
f 4193/13/3 4194/13/3 4198/13/3 4197/13/3
f 4196/13/4 4200/13/4 4199/13/4 4195/13/4
f 4193/13/5 4197/13/5 4200/13/5 4196/13/5
f 4194/13/6 4195/13/6 4199/13/6 4198/13/6
f 4201/13/1 4204/13/1 4203/13/1 4202/13/1
f 4205/13/2 4206/13/2 4207/13/2 4208/13/2
f 4201/13/3 4202/13/3 4206/13/3 4205/13/3
f 4204/13/4 4208/13/4 4207/13/4 4203/13/4
f 4201/13/5 4205/13/5 4208/13/5 4204/13/5
f 4202/13/6 4203/13/6 4207/13/6 4206/13/6
f 4209/36/1 4212/36/1 4211/36/1 4210/36/1
f 4213/36/2 4214/36/2 4215/36/2 4216/36/2
f 4209/36/3 4210/36/3 4214/36/3 4213/36/3
f 4212/36/4 4216/36/4 4215/36/4 4211/36/4
f 4209/36/5 4213/36/5 4216/36/5 4212/36/5
f 4210/36/6 4211/36/6 4215/36/6 4214/36/6
f 4217/36/1 4220/36/1 4219/36/1 4218/36/1
f 4221/36/2 4222/36/2 4223/36/2 4224/36/2
f 4217/36/3 4218/36/3 4222/36/3 4221/36/3
f 4220/36/4 4224/36/4 4223/36/4 4219/36/4
f 4217/36/5 4221/36/5 4224/36/5 4220/36/5
f 4218/36/6 4219/36/6 4223/36/6 4222/36/6
f 4225/36/1 4228/36/1 4227/36/1 4226/36/1
f 4229/36/2 4230/36/2 4231/36/2 4232/36/2
f 4225/36/3 4226/36/3 4230/36/3 4229/36/3
f 4228/36/4 4232/36/4 4231/36/4 4227/36/4
f 4225/36/5 4229/36/5 4232/36/5 4228/36/5
f 4226/36/6 4227/36/6 4231/36/6 4230/36/6
f 4233/36/1 4236/36/1 4235/36/1 4234/36/1
f 4237/36/2 4238/36/2 4239/36/2 4240/36/2
f 4233/36/3 4234/36/3 4238/36/3 4237/36/3
f 4236/36/4 4240/36/4 4239/36/4 4235/36/4
f 4233/36/5 4237/36/5 4240/36/5 4236/36/5
f 4234/36/6 4235/36/6 4239/36/6 4238/36/6
f 4241/36/1 4244/36/1 4243/36/1 4242/36/1
f 4245/36/2 4246/36/2 4247/36/2 4248/36/2
f 4241/36/3 4242/36/3 4246/36/3 4245/36/3
f 4244/36/4 4248/36/4 4247/36/4 4243/36/4
f 4241/36/5 4245/36/5 4248/36/5 4244/36/5
f 4242/36/6 4243/36/6 4247/36/6 4246/36/6
f 4249/36/1 4252/36/1 4251/36/1 4250/36/1
f 4253/36/2 4254/36/2 4255/36/2 4256/36/2
f 4249/36/3 4250/36/3 4254/36/3 4253/36/3
f 4252/36/4 4256/36/4 4255/36/4 4251/36/4
f 4249/36/5 4253/36/5 4256/36/5 4252/36/5
f 4250/36/6 4251/36/6 4255/36/6 4254/36/6
f 4257/36/1 4260/36/1 4259/36/1 4258/36/1
f 4261/36/2 4262/36/2 4263/36/2 4264/36/2
f 4257/36/3 4258/36/3 4262/36/3 4261/36/3
f 4260/36/4 4264/36/4 4263/36/4 4259/36/4
f 4257/36/5 4261/36/5 4264/36/5 4260/36/5
f 4258/36/6 4259/36/6 4263/36/6 4262/36/6
f 4265/36/1 4268/36/1 4267/36/1 4266/36/1
f 4269/36/2 4270/36/2 4271/36/2 4272/36/2
f 4265/36/3 4266/36/3 4270/36/3 4269/36/3
f 4268/36/4 4272/36/4 4271/36/4 4267/36/4
f 4265/36/5 4269/36/5 4272/36/5 4268/36/5
f 4266/36/6 4267/36/6 4271/36/6 4270/36/6
f 4273/33/1 4276/33/1 4275/33/1 4274/33/1
f 4277/33/2 4278/33/2 4279/33/2 4280/33/2
f 4273/33/3 4274/33/3 4278/33/3 4277/33/3
f 4276/33/4 4280/33/4 4279/33/4 4275/33/4
f 4273/33/5 4277/33/5 4280/33/5 4276/33/5
f 4274/33/6 4275/33/6 4279/33/6 4278/33/6
f 4281/33/1 4284/33/1 4283/33/1 4282/33/1
f 4285/33/2 4286/33/2 4287/33/2 4288/33/2
f 4281/33/3 4282/33/3 4286/33/3 4285/33/3
f 4284/33/4 4288/33/4 4287/33/4 4283/33/4
f 4281/33/5 4285/33/5 4288/33/5 4284/33/5
f 4282/33/6 4283/33/6 4287/33/6 4286/33/6
f 4289/13/1 4292/13/1 4291/13/1 4290/13/1
f 4293/13/2 4294/13/2 4295/13/2 4296/13/2
f 4289/13/3 4290/13/3 4294/13/3 4293/13/3
f 4292/13/4 4296/13/4 4295/13/4 4291/13/4
f 4289/13/5 4293/13/5 4296/13/5 4292/13/5
f 4290/13/6 4291/13/6 4295/13/6 4294/13/6
f 4297/13/1 4300/13/1 4299/13/1 4298/13/1
f 4301/13/2 4302/13/2 4303/13/2 4304/13/2
f 4297/13/3 4298/13/3 4302/13/3 4301/13/3
f 4300/13/4 4304/13/4 4303/13/4 4299/13/4
f 4297/13/5 4301/13/5 4304/13/5 4300/13/5
f 4298/13/6 4299/13/6 4303/13/6 4302/13/6
f 4305/36/1 4308/36/1 4307/36/1 4306/36/1
f 4309/36/2 4310/36/2 4311/36/2 4312/36/2
f 4305/36/3 4306/36/3 4310/36/3 4309/36/3
f 4308/36/4 4312/36/4 4311/36/4 4307/36/4
f 4305/36/5 4309/36/5 4312/36/5 4308/36/5
f 4306/36/6 4307/36/6 4311/36/6 4310/36/6
f 4313/36/1 4316/36/1 4315/36/1 4314/36/1
f 4317/36/2 4318/36/2 4319/36/2 4320/36/2
f 4313/36/3 4314/36/3 4318/36/3 4317/36/3
f 4316/36/4 4320/36/4 4319/36/4 4315/36/4
f 4313/36/5 4317/36/5 4320/36/5 4316/36/5
f 4314/36/6 4315/36/6 4319/36/6 4318/36/6
f 4321/36/1 4324/36/1 4323/36/1 4322/36/1
f 4325/36/2 4326/36/2 4327/36/2 4328/36/2
f 4321/36/3 4322/36/3 4326/36/3 4325/36/3
f 4324/36/4 4328/36/4 4327/36/4 4323/36/4
f 4321/36/5 4325/36/5 4328/36/5 4324/36/5
f 4322/36/6 4323/36/6 4327/36/6 4326/36/6
f 4329/36/1 4332/36/1 4331/36/1 4330/36/1
f 4333/36/2 4334/36/2 4335/36/2 4336/36/2
f 4329/36/3 4330/36/3 4334/36/3 4333/36/3
f 4332/36/4 4336/36/4 4335/36/4 4331/36/4
f 4329/36/5 4333/36/5 4336/36/5 4332/36/5
f 4330/36/6 4331/36/6 4335/36/6 4334/36/6
f 4337/36/1 4340/36/1 4339/36/1 4338/36/1
f 4341/36/2 4342/36/2 4343/36/2 4344/36/2
f 4337/36/3 4338/36/3 4342/36/3 4341/36/3
f 4340/36/4 4344/36/4 4343/36/4 4339/36/4
f 4337/36/5 4341/36/5 4344/36/5 4340/36/5
f 4338/36/6 4339/36/6 4343/36/6 4342/36/6
f 4345/36/1 4348/36/1 4347/36/1 4346/36/1
f 4349/36/2 4350/36/2 4351/36/2 4352/36/2
f 4345/36/3 4346/36/3 4350/36/3 4349/36/3
f 4348/36/4 4352/36/4 4351/36/4 4347/36/4
f 4345/36/5 4349/36/5 4352/36/5 4348/36/5
f 4346/36/6 4347/36/6 4351/36/6 4350/36/6
f 4353/36/1 4356/36/1 4355/36/1 4354/36/1
f 4357/36/2 4358/36/2 4359/36/2 4360/36/2
f 4353/36/3 4354/36/3 4358/36/3 4357/36/3
f 4356/36/4 4360/36/4 4359/36/4 4355/36/4
f 4353/36/5 4357/36/5 4360/36/5 4356/36/5
f 4354/36/6 4355/36/6 4359/36/6 4358/36/6
f 4361/36/1 4364/36/1 4363/36/1 4362/36/1
f 4365/36/2 4366/36/2 4367/36/2 4368/36/2
f 4361/36/3 4362/36/3 4366/36/3 4365/36/3
f 4364/36/4 4368/36/4 4367/36/4 4363/36/4
f 4361/36/5 4365/36/5 4368/36/5 4364/36/5
f 4362/36/6 4363/36/6 4367/36/6 4366/36/6
f 4369/34/1 4372/34/1 4371/34/1 4370/34/1
f 4373/34/2 4374/34/2 4375/34/2 4376/34/2
f 4369/34/3 4370/34/3 4374/34/3 4373/34/3
f 4372/34/4 4376/34/4 4375/34/4 4371/34/4
f 4369/34/5 4373/34/5 4376/34/5 4372/34/5
f 4370/34/6 4371/34/6 4375/34/6 4374/34/6
f 4377/34/1 4380/34/1 4379/34/1 4378/34/1
f 4381/34/2 4382/34/2 4383/34/2 4384/34/2
f 4377/34/3 4378/34/3 4382/34/3 4381/34/3
f 4380/34/4 4384/34/4 4383/34/4 4379/34/4
f 4377/34/5 4381/34/5 4384/34/5 4380/34/5
f 4378/34/6 4379/34/6 4383/34/6 4382/34/6
f 4385/13/1 4388/13/1 4387/13/1 4386/13/1
f 4389/13/2 4390/13/2 4391/13/2 4392/13/2
f 4385/13/3 4386/13/3 4390/13/3 4389/13/3
f 4388/13/4 4392/13/4 4391/13/4 4387/13/4
f 4385/13/5 4389/13/5 4392/13/5 4388/13/5
f 4386/13/6 4387/13/6 4391/13/6 4390/13/6
f 4393/13/1 4396/13/1 4395/13/1 4394/13/1
f 4397/13/2 4398/13/2 4399/13/2 4400/13/2
f 4393/13/3 4394/13/3 4398/13/3 4397/13/3
f 4396/13/4 4400/13/4 4399/13/4 4395/13/4
f 4393/13/5 4397/13/5 4400/13/5 4396/13/5
f 4394/13/6 4395/13/6 4399/13/6 4398/13/6
f 4401/13/1 4404/13/1 4403/13/1 4402/13/1
f 4405/13/2 4406/13/2 4407/13/2 4408/13/2
f 4401/13/3 4402/13/3 4406/13/3 4405/13/3
f 4404/13/4 4408/13/4 4407/13/4 4403/13/4
f 4401/13/5 4405/13/5 4408/13/5 4404/13/5
f 4402/13/6 4403/13/6 4407/13/6 4406/13/6
f 4409/13/1 4412/13/1 4411/13/1 4410/13/1
f 4413/13/2 4414/13/2 4415/13/2 4416/13/2
f 4409/13/3 4410/13/3 4414/13/3 4413/13/3
f 4412/13/4 4416/13/4 4415/13/4 4411/13/4
f 4409/13/5 4413/13/5 4416/13/5 4412/13/5
f 4410/13/6 4411/13/6 4415/13/6 4414/13/6
f 4417/13/1 4420/13/1 4419/13/1 4418/13/1
f 4421/13/2 4422/13/2 4423/13/2 4424/13/2
f 4417/13/3 4418/13/3 4422/13/3 4421/13/3
f 4420/13/4 4424/13/4 4423/13/4 4419/13/4
f 4417/13/5 4421/13/5 4424/13/5 4420/13/5
f 4418/13/6 4419/13/6 4423/13/6 4422/13/6
f 4425/13/1 4428/13/1 4427/13/1 4426/13/1
f 4429/13/2 4430/13/2 4431/13/2 4432/13/2
f 4425/13/3 4426/13/3 4430/13/3 4429/13/3
f 4428/13/4 4432/13/4 4431/13/4 4427/13/4
f 4425/13/5 4429/13/5 4432/13/5 4428/13/5
f 4426/13/6 4427/13/6 4431/13/6 4430/13/6
f 4433/13/1 4436/13/1 4435/13/1 4434/13/1
f 4437/13/2 4438/13/2 4439/13/2 4440/13/2
f 4433/13/3 4434/13/3 4438/13/3 4437/13/3
f 4436/13/4 4440/13/4 4439/13/4 4435/13/4
f 4433/13/5 4437/13/5 4440/13/5 4436/13/5
f 4434/13/6 4435/13/6 4439/13/6 4438/13/6
f 4441/13/1 4444/13/1 4443/13/1 4442/13/1
f 4445/13/2 4446/13/2 4447/13/2 4448/13/2
f 4441/13/3 4442/13/3 4446/13/3 4445/13/3
f 4444/13/4 4448/13/4 4447/13/4 4443/13/4
f 4441/13/5 4445/13/5 4448/13/5 4444/13/5
f 4442/13/6 4443/13/6 4447/13/6 4446/13/6
f 4449/13/1 4452/13/1 4451/13/1 4450/13/1
f 4453/13/2 4454/13/2 4455/13/2 4456/13/2
f 4449/13/3 4450/13/3 4454/13/3 4453/13/3
f 4452/13/4 4456/13/4 4455/13/4 4451/13/4
f 4449/13/5 4453/13/5 4456/13/5 4452/13/5
f 4450/13/6 4451/13/6 4455/13/6 4454/13/6
f 4457/13/1 4460/13/1 4459/13/1 4458/13/1
f 4461/13/2 4462/13/2 4463/13/2 4464/13/2
f 4457/13/3 4458/13/3 4462/13/3 4461/13/3
f 4460/13/4 4464/13/4 4463/13/4 4459/13/4
f 4457/13/5 4461/13/5 4464/13/5 4460/13/5
f 4458/13/6 4459/13/6 4463/13/6 4462/13/6
f 4465/13/1 4468/13/1 4467/13/1 4466/13/1
f 4469/13/2 4470/13/2 4471/13/2 4472/13/2
f 4465/13/3 4466/13/3 4470/13/3 4469/13/3
f 4468/13/4 4472/13/4 4471/13/4 4467/13/4
f 4465/13/5 4469/13/5 4472/13/5 4468/13/5
f 4466/13/6 4467/13/6 4471/13/6 4470/13/6
f 4473/13/1 4476/13/1 4475/13/1 4474/13/1
f 4477/13/2 4478/13/2 4479/13/2 4480/13/2
f 4473/13/3 4474/13/3 4478/13/3 4477/13/3
f 4476/13/4 4480/13/4 4479/13/4 4475/13/4
f 4473/13/5 4477/13/5 4480/13/5 4476/13/5
f 4474/13/6 4475/13/6 4479/13/6 4478/13/6
f 4481/13/1 4484/13/1 4483/13/1 4482/13/1
f 4485/13/2 4486/13/2 4487/13/2 4488/13/2
f 4481/13/3 4482/13/3 4486/13/3 4485/13/3
f 4484/13/4 4488/13/4 4487/13/4 4483/13/4
f 4481/13/5 4485/13/5 4488/13/5 4484/13/5
f 4482/13/6 4483/13/6 4487/13/6 4486/13/6
f 4489/13/1 4492/13/1 4491/13/1 4490/13/1
f 4493/13/2 4494/13/2 4495/13/2 4496/13/2
f 4489/13/3 4490/13/3 4494/13/3 4493/13/3
f 4492/13/4 4496/13/4 4495/13/4 4491/13/4
f 4489/13/5 4493/13/5 4496/13/5 4492/13/5
f 4490/13/6 4491/13/6 4495/13/6 4494/13/6
f 4497/13/1 4500/13/1 4499/13/1 4498/13/1
f 4501/13/2 4502/13/2 4503/13/2 4504/13/2
f 4497/13/3 4498/13/3 4502/13/3 4501/13/3
f 4500/13/4 4504/13/4 4503/13/4 4499/13/4
f 4497/13/5 4501/13/5 4504/13/5 4500/13/5
f 4498/13/6 4499/13/6 4503/13/6 4502/13/6
f 4505/13/1 4508/13/1 4507/13/1 4506/13/1
f 4509/13/2 4510/13/2 4511/13/2 4512/13/2
f 4505/13/3 4506/13/3 4510/13/3 4509/13/3
f 4508/13/4 4512/13/4 4511/13/4 4507/13/4
f 4505/13/5 4509/13/5 4512/13/5 4508/13/5
f 4506/13/6 4507/13/6 4511/13/6 4510/13/6
f 4513/13/1 4516/13/1 4515/13/1 4514/13/1
f 4517/13/2 4518/13/2 4519/13/2 4520/13/2
f 4513/13/3 4514/13/3 4518/13/3 4517/13/3
f 4516/13/4 4520/13/4 4519/13/4 4515/13/4
f 4513/13/5 4517/13/5 4520/13/5 4516/13/5
f 4514/13/6 4515/13/6 4519/13/6 4518/13/6
f 4521/13/1 4524/13/1 4523/13/1 4522/13/1
f 4525/13/2 4526/13/2 4527/13/2 4528/13/2
f 4521/13/3 4522/13/3 4526/13/3 4525/13/3
f 4524/13/4 4528/13/4 4527/13/4 4523/13/4
f 4521/13/5 4525/13/5 4528/13/5 4524/13/5
f 4522/13/6 4523/13/6 4527/13/6 4526/13/6
f 4529/13/1 4532/13/1 4531/13/1 4530/13/1
f 4533/13/2 4534/13/2 4535/13/2 4536/13/2
f 4529/13/3 4530/13/3 4534/13/3 4533/13/3
f 4532/13/4 4536/13/4 4535/13/4 4531/13/4
f 4529/13/5 4533/13/5 4536/13/5 4532/13/5
f 4530/13/6 4531/13/6 4535/13/6 4534/13/6
f 4537/13/1 4540/13/1 4539/13/1 4538/13/1
f 4541/13/2 4542/13/2 4543/13/2 4544/13/2
f 4537/13/3 4538/13/3 4542/13/3 4541/13/3
f 4540/13/4 4544/13/4 4543/13/4 4539/13/4
f 4537/13/5 4541/13/5 4544/13/5 4540/13/5
f 4538/13/6 4539/13/6 4543/13/6 4542/13/6
f 4545/13/1 4548/13/1 4547/13/1 4546/13/1
f 4549/13/2 4550/13/2 4551/13/2 4552/13/2
f 4545/13/3 4546/13/3 4550/13/3 4549/13/3
f 4548/13/4 4552/13/4 4551/13/4 4547/13/4
f 4545/13/5 4549/13/5 4552/13/5 4548/13/5
f 4546/13/6 4547/13/6 4551/13/6 4550/13/6
f 4553/13/1 4556/13/1 4555/13/1 4554/13/1
f 4557/13/2 4558/13/2 4559/13/2 4560/13/2
f 4553/13/3 4554/13/3 4558/13/3 4557/13/3
f 4556/13/4 4560/13/4 4559/13/4 4555/13/4
f 4553/13/5 4557/13/5 4560/13/5 4556/13/5
f 4554/13/6 4555/13/6 4559/13/6 4558/13/6
f 4561/13/1 4564/13/1 4563/13/1 4562/13/1
f 4565/13/2 4566/13/2 4567/13/2 4568/13/2
f 4561/13/3 4562/13/3 4566/13/3 4565/13/3
f 4564/13/4 4568/13/4 4567/13/4 4563/13/4
f 4561/13/5 4565/13/5 4568/13/5 4564/13/5
f 4562/13/6 4563/13/6 4567/13/6 4566/13/6
f 4569/13/1 4572/13/1 4571/13/1 4570/13/1
f 4573/13/2 4574/13/2 4575/13/2 4576/13/2
f 4569/13/3 4570/13/3 4574/13/3 4573/13/3
f 4572/13/4 4576/13/4 4575/13/4 4571/13/4
f 4569/13/5 4573/13/5 4576/13/5 4572/13/5
f 4570/13/6 4571/13/6 4575/13/6 4574/13/6
f 4577/13/1 4580/13/1 4579/13/1 4578/13/1
f 4581/13/2 4582/13/2 4583/13/2 4584/13/2
f 4577/13/3 4578/13/3 4582/13/3 4581/13/3
f 4580/13/4 4584/13/4 4583/13/4 4579/13/4
f 4577/13/5 4581/13/5 4584/13/5 4580/13/5
f 4578/13/6 4579/13/6 4583/13/6 4582/13/6
f 4585/13/1 4588/13/1 4587/13/1 4586/13/1
f 4589/13/2 4590/13/2 4591/13/2 4592/13/2
f 4585/13/3 4586/13/3 4590/13/3 4589/13/3
f 4588/13/4 4592/13/4 4591/13/4 4587/13/4
f 4585/13/5 4589/13/5 4592/13/5 4588/13/5
f 4586/13/6 4587/13/6 4591/13/6 4590/13/6
f 4593/13/1 4596/13/1 4595/13/1 4594/13/1
f 4597/13/2 4598/13/2 4599/13/2 4600/13/2
f 4593/13/3 4594/13/3 4598/13/3 4597/13/3
f 4596/13/4 4600/13/4 4599/13/4 4595/13/4
f 4593/13/5 4597/13/5 4600/13/5 4596/13/5
f 4594/13/6 4595/13/6 4599/13/6 4598/13/6
f 4601/13/1 4604/13/1 4603/13/1 4602/13/1
f 4605/13/2 4606/13/2 4607/13/2 4608/13/2
f 4601/13/3 4602/13/3 4606/13/3 4605/13/3
f 4604/13/4 4608/13/4 4607/13/4 4603/13/4
f 4601/13/5 4605/13/5 4608/13/5 4604/13/5
f 4602/13/6 4603/13/6 4607/13/6 4606/13/6
f 4609/13/1 4612/13/1 4611/13/1 4610/13/1
f 4613/13/2 4614/13/2 4615/13/2 4616/13/2
f 4609/13/3 4610/13/3 4614/13/3 4613/13/3
f 4612/13/4 4616/13/4 4615/13/4 4611/13/4
f 4609/13/5 4613/13/5 4616/13/5 4612/13/5
f 4610/13/6 4611/13/6 4615/13/6 4614/13/6
f 4617/13/1 4620/13/1 4619/13/1 4618/13/1
f 4621/13/2 4622/13/2 4623/13/2 4624/13/2
f 4617/13/3 4618/13/3 4622/13/3 4621/13/3
f 4620/13/4 4624/13/4 4623/13/4 4619/13/4
f 4617/13/5 4621/13/5 4624/13/5 4620/13/5
f 4618/13/6 4619/13/6 4623/13/6 4622/13/6
f 4625/33/1 4628/33/1 4627/33/1 4626/33/1
f 4629/33/2 4630/33/2 4631/33/2 4632/33/2
f 4625/33/3 4626/33/3 4630/33/3 4629/33/3
f 4628/33/4 4632/33/4 4631/33/4 4627/33/4
f 4625/33/5 4629/33/5 4632/33/5 4628/33/5
f 4626/33/6 4627/33/6 4631/33/6 4630/33/6
f 4633/36/1 4636/36/1 4635/36/1 4634/36/1
f 4637/36/2 4638/36/2 4639/36/2 4640/36/2
f 4633/36/3 4634/36/3 4638/36/3 4637/36/3
f 4636/36/4 4640/36/4 4639/36/4 4635/36/4
f 4633/36/5 4637/36/5 4640/36/5 4636/36/5
f 4634/36/6 4635/36/6 4639/36/6 4638/36/6
f 4641/36/1 4644/36/1 4643/36/1 4642/36/1
f 4645/36/2 4646/36/2 4647/36/2 4648/36/2
f 4641/36/3 4642/36/3 4646/36/3 4645/36/3
f 4644/36/4 4648/36/4 4647/36/4 4643/36/4
f 4641/36/5 4645/36/5 4648/36/5 4644/36/5
f 4642/36/6 4643/36/6 4647/36/6 4646/36/6
f 4649/36/1 4652/36/1 4651/36/1 4650/36/1
f 4653/36/2 4654/36/2 4655/36/2 4656/36/2
f 4649/36/3 4650/36/3 4654/36/3 4653/36/3
f 4652/36/4 4656/36/4 4655/36/4 4651/36/4
f 4649/36/5 4653/36/5 4656/36/5 4652/36/5
f 4650/36/6 4651/36/6 4655/36/6 4654/36/6
f 4657/36/1 4660/36/1 4659/36/1 4658/36/1
f 4661/36/2 4662/36/2 4663/36/2 4664/36/2
f 4657/36/3 4658/36/3 4662/36/3 4661/36/3
f 4660/36/4 4664/36/4 4663/36/4 4659/36/4
f 4657/36/5 4661/36/5 4664/36/5 4660/36/5
f 4658/36/6 4659/36/6 4663/36/6 4662/36/6
f 4665/50/1 4668/50/1 4667/50/1 4666/50/1
f 4669/50/2 4670/50/2 4671/50/2 4672/50/2
f 4665/50/3 4666/50/3 4670/50/3 4669/50/3
f 4668/50/4 4672/50/4 4671/50/4 4667/50/4
f 4665/50/5 4669/50/5 4672/50/5 4668/50/5
f 4666/50/6 4667/50/6 4671/50/6 4670/50/6
f 4673/34/1 4676/34/1 4675/34/1 4674/34/1
f 4677/34/2 4678/34/2 4679/34/2 4680/34/2
f 4673/34/3 4674/34/3 4678/34/3 4677/34/3
f 4676/34/4 4680/34/4 4679/34/4 4675/34/4
f 4673/34/5 4677/34/5 4680/34/5 4676/34/5
f 4674/34/6 4675/34/6 4679/34/6 4678/34/6
f 4681/50/1 4684/50/1 4683/50/1 4682/50/1
f 4685/50/2 4686/50/2 4687/50/2 4688/50/2
f 4681/50/3 4682/50/3 4686/50/3 4685/50/3
f 4684/50/4 4688/50/4 4687/50/4 4683/50/4
f 4681/50/5 4685/50/5 4688/50/5 4684/50/5
f 4682/50/6 4683/50/6 4687/50/6 4686/50/6
f 4689/34/1 4692/34/1 4691/34/1 4690/34/1
f 4693/34/2 4694/34/2 4695/34/2 4696/34/2
f 4689/34/3 4690/34/3 4694/34/3 4693/34/3
f 4692/34/4 4696/34/4 4695/34/4 4691/34/4
f 4689/34/5 4693/34/5 4696/34/5 4692/34/5
f 4690/34/6 4691/34/6 4695/34/6 4694/34/6
o BOGEY_REAR_WHEEL_1
usemtl palette
f 4697/36/1 4700/36/1 4699/36/1 4698/36/1
f 4701/36/2 4702/36/2 4703/36/2 4704/36/2
f 4697/36/3 4698/36/3 4702/36/3 4701/36/3
f 4700/36/4 4704/36/4 4703/36/4 4699/36/4
f 4697/36/5 4701/36/5 4704/36/5 4700/36/5
f 4698/36/6 4699/36/6 4703/36/6 4702/36/6
f 4705/36/1 4708/36/1 4707/36/1 4706/36/1
f 4709/36/2 4710/36/2 4711/36/2 4712/36/2
f 4705/36/3 4706/36/3 4710/36/3 4709/36/3
f 4708/36/4 4712/36/4 4711/36/4 4707/36/4
f 4705/36/5 4709/36/5 4712/36/5 4708/36/5
f 4706/36/6 4707/36/6 4711/36/6 4710/36/6
f 4713/36/1 4716/36/1 4715/36/1 4714/36/1
f 4717/36/2 4718/36/2 4719/36/2 4720/36/2
f 4713/36/3 4714/36/3 4718/36/3 4717/36/3
f 4716/36/4 4720/36/4 4719/36/4 4715/36/4
f 4713/36/5 4717/36/5 4720/36/5 4716/36/5
f 4714/36/6 4715/36/6 4719/36/6 4718/36/6
f 4721/35/1 4724/35/1 4723/35/1 4722/35/1
f 4725/35/2 4726/35/2 4727/35/2 4728/35/2
f 4721/35/3 4722/35/3 4726/35/3 4725/35/3
f 4724/35/4 4728/35/4 4727/35/4 4723/35/4
f 4721/35/5 4725/35/5 4728/35/5 4724/35/5
f 4722/35/6 4723/35/6 4727/35/6 4726/35/6
f 4729/36/1 4732/36/1 4731/36/1 4730/36/1
f 4733/36/2 4734/36/2 4735/36/2 4736/36/2
f 4729/36/3 4730/36/3 4734/36/3 4733/36/3
f 4732/36/4 4736/36/4 4735/36/4 4731/36/4
f 4729/36/5 4733/36/5 4736/36/5 4732/36/5
f 4730/36/6 4731/36/6 4735/36/6 4734/36/6
f 4737/36/1 4740/36/1 4739/36/1 4738/36/1
f 4741/36/2 4742/36/2 4743/36/2 4744/36/2
f 4737/36/3 4738/36/3 4742/36/3 4741/36/3
f 4740/36/4 4744/36/4 4743/36/4 4739/36/4
f 4737/36/5 4741/36/5 4744/36/5 4740/36/5
f 4738/36/6 4739/36/6 4743/36/6 4742/36/6
f 4745/36/1 4748/36/1 4747/36/1 4746/36/1
f 4749/36/2 4750/36/2 4751/36/2 4752/36/2
f 4745/36/3 4746/36/3 4750/36/3 4749/36/3
f 4748/36/4 4752/36/4 4751/36/4 4747/36/4
f 4745/36/5 4749/36/5 4752/36/5 4748/36/5
f 4746/36/6 4747/36/6 4751/36/6 4750/36/6
f 4753/35/1 4756/35/1 4755/35/1 4754/35/1
f 4757/35/2 4758/35/2 4759/35/2 4760/35/2
f 4753/35/3 4754/35/3 4758/35/3 4757/35/3
f 4756/35/4 4760/35/4 4759/35/4 4755/35/4
f 4753/35/5 4757/35/5 4760/35/5 4756/35/5
f 4754/35/6 4755/35/6 4759/35/6 4758/35/6
f 4761/36/1 4764/36/1 4763/36/1 4762/36/1
f 4765/36/2 4766/36/2 4767/36/2 4768/36/2
f 4761/36/3 4762/36/3 4766/36/3 4765/36/3
f 4764/36/4 4768/36/4 4767/36/4 4763/36/4
f 4761/36/5 4765/36/5 4768/36/5 4764/36/5
f 4762/36/6 4763/36/6 4767/36/6 4766/36/6
f 4769/35/1 4772/35/1 4771/35/1 4770/35/1
f 4773/35/2 4774/35/2 4775/35/2 4776/35/2
f 4769/35/3 4770/35/3 4774/35/3 4773/35/3
f 4772/35/4 4776/35/4 4775/35/4 4771/35/4
f 4769/35/5 4773/35/5 4776/35/5 4772/35/5
f 4770/35/6 4771/35/6 4775/35/6 4774/35/6
f 4777/35/1 4780/35/1 4779/35/1 4778/35/1
f 4781/35/2 4782/35/2 4783/35/2 4784/35/2
f 4777/35/3 4778/35/3 4782/35/3 4781/35/3
f 4780/35/4 4784/35/4 4783/35/4 4779/35/4
f 4777/35/5 4781/35/5 4784/35/5 4780/35/5
f 4778/35/6 4779/35/6 4783/35/6 4782/35/6
f 4785/35/1 4788/35/1 4787/35/1 4786/35/1
f 4789/35/2 4790/35/2 4791/35/2 4792/35/2
f 4785/35/3 4786/35/3 4790/35/3 4789/35/3
f 4788/35/4 4792/35/4 4791/35/4 4787/35/4
f 4785/35/5 4789/35/5 4792/35/5 4788/35/5
f 4786/35/6 4787/35/6 4791/35/6 4790/35/6
f 4793/35/1 4796/35/1 4795/35/1 4794/35/1
f 4797/35/2 4798/35/2 4799/35/2 4800/35/2
f 4793/35/3 4794/35/3 4798/35/3 4797/35/3
f 4796/35/4 4800/35/4 4799/35/4 4795/35/4
f 4793/35/5 4797/35/5 4800/35/5 4796/35/5
f 4794/35/6 4795/35/6 4799/35/6 4798/35/6
f 4801/35/1 4804/35/1 4803/35/1 4802/35/1
f 4805/35/2 4806/35/2 4807/35/2 4808/35/2
f 4801/35/3 4802/35/3 4806/35/3 4805/35/3
f 4804/35/4 4808/35/4 4807/35/4 4803/35/4
f 4801/35/5 4805/35/5 4808/35/5 4804/35/5
f 4802/35/6 4803/35/6 4807/35/6 4806/35/6
f 4809/35/1 4812/35/1 4811/35/1 4810/35/1
f 4813/35/2 4814/35/2 4815/35/2 4816/35/2
f 4809/35/3 4810/35/3 4814/35/3 4813/35/3
f 4812/35/4 4816/35/4 4815/35/4 4811/35/4
f 4809/35/5 4813/35/5 4816/35/5 4812/35/5
f 4810/35/6 4811/35/6 4815/35/6 4814/35/6
o BOGEY_REAR_WHEEL_2
usemtl palette
f 4817/36/1 4820/36/1 4819/36/1 4818/36/1
f 4821/36/2 4822/36/2 4823/36/2 4824/36/2
f 4817/36/3 4818/36/3 4822/36/3 4821/36/3
f 4820/36/4 4824/36/4 4823/36/4 4819/36/4
f 4817/36/5 4821/36/5 4824/36/5 4820/36/5
f 4818/36/6 4819/36/6 4823/36/6 4822/36/6
f 4825/36/1 4828/36/1 4827/36/1 4826/36/1
f 4829/36/2 4830/36/2 4831/36/2 4832/36/2
f 4825/36/3 4826/36/3 4830/36/3 4829/36/3
f 4828/36/4 4832/36/4 4831/36/4 4827/36/4
f 4825/36/5 4829/36/5 4832/36/5 4828/36/5
f 4826/36/6 4827/36/6 4831/36/6 4830/36/6
f 4833/36/1 4836/36/1 4835/36/1 4834/36/1
f 4837/36/2 4838/36/2 4839/36/2 4840/36/2
f 4833/36/3 4834/36/3 4838/36/3 4837/36/3
f 4836/36/4 4840/36/4 4839/36/4 4835/36/4
f 4833/36/5 4837/36/5 4840/36/5 4836/36/5
f 4834/36/6 4835/36/6 4839/36/6 4838/36/6
f 4841/35/1 4844/35/1 4843/35/1 4842/35/1
f 4845/35/2 4846/35/2 4847/35/2 4848/35/2
f 4841/35/3 4842/35/3 4846/35/3 4845/35/3
f 4844/35/4 4848/35/4 4847/35/4 4843/35/4
f 4841/35/5 4845/35/5 4848/35/5 4844/35/5
f 4842/35/6 4843/35/6 4847/35/6 4846/35/6
f 4849/36/1 4852/36/1 4851/36/1 4850/36/1
f 4853/36/2 4854/36/2 4855/36/2 4856/36/2
f 4849/36/3 4850/36/3 4854/36/3 4853/36/3
f 4852/36/4 4856/36/4 4855/36/4 4851/36/4
f 4849/36/5 4853/36/5 4856/36/5 4852/36/5
f 4850/36/6 4851/36/6 4855/36/6 4854/36/6
f 4857/36/1 4860/36/1 4859/36/1 4858/36/1
f 4861/36/2 4862/36/2 4863/36/2 4864/36/2
f 4857/36/3 4858/36/3 4862/36/3 4861/36/3
f 4860/36/4 4864/36/4 4863/36/4 4859/36/4
f 4857/36/5 4861/36/5 4864/36/5 4860/36/5
f 4858/36/6 4859/36/6 4863/36/6 4862/36/6
f 4865/36/1 4868/36/1 4867/36/1 4866/36/1
f 4869/36/2 4870/36/2 4871/36/2 4872/36/2
f 4865/36/3 4866/36/3 4870/36/3 4869/36/3
f 4868/36/4 4872/36/4 4871/36/4 4867/36/4
f 4865/36/5 4869/36/5 4872/36/5 4868/36/5
f 4866/36/6 4867/36/6 4871/36/6 4870/36/6
f 4873/35/1 4876/35/1 4875/35/1 4874/35/1
f 4877/35/2 4878/35/2 4879/35/2 4880/35/2
f 4873/35/3 4874/35/3 4878/35/3 4877/35/3
f 4876/35/4 4880/35/4 4879/35/4 4875/35/4
f 4873/35/5 4877/35/5 4880/35/5 4876/35/5
f 4874/35/6 4875/35/6 4879/35/6 4878/35/6
f 4881/36/1 4884/36/1 4883/36/1 4882/36/1
f 4885/36/2 4886/36/2 4887/36/2 4888/36/2
f 4881/36/3 4882/36/3 4886/36/3 4885/36/3
f 4884/36/4 4888/36/4 4887/36/4 4883/36/4
f 4881/36/5 4885/36/5 4888/36/5 4884/36/5
f 4882/36/6 4883/36/6 4887/36/6 4886/36/6
f 4889/35/1 4892/35/1 4891/35/1 4890/35/1
f 4893/35/2 4894/35/2 4895/35/2 4896/35/2
f 4889/35/3 4890/35/3 4894/35/3 4893/35/3
f 4892/35/4 4896/35/4 4895/35/4 4891/35/4
f 4889/35/5 4893/35/5 4896/35/5 4892/35/5
f 4890/35/6 4891/35/6 4895/35/6 4894/35/6
f 4897/35/1 4900/35/1 4899/35/1 4898/35/1
f 4901/35/2 4902/35/2 4903/35/2 4904/35/2
f 4897/35/3 4898/35/3 4902/35/3 4901/35/3
f 4900/35/4 4904/35/4 4903/35/4 4899/35/4
f 4897/35/5 4901/35/5 4904/35/5 4900/35/5
f 4898/35/6 4899/35/6 4903/35/6 4902/35/6
f 4905/35/1 4908/35/1 4907/35/1 4906/35/1
f 4909/35/2 4910/35/2 4911/35/2 4912/35/2
f 4905/35/3 4906/35/3 4910/35/3 4909/35/3
f 4908/35/4 4912/35/4 4911/35/4 4907/35/4
f 4905/35/5 4909/35/5 4912/35/5 4908/35/5
f 4906/35/6 4907/35/6 4911/35/6 4910/35/6
f 4913/35/1 4916/35/1 4915/35/1 4914/35/1
f 4917/35/2 4918/35/2 4919/35/2 4920/35/2
f 4913/35/3 4914/35/3 4918/35/3 4917/35/3
f 4916/35/4 4920/35/4 4919/35/4 4915/35/4
f 4913/35/5 4917/35/5 4920/35/5 4916/35/5
f 4914/35/6 4915/35/6 4919/35/6 4918/35/6
f 4921/35/1 4924/35/1 4923/35/1 4922/35/1
f 4925/35/2 4926/35/2 4927/35/2 4928/35/2
f 4921/35/3 4922/35/3 4926/35/3 4925/35/3
f 4924/35/4 4928/35/4 4927/35/4 4923/35/4
f 4921/35/5 4925/35/5 4928/35/5 4924/35/5
f 4922/35/6 4923/35/6 4927/35/6 4926/35/6
f 4929/35/1 4932/35/1 4931/35/1 4930/35/1
f 4933/35/2 4934/35/2 4935/35/2 4936/35/2
f 4929/35/3 4930/35/3 4934/35/3 4933/35/3
f 4932/35/4 4936/35/4 4935/35/4 4931/35/4
f 4929/35/5 4933/35/5 4936/35/5 4932/35/5
f 4930/35/6 4931/35/6 4935/35/6 4934/35/6
o SHELL_roof
usemtl palette
f 4937/40/1 4940/40/1 4939/40/1 4938/40/1
f 4941/40/2 4942/40/2 4943/40/2 4944/40/2
f 4937/40/3 4938/40/3 4942/40/3 4941/40/3
f 4940/40/4 4944/40/4 4943/40/4 4939/40/4
f 4937/40/5 4941/40/5 4944/40/5 4940/40/5
f 4938/40/6 4939/40/6 4943/40/6 4942/40/6
f 4945/30/1 4948/30/1 4947/30/1 4946/30/1
f 4949/30/2 4950/30/2 4951/30/2 4952/30/2
f 4945/30/3 4946/30/3 4950/30/3 4949/30/3
f 4948/30/4 4952/30/4 4951/30/4 4947/30/4
f 4945/30/5 4949/30/5 4952/30/5 4948/30/5
f 4946/30/6 4947/30/6 4951/30/6 4950/30/6
f 4953/30/1 4956/30/1 4955/30/1 4954/30/1
f 4957/30/2 4958/30/2 4959/30/2 4960/30/2
f 4953/30/3 4954/30/3 4958/30/3 4957/30/3
f 4956/30/4 4960/30/4 4959/30/4 4955/30/4
f 4953/30/5 4957/30/5 4960/30/5 4956/30/5
f 4954/30/6 4955/30/6 4959/30/6 4958/30/6
f 4961/30/1 4964/30/1 4963/30/1 4962/30/1
f 4965/30/2 4966/30/2 4967/30/2 4968/30/2
f 4961/30/3 4962/30/3 4966/30/3 4965/30/3
f 4964/30/4 4968/30/4 4967/30/4 4963/30/4
f 4961/30/5 4965/30/5 4968/30/5 4964/30/5
f 4962/30/6 4963/30/6 4967/30/6 4966/30/6
f 4969/30/1 4972/30/1 4971/30/1 4970/30/1
f 4973/30/2 4974/30/2 4975/30/2 4976/30/2
f 4969/30/3 4970/30/3 4974/30/3 4973/30/3
f 4972/30/4 4976/30/4 4975/30/4 4971/30/4
f 4969/30/5 4973/30/5 4976/30/5 4972/30/5
f 4970/30/6 4971/30/6 4975/30/6 4974/30/6
f 4977/30/1 4980/30/1 4979/30/1 4978/30/1
f 4981/30/2 4982/30/2 4983/30/2 4984/30/2
f 4977/30/3 4978/30/3 4982/30/3 4981/30/3
f 4980/30/4 4984/30/4 4983/30/4 4979/30/4
f 4977/30/5 4981/30/5 4984/30/5 4980/30/5
f 4978/30/6 4979/30/6 4983/30/6 4982/30/6
f 4985/30/1 4988/30/1 4987/30/1 4986/30/1
f 4989/30/2 4990/30/2 4991/30/2 4992/30/2
f 4985/30/3 4986/30/3 4990/30/3 4989/30/3
f 4988/30/4 4992/30/4 4991/30/4 4987/30/4
f 4985/30/5 4989/30/5 4992/30/5 4988/30/5
f 4986/30/6 4987/30/6 4991/30/6 4990/30/6
f 4993/30/1 4996/30/1 4995/30/1 4994/30/1
f 4997/30/2 4998/30/2 4999/30/2 5000/30/2
f 4993/30/3 4994/30/3 4998/30/3 4997/30/3
f 4996/30/4 5000/30/4 4999/30/4 4995/30/4
f 4993/30/5 4997/30/5 5000/30/5 4996/30/5
f 4994/30/6 4995/30/6 4999/30/6 4998/30/6
f 5001/30/1 5004/30/1 5003/30/1 5002/30/1
f 5005/30/2 5006/30/2 5007/30/2 5008/30/2
f 5001/30/3 5002/30/3 5006/30/3 5005/30/3
f 5004/30/4 5008/30/4 5007/30/4 5003/30/4
f 5001/30/5 5005/30/5 5008/30/5 5004/30/5
f 5002/30/6 5003/30/6 5007/30/6 5006/30/6
f 5009/30/1 5012/30/1 5011/30/1 5010/30/1
f 5013/30/2 5014/30/2 5015/30/2 5016/30/2
f 5009/30/3 5010/30/3 5014/30/3 5013/30/3
f 5012/30/4 5016/30/4 5015/30/4 5011/30/4
f 5009/30/5 5013/30/5 5016/30/5 5012/30/5
f 5010/30/6 5011/30/6 5015/30/6 5014/30/6
f 5017/41/1 5020/41/1 5019/41/1 5018/41/1
f 5021/41/2 5022/41/2 5023/41/2 5024/41/2
f 5017/41/3 5018/41/3 5022/41/3 5021/41/3
f 5020/41/4 5024/41/4 5023/41/4 5019/41/4
f 5017/41/5 5021/41/5 5024/41/5 5020/41/5
f 5018/41/6 5019/41/6 5023/41/6 5022/41/6
f 5025/40/1 5028/40/1 5027/40/1 5026/40/1
f 5029/40/2 5030/40/2 5031/40/2 5032/40/2
f 5025/40/3 5026/40/3 5030/40/3 5029/40/3
f 5028/40/4 5032/40/4 5031/40/4 5027/40/4
f 5025/40/5 5029/40/5 5032/40/5 5028/40/5
f 5026/40/6 5027/40/6 5031/40/6 5030/40/6
f 5033/30/1 5036/30/1 5035/30/1 5034/30/1
f 5037/30/2 5038/30/2 5039/30/2 5040/30/2
f 5033/30/3 5034/30/3 5038/30/3 5037/30/3
f 5036/30/4 5040/30/4 5039/30/4 5035/30/4
f 5033/30/5 5037/30/5 5040/30/5 5036/30/5
f 5034/30/6 5035/30/6 5039/30/6 5038/30/6
f 5041/30/1 5044/30/1 5043/30/1 5042/30/1
f 5045/30/2 5046/30/2 5047/30/2 5048/30/2
f 5041/30/3 5042/30/3 5046/30/3 5045/30/3
f 5044/30/4 5048/30/4 5047/30/4 5043/30/4
f 5041/30/5 5045/30/5 5048/30/5 5044/30/5
f 5042/30/6 5043/30/6 5047/30/6 5046/30/6
f 5049/30/1 5052/30/1 5051/30/1 5050/30/1
f 5053/30/2 5054/30/2 5055/30/2 5056/30/2
f 5049/30/3 5050/30/3 5054/30/3 5053/30/3
f 5052/30/4 5056/30/4 5055/30/4 5051/30/4
f 5049/30/5 5053/30/5 5056/30/5 5052/30/5
f 5050/30/6 5051/30/6 5055/30/6 5054/30/6
f 5057/30/1 5060/30/1 5059/30/1 5058/30/1
f 5061/30/2 5062/30/2 5063/30/2 5064/30/2
f 5057/30/3 5058/30/3 5062/30/3 5061/30/3
f 5060/30/4 5064/30/4 5063/30/4 5059/30/4
f 5057/30/5 5061/30/5 5064/30/5 5060/30/5
f 5058/30/6 5059/30/6 5063/30/6 5062/30/6
f 5065/30/1 5068/30/1 5067/30/1 5066/30/1
f 5069/30/2 5070/30/2 5071/30/2 5072/30/2
f 5065/30/3 5066/30/3 5070/30/3 5069/30/3
f 5068/30/4 5072/30/4 5071/30/4 5067/30/4
f 5065/30/5 5069/30/5 5072/30/5 5068/30/5
f 5066/30/6 5067/30/6 5071/30/6 5070/30/6
f 5073/30/1 5076/30/1 5075/30/1 5074/30/1
f 5077/30/2 5078/30/2 5079/30/2 5080/30/2
f 5073/30/3 5074/30/3 5078/30/3 5077/30/3
f 5076/30/4 5080/30/4 5079/30/4 5075/30/4
f 5073/30/5 5077/30/5 5080/30/5 5076/30/5
f 5074/30/6 5075/30/6 5079/30/6 5078/30/6
f 5081/30/1 5084/30/1 5083/30/1 5082/30/1
f 5085/30/2 5086/30/2 5087/30/2 5088/30/2
f 5081/30/3 5082/30/3 5086/30/3 5085/30/3
f 5084/30/4 5088/30/4 5087/30/4 5083/30/4
f 5081/30/5 5085/30/5 5088/30/5 5084/30/5
f 5082/30/6 5083/30/6 5087/30/6 5086/30/6
f 5089/30/1 5092/30/1 5091/30/1 5090/30/1
f 5093/30/2 5094/30/2 5095/30/2 5096/30/2
f 5089/30/3 5090/30/3 5094/30/3 5093/30/3
f 5092/30/4 5096/30/4 5095/30/4 5091/30/4
f 5089/30/5 5093/30/5 5096/30/5 5092/30/5
f 5090/30/6 5091/30/6 5095/30/6 5094/30/6
f 5097/30/1 5100/30/1 5099/30/1 5098/30/1
f 5101/30/2 5102/30/2 5103/30/2 5104/30/2
f 5097/30/3 5098/30/3 5102/30/3 5101/30/3
f 5100/30/4 5104/30/4 5103/30/4 5099/30/4
f 5097/30/5 5101/30/5 5104/30/5 5100/30/5
f 5098/30/6 5099/30/6 5103/30/6 5102/30/6
f 5105/41/1 5108/41/1 5107/41/1 5106/41/1
f 5109/41/2 5110/41/2 5111/41/2 5112/41/2
f 5105/41/3 5106/41/3 5110/41/3 5109/41/3
f 5108/41/4 5112/41/4 5111/41/4 5107/41/4
f 5105/41/5 5109/41/5 5112/41/5 5108/41/5
f 5106/41/6 5107/41/6 5111/41/6 5110/41/6
f 5113/50/1 5116/50/1 5115/50/1 5114/50/1
f 5117/50/2 5118/50/2 5119/50/2 5120/50/2
f 5113/50/3 5114/50/3 5118/50/3 5117/50/3
f 5116/50/4 5120/50/4 5119/50/4 5115/50/4
f 5113/50/5 5117/50/5 5120/50/5 5116/50/5
f 5114/50/6 5115/50/6 5119/50/6 5118/50/6
f 5121/50/1 5124/50/1 5123/50/1 5122/50/1
f 5125/50/2 5126/50/2 5127/50/2 5128/50/2
f 5121/50/3 5122/50/3 5126/50/3 5125/50/3
f 5124/50/4 5128/50/4 5127/50/4 5123/50/4
f 5121/50/5 5125/50/5 5128/50/5 5124/50/5
f 5122/50/6 5123/50/6 5127/50/6 5126/50/6
o HEADLIGHT_1
usemtl palette
f 5129/37/1 5132/37/1 5131/37/1 5130/37/1
f 5133/37/2 5134/37/2 5135/37/2 5136/37/2
f 5129/37/3 5130/37/3 5134/37/3 5133/37/3
f 5132/37/4 5136/37/4 5135/37/4 5131/37/4
f 5129/37/5 5133/37/5 5136/37/5 5132/37/5
f 5130/37/6 5131/37/6 5135/37/6 5134/37/6
f 5137/37/1 5140/37/1 5139/37/1 5138/37/1
f 5141/37/2 5142/37/2 5143/37/2 5144/37/2
f 5137/37/3 5138/37/3 5142/37/3 5141/37/3
f 5140/37/4 5144/37/4 5143/37/4 5139/37/4
f 5137/37/5 5141/37/5 5144/37/5 5140/37/5
f 5138/37/6 5139/37/6 5143/37/6 5142/37/6
o SHELL_lights
usemtl palette
f 5145/38/1 5148/38/1 5147/38/1 5146/38/1
f 5149/38/2 5150/38/2 5151/38/2 5152/38/2
f 5145/38/3 5146/38/3 5150/38/3 5149/38/3
f 5148/38/4 5152/38/4 5151/38/4 5147/38/4
f 5145/38/5 5149/38/5 5152/38/5 5148/38/5
f 5146/38/6 5147/38/6 5151/38/6 5150/38/6
f 5153/38/1 5156/38/1 5155/38/1 5154/38/1
f 5157/38/2 5158/38/2 5159/38/2 5160/38/2
f 5153/38/3 5154/38/3 5158/38/3 5157/38/3
f 5156/38/4 5160/38/4 5159/38/4 5155/38/4
f 5153/38/5 5157/38/5 5160/38/5 5156/38/5
f 5154/38/6 5155/38/6 5159/38/6 5158/38/6
f 5161/37/1 5164/37/1 5163/37/1 5162/37/1
f 5165/37/2 5166/37/2 5167/37/2 5168/37/2
f 5161/37/3 5162/37/3 5166/37/3 5165/37/3
f 5164/37/4 5168/37/4 5167/37/4 5163/37/4
f 5161/37/5 5165/37/5 5168/37/5 5164/37/5
f 5162/37/6 5163/37/6 5167/37/6 5166/37/6
f 5169/37/1 5172/37/1 5171/37/1 5170/37/1
f 5173/37/2 5174/37/2 5175/37/2 5176/37/2
f 5169/37/3 5170/37/3 5174/37/3 5173/37/3
f 5172/37/4 5176/37/4 5175/37/4 5171/37/4
f 5169/37/5 5173/37/5 5176/37/5 5172/37/5
f 5170/37/6 5171/37/6 5175/37/6 5174/37/6
o SHELL_sign
usemtl palette
f 5177/47/1 5180/47/1 5179/47/1 5178/47/1
f 5181/47/2 5182/47/2 5183/47/2 5184/47/2
f 5177/47/3 5178/47/3 5182/47/3 5181/47/3
f 5180/47/4 5184/47/4 5183/47/4 5179/47/4
f 5177/47/5 5181/47/5 5184/47/5 5180/47/5
f 5178/47/6 5179/47/6 5183/47/6 5182/47/6
f 5185/47/1 5188/47/1 5187/47/1 5186/47/1
f 5189/47/2 5190/47/2 5191/47/2 5192/47/2
f 5185/47/3 5186/47/3 5190/47/3 5189/47/3
f 5188/47/4 5192/47/4 5191/47/4 5187/47/4
f 5185/47/5 5189/47/5 5192/47/5 5188/47/5
f 5186/47/6 5187/47/6 5191/47/6 5190/47/6
o SHELL_wiper
usemtl palette
f 5193/50/1 5196/50/1 5195/50/1 5194/50/1
f 5197/50/2 5198/50/2 5199/50/2 5200/50/2
f 5193/50/3 5194/50/3 5198/50/3 5197/50/3
f 5196/50/4 5200/50/4 5199/50/4 5195/50/4
f 5193/50/5 5197/50/5 5200/50/5 5196/50/5
f 5194/50/6 5195/50/6 5199/50/6 5198/50/6
f 5201/50/1 5204/50/1 5203/50/1 5202/50/1
f 5205/50/2 5206/50/2 5207/50/2 5208/50/2
f 5201/50/3 5202/50/3 5206/50/3 5205/50/3
f 5204/50/4 5208/50/4 5207/50/4 5203/50/4
f 5201/50/5 5205/50/5 5208/50/5 5204/50/5
f 5202/50/6 5203/50/6 5207/50/6 5206/50/6
f 5209/50/1 5212/50/1 5211/50/1 5210/50/1
f 5213/50/2 5214/50/2 5215/50/2 5216/50/2
f 5209/50/3 5210/50/3 5214/50/3 5213/50/3
f 5212/50/4 5216/50/4 5215/50/4 5211/50/4
f 5209/50/5 5213/50/5 5216/50/5 5212/50/5
f 5210/50/6 5211/50/6 5215/50/6 5214/50/6
f 5217/50/1 5220/50/1 5219/50/1 5218/50/1
f 5221/50/2 5222/50/2 5223/50/2 5224/50/2
f 5217/50/3 5218/50/3 5222/50/3 5221/50/3
f 5220/50/4 5224/50/4 5223/50/4 5219/50/4
f 5217/50/5 5221/50/5 5224/50/5 5220/50/5
f 5218/50/6 5219/50/6 5223/50/6 5222/50/6
f 5225/50/1 5228/50/1 5227/50/1 5226/50/1
f 5229/50/2 5230/50/2 5231/50/2 5232/50/2
f 5225/50/3 5226/50/3 5230/50/3 5229/50/3
f 5228/50/4 5232/50/4 5231/50/4 5227/50/4
f 5225/50/5 5229/50/5 5232/50/5 5228/50/5
f 5226/50/6 5227/50/6 5231/50/6 5230/50/6
f 5233/50/1 5236/50/1 5235/50/1 5234/50/1
f 5237/50/2 5238/50/2 5239/50/2 5240/50/2
f 5233/50/3 5234/50/3 5238/50/3 5237/50/3
f 5236/50/4 5240/50/4 5239/50/4 5235/50/4
f 5233/50/5 5237/50/5 5240/50/5 5236/50/5
f 5234/50/6 5235/50/6 5239/50/6 5238/50/6
f 5241/50/1 5244/50/1 5243/50/1 5242/50/1
f 5245/50/2 5246/50/2 5247/50/2 5248/50/2
f 5241/50/3 5242/50/3 5246/50/3 5245/50/3
f 5244/50/4 5248/50/4 5247/50/4 5243/50/4
f 5241/50/5 5245/50/5 5248/50/5 5244/50/5
f 5242/50/6 5243/50/6 5247/50/6 5246/50/6
f 5249/50/1 5252/50/1 5251/50/1 5250/50/1
f 5253/50/2 5254/50/2 5255/50/2 5256/50/2
f 5249/50/3 5250/50/3 5254/50/3 5253/50/3
f 5252/50/4 5256/50/4 5255/50/4 5251/50/4
f 5249/50/5 5253/50/5 5256/50/5 5252/50/5
f 5250/50/6 5251/50/6 5255/50/6 5254/50/6
f 5257/50/1 5260/50/1 5259/50/1 5258/50/1
f 5261/50/2 5262/50/2 5263/50/2 5264/50/2
f 5257/50/3 5258/50/3 5262/50/3 5261/50/3
f 5260/50/4 5264/50/4 5263/50/4 5259/50/4
f 5257/50/5 5261/50/5 5264/50/5 5260/50/5
f 5258/50/6 5259/50/6 5263/50/6 5262/50/6
f 5265/50/1 5268/50/1 5267/50/1 5266/50/1
f 5269/50/2 5270/50/2 5271/50/2 5272/50/2
f 5265/50/3 5266/50/3 5270/50/3 5269/50/3
f 5268/50/4 5272/50/4 5271/50/4 5267/50/4
f 5265/50/5 5269/50/5 5272/50/5 5268/50/5
f 5266/50/6 5267/50/6 5271/50/6 5270/50/6
f 5273/50/1 5276/50/1 5275/50/1 5274/50/1
f 5277/50/2 5278/50/2 5279/50/2 5280/50/2
f 5273/50/3 5274/50/3 5278/50/3 5277/50/3
f 5276/50/4 5280/50/4 5279/50/4 5275/50/4
f 5273/50/5 5277/50/5 5280/50/5 5276/50/5
f 5274/50/6 5275/50/6 5279/50/6 5278/50/6
f 5281/50/1 5284/50/1 5283/50/1 5282/50/1
f 5285/50/2 5286/50/2 5287/50/2 5288/50/2
f 5281/50/3 5282/50/3 5286/50/3 5285/50/3
f 5284/50/4 5288/50/4 5287/50/4 5283/50/4
f 5281/50/5 5285/50/5 5288/50/5 5284/50/5
f 5282/50/6 5283/50/6 5287/50/6 5286/50/6
f 5289/50/1 5292/50/1 5291/50/1 5290/50/1
f 5293/50/2 5294/50/2 5295/50/2 5296/50/2
f 5289/50/3 5290/50/3 5294/50/3 5293/50/3
f 5292/50/4 5296/50/4 5295/50/4 5291/50/4
f 5289/50/5 5293/50/5 5296/50/5 5292/50/5
f 5290/50/6 5291/50/6 5295/50/6 5294/50/6
f 5297/50/1 5300/50/1 5299/50/1 5298/50/1
f 5301/50/2 5302/50/2 5303/50/2 5304/50/2
f 5297/50/3 5298/50/3 5302/50/3 5301/50/3
f 5300/50/4 5304/50/4 5303/50/4 5299/50/4
f 5297/50/5 5301/50/5 5304/50/5 5300/50/5
f 5298/50/6 5299/50/6 5303/50/6 5302/50/6
f 5305/50/1 5308/50/1 5307/50/1 5306/50/1
f 5309/50/2 5310/50/2 5311/50/2 5312/50/2
f 5305/50/3 5306/50/3 5310/50/3 5309/50/3
f 5308/50/4 5312/50/4 5311/50/4 5307/50/4
f 5305/50/5 5309/50/5 5312/50/5 5308/50/5
f 5306/50/6 5307/50/6 5311/50/6 5310/50/6
f 5313/50/1 5316/50/1 5315/50/1 5314/50/1
f 5317/50/2 5318/50/2 5319/50/2 5320/50/2
f 5313/50/3 5314/50/3 5318/50/3 5317/50/3
f 5316/50/4 5320/50/4 5319/50/4 5315/50/4
f 5313/50/5 5317/50/5 5320/50/5 5316/50/5
f 5314/50/6 5315/50/6 5319/50/6 5318/50/6
f 5321/50/1 5324/50/1 5323/50/1 5322/50/1
f 5325/50/2 5326/50/2 5327/50/2 5328/50/2
f 5321/50/3 5322/50/3 5326/50/3 5325/50/3
f 5324/50/4 5328/50/4 5327/50/4 5323/50/4
f 5321/50/5 5325/50/5 5328/50/5 5324/50/5
f 5322/50/6 5323/50/6 5327/50/6 5326/50/6
f 5329/50/1 5332/50/1 5331/50/1 5330/50/1
f 5333/50/2 5334/50/2 5335/50/2 5336/50/2
f 5329/50/3 5330/50/3 5334/50/3 5333/50/3
f 5332/50/4 5336/50/4 5335/50/4 5331/50/4
f 5329/50/5 5333/50/5 5336/50/5 5332/50/5
f 5330/50/6 5331/50/6 5335/50/6 5334/50/6
f 5337/50/1 5340/50/1 5339/50/1 5338/50/1
f 5341/50/2 5342/50/2 5343/50/2 5344/50/2
f 5337/50/3 5338/50/3 5342/50/3 5341/50/3
f 5340/50/4 5344/50/4 5343/50/4 5339/50/4
f 5337/50/5 5341/50/5 5344/50/5 5340/50/5
f 5338/50/6 5339/50/6 5343/50/6 5342/50/6
f 5345/50/1 5348/50/1 5347/50/1 5346/50/1
f 5349/50/2 5350/50/2 5351/50/2 5352/50/2
f 5345/50/3 5346/50/3 5350/50/3 5349/50/3
f 5348/50/4 5352/50/4 5351/50/4 5347/50/4
f 5345/50/5 5349/50/5 5352/50/5 5348/50/5
f 5346/50/6 5347/50/6 5351/50/6 5350/50/6
f 5353/50/1 5356/50/1 5355/50/1 5354/50/1
f 5357/50/2 5358/50/2 5359/50/2 5360/50/2
f 5353/50/3 5354/50/3 5358/50/3 5357/50/3
f 5356/50/4 5360/50/4 5359/50/4 5355/50/4
f 5353/50/5 5357/50/5 5360/50/5 5356/50/5
f 5354/50/6 5355/50/6 5359/50/6 5358/50/6
f 5361/50/1 5364/50/1 5363/50/1 5362/50/1
f 5365/50/2 5366/50/2 5367/50/2 5368/50/2
f 5361/50/3 5362/50/3 5366/50/3 5365/50/3
f 5364/50/4 5368/50/4 5367/50/4 5363/50/4
f 5361/50/5 5365/50/5 5368/50/5 5364/50/5
f 5362/50/6 5363/50/6 5367/50/6 5366/50/6
f 5369/50/1 5372/50/1 5371/50/1 5370/50/1
f 5373/50/2 5374/50/2 5375/50/2 5376/50/2
f 5369/50/3 5370/50/3 5374/50/3 5373/50/3
f 5372/50/4 5376/50/4 5375/50/4 5371/50/4
f 5369/50/5 5373/50/5 5376/50/5 5372/50/5
f 5370/50/6 5371/50/6 5375/50/6 5374/50/6
f 5377/50/1 5380/50/1 5379/50/1 5378/50/1
f 5381/50/2 5382/50/2 5383/50/2 5384/50/2
f 5377/50/3 5378/50/3 5382/50/3 5381/50/3
f 5380/50/4 5384/50/4 5383/50/4 5379/50/4
f 5377/50/5 5381/50/5 5384/50/5 5380/50/5
f 5378/50/6 5379/50/6 5383/50/6 5382/50/6
f 5385/50/1 5388/50/1 5387/50/1 5386/50/1
f 5389/50/2 5390/50/2 5391/50/2 5392/50/2
f 5385/50/3 5386/50/3 5390/50/3 5389/50/3
f 5388/50/4 5392/50/4 5391/50/4 5387/50/4
f 5385/50/5 5389/50/5 5392/50/5 5388/50/5
f 5386/50/6 5387/50/6 5391/50/6 5390/50/6
f 5393/50/1 5396/50/1 5395/50/1 5394/50/1
f 5397/50/2 5398/50/2 5399/50/2 5400/50/2
f 5393/50/3 5394/50/3 5398/50/3 5397/50/3
f 5396/50/4 5400/50/4 5399/50/4 5395/50/4
f 5393/50/5 5397/50/5 5400/50/5 5396/50/5
f 5394/50/6 5395/50/6 5399/50/6 5398/50/6
f 5401/50/1 5404/50/1 5403/50/1 5402/50/1
f 5405/50/2 5406/50/2 5407/50/2 5408/50/2
f 5401/50/3 5402/50/3 5406/50/3 5405/50/3
f 5404/50/4 5408/50/4 5407/50/4 5403/50/4
f 5401/50/5 5405/50/5 5408/50/5 5404/50/5
f 5402/50/6 5403/50/6 5407/50/6 5406/50/6
f 5409/50/1 5412/50/1 5411/50/1 5410/50/1
f 5413/50/2 5414/50/2 5415/50/2 5416/50/2
f 5409/50/3 5410/50/3 5414/50/3 5413/50/3
f 5412/50/4 5416/50/4 5415/50/4 5411/50/4
f 5409/50/5 5413/50/5 5416/50/5 5412/50/5
f 5410/50/6 5411/50/6 5415/50/6 5414/50/6
f 5417/50/1 5420/50/1 5419/50/1 5418/50/1
f 5421/50/2 5422/50/2 5423/50/2 5424/50/2
f 5417/50/3 5418/50/3 5422/50/3 5421/50/3
f 5420/50/4 5424/50/4 5423/50/4 5419/50/4
f 5417/50/5 5421/50/5 5424/50/5 5420/50/5
f 5418/50/6 5419/50/6 5423/50/6 5422/50/6
f 5425/50/1 5428/50/1 5427/50/1 5426/50/1
f 5429/50/2 5430/50/2 5431/50/2 5432/50/2
f 5425/50/3 5426/50/3 5430/50/3 5429/50/3
f 5428/50/4 5432/50/4 5431/50/4 5427/50/4
f 5425/50/5 5429/50/5 5432/50/5 5428/50/5
f 5426/50/6 5427/50/6 5431/50/6 5430/50/6
f 5433/50/1 5436/50/1 5435/50/1 5434/50/1
f 5437/50/2 5438/50/2 5439/50/2 5440/50/2
f 5433/50/3 5434/50/3 5438/50/3 5437/50/3
f 5436/50/4 5440/50/4 5439/50/4 5435/50/4
f 5433/50/5 5437/50/5 5440/50/5 5436/50/5
f 5434/50/6 5435/50/6 5439/50/6 5438/50/6
f 5441/50/1 5444/50/1 5443/50/1 5442/50/1
f 5445/50/2 5446/50/2 5447/50/2 5448/50/2
f 5441/50/3 5442/50/3 5446/50/3 5445/50/3
f 5444/50/4 5448/50/4 5447/50/4 5443/50/4
f 5441/50/5 5445/50/5 5448/50/5 5444/50/5
f 5442/50/6 5443/50/6 5447/50/6 5446/50/6
f 5449/50/1 5452/50/1 5451/50/1 5450/50/1
f 5453/50/2 5454/50/2 5455/50/2 5456/50/2
f 5449/50/3 5450/50/3 5454/50/3 5453/50/3
f 5452/50/4 5456/50/4 5455/50/4 5451/50/4
f 5449/50/5 5453/50/5 5456/50/5 5452/50/5
f 5450/50/6 5451/50/6 5455/50/6 5454/50/6
f 5457/50/1 5460/50/1 5459/50/1 5458/50/1
f 5461/50/2 5462/50/2 5463/50/2 5464/50/2
f 5457/50/3 5458/50/3 5462/50/3 5461/50/3
f 5460/50/4 5464/50/4 5463/50/4 5459/50/4
f 5457/50/5 5461/50/5 5464/50/5 5460/50/5
f 5458/50/6 5459/50/6 5463/50/6 5462/50/6
f 5465/50/1 5468/50/1 5467/50/1 5466/50/1
f 5469/50/2 5470/50/2 5471/50/2 5472/50/2
f 5465/50/3 5466/50/3 5470/50/3 5469/50/3
f 5468/50/4 5472/50/4 5471/50/4 5467/50/4
f 5465/50/5 5469/50/5 5472/50/5 5468/50/5
f 5466/50/6 5467/50/6 5471/50/6 5470/50/6
f 5473/50/1 5476/50/1 5475/50/1 5474/50/1
f 5477/50/2 5478/50/2 5479/50/2 5480/50/2
f 5473/50/3 5474/50/3 5478/50/3 5477/50/3
f 5476/50/4 5480/50/4 5479/50/4 5475/50/4
f 5473/50/5 5477/50/5 5480/50/5 5476/50/5
f 5474/50/6 5475/50/6 5479/50/6 5478/50/6
f 5481/50/1 5484/50/1 5483/50/1 5482/50/1
f 5485/50/2 5486/50/2 5487/50/2 5488/50/2
f 5481/50/3 5482/50/3 5486/50/3 5485/50/3
f 5484/50/4 5488/50/4 5487/50/4 5483/50/4
f 5481/50/5 5485/50/5 5488/50/5 5484/50/5
f 5482/50/6 5483/50/6 5487/50/6 5486/50/6
f 5489/50/1 5492/50/1 5491/50/1 5490/50/1
f 5493/50/2 5494/50/2 5495/50/2 5496/50/2
f 5489/50/3 5490/50/3 5494/50/3 5493/50/3
f 5492/50/4 5496/50/4 5495/50/4 5491/50/4
f 5489/50/5 5493/50/5 5496/50/5 5492/50/5
f 5490/50/6 5491/50/6 5495/50/6 5494/50/6
f 5497/50/1 5500/50/1 5499/50/1 5498/50/1
f 5501/50/2 5502/50/2 5503/50/2 5504/50/2
f 5497/50/3 5498/50/3 5502/50/3 5501/50/3
f 5500/50/4 5504/50/4 5503/50/4 5499/50/4
f 5497/50/5 5501/50/5 5504/50/5 5500/50/5
f 5498/50/6 5499/50/6 5503/50/6 5502/50/6
f 5505/50/1 5508/50/1 5507/50/1 5506/50/1
f 5509/50/2 5510/50/2 5511/50/2 5512/50/2
f 5505/50/3 5506/50/3 5510/50/3 5509/50/3
f 5508/50/4 5512/50/4 5511/50/4 5507/50/4
f 5505/50/5 5509/50/5 5512/50/5 5508/50/5
f 5506/50/6 5507/50/6 5511/50/6 5510/50/6
f 5513/50/1 5516/50/1 5515/50/1 5514/50/1
f 5517/50/2 5518/50/2 5519/50/2 5520/50/2
f 5513/50/3 5514/50/3 5518/50/3 5517/50/3
f 5516/50/4 5520/50/4 5519/50/4 5515/50/4
f 5513/50/5 5517/50/5 5520/50/5 5516/50/5
f 5514/50/6 5515/50/6 5519/50/6 5518/50/6
f 5521/50/1 5524/50/1 5523/50/1 5522/50/1
f 5525/50/2 5526/50/2 5527/50/2 5528/50/2
f 5521/50/3 5522/50/3 5526/50/3 5525/50/3
f 5524/50/4 5528/50/4 5527/50/4 5523/50/4
f 5521/50/5 5525/50/5 5528/50/5 5524/50/5
f 5522/50/6 5523/50/6 5527/50/6 5526/50/6
o SHELL_handle
usemtl palette
f 5529/35/1 5532/35/1 5531/35/1 5530/35/1
f 5533/35/2 5534/35/2 5535/35/2 5536/35/2
f 5529/35/3 5530/35/3 5534/35/3 5533/35/3
f 5532/35/4 5536/35/4 5535/35/4 5531/35/4
f 5529/35/5 5533/35/5 5536/35/5 5532/35/5
f 5530/35/6 5531/35/6 5535/35/6 5534/35/6
f 5537/35/1 5540/35/1 5539/35/1 5538/35/1
f 5541/35/2 5542/35/2 5543/35/2 5544/35/2
f 5537/35/3 5538/35/3 5542/35/3 5541/35/3
f 5540/35/4 5544/35/4 5543/35/4 5539/35/4
f 5537/35/5 5541/35/5 5544/35/5 5540/35/5
f 5538/35/6 5539/35/6 5543/35/6 5542/35/6
f 5545/35/1 5548/35/1 5547/35/1 5546/35/1
f 5549/35/2 5550/35/2 5551/35/2 5552/35/2
f 5545/35/3 5546/35/3 5550/35/3 5549/35/3
f 5548/35/4 5552/35/4 5551/35/4 5547/35/4
f 5545/35/5 5549/35/5 5552/35/5 5548/35/5
f 5546/35/6 5547/35/6 5551/35/6 5550/35/6
f 5553/35/1 5556/35/1 5555/35/1 5554/35/1
f 5557/35/2 5558/35/2 5559/35/2 5560/35/2
f 5553/35/3 5554/35/3 5558/35/3 5557/35/3
f 5556/35/4 5560/35/4 5559/35/4 5555/35/4
f 5553/35/5 5557/35/5 5560/35/5 5556/35/5
f 5554/35/6 5555/35/6 5559/35/6 5558/35/6
f 5561/35/1 5564/35/1 5563/35/1 5562/35/1
f 5565/35/2 5566/35/2 5567/35/2 5568/35/2
f 5561/35/3 5562/35/3 5566/35/3 5565/35/3
f 5564/35/4 5568/35/4 5567/35/4 5563/35/4
f 5561/35/5 5565/35/5 5568/35/5 5564/35/5
f 5562/35/6 5563/35/6 5567/35/6 5566/35/6
f 5569/35/1 5572/35/1 5571/35/1 5570/35/1
f 5573/35/2 5574/35/2 5575/35/2 5576/35/2
f 5569/35/3 5570/35/3 5574/35/3 5573/35/3
f 5572/35/4 5576/35/4 5575/35/4 5571/35/4
f 5569/35/5 5573/35/5 5576/35/5 5572/35/5
f 5570/35/6 5571/35/6 5575/35/6 5574/35/6
f 5577/35/1 5580/35/1 5579/35/1 5578/35/1
f 5581/35/2 5582/35/2 5583/35/2 5584/35/2
f 5577/35/3 5578/35/3 5582/35/3 5581/35/3
f 5580/35/4 5584/35/4 5583/35/4 5579/35/4
f 5577/35/5 5581/35/5 5584/35/5 5580/35/5
f 5578/35/6 5579/35/6 5583/35/6 5582/35/6
f 5585/35/1 5588/35/1 5587/35/1 5586/35/1
f 5589/35/2 5590/35/2 5591/35/2 5592/35/2
f 5585/35/3 5586/35/3 5590/35/3 5589/35/3
f 5588/35/4 5592/35/4 5591/35/4 5587/35/4
f 5585/35/5 5589/35/5 5592/35/5 5588/35/5
f 5586/35/6 5587/35/6 5591/35/6 5590/35/6
f 5593/35/1 5596/35/1 5595/35/1 5594/35/1
f 5597/35/2 5598/35/2 5599/35/2 5600/35/2
f 5593/35/3 5594/35/3 5598/35/3 5597/35/3
f 5596/35/4 5600/35/4 5599/35/4 5595/35/4
f 5593/35/5 5597/35/5 5600/35/5 5596/35/5
f 5594/35/6 5595/35/6 5599/35/6 5598/35/6
f 5601/35/1 5604/35/1 5603/35/1 5602/35/1
f 5605/35/2 5606/35/2 5607/35/2 5608/35/2
f 5601/35/3 5602/35/3 5606/35/3 5605/35/3
f 5604/35/4 5608/35/4 5607/35/4 5603/35/4
f 5601/35/5 5605/35/5 5608/35/5 5604/35/5
f 5602/35/6 5603/35/6 5607/35/6 5606/35/6
f 5609/35/1 5612/35/1 5611/35/1 5610/35/1
f 5613/35/2 5614/35/2 5615/35/2 5616/35/2
f 5609/35/3 5610/35/3 5614/35/3 5613/35/3
f 5612/35/4 5616/35/4 5615/35/4 5611/35/4
f 5609/35/5 5613/35/5 5616/35/5 5612/35/5
f 5610/35/6 5611/35/6 5615/35/6 5614/35/6
f 5617/35/1 5620/35/1 5619/35/1 5618/35/1
f 5621/35/2 5622/35/2 5623/35/2 5624/35/2
f 5617/35/3 5618/35/3 5622/35/3 5621/35/3
f 5620/35/4 5624/35/4 5623/35/4 5619/35/4
f 5617/35/5 5621/35/5 5624/35/5 5620/35/5
f 5618/35/6 5619/35/6 5623/35/6 5622/35/6
o SHELL_button
usemtl palette
f 5625/14/1 5628/14/1 5627/14/1 5626/14/1
f 5629/14/2 5630/14/2 5631/14/2 5632/14/2
f 5625/14/3 5626/14/3 5630/14/3 5629/14/3
f 5628/14/4 5632/14/4 5631/14/4 5627/14/4
f 5625/14/5 5629/14/5 5632/14/5 5628/14/5
f 5626/14/6 5627/14/6 5631/14/6 5630/14/6
f 5633/14/1 5636/14/1 5635/14/1 5634/14/1
f 5637/14/2 5638/14/2 5639/14/2 5640/14/2
f 5633/14/3 5634/14/3 5638/14/3 5637/14/3
f 5636/14/4 5640/14/4 5639/14/4 5635/14/4
f 5633/14/5 5637/14/5 5640/14/5 5636/14/5
f 5634/14/6 5635/14/6 5639/14/6 5638/14/6
f 5641/14/1 5644/14/1 5643/14/1 5642/14/1
f 5645/14/2 5646/14/2 5647/14/2 5648/14/2
f 5641/14/3 5642/14/3 5646/14/3 5645/14/3
f 5644/14/4 5648/14/4 5647/14/4 5643/14/4
f 5641/14/5 5645/14/5 5648/14/5 5644/14/5
f 5642/14/6 5643/14/6 5647/14/6 5646/14/6
f 5649/14/1 5652/14/1 5651/14/1 5650/14/1
f 5653/14/2 5654/14/2 5655/14/2 5656/14/2
f 5649/14/3 5650/14/3 5654/14/3 5653/14/3
f 5652/14/4 5656/14/4 5655/14/4 5651/14/4
f 5649/14/5 5653/14/5 5656/14/5 5652/14/5
f 5650/14/6 5651/14/6 5655/14/6 5654/14/6
f 5657/14/1 5660/14/1 5659/14/1 5658/14/1
f 5661/14/2 5662/14/2 5663/14/2 5664/14/2
f 5657/14/3 5658/14/3 5662/14/3 5661/14/3
f 5660/14/4 5664/14/4 5663/14/4 5659/14/4
f 5657/14/5 5661/14/5 5664/14/5 5660/14/5
f 5658/14/6 5659/14/6 5663/14/6 5662/14/6
f 5665/14/1 5668/14/1 5667/14/1 5666/14/1
f 5669/14/2 5670/14/2 5671/14/2 5672/14/2
f 5665/14/3 5666/14/3 5670/14/3 5669/14/3
f 5668/14/4 5672/14/4 5671/14/4 5667/14/4
f 5665/14/5 5669/14/5 5672/14/5 5668/14/5
f 5666/14/6 5667/14/6 5671/14/6 5670/14/6
o SHELL_plate
usemtl palette
f 5673/51/1 5676/51/1 5675/51/1 5674/51/1
f 5677/51/2 5678/51/2 5679/51/2 5680/51/2
f 5673/51/3 5674/51/3 5678/51/3 5677/51/3
f 5676/51/4 5680/51/4 5679/51/4 5675/51/4
f 5673/51/5 5677/51/5 5680/51/5 5676/51/5
f 5674/51/6 5675/51/6 5679/51/6 5678/51/6
f 5681/50/1 5684/50/1 5683/50/1 5682/50/1
f 5685/50/2 5686/50/2 5687/50/2 5688/50/2
f 5681/50/3 5682/50/3 5686/50/3 5685/50/3
f 5684/50/4 5688/50/4 5687/50/4 5683/50/4
f 5681/50/5 5685/50/5 5688/50/5 5684/50/5
f 5682/50/6 5683/50/6 5687/50/6 5686/50/6
f 5689/51/1 5692/51/1 5691/51/1 5690/51/1
f 5693/51/2 5694/51/2 5695/51/2 5696/51/2
f 5689/51/3 5690/51/3 5694/51/3 5693/51/3
f 5692/51/4 5696/51/4 5695/51/4 5691/51/4
f 5689/51/5 5693/51/5 5696/51/5 5692/51/5
f 5690/51/6 5691/51/6 5695/51/6 5694/51/6
f 5697/50/1 5700/50/1 5699/50/1 5698/50/1
f 5701/50/2 5702/50/2 5703/50/2 5704/50/2
f 5697/50/3 5698/50/3 5702/50/3 5701/50/3
f 5700/50/4 5704/50/4 5703/50/4 5699/50/4
f 5697/50/5 5701/50/5 5704/50/5 5700/50/5
f 5698/50/6 5699/50/6 5703/50/6 5702/50/6
o SHELL_destbox
usemtl palette
f 5705/50/1 5708/50/1 5707/50/1 5706/50/1
f 5709/50/2 5710/50/2 5711/50/2 5712/50/2
f 5705/50/3 5706/50/3 5710/50/3 5709/50/3
f 5708/50/4 5712/50/4 5711/50/4 5707/50/4
f 5705/50/5 5709/50/5 5712/50/5 5708/50/5
f 5706/50/6 5707/50/6 5711/50/6 5710/50/6
o SHELL_floor
usemtl palette
f 5713/3/1 5716/3/1 5715/3/1 5714/3/1
f 5717/3/2 5718/3/2 5719/3/2 5720/3/2
f 5713/3/3 5714/3/3 5718/3/3 5717/3/3
f 5716/3/4 5720/3/4 5719/3/4 5715/3/4
f 5713/3/5 5717/3/5 5720/3/5 5716/3/5
f 5714/3/6 5715/3/6 5719/3/6 5718/3/6
o SHELL_ceiling
usemtl palette
f 5721/5/1 5724/5/1 5723/5/1 5722/5/1
f 5725/5/2 5726/5/2 5727/5/2 5728/5/2
f 5721/5/3 5722/5/3 5726/5/3 5725/5/3
f 5724/5/4 5728/5/4 5727/5/4 5723/5/4
f 5721/5/5 5725/5/5 5728/5/5 5724/5/5
f 5722/5/6 5723/5/6 5727/5/6 5726/5/6
o SHELL_end
usemtl palette
f 5729/12/1 5732/12/1 5731/12/1 5730/12/1
f 5733/12/2 5734/12/2 5735/12/2 5736/12/2
f 5729/12/3 5730/12/3 5734/12/3 5733/12/3
f 5732/12/4 5736/12/4 5735/12/4 5731/12/4
f 5729/12/5 5733/12/5 5736/12/5 5732/12/5
f 5730/12/6 5731/12/6 5735/12/6 5734/12/6
f 5737/12/1 5740/12/1 5739/12/1 5738/12/1
f 5741/12/2 5742/12/2 5743/12/2 5744/12/2
f 5737/12/3 5738/12/3 5742/12/3 5741/12/3
f 5740/12/4 5744/12/4 5743/12/4 5739/12/4
f 5737/12/5 5741/12/5 5744/12/5 5740/12/5
f 5738/12/6 5739/12/6 5743/12/6 5742/12/6
f 5745/12/1 5748/12/1 5747/12/1 5746/12/1
f 5749/12/2 5750/12/2 5751/12/2 5752/12/2
f 5745/12/3 5746/12/3 5750/12/3 5749/12/3
f 5748/12/4 5752/12/4 5751/12/4 5747/12/4
f 5745/12/5 5749/12/5 5752/12/5 5748/12/5
f 5746/12/6 5747/12/6 5751/12/6 5750/12/6
f 5753/10/1 5756/10/1 5755/10/1 5754/10/1
f 5757/10/2 5758/10/2 5759/10/2 5760/10/2
f 5753/10/3 5754/10/3 5758/10/3 5757/10/3
f 5756/10/4 5760/10/4 5759/10/4 5755/10/4
f 5753/10/5 5757/10/5 5760/10/5 5756/10/5
f 5754/10/6 5755/10/6 5759/10/6 5758/10/6
o CONNECTING_DOOR_1_CG_CR_TOGGLE_TL_0.98_Z
usemtl palette
f 5761/55/1 5764/55/1 5763/55/1 5762/55/1
f 5765/55/2 5766/55/2 5767/55/2 5768/55/2
f 5761/55/3 5762/55/3 5766/55/3 5765/55/3
f 5764/55/4 5768/55/4 5767/55/4 5763/55/4
f 5761/55/5 5765/55/5 5768/55/5 5764/55/5
f 5762/55/6 5763/55/6 5767/55/6 5766/55/6
f 5769/1/1 5772/1/1 5771/1/1 5770/1/1
f 5773/1/2 5774/1/2 5775/1/2 5776/1/2
f 5769/1/3 5770/1/3 5774/1/3 5773/1/3
f 5772/1/4 5776/1/4 5775/1/4 5771/1/4
f 5769/1/5 5773/1/5 5776/1/5 5772/1/5
f 5770/1/6 5771/1/6 5775/1/6 5774/1/6
o EXTERNAL_DOOR_3_CG_DR1_TOGGLE_TL_-0.67_X
usemtl palette
f 5777/55/1 5780/55/1 5779/55/1 5778/55/1
f 5781/55/2 5782/55/2 5783/55/2 5784/55/2
f 5777/55/3 5778/55/3 5782/55/3 5781/55/3
f 5780/55/4 5784/55/4 5783/55/4 5779/55/4
f 5777/55/5 5781/55/5 5784/55/5 5780/55/5
f 5778/55/6 5779/55/6 5783/55/6 5782/55/6
f 5785/55/1 5788/55/1 5787/55/1 5786/55/1
f 5789/55/2 5790/55/2 5791/55/2 5792/55/2
f 5785/55/3 5786/55/3 5790/55/3 5789/55/3
f 5788/55/4 5792/55/4 5791/55/4 5787/55/4
f 5785/55/5 5789/55/5 5792/55/5 5788/55/5
f 5786/55/6 5787/55/6 5791/55/6 5790/55/6
f 5793/55/1 5796/55/1 5795/55/1 5794/55/1
f 5797/55/2 5798/55/2 5799/55/2 5800/55/2
f 5793/55/3 5794/55/3 5798/55/3 5797/55/3
f 5796/55/4 5800/55/4 5799/55/4 5795/55/4
f 5793/55/5 5797/55/5 5800/55/5 5796/55/5
f 5794/55/6 5795/55/6 5799/55/6 5798/55/6
f 5801/55/1 5804/55/1 5803/55/1 5802/55/1
f 5805/55/2 5806/55/2 5807/55/2 5808/55/2
f 5801/55/3 5802/55/3 5806/55/3 5805/55/3
f 5804/55/4 5808/55/4 5807/55/4 5803/55/4
f 5801/55/5 5805/55/5 5808/55/5 5804/55/5
f 5802/55/6 5803/55/6 5807/55/6 5806/55/6
f 5809/1/1 5812/1/1 5811/1/1 5810/1/1
f 5813/1/2 5814/1/2 5815/1/2 5816/1/2
f 5809/1/3 5810/1/3 5814/1/3 5813/1/3
f 5812/1/4 5816/1/4 5815/1/4 5811/1/4
f 5809/1/5 5813/1/5 5816/1/5 5812/1/5
f 5810/1/6 5811/1/6 5815/1/6 5814/1/6
f 5817/7/1 5820/7/1 5819/7/1 5818/7/1
f 5821/7/2 5822/7/2 5823/7/2 5824/7/2
f 5817/7/3 5818/7/3 5822/7/3 5821/7/3
f 5820/7/4 5824/7/4 5823/7/4 5819/7/4
f 5817/7/5 5821/7/5 5824/7/5 5820/7/5
f 5818/7/6 5819/7/6 5823/7/6 5822/7/6
o EXTERNAL_DOOR_4_CG_DR1_TOGGLE_TL_0.67_X
usemtl palette
f 5825/55/1 5828/55/1 5827/55/1 5826/55/1
f 5829/55/2 5830/55/2 5831/55/2 5832/55/2
f 5825/55/3 5826/55/3 5830/55/3 5829/55/3
f 5828/55/4 5832/55/4 5831/55/4 5827/55/4
f 5825/55/5 5829/55/5 5832/55/5 5828/55/5
f 5826/55/6 5827/55/6 5831/55/6 5830/55/6
f 5833/55/1 5836/55/1 5835/55/1 5834/55/1
f 5837/55/2 5838/55/2 5839/55/2 5840/55/2
f 5833/55/3 5834/55/3 5838/55/3 5837/55/3
f 5836/55/4 5840/55/4 5839/55/4 5835/55/4
f 5833/55/5 5837/55/5 5840/55/5 5836/55/5
f 5834/55/6 5835/55/6 5839/55/6 5838/55/6
f 5841/55/1 5844/55/1 5843/55/1 5842/55/1
f 5845/55/2 5846/55/2 5847/55/2 5848/55/2
f 5841/55/3 5842/55/3 5846/55/3 5845/55/3
f 5844/55/4 5848/55/4 5847/55/4 5843/55/4
f 5841/55/5 5845/55/5 5848/55/5 5844/55/5
f 5842/55/6 5843/55/6 5847/55/6 5846/55/6
f 5849/55/1 5852/55/1 5851/55/1 5850/55/1
f 5853/55/2 5854/55/2 5855/55/2 5856/55/2
f 5849/55/3 5850/55/3 5854/55/3 5853/55/3
f 5852/55/4 5856/55/4 5855/55/4 5851/55/4
f 5849/55/5 5853/55/5 5856/55/5 5852/55/5
f 5850/55/6 5851/55/6 5855/55/6 5854/55/6
f 5857/1/1 5860/1/1 5859/1/1 5858/1/1
f 5861/1/2 5862/1/2 5863/1/2 5864/1/2
f 5857/1/3 5858/1/3 5862/1/3 5861/1/3
f 5860/1/4 5864/1/4 5863/1/4 5859/1/4
f 5857/1/5 5861/1/5 5864/1/5 5860/1/5
f 5858/1/6 5859/1/6 5863/1/6 5862/1/6
f 5865/7/1 5868/7/1 5867/7/1 5866/7/1
f 5869/7/2 5870/7/2 5871/7/2 5872/7/2
f 5865/7/3 5866/7/3 5870/7/3 5869/7/3
f 5868/7/4 5872/7/4 5871/7/4 5867/7/4
f 5865/7/5 5869/7/5 5872/7/5 5868/7/5
f 5866/7/6 5867/7/6 5871/7/6 5870/7/6
o SHELL_doorkit
usemtl palette
f 5873/13/1 5876/13/1 5875/13/1 5874/13/1
f 5877/13/2 5878/13/2 5879/13/2 5880/13/2
f 5873/13/3 5874/13/3 5878/13/3 5877/13/3
f 5876/13/4 5880/13/4 5879/13/4 5875/13/4
f 5873/13/5 5877/13/5 5880/13/5 5876/13/5
f 5874/13/6 5875/13/6 5879/13/6 5878/13/6
f 5881/10/1 5884/10/1 5883/10/1 5882/10/1
f 5885/10/2 5886/10/2 5887/10/2 5888/10/2
f 5881/10/3 5882/10/3 5886/10/3 5885/10/3
f 5884/10/4 5888/10/4 5887/10/4 5883/10/4
f 5881/10/5 5885/10/5 5888/10/5 5884/10/5
f 5882/10/6 5883/10/6 5887/10/6 5886/10/6
f 5889/13/1 5892/13/1 5891/13/1 5890/13/1
f 5893/13/2 5894/13/2 5895/13/2 5896/13/2
f 5889/13/3 5890/13/3 5894/13/3 5893/13/3
f 5892/13/4 5896/13/4 5895/13/4 5891/13/4
f 5889/13/5 5893/13/5 5896/13/5 5892/13/5
f 5890/13/6 5891/13/6 5895/13/6 5894/13/6
f 5897/10/1 5900/10/1 5899/10/1 5898/10/1
f 5901/10/2 5902/10/2 5903/10/2 5904/10/2
f 5897/10/3 5898/10/3 5902/10/3 5901/10/3
f 5900/10/4 5904/10/4 5903/10/4 5899/10/4
f 5897/10/5 5901/10/5 5904/10/5 5900/10/5
f 5898/10/6 5899/10/6 5903/10/6 5902/10/6
f 5905/13/1 5908/13/1 5907/13/1 5906/13/1
f 5909/13/2 5910/13/2 5911/13/2 5912/13/2
f 5905/13/3 5906/13/3 5910/13/3 5909/13/3
f 5908/13/4 5912/13/4 5911/13/4 5907/13/4
f 5905/13/5 5909/13/5 5912/13/5 5908/13/5
f 5906/13/6 5907/13/6 5911/13/6 5910/13/6
f 5913/10/1 5916/10/1 5915/10/1 5914/10/1
f 5917/10/2 5918/10/2 5919/10/2 5920/10/2
f 5913/10/3 5914/10/3 5918/10/3 5917/10/3
f 5916/10/4 5920/10/4 5919/10/4 5915/10/4
f 5913/10/5 5917/10/5 5920/10/5 5916/10/5
f 5914/10/6 5915/10/6 5919/10/6 5918/10/6
f 5921/13/1 5924/13/1 5923/13/1 5922/13/1
f 5925/13/2 5926/13/2 5927/13/2 5928/13/2
f 5921/13/3 5922/13/3 5926/13/3 5925/13/3
f 5924/13/4 5928/13/4 5927/13/4 5923/13/4
f 5921/13/5 5925/13/5 5928/13/5 5924/13/5
f 5922/13/6 5923/13/6 5927/13/6 5926/13/6
f 5929/10/1 5932/10/1 5931/10/1 5930/10/1
f 5933/10/2 5934/10/2 5935/10/2 5936/10/2
f 5929/10/3 5930/10/3 5934/10/3 5933/10/3
f 5932/10/4 5936/10/4 5935/10/4 5931/10/4
f 5929/10/5 5933/10/5 5936/10/5 5932/10/5
f 5930/10/6 5931/10/6 5935/10/6 5934/10/6
f 5937/13/1 5940/13/1 5939/13/1 5938/13/1
f 5941/13/2 5942/13/2 5943/13/2 5944/13/2
f 5937/13/3 5938/13/3 5942/13/3 5941/13/3
f 5940/13/4 5944/13/4 5943/13/4 5939/13/4
f 5937/13/5 5941/13/5 5944/13/5 5940/13/5
f 5938/13/6 5939/13/6 5943/13/6 5942/13/6
f 5945/10/1 5948/10/1 5947/10/1 5946/10/1
f 5949/10/2 5950/10/2 5951/10/2 5952/10/2
f 5945/10/3 5946/10/3 5950/10/3 5949/10/3
f 5948/10/4 5952/10/4 5951/10/4 5947/10/4
f 5945/10/5 5949/10/5 5952/10/5 5948/10/5
f 5946/10/6 5947/10/6 5951/10/6 5950/10/6
f 5953/13/1 5956/13/1 5955/13/1 5954/13/1
f 5957/13/2 5958/13/2 5959/13/2 5960/13/2
f 5953/13/3 5954/13/3 5958/13/3 5957/13/3
f 5956/13/4 5960/13/4 5959/13/4 5955/13/4
f 5953/13/5 5957/13/5 5960/13/5 5956/13/5
f 5954/13/6 5955/13/6 5959/13/6 5958/13/6
f 5961/10/1 5964/10/1 5963/10/1 5962/10/1
f 5965/10/2 5966/10/2 5967/10/2 5968/10/2
f 5961/10/3 5962/10/3 5966/10/3 5965/10/3
f 5964/10/4 5968/10/4 5967/10/4 5963/10/4
f 5961/10/5 5965/10/5 5968/10/5 5964/10/5
f 5962/10/6 5963/10/6 5967/10/6 5966/10/6
o EXTERNAL_DOOR_6_CG_DL1_TOGGLE_TL_-0.67_X
usemtl palette
f 5969/55/1 5972/55/1 5971/55/1 5970/55/1
f 5973/55/2 5974/55/2 5975/55/2 5976/55/2
f 5969/55/3 5970/55/3 5974/55/3 5973/55/3
f 5972/55/4 5976/55/4 5975/55/4 5971/55/4
f 5969/55/5 5973/55/5 5976/55/5 5972/55/5
f 5970/55/6 5971/55/6 5975/55/6 5974/55/6
f 5977/55/1 5980/55/1 5979/55/1 5978/55/1
f 5981/55/2 5982/55/2 5983/55/2 5984/55/2
f 5977/55/3 5978/55/3 5982/55/3 5981/55/3
f 5980/55/4 5984/55/4 5983/55/4 5979/55/4
f 5977/55/5 5981/55/5 5984/55/5 5980/55/5
f 5978/55/6 5979/55/6 5983/55/6 5982/55/6
f 5985/55/1 5988/55/1 5987/55/1 5986/55/1
f 5989/55/2 5990/55/2 5991/55/2 5992/55/2
f 5985/55/3 5986/55/3 5990/55/3 5989/55/3
f 5988/55/4 5992/55/4 5991/55/4 5987/55/4
f 5985/55/5 5989/55/5 5992/55/5 5988/55/5
f 5986/55/6 5987/55/6 5991/55/6 5990/55/6
f 5993/55/1 5996/55/1 5995/55/1 5994/55/1
f 5997/55/2 5998/55/2 5999/55/2 6000/55/2
f 5993/55/3 5994/55/3 5998/55/3 5997/55/3
f 5996/55/4 6000/55/4 5999/55/4 5995/55/4
f 5993/55/5 5997/55/5 6000/55/5 5996/55/5
f 5994/55/6 5995/55/6 5999/55/6 5998/55/6
f 6001/1/1 6004/1/1 6003/1/1 6002/1/1
f 6005/1/2 6006/1/2 6007/1/2 6008/1/2
f 6001/1/3 6002/1/3 6006/1/3 6005/1/3
f 6004/1/4 6008/1/4 6007/1/4 6003/1/4
f 6001/1/5 6005/1/5 6008/1/5 6004/1/5
f 6002/1/6 6003/1/6 6007/1/6 6006/1/6
f 6009/7/1 6012/7/1 6011/7/1 6010/7/1
f 6013/7/2 6014/7/2 6015/7/2 6016/7/2
f 6009/7/3 6010/7/3 6014/7/3 6013/7/3
f 6012/7/4 6016/7/4 6015/7/4 6011/7/4
f 6009/7/5 6013/7/5 6016/7/5 6012/7/5
f 6010/7/6 6011/7/6 6015/7/6 6014/7/6
o EXTERNAL_DOOR_7_CG_DL1_TOGGLE_TL_0.67_X
usemtl palette
f 6017/55/1 6020/55/1 6019/55/1 6018/55/1
f 6021/55/2 6022/55/2 6023/55/2 6024/55/2
f 6017/55/3 6018/55/3 6022/55/3 6021/55/3
f 6020/55/4 6024/55/4 6023/55/4 6019/55/4
f 6017/55/5 6021/55/5 6024/55/5 6020/55/5
f 6018/55/6 6019/55/6 6023/55/6 6022/55/6
f 6025/55/1 6028/55/1 6027/55/1 6026/55/1
f 6029/55/2 6030/55/2 6031/55/2 6032/55/2
f 6025/55/3 6026/55/3 6030/55/3 6029/55/3
f 6028/55/4 6032/55/4 6031/55/4 6027/55/4
f 6025/55/5 6029/55/5 6032/55/5 6028/55/5
f 6026/55/6 6027/55/6 6031/55/6 6030/55/6
f 6033/55/1 6036/55/1 6035/55/1 6034/55/1
f 6037/55/2 6038/55/2 6039/55/2 6040/55/2
f 6033/55/3 6034/55/3 6038/55/3 6037/55/3
f 6036/55/4 6040/55/4 6039/55/4 6035/55/4
f 6033/55/5 6037/55/5 6040/55/5 6036/55/5
f 6034/55/6 6035/55/6 6039/55/6 6038/55/6
f 6041/55/1 6044/55/1 6043/55/1 6042/55/1
f 6045/55/2 6046/55/2 6047/55/2 6048/55/2
f 6041/55/3 6042/55/3 6046/55/3 6045/55/3
f 6044/55/4 6048/55/4 6047/55/4 6043/55/4
f 6041/55/5 6045/55/5 6048/55/5 6044/55/5
f 6042/55/6 6043/55/6 6047/55/6 6046/55/6
f 6049/1/1 6052/1/1 6051/1/1 6050/1/1
f 6053/1/2 6054/1/2 6055/1/2 6056/1/2
f 6049/1/3 6050/1/3 6054/1/3 6053/1/3
f 6052/1/4 6056/1/4 6055/1/4 6051/1/4
f 6049/1/5 6053/1/5 6056/1/5 6052/1/5
f 6050/1/6 6051/1/6 6055/1/6 6054/1/6
f 6057/7/1 6060/7/1 6059/7/1 6058/7/1
f 6061/7/2 6062/7/2 6063/7/2 6064/7/2
f 6057/7/3 6058/7/3 6062/7/3 6061/7/3
f 6060/7/4 6064/7/4 6063/7/4 6059/7/4
f 6057/7/5 6061/7/5 6064/7/5 6060/7/5
f 6058/7/6 6059/7/6 6063/7/6 6062/7/6
o EXTERNAL_DOOR_9_CG_DR2_TOGGLE_TL_-0.67_X
usemtl palette
f 6065/55/1 6068/55/1 6067/55/1 6066/55/1
f 6069/55/2 6070/55/2 6071/55/2 6072/55/2
f 6065/55/3 6066/55/3 6070/55/3 6069/55/3
f 6068/55/4 6072/55/4 6071/55/4 6067/55/4
f 6065/55/5 6069/55/5 6072/55/5 6068/55/5
f 6066/55/6 6067/55/6 6071/55/6 6070/55/6
f 6073/55/1 6076/55/1 6075/55/1 6074/55/1
f 6077/55/2 6078/55/2 6079/55/2 6080/55/2
f 6073/55/3 6074/55/3 6078/55/3 6077/55/3
f 6076/55/4 6080/55/4 6079/55/4 6075/55/4
f 6073/55/5 6077/55/5 6080/55/5 6076/55/5
f 6074/55/6 6075/55/6 6079/55/6 6078/55/6
f 6081/55/1 6084/55/1 6083/55/1 6082/55/1
f 6085/55/2 6086/55/2 6087/55/2 6088/55/2
f 6081/55/3 6082/55/3 6086/55/3 6085/55/3
f 6084/55/4 6088/55/4 6087/55/4 6083/55/4
f 6081/55/5 6085/55/5 6088/55/5 6084/55/5
f 6082/55/6 6083/55/6 6087/55/6 6086/55/6
f 6089/55/1 6092/55/1 6091/55/1 6090/55/1
f 6093/55/2 6094/55/2 6095/55/2 6096/55/2
f 6089/55/3 6090/55/3 6094/55/3 6093/55/3
f 6092/55/4 6096/55/4 6095/55/4 6091/55/4
f 6089/55/5 6093/55/5 6096/55/5 6092/55/5
f 6090/55/6 6091/55/6 6095/55/6 6094/55/6
f 6097/1/1 6100/1/1 6099/1/1 6098/1/1
f 6101/1/2 6102/1/2 6103/1/2 6104/1/2
f 6097/1/3 6098/1/3 6102/1/3 6101/1/3
f 6100/1/4 6104/1/4 6103/1/4 6099/1/4
f 6097/1/5 6101/1/5 6104/1/5 6100/1/5
f 6098/1/6 6099/1/6 6103/1/6 6102/1/6
f 6105/7/1 6108/7/1 6107/7/1 6106/7/1
f 6109/7/2 6110/7/2 6111/7/2 6112/7/2
f 6105/7/3 6106/7/3 6110/7/3 6109/7/3
f 6108/7/4 6112/7/4 6111/7/4 6107/7/4
f 6105/7/5 6109/7/5 6112/7/5 6108/7/5
f 6106/7/6 6107/7/6 6111/7/6 6110/7/6
o EXTERNAL_DOOR_10_CG_DR2_TOGGLE_TL_0.67_X
usemtl palette
f 6113/55/1 6116/55/1 6115/55/1 6114/55/1
f 6117/55/2 6118/55/2 6119/55/2 6120/55/2
f 6113/55/3 6114/55/3 6118/55/3 6117/55/3
f 6116/55/4 6120/55/4 6119/55/4 6115/55/4
f 6113/55/5 6117/55/5 6120/55/5 6116/55/5
f 6114/55/6 6115/55/6 6119/55/6 6118/55/6
f 6121/55/1 6124/55/1 6123/55/1 6122/55/1
f 6125/55/2 6126/55/2 6127/55/2 6128/55/2
f 6121/55/3 6122/55/3 6126/55/3 6125/55/3
f 6124/55/4 6128/55/4 6127/55/4 6123/55/4
f 6121/55/5 6125/55/5 6128/55/5 6124/55/5
f 6122/55/6 6123/55/6 6127/55/6 6126/55/6
f 6129/55/1 6132/55/1 6131/55/1 6130/55/1
f 6133/55/2 6134/55/2 6135/55/2 6136/55/2
f 6129/55/3 6130/55/3 6134/55/3 6133/55/3
f 6132/55/4 6136/55/4 6135/55/4 6131/55/4
f 6129/55/5 6133/55/5 6136/55/5 6132/55/5
f 6130/55/6 6131/55/6 6135/55/6 6134/55/6
f 6137/55/1 6140/55/1 6139/55/1 6138/55/1
f 6141/55/2 6142/55/2 6143/55/2 6144/55/2
f 6137/55/3 6138/55/3 6142/55/3 6141/55/3
f 6140/55/4 6144/55/4 6143/55/4 6139/55/4
f 6137/55/5 6141/55/5 6144/55/5 6140/55/5
f 6138/55/6 6139/55/6 6143/55/6 6142/55/6
f 6145/1/1 6148/1/1 6147/1/1 6146/1/1
f 6149/1/2 6150/1/2 6151/1/2 6152/1/2
f 6145/1/3 6146/1/3 6150/1/3 6149/1/3
f 6148/1/4 6152/1/4 6151/1/4 6147/1/4
f 6145/1/5 6149/1/5 6152/1/5 6148/1/5
f 6146/1/6 6147/1/6 6151/1/6 6150/1/6
f 6153/7/1 6156/7/1 6155/7/1 6154/7/1
f 6157/7/2 6158/7/2 6159/7/2 6160/7/2
f 6153/7/3 6154/7/3 6158/7/3 6157/7/3
f 6156/7/4 6160/7/4 6159/7/4 6155/7/4
f 6153/7/5 6157/7/5 6160/7/5 6156/7/5
f 6154/7/6 6155/7/6 6159/7/6 6158/7/6
o EXTERNAL_DOOR_12_CG_DL2_TOGGLE_TL_-0.67_X
usemtl palette
f 6161/55/1 6164/55/1 6163/55/1 6162/55/1
f 6165/55/2 6166/55/2 6167/55/2 6168/55/2
f 6161/55/3 6162/55/3 6166/55/3 6165/55/3
f 6164/55/4 6168/55/4 6167/55/4 6163/55/4
f 6161/55/5 6165/55/5 6168/55/5 6164/55/5
f 6162/55/6 6163/55/6 6167/55/6 6166/55/6
f 6169/55/1 6172/55/1 6171/55/1 6170/55/1
f 6173/55/2 6174/55/2 6175/55/2 6176/55/2
f 6169/55/3 6170/55/3 6174/55/3 6173/55/3
f 6172/55/4 6176/55/4 6175/55/4 6171/55/4
f 6169/55/5 6173/55/5 6176/55/5 6172/55/5
f 6170/55/6 6171/55/6 6175/55/6 6174/55/6
f 6177/55/1 6180/55/1 6179/55/1 6178/55/1
f 6181/55/2 6182/55/2 6183/55/2 6184/55/2
f 6177/55/3 6178/55/3 6182/55/3 6181/55/3
f 6180/55/4 6184/55/4 6183/55/4 6179/55/4
f 6177/55/5 6181/55/5 6184/55/5 6180/55/5
f 6178/55/6 6179/55/6 6183/55/6 6182/55/6
f 6185/55/1 6188/55/1 6187/55/1 6186/55/1
f 6189/55/2 6190/55/2 6191/55/2 6192/55/2
f 6185/55/3 6186/55/3 6190/55/3 6189/55/3
f 6188/55/4 6192/55/4 6191/55/4 6187/55/4
f 6185/55/5 6189/55/5 6192/55/5 6188/55/5
f 6186/55/6 6187/55/6 6191/55/6 6190/55/6
f 6193/1/1 6196/1/1 6195/1/1 6194/1/1
f 6197/1/2 6198/1/2 6199/1/2 6200/1/2
f 6193/1/3 6194/1/3 6198/1/3 6197/1/3
f 6196/1/4 6200/1/4 6199/1/4 6195/1/4
f 6193/1/5 6197/1/5 6200/1/5 6196/1/5
f 6194/1/6 6195/1/6 6199/1/6 6198/1/6
f 6201/7/1 6204/7/1 6203/7/1 6202/7/1
f 6205/7/2 6206/7/2 6207/7/2 6208/7/2
f 6201/7/3 6202/7/3 6206/7/3 6205/7/3
f 6204/7/4 6208/7/4 6207/7/4 6203/7/4
f 6201/7/5 6205/7/5 6208/7/5 6204/7/5
f 6202/7/6 6203/7/6 6207/7/6 6206/7/6
o EXTERNAL_DOOR_13_CG_DL2_TOGGLE_TL_0.67_X
usemtl palette
f 6209/55/1 6212/55/1 6211/55/1 6210/55/1
f 6213/55/2 6214/55/2 6215/55/2 6216/55/2
f 6209/55/3 6210/55/3 6214/55/3 6213/55/3
f 6212/55/4 6216/55/4 6215/55/4 6211/55/4
f 6209/55/5 6213/55/5 6216/55/5 6212/55/5
f 6210/55/6 6211/55/6 6215/55/6 6214/55/6
f 6217/55/1 6220/55/1 6219/55/1 6218/55/1
f 6221/55/2 6222/55/2 6223/55/2 6224/55/2
f 6217/55/3 6218/55/3 6222/55/3 6221/55/3
f 6220/55/4 6224/55/4 6223/55/4 6219/55/4
f 6217/55/5 6221/55/5 6224/55/5 6220/55/5
f 6218/55/6 6219/55/6 6223/55/6 6222/55/6
f 6225/55/1 6228/55/1 6227/55/1 6226/55/1
f 6229/55/2 6230/55/2 6231/55/2 6232/55/2
f 6225/55/3 6226/55/3 6230/55/3 6229/55/3
f 6228/55/4 6232/55/4 6231/55/4 6227/55/4
f 6225/55/5 6229/55/5 6232/55/5 6228/55/5
f 6226/55/6 6227/55/6 6231/55/6 6230/55/6
f 6233/55/1 6236/55/1 6235/55/1 6234/55/1
f 6237/55/2 6238/55/2 6239/55/2 6240/55/2
f 6233/55/3 6234/55/3 6238/55/3 6237/55/3
f 6236/55/4 6240/55/4 6239/55/4 6235/55/4
f 6233/55/5 6237/55/5 6240/55/5 6236/55/5
f 6234/55/6 6235/55/6 6239/55/6 6238/55/6
f 6241/1/1 6244/1/1 6243/1/1 6242/1/1
f 6245/1/2 6246/1/2 6247/1/2 6248/1/2
f 6241/1/3 6242/1/3 6246/1/3 6245/1/3
f 6244/1/4 6248/1/4 6247/1/4 6243/1/4
f 6241/1/5 6245/1/5 6248/1/5 6244/1/5
f 6242/1/6 6243/1/6 6247/1/6 6246/1/6
f 6249/7/1 6252/7/1 6251/7/1 6250/7/1
f 6253/7/2 6254/7/2 6255/7/2 6256/7/2
f 6249/7/3 6250/7/3 6254/7/3 6253/7/3
f 6252/7/4 6256/7/4 6255/7/4 6251/7/4
f 6249/7/5 6253/7/5 6256/7/5 6252/7/5
f 6250/7/6 6251/7/6 6255/7/6 6254/7/6
o EXTERNAL_DOOR_15_CG_DR3_TOGGLE_TL_-0.67_X
usemtl palette
f 6257/55/1 6260/55/1 6259/55/1 6258/55/1
f 6261/55/2 6262/55/2 6263/55/2 6264/55/2
f 6257/55/3 6258/55/3 6262/55/3 6261/55/3
f 6260/55/4 6264/55/4 6263/55/4 6259/55/4
f 6257/55/5 6261/55/5 6264/55/5 6260/55/5
f 6258/55/6 6259/55/6 6263/55/6 6262/55/6
f 6265/55/1 6268/55/1 6267/55/1 6266/55/1
f 6269/55/2 6270/55/2 6271/55/2 6272/55/2
f 6265/55/3 6266/55/3 6270/55/3 6269/55/3
f 6268/55/4 6272/55/4 6271/55/4 6267/55/4
f 6265/55/5 6269/55/5 6272/55/5 6268/55/5
f 6266/55/6 6267/55/6 6271/55/6 6270/55/6
f 6273/55/1 6276/55/1 6275/55/1 6274/55/1
f 6277/55/2 6278/55/2 6279/55/2 6280/55/2
f 6273/55/3 6274/55/3 6278/55/3 6277/55/3
f 6276/55/4 6280/55/4 6279/55/4 6275/55/4
f 6273/55/5 6277/55/5 6280/55/5 6276/55/5
f 6274/55/6 6275/55/6 6279/55/6 6278/55/6
f 6281/55/1 6284/55/1 6283/55/1 6282/55/1
f 6285/55/2 6286/55/2 6287/55/2 6288/55/2
f 6281/55/3 6282/55/3 6286/55/3 6285/55/3
f 6284/55/4 6288/55/4 6287/55/4 6283/55/4
f 6281/55/5 6285/55/5 6288/55/5 6284/55/5
f 6282/55/6 6283/55/6 6287/55/6 6286/55/6
f 6289/1/1 6292/1/1 6291/1/1 6290/1/1
f 6293/1/2 6294/1/2 6295/1/2 6296/1/2
f 6289/1/3 6290/1/3 6294/1/3 6293/1/3
f 6292/1/4 6296/1/4 6295/1/4 6291/1/4
f 6289/1/5 6293/1/5 6296/1/5 6292/1/5
f 6290/1/6 6291/1/6 6295/1/6 6294/1/6
f 6297/7/1 6300/7/1 6299/7/1 6298/7/1
f 6301/7/2 6302/7/2 6303/7/2 6304/7/2
f 6297/7/3 6298/7/3 6302/7/3 6301/7/3
f 6300/7/4 6304/7/4 6303/7/4 6299/7/4
f 6297/7/5 6301/7/5 6304/7/5 6300/7/5
f 6298/7/6 6299/7/6 6303/7/6 6302/7/6
o EXTERNAL_DOOR_16_CG_DR3_TOGGLE_TL_0.67_X
usemtl palette
f 6305/55/1 6308/55/1 6307/55/1 6306/55/1
f 6309/55/2 6310/55/2 6311/55/2 6312/55/2
f 6305/55/3 6306/55/3 6310/55/3 6309/55/3
f 6308/55/4 6312/55/4 6311/55/4 6307/55/4
f 6305/55/5 6309/55/5 6312/55/5 6308/55/5
f 6306/55/6 6307/55/6 6311/55/6 6310/55/6
f 6313/55/1 6316/55/1 6315/55/1 6314/55/1
f 6317/55/2 6318/55/2 6319/55/2 6320/55/2
f 6313/55/3 6314/55/3 6318/55/3 6317/55/3
f 6316/55/4 6320/55/4 6319/55/4 6315/55/4
f 6313/55/5 6317/55/5 6320/55/5 6316/55/5
f 6314/55/6 6315/55/6 6319/55/6 6318/55/6
f 6321/55/1 6324/55/1 6323/55/1 6322/55/1
f 6325/55/2 6326/55/2 6327/55/2 6328/55/2
f 6321/55/3 6322/55/3 6326/55/3 6325/55/3
f 6324/55/4 6328/55/4 6327/55/4 6323/55/4
f 6321/55/5 6325/55/5 6328/55/5 6324/55/5
f 6322/55/6 6323/55/6 6327/55/6 6326/55/6
f 6329/55/1 6332/55/1 6331/55/1 6330/55/1
f 6333/55/2 6334/55/2 6335/55/2 6336/55/2
f 6329/55/3 6330/55/3 6334/55/3 6333/55/3
f 6332/55/4 6336/55/4 6335/55/4 6331/55/4
f 6329/55/5 6333/55/5 6336/55/5 6332/55/5
f 6330/55/6 6331/55/6 6335/55/6 6334/55/6
f 6337/1/1 6340/1/1 6339/1/1 6338/1/1
f 6341/1/2 6342/1/2 6343/1/2 6344/1/2
f 6337/1/3 6338/1/3 6342/1/3 6341/1/3
f 6340/1/4 6344/1/4 6343/1/4 6339/1/4
f 6337/1/5 6341/1/5 6344/1/5 6340/1/5
f 6338/1/6 6339/1/6 6343/1/6 6342/1/6
f 6345/7/1 6348/7/1 6347/7/1 6346/7/1
f 6349/7/2 6350/7/2 6351/7/2 6352/7/2
f 6345/7/3 6346/7/3 6350/7/3 6349/7/3
f 6348/7/4 6352/7/4 6351/7/4 6347/7/4
f 6345/7/5 6349/7/5 6352/7/5 6348/7/5
f 6346/7/6 6347/7/6 6351/7/6 6350/7/6
o EXTERNAL_DOOR_18_CG_DL3_TOGGLE_TL_-0.67_X
usemtl palette
f 6353/55/1 6356/55/1 6355/55/1 6354/55/1
f 6357/55/2 6358/55/2 6359/55/2 6360/55/2
f 6353/55/3 6354/55/3 6358/55/3 6357/55/3
f 6356/55/4 6360/55/4 6359/55/4 6355/55/4
f 6353/55/5 6357/55/5 6360/55/5 6356/55/5
f 6354/55/6 6355/55/6 6359/55/6 6358/55/6
f 6361/55/1 6364/55/1 6363/55/1 6362/55/1
f 6365/55/2 6366/55/2 6367/55/2 6368/55/2
f 6361/55/3 6362/55/3 6366/55/3 6365/55/3
f 6364/55/4 6368/55/4 6367/55/4 6363/55/4
f 6361/55/5 6365/55/5 6368/55/5 6364/55/5
f 6362/55/6 6363/55/6 6367/55/6 6366/55/6
f 6369/55/1 6372/55/1 6371/55/1 6370/55/1
f 6373/55/2 6374/55/2 6375/55/2 6376/55/2
f 6369/55/3 6370/55/3 6374/55/3 6373/55/3
f 6372/55/4 6376/55/4 6375/55/4 6371/55/4
f 6369/55/5 6373/55/5 6376/55/5 6372/55/5
f 6370/55/6 6371/55/6 6375/55/6 6374/55/6
f 6377/55/1 6380/55/1 6379/55/1 6378/55/1
f 6381/55/2 6382/55/2 6383/55/2 6384/55/2
f 6377/55/3 6378/55/3 6382/55/3 6381/55/3
f 6380/55/4 6384/55/4 6383/55/4 6379/55/4
f 6377/55/5 6381/55/5 6384/55/5 6380/55/5
f 6378/55/6 6379/55/6 6383/55/6 6382/55/6
f 6385/1/1 6388/1/1 6387/1/1 6386/1/1
f 6389/1/2 6390/1/2 6391/1/2 6392/1/2
f 6385/1/3 6386/1/3 6390/1/3 6389/1/3
f 6388/1/4 6392/1/4 6391/1/4 6387/1/4
f 6385/1/5 6389/1/5 6392/1/5 6388/1/5
f 6386/1/6 6387/1/6 6391/1/6 6390/1/6
f 6393/7/1 6396/7/1 6395/7/1 6394/7/1
f 6397/7/2 6398/7/2 6399/7/2 6400/7/2
f 6393/7/3 6394/7/3 6398/7/3 6397/7/3
f 6396/7/4 6400/7/4 6399/7/4 6395/7/4
f 6393/7/5 6397/7/5 6400/7/5 6396/7/5
f 6394/7/6 6395/7/6 6399/7/6 6398/7/6
o EXTERNAL_DOOR_19_CG_DL3_TOGGLE_TL_0.67_X
usemtl palette
f 6401/55/1 6404/55/1 6403/55/1 6402/55/1
f 6405/55/2 6406/55/2 6407/55/2 6408/55/2
f 6401/55/3 6402/55/3 6406/55/3 6405/55/3
f 6404/55/4 6408/55/4 6407/55/4 6403/55/4
f 6401/55/5 6405/55/5 6408/55/5 6404/55/5
f 6402/55/6 6403/55/6 6407/55/6 6406/55/6
f 6409/55/1 6412/55/1 6411/55/1 6410/55/1
f 6413/55/2 6414/55/2 6415/55/2 6416/55/2
f 6409/55/3 6410/55/3 6414/55/3 6413/55/3
f 6412/55/4 6416/55/4 6415/55/4 6411/55/4
f 6409/55/5 6413/55/5 6416/55/5 6412/55/5
f 6410/55/6 6411/55/6 6415/55/6 6414/55/6
f 6417/55/1 6420/55/1 6419/55/1 6418/55/1
f 6421/55/2 6422/55/2 6423/55/2 6424/55/2
f 6417/55/3 6418/55/3 6422/55/3 6421/55/3
f 6420/55/4 6424/55/4 6423/55/4 6419/55/4
f 6417/55/5 6421/55/5 6424/55/5 6420/55/5
f 6418/55/6 6419/55/6 6423/55/6 6422/55/6
f 6425/55/1 6428/55/1 6427/55/1 6426/55/1
f 6429/55/2 6430/55/2 6431/55/2 6432/55/2
f 6425/55/3 6426/55/3 6430/55/3 6429/55/3
f 6428/55/4 6432/55/4 6431/55/4 6427/55/4
f 6425/55/5 6429/55/5 6432/55/5 6428/55/5
f 6426/55/6 6427/55/6 6431/55/6 6430/55/6
f 6433/1/1 6436/1/1 6435/1/1 6434/1/1
f 6437/1/2 6438/1/2 6439/1/2 6440/1/2
f 6433/1/3 6434/1/3 6438/1/3 6437/1/3
f 6436/1/4 6440/1/4 6439/1/4 6435/1/4
f 6433/1/5 6437/1/5 6440/1/5 6436/1/5
f 6434/1/6 6435/1/6 6439/1/6 6438/1/6
f 6441/7/1 6444/7/1 6443/7/1 6442/7/1
f 6445/7/2 6446/7/2 6447/7/2 6448/7/2
f 6441/7/3 6442/7/3 6446/7/3 6445/7/3
f 6444/7/4 6448/7/4 6447/7/4 6443/7/4
f 6441/7/5 6445/7/5 6448/7/5 6444/7/5
f 6442/7/6 6443/7/6 6447/7/6 6446/7/6
o SHELL_bench
usemtl palette
f 6449/7/1 6452/7/1 6451/7/1 6450/7/1
f 6453/7/2 6454/7/2 6455/7/2 6456/7/2
f 6449/7/3 6450/7/3 6454/7/3 6453/7/3
f 6452/7/4 6456/7/4 6455/7/4 6451/7/4
f 6449/7/5 6453/7/5 6456/7/5 6452/7/5
f 6450/7/6 6451/7/6 6455/7/6 6454/7/6
f 6457/48/1 6460/48/1 6459/48/1 6458/48/1
f 6461/48/2 6462/48/2 6463/48/2 6464/48/2
f 6457/48/3 6458/48/3 6462/48/3 6461/48/3
f 6460/48/4 6464/48/4 6463/48/4 6459/48/4
f 6457/48/5 6461/48/5 6464/48/5 6460/48/5
f 6458/48/6 6459/48/6 6463/48/6 6462/48/6
f 6465/6/1 6468/6/1 6467/6/1 6466/6/1
f 6469/6/2 6470/6/2 6471/6/2 6472/6/2
f 6465/6/3 6466/6/3 6470/6/3 6469/6/3
f 6468/6/4 6472/6/4 6471/6/4 6467/6/4
f 6465/6/5 6469/6/5 6472/6/5 6468/6/5
f 6466/6/6 6467/6/6 6471/6/6 6470/6/6
f 6473/6/1 6476/6/1 6475/6/1 6474/6/1
f 6477/6/2 6478/6/2 6479/6/2 6480/6/2
f 6473/6/3 6474/6/3 6478/6/3 6477/6/3
f 6476/6/4 6480/6/4 6479/6/4 6475/6/4
f 6473/6/5 6477/6/5 6480/6/5 6476/6/5
f 6474/6/6 6475/6/6 6479/6/6 6478/6/6
f 6481/7/1 6484/7/1 6483/7/1 6482/7/1
f 6485/7/2 6486/7/2 6487/7/2 6488/7/2
f 6481/7/3 6482/7/3 6486/7/3 6485/7/3
f 6484/7/4 6488/7/4 6487/7/4 6483/7/4
f 6481/7/5 6485/7/5 6488/7/5 6484/7/5
f 6482/7/6 6483/7/6 6487/7/6 6486/7/6
f 6489/48/1 6492/48/1 6491/48/1 6490/48/1
f 6493/48/2 6494/48/2 6495/48/2 6496/48/2
f 6489/48/3 6490/48/3 6494/48/3 6493/48/3
f 6492/48/4 6496/48/4 6495/48/4 6491/48/4
f 6489/48/5 6493/48/5 6496/48/5 6492/48/5
f 6490/48/6 6491/48/6 6495/48/6 6494/48/6
f 6497/6/1 6500/6/1 6499/6/1 6498/6/1
f 6501/6/2 6502/6/2 6503/6/2 6504/6/2
f 6497/6/3 6498/6/3 6502/6/3 6501/6/3
f 6500/6/4 6504/6/4 6503/6/4 6499/6/4
f 6497/6/5 6501/6/5 6504/6/5 6500/6/5
f 6498/6/6 6499/6/6 6503/6/6 6502/6/6
f 6505/6/1 6508/6/1 6507/6/1 6506/6/1
f 6509/6/2 6510/6/2 6511/6/2 6512/6/2
f 6505/6/3 6506/6/3 6510/6/3 6509/6/3
f 6508/6/4 6512/6/4 6511/6/4 6507/6/4
f 6505/6/5 6509/6/5 6512/6/5 6508/6/5
f 6506/6/6 6507/6/6 6511/6/6 6510/6/6
f 6513/7/1 6516/7/1 6515/7/1 6514/7/1
f 6517/7/2 6518/7/2 6519/7/2 6520/7/2
f 6513/7/3 6514/7/3 6518/7/3 6517/7/3
f 6516/7/4 6520/7/4 6519/7/4 6515/7/4
f 6513/7/5 6517/7/5 6520/7/5 6516/7/5
f 6514/7/6 6515/7/6 6519/7/6 6518/7/6
f 6521/48/1 6524/48/1 6523/48/1 6522/48/1
f 6525/48/2 6526/48/2 6527/48/2 6528/48/2
f 6521/48/3 6522/48/3 6526/48/3 6525/48/3
f 6524/48/4 6528/48/4 6527/48/4 6523/48/4
f 6521/48/5 6525/48/5 6528/48/5 6524/48/5
f 6522/48/6 6523/48/6 6527/48/6 6526/48/6
f 6529/6/1 6532/6/1 6531/6/1 6530/6/1
f 6533/6/2 6534/6/2 6535/6/2 6536/6/2
f 6529/6/3 6530/6/3 6534/6/3 6533/6/3
f 6532/6/4 6536/6/4 6535/6/4 6531/6/4
f 6529/6/5 6533/6/5 6536/6/5 6532/6/5
f 6530/6/6 6531/6/6 6535/6/6 6534/6/6
f 6537/6/1 6540/6/1 6539/6/1 6538/6/1
f 6541/6/2 6542/6/2 6543/6/2 6544/6/2
f 6537/6/3 6538/6/3 6542/6/3 6541/6/3
f 6540/6/4 6544/6/4 6543/6/4 6539/6/4
f 6537/6/5 6541/6/5 6544/6/5 6540/6/5
f 6538/6/6 6539/6/6 6543/6/6 6542/6/6
f 6545/7/1 6548/7/1 6547/7/1 6546/7/1
f 6549/7/2 6550/7/2 6551/7/2 6552/7/2
f 6545/7/3 6546/7/3 6550/7/3 6549/7/3
f 6548/7/4 6552/7/4 6551/7/4 6547/7/4
f 6545/7/5 6549/7/5 6552/7/5 6548/7/5
f 6546/7/6 6547/7/6 6551/7/6 6550/7/6
f 6553/48/1 6556/48/1 6555/48/1 6554/48/1
f 6557/48/2 6558/48/2 6559/48/2 6560/48/2
f 6553/48/3 6554/48/3 6558/48/3 6557/48/3
f 6556/48/4 6560/48/4 6559/48/4 6555/48/4
f 6553/48/5 6557/48/5 6560/48/5 6556/48/5
f 6554/48/6 6555/48/6 6559/48/6 6558/48/6
f 6561/6/1 6564/6/1 6563/6/1 6562/6/1
f 6565/6/2 6566/6/2 6567/6/2 6568/6/2
f 6561/6/3 6562/6/3 6566/6/3 6565/6/3
f 6564/6/4 6568/6/4 6567/6/4 6563/6/4
f 6561/6/5 6565/6/5 6568/6/5 6564/6/5
f 6562/6/6 6563/6/6 6567/6/6 6566/6/6
f 6569/6/1 6572/6/1 6571/6/1 6570/6/1
f 6573/6/2 6574/6/2 6575/6/2 6576/6/2
f 6569/6/3 6570/6/3 6574/6/3 6573/6/3
f 6572/6/4 6576/6/4 6575/6/4 6571/6/4
f 6569/6/5 6573/6/5 6576/6/5 6572/6/5
f 6570/6/6 6571/6/6 6575/6/6 6574/6/6
f 6577/7/1 6580/7/1 6579/7/1 6578/7/1
f 6581/7/2 6582/7/2 6583/7/2 6584/7/2
f 6577/7/3 6578/7/3 6582/7/3 6581/7/3
f 6580/7/4 6584/7/4 6583/7/4 6579/7/4
f 6577/7/5 6581/7/5 6584/7/5 6580/7/5
f 6578/7/6 6579/7/6 6583/7/6 6582/7/6
f 6585/48/1 6588/48/1 6587/48/1 6586/48/1
f 6589/48/2 6590/48/2 6591/48/2 6592/48/2
f 6585/48/3 6586/48/3 6590/48/3 6589/48/3
f 6588/48/4 6592/48/4 6591/48/4 6587/48/4
f 6585/48/5 6589/48/5 6592/48/5 6588/48/5
f 6586/48/6 6587/48/6 6591/48/6 6590/48/6
f 6593/6/1 6596/6/1 6595/6/1 6594/6/1
f 6597/6/2 6598/6/2 6599/6/2 6600/6/2
f 6593/6/3 6594/6/3 6598/6/3 6597/6/3
f 6596/6/4 6600/6/4 6599/6/4 6595/6/4
f 6593/6/5 6597/6/5 6600/6/5 6596/6/5
f 6594/6/6 6595/6/6 6599/6/6 6598/6/6
f 6601/6/1 6604/6/1 6603/6/1 6602/6/1
f 6605/6/2 6606/6/2 6607/6/2 6608/6/2
f 6601/6/3 6602/6/3 6606/6/3 6605/6/3
f 6604/6/4 6608/6/4 6607/6/4 6603/6/4
f 6601/6/5 6605/6/5 6608/6/5 6604/6/5
f 6602/6/6 6603/6/6 6607/6/6 6606/6/6
f 6609/7/1 6612/7/1 6611/7/1 6610/7/1
f 6613/7/2 6614/7/2 6615/7/2 6616/7/2
f 6609/7/3 6610/7/3 6614/7/3 6613/7/3
f 6612/7/4 6616/7/4 6615/7/4 6611/7/4
f 6609/7/5 6613/7/5 6616/7/5 6612/7/5
f 6610/7/6 6611/7/6 6615/7/6 6614/7/6
f 6617/48/1 6620/48/1 6619/48/1 6618/48/1
f 6621/48/2 6622/48/2 6623/48/2 6624/48/2
f 6617/48/3 6618/48/3 6622/48/3 6621/48/3
f 6620/48/4 6624/48/4 6623/48/4 6619/48/4
f 6617/48/5 6621/48/5 6624/48/5 6620/48/5
f 6618/48/6 6619/48/6 6623/48/6 6622/48/6
f 6625/6/1 6628/6/1 6627/6/1 6626/6/1
f 6629/6/2 6630/6/2 6631/6/2 6632/6/2
f 6625/6/3 6626/6/3 6630/6/3 6629/6/3
f 6628/6/4 6632/6/4 6631/6/4 6627/6/4
f 6625/6/5 6629/6/5 6632/6/5 6628/6/5
f 6626/6/6 6627/6/6 6631/6/6 6630/6/6
f 6633/6/1 6636/6/1 6635/6/1 6634/6/1
f 6637/6/2 6638/6/2 6639/6/2 6640/6/2
f 6633/6/3 6634/6/3 6638/6/3 6637/6/3
f 6636/6/4 6640/6/4 6639/6/4 6635/6/4
f 6633/6/5 6637/6/5 6640/6/5 6636/6/5
f 6634/6/6 6635/6/6 6639/6/6 6638/6/6
f 6641/7/1 6644/7/1 6643/7/1 6642/7/1
f 6645/7/2 6646/7/2 6647/7/2 6648/7/2
f 6641/7/3 6642/7/3 6646/7/3 6645/7/3
f 6644/7/4 6648/7/4 6647/7/4 6643/7/4
f 6641/7/5 6645/7/5 6648/7/5 6644/7/5
f 6642/7/6 6643/7/6 6647/7/6 6646/7/6
f 6649/48/1 6652/48/1 6651/48/1 6650/48/1
f 6653/48/2 6654/48/2 6655/48/2 6656/48/2
f 6649/48/3 6650/48/3 6654/48/3 6653/48/3
f 6652/48/4 6656/48/4 6655/48/4 6651/48/4
f 6649/48/5 6653/48/5 6656/48/5 6652/48/5
f 6650/48/6 6651/48/6 6655/48/6 6654/48/6
f 6657/6/1 6660/6/1 6659/6/1 6658/6/1
f 6661/6/2 6662/6/2 6663/6/2 6664/6/2
f 6657/6/3 6658/6/3 6662/6/3 6661/6/3
f 6660/6/4 6664/6/4 6663/6/4 6659/6/4
f 6657/6/5 6661/6/5 6664/6/5 6660/6/5
f 6658/6/6 6659/6/6 6663/6/6 6662/6/6
f 6665/6/1 6668/6/1 6667/6/1 6666/6/1
f 6669/6/2 6670/6/2 6671/6/2 6672/6/2
f 6665/6/3 6666/6/3 6670/6/3 6669/6/3
f 6668/6/4 6672/6/4 6671/6/4 6667/6/4
f 6665/6/5 6669/6/5 6672/6/5 6668/6/5
f 6666/6/6 6667/6/6 6671/6/6 6670/6/6
f 6673/7/1 6676/7/1 6675/7/1 6674/7/1
f 6677/7/2 6678/7/2 6679/7/2 6680/7/2
f 6673/7/3 6674/7/3 6678/7/3 6677/7/3
f 6676/7/4 6680/7/4 6679/7/4 6675/7/4
f 6673/7/5 6677/7/5 6680/7/5 6676/7/5
f 6674/7/6 6675/7/6 6679/7/6 6678/7/6
f 6681/48/1 6684/48/1 6683/48/1 6682/48/1
f 6685/48/2 6686/48/2 6687/48/2 6688/48/2
f 6681/48/3 6682/48/3 6686/48/3 6685/48/3
f 6684/48/4 6688/48/4 6687/48/4 6683/48/4
f 6681/48/5 6685/48/5 6688/48/5 6684/48/5
f 6682/48/6 6683/48/6 6687/48/6 6686/48/6
f 6689/6/1 6692/6/1 6691/6/1 6690/6/1
f 6693/6/2 6694/6/2 6695/6/2 6696/6/2
f 6689/6/3 6690/6/3 6694/6/3 6693/6/3
f 6692/6/4 6696/6/4 6695/6/4 6691/6/4
f 6689/6/5 6693/6/5 6696/6/5 6692/6/5
f 6690/6/6 6691/6/6 6695/6/6 6694/6/6
f 6697/6/1 6700/6/1 6699/6/1 6698/6/1
f 6701/6/2 6702/6/2 6703/6/2 6704/6/2
f 6697/6/3 6698/6/3 6702/6/3 6701/6/3
f 6700/6/4 6704/6/4 6703/6/4 6699/6/4
f 6697/6/5 6701/6/5 6704/6/5 6700/6/5
f 6698/6/6 6699/6/6 6703/6/6 6702/6/6
o SEAT_1
usemtl palette
f 6705/48/1 6708/48/1 6707/48/1 6706/48/1
f 6709/48/2 6710/48/2 6711/48/2 6712/48/2
f 6705/48/3 6706/48/3 6710/48/3 6709/48/3
f 6708/48/4 6712/48/4 6711/48/4 6707/48/4
f 6705/48/5 6709/48/5 6712/48/5 6708/48/5
f 6706/48/6 6707/48/6 6711/48/6 6710/48/6
o SEAT_2
usemtl palette
f 6713/48/1 6716/48/1 6715/48/1 6714/48/1
f 6717/48/2 6718/48/2 6719/48/2 6720/48/2
f 6713/48/3 6714/48/3 6718/48/3 6717/48/3
f 6716/48/4 6720/48/4 6719/48/4 6715/48/4
f 6713/48/5 6717/48/5 6720/48/5 6716/48/5
f 6714/48/6 6715/48/6 6719/48/6 6718/48/6
o SEAT_3
usemtl palette
f 6721/16/1 6724/16/1 6723/16/1 6722/16/1
f 6725/16/2 6726/16/2 6727/16/2 6728/16/2
f 6721/16/3 6722/16/3 6726/16/3 6725/16/3
f 6724/16/4 6728/16/4 6727/16/4 6723/16/4
f 6721/16/5 6725/16/5 6728/16/5 6724/16/5
f 6722/16/6 6723/16/6 6727/16/6 6726/16/6
o SEAT_4
usemtl palette
f 6729/16/1 6732/16/1 6731/16/1 6730/16/1
f 6733/16/2 6734/16/2 6735/16/2 6736/16/2
f 6729/16/3 6730/16/3 6734/16/3 6733/16/3
f 6732/16/4 6736/16/4 6735/16/4 6731/16/4
f 6729/16/5 6733/16/5 6736/16/5 6732/16/5
f 6730/16/6 6731/16/6 6735/16/6 6734/16/6
o SHELL_rail
usemtl palette
f 6737/6/1 6740/6/1 6739/6/1 6738/6/1
f 6741/6/2 6742/6/2 6743/6/2 6744/6/2
f 6737/6/3 6738/6/3 6742/6/3 6741/6/3
f 6740/6/4 6744/6/4 6743/6/4 6739/6/4
f 6737/6/5 6741/6/5 6744/6/5 6740/6/5
f 6738/6/6 6739/6/6 6743/6/6 6742/6/6
f 6745/6/1 6748/6/1 6747/6/1 6746/6/1
f 6749/6/2 6750/6/2 6751/6/2 6752/6/2
f 6745/6/3 6746/6/3 6750/6/3 6749/6/3
f 6748/6/4 6752/6/4 6751/6/4 6747/6/4
f 6745/6/5 6749/6/5 6752/6/5 6748/6/5
f 6746/6/6 6747/6/6 6751/6/6 6750/6/6
f 6753/6/1 6756/6/1 6755/6/1 6754/6/1
f 6757/6/2 6758/6/2 6759/6/2 6760/6/2
f 6753/6/3 6754/6/3 6758/6/3 6757/6/3
f 6756/6/4 6760/6/4 6759/6/4 6755/6/4
f 6753/6/5 6757/6/5 6760/6/5 6756/6/5
f 6754/6/6 6755/6/6 6759/6/6 6758/6/6
f 6761/6/1 6764/6/1 6763/6/1 6762/6/1
f 6765/6/2 6766/6/2 6767/6/2 6768/6/2
f 6761/6/3 6762/6/3 6766/6/3 6765/6/3
f 6764/6/4 6768/6/4 6767/6/4 6763/6/4
f 6761/6/5 6765/6/5 6768/6/5 6764/6/5
f 6762/6/6 6763/6/6 6767/6/6 6766/6/6
f 6769/6/1 6772/6/1 6771/6/1 6770/6/1
f 6773/6/2 6774/6/2 6775/6/2 6776/6/2
f 6769/6/3 6770/6/3 6774/6/3 6773/6/3
f 6772/6/4 6776/6/4 6775/6/4 6771/6/4
f 6769/6/5 6773/6/5 6776/6/5 6772/6/5
f 6770/6/6 6771/6/6 6775/6/6 6774/6/6
f 6777/6/1 6780/6/1 6779/6/1 6778/6/1
f 6781/6/2 6782/6/2 6783/6/2 6784/6/2
f 6777/6/3 6778/6/3 6782/6/3 6781/6/3
f 6780/6/4 6784/6/4 6783/6/4 6779/6/4
f 6777/6/5 6781/6/5 6784/6/5 6780/6/5
f 6778/6/6 6779/6/6 6783/6/6 6782/6/6
f 6785/6/1 6788/6/1 6787/6/1 6786/6/1
f 6789/6/2 6790/6/2 6791/6/2 6792/6/2
f 6785/6/3 6786/6/3 6790/6/3 6789/6/3
f 6788/6/4 6792/6/4 6791/6/4 6787/6/4
f 6785/6/5 6789/6/5 6792/6/5 6788/6/5
f 6786/6/6 6787/6/6 6791/6/6 6790/6/6
f 6793/6/1 6796/6/1 6795/6/1 6794/6/1
f 6797/6/2 6798/6/2 6799/6/2 6800/6/2
f 6793/6/3 6794/6/3 6798/6/3 6797/6/3
f 6796/6/4 6800/6/4 6799/6/4 6795/6/4
f 6793/6/5 6797/6/5 6800/6/5 6796/6/5
f 6794/6/6 6795/6/6 6799/6/6 6798/6/6
o SHELL_strap
usemtl palette
f 6801/7/1 6804/7/1 6803/7/1 6802/7/1
f 6805/7/2 6806/7/2 6807/7/2 6808/7/2
f 6801/7/3 6802/7/3 6806/7/3 6805/7/3
f 6804/7/4 6808/7/4 6807/7/4 6803/7/4
f 6801/7/5 6805/7/5 6808/7/5 6804/7/5
f 6802/7/6 6803/7/6 6807/7/6 6806/7/6
f 6809/13/1 6812/13/1 6811/13/1 6810/13/1
f 6813/13/2 6814/13/2 6815/13/2 6816/13/2
f 6809/13/3 6810/13/3 6814/13/3 6813/13/3
f 6812/13/4 6816/13/4 6815/13/4 6811/13/4
f 6809/13/5 6813/13/5 6816/13/5 6812/13/5
f 6810/13/6 6811/13/6 6815/13/6 6814/13/6
f 6817/7/1 6820/7/1 6819/7/1 6818/7/1
f 6821/7/2 6822/7/2 6823/7/2 6824/7/2
f 6817/7/3 6818/7/3 6822/7/3 6821/7/3
f 6820/7/4 6824/7/4 6823/7/4 6819/7/4
f 6817/7/5 6821/7/5 6824/7/5 6820/7/5
f 6818/7/6 6819/7/6 6823/7/6 6822/7/6
f 6825/13/1 6828/13/1 6827/13/1 6826/13/1
f 6829/13/2 6830/13/2 6831/13/2 6832/13/2
f 6825/13/3 6826/13/3 6830/13/3 6829/13/3
f 6828/13/4 6832/13/4 6831/13/4 6827/13/4
f 6825/13/5 6829/13/5 6832/13/5 6828/13/5
f 6826/13/6 6827/13/6 6831/13/6 6830/13/6
f 6833/7/1 6836/7/1 6835/7/1 6834/7/1
f 6837/7/2 6838/7/2 6839/7/2 6840/7/2
f 6833/7/3 6834/7/3 6838/7/3 6837/7/3
f 6836/7/4 6840/7/4 6839/7/4 6835/7/4
f 6833/7/5 6837/7/5 6840/7/5 6836/7/5
f 6834/7/6 6835/7/6 6839/7/6 6838/7/6
f 6841/13/1 6844/13/1 6843/13/1 6842/13/1
f 6845/13/2 6846/13/2 6847/13/2 6848/13/2
f 6841/13/3 6842/13/3 6846/13/3 6845/13/3
f 6844/13/4 6848/13/4 6847/13/4 6843/13/4
f 6841/13/5 6845/13/5 6848/13/5 6844/13/5
f 6842/13/6 6843/13/6 6847/13/6 6846/13/6
f 6849/7/1 6852/7/1 6851/7/1 6850/7/1
f 6853/7/2 6854/7/2 6855/7/2 6856/7/2
f 6849/7/3 6850/7/3 6854/7/3 6853/7/3
f 6852/7/4 6856/7/4 6855/7/4 6851/7/4
f 6849/7/5 6853/7/5 6856/7/5 6852/7/5
f 6850/7/6 6851/7/6 6855/7/6 6854/7/6
f 6857/13/1 6860/13/1 6859/13/1 6858/13/1
f 6861/13/2 6862/13/2 6863/13/2 6864/13/2
f 6857/13/3 6858/13/3 6862/13/3 6861/13/3
f 6860/13/4 6864/13/4 6863/13/4 6859/13/4
f 6857/13/5 6861/13/5 6864/13/5 6860/13/5
f 6858/13/6 6859/13/6 6863/13/6 6862/13/6
f 6865/7/1 6868/7/1 6867/7/1 6866/7/1
f 6869/7/2 6870/7/2 6871/7/2 6872/7/2
f 6865/7/3 6866/7/3 6870/7/3 6869/7/3
f 6868/7/4 6872/7/4 6871/7/4 6867/7/4
f 6865/7/5 6869/7/5 6872/7/5 6868/7/5
f 6866/7/6 6867/7/6 6871/7/6 6870/7/6
f 6873/13/1 6876/13/1 6875/13/1 6874/13/1
f 6877/13/2 6878/13/2 6879/13/2 6880/13/2
f 6873/13/3 6874/13/3 6878/13/3 6877/13/3
f 6876/13/4 6880/13/4 6879/13/4 6875/13/4
f 6873/13/5 6877/13/5 6880/13/5 6876/13/5
f 6874/13/6 6875/13/6 6879/13/6 6878/13/6
f 6881/7/1 6884/7/1 6883/7/1 6882/7/1
f 6885/7/2 6886/7/2 6887/7/2 6888/7/2
f 6881/7/3 6882/7/3 6886/7/3 6885/7/3
f 6884/7/4 6888/7/4 6887/7/4 6883/7/4
f 6881/7/5 6885/7/5 6888/7/5 6884/7/5
f 6882/7/6 6883/7/6 6887/7/6 6886/7/6
f 6889/13/1 6892/13/1 6891/13/1 6890/13/1
f 6893/13/2 6894/13/2 6895/13/2 6896/13/2
f 6889/13/3 6890/13/3 6894/13/3 6893/13/3
f 6892/13/4 6896/13/4 6895/13/4 6891/13/4
f 6889/13/5 6893/13/5 6896/13/5 6892/13/5
f 6890/13/6 6891/13/6 6895/13/6 6894/13/6
f 6897/7/1 6900/7/1 6899/7/1 6898/7/1
f 6901/7/2 6902/7/2 6903/7/2 6904/7/2
f 6897/7/3 6898/7/3 6902/7/3 6901/7/3
f 6900/7/4 6904/7/4 6903/7/4 6899/7/4
f 6897/7/5 6901/7/5 6904/7/5 6900/7/5
f 6898/7/6 6899/7/6 6903/7/6 6902/7/6
f 6905/13/1 6908/13/1 6907/13/1 6906/13/1
f 6909/13/2 6910/13/2 6911/13/2 6912/13/2
f 6905/13/3 6906/13/3 6910/13/3 6909/13/3
f 6908/13/4 6912/13/4 6911/13/4 6907/13/4
f 6905/13/5 6909/13/5 6912/13/5 6908/13/5
f 6906/13/6 6907/13/6 6911/13/6 6910/13/6
f 6913/7/1 6916/7/1 6915/7/1 6914/7/1
f 6917/7/2 6918/7/2 6919/7/2 6920/7/2
f 6913/7/3 6914/7/3 6918/7/3 6917/7/3
f 6916/7/4 6920/7/4 6919/7/4 6915/7/4
f 6913/7/5 6917/7/5 6920/7/5 6916/7/5
f 6914/7/6 6915/7/6 6919/7/6 6918/7/6
f 6921/13/1 6924/13/1 6923/13/1 6922/13/1
f 6925/13/2 6926/13/2 6927/13/2 6928/13/2
f 6921/13/3 6922/13/3 6926/13/3 6925/13/3
f 6924/13/4 6928/13/4 6927/13/4 6923/13/4
f 6921/13/5 6925/13/5 6928/13/5 6924/13/5
f 6922/13/6 6923/13/6 6927/13/6 6926/13/6
f 6929/7/1 6932/7/1 6931/7/1 6930/7/1
f 6933/7/2 6934/7/2 6935/7/2 6936/7/2
f 6929/7/3 6930/7/3 6934/7/3 6933/7/3
f 6932/7/4 6936/7/4 6935/7/4 6931/7/4
f 6929/7/5 6933/7/5 6936/7/5 6932/7/5
f 6930/7/6 6931/7/6 6935/7/6 6934/7/6
f 6937/13/1 6940/13/1 6939/13/1 6938/13/1
f 6941/13/2 6942/13/2 6943/13/2 6944/13/2
f 6937/13/3 6938/13/3 6942/13/3 6941/13/3
f 6940/13/4 6944/13/4 6943/13/4 6939/13/4
f 6937/13/5 6941/13/5 6944/13/5 6940/13/5
f 6938/13/6 6939/13/6 6943/13/6 6942/13/6
f 6945/7/1 6948/7/1 6947/7/1 6946/7/1
f 6949/7/2 6950/7/2 6951/7/2 6952/7/2
f 6945/7/3 6946/7/3 6950/7/3 6949/7/3
f 6948/7/4 6952/7/4 6951/7/4 6947/7/4
f 6945/7/5 6949/7/5 6952/7/5 6948/7/5
f 6946/7/6 6947/7/6 6951/7/6 6950/7/6
f 6953/13/1 6956/13/1 6955/13/1 6954/13/1
f 6957/13/2 6958/13/2 6959/13/2 6960/13/2
f 6953/13/3 6954/13/3 6958/13/3 6957/13/3
f 6956/13/4 6960/13/4 6959/13/4 6955/13/4
f 6953/13/5 6957/13/5 6960/13/5 6956/13/5
f 6954/13/6 6955/13/6 6959/13/6 6958/13/6
f 6961/7/1 6964/7/1 6963/7/1 6962/7/1
f 6965/7/2 6966/7/2 6967/7/2 6968/7/2
f 6961/7/3 6962/7/3 6966/7/3 6965/7/3
f 6964/7/4 6968/7/4 6967/7/4 6963/7/4
f 6961/7/5 6965/7/5 6968/7/5 6964/7/5
f 6962/7/6 6963/7/6 6967/7/6 6966/7/6
f 6969/13/1 6972/13/1 6971/13/1 6970/13/1
f 6973/13/2 6974/13/2 6975/13/2 6976/13/2
f 6969/13/3 6970/13/3 6974/13/3 6973/13/3
f 6972/13/4 6976/13/4 6975/13/4 6971/13/4
f 6969/13/5 6973/13/5 6976/13/5 6972/13/5
f 6970/13/6 6971/13/6 6975/13/6 6974/13/6
f 6977/7/1 6980/7/1 6979/7/1 6978/7/1
f 6981/7/2 6982/7/2 6983/7/2 6984/7/2
f 6977/7/3 6978/7/3 6982/7/3 6981/7/3
f 6980/7/4 6984/7/4 6983/7/4 6979/7/4
f 6977/7/5 6981/7/5 6984/7/5 6980/7/5
f 6978/7/6 6979/7/6 6983/7/6 6982/7/6
f 6985/13/1 6988/13/1 6987/13/1 6986/13/1
f 6989/13/2 6990/13/2 6991/13/2 6992/13/2
f 6985/13/3 6986/13/3 6990/13/3 6989/13/3
f 6988/13/4 6992/13/4 6991/13/4 6987/13/4
f 6985/13/5 6989/13/5 6992/13/5 6988/13/5
f 6986/13/6 6987/13/6 6991/13/6 6990/13/6
f 6993/7/1 6996/7/1 6995/7/1 6994/7/1
f 6997/7/2 6998/7/2 6999/7/2 7000/7/2
f 6993/7/3 6994/7/3 6998/7/3 6997/7/3
f 6996/7/4 7000/7/4 6999/7/4 6995/7/4
f 6993/7/5 6997/7/5 7000/7/5 6996/7/5
f 6994/7/6 6995/7/6 6999/7/6 6998/7/6
f 7001/13/1 7004/13/1 7003/13/1 7002/13/1
f 7005/13/2 7006/13/2 7007/13/2 7008/13/2
f 7001/13/3 7002/13/3 7006/13/3 7005/13/3
f 7004/13/4 7008/13/4 7007/13/4 7003/13/4
f 7001/13/5 7005/13/5 7008/13/5 7004/13/5
f 7002/13/6 7003/13/6 7007/13/6 7006/13/6
f 7009/7/1 7012/7/1 7011/7/1 7010/7/1
f 7013/7/2 7014/7/2 7015/7/2 7016/7/2
f 7009/7/3 7010/7/3 7014/7/3 7013/7/3
f 7012/7/4 7016/7/4 7015/7/4 7011/7/4
f 7009/7/5 7013/7/5 7016/7/5 7012/7/5
f 7010/7/6 7011/7/6 7015/7/6 7014/7/6
f 7017/13/1 7020/13/1 7019/13/1 7018/13/1
f 7021/13/2 7022/13/2 7023/13/2 7024/13/2
f 7017/13/3 7018/13/3 7022/13/3 7021/13/3
f 7020/13/4 7024/13/4 7023/13/4 7019/13/4
f 7017/13/5 7021/13/5 7024/13/5 7020/13/5
f 7018/13/6 7019/13/6 7023/13/6 7022/13/6
f 7025/7/1 7028/7/1 7027/7/1 7026/7/1
f 7029/7/2 7030/7/2 7031/7/2 7032/7/2
f 7025/7/3 7026/7/3 7030/7/3 7029/7/3
f 7028/7/4 7032/7/4 7031/7/4 7027/7/4
f 7025/7/5 7029/7/5 7032/7/5 7028/7/5
f 7026/7/6 7027/7/6 7031/7/6 7030/7/6
f 7033/13/1 7036/13/1 7035/13/1 7034/13/1
f 7037/13/2 7038/13/2 7039/13/2 7040/13/2
f 7033/13/3 7034/13/3 7038/13/3 7037/13/3
f 7036/13/4 7040/13/4 7039/13/4 7035/13/4
f 7033/13/5 7037/13/5 7040/13/5 7036/13/5
f 7034/13/6 7035/13/6 7039/13/6 7038/13/6
f 7041/7/1 7044/7/1 7043/7/1 7042/7/1
f 7045/7/2 7046/7/2 7047/7/2 7048/7/2
f 7041/7/3 7042/7/3 7046/7/3 7045/7/3
f 7044/7/4 7048/7/4 7047/7/4 7043/7/4
f 7041/7/5 7045/7/5 7048/7/5 7044/7/5
f 7042/7/6 7043/7/6 7047/7/6 7046/7/6
f 7049/13/1 7052/13/1 7051/13/1 7050/13/1
f 7053/13/2 7054/13/2 7055/13/2 7056/13/2
f 7049/13/3 7050/13/3 7054/13/3 7053/13/3
f 7052/13/4 7056/13/4 7055/13/4 7051/13/4
f 7049/13/5 7053/13/5 7056/13/5 7052/13/5
f 7050/13/6 7051/13/6 7055/13/6 7054/13/6
f 7057/7/1 7060/7/1 7059/7/1 7058/7/1
f 7061/7/2 7062/7/2 7063/7/2 7064/7/2
f 7057/7/3 7058/7/3 7062/7/3 7061/7/3
f 7060/7/4 7064/7/4 7063/7/4 7059/7/4
f 7057/7/5 7061/7/5 7064/7/5 7060/7/5
f 7058/7/6 7059/7/6 7063/7/6 7062/7/6
f 7065/13/1 7068/13/1 7067/13/1 7066/13/1
f 7069/13/2 7070/13/2 7071/13/2 7072/13/2
f 7065/13/3 7066/13/3 7070/13/3 7069/13/3
f 7068/13/4 7072/13/4 7071/13/4 7067/13/4
f 7065/13/5 7069/13/5 7072/13/5 7068/13/5
f 7066/13/6 7067/13/6 7071/13/6 7070/13/6
f 7073/7/1 7076/7/1 7075/7/1 7074/7/1
f 7077/7/2 7078/7/2 7079/7/2 7080/7/2
f 7073/7/3 7074/7/3 7078/7/3 7077/7/3
f 7076/7/4 7080/7/4 7079/7/4 7075/7/4
f 7073/7/5 7077/7/5 7080/7/5 7076/7/5
f 7074/7/6 7075/7/6 7079/7/6 7078/7/6
f 7081/13/1 7084/13/1 7083/13/1 7082/13/1
f 7085/13/2 7086/13/2 7087/13/2 7088/13/2
f 7081/13/3 7082/13/3 7086/13/3 7085/13/3
f 7084/13/4 7088/13/4 7087/13/4 7083/13/4
f 7081/13/5 7085/13/5 7088/13/5 7084/13/5
f 7082/13/6 7083/13/6 7087/13/6 7086/13/6
f 7089/7/1 7092/7/1 7091/7/1 7090/7/1
f 7093/7/2 7094/7/2 7095/7/2 7096/7/2
f 7089/7/3 7090/7/3 7094/7/3 7093/7/3
f 7092/7/4 7096/7/4 7095/7/4 7091/7/4
f 7089/7/5 7093/7/5 7096/7/5 7092/7/5
f 7090/7/6 7091/7/6 7095/7/6 7094/7/6
f 7097/13/1 7100/13/1 7099/13/1 7098/13/1
f 7101/13/2 7102/13/2 7103/13/2 7104/13/2
f 7097/13/3 7098/13/3 7102/13/3 7101/13/3
f 7100/13/4 7104/13/4 7103/13/4 7099/13/4
f 7097/13/5 7101/13/5 7104/13/5 7100/13/5
f 7098/13/6 7099/13/6 7103/13/6 7102/13/6
f 7105/7/1 7108/7/1 7107/7/1 7106/7/1
f 7109/7/2 7110/7/2 7111/7/2 7112/7/2
f 7105/7/3 7106/7/3 7110/7/3 7109/7/3
f 7108/7/4 7112/7/4 7111/7/4 7107/7/4
f 7105/7/5 7109/7/5 7112/7/5 7108/7/5
f 7106/7/6 7107/7/6 7111/7/6 7110/7/6
f 7113/13/1 7116/13/1 7115/13/1 7114/13/1
f 7117/13/2 7118/13/2 7119/13/2 7120/13/2
f 7113/13/3 7114/13/3 7118/13/3 7117/13/3
f 7116/13/4 7120/13/4 7119/13/4 7115/13/4
f 7113/13/5 7117/13/5 7120/13/5 7116/13/5
f 7114/13/6 7115/13/6 7119/13/6 7118/13/6
f 7121/7/1 7124/7/1 7123/7/1 7122/7/1
f 7125/7/2 7126/7/2 7127/7/2 7128/7/2
f 7121/7/3 7122/7/3 7126/7/3 7125/7/3
f 7124/7/4 7128/7/4 7127/7/4 7123/7/4
f 7121/7/5 7125/7/5 7128/7/5 7124/7/5
f 7122/7/6 7123/7/6 7127/7/6 7126/7/6
f 7129/13/1 7132/13/1 7131/13/1 7130/13/1
f 7133/13/2 7134/13/2 7135/13/2 7136/13/2
f 7129/13/3 7130/13/3 7134/13/3 7133/13/3
f 7132/13/4 7136/13/4 7135/13/4 7131/13/4
f 7129/13/5 7133/13/5 7136/13/5 7132/13/5
f 7130/13/6 7131/13/6 7135/13/6 7134/13/6
f 7137/7/1 7140/7/1 7139/7/1 7138/7/1
f 7141/7/2 7142/7/2 7143/7/2 7144/7/2
f 7137/7/3 7138/7/3 7142/7/3 7141/7/3
f 7140/7/4 7144/7/4 7143/7/4 7139/7/4
f 7137/7/5 7141/7/5 7144/7/5 7140/7/5
f 7138/7/6 7139/7/6 7143/7/6 7142/7/6
f 7145/13/1 7148/13/1 7147/13/1 7146/13/1
f 7149/13/2 7150/13/2 7151/13/2 7152/13/2
f 7145/13/3 7146/13/3 7150/13/3 7149/13/3
f 7148/13/4 7152/13/4 7151/13/4 7147/13/4
f 7145/13/5 7149/13/5 7152/13/5 7148/13/5
f 7146/13/6 7147/13/6 7151/13/6 7150/13/6
f 7153/7/1 7156/7/1 7155/7/1 7154/7/1
f 7157/7/2 7158/7/2 7159/7/2 7160/7/2
f 7153/7/3 7154/7/3 7158/7/3 7157/7/3
f 7156/7/4 7160/7/4 7159/7/4 7155/7/4
f 7153/7/5 7157/7/5 7160/7/5 7156/7/5
f 7154/7/6 7155/7/6 7159/7/6 7158/7/6
f 7161/13/1 7164/13/1 7163/13/1 7162/13/1
f 7165/13/2 7166/13/2 7167/13/2 7168/13/2
f 7161/13/3 7162/13/3 7166/13/3 7165/13/3
f 7164/13/4 7168/13/4 7167/13/4 7163/13/4
f 7161/13/5 7165/13/5 7168/13/5 7164/13/5
f 7162/13/6 7163/13/6 7167/13/6 7166/13/6
f 7169/7/1 7172/7/1 7171/7/1 7170/7/1
f 7173/7/2 7174/7/2 7175/7/2 7176/7/2
f 7169/7/3 7170/7/3 7174/7/3 7173/7/3
f 7172/7/4 7176/7/4 7175/7/4 7171/7/4
f 7169/7/5 7173/7/5 7176/7/5 7172/7/5
f 7170/7/6 7171/7/6 7175/7/6 7174/7/6
f 7177/13/1 7180/13/1 7179/13/1 7178/13/1
f 7181/13/2 7182/13/2 7183/13/2 7184/13/2
f 7177/13/3 7178/13/3 7182/13/3 7181/13/3
f 7180/13/4 7184/13/4 7183/13/4 7179/13/4
f 7177/13/5 7181/13/5 7184/13/5 7180/13/5
f 7178/13/6 7179/13/6 7183/13/6 7182/13/6
o SHELL_ad
usemtl palette
f 7185/12/1 7188/12/1 7187/12/1 7186/12/1
f 7189/12/2 7190/12/2 7191/12/2 7192/12/2
f 7185/12/3 7186/12/3 7190/12/3 7189/12/3
f 7188/12/4 7192/12/4 7191/12/4 7187/12/4
f 7185/12/5 7189/12/5 7192/12/5 7188/12/5
f 7186/12/6 7187/12/6 7191/12/6 7190/12/6
f 7193/12/1 7196/12/1 7195/12/1 7194/12/1
f 7197/12/2 7198/12/2 7199/12/2 7200/12/2
f 7193/12/3 7194/12/3 7198/12/3 7197/12/3
f 7196/12/4 7200/12/4 7199/12/4 7195/12/4
f 7193/12/5 7197/12/5 7200/12/5 7196/12/5
f 7194/12/6 7195/12/6 7199/12/6 7198/12/6
f 7201/12/1 7204/12/1 7203/12/1 7202/12/1
f 7205/12/2 7206/12/2 7207/12/2 7208/12/2
f 7201/12/3 7202/12/3 7206/12/3 7205/12/3
f 7204/12/4 7208/12/4 7207/12/4 7203/12/4
f 7201/12/5 7205/12/5 7208/12/5 7204/12/5
f 7202/12/6 7203/12/6 7207/12/6 7206/12/6
f 7209/12/1 7212/12/1 7211/12/1 7210/12/1
f 7213/12/2 7214/12/2 7215/12/2 7216/12/2
f 7209/12/3 7210/12/3 7214/12/3 7213/12/3
f 7212/12/4 7216/12/4 7215/12/4 7211/12/4
f 7209/12/5 7213/12/5 7216/12/5 7212/12/5
f 7210/12/6 7211/12/6 7215/12/6 7214/12/6
f 7217/12/1 7220/12/1 7219/12/1 7218/12/1
f 7221/12/2 7222/12/2 7223/12/2 7224/12/2
f 7217/12/3 7218/12/3 7222/12/3 7221/12/3
f 7220/12/4 7224/12/4 7223/12/4 7219/12/4
f 7217/12/5 7221/12/5 7224/12/5 7220/12/5
f 7218/12/6 7219/12/6 7223/12/6 7222/12/6
f 7225/12/1 7228/12/1 7227/12/1 7226/12/1
f 7229/12/2 7230/12/2 7231/12/2 7232/12/2
f 7225/12/3 7226/12/3 7230/12/3 7229/12/3
f 7228/12/4 7232/12/4 7231/12/4 7227/12/4
f 7225/12/5 7229/12/5 7232/12/5 7228/12/5
f 7226/12/6 7227/12/6 7231/12/6 7230/12/6
f 7233/12/1 7236/12/1 7235/12/1 7234/12/1
f 7237/12/2 7238/12/2 7239/12/2 7240/12/2
f 7233/12/3 7234/12/3 7238/12/3 7237/12/3
f 7236/12/4 7240/12/4 7239/12/4 7235/12/4
f 7233/12/5 7237/12/5 7240/12/5 7236/12/5
f 7234/12/6 7235/12/6 7239/12/6 7238/12/6
f 7241/12/1 7244/12/1 7243/12/1 7242/12/1
f 7245/12/2 7246/12/2 7247/12/2 7248/12/2
f 7241/12/3 7242/12/3 7246/12/3 7245/12/3
f 7244/12/4 7248/12/4 7247/12/4 7243/12/4
f 7241/12/5 7245/12/5 7248/12/5 7244/12/5
f 7242/12/6 7243/12/6 7247/12/6 7246/12/6
o SEAT_5
usemtl palette
f 7249/48/1 7252/48/1 7251/48/1 7250/48/1
f 7253/48/2 7254/48/2 7255/48/2 7256/48/2
f 7249/48/3 7250/48/3 7254/48/3 7253/48/3
f 7252/48/4 7256/48/4 7255/48/4 7251/48/4
f 7249/48/5 7253/48/5 7256/48/5 7252/48/5
f 7250/48/6 7251/48/6 7255/48/6 7254/48/6
o SEAT_6
usemtl palette
f 7257/48/1 7260/48/1 7259/48/1 7258/48/1
f 7261/48/2 7262/48/2 7263/48/2 7264/48/2
f 7257/48/3 7258/48/3 7262/48/3 7261/48/3
f 7260/48/4 7264/48/4 7263/48/4 7259/48/4
f 7257/48/5 7261/48/5 7264/48/5 7260/48/5
f 7258/48/6 7259/48/6 7263/48/6 7262/48/6
o SEAT_7
usemtl palette
f 7265/16/1 7268/16/1 7267/16/1 7266/16/1
f 7269/16/2 7270/16/2 7271/16/2 7272/16/2
f 7265/16/3 7266/16/3 7270/16/3 7269/16/3
f 7268/16/4 7272/16/4 7271/16/4 7267/16/4
f 7265/16/5 7269/16/5 7272/16/5 7268/16/5
f 7266/16/6 7267/16/6 7271/16/6 7270/16/6
o SEAT_8
usemtl palette
f 7273/16/1 7276/16/1 7275/16/1 7274/16/1
f 7277/16/2 7278/16/2 7279/16/2 7280/16/2
f 7273/16/3 7274/16/3 7278/16/3 7277/16/3
f 7276/16/4 7280/16/4 7279/16/4 7275/16/4
f 7273/16/5 7277/16/5 7280/16/5 7276/16/5
f 7274/16/6 7275/16/6 7279/16/6 7278/16/6
o SEAT_9
usemtl palette
f 7281/16/1 7284/16/1 7283/16/1 7282/16/1
f 7285/16/2 7286/16/2 7287/16/2 7288/16/2
f 7281/16/3 7282/16/3 7286/16/3 7285/16/3
f 7284/16/4 7288/16/4 7287/16/4 7283/16/4
f 7281/16/5 7285/16/5 7288/16/5 7284/16/5
f 7282/16/6 7283/16/6 7287/16/6 7286/16/6
o SEAT_10
usemtl palette
f 7289/16/1 7292/16/1 7291/16/1 7290/16/1
f 7293/16/2 7294/16/2 7295/16/2 7296/16/2
f 7289/16/3 7290/16/3 7294/16/3 7293/16/3
f 7292/16/4 7296/16/4 7295/16/4 7291/16/4
f 7289/16/5 7293/16/5 7296/16/5 7292/16/5
f 7290/16/6 7291/16/6 7295/16/6 7294/16/6
o SEAT_11
usemtl palette
f 7297/16/1 7300/16/1 7299/16/1 7298/16/1
f 7301/16/2 7302/16/2 7303/16/2 7304/16/2
f 7297/16/3 7298/16/3 7302/16/3 7301/16/3
f 7300/16/4 7304/16/4 7303/16/4 7299/16/4
f 7297/16/5 7301/16/5 7304/16/5 7300/16/5
f 7298/16/6 7299/16/6 7303/16/6 7302/16/6
o SEAT_12
usemtl palette
f 7305/16/1 7308/16/1 7307/16/1 7306/16/1
f 7309/16/2 7310/16/2 7311/16/2 7312/16/2
f 7305/16/3 7306/16/3 7310/16/3 7309/16/3
f 7308/16/4 7312/16/4 7311/16/4 7307/16/4
f 7305/16/5 7309/16/5 7312/16/5 7308/16/5
f 7306/16/6 7307/16/6 7311/16/6 7310/16/6
o SEAT_13
usemtl palette
f 7313/16/1 7316/16/1 7315/16/1 7314/16/1
f 7317/16/2 7318/16/2 7319/16/2 7320/16/2
f 7313/16/3 7314/16/3 7318/16/3 7317/16/3
f 7316/16/4 7320/16/4 7319/16/4 7315/16/4
f 7313/16/5 7317/16/5 7320/16/5 7316/16/5
f 7314/16/6 7315/16/6 7319/16/6 7318/16/6
o SEAT_14
usemtl palette
f 7321/16/1 7324/16/1 7323/16/1 7322/16/1
f 7325/16/2 7326/16/2 7327/16/2 7328/16/2
f 7321/16/3 7322/16/3 7326/16/3 7325/16/3
f 7324/16/4 7328/16/4 7327/16/4 7323/16/4
f 7321/16/5 7325/16/5 7328/16/5 7324/16/5
f 7322/16/6 7323/16/6 7327/16/6 7326/16/6
o SEAT_15
usemtl palette
f 7329/16/1 7332/16/1 7331/16/1 7330/16/1
f 7333/16/2 7334/16/2 7335/16/2 7336/16/2
f 7329/16/3 7330/16/3 7334/16/3 7333/16/3
f 7332/16/4 7336/16/4 7335/16/4 7331/16/4
f 7329/16/5 7333/16/5 7336/16/5 7332/16/5
f 7330/16/6 7331/16/6 7335/16/6 7334/16/6
o SEAT_16
usemtl palette
f 7337/16/1 7340/16/1 7339/16/1 7338/16/1
f 7341/16/2 7342/16/2 7343/16/2 7344/16/2
f 7337/16/3 7338/16/3 7342/16/3 7341/16/3
f 7340/16/4 7344/16/4 7343/16/4 7339/16/4
f 7337/16/5 7341/16/5 7344/16/5 7340/16/5
f 7338/16/6 7339/16/6 7343/16/6 7342/16/6
o SEAT_17
usemtl palette
f 7345/16/1 7348/16/1 7347/16/1 7346/16/1
f 7349/16/2 7350/16/2 7351/16/2 7352/16/2
f 7345/16/3 7346/16/3 7350/16/3 7349/16/3
f 7348/16/4 7352/16/4 7351/16/4 7347/16/4
f 7345/16/5 7349/16/5 7352/16/5 7348/16/5
f 7346/16/6 7347/16/6 7351/16/6 7350/16/6
o SEAT_18
usemtl palette
f 7353/16/1 7356/16/1 7355/16/1 7354/16/1
f 7357/16/2 7358/16/2 7359/16/2 7360/16/2
f 7353/16/3 7354/16/3 7358/16/3 7357/16/3
f 7356/16/4 7360/16/4 7359/16/4 7355/16/4
f 7353/16/5 7357/16/5 7360/16/5 7356/16/5
f 7354/16/6 7355/16/6 7359/16/6 7358/16/6
o SEAT_19
usemtl palette
f 7361/16/1 7364/16/1 7363/16/1 7362/16/1
f 7365/16/2 7366/16/2 7367/16/2 7368/16/2
f 7361/16/3 7362/16/3 7366/16/3 7365/16/3
f 7364/16/4 7368/16/4 7367/16/4 7363/16/4
f 7361/16/5 7365/16/5 7368/16/5 7364/16/5
f 7362/16/6 7363/16/6 7367/16/6 7366/16/6
o SEAT_20
usemtl palette
f 7369/16/1 7372/16/1 7371/16/1 7370/16/1
f 7373/16/2 7374/16/2 7375/16/2 7376/16/2
f 7369/16/3 7370/16/3 7374/16/3 7373/16/3
f 7372/16/4 7376/16/4 7375/16/4 7371/16/4
f 7369/16/5 7373/16/5 7376/16/5 7372/16/5
f 7370/16/6 7371/16/6 7375/16/6 7374/16/6
o SEAT_21
usemtl palette
f 7377/16/1 7380/16/1 7379/16/1 7378/16/1
f 7381/16/2 7382/16/2 7383/16/2 7384/16/2
f 7377/16/3 7378/16/3 7382/16/3 7381/16/3
f 7380/16/4 7384/16/4 7383/16/4 7379/16/4
f 7377/16/5 7381/16/5 7384/16/5 7380/16/5
f 7378/16/6 7379/16/6 7383/16/6 7382/16/6
o SEAT_22
usemtl palette
f 7385/16/1 7388/16/1 7387/16/1 7386/16/1
f 7389/16/2 7390/16/2 7391/16/2 7392/16/2
f 7385/16/3 7386/16/3 7390/16/3 7389/16/3
f 7388/16/4 7392/16/4 7391/16/4 7387/16/4
f 7385/16/5 7389/16/5 7392/16/5 7388/16/5
f 7386/16/6 7387/16/6 7391/16/6 7390/16/6
o SEAT_23
usemtl palette
f 7393/16/1 7396/16/1 7395/16/1 7394/16/1
f 7397/16/2 7398/16/2 7399/16/2 7400/16/2
f 7393/16/3 7394/16/3 7398/16/3 7397/16/3
f 7396/16/4 7400/16/4 7399/16/4 7395/16/4
f 7393/16/5 7397/16/5 7400/16/5 7396/16/5
f 7394/16/6 7395/16/6 7399/16/6 7398/16/6
o SEAT_24
usemtl palette
f 7401/16/1 7404/16/1 7403/16/1 7402/16/1
f 7405/16/2 7406/16/2 7407/16/2 7408/16/2
f 7401/16/3 7402/16/3 7406/16/3 7405/16/3
f 7404/16/4 7408/16/4 7407/16/4 7403/16/4
f 7401/16/5 7405/16/5 7408/16/5 7404/16/5
f 7402/16/6 7403/16/6 7407/16/6 7406/16/6
o SEAT_25
usemtl palette
f 7409/16/1 7412/16/1 7411/16/1 7410/16/1
f 7413/16/2 7414/16/2 7415/16/2 7416/16/2
f 7409/16/3 7410/16/3 7414/16/3 7413/16/3
f 7412/16/4 7416/16/4 7415/16/4 7411/16/4
f 7409/16/5 7413/16/5 7416/16/5 7412/16/5
f 7410/16/6 7411/16/6 7415/16/6 7414/16/6
o SEAT_26
usemtl palette
f 7417/16/1 7420/16/1 7419/16/1 7418/16/1
f 7421/16/2 7422/16/2 7423/16/2 7424/16/2
f 7417/16/3 7418/16/3 7422/16/3 7421/16/3
f 7420/16/4 7424/16/4 7423/16/4 7419/16/4
f 7417/16/5 7421/16/5 7424/16/5 7420/16/5
f 7418/16/6 7419/16/6 7423/16/6 7422/16/6
o SEAT_27
usemtl palette
f 7425/48/1 7428/48/1 7427/48/1 7426/48/1
f 7429/48/2 7430/48/2 7431/48/2 7432/48/2
f 7425/48/3 7426/48/3 7430/48/3 7429/48/3
f 7428/48/4 7432/48/4 7431/48/4 7427/48/4
f 7425/48/5 7429/48/5 7432/48/5 7428/48/5
f 7426/48/6 7427/48/6 7431/48/6 7430/48/6
o SEAT_28
usemtl palette
f 7433/48/1 7436/48/1 7435/48/1 7434/48/1
f 7437/48/2 7438/48/2 7439/48/2 7440/48/2
f 7433/48/3 7434/48/3 7438/48/3 7437/48/3
f 7436/48/4 7440/48/4 7439/48/4 7435/48/4
f 7433/48/5 7437/48/5 7440/48/5 7436/48/5
f 7434/48/6 7435/48/6 7439/48/6 7438/48/6
o SEAT_29
usemtl palette
f 7441/16/1 7444/16/1 7443/16/1 7442/16/1
f 7445/16/2 7446/16/2 7447/16/2 7448/16/2
f 7441/16/3 7442/16/3 7446/16/3 7445/16/3
f 7444/16/4 7448/16/4 7447/16/4 7443/16/4
f 7441/16/5 7445/16/5 7448/16/5 7444/16/5
f 7442/16/6 7443/16/6 7447/16/6 7446/16/6
o SEAT_30
usemtl palette
f 7449/16/1 7452/16/1 7451/16/1 7450/16/1
f 7453/16/2 7454/16/2 7455/16/2 7456/16/2
f 7449/16/3 7450/16/3 7454/16/3 7453/16/3
f 7452/16/4 7456/16/4 7455/16/4 7451/16/4
f 7449/16/5 7453/16/5 7456/16/5 7452/16/5
f 7450/16/6 7451/16/6 7455/16/6 7454/16/6
o SEAT_31
usemtl palette
f 7457/48/1 7460/48/1 7459/48/1 7458/48/1
f 7461/48/2 7462/48/2 7463/48/2 7464/48/2
f 7457/48/3 7458/48/3 7462/48/3 7461/48/3
f 7460/48/4 7464/48/4 7463/48/4 7459/48/4
f 7457/48/5 7461/48/5 7464/48/5 7460/48/5
f 7458/48/6 7459/48/6 7463/48/6 7462/48/6
o SEAT_32
usemtl palette
f 7465/48/1 7468/48/1 7467/48/1 7466/48/1
f 7469/48/2 7470/48/2 7471/48/2 7472/48/2
f 7465/48/3 7466/48/3 7470/48/3 7469/48/3
f 7468/48/4 7472/48/4 7471/48/4 7467/48/4
f 7465/48/5 7469/48/5 7472/48/5 7468/48/5
f 7466/48/6 7467/48/6 7471/48/6 7470/48/6
o SHELL_pole
usemtl palette
f 7473/6/1 7476/6/1 7475/6/1 7474/6/1
f 7477/6/2 7478/6/2 7479/6/2 7480/6/2
f 7473/6/3 7474/6/3 7478/6/3 7477/6/3
f 7476/6/4 7480/6/4 7479/6/4 7475/6/4
f 7473/6/5 7477/6/5 7480/6/5 7476/6/5
f 7474/6/6 7475/6/6 7479/6/6 7478/6/6
f 7481/6/1 7484/6/1 7483/6/1 7482/6/1
f 7485/6/2 7486/6/2 7487/6/2 7488/6/2
f 7481/6/3 7482/6/3 7486/6/3 7485/6/3
f 7484/6/4 7488/6/4 7487/6/4 7483/6/4
f 7481/6/5 7485/6/5 7488/6/5 7484/6/5
f 7482/6/6 7483/6/6 7487/6/6 7486/6/6
f 7489/6/1 7492/6/1 7491/6/1 7490/6/1
f 7493/6/2 7494/6/2 7495/6/2 7496/6/2
f 7489/6/3 7490/6/3 7494/6/3 7493/6/3
f 7492/6/4 7496/6/4 7495/6/4 7491/6/4
f 7489/6/5 7493/6/5 7496/6/5 7492/6/5
f 7490/6/6 7491/6/6 7495/6/6 7494/6/6
f 7497/6/1 7500/6/1 7499/6/1 7498/6/1
f 7501/6/2 7502/6/2 7503/6/2 7504/6/2
f 7497/6/3 7498/6/3 7502/6/3 7501/6/3
f 7500/6/4 7504/6/4 7503/6/4 7499/6/4
f 7497/6/5 7501/6/5 7504/6/5 7500/6/5
f 7498/6/6 7499/6/6 7503/6/6 7502/6/6
f 7505/6/1 7508/6/1 7507/6/1 7506/6/1
f 7509/6/2 7510/6/2 7511/6/2 7512/6/2
f 7505/6/3 7506/6/3 7510/6/3 7509/6/3
f 7508/6/4 7512/6/4 7511/6/4 7507/6/4
f 7505/6/5 7509/6/5 7512/6/5 7508/6/5
f 7506/6/6 7507/6/6 7511/6/6 7510/6/6
f 7513/6/1 7516/6/1 7515/6/1 7514/6/1
f 7517/6/2 7518/6/2 7519/6/2 7520/6/2
f 7513/6/3 7514/6/3 7518/6/3 7517/6/3
f 7516/6/4 7520/6/4 7519/6/4 7515/6/4
f 7513/6/5 7517/6/5 7520/6/5 7516/6/5
f 7514/6/6 7515/6/6 7519/6/6 7518/6/6
f 7521/6/1 7524/6/1 7523/6/1 7522/6/1
f 7525/6/2 7526/6/2 7527/6/2 7528/6/2
f 7521/6/3 7522/6/3 7526/6/3 7525/6/3
f 7524/6/4 7528/6/4 7527/6/4 7523/6/4
f 7521/6/5 7525/6/5 7528/6/5 7524/6/5
f 7522/6/6 7523/6/6 7527/6/6 7526/6/6
f 7529/6/1 7532/6/1 7531/6/1 7530/6/1
f 7533/6/2 7534/6/2 7535/6/2 7536/6/2
f 7529/6/3 7530/6/3 7534/6/3 7533/6/3
f 7532/6/4 7536/6/4 7535/6/4 7531/6/4
f 7529/6/5 7533/6/5 7536/6/5 7532/6/5
f 7530/6/6 7531/6/6 7535/6/6 7534/6/6
f 7537/6/1 7540/6/1 7539/6/1 7538/6/1
f 7541/6/2 7542/6/2 7543/6/2 7544/6/2
f 7537/6/3 7538/6/3 7542/6/3 7541/6/3
f 7540/6/4 7544/6/4 7543/6/4 7539/6/4
f 7537/6/5 7541/6/5 7544/6/5 7540/6/5
f 7538/6/6 7539/6/6 7543/6/6 7542/6/6
f 7545/6/1 7548/6/1 7547/6/1 7546/6/1
f 7549/6/2 7550/6/2 7551/6/2 7552/6/2
f 7545/6/3 7546/6/3 7550/6/3 7549/6/3
f 7548/6/4 7552/6/4 7551/6/4 7547/6/4
f 7545/6/5 7549/6/5 7552/6/5 7548/6/5
f 7546/6/6 7547/6/6 7551/6/6 7550/6/6
f 7553/6/1 7556/6/1 7555/6/1 7554/6/1
f 7557/6/2 7558/6/2 7559/6/2 7560/6/2
f 7553/6/3 7554/6/3 7558/6/3 7557/6/3
f 7556/6/4 7560/6/4 7559/6/4 7555/6/4
f 7553/6/5 7557/6/5 7560/6/5 7556/6/5
f 7554/6/6 7555/6/6 7559/6/6 7558/6/6
f 7561/6/1 7564/6/1 7563/6/1 7562/6/1
f 7565/6/2 7566/6/2 7567/6/2 7568/6/2
f 7561/6/3 7562/6/3 7566/6/3 7565/6/3
f 7564/6/4 7568/6/4 7567/6/4 7563/6/4
f 7561/6/5 7565/6/5 7568/6/5 7564/6/5
f 7562/6/6 7563/6/6 7567/6/6 7566/6/6
f 7569/6/1 7572/6/1 7571/6/1 7570/6/1
f 7573/6/2 7574/6/2 7575/6/2 7576/6/2
f 7569/6/3 7570/6/3 7574/6/3 7573/6/3
f 7572/6/4 7576/6/4 7575/6/4 7571/6/4
f 7569/6/5 7573/6/5 7576/6/5 7572/6/5
f 7570/6/6 7571/6/6 7575/6/6 7574/6/6
f 7577/6/1 7580/6/1 7579/6/1 7578/6/1
f 7581/6/2 7582/6/2 7583/6/2 7584/6/2
f 7577/6/3 7578/6/3 7582/6/3 7581/6/3
f 7580/6/4 7584/6/4 7583/6/4 7579/6/4
f 7577/6/5 7581/6/5 7584/6/5 7580/6/5
f 7578/6/6 7579/6/6 7583/6/6 7582/6/6
f 7585/6/1 7588/6/1 7587/6/1 7586/6/1
f 7589/6/2 7590/6/2 7591/6/2 7592/6/2
f 7585/6/3 7586/6/3 7590/6/3 7589/6/3
f 7588/6/4 7592/6/4 7591/6/4 7587/6/4
f 7585/6/5 7589/6/5 7592/6/5 7588/6/5
f 7586/6/6 7587/6/6 7591/6/6 7590/6/6
o SHELL_ceil
usemtl palette
f 7593/19/1 7596/19/1 7595/19/1 7594/19/1
f 7597/19/2 7598/19/2 7599/19/2 7600/19/2
f 7593/19/3 7594/19/3 7598/19/3 7597/19/3
f 7596/19/4 7600/19/4 7599/19/4 7595/19/4
f 7593/19/5 7597/19/5 7600/19/5 7596/19/5
f 7594/19/6 7595/19/6 7599/19/6 7598/19/6
f 7601/30/1 7604/30/1 7603/30/1 7602/30/1
f 7605/30/2 7606/30/2 7607/30/2 7608/30/2
f 7601/30/3 7602/30/3 7606/30/3 7605/30/3
f 7604/30/4 7608/30/4 7607/30/4 7603/30/4
f 7601/30/5 7605/30/5 7608/30/5 7604/30/5
f 7602/30/6 7603/30/6 7607/30/6 7606/30/6
f 7609/30/1 7612/30/1 7611/30/1 7610/30/1
f 7613/30/2 7614/30/2 7615/30/2 7616/30/2
f 7609/30/3 7610/30/3 7614/30/3 7613/30/3
f 7612/30/4 7616/30/4 7615/30/4 7611/30/4
f 7609/30/5 7613/30/5 7616/30/5 7612/30/5
f 7610/30/6 7611/30/6 7615/30/6 7614/30/6
f 7617/30/1 7620/30/1 7619/30/1 7618/30/1
f 7621/30/2 7622/30/2 7623/30/2 7624/30/2
f 7617/30/3 7618/30/3 7622/30/3 7621/30/3
f 7620/30/4 7624/30/4 7623/30/4 7619/30/4
f 7617/30/5 7621/30/5 7624/30/5 7620/30/5
f 7618/30/6 7619/30/6 7623/30/6 7622/30/6
f 7625/30/1 7628/30/1 7627/30/1 7626/30/1
f 7629/30/2 7630/30/2 7631/30/2 7632/30/2
f 7625/30/3 7626/30/3 7630/30/3 7629/30/3
f 7628/30/4 7632/30/4 7631/30/4 7627/30/4
f 7625/30/5 7629/30/5 7632/30/5 7628/30/5
f 7626/30/6 7627/30/6 7631/30/6 7630/30/6
f 7633/30/1 7636/30/1 7635/30/1 7634/30/1
f 7637/30/2 7638/30/2 7639/30/2 7640/30/2
f 7633/30/3 7634/30/3 7638/30/3 7637/30/3
f 7636/30/4 7640/30/4 7639/30/4 7635/30/4
f 7633/30/5 7637/30/5 7640/30/5 7636/30/5
f 7634/30/6 7635/30/6 7639/30/6 7638/30/6
f 7641/19/1 7644/19/1 7643/19/1 7642/19/1
f 7645/19/2 7646/19/2 7647/19/2 7648/19/2
f 7641/19/3 7642/19/3 7646/19/3 7645/19/3
f 7644/19/4 7648/19/4 7647/19/4 7643/19/4
f 7641/19/5 7645/19/5 7648/19/5 7644/19/5
f 7642/19/6 7643/19/6 7647/19/6 7646/19/6
f 7649/30/1 7652/30/1 7651/30/1 7650/30/1
f 7653/30/2 7654/30/2 7655/30/2 7656/30/2
f 7649/30/3 7650/30/3 7654/30/3 7653/30/3
f 7652/30/4 7656/30/4 7655/30/4 7651/30/4
f 7649/30/5 7653/30/5 7656/30/5 7652/30/5
f 7650/30/6 7651/30/6 7655/30/6 7654/30/6
f 7657/30/1 7660/30/1 7659/30/1 7658/30/1
f 7661/30/2 7662/30/2 7663/30/2 7664/30/2
f 7657/30/3 7658/30/3 7662/30/3 7661/30/3
f 7660/30/4 7664/30/4 7663/30/4 7659/30/4
f 7657/30/5 7661/30/5 7664/30/5 7660/30/5
f 7658/30/6 7659/30/6 7663/30/6 7662/30/6
f 7665/30/1 7668/30/1 7667/30/1 7666/30/1
f 7669/30/2 7670/30/2 7671/30/2 7672/30/2
f 7665/30/3 7666/30/3 7670/30/3 7669/30/3
f 7668/30/4 7672/30/4 7671/30/4 7667/30/4
f 7665/30/5 7669/30/5 7672/30/5 7668/30/5
f 7666/30/6 7667/30/6 7671/30/6 7670/30/6
f 7673/30/1 7676/30/1 7675/30/1 7674/30/1
f 7677/30/2 7678/30/2 7679/30/2 7680/30/2
f 7673/30/3 7674/30/3 7678/30/3 7677/30/3
f 7676/30/4 7680/30/4 7679/30/4 7675/30/4
f 7673/30/5 7677/30/5 7680/30/5 7676/30/5
f 7674/30/6 7675/30/6 7679/30/6 7678/30/6
f 7681/50/1 7684/50/1 7683/50/1 7682/50/1
f 7685/50/2 7686/50/2 7687/50/2 7688/50/2
f 7681/50/3 7682/50/3 7686/50/3 7685/50/3
f 7684/50/4 7688/50/4 7687/50/4 7683/50/4
f 7681/50/5 7685/50/5 7688/50/5 7684/50/5
f 7682/50/6 7683/50/6 7687/50/6 7686/50/6
f 7689/19/1 7692/19/1 7691/19/1 7690/19/1
f 7693/19/2 7694/19/2 7695/19/2 7696/19/2
f 7689/19/3 7690/19/3 7694/19/3 7693/19/3
f 7692/19/4 7696/19/4 7695/19/4 7691/19/4
f 7689/19/5 7693/19/5 7696/19/5 7692/19/5
f 7690/19/6 7691/19/6 7695/19/6 7694/19/6
f 7697/30/1 7700/30/1 7699/30/1 7698/30/1
f 7701/30/2 7702/30/2 7703/30/2 7704/30/2
f 7697/30/3 7698/30/3 7702/30/3 7701/30/3
f 7700/30/4 7704/30/4 7703/30/4 7699/30/4
f 7697/30/5 7701/30/5 7704/30/5 7700/30/5
f 7698/30/6 7699/30/6 7703/30/6 7702/30/6
f 7705/30/1 7708/30/1 7707/30/1 7706/30/1
f 7709/30/2 7710/30/2 7711/30/2 7712/30/2
f 7705/30/3 7706/30/3 7710/30/3 7709/30/3
f 7708/30/4 7712/30/4 7711/30/4 7707/30/4
f 7705/30/5 7709/30/5 7712/30/5 7708/30/5
f 7706/30/6 7707/30/6 7711/30/6 7710/30/6
f 7713/30/1 7716/30/1 7715/30/1 7714/30/1
f 7717/30/2 7718/30/2 7719/30/2 7720/30/2
f 7713/30/3 7714/30/3 7718/30/3 7717/30/3
f 7716/30/4 7720/30/4 7719/30/4 7715/30/4
f 7713/30/5 7717/30/5 7720/30/5 7716/30/5
f 7714/30/6 7715/30/6 7719/30/6 7718/30/6
f 7721/30/1 7724/30/1 7723/30/1 7722/30/1
f 7725/30/2 7726/30/2 7727/30/2 7728/30/2
f 7721/30/3 7722/30/3 7726/30/3 7725/30/3
f 7724/30/4 7728/30/4 7727/30/4 7723/30/4
f 7721/30/5 7725/30/5 7728/30/5 7724/30/5
f 7722/30/6 7723/30/6 7727/30/6 7726/30/6
f 7729/30/1 7732/30/1 7731/30/1 7730/30/1
f 7733/30/2 7734/30/2 7735/30/2 7736/30/2
f 7729/30/3 7730/30/3 7734/30/3 7733/30/3
f 7732/30/4 7736/30/4 7735/30/4 7731/30/4
f 7729/30/5 7733/30/5 7736/30/5 7732/30/5
f 7730/30/6 7731/30/6 7735/30/6 7734/30/6
f 7737/19/1 7740/19/1 7739/19/1 7738/19/1
f 7741/19/2 7742/19/2 7743/19/2 7744/19/2
f 7737/19/3 7738/19/3 7742/19/3 7741/19/3
f 7740/19/4 7744/19/4 7743/19/4 7739/19/4
f 7737/19/5 7741/19/5 7744/19/5 7740/19/5
f 7738/19/6 7739/19/6 7743/19/6 7742/19/6
f 7745/30/1 7748/30/1 7747/30/1 7746/30/1
f 7749/30/2 7750/30/2 7751/30/2 7752/30/2
f 7745/30/3 7746/30/3 7750/30/3 7749/30/3
f 7748/30/4 7752/30/4 7751/30/4 7747/30/4
f 7745/30/5 7749/30/5 7752/30/5 7748/30/5
f 7746/30/6 7747/30/6 7751/30/6 7750/30/6
f 7753/30/1 7756/30/1 7755/30/1 7754/30/1
f 7757/30/2 7758/30/2 7759/30/2 7760/30/2
f 7753/30/3 7754/30/3 7758/30/3 7757/30/3
f 7756/30/4 7760/30/4 7759/30/4 7755/30/4
f 7753/30/5 7757/30/5 7760/30/5 7756/30/5
f 7754/30/6 7755/30/6 7759/30/6 7758/30/6
f 7761/30/1 7764/30/1 7763/30/1 7762/30/1
f 7765/30/2 7766/30/2 7767/30/2 7768/30/2
f 7761/30/3 7762/30/3 7766/30/3 7765/30/3
f 7764/30/4 7768/30/4 7767/30/4 7763/30/4
f 7761/30/5 7765/30/5 7768/30/5 7764/30/5
f 7762/30/6 7763/30/6 7767/30/6 7766/30/6
f 7769/30/1 7772/30/1 7771/30/1 7770/30/1
f 7773/30/2 7774/30/2 7775/30/2 7776/30/2
f 7769/30/3 7770/30/3 7774/30/3 7773/30/3
f 7772/30/4 7776/30/4 7775/30/4 7771/30/4
f 7769/30/5 7773/30/5 7776/30/5 7772/30/5
f 7770/30/6 7771/30/6 7775/30/6 7774/30/6
f 7777/19/1 7780/19/1 7779/19/1 7778/19/1
f 7781/19/2 7782/19/2 7783/19/2 7784/19/2
f 7777/19/3 7778/19/3 7782/19/3 7781/19/3
f 7780/19/4 7784/19/4 7783/19/4 7779/19/4
f 7777/19/5 7781/19/5 7784/19/5 7780/19/5
f 7778/19/6 7779/19/6 7783/19/6 7782/19/6
f 7785/30/1 7788/30/1 7787/30/1 7786/30/1
f 7789/30/2 7790/30/2 7791/30/2 7792/30/2
f 7785/30/3 7786/30/3 7790/30/3 7789/30/3
f 7788/30/4 7792/30/4 7791/30/4 7787/30/4
f 7785/30/5 7789/30/5 7792/30/5 7788/30/5
f 7786/30/6 7787/30/6 7791/30/6 7790/30/6
f 7793/30/1 7796/30/1 7795/30/1 7794/30/1
f 7797/30/2 7798/30/2 7799/30/2 7800/30/2
f 7793/30/3 7794/30/3 7798/30/3 7797/30/3
f 7796/30/4 7800/30/4 7799/30/4 7795/30/4
f 7793/30/5 7797/30/5 7800/30/5 7796/30/5
f 7794/30/6 7795/30/6 7799/30/6 7798/30/6
f 7801/30/1 7804/30/1 7803/30/1 7802/30/1
f 7805/30/2 7806/30/2 7807/30/2 7808/30/2
f 7801/30/3 7802/30/3 7806/30/3 7805/30/3
f 7804/30/4 7808/30/4 7807/30/4 7803/30/4
f 7801/30/5 7805/30/5 7808/30/5 7804/30/5
f 7802/30/6 7803/30/6 7807/30/6 7806/30/6
f 7809/30/1 7812/30/1 7811/30/1 7810/30/1
f 7813/30/2 7814/30/2 7815/30/2 7816/30/2
f 7809/30/3 7810/30/3 7814/30/3 7813/30/3
f 7812/30/4 7816/30/4 7815/30/4 7811/30/4
f 7809/30/5 7813/30/5 7816/30/5 7812/30/5
f 7810/30/6 7811/30/6 7815/30/6 7814/30/6
f 7817/50/1 7820/50/1 7819/50/1 7818/50/1
f 7821/50/2 7822/50/2 7823/50/2 7824/50/2
f 7817/50/3 7818/50/3 7822/50/3 7821/50/3
f 7820/50/4 7824/50/4 7823/50/4 7819/50/4
f 7817/50/5 7821/50/5 7824/50/5 7820/50/5
f 7818/50/6 7819/50/6 7823/50/6 7822/50/6
f 7825/30/1 7828/30/1 7827/30/1 7826/30/1
f 7829/30/2 7830/30/2 7831/30/2 7832/30/2
f 7825/30/3 7826/30/3 7830/30/3 7829/30/3
f 7828/30/4 7832/30/4 7831/30/4 7827/30/4
f 7825/30/5 7829/30/5 7832/30/5 7828/30/5
f 7826/30/6 7827/30/6 7831/30/6 7830/30/6
f 7833/19/1 7836/19/1 7835/19/1 7834/19/1
f 7837/19/2 7838/19/2 7839/19/2 7840/19/2
f 7833/19/3 7834/19/3 7838/19/3 7837/19/3
f 7836/19/4 7840/19/4 7839/19/4 7835/19/4
f 7833/19/5 7837/19/5 7840/19/5 7836/19/5
f 7834/19/6 7835/19/6 7839/19/6 7838/19/6
f 7841/30/1 7844/30/1 7843/30/1 7842/30/1
f 7845/30/2 7846/30/2 7847/30/2 7848/30/2
f 7841/30/3 7842/30/3 7846/30/3 7845/30/3
f 7844/30/4 7848/30/4 7847/30/4 7843/30/4
f 7841/30/5 7845/30/5 7848/30/5 7844/30/5
f 7842/30/6 7843/30/6 7847/30/6 7846/30/6
f 7849/30/1 7852/30/1 7851/30/1 7850/30/1
f 7853/30/2 7854/30/2 7855/30/2 7856/30/2
f 7849/30/3 7850/30/3 7854/30/3 7853/30/3
f 7852/30/4 7856/30/4 7855/30/4 7851/30/4
f 7849/30/5 7853/30/5 7856/30/5 7852/30/5
f 7850/30/6 7851/30/6 7855/30/6 7854/30/6
f 7857/30/1 7860/30/1 7859/30/1 7858/30/1
f 7861/30/2 7862/30/2 7863/30/2 7864/30/2
f 7857/30/3 7858/30/3 7862/30/3 7861/30/3
f 7860/30/4 7864/30/4 7863/30/4 7859/30/4
f 7857/30/5 7861/30/5 7864/30/5 7860/30/5
f 7858/30/6 7859/30/6 7863/30/6 7862/30/6
f 7865/30/1 7868/30/1 7867/30/1 7866/30/1
f 7869/30/2 7870/30/2 7871/30/2 7872/30/2
f 7865/30/3 7866/30/3 7870/30/3 7869/30/3
f 7868/30/4 7872/30/4 7871/30/4 7867/30/4
f 7865/30/5 7869/30/5 7872/30/5 7868/30/5
f 7866/30/6 7867/30/6 7871/30/6 7870/30/6
f 7873/19/1 7876/19/1 7875/19/1 7874/19/1
f 7877/19/2 7878/19/2 7879/19/2 7880/19/2
f 7873/19/3 7874/19/3 7878/19/3 7877/19/3
f 7876/19/4 7880/19/4 7879/19/4 7875/19/4
f 7873/19/5 7877/19/5 7880/19/5 7876/19/5
f 7874/19/6 7875/19/6 7879/19/6 7878/19/6
f 7881/30/1 7884/30/1 7883/30/1 7882/30/1
f 7885/30/2 7886/30/2 7887/30/2 7888/30/2
f 7881/30/3 7882/30/3 7886/30/3 7885/30/3
f 7884/30/4 7888/30/4 7887/30/4 7883/30/4
f 7881/30/5 7885/30/5 7888/30/5 7884/30/5
f 7882/30/6 7883/30/6 7887/30/6 7886/30/6
f 7889/30/1 7892/30/1 7891/30/1 7890/30/1
f 7893/30/2 7894/30/2 7895/30/2 7896/30/2
f 7889/30/3 7890/30/3 7894/30/3 7893/30/3
f 7892/30/4 7896/30/4 7895/30/4 7891/30/4
f 7889/30/5 7893/30/5 7896/30/5 7892/30/5
f 7890/30/6 7891/30/6 7895/30/6 7894/30/6
f 7897/30/1 7900/30/1 7899/30/1 7898/30/1
f 7901/30/2 7902/30/2 7903/30/2 7904/30/2
f 7897/30/3 7898/30/3 7902/30/3 7901/30/3
f 7900/30/4 7904/30/4 7903/30/4 7899/30/4
f 7897/30/5 7901/30/5 7904/30/5 7900/30/5
f 7898/30/6 7899/30/6 7903/30/6 7902/30/6
f 7905/30/1 7908/30/1 7907/30/1 7906/30/1
f 7909/30/2 7910/30/2 7911/30/2 7912/30/2
f 7905/30/3 7906/30/3 7910/30/3 7909/30/3
f 7908/30/4 7912/30/4 7911/30/4 7907/30/4
f 7905/30/5 7909/30/5 7912/30/5 7908/30/5
f 7906/30/6 7907/30/6 7911/30/6 7910/30/6
f 7913/30/1 7916/30/1 7915/30/1 7914/30/1
f 7917/30/2 7918/30/2 7919/30/2 7920/30/2
f 7913/30/3 7914/30/3 7918/30/3 7917/30/3
f 7916/30/4 7920/30/4 7919/30/4 7915/30/4
f 7913/30/5 7917/30/5 7920/30/5 7916/30/5
f 7914/30/6 7915/30/6 7919/30/6 7918/30/6
f 7921/19/1 7924/19/1 7923/19/1 7922/19/1
f 7925/19/2 7926/19/2 7927/19/2 7928/19/2
f 7921/19/3 7922/19/3 7926/19/3 7925/19/3
f 7924/19/4 7928/19/4 7927/19/4 7923/19/4
f 7921/19/5 7925/19/5 7928/19/5 7924/19/5
f 7922/19/6 7923/19/6 7927/19/6 7926/19/6
f 7929/30/1 7932/30/1 7931/30/1 7930/30/1
f 7933/30/2 7934/30/2 7935/30/2 7936/30/2
f 7929/30/3 7930/30/3 7934/30/3 7933/30/3
f 7932/30/4 7936/30/4 7935/30/4 7931/30/4
f 7929/30/5 7933/30/5 7936/30/5 7932/30/5
f 7930/30/6 7931/30/6 7935/30/6 7934/30/6
f 7937/30/1 7940/30/1 7939/30/1 7938/30/1
f 7941/30/2 7942/30/2 7943/30/2 7944/30/2
f 7937/30/3 7938/30/3 7942/30/3 7941/30/3
f 7940/30/4 7944/30/4 7943/30/4 7939/30/4
f 7937/30/5 7941/30/5 7944/30/5 7940/30/5
f 7938/30/6 7939/30/6 7943/30/6 7942/30/6
f 7945/30/1 7948/30/1 7947/30/1 7946/30/1
f 7949/30/2 7950/30/2 7951/30/2 7952/30/2
f 7945/30/3 7946/30/3 7950/30/3 7949/30/3
f 7948/30/4 7952/30/4 7951/30/4 7947/30/4
f 7945/30/5 7949/30/5 7952/30/5 7948/30/5
f 7946/30/6 7947/30/6 7951/30/6 7950/30/6
f 7953/30/1 7956/30/1 7955/30/1 7954/30/1
f 7957/30/2 7958/30/2 7959/30/2 7960/30/2
f 7953/30/3 7954/30/3 7958/30/3 7957/30/3
f 7956/30/4 7960/30/4 7959/30/4 7955/30/4
f 7953/30/5 7957/30/5 7960/30/5 7956/30/5
f 7954/30/6 7955/30/6 7959/30/6 7958/30/6
f 7961/50/1 7964/50/1 7963/50/1 7962/50/1
f 7965/50/2 7966/50/2 7967/50/2 7968/50/2
f 7961/50/3 7962/50/3 7966/50/3 7965/50/3
f 7964/50/4 7968/50/4 7967/50/4 7963/50/4
f 7961/50/5 7965/50/5 7968/50/5 7964/50/5
f 7962/50/6 7963/50/6 7967/50/6 7966/50/6
o SHELL_map
usemtl palette
f 7969/23/1 7972/23/1 7971/23/1 7970/23/1
f 7973/23/2 7974/23/2 7975/23/2 7976/23/2
f 7969/23/3 7970/23/3 7974/23/3 7973/23/3
f 7972/23/4 7976/23/4 7975/23/4 7971/23/4
f 7969/23/5 7973/23/5 7976/23/5 7972/23/5
f 7970/23/6 7971/23/6 7975/23/6 7974/23/6
f 7977/24/1 7980/24/1 7979/24/1 7978/24/1
f 7981/24/2 7982/24/2 7983/24/2 7984/24/2
f 7977/24/3 7978/24/3 7982/24/3 7981/24/3
f 7980/24/4 7984/24/4 7983/24/4 7979/24/4
f 7977/24/5 7981/24/5 7984/24/5 7980/24/5
f 7978/24/6 7979/24/6 7983/24/6 7982/24/6
f 7985/38/1 7988/38/1 7987/38/1 7986/38/1
f 7989/38/2 7990/38/2 7991/38/2 7992/38/2
f 7985/38/3 7986/38/3 7990/38/3 7989/38/3
f 7988/38/4 7992/38/4 7991/38/4 7987/38/4
f 7985/38/5 7989/38/5 7992/38/5 7988/38/5
f 7986/38/6 7987/38/6 7991/38/6 7990/38/6
f 7993/51/1 7996/51/1 7995/51/1 7994/51/1
f 7997/51/2 7998/51/2 7999/51/2 8000/51/2
f 7993/51/3 7994/51/3 7998/51/3 7997/51/3
f 7996/51/4 8000/51/4 7999/51/4 7995/51/4
f 7993/51/5 7997/51/5 8000/51/5 7996/51/5
f 7994/51/6 7995/51/6 7999/51/6 7998/51/6
f 8001/51/1 8004/51/1 8003/51/1 8002/51/1
f 8005/51/2 8006/51/2 8007/51/2 8008/51/2
f 8001/51/3 8002/51/3 8006/51/3 8005/51/3
f 8004/51/4 8008/51/4 8007/51/4 8003/51/4
f 8001/51/5 8005/51/5 8008/51/5 8004/51/5
f 8002/51/6 8003/51/6 8007/51/6 8006/51/6
f 8009/38/1 8012/38/1 8011/38/1 8010/38/1
f 8013/38/2 8014/38/2 8015/38/2 8016/38/2
f 8009/38/3 8010/38/3 8014/38/3 8013/38/3
f 8012/38/4 8016/38/4 8015/38/4 8011/38/4
f 8009/38/5 8013/38/5 8016/38/5 8012/38/5
f 8010/38/6 8011/38/6 8015/38/6 8014/38/6
f 8017/51/1 8020/51/1 8019/51/1 8018/51/1
f 8021/51/2 8022/51/2 8023/51/2 8024/51/2
f 8017/51/3 8018/51/3 8022/51/3 8021/51/3
f 8020/51/4 8024/51/4 8023/51/4 8019/51/4
f 8017/51/5 8021/51/5 8024/51/5 8020/51/5
f 8018/51/6 8019/51/6 8023/51/6 8022/51/6
f 8025/51/1 8028/51/1 8027/51/1 8026/51/1
f 8029/51/2 8030/51/2 8031/51/2 8032/51/2
f 8025/51/3 8026/51/3 8030/51/3 8029/51/3
f 8028/51/4 8032/51/4 8031/51/4 8027/51/4
f 8025/51/5 8029/51/5 8032/51/5 8028/51/5
f 8026/51/6 8027/51/6 8031/51/6 8030/51/6
f 8033/38/1 8036/38/1 8035/38/1 8034/38/1
f 8037/38/2 8038/38/2 8039/38/2 8040/38/2
f 8033/38/3 8034/38/3 8038/38/3 8037/38/3
f 8036/38/4 8040/38/4 8039/38/4 8035/38/4
f 8033/38/5 8037/38/5 8040/38/5 8036/38/5
f 8034/38/6 8035/38/6 8039/38/6 8038/38/6
f 8041/23/1 8044/23/1 8043/23/1 8042/23/1
f 8045/23/2 8046/23/2 8047/23/2 8048/23/2
f 8041/23/3 8042/23/3 8046/23/3 8045/23/3
f 8044/23/4 8048/23/4 8047/23/4 8043/23/4
f 8041/23/5 8045/23/5 8048/23/5 8044/23/5
f 8042/23/6 8043/23/6 8047/23/6 8046/23/6
f 8049/24/1 8052/24/1 8051/24/1 8050/24/1
f 8053/24/2 8054/24/2 8055/24/2 8056/24/2
f 8049/24/3 8050/24/3 8054/24/3 8053/24/3
f 8052/24/4 8056/24/4 8055/24/4 8051/24/4
f 8049/24/5 8053/24/5 8056/24/5 8052/24/5
f 8050/24/6 8051/24/6 8055/24/6 8054/24/6
f 8057/38/1 8060/38/1 8059/38/1 8058/38/1
f 8061/38/2 8062/38/2 8063/38/2 8064/38/2
f 8057/38/3 8058/38/3 8062/38/3 8061/38/3
f 8060/38/4 8064/38/4 8063/38/4 8059/38/4
f 8057/38/5 8061/38/5 8064/38/5 8060/38/5
f 8058/38/6 8059/38/6 8063/38/6 8062/38/6
f 8065/51/1 8068/51/1 8067/51/1 8066/51/1
f 8069/51/2 8070/51/2 8071/51/2 8072/51/2
f 8065/51/3 8066/51/3 8070/51/3 8069/51/3
f 8068/51/4 8072/51/4 8071/51/4 8067/51/4
f 8065/51/5 8069/51/5 8072/51/5 8068/51/5
f 8066/51/6 8067/51/6 8071/51/6 8070/51/6
f 8073/51/1 8076/51/1 8075/51/1 8074/51/1
f 8077/51/2 8078/51/2 8079/51/2 8080/51/2
f 8073/51/3 8074/51/3 8078/51/3 8077/51/3
f 8076/51/4 8080/51/4 8079/51/4 8075/51/4
f 8073/51/5 8077/51/5 8080/51/5 8076/51/5
f 8074/51/6 8075/51/6 8079/51/6 8078/51/6
f 8081/38/1 8084/38/1 8083/38/1 8082/38/1
f 8085/38/2 8086/38/2 8087/38/2 8088/38/2
f 8081/38/3 8082/38/3 8086/38/3 8085/38/3
f 8084/38/4 8088/38/4 8087/38/4 8083/38/4
f 8081/38/5 8085/38/5 8088/38/5 8084/38/5
f 8082/38/6 8083/38/6 8087/38/6 8086/38/6
f 8089/51/1 8092/51/1 8091/51/1 8090/51/1
f 8093/51/2 8094/51/2 8095/51/2 8096/51/2
f 8089/51/3 8090/51/3 8094/51/3 8093/51/3
f 8092/51/4 8096/51/4 8095/51/4 8091/51/4
f 8089/51/5 8093/51/5 8096/51/5 8092/51/5
f 8090/51/6 8091/51/6 8095/51/6 8094/51/6
f 8097/51/1 8100/51/1 8099/51/1 8098/51/1
f 8101/51/2 8102/51/2 8103/51/2 8104/51/2
f 8097/51/3 8098/51/3 8102/51/3 8101/51/3
f 8100/51/4 8104/51/4 8103/51/4 8099/51/4
f 8097/51/5 8101/51/5 8104/51/5 8100/51/5
f 8098/51/6 8099/51/6 8103/51/6 8102/51/6
f 8105/38/1 8108/38/1 8107/38/1 8106/38/1
f 8109/38/2 8110/38/2 8111/38/2 8112/38/2
f 8105/38/3 8106/38/3 8110/38/3 8109/38/3
f 8108/38/4 8112/38/4 8111/38/4 8107/38/4
f 8105/38/5 8109/38/5 8112/38/5 8108/38/5
f 8106/38/6 8107/38/6 8111/38/6 8110/38/6
f 8113/23/1 8116/23/1 8115/23/1 8114/23/1
f 8117/23/2 8118/23/2 8119/23/2 8120/23/2
f 8113/23/3 8114/23/3 8118/23/3 8117/23/3
f 8116/23/4 8120/23/4 8119/23/4 8115/23/4
f 8113/23/5 8117/23/5 8120/23/5 8116/23/5
f 8114/23/6 8115/23/6 8119/23/6 8118/23/6
f 8121/24/1 8124/24/1 8123/24/1 8122/24/1
f 8125/24/2 8126/24/2 8127/24/2 8128/24/2
f 8121/24/3 8122/24/3 8126/24/3 8125/24/3
f 8124/24/4 8128/24/4 8127/24/4 8123/24/4
f 8121/24/5 8125/24/5 8128/24/5 8124/24/5
f 8122/24/6 8123/24/6 8127/24/6 8126/24/6
f 8129/38/1 8132/38/1 8131/38/1 8130/38/1
f 8133/38/2 8134/38/2 8135/38/2 8136/38/2
f 8129/38/3 8130/38/3 8134/38/3 8133/38/3
f 8132/38/4 8136/38/4 8135/38/4 8131/38/4
f 8129/38/5 8133/38/5 8136/38/5 8132/38/5
f 8130/38/6 8131/38/6 8135/38/6 8134/38/6
f 8137/51/1 8140/51/1 8139/51/1 8138/51/1
f 8141/51/2 8142/51/2 8143/51/2 8144/51/2
f 8137/51/3 8138/51/3 8142/51/3 8141/51/3
f 8140/51/4 8144/51/4 8143/51/4 8139/51/4
f 8137/51/5 8141/51/5 8144/51/5 8140/51/5
f 8138/51/6 8139/51/6 8143/51/6 8142/51/6
f 8145/51/1 8148/51/1 8147/51/1 8146/51/1
f 8149/51/2 8150/51/2 8151/51/2 8152/51/2
f 8145/51/3 8146/51/3 8150/51/3 8149/51/3
f 8148/51/4 8152/51/4 8151/51/4 8147/51/4
f 8145/51/5 8149/51/5 8152/51/5 8148/51/5
f 8146/51/6 8147/51/6 8151/51/6 8150/51/6
f 8153/38/1 8156/38/1 8155/38/1 8154/38/1
f 8157/38/2 8158/38/2 8159/38/2 8160/38/2
f 8153/38/3 8154/38/3 8158/38/3 8157/38/3
f 8156/38/4 8160/38/4 8159/38/4 8155/38/4
f 8153/38/5 8157/38/5 8160/38/5 8156/38/5
f 8154/38/6 8155/38/6 8159/38/6 8158/38/6
f 8161/51/1 8164/51/1 8163/51/1 8162/51/1
f 8165/51/2 8166/51/2 8167/51/2 8168/51/2
f 8161/51/3 8162/51/3 8166/51/3 8165/51/3
f 8164/51/4 8168/51/4 8167/51/4 8163/51/4
f 8161/51/5 8165/51/5 8168/51/5 8164/51/5
f 8162/51/6 8163/51/6 8167/51/6 8166/51/6
f 8169/51/1 8172/51/1 8171/51/1 8170/51/1
f 8173/51/2 8174/51/2 8175/51/2 8176/51/2
f 8169/51/3 8170/51/3 8174/51/3 8173/51/3
f 8172/51/4 8176/51/4 8175/51/4 8171/51/4
f 8169/51/5 8173/51/5 8176/51/5 8172/51/5
f 8170/51/6 8171/51/6 8175/51/6 8174/51/6
f 8177/38/1 8180/38/1 8179/38/1 8178/38/1
f 8181/38/2 8182/38/2 8183/38/2 8184/38/2
f 8177/38/3 8178/38/3 8182/38/3 8181/38/3
f 8180/38/4 8184/38/4 8183/38/4 8179/38/4
f 8177/38/5 8181/38/5 8184/38/5 8180/38/5
f 8178/38/6 8179/38/6 8183/38/6 8182/38/6
f 8185/23/1 8188/23/1 8187/23/1 8186/23/1
f 8189/23/2 8190/23/2 8191/23/2 8192/23/2
f 8185/23/3 8186/23/3 8190/23/3 8189/23/3
f 8188/23/4 8192/23/4 8191/23/4 8187/23/4
f 8185/23/5 8189/23/5 8192/23/5 8188/23/5
f 8186/23/6 8187/23/6 8191/23/6 8190/23/6
f 8193/24/1 8196/24/1 8195/24/1 8194/24/1
f 8197/24/2 8198/24/2 8199/24/2 8200/24/2
f 8193/24/3 8194/24/3 8198/24/3 8197/24/3
f 8196/24/4 8200/24/4 8199/24/4 8195/24/4
f 8193/24/5 8197/24/5 8200/24/5 8196/24/5
f 8194/24/6 8195/24/6 8199/24/6 8198/24/6
f 8201/38/1 8204/38/1 8203/38/1 8202/38/1
f 8205/38/2 8206/38/2 8207/38/2 8208/38/2
f 8201/38/3 8202/38/3 8206/38/3 8205/38/3
f 8204/38/4 8208/38/4 8207/38/4 8203/38/4
f 8201/38/5 8205/38/5 8208/38/5 8204/38/5
f 8202/38/6 8203/38/6 8207/38/6 8206/38/6
f 8209/51/1 8212/51/1 8211/51/1 8210/51/1
f 8213/51/2 8214/51/2 8215/51/2 8216/51/2
f 8209/51/3 8210/51/3 8214/51/3 8213/51/3
f 8212/51/4 8216/51/4 8215/51/4 8211/51/4
f 8209/51/5 8213/51/5 8216/51/5 8212/51/5
f 8210/51/6 8211/51/6 8215/51/6 8214/51/6
f 8217/51/1 8220/51/1 8219/51/1 8218/51/1
f 8221/51/2 8222/51/2 8223/51/2 8224/51/2
f 8217/51/3 8218/51/3 8222/51/3 8221/51/3
f 8220/51/4 8224/51/4 8223/51/4 8219/51/4
f 8217/51/5 8221/51/5 8224/51/5 8220/51/5
f 8218/51/6 8219/51/6 8223/51/6 8222/51/6
f 8225/38/1 8228/38/1 8227/38/1 8226/38/1
f 8229/38/2 8230/38/2 8231/38/2 8232/38/2
f 8225/38/3 8226/38/3 8230/38/3 8229/38/3
f 8228/38/4 8232/38/4 8231/38/4 8227/38/4
f 8225/38/5 8229/38/5 8232/38/5 8228/38/5
f 8226/38/6 8227/38/6 8231/38/6 8230/38/6
f 8233/51/1 8236/51/1 8235/51/1 8234/51/1
f 8237/51/2 8238/51/2 8239/51/2 8240/51/2
f 8233/51/3 8234/51/3 8238/51/3 8237/51/3
f 8236/51/4 8240/51/4 8239/51/4 8235/51/4
f 8233/51/5 8237/51/5 8240/51/5 8236/51/5
f 8234/51/6 8235/51/6 8239/51/6 8238/51/6
f 8241/51/1 8244/51/1 8243/51/1 8242/51/1
f 8245/51/2 8246/51/2 8247/51/2 8248/51/2
f 8241/51/3 8242/51/3 8246/51/3 8245/51/3
f 8244/51/4 8248/51/4 8247/51/4 8243/51/4
f 8241/51/5 8245/51/5 8248/51/5 8244/51/5
f 8242/51/6 8243/51/6 8247/51/6 8246/51/6
f 8249/38/1 8252/38/1 8251/38/1 8250/38/1
f 8253/38/2 8254/38/2 8255/38/2 8256/38/2
f 8249/38/3 8250/38/3 8254/38/3 8253/38/3
f 8252/38/4 8256/38/4 8255/38/4 8251/38/4
f 8249/38/5 8253/38/5 8256/38/5 8252/38/5
f 8250/38/6 8251/38/6 8255/38/6 8254/38/6
f 8257/23/1 8260/23/1 8259/23/1 8258/23/1
f 8261/23/2 8262/23/2 8263/23/2 8264/23/2
f 8257/23/3 8258/23/3 8262/23/3 8261/23/3
f 8260/23/4 8264/23/4 8263/23/4 8259/23/4
f 8257/23/5 8261/23/5 8264/23/5 8260/23/5
f 8258/23/6 8259/23/6 8263/23/6 8262/23/6
f 8265/24/1 8268/24/1 8267/24/1 8266/24/1
f 8269/24/2 8270/24/2 8271/24/2 8272/24/2
f 8265/24/3 8266/24/3 8270/24/3 8269/24/3
f 8268/24/4 8272/24/4 8271/24/4 8267/24/4
f 8265/24/5 8269/24/5 8272/24/5 8268/24/5
f 8266/24/6 8267/24/6 8271/24/6 8270/24/6
f 8273/38/1 8276/38/1 8275/38/1 8274/38/1
f 8277/38/2 8278/38/2 8279/38/2 8280/38/2
f 8273/38/3 8274/38/3 8278/38/3 8277/38/3
f 8276/38/4 8280/38/4 8279/38/4 8275/38/4
f 8273/38/5 8277/38/5 8280/38/5 8276/38/5
f 8274/38/6 8275/38/6 8279/38/6 8278/38/6
f 8281/51/1 8284/51/1 8283/51/1 8282/51/1
f 8285/51/2 8286/51/2 8287/51/2 8288/51/2
f 8281/51/3 8282/51/3 8286/51/3 8285/51/3
f 8284/51/4 8288/51/4 8287/51/4 8283/51/4
f 8281/51/5 8285/51/5 8288/51/5 8284/51/5
f 8282/51/6 8283/51/6 8287/51/6 8286/51/6
f 8289/51/1 8292/51/1 8291/51/1 8290/51/1
f 8293/51/2 8294/51/2 8295/51/2 8296/51/2
f 8289/51/3 8290/51/3 8294/51/3 8293/51/3
f 8292/51/4 8296/51/4 8295/51/4 8291/51/4
f 8289/51/5 8293/51/5 8296/51/5 8292/51/5
f 8290/51/6 8291/51/6 8295/51/6 8294/51/6
f 8297/38/1 8300/38/1 8299/38/1 8298/38/1
f 8301/38/2 8302/38/2 8303/38/2 8304/38/2
f 8297/38/3 8298/38/3 8302/38/3 8301/38/3
f 8300/38/4 8304/38/4 8303/38/4 8299/38/4
f 8297/38/5 8301/38/5 8304/38/5 8300/38/5
f 8298/38/6 8299/38/6 8303/38/6 8302/38/6
f 8305/51/1 8308/51/1 8307/51/1 8306/51/1
f 8309/51/2 8310/51/2 8311/51/2 8312/51/2
f 8305/51/3 8306/51/3 8310/51/3 8309/51/3
f 8308/51/4 8312/51/4 8311/51/4 8307/51/4
f 8305/51/5 8309/51/5 8312/51/5 8308/51/5
f 8306/51/6 8307/51/6 8311/51/6 8310/51/6
f 8313/51/1 8316/51/1 8315/51/1 8314/51/1
f 8317/51/2 8318/51/2 8319/51/2 8320/51/2
f 8313/51/3 8314/51/3 8318/51/3 8317/51/3
f 8316/51/4 8320/51/4 8319/51/4 8315/51/4
f 8313/51/5 8317/51/5 8320/51/5 8316/51/5
f 8314/51/6 8315/51/6 8319/51/6 8318/51/6
f 8321/38/1 8324/38/1 8323/38/1 8322/38/1
f 8325/38/2 8326/38/2 8327/38/2 8328/38/2
f 8321/38/3 8322/38/3 8326/38/3 8325/38/3
f 8324/38/4 8328/38/4 8327/38/4 8323/38/4
f 8321/38/5 8325/38/5 8328/38/5 8324/38/5
f 8322/38/6 8323/38/6 8327/38/6 8326/38/6
f 8329/23/1 8332/23/1 8331/23/1 8330/23/1
f 8333/23/2 8334/23/2 8335/23/2 8336/23/2
f 8329/23/3 8330/23/3 8334/23/3 8333/23/3
f 8332/23/4 8336/23/4 8335/23/4 8331/23/4
f 8329/23/5 8333/23/5 8336/23/5 8332/23/5
f 8330/23/6 8331/23/6 8335/23/6 8334/23/6
f 8337/24/1 8340/24/1 8339/24/1 8338/24/1
f 8341/24/2 8342/24/2 8343/24/2 8344/24/2
f 8337/24/3 8338/24/3 8342/24/3 8341/24/3
f 8340/24/4 8344/24/4 8343/24/4 8339/24/4
f 8337/24/5 8341/24/5 8344/24/5 8340/24/5
f 8338/24/6 8339/24/6 8343/24/6 8342/24/6
f 8345/38/1 8348/38/1 8347/38/1 8346/38/1
f 8349/38/2 8350/38/2 8351/38/2 8352/38/2
f 8345/38/3 8346/38/3 8350/38/3 8349/38/3
f 8348/38/4 8352/38/4 8351/38/4 8347/38/4
f 8345/38/5 8349/38/5 8352/38/5 8348/38/5
f 8346/38/6 8347/38/6 8351/38/6 8350/38/6
f 8353/51/1 8356/51/1 8355/51/1 8354/51/1
f 8357/51/2 8358/51/2 8359/51/2 8360/51/2
f 8353/51/3 8354/51/3 8358/51/3 8357/51/3
f 8356/51/4 8360/51/4 8359/51/4 8355/51/4
f 8353/51/5 8357/51/5 8360/51/5 8356/51/5
f 8354/51/6 8355/51/6 8359/51/6 8358/51/6
f 8361/51/1 8364/51/1 8363/51/1 8362/51/1
f 8365/51/2 8366/51/2 8367/51/2 8368/51/2
f 8361/51/3 8362/51/3 8366/51/3 8365/51/3
f 8364/51/4 8368/51/4 8367/51/4 8363/51/4
f 8361/51/5 8365/51/5 8368/51/5 8364/51/5
f 8362/51/6 8363/51/6 8367/51/6 8366/51/6
f 8369/38/1 8372/38/1 8371/38/1 8370/38/1
f 8373/38/2 8374/38/2 8375/38/2 8376/38/2
f 8369/38/3 8370/38/3 8374/38/3 8373/38/3
f 8372/38/4 8376/38/4 8375/38/4 8371/38/4
f 8369/38/5 8373/38/5 8376/38/5 8372/38/5
f 8370/38/6 8371/38/6 8375/38/6 8374/38/6
f 8377/51/1 8380/51/1 8379/51/1 8378/51/1
f 8381/51/2 8382/51/2 8383/51/2 8384/51/2
f 8377/51/3 8378/51/3 8382/51/3 8381/51/3
f 8380/51/4 8384/51/4 8383/51/4 8379/51/4
f 8377/51/5 8381/51/5 8384/51/5 8380/51/5
f 8378/51/6 8379/51/6 8383/51/6 8382/51/6
f 8385/51/1 8388/51/1 8387/51/1 8386/51/1
f 8389/51/2 8390/51/2 8391/51/2 8392/51/2
f 8385/51/3 8386/51/3 8390/51/3 8389/51/3
f 8388/51/4 8392/51/4 8391/51/4 8387/51/4
f 8385/51/5 8389/51/5 8392/51/5 8388/51/5
f 8386/51/6 8387/51/6 8391/51/6 8390/51/6
f 8393/38/1 8396/38/1 8395/38/1 8394/38/1
f 8397/38/2 8398/38/2 8399/38/2 8400/38/2
f 8393/38/3 8394/38/3 8398/38/3 8397/38/3
f 8396/38/4 8400/38/4 8399/38/4 8395/38/4
f 8393/38/5 8397/38/5 8400/38/5 8396/38/5
f 8394/38/6 8395/38/6 8399/38/6 8398/38/6
o SHELL_safety
usemtl palette
f 8401/20/1 8404/20/1 8403/20/1 8402/20/1
f 8405/20/2 8406/20/2 8407/20/2 8408/20/2
f 8401/20/3 8402/20/3 8406/20/3 8405/20/3
f 8404/20/4 8408/20/4 8407/20/4 8403/20/4
f 8401/20/5 8405/20/5 8408/20/5 8404/20/5
f 8402/20/6 8403/20/6 8407/20/6 8406/20/6
f 8409/50/1 8412/50/1 8411/50/1 8410/50/1
f 8413/50/2 8414/50/2 8415/50/2 8416/50/2
f 8409/50/3 8410/50/3 8414/50/3 8413/50/3
f 8412/50/4 8416/50/4 8415/50/4 8411/50/4
f 8409/50/5 8413/50/5 8416/50/5 8412/50/5
f 8410/50/6 8411/50/6 8415/50/6 8414/50/6
f 8417/13/1 8420/13/1 8419/13/1 8418/13/1
f 8421/13/2 8422/13/2 8423/13/2 8424/13/2
f 8417/13/3 8418/13/3 8422/13/3 8421/13/3
f 8420/13/4 8424/13/4 8423/13/4 8419/13/4
f 8417/13/5 8421/13/5 8424/13/5 8420/13/5
f 8418/13/6 8419/13/6 8423/13/6 8422/13/6
f 8425/38/1 8428/38/1 8427/38/1 8426/38/1
f 8429/38/2 8430/38/2 8431/38/2 8432/38/2
f 8425/38/3 8426/38/3 8430/38/3 8429/38/3
f 8428/38/4 8432/38/4 8431/38/4 8427/38/4
f 8425/38/5 8429/38/5 8432/38/5 8428/38/5
f 8426/38/6 8427/38/6 8431/38/6 8430/38/6
f 8433/20/1 8436/20/1 8435/20/1 8434/20/1
f 8437/20/2 8438/20/2 8439/20/2 8440/20/2
f 8433/20/3 8434/20/3 8438/20/3 8437/20/3
f 8436/20/4 8440/20/4 8439/20/4 8435/20/4
f 8433/20/5 8437/20/5 8440/20/5 8436/20/5
f 8434/20/6 8435/20/6 8439/20/6 8438/20/6
f 8441/50/1 8444/50/1 8443/50/1 8442/50/1
f 8445/50/2 8446/50/2 8447/50/2 8448/50/2
f 8441/50/3 8442/50/3 8446/50/3 8445/50/3
f 8444/50/4 8448/50/4 8447/50/4 8443/50/4
f 8441/50/5 8445/50/5 8448/50/5 8444/50/5
f 8442/50/6 8443/50/6 8447/50/6 8446/50/6
f 8449/13/1 8452/13/1 8451/13/1 8450/13/1
f 8453/13/2 8454/13/2 8455/13/2 8456/13/2
f 8449/13/3 8450/13/3 8454/13/3 8453/13/3
f 8452/13/4 8456/13/4 8455/13/4 8451/13/4
f 8449/13/5 8453/13/5 8456/13/5 8452/13/5
f 8450/13/6 8451/13/6 8455/13/6 8454/13/6
f 8457/38/1 8460/38/1 8459/38/1 8458/38/1
f 8461/38/2 8462/38/2 8463/38/2 8464/38/2
f 8457/38/3 8458/38/3 8462/38/3 8461/38/3
f 8460/38/4 8464/38/4 8463/38/4 8459/38/4
f 8457/38/5 8461/38/5 8464/38/5 8460/38/5
f 8458/38/6 8459/38/6 8463/38/6 8462/38/6
o SHELL_cabwall
usemtl palette
f 8465/12/1 8468/12/1 8467/12/1 8466/12/1
f 8469/12/2 8470/12/2 8471/12/2 8472/12/2
f 8465/12/3 8466/12/3 8470/12/3 8469/12/3
f 8468/12/4 8472/12/4 8471/12/4 8467/12/4
f 8465/12/5 8469/12/5 8472/12/5 8468/12/5
f 8466/12/6 8467/12/6 8471/12/6 8470/12/6
f 8473/12/1 8476/12/1 8475/12/1 8474/12/1
f 8477/12/2 8478/12/2 8479/12/2 8480/12/2
f 8473/12/3 8474/12/3 8478/12/3 8477/12/3
f 8476/12/4 8480/12/4 8479/12/4 8475/12/4
f 8473/12/5 8477/12/5 8480/12/5 8476/12/5
f 8474/12/6 8475/12/6 8479/12/6 8478/12/6
f 8481/12/1 8484/12/1 8483/12/1 8482/12/1
f 8485/12/2 8486/12/2 8487/12/2 8488/12/2
f 8481/12/3 8482/12/3 8486/12/3 8485/12/3
f 8484/12/4 8488/12/4 8487/12/4 8483/12/4
f 8481/12/5 8485/12/5 8488/12/5 8484/12/5
f 8482/12/6 8483/12/6 8487/12/6 8486/12/6
o SHELL_desk
usemtl palette
f 8489/11/1 8492/11/1 8491/11/1 8490/11/1
f 8493/11/2 8494/11/2 8495/11/2 8496/11/2
f 8489/11/3 8490/11/3 8494/11/3 8493/11/3
f 8492/11/4 8496/11/4 8495/11/4 8491/11/4
f 8489/11/5 8493/11/5 8496/11/5 8492/11/5
f 8490/11/6 8491/11/6 8495/11/6 8494/11/6
f 8497/30/1 8500/30/1 8499/30/1 8498/30/1
f 8501/30/2 8502/30/2 8503/30/2 8504/30/2
f 8497/30/3 8498/30/3 8502/30/3 8501/30/3
f 8500/30/4 8504/30/4 8503/30/4 8499/30/4
f 8497/30/5 8501/30/5 8504/30/5 8500/30/5
f 8498/30/6 8499/30/6 8503/30/6 8502/30/6
f 8505/10/1 8508/10/1 8507/10/1 8506/10/1
f 8509/10/2 8510/10/2 8511/10/2 8512/10/2
f 8505/10/3 8506/10/3 8510/10/3 8509/10/3
f 8508/10/4 8512/10/4 8511/10/4 8507/10/4
f 8505/10/5 8509/10/5 8512/10/5 8508/10/5
f 8506/10/6 8507/10/6 8511/10/6 8510/10/6
f 8513/14/1 8516/14/1 8515/14/1 8514/14/1
f 8517/14/2 8518/14/2 8519/14/2 8520/14/2
f 8513/14/3 8514/14/3 8518/14/3 8517/14/3
f 8516/14/4 8520/14/4 8519/14/4 8515/14/4
f 8513/14/5 8517/14/5 8520/14/5 8516/14/5
f 8514/14/6 8515/14/6 8519/14/6 8518/14/6
f 8521/10/1 8524/10/1 8523/10/1 8522/10/1
f 8525/10/2 8526/10/2 8527/10/2 8528/10/2
f 8521/10/3 8522/10/3 8526/10/3 8525/10/3
f 8524/10/4 8528/10/4 8527/10/4 8523/10/4
f 8521/10/5 8525/10/5 8528/10/5 8524/10/5
f 8522/10/6 8523/10/6 8527/10/6 8526/10/6
f 8529/46/1 8532/46/1 8531/46/1 8530/46/1
f 8533/46/2 8534/46/2 8535/46/2 8536/46/2
f 8529/46/3 8530/46/3 8534/46/3 8533/46/3
f 8532/46/4 8536/46/4 8535/46/4 8531/46/4
f 8529/46/5 8533/46/5 8536/46/5 8532/46/5
f 8530/46/6 8531/46/6 8535/46/6 8534/46/6
o THROTTLE_1_TL_0.12_X
usemtl palette
f 8537/35/1 8540/35/1 8539/35/1 8538/35/1
f 8541/35/2 8542/35/2 8543/35/2 8544/35/2
f 8537/35/3 8538/35/3 8542/35/3 8541/35/3
f 8540/35/4 8544/35/4 8543/35/4 8539/35/4
f 8537/35/5 8541/35/5 8544/35/5 8540/35/5
f 8538/35/6 8539/35/6 8543/35/6 8542/35/6
f 8545/50/1 8548/50/1 8547/50/1 8546/50/1
f 8549/50/2 8550/50/2 8551/50/2 8552/50/2
f 8545/50/3 8546/50/3 8550/50/3 8549/50/3
f 8548/50/4 8552/50/4 8551/50/4 8547/50/4
f 8545/50/5 8549/50/5 8552/50/5 8548/50/5
f 8546/50/6 8547/50/6 8551/50/6 8550/50/6
o TRAIN_BRAKE_1_TL_0.12_X
usemtl palette
f 8553/35/1 8556/35/1 8555/35/1 8554/35/1
f 8557/35/2 8558/35/2 8559/35/2 8560/35/2
f 8553/35/3 8554/35/3 8558/35/3 8557/35/3
f 8556/35/4 8560/35/4 8559/35/4 8555/35/4
f 8553/35/5 8557/35/5 8560/35/5 8556/35/5
f 8554/35/6 8555/35/6 8559/35/6 8558/35/6
f 8561/38/1 8564/38/1 8563/38/1 8562/38/1
f 8565/38/2 8566/38/2 8567/38/2 8568/38/2
f 8561/38/3 8562/38/3 8566/38/3 8565/38/3
f 8564/38/4 8568/38/4 8567/38/4 8563/38/4
f 8561/38/5 8565/38/5 8568/38/5 8564/38/5
f 8562/38/6 8563/38/6 8567/38/6 8566/38/6
o REVERSER_1_TL_0.08_X
usemtl palette
f 8569/13/1 8572/13/1 8571/13/1 8570/13/1
f 8573/13/2 8574/13/2 8575/13/2 8576/13/2
f 8569/13/3 8570/13/3 8574/13/3 8573/13/3
f 8572/13/4 8576/13/4 8575/13/4 8571/13/4
f 8569/13/5 8573/13/5 8576/13/5 8572/13/5
f 8570/13/6 8571/13/6 8575/13/6 8574/13/6
o HORN_CONTROL_1_PRESS
usemtl palette
f 8577/38/1 8580/38/1 8579/38/1 8578/38/1
f 8581/38/2 8582/38/2 8583/38/2 8584/38/2
f 8577/38/3 8578/38/3 8582/38/3 8581/38/3
f 8580/38/4 8584/38/4 8583/38/4 8579/38/4
f 8577/38/5 8581/38/5 8584/38/5 8580/38/5
f 8578/38/6 8579/38/6 8583/38/6 8582/38/6
o BELL_CONTROL_1_PRESS
usemtl palette
f 8585/13/1 8588/13/1 8587/13/1 8586/13/1
f 8589/13/2 8590/13/2 8591/13/2 8592/13/2
f 8585/13/3 8586/13/3 8590/13/3 8589/13/3
f 8588/13/4 8592/13/4 8591/13/4 8587/13/4
f 8585/13/5 8589/13/5 8592/13/5 8588/13/5
f 8586/13/6 8587/13/6 8591/13/6 8590/13/6
o SHELL_cabseat
usemtl palette
f 8593/36/1 8596/36/1 8595/36/1 8594/36/1
f 8597/36/2 8598/36/2 8599/36/2 8600/36/2
f 8593/36/3 8594/36/3 8598/36/3 8597/36/3
f 8596/36/4 8600/36/4 8599/36/4 8595/36/4
f 8593/36/5 8597/36/5 8600/36/5 8596/36/5
f 8594/36/6 8595/36/6 8599/36/6 8598/36/6
f 8601/7/1 8604/7/1 8603/7/1 8602/7/1
f 8605/7/2 8606/7/2 8607/7/2 8608/7/2
f 8601/7/3 8602/7/3 8606/7/3 8605/7/3
f 8604/7/4 8608/7/4 8607/7/4 8603/7/4
f 8601/7/5 8605/7/5 8608/7/5 8604/7/5
f 8602/7/6 8603/7/6 8607/7/6 8606/7/6
f 8609/36/1 8612/36/1 8611/36/1 8610/36/1
f 8613/36/2 8614/36/2 8615/36/2 8616/36/2
f 8609/36/3 8610/36/3 8614/36/3 8613/36/3
f 8612/36/4 8616/36/4 8615/36/4 8611/36/4
f 8609/36/5 8613/36/5 8616/36/5 8612/36/5
f 8610/36/6 8611/36/6 8615/36/6 8614/36/6
o SEAT_33
usemtl palette
f 8617/7/1 8620/7/1 8619/7/1 8618/7/1
f 8621/7/2 8622/7/2 8623/7/2 8624/7/2
f 8617/7/3 8618/7/3 8622/7/3 8621/7/3
f 8620/7/4 8624/7/4 8623/7/4 8619/7/4
f 8617/7/5 8621/7/5 8624/7/5 8620/7/5
f 8618/7/6 8619/7/6 8623/7/6 8622/7/6
o SEAT_34
usemtl palette
f 8625/7/1 8628/7/1 8627/7/1 8626/7/1
f 8629/7/2 8630/7/2 8631/7/2 8632/7/2
f 8625/7/3 8626/7/3 8630/7/3 8629/7/3
f 8628/7/4 8632/7/4 8631/7/4 8627/7/4
f 8625/7/5 8629/7/5 8632/7/5 8628/7/5
f 8626/7/6 8627/7/6 8631/7/6 8630/7/6
