# Pride Rail - crrc600_car (generated by tools/voxtrain.py; Blockbench project in blockbench/)
mtllib crrc600_car.mtl
v -12.3000 -0.6200 0.8000
v -12.0503 -0.6200 0.8000
v -12.0503 -0.3187 0.8000
v -12.3000 -0.3187 0.8000
v -12.3000 -0.6200 1.5500
v -12.0503 -0.6200 1.5500
v -12.0503 -0.3187 1.5500
v -12.3000 -0.3187 1.5500
v -12.3000 -0.6200 -1.5500
v -12.0503 -0.6200 -1.5500
v -12.0503 -0.3187 -1.5500
v -12.3000 -0.3187 -1.5500
v -12.3000 -0.6200 -0.8000
v -12.0503 -0.6200 -0.8000
v -12.0503 -0.3187 -0.8000
v -12.3000 -0.3187 -0.8000
v -12.0503 -0.6200 0.8000
v -11.9254 -0.6200 0.8000
v -11.9254 -0.3187 0.8000
v -12.0503 -0.3187 0.8000
v -12.0503 -0.6200 1.6100
v -11.9254 -0.6200 1.6100
v -11.9254 -0.3187 1.6100
v -12.0503 -0.3187 1.6100
v -12.0503 -0.6200 -1.6100
v -11.9254 -0.6200 -1.6100
v -11.9254 -0.3187 -1.6100
v -12.0503 -0.3187 -1.6100
v -12.0503 -0.6200 -0.8000
v -11.9254 -0.6200 -0.8000
v -11.9254 -0.3187 -0.8000
v -12.0503 -0.3187 -0.8000
v -11.9254 -0.6200 0.8000
v -11.8005 -0.6200 0.8000
v -11.8005 -0.3187 0.8000
v -11.9254 -0.3187 0.8000
v -11.9254 -0.6200 1.6050
v -11.8005 -0.6200 1.6050
v -11.8005 -0.3187 1.6050
v -11.9254 -0.3187 1.6050
v -11.9254 -0.6200 -1.6050
v -11.8005 -0.6200 -1.6050
v -11.8005 -0.3187 -1.6050
v -11.9254 -0.3187 -1.6050
v -11.9254 -0.6200 -0.8000
v -11.8005 -0.6200 -0.8000
v -11.8005 -0.3187 -0.8000
v -11.9254 -0.3187 -0.8000
v -11.8005 -0.6200 0.8000
v 11.8005 -0.6200 0.8000
v 11.8005 -0.3187 0.8000
v -11.8005 -0.3187 0.8000
v -11.8005 -0.6200 1.6400
v 11.8005 -0.6200 1.6400
v 11.8005 -0.3187 1.6400
v -11.8005 -0.3187 1.6400
v -11.8005 -0.6200 -1.6400
v 11.8005 -0.6200 -1.6400
v 11.8005 -0.3187 -1.6400
v -11.8005 -0.3187 -1.6400
v -11.8005 -0.6200 -0.8000
v 11.8005 -0.6200 -0.8000
v 11.8005 -0.3187 -0.8000
v -11.8005 -0.3187 -0.8000
v 11.8005 -0.6200 0.8000
v 11.9254 -0.6200 0.8000
v 11.9254 -0.3187 0.8000
v 11.8005 -0.3187 0.8000
v 11.8005 -0.6200 1.6050
v 11.9254 -0.6200 1.6050
v 11.9254 -0.3187 1.6050
v 11.8005 -0.3187 1.6050
v 11.8005 -0.6200 -1.6050
v 11.9254 -0.6200 -1.6050
v 11.9254 -0.3187 -1.6050
v 11.8005 -0.3187 -1.6050
v 11.8005 -0.6200 -0.8000
v 11.9254 -0.6200 -0.8000
v 11.9254 -0.3187 -0.8000
v 11.8005 -0.3187 -0.8000
v 11.9254 -0.6200 0.8000
v 12.0503 -0.6200 0.8000
v 12.0503 -0.3187 0.8000
v 11.9254 -0.3187 0.8000
v 11.9254 -0.6200 1.6100
v 12.0503 -0.6200 1.6100
v 12.0503 -0.3187 1.6100
v 11.9254 -0.3187 1.6100
v 11.9254 -0.6200 -1.6100
v 12.0503 -0.6200 -1.6100
v 12.0503 -0.3187 -1.6100
v 11.9254 -0.3187 -1.6100
v 11.9254 -0.6200 -0.8000
v 12.0503 -0.6200 -0.8000
v 12.0503 -0.3187 -0.8000
v 11.9254 -0.3187 -0.8000
v 12.0503 -0.6200 0.8000
v 12.3000 -0.6200 0.8000
v 12.3000 -0.3187 0.8000
v 12.0503 -0.3187 0.8000
v 12.0503 -0.6200 1.5500
v 12.3000 -0.6200 1.5500
v 12.3000 -0.3187 1.5500
v 12.0503 -0.3187 1.5500
v 12.0503 -0.6200 -1.5500
v 12.3000 -0.6200 -1.5500
v 12.3000 -0.3187 -1.5500
v 12.0503 -0.3187 -1.5500
v 12.0503 -0.6200 -0.8000
v 12.3000 -0.6200 -0.8000
v 12.3000 -0.3187 -0.8000
v 12.0503 -0.3187 -0.8000
v -12.3000 -0.3187 1.2000
v -12.0503 -0.3187 1.2000
v -12.0503 0.0830 1.2000
v -12.3000 0.0830 1.2000
v -12.3000 -0.3187 1.5500
v -12.0503 -0.3187 1.5500
v -12.0503 0.0830 1.5500
v -12.3000 0.0830 1.5500
v -12.3000 -0.3187 -1.5500
v -12.0503 -0.3187 -1.5500
v -12.0503 0.0830 -1.5500
v -12.3000 0.0830 -1.5500
v -12.3000 -0.3187 -1.2000
v -12.0503 -0.3187 -1.2000
v -12.0503 0.0830 -1.2000
v -12.3000 0.0830 -1.2000
v -12.0503 -0.3187 1.2000
v -11.9254 -0.3187 1.2000
v -11.9254 0.0830 1.2000
v -12.0503 0.0830 1.2000
v -12.0503 -0.3187 1.6100
v -11.9254 -0.3187 1.6100
v -11.9254 0.0830 1.6100
v -12.0503 0.0830 1.6100
v -12.0503 -0.3187 -1.6100
v -11.9254 -0.3187 -1.6100
v -11.9254 0.0830 -1.6100
v -12.0503 0.0830 -1.6100
v -12.0503 -0.3187 -1.2000
v -11.9254 -0.3187 -1.2000
v -11.9254 0.0830 -1.2000
v -12.0503 0.0830 -1.2000
v -11.9254 -0.3187 1.2000
v -11.8005 -0.3187 1.2000
v -11.8005 0.0830 1.2000
v -11.9254 0.0830 1.2000
v -11.9254 -0.3187 1.6050
v -11.8005 -0.3187 1.6050
v -11.8005 0.0830 1.6050
v -11.9254 0.0830 1.6050
v -11.9254 -0.3187 -1.6050
v -11.8005 -0.3187 -1.6050
v -11.8005 0.0830 -1.6050
v -11.9254 0.0830 -1.6050
v -11.9254 -0.3187 -1.2000
v -11.8005 -0.3187 -1.2000
v -11.8005 0.0830 -1.2000
v -11.9254 0.0830 -1.2000
v -11.8005 -0.3187 1.2000
v 11.8005 -0.3187 1.2000
v 11.8005 0.0830 1.2000
v -11.8005 0.0830 1.2000
v -11.8005 -0.3187 1.6400
v 11.8005 -0.3187 1.6400
v 11.8005 0.0830 1.6400
v -11.8005 0.0830 1.6400
v -11.8005 -0.3187 -1.6400
v 11.8005 -0.3187 -1.6400
v 11.8005 0.0830 -1.6400
v -11.8005 0.0830 -1.6400
v -11.8005 -0.3187 -1.2000
v 11.8005 -0.3187 -1.2000
v 11.8005 0.0830 -1.2000
v -11.8005 0.0830 -1.2000
v 11.8005 -0.3187 1.2000
v 11.9254 -0.3187 1.2000
v 11.9254 0.0830 1.2000
v 11.8005 0.0830 1.2000
v 11.8005 -0.3187 1.6050
v 11.9254 -0.3187 1.6050
v 11.9254 0.0830 1.6050
v 11.8005 0.0830 1.6050
v 11.8005 -0.3187 -1.6050
v 11.9254 -0.3187 -1.6050
v 11.9254 0.0830 -1.6050
v 11.8005 0.0830 -1.6050
v 11.8005 -0.3187 -1.2000
v 11.9254 -0.3187 -1.2000
v 11.9254 0.0830 -1.2000
v 11.8005 0.0830 -1.2000
v 11.9254 -0.3187 1.2000
v 12.0503 -0.3187 1.2000
v 12.0503 0.0830 1.2000
v 11.9254 0.0830 1.2000
v 11.9254 -0.3187 1.6100
v 12.0503 -0.3187 1.6100
v 12.0503 0.0830 1.6100
v 11.9254 0.0830 1.6100
v 11.9254 -0.3187 -1.6100
v 12.0503 -0.3187 -1.6100
v 12.0503 0.0830 -1.6100
v 11.9254 0.0830 -1.6100
v 11.9254 -0.3187 -1.2000
v 12.0503 -0.3187 -1.2000
v 12.0503 0.0830 -1.2000
v 11.9254 0.0830 -1.2000
v 12.0503 -0.3187 1.2000
v 12.3000 -0.3187 1.2000
v 12.3000 0.0830 1.2000
v 12.0503 0.0830 1.2000
v 12.0503 -0.3187 1.5500
v 12.3000 -0.3187 1.5500
v 12.3000 0.0830 1.5500
v 12.0503 0.0830 1.5500
v 12.0503 -0.3187 -1.5500
v 12.3000 -0.3187 -1.5500
v 12.3000 0.0830 -1.5500
v 12.0503 0.0830 -1.5500
v 12.0503 -0.3187 -1.2000
v 12.3000 -0.3187 -1.2000
v 12.3000 0.0830 -1.2000
v 12.0503 0.0830 -1.2000
v -12.3000 0.0830 -1.6100
v -12.0503 0.0830 -1.6100
v -12.0503 0.4848 -1.6100
v -12.3000 0.4848 -1.6100
v -12.3000 0.0830 1.6100
v -12.0503 0.0830 1.6100
v -12.0503 0.4848 1.6100
v -12.3000 0.4848 1.6100
v -12.0503 0.0830 -1.6700
v -11.9254 0.0830 -1.6700
v -11.9254 0.4848 -1.6700
v -12.0503 0.4848 -1.6700
v -12.0503 0.0830 1.6700
v -11.9254 0.0830 1.6700
v -11.9254 0.4848 1.6700
v -12.0503 0.4848 1.6700
v -11.9254 0.0830 -1.6650
v -11.8005 0.0830 -1.6650
v -11.8005 0.4848 -1.6650
v -11.9254 0.4848 -1.6650
v -11.9254 0.0830 1.6650
v -11.8005 0.0830 1.6650
v -11.8005 0.4848 1.6650
v -11.9254 0.4848 1.6650
v -11.8005 0.0830 -1.7000
v -11.0513 0.0830 -1.7000
v -11.0513 0.4848 -1.7000
v -11.8005 0.4848 -1.7000
v -11.8005 0.0830 1.7000
v -11.0513 0.0830 1.7000
v -11.0513 0.4848 1.7000
v -11.8005 0.4848 1.7000
v -11.0513 0.0830 -1.7000
v -10.9264 0.0830 -1.7000
v -10.9264 0.4848 -1.7000
v -11.0513 0.4848 -1.7000
v -11.0513 0.0830 1.7000
v -10.9264 0.0830 1.7000
v -10.9264 0.4848 1.7000
v -11.0513 0.4848 1.7000
v -10.9264 0.0830 -1.7000
v -8.8036 0.0830 -1.7000
v -8.8036 0.4848 -1.7000
v -10.9264 0.4848 -1.7000
v -10.9264 0.0830 1.7000
v -8.8036 0.0830 1.7000
v -8.8036 0.4848 1.7000
v -10.9264 0.4848 1.7000
v -8.8036 0.0830 -1.7000
v -8.6787 0.0830 -1.7000
v -8.6787 0.4848 -1.7000
v -8.8036 0.4848 -1.7000
v -8.8036 0.0830 1.7000
v -8.6787 0.0830 1.7000
v -8.6787 0.4848 1.7000
v -8.8036 0.4848 1.7000
v -8.6787 0.0830 -1.7000
v -4.4330 0.0830 -1.7000
v -4.4330 0.4848 -1.7000
v -8.6787 0.4848 -1.7000
v -8.6787 0.0830 1.7000
v -4.4330 0.0830 1.7000
v -4.4330 0.4848 1.7000
v -8.6787 0.4848 1.7000
v -4.4330 0.0830 -1.7000
v -4.3081 0.0830 -1.7000
v -4.3081 0.4848 -1.7000
v -4.4330 0.4848 -1.7000
v -4.4330 0.0830 1.7000
v -4.3081 0.0830 1.7000
v -4.3081 0.4848 1.7000
v -4.4330 0.4848 1.7000
v -4.3081 0.0830 -1.7000
v -0.0624 0.0830 -1.7000
v -0.0624 0.4848 -1.7000
v -4.3081 0.4848 -1.7000
v -4.3081 0.0830 1.7000
v -0.0624 0.0830 1.7000
v -0.0624 0.4848 1.7000
v -4.3081 0.4848 1.7000
v -0.0624 0.0830 -1.7000
v 0.0624 0.0830 -1.7000
v 0.0624 0.4848 -1.7000
v -0.0624 0.4848 -1.7000
v -0.0624 0.0830 1.7000
v 0.0624 0.0830 1.7000
v 0.0624 0.4848 1.7000
v -0.0624 0.4848 1.7000
v 0.0624 0.0830 -1.7000
v 2.1853 0.0830 -1.7000
v 2.1853 0.4848 -1.7000
v 0.0624 0.4848 -1.7000
v 0.0624 0.0830 1.7000
v 2.1853 0.0830 1.7000
v 2.1853 0.4848 1.7000
v 0.0624 0.4848 1.7000
v 2.1853 0.0830 -1.7000
v 2.3102 0.0830 -1.7000
v 2.3102 0.4848 -1.7000
v 2.1853 0.4848 -1.7000
v 2.1853 0.0830 1.7000
v 2.3102 0.0830 1.7000
v 2.3102 0.4848 1.7000
v 2.1853 0.4848 1.7000
v 2.3102 0.0830 -1.7000
v 6.5558 0.0830 -1.7000
v 6.5558 0.4848 -1.7000
v 2.3102 0.4848 -1.7000
v 2.3102 0.0830 1.7000
v 6.5558 0.0830 1.7000
v 6.5558 0.4848 1.7000
v 2.3102 0.4848 1.7000
v 6.5558 0.0830 -1.7000
v 6.6807 0.0830 -1.7000
v 6.6807 0.4848 -1.7000
v 6.5558 0.4848 -1.7000
v 6.5558 0.0830 1.7000
v 6.6807 0.0830 1.7000
v 6.6807 0.4848 1.7000
v 6.5558 0.4848 1.7000
v 6.6807 0.0830 -1.7000
v 11.8005 0.0830 -1.7000
v 11.8005 0.4848 -1.7000
v 6.6807 0.4848 -1.7000
v 6.6807 0.0830 1.7000
v 11.8005 0.0830 1.7000
v 11.8005 0.4848 1.7000
v 6.6807 0.4848 1.7000
v 11.8005 0.0830 -1.6650
v 11.9254 0.0830 -1.6650
v 11.9254 0.4848 -1.6650
v 11.8005 0.4848 -1.6650
v 11.8005 0.0830 1.6650
v 11.9254 0.0830 1.6650
v 11.9254 0.4848 1.6650
v 11.8005 0.4848 1.6650
v 11.9254 0.0830 -1.6700
v 12.0503 0.0830 -1.6700
v 12.0503 0.4848 -1.6700
v 11.9254 0.4848 -1.6700
v 11.9254 0.0830 1.6700
v 12.0503 0.0830 1.6700
v 12.0503 0.4848 1.6700
v 11.9254 0.4848 1.6700
v 12.0503 0.0830 -1.6100
v 12.3000 0.0830 -1.6100
v 12.3000 0.4848 -1.6100
v 12.0503 0.4848 -1.6100
v 12.0503 0.0830 1.6100
v 12.3000 0.0830 1.6100
v 12.3000 0.4848 1.6100
v 12.0503 0.4848 1.6100
v -12.3000 0.4848 1.5400
v -12.0503 0.4848 1.5400
v -12.0503 3.3974 1.5400
v -12.3000 3.3974 1.5400
v -12.3000 0.4848 1.6100
v -12.0503 0.4848 1.6100
v -12.0503 3.3974 1.6100
v -12.3000 3.3974 1.6100
v -12.3000 0.4848 -1.6100
v -12.0503 0.4848 -1.6100
v -12.0503 3.3974 -1.6100
v -12.3000 3.3974 -1.6100
v -12.3000 0.4848 -1.5400
v -12.0503 0.4848 -1.5400
v -12.0503 3.3974 -1.5400
v -12.3000 3.3974 -1.5400
v -12.0503 0.4848 1.6000
v -11.9254 0.4848 1.6000
v -11.9254 3.3974 1.6000
v -12.0503 3.3974 1.6000
v -12.0503 0.4848 1.6700
v -11.9254 0.4848 1.6700
v -11.9254 3.3974 1.6700
v -12.0503 3.3974 1.6700
v -12.0503 0.4848 -1.6700
v -11.9254 0.4848 -1.6700
v -11.9254 3.3974 -1.6700
v -12.0503 3.3974 -1.6700
v -12.0503 0.4848 -1.6000
v -11.9254 0.4848 -1.6000
v -11.9254 3.3974 -1.6000
v -12.0503 3.3974 -1.6000
v -11.9254 0.4848 1.5950
v -11.8005 0.4848 1.5950
v -11.8005 1.1878 1.5950
v -11.9254 1.1878 1.5950
v -11.9254 0.4848 1.6650
v -11.8005 0.4848 1.6650
v -11.8005 1.1878 1.6650
v -11.9254 1.1878 1.6650
v -11.9254 1.4891 1.5950
v -11.8005 1.4891 1.5950
v -11.8005 1.5896 1.5950
v -11.9254 1.5896 1.5950
v -11.9254 1.4891 1.6650
v -11.8005 1.4891 1.6650
v -11.8005 1.5896 1.6650
v -11.9254 1.5896 1.6650
v -11.9254 2.5939 1.5950
v -11.8005 2.5939 1.5950
v -11.8005 3.3974 1.5950
v -11.9254 3.3974 1.5950
v -11.9254 2.5939 1.6650
v -11.8005 2.5939 1.6650
v -11.8005 3.3974 1.6650
v -11.9254 3.3974 1.6650
v -11.9254 0.4848 -1.6650
v -11.8005 0.4848 -1.6650
v -11.8005 1.1878 -1.6650
v -11.9254 1.1878 -1.6650
v -11.9254 0.4848 -1.5950
v -11.8005 0.4848 -1.5950
v -11.8005 1.1878 -1.5950
v -11.9254 1.1878 -1.5950
v -11.9254 1.4891 -1.6650
v -11.8005 1.4891 -1.6650
v -11.8005 1.5896 -1.6650
v -11.9254 1.5896 -1.6650
v -11.9254 1.4891 -1.5950
v -11.8005 1.4891 -1.5950
v -11.8005 1.5896 -1.5950
v -11.9254 1.5896 -1.5950
v -11.9254 2.5939 -1.6650
v -11.8005 2.5939 -1.6650
v -11.8005 3.3974 -1.6650
v -11.9254 3.3974 -1.6650
v -11.9254 2.5939 -1.5950
v -11.8005 2.5939 -1.5950
v -11.8005 3.3974 -1.5950
v -11.9254 3.3974 -1.5950
v -11.8005 0.4848 1.6300
v -10.5518 0.4848 1.6300
v -10.5518 1.1878 1.6300
v -11.8005 1.1878 1.6300
v -11.8005 0.4848 1.7000
v -10.5518 0.4848 1.7000
v -10.5518 1.1878 1.7000
v -11.8005 1.1878 1.7000
v -11.8005 1.4891 1.6300
v -10.5518 1.4891 1.6300
v -10.5518 1.5896 1.6300
v -11.8005 1.5896 1.6300
v -11.8005 1.4891 1.7000
v -10.5518 1.4891 1.7000
v -10.5518 1.5896 1.7000
v -11.8005 1.5896 1.7000
v -11.8005 2.5939 1.6300
v -10.5518 2.5939 1.6300
v -10.5518 2.7948 1.6300
v -11.8005 2.7948 1.6300
v -11.8005 2.5939 1.7000
v -10.5518 2.5939 1.7000
v -10.5518 2.7948 1.7000
v -11.8005 2.7948 1.7000
v -11.8005 0.4848 -1.7000
v -10.5518 0.4848 -1.7000
v -10.5518 1.1878 -1.7000
v -11.8005 1.1878 -1.7000
v -11.8005 0.4848 -1.6300
v -10.5518 0.4848 -1.6300
v -10.5518 1.1878 -1.6300
v -11.8005 1.1878 -1.6300
v -11.8005 1.4891 -1.7000
v -10.5518 1.4891 -1.7000
v -10.5518 1.5896 -1.7000
v -11.8005 1.5896 -1.7000
v -11.8005 1.4891 -1.6300
v -10.5518 1.4891 -1.6300
v -10.5518 1.5896 -1.6300
v -11.8005 1.5896 -1.6300
v -11.8005 2.5939 -1.7000
v -10.5518 2.5939 -1.7000
v -10.5518 2.7948 -1.7000
v -11.8005 2.7948 -1.7000
v -11.8005 2.5939 -1.6300
v -10.5518 2.5939 -1.6300
v -10.5518 2.7948 -1.6300
v -11.8005 2.7948 -1.6300
v -9.4279 0.4848 1.6300
v 11.8005 0.4848 1.6300
v 11.8005 1.1878 1.6300
v -9.4279 1.1878 1.6300
v -9.4279 0.4848 1.7000
v 11.8005 0.4848 1.7000
v 11.8005 1.1878 1.7000
v -9.4279 1.1878 1.7000
v -9.4279 1.4891 1.6300
v 11.8005 1.4891 1.6300
v 11.8005 1.5896 1.6300
v -9.4279 1.5896 1.6300
v -9.4279 1.4891 1.7000
v 11.8005 1.4891 1.7000
v 11.8005 1.5896 1.7000
v -9.4279 1.5896 1.7000
v -9.4279 2.5939 1.6300
v 11.8005 2.5939 1.6300
v 11.8005 2.7948 1.6300
v -9.4279 2.7948 1.6300
v -9.4279 2.5939 1.7000
v 11.8005 2.5939 1.7000
v 11.8005 2.7948 1.7000
v -9.4279 2.7948 1.7000
v -9.4279 0.4848 -1.7000
v 11.8005 0.4848 -1.7000
v 11.8005 1.1878 -1.7000
v -9.4279 1.1878 -1.7000
v -9.4279 0.4848 -1.6300
v 11.8005 0.4848 -1.6300
v 11.8005 1.1878 -1.6300
v -9.4279 1.1878 -1.6300
v -9.4279 1.4891 -1.7000
v 11.8005 1.4891 -1.7000
v 11.8005 1.5896 -1.7000
v -9.4279 1.5896 -1.7000
v -9.4279 1.4891 -1.6300
v 11.8005 1.4891 -1.6300
v 11.8005 1.5896 -1.6300
v -9.4279 1.5896 -1.6300
v -9.4279 2.5939 -1.7000
v 11.8005 2.5939 -1.7000
v 11.8005 2.7948 -1.7000
v -9.4279 2.7948 -1.7000
v -9.4279 2.5939 -1.6300
v 11.8005 2.5939 -1.6300
v 11.8005 2.7948 -1.6300
v -9.4279 2.7948 -1.6300
v 11.8005 0.4848 1.5950
v 11.9254 0.4848 1.5950
v 11.9254 1.1878 1.5950
v 11.8005 1.1878 1.5950
v 11.8005 0.4848 1.6650
v 11.9254 0.4848 1.6650
v 11.9254 1.1878 1.6650
v 11.8005 1.1878 1.6650
v 11.8005 1.4891 1.5950
v 11.9254 1.4891 1.5950
v 11.9254 3.3974 1.5950
v 11.8005 3.3974 1.5950
v 11.8005 1.4891 1.6650
v 11.9254 1.4891 1.6650
v 11.9254 3.3974 1.6650
v 11.8005 3.3974 1.6650
v 11.8005 0.4848 -1.6650
v 11.9254 0.4848 -1.6650
v 11.9254 1.1878 -1.6650
v 11.8005 1.1878 -1.6650
v 11.8005 0.4848 -1.5950
v 11.9254 0.4848 -1.5950
v 11.9254 1.1878 -1.5950
v 11.8005 1.1878 -1.5950
v 11.8005 1.4891 -1.6650
v 11.9254 1.4891 -1.6650
v 11.9254 3.3974 -1.6650
v 11.8005 3.3974 -1.6650
v 11.8005 1.4891 -1.5950
v 11.9254 1.4891 -1.5950
v 11.9254 3.3974 -1.5950
v 11.8005 3.3974 -1.5950
v 11.9254 0.4848 1.6000
v 12.0503 0.4848 1.6000
v 12.0503 3.3974 1.6000
v 11.9254 3.3974 1.6000
v 11.9254 0.4848 1.6700
v 12.0503 0.4848 1.6700
v 12.0503 3.3974 1.6700
v 11.9254 3.3974 1.6700
v 11.9254 0.4848 -1.6700
v 12.0503 0.4848 -1.6700
v 12.0503 3.3974 -1.6700
v 11.9254 3.3974 -1.6700
v 11.9254 0.4848 -1.6000
v 12.0503 0.4848 -1.6000
v 12.0503 3.3974 -1.6000
v 11.9254 3.3974 -1.6000
v 12.0503 0.4848 1.5400
v 12.3000 0.4848 1.5400
v 12.3000 3.3974 1.5400
v 12.0503 3.3974 1.5400
v 12.0503 0.4848 1.6100
v 12.3000 0.4848 1.6100
v 12.3000 3.3974 1.6100
v 12.0503 3.3974 1.6100
v 12.0503 0.4848 -1.6100
v 12.3000 0.4848 -1.6100
v 12.3000 3.3974 -1.6100
v 12.0503 3.3974 -1.6100
v 12.0503 0.4848 -1.5400
v 12.3000 0.4848 -1.5400
v 12.3000 3.3974 -1.5400
v 12.0503 3.3974 -1.5400
v -11.9254 1.1878 1.5950
v -11.8005 1.1878 1.5950
v -11.8005 1.2883 1.5950
v -11.9254 1.2883 1.5950
v -11.9254 1.1878 1.6650
v -11.8005 1.1878 1.6650
v -11.8005 1.2883 1.6650
v -11.9254 1.2883 1.6650
v -11.9254 1.1878 -1.6650
v -11.8005 1.1878 -1.6650
v -11.8005 1.2883 -1.6650
v -11.9254 1.2883 -1.6650
v -11.9254 1.1878 -1.5950
v -11.8005 1.1878 -1.5950
v -11.8005 1.2883 -1.5950
v -11.9254 1.2883 -1.5950
v -11.8005 1.1878 1.6300
v -10.5518 1.1878 1.6300
v -10.5518 1.2883 1.6300
v -11.8005 1.2883 1.6300
v -11.8005 1.1878 1.7000
v -10.5518 1.1878 1.7000
v -10.5518 1.2883 1.7000
v -11.8005 1.2883 1.7000
v -11.8005 1.1878 -1.7000
v -10.5518 1.1878 -1.7000
v -10.5518 1.2883 -1.7000
v -11.8005 1.2883 -1.7000
v -11.8005 1.1878 -1.6300
v -10.5518 1.1878 -1.6300
v -10.5518 1.2883 -1.6300
v -11.8005 1.2883 -1.6300
v -9.4279 1.1878 1.6300
v 11.8005 1.1878 1.6300
v 11.8005 1.2883 1.6300
v -9.4279 1.2883 1.6300
v -9.4279 1.1878 1.7000
v 11.8005 1.1878 1.7000
v 11.8005 1.2883 1.7000
v -9.4279 1.2883 1.7000
v -9.4279 1.1878 -1.7000
v 11.8005 1.1878 -1.7000
v 11.8005 1.2883 -1.7000
v -9.4279 1.2883 -1.7000
v -9.4279 1.1878 -1.6300
v 11.8005 1.1878 -1.6300
v 11.8005 1.2883 -1.6300
v -9.4279 1.2883 -1.6300
v 11.8005 1.1878 1.5950
v 11.9254 1.1878 1.5950
v 11.9254 1.2883 1.5950
v 11.8005 1.2883 1.5950
v 11.8005 1.1878 1.6650
v 11.9254 1.1878 1.6650
v 11.9254 1.2883 1.6650
v 11.8005 1.2883 1.6650
v 11.8005 1.1878 -1.6650
v 11.9254 1.1878 -1.6650
v 11.9254 1.2883 -1.6650
v 11.8005 1.2883 -1.6650
v 11.8005 1.1878 -1.5950
v 11.9254 1.1878 -1.5950
v 11.9254 1.2883 -1.5950
v 11.8005 1.2883 -1.5950
v -11.9254 1.2883 1.5950
v -11.8005 1.2883 1.5950
v -11.8005 1.3887 1.5950
v -11.9254 1.3887 1.5950
v -11.9254 1.2883 1.6650
v -11.8005 1.2883 1.6650
v -11.8005 1.3887 1.6650
v -11.9254 1.3887 1.6650
v -11.9254 1.2883 -1.6650
v -11.8005 1.2883 -1.6650
v -11.8005 1.3887 -1.6650
v -11.9254 1.3887 -1.6650
v -11.9254 1.2883 -1.5950
v -11.8005 1.2883 -1.5950
v -11.8005 1.3887 -1.5950
v -11.9254 1.3887 -1.5950
v -11.8005 1.2883 1.6300
v -10.5518 1.2883 1.6300
v -10.5518 1.3887 1.6300
v -11.8005 1.3887 1.6300
v -11.8005 1.2883 1.7000
v -10.5518 1.2883 1.7000
v -10.5518 1.3887 1.7000
v -11.8005 1.3887 1.7000
v -11.8005 1.2883 -1.7000
v -10.5518 1.2883 -1.7000
v -10.5518 1.3887 -1.7000
v -11.8005 1.3887 -1.7000
v -11.8005 1.2883 -1.6300
v -10.5518 1.2883 -1.6300
v -10.5518 1.3887 -1.6300
v -11.8005 1.3887 -1.6300
v -9.4279 1.2883 1.6300
v 11.8005 1.2883 1.6300
v 11.8005 1.3887 1.6300
v -9.4279 1.3887 1.6300
v -9.4279 1.2883 1.7000
v 11.8005 1.2883 1.7000
v 11.8005 1.3887 1.7000
v -9.4279 1.3887 1.7000
v -9.4279 1.2883 -1.7000
v 11.8005 1.2883 -1.7000
v 11.8005 1.3887 -1.7000
v -9.4279 1.3887 -1.7000
v -9.4279 1.2883 -1.6300
v 11.8005 1.2883 -1.6300
v 11.8005 1.3887 -1.6300
v -9.4279 1.3887 -1.6300
v 11.8005 1.2883 1.5950
v 11.9254 1.2883 1.5950
v 11.9254 1.3887 1.5950
v 11.8005 1.3887 1.5950
v 11.8005 1.2883 1.6650
v 11.9254 1.2883 1.6650
v 11.9254 1.3887 1.6650
v 11.8005 1.3887 1.6650
v 11.8005 1.2883 -1.6650
v 11.9254 1.2883 -1.6650
v 11.9254 1.3887 -1.6650
v 11.8005 1.3887 -1.6650
v 11.8005 1.2883 -1.5950
v 11.9254 1.2883 -1.5950
v 11.9254 1.3887 -1.5950
v 11.8005 1.3887 -1.5950
v -11.9254 1.3887 1.5950
v -11.8005 1.3887 1.5950
v -11.8005 1.4891 1.5950
v -11.9254 1.4891 1.5950
v -11.9254 1.3887 1.6650
v -11.8005 1.3887 1.6650
v -11.8005 1.4891 1.6650
v -11.9254 1.4891 1.6650
v -11.9254 1.3887 -1.6650
v -11.8005 1.3887 -1.6650
v -11.8005 1.4891 -1.6650
v -11.9254 1.4891 -1.6650
v -11.9254 1.3887 -1.5950
v -11.8005 1.3887 -1.5950
v -11.8005 1.4891 -1.5950
v -11.9254 1.4891 -1.5950
v -11.8005 1.3887 1.6300
v -10.5518 1.3887 1.6300
v -10.5518 1.4891 1.6300
v -11.8005 1.4891 1.6300
v -11.8005 1.3887 1.7000
v -10.5518 1.3887 1.7000
v -10.5518 1.4891 1.7000
v -11.8005 1.4891 1.7000
v -11.8005 1.3887 -1.7000
v -10.5518 1.3887 -1.7000
v -10.5518 1.4891 -1.7000
v -11.8005 1.4891 -1.7000
v -11.8005 1.3887 -1.6300
v -10.5518 1.3887 -1.6300
v -10.5518 1.4891 -1.6300
v -11.8005 1.4891 -1.6300
v -9.4279 1.3887 1.6300
v 11.8005 1.3887 1.6300
v 11.8005 1.4891 1.6300
v -9.4279 1.4891 1.6300
v -9.4279 1.3887 1.7000
v 11.8005 1.3887 1.7000
v 11.8005 1.4891 1.7000
v -9.4279 1.4891 1.7000
v -9.4279 1.3887 -1.7000
v 11.8005 1.3887 -1.7000
v 11.8005 1.4891 -1.7000
v -9.4279 1.4891 -1.7000
v -9.4279 1.3887 -1.6300
v 11.8005 1.3887 -1.6300
v 11.8005 1.4891 -1.6300
v -9.4279 1.4891 -1.6300
v 11.8005 1.3887 1.5950
v 11.9254 1.3887 1.5950
v 11.9254 1.4891 1.5950
v 11.8005 1.4891 1.5950
v 11.8005 1.3887 1.6650
v 11.9254 1.3887 1.6650
v 11.9254 1.4891 1.6650
v 11.8005 1.4891 1.6650
v 11.8005 1.3887 -1.6650
v 11.9254 1.3887 -1.6650
v 11.9254 1.4891 -1.6650
v 11.8005 1.4891 -1.6650
v 11.8005 1.3887 -1.5950
v 11.9254 1.3887 -1.5950
v 11.9254 1.4891 -1.5950
v 11.8005 1.4891 -1.5950
v -11.9254 1.5896 1.5950
v -11.8005 1.5896 1.5950
v -11.8005 2.5939 1.5950
v -11.9254 2.5939 1.5950
v -11.9254 1.5896 1.6450
v -11.8005 1.5896 1.6450
v -11.8005 2.5939 1.6450
v -11.9254 2.5939 1.6450
v -11.9254 1.5896 -1.6450
v -11.8005 1.5896 -1.6450
v -11.8005 2.5939 -1.6450
v -11.9254 2.5939 -1.6450
v -11.9254 1.5896 -1.5950
v -11.8005 1.5896 -1.5950
v -11.8005 2.5939 -1.5950
v -11.9254 2.5939 -1.5950
v -11.8005 1.5896 1.6300
v -11.4259 1.5896 1.6300
v -11.4259 2.5939 1.6300
v -11.8005 2.5939 1.6300
v -11.8005 1.5896 1.6800
v -11.4259 1.5896 1.6800
v -11.4259 2.5939 1.6800
v -11.8005 2.5939 1.6800
v -11.8005 1.5896 -1.6800
v -11.4259 1.5896 -1.6800
v -11.4259 2.5939 -1.6800
v -11.8005 2.5939 -1.6800
v -11.8005 1.5896 -1.6300
v -11.4259 1.5896 -1.6300
v -11.4259 2.5939 -1.6300
v -11.8005 2.5939 -1.6300
v -11.4259 1.5896 1.6300
v -11.0513 1.5896 1.6300
v -11.0513 2.5939 1.6300
v -11.4259 2.5939 1.6300
v -11.4259 1.5896 1.7000
v -11.0513 1.5896 1.7000
v -11.0513 2.5939 1.7000
v -11.4259 2.5939 1.7000
v -11.4259 1.5896 -1.7000
v -11.0513 1.5896 -1.7000
v -11.0513 2.5939 -1.7000
v -11.4259 2.5939 -1.7000
v -11.4259 1.5896 -1.6300
v -11.0513 1.5896 -1.6300
v -11.0513 2.5939 -1.6300
v -11.4259 2.5939 -1.6300
v -11.0513 1.5896 1.6300
v -10.5518 1.5896 1.6300
v -10.5518 2.5939 1.6300
v -11.0513 2.5939 1.6300
v -11.0513 1.5896 1.6800
v -10.5518 1.5896 1.6800
v -10.5518 2.5939 1.6800
v -11.0513 2.5939 1.6800
v -11.0513 1.5896 -1.6800
v -10.5518 1.5896 -1.6800
v -10.5518 2.5939 -1.6800
v -11.0513 2.5939 -1.6800
v -11.0513 1.5896 -1.6300
v -10.5518 1.5896 -1.6300
v -10.5518 2.5939 -1.6300
v -11.0513 2.5939 -1.6300
v -9.4279 1.5896 1.6300
v -9.0533 1.5896 1.6300
v -9.0533 2.5939 1.6300
v -9.4279 2.5939 1.6300
v -9.4279 1.5896 1.7000
v -9.0533 1.5896 1.7000
v -9.0533 2.5939 1.7000
v -9.4279 2.5939 1.7000
v -9.4279 1.5896 -1.7000
v -9.0533 1.5896 -1.7000
v -9.0533 2.5939 -1.7000
v -9.4279 2.5939 -1.7000
v -9.4279 1.5896 -1.6300
v -9.0533 1.5896 -1.6300
v -9.0533 2.5939 -1.6300
v -9.4279 2.5939 -1.6300
v -9.0533 1.5896 1.6300
v -8.4289 1.5896 1.6300
v -8.4289 2.5939 1.6300
v -9.0533 2.5939 1.6300
v -9.0533 1.5896 1.6800
v -8.4289 1.5896 1.6800
v -8.4289 2.5939 1.6800
v -9.0533 2.5939 1.6800
v -9.0533 1.5896 -1.6800
v -8.4289 1.5896 -1.6800
v -8.4289 2.5939 -1.6800
v -9.0533 2.5939 -1.6800
v -9.0533 1.5896 -1.6300
v -8.4289 1.5896 -1.6300
v -8.4289 2.5939 -1.6300
v -9.0533 2.5939 -1.6300
v -8.4289 1.5896 1.6300
v -8.0543 1.5896 1.6300
v -8.0543 2.5939 1.6300
v -8.4289 2.5939 1.6300
v -8.4289 1.5896 1.7000
v -8.0543 1.5896 1.7000
v -8.0543 2.5939 1.7000
v -8.4289 2.5939 1.7000
v -8.4289 1.5896 -1.7000
v -8.0543 1.5896 -1.7000
v -8.0543 2.5939 -1.7000
v -8.4289 2.5939 -1.7000
v -8.4289 1.5896 -1.6300
v -8.0543 1.5896 -1.6300
v -8.0543 2.5939 -1.6300
v -8.4289 2.5939 -1.6300
v -8.0543 1.5896 1.6300
v -7.4299 1.5896 1.6300
v -7.4299 2.5939 1.6300
v -8.0543 2.5939 1.6300
v -8.0543 1.5896 1.6800
v -7.4299 1.5896 1.6800
v -7.4299 2.5939 1.6800
v -8.0543 2.5939 1.6800
v -8.0543 1.5896 -1.6800
v -7.4299 1.5896 -1.6800
v -7.4299 2.5939 -1.6800
v -8.0543 2.5939 -1.6800
v -8.0543 1.5896 -1.6300
v -7.4299 1.5896 -1.6300
v -7.4299 2.5939 -1.6300
v -8.0543 2.5939 -1.6300
v -7.4299 1.5896 1.6300
v -7.0553 1.5896 1.6300
v -7.0553 2.5939 1.6300
v -7.4299 2.5939 1.6300
v -7.4299 1.5896 1.7000
v -7.0553 1.5896 1.7000
v -7.0553 2.5939 1.7000
v -7.4299 2.5939 1.7000
v -7.4299 1.5896 -1.7000
v -7.0553 1.5896 -1.7000
v -7.0553 2.5939 -1.7000
v -7.4299 2.5939 -1.7000
v -7.4299 1.5896 -1.6300
v -7.0553 1.5896 -1.6300
v -7.0553 2.5939 -1.6300
v -7.4299 2.5939 -1.6300
v -7.0553 1.5896 1.6300
v -6.4310 1.5896 1.6300
v -6.4310 2.5939 1.6300
v -7.0553 2.5939 1.6300
v -7.0553 1.5896 1.6800
v -6.4310 1.5896 1.6800
v -6.4310 2.5939 1.6800
v -7.0553 2.5939 1.6800
v -7.0553 1.5896 -1.6800
v -6.4310 1.5896 -1.6800
v -6.4310 2.5939 -1.6800
v -7.0553 2.5939 -1.6800
v -7.0553 1.5896 -1.6300
v -6.4310 1.5896 -1.6300
v -6.4310 2.5939 -1.6300
v -7.0553 2.5939 -1.6300
v -6.4310 1.5896 1.6300
v -6.0563 1.5896 1.6300
v -6.0563 2.5939 1.6300
v -6.4310 2.5939 1.6300
v -6.4310 1.5896 1.7000
v -6.0563 1.5896 1.7000
v -6.0563 2.5939 1.7000
v -6.4310 2.5939 1.7000
v -6.4310 1.5896 -1.7000
v -6.0563 1.5896 -1.7000
v -6.0563 2.5939 -1.7000
v -6.4310 2.5939 -1.7000
v -6.4310 1.5896 -1.6300
v -6.0563 1.5896 -1.6300
v -6.0563 2.5939 -1.6300
v -6.4310 2.5939 -1.6300
v -6.0563 1.5896 1.6300
v -5.4320 1.5896 1.6300
v -5.4320 2.5939 1.6300
v -6.0563 2.5939 1.6300
v -6.0563 1.5896 1.6800
v -5.4320 1.5896 1.6800
v -5.4320 2.5939 1.6800
v -6.0563 2.5939 1.6800
v -6.0563 1.5896 -1.6800
v -5.4320 1.5896 -1.6800
v -5.4320 2.5939 -1.6800
v -6.0563 2.5939 -1.6800
v -6.0563 1.5896 -1.6300
v -5.4320 1.5896 -1.6300
v -5.4320 2.5939 -1.6300
v -6.0563 2.5939 -1.6300
v -5.4320 1.5896 1.6300
v -5.0574 1.5896 1.6300
v -5.0574 2.5939 1.6300
v -5.4320 2.5939 1.6300
v -5.4320 1.5896 1.7000
v -5.0574 1.5896 1.7000
v -5.0574 2.5939 1.7000
v -5.4320 2.5939 1.7000
v -5.4320 1.5896 -1.7000
v -5.0574 1.5896 -1.7000
v -5.0574 2.5939 -1.7000
v -5.4320 2.5939 -1.7000
v -5.4320 1.5896 -1.6300
v -5.0574 1.5896 -1.6300
v -5.0574 2.5939 -1.6300
v -5.4320 2.5939 -1.6300
v -5.0574 1.5896 1.6300
v -4.4330 1.5896 1.6300
v -4.4330 2.5939 1.6300
v -5.0574 2.5939 1.6300
v -5.0574 1.5896 1.6800
v -4.4330 1.5896 1.6800
v -4.4330 2.5939 1.6800
v -5.0574 2.5939 1.6800
v -5.0574 1.5896 -1.6800
v -4.4330 1.5896 -1.6800
v -4.4330 2.5939 -1.6800
v -5.0574 2.5939 -1.6800
v -5.0574 1.5896 -1.6300
v -4.4330 1.5896 -1.6300
v -4.4330 2.5939 -1.6300
v -5.0574 2.5939 -1.6300
v -4.4330 1.5896 1.6300
v -4.0584 1.5896 1.6300
v -4.0584 2.5939 1.6300
v -4.4330 2.5939 1.6300
v -4.4330 1.5896 1.7000
v -4.0584 1.5896 1.7000
v -4.0584 2.5939 1.7000
v -4.4330 2.5939 1.7000
v -4.4330 1.5896 -1.7000
v -4.0584 1.5896 -1.7000
v -4.0584 2.5939 -1.7000
v -4.4330 2.5939 -1.7000
v -4.4330 1.5896 -1.6300
v -4.0584 1.5896 -1.6300
v -4.0584 2.5939 -1.6300
v -4.4330 2.5939 -1.6300
v -4.0584 1.5896 1.6300
v -3.4340 1.5896 1.6300
v -3.4340 2.5939 1.6300
v -4.0584 2.5939 1.6300
v -4.0584 1.5896 1.6800
v -3.4340 1.5896 1.6800
v -3.4340 2.5939 1.6800
v -4.0584 2.5939 1.6800
v -4.0584 1.5896 -1.6800
v -3.4340 1.5896 -1.6800
v -3.4340 2.5939 -1.6800
v -4.0584 2.5939 -1.6800
v -4.0584 1.5896 -1.6300
v -3.4340 1.5896 -1.6300
v -3.4340 2.5939 -1.6300
v -4.0584 2.5939 -1.6300
v -3.4340 1.5896 1.6300
v -3.0594 1.5896 1.6300
v -3.0594 2.5939 1.6300
v -3.4340 2.5939 1.6300
v -3.4340 1.5896 1.7000
v -3.0594 1.5896 1.7000
v -3.0594 2.5939 1.7000
v -3.4340 2.5939 1.7000
v -3.4340 1.5896 -1.7000
v -3.0594 1.5896 -1.7000
v -3.0594 2.5939 -1.7000
v -3.4340 2.5939 -1.7000
v -3.4340 1.5896 -1.6300
v -3.0594 1.5896 -1.6300
v -3.0594 2.5939 -1.6300
v -3.4340 2.5939 -1.6300
v -3.0594 1.5896 1.6300
v -2.4350 1.5896 1.6300
v -2.4350 2.5939 1.6300
v -3.0594 2.5939 1.6300
v -3.0594 1.5896 1.6800
v -2.4350 1.5896 1.6800
v -2.4350 2.5939 1.6800
v -3.0594 2.5939 1.6800
v -3.0594 1.5896 -1.6800
v -2.4350 1.5896 -1.6800
v -2.4350 2.5939 -1.6800
v -3.0594 2.5939 -1.6800
v -3.0594 1.5896 -1.6300
v -2.4350 1.5896 -1.6300
v -2.4350 2.5939 -1.6300
v -3.0594 2.5939 -1.6300
v -2.4350 1.5896 1.6300
v -2.0604 1.5896 1.6300
v -2.0604 2.5939 1.6300
v -2.4350 2.5939 1.6300
v -2.4350 1.5896 1.7000
v -2.0604 1.5896 1.7000
v -2.0604 2.5939 1.7000
v -2.4350 2.5939 1.7000
v -2.4350 1.5896 -1.7000
v -2.0604 1.5896 -1.7000
v -2.0604 2.5939 -1.7000
v -2.4350 2.5939 -1.7000
v -2.4350 1.5896 -1.6300
v -2.0604 1.5896 -1.6300
v -2.0604 2.5939 -1.6300
v -2.4350 2.5939 -1.6300
v -2.0604 1.5896 1.6300
v -1.4360 1.5896 1.6300
v -1.4360 2.5939 1.6300
v -2.0604 2.5939 1.6300
v -2.0604 1.5896 1.6800
v -1.4360 1.5896 1.6800
v -1.4360 2.5939 1.6800
v -2.0604 2.5939 1.6800
v -2.0604 1.5896 -1.6800
v -1.4360 1.5896 -1.6800
v -1.4360 2.5939 -1.6800
v -2.0604 2.5939 -1.6800
v -2.0604 1.5896 -1.6300
v -1.4360 1.5896 -1.6300
v -1.4360 2.5939 -1.6300
v -2.0604 2.5939 -1.6300
v -1.4360 1.5896 1.6300
v -1.0614 1.5896 1.6300
v -1.0614 2.5939 1.6300
v -1.4360 2.5939 1.6300
v -1.4360 1.5896 1.7000
v -1.0614 1.5896 1.7000
v -1.0614 2.5939 1.7000
v -1.4360 2.5939 1.7000
v -1.4360 1.5896 -1.7000
v -1.0614 1.5896 -1.7000
v -1.0614 2.5939 -1.7000
v -1.4360 2.5939 -1.7000
v -1.4360 1.5896 -1.6300
v -1.0614 1.5896 -1.6300
v -1.0614 2.5939 -1.6300
v -1.4360 2.5939 -1.6300
v -1.0614 1.5896 1.6300
v -0.4371 1.5896 1.6300
v -0.4371 2.5939 1.6300
v -1.0614 2.5939 1.6300
v -1.0614 1.5896 1.6800
v -0.4371 1.5896 1.6800
v -0.4371 2.5939 1.6800
v -1.0614 2.5939 1.6800
v -1.0614 1.5896 -1.6800
v -0.4371 1.5896 -1.6800
v -0.4371 2.5939 -1.6800
v -1.0614 2.5939 -1.6800
v -1.0614 1.5896 -1.6300
v -0.4371 1.5896 -1.6300
v -0.4371 2.5939 -1.6300
v -1.0614 2.5939 -1.6300
v -0.4371 1.5896 1.6300
v -0.0624 1.5896 1.6300
v -0.0624 2.5939 1.6300
v -0.4371 2.5939 1.6300
v -0.4371 1.5896 1.7000
v -0.0624 1.5896 1.7000
v -0.0624 2.5939 1.7000
v -0.4371 2.5939 1.7000
v -0.4371 1.5896 -1.7000
v -0.0624 1.5896 -1.7000
v -0.0624 2.5939 -1.7000
v -0.4371 2.5939 -1.7000
v -0.4371 1.5896 -1.6300
v -0.0624 1.5896 -1.6300
v -0.0624 2.5939 -1.6300
v -0.4371 2.5939 -1.6300
v -0.0624 1.5896 1.6300
v 0.5619 1.5896 1.6300
v 0.5619 2.5939 1.6300
v -0.0624 2.5939 1.6300
v -0.0624 1.5896 1.6800
v 0.5619 1.5896 1.6800
v 0.5619 2.5939 1.6800
v -0.0624 2.5939 1.6800
v -0.0624 1.5896 -1.6800
v 0.5619 1.5896 -1.6800
v 0.5619 2.5939 -1.6800
v -0.0624 2.5939 -1.6800
v -0.0624 1.5896 -1.6300
v 0.5619 1.5896 -1.6300
v 0.5619 2.5939 -1.6300
v -0.0624 2.5939 -1.6300
v 0.5619 1.5896 1.6300
v 1.0614 1.5896 1.6300
v 1.0614 2.5939 1.6300
v 0.5619 2.5939 1.6300
v 0.5619 1.5896 1.7000
v 1.0614 1.5896 1.7000
v 1.0614 2.5939 1.7000
v 0.5619 2.5939 1.7000
v 0.5619 1.5896 -1.7000
v 1.0614 1.5896 -1.7000
v 1.0614 2.5939 -1.7000
v 0.5619 2.5939 -1.7000
v 0.5619 1.5896 -1.6300
v 1.0614 1.5896 -1.6300
v 1.0614 2.5939 -1.6300
v 0.5619 2.5939 -1.6300
v 1.0614 1.5896 1.6300
v 1.5609 1.5896 1.6300
v 1.5609 2.5939 1.6300
v 1.0614 2.5939 1.6300
v 1.0614 1.5896 1.6800
v 1.5609 1.5896 1.6800
v 1.5609 2.5939 1.6800
v 1.0614 2.5939 1.6800
v 1.0614 1.5896 -1.6800
v 1.5609 1.5896 -1.6800
v 1.5609 2.5939 -1.6800
v 1.0614 2.5939 -1.6800
v 1.0614 1.5896 -1.6300
v 1.5609 1.5896 -1.6300
v 1.5609 2.5939 -1.6300
v 1.0614 2.5939 -1.6300
v 1.5609 1.5896 1.6300
v 2.0604 1.5896 1.6300
v 2.0604 2.5939 1.6300
v 1.5609 2.5939 1.6300
v 1.5609 1.5896 1.7000
v 2.0604 1.5896 1.7000
v 2.0604 2.5939 1.7000
v 1.5609 2.5939 1.7000
v 1.5609 1.5896 -1.7000
v 2.0604 1.5896 -1.7000
v 2.0604 2.5939 -1.7000
v 1.5609 2.5939 -1.7000
v 1.5609 1.5896 -1.6300
v 2.0604 1.5896 -1.6300
v 2.0604 2.5939 -1.6300
v 1.5609 2.5939 -1.6300
v 2.0604 1.5896 1.6300
v 2.5599 1.5896 1.6300
v 2.5599 2.5939 1.6300
v 2.0604 2.5939 1.6300
v 2.0604 1.5896 1.6800
v 2.5599 1.5896 1.6800
v 2.5599 2.5939 1.6800
v 2.0604 2.5939 1.6800
v 2.0604 1.5896 -1.6800
v 2.5599 1.5896 -1.6800
v 2.5599 2.5939 -1.6800
v 2.0604 2.5939 -1.6800
v 2.0604 1.5896 -1.6300
v 2.5599 1.5896 -1.6300
v 2.5599 2.5939 -1.6300
v 2.0604 2.5939 -1.6300
v 2.5599 1.5896 1.6300
v 3.0594 1.5896 1.6300
v 3.0594 2.5939 1.6300
v 2.5599 2.5939 1.6300
v 2.5599 1.5896 1.7000
v 3.0594 1.5896 1.7000
v 3.0594 2.5939 1.7000
v 2.5599 2.5939 1.7000
v 2.5599 1.5896 -1.7000
v 3.0594 1.5896 -1.7000
v 3.0594 2.5939 -1.7000
v 2.5599 2.5939 -1.7000
v 2.5599 1.5896 -1.6300
v 3.0594 1.5896 -1.6300
v 3.0594 2.5939 -1.6300
v 2.5599 2.5939 -1.6300
v 3.0594 1.5896 1.6300
v 3.5589 1.5896 1.6300
v 3.5589 2.5939 1.6300
v 3.0594 2.5939 1.6300
v 3.0594 1.5896 1.6800
v 3.5589 1.5896 1.6800
v 3.5589 2.5939 1.6800
v 3.0594 2.5939 1.6800
v 3.0594 1.5896 -1.6800
v 3.5589 1.5896 -1.6800
v 3.5589 2.5939 -1.6800
v 3.0594 2.5939 -1.6800
v 3.0594 1.5896 -1.6300
v 3.5589 1.5896 -1.6300
v 3.5589 2.5939 -1.6300
v 3.0594 2.5939 -1.6300
v 3.5589 1.5896 1.6300
v 4.0584 1.5896 1.6300
v 4.0584 2.5939 1.6300
v 3.5589 2.5939 1.6300
v 3.5589 1.5896 1.7000
v 4.0584 1.5896 1.7000
v 4.0584 2.5939 1.7000
v 3.5589 2.5939 1.7000
v 3.5589 1.5896 -1.7000
v 4.0584 1.5896 -1.7000
v 4.0584 2.5939 -1.7000
v 3.5589 2.5939 -1.7000
v 3.5589 1.5896 -1.6300
v 4.0584 1.5896 -1.6300
v 4.0584 2.5939 -1.6300
v 3.5589 2.5939 -1.6300
v 4.0584 1.5896 1.6300
v 4.5579 1.5896 1.6300
v 4.5579 2.5939 1.6300
v 4.0584 2.5939 1.6300
v 4.0584 1.5896 1.6800
v 4.5579 1.5896 1.6800
v 4.5579 2.5939 1.6800
v 4.0584 2.5939 1.6800
v 4.0584 1.5896 -1.6800
v 4.5579 1.5896 -1.6800
v 4.5579 2.5939 -1.6800
v 4.0584 2.5939 -1.6800
v 4.0584 1.5896 -1.6300
v 4.5579 1.5896 -1.6300
v 4.5579 2.5939 -1.6300
v 4.0584 2.5939 -1.6300
v 4.5579 1.5896 1.6300
v 5.0574 1.5896 1.6300
v 5.0574 2.5939 1.6300
v 4.5579 2.5939 1.6300
v 4.5579 1.5896 1.7000
v 5.0574 1.5896 1.7000
v 5.0574 2.5939 1.7000
v 4.5579 2.5939 1.7000
v 4.5579 1.5896 -1.7000
v 5.0574 1.5896 -1.7000
v 5.0574 2.5939 -1.7000
v 4.5579 2.5939 -1.7000
v 4.5579 1.5896 -1.6300
v 5.0574 1.5896 -1.6300
v 5.0574 2.5939 -1.6300
v 4.5579 2.5939 -1.6300
v 5.0574 1.5896 1.6300
v 5.5569 1.5896 1.6300
v 5.5569 2.5939 1.6300
v 5.0574 2.5939 1.6300
v 5.0574 1.5896 1.6800
v 5.5569 1.5896 1.6800
v 5.5569 2.5939 1.6800
v 5.0574 2.5939 1.6800
v 5.0574 1.5896 -1.6800
v 5.5569 1.5896 -1.6800
v 5.5569 2.5939 -1.6800
v 5.0574 2.5939 -1.6800
v 5.0574 1.5896 -1.6300
v 5.5569 1.5896 -1.6300
v 5.5569 2.5939 -1.6300
v 5.0574 2.5939 -1.6300
v 5.5569 1.5896 1.6300
v 6.0563 1.5896 1.6300
v 6.0563 2.5939 1.6300
v 5.5569 2.5939 1.6300
v 5.5569 1.5896 1.7000
v 6.0563 1.5896 1.7000
v 6.0563 2.5939 1.7000
v 5.5569 2.5939 1.7000
v 5.5569 1.5896 -1.7000
v 6.0563 1.5896 -1.7000
v 6.0563 2.5939 -1.7000
v 5.5569 2.5939 -1.7000
v 5.5569 1.5896 -1.6300
v 6.0563 1.5896 -1.6300
v 6.0563 2.5939 -1.6300
v 5.5569 2.5939 -1.6300
v 6.0563 1.5896 1.6300
v 6.5558 1.5896 1.6300
v 6.5558 2.5939 1.6300
v 6.0563 2.5939 1.6300
v 6.0563 1.5896 1.6800
v 6.5558 1.5896 1.6800
v 6.5558 2.5939 1.6800
v 6.0563 2.5939 1.6800
v 6.0563 1.5896 -1.6800
v 6.5558 1.5896 -1.6800
v 6.5558 2.5939 -1.6800
v 6.0563 2.5939 -1.6800
v 6.0563 1.5896 -1.6300
v 6.5558 1.5896 -1.6300
v 6.5558 2.5939 -1.6300
v 6.0563 2.5939 -1.6300
v 6.5558 1.5896 1.6300
v 7.0553 1.5896 1.6300
v 7.0553 2.5939 1.6300
v 6.5558 2.5939 1.6300
v 6.5558 1.5896 1.7000
v 7.0553 1.5896 1.7000
v 7.0553 2.5939 1.7000
v 6.5558 2.5939 1.7000
v 6.5558 1.5896 -1.7000
v 7.0553 1.5896 -1.7000
v 7.0553 2.5939 -1.7000
v 6.5558 2.5939 -1.7000
v 6.5558 1.5896 -1.6300
v 7.0553 1.5896 -1.6300
v 7.0553 2.5939 -1.6300
v 6.5558 2.5939 -1.6300
v 7.0553 1.5896 1.6300
v 7.5548 1.5896 1.6300
v 7.5548 2.5939 1.6300
v 7.0553 2.5939 1.6300
v 7.0553 1.5896 1.6800
v 7.5548 1.5896 1.6800
v 7.5548 2.5939 1.6800
v 7.0553 2.5939 1.6800
v 7.0553 1.5896 -1.6800
v 7.5548 1.5896 -1.6800
v 7.5548 2.5939 -1.6800
v 7.0553 2.5939 -1.6800
v 7.0553 1.5896 -1.6300
v 7.5548 1.5896 -1.6300
v 7.5548 2.5939 -1.6300
v 7.0553 2.5939 -1.6300
v 7.5548 1.5896 1.6300
v 8.0543 1.5896 1.6300
v 8.0543 2.5939 1.6300
v 7.5548 2.5939 1.6300
v 7.5548 1.5896 1.7000
v 8.0543 1.5896 1.7000
v 8.0543 2.5939 1.7000
v 7.5548 2.5939 1.7000
v 7.5548 1.5896 -1.7000
v 8.0543 1.5896 -1.7000
v 8.0543 2.5939 -1.7000
v 7.5548 2.5939 -1.7000
v 7.5548 1.5896 -1.6300
v 8.0543 1.5896 -1.6300
v 8.0543 2.5939 -1.6300
v 7.5548 2.5939 -1.6300
v 8.0543 1.5896 1.6300
v 8.5538 1.5896 1.6300
v 8.5538 2.5939 1.6300
v 8.0543 2.5939 1.6300
v 8.0543 1.5896 1.6800
v 8.5538 1.5896 1.6800
v 8.5538 2.5939 1.6800
v 8.0543 2.5939 1.6800
v 8.0543 1.5896 -1.6800
v 8.5538 1.5896 -1.6800
v 8.5538 2.5939 -1.6800
v 8.0543 2.5939 -1.6800
v 8.0543 1.5896 -1.6300
v 8.5538 1.5896 -1.6300
v 8.5538 2.5939 -1.6300
v 8.0543 2.5939 -1.6300
v 8.5538 1.5896 1.6300
v 9.0533 1.5896 1.6300
v 9.0533 2.5939 1.6300
v 8.5538 2.5939 1.6300
v 8.5538 1.5896 1.7000
v 9.0533 1.5896 1.7000
v 9.0533 2.5939 1.7000
v 8.5538 2.5939 1.7000
v 8.5538 1.5896 -1.7000
v 9.0533 1.5896 -1.7000
v 9.0533 2.5939 -1.7000
v 8.5538 2.5939 -1.7000
v 8.5538 1.5896 -1.6300
v 9.0533 1.5896 -1.6300
v 9.0533 2.5939 -1.6300
v 8.5538 2.5939 -1.6300
v 9.0533 1.5896 1.6300
v 9.5528 1.5896 1.6300
v 9.5528 2.5939 1.6300
v 9.0533 2.5939 1.6300
v 9.0533 1.5896 1.6800
v 9.5528 1.5896 1.6800
v 9.5528 2.5939 1.6800
v 9.0533 2.5939 1.6800
v 9.0533 1.5896 -1.6800
v 9.5528 1.5896 -1.6800
v 9.5528 2.5939 -1.6800
v 9.0533 2.5939 -1.6800
v 9.0533 1.5896 -1.6300
v 9.5528 1.5896 -1.6300
v 9.5528 2.5939 -1.6300
v 9.0533 2.5939 -1.6300
v 9.5528 1.5896 1.6300
v 10.0523 1.5896 1.6300
v 10.0523 2.5939 1.6300
v 9.5528 2.5939 1.6300
v 9.5528 1.5896 1.7000
v 10.0523 1.5896 1.7000
v 10.0523 2.5939 1.7000
v 9.5528 2.5939 1.7000
v 9.5528 1.5896 -1.7000
v 10.0523 1.5896 -1.7000
v 10.0523 2.5939 -1.7000
v 9.5528 2.5939 -1.7000
v 9.5528 1.5896 -1.6300
v 10.0523 1.5896 -1.6300
v 10.0523 2.5939 -1.6300
v 9.5528 2.5939 -1.6300
v 10.0523 1.5896 1.6300
v 10.5518 1.5896 1.6300
v 10.5518 2.5939 1.6300
v 10.0523 2.5939 1.6300
v 10.0523 1.5896 1.6800
v 10.5518 1.5896 1.6800
v 10.5518 2.5939 1.6800
v 10.0523 2.5939 1.6800
v 10.0523 1.5896 -1.6800
v 10.5518 1.5896 -1.6800
v 10.5518 2.5939 -1.6800
v 10.0523 2.5939 -1.6800
v 10.0523 1.5896 -1.6300
v 10.5518 1.5896 -1.6300
v 10.5518 2.5939 -1.6300
v 10.0523 2.5939 -1.6300
v 10.5518 1.5896 1.6300
v 11.0513 1.5896 1.6300
v 11.0513 2.5939 1.6300
v 10.5518 2.5939 1.6300
v 10.5518 1.5896 1.7000
v 11.0513 1.5896 1.7000
v 11.0513 2.5939 1.7000
v 10.5518 2.5939 1.7000
v 10.5518 1.5896 -1.7000
v 11.0513 1.5896 -1.7000
v 11.0513 2.5939 -1.7000
v 10.5518 2.5939 -1.7000
v 10.5518 1.5896 -1.6300
v 11.0513 1.5896 -1.6300
v 11.0513 2.5939 -1.6300
v 10.5518 2.5939 -1.6300
v 11.0513 1.5896 1.6300
v 11.5508 1.5896 1.6300
v 11.5508 2.5939 1.6300
v 11.0513 2.5939 1.6300
v 11.0513 1.5896 1.6800
v 11.5508 1.5896 1.6800
v 11.5508 2.5939 1.6800
v 11.0513 2.5939 1.6800
v 11.0513 1.5896 -1.6800
v 11.5508 1.5896 -1.6800
v 11.5508 2.5939 -1.6800
v 11.0513 2.5939 -1.6800
v 11.0513 1.5896 -1.6300
v 11.5508 1.5896 -1.6300
v 11.5508 2.5939 -1.6300
v 11.0513 2.5939 -1.6300
v 11.5508 1.5896 1.6300
v 11.8005 1.5896 1.6300
v 11.8005 2.5939 1.6300
v 11.5508 2.5939 1.6300
v 11.5508 1.5896 1.7000
v 11.8005 1.5896 1.7000
v 11.8005 2.5939 1.7000
v 11.5508 2.5939 1.7000
v 11.5508 1.5896 -1.7000
v 11.8005 1.5896 -1.7000
v 11.8005 2.5939 -1.7000
v 11.5508 2.5939 -1.7000
v 11.5508 1.5896 -1.6300
v 11.8005 1.5896 -1.6300
v 11.8005 2.5939 -1.6300
v 11.5508 2.5939 -1.6300
v -10.5518 2.6943 1.6300
v -9.4279 2.6943 1.6300
v -9.4279 2.7948 1.6300
v -10.5518 2.7948 1.6300
v -10.5518 2.6943 1.7000
v -9.4279 2.6943 1.7000
v -9.4279 2.7948 1.7000
v -10.5518 2.7948 1.7000
v -10.5518 2.6943 -1.7000
v -9.4279 2.6943 -1.7000
v -9.4279 2.7948 -1.7000
v -10.5518 2.7948 -1.7000
v -10.5518 2.6943 -1.6300
v -9.4279 2.6943 -1.6300
v -9.4279 2.7948 -1.6300
v -10.5518 2.7948 -1.6300
v -11.8005 2.7948 1.6300
v 11.8005 2.7948 1.6300
v 11.8005 3.3974 1.6300
v -11.8005 3.3974 1.6300
v -11.8005 2.7948 1.7000
v 11.8005 2.7948 1.7000
v 11.8005 3.3974 1.7000
v -11.8005 3.3974 1.7000
v -11.8005 2.7948 -1.7000
v 11.8005 2.7948 -1.7000
v 11.8005 3.3974 -1.7000
v -11.8005 3.3974 -1.7000
v -11.8005 2.7948 -1.6300
v 11.8005 2.7948 -1.6300
v 11.8005 3.3974 -1.6300
v -11.8005 3.3974 -1.6300
v -12.3000 3.3974 1.5280
v -12.0503 3.3974 1.5280
v -12.0503 3.4978 1.5280
v -12.3000 3.4978 1.5280
v -12.3000 3.3974 1.5980
v -12.0503 3.3974 1.5980
v -12.0503 3.4978 1.5980
v -12.3000 3.4978 1.5980
v -12.3000 3.3974 -1.5980
v -12.0503 3.3974 -1.5980
v -12.0503 3.4978 -1.5980
v -12.3000 3.4978 -1.5980
v -12.3000 3.3974 -1.5280
v -12.0503 3.3974 -1.5280
v -12.0503 3.4978 -1.5280
v -12.3000 3.4978 -1.5280
v -12.0503 3.3974 1.5880
v -11.9254 3.3974 1.5880
v -11.9254 3.4978 1.5880
v -12.0503 3.4978 1.5880
v -12.0503 3.3974 1.6580
v -11.9254 3.3974 1.6580
v -11.9254 3.4978 1.6580
v -12.0503 3.4978 1.6580
v -12.0503 3.3974 -1.6580
v -11.9254 3.3974 -1.6580
v -11.9254 3.4978 -1.6580
v -12.0503 3.4978 -1.6580
v -12.0503 3.3974 -1.5880
v -11.9254 3.3974 -1.5880
v -11.9254 3.4978 -1.5880
v -12.0503 3.4978 -1.5880
v -11.9254 3.3974 1.5830
v -11.8005 3.3974 1.5830
v -11.8005 3.4978 1.5830
v -11.9254 3.4978 1.5830
v -11.9254 3.3974 1.6530
v -11.8005 3.3974 1.6530
v -11.8005 3.4978 1.6530
v -11.9254 3.4978 1.6530
v -11.9254 3.3974 -1.6530
v -11.8005 3.3974 -1.6530
v -11.8005 3.4978 -1.6530
v -11.9254 3.4978 -1.6530
v -11.9254 3.3974 -1.5830
v -11.8005 3.3974 -1.5830
v -11.8005 3.4978 -1.5830
v -11.9254 3.4978 -1.5830
v -11.8005 3.3974 1.6180
v 11.8005 3.3974 1.6180
v 11.8005 3.4978 1.6180
v -11.8005 3.4978 1.6180
v -11.8005 3.3974 1.6880
v 11.8005 3.3974 1.6880
v 11.8005 3.4978 1.6880
v -11.8005 3.4978 1.6880
v -11.8005 3.3974 -1.6880
v 11.8005 3.3974 -1.6880
v 11.8005 3.4978 -1.6880
v -11.8005 3.4978 -1.6880
v -11.8005 3.3974 -1.6180
v 11.8005 3.3974 -1.6180
v 11.8005 3.4978 -1.6180
v -11.8005 3.4978 -1.6180
v 11.8005 3.3974 1.5830
v 11.9254 3.3974 1.5830
v 11.9254 3.4978 1.5830
v 11.8005 3.4978 1.5830
v 11.8005 3.3974 1.6530
v 11.9254 3.3974 1.6530
v 11.9254 3.4978 1.6530
v 11.8005 3.4978 1.6530
v 11.8005 3.3974 -1.6530
v 11.9254 3.3974 -1.6530
v 11.9254 3.4978 -1.6530
v 11.8005 3.4978 -1.6530
v 11.8005 3.3974 -1.5830
v 11.9254 3.3974 -1.5830
v 11.9254 3.4978 -1.5830
v 11.8005 3.4978 -1.5830
v 11.9254 3.3974 1.5880
v 12.0503 3.3974 1.5880
v 12.0503 3.4978 1.5880
v 11.9254 3.4978 1.5880
v 11.9254 3.3974 1.6580
v 12.0503 3.3974 1.6580
v 12.0503 3.4978 1.6580
v 11.9254 3.4978 1.6580
v 11.9254 3.3974 -1.6580
v 12.0503 3.3974 -1.6580
v 12.0503 3.4978 -1.6580
v 11.9254 3.4978 -1.6580
v 11.9254 3.3974 -1.5880
v 12.0503 3.3974 -1.5880
v 12.0503 3.4978 -1.5880
v 11.9254 3.4978 -1.5880
v 12.0503 3.3974 1.5280
v 12.3000 3.3974 1.5280
v 12.3000 3.4978 1.5280
v 12.0503 3.4978 1.5280
v 12.0503 3.3974 1.5980
v 12.3000 3.3974 1.5980
v 12.3000 3.4978 1.5980
v 12.0503 3.4978 1.5980
v 12.0503 3.3974 -1.5980
v 12.3000 3.3974 -1.5980
v 12.3000 3.4978 -1.5980
v 12.0503 3.4978 -1.5980
v 12.0503 3.3974 -1.5280
v 12.3000 3.3974 -1.5280
v 12.3000 3.4978 -1.5280
v 12.0503 3.4978 -1.5280
v -12.3000 3.4978 1.4910
v -12.0503 3.4978 1.4910
v -12.0503 3.5983 1.4910
v -12.3000 3.5983 1.4910
v -12.3000 3.4978 1.5610
v -12.0503 3.4978 1.5610
v -12.0503 3.5983 1.5610
v -12.3000 3.5983 1.5610
v -12.3000 3.4978 -1.5610
v -12.0503 3.4978 -1.5610
v -12.0503 3.5983 -1.5610
v -12.3000 3.5983 -1.5610
v -12.3000 3.4978 -1.4910
v -12.0503 3.4978 -1.4910
v -12.0503 3.5983 -1.4910
v -12.3000 3.5983 -1.4910
v -12.0503 3.4978 1.5510
v -11.9254 3.4978 1.5510
v -11.9254 3.5983 1.5510
v -12.0503 3.5983 1.5510
v -12.0503 3.4978 1.6210
v -11.9254 3.4978 1.6210
v -11.9254 3.5983 1.6210
v -12.0503 3.5983 1.6210
v -12.0503 3.4978 -1.6210
v -11.9254 3.4978 -1.6210
v -11.9254 3.5983 -1.6210
v -12.0503 3.5983 -1.6210
v -12.0503 3.4978 -1.5510
v -11.9254 3.4978 -1.5510
v -11.9254 3.5983 -1.5510
v -12.0503 3.5983 -1.5510
v -11.9254 3.4978 1.5460
v -11.8005 3.4978 1.5460
v -11.8005 3.5983 1.5460
v -11.9254 3.5983 1.5460
v -11.9254 3.4978 1.6160
v -11.8005 3.4978 1.6160
v -11.8005 3.5983 1.6160
v -11.9254 3.5983 1.6160
v -11.9254 3.4978 -1.6160
v -11.8005 3.4978 -1.6160
v -11.8005 3.5983 -1.6160
v -11.9254 3.5983 -1.6160
v -11.9254 3.4978 -1.5460
v -11.8005 3.4978 -1.5460
v -11.8005 3.5983 -1.5460
v -11.9254 3.5983 -1.5460
v -11.8005 3.4978 1.5810
v 11.8005 3.4978 1.5810
v 11.8005 3.5983 1.5810
v -11.8005 3.5983 1.5810
v -11.8005 3.4978 1.6510
v 11.8005 3.4978 1.6510
v 11.8005 3.5983 1.6510
v -11.8005 3.5983 1.6510
v -11.8005 3.4978 -1.6510
v 11.8005 3.4978 -1.6510
v 11.8005 3.5983 -1.6510
v -11.8005 3.5983 -1.6510
v -11.8005 3.4978 -1.5810
v 11.8005 3.4978 -1.5810
v 11.8005 3.5983 -1.5810
v -11.8005 3.5983 -1.5810
v 11.8005 3.4978 1.5460
v 11.9254 3.4978 1.5460
v 11.9254 3.5983 1.5460
v 11.8005 3.5983 1.5460
v 11.8005 3.4978 1.6160
v 11.9254 3.4978 1.6160
v 11.9254 3.5983 1.6160
v 11.8005 3.5983 1.6160
v 11.8005 3.4978 -1.6160
v 11.9254 3.4978 -1.6160
v 11.9254 3.5983 -1.6160
v 11.8005 3.5983 -1.6160
v 11.8005 3.4978 -1.5460
v 11.9254 3.4978 -1.5460
v 11.9254 3.5983 -1.5460
v 11.8005 3.5983 -1.5460
v 11.9254 3.4978 1.5510
v 12.0503 3.4978 1.5510
v 12.0503 3.5983 1.5510
v 11.9254 3.5983 1.5510
v 11.9254 3.4978 1.6210
v 12.0503 3.4978 1.6210
v 12.0503 3.5983 1.6210
v 11.9254 3.5983 1.6210
v 11.9254 3.4978 -1.6210
v 12.0503 3.4978 -1.6210
v 12.0503 3.5983 -1.6210
v 11.9254 3.5983 -1.6210
v 11.9254 3.4978 -1.5510
v 12.0503 3.4978 -1.5510
v 12.0503 3.5983 -1.5510
v 11.9254 3.5983 -1.5510
v 12.0503 3.4978 1.4910
v 12.3000 3.4978 1.4910
v 12.3000 3.5983 1.4910
v 12.0503 3.5983 1.4910
v 12.0503 3.4978 1.5610
v 12.3000 3.4978 1.5610
v 12.3000 3.5983 1.5610
v 12.0503 3.5983 1.5610
v 12.0503 3.4978 -1.5610
v 12.3000 3.4978 -1.5610
v 12.3000 3.5983 -1.5610
v 12.0503 3.5983 -1.5610
v 12.0503 3.4978 -1.4910
v 12.3000 3.4978 -1.4910
v 12.3000 3.5983 -1.4910
v 12.0503 3.5983 -1.4910
v -12.3000 3.5983 1.4290
v -12.0503 3.5983 1.4290
v -12.0503 3.6987 1.4290
v -12.3000 3.6987 1.4290
v -12.3000 3.5983 1.4990
v -12.0503 3.5983 1.4990
v -12.0503 3.6987 1.4990
v -12.3000 3.6987 1.4990
v -12.3000 3.5983 -1.4990
v -12.0503 3.5983 -1.4990
v -12.0503 3.6987 -1.4990
v -12.3000 3.6987 -1.4990
v -12.3000 3.5983 -1.4290
v -12.0503 3.5983 -1.4290
v -12.0503 3.6987 -1.4290
v -12.3000 3.6987 -1.4290
v -12.0503 3.5983 1.4890
v -11.9254 3.5983 1.4890
v -11.9254 3.6987 1.4890
v -12.0503 3.6987 1.4890
v -12.0503 3.5983 1.5590
v -11.9254 3.5983 1.5590
v -11.9254 3.6987 1.5590
v -12.0503 3.6987 1.5590
v -12.0503 3.5983 -1.5590
v -11.9254 3.5983 -1.5590
v -11.9254 3.6987 -1.5590
v -12.0503 3.6987 -1.5590
v -12.0503 3.5983 -1.4890
v -11.9254 3.5983 -1.4890
v -11.9254 3.6987 -1.4890
v -12.0503 3.6987 -1.4890
v -11.9254 3.5983 1.4840
v -11.8005 3.5983 1.4840
v -11.8005 3.6987 1.4840
v -11.9254 3.6987 1.4840
v -11.9254 3.5983 1.5540
v -11.8005 3.5983 1.5540
v -11.8005 3.6987 1.5540
v -11.9254 3.6987 1.5540
v -11.9254 3.5983 -1.5540
v -11.8005 3.5983 -1.5540
v -11.8005 3.6987 -1.5540
v -11.9254 3.6987 -1.5540
v -11.9254 3.5983 -1.4840
v -11.8005 3.5983 -1.4840
v -11.8005 3.6987 -1.4840
v -11.9254 3.6987 -1.4840
v -11.8005 3.5983 1.5190
v -10.5518 3.5983 1.5190
v -10.5518 3.6987 1.5190
v -11.8005 3.6987 1.5190
v -11.8005 3.5983 1.5890
v -10.5518 3.5983 1.5890
v -10.5518 3.6987 1.5890
v -11.8005 3.6987 1.5890
v -11.8005 3.5983 -1.5890
v -10.5518 3.5983 -1.5890
v -10.5518 3.6987 -1.5890
v -11.8005 3.6987 -1.5890
v -11.8005 3.5983 -1.5190
v -10.5518 3.5983 -1.5190
v -10.5518 3.6987 -1.5190
v -11.8005 3.6987 -1.5190
v -10.5518 3.5983 1.5190
v -9.4279 3.5983 1.5190
v -9.4279 3.6987 1.5190
v -10.5518 3.6987 1.5190
v -10.5518 3.5983 1.5890
v -9.4279 3.5983 1.5890
v -9.4279 3.6987 1.5890
v -10.5518 3.6987 1.5890
v -10.5518 3.5983 -1.5890
v -9.4279 3.5983 -1.5890
v -9.4279 3.6987 -1.5890
v -10.5518 3.6987 -1.5890
v -10.5518 3.5983 -1.5190
v -9.4279 3.5983 -1.5190
v -9.4279 3.6987 -1.5190
v -10.5518 3.6987 -1.5190
v -9.4279 3.5983 1.5190
v 11.8005 3.5983 1.5190
v 11.8005 3.6987 1.5190
v -9.4279 3.6987 1.5190
v -9.4279 3.5983 1.5890
v 11.8005 3.5983 1.5890
v 11.8005 3.6987 1.5890
v -9.4279 3.6987 1.5890
v -9.4279 3.5983 -1.5890
v 11.8005 3.5983 -1.5890
v 11.8005 3.6987 -1.5890
v -9.4279 3.6987 -1.5890
v -9.4279 3.5983 -1.5190
v 11.8005 3.5983 -1.5190
v 11.8005 3.6987 -1.5190
v -9.4279 3.6987 -1.5190
v 11.8005 3.5983 1.4840
v 11.9254 3.5983 1.4840
v 11.9254 3.6987 1.4840
v 11.8005 3.6987 1.4840
v 11.8005 3.5983 1.5540
v 11.9254 3.5983 1.5540
v 11.9254 3.6987 1.5540
v 11.8005 3.6987 1.5540
v 11.8005 3.5983 -1.5540
v 11.9254 3.5983 -1.5540
v 11.9254 3.6987 -1.5540
v 11.8005 3.6987 -1.5540
v 11.8005 3.5983 -1.4840
v 11.9254 3.5983 -1.4840
v 11.9254 3.6987 -1.4840
v 11.8005 3.6987 -1.4840
v 11.9254 3.5983 1.4890
v 12.0503 3.5983 1.4890
v 12.0503 3.6987 1.4890
v 11.9254 3.6987 1.4890
v 11.9254 3.5983 1.5590
v 12.0503 3.5983 1.5590
v 12.0503 3.6987 1.5590
v 11.9254 3.6987 1.5590
v 11.9254 3.5983 -1.5590
v 12.0503 3.5983 -1.5590
v 12.0503 3.6987 -1.5590
v 11.9254 3.6987 -1.5590
v 11.9254 3.5983 -1.4890
v 12.0503 3.5983 -1.4890
v 12.0503 3.6987 -1.4890
v 11.9254 3.6987 -1.4890
v 12.0503 3.5983 1.4290
v 12.3000 3.5983 1.4290
v 12.3000 3.6987 1.4290
v 12.0503 3.6987 1.4290
v 12.0503 3.5983 1.4990
v 12.3000 3.5983 1.4990
v 12.3000 3.6987 1.4990
v 12.0503 3.6987 1.4990
v 12.0503 3.5983 -1.4990
v 12.3000 3.5983 -1.4990
v 12.3000 3.6987 -1.4990
v 12.0503 3.6987 -1.4990
v 12.0503 3.5983 -1.4290
v 12.3000 3.5983 -1.4290
v 12.3000 3.6987 -1.4290
v 12.0503 3.6987 -1.4290
v -12.3000 3.6987 1.3410
v -12.0503 3.6987 1.3410
v -12.0503 3.7991 1.3410
v -12.3000 3.7991 1.3410
v -12.3000 3.6987 1.4110
v -12.0503 3.6987 1.4110
v -12.0503 3.7991 1.4110
v -12.3000 3.7991 1.4110
v -12.3000 3.6987 -1.4110
v -12.0503 3.6987 -1.4110
v -12.0503 3.7991 -1.4110
v -12.3000 3.7991 -1.4110
v -12.3000 3.6987 -1.3410
v -12.0503 3.6987 -1.3410
v -12.0503 3.7991 -1.3410
v -12.3000 3.7991 -1.3410
v -12.0503 3.6987 1.4010
v -11.9254 3.6987 1.4010
v -11.9254 3.7991 1.4010
v -12.0503 3.7991 1.4010
v -12.0503 3.6987 1.4710
v -11.9254 3.6987 1.4710
v -11.9254 3.7991 1.4710
v -12.0503 3.7991 1.4710
v -12.0503 3.6987 -1.4710
v -11.9254 3.6987 -1.4710
v -11.9254 3.7991 -1.4710
v -12.0503 3.7991 -1.4710
v -12.0503 3.6987 -1.4010
v -11.9254 3.6987 -1.4010
v -11.9254 3.7991 -1.4010
v -12.0503 3.7991 -1.4010
v -11.9254 3.6987 1.3960
v -11.8005 3.6987 1.3960
v -11.8005 3.7991 1.3960
v -11.9254 3.7991 1.3960
v -11.9254 3.6987 1.4660
v -11.8005 3.6987 1.4660
v -11.8005 3.7991 1.4660
v -11.9254 3.7991 1.4660
v -11.9254 3.6987 -1.4660
v -11.8005 3.6987 -1.4660
v -11.8005 3.7991 -1.4660
v -11.9254 3.7991 -1.4660
v -11.9254 3.6987 -1.3960
v -11.8005 3.6987 -1.3960
v -11.8005 3.7991 -1.3960
v -11.9254 3.7991 -1.3960
v -11.8005 3.6987 1.4310
v -10.5518 3.6987 1.4310
v -10.5518 3.7991 1.4310
v -11.8005 3.7991 1.4310
v -11.8005 3.6987 1.5010
v -10.5518 3.6987 1.5010
v -10.5518 3.7991 1.5010
v -11.8005 3.7991 1.5010
v -11.8005 3.6987 -1.5010
v -10.5518 3.6987 -1.5010
v -10.5518 3.7991 -1.5010
v -11.8005 3.7991 -1.5010
v -11.8005 3.6987 -1.4310
v -10.5518 3.6987 -1.4310
v -10.5518 3.7991 -1.4310
v -11.8005 3.7991 -1.4310
v -10.5518 3.6987 1.4310
v -9.4279 3.6987 1.4310
v -9.4279 3.7991 1.4310
v -10.5518 3.7991 1.4310
v -10.5518 3.6987 1.5010
v -9.4279 3.6987 1.5010
v -9.4279 3.7991 1.5010
v -10.5518 3.7991 1.5010
v -10.5518 3.6987 -1.5010
v -9.4279 3.6987 -1.5010
v -9.4279 3.7991 -1.5010
v -10.5518 3.7991 -1.5010
v -10.5518 3.6987 -1.4310
v -9.4279 3.6987 -1.4310
v -9.4279 3.7991 -1.4310
v -10.5518 3.7991 -1.4310
v -9.4279 3.6987 1.4310
v 11.8005 3.6987 1.4310
v 11.8005 3.7991 1.4310
v -9.4279 3.7991 1.4310
v -9.4279 3.6987 1.5010
v 11.8005 3.6987 1.5010
v 11.8005 3.7991 1.5010
v -9.4279 3.7991 1.5010
v -9.4279 3.6987 -1.5010
v 11.8005 3.6987 -1.5010
v 11.8005 3.7991 -1.5010
v -9.4279 3.7991 -1.5010
v -9.4279 3.6987 -1.4310
v 11.8005 3.6987 -1.4310
v 11.8005 3.7991 -1.4310
v -9.4279 3.7991 -1.4310
v 11.8005 3.6987 1.3960
v 11.9254 3.6987 1.3960
v 11.9254 3.7991 1.3960
v 11.8005 3.7991 1.3960
v 11.8005 3.6987 1.4660
v 11.9254 3.6987 1.4660
v 11.9254 3.7991 1.4660
v 11.8005 3.7991 1.4660
v 11.8005 3.6987 -1.4660
v 11.9254 3.6987 -1.4660
v 11.9254 3.7991 -1.4660
v 11.8005 3.7991 -1.4660
v 11.8005 3.6987 -1.3960
v 11.9254 3.6987 -1.3960
v 11.9254 3.7991 -1.3960
v 11.8005 3.7991 -1.3960
v 11.9254 3.6987 1.4010
v 12.0503 3.6987 1.4010
v 12.0503 3.7991 1.4010
v 11.9254 3.7991 1.4010
v 11.9254 3.6987 1.4710
v 12.0503 3.6987 1.4710
v 12.0503 3.7991 1.4710
v 11.9254 3.7991 1.4710
v 11.9254 3.6987 -1.4710
v 12.0503 3.6987 -1.4710
v 12.0503 3.7991 -1.4710
v 11.9254 3.7991 -1.4710
v 11.9254 3.6987 -1.4010
v 12.0503 3.6987 -1.4010
v 12.0503 3.7991 -1.4010
v 11.9254 3.7991 -1.4010
v 12.0503 3.6987 1.3410
v 12.3000 3.6987 1.3410
v 12.3000 3.7991 1.3410
v 12.0503 3.7991 1.3410
v 12.0503 3.6987 1.4110
v 12.3000 3.6987 1.4110
v 12.3000 3.7991 1.4110
v 12.0503 3.7991 1.4110
v 12.0503 3.6987 -1.4110
v 12.3000 3.6987 -1.4110
v 12.3000 3.7991 -1.4110
v 12.0503 3.7991 -1.4110
v 12.0503 3.6987 -1.3410
v 12.3000 3.6987 -1.3410
v 12.3000 3.7991 -1.3410
v 12.0503 3.7991 -1.3410
v -12.3000 3.7991 -1.2980
v -12.0503 3.7991 -1.2980
v -12.0503 3.8996 -1.2980
v -12.3000 3.8996 -1.2980
v -12.3000 3.7991 1.2980
v -12.0503 3.7991 1.2980
v -12.0503 3.8996 1.2980
v -12.3000 3.8996 1.2980
v -12.0503 3.7991 -1.3580
v -11.9254 3.7991 -1.3580
v -11.9254 3.8996 -1.3580
v -12.0503 3.8996 -1.3580
v -12.0503 3.7991 1.3580
v -11.9254 3.7991 1.3580
v -11.9254 3.8996 1.3580
v -12.0503 3.8996 1.3580
v -11.9254 3.7991 -1.3530
v -11.8005 3.7991 -1.3530
v -11.8005 3.8996 -1.3530
v -11.9254 3.8996 -1.3530
v -11.9254 3.7991 1.3530
v -11.8005 3.7991 1.3530
v -11.8005 3.8996 1.3530
v -11.9254 3.8996 1.3530
v -11.8005 3.7991 -1.3880
v -10.5518 3.7991 -1.3880
v -10.5518 3.8996 -1.3880
v -11.8005 3.8996 -1.3880
v -11.8005 3.7991 1.3880
v -10.5518 3.7991 1.3880
v -10.5518 3.8996 1.3880
v -11.8005 3.8996 1.3880
v -10.5518 3.7991 -1.3880
v -9.4279 3.7991 -1.3880
v -9.4279 3.8996 -1.3880
v -10.5518 3.8996 -1.3880
v -10.5518 3.7991 1.3880
v -9.4279 3.7991 1.3880
v -9.4279 3.8996 1.3880
v -10.5518 3.8996 1.3880
v -9.4279 3.7991 -1.3880
v 11.8005 3.7991 -1.3880
v 11.8005 3.8996 -1.3880
v -9.4279 3.8996 -1.3880
v -9.4279 3.7991 1.3880
v 11.8005 3.7991 1.3880
v 11.8005 3.8996 1.3880
v -9.4279 3.8996 1.3880
v 11.8005 3.7991 -1.3530
v 11.9254 3.7991 -1.3530
v 11.9254 3.8996 -1.3530
v 11.8005 3.8996 -1.3530
v 11.8005 3.7991 1.3530
v 11.9254 3.7991 1.3530
v 11.9254 3.8996 1.3530
v 11.8005 3.8996 1.3530
v 11.9254 3.7991 -1.3580
v 12.0503 3.7991 -1.3580
v 12.0503 3.8996 -1.3580
v 11.9254 3.8996 -1.3580
v 11.9254 3.7991 1.3580
v 12.0503 3.7991 1.3580
v 12.0503 3.8996 1.3580
v 11.9254 3.8996 1.3580
v 12.0503 3.7991 -1.2980
v 12.3000 3.7991 -1.2980
v 12.3000 3.8996 -1.2980
v 12.0503 3.8996 -1.2980
v 12.0503 3.7991 1.2980
v 12.3000 3.7991 1.2980
v 12.3000 3.8996 1.2980
v 12.0503 3.8996 1.2980
v -12.3000 3.8996 -1.1600
v -12.0503 3.8996 -1.1600
v -12.0503 4.0000 -1.1600
v -12.3000 4.0000 -1.1600
v -12.3000 3.8996 1.1600
v -12.0503 3.8996 1.1600
v -12.0503 4.0000 1.1600
v -12.3000 4.0000 1.1600
v -12.0503 3.8996 -1.2200
v -11.9254 3.8996 -1.2200
v -11.9254 4.0000 -1.2200
v -12.0503 4.0000 -1.2200
v -12.0503 3.8996 1.2200
v -11.9254 3.8996 1.2200
v -11.9254 4.0000 1.2200
v -12.0503 4.0000 1.2200
v -11.9254 3.8996 -1.2150
v -11.8005 3.8996 -1.2150
v -11.8005 4.0000 -1.2150
v -11.9254 4.0000 -1.2150
v -11.9254 3.8996 1.2150
v -11.8005 3.8996 1.2150
v -11.8005 4.0000 1.2150
v -11.9254 4.0000 1.2150
v -11.8005 3.8996 -1.2500
v -10.5518 3.8996 -1.2500
v -10.5518 4.0000 -1.2500
v -11.8005 4.0000 -1.2500
v -11.8005 3.8996 1.2500
v -10.5518 3.8996 1.2500
v -10.5518 4.0000 1.2500
v -11.8005 4.0000 1.2500
v -10.5518 3.8996 -1.2500
v -9.4279 3.8996 -1.2500
v -9.4279 4.0000 -1.2500
v -10.5518 4.0000 -1.2500
v -10.5518 3.8996 1.2500
v -9.4279 3.8996 1.2500
v -9.4279 4.0000 1.2500
v -10.5518 4.0000 1.2500
v -9.4279 3.8996 -1.2500
v 11.8005 3.8996 -1.2500
v 11.8005 4.0000 -1.2500
v -9.4279 4.0000 -1.2500
v -9.4279 3.8996 1.2500
v 11.8005 3.8996 1.2500
v 11.8005 4.0000 1.2500
v -9.4279 4.0000 1.2500
v 11.8005 3.8996 -1.2150
v 11.9254 3.8996 -1.2150
v 11.9254 4.0000 -1.2150
v 11.8005 4.0000 -1.2150
v 11.8005 3.8996 1.2150
v 11.9254 3.8996 1.2150
v 11.9254 4.0000 1.2150
v 11.8005 4.0000 1.2150
v 11.9254 3.8996 -1.2200
v 12.0503 3.8996 -1.2200
v 12.0503 4.0000 -1.2200
v 11.9254 4.0000 -1.2200
v 11.9254 3.8996 1.2200
v 12.0503 3.8996 1.2200
v 12.0503 4.0000 1.2200
v 11.9254 4.0000 1.2200
v 12.0503 3.8996 -1.1600
v 12.3000 3.8996 -1.1600
v 12.3000 4.0000 -1.1600
v 12.0503 4.0000 -1.1600
v 12.0503 3.8996 1.1600
v 12.3000 3.8996 1.1600
v 12.3000 4.0000 1.1600
v 12.0503 4.0000 1.1600
v -12.0000 0.4300 -1.5800
v 12.0000 0.4300 -1.5800
v 12.0000 0.5500 -1.5800
v -12.0000 0.5500 -1.5800
v -12.0000 0.4300 1.5800
v 12.0000 0.4300 1.5800
v 12.0000 0.5500 1.5800
v -12.0000 0.5500 1.5800
v -12.4500 -0.4700 0.8000
v -12.3000 -0.4700 0.8000
v -12.3000 -0.3688 0.8000
v -12.4500 -0.3688 0.8000
v -12.4500 -0.4700 1.5400
v -12.3000 -0.4700 1.5400
v -12.3000 -0.3688 1.5400
v -12.4500 -0.3688 1.5400
v -12.4500 -0.4700 -1.5400
v -12.3000 -0.4700 -1.5400
v -12.3000 -0.3688 -1.5400
v -12.4500 -0.3688 -1.5400
v -12.4500 -0.4700 -0.8000
v -12.3000 -0.4700 -0.8000
v -12.3000 -0.3688 -0.8000
v -12.4500 -0.3688 -0.8000
v -12.4500 -0.3688 1.2000
v -12.3000 -0.3688 1.2000
v -12.3000 0.0358 1.2000
v -12.4500 0.0358 1.2000
v -12.4500 -0.3688 1.5400
v -12.3000 -0.3688 1.5400
v -12.3000 0.0358 1.5400
v -12.4500 0.0358 1.5400
v -12.4500 -0.3688 -1.5400
v -12.3000 -0.3688 -1.5400
v -12.3000 0.0358 -1.5400
v -12.4500 0.0358 -1.5400
v -12.4500 -0.3688 -1.2000
v -12.3000 -0.3688 -1.2000
v -12.3000 0.0358 -1.2000
v -12.4500 0.0358 -1.2000
v -12.4500 0.0358 -1.6000
v -12.3000 0.0358 -1.6000
v -12.3000 0.5416 -1.6000
v -12.4500 0.5416 -1.6000
v -12.4500 0.0358 1.6000
v -12.3000 0.0358 1.6000
v -12.3000 0.5416 1.6000
v -12.4500 0.5416 1.6000
v -12.4500 2.6660 -1.6000
v -12.3000 2.6660 -1.6000
v -12.3000 3.3742 -1.6000
v -12.4500 3.3742 -1.6000
v -12.4500 2.6660 1.6000
v -12.3000 2.6660 1.6000
v -12.3000 3.3742 1.6000
v -12.4500 3.3742 1.6000
v -12.4500 0.5416 0.5800
v -12.3000 0.5416 0.5800
v -12.3000 2.6660 0.5800
v -12.4500 2.6660 0.5800
v -12.4500 0.5416 1.6000
v -12.3000 0.5416 1.6000
v -12.3000 2.6660 1.6000
v -12.4500 2.6660 1.6000
v -12.4500 0.5416 -1.6000
v -12.3000 0.5416 -1.6000
v -12.3000 2.6660 -1.6000
v -12.4500 2.6660 -1.6000
v -12.4500 0.5416 -0.5800
v -12.3000 0.5416 -0.5800
v -12.3000 2.6660 -0.5800
v -12.4500 2.6660 -0.5800
v -12.4500 3.3742 -1.5930
v -12.3000 3.3742 -1.5930
v -12.3000 3.4753 -1.5930
v -12.4500 3.4753 -1.5930
v -12.4500 3.3742 1.5930
v -12.3000 3.3742 1.5930
v -12.3000 3.4753 1.5930
v -12.4500 3.4753 1.5930
v -12.4500 3.4753 -1.5610
v -12.3000 3.4753 -1.5610
v -12.3000 3.5765 -1.5610
v -12.4500 3.5765 -1.5610
v -12.4500 3.4753 1.5610
v -12.3000 3.4753 1.5610
v -12.3000 3.5765 1.5610
v -12.4500 3.5765 1.5610
v -12.4500 3.5765 -1.5040
v -12.3000 3.5765 -1.5040
v -12.3000 3.6777 -1.5040
v -12.4500 3.6777 -1.5040
v -12.4500 3.5765 1.5040
v -12.3000 3.5765 1.5040
v -12.3000 3.6777 1.5040
v -12.4500 3.6777 1.5040
v -12.4500 3.6777 -1.4210
v -12.3000 3.6777 -1.4210
v -12.3000 3.7788 -1.4210
v -12.4500 3.7788 -1.4210
v -12.4500 3.6777 1.4210
v -12.3000 3.6777 1.4210
v -12.3000 3.7788 1.4210
v -12.4500 3.7788 1.4210
v -12.4500 3.7788 -1.3130
v -12.3000 3.7788 -1.3130
v -12.3000 3.8800 -1.3130
v -12.4500 3.8800 -1.3130
v -12.4500 3.7788 1.3130
v -12.3000 3.7788 1.3130
v -12.3000 3.8800 1.3130
v -12.4500 3.8800 1.3130
v 12.3000 -0.4700 0.8000
v 12.4500 -0.4700 0.8000
v 12.4500 -0.3688 0.8000
v 12.3000 -0.3688 0.8000
v 12.3000 -0.4700 1.5400
v 12.4500 -0.4700 1.5400
v 12.4500 -0.3688 1.5400
v 12.3000 -0.3688 1.5400
v 12.3000 -0.4700 -1.5400
v 12.4500 -0.4700 -1.5400
v 12.4500 -0.3688 -1.5400
v 12.3000 -0.3688 -1.5400
v 12.3000 -0.4700 -0.8000
v 12.4500 -0.4700 -0.8000
v 12.4500 -0.3688 -0.8000
v 12.3000 -0.3688 -0.8000
v 12.3000 -0.3688 1.2000
v 12.4500 -0.3688 1.2000
v 12.4500 0.0358 1.2000
v 12.3000 0.0358 1.2000
v 12.3000 -0.3688 1.5400
v 12.4500 -0.3688 1.5400
v 12.4500 0.0358 1.5400
v 12.3000 0.0358 1.5400
v 12.3000 -0.3688 -1.5400
v 12.4500 -0.3688 -1.5400
v 12.4500 0.0358 -1.5400
v 12.3000 0.0358 -1.5400
v 12.3000 -0.3688 -1.2000
v 12.4500 -0.3688 -1.2000
v 12.4500 0.0358 -1.2000
v 12.3000 0.0358 -1.2000
v 12.3000 0.0358 -1.6000
v 12.4500 0.0358 -1.6000
v 12.4500 0.5416 -1.6000
v 12.3000 0.5416 -1.6000
v 12.3000 0.0358 1.6000
v 12.4500 0.0358 1.6000
v 12.4500 0.5416 1.6000
v 12.3000 0.5416 1.6000
v 12.3000 2.6660 -1.6000
v 12.4500 2.6660 -1.6000
v 12.4500 3.3742 -1.6000
v 12.3000 3.3742 -1.6000
v 12.3000 2.6660 1.6000
v 12.4500 2.6660 1.6000
v 12.4500 3.3742 1.6000
v 12.3000 3.3742 1.6000
v 12.3000 0.5416 0.5800
v 12.4500 0.5416 0.5800
v 12.4500 2.6660 0.5800
v 12.3000 2.6660 0.5800
v 12.3000 0.5416 1.6000
v 12.4500 0.5416 1.6000
v 12.4500 2.6660 1.6000
v 12.3000 2.6660 1.6000
v 12.3000 0.5416 -1.6000
v 12.4500 0.5416 -1.6000
v 12.4500 2.6660 -1.6000
v 12.3000 2.6660 -1.6000
v 12.3000 0.5416 -0.5800
v 12.4500 0.5416 -0.5800
v 12.4500 2.6660 -0.5800
v 12.3000 2.6660 -0.5800
v 12.3000 3.3742 -1.5930
v 12.4500 3.3742 -1.5930
v 12.4500 3.4753 -1.5930
v 12.3000 3.4753 -1.5930
v 12.3000 3.3742 1.5930
v 12.4500 3.3742 1.5930
v 12.4500 3.4753 1.5930
v 12.3000 3.4753 1.5930
v 12.3000 3.4753 -1.5610
v 12.4500 3.4753 -1.5610
v 12.4500 3.5765 -1.5610
v 12.3000 3.5765 -1.5610
v 12.3000 3.4753 1.5610
v 12.4500 3.4753 1.5610
v 12.4500 3.5765 1.5610
v 12.3000 3.5765 1.5610
v 12.3000 3.5765 -1.5040
v 12.4500 3.5765 -1.5040
v 12.4500 3.6777 -1.5040
v 12.3000 3.6777 -1.5040
v 12.3000 3.5765 1.5040
v 12.4500 3.5765 1.5040
v 12.4500 3.6777 1.5040
v 12.3000 3.6777 1.5040
v 12.3000 3.6777 -1.4210
v 12.4500 3.6777 -1.4210
v 12.4500 3.7788 -1.4210
v 12.3000 3.7788 -1.4210
v 12.3000 3.6777 1.4210
v 12.4500 3.6777 1.4210
v 12.4500 3.7788 1.4210
v 12.3000 3.7788 1.4210
v 12.3000 3.7788 -1.3130
v 12.4500 3.7788 -1.3130
v 12.4500 3.8800 -1.3130
v 12.3000 3.8800 -1.3130
v 12.3000 3.7788 1.3130
v 12.4500 3.7788 1.3130
v 12.4500 3.8800 1.3130
v 12.3000 3.8800 1.3130
v -12.4600 0.5200 -0.5600
v -12.1800 0.5200 -0.5600
v -12.1800 0.5500 -0.5600
v -12.4600 0.5500 -0.5600
v -12.4600 0.5200 0.5600
v -12.1800 0.5200 0.5600
v -12.1800 0.5500 0.5600
v -12.4600 0.5500 0.5600
v 12.1800 0.5200 -0.5600
v 12.4600 0.5200 -0.5600
v 12.4600 0.5500 -0.5600
v 12.1800 0.5500 -0.5600
v 12.1800 0.5200 0.5600
v 12.4600 0.5200 0.5600
v 12.4600 0.5500 0.5600
v 12.1800 0.5500 0.5600
v -12.2000 0.5200 -1.6300
v 12.2000 0.5200 -1.6300
v 12.2000 0.5500 -1.6300
v -12.2000 0.5500 -1.6300
v -12.2000 0.5200 1.6300
v 12.2000 0.5200 1.6300
v 12.2000 0.5500 1.6300
v -12.2000 0.5500 1.6300
v -12.4600 0.5300 -0.5600
v -12.1800 0.5300 -0.5600
v -12.1800 0.5550 -0.5600
v -12.4600 0.5550 -0.5600
v -12.4600 0.5300 0.5600
v -12.1800 0.5300 0.5600
v -12.1800 0.5550 0.5600
v -12.4600 0.5550 0.5600
v 12.1800 0.5300 -0.5600
v 12.4600 0.5300 -0.5600
v 12.4600 0.5550 -0.5600
v 12.1800 0.5550 -0.5600
v 12.1800 0.5300 0.5600
v 12.4600 0.5300 0.5600
v 12.4600 0.5550 0.5600
v 12.1800 0.5550 0.5600
v 5.0000 -0.6000 0.8200
v 9.4000 -0.6000 0.8200
v 9.4000 -0.3800 0.8200
v 5.0000 -0.3800 0.8200
v 5.0000 -0.6000 1.1600
v 9.4000 -0.6000 1.1600
v 9.4000 -0.3800 1.1600
v 5.0000 -0.3800 1.1600
v 5.0000 -0.6000 -1.1600
v 9.4000 -0.6000 -1.1600
v 9.4000 -0.3800 -1.1600
v 5.0000 -0.3800 -1.1600
v 5.0000 -0.6000 -0.8200
v 9.4000 -0.6000 -0.8200
v 9.4000 -0.3800 -0.8200
v 5.0000 -0.3800 -0.8200
v 5.0000 -0.3600 1.1700
v 9.4000 -0.3600 1.1700
v 9.4000 -0.0900 1.1700
v 5.0000 -0.0900 1.1700
v 5.0000 -0.3600 1.2200
v 9.4000 -0.3600 1.2200
v 9.4000 -0.0900 1.2200
v 5.0000 -0.0900 1.2200
v 5.0000 -0.3600 -1.2200
v 9.4000 -0.3600 -1.2200
v 9.4000 -0.0900 -1.2200
v 5.0000 -0.0900 -1.2200
v 5.0000 -0.3600 -1.1700
v 9.4000 -0.3600 -1.1700
v 9.4000 -0.0900 -1.1700
v 5.0000 -0.0900 -1.1700
v 5.2300 -0.6200 0.8400
v 5.3300 -0.6200 0.8400
v 5.3300 -0.3700 0.8400
v 5.2300 -0.3700 0.8400
v 5.2300 -0.6200 1.1400
v 5.3300 -0.6200 1.1400
v 5.3300 -0.3700 1.1400
v 5.2300 -0.3700 1.1400
v 5.2300 -0.6200 -1.1400
v 5.3300 -0.6200 -1.1400
v 5.3300 -0.3700 -1.1400
v 5.2300 -0.3700 -1.1400
v 5.2300 -0.6200 -0.8400
v 5.3300 -0.6200 -0.8400
v 5.3300 -0.3700 -0.8400
v 5.2300 -0.3700 -0.8400
v 5.7100 -0.6200 0.8400
v 5.8100 -0.6200 0.8400
v 5.8100 -0.3700 0.8400
v 5.7100 -0.3700 0.8400
v 5.7100 -0.6200 1.1400
v 5.8100 -0.6200 1.1400
v 5.8100 -0.3700 1.1400
v 5.7100 -0.3700 1.1400
v 5.7100 -0.6200 -1.1400
v 5.8100 -0.6200 -1.1400
v 5.8100 -0.3700 -1.1400
v 5.7100 -0.3700 -1.1400
v 5.7100 -0.6200 -0.8400
v 5.8100 -0.6200 -0.8400
v 5.8100 -0.3700 -0.8400
v 5.7100 -0.3700 -0.8400
v 6.1900 -0.6200 0.8400
v 6.2900 -0.6200 0.8400
v 6.2900 -0.3700 0.8400
v 6.1900 -0.3700 0.8400
v 6.1900 -0.6200 1.1400
v 6.2900 -0.6200 1.1400
v 6.2900 -0.3700 1.1400
v 6.1900 -0.3700 1.1400
v 6.1900 -0.6200 -1.1400
v 6.2900 -0.6200 -1.1400
v 6.2900 -0.3700 -1.1400
v 6.1900 -0.3700 -1.1400
v 6.1900 -0.6200 -0.8400
v 6.2900 -0.6200 -0.8400
v 6.2900 -0.3700 -0.8400
v 6.1900 -0.3700 -0.8400
v 6.6700 -0.6200 0.8400
v 6.7700 -0.6200 0.8400
v 6.7700 -0.3700 0.8400
v 6.6700 -0.3700 0.8400
v 6.6700 -0.6200 1.1400
v 6.7700 -0.6200 1.1400
v 6.7700 -0.3700 1.1400
v 6.6700 -0.3700 1.1400
v 6.6700 -0.6200 -1.1400
v 6.7700 -0.6200 -1.1400
v 6.7700 -0.3700 -1.1400
v 6.6700 -0.3700 -1.1400
v 6.6700 -0.6200 -0.8400
v 6.7700 -0.6200 -0.8400
v 6.7700 -0.3700 -0.8400
v 6.6700 -0.3700 -0.8400
v 7.1500 -0.6200 0.8400
v 7.2500 -0.6200 0.8400
v 7.2500 -0.3700 0.8400
v 7.1500 -0.3700 0.8400
v 7.1500 -0.6200 1.1400
v 7.2500 -0.6200 1.1400
v 7.2500 -0.3700 1.1400
v 7.1500 -0.3700 1.1400
v 7.1500 -0.6200 -1.1400
v 7.2500 -0.6200 -1.1400
v 7.2500 -0.3700 -1.1400
v 7.1500 -0.3700 -1.1400
v 7.1500 -0.6200 -0.8400
v 7.2500 -0.6200 -0.8400
v 7.2500 -0.3700 -0.8400
v 7.1500 -0.3700 -0.8400
v 7.6300 -0.6200 0.8400
v 7.7300 -0.6200 0.8400
v 7.7300 -0.3700 0.8400
v 7.6300 -0.3700 0.8400
v 7.6300 -0.6200 1.1400
v 7.7300 -0.6200 1.1400
v 7.7300 -0.3700 1.1400
v 7.6300 -0.3700 1.1400
v 7.6300 -0.6200 -1.1400
v 7.7300 -0.6200 -1.1400
v 7.7300 -0.3700 -1.1400
v 7.6300 -0.3700 -1.1400
v 7.6300 -0.6200 -0.8400
v 7.7300 -0.6200 -0.8400
v 7.7300 -0.3700 -0.8400
v 7.6300 -0.3700 -0.8400
v 8.1100 -0.6200 0.8400
v 8.2100 -0.6200 0.8400
v 8.2100 -0.3700 0.8400
v 8.1100 -0.3700 0.8400
v 8.1100 -0.6200 1.1400
v 8.2100 -0.6200 1.1400
v 8.2100 -0.3700 1.1400
v 8.1100 -0.3700 1.1400
v 8.1100 -0.6200 -1.1400
v 8.2100 -0.6200 -1.1400
v 8.2100 -0.3700 -1.1400
v 8.1100 -0.3700 -1.1400
v 8.1100 -0.6200 -0.8400
v 8.2100 -0.6200 -0.8400
v 8.2100 -0.3700 -0.8400
v 8.1100 -0.3700 -0.8400
v 8.5900 -0.6200 0.8400
v 8.6900 -0.6200 0.8400
v 8.6900 -0.3700 0.8400
v 8.5900 -0.3700 0.8400
v 8.5900 -0.6200 1.1400
v 8.6900 -0.6200 1.1400
v 8.6900 -0.3700 1.1400
v 8.5900 -0.3700 1.1400
v 8.5900 -0.6200 -1.1400
v 8.6900 -0.6200 -1.1400
v 8.6900 -0.3700 -1.1400
v 8.5900 -0.3700 -1.1400
v 8.5900 -0.6200 -0.8400
v 8.6900 -0.6200 -0.8400
v 8.6900 -0.3700 -0.8400
v 8.5900 -0.3700 -0.8400
v 9.0700 -0.6200 0.8400
v 9.1700 -0.6200 0.8400
v 9.1700 -0.3700 0.8400
v 9.0700 -0.3700 0.8400
v 9.0700 -0.6200 1.1400
v 9.1700 -0.6200 1.1400
v 9.1700 -0.3700 1.1400
v 9.0700 -0.3700 1.1400
v 9.0700 -0.6200 -1.1400
v 9.1700 -0.6200 -1.1400
v 9.1700 -0.3700 -1.1400
v 9.0700 -0.3700 -1.1400
v 9.0700 -0.6200 -0.8400
v 9.1700 -0.6200 -0.8400
v 9.1700 -0.3700 -0.8400
v 9.0700 -0.3700 -0.8400
v 6.8500 -0.0500 0.5000
v 7.5500 -0.0500 0.5000
v 7.5500 0.0500 0.5000
v 6.8500 0.0500 0.5000
v 6.8500 -0.0500 0.7500
v 7.5500 -0.0500 0.7500
v 7.5500 0.0500 0.7500
v 6.8500 0.0500 0.7500
v 6.8500 -0.0500 -0.7500
v 7.5500 -0.0500 -0.7500
v 7.5500 0.0500 -0.7500
v 6.8500 0.0500 -0.7500
v 6.8500 -0.0500 -0.5000
v 7.5500 -0.0500 -0.5000
v 7.5500 0.0500 -0.5000
v 6.8500 0.0500 -0.5000
v -9.4000 -0.6000 0.8200
v -5.0000 -0.6000 0.8200
v -5.0000 -0.3800 0.8200
v -9.4000 -0.3800 0.8200
v -9.4000 -0.6000 1.1600
v -5.0000 -0.6000 1.1600
v -5.0000 -0.3800 1.1600
v -9.4000 -0.3800 1.1600
v -9.4000 -0.6000 -1.1600
v -5.0000 -0.6000 -1.1600
v -5.0000 -0.3800 -1.1600
v -9.4000 -0.3800 -1.1600
v -9.4000 -0.6000 -0.8200
v -5.0000 -0.6000 -0.8200
v -5.0000 -0.3800 -0.8200
v -9.4000 -0.3800 -0.8200
v -9.4000 -0.3600 1.1700
v -5.0000 -0.3600 1.1700
v -5.0000 -0.0900 1.1700
v -9.4000 -0.0900 1.1700
v -9.4000 -0.3600 1.2200
v -5.0000 -0.3600 1.2200
v -5.0000 -0.0900 1.2200
v -9.4000 -0.0900 1.2200
v -9.4000 -0.3600 -1.2200
v -5.0000 -0.3600 -1.2200
v -5.0000 -0.0900 -1.2200
v -9.4000 -0.0900 -1.2200
v -9.4000 -0.3600 -1.1700
v -5.0000 -0.3600 -1.1700
v -5.0000 -0.0900 -1.1700
v -9.4000 -0.0900 -1.1700
v -9.1700 -0.6200 0.8400
v -9.0700 -0.6200 0.8400
v -9.0700 -0.3700 0.8400
v -9.1700 -0.3700 0.8400
v -9.1700 -0.6200 1.1400
v -9.0700 -0.6200 1.1400
v -9.0700 -0.3700 1.1400
v -9.1700 -0.3700 1.1400
v -9.1700 -0.6200 -1.1400
v -9.0700 -0.6200 -1.1400
v -9.0700 -0.3700 -1.1400
v -9.1700 -0.3700 -1.1400
v -9.1700 -0.6200 -0.8400
v -9.0700 -0.6200 -0.8400
v -9.0700 -0.3700 -0.8400
v -9.1700 -0.3700 -0.8400
v -8.6900 -0.6200 0.8400
v -8.5900 -0.6200 0.8400
v -8.5900 -0.3700 0.8400
v -8.6900 -0.3700 0.8400
v -8.6900 -0.6200 1.1400
v -8.5900 -0.6200 1.1400
v -8.5900 -0.3700 1.1400
v -8.6900 -0.3700 1.1400
v -8.6900 -0.6200 -1.1400
v -8.5900 -0.6200 -1.1400
v -8.5900 -0.3700 -1.1400
v -8.6900 -0.3700 -1.1400
v -8.6900 -0.6200 -0.8400
v -8.5900 -0.6200 -0.8400
v -8.5900 -0.3700 -0.8400
v -8.6900 -0.3700 -0.8400
v -8.2100 -0.6200 0.8400
v -8.1100 -0.6200 0.8400
v -8.1100 -0.3700 0.8400
v -8.2100 -0.3700 0.8400
v -8.2100 -0.6200 1.1400
v -8.1100 -0.6200 1.1400
v -8.1100 -0.3700 1.1400
v -8.2100 -0.3700 1.1400
v -8.2100 -0.6200 -1.1400
v -8.1100 -0.6200 -1.1400
v -8.1100 -0.3700 -1.1400
v -8.2100 -0.3700 -1.1400
v -8.2100 -0.6200 -0.8400
v -8.1100 -0.6200 -0.8400
v -8.1100 -0.3700 -0.8400
v -8.2100 -0.3700 -0.8400
v -7.7300 -0.6200 0.8400
v -7.6300 -0.6200 0.8400
v -7.6300 -0.3700 0.8400
v -7.7300 -0.3700 0.8400
v -7.7300 -0.6200 1.1400
v -7.6300 -0.6200 1.1400
v -7.6300 -0.3700 1.1400
v -7.7300 -0.3700 1.1400
v -7.7300 -0.6200 -1.1400
v -7.6300 -0.6200 -1.1400
v -7.6300 -0.3700 -1.1400
v -7.7300 -0.3700 -1.1400
v -7.7300 -0.6200 -0.8400
v -7.6300 -0.6200 -0.8400
v -7.6300 -0.3700 -0.8400
v -7.7300 -0.3700 -0.8400
v -7.2500 -0.6200 0.8400
v -7.1500 -0.6200 0.8400
v -7.1500 -0.3700 0.8400
v -7.2500 -0.3700 0.8400
v -7.2500 -0.6200 1.1400
v -7.1500 -0.6200 1.1400
v -7.1500 -0.3700 1.1400
v -7.2500 -0.3700 1.1400
v -7.2500 -0.6200 -1.1400
v -7.1500 -0.6200 -1.1400
v -7.1500 -0.3700 -1.1400
v -7.2500 -0.3700 -1.1400
v -7.2500 -0.6200 -0.8400
v -7.1500 -0.6200 -0.8400
v -7.1500 -0.3700 -0.8400
v -7.2500 -0.3700 -0.8400
v -6.7700 -0.6200 0.8400
v -6.6700 -0.6200 0.8400
v -6.6700 -0.3700 0.8400
v -6.7700 -0.3700 0.8400
v -6.7700 -0.6200 1.1400
v -6.6700 -0.6200 1.1400
v -6.6700 -0.3700 1.1400
v -6.7700 -0.3700 1.1400
v -6.7700 -0.6200 -1.1400
v -6.6700 -0.6200 -1.1400
v -6.6700 -0.3700 -1.1400
v -6.7700 -0.3700 -1.1400
v -6.7700 -0.6200 -0.8400
v -6.6700 -0.6200 -0.8400
v -6.6700 -0.3700 -0.8400
v -6.7700 -0.3700 -0.8400
v -6.2900 -0.6200 0.8400
v -6.1900 -0.6200 0.8400
v -6.1900 -0.3700 0.8400
v -6.2900 -0.3700 0.8400
v -6.2900 -0.6200 1.1400
v -6.1900 -0.6200 1.1400
v -6.1900 -0.3700 1.1400
v -6.2900 -0.3700 1.1400
v -6.2900 -0.6200 -1.1400
v -6.1900 -0.6200 -1.1400
v -6.1900 -0.3700 -1.1400
v -6.2900 -0.3700 -1.1400
v -6.2900 -0.6200 -0.8400
v -6.1900 -0.6200 -0.8400
v -6.1900 -0.3700 -0.8400
v -6.2900 -0.3700 -0.8400
v -5.8100 -0.6200 0.8400
v -5.7100 -0.6200 0.8400
v -5.7100 -0.3700 0.8400
v -5.8100 -0.3700 0.8400
v -5.8100 -0.6200 1.1400
v -5.7100 -0.6200 1.1400
v -5.7100 -0.3700 1.1400
v -5.8100 -0.3700 1.1400
v -5.8100 -0.6200 -1.1400
v -5.7100 -0.6200 -1.1400
v -5.7100 -0.3700 -1.1400
v -5.8100 -0.3700 -1.1400
v -5.8100 -0.6200 -0.8400
v -5.7100 -0.6200 -0.8400
v -5.7100 -0.3700 -0.8400
v -5.8100 -0.3700 -0.8400
v -5.3300 -0.6200 0.8400
v -5.2300 -0.6200 0.8400
v -5.2300 -0.3700 0.8400
v -5.3300 -0.3700 0.8400
v -5.3300 -0.6200 1.1400
v -5.2300 -0.6200 1.1400
v -5.2300 -0.3700 1.1400
v -5.3300 -0.3700 1.1400
v -5.3300 -0.6200 -1.1400
v -5.2300 -0.6200 -1.1400
v -5.2300 -0.3700 -1.1400
v -5.3300 -0.3700 -1.1400
v -5.3300 -0.6200 -0.8400
v -5.2300 -0.6200 -0.8400
v -5.2300 -0.3700 -0.8400
v -5.3300 -0.3700 -0.8400
v -7.5500 -0.0500 0.5000
v -6.8500 -0.0500 0.5000
v -6.8500 0.0500 0.5000
v -7.5500 0.0500 0.5000
v -7.5500 -0.0500 0.7500
v -6.8500 -0.0500 0.7500
v -6.8500 0.0500 0.7500
v -7.5500 0.0500 0.7500
v -7.5500 -0.0500 -0.7500
v -6.8500 -0.0500 -0.7500
v -6.8500 0.0500 -0.7500
v -7.5500 0.0500 -0.7500
v -7.5500 -0.0500 -0.5000
v -6.8500 -0.0500 -0.5000
v -6.8500 0.0500 -0.5000
v -7.5500 0.0500 -0.5000
v -10.8000 3.9800 -0.5000
v 10.8000 3.9800 -0.5000
v 10.8000 4.0500 -0.5000
v -10.8000 4.0500 -0.5000
v -10.8000 3.9800 0.5000
v 10.8000 3.9800 0.5000
v 10.8000 4.0500 0.5000
v -10.8000 4.0500 0.5000
v -9.2000 2.6200 1.6900
v -7.6000 2.6200 1.6900
v -7.6000 2.8200 1.6900
v -9.2000 2.8200 1.6900
v -9.2000 2.6200 1.7120
v -7.6000 2.6200 1.7120
v -7.6000 2.8200 1.7120
v -9.2000 2.8200 1.7120
v -9.2000 2.6200 -1.7120
v -7.6000 2.6200 -1.7120
v -7.6000 2.8200 -1.7120
v -9.2000 2.8200 -1.7120
v -9.2000 2.6200 -1.6900
v -7.6000 2.6200 -1.6900
v -7.6000 2.8200 -1.6900
v -9.2000 2.8200 -1.6900
v -12.2000 0.5250 -1.6300
v 12.2000 0.5250 -1.6300
v 12.2000 0.5540 -1.6300
v -12.2000 0.5540 -1.6300
v -12.2000 0.5250 1.6300
v 12.2000 0.5250 1.6300
v 12.2000 0.5540 1.6300
v -12.2000 0.5540 1.6300
v -12.2000 0.5540 -0.3600
v 12.2000 0.5540 -0.3600
v 12.2000 0.5570 -0.3600
v -12.2000 0.5570 -0.3600
v -12.2000 0.5540 0.3600
v 12.2000 0.5540 0.3600
v 12.2000 0.5570 0.3600
v -12.2000 0.5570 0.3600
v -12.2000 3.7400 -1.6300
v 12.2000 3.7400 -1.6300
v 12.2000 3.7800 -1.6300
v -12.2000 3.7800 -1.6300
v -12.2000 3.7400 1.6300
v 12.2000 3.7400 1.6300
v 12.2000 3.7800 1.6300
v -12.2000 3.7800 1.6300
v -11.9000 3.7100 0.4200
v 11.9000 3.7100 0.4200
v 11.9000 3.7400 0.4200
v -11.9000 3.7400 0.4200
v -11.9000 3.7100 0.6200
v 11.9000 3.7100 0.6200
v 11.9000 3.7400 0.6200
v -11.9000 3.7400 0.6200
v -11.9000 3.7100 -0.6200
v 11.9000 3.7100 -0.6200
v 11.9000 3.7400 -0.6200
v -11.9000 3.7400 -0.6200
v -11.9000 3.7100 -0.4200
v 11.9000 3.7100 -0.4200
v 11.9000 3.7400 -0.4200
v -11.9000 3.7400 -0.4200
v -12.2600 0.5500 0.5200
v -12.1800 0.5500 0.5200
v -12.1800 3.7800 0.5200
v -12.2600 3.7800 0.5200
v -12.2600 0.5500 1.6300
v -12.1800 0.5500 1.6300
v -12.1800 3.7800 1.6300
v -12.2600 3.7800 1.6300
v -12.2600 0.5500 -1.6300
v -12.1800 0.5500 -1.6300
v -12.1800 3.7800 -1.6300
v -12.2600 3.7800 -1.6300
v -12.2600 0.5500 -0.5200
v -12.1800 0.5500 -0.5200
v -12.1800 3.7800 -0.5200
v -12.2600 3.7800 -0.5200
v -12.2600 2.6000 -0.5200
v -12.1800 2.6000 -0.5200
v -12.1800 3.7800 -0.5200
v -12.2600 3.7800 -0.5200
v -12.2600 2.6000 0.5200
v -12.1800 2.6000 0.5200
v -12.1800 3.7800 0.5200
v -12.2600 3.7800 0.5200
v -12.2800 2.6000 -0.5000
v -12.1600 2.6000 -0.5000
v -12.1600 3.0000 -0.5000
v -12.2800 3.0000 -0.5000
v -12.2800 2.6000 0.5000
v -12.1600 2.6000 0.5000
v -12.1600 3.0000 0.5000
v -12.2800 3.0000 0.5000
v 12.1800 0.5500 0.5200
v 12.2600 0.5500 0.5200
v 12.2600 3.7800 0.5200
v 12.1800 3.7800 0.5200
v 12.1800 0.5500 1.6300
v 12.2600 0.5500 1.6300
v 12.2600 3.7800 1.6300
v 12.1800 3.7800 1.6300
v 12.1800 0.5500 -1.6300
v 12.2600 0.5500 -1.6300
v 12.2600 3.7800 -1.6300
v 12.1800 3.7800 -1.6300
v 12.1800 0.5500 -0.5200
v 12.2600 0.5500 -0.5200
v 12.2600 3.7800 -0.5200
v 12.1800 3.7800 -0.5200
v 12.1800 2.6000 -0.5200
v 12.2600 2.6000 -0.5200
v 12.2600 3.7800 -0.5200
v 12.1800 3.7800 -0.5200
v 12.1800 2.6000 0.5200
v 12.2600 2.6000 0.5200
v 12.2600 3.7800 0.5200
v 12.1800 3.7800 0.5200
v 12.2000 2.6000 -0.5000
v 12.2400 2.6000 -0.5000
v 12.2400 3.0000 -0.5000
v 12.2000 3.0000 -0.5000
v 12.2000 2.6000 0.5000
v 12.2400 2.6000 0.5000
v 12.2400 3.0000 0.5000
v 12.2000 3.0000 0.5000
v -12.2700 0.5500 -0.5000
v -12.1900 0.5500 -0.5000
v -12.1900 2.6000 -0.5000
v -12.2700 2.6000 -0.5000
v -12.2700 0.5500 0.5000
v -12.1900 0.5500 0.5000
v -12.1900 2.6000 0.5000
v -12.2700 2.6000 0.5000
v -12.2720 1.5500 -0.4000
v -12.1920 1.5500 -0.4000
v -12.1920 2.4500 -0.4000
v -12.2720 2.4500 -0.4000
v -12.2720 1.5500 0.4000
v -12.1920 1.5500 0.4000
v -12.1920 2.4500 0.4000
v -12.2720 2.4500 0.4000
v 12.1900 0.5500 -0.5000
v 12.2700 0.5500 -0.5000
v 12.2700 2.6000 -0.5000
v 12.1900 2.6000 -0.5000
v 12.1900 0.5500 0.5000
v 12.2700 0.5500 0.5000
v 12.2700 2.6000 0.5000
v 12.1900 2.6000 0.5000
v 12.1920 1.5500 -0.4000
v 12.2720 1.5500 -0.4000
v 12.2720 2.4500 -0.4000
v 12.1920 2.4500 -0.4000
v 12.1920 1.5500 0.4000
v 12.2720 1.5500 0.4000
v 12.2720 2.4500 0.4000
v 12.1920 2.4500 0.4000
v -10.5500 0.5500 1.6300
v -10.0000 0.5500 1.6300
v -10.0000 1.4500 1.6300
v -10.5500 1.4500 1.6300
v -10.5500 0.5500 1.6880
v -10.0000 0.5500 1.6880
v -10.0000 1.4500 1.6880
v -10.5500 1.4500 1.6880
v -10.5500 2.4800 1.6300
v -10.0000 2.4800 1.6300
v -10.0000 2.7200 1.6300
v -10.5500 2.7200 1.6300
v -10.5500 2.4800 1.6880
v -10.0000 2.4800 1.6880
v -10.0000 2.7200 1.6880
v -10.5500 2.7200 1.6880
v -10.5500 1.4500 1.6300
v -10.4800 1.4500 1.6300
v -10.4800 2.4800 1.6300
v -10.5500 2.4800 1.6300
v -10.5500 1.4500 1.6880
v -10.4800 1.4500 1.6880
v -10.4800 2.4800 1.6880
v -10.5500 2.4800 1.6880
v -10.0700 1.4500 1.6300
v -10.0000 1.4500 1.6300
v -10.0000 2.4800 1.6300
v -10.0700 2.4800 1.6300
v -10.0700 1.4500 1.6880
v -10.0000 1.4500 1.6880
v -10.0000 2.4800 1.6880
v -10.0700 2.4800 1.6880
v -10.4800 1.4500 1.6500
v -10.0700 1.4500 1.6500
v -10.0700 2.4800 1.6500
v -10.4800 2.4800 1.6500
v -10.4800 1.4500 1.6680
v -10.0700 1.4500 1.6680
v -10.0700 2.4800 1.6680
v -10.4800 2.4800 1.6680
v -10.0150 0.5500 1.6250
v -9.9850 0.5500 1.6250
v -9.9850 2.7200 1.6250
v -10.0150 2.7200 1.6250
v -10.0150 0.5500 1.6930
v -9.9850 0.5500 1.6930
v -9.9850 2.7200 1.6930
v -10.0150 2.7200 1.6930
v -10.0000 0.5500 1.6300
v -9.4500 0.5500 1.6300
v -9.4500 1.4500 1.6300
v -10.0000 1.4500 1.6300
v -10.0000 0.5500 1.6880
v -9.4500 0.5500 1.6880
v -9.4500 1.4500 1.6880
v -10.0000 1.4500 1.6880
v -10.0000 2.4800 1.6300
v -9.4500 2.4800 1.6300
v -9.4500 2.7200 1.6300
v -10.0000 2.7200 1.6300
v -10.0000 2.4800 1.6880
v -9.4500 2.4800 1.6880
v -9.4500 2.7200 1.6880
v -10.0000 2.7200 1.6880
v -10.0000 1.4500 1.6300
v -9.9300 1.4500 1.6300
v -9.9300 2.4800 1.6300
v -10.0000 2.4800 1.6300
v -10.0000 1.4500 1.6880
v -9.9300 1.4500 1.6880
v -9.9300 2.4800 1.6880
v -10.0000 2.4800 1.6880
v -9.5200 1.4500 1.6300
v -9.4500 1.4500 1.6300
v -9.4500 2.4800 1.6300
v -9.5200 2.4800 1.6300
v -9.5200 1.4500 1.6880
v -9.4500 1.4500 1.6880
v -9.4500 2.4800 1.6880
v -9.5200 2.4800 1.6880
v -9.9300 1.4500 1.6500
v -9.5200 1.4500 1.6500
v -9.5200 2.4800 1.6500
v -9.9300 2.4800 1.6500
v -9.9300 1.4500 1.6680
v -9.5200 1.4500 1.6680
v -9.5200 2.4800 1.6680
v -9.9300 2.4800 1.6680
v -10.0150 0.5500 1.6250
v -9.9850 0.5500 1.6250
v -9.9850 2.7200 1.6250
v -10.0150 2.7200 1.6250
v -10.0150 0.5500 1.6930
v -9.9850 0.5500 1.6930
v -9.9850 2.7200 1.6930
v -10.0150 2.7200 1.6930
v -10.5500 0.5500 1.3700
v -9.4500 0.5500 1.3700
v -9.4500 0.5550 1.3700
v -10.5500 0.5550 1.3700
v -10.5500 0.5500 1.6200
v -9.4500 0.5500 1.6200
v -9.4500 0.5550 1.6200
v -10.5500 0.5550 1.6200
v -10.4500 2.7400 1.5800
v -9.5500 2.7400 1.5800
v -9.5500 2.9200 1.5800
v -10.4500 2.9200 1.5800
v -10.4500 2.7400 1.6200
v -9.5500 2.7400 1.6200
v -9.5500 2.9200 1.6200
v -10.4500 2.9200 1.6200
v -10.5500 0.5500 -1.6200
v -9.4500 0.5500 -1.6200
v -9.4500 0.5550 -1.6200
v -10.5500 0.5550 -1.6200
v -10.5500 0.5500 -1.3700
v -9.4500 0.5500 -1.3700
v -9.4500 0.5550 -1.3700
v -10.5500 0.5550 -1.3700
v -10.4500 2.7400 -1.6200
v -9.5500 2.7400 -1.6200
v -9.5500 2.9200 -1.6200
v -10.4500 2.9200 -1.6200
v -10.4500 2.7400 -1.5800
v -9.5500 2.7400 -1.5800
v -9.5500 2.9200 -1.5800
v -10.4500 2.9200 -1.5800
v -10.5500 0.5500 -1.6880
v -10.0000 0.5500 -1.6880
v -10.0000 1.4500 -1.6880
v -10.5500 1.4500 -1.6880
v -10.5500 0.5500 -1.6300
v -10.0000 0.5500 -1.6300
v -10.0000 1.4500 -1.6300
v -10.5500 1.4500 -1.6300
v -10.5500 2.4800 -1.6880
v -10.0000 2.4800 -1.6880
v -10.0000 2.7200 -1.6880
v -10.5500 2.7200 -1.6880
v -10.5500 2.4800 -1.6300
v -10.0000 2.4800 -1.6300
v -10.0000 2.7200 -1.6300
v -10.5500 2.7200 -1.6300
v -10.5500 1.4500 -1.6880
v -10.4800 1.4500 -1.6880
v -10.4800 2.4800 -1.6880
v -10.5500 2.4800 -1.6880
v -10.5500 1.4500 -1.6300
v -10.4800 1.4500 -1.6300
v -10.4800 2.4800 -1.6300
v -10.5500 2.4800 -1.6300
v -10.0700 1.4500 -1.6880
v -10.0000 1.4500 -1.6880
v -10.0000 2.4800 -1.6880
v -10.0700 2.4800 -1.6880
v -10.0700 1.4500 -1.6300
v -10.0000 1.4500 -1.6300
v -10.0000 2.4800 -1.6300
v -10.0700 2.4800 -1.6300
v -10.4800 1.4500 -1.6680
v -10.0700 1.4500 -1.6680
v -10.0700 2.4800 -1.6680
v -10.4800 2.4800 -1.6680
v -10.4800 1.4500 -1.6500
v -10.0700 1.4500 -1.6500
v -10.0700 2.4800 -1.6500
v -10.4800 2.4800 -1.6500
v -10.0150 0.5500 -1.6930
v -9.9850 0.5500 -1.6930
v -9.9850 2.7200 -1.6930
v -10.0150 2.7200 -1.6930
v -10.0150 0.5500 -1.6250
v -9.9850 0.5500 -1.6250
v -9.9850 2.7200 -1.6250
v -10.0150 2.7200 -1.6250
v -10.0000 0.5500 -1.6880
v -9.4500 0.5500 -1.6880
v -9.4500 1.4500 -1.6880
v -10.0000 1.4500 -1.6880
v -10.0000 0.5500 -1.6300
v -9.4500 0.5500 -1.6300
v -9.4500 1.4500 -1.6300
v -10.0000 1.4500 -1.6300
v -10.0000 2.4800 -1.6880
v -9.4500 2.4800 -1.6880
v -9.4500 2.7200 -1.6880
v -10.0000 2.7200 -1.6880
v -10.0000 2.4800 -1.6300
v -9.4500 2.4800 -1.6300
v -9.4500 2.7200 -1.6300
v -10.0000 2.7200 -1.6300
v -10.0000 1.4500 -1.6880
v -9.9300 1.4500 -1.6880
v -9.9300 2.4800 -1.6880
v -10.0000 2.4800 -1.6880
v -10.0000 1.4500 -1.6300
v -9.9300 1.4500 -1.6300
v -9.9300 2.4800 -1.6300
v -10.0000 2.4800 -1.6300
v -9.5200 1.4500 -1.6880
v -9.4500 1.4500 -1.6880
v -9.4500 2.4800 -1.6880
v -9.5200 2.4800 -1.6880
v -9.5200 1.4500 -1.6300
v -9.4500 1.4500 -1.6300
v -9.4500 2.4800 -1.6300
v -9.5200 2.4800 -1.6300
v -9.9300 1.4500 -1.6680
v -9.5200 1.4500 -1.6680
v -9.5200 2.4800 -1.6680
v -9.9300 2.4800 -1.6680
v -9.9300 1.4500 -1.6500
v -9.5200 1.4500 -1.6500
v -9.5200 2.4800 -1.6500
v -9.9300 2.4800 -1.6500
v -10.0150 0.5500 -1.6930
v -9.9850 0.5500 -1.6930
v -9.9850 2.7200 -1.6930
v -10.0150 2.7200 -1.6930
v -10.0150 0.5500 -1.6250
v -9.9850 0.5500 -1.6250
v -9.9850 2.7200 -1.6250
v -10.0150 2.7200 -1.6250
v -11.6300 0.5500 -1.5050
v -11.2700 0.5500 -1.5050
v -11.2700 0.9300 -1.5050
v -11.6300 0.9300 -1.5050
v -11.6300 0.5500 -1.2050
v -11.2700 0.5500 -1.2050
v -11.2700 0.9300 -1.2050
v -11.6300 0.9300 -1.2050
v -11.6300 0.5500 -1.0450
v -11.2700 0.5500 -1.0450
v -11.2700 0.9300 -1.0450
v -11.6300 0.9300 -1.0450
v -11.6300 0.5500 -0.7450
v -11.2700 0.5500 -0.7450
v -11.2700 0.9300 -0.7450
v -11.6300 0.9300 -0.7450
v -11.6300 0.5500 1.2050
v -11.2700 0.5500 1.2050
v -11.2700 0.9300 1.2050
v -11.6300 0.9300 1.2050
v -11.6300 0.5500 1.5050
v -11.2700 0.5500 1.5050
v -11.2700 0.9300 1.5050
v -11.6300 0.9300 1.5050
v -11.6300 0.5500 0.7450
v -11.2700 0.5500 0.7450
v -11.2700 0.9300 0.7450
v -11.6300 0.9300 0.7450
v -11.6300 0.5500 1.0450
v -11.2700 0.5500 1.0450
v -11.2700 0.9300 1.0450
v -11.6300 0.9300 1.0450
v -8.6300 0.5500 -1.5050
v -8.2700 0.5500 -1.5050
v -8.2700 0.9300 -1.5050
v -8.6300 0.9300 -1.5050
v -8.6300 0.5500 -1.2050
v -8.2700 0.5500 -1.2050
v -8.2700 0.9300 -1.2050
v -8.6300 0.9300 -1.2050
v -8.6300 0.5500 -1.0450
v -8.2700 0.5500 -1.0450
v -8.2700 0.9300 -1.0450
v -8.6300 0.9300 -1.0450
v -8.6300 0.5500 -0.7450
v -8.2700 0.5500 -0.7450
v -8.2700 0.9300 -0.7450
v -8.6300 0.9300 -0.7450
v -8.6300 0.5500 1.2050
v -8.2700 0.5500 1.2050
v -8.2700 0.9300 1.2050
v -8.6300 0.9300 1.2050
v -8.6300 0.5500 1.5050
v -8.2700 0.5500 1.5050
v -8.2700 0.9300 1.5050
v -8.6300 0.9300 1.5050
v -8.6300 0.5500 0.7450
v -8.2700 0.5500 0.7450
v -8.2700 0.9300 0.7450
v -8.6300 0.9300 0.7450
v -8.6300 0.5500 1.0450
v -8.2700 0.5500 1.0450
v -8.2700 0.9300 1.0450
v -8.6300 0.9300 1.0450
v -7.6300 0.5500 -1.5050
v -7.2700 0.5500 -1.5050
v -7.2700 0.9300 -1.5050
v -7.6300 0.9300 -1.5050
v -7.6300 0.5500 -1.2050
v -7.2700 0.5500 -1.2050
v -7.2700 0.9300 -1.2050
v -7.6300 0.9300 -1.2050
v -7.6300 0.5500 -1.0450
v -7.2700 0.5500 -1.0450
v -7.2700 0.9300 -1.0450
v -7.6300 0.9300 -1.0450
v -7.6300 0.5500 -0.7450
v -7.2700 0.5500 -0.7450
v -7.2700 0.9300 -0.7450
v -7.6300 0.9300 -0.7450
v -7.6300 0.5500 1.2050
v -7.2700 0.5500 1.2050
v -7.2700 0.9300 1.2050
v -7.6300 0.9300 1.2050
v -7.6300 0.5500 1.5050
v -7.2700 0.5500 1.5050
v -7.2700 0.9300 1.5050
v -7.6300 0.9300 1.5050
v -7.6300 0.5500 0.7450
v -7.2700 0.5500 0.7450
v -7.2700 0.9300 0.7450
v -7.6300 0.9300 0.7450
v -7.6300 0.5500 1.0450
v -7.2700 0.5500 1.0450
v -7.2700 0.9300 1.0450
v -7.6300 0.9300 1.0450
v -6.6300 0.5500 -1.5050
v -6.2700 0.5500 -1.5050
v -6.2700 0.9300 -1.5050
v -6.6300 0.9300 -1.5050
v -6.6300 0.5500 -1.2050
v -6.2700 0.5500 -1.2050
v -6.2700 0.9300 -1.2050
v -6.6300 0.9300 -1.2050
v -6.6300 0.5500 -1.0450
v -6.2700 0.5500 -1.0450
v -6.2700 0.9300 -1.0450
v -6.6300 0.9300 -1.0450
v -6.6300 0.5500 -0.7450
v -6.2700 0.5500 -0.7450
v -6.2700 0.9300 -0.7450
v -6.6300 0.9300 -0.7450
v -6.6300 0.5500 1.2050
v -6.2700 0.5500 1.2050
v -6.2700 0.9300 1.2050
v -6.6300 0.9300 1.2050
v -6.6300 0.5500 1.5050
v -6.2700 0.5500 1.5050
v -6.2700 0.9300 1.5050
v -6.6300 0.9300 1.5050
v -6.6300 0.5500 0.7450
v -6.2700 0.5500 0.7450
v -6.2700 0.9300 0.7450
v -6.6300 0.9300 0.7450
v -6.6300 0.5500 1.0450
v -6.2700 0.5500 1.0450
v -6.2700 0.9300 1.0450
v -6.6300 0.9300 1.0450
v -5.6300 0.5500 -1.5050
v -5.2700 0.5500 -1.5050
v -5.2700 0.9300 -1.5050
v -5.6300 0.9300 -1.5050
v -5.6300 0.5500 -1.2050
v -5.2700 0.5500 -1.2050
v -5.2700 0.9300 -1.2050
v -5.6300 0.9300 -1.2050
v -5.6300 0.5500 -1.0450
v -5.2700 0.5500 -1.0450
v -5.2700 0.9300 -1.0450
v -5.6300 0.9300 -1.0450
v -5.6300 0.5500 -0.7450
v -5.2700 0.5500 -0.7450
v -5.2700 0.9300 -0.7450
v -5.6300 0.9300 -0.7450
v -5.6300 0.5500 1.2050
v -5.2700 0.5500 1.2050
v -5.2700 0.9300 1.2050
v -5.6300 0.9300 1.2050
v -5.6300 0.5500 1.5050
v -5.2700 0.5500 1.5050
v -5.2700 0.9300 1.5050
v -5.6300 0.9300 1.5050
v -5.6300 0.5500 0.7450
v -5.2700 0.5500 0.7450
v -5.2700 0.9300 0.7450
v -5.6300 0.9300 0.7450
v -5.6300 0.5500 1.0450
v -5.2700 0.5500 1.0450
v -5.2700 0.9300 1.0450
v -5.6300 0.9300 1.0450
v -4.6300 0.5500 -1.5050
v -4.2700 0.5500 -1.5050
v -4.2700 0.9300 -1.5050
v -4.6300 0.9300 -1.5050
v -4.6300 0.5500 -1.2050
v -4.2700 0.5500 -1.2050
v -4.2700 0.9300 -1.2050
v -4.6300 0.9300 -1.2050
v -4.6300 0.5500 -1.0450
v -4.2700 0.5500 -1.0450
v -4.2700 0.9300 -1.0450
v -4.6300 0.9300 -1.0450
v -4.6300 0.5500 -0.7450
v -4.2700 0.5500 -0.7450
v -4.2700 0.9300 -0.7450
v -4.6300 0.9300 -0.7450
v -4.6300 0.5500 1.2050
v -4.2700 0.5500 1.2050
v -4.2700 0.9300 1.2050
v -4.6300 0.9300 1.2050
v -4.6300 0.5500 1.5050
v -4.2700 0.5500 1.5050
v -4.2700 0.9300 1.5050
v -4.6300 0.9300 1.5050
v -4.6300 0.5500 0.7450
v -4.2700 0.5500 0.7450
v -4.2700 0.9300 0.7450
v -4.6300 0.9300 0.7450
v -4.6300 0.5500 1.0450
v -4.2700 0.5500 1.0450
v -4.2700 0.9300 1.0450
v -4.6300 0.9300 1.0450
v -3.6300 0.5500 -1.5050
v -3.2700 0.5500 -1.5050
v -3.2700 0.9300 -1.5050
v -3.6300 0.9300 -1.5050
v -3.6300 0.5500 -1.2050
v -3.2700 0.5500 -1.2050
v -3.2700 0.9300 -1.2050
v -3.6300 0.9300 -1.2050
v -3.6300 0.5500 -1.0450
v -3.2700 0.5500 -1.0450
v -3.2700 0.9300 -1.0450
v -3.6300 0.9300 -1.0450
v -3.6300 0.5500 -0.7450
v -3.2700 0.5500 -0.7450
v -3.2700 0.9300 -0.7450
v -3.6300 0.9300 -0.7450
v -3.6300 0.5500 1.2050
v -3.2700 0.5500 1.2050
v -3.2700 0.9300 1.2050
v -3.6300 0.9300 1.2050
v -3.6300 0.5500 1.5050
v -3.2700 0.5500 1.5050
v -3.2700 0.9300 1.5050
v -3.6300 0.9300 1.5050
v -3.6300 0.5500 0.7450
v -3.2700 0.5500 0.7450
v -3.2700 0.9300 0.7450
v -3.6300 0.9300 0.7450
v -3.6300 0.5500 1.0450
v -3.2700 0.5500 1.0450
v -3.2700 0.9300 1.0450
v -3.6300 0.9300 1.0450
v -2.6300 0.5500 -1.5050
v -2.2700 0.5500 -1.5050
v -2.2700 0.9300 -1.5050
v -2.6300 0.9300 -1.5050
v -2.6300 0.5500 -1.2050
v -2.2700 0.5500 -1.2050
v -2.2700 0.9300 -1.2050
v -2.6300 0.9300 -1.2050
v -2.6300 0.5500 -1.0450
v -2.2700 0.5500 -1.0450
v -2.2700 0.9300 -1.0450
v -2.6300 0.9300 -1.0450
v -2.6300 0.5500 -0.7450
v -2.2700 0.5500 -0.7450
v -2.2700 0.9300 -0.7450
v -2.6300 0.9300 -0.7450
v -2.6300 0.5500 1.2050
v -2.2700 0.5500 1.2050
v -2.2700 0.9300 1.2050
v -2.6300 0.9300 1.2050
v -2.6300 0.5500 1.5050
v -2.2700 0.5500 1.5050
v -2.2700 0.9300 1.5050
v -2.6300 0.9300 1.5050
v -2.6300 0.5500 0.7450
v -2.2700 0.5500 0.7450
v -2.2700 0.9300 0.7450
v -2.6300 0.9300 0.7450
v -2.6300 0.5500 1.0450
v -2.2700 0.5500 1.0450
v -2.2700 0.9300 1.0450
v -2.6300 0.9300 1.0450
v -1.6300 0.5500 -1.5050
v -1.2700 0.5500 -1.5050
v -1.2700 0.9300 -1.5050
v -1.6300 0.9300 -1.5050
v -1.6300 0.5500 -1.2050
v -1.2700 0.5500 -1.2050
v -1.2700 0.9300 -1.2050
v -1.6300 0.9300 -1.2050
v -1.6300 0.5500 -1.0450
v -1.2700 0.5500 -1.0450
v -1.2700 0.9300 -1.0450
v -1.6300 0.9300 -1.0450
v -1.6300 0.5500 -0.7450
v -1.2700 0.5500 -0.7450
v -1.2700 0.9300 -0.7450
v -1.6300 0.9300 -0.7450
v -1.6300 0.5500 1.2050
v -1.2700 0.5500 1.2050
v -1.2700 0.9300 1.2050
v -1.6300 0.9300 1.2050
v -1.6300 0.5500 1.5050
v -1.2700 0.5500 1.5050
v -1.2700 0.9300 1.5050
v -1.6300 0.9300 1.5050
v -1.6300 0.5500 0.7450
v -1.2700 0.5500 0.7450
v -1.2700 0.9300 0.7450
v -1.6300 0.9300 0.7450
v -1.6300 0.5500 1.0450
v -1.2700 0.5500 1.0450
v -1.2700 0.9300 1.0450
v -1.6300 0.9300 1.0450
v -0.6300 0.5500 -1.5050
v -0.2700 0.5500 -1.5050
v -0.2700 0.9300 -1.5050
v -0.6300 0.9300 -1.5050
v -0.6300 0.5500 -1.2050
v -0.2700 0.5500 -1.2050
v -0.2700 0.9300 -1.2050
v -0.6300 0.9300 -1.2050
v -0.6300 0.5500 -1.0450
v -0.2700 0.5500 -1.0450
v -0.2700 0.9300 -1.0450
v -0.6300 0.9300 -1.0450
v -0.6300 0.5500 -0.7450
v -0.2700 0.5500 -0.7450
v -0.2700 0.9300 -0.7450
v -0.6300 0.9300 -0.7450
v -0.6300 0.5500 1.2050
v -0.2700 0.5500 1.2050
v -0.2700 0.9300 1.2050
v -0.6300 0.9300 1.2050
v -0.6300 0.5500 1.5050
v -0.2700 0.5500 1.5050
v -0.2700 0.9300 1.5050
v -0.6300 0.9300 1.5050
v -0.6300 0.5500 0.7450
v -0.2700 0.5500 0.7450
v -0.2700 0.9300 0.7450
v -0.6300 0.9300 0.7450
v -0.6300 0.5500 1.0450
v -0.2700 0.5500 1.0450
v -0.2700 0.9300 1.0450
v -0.6300 0.9300 1.0450
v 0.3700 0.5500 -1.5050
v 0.7300 0.5500 -1.5050
v 0.7300 0.9300 -1.5050
v 0.3700 0.9300 -1.5050
v 0.3700 0.5500 -1.2050
v 0.7300 0.5500 -1.2050
v 0.7300 0.9300 -1.2050
v 0.3700 0.9300 -1.2050
v 0.3700 0.5500 -1.0450
v 0.7300 0.5500 -1.0450
v 0.7300 0.9300 -1.0450
v 0.3700 0.9300 -1.0450
v 0.3700 0.5500 -0.7450
v 0.7300 0.5500 -0.7450
v 0.7300 0.9300 -0.7450
v 0.3700 0.9300 -0.7450
v 0.3700 0.5500 1.2050
v 0.7300 0.5500 1.2050
v 0.7300 0.9300 1.2050
v 0.3700 0.9300 1.2050
v 0.3700 0.5500 1.5050
v 0.7300 0.5500 1.5050
v 0.7300 0.9300 1.5050
v 0.3700 0.9300 1.5050
v 0.3700 0.5500 0.7450
v 0.7300 0.5500 0.7450
v 0.7300 0.9300 0.7450
v 0.3700 0.9300 0.7450
v 0.3700 0.5500 1.0450
v 0.7300 0.5500 1.0450
v 0.7300 0.9300 1.0450
v 0.3700 0.9300 1.0450
v 1.3700 0.5500 -1.5050
v 1.7300 0.5500 -1.5050
v 1.7300 0.9300 -1.5050
v 1.3700 0.9300 -1.5050
v 1.3700 0.5500 -1.2050
v 1.7300 0.5500 -1.2050
v 1.7300 0.9300 -1.2050
v 1.3700 0.9300 -1.2050
v 1.3700 0.5500 -1.0450
v 1.7300 0.5500 -1.0450
v 1.7300 0.9300 -1.0450
v 1.3700 0.9300 -1.0450
v 1.3700 0.5500 -0.7450
v 1.7300 0.5500 -0.7450
v 1.7300 0.9300 -0.7450
v 1.3700 0.9300 -0.7450
v 1.3700 0.5500 1.2050
v 1.7300 0.5500 1.2050
v 1.7300 0.9300 1.2050
v 1.3700 0.9300 1.2050
v 1.3700 0.5500 1.5050
v 1.7300 0.5500 1.5050
v 1.7300 0.9300 1.5050
v 1.3700 0.9300 1.5050
v 1.3700 0.5500 0.7450
v 1.7300 0.5500 0.7450
v 1.7300 0.9300 0.7450
v 1.3700 0.9300 0.7450
v 1.3700 0.5500 1.0450
v 1.7300 0.5500 1.0450
v 1.7300 0.9300 1.0450
v 1.3700 0.9300 1.0450
v 2.3700 0.5500 -1.5050
v 2.7300 0.5500 -1.5050
v 2.7300 0.9300 -1.5050
v 2.3700 0.9300 -1.5050
v 2.3700 0.5500 -1.2050
v 2.7300 0.5500 -1.2050
v 2.7300 0.9300 -1.2050
v 2.3700 0.9300 -1.2050
v 2.3700 0.5500 -1.0450
v 2.7300 0.5500 -1.0450
v 2.7300 0.9300 -1.0450
v 2.3700 0.9300 -1.0450
v 2.3700 0.5500 -0.7450
v 2.7300 0.5500 -0.7450
v 2.7300 0.9300 -0.7450
v 2.3700 0.9300 -0.7450
v 2.3700 0.5500 1.2050
v 2.7300 0.5500 1.2050
v 2.7300 0.9300 1.2050
v 2.3700 0.9300 1.2050
v 2.3700 0.5500 1.5050
v 2.7300 0.5500 1.5050
v 2.7300 0.9300 1.5050
v 2.3700 0.9300 1.5050
v 2.3700 0.5500 0.7450
v 2.7300 0.5500 0.7450
v 2.7300 0.9300 0.7450
v 2.3700 0.9300 0.7450
v 2.3700 0.5500 1.0450
v 2.7300 0.5500 1.0450
v 2.7300 0.9300 1.0450
v 2.3700 0.9300 1.0450
v 3.3700 0.5500 -1.5050
v 3.7300 0.5500 -1.5050
v 3.7300 0.9300 -1.5050
v 3.3700 0.9300 -1.5050
v 3.3700 0.5500 -1.2050
v 3.7300 0.5500 -1.2050
v 3.7300 0.9300 -1.2050
v 3.3700 0.9300 -1.2050
v 3.3700 0.5500 -1.0450
v 3.7300 0.5500 -1.0450
v 3.7300 0.9300 -1.0450
v 3.3700 0.9300 -1.0450
v 3.3700 0.5500 -0.7450
v 3.7300 0.5500 -0.7450
v 3.7300 0.9300 -0.7450
v 3.3700 0.9300 -0.7450
v 3.3700 0.5500 1.2050
v 3.7300 0.5500 1.2050
v 3.7300 0.9300 1.2050
v 3.3700 0.9300 1.2050
v 3.3700 0.5500 1.5050
v 3.7300 0.5500 1.5050
v 3.7300 0.9300 1.5050
v 3.3700 0.9300 1.5050
v 3.3700 0.5500 0.7450
v 3.7300 0.5500 0.7450
v 3.7300 0.9300 0.7450
v 3.3700 0.9300 0.7450
v 3.3700 0.5500 1.0450
v 3.7300 0.5500 1.0450
v 3.7300 0.9300 1.0450
v 3.3700 0.9300 1.0450
v 4.3700 0.5500 -1.5050
v 4.7300 0.5500 -1.5050
v 4.7300 0.9300 -1.5050
v 4.3700 0.9300 -1.5050
v 4.3700 0.5500 -1.2050
v 4.7300 0.5500 -1.2050
v 4.7300 0.9300 -1.2050
v 4.3700 0.9300 -1.2050
v 4.3700 0.5500 -1.0450
v 4.7300 0.5500 -1.0450
v 4.7300 0.9300 -1.0450
v 4.3700 0.9300 -1.0450
v 4.3700 0.5500 -0.7450
v 4.7300 0.5500 -0.7450
v 4.7300 0.9300 -0.7450
v 4.3700 0.9300 -0.7450
v 4.3700 0.5500 1.2050
v 4.7300 0.5500 1.2050
v 4.7300 0.9300 1.2050
v 4.3700 0.9300 1.2050
v 4.3700 0.5500 1.5050
v 4.7300 0.5500 1.5050
v 4.7300 0.9300 1.5050
v 4.3700 0.9300 1.5050
v 4.3700 0.5500 0.7450
v 4.7300 0.5500 0.7450
v 4.7300 0.9300 0.7450
v 4.3700 0.9300 0.7450
v 4.3700 0.5500 1.0450
v 4.7300 0.5500 1.0450
v 4.7300 0.9300 1.0450
v 4.3700 0.9300 1.0450
v 5.3700 0.5500 -1.5050
v 5.7300 0.5500 -1.5050
v 5.7300 0.9300 -1.5050
v 5.3700 0.9300 -1.5050
v 5.3700 0.5500 -1.2050
v 5.7300 0.5500 -1.2050
v 5.7300 0.9300 -1.2050
v 5.3700 0.9300 -1.2050
v 5.3700 0.5500 -1.0450
v 5.7300 0.5500 -1.0450
v 5.7300 0.9300 -1.0450
v 5.3700 0.9300 -1.0450
v 5.3700 0.5500 -0.7450
v 5.7300 0.5500 -0.7450
v 5.7300 0.9300 -0.7450
v 5.3700 0.9300 -0.7450
v 5.3700 0.5500 1.2050
v 5.7300 0.5500 1.2050
v 5.7300 0.9300 1.2050
v 5.3700 0.9300 1.2050
v 5.3700 0.5500 1.5050
v 5.7300 0.5500 1.5050
v 5.7300 0.9300 1.5050
v 5.3700 0.9300 1.5050
v 5.3700 0.5500 0.7450
v 5.7300 0.5500 0.7450
v 5.7300 0.9300 0.7450
v 5.3700 0.9300 0.7450
v 5.3700 0.5500 1.0450
v 5.7300 0.5500 1.0450
v 5.7300 0.9300 1.0450
v 5.3700 0.9300 1.0450
v 6.3700 0.5500 -1.5050
v 6.7300 0.5500 -1.5050
v 6.7300 0.9300 -1.5050
v 6.3700 0.9300 -1.5050
v 6.3700 0.5500 -1.2050
v 6.7300 0.5500 -1.2050
v 6.7300 0.9300 -1.2050
v 6.3700 0.9300 -1.2050
v 6.3700 0.5500 -1.0450
v 6.7300 0.5500 -1.0450
v 6.7300 0.9300 -1.0450
v 6.3700 0.9300 -1.0450
v 6.3700 0.5500 -0.7450
v 6.7300 0.5500 -0.7450
v 6.7300 0.9300 -0.7450
v 6.3700 0.9300 -0.7450
v 6.3700 0.5500 1.2050
v 6.7300 0.5500 1.2050
v 6.7300 0.9300 1.2050
v 6.3700 0.9300 1.2050
v 6.3700 0.5500 1.5050
v 6.7300 0.5500 1.5050
v 6.7300 0.9300 1.5050
v 6.3700 0.9300 1.5050
v 6.3700 0.5500 0.7450
v 6.7300 0.5500 0.7450
v 6.7300 0.9300 0.7450
v 6.3700 0.9300 0.7450
v 6.3700 0.5500 1.0450
v 6.7300 0.5500 1.0450
v 6.7300 0.9300 1.0450
v 6.3700 0.9300 1.0450
v 7.3700 0.5500 -1.5050
v 7.7300 0.5500 -1.5050
v 7.7300 0.9300 -1.5050
v 7.3700 0.9300 -1.5050
v 7.3700 0.5500 -1.2050
v 7.7300 0.5500 -1.2050
v 7.7300 0.9300 -1.2050
v 7.3700 0.9300 -1.2050
v 7.3700 0.5500 -1.0450
v 7.7300 0.5500 -1.0450
v 7.7300 0.9300 -1.0450
v 7.3700 0.9300 -1.0450
v 7.3700 0.5500 -0.7450
v 7.7300 0.5500 -0.7450
v 7.7300 0.9300 -0.7450
v 7.3700 0.9300 -0.7450
v 7.3700 0.5500 1.2050
v 7.7300 0.5500 1.2050
v 7.7300 0.9300 1.2050
v 7.3700 0.9300 1.2050
v 7.3700 0.5500 1.5050
v 7.7300 0.5500 1.5050
v 7.7300 0.9300 1.5050
v 7.3700 0.9300 1.5050
v 7.3700 0.5500 0.7450
v 7.7300 0.5500 0.7450
v 7.7300 0.9300 0.7450
v 7.3700 0.9300 0.7450
v 7.3700 0.5500 1.0450
v 7.7300 0.5500 1.0450
v 7.7300 0.9300 1.0450
v 7.3700 0.9300 1.0450
v 8.3700 0.5500 -1.5050
v 8.7300 0.5500 -1.5050
v 8.7300 0.9300 -1.5050
v 8.3700 0.9300 -1.5050
v 8.3700 0.5500 -1.2050
v 8.7300 0.5500 -1.2050
v 8.7300 0.9300 -1.2050
v 8.3700 0.9300 -1.2050
v 8.3700 0.5500 -1.0450
v 8.7300 0.5500 -1.0450
v 8.7300 0.9300 -1.0450
v 8.3700 0.9300 -1.0450
v 8.3700 0.5500 -0.7450
v 8.7300 0.5500 -0.7450
v 8.7300 0.9300 -0.7450
v 8.3700 0.9300 -0.7450
v 8.3700 0.5500 1.2050
v 8.7300 0.5500 1.2050
v 8.7300 0.9300 1.2050
v 8.3700 0.9300 1.2050
v 8.3700 0.5500 1.5050
v 8.7300 0.5500 1.5050
v 8.7300 0.9300 1.5050
v 8.3700 0.9300 1.5050
v 8.3700 0.5500 0.7450
v 8.7300 0.5500 0.7450
v 8.7300 0.9300 0.7450
v 8.3700 0.9300 0.7450
v 8.3700 0.5500 1.0450
v 8.7300 0.5500 1.0450
v 8.7300 0.9300 1.0450
v 8.3700 0.9300 1.0450
v 9.3700 0.5500 -1.5050
v 9.7300 0.5500 -1.5050
v 9.7300 0.9300 -1.5050
v 9.3700 0.9300 -1.5050
v 9.3700 0.5500 -1.2050
v 9.7300 0.5500 -1.2050
v 9.7300 0.9300 -1.2050
v 9.3700 0.9300 -1.2050
v 9.3700 0.5500 -1.0450
v 9.7300 0.5500 -1.0450
v 9.7300 0.9300 -1.0450
v 9.3700 0.9300 -1.0450
v 9.3700 0.5500 -0.7450
v 9.7300 0.5500 -0.7450
v 9.7300 0.9300 -0.7450
v 9.3700 0.9300 -0.7450
v 9.3700 0.5500 1.2050
v 9.7300 0.5500 1.2050
v 9.7300 0.9300 1.2050
v 9.3700 0.9300 1.2050
v 9.3700 0.5500 1.5050
v 9.7300 0.5500 1.5050
v 9.7300 0.9300 1.5050
v 9.3700 0.9300 1.5050
v 9.3700 0.5500 0.7450
v 9.7300 0.5500 0.7450
v 9.7300 0.9300 0.7450
v 9.3700 0.9300 0.7450
v 9.3700 0.5500 1.0450
v 9.7300 0.5500 1.0450
v 9.7300 0.9300 1.0450
v 9.3700 0.9300 1.0450
v 10.3700 0.5500 -1.5050
v 10.7300 0.5500 -1.5050
v 10.7300 0.9300 -1.5050
v 10.3700 0.9300 -1.5050
v 10.3700 0.5500 -1.2050
v 10.7300 0.5500 -1.2050
v 10.7300 0.9300 -1.2050
v 10.3700 0.9300 -1.2050
v 10.3700 0.5500 -1.0450
v 10.7300 0.5500 -1.0450
v 10.7300 0.9300 -1.0450
v 10.3700 0.9300 -1.0450
v 10.3700 0.5500 -0.7450
v 10.7300 0.5500 -0.7450
v 10.7300 0.9300 -0.7450
v 10.3700 0.9300 -0.7450
v 10.3700 0.5500 1.2050
v 10.7300 0.5500 1.2050
v 10.7300 0.9300 1.2050
v 10.3700 0.9300 1.2050
v 10.3700 0.5500 1.5050
v 10.7300 0.5500 1.5050
v 10.7300 0.9300 1.5050
v 10.3700 0.9300 1.5050
v 10.3700 0.5500 0.7450
v 10.7300 0.5500 0.7450
v 10.7300 0.9300 0.7450
v 10.3700 0.9300 0.7450
v 10.3700 0.5500 1.0450
v 10.7300 0.5500 1.0450
v 10.7300 0.9300 1.0450
v 10.3700 0.9300 1.0450
v -11.6700 0.9300 -1.5650
v -11.2000 0.9300 -1.5650
v -11.2000 1.0500 -1.5650
v -11.6700 1.0500 -1.5650
v -11.6700 0.9300 -1.1450
v -11.2000 0.9300 -1.1450
v -11.2000 1.0500 -1.1450
v -11.6700 1.0500 -1.1450
v -11.7700 1.0000 -1.5650
v -11.6500 1.0000 -1.5650
v -11.6500 1.6700 -1.5650
v -11.7700 1.6700 -1.5650
v -11.7700 1.0000 -1.1450
v -11.6500 1.0000 -1.1450
v -11.6500 1.6700 -1.1450
v -11.7700 1.6700 -1.1450
v -11.7850 1.5000 -1.5250
v -11.6350 1.5000 -1.5250
v -11.6350 1.7100 -1.5250
v -11.7850 1.7100 -1.5250
v -11.7850 1.5000 -1.1850
v -11.6350 1.5000 -1.1850
v -11.6350 1.7100 -1.1850
v -11.7850 1.7100 -1.1850
v -11.8100 1.1500 -1.5050
v -11.7700 1.1500 -1.5050
v -11.7700 1.5000 -1.5050
v -11.8100 1.5000 -1.5050
v -11.8100 1.1500 -1.2050
v -11.7700 1.1500 -1.2050
v -11.7700 1.5000 -1.2050
v -11.8100 1.5000 -1.2050
v -11.7700 1.0000 -1.1050
v -11.6500 1.0000 -1.1050
v -11.6500 1.6700 -1.1050
v -11.7700 1.6700 -1.1050
v -11.7700 1.0000 -0.6850
v -11.6500 1.0000 -0.6850
v -11.6500 1.6700 -0.6850
v -11.7700 1.6700 -0.6850
v -11.7850 1.5000 -1.0650
v -11.6350 1.5000 -1.0650
v -11.6350 1.7100 -1.0650
v -11.7850 1.7100 -1.0650
v -11.7850 1.5000 -0.7250
v -11.6350 1.5000 -0.7250
v -11.6350 1.7100 -0.7250
v -11.7850 1.7100 -0.7250
v -11.8100 1.1500 -1.0450
v -11.7700 1.1500 -1.0450
v -11.7700 1.5000 -1.0450
v -11.8100 1.5000 -1.0450
v -11.8100 1.1500 -0.7450
v -11.7700 1.1500 -0.7450
v -11.7700 1.5000 -0.7450
v -11.8100 1.5000 -0.7450
v -11.7700 1.0000 1.1450
v -11.6500 1.0000 1.1450
v -11.6500 1.6700 1.1450
v -11.7700 1.6700 1.1450
v -11.7700 1.0000 1.5650
v -11.6500 1.0000 1.5650
v -11.6500 1.6700 1.5650
v -11.7700 1.6700 1.5650
v -11.7850 1.5000 1.1850
v -11.6350 1.5000 1.1850
v -11.6350 1.7100 1.1850
v -11.7850 1.7100 1.1850
v -11.7850 1.5000 1.5250
v -11.6350 1.5000 1.5250
v -11.6350 1.7100 1.5250
v -11.7850 1.7100 1.5250
v -11.8100 1.1500 1.2050
v -11.7700 1.1500 1.2050
v -11.7700 1.5000 1.2050
v -11.8100 1.5000 1.2050
v -11.8100 1.1500 1.5050
v -11.7700 1.1500 1.5050
v -11.7700 1.5000 1.5050
v -11.8100 1.5000 1.5050
v -11.7700 1.0000 0.6850
v -11.6500 1.0000 0.6850
v -11.6500 1.6700 0.6850
v -11.7700 1.6700 0.6850
v -11.7700 1.0000 1.1050
v -11.6500 1.0000 1.1050
v -11.6500 1.6700 1.1050
v -11.7700 1.6700 1.1050
v -11.7850 1.5000 0.7250
v -11.6350 1.5000 0.7250
v -11.6350 1.7100 0.7250
v -11.7850 1.7100 0.7250
v -11.7850 1.5000 1.0650
v -11.6350 1.5000 1.0650
v -11.6350 1.7100 1.0650
v -11.7850 1.7100 1.0650
v -11.8100 1.1500 0.7450
v -11.7700 1.1500 0.7450
v -11.7700 1.5000 0.7450
v -11.8100 1.5000 0.7450
v -11.8100 1.1500 1.0450
v -11.7700 1.1500 1.0450
v -11.7700 1.5000 1.0450
v -11.8100 1.5000 1.0450
v -8.7700 1.0000 -1.5650
v -8.6500 1.0000 -1.5650
v -8.6500 1.6700 -1.5650
v -8.7700 1.6700 -1.5650
v -8.7700 1.0000 -1.1450
v -8.6500 1.0000 -1.1450
v -8.6500 1.6700 -1.1450
v -8.7700 1.6700 -1.1450
v -8.7850 1.5000 -1.5250
v -8.6350 1.5000 -1.5250
v -8.6350 1.7100 -1.5250
v -8.7850 1.7100 -1.5250
v -8.7850 1.5000 -1.1850
v -8.6350 1.5000 -1.1850
v -8.6350 1.7100 -1.1850
v -8.7850 1.7100 -1.1850
v -8.8100 1.1500 -1.5050
v -8.7700 1.1500 -1.5050
v -8.7700 1.5000 -1.5050
v -8.8100 1.5000 -1.5050
v -8.8100 1.1500 -1.2050
v -8.7700 1.1500 -1.2050
v -8.7700 1.5000 -1.2050
v -8.8100 1.5000 -1.2050
v -8.7700 1.0000 -1.1050
v -8.6500 1.0000 -1.1050
v -8.6500 1.6700 -1.1050
v -8.7700 1.6700 -1.1050
v -8.7700 1.0000 -0.6850
v -8.6500 1.0000 -0.6850
v -8.6500 1.6700 -0.6850
v -8.7700 1.6700 -0.6850
v -8.7850 1.5000 -1.0650
v -8.6350 1.5000 -1.0650
v -8.6350 1.7100 -1.0650
v -8.7850 1.7100 -1.0650
v -8.7850 1.5000 -0.7250
v -8.6350 1.5000 -0.7250
v -8.6350 1.7100 -0.7250
v -8.7850 1.7100 -0.7250
v -8.8100 1.1500 -1.0450
v -8.7700 1.1500 -1.0450
v -8.7700 1.5000 -1.0450
v -8.8100 1.5000 -1.0450
v -8.8100 1.1500 -0.7450
v -8.7700 1.1500 -0.7450
v -8.7700 1.5000 -0.7450
v -8.8100 1.5000 -0.7450
v -8.7700 1.0000 1.1450
v -8.6500 1.0000 1.1450
v -8.6500 1.6700 1.1450
v -8.7700 1.6700 1.1450
v -8.7700 1.0000 1.5650
v -8.6500 1.0000 1.5650
v -8.6500 1.6700 1.5650
v -8.7700 1.6700 1.5650
v -8.7850 1.5000 1.1850
v -8.6350 1.5000 1.1850
v -8.6350 1.7100 1.1850
v -8.7850 1.7100 1.1850
v -8.7850 1.5000 1.5250
v -8.6350 1.5000 1.5250
v -8.6350 1.7100 1.5250
v -8.7850 1.7100 1.5250
v -8.8100 1.1500 1.2050
v -8.7700 1.1500 1.2050
v -8.7700 1.5000 1.2050
v -8.8100 1.5000 1.2050
v -8.8100 1.1500 1.5050
v -8.7700 1.1500 1.5050
v -8.7700 1.5000 1.5050
v -8.8100 1.5000 1.5050
v -8.7700 1.0000 0.6850
v -8.6500 1.0000 0.6850
v -8.6500 1.6700 0.6850
v -8.7700 1.6700 0.6850
v -8.7700 1.0000 1.1050
v -8.6500 1.0000 1.1050
v -8.6500 1.6700 1.1050
v -8.7700 1.6700 1.1050
v -8.7850 1.5000 0.7250
v -8.6350 1.5000 0.7250
v -8.6350 1.7100 0.7250
v -8.7850 1.7100 0.7250
v -8.7850 1.5000 1.0650
v -8.6350 1.5000 1.0650
v -8.6350 1.7100 1.0650
v -8.7850 1.7100 1.0650
v -8.8100 1.1500 0.7450
v -8.7700 1.1500 0.7450
v -8.7700 1.5000 0.7450
v -8.8100 1.5000 0.7450
v -8.8100 1.1500 1.0450
v -8.7700 1.1500 1.0450
v -8.7700 1.5000 1.0450
v -8.8100 1.5000 1.0450
v -7.7700 1.0000 -1.5650
v -7.6500 1.0000 -1.5650
v -7.6500 1.6700 -1.5650
v -7.7700 1.6700 -1.5650
v -7.7700 1.0000 -1.1450
v -7.6500 1.0000 -1.1450
v -7.6500 1.6700 -1.1450
v -7.7700 1.6700 -1.1450
v -7.7850 1.5000 -1.5250
v -7.6350 1.5000 -1.5250
v -7.6350 1.7100 -1.5250
v -7.7850 1.7100 -1.5250
v -7.7850 1.5000 -1.1850
v -7.6350 1.5000 -1.1850
v -7.6350 1.7100 -1.1850
v -7.7850 1.7100 -1.1850
v -7.8100 1.1500 -1.5050
v -7.7700 1.1500 -1.5050
v -7.7700 1.5000 -1.5050
v -7.8100 1.5000 -1.5050
v -7.8100 1.1500 -1.2050
v -7.7700 1.1500 -1.2050
v -7.7700 1.5000 -1.2050
v -7.8100 1.5000 -1.2050
v -7.7700 1.0000 -1.1050
v -7.6500 1.0000 -1.1050
v -7.6500 1.6700 -1.1050
v -7.7700 1.6700 -1.1050
v -7.7700 1.0000 -0.6850
v -7.6500 1.0000 -0.6850
v -7.6500 1.6700 -0.6850
v -7.7700 1.6700 -0.6850
v -7.7850 1.5000 -1.0650
v -7.6350 1.5000 -1.0650
v -7.6350 1.7100 -1.0650
v -7.7850 1.7100 -1.0650
v -7.7850 1.5000 -0.7250
v -7.6350 1.5000 -0.7250
v -7.6350 1.7100 -0.7250
v -7.7850 1.7100 -0.7250
v -7.8100 1.1500 -1.0450
v -7.7700 1.1500 -1.0450
v -7.7700 1.5000 -1.0450
v -7.8100 1.5000 -1.0450
v -7.8100 1.1500 -0.7450
v -7.7700 1.1500 -0.7450
v -7.7700 1.5000 -0.7450
v -7.8100 1.5000 -0.7450
v -7.7700 1.0000 1.1450
v -7.6500 1.0000 1.1450
v -7.6500 1.6700 1.1450
v -7.7700 1.6700 1.1450
v -7.7700 1.0000 1.5650
v -7.6500 1.0000 1.5650
v -7.6500 1.6700 1.5650
v -7.7700 1.6700 1.5650
v -7.7850 1.5000 1.1850
v -7.6350 1.5000 1.1850
v -7.6350 1.7100 1.1850
v -7.7850 1.7100 1.1850
v -7.7850 1.5000 1.5250
v -7.6350 1.5000 1.5250
v -7.6350 1.7100 1.5250
v -7.7850 1.7100 1.5250
v -7.8100 1.1500 1.2050
v -7.7700 1.1500 1.2050
v -7.7700 1.5000 1.2050
v -7.8100 1.5000 1.2050
v -7.8100 1.1500 1.5050
v -7.7700 1.1500 1.5050
v -7.7700 1.5000 1.5050
v -7.8100 1.5000 1.5050
v -7.7700 1.0000 0.6850
v -7.6500 1.0000 0.6850
v -7.6500 1.6700 0.6850
v -7.7700 1.6700 0.6850
v -7.7700 1.0000 1.1050
v -7.6500 1.0000 1.1050
v -7.6500 1.6700 1.1050
v -7.7700 1.6700 1.1050
v -7.7850 1.5000 0.7250
v -7.6350 1.5000 0.7250
v -7.6350 1.7100 0.7250
v -7.7850 1.7100 0.7250
v -7.7850 1.5000 1.0650
v -7.6350 1.5000 1.0650
v -7.6350 1.7100 1.0650
v -7.7850 1.7100 1.0650
v -7.8100 1.1500 0.7450
v -7.7700 1.1500 0.7450
v -7.7700 1.5000 0.7450
v -7.8100 1.5000 0.7450
v -7.8100 1.1500 1.0450
v -7.7700 1.1500 1.0450
v -7.7700 1.5000 1.0450
v -7.8100 1.5000 1.0450
v -6.7700 1.0000 -1.5650
v -6.6500 1.0000 -1.5650
v -6.6500 1.6700 -1.5650
v -6.7700 1.6700 -1.5650
v -6.7700 1.0000 -1.1450
v -6.6500 1.0000 -1.1450
v -6.6500 1.6700 -1.1450
v -6.7700 1.6700 -1.1450
v -6.7850 1.5000 -1.5250
v -6.6350 1.5000 -1.5250
v -6.6350 1.7100 -1.5250
v -6.7850 1.7100 -1.5250
v -6.7850 1.5000 -1.1850
v -6.6350 1.5000 -1.1850
v -6.6350 1.7100 -1.1850
v -6.7850 1.7100 -1.1850
v -6.8100 1.1500 -1.5050
v -6.7700 1.1500 -1.5050
v -6.7700 1.5000 -1.5050
v -6.8100 1.5000 -1.5050
v -6.8100 1.1500 -1.2050
v -6.7700 1.1500 -1.2050
v -6.7700 1.5000 -1.2050
v -6.8100 1.5000 -1.2050
v -6.7700 1.0000 -1.1050
v -6.6500 1.0000 -1.1050
v -6.6500 1.6700 -1.1050
v -6.7700 1.6700 -1.1050
v -6.7700 1.0000 -0.6850
v -6.6500 1.0000 -0.6850
v -6.6500 1.6700 -0.6850
v -6.7700 1.6700 -0.6850
v -6.7850 1.5000 -1.0650
v -6.6350 1.5000 -1.0650
v -6.6350 1.7100 -1.0650
v -6.7850 1.7100 -1.0650
v -6.7850 1.5000 -0.7250
v -6.6350 1.5000 -0.7250
v -6.6350 1.7100 -0.7250
v -6.7850 1.7100 -0.7250
v -6.8100 1.1500 -1.0450
v -6.7700 1.1500 -1.0450
v -6.7700 1.5000 -1.0450
v -6.8100 1.5000 -1.0450
v -6.8100 1.1500 -0.7450
v -6.7700 1.1500 -0.7450
v -6.7700 1.5000 -0.7450
v -6.8100 1.5000 -0.7450
v -6.7700 1.0000 1.1450
v -6.6500 1.0000 1.1450
v -6.6500 1.6700 1.1450
v -6.7700 1.6700 1.1450
v -6.7700 1.0000 1.5650
v -6.6500 1.0000 1.5650
v -6.6500 1.6700 1.5650
v -6.7700 1.6700 1.5650
v -6.7850 1.5000 1.1850
v -6.6350 1.5000 1.1850
v -6.6350 1.7100 1.1850
v -6.7850 1.7100 1.1850
v -6.7850 1.5000 1.5250
v -6.6350 1.5000 1.5250
v -6.6350 1.7100 1.5250
v -6.7850 1.7100 1.5250
v -6.8100 1.1500 1.2050
v -6.7700 1.1500 1.2050
v -6.7700 1.5000 1.2050
v -6.8100 1.5000 1.2050
v -6.8100 1.1500 1.5050
v -6.7700 1.1500 1.5050
v -6.7700 1.5000 1.5050
v -6.8100 1.5000 1.5050
v -6.7700 1.0000 0.6850
v -6.6500 1.0000 0.6850
v -6.6500 1.6700 0.6850
v -6.7700 1.6700 0.6850
v -6.7700 1.0000 1.1050
v -6.6500 1.0000 1.1050
v -6.6500 1.6700 1.1050
v -6.7700 1.6700 1.1050
v -6.7850 1.5000 0.7250
v -6.6350 1.5000 0.7250
v -6.6350 1.7100 0.7250
v -6.7850 1.7100 0.7250
v -6.7850 1.5000 1.0650
v -6.6350 1.5000 1.0650
v -6.6350 1.7100 1.0650
v -6.7850 1.7100 1.0650
v -6.8100 1.1500 0.7450
v -6.7700 1.1500 0.7450
v -6.7700 1.5000 0.7450
v -6.8100 1.5000 0.7450
v -6.8100 1.1500 1.0450
v -6.7700 1.1500 1.0450
v -6.7700 1.5000 1.0450
v -6.8100 1.5000 1.0450
v -5.7700 1.0000 -1.5650
v -5.6500 1.0000 -1.5650
v -5.6500 1.6700 -1.5650
v -5.7700 1.6700 -1.5650
v -5.7700 1.0000 -1.1450
v -5.6500 1.0000 -1.1450
v -5.6500 1.6700 -1.1450
v -5.7700 1.6700 -1.1450
v -5.7850 1.5000 -1.5250
v -5.6350 1.5000 -1.5250
v -5.6350 1.7100 -1.5250
v -5.7850 1.7100 -1.5250
v -5.7850 1.5000 -1.1850
v -5.6350 1.5000 -1.1850
v -5.6350 1.7100 -1.1850
v -5.7850 1.7100 -1.1850
v -5.8100 1.1500 -1.5050
v -5.7700 1.1500 -1.5050
v -5.7700 1.5000 -1.5050
v -5.8100 1.5000 -1.5050
v -5.8100 1.1500 -1.2050
v -5.7700 1.1500 -1.2050
v -5.7700 1.5000 -1.2050
v -5.8100 1.5000 -1.2050
v -5.7700 1.0000 -1.1050
v -5.6500 1.0000 -1.1050
v -5.6500 1.6700 -1.1050
v -5.7700 1.6700 -1.1050
v -5.7700 1.0000 -0.6850
v -5.6500 1.0000 -0.6850
v -5.6500 1.6700 -0.6850
v -5.7700 1.6700 -0.6850
v -5.7850 1.5000 -1.0650
v -5.6350 1.5000 -1.0650
v -5.6350 1.7100 -1.0650
v -5.7850 1.7100 -1.0650
v -5.7850 1.5000 -0.7250
v -5.6350 1.5000 -0.7250
v -5.6350 1.7100 -0.7250
v -5.7850 1.7100 -0.7250
v -5.8100 1.1500 -1.0450
v -5.7700 1.1500 -1.0450
v -5.7700 1.5000 -1.0450
v -5.8100 1.5000 -1.0450
v -5.8100 1.1500 -0.7450
v -5.7700 1.1500 -0.7450
v -5.7700 1.5000 -0.7450
v -5.8100 1.5000 -0.7450
v -5.7700 1.0000 1.1450
v -5.6500 1.0000 1.1450
v -5.6500 1.6700 1.1450
v -5.7700 1.6700 1.1450
v -5.7700 1.0000 1.5650
v -5.6500 1.0000 1.5650
v -5.6500 1.6700 1.5650
v -5.7700 1.6700 1.5650
v -5.7850 1.5000 1.1850
v -5.6350 1.5000 1.1850
v -5.6350 1.7100 1.1850
v -5.7850 1.7100 1.1850
v -5.7850 1.5000 1.5250
v -5.6350 1.5000 1.5250
v -5.6350 1.7100 1.5250
v -5.7850 1.7100 1.5250
v -5.8100 1.1500 1.2050
v -5.7700 1.1500 1.2050
v -5.7700 1.5000 1.2050
v -5.8100 1.5000 1.2050
v -5.8100 1.1500 1.5050
v -5.7700 1.1500 1.5050
v -5.7700 1.5000 1.5050
v -5.8100 1.5000 1.5050
v -5.7700 1.0000 0.6850
v -5.6500 1.0000 0.6850
v -5.6500 1.6700 0.6850
v -5.7700 1.6700 0.6850
v -5.7700 1.0000 1.1050
v -5.6500 1.0000 1.1050
v -5.6500 1.6700 1.1050
v -5.7700 1.6700 1.1050
v -5.7850 1.5000 0.7250
v -5.6350 1.5000 0.7250
v -5.6350 1.7100 0.7250
v -5.7850 1.7100 0.7250
v -5.7850 1.5000 1.0650
v -5.6350 1.5000 1.0650
v -5.6350 1.7100 1.0650
v -5.7850 1.7100 1.0650
v -5.8100 1.1500 0.7450
v -5.7700 1.1500 0.7450
v -5.7700 1.5000 0.7450
v -5.8100 1.5000 0.7450
v -5.8100 1.1500 1.0450
v -5.7700 1.1500 1.0450
v -5.7700 1.5000 1.0450
v -5.8100 1.5000 1.0450
v -4.7700 1.0000 -1.5650
v -4.6500 1.0000 -1.5650
v -4.6500 1.6700 -1.5650
v -4.7700 1.6700 -1.5650
v -4.7700 1.0000 -1.1450
v -4.6500 1.0000 -1.1450
v -4.6500 1.6700 -1.1450
v -4.7700 1.6700 -1.1450
v -4.7850 1.5000 -1.5250
v -4.6350 1.5000 -1.5250
v -4.6350 1.7100 -1.5250
v -4.7850 1.7100 -1.5250
v -4.7850 1.5000 -1.1850
v -4.6350 1.5000 -1.1850
v -4.6350 1.7100 -1.1850
v -4.7850 1.7100 -1.1850
v -4.8100 1.1500 -1.5050
v -4.7700 1.1500 -1.5050
v -4.7700 1.5000 -1.5050
v -4.8100 1.5000 -1.5050
v -4.8100 1.1500 -1.2050
v -4.7700 1.1500 -1.2050
v -4.7700 1.5000 -1.2050
v -4.8100 1.5000 -1.2050
v -4.7700 1.0000 -1.1050
v -4.6500 1.0000 -1.1050
v -4.6500 1.6700 -1.1050
v -4.7700 1.6700 -1.1050
v -4.7700 1.0000 -0.6850
v -4.6500 1.0000 -0.6850
v -4.6500 1.6700 -0.6850
v -4.7700 1.6700 -0.6850
v -4.7850 1.5000 -1.0650
v -4.6350 1.5000 -1.0650
v -4.6350 1.7100 -1.0650
v -4.7850 1.7100 -1.0650
v -4.7850 1.5000 -0.7250
v -4.6350 1.5000 -0.7250
v -4.6350 1.7100 -0.7250
v -4.7850 1.7100 -0.7250
v -4.8100 1.1500 -1.0450
v -4.7700 1.1500 -1.0450
v -4.7700 1.5000 -1.0450
v -4.8100 1.5000 -1.0450
v -4.8100 1.1500 -0.7450
v -4.7700 1.1500 -0.7450
v -4.7700 1.5000 -0.7450
v -4.8100 1.5000 -0.7450
v -4.7700 1.0000 1.1450
v -4.6500 1.0000 1.1450
v -4.6500 1.6700 1.1450
v -4.7700 1.6700 1.1450
v -4.7700 1.0000 1.5650
v -4.6500 1.0000 1.5650
v -4.6500 1.6700 1.5650
v -4.7700 1.6700 1.5650
v -4.7850 1.5000 1.1850
v -4.6350 1.5000 1.1850
v -4.6350 1.7100 1.1850
v -4.7850 1.7100 1.1850
v -4.7850 1.5000 1.5250
v -4.6350 1.5000 1.5250
v -4.6350 1.7100 1.5250
v -4.7850 1.7100 1.5250
v -4.8100 1.1500 1.2050
v -4.7700 1.1500 1.2050
v -4.7700 1.5000 1.2050
v -4.8100 1.5000 1.2050
v -4.8100 1.1500 1.5050
v -4.7700 1.1500 1.5050
v -4.7700 1.5000 1.5050
v -4.8100 1.5000 1.5050
v -4.7700 1.0000 0.6850
v -4.6500 1.0000 0.6850
v -4.6500 1.6700 0.6850
v -4.7700 1.6700 0.6850
v -4.7700 1.0000 1.1050
v -4.6500 1.0000 1.1050
v -4.6500 1.6700 1.1050
v -4.7700 1.6700 1.1050
v -4.7850 1.5000 0.7250
v -4.6350 1.5000 0.7250
v -4.6350 1.7100 0.7250
v -4.7850 1.7100 0.7250
v -4.7850 1.5000 1.0650
v -4.6350 1.5000 1.0650
v -4.6350 1.7100 1.0650
v -4.7850 1.7100 1.0650
v -4.8100 1.1500 0.7450
v -4.7700 1.1500 0.7450
v -4.7700 1.5000 0.7450
v -4.8100 1.5000 0.7450
v -4.8100 1.1500 1.0450
v -4.7700 1.1500 1.0450
v -4.7700 1.5000 1.0450
v -4.8100 1.5000 1.0450
v -3.7700 1.0000 -1.5650
v -3.6500 1.0000 -1.5650
v -3.6500 1.6700 -1.5650
v -3.7700 1.6700 -1.5650
v -3.7700 1.0000 -1.1450
v -3.6500 1.0000 -1.1450
v -3.6500 1.6700 -1.1450
v -3.7700 1.6700 -1.1450
v -3.7850 1.5000 -1.5250
v -3.6350 1.5000 -1.5250
v -3.6350 1.7100 -1.5250
v -3.7850 1.7100 -1.5250
v -3.7850 1.5000 -1.1850
v -3.6350 1.5000 -1.1850
v -3.6350 1.7100 -1.1850
v -3.7850 1.7100 -1.1850
v -3.8100 1.1500 -1.5050
v -3.7700 1.1500 -1.5050
v -3.7700 1.5000 -1.5050
v -3.8100 1.5000 -1.5050
v -3.8100 1.1500 -1.2050
v -3.7700 1.1500 -1.2050
v -3.7700 1.5000 -1.2050
v -3.8100 1.5000 -1.2050
v -3.7700 1.0000 -1.1050
v -3.6500 1.0000 -1.1050
v -3.6500 1.6700 -1.1050
v -3.7700 1.6700 -1.1050
v -3.7700 1.0000 -0.6850
v -3.6500 1.0000 -0.6850
v -3.6500 1.6700 -0.6850
v -3.7700 1.6700 -0.6850
v -3.7850 1.5000 -1.0650
v -3.6350 1.5000 -1.0650
v -3.6350 1.7100 -1.0650
v -3.7850 1.7100 -1.0650
v -3.7850 1.5000 -0.7250
v -3.6350 1.5000 -0.7250
v -3.6350 1.7100 -0.7250
v -3.7850 1.7100 -0.7250
v -3.8100 1.1500 -1.0450
v -3.7700 1.1500 -1.0450
v -3.7700 1.5000 -1.0450
v -3.8100 1.5000 -1.0450
v -3.8100 1.1500 -0.7450
v -3.7700 1.1500 -0.7450
v -3.7700 1.5000 -0.7450
v -3.8100 1.5000 -0.7450
v -3.7700 1.0000 1.1450
v -3.6500 1.0000 1.1450
v -3.6500 1.6700 1.1450
v -3.7700 1.6700 1.1450
v -3.7700 1.0000 1.5650
v -3.6500 1.0000 1.5650
v -3.6500 1.6700 1.5650
v -3.7700 1.6700 1.5650
v -3.7850 1.5000 1.1850
v -3.6350 1.5000 1.1850
v -3.6350 1.7100 1.1850
v -3.7850 1.7100 1.1850
v -3.7850 1.5000 1.5250
v -3.6350 1.5000 1.5250
v -3.6350 1.7100 1.5250
v -3.7850 1.7100 1.5250
v -3.8100 1.1500 1.2050
v -3.7700 1.1500 1.2050
v -3.7700 1.5000 1.2050
v -3.8100 1.5000 1.2050
v -3.8100 1.1500 1.5050
v -3.7700 1.1500 1.5050
v -3.7700 1.5000 1.5050
v -3.8100 1.5000 1.5050
v -3.7700 1.0000 0.6850
v -3.6500 1.0000 0.6850
v -3.6500 1.6700 0.6850
v -3.7700 1.6700 0.6850
v -3.7700 1.0000 1.1050
v -3.6500 1.0000 1.1050
v -3.6500 1.6700 1.1050
v -3.7700 1.6700 1.1050
v -3.7850 1.5000 0.7250
v -3.6350 1.5000 0.7250
v -3.6350 1.7100 0.7250
v -3.7850 1.7100 0.7250
v -3.7850 1.5000 1.0650
v -3.6350 1.5000 1.0650
v -3.6350 1.7100 1.0650
v -3.7850 1.7100 1.0650
v -3.8100 1.1500 0.7450
v -3.7700 1.1500 0.7450
v -3.7700 1.5000 0.7450
v -3.8100 1.5000 0.7450
v -3.8100 1.1500 1.0450
v -3.7700 1.1500 1.0450
v -3.7700 1.5000 1.0450
v -3.8100 1.5000 1.0450
v -2.7700 1.0000 -1.5650
v -2.6500 1.0000 -1.5650
v -2.6500 1.6700 -1.5650
v -2.7700 1.6700 -1.5650
v -2.7700 1.0000 -1.1450
v -2.6500 1.0000 -1.1450
v -2.6500 1.6700 -1.1450
v -2.7700 1.6700 -1.1450
v -2.7850 1.5000 -1.5250
v -2.6350 1.5000 -1.5250
v -2.6350 1.7100 -1.5250
v -2.7850 1.7100 -1.5250
v -2.7850 1.5000 -1.1850
v -2.6350 1.5000 -1.1850
v -2.6350 1.7100 -1.1850
v -2.7850 1.7100 -1.1850
v -2.8100 1.1500 -1.5050
v -2.7700 1.1500 -1.5050
v -2.7700 1.5000 -1.5050
v -2.8100 1.5000 -1.5050
v -2.8100 1.1500 -1.2050
v -2.7700 1.1500 -1.2050
v -2.7700 1.5000 -1.2050
v -2.8100 1.5000 -1.2050
v -2.7700 1.0000 -1.1050
v -2.6500 1.0000 -1.1050
v -2.6500 1.6700 -1.1050
v -2.7700 1.6700 -1.1050
v -2.7700 1.0000 -0.6850
v -2.6500 1.0000 -0.6850
v -2.6500 1.6700 -0.6850
v -2.7700 1.6700 -0.6850
v -2.7850 1.5000 -1.0650
v -2.6350 1.5000 -1.0650
v -2.6350 1.7100 -1.0650
v -2.7850 1.7100 -1.0650
v -2.7850 1.5000 -0.7250
v -2.6350 1.5000 -0.7250
v -2.6350 1.7100 -0.7250
v -2.7850 1.7100 -0.7250
v -2.8100 1.1500 -1.0450
v -2.7700 1.1500 -1.0450
v -2.7700 1.5000 -1.0450
v -2.8100 1.5000 -1.0450
v -2.8100 1.1500 -0.7450
v -2.7700 1.1500 -0.7450
v -2.7700 1.5000 -0.7450
v -2.8100 1.5000 -0.7450
v -2.7700 1.0000 1.1450
v -2.6500 1.0000 1.1450
v -2.6500 1.6700 1.1450
v -2.7700 1.6700 1.1450
v -2.7700 1.0000 1.5650
v -2.6500 1.0000 1.5650
v -2.6500 1.6700 1.5650
v -2.7700 1.6700 1.5650
v -2.7850 1.5000 1.1850
v -2.6350 1.5000 1.1850
v -2.6350 1.7100 1.1850
v -2.7850 1.7100 1.1850
v -2.7850 1.5000 1.5250
v -2.6350 1.5000 1.5250
v -2.6350 1.7100 1.5250
v -2.7850 1.7100 1.5250
v -2.8100 1.1500 1.2050
v -2.7700 1.1500 1.2050
v -2.7700 1.5000 1.2050
v -2.8100 1.5000 1.2050
v -2.8100 1.1500 1.5050
v -2.7700 1.1500 1.5050
v -2.7700 1.5000 1.5050
v -2.8100 1.5000 1.5050
v -2.7700 1.0000 0.6850
v -2.6500 1.0000 0.6850
v -2.6500 1.6700 0.6850
v -2.7700 1.6700 0.6850
v -2.7700 1.0000 1.1050
v -2.6500 1.0000 1.1050
v -2.6500 1.6700 1.1050
v -2.7700 1.6700 1.1050
v -2.7850 1.5000 0.7250
v -2.6350 1.5000 0.7250
v -2.6350 1.7100 0.7250
v -2.7850 1.7100 0.7250
v -2.7850 1.5000 1.0650
v -2.6350 1.5000 1.0650
v -2.6350 1.7100 1.0650
v -2.7850 1.7100 1.0650
v -2.8100 1.1500 0.7450
v -2.7700 1.1500 0.7450
v -2.7700 1.5000 0.7450
v -2.8100 1.5000 0.7450
v -2.8100 1.1500 1.0450
v -2.7700 1.1500 1.0450
v -2.7700 1.5000 1.0450
v -2.8100 1.5000 1.0450
v -1.7700 1.0000 -1.5650
v -1.6500 1.0000 -1.5650
v -1.6500 1.6700 -1.5650
v -1.7700 1.6700 -1.5650
v -1.7700 1.0000 -1.1450
v -1.6500 1.0000 -1.1450
v -1.6500 1.6700 -1.1450
v -1.7700 1.6700 -1.1450
v -1.7850 1.5000 -1.5250
v -1.6350 1.5000 -1.5250
v -1.6350 1.7100 -1.5250
v -1.7850 1.7100 -1.5250
v -1.7850 1.5000 -1.1850
v -1.6350 1.5000 -1.1850
v -1.6350 1.7100 -1.1850
v -1.7850 1.7100 -1.1850
v -1.8100 1.1500 -1.5050
v -1.7700 1.1500 -1.5050
v -1.7700 1.5000 -1.5050
v -1.8100 1.5000 -1.5050
v -1.8100 1.1500 -1.2050
v -1.7700 1.1500 -1.2050
v -1.7700 1.5000 -1.2050
v -1.8100 1.5000 -1.2050
v -1.7700 1.0000 -1.1050
v -1.6500 1.0000 -1.1050
v -1.6500 1.6700 -1.1050
v -1.7700 1.6700 -1.1050
v -1.7700 1.0000 -0.6850
v -1.6500 1.0000 -0.6850
v -1.6500 1.6700 -0.6850
v -1.7700 1.6700 -0.6850
v -1.7850 1.5000 -1.0650
v -1.6350 1.5000 -1.0650
v -1.6350 1.7100 -1.0650
v -1.7850 1.7100 -1.0650
v -1.7850 1.5000 -0.7250
v -1.6350 1.5000 -0.7250
v -1.6350 1.7100 -0.7250
v -1.7850 1.7100 -0.7250
v -1.8100 1.1500 -1.0450
v -1.7700 1.1500 -1.0450
v -1.7700 1.5000 -1.0450
v -1.8100 1.5000 -1.0450
v -1.8100 1.1500 -0.7450
v -1.7700 1.1500 -0.7450
v -1.7700 1.5000 -0.7450
v -1.8100 1.5000 -0.7450
v -1.7700 1.0000 1.1450
v -1.6500 1.0000 1.1450
v -1.6500 1.6700 1.1450
v -1.7700 1.6700 1.1450
v -1.7700 1.0000 1.5650
v -1.6500 1.0000 1.5650
v -1.6500 1.6700 1.5650
v -1.7700 1.6700 1.5650
v -1.7850 1.5000 1.1850
v -1.6350 1.5000 1.1850
v -1.6350 1.7100 1.1850
v -1.7850 1.7100 1.1850
v -1.7850 1.5000 1.5250
v -1.6350 1.5000 1.5250
v -1.6350 1.7100 1.5250
v -1.7850 1.7100 1.5250
v -1.8100 1.1500 1.2050
v -1.7700 1.1500 1.2050
v -1.7700 1.5000 1.2050
v -1.8100 1.5000 1.2050
v -1.8100 1.1500 1.5050
v -1.7700 1.1500 1.5050
v -1.7700 1.5000 1.5050
v -1.8100 1.5000 1.5050
v -1.7700 1.0000 0.6850
v -1.6500 1.0000 0.6850
v -1.6500 1.6700 0.6850
v -1.7700 1.6700 0.6850
v -1.7700 1.0000 1.1050
v -1.6500 1.0000 1.1050
v -1.6500 1.6700 1.1050
v -1.7700 1.6700 1.1050
v -1.7850 1.5000 0.7250
v -1.6350 1.5000 0.7250
v -1.6350 1.7100 0.7250
v -1.7850 1.7100 0.7250
v -1.7850 1.5000 1.0650
v -1.6350 1.5000 1.0650
v -1.6350 1.7100 1.0650
v -1.7850 1.7100 1.0650
v -1.8100 1.1500 0.7450
v -1.7700 1.1500 0.7450
v -1.7700 1.5000 0.7450
v -1.8100 1.5000 0.7450
v -1.8100 1.1500 1.0450
v -1.7700 1.1500 1.0450
v -1.7700 1.5000 1.0450
v -1.8100 1.5000 1.0450
v -0.7700 1.0000 -1.5650
v -0.6500 1.0000 -1.5650
v -0.6500 1.6700 -1.5650
v -0.7700 1.6700 -1.5650
v -0.7700 1.0000 -1.1450
v -0.6500 1.0000 -1.1450
v -0.6500 1.6700 -1.1450
v -0.7700 1.6700 -1.1450
v -0.7850 1.5000 -1.5250
v -0.6350 1.5000 -1.5250
v -0.6350 1.7100 -1.5250
v -0.7850 1.7100 -1.5250
v -0.7850 1.5000 -1.1850
v -0.6350 1.5000 -1.1850
v -0.6350 1.7100 -1.1850
v -0.7850 1.7100 -1.1850
v -0.8100 1.1500 -1.5050
v -0.7700 1.1500 -1.5050
v -0.7700 1.5000 -1.5050
v -0.8100 1.5000 -1.5050
v -0.8100 1.1500 -1.2050
v -0.7700 1.1500 -1.2050
v -0.7700 1.5000 -1.2050
v -0.8100 1.5000 -1.2050
v -0.7700 1.0000 -1.1050
v -0.6500 1.0000 -1.1050
v -0.6500 1.6700 -1.1050
v -0.7700 1.6700 -1.1050
v -0.7700 1.0000 -0.6850
v -0.6500 1.0000 -0.6850
v -0.6500 1.6700 -0.6850
v -0.7700 1.6700 -0.6850
v -0.7850 1.5000 -1.0650
v -0.6350 1.5000 -1.0650
v -0.6350 1.7100 -1.0650
v -0.7850 1.7100 -1.0650
v -0.7850 1.5000 -0.7250
v -0.6350 1.5000 -0.7250
v -0.6350 1.7100 -0.7250
v -0.7850 1.7100 -0.7250
v -0.8100 1.1500 -1.0450
v -0.7700 1.1500 -1.0450
v -0.7700 1.5000 -1.0450
v -0.8100 1.5000 -1.0450
v -0.8100 1.1500 -0.7450
v -0.7700 1.1500 -0.7450
v -0.7700 1.5000 -0.7450
v -0.8100 1.5000 -0.7450
v -0.7700 1.0000 1.1450
v -0.6500 1.0000 1.1450
v -0.6500 1.6700 1.1450
v -0.7700 1.6700 1.1450
v -0.7700 1.0000 1.5650
v -0.6500 1.0000 1.5650
v -0.6500 1.6700 1.5650
v -0.7700 1.6700 1.5650
v -0.7850 1.5000 1.1850
v -0.6350 1.5000 1.1850
v -0.6350 1.7100 1.1850
v -0.7850 1.7100 1.1850
v -0.7850 1.5000 1.5250
v -0.6350 1.5000 1.5250
v -0.6350 1.7100 1.5250
v -0.7850 1.7100 1.5250
v -0.8100 1.1500 1.2050
v -0.7700 1.1500 1.2050
v -0.7700 1.5000 1.2050
v -0.8100 1.5000 1.2050
v -0.8100 1.1500 1.5050
v -0.7700 1.1500 1.5050
v -0.7700 1.5000 1.5050
v -0.8100 1.5000 1.5050
v -0.7700 1.0000 0.6850
v -0.6500 1.0000 0.6850
v -0.6500 1.6700 0.6850
v -0.7700 1.6700 0.6850
v -0.7700 1.0000 1.1050
v -0.6500 1.0000 1.1050
v -0.6500 1.6700 1.1050
v -0.7700 1.6700 1.1050
v -0.7850 1.5000 0.7250
v -0.6350 1.5000 0.7250
v -0.6350 1.7100 0.7250
v -0.7850 1.7100 0.7250
v -0.7850 1.5000 1.0650
v -0.6350 1.5000 1.0650
v -0.6350 1.7100 1.0650
v -0.7850 1.7100 1.0650
v -0.8100 1.1500 0.7450
v -0.7700 1.1500 0.7450
v -0.7700 1.5000 0.7450
v -0.8100 1.5000 0.7450
v -0.8100 1.1500 1.0450
v -0.7700 1.1500 1.0450
v -0.7700 1.5000 1.0450
v -0.8100 1.5000 1.0450
v 0.2300 1.0000 -1.5650
v 0.3500 1.0000 -1.5650
v 0.3500 1.6700 -1.5650
v 0.2300 1.6700 -1.5650
v 0.2300 1.0000 -1.1450
v 0.3500 1.0000 -1.1450
v 0.3500 1.6700 -1.1450
v 0.2300 1.6700 -1.1450
v 0.2150 1.5000 -1.5250
v 0.3650 1.5000 -1.5250
v 0.3650 1.7100 -1.5250
v 0.2150 1.7100 -1.5250
v 0.2150 1.5000 -1.1850
v 0.3650 1.5000 -1.1850
v 0.3650 1.7100 -1.1850
v 0.2150 1.7100 -1.1850
v 0.1900 1.1500 -1.5050
v 0.2300 1.1500 -1.5050
v 0.2300 1.5000 -1.5050
v 0.1900 1.5000 -1.5050
v 0.1900 1.1500 -1.2050
v 0.2300 1.1500 -1.2050
v 0.2300 1.5000 -1.2050
v 0.1900 1.5000 -1.2050
v 0.2300 1.0000 -1.1050
v 0.3500 1.0000 -1.1050
v 0.3500 1.6700 -1.1050
v 0.2300 1.6700 -1.1050
v 0.2300 1.0000 -0.6850
v 0.3500 1.0000 -0.6850
v 0.3500 1.6700 -0.6850
v 0.2300 1.6700 -0.6850
v 0.2150 1.5000 -1.0650
v 0.3650 1.5000 -1.0650
v 0.3650 1.7100 -1.0650
v 0.2150 1.7100 -1.0650
v 0.2150 1.5000 -0.7250
v 0.3650 1.5000 -0.7250
v 0.3650 1.7100 -0.7250
v 0.2150 1.7100 -0.7250
v 0.1900 1.1500 -1.0450
v 0.2300 1.1500 -1.0450
v 0.2300 1.5000 -1.0450
v 0.1900 1.5000 -1.0450
v 0.1900 1.1500 -0.7450
v 0.2300 1.1500 -0.7450
v 0.2300 1.5000 -0.7450
v 0.1900 1.5000 -0.7450
v 0.2300 1.0000 1.1450
v 0.3500 1.0000 1.1450
v 0.3500 1.6700 1.1450
v 0.2300 1.6700 1.1450
v 0.2300 1.0000 1.5650
v 0.3500 1.0000 1.5650
v 0.3500 1.6700 1.5650
v 0.2300 1.6700 1.5650
v 0.2150 1.5000 1.1850
v 0.3650 1.5000 1.1850
v 0.3650 1.7100 1.1850
v 0.2150 1.7100 1.1850
v 0.2150 1.5000 1.5250
v 0.3650 1.5000 1.5250
v 0.3650 1.7100 1.5250
v 0.2150 1.7100 1.5250
v 0.1900 1.1500 1.2050
v 0.2300 1.1500 1.2050
v 0.2300 1.5000 1.2050
v 0.1900 1.5000 1.2050
v 0.1900 1.1500 1.5050
v 0.2300 1.1500 1.5050
v 0.2300 1.5000 1.5050
v 0.1900 1.5000 1.5050
v 0.2300 1.0000 0.6850
v 0.3500 1.0000 0.6850
v 0.3500 1.6700 0.6850
v 0.2300 1.6700 0.6850
v 0.2300 1.0000 1.1050
v 0.3500 1.0000 1.1050
v 0.3500 1.6700 1.1050
v 0.2300 1.6700 1.1050
v 0.2150 1.5000 0.7250
v 0.3650 1.5000 0.7250
v 0.3650 1.7100 0.7250
v 0.2150 1.7100 0.7250
v 0.2150 1.5000 1.0650
v 0.3650 1.5000 1.0650
v 0.3650 1.7100 1.0650
v 0.2150 1.7100 1.0650
v 0.1900 1.1500 0.7450
v 0.2300 1.1500 0.7450
v 0.2300 1.5000 0.7450
v 0.1900 1.5000 0.7450
v 0.1900 1.1500 1.0450
v 0.2300 1.1500 1.0450
v 0.2300 1.5000 1.0450
v 0.1900 1.5000 1.0450
v 1.2300 1.0000 -1.5650
v 1.3500 1.0000 -1.5650
v 1.3500 1.6700 -1.5650
v 1.2300 1.6700 -1.5650
v 1.2300 1.0000 -1.1450
v 1.3500 1.0000 -1.1450
v 1.3500 1.6700 -1.1450
v 1.2300 1.6700 -1.1450
v 1.2150 1.5000 -1.5250
v 1.3650 1.5000 -1.5250
v 1.3650 1.7100 -1.5250
v 1.2150 1.7100 -1.5250
v 1.2150 1.5000 -1.1850
v 1.3650 1.5000 -1.1850
v 1.3650 1.7100 -1.1850
v 1.2150 1.7100 -1.1850
v 1.1900 1.1500 -1.5050
v 1.2300 1.1500 -1.5050
v 1.2300 1.5000 -1.5050
v 1.1900 1.5000 -1.5050
v 1.1900 1.1500 -1.2050
v 1.2300 1.1500 -1.2050
v 1.2300 1.5000 -1.2050
v 1.1900 1.5000 -1.2050
v 1.2300 1.0000 -1.1050
v 1.3500 1.0000 -1.1050
v 1.3500 1.6700 -1.1050
v 1.2300 1.6700 -1.1050
v 1.2300 1.0000 -0.6850
v 1.3500 1.0000 -0.6850
v 1.3500 1.6700 -0.6850
v 1.2300 1.6700 -0.6850
v 1.2150 1.5000 -1.0650
v 1.3650 1.5000 -1.0650
v 1.3650 1.7100 -1.0650
v 1.2150 1.7100 -1.0650
v 1.2150 1.5000 -0.7250
v 1.3650 1.5000 -0.7250
v 1.3650 1.7100 -0.7250
v 1.2150 1.7100 -0.7250
v 1.1900 1.1500 -1.0450
v 1.2300 1.1500 -1.0450
v 1.2300 1.5000 -1.0450
v 1.1900 1.5000 -1.0450
v 1.1900 1.1500 -0.7450
v 1.2300 1.1500 -0.7450
v 1.2300 1.5000 -0.7450
v 1.1900 1.5000 -0.7450
v 1.2300 1.0000 1.1450
v 1.3500 1.0000 1.1450
v 1.3500 1.6700 1.1450
v 1.2300 1.6700 1.1450
v 1.2300 1.0000 1.5650
v 1.3500 1.0000 1.5650
v 1.3500 1.6700 1.5650
v 1.2300 1.6700 1.5650
v 1.2150 1.5000 1.1850
v 1.3650 1.5000 1.1850
v 1.3650 1.7100 1.1850
v 1.2150 1.7100 1.1850
v 1.2150 1.5000 1.5250
v 1.3650 1.5000 1.5250
v 1.3650 1.7100 1.5250
v 1.2150 1.7100 1.5250
v 1.1900 1.1500 1.2050
v 1.2300 1.1500 1.2050
v 1.2300 1.5000 1.2050
v 1.1900 1.5000 1.2050
v 1.1900 1.1500 1.5050
v 1.2300 1.1500 1.5050
v 1.2300 1.5000 1.5050
v 1.1900 1.5000 1.5050
v 1.2300 1.0000 0.6850
v 1.3500 1.0000 0.6850
v 1.3500 1.6700 0.6850
v 1.2300 1.6700 0.6850
v 1.2300 1.0000 1.1050
v 1.3500 1.0000 1.1050
v 1.3500 1.6700 1.1050
v 1.2300 1.6700 1.1050
v 1.2150 1.5000 0.7250
v 1.3650 1.5000 0.7250
v 1.3650 1.7100 0.7250
v 1.2150 1.7100 0.7250
v 1.2150 1.5000 1.0650
v 1.3650 1.5000 1.0650
v 1.3650 1.7100 1.0650
v 1.2150 1.7100 1.0650
v 1.1900 1.1500 0.7450
v 1.2300 1.1500 0.7450
v 1.2300 1.5000 0.7450
v 1.1900 1.5000 0.7450
v 1.1900 1.1500 1.0450
v 1.2300 1.1500 1.0450
v 1.2300 1.5000 1.0450
v 1.1900 1.5000 1.0450
v 2.2300 1.0000 -1.5650
v 2.3500 1.0000 -1.5650
v 2.3500 1.6700 -1.5650
v 2.2300 1.6700 -1.5650
v 2.2300 1.0000 -1.1450
v 2.3500 1.0000 -1.1450
v 2.3500 1.6700 -1.1450
v 2.2300 1.6700 -1.1450
v 2.2150 1.5000 -1.5250
v 2.3650 1.5000 -1.5250
v 2.3650 1.7100 -1.5250
v 2.2150 1.7100 -1.5250
v 2.2150 1.5000 -1.1850
v 2.3650 1.5000 -1.1850
v 2.3650 1.7100 -1.1850
v 2.2150 1.7100 -1.1850
v 2.1900 1.1500 -1.5050
v 2.2300 1.1500 -1.5050
v 2.2300 1.5000 -1.5050
v 2.1900 1.5000 -1.5050
v 2.1900 1.1500 -1.2050
v 2.2300 1.1500 -1.2050
v 2.2300 1.5000 -1.2050
v 2.1900 1.5000 -1.2050
v 2.2300 1.0000 -1.1050
v 2.3500 1.0000 -1.1050
v 2.3500 1.6700 -1.1050
v 2.2300 1.6700 -1.1050
v 2.2300 1.0000 -0.6850
v 2.3500 1.0000 -0.6850
v 2.3500 1.6700 -0.6850
v 2.2300 1.6700 -0.6850
v 2.2150 1.5000 -1.0650
v 2.3650 1.5000 -1.0650
v 2.3650 1.7100 -1.0650
v 2.2150 1.7100 -1.0650
v 2.2150 1.5000 -0.7250
v 2.3650 1.5000 -0.7250
v 2.3650 1.7100 -0.7250
v 2.2150 1.7100 -0.7250
v 2.1900 1.1500 -1.0450
v 2.2300 1.1500 -1.0450
v 2.2300 1.5000 -1.0450
v 2.1900 1.5000 -1.0450
v 2.1900 1.1500 -0.7450
v 2.2300 1.1500 -0.7450
v 2.2300 1.5000 -0.7450
v 2.1900 1.5000 -0.7450
v 2.2300 1.0000 1.1450
v 2.3500 1.0000 1.1450
v 2.3500 1.6700 1.1450
v 2.2300 1.6700 1.1450
v 2.2300 1.0000 1.5650
v 2.3500 1.0000 1.5650
v 2.3500 1.6700 1.5650
v 2.2300 1.6700 1.5650
v 2.2150 1.5000 1.1850
v 2.3650 1.5000 1.1850
v 2.3650 1.7100 1.1850
v 2.2150 1.7100 1.1850
v 2.2150 1.5000 1.5250
v 2.3650 1.5000 1.5250
v 2.3650 1.7100 1.5250
v 2.2150 1.7100 1.5250
v 2.1900 1.1500 1.2050
v 2.2300 1.1500 1.2050
v 2.2300 1.5000 1.2050
v 2.1900 1.5000 1.2050
v 2.1900 1.1500 1.5050
v 2.2300 1.1500 1.5050
v 2.2300 1.5000 1.5050
v 2.1900 1.5000 1.5050
v 2.2300 1.0000 0.6850
v 2.3500 1.0000 0.6850
v 2.3500 1.6700 0.6850
v 2.2300 1.6700 0.6850
v 2.2300 1.0000 1.1050
v 2.3500 1.0000 1.1050
v 2.3500 1.6700 1.1050
v 2.2300 1.6700 1.1050
v 2.2150 1.5000 0.7250
v 2.3650 1.5000 0.7250
v 2.3650 1.7100 0.7250
v 2.2150 1.7100 0.7250
v 2.2150 1.5000 1.0650
v 2.3650 1.5000 1.0650
v 2.3650 1.7100 1.0650
v 2.2150 1.7100 1.0650
v 2.1900 1.1500 0.7450
v 2.2300 1.1500 0.7450
v 2.2300 1.5000 0.7450
v 2.1900 1.5000 0.7450
v 2.1900 1.1500 1.0450
v 2.2300 1.1500 1.0450
v 2.2300 1.5000 1.0450
v 2.1900 1.5000 1.0450
v 3.2300 1.0000 -1.5650
v 3.3500 1.0000 -1.5650
v 3.3500 1.6700 -1.5650
v 3.2300 1.6700 -1.5650
v 3.2300 1.0000 -1.1450
v 3.3500 1.0000 -1.1450
v 3.3500 1.6700 -1.1450
v 3.2300 1.6700 -1.1450
v 3.2150 1.5000 -1.5250
v 3.3650 1.5000 -1.5250
v 3.3650 1.7100 -1.5250
v 3.2150 1.7100 -1.5250
v 3.2150 1.5000 -1.1850
v 3.3650 1.5000 -1.1850
v 3.3650 1.7100 -1.1850
v 3.2150 1.7100 -1.1850
v 3.1900 1.1500 -1.5050
v 3.2300 1.1500 -1.5050
v 3.2300 1.5000 -1.5050
v 3.1900 1.5000 -1.5050
v 3.1900 1.1500 -1.2050
v 3.2300 1.1500 -1.2050
v 3.2300 1.5000 -1.2050
v 3.1900 1.5000 -1.2050
v 3.2300 1.0000 -1.1050
v 3.3500 1.0000 -1.1050
v 3.3500 1.6700 -1.1050
v 3.2300 1.6700 -1.1050
v 3.2300 1.0000 -0.6850
v 3.3500 1.0000 -0.6850
v 3.3500 1.6700 -0.6850
v 3.2300 1.6700 -0.6850
v 3.2150 1.5000 -1.0650
v 3.3650 1.5000 -1.0650
v 3.3650 1.7100 -1.0650
v 3.2150 1.7100 -1.0650
v 3.2150 1.5000 -0.7250
v 3.3650 1.5000 -0.7250
v 3.3650 1.7100 -0.7250
v 3.2150 1.7100 -0.7250
v 3.1900 1.1500 -1.0450
v 3.2300 1.1500 -1.0450
v 3.2300 1.5000 -1.0450
v 3.1900 1.5000 -1.0450
v 3.1900 1.1500 -0.7450
v 3.2300 1.1500 -0.7450
v 3.2300 1.5000 -0.7450
v 3.1900 1.5000 -0.7450
v 3.2300 1.0000 1.1450
v 3.3500 1.0000 1.1450
v 3.3500 1.6700 1.1450
v 3.2300 1.6700 1.1450
v 3.2300 1.0000 1.5650
v 3.3500 1.0000 1.5650
v 3.3500 1.6700 1.5650
v 3.2300 1.6700 1.5650
v 3.2150 1.5000 1.1850
v 3.3650 1.5000 1.1850
v 3.3650 1.7100 1.1850
v 3.2150 1.7100 1.1850
v 3.2150 1.5000 1.5250
v 3.3650 1.5000 1.5250
v 3.3650 1.7100 1.5250
v 3.2150 1.7100 1.5250
v 3.1900 1.1500 1.2050
v 3.2300 1.1500 1.2050
v 3.2300 1.5000 1.2050
v 3.1900 1.5000 1.2050
v 3.1900 1.1500 1.5050
v 3.2300 1.1500 1.5050
v 3.2300 1.5000 1.5050
v 3.1900 1.5000 1.5050
v 3.2300 1.0000 0.6850
v 3.3500 1.0000 0.6850
v 3.3500 1.6700 0.6850
v 3.2300 1.6700 0.6850
v 3.2300 1.0000 1.1050
v 3.3500 1.0000 1.1050
v 3.3500 1.6700 1.1050
v 3.2300 1.6700 1.1050
v 3.2150 1.5000 0.7250
v 3.3650 1.5000 0.7250
v 3.3650 1.7100 0.7250
v 3.2150 1.7100 0.7250
v 3.2150 1.5000 1.0650
v 3.3650 1.5000 1.0650
v 3.3650 1.7100 1.0650
v 3.2150 1.7100 1.0650
v 3.1900 1.1500 0.7450
v 3.2300 1.1500 0.7450
v 3.2300 1.5000 0.7450
v 3.1900 1.5000 0.7450
v 3.1900 1.1500 1.0450
v 3.2300 1.1500 1.0450
v 3.2300 1.5000 1.0450
v 3.1900 1.5000 1.0450
v 4.2300 1.0000 -1.5650
v 4.3500 1.0000 -1.5650
v 4.3500 1.6700 -1.5650
v 4.2300 1.6700 -1.5650
v 4.2300 1.0000 -1.1450
v 4.3500 1.0000 -1.1450
v 4.3500 1.6700 -1.1450
v 4.2300 1.6700 -1.1450
v 4.2150 1.5000 -1.5250
v 4.3650 1.5000 -1.5250
v 4.3650 1.7100 -1.5250
v 4.2150 1.7100 -1.5250
v 4.2150 1.5000 -1.1850
v 4.3650 1.5000 -1.1850
v 4.3650 1.7100 -1.1850
v 4.2150 1.7100 -1.1850
v 4.1900 1.1500 -1.5050
v 4.2300 1.1500 -1.5050
v 4.2300 1.5000 -1.5050
v 4.1900 1.5000 -1.5050
v 4.1900 1.1500 -1.2050
v 4.2300 1.1500 -1.2050
v 4.2300 1.5000 -1.2050
v 4.1900 1.5000 -1.2050
v 4.2300 1.0000 -1.1050
v 4.3500 1.0000 -1.1050
v 4.3500 1.6700 -1.1050
v 4.2300 1.6700 -1.1050
v 4.2300 1.0000 -0.6850
v 4.3500 1.0000 -0.6850
v 4.3500 1.6700 -0.6850
v 4.2300 1.6700 -0.6850
v 4.2150 1.5000 -1.0650
v 4.3650 1.5000 -1.0650
v 4.3650 1.7100 -1.0650
v 4.2150 1.7100 -1.0650
v 4.2150 1.5000 -0.7250
v 4.3650 1.5000 -0.7250
v 4.3650 1.7100 -0.7250
v 4.2150 1.7100 -0.7250
v 4.1900 1.1500 -1.0450
v 4.2300 1.1500 -1.0450
v 4.2300 1.5000 -1.0450
v 4.1900 1.5000 -1.0450
v 4.1900 1.1500 -0.7450
v 4.2300 1.1500 -0.7450
v 4.2300 1.5000 -0.7450
v 4.1900 1.5000 -0.7450
v 4.2300 1.0000 1.1450
v 4.3500 1.0000 1.1450
v 4.3500 1.6700 1.1450
v 4.2300 1.6700 1.1450
v 4.2300 1.0000 1.5650
v 4.3500 1.0000 1.5650
v 4.3500 1.6700 1.5650
v 4.2300 1.6700 1.5650
v 4.2150 1.5000 1.1850
v 4.3650 1.5000 1.1850
v 4.3650 1.7100 1.1850
v 4.2150 1.7100 1.1850
v 4.2150 1.5000 1.5250
v 4.3650 1.5000 1.5250
v 4.3650 1.7100 1.5250
v 4.2150 1.7100 1.5250
v 4.1900 1.1500 1.2050
v 4.2300 1.1500 1.2050
v 4.2300 1.5000 1.2050
v 4.1900 1.5000 1.2050
v 4.1900 1.1500 1.5050
v 4.2300 1.1500 1.5050
v 4.2300 1.5000 1.5050
v 4.1900 1.5000 1.5050
v 4.2300 1.0000 0.6850
v 4.3500 1.0000 0.6850
v 4.3500 1.6700 0.6850
v 4.2300 1.6700 0.6850
v 4.2300 1.0000 1.1050
v 4.3500 1.0000 1.1050
v 4.3500 1.6700 1.1050
v 4.2300 1.6700 1.1050
v 4.2150 1.5000 0.7250
v 4.3650 1.5000 0.7250
v 4.3650 1.7100 0.7250
v 4.2150 1.7100 0.7250
v 4.2150 1.5000 1.0650
v 4.3650 1.5000 1.0650
v 4.3650 1.7100 1.0650
v 4.2150 1.7100 1.0650
v 4.1900 1.1500 0.7450
v 4.2300 1.1500 0.7450
v 4.2300 1.5000 0.7450
v 4.1900 1.5000 0.7450
v 4.1900 1.1500 1.0450
v 4.2300 1.1500 1.0450
v 4.2300 1.5000 1.0450
v 4.1900 1.5000 1.0450
v 5.2300 1.0000 -1.5650
v 5.3500 1.0000 -1.5650
v 5.3500 1.6700 -1.5650
v 5.2300 1.6700 -1.5650
v 5.2300 1.0000 -1.1450
v 5.3500 1.0000 -1.1450
v 5.3500 1.6700 -1.1450
v 5.2300 1.6700 -1.1450
v 5.2150 1.5000 -1.5250
v 5.3650 1.5000 -1.5250
v 5.3650 1.7100 -1.5250
v 5.2150 1.7100 -1.5250
v 5.2150 1.5000 -1.1850
v 5.3650 1.5000 -1.1850
v 5.3650 1.7100 -1.1850
v 5.2150 1.7100 -1.1850
v 5.1900 1.1500 -1.5050
v 5.2300 1.1500 -1.5050
v 5.2300 1.5000 -1.5050
v 5.1900 1.5000 -1.5050
v 5.1900 1.1500 -1.2050
v 5.2300 1.1500 -1.2050
v 5.2300 1.5000 -1.2050
v 5.1900 1.5000 -1.2050
v 5.2300 1.0000 -1.1050
v 5.3500 1.0000 -1.1050
v 5.3500 1.6700 -1.1050
v 5.2300 1.6700 -1.1050
v 5.2300 1.0000 -0.6850
v 5.3500 1.0000 -0.6850
v 5.3500 1.6700 -0.6850
v 5.2300 1.6700 -0.6850
v 5.2150 1.5000 -1.0650
v 5.3650 1.5000 -1.0650
v 5.3650 1.7100 -1.0650
v 5.2150 1.7100 -1.0650
v 5.2150 1.5000 -0.7250
v 5.3650 1.5000 -0.7250
v 5.3650 1.7100 -0.7250
v 5.2150 1.7100 -0.7250
v 5.1900 1.1500 -1.0450
v 5.2300 1.1500 -1.0450
v 5.2300 1.5000 -1.0450
v 5.1900 1.5000 -1.0450
v 5.1900 1.1500 -0.7450
v 5.2300 1.1500 -0.7450
v 5.2300 1.5000 -0.7450
v 5.1900 1.5000 -0.7450
v 5.2300 1.0000 1.1450
v 5.3500 1.0000 1.1450
v 5.3500 1.6700 1.1450
v 5.2300 1.6700 1.1450
v 5.2300 1.0000 1.5650
v 5.3500 1.0000 1.5650
v 5.3500 1.6700 1.5650
v 5.2300 1.6700 1.5650
v 5.2150 1.5000 1.1850
v 5.3650 1.5000 1.1850
v 5.3650 1.7100 1.1850
v 5.2150 1.7100 1.1850
v 5.2150 1.5000 1.5250
v 5.3650 1.5000 1.5250
v 5.3650 1.7100 1.5250
v 5.2150 1.7100 1.5250
v 5.1900 1.1500 1.2050
v 5.2300 1.1500 1.2050
v 5.2300 1.5000 1.2050
v 5.1900 1.5000 1.2050
v 5.1900 1.1500 1.5050
v 5.2300 1.1500 1.5050
v 5.2300 1.5000 1.5050
v 5.1900 1.5000 1.5050
v 5.2300 1.0000 0.6850
v 5.3500 1.0000 0.6850
v 5.3500 1.6700 0.6850
v 5.2300 1.6700 0.6850
v 5.2300 1.0000 1.1050
v 5.3500 1.0000 1.1050
v 5.3500 1.6700 1.1050
v 5.2300 1.6700 1.1050
v 5.2150 1.5000 0.7250
v 5.3650 1.5000 0.7250
v 5.3650 1.7100 0.7250
v 5.2150 1.7100 0.7250
v 5.2150 1.5000 1.0650
v 5.3650 1.5000 1.0650
v 5.3650 1.7100 1.0650
v 5.2150 1.7100 1.0650
v 5.1900 1.1500 0.7450
v 5.2300 1.1500 0.7450
v 5.2300 1.5000 0.7450
v 5.1900 1.5000 0.7450
v 5.1900 1.1500 1.0450
v 5.2300 1.1500 1.0450
v 5.2300 1.5000 1.0450
v 5.1900 1.5000 1.0450
v 6.2300 1.0000 -1.5650
v 6.3500 1.0000 -1.5650
v 6.3500 1.6700 -1.5650
v 6.2300 1.6700 -1.5650
v 6.2300 1.0000 -1.1450
v 6.3500 1.0000 -1.1450
v 6.3500 1.6700 -1.1450
v 6.2300 1.6700 -1.1450
v 6.2150 1.5000 -1.5250
v 6.3650 1.5000 -1.5250
v 6.3650 1.7100 -1.5250
v 6.2150 1.7100 -1.5250
v 6.2150 1.5000 -1.1850
v 6.3650 1.5000 -1.1850
v 6.3650 1.7100 -1.1850
v 6.2150 1.7100 -1.1850
v 6.1900 1.1500 -1.5050
v 6.2300 1.1500 -1.5050
v 6.2300 1.5000 -1.5050
v 6.1900 1.5000 -1.5050
v 6.1900 1.1500 -1.2050
v 6.2300 1.1500 -1.2050
v 6.2300 1.5000 -1.2050
v 6.1900 1.5000 -1.2050
v 6.2300 1.0000 -1.1050
v 6.3500 1.0000 -1.1050
v 6.3500 1.6700 -1.1050
v 6.2300 1.6700 -1.1050
v 6.2300 1.0000 -0.6850
v 6.3500 1.0000 -0.6850
v 6.3500 1.6700 -0.6850
v 6.2300 1.6700 -0.6850
v 6.2150 1.5000 -1.0650
v 6.3650 1.5000 -1.0650
v 6.3650 1.7100 -1.0650
v 6.2150 1.7100 -1.0650
v 6.2150 1.5000 -0.7250
v 6.3650 1.5000 -0.7250
v 6.3650 1.7100 -0.7250
v 6.2150 1.7100 -0.7250
v 6.1900 1.1500 -1.0450
v 6.2300 1.1500 -1.0450
v 6.2300 1.5000 -1.0450
v 6.1900 1.5000 -1.0450
v 6.1900 1.1500 -0.7450
v 6.2300 1.1500 -0.7450
v 6.2300 1.5000 -0.7450
v 6.1900 1.5000 -0.7450
v 6.2300 1.0000 1.1450
v 6.3500 1.0000 1.1450
v 6.3500 1.6700 1.1450
v 6.2300 1.6700 1.1450
v 6.2300 1.0000 1.5650
v 6.3500 1.0000 1.5650
v 6.3500 1.6700 1.5650
v 6.2300 1.6700 1.5650
v 6.2150 1.5000 1.1850
v 6.3650 1.5000 1.1850
v 6.3650 1.7100 1.1850
v 6.2150 1.7100 1.1850
v 6.2150 1.5000 1.5250
v 6.3650 1.5000 1.5250
v 6.3650 1.7100 1.5250
v 6.2150 1.7100 1.5250
v 6.1900 1.1500 1.2050
v 6.2300 1.1500 1.2050
v 6.2300 1.5000 1.2050
v 6.1900 1.5000 1.2050
v 6.1900 1.1500 1.5050
v 6.2300 1.1500 1.5050
v 6.2300 1.5000 1.5050
v 6.1900 1.5000 1.5050
v 6.2300 1.0000 0.6850
v 6.3500 1.0000 0.6850
v 6.3500 1.6700 0.6850
v 6.2300 1.6700 0.6850
v 6.2300 1.0000 1.1050
v 6.3500 1.0000 1.1050
v 6.3500 1.6700 1.1050
v 6.2300 1.6700 1.1050
v 6.2150 1.5000 0.7250
v 6.3650 1.5000 0.7250
v 6.3650 1.7100 0.7250
v 6.2150 1.7100 0.7250
v 6.2150 1.5000 1.0650
v 6.3650 1.5000 1.0650
v 6.3650 1.7100 1.0650
v 6.2150 1.7100 1.0650
v 6.1900 1.1500 0.7450
v 6.2300 1.1500 0.7450
v 6.2300 1.5000 0.7450
v 6.1900 1.5000 0.7450
v 6.1900 1.1500 1.0450
v 6.2300 1.1500 1.0450
v 6.2300 1.5000 1.0450
v 6.1900 1.5000 1.0450
v 7.2300 1.0000 -1.5650
v 7.3500 1.0000 -1.5650
v 7.3500 1.6700 -1.5650
v 7.2300 1.6700 -1.5650
v 7.2300 1.0000 -1.1450
v 7.3500 1.0000 -1.1450
v 7.3500 1.6700 -1.1450
v 7.2300 1.6700 -1.1450
v 7.2150 1.5000 -1.5250
v 7.3650 1.5000 -1.5250
v 7.3650 1.7100 -1.5250
v 7.2150 1.7100 -1.5250
v 7.2150 1.5000 -1.1850
v 7.3650 1.5000 -1.1850
v 7.3650 1.7100 -1.1850
v 7.2150 1.7100 -1.1850
v 7.1900 1.1500 -1.5050
v 7.2300 1.1500 -1.5050
v 7.2300 1.5000 -1.5050
v 7.1900 1.5000 -1.5050
v 7.1900 1.1500 -1.2050
v 7.2300 1.1500 -1.2050
v 7.2300 1.5000 -1.2050
v 7.1900 1.5000 -1.2050
v 7.2300 1.0000 -1.1050
v 7.3500 1.0000 -1.1050
v 7.3500 1.6700 -1.1050
v 7.2300 1.6700 -1.1050
v 7.2300 1.0000 -0.6850
v 7.3500 1.0000 -0.6850
v 7.3500 1.6700 -0.6850
v 7.2300 1.6700 -0.6850
v 7.2150 1.5000 -1.0650
v 7.3650 1.5000 -1.0650
v 7.3650 1.7100 -1.0650
v 7.2150 1.7100 -1.0650
v 7.2150 1.5000 -0.7250
v 7.3650 1.5000 -0.7250
v 7.3650 1.7100 -0.7250
v 7.2150 1.7100 -0.7250
v 7.1900 1.1500 -1.0450
v 7.2300 1.1500 -1.0450
v 7.2300 1.5000 -1.0450
v 7.1900 1.5000 -1.0450
v 7.1900 1.1500 -0.7450
v 7.2300 1.1500 -0.7450
v 7.2300 1.5000 -0.7450
v 7.1900 1.5000 -0.7450
v 7.2300 1.0000 1.1450
v 7.3500 1.0000 1.1450
v 7.3500 1.6700 1.1450
v 7.2300 1.6700 1.1450
v 7.2300 1.0000 1.5650
v 7.3500 1.0000 1.5650
v 7.3500 1.6700 1.5650
v 7.2300 1.6700 1.5650
v 7.2150 1.5000 1.1850
v 7.3650 1.5000 1.1850
v 7.3650 1.7100 1.1850
v 7.2150 1.7100 1.1850
v 7.2150 1.5000 1.5250
v 7.3650 1.5000 1.5250
v 7.3650 1.7100 1.5250
v 7.2150 1.7100 1.5250
v 7.1900 1.1500 1.2050
v 7.2300 1.1500 1.2050
v 7.2300 1.5000 1.2050
v 7.1900 1.5000 1.2050
v 7.1900 1.1500 1.5050
v 7.2300 1.1500 1.5050
v 7.2300 1.5000 1.5050
v 7.1900 1.5000 1.5050
v 7.2300 1.0000 0.6850
v 7.3500 1.0000 0.6850
v 7.3500 1.6700 0.6850
v 7.2300 1.6700 0.6850
v 7.2300 1.0000 1.1050
v 7.3500 1.0000 1.1050
v 7.3500 1.6700 1.1050
v 7.2300 1.6700 1.1050
v 7.2150 1.5000 0.7250
v 7.3650 1.5000 0.7250
v 7.3650 1.7100 0.7250
v 7.2150 1.7100 0.7250
v 7.2150 1.5000 1.0650
v 7.3650 1.5000 1.0650
v 7.3650 1.7100 1.0650
v 7.2150 1.7100 1.0650
v 7.1900 1.1500 0.7450
v 7.2300 1.1500 0.7450
v 7.2300 1.5000 0.7450
v 7.1900 1.5000 0.7450
v 7.1900 1.1500 1.0450
v 7.2300 1.1500 1.0450
v 7.2300 1.5000 1.0450
v 7.1900 1.5000 1.0450
v 8.2300 1.0000 -1.5650
v 8.3500 1.0000 -1.5650
v 8.3500 1.6700 -1.5650
v 8.2300 1.6700 -1.5650
v 8.2300 1.0000 -1.1450
v 8.3500 1.0000 -1.1450
v 8.3500 1.6700 -1.1450
v 8.2300 1.6700 -1.1450
v 8.2150 1.5000 -1.5250
v 8.3650 1.5000 -1.5250
v 8.3650 1.7100 -1.5250
v 8.2150 1.7100 -1.5250
v 8.2150 1.5000 -1.1850
v 8.3650 1.5000 -1.1850
v 8.3650 1.7100 -1.1850
v 8.2150 1.7100 -1.1850
v 8.1900 1.1500 -1.5050
v 8.2300 1.1500 -1.5050
v 8.2300 1.5000 -1.5050
v 8.1900 1.5000 -1.5050
v 8.1900 1.1500 -1.2050
v 8.2300 1.1500 -1.2050
v 8.2300 1.5000 -1.2050
v 8.1900 1.5000 -1.2050
v 8.2300 1.0000 -1.1050
v 8.3500 1.0000 -1.1050
v 8.3500 1.6700 -1.1050
v 8.2300 1.6700 -1.1050
v 8.2300 1.0000 -0.6850
v 8.3500 1.0000 -0.6850
v 8.3500 1.6700 -0.6850
v 8.2300 1.6700 -0.6850
v 8.2150 1.5000 -1.0650
v 8.3650 1.5000 -1.0650
v 8.3650 1.7100 -1.0650
v 8.2150 1.7100 -1.0650
v 8.2150 1.5000 -0.7250
v 8.3650 1.5000 -0.7250
v 8.3650 1.7100 -0.7250
v 8.2150 1.7100 -0.7250
v 8.1900 1.1500 -1.0450
v 8.2300 1.1500 -1.0450
v 8.2300 1.5000 -1.0450
v 8.1900 1.5000 -1.0450
v 8.1900 1.1500 -0.7450
v 8.2300 1.1500 -0.7450
v 8.2300 1.5000 -0.7450
v 8.1900 1.5000 -0.7450
v 8.2300 1.0000 1.1450
v 8.3500 1.0000 1.1450
v 8.3500 1.6700 1.1450
v 8.2300 1.6700 1.1450
v 8.2300 1.0000 1.5650
v 8.3500 1.0000 1.5650
v 8.3500 1.6700 1.5650
v 8.2300 1.6700 1.5650
v 8.2150 1.5000 1.1850
v 8.3650 1.5000 1.1850
v 8.3650 1.7100 1.1850
v 8.2150 1.7100 1.1850
v 8.2150 1.5000 1.5250
v 8.3650 1.5000 1.5250
v 8.3650 1.7100 1.5250
v 8.2150 1.7100 1.5250
v 8.1900 1.1500 1.2050
v 8.2300 1.1500 1.2050
v 8.2300 1.5000 1.2050
v 8.1900 1.5000 1.2050
v 8.1900 1.1500 1.5050
v 8.2300 1.1500 1.5050
v 8.2300 1.5000 1.5050
v 8.1900 1.5000 1.5050
v 8.2300 1.0000 0.6850
v 8.3500 1.0000 0.6850
v 8.3500 1.6700 0.6850
v 8.2300 1.6700 0.6850
v 8.2300 1.0000 1.1050
v 8.3500 1.0000 1.1050
v 8.3500 1.6700 1.1050
v 8.2300 1.6700 1.1050
v 8.2150 1.5000 0.7250
v 8.3650 1.5000 0.7250
v 8.3650 1.7100 0.7250
v 8.2150 1.7100 0.7250
v 8.2150 1.5000 1.0650
v 8.3650 1.5000 1.0650
v 8.3650 1.7100 1.0650
v 8.2150 1.7100 1.0650
v 8.1900 1.1500 0.7450
v 8.2300 1.1500 0.7450
v 8.2300 1.5000 0.7450
v 8.1900 1.5000 0.7450
v 8.1900 1.1500 1.0450
v 8.2300 1.1500 1.0450
v 8.2300 1.5000 1.0450
v 8.1900 1.5000 1.0450
v 9.2300 1.0000 -1.5650
v 9.3500 1.0000 -1.5650
v 9.3500 1.6700 -1.5650
v 9.2300 1.6700 -1.5650
v 9.2300 1.0000 -1.1450
v 9.3500 1.0000 -1.1450
v 9.3500 1.6700 -1.1450
v 9.2300 1.6700 -1.1450
v 9.2150 1.5000 -1.5250
v 9.3650 1.5000 -1.5250
v 9.3650 1.7100 -1.5250
v 9.2150 1.7100 -1.5250
v 9.2150 1.5000 -1.1850
v 9.3650 1.5000 -1.1850
v 9.3650 1.7100 -1.1850
v 9.2150 1.7100 -1.1850
v 9.1900 1.1500 -1.5050
v 9.2300 1.1500 -1.5050
v 9.2300 1.5000 -1.5050
v 9.1900 1.5000 -1.5050
v 9.1900 1.1500 -1.2050
v 9.2300 1.1500 -1.2050
v 9.2300 1.5000 -1.2050
v 9.1900 1.5000 -1.2050
v 9.2300 1.0000 -1.1050
v 9.3500 1.0000 -1.1050
v 9.3500 1.6700 -1.1050
v 9.2300 1.6700 -1.1050
v 9.2300 1.0000 -0.6850
v 9.3500 1.0000 -0.6850
v 9.3500 1.6700 -0.6850
v 9.2300 1.6700 -0.6850
v 9.2150 1.5000 -1.0650
v 9.3650 1.5000 -1.0650
v 9.3650 1.7100 -1.0650
v 9.2150 1.7100 -1.0650
v 9.2150 1.5000 -0.7250
v 9.3650 1.5000 -0.7250
v 9.3650 1.7100 -0.7250
v 9.2150 1.7100 -0.7250
v 9.1900 1.1500 -1.0450
v 9.2300 1.1500 -1.0450
v 9.2300 1.5000 -1.0450
v 9.1900 1.5000 -1.0450
v 9.1900 1.1500 -0.7450
v 9.2300 1.1500 -0.7450
v 9.2300 1.5000 -0.7450
v 9.1900 1.5000 -0.7450
v 9.2300 1.0000 1.1450
v 9.3500 1.0000 1.1450
v 9.3500 1.6700 1.1450
v 9.2300 1.6700 1.1450
v 9.2300 1.0000 1.5650
v 9.3500 1.0000 1.5650
v 9.3500 1.6700 1.5650
v 9.2300 1.6700 1.5650
v 9.2150 1.5000 1.1850
v 9.3650 1.5000 1.1850
v 9.3650 1.7100 1.1850
v 9.2150 1.7100 1.1850
v 9.2150 1.5000 1.5250
v 9.3650 1.5000 1.5250
v 9.3650 1.7100 1.5250
v 9.2150 1.7100 1.5250
v 9.1900 1.1500 1.2050
v 9.2300 1.1500 1.2050
v 9.2300 1.5000 1.2050
v 9.1900 1.5000 1.2050
v 9.1900 1.1500 1.5050
v 9.2300 1.1500 1.5050
v 9.2300 1.5000 1.5050
v 9.1900 1.5000 1.5050
v 9.2300 1.0000 0.6850
v 9.3500 1.0000 0.6850
v 9.3500 1.6700 0.6850
v 9.2300 1.6700 0.6850
v 9.2300 1.0000 1.1050
v 9.3500 1.0000 1.1050
v 9.3500 1.6700 1.1050
v 9.2300 1.6700 1.1050
v 9.2150 1.5000 0.7250
v 9.3650 1.5000 0.7250
v 9.3650 1.7100 0.7250
v 9.2150 1.7100 0.7250
v 9.2150 1.5000 1.0650
v 9.3650 1.5000 1.0650
v 9.3650 1.7100 1.0650
v 9.2150 1.7100 1.0650
v 9.1900 1.1500 0.7450
v 9.2300 1.1500 0.7450
v 9.2300 1.5000 0.7450
v 9.1900 1.5000 0.7450
v 9.1900 1.1500 1.0450
v 9.2300 1.1500 1.0450
v 9.2300 1.5000 1.0450
v 9.1900 1.5000 1.0450
v 10.2300 1.0000 -1.5650
v 10.3500 1.0000 -1.5650
v 10.3500 1.6700 -1.5650
v 10.2300 1.6700 -1.5650
v 10.2300 1.0000 -1.1450
v 10.3500 1.0000 -1.1450
v 10.3500 1.6700 -1.1450
v 10.2300 1.6700 -1.1450
v 10.2150 1.5000 -1.5250
v 10.3650 1.5000 -1.5250
v 10.3650 1.7100 -1.5250
v 10.2150 1.7100 -1.5250
v 10.2150 1.5000 -1.1850
v 10.3650 1.5000 -1.1850
v 10.3650 1.7100 -1.1850
v 10.2150 1.7100 -1.1850
v 10.1900 1.1500 -1.5050
v 10.2300 1.1500 -1.5050
v 10.2300 1.5000 -1.5050
v 10.1900 1.5000 -1.5050
v 10.1900 1.1500 -1.2050
v 10.2300 1.1500 -1.2050
v 10.2300 1.5000 -1.2050
v 10.1900 1.5000 -1.2050
v 10.2300 1.0000 -1.1050
v 10.3500 1.0000 -1.1050
v 10.3500 1.6700 -1.1050
v 10.2300 1.6700 -1.1050
v 10.2300 1.0000 -0.6850
v 10.3500 1.0000 -0.6850
v 10.3500 1.6700 -0.6850
v 10.2300 1.6700 -0.6850
v 10.2150 1.5000 -1.0650
v 10.3650 1.5000 -1.0650
v 10.3650 1.7100 -1.0650
v 10.2150 1.7100 -1.0650
v 10.2150 1.5000 -0.7250
v 10.3650 1.5000 -0.7250
v 10.3650 1.7100 -0.7250
v 10.2150 1.7100 -0.7250
v 10.1900 1.1500 -1.0450
v 10.2300 1.1500 -1.0450
v 10.2300 1.5000 -1.0450
v 10.1900 1.5000 -1.0450
v 10.1900 1.1500 -0.7450
v 10.2300 1.1500 -0.7450
v 10.2300 1.5000 -0.7450
v 10.1900 1.5000 -0.7450
v 10.2300 1.0000 1.1450
v 10.3500 1.0000 1.1450
v 10.3500 1.6700 1.1450
v 10.2300 1.6700 1.1450
v 10.2300 1.0000 1.5650
v 10.3500 1.0000 1.5650
v 10.3500 1.6700 1.5650
v 10.2300 1.6700 1.5650
v 10.2150 1.5000 1.1850
v 10.3650 1.5000 1.1850
v 10.3650 1.7100 1.1850
v 10.2150 1.7100 1.1850
v 10.2150 1.5000 1.5250
v 10.3650 1.5000 1.5250
v 10.3650 1.7100 1.5250
v 10.2150 1.7100 1.5250
v 10.1900 1.1500 1.2050
v 10.2300 1.1500 1.2050
v 10.2300 1.5000 1.2050
v 10.1900 1.5000 1.2050
v 10.1900 1.1500 1.5050
v 10.2300 1.1500 1.5050
v 10.2300 1.5000 1.5050
v 10.1900 1.5000 1.5050
v 10.2300 1.0000 0.6850
v 10.3500 1.0000 0.6850
v 10.3500 1.6700 0.6850
v 10.2300 1.6700 0.6850
v 10.2300 1.0000 1.1050
v 10.3500 1.0000 1.1050
v 10.3500 1.6700 1.1050
v 10.2300 1.6700 1.1050
v 10.2150 1.5000 0.7250
v 10.3650 1.5000 0.7250
v 10.3650 1.7100 0.7250
v 10.2150 1.7100 0.7250
v 10.2150 1.5000 1.0650
v 10.3650 1.5000 1.0650
v 10.3650 1.7100 1.0650
v 10.2150 1.7100 1.0650
v 10.1900 1.1500 0.7450
v 10.2300 1.1500 0.7450
v 10.2300 1.5000 0.7450
v 10.1900 1.5000 0.7450
v 10.1900 1.1500 1.0450
v 10.2300 1.1500 1.0450
v 10.2300 1.5000 1.0450
v 10.1900 1.5000 1.0450
v -11.6700 0.9300 -1.1050
v -11.2000 0.9300 -1.1050
v -11.2000 1.0500 -1.1050
v -11.6700 1.0500 -1.1050
v -11.6700 0.9300 -0.6850
v -11.2000 0.9300 -0.6850
v -11.2000 1.0500 -0.6850
v -11.6700 1.0500 -0.6850
v -11.6700 0.9300 1.1450
v -11.2000 0.9300 1.1450
v -11.2000 1.0500 1.1450
v -11.6700 1.0500 1.1450
v -11.6700 0.9300 1.5650
v -11.2000 0.9300 1.5650
v -11.2000 1.0500 1.5650
v -11.6700 1.0500 1.5650
v -11.6700 0.9300 0.6850
v -11.2000 0.9300 0.6850
v -11.2000 1.0500 0.6850
v -11.6700 1.0500 0.6850
v -11.6700 0.9300 1.1050
v -11.2000 0.9300 1.1050
v -11.2000 1.0500 1.1050
v -11.6700 1.0500 1.1050
v -11.6500 1.1000 -1.6150
v -11.2500 1.1000 -1.6150
v -11.2500 1.1700 -1.6150
v -11.6500 1.1700 -1.6150
v -11.6500 1.1000 -1.5550
v -11.2500 1.1000 -1.5550
v -11.2500 1.1700 -1.5550
v -11.6500 1.1700 -1.5550
v -11.6500 1.1000 -0.6950
v -11.2500 1.1000 -0.6950
v -11.2500 1.1700 -0.6950
v -11.6500 1.1700 -0.6950
v -11.6500 1.1000 -0.6350
v -11.2500 1.1000 -0.6350
v -11.2500 1.1700 -0.6350
v -11.6500 1.1700 -0.6350
v -11.6500 1.1000 1.5550
v -11.2500 1.1000 1.5550
v -11.2500 1.1700 1.5550
v -11.6500 1.1700 1.5550
v -11.6500 1.1000 1.6150
v -11.2500 1.1000 1.6150
v -11.2500 1.1700 1.6150
v -11.6500 1.1700 1.6150
v -11.6500 1.1000 0.6350
v -11.2500 1.1000 0.6350
v -11.2500 1.1700 0.6350
v -11.6500 1.1700 0.6350
v -11.6500 1.1000 0.6950
v -11.2500 1.1000 0.6950
v -11.2500 1.1700 0.6950
v -11.6500 1.1700 0.6950
v -8.6500 1.1000 -1.6150
v -8.2500 1.1000 -1.6150
v -8.2500 1.1700 -1.6150
v -8.6500 1.1700 -1.6150
v -8.6500 1.1000 -1.5550
v -8.2500 1.1000 -1.5550
v -8.2500 1.1700 -1.5550
v -8.6500 1.1700 -1.5550
v -8.6500 1.1000 -0.6950
v -8.2500 1.1000 -0.6950
v -8.2500 1.1700 -0.6950
v -8.6500 1.1700 -0.6950
v -8.6500 1.1000 -0.6350
v -8.2500 1.1000 -0.6350
v -8.2500 1.1700 -0.6350
v -8.6500 1.1700 -0.6350
v -8.6500 1.1000 1.5550
v -8.2500 1.1000 1.5550
v -8.2500 1.1700 1.5550
v -8.6500 1.1700 1.5550
v -8.6500 1.1000 1.6150
v -8.2500 1.1000 1.6150
v -8.2500 1.1700 1.6150
v -8.6500 1.1700 1.6150
v -8.6500 1.1000 0.6350
v -8.2500 1.1000 0.6350
v -8.2500 1.1700 0.6350
v -8.6500 1.1700 0.6350
v -8.6500 1.1000 0.6950
v -8.2500 1.1000 0.6950
v -8.2500 1.1700 0.6950
v -8.6500 1.1700 0.6950
v -7.6500 1.1000 -1.6150
v -7.2500 1.1000 -1.6150
v -7.2500 1.1700 -1.6150
v -7.6500 1.1700 -1.6150
v -7.6500 1.1000 -1.5550
v -7.2500 1.1000 -1.5550
v -7.2500 1.1700 -1.5550
v -7.6500 1.1700 -1.5550
v -7.6500 1.1000 -0.6950
v -7.2500 1.1000 -0.6950
v -7.2500 1.1700 -0.6950
v -7.6500 1.1700 -0.6950
v -7.6500 1.1000 -0.6350
v -7.2500 1.1000 -0.6350
v -7.2500 1.1700 -0.6350
v -7.6500 1.1700 -0.6350
v -7.6500 1.1000 1.5550
v -7.2500 1.1000 1.5550
v -7.2500 1.1700 1.5550
v -7.6500 1.1700 1.5550
v -7.6500 1.1000 1.6150
v -7.2500 1.1000 1.6150
v -7.2500 1.1700 1.6150
v -7.6500 1.1700 1.6150
v -7.6500 1.1000 0.6350
v -7.2500 1.1000 0.6350
v -7.2500 1.1700 0.6350
v -7.6500 1.1700 0.6350
v -7.6500 1.1000 0.6950
v -7.2500 1.1000 0.6950
v -7.2500 1.1700 0.6950
v -7.6500 1.1700 0.6950
v -6.6500 1.1000 -1.6150
v -6.2500 1.1000 -1.6150
v -6.2500 1.1700 -1.6150
v -6.6500 1.1700 -1.6150
v -6.6500 1.1000 -1.5550
v -6.2500 1.1000 -1.5550
v -6.2500 1.1700 -1.5550
v -6.6500 1.1700 -1.5550
v -6.6500 1.1000 -0.6950
v -6.2500 1.1000 -0.6950
v -6.2500 1.1700 -0.6950
v -6.6500 1.1700 -0.6950
v -6.6500 1.1000 -0.6350
v -6.2500 1.1000 -0.6350
v -6.2500 1.1700 -0.6350
v -6.6500 1.1700 -0.6350
v -6.6500 1.1000 1.5550
v -6.2500 1.1000 1.5550
v -6.2500 1.1700 1.5550
v -6.6500 1.1700 1.5550
v -6.6500 1.1000 1.6150
v -6.2500 1.1000 1.6150
v -6.2500 1.1700 1.6150
v -6.6500 1.1700 1.6150
v -6.6500 1.1000 0.6350
v -6.2500 1.1000 0.6350
v -6.2500 1.1700 0.6350
v -6.6500 1.1700 0.6350
v -6.6500 1.1000 0.6950
v -6.2500 1.1000 0.6950
v -6.2500 1.1700 0.6950
v -6.6500 1.1700 0.6950
v -5.6500 1.1000 -1.6150
v -5.2500 1.1000 -1.6150
v -5.2500 1.1700 -1.6150
v -5.6500 1.1700 -1.6150
v -5.6500 1.1000 -1.5550
v -5.2500 1.1000 -1.5550
v -5.2500 1.1700 -1.5550
v -5.6500 1.1700 -1.5550
v -5.6500 1.1000 -0.6950
v -5.2500 1.1000 -0.6950
v -5.2500 1.1700 -0.6950
v -5.6500 1.1700 -0.6950
v -5.6500 1.1000 -0.6350
v -5.2500 1.1000 -0.6350
v -5.2500 1.1700 -0.6350
v -5.6500 1.1700 -0.6350
v -5.6500 1.1000 1.5550
v -5.2500 1.1000 1.5550
v -5.2500 1.1700 1.5550
v -5.6500 1.1700 1.5550
v -5.6500 1.1000 1.6150
v -5.2500 1.1000 1.6150
v -5.2500 1.1700 1.6150
v -5.6500 1.1700 1.6150
v -5.6500 1.1000 0.6350
v -5.2500 1.1000 0.6350
v -5.2500 1.1700 0.6350
v -5.6500 1.1700 0.6350
v -5.6500 1.1000 0.6950
v -5.2500 1.1000 0.6950
v -5.2500 1.1700 0.6950
v -5.6500 1.1700 0.6950
v -4.6500 1.1000 -1.6150
v -4.2500 1.1000 -1.6150
v -4.2500 1.1700 -1.6150
v -4.6500 1.1700 -1.6150
v -4.6500 1.1000 -1.5550
v -4.2500 1.1000 -1.5550
v -4.2500 1.1700 -1.5550
v -4.6500 1.1700 -1.5550
v -4.6500 1.1000 -0.6950
v -4.2500 1.1000 -0.6950
v -4.2500 1.1700 -0.6950
v -4.6500 1.1700 -0.6950
v -4.6500 1.1000 -0.6350
v -4.2500 1.1000 -0.6350
v -4.2500 1.1700 -0.6350
v -4.6500 1.1700 -0.6350
v -4.6500 1.1000 1.5550
v -4.2500 1.1000 1.5550
v -4.2500 1.1700 1.5550
v -4.6500 1.1700 1.5550
v -4.6500 1.1000 1.6150
v -4.2500 1.1000 1.6150
v -4.2500 1.1700 1.6150
v -4.6500 1.1700 1.6150
v -4.6500 1.1000 0.6350
v -4.2500 1.1000 0.6350
v -4.2500 1.1700 0.6350
v -4.6500 1.1700 0.6350
v -4.6500 1.1000 0.6950
v -4.2500 1.1000 0.6950
v -4.2500 1.1700 0.6950
v -4.6500 1.1700 0.6950
v -3.6500 1.1000 -1.6150
v -3.2500 1.1000 -1.6150
v -3.2500 1.1700 -1.6150
v -3.6500 1.1700 -1.6150
v -3.6500 1.1000 -1.5550
v -3.2500 1.1000 -1.5550
v -3.2500 1.1700 -1.5550
v -3.6500 1.1700 -1.5550
v -3.6500 1.1000 -0.6950
v -3.2500 1.1000 -0.6950
v -3.2500 1.1700 -0.6950
v -3.6500 1.1700 -0.6950
v -3.6500 1.1000 -0.6350
v -3.2500 1.1000 -0.6350
v -3.2500 1.1700 -0.6350
v -3.6500 1.1700 -0.6350
v -3.6500 1.1000 1.5550
v -3.2500 1.1000 1.5550
v -3.2500 1.1700 1.5550
v -3.6500 1.1700 1.5550
v -3.6500 1.1000 1.6150
v -3.2500 1.1000 1.6150
v -3.2500 1.1700 1.6150
v -3.6500 1.1700 1.6150
v -3.6500 1.1000 0.6350
v -3.2500 1.1000 0.6350
v -3.2500 1.1700 0.6350
v -3.6500 1.1700 0.6350
v -3.6500 1.1000 0.6950
v -3.2500 1.1000 0.6950
v -3.2500 1.1700 0.6950
v -3.6500 1.1700 0.6950
v -2.6500 1.1000 -1.6150
v -2.2500 1.1000 -1.6150
v -2.2500 1.1700 -1.6150
v -2.6500 1.1700 -1.6150
v -2.6500 1.1000 -1.5550
v -2.2500 1.1000 -1.5550
v -2.2500 1.1700 -1.5550
v -2.6500 1.1700 -1.5550
v -2.6500 1.1000 -0.6950
v -2.2500 1.1000 -0.6950
v -2.2500 1.1700 -0.6950
v -2.6500 1.1700 -0.6950
v -2.6500 1.1000 -0.6350
v -2.2500 1.1000 -0.6350
v -2.2500 1.1700 -0.6350
v -2.6500 1.1700 -0.6350
v -2.6500 1.1000 1.5550
v -2.2500 1.1000 1.5550
v -2.2500 1.1700 1.5550
v -2.6500 1.1700 1.5550
v -2.6500 1.1000 1.6150
v -2.2500 1.1000 1.6150
v -2.2500 1.1700 1.6150
v -2.6500 1.1700 1.6150
v -2.6500 1.1000 0.6350
v -2.2500 1.1000 0.6350
v -2.2500 1.1700 0.6350
v -2.6500 1.1700 0.6350
v -2.6500 1.1000 0.6950
v -2.2500 1.1000 0.6950
v -2.2500 1.1700 0.6950
v -2.6500 1.1700 0.6950
v -1.6500 1.1000 -1.6150
v -1.2500 1.1000 -1.6150
v -1.2500 1.1700 -1.6150
v -1.6500 1.1700 -1.6150
v -1.6500 1.1000 -1.5550
v -1.2500 1.1000 -1.5550
v -1.2500 1.1700 -1.5550
v -1.6500 1.1700 -1.5550
v -1.6500 1.1000 -0.6950
v -1.2500 1.1000 -0.6950
v -1.2500 1.1700 -0.6950
v -1.6500 1.1700 -0.6950
v -1.6500 1.1000 -0.6350
v -1.2500 1.1000 -0.6350
v -1.2500 1.1700 -0.6350
v -1.6500 1.1700 -0.6350
v -1.6500 1.1000 1.5550
v -1.2500 1.1000 1.5550
v -1.2500 1.1700 1.5550
v -1.6500 1.1700 1.5550
v -1.6500 1.1000 1.6150
v -1.2500 1.1000 1.6150
v -1.2500 1.1700 1.6150
v -1.6500 1.1700 1.6150
v -1.6500 1.1000 0.6350
v -1.2500 1.1000 0.6350
v -1.2500 1.1700 0.6350
v -1.6500 1.1700 0.6350
v -1.6500 1.1000 0.6950
v -1.2500 1.1000 0.6950
v -1.2500 1.1700 0.6950
v -1.6500 1.1700 0.6950
v -0.6500 1.1000 -1.6150
v -0.2500 1.1000 -1.6150
v -0.2500 1.1700 -1.6150
v -0.6500 1.1700 -1.6150
v -0.6500 1.1000 -1.5550
v -0.2500 1.1000 -1.5550
v -0.2500 1.1700 -1.5550
v -0.6500 1.1700 -1.5550
v -0.6500 1.1000 -0.6950
v -0.2500 1.1000 -0.6950
v -0.2500 1.1700 -0.6950
v -0.6500 1.1700 -0.6950
v -0.6500 1.1000 -0.6350
v -0.2500 1.1000 -0.6350
v -0.2500 1.1700 -0.6350
v -0.6500 1.1700 -0.6350
v -0.6500 1.1000 1.5550
v -0.2500 1.1000 1.5550
v -0.2500 1.1700 1.5550
v -0.6500 1.1700 1.5550
v -0.6500 1.1000 1.6150
v -0.2500 1.1000 1.6150
v -0.2500 1.1700 1.6150
v -0.6500 1.1700 1.6150
v -0.6500 1.1000 0.6350
v -0.2500 1.1000 0.6350
v -0.2500 1.1700 0.6350
v -0.6500 1.1700 0.6350
v -0.6500 1.1000 0.6950
v -0.2500 1.1000 0.6950
v -0.2500 1.1700 0.6950
v -0.6500 1.1700 0.6950
v 0.3500 1.1000 -1.6150
v 0.7500 1.1000 -1.6150
v 0.7500 1.1700 -1.6150
v 0.3500 1.1700 -1.6150
v 0.3500 1.1000 -1.5550
v 0.7500 1.1000 -1.5550
v 0.7500 1.1700 -1.5550
v 0.3500 1.1700 -1.5550
v 0.3500 1.1000 -0.6950
v 0.7500 1.1000 -0.6950
v 0.7500 1.1700 -0.6950
v 0.3500 1.1700 -0.6950
v 0.3500 1.1000 -0.6350
v 0.7500 1.1000 -0.6350
v 0.7500 1.1700 -0.6350
v 0.3500 1.1700 -0.6350
v 0.3500 1.1000 1.5550
v 0.7500 1.1000 1.5550
v 0.7500 1.1700 1.5550
v 0.3500 1.1700 1.5550
v 0.3500 1.1000 1.6150
v 0.7500 1.1000 1.6150
v 0.7500 1.1700 1.6150
v 0.3500 1.1700 1.6150
v 0.3500 1.1000 0.6350
v 0.7500 1.1000 0.6350
v 0.7500 1.1700 0.6350
v 0.3500 1.1700 0.6350
v 0.3500 1.1000 0.6950
v 0.7500 1.1000 0.6950
v 0.7500 1.1700 0.6950
v 0.3500 1.1700 0.6950
v 1.3500 1.1000 -1.6150
v 1.7500 1.1000 -1.6150
v 1.7500 1.1700 -1.6150
v 1.3500 1.1700 -1.6150
v 1.3500 1.1000 -1.5550
v 1.7500 1.1000 -1.5550
v 1.7500 1.1700 -1.5550
v 1.3500 1.1700 -1.5550
v 1.3500 1.1000 -0.6950
v 1.7500 1.1000 -0.6950
v 1.7500 1.1700 -0.6950
v 1.3500 1.1700 -0.6950
v 1.3500 1.1000 -0.6350
v 1.7500 1.1000 -0.6350
v 1.7500 1.1700 -0.6350
v 1.3500 1.1700 -0.6350
v 1.3500 1.1000 1.5550
v 1.7500 1.1000 1.5550
v 1.7500 1.1700 1.5550
v 1.3500 1.1700 1.5550
v 1.3500 1.1000 1.6150
v 1.7500 1.1000 1.6150
v 1.7500 1.1700 1.6150
v 1.3500 1.1700 1.6150
v 1.3500 1.1000 0.6350
v 1.7500 1.1000 0.6350
v 1.7500 1.1700 0.6350
v 1.3500 1.1700 0.6350
v 1.3500 1.1000 0.6950
v 1.7500 1.1000 0.6950
v 1.7500 1.1700 0.6950
v 1.3500 1.1700 0.6950
v 2.3500 1.1000 -1.6150
v 2.7500 1.1000 -1.6150
v 2.7500 1.1700 -1.6150
v 2.3500 1.1700 -1.6150
v 2.3500 1.1000 -1.5550
v 2.7500 1.1000 -1.5550
v 2.7500 1.1700 -1.5550
v 2.3500 1.1700 -1.5550
v 2.3500 1.1000 -0.6950
v 2.7500 1.1000 -0.6950
v 2.7500 1.1700 -0.6950
v 2.3500 1.1700 -0.6950
v 2.3500 1.1000 -0.6350
v 2.7500 1.1000 -0.6350
v 2.7500 1.1700 -0.6350
v 2.3500 1.1700 -0.6350
v 2.3500 1.1000 1.5550
v 2.7500 1.1000 1.5550
v 2.7500 1.1700 1.5550
v 2.3500 1.1700 1.5550
v 2.3500 1.1000 1.6150
v 2.7500 1.1000 1.6150
v 2.7500 1.1700 1.6150
v 2.3500 1.1700 1.6150
v 2.3500 1.1000 0.6350
v 2.7500 1.1000 0.6350
v 2.7500 1.1700 0.6350
v 2.3500 1.1700 0.6350
v 2.3500 1.1000 0.6950
v 2.7500 1.1000 0.6950
v 2.7500 1.1700 0.6950
v 2.3500 1.1700 0.6950
v 3.3500 1.1000 -1.6150
v 3.7500 1.1000 -1.6150
v 3.7500 1.1700 -1.6150
v 3.3500 1.1700 -1.6150
v 3.3500 1.1000 -1.5550
v 3.7500 1.1000 -1.5550
v 3.7500 1.1700 -1.5550
v 3.3500 1.1700 -1.5550
v 3.3500 1.1000 -0.6950
v 3.7500 1.1000 -0.6950
v 3.7500 1.1700 -0.6950
v 3.3500 1.1700 -0.6950
v 3.3500 1.1000 -0.6350
v 3.7500 1.1000 -0.6350
v 3.7500 1.1700 -0.6350
v 3.3500 1.1700 -0.6350
v 3.3500 1.1000 1.5550
v 3.7500 1.1000 1.5550
v 3.7500 1.1700 1.5550
v 3.3500 1.1700 1.5550
v 3.3500 1.1000 1.6150
v 3.7500 1.1000 1.6150
v 3.7500 1.1700 1.6150
v 3.3500 1.1700 1.6150
v 3.3500 1.1000 0.6350
v 3.7500 1.1000 0.6350
v 3.7500 1.1700 0.6350
v 3.3500 1.1700 0.6350
v 3.3500 1.1000 0.6950
v 3.7500 1.1000 0.6950
v 3.7500 1.1700 0.6950
v 3.3500 1.1700 0.6950
v 4.3500 1.1000 -1.6150
v 4.7500 1.1000 -1.6150
v 4.7500 1.1700 -1.6150
v 4.3500 1.1700 -1.6150
v 4.3500 1.1000 -1.5550
v 4.7500 1.1000 -1.5550
v 4.7500 1.1700 -1.5550
v 4.3500 1.1700 -1.5550
v 4.3500 1.1000 -0.6950
v 4.7500 1.1000 -0.6950
v 4.7500 1.1700 -0.6950
v 4.3500 1.1700 -0.6950
v 4.3500 1.1000 -0.6350
v 4.7500 1.1000 -0.6350
v 4.7500 1.1700 -0.6350
v 4.3500 1.1700 -0.6350
v 4.3500 1.1000 1.5550
v 4.7500 1.1000 1.5550
v 4.7500 1.1700 1.5550
v 4.3500 1.1700 1.5550
v 4.3500 1.1000 1.6150
v 4.7500 1.1000 1.6150
v 4.7500 1.1700 1.6150
v 4.3500 1.1700 1.6150
v 4.3500 1.1000 0.6350
v 4.7500 1.1000 0.6350
v 4.7500 1.1700 0.6350
v 4.3500 1.1700 0.6350
v 4.3500 1.1000 0.6950
v 4.7500 1.1000 0.6950
v 4.7500 1.1700 0.6950
v 4.3500 1.1700 0.6950
v 5.3500 1.1000 -1.6150
v 5.7500 1.1000 -1.6150
v 5.7500 1.1700 -1.6150
v 5.3500 1.1700 -1.6150
v 5.3500 1.1000 -1.5550
v 5.7500 1.1000 -1.5550
v 5.7500 1.1700 -1.5550
v 5.3500 1.1700 -1.5550
v 5.3500 1.1000 -0.6950
v 5.7500 1.1000 -0.6950
v 5.7500 1.1700 -0.6950
v 5.3500 1.1700 -0.6950
v 5.3500 1.1000 -0.6350
v 5.7500 1.1000 -0.6350
v 5.7500 1.1700 -0.6350
v 5.3500 1.1700 -0.6350
v 5.3500 1.1000 1.5550
v 5.7500 1.1000 1.5550
v 5.7500 1.1700 1.5550
v 5.3500 1.1700 1.5550
v 5.3500 1.1000 1.6150
v 5.7500 1.1000 1.6150
v 5.7500 1.1700 1.6150
v 5.3500 1.1700 1.6150
v 5.3500 1.1000 0.6350
v 5.7500 1.1000 0.6350
v 5.7500 1.1700 0.6350
v 5.3500 1.1700 0.6350
v 5.3500 1.1000 0.6950
v 5.7500 1.1000 0.6950
v 5.7500 1.1700 0.6950
v 5.3500 1.1700 0.6950
v 6.3500 1.1000 -1.6150
v 6.7500 1.1000 -1.6150
v 6.7500 1.1700 -1.6150
v 6.3500 1.1700 -1.6150
v 6.3500 1.1000 -1.5550
v 6.7500 1.1000 -1.5550
v 6.7500 1.1700 -1.5550
v 6.3500 1.1700 -1.5550
v 6.3500 1.1000 -0.6950
v 6.7500 1.1000 -0.6950
v 6.7500 1.1700 -0.6950
v 6.3500 1.1700 -0.6950
v 6.3500 1.1000 -0.6350
v 6.7500 1.1000 -0.6350
v 6.7500 1.1700 -0.6350
v 6.3500 1.1700 -0.6350
v 6.3500 1.1000 1.5550
v 6.7500 1.1000 1.5550
v 6.7500 1.1700 1.5550
v 6.3500 1.1700 1.5550
v 6.3500 1.1000 1.6150
v 6.7500 1.1000 1.6150
v 6.7500 1.1700 1.6150
v 6.3500 1.1700 1.6150
v 6.3500 1.1000 0.6350
v 6.7500 1.1000 0.6350
v 6.7500 1.1700 0.6350
v 6.3500 1.1700 0.6350
v 6.3500 1.1000 0.6950
v 6.7500 1.1000 0.6950
v 6.7500 1.1700 0.6950
v 6.3500 1.1700 0.6950
v 7.3500 1.1000 -1.6150
v 7.7500 1.1000 -1.6150
v 7.7500 1.1700 -1.6150
v 7.3500 1.1700 -1.6150
v 7.3500 1.1000 -1.5550
v 7.7500 1.1000 -1.5550
v 7.7500 1.1700 -1.5550
v 7.3500 1.1700 -1.5550
v 7.3500 1.1000 -0.6950
v 7.7500 1.1000 -0.6950
v 7.7500 1.1700 -0.6950
v 7.3500 1.1700 -0.6950
v 7.3500 1.1000 -0.6350
v 7.7500 1.1000 -0.6350
v 7.7500 1.1700 -0.6350
v 7.3500 1.1700 -0.6350
v 7.3500 1.1000 1.5550
v 7.7500 1.1000 1.5550
v 7.7500 1.1700 1.5550
v 7.3500 1.1700 1.5550
v 7.3500 1.1000 1.6150
v 7.7500 1.1000 1.6150
v 7.7500 1.1700 1.6150
v 7.3500 1.1700 1.6150
v 7.3500 1.1000 0.6350
v 7.7500 1.1000 0.6350
v 7.7500 1.1700 0.6350
v 7.3500 1.1700 0.6350
v 7.3500 1.1000 0.6950
v 7.7500 1.1000 0.6950
v 7.7500 1.1700 0.6950
v 7.3500 1.1700 0.6950
v 8.3500 1.1000 -1.6150
v 8.7500 1.1000 -1.6150
v 8.7500 1.1700 -1.6150
v 8.3500 1.1700 -1.6150
v 8.3500 1.1000 -1.5550
v 8.7500 1.1000 -1.5550
v 8.7500 1.1700 -1.5550
v 8.3500 1.1700 -1.5550
v 8.3500 1.1000 -0.6950
v 8.7500 1.1000 -0.6950
v 8.7500 1.1700 -0.6950
v 8.3500 1.1700 -0.6950
v 8.3500 1.1000 -0.6350
v 8.7500 1.1000 -0.6350
v 8.7500 1.1700 -0.6350
v 8.3500 1.1700 -0.6350
v 8.3500 1.1000 1.5550
v 8.7500 1.1000 1.5550
v 8.7500 1.1700 1.5550
v 8.3500 1.1700 1.5550
v 8.3500 1.1000 1.6150
v 8.7500 1.1000 1.6150
v 8.7500 1.1700 1.6150
v 8.3500 1.1700 1.6150
v 8.3500 1.1000 0.6350
v 8.7500 1.1000 0.6350
v 8.7500 1.1700 0.6350
v 8.3500 1.1700 0.6350
v 8.3500 1.1000 0.6950
v 8.7500 1.1000 0.6950
v 8.7500 1.1700 0.6950
v 8.3500 1.1700 0.6950
v 9.3500 1.1000 -1.6150
v 9.7500 1.1000 -1.6150
v 9.7500 1.1700 -1.6150
v 9.3500 1.1700 -1.6150
v 9.3500 1.1000 -1.5550
v 9.7500 1.1000 -1.5550
v 9.7500 1.1700 -1.5550
v 9.3500 1.1700 -1.5550
v 9.3500 1.1000 -0.6950
v 9.7500 1.1000 -0.6950
v 9.7500 1.1700 -0.6950
v 9.3500 1.1700 -0.6950
v 9.3500 1.1000 -0.6350
v 9.7500 1.1000 -0.6350
v 9.7500 1.1700 -0.6350
v 9.3500 1.1700 -0.6350
v 9.3500 1.1000 1.5550
v 9.7500 1.1000 1.5550
v 9.7500 1.1700 1.5550
v 9.3500 1.1700 1.5550
v 9.3500 1.1000 1.6150
v 9.7500 1.1000 1.6150
v 9.7500 1.1700 1.6150
v 9.3500 1.1700 1.6150
v 9.3500 1.1000 0.6350
v 9.7500 1.1000 0.6350
v 9.7500 1.1700 0.6350
v 9.3500 1.1700 0.6350
v 9.3500 1.1000 0.6950
v 9.7500 1.1000 0.6950
v 9.7500 1.1700 0.6950
v 9.3500 1.1700 0.6950
v 10.3500 1.1000 -1.6150
v 10.7500 1.1000 -1.6150
v 10.7500 1.1700 -1.6150
v 10.3500 1.1700 -1.6150
v 10.3500 1.1000 -1.5550
v 10.7500 1.1000 -1.5550
v 10.7500 1.1700 -1.5550
v 10.3500 1.1700 -1.5550
v 10.3500 1.1000 -0.6950
v 10.7500 1.1000 -0.6950
v 10.7500 1.1700 -0.6950
v 10.3500 1.1700 -0.6950
v 10.3500 1.1000 -0.6350
v 10.7500 1.1000 -0.6350
v 10.7500 1.1700 -0.6350
v 10.3500 1.1700 -0.6350
v 10.3500 1.1000 1.5550
v 10.7500 1.1000 1.5550
v 10.7500 1.1700 1.5550
v 10.3500 1.1700 1.5550
v 10.3500 1.1000 1.6150
v 10.7500 1.1000 1.6150
v 10.7500 1.1700 1.6150
v 10.3500 1.1700 1.6150
v 10.3500 1.1000 0.6350
v 10.7500 1.1000 0.6350
v 10.7500 1.1700 0.6350
v 10.3500 1.1700 0.6350
v 10.3500 1.1000 0.6950
v 10.7500 1.1000 0.6950
v 10.7500 1.1700 0.6950
v 10.3500 1.1700 0.6950
v -8.6700 0.9300 -1.5650
v -8.2000 0.9300 -1.5650
v -8.2000 1.0500 -1.5650
v -8.6700 1.0500 -1.5650
v -8.6700 0.9300 -1.1450
v -8.2000 0.9300 -1.1450
v -8.2000 1.0500 -1.1450
v -8.6700 1.0500 -1.1450
v -8.6700 0.9300 -1.1050
v -8.2000 0.9300 -1.1050
v -8.2000 1.0500 -1.1050
v -8.6700 1.0500 -1.1050
v -8.6700 0.9300 -0.6850
v -8.2000 0.9300 -0.6850
v -8.2000 1.0500 -0.6850
v -8.6700 1.0500 -0.6850
v -8.6700 0.9300 1.1450
v -8.2000 0.9300 1.1450
v -8.2000 1.0500 1.1450
v -8.6700 1.0500 1.1450
v -8.6700 0.9300 1.5650
v -8.2000 0.9300 1.5650
v -8.2000 1.0500 1.5650
v -8.6700 1.0500 1.5650
v -8.6700 0.9300 0.6850
v -8.2000 0.9300 0.6850
v -8.2000 1.0500 0.6850
v -8.6700 1.0500 0.6850
v -8.6700 0.9300 1.1050
v -8.2000 0.9300 1.1050
v -8.2000 1.0500 1.1050
v -8.6700 1.0500 1.1050
v -7.6700 0.9300 -1.5650
v -7.2000 0.9300 -1.5650
v -7.2000 1.0500 -1.5650
v -7.6700 1.0500 -1.5650
v -7.6700 0.9300 -1.1450
v -7.2000 0.9300 -1.1450
v -7.2000 1.0500 -1.1450
v -7.6700 1.0500 -1.1450
v -7.6700 0.9300 -1.1050
v -7.2000 0.9300 -1.1050
v -7.2000 1.0500 -1.1050
v -7.6700 1.0500 -1.1050
v -7.6700 0.9300 -0.6850
v -7.2000 0.9300 -0.6850
v -7.2000 1.0500 -0.6850
v -7.6700 1.0500 -0.6850
v -7.6700 0.9300 1.1450
v -7.2000 0.9300 1.1450
v -7.2000 1.0500 1.1450
v -7.6700 1.0500 1.1450
v -7.6700 0.9300 1.5650
v -7.2000 0.9300 1.5650
v -7.2000 1.0500 1.5650
v -7.6700 1.0500 1.5650
v -7.6700 0.9300 0.6850
v -7.2000 0.9300 0.6850
v -7.2000 1.0500 0.6850
v -7.6700 1.0500 0.6850
v -7.6700 0.9300 1.1050
v -7.2000 0.9300 1.1050
v -7.2000 1.0500 1.1050
v -7.6700 1.0500 1.1050
v -6.6700 0.9300 -1.5650
v -6.2000 0.9300 -1.5650
v -6.2000 1.0500 -1.5650
v -6.6700 1.0500 -1.5650
v -6.6700 0.9300 -1.1450
v -6.2000 0.9300 -1.1450
v -6.2000 1.0500 -1.1450
v -6.6700 1.0500 -1.1450
v -6.6700 0.9300 -1.1050
v -6.2000 0.9300 -1.1050
v -6.2000 1.0500 -1.1050
v -6.6700 1.0500 -1.1050
v -6.6700 0.9300 -0.6850
v -6.2000 0.9300 -0.6850
v -6.2000 1.0500 -0.6850
v -6.6700 1.0500 -0.6850
v -6.6700 0.9300 1.1450
v -6.2000 0.9300 1.1450
v -6.2000 1.0500 1.1450
v -6.6700 1.0500 1.1450
v -6.6700 0.9300 1.5650
v -6.2000 0.9300 1.5650
v -6.2000 1.0500 1.5650
v -6.6700 1.0500 1.5650
v -6.6700 0.9300 0.6850
v -6.2000 0.9300 0.6850
v -6.2000 1.0500 0.6850
v -6.6700 1.0500 0.6850
v -6.6700 0.9300 1.1050
v -6.2000 0.9300 1.1050
v -6.2000 1.0500 1.1050
v -6.6700 1.0500 1.1050
v -5.6700 0.9300 -1.5650
v -5.2000 0.9300 -1.5650
v -5.2000 1.0500 -1.5650
v -5.6700 1.0500 -1.5650
v -5.6700 0.9300 -1.1450
v -5.2000 0.9300 -1.1450
v -5.2000 1.0500 -1.1450
v -5.6700 1.0500 -1.1450
v -5.6700 0.9300 -1.1050
v -5.2000 0.9300 -1.1050
v -5.2000 1.0500 -1.1050
v -5.6700 1.0500 -1.1050
v -5.6700 0.9300 -0.6850
v -5.2000 0.9300 -0.6850
v -5.2000 1.0500 -0.6850
v -5.6700 1.0500 -0.6850
v -5.6700 0.9300 1.1450
v -5.2000 0.9300 1.1450
v -5.2000 1.0500 1.1450
v -5.6700 1.0500 1.1450
v -5.6700 0.9300 1.5650
v -5.2000 0.9300 1.5650
v -5.2000 1.0500 1.5650
v -5.6700 1.0500 1.5650
v -5.6700 0.9300 0.6850
v -5.2000 0.9300 0.6850
v -5.2000 1.0500 0.6850
v -5.6700 1.0500 0.6850
v -5.6700 0.9300 1.1050
v -5.2000 0.9300 1.1050
v -5.2000 1.0500 1.1050
v -5.6700 1.0500 1.1050
v -4.6700 0.9300 -1.5650
v -4.2000 0.9300 -1.5650
v -4.2000 1.0500 -1.5650
v -4.6700 1.0500 -1.5650
v -4.6700 0.9300 -1.1450
v -4.2000 0.9300 -1.1450
v -4.2000 1.0500 -1.1450
v -4.6700 1.0500 -1.1450
v -4.6700 0.9300 -1.1050
v -4.2000 0.9300 -1.1050
v -4.2000 1.0500 -1.1050
v -4.6700 1.0500 -1.1050
v -4.6700 0.9300 -0.6850
v -4.2000 0.9300 -0.6850
v -4.2000 1.0500 -0.6850
v -4.6700 1.0500 -0.6850
v -4.6700 0.9300 1.1450
v -4.2000 0.9300 1.1450
v -4.2000 1.0500 1.1450
v -4.6700 1.0500 1.1450
v -4.6700 0.9300 1.5650
v -4.2000 0.9300 1.5650
v -4.2000 1.0500 1.5650
v -4.6700 1.0500 1.5650
v -4.6700 0.9300 0.6850
v -4.2000 0.9300 0.6850
v -4.2000 1.0500 0.6850
v -4.6700 1.0500 0.6850
v -4.6700 0.9300 1.1050
v -4.2000 0.9300 1.1050
v -4.2000 1.0500 1.1050
v -4.6700 1.0500 1.1050
v -3.6700 0.9300 -1.5650
v -3.2000 0.9300 -1.5650
v -3.2000 1.0500 -1.5650
v -3.6700 1.0500 -1.5650
v -3.6700 0.9300 -1.1450
v -3.2000 0.9300 -1.1450
v -3.2000 1.0500 -1.1450
v -3.6700 1.0500 -1.1450
v -3.6700 0.9300 -1.1050
v -3.2000 0.9300 -1.1050
v -3.2000 1.0500 -1.1050
v -3.6700 1.0500 -1.1050
v -3.6700 0.9300 -0.6850
v -3.2000 0.9300 -0.6850
v -3.2000 1.0500 -0.6850
v -3.6700 1.0500 -0.6850
v -3.6700 0.9300 1.1450
v -3.2000 0.9300 1.1450
v -3.2000 1.0500 1.1450
v -3.6700 1.0500 1.1450
v -3.6700 0.9300 1.5650
v -3.2000 0.9300 1.5650
v -3.2000 1.0500 1.5650
v -3.6700 1.0500 1.5650
v -3.6700 0.9300 0.6850
v -3.2000 0.9300 0.6850
v -3.2000 1.0500 0.6850
v -3.6700 1.0500 0.6850
v -3.6700 0.9300 1.1050
v -3.2000 0.9300 1.1050
v -3.2000 1.0500 1.1050
v -3.6700 1.0500 1.1050
v -2.6700 0.9300 -1.5650
v -2.2000 0.9300 -1.5650
v -2.2000 1.0500 -1.5650
v -2.6700 1.0500 -1.5650
v -2.6700 0.9300 -1.1450
v -2.2000 0.9300 -1.1450
v -2.2000 1.0500 -1.1450
v -2.6700 1.0500 -1.1450
v -2.6700 0.9300 -1.1050
v -2.2000 0.9300 -1.1050
v -2.2000 1.0500 -1.1050
v -2.6700 1.0500 -1.1050
v -2.6700 0.9300 -0.6850
v -2.2000 0.9300 -0.6850
v -2.2000 1.0500 -0.6850
v -2.6700 1.0500 -0.6850
v -2.6700 0.9300 1.1450
v -2.2000 0.9300 1.1450
v -2.2000 1.0500 1.1450
v -2.6700 1.0500 1.1450
v -2.6700 0.9300 1.5650
v -2.2000 0.9300 1.5650
v -2.2000 1.0500 1.5650
v -2.6700 1.0500 1.5650
v -2.6700 0.9300 0.6850
v -2.2000 0.9300 0.6850
v -2.2000 1.0500 0.6850
v -2.6700 1.0500 0.6850
v -2.6700 0.9300 1.1050
v -2.2000 0.9300 1.1050
v -2.2000 1.0500 1.1050
v -2.6700 1.0500 1.1050
v -1.6700 0.9300 -1.5650
v -1.2000 0.9300 -1.5650
v -1.2000 1.0500 -1.5650
v -1.6700 1.0500 -1.5650
v -1.6700 0.9300 -1.1450
v -1.2000 0.9300 -1.1450
v -1.2000 1.0500 -1.1450
v -1.6700 1.0500 -1.1450
v -1.6700 0.9300 -1.1050
v -1.2000 0.9300 -1.1050
v -1.2000 1.0500 -1.1050
v -1.6700 1.0500 -1.1050
v -1.6700 0.9300 -0.6850
v -1.2000 0.9300 -0.6850
v -1.2000 1.0500 -0.6850
v -1.6700 1.0500 -0.6850
v -1.6700 0.9300 1.1450
v -1.2000 0.9300 1.1450
v -1.2000 1.0500 1.1450
v -1.6700 1.0500 1.1450
v -1.6700 0.9300 1.5650
v -1.2000 0.9300 1.5650
v -1.2000 1.0500 1.5650
v -1.6700 1.0500 1.5650
v -1.6700 0.9300 0.6850
v -1.2000 0.9300 0.6850
v -1.2000 1.0500 0.6850
v -1.6700 1.0500 0.6850
v -1.6700 0.9300 1.1050
v -1.2000 0.9300 1.1050
v -1.2000 1.0500 1.1050
v -1.6700 1.0500 1.1050
v -0.6700 0.9300 -1.5650
v -0.2000 0.9300 -1.5650
v -0.2000 1.0500 -1.5650
v -0.6700 1.0500 -1.5650
v -0.6700 0.9300 -1.1450
v -0.2000 0.9300 -1.1450
v -0.2000 1.0500 -1.1450
v -0.6700 1.0500 -1.1450
v -0.6700 0.9300 -1.1050
v -0.2000 0.9300 -1.1050
v -0.2000 1.0500 -1.1050
v -0.6700 1.0500 -1.1050
v -0.6700 0.9300 -0.6850
v -0.2000 0.9300 -0.6850
v -0.2000 1.0500 -0.6850
v -0.6700 1.0500 -0.6850
v -0.6700 0.9300 1.1450
v -0.2000 0.9300 1.1450
v -0.2000 1.0500 1.1450
v -0.6700 1.0500 1.1450
v -0.6700 0.9300 1.5650
v -0.2000 0.9300 1.5650
v -0.2000 1.0500 1.5650
v -0.6700 1.0500 1.5650
v -0.6700 0.9300 0.6850
v -0.2000 0.9300 0.6850
v -0.2000 1.0500 0.6850
v -0.6700 1.0500 0.6850
v -0.6700 0.9300 1.1050
v -0.2000 0.9300 1.1050
v -0.2000 1.0500 1.1050
v -0.6700 1.0500 1.1050
v 0.3300 0.9300 -1.5650
v 0.8000 0.9300 -1.5650
v 0.8000 1.0500 -1.5650
v 0.3300 1.0500 -1.5650
v 0.3300 0.9300 -1.1450
v 0.8000 0.9300 -1.1450
v 0.8000 1.0500 -1.1450
v 0.3300 1.0500 -1.1450
v 0.3300 0.9300 -1.1050
v 0.8000 0.9300 -1.1050
v 0.8000 1.0500 -1.1050
v 0.3300 1.0500 -1.1050
v 0.3300 0.9300 -0.6850
v 0.8000 0.9300 -0.6850
v 0.8000 1.0500 -0.6850
v 0.3300 1.0500 -0.6850
v 0.3300 0.9300 1.1450
v 0.8000 0.9300 1.1450
v 0.8000 1.0500 1.1450
v 0.3300 1.0500 1.1450
v 0.3300 0.9300 1.5650
v 0.8000 0.9300 1.5650
v 0.8000 1.0500 1.5650
v 0.3300 1.0500 1.5650
v 0.3300 0.9300 0.6850
v 0.8000 0.9300 0.6850
v 0.8000 1.0500 0.6850
v 0.3300 1.0500 0.6850
v 0.3300 0.9300 1.1050
v 0.8000 0.9300 1.1050
v 0.8000 1.0500 1.1050
v 0.3300 1.0500 1.1050
v 1.3300 0.9300 -1.5650
v 1.8000 0.9300 -1.5650
v 1.8000 1.0500 -1.5650
v 1.3300 1.0500 -1.5650
v 1.3300 0.9300 -1.1450
v 1.8000 0.9300 -1.1450
v 1.8000 1.0500 -1.1450
v 1.3300 1.0500 -1.1450
v 1.3300 0.9300 -1.1050
v 1.8000 0.9300 -1.1050
v 1.8000 1.0500 -1.1050
v 1.3300 1.0500 -1.1050
v 1.3300 0.9300 -0.6850
v 1.8000 0.9300 -0.6850
v 1.8000 1.0500 -0.6850
v 1.3300 1.0500 -0.6850
v 1.3300 0.9300 1.1450
v 1.8000 0.9300 1.1450
v 1.8000 1.0500 1.1450
v 1.3300 1.0500 1.1450
v 1.3300 0.9300 1.5650
v 1.8000 0.9300 1.5650
v 1.8000 1.0500 1.5650
v 1.3300 1.0500 1.5650
v 1.3300 0.9300 0.6850
v 1.8000 0.9300 0.6850
v 1.8000 1.0500 0.6850
v 1.3300 1.0500 0.6850
v 1.3300 0.9300 1.1050
v 1.8000 0.9300 1.1050
v 1.8000 1.0500 1.1050
v 1.3300 1.0500 1.1050
v 2.3300 0.9300 -1.5650
v 2.8000 0.9300 -1.5650
v 2.8000 1.0500 -1.5650
v 2.3300 1.0500 -1.5650
v 2.3300 0.9300 -1.1450
v 2.8000 0.9300 -1.1450
v 2.8000 1.0500 -1.1450
v 2.3300 1.0500 -1.1450
v 2.3300 0.9300 -1.1050
v 2.8000 0.9300 -1.1050
v 2.8000 1.0500 -1.1050
v 2.3300 1.0500 -1.1050
v 2.3300 0.9300 -0.6850
v 2.8000 0.9300 -0.6850
v 2.8000 1.0500 -0.6850
v 2.3300 1.0500 -0.6850
v 2.3300 0.9300 1.1450
v 2.8000 0.9300 1.1450
v 2.8000 1.0500 1.1450
v 2.3300 1.0500 1.1450
v 2.3300 0.9300 1.5650
v 2.8000 0.9300 1.5650
v 2.8000 1.0500 1.5650
v 2.3300 1.0500 1.5650
v 2.3300 0.9300 0.6850
v 2.8000 0.9300 0.6850
v 2.8000 1.0500 0.6850
v 2.3300 1.0500 0.6850
v 2.3300 0.9300 1.1050
v 2.8000 0.9300 1.1050
v 2.8000 1.0500 1.1050
v 2.3300 1.0500 1.1050
v 3.3300 0.9300 -1.5650
v 3.8000 0.9300 -1.5650
v 3.8000 1.0500 -1.5650
v 3.3300 1.0500 -1.5650
v 3.3300 0.9300 -1.1450
v 3.8000 0.9300 -1.1450
v 3.8000 1.0500 -1.1450
v 3.3300 1.0500 -1.1450
v 3.3300 0.9300 -1.1050
v 3.8000 0.9300 -1.1050
v 3.8000 1.0500 -1.1050
v 3.3300 1.0500 -1.1050
v 3.3300 0.9300 -0.6850
v 3.8000 0.9300 -0.6850
v 3.8000 1.0500 -0.6850
v 3.3300 1.0500 -0.6850
v 3.3300 0.9300 1.1450
v 3.8000 0.9300 1.1450
v 3.8000 1.0500 1.1450
v 3.3300 1.0500 1.1450
v 3.3300 0.9300 1.5650
v 3.8000 0.9300 1.5650
v 3.8000 1.0500 1.5650
v 3.3300 1.0500 1.5650
v 3.3300 0.9300 0.6850
v 3.8000 0.9300 0.6850
v 3.8000 1.0500 0.6850
v 3.3300 1.0500 0.6850
v 3.3300 0.9300 1.1050
v 3.8000 0.9300 1.1050
v 3.8000 1.0500 1.1050
v 3.3300 1.0500 1.1050
v 4.3300 0.9300 -1.5650
v 4.8000 0.9300 -1.5650
v 4.8000 1.0500 -1.5650
v 4.3300 1.0500 -1.5650
v 4.3300 0.9300 -1.1450
v 4.8000 0.9300 -1.1450
v 4.8000 1.0500 -1.1450
v 4.3300 1.0500 -1.1450
v 4.3300 0.9300 -1.1050
v 4.8000 0.9300 -1.1050
v 4.8000 1.0500 -1.1050
v 4.3300 1.0500 -1.1050
v 4.3300 0.9300 -0.6850
v 4.8000 0.9300 -0.6850
v 4.8000 1.0500 -0.6850
v 4.3300 1.0500 -0.6850
v 4.3300 0.9300 1.1450
v 4.8000 0.9300 1.1450
v 4.8000 1.0500 1.1450
v 4.3300 1.0500 1.1450
v 4.3300 0.9300 1.5650
v 4.8000 0.9300 1.5650
v 4.8000 1.0500 1.5650
v 4.3300 1.0500 1.5650
v 4.3300 0.9300 0.6850
v 4.8000 0.9300 0.6850
v 4.8000 1.0500 0.6850
v 4.3300 1.0500 0.6850
v 4.3300 0.9300 1.1050
v 4.8000 0.9300 1.1050
v 4.8000 1.0500 1.1050
v 4.3300 1.0500 1.1050
v 5.3300 0.9300 -1.5650
v 5.8000 0.9300 -1.5650
v 5.8000 1.0500 -1.5650
v 5.3300 1.0500 -1.5650
v 5.3300 0.9300 -1.1450
v 5.8000 0.9300 -1.1450
v 5.8000 1.0500 -1.1450
v 5.3300 1.0500 -1.1450
v 5.3300 0.9300 -1.1050
v 5.8000 0.9300 -1.1050
v 5.8000 1.0500 -1.1050
v 5.3300 1.0500 -1.1050
v 5.3300 0.9300 -0.6850
v 5.8000 0.9300 -0.6850
v 5.8000 1.0500 -0.6850
v 5.3300 1.0500 -0.6850
v 5.3300 0.9300 1.1450
v 5.8000 0.9300 1.1450
v 5.8000 1.0500 1.1450
v 5.3300 1.0500 1.1450
v 5.3300 0.9300 1.5650
v 5.8000 0.9300 1.5650
v 5.8000 1.0500 1.5650
v 5.3300 1.0500 1.5650
v 5.3300 0.9300 0.6850
v 5.8000 0.9300 0.6850
v 5.8000 1.0500 0.6850
v 5.3300 1.0500 0.6850
v 5.3300 0.9300 1.1050
v 5.8000 0.9300 1.1050
v 5.8000 1.0500 1.1050
v 5.3300 1.0500 1.1050
v 6.3300 0.9300 -1.5650
v 6.8000 0.9300 -1.5650
v 6.8000 1.0500 -1.5650
v 6.3300 1.0500 -1.5650
v 6.3300 0.9300 -1.1450
v 6.8000 0.9300 -1.1450
v 6.8000 1.0500 -1.1450
v 6.3300 1.0500 -1.1450
v 6.3300 0.9300 -1.1050
v 6.8000 0.9300 -1.1050
v 6.8000 1.0500 -1.1050
v 6.3300 1.0500 -1.1050
v 6.3300 0.9300 -0.6850
v 6.8000 0.9300 -0.6850
v 6.8000 1.0500 -0.6850
v 6.3300 1.0500 -0.6850
v 6.3300 0.9300 1.1450
v 6.8000 0.9300 1.1450
v 6.8000 1.0500 1.1450
v 6.3300 1.0500 1.1450
v 6.3300 0.9300 1.5650
v 6.8000 0.9300 1.5650
v 6.8000 1.0500 1.5650
v 6.3300 1.0500 1.5650
v 6.3300 0.9300 0.6850
v 6.8000 0.9300 0.6850
v 6.8000 1.0500 0.6850
v 6.3300 1.0500 0.6850
v 6.3300 0.9300 1.1050
v 6.8000 0.9300 1.1050
v 6.8000 1.0500 1.1050
v 6.3300 1.0500 1.1050
v 7.3300 0.9300 -1.5650
v 7.8000 0.9300 -1.5650
v 7.8000 1.0500 -1.5650
v 7.3300 1.0500 -1.5650
v 7.3300 0.9300 -1.1450
v 7.8000 0.9300 -1.1450
v 7.8000 1.0500 -1.1450
v 7.3300 1.0500 -1.1450
v 7.3300 0.9300 -1.1050
v 7.8000 0.9300 -1.1050
v 7.8000 1.0500 -1.1050
v 7.3300 1.0500 -1.1050
v 7.3300 0.9300 -0.6850
v 7.8000 0.9300 -0.6850
v 7.8000 1.0500 -0.6850
v 7.3300 1.0500 -0.6850
v 7.3300 0.9300 1.1450
v 7.8000 0.9300 1.1450
v 7.8000 1.0500 1.1450
v 7.3300 1.0500 1.1450
v 7.3300 0.9300 1.5650
v 7.8000 0.9300 1.5650
v 7.8000 1.0500 1.5650
v 7.3300 1.0500 1.5650
v 7.3300 0.9300 0.6850
v 7.8000 0.9300 0.6850
v 7.8000 1.0500 0.6850
v 7.3300 1.0500 0.6850
v 7.3300 0.9300 1.1050
v 7.8000 0.9300 1.1050
v 7.8000 1.0500 1.1050
v 7.3300 1.0500 1.1050
v 8.3300 0.9300 -1.5650
v 8.8000 0.9300 -1.5650
v 8.8000 1.0500 -1.5650
v 8.3300 1.0500 -1.5650
v 8.3300 0.9300 -1.1450
v 8.8000 0.9300 -1.1450
v 8.8000 1.0500 -1.1450
v 8.3300 1.0500 -1.1450
v 8.3300 0.9300 -1.1050
v 8.8000 0.9300 -1.1050
v 8.8000 1.0500 -1.1050
v 8.3300 1.0500 -1.1050
v 8.3300 0.9300 -0.6850
v 8.8000 0.9300 -0.6850
v 8.8000 1.0500 -0.6850
v 8.3300 1.0500 -0.6850
v 8.3300 0.9300 1.1450
v 8.8000 0.9300 1.1450
v 8.8000 1.0500 1.1450
v 8.3300 1.0500 1.1450
v 8.3300 0.9300 1.5650
v 8.8000 0.9300 1.5650
v 8.8000 1.0500 1.5650
v 8.3300 1.0500 1.5650
v 8.3300 0.9300 0.6850
v 8.8000 0.9300 0.6850
v 8.8000 1.0500 0.6850
v 8.3300 1.0500 0.6850
v 8.3300 0.9300 1.1050
v 8.8000 0.9300 1.1050
v 8.8000 1.0500 1.1050
v 8.3300 1.0500 1.1050
v 9.3300 0.9300 -1.5650
v 9.8000 0.9300 -1.5650
v 9.8000 1.0500 -1.5650
v 9.3300 1.0500 -1.5650
v 9.3300 0.9300 -1.1450
v 9.8000 0.9300 -1.1450
v 9.8000 1.0500 -1.1450
v 9.3300 1.0500 -1.1450
v 9.3300 0.9300 -1.1050
v 9.8000 0.9300 -1.1050
v 9.8000 1.0500 -1.1050
v 9.3300 1.0500 -1.1050
v 9.3300 0.9300 -0.6850
v 9.8000 0.9300 -0.6850
v 9.8000 1.0500 -0.6850
v 9.3300 1.0500 -0.6850
v 9.3300 0.9300 1.1450
v 9.8000 0.9300 1.1450
v 9.8000 1.0500 1.1450
v 9.3300 1.0500 1.1450
v 9.3300 0.9300 1.5650
v 9.8000 0.9300 1.5650
v 9.8000 1.0500 1.5650
v 9.3300 1.0500 1.5650
v 9.3300 0.9300 0.6850
v 9.8000 0.9300 0.6850
v 9.8000 1.0500 0.6850
v 9.3300 1.0500 0.6850
v 9.3300 0.9300 1.1050
v 9.8000 0.9300 1.1050
v 9.8000 1.0500 1.1050
v 9.3300 1.0500 1.1050
v 10.3300 0.9300 -1.5650
v 10.8000 0.9300 -1.5650
v 10.8000 1.0500 -1.5650
v 10.3300 1.0500 -1.5650
v 10.3300 0.9300 -1.1450
v 10.8000 0.9300 -1.1450
v 10.8000 1.0500 -1.1450
v 10.3300 1.0500 -1.1450
v 10.3300 0.9300 -1.1050
v 10.8000 0.9300 -1.1050
v 10.8000 1.0500 -1.1050
v 10.3300 1.0500 -1.1050
v 10.3300 0.9300 -0.6850
v 10.8000 0.9300 -0.6850
v 10.8000 1.0500 -0.6850
v 10.3300 1.0500 -0.6850
v 10.3300 0.9300 1.1450
v 10.8000 0.9300 1.1450
v 10.8000 1.0500 1.1450
v 10.3300 1.0500 1.1450
v 10.3300 0.9300 1.5650
v 10.8000 0.9300 1.5650
v 10.8000 1.0500 1.5650
v 10.3300 1.0500 1.5650
v 10.3300 0.9300 0.6850
v 10.8000 0.9300 0.6850
v 10.8000 1.0500 0.6850
v 10.3300 1.0500 0.6850
v 10.3300 0.9300 1.1050
v 10.8000 0.9300 1.1050
v 10.8000 1.0500 1.1050
v 10.3300 1.0500 1.1050
v -12.0500 2.6800 1.1800
v 12.0500 2.6800 1.1800
v 12.0500 2.7100 1.1800
v -12.0500 2.7100 1.1800
v -12.0500 2.6800 1.6300
v 12.0500 2.6800 1.6300
v 12.0500 2.7100 1.6300
v -12.0500 2.7100 1.6300
v -12.0500 2.7100 1.1800
v 12.0500 2.7100 1.1800
v 12.0500 2.8000 1.1800
v -12.0500 2.8000 1.1800
v -12.0500 2.7100 1.2100
v 12.0500 2.7100 1.2100
v 12.0500 2.8000 1.2100
v -12.0500 2.8000 1.2100
v -12.0500 2.8000 1.5700
v 12.0500 2.8000 1.5700
v 12.0500 2.8400 1.5700
v -12.0500 2.8400 1.5700
v -12.0500 2.8000 1.6300
v 12.0500 2.8000 1.6300
v 12.0500 2.8400 1.6300
v -12.0500 2.8400 1.6300
v -12.0500 2.6800 -1.6300
v 12.0500 2.6800 -1.6300
v 12.0500 2.7100 -1.6300
v -12.0500 2.7100 -1.6300
v -12.0500 2.6800 -1.1800
v 12.0500 2.6800 -1.1800
v 12.0500 2.7100 -1.1800
v -12.0500 2.7100 -1.1800
v -12.0500 2.7100 -1.2100
v 12.0500 2.7100 -1.2100
v 12.0500 2.8000 -1.2100
v -12.0500 2.8000 -1.2100
v -12.0500 2.7100 -1.1800
v 12.0500 2.7100 -1.1800
v 12.0500 2.8000 -1.1800
v -12.0500 2.8000 -1.1800
v -12.0500 2.8000 -1.6300
v 12.0500 2.8000 -1.6300
v 12.0500 2.8400 -1.6300
v -12.0500 2.8400 -1.6300
v -12.0500 2.8000 -1.5700
v 12.0500 2.8000 -1.5700
v 12.0500 2.8400 -1.5700
v -12.0500 2.8400 -1.5700
v -11.7500 3.7200 -0.1800
v -11.0500 3.7200 -0.1800
v -11.0500 3.7400 -0.1800
v -11.7500 3.7400 -0.1800
v -11.7500 3.7200 0.1800
v -11.0500 3.7200 0.1800
v -11.0500 3.7400 0.1800
v -11.7500 3.7400 0.1800
v -11.7000 3.7150 -0.1500
v -11.6400 3.7150 -0.1500
v -11.6400 3.7200 -0.1500
v -11.7000 3.7200 -0.1500
v -11.7000 3.7150 0.1500
v -11.6400 3.7150 0.1500
v -11.6400 3.7200 0.1500
v -11.7000 3.7200 0.1500
v -11.5200 3.7150 -0.1500
v -11.4600 3.7150 -0.1500
v -11.4600 3.7200 -0.1500
v -11.5200 3.7200 -0.1500
v -11.5200 3.7150 0.1500
v -11.4600 3.7150 0.1500
v -11.4600 3.7200 0.1500
v -11.5200 3.7200 0.1500
v -11.3400 3.7150 -0.1500
v -11.2800 3.7150 -0.1500
v -11.2800 3.7200 -0.1500
v -11.3400 3.7200 -0.1500
v -11.3400 3.7150 0.1500
v -11.2800 3.7150 0.1500
v -11.2800 3.7200 0.1500
v -11.3400 3.7200 0.1500
v -11.1600 3.7150 -0.1500
v -11.1000 3.7150 -0.1500
v -11.1000 3.7200 -0.1500
v -11.1600 3.7200 -0.1500
v -11.1600 3.7150 0.1500
v -11.1000 3.7150 0.1500
v -11.1000 3.7200 0.1500
v -11.1600 3.7200 0.1500
v -12.3000 3.7300 0.7500
v -12.1500 3.7300 0.7500
v -12.1500 3.7400 0.7500
v -12.3000 3.7400 0.7500
v -12.3000 3.7300 0.9000
v -12.1500 3.7300 0.9000
v -12.1500 3.7400 0.9000
v -12.3000 3.7400 0.9000
v -9.7500 3.7200 -0.1800
v -9.0500 3.7200 -0.1800
v -9.0500 3.7400 -0.1800
v -9.7500 3.7400 -0.1800
v -9.7500 3.7200 0.1800
v -9.0500 3.7200 0.1800
v -9.0500 3.7400 0.1800
v -9.7500 3.7400 0.1800
v -9.7000 3.7150 -0.1500
v -9.6400 3.7150 -0.1500
v -9.6400 3.7200 -0.1500
v -9.7000 3.7200 -0.1500
v -9.7000 3.7150 0.1500
v -9.6400 3.7150 0.1500
v -9.6400 3.7200 0.1500
v -9.7000 3.7200 0.1500
v -9.5200 3.7150 -0.1500
v -9.4600 3.7150 -0.1500
v -9.4600 3.7200 -0.1500
v -9.5200 3.7200 -0.1500
v -9.5200 3.7150 0.1500
v -9.4600 3.7150 0.1500
v -9.4600 3.7200 0.1500
v -9.5200 3.7200 0.1500
v -9.3400 3.7150 -0.1500
v -9.2800 3.7150 -0.1500
v -9.2800 3.7200 -0.1500
v -9.3400 3.7200 -0.1500
v -9.3400 3.7150 0.1500
v -9.2800 3.7150 0.1500
v -9.2800 3.7200 0.1500
v -9.3400 3.7200 0.1500
v -9.1600 3.7150 -0.1500
v -9.1000 3.7150 -0.1500
v -9.1000 3.7200 -0.1500
v -9.1600 3.7200 -0.1500
v -9.1600 3.7150 0.1500
v -9.1000 3.7150 0.1500
v -9.1000 3.7200 0.1500
v -9.1600 3.7200 0.1500
v -8.8000 3.7000 -0.0700
v -8.6500 3.7000 -0.0700
v -8.6500 3.7400 -0.0700
v -8.8000 3.7400 -0.0700
v -8.8000 3.7000 0.0700
v -8.6500 3.7000 0.0700
v -8.6500 3.7400 0.0700
v -8.8000 3.7400 0.0700
v -7.7500 3.7200 -0.1800
v -7.0500 3.7200 -0.1800
v -7.0500 3.7400 -0.1800
v -7.7500 3.7400 -0.1800
v -7.7500 3.7200 0.1800
v -7.0500 3.7200 0.1800
v -7.0500 3.7400 0.1800
v -7.7500 3.7400 0.1800
v -7.7000 3.7150 -0.1500
v -7.6400 3.7150 -0.1500
v -7.6400 3.7200 -0.1500
v -7.7000 3.7200 -0.1500
v -7.7000 3.7150 0.1500
v -7.6400 3.7150 0.1500
v -7.6400 3.7200 0.1500
v -7.7000 3.7200 0.1500
v -7.5200 3.7150 -0.1500
v -7.4600 3.7150 -0.1500
v -7.4600 3.7200 -0.1500
v -7.5200 3.7200 -0.1500
v -7.5200 3.7150 0.1500
v -7.4600 3.7150 0.1500
v -7.4600 3.7200 0.1500
v -7.5200 3.7200 0.1500
v -7.3400 3.7150 -0.1500
v -7.2800 3.7150 -0.1500
v -7.2800 3.7200 -0.1500
v -7.3400 3.7200 -0.1500
v -7.3400 3.7150 0.1500
v -7.2800 3.7150 0.1500
v -7.2800 3.7200 0.1500
v -7.3400 3.7200 0.1500
v -7.1600 3.7150 -0.1500
v -7.1000 3.7150 -0.1500
v -7.1000 3.7200 -0.1500
v -7.1600 3.7200 -0.1500
v -7.1600 3.7150 0.1500
v -7.1000 3.7150 0.1500
v -7.1000 3.7200 0.1500
v -7.1600 3.7200 0.1500
v -8.3000 3.7300 0.7500
v -8.1500 3.7300 0.7500
v -8.1500 3.7400 0.7500
v -8.3000 3.7400 0.7500
v -8.3000 3.7300 0.9000
v -8.1500 3.7300 0.9000
v -8.1500 3.7400 0.9000
v -8.3000 3.7400 0.9000
v -5.7500 3.7200 -0.1800
v -5.0500 3.7200 -0.1800
v -5.0500 3.7400 -0.1800
v -5.7500 3.7400 -0.1800
v -5.7500 3.7200 0.1800
v -5.0500 3.7200 0.1800
v -5.0500 3.7400 0.1800
v -5.7500 3.7400 0.1800
v -5.7000 3.7150 -0.1500
v -5.6400 3.7150 -0.1500
v -5.6400 3.7200 -0.1500
v -5.7000 3.7200 -0.1500
v -5.7000 3.7150 0.1500
v -5.6400 3.7150 0.1500
v -5.6400 3.7200 0.1500
v -5.7000 3.7200 0.1500
v -5.5200 3.7150 -0.1500
v -5.4600 3.7150 -0.1500
v -5.4600 3.7200 -0.1500
v -5.5200 3.7200 -0.1500
v -5.5200 3.7150 0.1500
v -5.4600 3.7150 0.1500
v -5.4600 3.7200 0.1500
v -5.5200 3.7200 0.1500
v -5.3400 3.7150 -0.1500
v -5.2800 3.7150 -0.1500
v -5.2800 3.7200 -0.1500
v -5.3400 3.7200 -0.1500
v -5.3400 3.7150 0.1500
v -5.2800 3.7150 0.1500
v -5.2800 3.7200 0.1500
v -5.3400 3.7200 0.1500
v -5.1600 3.7150 -0.1500
v -5.1000 3.7150 -0.1500
v -5.1000 3.7200 -0.1500
v -5.1600 3.7200 -0.1500
v -5.1600 3.7150 0.1500
v -5.1000 3.7150 0.1500
v -5.1000 3.7200 0.1500
v -5.1600 3.7200 0.1500
v -3.7500 3.7200 -0.1800
v -3.0500 3.7200 -0.1800
v -3.0500 3.7400 -0.1800
v -3.7500 3.7400 -0.1800
v -3.7500 3.7200 0.1800
v -3.0500 3.7200 0.1800
v -3.0500 3.7400 0.1800
v -3.7500 3.7400 0.1800
v -3.7000 3.7150 -0.1500
v -3.6400 3.7150 -0.1500
v -3.6400 3.7200 -0.1500
v -3.7000 3.7200 -0.1500
v -3.7000 3.7150 0.1500
v -3.6400 3.7150 0.1500
v -3.6400 3.7200 0.1500
v -3.7000 3.7200 0.1500
v -3.5200 3.7150 -0.1500
v -3.4600 3.7150 -0.1500
v -3.4600 3.7200 -0.1500
v -3.5200 3.7200 -0.1500
v -3.5200 3.7150 0.1500
v -3.4600 3.7150 0.1500
v -3.4600 3.7200 0.1500
v -3.5200 3.7200 0.1500
v -3.3400 3.7150 -0.1500
v -3.2800 3.7150 -0.1500
v -3.2800 3.7200 -0.1500
v -3.3400 3.7200 -0.1500
v -3.3400 3.7150 0.1500
v -3.2800 3.7150 0.1500
v -3.2800 3.7200 0.1500
v -3.3400 3.7200 0.1500
v -3.1600 3.7150 -0.1500
v -3.1000 3.7150 -0.1500
v -3.1000 3.7200 -0.1500
v -3.1600 3.7200 -0.1500
v -3.1600 3.7150 0.1500
v -3.1000 3.7150 0.1500
v -3.1000 3.7200 0.1500
v -3.1600 3.7200 0.1500
v -2.8000 3.7000 -0.0700
v -2.6500 3.7000 -0.0700
v -2.6500 3.7400 -0.0700
v -2.8000 3.7400 -0.0700
v -2.8000 3.7000 0.0700
v -2.6500 3.7000 0.0700
v -2.6500 3.7400 0.0700
v -2.8000 3.7400 0.0700
v -4.3000 3.7300 0.7500
v -4.1500 3.7300 0.7500
v -4.1500 3.7400 0.7500
v -4.3000 3.7400 0.7500
v -4.3000 3.7300 0.9000
v -4.1500 3.7300 0.9000
v -4.1500 3.7400 0.9000
v -4.3000 3.7400 0.9000
v -1.7500 3.7200 -0.1800
v -1.0500 3.7200 -0.1800
v -1.0500 3.7400 -0.1800
v -1.7500 3.7400 -0.1800
v -1.7500 3.7200 0.1800
v -1.0500 3.7200 0.1800
v -1.0500 3.7400 0.1800
v -1.7500 3.7400 0.1800
v -1.7000 3.7150 -0.1500
v -1.6400 3.7150 -0.1500
v -1.6400 3.7200 -0.1500
v -1.7000 3.7200 -0.1500
v -1.7000 3.7150 0.1500
v -1.6400 3.7150 0.1500
v -1.6400 3.7200 0.1500
v -1.7000 3.7200 0.1500
v -1.5200 3.7150 -0.1500
v -1.4600 3.7150 -0.1500
v -1.4600 3.7200 -0.1500
v -1.5200 3.7200 -0.1500
v -1.5200 3.7150 0.1500
v -1.4600 3.7150 0.1500
v -1.4600 3.7200 0.1500
v -1.5200 3.7200 0.1500
v -1.3400 3.7150 -0.1500
v -1.2800 3.7150 -0.1500
v -1.2800 3.7200 -0.1500
v -1.3400 3.7200 -0.1500
v -1.3400 3.7150 0.1500
v -1.2800 3.7150 0.1500
v -1.2800 3.7200 0.1500
v -1.3400 3.7200 0.1500
v -1.1600 3.7150 -0.1500
v -1.1000 3.7150 -0.1500
v -1.1000 3.7200 -0.1500
v -1.1600 3.7200 -0.1500
v -1.1600 3.7150 0.1500
v -1.1000 3.7150 0.1500
v -1.1000 3.7200 0.1500
v -1.1600 3.7200 0.1500
v 0.2500 3.7200 -0.1800
v 0.9500 3.7200 -0.1800
v 0.9500 3.7400 -0.1800
v 0.2500 3.7400 -0.1800
v 0.2500 3.7200 0.1800
v 0.9500 3.7200 0.1800
v 0.9500 3.7400 0.1800
v 0.2500 3.7400 0.1800
v 0.3000 3.7150 -0.1500
v 0.3600 3.7150 -0.1500
v 0.3600 3.7200 -0.1500
v 0.3000 3.7200 -0.1500
v 0.3000 3.7150 0.1500
v 0.3600 3.7150 0.1500
v 0.3600 3.7200 0.1500
v 0.3000 3.7200 0.1500
v 0.4800 3.7150 -0.1500
v 0.5400 3.7150 -0.1500
v 0.5400 3.7200 -0.1500
v 0.4800 3.7200 -0.1500
v 0.4800 3.7150 0.1500
v 0.5400 3.7150 0.1500
v 0.5400 3.7200 0.1500
v 0.4800 3.7200 0.1500
v 0.6600 3.7150 -0.1500
v 0.7200 3.7150 -0.1500
v 0.7200 3.7200 -0.1500
v 0.6600 3.7200 -0.1500
v 0.6600 3.7150 0.1500
v 0.7200 3.7150 0.1500
v 0.7200 3.7200 0.1500
v 0.6600 3.7200 0.1500
v 0.8400 3.7150 -0.1500
v 0.9000 3.7150 -0.1500
v 0.9000 3.7200 -0.1500
v 0.8400 3.7200 -0.1500
v 0.8400 3.7150 0.1500
v 0.9000 3.7150 0.1500
v 0.9000 3.7200 0.1500
v 0.8400 3.7200 0.1500
v -0.3000 3.7300 0.7500
v -0.1500 3.7300 0.7500
v -0.1500 3.7400 0.7500
v -0.3000 3.7400 0.7500
v -0.3000 3.7300 0.9000
v -0.1500 3.7300 0.9000
v -0.1500 3.7400 0.9000
v -0.3000 3.7400 0.9000
v 2.2500 3.7200 -0.1800
v 2.9500 3.7200 -0.1800
v 2.9500 3.7400 -0.1800
v 2.2500 3.7400 -0.1800
v 2.2500 3.7200 0.1800
v 2.9500 3.7200 0.1800
v 2.9500 3.7400 0.1800
v 2.2500 3.7400 0.1800
v 2.3000 3.7150 -0.1500
v 2.3600 3.7150 -0.1500
v 2.3600 3.7200 -0.1500
v 2.3000 3.7200 -0.1500
v 2.3000 3.7150 0.1500
v 2.3600 3.7150 0.1500
v 2.3600 3.7200 0.1500
v 2.3000 3.7200 0.1500
v 2.4800 3.7150 -0.1500
v 2.5400 3.7150 -0.1500
v 2.5400 3.7200 -0.1500
v 2.4800 3.7200 -0.1500
v 2.4800 3.7150 0.1500
v 2.5400 3.7150 0.1500
v 2.5400 3.7200 0.1500
v 2.4800 3.7200 0.1500
v 2.6600 3.7150 -0.1500
v 2.7200 3.7150 -0.1500
v 2.7200 3.7200 -0.1500
v 2.6600 3.7200 -0.1500
v 2.6600 3.7150 0.1500
v 2.7200 3.7150 0.1500
v 2.7200 3.7200 0.1500
v 2.6600 3.7200 0.1500
v 2.8400 3.7150 -0.1500
v 2.9000 3.7150 -0.1500
v 2.9000 3.7200 -0.1500
v 2.8400 3.7200 -0.1500
v 2.8400 3.7150 0.1500
v 2.9000 3.7150 0.1500
v 2.9000 3.7200 0.1500
v 2.8400 3.7200 0.1500
v 3.2000 3.7000 -0.0700
v 3.3500 3.7000 -0.0700
v 3.3500 3.7400 -0.0700
v 3.2000 3.7400 -0.0700
v 3.2000 3.7000 0.0700
v 3.3500 3.7000 0.0700
v 3.3500 3.7400 0.0700
v 3.2000 3.7400 0.0700
v 4.2500 3.7200 -0.1800
v 4.9500 3.7200 -0.1800
v 4.9500 3.7400 -0.1800
v 4.2500 3.7400 -0.1800
v 4.2500 3.7200 0.1800
v 4.9500 3.7200 0.1800
v 4.9500 3.7400 0.1800
v 4.2500 3.7400 0.1800
v 4.3000 3.7150 -0.1500
v 4.3600 3.7150 -0.1500
v 4.3600 3.7200 -0.1500
v 4.3000 3.7200 -0.1500
v 4.3000 3.7150 0.1500
v 4.3600 3.7150 0.1500
v 4.3600 3.7200 0.1500
v 4.3000 3.7200 0.1500
v 4.4800 3.7150 -0.1500
v 4.5400 3.7150 -0.1500
v 4.5400 3.7200 -0.1500
v 4.4800 3.7200 -0.1500
v 4.4800 3.7150 0.1500
v 4.5400 3.7150 0.1500
v 4.5400 3.7200 0.1500
v 4.4800 3.7200 0.1500
v 4.6600 3.7150 -0.1500
v 4.7200 3.7150 -0.1500
v 4.7200 3.7200 -0.1500
v 4.6600 3.7200 -0.1500
v 4.6600 3.7150 0.1500
v 4.7200 3.7150 0.1500
v 4.7200 3.7200 0.1500
v 4.6600 3.7200 0.1500
v 4.8400 3.7150 -0.1500
v 4.9000 3.7150 -0.1500
v 4.9000 3.7200 -0.1500
v 4.8400 3.7200 -0.1500
v 4.8400 3.7150 0.1500
v 4.9000 3.7150 0.1500
v 4.9000 3.7200 0.1500
v 4.8400 3.7200 0.1500
v 3.7000 3.7300 0.7500
v 3.8500 3.7300 0.7500
v 3.8500 3.7400 0.7500
v 3.7000 3.7400 0.7500
v 3.7000 3.7300 0.9000
v 3.8500 3.7300 0.9000
v 3.8500 3.7400 0.9000
v 3.7000 3.7400 0.9000
v 6.2500 3.7200 -0.1800
v 6.9500 3.7200 -0.1800
v 6.9500 3.7400 -0.1800
v 6.2500 3.7400 -0.1800
v 6.2500 3.7200 0.1800
v 6.9500 3.7200 0.1800
v 6.9500 3.7400 0.1800
v 6.2500 3.7400 0.1800
v 6.3000 3.7150 -0.1500
v 6.3600 3.7150 -0.1500
v 6.3600 3.7200 -0.1500
v 6.3000 3.7200 -0.1500
v 6.3000 3.7150 0.1500
v 6.3600 3.7150 0.1500
v 6.3600 3.7200 0.1500
v 6.3000 3.7200 0.1500
v 6.4800 3.7150 -0.1500
v 6.5400 3.7150 -0.1500
v 6.5400 3.7200 -0.1500
v 6.4800 3.7200 -0.1500
v 6.4800 3.7150 0.1500
v 6.5400 3.7150 0.1500
v 6.5400 3.7200 0.1500
v 6.4800 3.7200 0.1500
v 6.6600 3.7150 -0.1500
v 6.7200 3.7150 -0.1500
v 6.7200 3.7200 -0.1500
v 6.6600 3.7200 -0.1500
v 6.6600 3.7150 0.1500
v 6.7200 3.7150 0.1500
v 6.7200 3.7200 0.1500
v 6.6600 3.7200 0.1500
v 6.8400 3.7150 -0.1500
v 6.9000 3.7150 -0.1500
v 6.9000 3.7200 -0.1500
v 6.8400 3.7200 -0.1500
v 6.8400 3.7150 0.1500
v 6.9000 3.7150 0.1500
v 6.9000 3.7200 0.1500
v 6.8400 3.7200 0.1500
v 8.2500 3.7200 -0.1800
v 8.9500 3.7200 -0.1800
v 8.9500 3.7400 -0.1800
v 8.2500 3.7400 -0.1800
v 8.2500 3.7200 0.1800
v 8.9500 3.7200 0.1800
v 8.9500 3.7400 0.1800
v 8.2500 3.7400 0.1800
v 8.3000 3.7150 -0.1500
v 8.3600 3.7150 -0.1500
v 8.3600 3.7200 -0.1500
v 8.3000 3.7200 -0.1500
v 8.3000 3.7150 0.1500
v 8.3600 3.7150 0.1500
v 8.3600 3.7200 0.1500
v 8.3000 3.7200 0.1500
v 8.4800 3.7150 -0.1500
v 8.5400 3.7150 -0.1500
v 8.5400 3.7200 -0.1500
v 8.4800 3.7200 -0.1500
v 8.4800 3.7150 0.1500
v 8.5400 3.7150 0.1500
v 8.5400 3.7200 0.1500
v 8.4800 3.7200 0.1500
v 8.6600 3.7150 -0.1500
v 8.7200 3.7150 -0.1500
v 8.7200 3.7200 -0.1500
v 8.6600 3.7200 -0.1500
v 8.6600 3.7150 0.1500
v 8.7200 3.7150 0.1500
v 8.7200 3.7200 0.1500
v 8.6600 3.7200 0.1500
v 8.8400 3.7150 -0.1500
v 8.9000 3.7150 -0.1500
v 8.9000 3.7200 -0.1500
v 8.8400 3.7200 -0.1500
v 8.8400 3.7150 0.1500
v 8.9000 3.7150 0.1500
v 8.9000 3.7200 0.1500
v 8.8400 3.7200 0.1500
v 9.2000 3.7000 -0.0700
v 9.3500 3.7000 -0.0700
v 9.3500 3.7400 -0.0700
v 9.2000 3.7400 -0.0700
v 9.2000 3.7000 0.0700
v 9.3500 3.7000 0.0700
v 9.3500 3.7400 0.0700
v 9.2000 3.7400 0.0700
v 7.7000 3.7300 0.7500
v 7.8500 3.7300 0.7500
v 7.8500 3.7400 0.7500
v 7.7000 3.7400 0.7500
v 7.7000 3.7300 0.9000
v 7.8500 3.7300 0.9000
v 7.8500 3.7400 0.9000
v 7.7000 3.7400 0.9000
v 10.2500 3.7200 -0.1800
v 10.9500 3.7200 -0.1800
v 10.9500 3.7400 -0.1800
v 10.2500 3.7400 -0.1800
v 10.2500 3.7200 0.1800
v 10.9500 3.7200 0.1800
v 10.9500 3.7400 0.1800
v 10.2500 3.7400 0.1800
v 10.3000 3.7150 -0.1500
v 10.3600 3.7150 -0.1500
v 10.3600 3.7200 -0.1500
v 10.3000 3.7200 -0.1500
v 10.3000 3.7150 0.1500
v 10.3600 3.7150 0.1500
v 10.3600 3.7200 0.1500
v 10.3000 3.7200 0.1500
v 10.4800 3.7150 -0.1500
v 10.5400 3.7150 -0.1500
v 10.5400 3.7200 -0.1500
v 10.4800 3.7200 -0.1500
v 10.4800 3.7150 0.1500
v 10.5400 3.7150 0.1500
v 10.5400 3.7200 0.1500
v 10.4800 3.7200 0.1500
v 10.6600 3.7150 -0.1500
v 10.7200 3.7150 -0.1500
v 10.7200 3.7200 -0.1500
v 10.6600 3.7200 -0.1500
v 10.6600 3.7150 0.1500
v 10.7200 3.7150 0.1500
v 10.7200 3.7200 0.1500
v 10.6600 3.7200 0.1500
v 10.8400 3.7150 -0.1500
v 10.9000 3.7150 -0.1500
v 10.9000 3.7200 -0.1500
v 10.8400 3.7200 -0.1500
v 10.8400 3.7150 0.1500
v 10.9000 3.7150 0.1500
v 10.9000 3.7200 0.1500
v 10.8400 3.7200 0.1500
v -11.9300 0.7000 1.4350
v -11.7700 0.7000 1.4350
v -11.7700 1.2000 1.4350
v -11.9300 1.2000 1.4350
v -11.9300 0.7000 1.5950
v -11.7700 0.7000 1.5950
v -11.7700 1.2000 1.5950
v -11.9300 1.2000 1.5950
v -11.8800 1.2000 1.4950
v -11.8200 1.2000 1.4950
v -11.8200 1.3000 1.4950
v -11.8800 1.3000 1.4950
v -11.8800 1.2000 1.5350
v -11.8200 1.2000 1.5350
v -11.8200 1.3000 1.5350
v -11.8800 1.3000 1.5350
v -11.9500 1.9000 1.5850
v -11.7500 1.9000 1.5850
v -11.7500 2.1500 1.5850
v -11.9500 2.1500 1.5850
v -11.9500 1.9000 1.6150
v -11.7500 1.9000 1.6150
v -11.7500 2.1500 1.6150
v -11.9500 2.1500 1.6150
v -11.8900 1.9700 1.5750
v -11.8100 1.9700 1.5750
v -11.8100 2.0500 1.5750
v -11.8900 2.0500 1.5750
v -11.8900 1.9700 1.5850
v -11.8100 1.9700 1.5850
v -11.8100 2.0500 1.5850
v -11.8900 2.0500 1.5850
v -11.9300 0.7000 -1.5950
v -11.7700 0.7000 -1.5950
v -11.7700 1.2000 -1.5950
v -11.9300 1.2000 -1.5950
v -11.9300 0.7000 -1.4350
v -11.7700 0.7000 -1.4350
v -11.7700 1.2000 -1.4350
v -11.9300 1.2000 -1.4350
v -11.8800 1.2000 -1.5350
v -11.8200 1.2000 -1.5350
v -11.8200 1.3000 -1.5350
v -11.8800 1.3000 -1.5350
v -11.8800 1.2000 -1.4950
v -11.8200 1.2000 -1.4950
v -11.8200 1.3000 -1.4950
v -11.8800 1.3000 -1.4950
v -11.9500 1.9000 -1.6150
v -11.7500 1.9000 -1.6150
v -11.7500 2.1500 -1.6150
v -11.9500 2.1500 -1.6150
v -11.9500 1.9000 -1.5850
v -11.7500 1.9000 -1.5850
v -11.7500 2.1500 -1.5850
v -11.9500 2.1500 -1.5850
v -11.8900 1.9700 -1.5850
v -11.8100 1.9700 -1.5850
v -11.8100 2.0500 -1.5850
v -11.8900 2.0500 -1.5850
v -11.8900 1.9700 -1.5750
v -11.8100 1.9700 -1.5750
v -11.8100 2.0500 -1.5750
v -11.8900 2.0500 -1.5750
vt 0.031250 0.968750
vt 0.093750 0.968750
vt 0.156250 0.968750
vt 0.218750 0.968750
vt 0.281250 0.968750
vt 0.343750 0.968750
vt 0.406250 0.968750
vt 0.468750 0.968750
vt 0.531250 0.968750
vt 0.593750 0.968750
vt 0.656250 0.968750
vt 0.718750 0.968750
vt 0.781250 0.968750
vt 0.843750 0.968750
vt 0.906250 0.968750
vt 0.968750 0.968750
vt 0.031250 0.906250
vt 0.093750 0.906250
vt 0.156250 0.906250
vt 0.218750 0.906250
vt 0.281250 0.906250
vt 0.343750 0.906250
vt 0.406250 0.906250
vt 0.468750 0.906250
vt 0.531250 0.906250
vt 0.593750 0.906250
vt 0.656250 0.906250
vt 0.718750 0.906250
vt 0.781250 0.906250
vt 0.843750 0.906250
vt 0.906250 0.906250
vt 0.968750 0.906250
vt 0.031250 0.843750
vt 0.093750 0.843750
vt 0.156250 0.843750
vt 0.218750 0.843750
vt 0.281250 0.843750
vt 0.343750 0.843750
vt 0.406250 0.843750
vt 0.468750 0.843750
vt 0.531250 0.843750
vt 0.593750 0.843750
vt 0.656250 0.843750
vt 0.718750 0.843750
vt 0.781250 0.843750
vt 0.843750 0.843750
vt 0.906250 0.843750
vt 0.968750 0.843750
vt 0.031250 0.781250
vt 0.093750 0.781250
vt 0.156250 0.781250
vt 0.218750 0.781250
vt 0.281250 0.781250
vt 0.343750 0.781250
vt 0.406250 0.781250
vt 0.468750 0.781250
vt 0.531250 0.781250
vt 0.593750 0.781250
vt 0.656250 0.781250
vt 0.718750 0.781250
vt 0.781250 0.781250
vt 0.843750 0.781250
vt 0.906250 0.781250
vn 0 0 -1
vn 0 0 1
vn 0 -1 0
vn 0 1 0
vn -1 0 0
vn 1 0 0
o SHELL
usemtl palette
f 1/39/1 4/39/1 3/39/1 2/39/1
f 5/39/2 6/39/2 7/39/2 8/39/2
f 1/39/3 2/39/3 6/39/3 5/39/3
f 4/39/4 8/39/4 7/39/4 3/39/4
f 1/39/5 5/39/5 8/39/5 4/39/5
f 2/39/6 3/39/6 7/39/6 6/39/6
f 9/39/1 12/39/1 11/39/1 10/39/1
f 13/39/2 14/39/2 15/39/2 16/39/2
f 9/39/3 10/39/3 14/39/3 13/39/3
f 12/39/4 16/39/4 15/39/4 11/39/4
f 9/39/5 13/39/5 16/39/5 12/39/5
f 10/39/6 11/39/6 15/39/6 14/39/6
f 17/30/1 20/30/1 19/30/1 18/30/1
f 21/30/2 22/30/2 23/30/2 24/30/2
f 17/30/3 18/30/3 22/30/3 21/30/3
f 20/30/4 24/30/4 23/30/4 19/30/4
f 17/30/5 21/30/5 24/30/5 20/30/5
f 18/30/6 19/30/6 23/30/6 22/30/6
f 25/30/1 28/30/1 27/30/1 26/30/1
f 29/30/2 30/30/2 31/30/2 32/30/2
f 25/30/3 26/30/3 30/30/3 29/30/3
f 28/30/4 32/30/4 31/30/4 27/30/4
f 25/30/5 29/30/5 32/30/5 28/30/5
f 26/30/6 27/30/6 31/30/6 30/30/6
f 33/45/1 36/45/1 35/45/1 34/45/1
f 37/45/2 38/45/2 39/45/2 40/45/2
f 33/45/3 34/45/3 38/45/3 37/45/3
f 36/45/4 40/45/4 39/45/4 35/45/4
f 33/45/5 37/45/5 40/45/5 36/45/5
f 34/45/6 35/45/6 39/45/6 38/45/6
f 41/45/1 44/45/1 43/45/1 42/45/1
f 45/45/2 46/45/2 47/45/2 48/45/2
f 41/45/3 42/45/3 46/45/3 45/45/3
f 44/45/4 48/45/4 47/45/4 43/45/4
f 41/45/5 45/45/5 48/45/5 44/45/5
f 42/45/6 43/45/6 47/45/6 46/45/6
f 49/45/1 52/45/1 51/45/1 50/45/1
f 53/45/2 54/45/2 55/45/2 56/45/2
f 49/45/3 50/45/3 54/45/3 53/45/3
f 52/45/4 56/45/4 55/45/4 51/45/4
f 49/45/5 53/45/5 56/45/5 52/45/5
f 50/45/6 51/45/6 55/45/6 54/45/6
f 57/45/1 60/45/1 59/45/1 58/45/1
f 61/45/2 62/45/2 63/45/2 64/45/2
f 57/45/3 58/45/3 62/45/3 61/45/3
f 60/45/4 64/45/4 63/45/4 59/45/4
f 57/45/5 61/45/5 64/45/5 60/45/5
f 58/45/6 59/45/6 63/45/6 62/45/6
f 65/45/1 68/45/1 67/45/1 66/45/1
f 69/45/2 70/45/2 71/45/2 72/45/2
f 65/45/3 66/45/3 70/45/3 69/45/3
f 68/45/4 72/45/4 71/45/4 67/45/4
f 65/45/5 69/45/5 72/45/5 68/45/5
f 66/45/6 67/45/6 71/45/6 70/45/6
f 73/45/1 76/45/1 75/45/1 74/45/1
f 77/45/2 78/45/2 79/45/2 80/45/2
f 73/45/3 74/45/3 78/45/3 77/45/3
f 76/45/4 80/45/4 79/45/4 75/45/4
f 73/45/5 77/45/5 80/45/5 76/45/5
f 74/45/6 75/45/6 79/45/6 78/45/6
f 81/30/1 84/30/1 83/30/1 82/30/1
f 85/30/2 86/30/2 87/30/2 88/30/2
f 81/30/3 82/30/3 86/30/3 85/30/3
f 84/30/4 88/30/4 87/30/4 83/30/4
f 81/30/5 85/30/5 88/30/5 84/30/5
f 82/30/6 83/30/6 87/30/6 86/30/6
f 89/30/1 92/30/1 91/30/1 90/30/1
f 93/30/2 94/30/2 95/30/2 96/30/2
f 89/30/3 90/30/3 94/30/3 93/30/3
f 92/30/4 96/30/4 95/30/4 91/30/4
f 89/30/5 93/30/5 96/30/5 92/30/5
f 90/30/6 91/30/6 95/30/6 94/30/6
f 97/39/1 100/39/1 99/39/1 98/39/1
f 101/39/2 102/39/2 103/39/2 104/39/2
f 97/39/3 98/39/3 102/39/3 101/39/3
f 100/39/4 104/39/4 103/39/4 99/39/4
f 97/39/5 101/39/5 104/39/5 100/39/5
f 98/39/6 99/39/6 103/39/6 102/39/6
f 105/39/1 108/39/1 107/39/1 106/39/1
f 109/39/2 110/39/2 111/39/2 112/39/2
f 105/39/3 106/39/3 110/39/3 109/39/3
f 108/39/4 112/39/4 111/39/4 107/39/4
f 105/39/5 109/39/5 112/39/5 108/39/5
f 106/39/6 107/39/6 111/39/6 110/39/6
f 113/39/1 116/39/1 115/39/1 114/39/1
f 117/39/2 118/39/2 119/39/2 120/39/2
f 113/39/3 114/39/3 118/39/3 117/39/3
f 116/39/4 120/39/4 119/39/4 115/39/4
f 113/39/5 117/39/5 120/39/5 116/39/5
f 114/39/6 115/39/6 119/39/6 118/39/6
f 121/39/1 124/39/1 123/39/1 122/39/1
f 125/39/2 126/39/2 127/39/2 128/39/2
f 121/39/3 122/39/3 126/39/3 125/39/3
f 124/39/4 128/39/4 127/39/4 123/39/4
f 121/39/5 125/39/5 128/39/5 124/39/5
f 122/39/6 123/39/6 127/39/6 126/39/6
f 129/30/1 132/30/1 131/30/1 130/30/1
f 133/30/2 134/30/2 135/30/2 136/30/2
f 129/30/3 130/30/3 134/30/3 133/30/3
f 132/30/4 136/30/4 135/30/4 131/30/4
f 129/30/5 133/30/5 136/30/5 132/30/5
f 130/30/6 131/30/6 135/30/6 134/30/6
f 137/30/1 140/30/1 139/30/1 138/30/1
f 141/30/2 142/30/2 143/30/2 144/30/2
f 137/30/3 138/30/3 142/30/3 141/30/3
f 140/30/4 144/30/4 143/30/4 139/30/4
f 137/30/5 141/30/5 144/30/5 140/30/5
f 138/30/6 139/30/6 143/30/6 142/30/6
f 145/54/1 148/54/1 147/54/1 146/54/1
f 149/54/2 150/54/2 151/54/2 152/54/2
f 145/54/3 146/54/3 150/54/3 149/54/3
f 148/54/4 152/54/4 151/54/4 147/54/4
f 145/54/5 149/54/5 152/54/5 148/54/5
f 146/54/6 147/54/6 151/54/6 150/54/6
f 153/54/1 156/54/1 155/54/1 154/54/1
f 157/54/2 158/54/2 159/54/2 160/54/2
f 153/54/3 154/54/3 158/54/3 157/54/3
f 156/54/4 160/54/4 159/54/4 155/54/4
f 153/54/5 157/54/5 160/54/5 156/54/5
f 154/54/6 155/54/6 159/54/6 158/54/6
f 161/54/1 164/54/1 163/54/1 162/54/1
f 165/54/2 166/54/2 167/54/2 168/54/2
f 161/54/3 162/54/3 166/54/3 165/54/3
f 164/54/4 168/54/4 167/54/4 163/54/4
f 161/54/5 165/54/5 168/54/5 164/54/5
f 162/54/6 163/54/6 167/54/6 166/54/6
f 169/54/1 172/54/1 171/54/1 170/54/1
f 173/54/2 174/54/2 175/54/2 176/54/2
f 169/54/3 170/54/3 174/54/3 173/54/3
f 172/54/4 176/54/4 175/54/4 171/54/4
f 169/54/5 173/54/5 176/54/5 172/54/5
f 170/54/6 171/54/6 175/54/6 174/54/6
f 177/54/1 180/54/1 179/54/1 178/54/1
f 181/54/2 182/54/2 183/54/2 184/54/2
f 177/54/3 178/54/3 182/54/3 181/54/3
f 180/54/4 184/54/4 183/54/4 179/54/4
f 177/54/5 181/54/5 184/54/5 180/54/5
f 178/54/6 179/54/6 183/54/6 182/54/6
f 185/54/1 188/54/1 187/54/1 186/54/1
f 189/54/2 190/54/2 191/54/2 192/54/2
f 185/54/3 186/54/3 190/54/3 189/54/3
f 188/54/4 192/54/4 191/54/4 187/54/4
f 185/54/5 189/54/5 192/54/5 188/54/5
f 186/54/6 187/54/6 191/54/6 190/54/6
f 193/30/1 196/30/1 195/30/1 194/30/1
f 197/30/2 198/30/2 199/30/2 200/30/2
f 193/30/3 194/30/3 198/30/3 197/30/3
f 196/30/4 200/30/4 199/30/4 195/30/4
f 193/30/5 197/30/5 200/30/5 196/30/5
f 194/30/6 195/30/6 199/30/6 198/30/6
f 201/30/1 204/30/1 203/30/1 202/30/1
f 205/30/2 206/30/2 207/30/2 208/30/2
f 201/30/3 202/30/3 206/30/3 205/30/3
f 204/30/4 208/30/4 207/30/4 203/30/4
f 201/30/5 205/30/5 208/30/5 204/30/5
f 202/30/6 203/30/6 207/30/6 206/30/6
f 209/39/1 212/39/1 211/39/1 210/39/1
f 213/39/2 214/39/2 215/39/2 216/39/2
f 209/39/3 210/39/3 214/39/3 213/39/3
f 212/39/4 216/39/4 215/39/4 211/39/4
f 209/39/5 213/39/5 216/39/5 212/39/5
f 210/39/6 211/39/6 215/39/6 214/39/6
f 217/39/1 220/39/1 219/39/1 218/39/1
f 221/39/2 222/39/2 223/39/2 224/39/2
f 217/39/3 218/39/3 222/39/3 221/39/3
f 220/39/4 224/39/4 223/39/4 219/39/4
f 217/39/5 221/39/5 224/39/5 220/39/5
f 218/39/6 219/39/6 223/39/6 222/39/6
f 225/39/1 228/39/1 227/39/1 226/39/1
f 229/39/2 230/39/2 231/39/2 232/39/2
f 225/39/3 226/39/3 230/39/3 229/39/3
f 228/39/4 232/39/4 231/39/4 227/39/4
f 225/39/5 229/39/5 232/39/5 228/39/5
f 226/39/6 227/39/6 231/39/6 230/39/6
f 233/30/1 236/30/1 235/30/1 234/30/1
f 237/30/2 238/30/2 239/30/2 240/30/2
f 233/30/3 234/30/3 238/30/3 237/30/3
f 236/30/4 240/30/4 239/30/4 235/30/4
f 233/30/5 237/30/5 240/30/5 236/30/5
f 234/30/6 235/30/6 239/30/6 238/30/6
f 241/54/1 244/54/1 243/54/1 242/54/1
f 245/54/2 246/54/2 247/54/2 248/54/2
f 241/54/3 242/54/3 246/54/3 245/54/3
f 244/54/4 248/54/4 247/54/4 243/54/4
f 241/54/5 245/54/5 248/54/5 244/54/5
f 242/54/6 243/54/6 247/54/6 246/54/6
f 249/54/1 252/54/1 251/54/1 250/54/1
f 253/54/2 254/54/2 255/54/2 256/54/2
f 249/54/3 250/54/3 254/54/3 253/54/3
f 252/54/4 256/54/4 255/54/4 251/54/4
f 249/54/5 253/54/5 256/54/5 252/54/5
f 250/54/6 251/54/6 255/54/6 254/54/6
f 257/45/1 260/45/1 259/45/1 258/45/1
f 261/45/2 262/45/2 263/45/2 264/45/2
f 257/45/3 258/45/3 262/45/3 261/45/3
f 260/45/4 264/45/4 263/45/4 259/45/4
f 257/45/5 261/45/5 264/45/5 260/45/5
f 258/45/6 259/45/6 263/45/6 262/45/6
f 265/54/1 268/54/1 267/54/1 266/54/1
f 269/54/2 270/54/2 271/54/2 272/54/2
f 265/54/3 266/54/3 270/54/3 269/54/3
f 268/54/4 272/54/4 271/54/4 267/54/4
f 265/54/5 269/54/5 272/54/5 268/54/5
f 266/54/6 267/54/6 271/54/6 270/54/6
f 273/45/1 276/45/1 275/45/1 274/45/1
f 277/45/2 278/45/2 279/45/2 280/45/2
f 273/45/3 274/45/3 278/45/3 277/45/3
f 276/45/4 280/45/4 279/45/4 275/45/4
f 273/45/5 277/45/5 280/45/5 276/45/5
f 274/45/6 275/45/6 279/45/6 278/45/6
f 281/54/1 284/54/1 283/54/1 282/54/1
f 285/54/2 286/54/2 287/54/2 288/54/2
f 281/54/3 282/54/3 286/54/3 285/54/3
f 284/54/4 288/54/4 287/54/4 283/54/4
f 281/54/5 285/54/5 288/54/5 284/54/5
f 282/54/6 283/54/6 287/54/6 286/54/6
f 289/45/1 292/45/1 291/45/1 290/45/1
f 293/45/2 294/45/2 295/45/2 296/45/2
f 289/45/3 290/45/3 294/45/3 293/45/3
f 292/45/4 296/45/4 295/45/4 291/45/4
f 289/45/5 293/45/5 296/45/5 292/45/5
f 290/45/6 291/45/6 295/45/6 294/45/6
f 297/54/1 300/54/1 299/54/1 298/54/1
f 301/54/2 302/54/2 303/54/2 304/54/2
f 297/54/3 298/54/3 302/54/3 301/54/3
f 300/54/4 304/54/4 303/54/4 299/54/4
f 297/54/5 301/54/5 304/54/5 300/54/5
f 298/54/6 299/54/6 303/54/6 302/54/6
f 305/45/1 308/45/1 307/45/1 306/45/1
f 309/45/2 310/45/2 311/45/2 312/45/2
f 305/45/3 306/45/3 310/45/3 309/45/3
f 308/45/4 312/45/4 311/45/4 307/45/4
f 305/45/5 309/45/5 312/45/5 308/45/5
f 306/45/6 307/45/6 311/45/6 310/45/6
f 313/54/1 316/54/1 315/54/1 314/54/1
f 317/54/2 318/54/2 319/54/2 320/54/2
f 313/54/3 314/54/3 318/54/3 317/54/3
f 316/54/4 320/54/4 319/54/4 315/54/4
f 313/54/5 317/54/5 320/54/5 316/54/5
f 314/54/6 315/54/6 319/54/6 318/54/6
f 321/45/1 324/45/1 323/45/1 322/45/1
f 325/45/2 326/45/2 327/45/2 328/45/2
f 321/45/3 322/45/3 326/45/3 325/45/3
f 324/45/4 328/45/4 327/45/4 323/45/4
f 321/45/5 325/45/5 328/45/5 324/45/5
f 322/45/6 323/45/6 327/45/6 326/45/6
f 329/54/1 332/54/1 331/54/1 330/54/1
f 333/54/2 334/54/2 335/54/2 336/54/2
f 329/54/3 330/54/3 334/54/3 333/54/3
f 332/54/4 336/54/4 335/54/4 331/54/4
f 329/54/5 333/54/5 336/54/5 332/54/5
f 330/54/6 331/54/6 335/54/6 334/54/6
f 337/45/1 340/45/1 339/45/1 338/45/1
f 341/45/2 342/45/2 343/45/2 344/45/2
f 337/45/3 338/45/3 342/45/3 341/45/3
f 340/45/4 344/45/4 343/45/4 339/45/4
f 337/45/5 341/45/5 344/45/5 340/45/5
f 338/45/6 339/45/6 343/45/6 342/45/6
f 345/54/1 348/54/1 347/54/1 346/54/1
f 349/54/2 350/54/2 351/54/2 352/54/2
f 345/54/3 346/54/3 350/54/3 349/54/3
f 348/54/4 352/54/4 351/54/4 347/54/4
f 345/54/5 349/54/5 352/54/5 348/54/5
f 346/54/6 347/54/6 351/54/6 350/54/6
f 353/54/1 356/54/1 355/54/1 354/54/1
f 357/54/2 358/54/2 359/54/2 360/54/2
f 353/54/3 354/54/3 358/54/3 357/54/3
f 356/54/4 360/54/4 359/54/4 355/54/4
f 353/54/5 357/54/5 360/54/5 356/54/5
f 354/54/6 355/54/6 359/54/6 358/54/6
f 361/30/1 364/30/1 363/30/1 362/30/1
f 365/30/2 366/30/2 367/30/2 368/30/2
f 361/30/3 362/30/3 366/30/3 365/30/3
f 364/30/4 368/30/4 367/30/4 363/30/4
f 361/30/5 365/30/5 368/30/5 364/30/5
f 362/30/6 363/30/6 367/30/6 366/30/6
f 369/39/1 372/39/1 371/39/1 370/39/1
f 373/39/2 374/39/2 375/39/2 376/39/2
f 369/39/3 370/39/3 374/39/3 373/39/3
f 372/39/4 376/39/4 375/39/4 371/39/4
f 369/39/5 373/39/5 376/39/5 372/39/5
f 370/39/6 371/39/6 375/39/6 374/39/6
f 377/39/1 380/39/1 379/39/1 378/39/1
f 381/39/2 382/39/2 383/39/2 384/39/2
f 377/39/3 378/39/3 382/39/3 381/39/3
f 380/39/4 384/39/4 383/39/4 379/39/4
f 377/39/5 381/39/5 384/39/5 380/39/5
f 378/39/6 379/39/6 383/39/6 382/39/6
f 385/39/1 388/39/1 387/39/1 386/39/1
f 389/39/2 390/39/2 391/39/2 392/39/2
f 385/39/3 386/39/3 390/39/3 389/39/3
f 388/39/4 392/39/4 391/39/4 387/39/4
f 385/39/5 389/39/5 392/39/5 388/39/5
f 386/39/6 387/39/6 391/39/6 390/39/6
f 393/30/1 396/30/1 395/30/1 394/30/1
f 397/30/2 398/30/2 399/30/2 400/30/2
f 393/30/3 394/30/3 398/30/3 397/30/3
f 396/30/4 400/30/4 399/30/4 395/30/4
f 393/30/5 397/30/5 400/30/5 396/30/5
f 394/30/6 395/30/6 399/30/6 398/30/6
f 401/30/1 404/30/1 403/30/1 402/30/1
f 405/30/2 406/30/2 407/30/2 408/30/2
f 401/30/3 402/30/3 406/30/3 405/30/3
f 404/30/4 408/30/4 407/30/4 403/30/4
f 401/30/5 405/30/5 408/30/5 404/30/5
f 402/30/6 403/30/6 407/30/6 406/30/6
f 409/52/1 412/52/1 411/52/1 410/52/1
f 413/52/2 414/52/2 415/52/2 416/52/2
f 409/52/3 410/52/3 414/52/3 413/52/3
f 412/52/4 416/52/4 415/52/4 411/52/4
f 409/52/5 413/52/5 416/52/5 412/52/5
f 410/52/6 411/52/6 415/52/6 414/52/6
f 417/52/1 420/52/1 419/52/1 418/52/1
f 421/52/2 422/52/2 423/52/2 424/52/2
f 417/52/3 418/52/3 422/52/3 421/52/3
f 420/52/4 424/52/4 423/52/4 419/52/4
f 417/52/5 421/52/5 424/52/5 420/52/5
f 418/52/6 419/52/6 423/52/6 422/52/6
f 425/52/1 428/52/1 427/52/1 426/52/1
f 429/52/2 430/52/2 431/52/2 432/52/2
f 425/52/3 426/52/3 430/52/3 429/52/3
f 428/52/4 432/52/4 431/52/4 427/52/4
f 425/52/5 429/52/5 432/52/5 428/52/5
f 426/52/6 427/52/6 431/52/6 430/52/6
f 433/52/1 436/52/1 435/52/1 434/52/1
f 437/52/2 438/52/2 439/52/2 440/52/2
f 433/52/3 434/52/3 438/52/3 437/52/3
f 436/52/4 440/52/4 439/52/4 435/52/4
f 433/52/5 437/52/5 440/52/5 436/52/5
f 434/52/6 435/52/6 439/52/6 438/52/6
f 441/52/1 444/52/1 443/52/1 442/52/1
f 445/52/2 446/52/2 447/52/2 448/52/2
f 441/52/3 442/52/3 446/52/3 445/52/3
f 444/52/4 448/52/4 447/52/4 443/52/4
f 441/52/5 445/52/5 448/52/5 444/52/5
f 442/52/6 443/52/6 447/52/6 446/52/6
f 449/52/1 452/52/1 451/52/1 450/52/1
f 453/52/2 454/52/2 455/52/2 456/52/2
f 449/52/3 450/52/3 454/52/3 453/52/3
f 452/52/4 456/52/4 455/52/4 451/52/4
f 449/52/5 453/52/5 456/52/5 452/52/5
f 450/52/6 451/52/6 455/52/6 454/52/6
f 457/52/1 460/52/1 459/52/1 458/52/1
f 461/52/2 462/52/2 463/52/2 464/52/2
f 457/52/3 458/52/3 462/52/3 461/52/3
f 460/52/4 464/52/4 463/52/4 459/52/4
f 457/52/5 461/52/5 464/52/5 460/52/5
f 458/52/6 459/52/6 463/52/6 462/52/6
f 465/52/1 468/52/1 467/52/1 466/52/1
f 469/52/2 470/52/2 471/52/2 472/52/2
f 465/52/3 466/52/3 470/52/3 469/52/3
f 468/52/4 472/52/4 471/52/4 467/52/4
f 465/52/5 469/52/5 472/52/5 468/52/5
f 466/52/6 467/52/6 471/52/6 470/52/6
f 473/52/1 476/52/1 475/52/1 474/52/1
f 477/52/2 478/52/2 479/52/2 480/52/2
f 473/52/3 474/52/3 478/52/3 477/52/3
f 476/52/4 480/52/4 479/52/4 475/52/4
f 473/52/5 477/52/5 480/52/5 476/52/5
f 474/52/6 475/52/6 479/52/6 478/52/6
f 481/52/1 484/52/1 483/52/1 482/52/1
f 485/52/2 486/52/2 487/52/2 488/52/2
f 481/52/3 482/52/3 486/52/3 485/52/3
f 484/52/4 488/52/4 487/52/4 483/52/4
f 481/52/5 485/52/5 488/52/5 484/52/5
f 482/52/6 483/52/6 487/52/6 486/52/6
f 489/52/1 492/52/1 491/52/1 490/52/1
f 493/52/2 494/52/2 495/52/2 496/52/2
f 489/52/3 490/52/3 494/52/3 493/52/3
f 492/52/4 496/52/4 495/52/4 491/52/4
f 489/52/5 493/52/5 496/52/5 492/52/5
f 490/52/6 491/52/6 495/52/6 494/52/6
f 497/52/1 500/52/1 499/52/1 498/52/1
f 501/52/2 502/52/2 503/52/2 504/52/2
f 497/52/3 498/52/3 502/52/3 501/52/3
f 500/52/4 504/52/4 503/52/4 499/52/4
f 497/52/5 501/52/5 504/52/5 500/52/5
f 498/52/6 499/52/6 503/52/6 502/52/6
f 505/52/1 508/52/1 507/52/1 506/52/1
f 509/52/2 510/52/2 511/52/2 512/52/2
f 505/52/3 506/52/3 510/52/3 509/52/3
f 508/52/4 512/52/4 511/52/4 507/52/4
f 505/52/5 509/52/5 512/52/5 508/52/5
f 506/52/6 507/52/6 511/52/6 510/52/6
f 513/52/1 516/52/1 515/52/1 514/52/1
f 517/52/2 518/52/2 519/52/2 520/52/2
f 513/52/3 514/52/3 518/52/3 517/52/3
f 516/52/4 520/52/4 519/52/4 515/52/4
f 513/52/5 517/52/5 520/52/5 516/52/5
f 514/52/6 515/52/6 519/52/6 518/52/6
f 521/52/1 524/52/1 523/52/1 522/52/1
f 525/52/2 526/52/2 527/52/2 528/52/2
f 521/52/3 522/52/3 526/52/3 525/52/3
f 524/52/4 528/52/4 527/52/4 523/52/4
f 521/52/5 525/52/5 528/52/5 524/52/5
f 522/52/6 523/52/6 527/52/6 526/52/6
f 529/52/1 532/52/1 531/52/1 530/52/1
f 533/52/2 534/52/2 535/52/2 536/52/2
f 529/52/3 530/52/3 534/52/3 533/52/3
f 532/52/4 536/52/4 535/52/4 531/52/4
f 529/52/5 533/52/5 536/52/5 532/52/5
f 530/52/6 531/52/6 535/52/6 534/52/6
f 537/52/1 540/52/1 539/52/1 538/52/1
f 541/52/2 542/52/2 543/52/2 544/52/2
f 537/52/3 538/52/3 542/52/3 541/52/3
f 540/52/4 544/52/4 543/52/4 539/52/4
f 537/52/5 541/52/5 544/52/5 540/52/5
f 538/52/6 539/52/6 543/52/6 542/52/6
f 545/52/1 548/52/1 547/52/1 546/52/1
f 549/52/2 550/52/2 551/52/2 552/52/2
f 545/52/3 546/52/3 550/52/3 549/52/3
f 548/52/4 552/52/4 551/52/4 547/52/4
f 545/52/5 549/52/5 552/52/5 548/52/5
f 546/52/6 547/52/6 551/52/6 550/52/6
f 553/52/1 556/52/1 555/52/1 554/52/1
f 557/52/2 558/52/2 559/52/2 560/52/2
f 553/52/3 554/52/3 558/52/3 557/52/3
f 556/52/4 560/52/4 559/52/4 555/52/4
f 553/52/5 557/52/5 560/52/5 556/52/5
f 554/52/6 555/52/6 559/52/6 558/52/6
f 561/52/1 564/52/1 563/52/1 562/52/1
f 565/52/2 566/52/2 567/52/2 568/52/2
f 561/52/3 562/52/3 566/52/3 565/52/3
f 564/52/4 568/52/4 567/52/4 563/52/4
f 561/52/5 565/52/5 568/52/5 564/52/5
f 562/52/6 563/52/6 567/52/6 566/52/6
f 569/52/1 572/52/1 571/52/1 570/52/1
f 573/52/2 574/52/2 575/52/2 576/52/2
f 569/52/3 570/52/3 574/52/3 573/52/3
f 572/52/4 576/52/4 575/52/4 571/52/4
f 569/52/5 573/52/5 576/52/5 572/52/5
f 570/52/6 571/52/6 575/52/6 574/52/6
f 577/52/1 580/52/1 579/52/1 578/52/1
f 581/52/2 582/52/2 583/52/2 584/52/2
f 577/52/3 578/52/3 582/52/3 581/52/3
f 580/52/4 584/52/4 583/52/4 579/52/4
f 577/52/5 581/52/5 584/52/5 580/52/5
f 578/52/6 579/52/6 583/52/6 582/52/6
f 585/30/1 588/30/1 587/30/1 586/30/1
f 589/30/2 590/30/2 591/30/2 592/30/2
f 585/30/3 586/30/3 590/30/3 589/30/3
f 588/30/4 592/30/4 591/30/4 587/30/4
f 585/30/5 589/30/5 592/30/5 588/30/5
f 586/30/6 587/30/6 591/30/6 590/30/6
f 593/30/1 596/30/1 595/30/1 594/30/1
f 597/30/2 598/30/2 599/30/2 600/30/2
f 593/30/3 594/30/3 598/30/3 597/30/3
f 596/30/4 600/30/4 599/30/4 595/30/4
f 593/30/5 597/30/5 600/30/5 596/30/5
f 594/30/6 595/30/6 599/30/6 598/30/6
f 601/39/1 604/39/1 603/39/1 602/39/1
f 605/39/2 606/39/2 607/39/2 608/39/2
f 601/39/3 602/39/3 606/39/3 605/39/3
f 604/39/4 608/39/4 607/39/4 603/39/4
f 601/39/5 605/39/5 608/39/5 604/39/5
f 602/39/6 603/39/6 607/39/6 606/39/6
f 609/39/1 612/39/1 611/39/1 610/39/1
f 613/39/2 614/39/2 615/39/2 616/39/2
f 609/39/3 610/39/3 614/39/3 613/39/3
f 612/39/4 616/39/4 615/39/4 611/39/4
f 609/39/5 613/39/5 616/39/5 612/39/5
f 610/39/6 611/39/6 615/39/6 614/39/6
f 617/58/1 620/58/1 619/58/1 618/58/1
f 621/58/2 622/58/2 623/58/2 624/58/2
f 617/58/3 618/58/3 622/58/3 621/58/3
f 620/58/4 624/58/4 623/58/4 619/58/4
f 617/58/5 621/58/5 624/58/5 620/58/5
f 618/58/6 619/58/6 623/58/6 622/58/6
f 625/58/1 628/58/1 627/58/1 626/58/1
f 629/58/2 630/58/2 631/58/2 632/58/2
f 625/58/3 626/58/3 630/58/3 629/58/3
f 628/58/4 632/58/4 631/58/4 627/58/4
f 625/58/5 629/58/5 632/58/5 628/58/5
f 626/58/6 627/58/6 631/58/6 630/58/6
f 633/58/1 636/58/1 635/58/1 634/58/1
f 637/58/2 638/58/2 639/58/2 640/58/2
f 633/58/3 634/58/3 638/58/3 637/58/3
f 636/58/4 640/58/4 639/58/4 635/58/4
f 633/58/5 637/58/5 640/58/5 636/58/5
f 634/58/6 635/58/6 639/58/6 638/58/6
f 641/58/1 644/58/1 643/58/1 642/58/1
f 645/58/2 646/58/2 647/58/2 648/58/2
f 641/58/3 642/58/3 646/58/3 645/58/3
f 644/58/4 648/58/4 647/58/4 643/58/4
f 641/58/5 645/58/5 648/58/5 644/58/5
f 642/58/6 643/58/6 647/58/6 646/58/6
f 649/58/1 652/58/1 651/58/1 650/58/1
f 653/58/2 654/58/2 655/58/2 656/58/2
f 649/58/3 650/58/3 654/58/3 653/58/3
f 652/58/4 656/58/4 655/58/4 651/58/4
f 649/58/5 653/58/5 656/58/5 652/58/5
f 650/58/6 651/58/6 655/58/6 654/58/6
f 657/58/1 660/58/1 659/58/1 658/58/1
f 661/58/2 662/58/2 663/58/2 664/58/2
f 657/58/3 658/58/3 662/58/3 661/58/3
f 660/58/4 664/58/4 663/58/4 659/58/4
f 657/58/5 661/58/5 664/58/5 660/58/5
f 658/58/6 659/58/6 663/58/6 662/58/6
f 665/58/1 668/58/1 667/58/1 666/58/1
f 669/58/2 670/58/2 671/58/2 672/58/2
f 665/58/3 666/58/3 670/58/3 669/58/3
f 668/58/4 672/58/4 671/58/4 667/58/4
f 665/58/5 669/58/5 672/58/5 668/58/5
f 666/58/6 667/58/6 671/58/6 670/58/6
f 673/58/1 676/58/1 675/58/1 674/58/1
f 677/58/2 678/58/2 679/58/2 680/58/2
f 673/58/3 674/58/3 678/58/3 677/58/3
f 676/58/4 680/58/4 679/58/4 675/58/4
f 673/58/5 677/58/5 680/58/5 676/58/5
f 674/58/6 675/58/6 679/58/6 678/58/6
f 681/60/1 684/60/1 683/60/1 682/60/1
f 685/60/2 686/60/2 687/60/2 688/60/2
f 681/60/3 682/60/3 686/60/3 685/60/3
f 684/60/4 688/60/4 687/60/4 683/60/4
f 681/60/5 685/60/5 688/60/5 684/60/5
f 682/60/6 683/60/6 687/60/6 686/60/6
f 689/60/1 692/60/1 691/60/1 690/60/1
f 693/60/2 694/60/2 695/60/2 696/60/2
f 689/60/3 690/60/3 694/60/3 693/60/3
f 692/60/4 696/60/4 695/60/4 691/60/4
f 689/60/5 693/60/5 696/60/5 692/60/5
f 690/60/6 691/60/6 695/60/6 694/60/6
f 697/60/1 700/60/1 699/60/1 698/60/1
f 701/60/2 702/60/2 703/60/2 704/60/2
f 697/60/3 698/60/3 702/60/3 701/60/3
f 700/60/4 704/60/4 703/60/4 699/60/4
f 697/60/5 701/60/5 704/60/5 700/60/5
f 698/60/6 699/60/6 703/60/6 702/60/6
f 705/60/1 708/60/1 707/60/1 706/60/1
f 709/60/2 710/60/2 711/60/2 712/60/2
f 705/60/3 706/60/3 710/60/3 709/60/3
f 708/60/4 712/60/4 711/60/4 707/60/4
f 705/60/5 709/60/5 712/60/5 708/60/5
f 706/60/6 707/60/6 711/60/6 710/60/6
f 713/60/1 716/60/1 715/60/1 714/60/1
f 717/60/2 718/60/2 719/60/2 720/60/2
f 713/60/3 714/60/3 718/60/3 717/60/3
f 716/60/4 720/60/4 719/60/4 715/60/4
f 713/60/5 717/60/5 720/60/5 716/60/5
f 714/60/6 715/60/6 719/60/6 718/60/6
f 721/60/1 724/60/1 723/60/1 722/60/1
f 725/60/2 726/60/2 727/60/2 728/60/2
f 721/60/3 722/60/3 726/60/3 725/60/3
f 724/60/4 728/60/4 727/60/4 723/60/4
f 721/60/5 725/60/5 728/60/5 724/60/5
f 722/60/6 723/60/6 727/60/6 726/60/6
f 729/60/1 732/60/1 731/60/1 730/60/1
f 733/60/2 734/60/2 735/60/2 736/60/2
f 729/60/3 730/60/3 734/60/3 733/60/3
f 732/60/4 736/60/4 735/60/4 731/60/4
f 729/60/5 733/60/5 736/60/5 732/60/5
f 730/60/6 731/60/6 735/60/6 734/60/6
f 737/60/1 740/60/1 739/60/1 738/60/1
f 741/60/2 742/60/2 743/60/2 744/60/2
f 737/60/3 738/60/3 742/60/3 741/60/3
f 740/60/4 744/60/4 743/60/4 739/60/4
f 737/60/5 741/60/5 744/60/5 740/60/5
f 738/60/6 739/60/6 743/60/6 742/60/6
f 745/61/1 748/61/1 747/61/1 746/61/1
f 749/61/2 750/61/2 751/61/2 752/61/2
f 745/61/3 746/61/3 750/61/3 749/61/3
f 748/61/4 752/61/4 751/61/4 747/61/4
f 745/61/5 749/61/5 752/61/5 748/61/5
f 746/61/6 747/61/6 751/61/6 750/61/6
f 753/61/1 756/61/1 755/61/1 754/61/1
f 757/61/2 758/61/2 759/61/2 760/61/2
f 753/61/3 754/61/3 758/61/3 757/61/3
f 756/61/4 760/61/4 759/61/4 755/61/4
f 753/61/5 757/61/5 760/61/5 756/61/5
f 754/61/6 755/61/6 759/61/6 758/61/6
f 761/61/1 764/61/1 763/61/1 762/61/1
f 765/61/2 766/61/2 767/61/2 768/61/2
f 761/61/3 762/61/3 766/61/3 765/61/3
f 764/61/4 768/61/4 767/61/4 763/61/4
f 761/61/5 765/61/5 768/61/5 764/61/5
f 762/61/6 763/61/6 767/61/6 766/61/6
f 769/61/1 772/61/1 771/61/1 770/61/1
f 773/61/2 774/61/2 775/61/2 776/61/2
f 769/61/3 770/61/3 774/61/3 773/61/3
f 772/61/4 776/61/4 775/61/4 771/61/4
f 769/61/5 773/61/5 776/61/5 772/61/5
f 770/61/6 771/61/6 775/61/6 774/61/6
f 777/61/1 780/61/1 779/61/1 778/61/1
f 781/61/2 782/61/2 783/61/2 784/61/2
f 777/61/3 778/61/3 782/61/3 781/61/3
f 780/61/4 784/61/4 783/61/4 779/61/4
f 777/61/5 781/61/5 784/61/5 780/61/5
f 778/61/6 779/61/6 783/61/6 782/61/6
f 785/61/1 788/61/1 787/61/1 786/61/1
f 789/61/2 790/61/2 791/61/2 792/61/2
f 785/61/3 786/61/3 790/61/3 789/61/3
f 788/61/4 792/61/4 791/61/4 787/61/4
f 785/61/5 789/61/5 792/61/5 788/61/5
f 786/61/6 787/61/6 791/61/6 790/61/6
f 793/61/1 796/61/1 795/61/1 794/61/1
f 797/61/2 798/61/2 799/61/2 800/61/2
f 793/61/3 794/61/3 798/61/3 797/61/3
f 796/61/4 800/61/4 799/61/4 795/61/4
f 793/61/5 797/61/5 800/61/5 796/61/5
f 794/61/6 795/61/6 799/61/6 798/61/6
f 801/61/1 804/61/1 803/61/1 802/61/1
f 805/61/2 806/61/2 807/61/2 808/61/2
f 801/61/3 802/61/3 806/61/3 805/61/3
f 804/61/4 808/61/4 807/61/4 803/61/4
f 801/61/5 805/61/5 808/61/5 804/61/5
f 802/61/6 803/61/6 807/61/6 806/61/6
f 809/1/1 812/1/1 811/1/1 810/1/1
f 813/1/2 814/1/2 815/1/2 816/1/2
f 809/1/3 810/1/3 814/1/3 813/1/3
f 812/1/4 816/1/4 815/1/4 811/1/4
f 809/1/5 813/1/5 816/1/5 812/1/5
f 810/1/6 811/1/6 815/1/6 814/1/6
f 817/1/1 820/1/1 819/1/1 818/1/1
f 821/1/2 822/1/2 823/1/2 824/1/2
f 817/1/3 818/1/3 822/1/3 821/1/3
f 820/1/4 824/1/4 823/1/4 819/1/4
f 817/1/5 821/1/5 824/1/5 820/1/5
f 818/1/6 819/1/6 823/1/6 822/1/6
f 825/1/1 828/1/1 827/1/1 826/1/1
f 829/1/2 830/1/2 831/1/2 832/1/2
f 825/1/3 826/1/3 830/1/3 829/1/3
f 828/1/4 832/1/4 831/1/4 827/1/4
f 825/1/5 829/1/5 832/1/5 828/1/5
f 826/1/6 827/1/6 831/1/6 830/1/6
f 833/1/1 836/1/1 835/1/1 834/1/1
f 837/1/2 838/1/2 839/1/2 840/1/2
f 833/1/3 834/1/3 838/1/3 837/1/3
f 836/1/4 840/1/4 839/1/4 835/1/4
f 833/1/5 837/1/5 840/1/5 836/1/5
f 834/1/6 835/1/6 839/1/6 838/1/6
f 841/52/1 844/52/1 843/52/1 842/52/1
f 845/52/2 846/52/2 847/52/2 848/52/2
f 841/52/3 842/52/3 846/52/3 845/52/3
f 844/52/4 848/52/4 847/52/4 843/52/4
f 841/52/5 845/52/5 848/52/5 844/52/5
f 842/52/6 843/52/6 847/52/6 846/52/6
f 849/52/1 852/52/1 851/52/1 850/52/1
f 853/52/2 854/52/2 855/52/2 856/52/2
f 849/52/3 850/52/3 854/52/3 853/52/3
f 852/52/4 856/52/4 855/52/4 851/52/4
f 849/52/5 853/52/5 856/52/5 852/52/5
f 850/52/6 851/52/6 855/52/6 854/52/6
f 857/1/1 860/1/1 859/1/1 858/1/1
f 861/1/2 862/1/2 863/1/2 864/1/2
f 857/1/3 858/1/3 862/1/3 861/1/3
f 860/1/4 864/1/4 863/1/4 859/1/4
f 857/1/5 861/1/5 864/1/5 860/1/5
f 858/1/6 859/1/6 863/1/6 862/1/6
f 865/1/1 868/1/1 867/1/1 866/1/1
f 869/1/2 870/1/2 871/1/2 872/1/2
f 865/1/3 866/1/3 870/1/3 869/1/3
f 868/1/4 872/1/4 871/1/4 867/1/4
f 865/1/5 869/1/5 872/1/5 868/1/5
f 866/1/6 867/1/6 871/1/6 870/1/6
f 873/52/1 876/52/1 875/52/1 874/52/1
f 877/52/2 878/52/2 879/52/2 880/52/2
f 873/52/3 874/52/3 878/52/3 877/52/3
f 876/52/4 880/52/4 879/52/4 875/52/4
f 873/52/5 877/52/5 880/52/5 876/52/5
f 874/52/6 875/52/6 879/52/6 878/52/6
f 881/52/1 884/52/1 883/52/1 882/52/1
f 885/52/2 886/52/2 887/52/2 888/52/2
f 881/52/3 882/52/3 886/52/3 885/52/3
f 884/52/4 888/52/4 887/52/4 883/52/4
f 881/52/5 885/52/5 888/52/5 884/52/5
f 882/52/6 883/52/6 887/52/6 886/52/6
f 889/1/1 892/1/1 891/1/1 890/1/1
f 893/1/2 894/1/2 895/1/2 896/1/2
f 889/1/3 890/1/3 894/1/3 893/1/3
f 892/1/4 896/1/4 895/1/4 891/1/4
f 889/1/5 893/1/5 896/1/5 892/1/5
f 890/1/6 891/1/6 895/1/6 894/1/6
f 897/1/1 900/1/1 899/1/1 898/1/1
f 901/1/2 902/1/2 903/1/2 904/1/2
f 897/1/3 898/1/3 902/1/3 901/1/3
f 900/1/4 904/1/4 903/1/4 899/1/4
f 897/1/5 901/1/5 904/1/5 900/1/5
f 898/1/6 899/1/6 903/1/6 902/1/6
f 905/52/1 908/52/1 907/52/1 906/52/1
f 909/52/2 910/52/2 911/52/2 912/52/2
f 905/52/3 906/52/3 910/52/3 909/52/3
f 908/52/4 912/52/4 911/52/4 907/52/4
f 905/52/5 909/52/5 912/52/5 908/52/5
f 906/52/6 907/52/6 911/52/6 910/52/6
f 913/52/1 916/52/1 915/52/1 914/52/1
f 917/52/2 918/52/2 919/52/2 920/52/2
f 913/52/3 914/52/3 918/52/3 917/52/3
f 916/52/4 920/52/4 919/52/4 915/52/4
f 913/52/5 917/52/5 920/52/5 916/52/5
f 914/52/6 915/52/6 919/52/6 918/52/6
f 921/1/1 924/1/1 923/1/1 922/1/1
f 925/1/2 926/1/2 927/1/2 928/1/2
f 921/1/3 922/1/3 926/1/3 925/1/3
f 924/1/4 928/1/4 927/1/4 923/1/4
f 921/1/5 925/1/5 928/1/5 924/1/5
f 922/1/6 923/1/6 927/1/6 926/1/6
f 929/1/1 932/1/1 931/1/1 930/1/1
f 933/1/2 934/1/2 935/1/2 936/1/2
f 929/1/3 930/1/3 934/1/3 933/1/3
f 932/1/4 936/1/4 935/1/4 931/1/4
f 929/1/5 933/1/5 936/1/5 932/1/5
f 930/1/6 931/1/6 935/1/6 934/1/6
f 937/52/1 940/52/1 939/52/1 938/52/1
f 941/52/2 942/52/2 943/52/2 944/52/2
f 937/52/3 938/52/3 942/52/3 941/52/3
f 940/52/4 944/52/4 943/52/4 939/52/4
f 937/52/5 941/52/5 944/52/5 940/52/5
f 938/52/6 939/52/6 943/52/6 942/52/6
f 945/52/1 948/52/1 947/52/1 946/52/1
f 949/52/2 950/52/2 951/52/2 952/52/2
f 945/52/3 946/52/3 950/52/3 949/52/3
f 948/52/4 952/52/4 951/52/4 947/52/4
f 945/52/5 949/52/5 952/52/5 948/52/5
f 946/52/6 947/52/6 951/52/6 950/52/6
f 953/1/1 956/1/1 955/1/1 954/1/1
f 957/1/2 958/1/2 959/1/2 960/1/2
f 953/1/3 954/1/3 958/1/3 957/1/3
f 956/1/4 960/1/4 959/1/4 955/1/4
f 953/1/5 957/1/5 960/1/5 956/1/5
f 954/1/6 955/1/6 959/1/6 958/1/6
f 961/1/1 964/1/1 963/1/1 962/1/1
f 965/1/2 966/1/2 967/1/2 968/1/2
f 961/1/3 962/1/3 966/1/3 965/1/3
f 964/1/4 968/1/4 967/1/4 963/1/4
f 961/1/5 965/1/5 968/1/5 964/1/5
f 962/1/6 963/1/6 967/1/6 966/1/6
f 969/52/1 972/52/1 971/52/1 970/52/1
f 973/52/2 974/52/2 975/52/2 976/52/2
f 969/52/3 970/52/3 974/52/3 973/52/3
f 972/52/4 976/52/4 975/52/4 971/52/4
f 969/52/5 973/52/5 976/52/5 972/52/5
f 970/52/6 971/52/6 975/52/6 974/52/6
f 977/52/1 980/52/1 979/52/1 978/52/1
f 981/52/2 982/52/2 983/52/2 984/52/2
f 977/52/3 978/52/3 982/52/3 981/52/3
f 980/52/4 984/52/4 983/52/4 979/52/4
f 977/52/5 981/52/5 984/52/5 980/52/5
f 978/52/6 979/52/6 983/52/6 982/52/6
f 985/1/1 988/1/1 987/1/1 986/1/1
f 989/1/2 990/1/2 991/1/2 992/1/2
f 985/1/3 986/1/3 990/1/3 989/1/3
f 988/1/4 992/1/4 991/1/4 987/1/4
f 985/1/5 989/1/5 992/1/5 988/1/5
f 986/1/6 987/1/6 991/1/6 990/1/6
f 993/1/1 996/1/1 995/1/1 994/1/1
f 997/1/2 998/1/2 999/1/2 1000/1/2
f 993/1/3 994/1/3 998/1/3 997/1/3
f 996/1/4 1000/1/4 999/1/4 995/1/4
f 993/1/5 997/1/5 1000/1/5 996/1/5
f 994/1/6 995/1/6 999/1/6 998/1/6
f 1001/52/1 1004/52/1 1003/52/1 1002/52/1
f 1005/52/2 1006/52/2 1007/52/2 1008/52/2
f 1001/52/3 1002/52/3 1006/52/3 1005/52/3
f 1004/52/4 1008/52/4 1007/52/4 1003/52/4
f 1001/52/5 1005/52/5 1008/52/5 1004/52/5
f 1002/52/6 1003/52/6 1007/52/6 1006/52/6
f 1009/52/1 1012/52/1 1011/52/1 1010/52/1
f 1013/52/2 1014/52/2 1015/52/2 1016/52/2
f 1009/52/3 1010/52/3 1014/52/3 1013/52/3
f 1012/52/4 1016/52/4 1015/52/4 1011/52/4
f 1009/52/5 1013/52/5 1016/52/5 1012/52/5
f 1010/52/6 1011/52/6 1015/52/6 1014/52/6
f 1017/1/1 1020/1/1 1019/1/1 1018/1/1
f 1021/1/2 1022/1/2 1023/1/2 1024/1/2
f 1017/1/3 1018/1/3 1022/1/3 1021/1/3
f 1020/1/4 1024/1/4 1023/1/4 1019/1/4
f 1017/1/5 1021/1/5 1024/1/5 1020/1/5
f 1018/1/6 1019/1/6 1023/1/6 1022/1/6
f 1025/1/1 1028/1/1 1027/1/1 1026/1/1
f 1029/1/2 1030/1/2 1031/1/2 1032/1/2
f 1025/1/3 1026/1/3 1030/1/3 1029/1/3
f 1028/1/4 1032/1/4 1031/1/4 1027/1/4
f 1025/1/5 1029/1/5 1032/1/5 1028/1/5
f 1026/1/6 1027/1/6 1031/1/6 1030/1/6
f 1033/52/1 1036/52/1 1035/52/1 1034/52/1
f 1037/52/2 1038/52/2 1039/52/2 1040/52/2
f 1033/52/3 1034/52/3 1038/52/3 1037/52/3
f 1036/52/4 1040/52/4 1039/52/4 1035/52/4
f 1033/52/5 1037/52/5 1040/52/5 1036/52/5
f 1034/52/6 1035/52/6 1039/52/6 1038/52/6
f 1041/52/1 1044/52/1 1043/52/1 1042/52/1
f 1045/52/2 1046/52/2 1047/52/2 1048/52/2
f 1041/52/3 1042/52/3 1046/52/3 1045/52/3
f 1044/52/4 1048/52/4 1047/52/4 1043/52/4
f 1041/52/5 1045/52/5 1048/52/5 1044/52/5
f 1042/52/6 1043/52/6 1047/52/6 1046/52/6
f 1049/1/1 1052/1/1 1051/1/1 1050/1/1
f 1053/1/2 1054/1/2 1055/1/2 1056/1/2
f 1049/1/3 1050/1/3 1054/1/3 1053/1/3
f 1052/1/4 1056/1/4 1055/1/4 1051/1/4
f 1049/1/5 1053/1/5 1056/1/5 1052/1/5
f 1050/1/6 1051/1/6 1055/1/6 1054/1/6
f 1057/1/1 1060/1/1 1059/1/1 1058/1/1
f 1061/1/2 1062/1/2 1063/1/2 1064/1/2
f 1057/1/3 1058/1/3 1062/1/3 1061/1/3
f 1060/1/4 1064/1/4 1063/1/4 1059/1/4
f 1057/1/5 1061/1/5 1064/1/5 1060/1/5
f 1058/1/6 1059/1/6 1063/1/6 1062/1/6
f 1065/52/1 1068/52/1 1067/52/1 1066/52/1
f 1069/52/2 1070/52/2 1071/52/2 1072/52/2
f 1065/52/3 1066/52/3 1070/52/3 1069/52/3
f 1068/52/4 1072/52/4 1071/52/4 1067/52/4
f 1065/52/5 1069/52/5 1072/52/5 1068/52/5
f 1066/52/6 1067/52/6 1071/52/6 1070/52/6
f 1073/52/1 1076/52/1 1075/52/1 1074/52/1
f 1077/52/2 1078/52/2 1079/52/2 1080/52/2
f 1073/52/3 1074/52/3 1078/52/3 1077/52/3
f 1076/52/4 1080/52/4 1079/52/4 1075/52/4
f 1073/52/5 1077/52/5 1080/52/5 1076/52/5
f 1074/52/6 1075/52/6 1079/52/6 1078/52/6
f 1081/1/1 1084/1/1 1083/1/1 1082/1/1
f 1085/1/2 1086/1/2 1087/1/2 1088/1/2
f 1081/1/3 1082/1/3 1086/1/3 1085/1/3
f 1084/1/4 1088/1/4 1087/1/4 1083/1/4
f 1081/1/5 1085/1/5 1088/1/5 1084/1/5
f 1082/1/6 1083/1/6 1087/1/6 1086/1/6
f 1089/1/1 1092/1/1 1091/1/1 1090/1/1
f 1093/1/2 1094/1/2 1095/1/2 1096/1/2
f 1089/1/3 1090/1/3 1094/1/3 1093/1/3
f 1092/1/4 1096/1/4 1095/1/4 1091/1/4
f 1089/1/5 1093/1/5 1096/1/5 1092/1/5
f 1090/1/6 1091/1/6 1095/1/6 1094/1/6
f 1097/52/1 1100/52/1 1099/52/1 1098/52/1
f 1101/52/2 1102/52/2 1103/52/2 1104/52/2
f 1097/52/3 1098/52/3 1102/52/3 1101/52/3
f 1100/52/4 1104/52/4 1103/52/4 1099/52/4
f 1097/52/5 1101/52/5 1104/52/5 1100/52/5
f 1098/52/6 1099/52/6 1103/52/6 1102/52/6
f 1105/52/1 1108/52/1 1107/52/1 1106/52/1
f 1109/52/2 1110/52/2 1111/52/2 1112/52/2
f 1105/52/3 1106/52/3 1110/52/3 1109/52/3
f 1108/52/4 1112/52/4 1111/52/4 1107/52/4
f 1105/52/5 1109/52/5 1112/52/5 1108/52/5
f 1106/52/6 1107/52/6 1111/52/6 1110/52/6
f 1113/1/1 1116/1/1 1115/1/1 1114/1/1
f 1117/1/2 1118/1/2 1119/1/2 1120/1/2
f 1113/1/3 1114/1/3 1118/1/3 1117/1/3
f 1116/1/4 1120/1/4 1119/1/4 1115/1/4
f 1113/1/5 1117/1/5 1120/1/5 1116/1/5
f 1114/1/6 1115/1/6 1119/1/6 1118/1/6
f 1121/1/1 1124/1/1 1123/1/1 1122/1/1
f 1125/1/2 1126/1/2 1127/1/2 1128/1/2
f 1121/1/3 1122/1/3 1126/1/3 1125/1/3
f 1124/1/4 1128/1/4 1127/1/4 1123/1/4
f 1121/1/5 1125/1/5 1128/1/5 1124/1/5
f 1122/1/6 1123/1/6 1127/1/6 1126/1/6
f 1129/52/1 1132/52/1 1131/52/1 1130/52/1
f 1133/52/2 1134/52/2 1135/52/2 1136/52/2
f 1129/52/3 1130/52/3 1134/52/3 1133/52/3
f 1132/52/4 1136/52/4 1135/52/4 1131/52/4
f 1129/52/5 1133/52/5 1136/52/5 1132/52/5
f 1130/52/6 1131/52/6 1135/52/6 1134/52/6
f 1137/52/1 1140/52/1 1139/52/1 1138/52/1
f 1141/52/2 1142/52/2 1143/52/2 1144/52/2
f 1137/52/3 1138/52/3 1142/52/3 1141/52/3
f 1140/52/4 1144/52/4 1143/52/4 1139/52/4
f 1137/52/5 1141/52/5 1144/52/5 1140/52/5
f 1138/52/6 1139/52/6 1143/52/6 1142/52/6
f 1145/1/1 1148/1/1 1147/1/1 1146/1/1
f 1149/1/2 1150/1/2 1151/1/2 1152/1/2
f 1145/1/3 1146/1/3 1150/1/3 1149/1/3
f 1148/1/4 1152/1/4 1151/1/4 1147/1/4
f 1145/1/5 1149/1/5 1152/1/5 1148/1/5
f 1146/1/6 1147/1/6 1151/1/6 1150/1/6
f 1153/1/1 1156/1/1 1155/1/1 1154/1/1
f 1157/1/2 1158/1/2 1159/1/2 1160/1/2
f 1153/1/3 1154/1/3 1158/1/3 1157/1/3
f 1156/1/4 1160/1/4 1159/1/4 1155/1/4
f 1153/1/5 1157/1/5 1160/1/5 1156/1/5
f 1154/1/6 1155/1/6 1159/1/6 1158/1/6
f 1161/52/1 1164/52/1 1163/52/1 1162/52/1
f 1165/52/2 1166/52/2 1167/52/2 1168/52/2
f 1161/52/3 1162/52/3 1166/52/3 1165/52/3
f 1164/52/4 1168/52/4 1167/52/4 1163/52/4
f 1161/52/5 1165/52/5 1168/52/5 1164/52/5
f 1162/52/6 1163/52/6 1167/52/6 1166/52/6
f 1169/52/1 1172/52/1 1171/52/1 1170/52/1
f 1173/52/2 1174/52/2 1175/52/2 1176/52/2
f 1169/52/3 1170/52/3 1174/52/3 1173/52/3
f 1172/52/4 1176/52/4 1175/52/4 1171/52/4
f 1169/52/5 1173/52/5 1176/52/5 1172/52/5
f 1170/52/6 1171/52/6 1175/52/6 1174/52/6
f 1177/1/1 1180/1/1 1179/1/1 1178/1/1
f 1181/1/2 1182/1/2 1183/1/2 1184/1/2
f 1177/1/3 1178/1/3 1182/1/3 1181/1/3
f 1180/1/4 1184/1/4 1183/1/4 1179/1/4
f 1177/1/5 1181/1/5 1184/1/5 1180/1/5
f 1178/1/6 1179/1/6 1183/1/6 1182/1/6
f 1185/1/1 1188/1/1 1187/1/1 1186/1/1
f 1189/1/2 1190/1/2 1191/1/2 1192/1/2
f 1185/1/3 1186/1/3 1190/1/3 1189/1/3
f 1188/1/4 1192/1/4 1191/1/4 1187/1/4
f 1185/1/5 1189/1/5 1192/1/5 1188/1/5
f 1186/1/6 1187/1/6 1191/1/6 1190/1/6
f 1193/52/1 1196/52/1 1195/52/1 1194/52/1
f 1197/52/2 1198/52/2 1199/52/2 1200/52/2
f 1193/52/3 1194/52/3 1198/52/3 1197/52/3
f 1196/52/4 1200/52/4 1199/52/4 1195/52/4
f 1193/52/5 1197/52/5 1200/52/5 1196/52/5
f 1194/52/6 1195/52/6 1199/52/6 1198/52/6
f 1201/52/1 1204/52/1 1203/52/1 1202/52/1
f 1205/52/2 1206/52/2 1207/52/2 1208/52/2
f 1201/52/3 1202/52/3 1206/52/3 1205/52/3
f 1204/52/4 1208/52/4 1207/52/4 1203/52/4
f 1201/52/5 1205/52/5 1208/52/5 1204/52/5
f 1202/52/6 1203/52/6 1207/52/6 1206/52/6
f 1209/1/1 1212/1/1 1211/1/1 1210/1/1
f 1213/1/2 1214/1/2 1215/1/2 1216/1/2
f 1209/1/3 1210/1/3 1214/1/3 1213/1/3
f 1212/1/4 1216/1/4 1215/1/4 1211/1/4
f 1209/1/5 1213/1/5 1216/1/5 1212/1/5
f 1210/1/6 1211/1/6 1215/1/6 1214/1/6
f 1217/1/1 1220/1/1 1219/1/1 1218/1/1
f 1221/1/2 1222/1/2 1223/1/2 1224/1/2
f 1217/1/3 1218/1/3 1222/1/3 1221/1/3
f 1220/1/4 1224/1/4 1223/1/4 1219/1/4
f 1217/1/5 1221/1/5 1224/1/5 1220/1/5
f 1218/1/6 1219/1/6 1223/1/6 1222/1/6
f 1225/52/1 1228/52/1 1227/52/1 1226/52/1
f 1229/52/2 1230/52/2 1231/52/2 1232/52/2
f 1225/52/3 1226/52/3 1230/52/3 1229/52/3
f 1228/52/4 1232/52/4 1231/52/4 1227/52/4
f 1225/52/5 1229/52/5 1232/52/5 1228/52/5
f 1226/52/6 1227/52/6 1231/52/6 1230/52/6
f 1233/52/1 1236/52/1 1235/52/1 1234/52/1
f 1237/52/2 1238/52/2 1239/52/2 1240/52/2
f 1233/52/3 1234/52/3 1238/52/3 1237/52/3
f 1236/52/4 1240/52/4 1239/52/4 1235/52/4
f 1233/52/5 1237/52/5 1240/52/5 1236/52/5
f 1234/52/6 1235/52/6 1239/52/6 1238/52/6
f 1241/1/1 1244/1/1 1243/1/1 1242/1/1
f 1245/1/2 1246/1/2 1247/1/2 1248/1/2
f 1241/1/3 1242/1/3 1246/1/3 1245/1/3
f 1244/1/4 1248/1/4 1247/1/4 1243/1/4
f 1241/1/5 1245/1/5 1248/1/5 1244/1/5
f 1242/1/6 1243/1/6 1247/1/6 1246/1/6
f 1249/1/1 1252/1/1 1251/1/1 1250/1/1
f 1253/1/2 1254/1/2 1255/1/2 1256/1/2
f 1249/1/3 1250/1/3 1254/1/3 1253/1/3
f 1252/1/4 1256/1/4 1255/1/4 1251/1/4
f 1249/1/5 1253/1/5 1256/1/5 1252/1/5
f 1250/1/6 1251/1/6 1255/1/6 1254/1/6
f 1257/52/1 1260/52/1 1259/52/1 1258/52/1
f 1261/52/2 1262/52/2 1263/52/2 1264/52/2
f 1257/52/3 1258/52/3 1262/52/3 1261/52/3
f 1260/52/4 1264/52/4 1263/52/4 1259/52/4
f 1257/52/5 1261/52/5 1264/52/5 1260/52/5
f 1258/52/6 1259/52/6 1263/52/6 1262/52/6
f 1265/52/1 1268/52/1 1267/52/1 1266/52/1
f 1269/52/2 1270/52/2 1271/52/2 1272/52/2
f 1265/52/3 1266/52/3 1270/52/3 1269/52/3
f 1268/52/4 1272/52/4 1271/52/4 1267/52/4
f 1265/52/5 1269/52/5 1272/52/5 1268/52/5
f 1266/52/6 1267/52/6 1271/52/6 1270/52/6
f 1273/1/1 1276/1/1 1275/1/1 1274/1/1
f 1277/1/2 1278/1/2 1279/1/2 1280/1/2
f 1273/1/3 1274/1/3 1278/1/3 1277/1/3
f 1276/1/4 1280/1/4 1279/1/4 1275/1/4
f 1273/1/5 1277/1/5 1280/1/5 1276/1/5
f 1274/1/6 1275/1/6 1279/1/6 1278/1/6
f 1281/1/1 1284/1/1 1283/1/1 1282/1/1
f 1285/1/2 1286/1/2 1287/1/2 1288/1/2
f 1281/1/3 1282/1/3 1286/1/3 1285/1/3
f 1284/1/4 1288/1/4 1287/1/4 1283/1/4
f 1281/1/5 1285/1/5 1288/1/5 1284/1/5
f 1282/1/6 1283/1/6 1287/1/6 1286/1/6
f 1289/52/1 1292/52/1 1291/52/1 1290/52/1
f 1293/52/2 1294/52/2 1295/52/2 1296/52/2
f 1289/52/3 1290/52/3 1294/52/3 1293/52/3
f 1292/52/4 1296/52/4 1295/52/4 1291/52/4
f 1289/52/5 1293/52/5 1296/52/5 1292/52/5
f 1290/52/6 1291/52/6 1295/52/6 1294/52/6
f 1297/52/1 1300/52/1 1299/52/1 1298/52/1
f 1301/52/2 1302/52/2 1303/52/2 1304/52/2
f 1297/52/3 1298/52/3 1302/52/3 1301/52/3
f 1300/52/4 1304/52/4 1303/52/4 1299/52/4
f 1297/52/5 1301/52/5 1304/52/5 1300/52/5
f 1298/52/6 1299/52/6 1303/52/6 1302/52/6
f 1305/1/1 1308/1/1 1307/1/1 1306/1/1
f 1309/1/2 1310/1/2 1311/1/2 1312/1/2
f 1305/1/3 1306/1/3 1310/1/3 1309/1/3
f 1308/1/4 1312/1/4 1311/1/4 1307/1/4
f 1305/1/5 1309/1/5 1312/1/5 1308/1/5
f 1306/1/6 1307/1/6 1311/1/6 1310/1/6
f 1313/1/1 1316/1/1 1315/1/1 1314/1/1
f 1317/1/2 1318/1/2 1319/1/2 1320/1/2
f 1313/1/3 1314/1/3 1318/1/3 1317/1/3
f 1316/1/4 1320/1/4 1319/1/4 1315/1/4
f 1313/1/5 1317/1/5 1320/1/5 1316/1/5
f 1314/1/6 1315/1/6 1319/1/6 1318/1/6
f 1321/52/1 1324/52/1 1323/52/1 1322/52/1
f 1325/52/2 1326/52/2 1327/52/2 1328/52/2
f 1321/52/3 1322/52/3 1326/52/3 1325/52/3
f 1324/52/4 1328/52/4 1327/52/4 1323/52/4
f 1321/52/5 1325/52/5 1328/52/5 1324/52/5
f 1322/52/6 1323/52/6 1327/52/6 1326/52/6
f 1329/52/1 1332/52/1 1331/52/1 1330/52/1
f 1333/52/2 1334/52/2 1335/52/2 1336/52/2
f 1329/52/3 1330/52/3 1334/52/3 1333/52/3
f 1332/52/4 1336/52/4 1335/52/4 1331/52/4
f 1329/52/5 1333/52/5 1336/52/5 1332/52/5
f 1330/52/6 1331/52/6 1335/52/6 1334/52/6
f 1337/1/1 1340/1/1 1339/1/1 1338/1/1
f 1341/1/2 1342/1/2 1343/1/2 1344/1/2
f 1337/1/3 1338/1/3 1342/1/3 1341/1/3
f 1340/1/4 1344/1/4 1343/1/4 1339/1/4
f 1337/1/5 1341/1/5 1344/1/5 1340/1/5
f 1338/1/6 1339/1/6 1343/1/6 1342/1/6
f 1345/1/1 1348/1/1 1347/1/1 1346/1/1
f 1349/1/2 1350/1/2 1351/1/2 1352/1/2
f 1345/1/3 1346/1/3 1350/1/3 1349/1/3
f 1348/1/4 1352/1/4 1351/1/4 1347/1/4
f 1345/1/5 1349/1/5 1352/1/5 1348/1/5
f 1346/1/6 1347/1/6 1351/1/6 1350/1/6
f 1353/52/1 1356/52/1 1355/52/1 1354/52/1
f 1357/52/2 1358/52/2 1359/52/2 1360/52/2
f 1353/52/3 1354/52/3 1358/52/3 1357/52/3
f 1356/52/4 1360/52/4 1359/52/4 1355/52/4
f 1353/52/5 1357/52/5 1360/52/5 1356/52/5
f 1354/52/6 1355/52/6 1359/52/6 1358/52/6
f 1361/52/1 1364/52/1 1363/52/1 1362/52/1
f 1365/52/2 1366/52/2 1367/52/2 1368/52/2
f 1361/52/3 1362/52/3 1366/52/3 1365/52/3
f 1364/52/4 1368/52/4 1367/52/4 1363/52/4
f 1361/52/5 1365/52/5 1368/52/5 1364/52/5
f 1362/52/6 1363/52/6 1367/52/6 1366/52/6
f 1369/1/1 1372/1/1 1371/1/1 1370/1/1
f 1373/1/2 1374/1/2 1375/1/2 1376/1/2
f 1369/1/3 1370/1/3 1374/1/3 1373/1/3
f 1372/1/4 1376/1/4 1375/1/4 1371/1/4
f 1369/1/5 1373/1/5 1376/1/5 1372/1/5
f 1370/1/6 1371/1/6 1375/1/6 1374/1/6
f 1377/1/1 1380/1/1 1379/1/1 1378/1/1
f 1381/1/2 1382/1/2 1383/1/2 1384/1/2
f 1377/1/3 1378/1/3 1382/1/3 1381/1/3
f 1380/1/4 1384/1/4 1383/1/4 1379/1/4
f 1377/1/5 1381/1/5 1384/1/5 1380/1/5
f 1378/1/6 1379/1/6 1383/1/6 1382/1/6
f 1385/52/1 1388/52/1 1387/52/1 1386/52/1
f 1389/52/2 1390/52/2 1391/52/2 1392/52/2
f 1385/52/3 1386/52/3 1390/52/3 1389/52/3
f 1388/52/4 1392/52/4 1391/52/4 1387/52/4
f 1385/52/5 1389/52/5 1392/52/5 1388/52/5
f 1386/52/6 1387/52/6 1391/52/6 1390/52/6
f 1393/52/1 1396/52/1 1395/52/1 1394/52/1
f 1397/52/2 1398/52/2 1399/52/2 1400/52/2
f 1393/52/3 1394/52/3 1398/52/3 1397/52/3
f 1396/52/4 1400/52/4 1399/52/4 1395/52/4
f 1393/52/5 1397/52/5 1400/52/5 1396/52/5
f 1394/52/6 1395/52/6 1399/52/6 1398/52/6
f 1401/1/1 1404/1/1 1403/1/1 1402/1/1
f 1405/1/2 1406/1/2 1407/1/2 1408/1/2
f 1401/1/3 1402/1/3 1406/1/3 1405/1/3
f 1404/1/4 1408/1/4 1407/1/4 1403/1/4
f 1401/1/5 1405/1/5 1408/1/5 1404/1/5
f 1402/1/6 1403/1/6 1407/1/6 1406/1/6
f 1409/1/1 1412/1/1 1411/1/1 1410/1/1
f 1413/1/2 1414/1/2 1415/1/2 1416/1/2
f 1409/1/3 1410/1/3 1414/1/3 1413/1/3
f 1412/1/4 1416/1/4 1415/1/4 1411/1/4
f 1409/1/5 1413/1/5 1416/1/5 1412/1/5
f 1410/1/6 1411/1/6 1415/1/6 1414/1/6
f 1417/52/1 1420/52/1 1419/52/1 1418/52/1
f 1421/52/2 1422/52/2 1423/52/2 1424/52/2
f 1417/52/3 1418/52/3 1422/52/3 1421/52/3
f 1420/52/4 1424/52/4 1423/52/4 1419/52/4
f 1417/52/5 1421/52/5 1424/52/5 1420/52/5
f 1418/52/6 1419/52/6 1423/52/6 1422/52/6
f 1425/52/1 1428/52/1 1427/52/1 1426/52/1
f 1429/52/2 1430/52/2 1431/52/2 1432/52/2
f 1425/52/3 1426/52/3 1430/52/3 1429/52/3
f 1428/52/4 1432/52/4 1431/52/4 1427/52/4
f 1425/52/5 1429/52/5 1432/52/5 1428/52/5
f 1426/52/6 1427/52/6 1431/52/6 1430/52/6
f 1433/1/1 1436/1/1 1435/1/1 1434/1/1
f 1437/1/2 1438/1/2 1439/1/2 1440/1/2
f 1433/1/3 1434/1/3 1438/1/3 1437/1/3
f 1436/1/4 1440/1/4 1439/1/4 1435/1/4
f 1433/1/5 1437/1/5 1440/1/5 1436/1/5
f 1434/1/6 1435/1/6 1439/1/6 1438/1/6
f 1441/1/1 1444/1/1 1443/1/1 1442/1/1
f 1445/1/2 1446/1/2 1447/1/2 1448/1/2
f 1441/1/3 1442/1/3 1446/1/3 1445/1/3
f 1444/1/4 1448/1/4 1447/1/4 1443/1/4
f 1441/1/5 1445/1/5 1448/1/5 1444/1/5
f 1442/1/6 1443/1/6 1447/1/6 1446/1/6
f 1449/52/1 1452/52/1 1451/52/1 1450/52/1
f 1453/52/2 1454/52/2 1455/52/2 1456/52/2
f 1449/52/3 1450/52/3 1454/52/3 1453/52/3
f 1452/52/4 1456/52/4 1455/52/4 1451/52/4
f 1449/52/5 1453/52/5 1456/52/5 1452/52/5
f 1450/52/6 1451/52/6 1455/52/6 1454/52/6
f 1457/52/1 1460/52/1 1459/52/1 1458/52/1
f 1461/52/2 1462/52/2 1463/52/2 1464/52/2
f 1457/52/3 1458/52/3 1462/52/3 1461/52/3
f 1460/52/4 1464/52/4 1463/52/4 1459/52/4
f 1457/52/5 1461/52/5 1464/52/5 1460/52/5
f 1458/52/6 1459/52/6 1463/52/6 1462/52/6
f 1465/1/1 1468/1/1 1467/1/1 1466/1/1
f 1469/1/2 1470/1/2 1471/1/2 1472/1/2
f 1465/1/3 1466/1/3 1470/1/3 1469/1/3
f 1468/1/4 1472/1/4 1471/1/4 1467/1/4
f 1465/1/5 1469/1/5 1472/1/5 1468/1/5
f 1466/1/6 1467/1/6 1471/1/6 1470/1/6
f 1473/1/1 1476/1/1 1475/1/1 1474/1/1
f 1477/1/2 1478/1/2 1479/1/2 1480/1/2
f 1473/1/3 1474/1/3 1478/1/3 1477/1/3
f 1476/1/4 1480/1/4 1479/1/4 1475/1/4
f 1473/1/5 1477/1/5 1480/1/5 1476/1/5
f 1474/1/6 1475/1/6 1479/1/6 1478/1/6
f 1481/52/1 1484/52/1 1483/52/1 1482/52/1
f 1485/52/2 1486/52/2 1487/52/2 1488/52/2
f 1481/52/3 1482/52/3 1486/52/3 1485/52/3
f 1484/52/4 1488/52/4 1487/52/4 1483/52/4
f 1481/52/5 1485/52/5 1488/52/5 1484/52/5
f 1482/52/6 1483/52/6 1487/52/6 1486/52/6
f 1489/52/1 1492/52/1 1491/52/1 1490/52/1
f 1493/52/2 1494/52/2 1495/52/2 1496/52/2
f 1489/52/3 1490/52/3 1494/52/3 1493/52/3
f 1492/52/4 1496/52/4 1495/52/4 1491/52/4
f 1489/52/5 1493/52/5 1496/52/5 1492/52/5
f 1490/52/6 1491/52/6 1495/52/6 1494/52/6
f 1497/1/1 1500/1/1 1499/1/1 1498/1/1
f 1501/1/2 1502/1/2 1503/1/2 1504/1/2
f 1497/1/3 1498/1/3 1502/1/3 1501/1/3
f 1500/1/4 1504/1/4 1503/1/4 1499/1/4
f 1497/1/5 1501/1/5 1504/1/5 1500/1/5
f 1498/1/6 1499/1/6 1503/1/6 1502/1/6
f 1505/1/1 1508/1/1 1507/1/1 1506/1/1
f 1509/1/2 1510/1/2 1511/1/2 1512/1/2
f 1505/1/3 1506/1/3 1510/1/3 1509/1/3
f 1508/1/4 1512/1/4 1511/1/4 1507/1/4
f 1505/1/5 1509/1/5 1512/1/5 1508/1/5
f 1506/1/6 1507/1/6 1511/1/6 1510/1/6
f 1513/52/1 1516/52/1 1515/52/1 1514/52/1
f 1517/52/2 1518/52/2 1519/52/2 1520/52/2
f 1513/52/3 1514/52/3 1518/52/3 1517/52/3
f 1516/52/4 1520/52/4 1519/52/4 1515/52/4
f 1513/52/5 1517/52/5 1520/52/5 1516/52/5
f 1514/52/6 1515/52/6 1519/52/6 1518/52/6
f 1521/52/1 1524/52/1 1523/52/1 1522/52/1
f 1525/52/2 1526/52/2 1527/52/2 1528/52/2
f 1521/52/3 1522/52/3 1526/52/3 1525/52/3
f 1524/52/4 1528/52/4 1527/52/4 1523/52/4
f 1521/52/5 1525/52/5 1528/52/5 1524/52/5
f 1522/52/6 1523/52/6 1527/52/6 1526/52/6
f 1529/1/1 1532/1/1 1531/1/1 1530/1/1
f 1533/1/2 1534/1/2 1535/1/2 1536/1/2
f 1529/1/3 1530/1/3 1534/1/3 1533/1/3
f 1532/1/4 1536/1/4 1535/1/4 1531/1/4
f 1529/1/5 1533/1/5 1536/1/5 1532/1/5
f 1530/1/6 1531/1/6 1535/1/6 1534/1/6
f 1537/1/1 1540/1/1 1539/1/1 1538/1/1
f 1541/1/2 1542/1/2 1543/1/2 1544/1/2
f 1537/1/3 1538/1/3 1542/1/3 1541/1/3
f 1540/1/4 1544/1/4 1543/1/4 1539/1/4
f 1537/1/5 1541/1/5 1544/1/5 1540/1/5
f 1538/1/6 1539/1/6 1543/1/6 1542/1/6
f 1545/52/1 1548/52/1 1547/52/1 1546/52/1
f 1549/52/2 1550/52/2 1551/52/2 1552/52/2
f 1545/52/3 1546/52/3 1550/52/3 1549/52/3
f 1548/52/4 1552/52/4 1551/52/4 1547/52/4
f 1545/52/5 1549/52/5 1552/52/5 1548/52/5
f 1546/52/6 1547/52/6 1551/52/6 1550/52/6
f 1553/52/1 1556/52/1 1555/52/1 1554/52/1
f 1557/52/2 1558/52/2 1559/52/2 1560/52/2
f 1553/52/3 1554/52/3 1558/52/3 1557/52/3
f 1556/52/4 1560/52/4 1559/52/4 1555/52/4
f 1553/52/5 1557/52/5 1560/52/5 1556/52/5
f 1554/52/6 1555/52/6 1559/52/6 1558/52/6
f 1561/31/1 1564/31/1 1563/31/1 1562/31/1
f 1565/31/2 1566/31/2 1567/31/2 1568/31/2
f 1561/31/3 1562/31/3 1566/31/3 1565/31/3
f 1564/31/4 1568/31/4 1567/31/4 1563/31/4
f 1561/31/5 1565/31/5 1568/31/5 1564/31/5
f 1562/31/6 1563/31/6 1567/31/6 1566/31/6
f 1569/31/1 1572/31/1 1571/31/1 1570/31/1
f 1573/31/2 1574/31/2 1575/31/2 1576/31/2
f 1569/31/3 1570/31/3 1574/31/3 1573/31/3
f 1572/31/4 1576/31/4 1575/31/4 1571/31/4
f 1569/31/5 1573/31/5 1576/31/5 1572/31/5
f 1570/31/6 1571/31/6 1575/31/6 1574/31/6
f 1577/52/1 1580/52/1 1579/52/1 1578/52/1
f 1581/52/2 1582/52/2 1583/52/2 1584/52/2
f 1577/52/3 1578/52/3 1582/52/3 1581/52/3
f 1580/52/4 1584/52/4 1583/52/4 1579/52/4
f 1577/52/5 1581/52/5 1584/52/5 1580/52/5
f 1578/52/6 1579/52/6 1583/52/6 1582/52/6
f 1585/52/1 1588/52/1 1587/52/1 1586/52/1
f 1589/52/2 1590/52/2 1591/52/2 1592/52/2
f 1585/52/3 1586/52/3 1590/52/3 1589/52/3
f 1588/52/4 1592/52/4 1591/52/4 1587/52/4
f 1585/52/5 1589/52/5 1592/52/5 1588/52/5
f 1586/52/6 1587/52/6 1591/52/6 1590/52/6
f 1593/39/1 1596/39/1 1595/39/1 1594/39/1
f 1597/39/2 1598/39/2 1599/39/2 1600/39/2
f 1593/39/3 1594/39/3 1598/39/3 1597/39/3
f 1596/39/4 1600/39/4 1599/39/4 1595/39/4
f 1593/39/5 1597/39/5 1600/39/5 1596/39/5
f 1594/39/6 1595/39/6 1599/39/6 1598/39/6
f 1601/39/1 1604/39/1 1603/39/1 1602/39/1
f 1605/39/2 1606/39/2 1607/39/2 1608/39/2
f 1601/39/3 1602/39/3 1606/39/3 1605/39/3
f 1604/39/4 1608/39/4 1607/39/4 1603/39/4
f 1601/39/5 1605/39/5 1608/39/5 1604/39/5
f 1602/39/6 1603/39/6 1607/39/6 1606/39/6
f 1609/30/1 1612/30/1 1611/30/1 1610/30/1
f 1613/30/2 1614/30/2 1615/30/2 1616/30/2
f 1609/30/3 1610/30/3 1614/30/3 1613/30/3
f 1612/30/4 1616/30/4 1615/30/4 1611/30/4
f 1609/30/5 1613/30/5 1616/30/5 1612/30/5
f 1610/30/6 1611/30/6 1615/30/6 1614/30/6
f 1617/30/1 1620/30/1 1619/30/1 1618/30/1
f 1621/30/2 1622/30/2 1623/30/2 1624/30/2
f 1617/30/3 1618/30/3 1622/30/3 1621/30/3
f 1620/30/4 1624/30/4 1623/30/4 1619/30/4
f 1617/30/5 1621/30/5 1624/30/5 1620/30/5
f 1618/30/6 1619/30/6 1623/30/6 1622/30/6
f 1625/52/1 1628/52/1 1627/52/1 1626/52/1
f 1629/52/2 1630/52/2 1631/52/2 1632/52/2
f 1625/52/3 1626/52/3 1630/52/3 1629/52/3
f 1628/52/4 1632/52/4 1631/52/4 1627/52/4
f 1625/52/5 1629/52/5 1632/52/5 1628/52/5
f 1626/52/6 1627/52/6 1631/52/6 1630/52/6
f 1633/52/1 1636/52/1 1635/52/1 1634/52/1
f 1637/52/2 1638/52/2 1639/52/2 1640/52/2
f 1633/52/3 1634/52/3 1638/52/3 1637/52/3
f 1636/52/4 1640/52/4 1639/52/4 1635/52/4
f 1633/52/5 1637/52/5 1640/52/5 1636/52/5
f 1634/52/6 1635/52/6 1639/52/6 1638/52/6
f 1641/52/1 1644/52/1 1643/52/1 1642/52/1
f 1645/52/2 1646/52/2 1647/52/2 1648/52/2
f 1641/52/3 1642/52/3 1646/52/3 1645/52/3
f 1644/52/4 1648/52/4 1647/52/4 1643/52/4
f 1641/52/5 1645/52/5 1648/52/5 1644/52/5
f 1642/52/6 1643/52/6 1647/52/6 1646/52/6
f 1649/52/1 1652/52/1 1651/52/1 1650/52/1
f 1653/52/2 1654/52/2 1655/52/2 1656/52/2
f 1649/52/3 1650/52/3 1654/52/3 1653/52/3
f 1652/52/4 1656/52/4 1655/52/4 1651/52/4
f 1649/52/5 1653/52/5 1656/52/5 1652/52/5
f 1650/52/6 1651/52/6 1655/52/6 1654/52/6
f 1657/52/1 1660/52/1 1659/52/1 1658/52/1
f 1661/52/2 1662/52/2 1663/52/2 1664/52/2
f 1657/52/3 1658/52/3 1662/52/3 1661/52/3
f 1660/52/4 1664/52/4 1663/52/4 1659/52/4
f 1657/52/5 1661/52/5 1664/52/5 1660/52/5
f 1658/52/6 1659/52/6 1663/52/6 1662/52/6
f 1665/52/1 1668/52/1 1667/52/1 1666/52/1
f 1669/52/2 1670/52/2 1671/52/2 1672/52/2
f 1665/52/3 1666/52/3 1670/52/3 1669/52/3
f 1668/52/4 1672/52/4 1671/52/4 1667/52/4
f 1665/52/5 1669/52/5 1672/52/5 1668/52/5
f 1666/52/6 1667/52/6 1671/52/6 1670/52/6
f 1673/30/1 1676/30/1 1675/30/1 1674/30/1
f 1677/30/2 1678/30/2 1679/30/2 1680/30/2
f 1673/30/3 1674/30/3 1678/30/3 1677/30/3
f 1676/30/4 1680/30/4 1679/30/4 1675/30/4
f 1673/30/5 1677/30/5 1680/30/5 1676/30/5
f 1674/30/6 1675/30/6 1679/30/6 1678/30/6
f 1681/30/1 1684/30/1 1683/30/1 1682/30/1
f 1685/30/2 1686/30/2 1687/30/2 1688/30/2
f 1681/30/3 1682/30/3 1686/30/3 1685/30/3
f 1684/30/4 1688/30/4 1687/30/4 1683/30/4
f 1681/30/5 1685/30/5 1688/30/5 1684/30/5
f 1682/30/6 1683/30/6 1687/30/6 1686/30/6
f 1689/39/1 1692/39/1 1691/39/1 1690/39/1
f 1693/39/2 1694/39/2 1695/39/2 1696/39/2
f 1689/39/3 1690/39/3 1694/39/3 1693/39/3
f 1692/39/4 1696/39/4 1695/39/4 1691/39/4
f 1689/39/5 1693/39/5 1696/39/5 1692/39/5
f 1690/39/6 1691/39/6 1695/39/6 1694/39/6
f 1697/39/1 1700/39/1 1699/39/1 1698/39/1
f 1701/39/2 1702/39/2 1703/39/2 1704/39/2
f 1697/39/3 1698/39/3 1702/39/3 1701/39/3
f 1700/39/4 1704/39/4 1703/39/4 1699/39/4
f 1697/39/5 1701/39/5 1704/39/5 1700/39/5
f 1698/39/6 1699/39/6 1703/39/6 1702/39/6
f 1705/39/1 1708/39/1 1707/39/1 1706/39/1
f 1709/39/2 1710/39/2 1711/39/2 1712/39/2
f 1705/39/3 1706/39/3 1710/39/3 1709/39/3
f 1708/39/4 1712/39/4 1711/39/4 1707/39/4
f 1705/39/5 1709/39/5 1712/39/5 1708/39/5
f 1706/39/6 1707/39/6 1711/39/6 1710/39/6
f 1713/39/1 1716/39/1 1715/39/1 1714/39/1
f 1717/39/2 1718/39/2 1719/39/2 1720/39/2
f 1713/39/3 1714/39/3 1718/39/3 1717/39/3
f 1716/39/4 1720/39/4 1719/39/4 1715/39/4
f 1713/39/5 1717/39/5 1720/39/5 1716/39/5
f 1714/39/6 1715/39/6 1719/39/6 1718/39/6
f 1721/30/1 1724/30/1 1723/30/1 1722/30/1
f 1725/30/2 1726/30/2 1727/30/2 1728/30/2
f 1721/30/3 1722/30/3 1726/30/3 1725/30/3
f 1724/30/4 1728/30/4 1727/30/4 1723/30/4
f 1721/30/5 1725/30/5 1728/30/5 1724/30/5
f 1722/30/6 1723/30/6 1727/30/6 1726/30/6
f 1729/30/1 1732/30/1 1731/30/1 1730/30/1
f 1733/30/2 1734/30/2 1735/30/2 1736/30/2
f 1729/30/3 1730/30/3 1734/30/3 1733/30/3
f 1732/30/4 1736/30/4 1735/30/4 1731/30/4
f 1729/30/5 1733/30/5 1736/30/5 1732/30/5
f 1730/30/6 1731/30/6 1735/30/6 1734/30/6
f 1737/52/1 1740/52/1 1739/52/1 1738/52/1
f 1741/52/2 1742/52/2 1743/52/2 1744/52/2
f 1737/52/3 1738/52/3 1742/52/3 1741/52/3
f 1740/52/4 1744/52/4 1743/52/4 1739/52/4
f 1737/52/5 1741/52/5 1744/52/5 1740/52/5
f 1738/52/6 1739/52/6 1743/52/6 1742/52/6
f 1745/52/1 1748/52/1 1747/52/1 1746/52/1
f 1749/52/2 1750/52/2 1751/52/2 1752/52/2
f 1745/52/3 1746/52/3 1750/52/3 1749/52/3
f 1748/52/4 1752/52/4 1751/52/4 1747/52/4
f 1745/52/5 1749/52/5 1752/52/5 1748/52/5
f 1746/52/6 1747/52/6 1751/52/6 1750/52/6
f 1753/52/1 1756/52/1 1755/52/1 1754/52/1
f 1757/52/2 1758/52/2 1759/52/2 1760/52/2
f 1753/52/3 1754/52/3 1758/52/3 1757/52/3
f 1756/52/4 1760/52/4 1759/52/4 1755/52/4
f 1753/52/5 1757/52/5 1760/52/5 1756/52/5
f 1754/52/6 1755/52/6 1759/52/6 1758/52/6
f 1761/52/1 1764/52/1 1763/52/1 1762/52/1
f 1765/52/2 1766/52/2 1767/52/2 1768/52/2
f 1761/52/3 1762/52/3 1766/52/3 1765/52/3
f 1764/52/4 1768/52/4 1767/52/4 1763/52/4
f 1761/52/5 1765/52/5 1768/52/5 1764/52/5
f 1762/52/6 1763/52/6 1767/52/6 1766/52/6
f 1769/52/1 1772/52/1 1771/52/1 1770/52/1
f 1773/52/2 1774/52/2 1775/52/2 1776/52/2
f 1769/52/3 1770/52/3 1774/52/3 1773/52/3
f 1772/52/4 1776/52/4 1775/52/4 1771/52/4
f 1769/52/5 1773/52/5 1776/52/5 1772/52/5
f 1770/52/6 1771/52/6 1775/52/6 1774/52/6
f 1777/52/1 1780/52/1 1779/52/1 1778/52/1
f 1781/52/2 1782/52/2 1783/52/2 1784/52/2
f 1777/52/3 1778/52/3 1782/52/3 1781/52/3
f 1780/52/4 1784/52/4 1783/52/4 1779/52/4
f 1777/52/5 1781/52/5 1784/52/5 1780/52/5
f 1778/52/6 1779/52/6 1783/52/6 1782/52/6
f 1785/30/1 1788/30/1 1787/30/1 1786/30/1
f 1789/30/2 1790/30/2 1791/30/2 1792/30/2
f 1785/30/3 1786/30/3 1790/30/3 1789/30/3
f 1788/30/4 1792/30/4 1791/30/4 1787/30/4
f 1785/30/5 1789/30/5 1792/30/5 1788/30/5
f 1786/30/6 1787/30/6 1791/30/6 1790/30/6
f 1793/30/1 1796/30/1 1795/30/1 1794/30/1
f 1797/30/2 1798/30/2 1799/30/2 1800/30/2
f 1793/30/3 1794/30/3 1798/30/3 1797/30/3
f 1796/30/4 1800/30/4 1799/30/4 1795/30/4
f 1793/30/5 1797/30/5 1800/30/5 1796/30/5
f 1794/30/6 1795/30/6 1799/30/6 1798/30/6
f 1801/39/1 1804/39/1 1803/39/1 1802/39/1
f 1805/39/2 1806/39/2 1807/39/2 1808/39/2
f 1801/39/3 1802/39/3 1806/39/3 1805/39/3
f 1804/39/4 1808/39/4 1807/39/4 1803/39/4
f 1801/39/5 1805/39/5 1808/39/5 1804/39/5
f 1802/39/6 1803/39/6 1807/39/6 1806/39/6
f 1809/39/1 1812/39/1 1811/39/1 1810/39/1
f 1813/39/2 1814/39/2 1815/39/2 1816/39/2
f 1809/39/3 1810/39/3 1814/39/3 1813/39/3
f 1812/39/4 1816/39/4 1815/39/4 1811/39/4
f 1809/39/5 1813/39/5 1816/39/5 1812/39/5
f 1810/39/6 1811/39/6 1815/39/6 1814/39/6
f 1817/39/1 1820/39/1 1819/39/1 1818/39/1
f 1821/39/2 1822/39/2 1823/39/2 1824/39/2
f 1817/39/3 1818/39/3 1822/39/3 1821/39/3
f 1820/39/4 1824/39/4 1823/39/4 1819/39/4
f 1817/39/5 1821/39/5 1824/39/5 1820/39/5
f 1818/39/6 1819/39/6 1823/39/6 1822/39/6
f 1825/39/1 1828/39/1 1827/39/1 1826/39/1
f 1829/39/2 1830/39/2 1831/39/2 1832/39/2
f 1825/39/3 1826/39/3 1830/39/3 1829/39/3
f 1828/39/4 1832/39/4 1831/39/4 1827/39/4
f 1825/39/5 1829/39/5 1832/39/5 1828/39/5
f 1826/39/6 1827/39/6 1831/39/6 1830/39/6
f 1833/30/1 1836/30/1 1835/30/1 1834/30/1
f 1837/30/2 1838/30/2 1839/30/2 1840/30/2
f 1833/30/3 1834/30/3 1838/30/3 1837/30/3
f 1836/30/4 1840/30/4 1839/30/4 1835/30/4
f 1833/30/5 1837/30/5 1840/30/5 1836/30/5
f 1834/30/6 1835/30/6 1839/30/6 1838/30/6
f 1841/30/1 1844/30/1 1843/30/1 1842/30/1
f 1845/30/2 1846/30/2 1847/30/2 1848/30/2
f 1841/30/3 1842/30/3 1846/30/3 1845/30/3
f 1844/30/4 1848/30/4 1847/30/4 1843/30/4
f 1841/30/5 1845/30/5 1848/30/5 1844/30/5
f 1842/30/6 1843/30/6 1847/30/6 1846/30/6
f 1849/53/1 1852/53/1 1851/53/1 1850/53/1
f 1853/53/2 1854/53/2 1855/53/2 1856/53/2
f 1849/53/3 1850/53/3 1854/53/3 1853/53/3
f 1852/53/4 1856/53/4 1855/53/4 1851/53/4
f 1849/53/5 1853/53/5 1856/53/5 1852/53/5
f 1850/53/6 1851/53/6 1855/53/6 1854/53/6
f 1857/53/1 1860/53/1 1859/53/1 1858/53/1
f 1861/53/2 1862/53/2 1863/53/2 1864/53/2
f 1857/53/3 1858/53/3 1862/53/3 1861/53/3
f 1860/53/4 1864/53/4 1863/53/4 1859/53/4
f 1857/53/5 1861/53/5 1864/53/5 1860/53/5
f 1858/53/6 1859/53/6 1863/53/6 1862/53/6
f 1865/53/1 1868/53/1 1867/53/1 1866/53/1
f 1869/53/2 1870/53/2 1871/53/2 1872/53/2
f 1865/53/3 1866/53/3 1870/53/3 1869/53/3
f 1868/53/4 1872/53/4 1871/53/4 1867/53/4
f 1865/53/5 1869/53/5 1872/53/5 1868/53/5
f 1866/53/6 1867/53/6 1871/53/6 1870/53/6
f 1873/53/1 1876/53/1 1875/53/1 1874/53/1
f 1877/53/2 1878/53/2 1879/53/2 1880/53/2
f 1873/53/3 1874/53/3 1878/53/3 1877/53/3
f 1876/53/4 1880/53/4 1879/53/4 1875/53/4
f 1873/53/5 1877/53/5 1880/53/5 1876/53/5
f 1874/53/6 1875/53/6 1879/53/6 1878/53/6
f 1881/52/1 1884/52/1 1883/52/1 1882/52/1
f 1885/52/2 1886/52/2 1887/52/2 1888/52/2
f 1881/52/3 1882/52/3 1886/52/3 1885/52/3
f 1884/52/4 1888/52/4 1887/52/4 1883/52/4
f 1881/52/5 1885/52/5 1888/52/5 1884/52/5
f 1882/52/6 1883/52/6 1887/52/6 1886/52/6
f 1889/52/1 1892/52/1 1891/52/1 1890/52/1
f 1893/52/2 1894/52/2 1895/52/2 1896/52/2
f 1889/52/3 1890/52/3 1894/52/3 1893/52/3
f 1892/52/4 1896/52/4 1895/52/4 1891/52/4
f 1889/52/5 1893/52/5 1896/52/5 1892/52/5
f 1890/52/6 1891/52/6 1895/52/6 1894/52/6
f 1897/53/1 1900/53/1 1899/53/1 1898/53/1
f 1901/53/2 1902/53/2 1903/53/2 1904/53/2
f 1897/53/3 1898/53/3 1902/53/3 1901/53/3
f 1900/53/4 1904/53/4 1903/53/4 1899/53/4
f 1897/53/5 1901/53/5 1904/53/5 1900/53/5
f 1898/53/6 1899/53/6 1903/53/6 1902/53/6
f 1905/53/1 1908/53/1 1907/53/1 1906/53/1
f 1909/53/2 1910/53/2 1911/53/2 1912/53/2
f 1905/53/3 1906/53/3 1910/53/3 1909/53/3
f 1908/53/4 1912/53/4 1911/53/4 1907/53/4
f 1905/53/5 1909/53/5 1912/53/5 1908/53/5
f 1906/53/6 1907/53/6 1911/53/6 1910/53/6
f 1913/53/1 1916/53/1 1915/53/1 1914/53/1
f 1917/53/2 1918/53/2 1919/53/2 1920/53/2
f 1913/53/3 1914/53/3 1918/53/3 1917/53/3
f 1916/53/4 1920/53/4 1919/53/4 1915/53/4
f 1913/53/5 1917/53/5 1920/53/5 1916/53/5
f 1914/53/6 1915/53/6 1919/53/6 1918/53/6
f 1921/53/1 1924/53/1 1923/53/1 1922/53/1
f 1925/53/2 1926/53/2 1927/53/2 1928/53/2
f 1921/53/3 1922/53/3 1926/53/3 1925/53/3
f 1924/53/4 1928/53/4 1927/53/4 1923/53/4
f 1921/53/5 1925/53/5 1928/53/5 1924/53/5
f 1922/53/6 1923/53/6 1927/53/6 1926/53/6
f 1929/30/1 1932/30/1 1931/30/1 1930/30/1
f 1933/30/2 1934/30/2 1935/30/2 1936/30/2
f 1929/30/3 1930/30/3 1934/30/3 1933/30/3
f 1932/30/4 1936/30/4 1935/30/4 1931/30/4
f 1929/30/5 1933/30/5 1936/30/5 1932/30/5
f 1930/30/6 1931/30/6 1935/30/6 1934/30/6
f 1937/30/1 1940/30/1 1939/30/1 1938/30/1
f 1941/30/2 1942/30/2 1943/30/2 1944/30/2
f 1937/30/3 1938/30/3 1942/30/3 1941/30/3
f 1940/30/4 1944/30/4 1943/30/4 1939/30/4
f 1937/30/5 1941/30/5 1944/30/5 1940/30/5
f 1938/30/6 1939/30/6 1943/30/6 1942/30/6
f 1945/39/1 1948/39/1 1947/39/1 1946/39/1
f 1949/39/2 1950/39/2 1951/39/2 1952/39/2
f 1945/39/3 1946/39/3 1950/39/3 1949/39/3
f 1948/39/4 1952/39/4 1951/39/4 1947/39/4
f 1945/39/5 1949/39/5 1952/39/5 1948/39/5
f 1946/39/6 1947/39/6 1951/39/6 1950/39/6
f 1953/39/1 1956/39/1 1955/39/1 1954/39/1
f 1957/39/2 1958/39/2 1959/39/2 1960/39/2
f 1953/39/3 1954/39/3 1958/39/3 1957/39/3
f 1956/39/4 1960/39/4 1959/39/4 1955/39/4
f 1953/39/5 1957/39/5 1960/39/5 1956/39/5
f 1954/39/6 1955/39/6 1959/39/6 1958/39/6
f 1961/39/1 1964/39/1 1963/39/1 1962/39/1
f 1965/39/2 1966/39/2 1967/39/2 1968/39/2
f 1961/39/3 1962/39/3 1966/39/3 1965/39/3
f 1964/39/4 1968/39/4 1967/39/4 1963/39/4
f 1961/39/5 1965/39/5 1968/39/5 1964/39/5
f 1962/39/6 1963/39/6 1967/39/6 1966/39/6
f 1969/39/1 1972/39/1 1971/39/1 1970/39/1
f 1973/39/2 1974/39/2 1975/39/2 1976/39/2
f 1969/39/3 1970/39/3 1974/39/3 1973/39/3
f 1972/39/4 1976/39/4 1975/39/4 1971/39/4
f 1969/39/5 1973/39/5 1976/39/5 1972/39/5
f 1970/39/6 1971/39/6 1975/39/6 1974/39/6
f 1977/30/1 1980/30/1 1979/30/1 1978/30/1
f 1981/30/2 1982/30/2 1983/30/2 1984/30/2
f 1977/30/3 1978/30/3 1982/30/3 1981/30/3
f 1980/30/4 1984/30/4 1983/30/4 1979/30/4
f 1977/30/5 1981/30/5 1984/30/5 1980/30/5
f 1978/30/6 1979/30/6 1983/30/6 1982/30/6
f 1985/30/1 1988/30/1 1987/30/1 1986/30/1
f 1989/30/2 1990/30/2 1991/30/2 1992/30/2
f 1985/30/3 1986/30/3 1990/30/3 1989/30/3
f 1988/30/4 1992/30/4 1991/30/4 1987/30/4
f 1985/30/5 1989/30/5 1992/30/5 1988/30/5
f 1986/30/6 1987/30/6 1991/30/6 1990/30/6
f 1993/53/1 1996/53/1 1995/53/1 1994/53/1
f 1997/53/2 1998/53/2 1999/53/2 2000/53/2
f 1993/53/3 1994/53/3 1998/53/3 1997/53/3
f 1996/53/4 2000/53/4 1999/53/4 1995/53/4
f 1993/53/5 1997/53/5 2000/53/5 1996/53/5
f 1994/53/6 1995/53/6 1999/53/6 1998/53/6
f 2001/53/1 2004/53/1 2003/53/1 2002/53/1
f 2005/53/2 2006/53/2 2007/53/2 2008/53/2
f 2001/53/3 2002/53/3 2006/53/3 2005/53/3
f 2004/53/4 2008/53/4 2007/53/4 2003/53/4
f 2001/53/5 2005/53/5 2008/53/5 2004/53/5
f 2002/53/6 2003/53/6 2007/53/6 2006/53/6
f 2009/53/1 2012/53/1 2011/53/1 2010/53/1
f 2013/53/2 2014/53/2 2015/53/2 2016/53/2
f 2009/53/3 2010/53/3 2014/53/3 2013/53/3
f 2012/53/4 2016/53/4 2015/53/4 2011/53/4
f 2009/53/5 2013/53/5 2016/53/5 2012/53/5
f 2010/53/6 2011/53/6 2015/53/6 2014/53/6
f 2017/53/1 2020/53/1 2019/53/1 2018/53/1
f 2021/53/2 2022/53/2 2023/53/2 2024/53/2
f 2017/53/3 2018/53/3 2022/53/3 2021/53/3
f 2020/53/4 2024/53/4 2023/53/4 2019/53/4
f 2017/53/5 2021/53/5 2024/53/5 2020/53/5
f 2018/53/6 2019/53/6 2023/53/6 2022/53/6
f 2025/52/1 2028/52/1 2027/52/1 2026/52/1
f 2029/52/2 2030/52/2 2031/52/2 2032/52/2
f 2025/52/3 2026/52/3 2030/52/3 2029/52/3
f 2028/52/4 2032/52/4 2031/52/4 2027/52/4
f 2025/52/5 2029/52/5 2032/52/5 2028/52/5
f 2026/52/6 2027/52/6 2031/52/6 2030/52/6
f 2033/52/1 2036/52/1 2035/52/1 2034/52/1
f 2037/52/2 2038/52/2 2039/52/2 2040/52/2
f 2033/52/3 2034/52/3 2038/52/3 2037/52/3
f 2036/52/4 2040/52/4 2039/52/4 2035/52/4
f 2033/52/5 2037/52/5 2040/52/5 2036/52/5
f 2034/52/6 2035/52/6 2039/52/6 2038/52/6
f 2041/53/1 2044/53/1 2043/53/1 2042/53/1
f 2045/53/2 2046/53/2 2047/53/2 2048/53/2
f 2041/53/3 2042/53/3 2046/53/3 2045/53/3
f 2044/53/4 2048/53/4 2047/53/4 2043/53/4
f 2041/53/5 2045/53/5 2048/53/5 2044/53/5
f 2042/53/6 2043/53/6 2047/53/6 2046/53/6
f 2049/53/1 2052/53/1 2051/53/1 2050/53/1
f 2053/53/2 2054/53/2 2055/53/2 2056/53/2
f 2049/53/3 2050/53/3 2054/53/3 2053/53/3
f 2052/53/4 2056/53/4 2055/53/4 2051/53/4
f 2049/53/5 2053/53/5 2056/53/5 2052/53/5
f 2050/53/6 2051/53/6 2055/53/6 2054/53/6
f 2057/53/1 2060/53/1 2059/53/1 2058/53/1
f 2061/53/2 2062/53/2 2063/53/2 2064/53/2
f 2057/53/3 2058/53/3 2062/53/3 2061/53/3
f 2060/53/4 2064/53/4 2063/53/4 2059/53/4
f 2057/53/5 2061/53/5 2064/53/5 2060/53/5
f 2058/53/6 2059/53/6 2063/53/6 2062/53/6
f 2065/53/1 2068/53/1 2067/53/1 2066/53/1
f 2069/53/2 2070/53/2 2071/53/2 2072/53/2
f 2065/53/3 2066/53/3 2070/53/3 2069/53/3
f 2068/53/4 2072/53/4 2071/53/4 2067/53/4
f 2065/53/5 2069/53/5 2072/53/5 2068/53/5
f 2066/53/6 2067/53/6 2071/53/6 2070/53/6
f 2073/30/1 2076/30/1 2075/30/1 2074/30/1
f 2077/30/2 2078/30/2 2079/30/2 2080/30/2
f 2073/30/3 2074/30/3 2078/30/3 2077/30/3
f 2076/30/4 2080/30/4 2079/30/4 2075/30/4
f 2073/30/5 2077/30/5 2080/30/5 2076/30/5
f 2074/30/6 2075/30/6 2079/30/6 2078/30/6
f 2081/30/1 2084/30/1 2083/30/1 2082/30/1
f 2085/30/2 2086/30/2 2087/30/2 2088/30/2
f 2081/30/3 2082/30/3 2086/30/3 2085/30/3
f 2084/30/4 2088/30/4 2087/30/4 2083/30/4
f 2081/30/5 2085/30/5 2088/30/5 2084/30/5
f 2082/30/6 2083/30/6 2087/30/6 2086/30/6
f 2089/39/1 2092/39/1 2091/39/1 2090/39/1
f 2093/39/2 2094/39/2 2095/39/2 2096/39/2
f 2089/39/3 2090/39/3 2094/39/3 2093/39/3
f 2092/39/4 2096/39/4 2095/39/4 2091/39/4
f 2089/39/5 2093/39/5 2096/39/5 2092/39/5
f 2090/39/6 2091/39/6 2095/39/6 2094/39/6
f 2097/39/1 2100/39/1 2099/39/1 2098/39/1
f 2101/39/2 2102/39/2 2103/39/2 2104/39/2
f 2097/39/3 2098/39/3 2102/39/3 2101/39/3
f 2100/39/4 2104/39/4 2103/39/4 2099/39/4
f 2097/39/5 2101/39/5 2104/39/5 2100/39/5
f 2098/39/6 2099/39/6 2103/39/6 2102/39/6
f 2105/39/1 2108/39/1 2107/39/1 2106/39/1
f 2109/39/2 2110/39/2 2111/39/2 2112/39/2
f 2105/39/3 2106/39/3 2110/39/3 2109/39/3
f 2108/39/4 2112/39/4 2111/39/4 2107/39/4
f 2105/39/5 2109/39/5 2112/39/5 2108/39/5
f 2106/39/6 2107/39/6 2111/39/6 2110/39/6
f 2113/30/1 2116/30/1 2115/30/1 2114/30/1
f 2117/30/2 2118/30/2 2119/30/2 2120/30/2
f 2113/30/3 2114/30/3 2118/30/3 2117/30/3
f 2116/30/4 2120/30/4 2119/30/4 2115/30/4
f 2113/30/5 2117/30/5 2120/30/5 2116/30/5
f 2114/30/6 2115/30/6 2119/30/6 2118/30/6
f 2121/53/1 2124/53/1 2123/53/1 2122/53/1
f 2125/53/2 2126/53/2 2127/53/2 2128/53/2
f 2121/53/3 2122/53/3 2126/53/3 2125/53/3
f 2124/53/4 2128/53/4 2127/53/4 2123/53/4
f 2121/53/5 2125/53/5 2128/53/5 2124/53/5
f 2122/53/6 2123/53/6 2127/53/6 2126/53/6
f 2129/53/1 2132/53/1 2131/53/1 2130/53/1
f 2133/53/2 2134/53/2 2135/53/2 2136/53/2
f 2129/53/3 2130/53/3 2134/53/3 2133/53/3
f 2132/53/4 2136/53/4 2135/53/4 2131/53/4
f 2129/53/5 2133/53/5 2136/53/5 2132/53/5
f 2130/53/6 2131/53/6 2135/53/6 2134/53/6
f 2137/52/1 2140/52/1 2139/52/1 2138/52/1
f 2141/52/2 2142/52/2 2143/52/2 2144/52/2
f 2137/52/3 2138/52/3 2142/52/3 2141/52/3
f 2140/52/4 2144/52/4 2143/52/4 2139/52/4
f 2137/52/5 2141/52/5 2144/52/5 2140/52/5
f 2138/52/6 2139/52/6 2143/52/6 2142/52/6
f 2145/53/1 2148/53/1 2147/53/1 2146/53/1
f 2149/53/2 2150/53/2 2151/53/2 2152/53/2
f 2145/53/3 2146/53/3 2150/53/3 2149/53/3
f 2148/53/4 2152/53/4 2151/53/4 2147/53/4
f 2145/53/5 2149/53/5 2152/53/5 2148/53/5
f 2146/53/6 2147/53/6 2151/53/6 2150/53/6
f 2153/53/1 2156/53/1 2155/53/1 2154/53/1
f 2157/53/2 2158/53/2 2159/53/2 2160/53/2
f 2153/53/3 2154/53/3 2158/53/3 2157/53/3
f 2156/53/4 2160/53/4 2159/53/4 2155/53/4
f 2153/53/5 2157/53/5 2160/53/5 2156/53/5
f 2154/53/6 2155/53/6 2159/53/6 2158/53/6
f 2161/30/1 2164/30/1 2163/30/1 2162/30/1
f 2165/30/2 2166/30/2 2167/30/2 2168/30/2
f 2161/30/3 2162/30/3 2166/30/3 2165/30/3
f 2164/30/4 2168/30/4 2167/30/4 2163/30/4
f 2161/30/5 2165/30/5 2168/30/5 2164/30/5
f 2162/30/6 2163/30/6 2167/30/6 2166/30/6
f 2169/39/1 2172/39/1 2171/39/1 2170/39/1
f 2173/39/2 2174/39/2 2175/39/2 2176/39/2
f 2169/39/3 2170/39/3 2174/39/3 2173/39/3
f 2172/39/4 2176/39/4 2175/39/4 2171/39/4
f 2169/39/5 2173/39/5 2176/39/5 2172/39/5
f 2170/39/6 2171/39/6 2175/39/6 2174/39/6
f 2177/39/1 2180/39/1 2179/39/1 2178/39/1
f 2181/39/2 2182/39/2 2183/39/2 2184/39/2
f 2177/39/3 2178/39/3 2182/39/3 2181/39/3
f 2180/39/4 2184/39/4 2183/39/4 2179/39/4
f 2177/39/5 2181/39/5 2184/39/5 2180/39/5
f 2178/39/6 2179/39/6 2183/39/6 2182/39/6
f 2185/30/1 2188/30/1 2187/30/1 2186/30/1
f 2189/30/2 2190/30/2 2191/30/2 2192/30/2
f 2185/30/3 2186/30/3 2190/30/3 2189/30/3
f 2188/30/4 2192/30/4 2191/30/4 2187/30/4
f 2185/30/5 2189/30/5 2192/30/5 2188/30/5
f 2186/30/6 2187/30/6 2191/30/6 2190/30/6
f 2193/53/1 2196/53/1 2195/53/1 2194/53/1
f 2197/53/2 2198/53/2 2199/53/2 2200/53/2
f 2193/53/3 2194/53/3 2198/53/3 2197/53/3
f 2196/53/4 2200/53/4 2199/53/4 2195/53/4
f 2193/53/5 2197/53/5 2200/53/5 2196/53/5
f 2194/53/6 2195/53/6 2199/53/6 2198/53/6
f 2201/53/1 2204/53/1 2203/53/1 2202/53/1
f 2205/53/2 2206/53/2 2207/53/2 2208/53/2
f 2201/53/3 2202/53/3 2206/53/3 2205/53/3
f 2204/53/4 2208/53/4 2207/53/4 2203/53/4
f 2201/53/5 2205/53/5 2208/53/5 2204/53/5
f 2202/53/6 2203/53/6 2207/53/6 2206/53/6
f 2209/52/1 2212/52/1 2211/52/1 2210/52/1
f 2213/52/2 2214/52/2 2215/52/2 2216/52/2
f 2209/52/3 2210/52/3 2214/52/3 2213/52/3
f 2212/52/4 2216/52/4 2215/52/4 2211/52/4
f 2209/52/5 2213/52/5 2216/52/5 2212/52/5
f 2210/52/6 2211/52/6 2215/52/6 2214/52/6
f 2217/53/1 2220/53/1 2219/53/1 2218/53/1
f 2221/53/2 2222/53/2 2223/53/2 2224/53/2
f 2217/53/3 2218/53/3 2222/53/3 2221/53/3
f 2220/53/4 2224/53/4 2223/53/4 2219/53/4
f 2217/53/5 2221/53/5 2224/53/5 2220/53/5
f 2218/53/6 2219/53/6 2223/53/6 2222/53/6
f 2225/53/1 2228/53/1 2227/53/1 2226/53/1
f 2229/53/2 2230/53/2 2231/53/2 2232/53/2
f 2225/53/3 2226/53/3 2230/53/3 2229/53/3
f 2228/53/4 2232/53/4 2231/53/4 2227/53/4
f 2225/53/5 2229/53/5 2232/53/5 2228/53/5
f 2226/53/6 2227/53/6 2231/53/6 2230/53/6
f 2233/30/1 2236/30/1 2235/30/1 2234/30/1
f 2237/30/2 2238/30/2 2239/30/2 2240/30/2
f 2233/30/3 2234/30/3 2238/30/3 2237/30/3
f 2236/30/4 2240/30/4 2239/30/4 2235/30/4
f 2233/30/5 2237/30/5 2240/30/5 2236/30/5
f 2234/30/6 2235/30/6 2239/30/6 2238/30/6
f 2241/39/1 2244/39/1 2243/39/1 2242/39/1
f 2245/39/2 2246/39/2 2247/39/2 2248/39/2
f 2241/39/3 2242/39/3 2246/39/3 2245/39/3
f 2244/39/4 2248/39/4 2247/39/4 2243/39/4
f 2241/39/5 2245/39/5 2248/39/5 2244/39/5
f 2242/39/6 2243/39/6 2247/39/6 2246/39/6
o FRAME
usemtl palette
f 2249/30/1 2252/30/1 2251/30/1 2250/30/1
f 2253/30/2 2254/30/2 2255/30/2 2256/30/2
f 2249/30/3 2250/30/3 2254/30/3 2253/30/3
f 2252/30/4 2256/30/4 2255/30/4 2251/30/4
f 2249/30/5 2253/30/5 2256/30/5 2252/30/5
f 2250/30/6 2251/30/6 2255/30/6 2254/30/6
o SHELL_diaphragm
usemtl palette
f 2257/39/1 2260/39/1 2259/39/1 2258/39/1
f 2261/39/2 2262/39/2 2263/39/2 2264/39/2
f 2257/39/3 2258/39/3 2262/39/3 2261/39/3
f 2260/39/4 2264/39/4 2263/39/4 2259/39/4
f 2257/39/5 2261/39/5 2264/39/5 2260/39/5
f 2258/39/6 2259/39/6 2263/39/6 2262/39/6
f 2265/39/1 2268/39/1 2267/39/1 2266/39/1
f 2269/39/2 2270/39/2 2271/39/2 2272/39/2
f 2265/39/3 2266/39/3 2270/39/3 2269/39/3
f 2268/39/4 2272/39/4 2271/39/4 2267/39/4
f 2265/39/5 2269/39/5 2272/39/5 2268/39/5
f 2266/39/6 2267/39/6 2271/39/6 2270/39/6
f 2273/39/1 2276/39/1 2275/39/1 2274/39/1
f 2277/39/2 2278/39/2 2279/39/2 2280/39/2
f 2273/39/3 2274/39/3 2278/39/3 2277/39/3
f 2276/39/4 2280/39/4 2279/39/4 2275/39/4
f 2273/39/5 2277/39/5 2280/39/5 2276/39/5
f 2274/39/6 2275/39/6 2279/39/6 2278/39/6
f 2281/39/1 2284/39/1 2283/39/1 2282/39/1
f 2285/39/2 2286/39/2 2287/39/2 2288/39/2
f 2281/39/3 2282/39/3 2286/39/3 2285/39/3
f 2284/39/4 2288/39/4 2287/39/4 2283/39/4
f 2281/39/5 2285/39/5 2288/39/5 2284/39/5
f 2282/39/6 2283/39/6 2287/39/6 2286/39/6
f 2289/39/1 2292/39/1 2291/39/1 2290/39/1
f 2293/39/2 2294/39/2 2295/39/2 2296/39/2
f 2289/39/3 2290/39/3 2294/39/3 2293/39/3
f 2292/39/4 2296/39/4 2295/39/4 2291/39/4
f 2289/39/5 2293/39/5 2296/39/5 2292/39/5
f 2290/39/6 2291/39/6 2295/39/6 2294/39/6
f 2297/39/1 2300/39/1 2299/39/1 2298/39/1
f 2301/39/2 2302/39/2 2303/39/2 2304/39/2
f 2297/39/3 2298/39/3 2302/39/3 2301/39/3
f 2300/39/4 2304/39/4 2303/39/4 2299/39/4
f 2297/39/5 2301/39/5 2304/39/5 2300/39/5
f 2298/39/6 2299/39/6 2303/39/6 2302/39/6
f 2305/39/1 2308/39/1 2307/39/1 2306/39/1
f 2309/39/2 2310/39/2 2311/39/2 2312/39/2
f 2305/39/3 2306/39/3 2310/39/3 2309/39/3
f 2308/39/4 2312/39/4 2311/39/4 2307/39/4
f 2305/39/5 2309/39/5 2312/39/5 2308/39/5
f 2306/39/6 2307/39/6 2311/39/6 2310/39/6
f 2313/39/1 2316/39/1 2315/39/1 2314/39/1
f 2317/39/2 2318/39/2 2319/39/2 2320/39/2
f 2313/39/3 2314/39/3 2318/39/3 2317/39/3
f 2316/39/4 2320/39/4 2319/39/4 2315/39/4
f 2313/39/5 2317/39/5 2320/39/5 2316/39/5
f 2314/39/6 2315/39/6 2319/39/6 2318/39/6
f 2321/39/1 2324/39/1 2323/39/1 2322/39/1
f 2325/39/2 2326/39/2 2327/39/2 2328/39/2
f 2321/39/3 2322/39/3 2326/39/3 2325/39/3
f 2324/39/4 2328/39/4 2327/39/4 2323/39/4
f 2321/39/5 2325/39/5 2328/39/5 2324/39/5
f 2322/39/6 2323/39/6 2327/39/6 2326/39/6
f 2329/39/1 2332/39/1 2331/39/1 2330/39/1
f 2333/39/2 2334/39/2 2335/39/2 2336/39/2
f 2329/39/3 2330/39/3 2334/39/3 2333/39/3
f 2332/39/4 2336/39/4 2335/39/4 2331/39/4
f 2329/39/5 2333/39/5 2336/39/5 2332/39/5
f 2330/39/6 2331/39/6 2335/39/6 2334/39/6
f 2337/39/1 2340/39/1 2339/39/1 2338/39/1
f 2341/39/2 2342/39/2 2343/39/2 2344/39/2
f 2337/39/3 2338/39/3 2342/39/3 2341/39/3
f 2340/39/4 2344/39/4 2343/39/4 2339/39/4
f 2337/39/5 2341/39/5 2344/39/5 2340/39/5
f 2338/39/6 2339/39/6 2343/39/6 2342/39/6
f 2345/39/1 2348/39/1 2347/39/1 2346/39/1
f 2349/39/2 2350/39/2 2351/39/2 2352/39/2
f 2345/39/3 2346/39/3 2350/39/3 2349/39/3
f 2348/39/4 2352/39/4 2351/39/4 2347/39/4
f 2345/39/5 2349/39/5 2352/39/5 2348/39/5
f 2346/39/6 2347/39/6 2351/39/6 2350/39/6
f 2353/39/1 2356/39/1 2355/39/1 2354/39/1
f 2357/39/2 2358/39/2 2359/39/2 2360/39/2
f 2353/39/3 2354/39/3 2358/39/3 2357/39/3
f 2356/39/4 2360/39/4 2359/39/4 2355/39/4
f 2353/39/5 2357/39/5 2360/39/5 2356/39/5
f 2354/39/6 2355/39/6 2359/39/6 2358/39/6
f 2361/39/1 2364/39/1 2363/39/1 2362/39/1
f 2365/39/2 2366/39/2 2367/39/2 2368/39/2
f 2361/39/3 2362/39/3 2366/39/3 2365/39/3
f 2364/39/4 2368/39/4 2367/39/4 2363/39/4
f 2361/39/5 2365/39/5 2368/39/5 2364/39/5
f 2362/39/6 2363/39/6 2367/39/6 2366/39/6
f 2369/39/1 2372/39/1 2371/39/1 2370/39/1
f 2373/39/2 2374/39/2 2375/39/2 2376/39/2
f 2369/39/3 2370/39/3 2374/39/3 2373/39/3
f 2372/39/4 2376/39/4 2375/39/4 2371/39/4
f 2369/39/5 2373/39/5 2376/39/5 2372/39/5
f 2370/39/6 2371/39/6 2375/39/6 2374/39/6
f 2377/39/1 2380/39/1 2379/39/1 2378/39/1
f 2381/39/2 2382/39/2 2383/39/2 2384/39/2
f 2377/39/3 2378/39/3 2382/39/3 2381/39/3
f 2380/39/4 2384/39/4 2383/39/4 2379/39/4
f 2377/39/5 2381/39/5 2384/39/5 2380/39/5
f 2378/39/6 2379/39/6 2383/39/6 2382/39/6
f 2385/39/1 2388/39/1 2387/39/1 2386/39/1
f 2389/39/2 2390/39/2 2391/39/2 2392/39/2
f 2385/39/3 2386/39/3 2390/39/3 2389/39/3
f 2388/39/4 2392/39/4 2391/39/4 2387/39/4
f 2385/39/5 2389/39/5 2392/39/5 2388/39/5
f 2386/39/6 2387/39/6 2391/39/6 2390/39/6
f 2393/39/1 2396/39/1 2395/39/1 2394/39/1
f 2397/39/2 2398/39/2 2399/39/2 2400/39/2
f 2393/39/3 2394/39/3 2398/39/3 2397/39/3
f 2396/39/4 2400/39/4 2399/39/4 2395/39/4
f 2393/39/5 2397/39/5 2400/39/5 2396/39/5
f 2394/39/6 2395/39/6 2399/39/6 2398/39/6
f 2401/39/1 2404/39/1 2403/39/1 2402/39/1
f 2405/39/2 2406/39/2 2407/39/2 2408/39/2
f 2401/39/3 2402/39/3 2406/39/3 2405/39/3
f 2404/39/4 2408/39/4 2407/39/4 2403/39/4
f 2401/39/5 2405/39/5 2408/39/5 2404/39/5
f 2402/39/6 2403/39/6 2407/39/6 2406/39/6
f 2409/39/1 2412/39/1 2411/39/1 2410/39/1
f 2413/39/2 2414/39/2 2415/39/2 2416/39/2
f 2409/39/3 2410/39/3 2414/39/3 2413/39/3
f 2412/39/4 2416/39/4 2415/39/4 2411/39/4
f 2409/39/5 2413/39/5 2416/39/5 2412/39/5
f 2410/39/6 2411/39/6 2415/39/6 2414/39/6
f 2417/39/1 2420/39/1 2419/39/1 2418/39/1
f 2421/39/2 2422/39/2 2423/39/2 2424/39/2
f 2417/39/3 2418/39/3 2422/39/3 2421/39/3
f 2420/39/4 2424/39/4 2423/39/4 2419/39/4
f 2417/39/5 2421/39/5 2424/39/5 2420/39/5
f 2418/39/6 2419/39/6 2423/39/6 2422/39/6
f 2425/39/1 2428/39/1 2427/39/1 2426/39/1
f 2429/39/2 2430/39/2 2431/39/2 2432/39/2
f 2425/39/3 2426/39/3 2430/39/3 2429/39/3
f 2428/39/4 2432/39/4 2431/39/4 2427/39/4
f 2425/39/5 2429/39/5 2432/39/5 2428/39/5
f 2426/39/6 2427/39/6 2431/39/6 2430/39/6
f 2433/39/1 2436/39/1 2435/39/1 2434/39/1
f 2437/39/2 2438/39/2 2439/39/2 2440/39/2
f 2433/39/3 2434/39/3 2438/39/3 2437/39/3
f 2436/39/4 2440/39/4 2439/39/4 2435/39/4
f 2433/39/5 2437/39/5 2440/39/5 2436/39/5
f 2434/39/6 2435/39/6 2439/39/6 2438/39/6
f 2441/39/1 2444/39/1 2443/39/1 2442/39/1
f 2445/39/2 2446/39/2 2447/39/2 2448/39/2
f 2441/39/3 2442/39/3 2446/39/3 2445/39/3
f 2444/39/4 2448/39/4 2447/39/4 2443/39/4
f 2441/39/5 2445/39/5 2448/39/5 2444/39/5
f 2442/39/6 2443/39/6 2447/39/6 2446/39/6
f 2449/39/1 2452/39/1 2451/39/1 2450/39/1
f 2453/39/2 2454/39/2 2455/39/2 2456/39/2
f 2449/39/3 2450/39/3 2454/39/3 2453/39/3
f 2452/39/4 2456/39/4 2455/39/4 2451/39/4
f 2449/39/5 2453/39/5 2456/39/5 2452/39/5
f 2450/39/6 2451/39/6 2455/39/6 2454/39/6
f 2457/39/1 2460/39/1 2459/39/1 2458/39/1
f 2461/39/2 2462/39/2 2463/39/2 2464/39/2
f 2457/39/3 2458/39/3 2462/39/3 2461/39/3
f 2460/39/4 2464/39/4 2463/39/4 2459/39/4
f 2457/39/5 2461/39/5 2464/39/5 2460/39/5
f 2458/39/6 2459/39/6 2463/39/6 2462/39/6
o FLOOR
usemtl palette
f 2465/36/1 2468/36/1 2467/36/1 2466/36/1
f 2469/36/2 2470/36/2 2471/36/2 2472/36/2
f 2465/36/3 2466/36/3 2470/36/3 2469/36/3
f 2468/36/4 2472/36/4 2471/36/4 2467/36/4
f 2465/36/5 2469/36/5 2472/36/5 2468/36/5
f 2466/36/6 2467/36/6 2471/36/6 2470/36/6
f 2473/36/1 2476/36/1 2475/36/1 2474/36/1
f 2477/36/2 2478/36/2 2479/36/2 2480/36/2
f 2473/36/3 2474/36/3 2478/36/3 2477/36/3
f 2476/36/4 2480/36/4 2479/36/4 2475/36/4
f 2473/36/5 2477/36/5 2480/36/5 2476/36/5
f 2474/36/6 2475/36/6 2479/36/6 2478/36/6
f 2481/3/1 2484/3/1 2483/3/1 2482/3/1
f 2485/3/2 2486/3/2 2487/3/2 2488/3/2
f 2481/3/3 2482/3/3 2486/3/3 2485/3/3
f 2484/3/4 2488/3/4 2487/3/4 2483/3/4
f 2481/3/5 2485/3/5 2488/3/5 2484/3/5
f 2482/3/6 2483/3/6 2487/3/6 2486/3/6
o SHELL_gangway
usemtl palette
f 2489/36/1 2492/36/1 2491/36/1 2490/36/1
f 2493/36/2 2494/36/2 2495/36/2 2496/36/2
f 2489/36/3 2490/36/3 2494/36/3 2493/36/3
f 2492/36/4 2496/36/4 2495/36/4 2491/36/4
f 2489/36/5 2493/36/5 2496/36/5 2492/36/5
f 2490/36/6 2491/36/6 2495/36/6 2494/36/6
f 2497/36/1 2500/36/1 2499/36/1 2498/36/1
f 2501/36/2 2502/36/2 2503/36/2 2504/36/2
f 2497/36/3 2498/36/3 2502/36/3 2501/36/3
f 2500/36/4 2504/36/4 2503/36/4 2499/36/4
f 2497/36/5 2501/36/5 2504/36/5 2500/36/5
f 2498/36/6 2499/36/6 2503/36/6 2502/36/6
o BOGEY_FRONT
usemtl palette
f 2505/42/1 2508/42/1 2507/42/1 2506/42/1
f 2509/42/2 2510/42/2 2511/42/2 2512/42/2
f 2505/42/3 2506/42/3 2510/42/3 2509/42/3
f 2508/42/4 2512/42/4 2511/42/4 2507/42/4
f 2505/42/5 2509/42/5 2512/42/5 2508/42/5
f 2506/42/6 2507/42/6 2511/42/6 2510/42/6
f 2513/42/1 2516/42/1 2515/42/1 2514/42/1
f 2517/42/2 2518/42/2 2519/42/2 2520/42/2
f 2513/42/3 2514/42/3 2518/42/3 2517/42/3
f 2516/42/4 2520/42/4 2519/42/4 2515/42/4
f 2513/42/5 2517/42/5 2520/42/5 2516/42/5
f 2514/42/6 2515/42/6 2519/42/6 2518/42/6
f 2521/42/1 2524/42/1 2523/42/1 2522/42/1
f 2525/42/2 2526/42/2 2527/42/2 2528/42/2
f 2521/42/3 2522/42/3 2526/42/3 2525/42/3
f 2524/42/4 2528/42/4 2527/42/4 2523/42/4
f 2521/42/5 2525/42/5 2528/42/5 2524/42/5
f 2522/42/6 2523/42/6 2527/42/6 2526/42/6
f 2529/42/1 2532/42/1 2531/42/1 2530/42/1
f 2533/42/2 2534/42/2 2535/42/2 2536/42/2
f 2529/42/3 2530/42/3 2534/42/3 2533/42/3
f 2532/42/4 2536/42/4 2535/42/4 2531/42/4
f 2529/42/5 2533/42/5 2536/42/5 2532/42/5
f 2530/42/6 2531/42/6 2535/42/6 2534/42/6
f 2537/63/1 2540/63/1 2539/63/1 2538/63/1
f 2541/63/2 2542/63/2 2543/63/2 2544/63/2
f 2537/63/3 2538/63/3 2542/63/3 2541/63/3
f 2540/63/4 2544/63/4 2543/63/4 2539/63/4
f 2537/63/5 2541/63/5 2544/63/5 2540/63/5
f 2538/63/6 2539/63/6 2543/63/6 2542/63/6
f 2545/63/1 2548/63/1 2547/63/1 2546/63/1
f 2549/63/2 2550/63/2 2551/63/2 2552/63/2
f 2545/63/3 2546/63/3 2550/63/3 2549/63/3
f 2548/63/4 2552/63/4 2551/63/4 2547/63/4
f 2545/63/5 2549/63/5 2552/63/5 2548/63/5
f 2546/63/6 2547/63/6 2551/63/6 2550/63/6
f 2553/63/1 2556/63/1 2555/63/1 2554/63/1
f 2557/63/2 2558/63/2 2559/63/2 2560/63/2
f 2553/63/3 2554/63/3 2558/63/3 2557/63/3
f 2556/63/4 2560/63/4 2559/63/4 2555/63/4
f 2553/63/5 2557/63/5 2560/63/5 2556/63/5
f 2554/63/6 2555/63/6 2559/63/6 2558/63/6
f 2561/63/1 2564/63/1 2563/63/1 2562/63/1
f 2565/63/2 2566/63/2 2567/63/2 2568/63/2
f 2561/63/3 2562/63/3 2566/63/3 2565/63/3
f 2564/63/4 2568/63/4 2567/63/4 2563/63/4
f 2561/63/5 2565/63/5 2568/63/5 2564/63/5
f 2562/63/6 2563/63/6 2567/63/6 2566/63/6
f 2569/63/1 2572/63/1 2571/63/1 2570/63/1
f 2573/63/2 2574/63/2 2575/63/2 2576/63/2
f 2569/63/3 2570/63/3 2574/63/3 2573/63/3
f 2572/63/4 2576/63/4 2575/63/4 2571/63/4
f 2569/63/5 2573/63/5 2576/63/5 2572/63/5
f 2570/63/6 2571/63/6 2575/63/6 2574/63/6
f 2577/63/1 2580/63/1 2579/63/1 2578/63/1
f 2581/63/2 2582/63/2 2583/63/2 2584/63/2
f 2577/63/3 2578/63/3 2582/63/3 2581/63/3
f 2580/63/4 2584/63/4 2583/63/4 2579/63/4
f 2577/63/5 2581/63/5 2584/63/5 2580/63/5
f 2578/63/6 2579/63/6 2583/63/6 2582/63/6
f 2585/63/1 2588/63/1 2587/63/1 2586/63/1
f 2589/63/2 2590/63/2 2591/63/2 2592/63/2
f 2585/63/3 2586/63/3 2590/63/3 2589/63/3
f 2588/63/4 2592/63/4 2591/63/4 2587/63/4
f 2585/63/5 2589/63/5 2592/63/5 2588/63/5
f 2586/63/6 2587/63/6 2591/63/6 2590/63/6
f 2593/63/1 2596/63/1 2595/63/1 2594/63/1
f 2597/63/2 2598/63/2 2599/63/2 2600/63/2
f 2593/63/3 2594/63/3 2598/63/3 2597/63/3
f 2596/63/4 2600/63/4 2599/63/4 2595/63/4
f 2593/63/5 2597/63/5 2600/63/5 2596/63/5
f 2594/63/6 2595/63/6 2599/63/6 2598/63/6
f 2601/63/1 2604/63/1 2603/63/1 2602/63/1
f 2605/63/2 2606/63/2 2607/63/2 2608/63/2
f 2601/63/3 2602/63/3 2606/63/3 2605/63/3
f 2604/63/4 2608/63/4 2607/63/4 2603/63/4
f 2601/63/5 2605/63/5 2608/63/5 2604/63/5
f 2602/63/6 2603/63/6 2607/63/6 2606/63/6
f 2609/63/1 2612/63/1 2611/63/1 2610/63/1
f 2613/63/2 2614/63/2 2615/63/2 2616/63/2
f 2609/63/3 2610/63/3 2614/63/3 2613/63/3
f 2612/63/4 2616/63/4 2615/63/4 2611/63/4
f 2609/63/5 2613/63/5 2616/63/5 2612/63/5
f 2610/63/6 2611/63/6 2615/63/6 2614/63/6
f 2617/63/1 2620/63/1 2619/63/1 2618/63/1
f 2621/63/2 2622/63/2 2623/63/2 2624/63/2
f 2617/63/3 2618/63/3 2622/63/3 2621/63/3
f 2620/63/4 2624/63/4 2623/63/4 2619/63/4
f 2617/63/5 2621/63/5 2624/63/5 2620/63/5
f 2618/63/6 2619/63/6 2623/63/6 2622/63/6
f 2625/63/1 2628/63/1 2627/63/1 2626/63/1
f 2629/63/2 2630/63/2 2631/63/2 2632/63/2
f 2625/63/3 2626/63/3 2630/63/3 2629/63/3
f 2628/63/4 2632/63/4 2631/63/4 2627/63/4
f 2625/63/5 2629/63/5 2632/63/5 2628/63/5
f 2626/63/6 2627/63/6 2631/63/6 2630/63/6
f 2633/63/1 2636/63/1 2635/63/1 2634/63/1
f 2637/63/2 2638/63/2 2639/63/2 2640/63/2
f 2633/63/3 2634/63/3 2638/63/3 2637/63/3
f 2636/63/4 2640/63/4 2639/63/4 2635/63/4
f 2633/63/5 2637/63/5 2640/63/5 2636/63/5
f 2634/63/6 2635/63/6 2639/63/6 2638/63/6
f 2641/63/1 2644/63/1 2643/63/1 2642/63/1
f 2645/63/2 2646/63/2 2647/63/2 2648/63/2
f 2641/63/3 2642/63/3 2646/63/3 2645/63/3
f 2644/63/4 2648/63/4 2647/63/4 2643/63/4
f 2641/63/5 2645/63/5 2648/63/5 2644/63/5
f 2642/63/6 2643/63/6 2647/63/6 2646/63/6
f 2649/63/1 2652/63/1 2651/63/1 2650/63/1
f 2653/63/2 2654/63/2 2655/63/2 2656/63/2
f 2649/63/3 2650/63/3 2654/63/3 2653/63/3
f 2652/63/4 2656/63/4 2655/63/4 2651/63/4
f 2649/63/5 2653/63/5 2656/63/5 2652/63/5
f 2650/63/6 2651/63/6 2655/63/6 2654/63/6
f 2657/63/1 2660/63/1 2659/63/1 2658/63/1
f 2661/63/2 2662/63/2 2663/63/2 2664/63/2
f 2657/63/3 2658/63/3 2662/63/3 2661/63/3
f 2660/63/4 2664/63/4 2663/63/4 2659/63/4
f 2657/63/5 2661/63/5 2664/63/5 2660/63/5
f 2658/63/6 2659/63/6 2663/63/6 2662/63/6
f 2665/63/1 2668/63/1 2667/63/1 2666/63/1
f 2669/63/2 2670/63/2 2671/63/2 2672/63/2
f 2665/63/3 2666/63/3 2670/63/3 2669/63/3
f 2668/63/4 2672/63/4 2671/63/4 2667/63/4
f 2665/63/5 2669/63/5 2672/63/5 2668/63/5
f 2666/63/6 2667/63/6 2671/63/6 2670/63/6
f 2673/63/1 2676/63/1 2675/63/1 2674/63/1
f 2677/63/2 2678/63/2 2679/63/2 2680/63/2
f 2673/63/3 2674/63/3 2678/63/3 2677/63/3
f 2676/63/4 2680/63/4 2679/63/4 2675/63/4
f 2673/63/5 2677/63/5 2680/63/5 2676/63/5
f 2674/63/6 2675/63/6 2679/63/6 2678/63/6
f 2681/34/1 2684/34/1 2683/34/1 2682/34/1
f 2685/34/2 2686/34/2 2687/34/2 2688/34/2
f 2681/34/3 2682/34/3 2686/34/3 2685/34/3
f 2684/34/4 2688/34/4 2687/34/4 2683/34/4
f 2681/34/5 2685/34/5 2688/34/5 2684/34/5
f 2682/34/6 2683/34/6 2687/34/6 2686/34/6
f 2689/34/1 2692/34/1 2691/34/1 2690/34/1
f 2693/34/2 2694/34/2 2695/34/2 2696/34/2
f 2689/34/3 2690/34/3 2694/34/3 2693/34/3
f 2692/34/4 2696/34/4 2695/34/4 2691/34/4
f 2689/34/5 2693/34/5 2696/34/5 2692/34/5
f 2690/34/6 2691/34/6 2695/34/6 2694/34/6
o BOGEY_REAR
usemtl palette
f 2697/42/1 2700/42/1 2699/42/1 2698/42/1
f 2701/42/2 2702/42/2 2703/42/2 2704/42/2
f 2697/42/3 2698/42/3 2702/42/3 2701/42/3
f 2700/42/4 2704/42/4 2703/42/4 2699/42/4
f 2697/42/5 2701/42/5 2704/42/5 2700/42/5
f 2698/42/6 2699/42/6 2703/42/6 2702/42/6
f 2705/42/1 2708/42/1 2707/42/1 2706/42/1
f 2709/42/2 2710/42/2 2711/42/2 2712/42/2
f 2705/42/3 2706/42/3 2710/42/3 2709/42/3
f 2708/42/4 2712/42/4 2711/42/4 2707/42/4
f 2705/42/5 2709/42/5 2712/42/5 2708/42/5
f 2706/42/6 2707/42/6 2711/42/6 2710/42/6
f 2713/42/1 2716/42/1 2715/42/1 2714/42/1
f 2717/42/2 2718/42/2 2719/42/2 2720/42/2
f 2713/42/3 2714/42/3 2718/42/3 2717/42/3
f 2716/42/4 2720/42/4 2719/42/4 2715/42/4
f 2713/42/5 2717/42/5 2720/42/5 2716/42/5
f 2714/42/6 2715/42/6 2719/42/6 2718/42/6
f 2721/42/1 2724/42/1 2723/42/1 2722/42/1
f 2725/42/2 2726/42/2 2727/42/2 2728/42/2
f 2721/42/3 2722/42/3 2726/42/3 2725/42/3
f 2724/42/4 2728/42/4 2727/42/4 2723/42/4
f 2721/42/5 2725/42/5 2728/42/5 2724/42/5
f 2722/42/6 2723/42/6 2727/42/6 2726/42/6
f 2729/63/1 2732/63/1 2731/63/1 2730/63/1
f 2733/63/2 2734/63/2 2735/63/2 2736/63/2
f 2729/63/3 2730/63/3 2734/63/3 2733/63/3
f 2732/63/4 2736/63/4 2735/63/4 2731/63/4
f 2729/63/5 2733/63/5 2736/63/5 2732/63/5
f 2730/63/6 2731/63/6 2735/63/6 2734/63/6
f 2737/63/1 2740/63/1 2739/63/1 2738/63/1
f 2741/63/2 2742/63/2 2743/63/2 2744/63/2
f 2737/63/3 2738/63/3 2742/63/3 2741/63/3
f 2740/63/4 2744/63/4 2743/63/4 2739/63/4
f 2737/63/5 2741/63/5 2744/63/5 2740/63/5
f 2738/63/6 2739/63/6 2743/63/6 2742/63/6
f 2745/63/1 2748/63/1 2747/63/1 2746/63/1
f 2749/63/2 2750/63/2 2751/63/2 2752/63/2
f 2745/63/3 2746/63/3 2750/63/3 2749/63/3
f 2748/63/4 2752/63/4 2751/63/4 2747/63/4
f 2745/63/5 2749/63/5 2752/63/5 2748/63/5
f 2746/63/6 2747/63/6 2751/63/6 2750/63/6
f 2753/63/1 2756/63/1 2755/63/1 2754/63/1
f 2757/63/2 2758/63/2 2759/63/2 2760/63/2
f 2753/63/3 2754/63/3 2758/63/3 2757/63/3
f 2756/63/4 2760/63/4 2759/63/4 2755/63/4
f 2753/63/5 2757/63/5 2760/63/5 2756/63/5
f 2754/63/6 2755/63/6 2759/63/6 2758/63/6
f 2761/63/1 2764/63/1 2763/63/1 2762/63/1
f 2765/63/2 2766/63/2 2767/63/2 2768/63/2
f 2761/63/3 2762/63/3 2766/63/3 2765/63/3
f 2764/63/4 2768/63/4 2767/63/4 2763/63/4
f 2761/63/5 2765/63/5 2768/63/5 2764/63/5
f 2762/63/6 2763/63/6 2767/63/6 2766/63/6
f 2769/63/1 2772/63/1 2771/63/1 2770/63/1
f 2773/63/2 2774/63/2 2775/63/2 2776/63/2
f 2769/63/3 2770/63/3 2774/63/3 2773/63/3
f 2772/63/4 2776/63/4 2775/63/4 2771/63/4
f 2769/63/5 2773/63/5 2776/63/5 2772/63/5
f 2770/63/6 2771/63/6 2775/63/6 2774/63/6
f 2777/63/1 2780/63/1 2779/63/1 2778/63/1
f 2781/63/2 2782/63/2 2783/63/2 2784/63/2
f 2777/63/3 2778/63/3 2782/63/3 2781/63/3
f 2780/63/4 2784/63/4 2783/63/4 2779/63/4
f 2777/63/5 2781/63/5 2784/63/5 2780/63/5
f 2778/63/6 2779/63/6 2783/63/6 2782/63/6
f 2785/63/1 2788/63/1 2787/63/1 2786/63/1
f 2789/63/2 2790/63/2 2791/63/2 2792/63/2
f 2785/63/3 2786/63/3 2790/63/3 2789/63/3
f 2788/63/4 2792/63/4 2791/63/4 2787/63/4
f 2785/63/5 2789/63/5 2792/63/5 2788/63/5
f 2786/63/6 2787/63/6 2791/63/6 2790/63/6
f 2793/63/1 2796/63/1 2795/63/1 2794/63/1
f 2797/63/2 2798/63/2 2799/63/2 2800/63/2
f 2793/63/3 2794/63/3 2798/63/3 2797/63/3
f 2796/63/4 2800/63/4 2799/63/4 2795/63/4
f 2793/63/5 2797/63/5 2800/63/5 2796/63/5
f 2794/63/6 2795/63/6 2799/63/6 2798/63/6
f 2801/63/1 2804/63/1 2803/63/1 2802/63/1
f 2805/63/2 2806/63/2 2807/63/2 2808/63/2
f 2801/63/3 2802/63/3 2806/63/3 2805/63/3
f 2804/63/4 2808/63/4 2807/63/4 2803/63/4
f 2801/63/5 2805/63/5 2808/63/5 2804/63/5
f 2802/63/6 2803/63/6 2807/63/6 2806/63/6
f 2809/63/1 2812/63/1 2811/63/1 2810/63/1
f 2813/63/2 2814/63/2 2815/63/2 2816/63/2
f 2809/63/3 2810/63/3 2814/63/3 2813/63/3
f 2812/63/4 2816/63/4 2815/63/4 2811/63/4
f 2809/63/5 2813/63/5 2816/63/5 2812/63/5
f 2810/63/6 2811/63/6 2815/63/6 2814/63/6
f 2817/63/1 2820/63/1 2819/63/1 2818/63/1
f 2821/63/2 2822/63/2 2823/63/2 2824/63/2
f 2817/63/3 2818/63/3 2822/63/3 2821/63/3
f 2820/63/4 2824/63/4 2823/63/4 2819/63/4
f 2817/63/5 2821/63/5 2824/63/5 2820/63/5
f 2818/63/6 2819/63/6 2823/63/6 2822/63/6
f 2825/63/1 2828/63/1 2827/63/1 2826/63/1
f 2829/63/2 2830/63/2 2831/63/2 2832/63/2
f 2825/63/3 2826/63/3 2830/63/3 2829/63/3
f 2828/63/4 2832/63/4 2831/63/4 2827/63/4
f 2825/63/5 2829/63/5 2832/63/5 2828/63/5
f 2826/63/6 2827/63/6 2831/63/6 2830/63/6
f 2833/63/1 2836/63/1 2835/63/1 2834/63/1
f 2837/63/2 2838/63/2 2839/63/2 2840/63/2
f 2833/63/3 2834/63/3 2838/63/3 2837/63/3
f 2836/63/4 2840/63/4 2839/63/4 2835/63/4
f 2833/63/5 2837/63/5 2840/63/5 2836/63/5
f 2834/63/6 2835/63/6 2839/63/6 2838/63/6
f 2841/63/1 2844/63/1 2843/63/1 2842/63/1
f 2845/63/2 2846/63/2 2847/63/2 2848/63/2
f 2841/63/3 2842/63/3 2846/63/3 2845/63/3
f 2844/63/4 2848/63/4 2847/63/4 2843/63/4
f 2841/63/5 2845/63/5 2848/63/5 2844/63/5
f 2842/63/6 2843/63/6 2847/63/6 2846/63/6
f 2849/63/1 2852/63/1 2851/63/1 2850/63/1
f 2853/63/2 2854/63/2 2855/63/2 2856/63/2
f 2849/63/3 2850/63/3 2854/63/3 2853/63/3
f 2852/63/4 2856/63/4 2855/63/4 2851/63/4
f 2849/63/5 2853/63/5 2856/63/5 2852/63/5
f 2850/63/6 2851/63/6 2855/63/6 2854/63/6
f 2857/63/1 2860/63/1 2859/63/1 2858/63/1
f 2861/63/2 2862/63/2 2863/63/2 2864/63/2
f 2857/63/3 2858/63/3 2862/63/3 2861/63/3
f 2860/63/4 2864/63/4 2863/63/4 2859/63/4
f 2857/63/5 2861/63/5 2864/63/5 2860/63/5
f 2858/63/6 2859/63/6 2863/63/6 2862/63/6
f 2865/63/1 2868/63/1 2867/63/1 2866/63/1
f 2869/63/2 2870/63/2 2871/63/2 2872/63/2
f 2865/63/3 2866/63/3 2870/63/3 2869/63/3
f 2868/63/4 2872/63/4 2871/63/4 2867/63/4
f 2865/63/5 2869/63/5 2872/63/5 2868/63/5
f 2866/63/6 2867/63/6 2871/63/6 2870/63/6
f 2873/34/1 2876/34/1 2875/34/1 2874/34/1
f 2877/34/2 2878/34/2 2879/34/2 2880/34/2
f 2873/34/3 2874/34/3 2878/34/3 2877/34/3
f 2876/34/4 2880/34/4 2879/34/4 2875/34/4
f 2873/34/5 2877/34/5 2880/34/5 2876/34/5
f 2874/34/6 2875/34/6 2879/34/6 2878/34/6
f 2881/34/1 2884/34/1 2883/34/1 2882/34/1
f 2885/34/2 2886/34/2 2887/34/2 2888/34/2
f 2881/34/3 2882/34/3 2886/34/3 2885/34/3
f 2884/34/4 2888/34/4 2887/34/4 2883/34/4
f 2881/34/5 2885/34/5 2888/34/5 2884/34/5
f 2882/34/6 2883/34/6 2887/34/6 2886/34/6
o SHELL_roof
usemtl palette
f 2889/53/1 2892/53/1 2891/53/1 2890/53/1
f 2893/53/2 2894/53/2 2895/53/2 2896/53/2
f 2889/53/3 2890/53/3 2894/53/3 2893/53/3
f 2892/53/4 2896/53/4 2895/53/4 2891/53/4
f 2889/53/5 2893/53/5 2896/53/5 2892/53/5
f 2890/53/6 2891/53/6 2895/53/6 2894/53/6
o SHELL_sign
usemtl palette
f 2897/47/1 2900/47/1 2899/47/1 2898/47/1
f 2901/47/2 2902/47/2 2903/47/2 2904/47/2
f 2897/47/3 2898/47/3 2902/47/3 2901/47/3
f 2900/47/4 2904/47/4 2903/47/4 2899/47/4
f 2897/47/5 2901/47/5 2904/47/5 2900/47/5
f 2898/47/6 2899/47/6 2903/47/6 2902/47/6
f 2905/47/1 2908/47/1 2907/47/1 2906/47/1
f 2909/47/2 2910/47/2 2911/47/2 2912/47/2
f 2905/47/3 2906/47/3 2910/47/3 2909/47/3
f 2908/47/4 2912/47/4 2911/47/4 2907/47/4
f 2905/47/5 2909/47/5 2912/47/5 2908/47/5
f 2906/47/6 2907/47/6 2911/47/6 2910/47/6
o SHELL_floor
usemtl palette
f 2913/3/1 2916/3/1 2915/3/1 2914/3/1
f 2917/3/2 2918/3/2 2919/3/2 2920/3/2
f 2913/3/3 2914/3/3 2918/3/3 2917/3/3
f 2916/3/4 2920/3/4 2919/3/4 2915/3/4
f 2913/3/5 2917/3/5 2920/3/5 2916/3/5
f 2914/3/6 2915/3/6 2919/3/6 2918/3/6
f 2921/27/1 2924/27/1 2923/27/1 2922/27/1
f 2925/27/2 2926/27/2 2927/27/2 2928/27/2
f 2921/27/3 2922/27/3 2926/27/3 2925/27/3
f 2924/27/4 2928/27/4 2927/27/4 2923/27/4
f 2921/27/5 2925/27/5 2928/27/5 2924/27/5
f 2922/27/6 2923/27/6 2927/27/6 2926/27/6
o SHELL_ceiling
usemtl palette
f 2929/5/1 2932/5/1 2931/5/1 2930/5/1
f 2933/5/2 2934/5/2 2935/5/2 2936/5/2
f 2929/5/3 2930/5/3 2934/5/3 2933/5/3
f 2932/5/4 2936/5/4 2935/5/4 2931/5/4
f 2929/5/5 2933/5/5 2936/5/5 2932/5/5
f 2930/5/6 2931/5/6 2935/5/6 2934/5/6
o SHELL_lights
usemtl palette
f 2937/37/1 2940/37/1 2939/37/1 2938/37/1
f 2941/37/2 2942/37/2 2943/37/2 2944/37/2
f 2937/37/3 2938/37/3 2942/37/3 2941/37/3
f 2940/37/4 2944/37/4 2943/37/4 2939/37/4
f 2937/37/5 2941/37/5 2944/37/5 2940/37/5
f 2938/37/6 2939/37/6 2943/37/6 2942/37/6
f 2945/37/1 2948/37/1 2947/37/1 2946/37/1
f 2949/37/2 2950/37/2 2951/37/2 2952/37/2
f 2945/37/3 2946/37/3 2950/37/3 2949/37/3
f 2948/37/4 2952/37/4 2951/37/4 2947/37/4
f 2945/37/5 2949/37/5 2952/37/5 2948/37/5
f 2946/37/6 2947/37/6 2951/37/6 2950/37/6
o SHELL_end
usemtl palette
f 2953/12/1 2956/12/1 2955/12/1 2954/12/1
f 2957/12/2 2958/12/2 2959/12/2 2960/12/2
f 2953/12/3 2954/12/3 2958/12/3 2957/12/3
f 2956/12/4 2960/12/4 2959/12/4 2955/12/4
f 2953/12/5 2957/12/5 2960/12/5 2956/12/5
f 2954/12/6 2955/12/6 2959/12/6 2958/12/6
f 2961/12/1 2964/12/1 2963/12/1 2962/12/1
f 2965/12/2 2966/12/2 2967/12/2 2968/12/2
f 2961/12/3 2962/12/3 2966/12/3 2965/12/3
f 2964/12/4 2968/12/4 2967/12/4 2963/12/4
f 2961/12/5 2965/12/5 2968/12/5 2964/12/5
f 2962/12/6 2963/12/6 2967/12/6 2966/12/6
f 2969/12/1 2972/12/1 2971/12/1 2970/12/1
f 2973/12/2 2974/12/2 2975/12/2 2976/12/2
f 2969/12/3 2970/12/3 2974/12/3 2973/12/3
f 2972/12/4 2976/12/4 2975/12/4 2971/12/4
f 2969/12/5 2973/12/5 2976/12/5 2972/12/5
f 2970/12/6 2971/12/6 2975/12/6 2974/12/6
f 2977/10/1 2980/10/1 2979/10/1 2978/10/1
f 2981/10/2 2982/10/2 2983/10/2 2984/10/2
f 2977/10/3 2978/10/3 2982/10/3 2981/10/3
f 2980/10/4 2984/10/4 2983/10/4 2979/10/4
f 2977/10/5 2981/10/5 2984/10/5 2980/10/5
f 2978/10/6 2979/10/6 2983/10/6 2982/10/6
f 2985/12/1 2988/12/1 2987/12/1 2986/12/1
f 2989/12/2 2990/12/2 2991/12/2 2992/12/2
f 2985/12/3 2986/12/3 2990/12/3 2989/12/3
f 2988/12/4 2992/12/4 2991/12/4 2987/12/4
f 2985/12/5 2989/12/5 2992/12/5 2988/12/5
f 2986/12/6 2987/12/6 2991/12/6 2990/12/6
f 2993/12/1 2996/12/1 2995/12/1 2994/12/1
f 2997/12/2 2998/12/2 2999/12/2 3000/12/2
f 2993/12/3 2994/12/3 2998/12/3 2997/12/3
f 2996/12/4 3000/12/4 2999/12/4 2995/12/4
f 2993/12/5 2997/12/5 3000/12/5 2996/12/5
f 2994/12/6 2995/12/6 2999/12/6 2998/12/6
f 3001/12/1 3004/12/1 3003/12/1 3002/12/1
f 3005/12/2 3006/12/2 3007/12/2 3008/12/2
f 3001/12/3 3002/12/3 3006/12/3 3005/12/3
f 3004/12/4 3008/12/4 3007/12/4 3003/12/4
f 3001/12/5 3005/12/5 3008/12/5 3004/12/5
f 3002/12/6 3003/12/6 3007/12/6 3006/12/6
f 3009/10/1 3012/10/1 3011/10/1 3010/10/1
f 3013/10/2 3014/10/2 3015/10/2 3016/10/2
f 3009/10/3 3010/10/3 3014/10/3 3013/10/3
f 3012/10/4 3016/10/4 3015/10/4 3011/10/4
f 3009/10/5 3013/10/5 3016/10/5 3012/10/5
f 3010/10/6 3011/10/6 3015/10/6 3014/10/6
o CONNECTING_DOOR_1_CG_CR_TOGGLE_TL_0.98_Z
usemtl palette
f 3017/55/1 3020/55/1 3019/55/1 3018/55/1
f 3021/55/2 3022/55/2 3023/55/2 3024/55/2
f 3017/55/3 3018/55/3 3022/55/3 3021/55/3
f 3020/55/4 3024/55/4 3023/55/4 3019/55/4
f 3017/55/5 3021/55/5 3024/55/5 3020/55/5
f 3018/55/6 3019/55/6 3023/55/6 3022/55/6
f 3025/1/1 3028/1/1 3027/1/1 3026/1/1
f 3029/1/2 3030/1/2 3031/1/2 3032/1/2
f 3025/1/3 3026/1/3 3030/1/3 3029/1/3
f 3028/1/4 3032/1/4 3031/1/4 3027/1/4
f 3025/1/5 3029/1/5 3032/1/5 3028/1/5
f 3026/1/6 3027/1/6 3031/1/6 3030/1/6
o CONNECTING_DOOR_2_CG_CF_TOGGLE_TL_0.98_Z
usemtl palette
f 3033/55/1 3036/55/1 3035/55/1 3034/55/1
f 3037/55/2 3038/55/2 3039/55/2 3040/55/2
f 3033/55/3 3034/55/3 3038/55/3 3037/55/3
f 3036/55/4 3040/55/4 3039/55/4 3035/55/4
f 3033/55/5 3037/55/5 3040/55/5 3036/55/5
f 3034/55/6 3035/55/6 3039/55/6 3038/55/6
f 3041/1/1 3044/1/1 3043/1/1 3042/1/1
f 3045/1/2 3046/1/2 3047/1/2 3048/1/2
f 3041/1/3 3042/1/3 3046/1/3 3045/1/3
f 3044/1/4 3048/1/4 3047/1/4 3043/1/4
f 3041/1/5 3045/1/5 3048/1/5 3044/1/5
f 3042/1/6 3043/1/6 3047/1/6 3046/1/6
o EXTERNAL_DOOR_4_CG_DR1_TOGGLE_TL_-0.49_X
usemtl palette
f 3049/55/1 3052/55/1 3051/55/1 3050/55/1
f 3053/55/2 3054/55/2 3055/55/2 3056/55/2
f 3049/55/3 3050/55/3 3054/55/3 3053/55/3
f 3052/55/4 3056/55/4 3055/55/4 3051/55/4
f 3049/55/5 3053/55/5 3056/55/5 3052/55/5
f 3050/55/6 3051/55/6 3055/55/6 3054/55/6
f 3057/55/1 3060/55/1 3059/55/1 3058/55/1
f 3061/55/2 3062/55/2 3063/55/2 3064/55/2
f 3057/55/3 3058/55/3 3062/55/3 3061/55/3
f 3060/55/4 3064/55/4 3063/55/4 3059/55/4
f 3057/55/5 3061/55/5 3064/55/5 3060/55/5
f 3058/55/6 3059/55/6 3063/55/6 3062/55/6
f 3065/55/1 3068/55/1 3067/55/1 3066/55/1
f 3069/55/2 3070/55/2 3071/55/2 3072/55/2
f 3065/55/3 3066/55/3 3070/55/3 3069/55/3
f 3068/55/4 3072/55/4 3071/55/4 3067/55/4
f 3065/55/5 3069/55/5 3072/55/5 3068/55/5
f 3066/55/6 3067/55/6 3071/55/6 3070/55/6
f 3073/55/1 3076/55/1 3075/55/1 3074/55/1
f 3077/55/2 3078/55/2 3079/55/2 3080/55/2
f 3073/55/3 3074/55/3 3078/55/3 3077/55/3
f 3076/55/4 3080/55/4 3079/55/4 3075/55/4
f 3073/55/5 3077/55/5 3080/55/5 3076/55/5
f 3074/55/6 3075/55/6 3079/55/6 3078/55/6
f 3081/1/1 3084/1/1 3083/1/1 3082/1/1
f 3085/1/2 3086/1/2 3087/1/2 3088/1/2
f 3081/1/3 3082/1/3 3086/1/3 3085/1/3
f 3084/1/4 3088/1/4 3087/1/4 3083/1/4
f 3081/1/5 3085/1/5 3088/1/5 3084/1/5
f 3082/1/6 3083/1/6 3087/1/6 3086/1/6
f 3089/7/1 3092/7/1 3091/7/1 3090/7/1
f 3093/7/2 3094/7/2 3095/7/2 3096/7/2
f 3089/7/3 3090/7/3 3094/7/3 3093/7/3
f 3092/7/4 3096/7/4 3095/7/4 3091/7/4
f 3089/7/5 3093/7/5 3096/7/5 3092/7/5
f 3090/7/6 3091/7/6 3095/7/6 3094/7/6
o EXTERNAL_DOOR_5_CG_DR1_TOGGLE_TL_0.49_X
usemtl palette
f 3097/55/1 3100/55/1 3099/55/1 3098/55/1
f 3101/55/2 3102/55/2 3103/55/2 3104/55/2
f 3097/55/3 3098/55/3 3102/55/3 3101/55/3
f 3100/55/4 3104/55/4 3103/55/4 3099/55/4
f 3097/55/5 3101/55/5 3104/55/5 3100/55/5
f 3098/55/6 3099/55/6 3103/55/6 3102/55/6
f 3105/55/1 3108/55/1 3107/55/1 3106/55/1
f 3109/55/2 3110/55/2 3111/55/2 3112/55/2
f 3105/55/3 3106/55/3 3110/55/3 3109/55/3
f 3108/55/4 3112/55/4 3111/55/4 3107/55/4
f 3105/55/5 3109/55/5 3112/55/5 3108/55/5
f 3106/55/6 3107/55/6 3111/55/6 3110/55/6
f 3113/55/1 3116/55/1 3115/55/1 3114/55/1
f 3117/55/2 3118/55/2 3119/55/2 3120/55/2
f 3113/55/3 3114/55/3 3118/55/3 3117/55/3
f 3116/55/4 3120/55/4 3119/55/4 3115/55/4
f 3113/55/5 3117/55/5 3120/55/5 3116/55/5
f 3114/55/6 3115/55/6 3119/55/6 3118/55/6
f 3121/55/1 3124/55/1 3123/55/1 3122/55/1
f 3125/55/2 3126/55/2 3127/55/2 3128/55/2
f 3121/55/3 3122/55/3 3126/55/3 3125/55/3
f 3124/55/4 3128/55/4 3127/55/4 3123/55/4
f 3121/55/5 3125/55/5 3128/55/5 3124/55/5
f 3122/55/6 3123/55/6 3127/55/6 3126/55/6
f 3129/1/1 3132/1/1 3131/1/1 3130/1/1
f 3133/1/2 3134/1/2 3135/1/2 3136/1/2
f 3129/1/3 3130/1/3 3134/1/3 3133/1/3
f 3132/1/4 3136/1/4 3135/1/4 3131/1/4
f 3129/1/5 3133/1/5 3136/1/5 3132/1/5
f 3130/1/6 3131/1/6 3135/1/6 3134/1/6
f 3137/7/1 3140/7/1 3139/7/1 3138/7/1
f 3141/7/2 3142/7/2 3143/7/2 3144/7/2
f 3137/7/3 3138/7/3 3142/7/3 3141/7/3
f 3140/7/4 3144/7/4 3143/7/4 3139/7/4
f 3137/7/5 3141/7/5 3144/7/5 3140/7/5
f 3138/7/6 3139/7/6 3143/7/6 3142/7/6
o SHELL_doorkit
usemtl palette
f 3145/13/1 3148/13/1 3147/13/1 3146/13/1
f 3149/13/2 3150/13/2 3151/13/2 3152/13/2
f 3145/13/3 3146/13/3 3150/13/3 3149/13/3
f 3148/13/4 3152/13/4 3151/13/4 3147/13/4
f 3145/13/5 3149/13/5 3152/13/5 3148/13/5
f 3146/13/6 3147/13/6 3151/13/6 3150/13/6
f 3153/10/1 3156/10/1 3155/10/1 3154/10/1
f 3157/10/2 3158/10/2 3159/10/2 3160/10/2
f 3153/10/3 3154/10/3 3158/10/3 3157/10/3
f 3156/10/4 3160/10/4 3159/10/4 3155/10/4
f 3153/10/5 3157/10/5 3160/10/5 3156/10/5
f 3154/10/6 3155/10/6 3159/10/6 3158/10/6
f 3161/13/1 3164/13/1 3163/13/1 3162/13/1
f 3165/13/2 3166/13/2 3167/13/2 3168/13/2
f 3161/13/3 3162/13/3 3166/13/3 3165/13/3
f 3164/13/4 3168/13/4 3167/13/4 3163/13/4
f 3161/13/5 3165/13/5 3168/13/5 3164/13/5
f 3162/13/6 3163/13/6 3167/13/6 3166/13/6
f 3169/10/1 3172/10/1 3171/10/1 3170/10/1
f 3173/10/2 3174/10/2 3175/10/2 3176/10/2
f 3169/10/3 3170/10/3 3174/10/3 3173/10/3
f 3172/10/4 3176/10/4 3175/10/4 3171/10/4
f 3169/10/5 3173/10/5 3176/10/5 3172/10/5
f 3170/10/6 3171/10/6 3175/10/6 3174/10/6
o EXTERNAL_DOOR_7_CG_DL1_TOGGLE_TL_-0.49_X
usemtl palette
f 3177/55/1 3180/55/1 3179/55/1 3178/55/1
f 3181/55/2 3182/55/2 3183/55/2 3184/55/2
f 3177/55/3 3178/55/3 3182/55/3 3181/55/3
f 3180/55/4 3184/55/4 3183/55/4 3179/55/4
f 3177/55/5 3181/55/5 3184/55/5 3180/55/5
f 3178/55/6 3179/55/6 3183/55/6 3182/55/6
f 3185/55/1 3188/55/1 3187/55/1 3186/55/1
f 3189/55/2 3190/55/2 3191/55/2 3192/55/2
f 3185/55/3 3186/55/3 3190/55/3 3189/55/3
f 3188/55/4 3192/55/4 3191/55/4 3187/55/4
f 3185/55/5 3189/55/5 3192/55/5 3188/55/5
f 3186/55/6 3187/55/6 3191/55/6 3190/55/6
f 3193/55/1 3196/55/1 3195/55/1 3194/55/1
f 3197/55/2 3198/55/2 3199/55/2 3200/55/2
f 3193/55/3 3194/55/3 3198/55/3 3197/55/3
f 3196/55/4 3200/55/4 3199/55/4 3195/55/4
f 3193/55/5 3197/55/5 3200/55/5 3196/55/5
f 3194/55/6 3195/55/6 3199/55/6 3198/55/6
f 3201/55/1 3204/55/1 3203/55/1 3202/55/1
f 3205/55/2 3206/55/2 3207/55/2 3208/55/2
f 3201/55/3 3202/55/3 3206/55/3 3205/55/3
f 3204/55/4 3208/55/4 3207/55/4 3203/55/4
f 3201/55/5 3205/55/5 3208/55/5 3204/55/5
f 3202/55/6 3203/55/6 3207/55/6 3206/55/6
f 3209/1/1 3212/1/1 3211/1/1 3210/1/1
f 3213/1/2 3214/1/2 3215/1/2 3216/1/2
f 3209/1/3 3210/1/3 3214/1/3 3213/1/3
f 3212/1/4 3216/1/4 3215/1/4 3211/1/4
f 3209/1/5 3213/1/5 3216/1/5 3212/1/5
f 3210/1/6 3211/1/6 3215/1/6 3214/1/6
f 3217/7/1 3220/7/1 3219/7/1 3218/7/1
f 3221/7/2 3222/7/2 3223/7/2 3224/7/2
f 3217/7/3 3218/7/3 3222/7/3 3221/7/3
f 3220/7/4 3224/7/4 3223/7/4 3219/7/4
f 3217/7/5 3221/7/5 3224/7/5 3220/7/5
f 3218/7/6 3219/7/6 3223/7/6 3222/7/6
o EXTERNAL_DOOR_8_CG_DL1_TOGGLE_TL_0.49_X
usemtl palette
f 3225/55/1 3228/55/1 3227/55/1 3226/55/1
f 3229/55/2 3230/55/2 3231/55/2 3232/55/2
f 3225/55/3 3226/55/3 3230/55/3 3229/55/3
f 3228/55/4 3232/55/4 3231/55/4 3227/55/4
f 3225/55/5 3229/55/5 3232/55/5 3228/55/5
f 3226/55/6 3227/55/6 3231/55/6 3230/55/6
f 3233/55/1 3236/55/1 3235/55/1 3234/55/1
f 3237/55/2 3238/55/2 3239/55/2 3240/55/2
f 3233/55/3 3234/55/3 3238/55/3 3237/55/3
f 3236/55/4 3240/55/4 3239/55/4 3235/55/4
f 3233/55/5 3237/55/5 3240/55/5 3236/55/5
f 3234/55/6 3235/55/6 3239/55/6 3238/55/6
f 3241/55/1 3244/55/1 3243/55/1 3242/55/1
f 3245/55/2 3246/55/2 3247/55/2 3248/55/2
f 3241/55/3 3242/55/3 3246/55/3 3245/55/3
f 3244/55/4 3248/55/4 3247/55/4 3243/55/4
f 3241/55/5 3245/55/5 3248/55/5 3244/55/5
f 3242/55/6 3243/55/6 3247/55/6 3246/55/6
f 3249/55/1 3252/55/1 3251/55/1 3250/55/1
f 3253/55/2 3254/55/2 3255/55/2 3256/55/2
f 3249/55/3 3250/55/3 3254/55/3 3253/55/3
f 3252/55/4 3256/55/4 3255/55/4 3251/55/4
f 3249/55/5 3253/55/5 3256/55/5 3252/55/5
f 3250/55/6 3251/55/6 3255/55/6 3254/55/6
f 3257/1/1 3260/1/1 3259/1/1 3258/1/1
f 3261/1/2 3262/1/2 3263/1/2 3264/1/2
f 3257/1/3 3258/1/3 3262/1/3 3261/1/3
f 3260/1/4 3264/1/4 3263/1/4 3259/1/4
f 3257/1/5 3261/1/5 3264/1/5 3260/1/5
f 3258/1/6 3259/1/6 3263/1/6 3262/1/6
f 3265/7/1 3268/7/1 3267/7/1 3266/7/1
f 3269/7/2 3270/7/2 3271/7/2 3272/7/2
f 3265/7/3 3266/7/3 3270/7/3 3269/7/3
f 3268/7/4 3272/7/4 3271/7/4 3267/7/4
f 3265/7/5 3269/7/5 3272/7/5 3268/7/5
f 3266/7/6 3267/7/6 3271/7/6 3270/7/6
o SHELL_seatbase
usemtl palette
f 3273/36/1 3276/36/1 3275/36/1 3274/36/1
f 3277/36/2 3278/36/2 3279/36/2 3280/36/2
f 3273/36/3 3274/36/3 3278/36/3 3277/36/3
f 3276/36/4 3280/36/4 3279/36/4 3275/36/4
f 3273/36/5 3277/36/5 3280/36/5 3276/36/5
f 3274/36/6 3275/36/6 3279/36/6 3278/36/6
f 3281/36/1 3284/36/1 3283/36/1 3282/36/1
f 3285/36/2 3286/36/2 3287/36/2 3288/36/2
f 3281/36/3 3282/36/3 3286/36/3 3285/36/3
f 3284/36/4 3288/36/4 3287/36/4 3283/36/4
f 3281/36/5 3285/36/5 3288/36/5 3284/36/5
f 3282/36/6 3283/36/6 3287/36/6 3286/36/6
f 3289/36/1 3292/36/1 3291/36/1 3290/36/1
f 3293/36/2 3294/36/2 3295/36/2 3296/36/2
f 3289/36/3 3290/36/3 3294/36/3 3293/36/3
f 3292/36/4 3296/36/4 3295/36/4 3291/36/4
f 3289/36/5 3293/36/5 3296/36/5 3292/36/5
f 3290/36/6 3291/36/6 3295/36/6 3294/36/6
f 3297/36/1 3300/36/1 3299/36/1 3298/36/1
f 3301/36/2 3302/36/2 3303/36/2 3304/36/2
f 3297/36/3 3298/36/3 3302/36/3 3301/36/3
f 3300/36/4 3304/36/4 3303/36/4 3299/36/4
f 3297/36/5 3301/36/5 3304/36/5 3300/36/5
f 3298/36/6 3299/36/6 3303/36/6 3302/36/6
f 3305/36/1 3308/36/1 3307/36/1 3306/36/1
f 3309/36/2 3310/36/2 3311/36/2 3312/36/2
f 3305/36/3 3306/36/3 3310/36/3 3309/36/3
f 3308/36/4 3312/36/4 3311/36/4 3307/36/4
f 3305/36/5 3309/36/5 3312/36/5 3308/36/5
f 3306/36/6 3307/36/6 3311/36/6 3310/36/6
f 3313/36/1 3316/36/1 3315/36/1 3314/36/1
f 3317/36/2 3318/36/2 3319/36/2 3320/36/2
f 3313/36/3 3314/36/3 3318/36/3 3317/36/3
f 3316/36/4 3320/36/4 3319/36/4 3315/36/4
f 3313/36/5 3317/36/5 3320/36/5 3316/36/5
f 3314/36/6 3315/36/6 3319/36/6 3318/36/6
f 3321/36/1 3324/36/1 3323/36/1 3322/36/1
f 3325/36/2 3326/36/2 3327/36/2 3328/36/2
f 3321/36/3 3322/36/3 3326/36/3 3325/36/3
f 3324/36/4 3328/36/4 3327/36/4 3323/36/4
f 3321/36/5 3325/36/5 3328/36/5 3324/36/5
f 3322/36/6 3323/36/6 3327/36/6 3326/36/6
f 3329/36/1 3332/36/1 3331/36/1 3330/36/1
f 3333/36/2 3334/36/2 3335/36/2 3336/36/2
f 3329/36/3 3330/36/3 3334/36/3 3333/36/3
f 3332/36/4 3336/36/4 3335/36/4 3331/36/4
f 3329/36/5 3333/36/5 3336/36/5 3332/36/5
f 3330/36/6 3331/36/6 3335/36/6 3334/36/6
f 3337/36/1 3340/36/1 3339/36/1 3338/36/1
f 3341/36/2 3342/36/2 3343/36/2 3344/36/2
f 3337/36/3 3338/36/3 3342/36/3 3341/36/3
f 3340/36/4 3344/36/4 3343/36/4 3339/36/4
f 3337/36/5 3341/36/5 3344/36/5 3340/36/5
f 3338/36/6 3339/36/6 3343/36/6 3342/36/6
f 3345/36/1 3348/36/1 3347/36/1 3346/36/1
f 3349/36/2 3350/36/2 3351/36/2 3352/36/2
f 3345/36/3 3346/36/3 3350/36/3 3349/36/3
f 3348/36/4 3352/36/4 3351/36/4 3347/36/4
f 3345/36/5 3349/36/5 3352/36/5 3348/36/5
f 3346/36/6 3347/36/6 3351/36/6 3350/36/6
f 3353/36/1 3356/36/1 3355/36/1 3354/36/1
f 3357/36/2 3358/36/2 3359/36/2 3360/36/2
f 3353/36/3 3354/36/3 3358/36/3 3357/36/3
f 3356/36/4 3360/36/4 3359/36/4 3355/36/4
f 3353/36/5 3357/36/5 3360/36/5 3356/36/5
f 3354/36/6 3355/36/6 3359/36/6 3358/36/6
f 3361/36/1 3364/36/1 3363/36/1 3362/36/1
f 3365/36/2 3366/36/2 3367/36/2 3368/36/2
f 3361/36/3 3362/36/3 3366/36/3 3365/36/3
f 3364/36/4 3368/36/4 3367/36/4 3363/36/4
f 3361/36/5 3365/36/5 3368/36/5 3364/36/5
f 3362/36/6 3363/36/6 3367/36/6 3366/36/6
f 3369/36/1 3372/36/1 3371/36/1 3370/36/1
f 3373/36/2 3374/36/2 3375/36/2 3376/36/2
f 3369/36/3 3370/36/3 3374/36/3 3373/36/3
f 3372/36/4 3376/36/4 3375/36/4 3371/36/4
f 3369/36/5 3373/36/5 3376/36/5 3372/36/5
f 3370/36/6 3371/36/6 3375/36/6 3374/36/6
f 3377/36/1 3380/36/1 3379/36/1 3378/36/1
f 3381/36/2 3382/36/2 3383/36/2 3384/36/2
f 3377/36/3 3378/36/3 3382/36/3 3381/36/3
f 3380/36/4 3384/36/4 3383/36/4 3379/36/4
f 3377/36/5 3381/36/5 3384/36/5 3380/36/5
f 3378/36/6 3379/36/6 3383/36/6 3382/36/6
f 3385/36/1 3388/36/1 3387/36/1 3386/36/1
f 3389/36/2 3390/36/2 3391/36/2 3392/36/2
f 3385/36/3 3386/36/3 3390/36/3 3389/36/3
f 3388/36/4 3392/36/4 3391/36/4 3387/36/4
f 3385/36/5 3389/36/5 3392/36/5 3388/36/5
f 3386/36/6 3387/36/6 3391/36/6 3390/36/6
f 3393/36/1 3396/36/1 3395/36/1 3394/36/1
f 3397/36/2 3398/36/2 3399/36/2 3400/36/2
f 3393/36/3 3394/36/3 3398/36/3 3397/36/3
f 3396/36/4 3400/36/4 3399/36/4 3395/36/4
f 3393/36/5 3397/36/5 3400/36/5 3396/36/5
f 3394/36/6 3395/36/6 3399/36/6 3398/36/6
f 3401/36/1 3404/36/1 3403/36/1 3402/36/1
f 3405/36/2 3406/36/2 3407/36/2 3408/36/2
f 3401/36/3 3402/36/3 3406/36/3 3405/36/3
f 3404/36/4 3408/36/4 3407/36/4 3403/36/4
f 3401/36/5 3405/36/5 3408/36/5 3404/36/5
f 3402/36/6 3403/36/6 3407/36/6 3406/36/6
f 3409/36/1 3412/36/1 3411/36/1 3410/36/1
f 3413/36/2 3414/36/2 3415/36/2 3416/36/2
f 3409/36/3 3410/36/3 3414/36/3 3413/36/3
f 3412/36/4 3416/36/4 3415/36/4 3411/36/4
f 3409/36/5 3413/36/5 3416/36/5 3412/36/5
f 3410/36/6 3411/36/6 3415/36/6 3414/36/6
f 3417/36/1 3420/36/1 3419/36/1 3418/36/1
f 3421/36/2 3422/36/2 3423/36/2 3424/36/2
f 3417/36/3 3418/36/3 3422/36/3 3421/36/3
f 3420/36/4 3424/36/4 3423/36/4 3419/36/4
f 3417/36/5 3421/36/5 3424/36/5 3420/36/5
f 3418/36/6 3419/36/6 3423/36/6 3422/36/6
f 3425/36/1 3428/36/1 3427/36/1 3426/36/1
f 3429/36/2 3430/36/2 3431/36/2 3432/36/2
f 3425/36/3 3426/36/3 3430/36/3 3429/36/3
f 3428/36/4 3432/36/4 3431/36/4 3427/36/4
f 3425/36/5 3429/36/5 3432/36/5 3428/36/5
f 3426/36/6 3427/36/6 3431/36/6 3430/36/6
f 3433/36/1 3436/36/1 3435/36/1 3434/36/1
f 3437/36/2 3438/36/2 3439/36/2 3440/36/2
f 3433/36/3 3434/36/3 3438/36/3 3437/36/3
f 3436/36/4 3440/36/4 3439/36/4 3435/36/4
f 3433/36/5 3437/36/5 3440/36/5 3436/36/5
f 3434/36/6 3435/36/6 3439/36/6 3438/36/6
f 3441/36/1 3444/36/1 3443/36/1 3442/36/1
f 3445/36/2 3446/36/2 3447/36/2 3448/36/2
f 3441/36/3 3442/36/3 3446/36/3 3445/36/3
f 3444/36/4 3448/36/4 3447/36/4 3443/36/4
f 3441/36/5 3445/36/5 3448/36/5 3444/36/5
f 3442/36/6 3443/36/6 3447/36/6 3446/36/6
f 3449/36/1 3452/36/1 3451/36/1 3450/36/1
f 3453/36/2 3454/36/2 3455/36/2 3456/36/2
f 3449/36/3 3450/36/3 3454/36/3 3453/36/3
f 3452/36/4 3456/36/4 3455/36/4 3451/36/4
f 3449/36/5 3453/36/5 3456/36/5 3452/36/5
f 3450/36/6 3451/36/6 3455/36/6 3454/36/6
f 3457/36/1 3460/36/1 3459/36/1 3458/36/1
f 3461/36/2 3462/36/2 3463/36/2 3464/36/2
f 3457/36/3 3458/36/3 3462/36/3 3461/36/3
f 3460/36/4 3464/36/4 3463/36/4 3459/36/4
f 3457/36/5 3461/36/5 3464/36/5 3460/36/5
f 3458/36/6 3459/36/6 3463/36/6 3462/36/6
f 3465/36/1 3468/36/1 3467/36/1 3466/36/1
f 3469/36/2 3470/36/2 3471/36/2 3472/36/2
f 3465/36/3 3466/36/3 3470/36/3 3469/36/3
f 3468/36/4 3472/36/4 3471/36/4 3467/36/4
f 3465/36/5 3469/36/5 3472/36/5 3468/36/5
f 3466/36/6 3467/36/6 3471/36/6 3470/36/6
f 3473/36/1 3476/36/1 3475/36/1 3474/36/1
f 3477/36/2 3478/36/2 3479/36/2 3480/36/2
f 3473/36/3 3474/36/3 3478/36/3 3477/36/3
f 3476/36/4 3480/36/4 3479/36/4 3475/36/4
f 3473/36/5 3477/36/5 3480/36/5 3476/36/5
f 3474/36/6 3475/36/6 3479/36/6 3478/36/6
f 3481/36/1 3484/36/1 3483/36/1 3482/36/1
f 3485/36/2 3486/36/2 3487/36/2 3488/36/2
f 3481/36/3 3482/36/3 3486/36/3 3485/36/3
f 3484/36/4 3488/36/4 3487/36/4 3483/36/4
f 3481/36/5 3485/36/5 3488/36/5 3484/36/5
f 3482/36/6 3483/36/6 3487/36/6 3486/36/6
f 3489/36/1 3492/36/1 3491/36/1 3490/36/1
f 3493/36/2 3494/36/2 3495/36/2 3496/36/2
f 3489/36/3 3490/36/3 3494/36/3 3493/36/3
f 3492/36/4 3496/36/4 3495/36/4 3491/36/4
f 3489/36/5 3493/36/5 3496/36/5 3492/36/5
f 3490/36/6 3491/36/6 3495/36/6 3494/36/6
f 3497/36/1 3500/36/1 3499/36/1 3498/36/1
f 3501/36/2 3502/36/2 3503/36/2 3504/36/2
f 3497/36/3 3498/36/3 3502/36/3 3501/36/3
f 3500/36/4 3504/36/4 3503/36/4 3499/36/4
f 3497/36/5 3501/36/5 3504/36/5 3500/36/5
f 3498/36/6 3499/36/6 3503/36/6 3502/36/6
f 3505/36/1 3508/36/1 3507/36/1 3506/36/1
f 3509/36/2 3510/36/2 3511/36/2 3512/36/2
f 3505/36/3 3506/36/3 3510/36/3 3509/36/3
f 3508/36/4 3512/36/4 3511/36/4 3507/36/4
f 3505/36/5 3509/36/5 3512/36/5 3508/36/5
f 3506/36/6 3507/36/6 3511/36/6 3510/36/6
f 3513/36/1 3516/36/1 3515/36/1 3514/36/1
f 3517/36/2 3518/36/2 3519/36/2 3520/36/2
f 3513/36/3 3514/36/3 3518/36/3 3517/36/3
f 3516/36/4 3520/36/4 3519/36/4 3515/36/4
f 3513/36/5 3517/36/5 3520/36/5 3516/36/5
f 3514/36/6 3515/36/6 3519/36/6 3518/36/6
f 3521/36/1 3524/36/1 3523/36/1 3522/36/1
f 3525/36/2 3526/36/2 3527/36/2 3528/36/2
f 3521/36/3 3522/36/3 3526/36/3 3525/36/3
f 3524/36/4 3528/36/4 3527/36/4 3523/36/4
f 3521/36/5 3525/36/5 3528/36/5 3524/36/5
f 3522/36/6 3523/36/6 3527/36/6 3526/36/6
f 3529/36/1 3532/36/1 3531/36/1 3530/36/1
f 3533/36/2 3534/36/2 3535/36/2 3536/36/2
f 3529/36/3 3530/36/3 3534/36/3 3533/36/3
f 3532/36/4 3536/36/4 3535/36/4 3531/36/4
f 3529/36/5 3533/36/5 3536/36/5 3532/36/5
f 3530/36/6 3531/36/6 3535/36/6 3534/36/6
f 3537/36/1 3540/36/1 3539/36/1 3538/36/1
f 3541/36/2 3542/36/2 3543/36/2 3544/36/2
f 3537/36/3 3538/36/3 3542/36/3 3541/36/3
f 3540/36/4 3544/36/4 3543/36/4 3539/36/4
f 3537/36/5 3541/36/5 3544/36/5 3540/36/5
f 3538/36/6 3539/36/6 3543/36/6 3542/36/6
f 3545/36/1 3548/36/1 3547/36/1 3546/36/1
f 3549/36/2 3550/36/2 3551/36/2 3552/36/2
f 3545/36/3 3546/36/3 3550/36/3 3549/36/3
f 3548/36/4 3552/36/4 3551/36/4 3547/36/4
f 3545/36/5 3549/36/5 3552/36/5 3548/36/5
f 3546/36/6 3547/36/6 3551/36/6 3550/36/6
f 3553/36/1 3556/36/1 3555/36/1 3554/36/1
f 3557/36/2 3558/36/2 3559/36/2 3560/36/2
f 3553/36/3 3554/36/3 3558/36/3 3557/36/3
f 3556/36/4 3560/36/4 3559/36/4 3555/36/4
f 3553/36/5 3557/36/5 3560/36/5 3556/36/5
f 3554/36/6 3555/36/6 3559/36/6 3558/36/6
f 3561/36/1 3564/36/1 3563/36/1 3562/36/1
f 3565/36/2 3566/36/2 3567/36/2 3568/36/2
f 3561/36/3 3562/36/3 3566/36/3 3565/36/3
f 3564/36/4 3568/36/4 3567/36/4 3563/36/4
f 3561/36/5 3565/36/5 3568/36/5 3564/36/5
f 3562/36/6 3563/36/6 3567/36/6 3566/36/6
f 3569/36/1 3572/36/1 3571/36/1 3570/36/1
f 3573/36/2 3574/36/2 3575/36/2 3576/36/2
f 3569/36/3 3570/36/3 3574/36/3 3573/36/3
f 3572/36/4 3576/36/4 3575/36/4 3571/36/4
f 3569/36/5 3573/36/5 3576/36/5 3572/36/5
f 3570/36/6 3571/36/6 3575/36/6 3574/36/6
f 3577/36/1 3580/36/1 3579/36/1 3578/36/1
f 3581/36/2 3582/36/2 3583/36/2 3584/36/2
f 3577/36/3 3578/36/3 3582/36/3 3581/36/3
f 3580/36/4 3584/36/4 3583/36/4 3579/36/4
f 3577/36/5 3581/36/5 3584/36/5 3580/36/5
f 3578/36/6 3579/36/6 3583/36/6 3582/36/6
f 3585/36/1 3588/36/1 3587/36/1 3586/36/1
f 3589/36/2 3590/36/2 3591/36/2 3592/36/2
f 3585/36/3 3586/36/3 3590/36/3 3589/36/3
f 3588/36/4 3592/36/4 3591/36/4 3587/36/4
f 3585/36/5 3589/36/5 3592/36/5 3588/36/5
f 3586/36/6 3587/36/6 3591/36/6 3590/36/6
f 3593/36/1 3596/36/1 3595/36/1 3594/36/1
f 3597/36/2 3598/36/2 3599/36/2 3600/36/2
f 3593/36/3 3594/36/3 3598/36/3 3597/36/3
f 3596/36/4 3600/36/4 3599/36/4 3595/36/4
f 3593/36/5 3597/36/5 3600/36/5 3596/36/5
f 3594/36/6 3595/36/6 3599/36/6 3598/36/6
f 3601/36/1 3604/36/1 3603/36/1 3602/36/1
f 3605/36/2 3606/36/2 3607/36/2 3608/36/2
f 3601/36/3 3602/36/3 3606/36/3 3605/36/3
f 3604/36/4 3608/36/4 3607/36/4 3603/36/4
f 3601/36/5 3605/36/5 3608/36/5 3604/36/5
f 3602/36/6 3603/36/6 3607/36/6 3606/36/6
f 3609/36/1 3612/36/1 3611/36/1 3610/36/1
f 3613/36/2 3614/36/2 3615/36/2 3616/36/2
f 3609/36/3 3610/36/3 3614/36/3 3613/36/3
f 3612/36/4 3616/36/4 3615/36/4 3611/36/4
f 3609/36/5 3613/36/5 3616/36/5 3612/36/5
f 3610/36/6 3611/36/6 3615/36/6 3614/36/6
f 3617/36/1 3620/36/1 3619/36/1 3618/36/1
f 3621/36/2 3622/36/2 3623/36/2 3624/36/2
f 3617/36/3 3618/36/3 3622/36/3 3621/36/3
f 3620/36/4 3624/36/4 3623/36/4 3619/36/4
f 3617/36/5 3621/36/5 3624/36/5 3620/36/5
f 3618/36/6 3619/36/6 3623/36/6 3622/36/6
f 3625/36/1 3628/36/1 3627/36/1 3626/36/1
f 3629/36/2 3630/36/2 3631/36/2 3632/36/2
f 3625/36/3 3626/36/3 3630/36/3 3629/36/3
f 3628/36/4 3632/36/4 3631/36/4 3627/36/4
f 3625/36/5 3629/36/5 3632/36/5 3628/36/5
f 3626/36/6 3627/36/6 3631/36/6 3630/36/6
f 3633/36/1 3636/36/1 3635/36/1 3634/36/1
f 3637/36/2 3638/36/2 3639/36/2 3640/36/2
f 3633/36/3 3634/36/3 3638/36/3 3637/36/3
f 3636/36/4 3640/36/4 3639/36/4 3635/36/4
f 3633/36/5 3637/36/5 3640/36/5 3636/36/5
f 3634/36/6 3635/36/6 3639/36/6 3638/36/6
f 3641/36/1 3644/36/1 3643/36/1 3642/36/1
f 3645/36/2 3646/36/2 3647/36/2 3648/36/2
f 3641/36/3 3642/36/3 3646/36/3 3645/36/3
f 3644/36/4 3648/36/4 3647/36/4 3643/36/4
f 3641/36/5 3645/36/5 3648/36/5 3644/36/5
f 3642/36/6 3643/36/6 3647/36/6 3646/36/6
f 3649/36/1 3652/36/1 3651/36/1 3650/36/1
f 3653/36/2 3654/36/2 3655/36/2 3656/36/2
f 3649/36/3 3650/36/3 3654/36/3 3653/36/3
f 3652/36/4 3656/36/4 3655/36/4 3651/36/4
f 3649/36/5 3653/36/5 3656/36/5 3652/36/5
f 3650/36/6 3651/36/6 3655/36/6 3654/36/6
f 3657/36/1 3660/36/1 3659/36/1 3658/36/1
f 3661/36/2 3662/36/2 3663/36/2 3664/36/2
f 3657/36/3 3658/36/3 3662/36/3 3661/36/3
f 3660/36/4 3664/36/4 3663/36/4 3659/36/4
f 3657/36/5 3661/36/5 3664/36/5 3660/36/5
f 3658/36/6 3659/36/6 3663/36/6 3662/36/6
f 3665/36/1 3668/36/1 3667/36/1 3666/36/1
f 3669/36/2 3670/36/2 3671/36/2 3672/36/2
f 3665/36/3 3666/36/3 3670/36/3 3669/36/3
f 3668/36/4 3672/36/4 3671/36/4 3667/36/4
f 3665/36/5 3669/36/5 3672/36/5 3668/36/5
f 3666/36/6 3667/36/6 3671/36/6 3670/36/6
f 3673/36/1 3676/36/1 3675/36/1 3674/36/1
f 3677/36/2 3678/36/2 3679/36/2 3680/36/2
f 3673/36/3 3674/36/3 3678/36/3 3677/36/3
f 3676/36/4 3680/36/4 3679/36/4 3675/36/4
f 3673/36/5 3677/36/5 3680/36/5 3676/36/5
f 3674/36/6 3675/36/6 3679/36/6 3678/36/6
f 3681/36/1 3684/36/1 3683/36/1 3682/36/1
f 3685/36/2 3686/36/2 3687/36/2 3688/36/2
f 3681/36/3 3682/36/3 3686/36/3 3685/36/3
f 3684/36/4 3688/36/4 3687/36/4 3683/36/4
f 3681/36/5 3685/36/5 3688/36/5 3684/36/5
f 3682/36/6 3683/36/6 3687/36/6 3686/36/6
f 3689/36/1 3692/36/1 3691/36/1 3690/36/1
f 3693/36/2 3694/36/2 3695/36/2 3696/36/2
f 3689/36/3 3690/36/3 3694/36/3 3693/36/3
f 3692/36/4 3696/36/4 3695/36/4 3691/36/4
f 3689/36/5 3693/36/5 3696/36/5 3692/36/5
f 3690/36/6 3691/36/6 3695/36/6 3694/36/6
f 3697/36/1 3700/36/1 3699/36/1 3698/36/1
f 3701/36/2 3702/36/2 3703/36/2 3704/36/2
f 3697/36/3 3698/36/3 3702/36/3 3701/36/3
f 3700/36/4 3704/36/4 3703/36/4 3699/36/4
f 3697/36/5 3701/36/5 3704/36/5 3700/36/5
f 3698/36/6 3699/36/6 3703/36/6 3702/36/6
f 3705/36/1 3708/36/1 3707/36/1 3706/36/1
f 3709/36/2 3710/36/2 3711/36/2 3712/36/2
f 3705/36/3 3706/36/3 3710/36/3 3709/36/3
f 3708/36/4 3712/36/4 3711/36/4 3707/36/4
f 3705/36/5 3709/36/5 3712/36/5 3708/36/5
f 3706/36/6 3707/36/6 3711/36/6 3710/36/6
f 3713/36/1 3716/36/1 3715/36/1 3714/36/1
f 3717/36/2 3718/36/2 3719/36/2 3720/36/2
f 3713/36/3 3714/36/3 3718/36/3 3717/36/3
f 3716/36/4 3720/36/4 3719/36/4 3715/36/4
f 3713/36/5 3717/36/5 3720/36/5 3716/36/5
f 3714/36/6 3715/36/6 3719/36/6 3718/36/6
f 3721/36/1 3724/36/1 3723/36/1 3722/36/1
f 3725/36/2 3726/36/2 3727/36/2 3728/36/2
f 3721/36/3 3722/36/3 3726/36/3 3725/36/3
f 3724/36/4 3728/36/4 3727/36/4 3723/36/4
f 3721/36/5 3725/36/5 3728/36/5 3724/36/5
f 3722/36/6 3723/36/6 3727/36/6 3726/36/6
f 3729/36/1 3732/36/1 3731/36/1 3730/36/1
f 3733/36/2 3734/36/2 3735/36/2 3736/36/2
f 3729/36/3 3730/36/3 3734/36/3 3733/36/3
f 3732/36/4 3736/36/4 3735/36/4 3731/36/4
f 3729/36/5 3733/36/5 3736/36/5 3732/36/5
f 3730/36/6 3731/36/6 3735/36/6 3734/36/6
f 3737/36/1 3740/36/1 3739/36/1 3738/36/1
f 3741/36/2 3742/36/2 3743/36/2 3744/36/2
f 3737/36/3 3738/36/3 3742/36/3 3741/36/3
f 3740/36/4 3744/36/4 3743/36/4 3739/36/4
f 3737/36/5 3741/36/5 3744/36/5 3740/36/5
f 3738/36/6 3739/36/6 3743/36/6 3742/36/6
f 3745/36/1 3748/36/1 3747/36/1 3746/36/1
f 3749/36/2 3750/36/2 3751/36/2 3752/36/2
f 3745/36/3 3746/36/3 3750/36/3 3749/36/3
f 3748/36/4 3752/36/4 3751/36/4 3747/36/4
f 3745/36/5 3749/36/5 3752/36/5 3748/36/5
f 3746/36/6 3747/36/6 3751/36/6 3750/36/6
f 3753/36/1 3756/36/1 3755/36/1 3754/36/1
f 3757/36/2 3758/36/2 3759/36/2 3760/36/2
f 3753/36/3 3754/36/3 3758/36/3 3757/36/3
f 3756/36/4 3760/36/4 3759/36/4 3755/36/4
f 3753/36/5 3757/36/5 3760/36/5 3756/36/5
f 3754/36/6 3755/36/6 3759/36/6 3758/36/6
f 3761/36/1 3764/36/1 3763/36/1 3762/36/1
f 3765/36/2 3766/36/2 3767/36/2 3768/36/2
f 3761/36/3 3762/36/3 3766/36/3 3765/36/3
f 3764/36/4 3768/36/4 3767/36/4 3763/36/4
f 3761/36/5 3765/36/5 3768/36/5 3764/36/5
f 3762/36/6 3763/36/6 3767/36/6 3766/36/6
f 3769/36/1 3772/36/1 3771/36/1 3770/36/1
f 3773/36/2 3774/36/2 3775/36/2 3776/36/2
f 3769/36/3 3770/36/3 3774/36/3 3773/36/3
f 3772/36/4 3776/36/4 3775/36/4 3771/36/4
f 3769/36/5 3773/36/5 3776/36/5 3772/36/5
f 3770/36/6 3771/36/6 3775/36/6 3774/36/6
f 3777/36/1 3780/36/1 3779/36/1 3778/36/1
f 3781/36/2 3782/36/2 3783/36/2 3784/36/2
f 3777/36/3 3778/36/3 3782/36/3 3781/36/3
f 3780/36/4 3784/36/4 3783/36/4 3779/36/4
f 3777/36/5 3781/36/5 3784/36/5 3780/36/5
f 3778/36/6 3779/36/6 3783/36/6 3782/36/6
f 3785/36/1 3788/36/1 3787/36/1 3786/36/1
f 3789/36/2 3790/36/2 3791/36/2 3792/36/2
f 3785/36/3 3786/36/3 3790/36/3 3789/36/3
f 3788/36/4 3792/36/4 3791/36/4 3787/36/4
f 3785/36/5 3789/36/5 3792/36/5 3788/36/5
f 3786/36/6 3787/36/6 3791/36/6 3790/36/6
f 3793/36/1 3796/36/1 3795/36/1 3794/36/1
f 3797/36/2 3798/36/2 3799/36/2 3800/36/2
f 3793/36/3 3794/36/3 3798/36/3 3797/36/3
f 3796/36/4 3800/36/4 3799/36/4 3795/36/4
f 3793/36/5 3797/36/5 3800/36/5 3796/36/5
f 3794/36/6 3795/36/6 3799/36/6 3798/36/6
f 3801/36/1 3804/36/1 3803/36/1 3802/36/1
f 3805/36/2 3806/36/2 3807/36/2 3808/36/2
f 3801/36/3 3802/36/3 3806/36/3 3805/36/3
f 3804/36/4 3808/36/4 3807/36/4 3803/36/4
f 3801/36/5 3805/36/5 3808/36/5 3804/36/5
f 3802/36/6 3803/36/6 3807/36/6 3806/36/6
f 3809/36/1 3812/36/1 3811/36/1 3810/36/1
f 3813/36/2 3814/36/2 3815/36/2 3816/36/2
f 3809/36/3 3810/36/3 3814/36/3 3813/36/3
f 3812/36/4 3816/36/4 3815/36/4 3811/36/4
f 3809/36/5 3813/36/5 3816/36/5 3812/36/5
f 3810/36/6 3811/36/6 3815/36/6 3814/36/6
f 3817/36/1 3820/36/1 3819/36/1 3818/36/1
f 3821/36/2 3822/36/2 3823/36/2 3824/36/2
f 3817/36/3 3818/36/3 3822/36/3 3821/36/3
f 3820/36/4 3824/36/4 3823/36/4 3819/36/4
f 3817/36/5 3821/36/5 3824/36/5 3820/36/5
f 3818/36/6 3819/36/6 3823/36/6 3822/36/6
f 3825/36/1 3828/36/1 3827/36/1 3826/36/1
f 3829/36/2 3830/36/2 3831/36/2 3832/36/2
f 3825/36/3 3826/36/3 3830/36/3 3829/36/3
f 3828/36/4 3832/36/4 3831/36/4 3827/36/4
f 3825/36/5 3829/36/5 3832/36/5 3828/36/5
f 3826/36/6 3827/36/6 3831/36/6 3830/36/6
f 3833/36/1 3836/36/1 3835/36/1 3834/36/1
f 3837/36/2 3838/36/2 3839/36/2 3840/36/2
f 3833/36/3 3834/36/3 3838/36/3 3837/36/3
f 3836/36/4 3840/36/4 3839/36/4 3835/36/4
f 3833/36/5 3837/36/5 3840/36/5 3836/36/5
f 3834/36/6 3835/36/6 3839/36/6 3838/36/6
f 3841/36/1 3844/36/1 3843/36/1 3842/36/1
f 3845/36/2 3846/36/2 3847/36/2 3848/36/2
f 3841/36/3 3842/36/3 3846/36/3 3845/36/3
f 3844/36/4 3848/36/4 3847/36/4 3843/36/4
f 3841/36/5 3845/36/5 3848/36/5 3844/36/5
f 3842/36/6 3843/36/6 3847/36/6 3846/36/6
f 3849/36/1 3852/36/1 3851/36/1 3850/36/1
f 3853/36/2 3854/36/2 3855/36/2 3856/36/2
f 3849/36/3 3850/36/3 3854/36/3 3853/36/3
f 3852/36/4 3856/36/4 3855/36/4 3851/36/4
f 3849/36/5 3853/36/5 3856/36/5 3852/36/5
f 3850/36/6 3851/36/6 3855/36/6 3854/36/6
f 3857/36/1 3860/36/1 3859/36/1 3858/36/1
f 3861/36/2 3862/36/2 3863/36/2 3864/36/2
f 3857/36/3 3858/36/3 3862/36/3 3861/36/3
f 3860/36/4 3864/36/4 3863/36/4 3859/36/4
f 3857/36/5 3861/36/5 3864/36/5 3860/36/5
f 3858/36/6 3859/36/6 3863/36/6 3862/36/6
f 3865/36/1 3868/36/1 3867/36/1 3866/36/1
f 3869/36/2 3870/36/2 3871/36/2 3872/36/2
f 3865/36/3 3866/36/3 3870/36/3 3869/36/3
f 3868/36/4 3872/36/4 3871/36/4 3867/36/4
f 3865/36/5 3869/36/5 3872/36/5 3868/36/5
f 3866/36/6 3867/36/6 3871/36/6 3870/36/6
f 3873/36/1 3876/36/1 3875/36/1 3874/36/1
f 3877/36/2 3878/36/2 3879/36/2 3880/36/2
f 3873/36/3 3874/36/3 3878/36/3 3877/36/3
f 3876/36/4 3880/36/4 3879/36/4 3875/36/4
f 3873/36/5 3877/36/5 3880/36/5 3876/36/5
f 3874/36/6 3875/36/6 3879/36/6 3878/36/6
f 3881/36/1 3884/36/1 3883/36/1 3882/36/1
f 3885/36/2 3886/36/2 3887/36/2 3888/36/2
f 3881/36/3 3882/36/3 3886/36/3 3885/36/3
f 3884/36/4 3888/36/4 3887/36/4 3883/36/4
f 3881/36/5 3885/36/5 3888/36/5 3884/36/5
f 3882/36/6 3883/36/6 3887/36/6 3886/36/6
f 3889/36/1 3892/36/1 3891/36/1 3890/36/1
f 3893/36/2 3894/36/2 3895/36/2 3896/36/2
f 3889/36/3 3890/36/3 3894/36/3 3893/36/3
f 3892/36/4 3896/36/4 3895/36/4 3891/36/4
f 3889/36/5 3893/36/5 3896/36/5 3892/36/5
f 3890/36/6 3891/36/6 3895/36/6 3894/36/6
f 3897/36/1 3900/36/1 3899/36/1 3898/36/1
f 3901/36/2 3902/36/2 3903/36/2 3904/36/2
f 3897/36/3 3898/36/3 3902/36/3 3901/36/3
f 3900/36/4 3904/36/4 3903/36/4 3899/36/4
f 3897/36/5 3901/36/5 3904/36/5 3900/36/5
f 3898/36/6 3899/36/6 3903/36/6 3902/36/6
f 3905/36/1 3908/36/1 3907/36/1 3906/36/1
f 3909/36/2 3910/36/2 3911/36/2 3912/36/2
f 3905/36/3 3906/36/3 3910/36/3 3909/36/3
f 3908/36/4 3912/36/4 3911/36/4 3907/36/4
f 3905/36/5 3909/36/5 3912/36/5 3908/36/5
f 3906/36/6 3907/36/6 3911/36/6 3910/36/6
f 3913/36/1 3916/36/1 3915/36/1 3914/36/1
f 3917/36/2 3918/36/2 3919/36/2 3920/36/2
f 3913/36/3 3914/36/3 3918/36/3 3917/36/3
f 3916/36/4 3920/36/4 3919/36/4 3915/36/4
f 3913/36/5 3917/36/5 3920/36/5 3916/36/5
f 3914/36/6 3915/36/6 3919/36/6 3918/36/6
f 3921/36/1 3924/36/1 3923/36/1 3922/36/1
f 3925/36/2 3926/36/2 3927/36/2 3928/36/2
f 3921/36/3 3922/36/3 3926/36/3 3925/36/3
f 3924/36/4 3928/36/4 3927/36/4 3923/36/4
f 3921/36/5 3925/36/5 3928/36/5 3924/36/5
f 3922/36/6 3923/36/6 3927/36/6 3926/36/6
f 3929/36/1 3932/36/1 3931/36/1 3930/36/1
f 3933/36/2 3934/36/2 3935/36/2 3936/36/2
f 3929/36/3 3930/36/3 3934/36/3 3933/36/3
f 3932/36/4 3936/36/4 3935/36/4 3931/36/4
f 3929/36/5 3933/36/5 3936/36/5 3932/36/5
f 3930/36/6 3931/36/6 3935/36/6 3934/36/6
f 3937/36/1 3940/36/1 3939/36/1 3938/36/1
f 3941/36/2 3942/36/2 3943/36/2 3944/36/2
f 3937/36/3 3938/36/3 3942/36/3 3941/36/3
f 3940/36/4 3944/36/4 3943/36/4 3939/36/4
f 3937/36/5 3941/36/5 3944/36/5 3940/36/5
f 3938/36/6 3939/36/6 3943/36/6 3942/36/6
o SEAT_1
usemtl palette
f 3945/48/1 3948/48/1 3947/48/1 3946/48/1
f 3949/48/2 3950/48/2 3951/48/2 3952/48/2
f 3945/48/3 3946/48/3 3950/48/3 3949/48/3
f 3948/48/4 3952/48/4 3951/48/4 3947/48/4
f 3945/48/5 3949/48/5 3952/48/5 3948/48/5
f 3946/48/6 3947/48/6 3951/48/6 3950/48/6
o SHELL_seatback
usemtl palette
f 3953/48/1 3956/48/1 3955/48/1 3954/48/1
f 3957/48/2 3958/48/2 3959/48/2 3960/48/2
f 3953/48/3 3954/48/3 3958/48/3 3957/48/3
f 3956/48/4 3960/48/4 3959/48/4 3955/48/4
f 3953/48/5 3957/48/5 3960/48/5 3956/48/5
f 3954/48/6 3955/48/6 3959/48/6 3958/48/6
f 3961/8/1 3964/8/1 3963/8/1 3962/8/1
f 3965/8/2 3966/8/2 3967/8/2 3968/8/2
f 3961/8/3 3962/8/3 3966/8/3 3965/8/3
f 3964/8/4 3968/8/4 3967/8/4 3963/8/4
f 3961/8/5 3965/8/5 3968/8/5 3964/8/5
f 3962/8/6 3963/8/6 3967/8/6 3966/8/6
f 3969/7/1 3972/7/1 3971/7/1 3970/7/1
f 3973/7/2 3974/7/2 3975/7/2 3976/7/2
f 3969/7/3 3970/7/3 3974/7/3 3973/7/3
f 3972/7/4 3976/7/4 3975/7/4 3971/7/4
f 3969/7/5 3973/7/5 3976/7/5 3972/7/5
f 3970/7/6 3971/7/6 3975/7/6 3974/7/6
f 3977/48/1 3980/48/1 3979/48/1 3978/48/1
f 3981/48/2 3982/48/2 3983/48/2 3984/48/2
f 3977/48/3 3978/48/3 3982/48/3 3981/48/3
f 3980/48/4 3984/48/4 3983/48/4 3979/48/4
f 3977/48/5 3981/48/5 3984/48/5 3980/48/5
f 3978/48/6 3979/48/6 3983/48/6 3982/48/6
f 3985/8/1 3988/8/1 3987/8/1 3986/8/1
f 3989/8/2 3990/8/2 3991/8/2 3992/8/2
f 3985/8/3 3986/8/3 3990/8/3 3989/8/3
f 3988/8/4 3992/8/4 3991/8/4 3987/8/4
f 3985/8/5 3989/8/5 3992/8/5 3988/8/5
f 3986/8/6 3987/8/6 3991/8/6 3990/8/6
f 3993/7/1 3996/7/1 3995/7/1 3994/7/1
f 3997/7/2 3998/7/2 3999/7/2 4000/7/2
f 3993/7/3 3994/7/3 3998/7/3 3997/7/3
f 3996/7/4 4000/7/4 3999/7/4 3995/7/4
f 3993/7/5 3997/7/5 4000/7/5 3996/7/5
f 3994/7/6 3995/7/6 3999/7/6 3998/7/6
f 4001/48/1 4004/48/1 4003/48/1 4002/48/1
f 4005/48/2 4006/48/2 4007/48/2 4008/48/2
f 4001/48/3 4002/48/3 4006/48/3 4005/48/3
f 4004/48/4 4008/48/4 4007/48/4 4003/48/4
f 4001/48/5 4005/48/5 4008/48/5 4004/48/5
f 4002/48/6 4003/48/6 4007/48/6 4006/48/6
f 4009/8/1 4012/8/1 4011/8/1 4010/8/1
f 4013/8/2 4014/8/2 4015/8/2 4016/8/2
f 4009/8/3 4010/8/3 4014/8/3 4013/8/3
f 4012/8/4 4016/8/4 4015/8/4 4011/8/4
f 4009/8/5 4013/8/5 4016/8/5 4012/8/5
f 4010/8/6 4011/8/6 4015/8/6 4014/8/6
f 4017/7/1 4020/7/1 4019/7/1 4018/7/1
f 4021/7/2 4022/7/2 4023/7/2 4024/7/2
f 4017/7/3 4018/7/3 4022/7/3 4021/7/3
f 4020/7/4 4024/7/4 4023/7/4 4019/7/4
f 4017/7/5 4021/7/5 4024/7/5 4020/7/5
f 4018/7/6 4019/7/6 4023/7/6 4022/7/6
f 4025/48/1 4028/48/1 4027/48/1 4026/48/1
f 4029/48/2 4030/48/2 4031/48/2 4032/48/2
f 4025/48/3 4026/48/3 4030/48/3 4029/48/3
f 4028/48/4 4032/48/4 4031/48/4 4027/48/4
f 4025/48/5 4029/48/5 4032/48/5 4028/48/5
f 4026/48/6 4027/48/6 4031/48/6 4030/48/6
f 4033/8/1 4036/8/1 4035/8/1 4034/8/1
f 4037/8/2 4038/8/2 4039/8/2 4040/8/2
f 4033/8/3 4034/8/3 4038/8/3 4037/8/3
f 4036/8/4 4040/8/4 4039/8/4 4035/8/4
f 4033/8/5 4037/8/5 4040/8/5 4036/8/5
f 4034/8/6 4035/8/6 4039/8/6 4038/8/6
f 4041/7/1 4044/7/1 4043/7/1 4042/7/1
f 4045/7/2 4046/7/2 4047/7/2 4048/7/2
f 4041/7/3 4042/7/3 4046/7/3 4045/7/3
f 4044/7/4 4048/7/4 4047/7/4 4043/7/4
f 4041/7/5 4045/7/5 4048/7/5 4044/7/5
f 4042/7/6 4043/7/6 4047/7/6 4046/7/6
f 4049/48/1 4052/48/1 4051/48/1 4050/48/1
f 4053/48/2 4054/48/2 4055/48/2 4056/48/2
f 4049/48/3 4050/48/3 4054/48/3 4053/48/3
f 4052/48/4 4056/48/4 4055/48/4 4051/48/4
f 4049/48/5 4053/48/5 4056/48/5 4052/48/5
f 4050/48/6 4051/48/6 4055/48/6 4054/48/6
f 4057/8/1 4060/8/1 4059/8/1 4058/8/1
f 4061/8/2 4062/8/2 4063/8/2 4064/8/2
f 4057/8/3 4058/8/3 4062/8/3 4061/8/3
f 4060/8/4 4064/8/4 4063/8/4 4059/8/4
f 4057/8/5 4061/8/5 4064/8/5 4060/8/5
f 4058/8/6 4059/8/6 4063/8/6 4062/8/6
f 4065/7/1 4068/7/1 4067/7/1 4066/7/1
f 4069/7/2 4070/7/2 4071/7/2 4072/7/2
f 4065/7/3 4066/7/3 4070/7/3 4069/7/3
f 4068/7/4 4072/7/4 4071/7/4 4067/7/4
f 4065/7/5 4069/7/5 4072/7/5 4068/7/5
f 4066/7/6 4067/7/6 4071/7/6 4070/7/6
f 4073/48/1 4076/48/1 4075/48/1 4074/48/1
f 4077/48/2 4078/48/2 4079/48/2 4080/48/2
f 4073/48/3 4074/48/3 4078/48/3 4077/48/3
f 4076/48/4 4080/48/4 4079/48/4 4075/48/4
f 4073/48/5 4077/48/5 4080/48/5 4076/48/5
f 4074/48/6 4075/48/6 4079/48/6 4078/48/6
f 4081/8/1 4084/8/1 4083/8/1 4082/8/1
f 4085/8/2 4086/8/2 4087/8/2 4088/8/2
f 4081/8/3 4082/8/3 4086/8/3 4085/8/3
f 4084/8/4 4088/8/4 4087/8/4 4083/8/4
f 4081/8/5 4085/8/5 4088/8/5 4084/8/5
f 4082/8/6 4083/8/6 4087/8/6 4086/8/6
f 4089/7/1 4092/7/1 4091/7/1 4090/7/1
f 4093/7/2 4094/7/2 4095/7/2 4096/7/2
f 4089/7/3 4090/7/3 4094/7/3 4093/7/3
f 4092/7/4 4096/7/4 4095/7/4 4091/7/4
f 4089/7/5 4093/7/5 4096/7/5 4092/7/5
f 4090/7/6 4091/7/6 4095/7/6 4094/7/6
f 4097/48/1 4100/48/1 4099/48/1 4098/48/1
f 4101/48/2 4102/48/2 4103/48/2 4104/48/2
f 4097/48/3 4098/48/3 4102/48/3 4101/48/3
f 4100/48/4 4104/48/4 4103/48/4 4099/48/4
f 4097/48/5 4101/48/5 4104/48/5 4100/48/5
f 4098/48/6 4099/48/6 4103/48/6 4102/48/6
f 4105/8/1 4108/8/1 4107/8/1 4106/8/1
f 4109/8/2 4110/8/2 4111/8/2 4112/8/2
f 4105/8/3 4106/8/3 4110/8/3 4109/8/3
f 4108/8/4 4112/8/4 4111/8/4 4107/8/4
f 4105/8/5 4109/8/5 4112/8/5 4108/8/5
f 4106/8/6 4107/8/6 4111/8/6 4110/8/6
f 4113/7/1 4116/7/1 4115/7/1 4114/7/1
f 4117/7/2 4118/7/2 4119/7/2 4120/7/2
f 4113/7/3 4114/7/3 4118/7/3 4117/7/3
f 4116/7/4 4120/7/4 4119/7/4 4115/7/4
f 4113/7/5 4117/7/5 4120/7/5 4116/7/5
f 4114/7/6 4115/7/6 4119/7/6 4118/7/6
f 4121/48/1 4124/48/1 4123/48/1 4122/48/1
f 4125/48/2 4126/48/2 4127/48/2 4128/48/2
f 4121/48/3 4122/48/3 4126/48/3 4125/48/3
f 4124/48/4 4128/48/4 4127/48/4 4123/48/4
f 4121/48/5 4125/48/5 4128/48/5 4124/48/5
f 4122/48/6 4123/48/6 4127/48/6 4126/48/6
f 4129/8/1 4132/8/1 4131/8/1 4130/8/1
f 4133/8/2 4134/8/2 4135/8/2 4136/8/2
f 4129/8/3 4130/8/3 4134/8/3 4133/8/3
f 4132/8/4 4136/8/4 4135/8/4 4131/8/4
f 4129/8/5 4133/8/5 4136/8/5 4132/8/5
f 4130/8/6 4131/8/6 4135/8/6 4134/8/6
f 4137/7/1 4140/7/1 4139/7/1 4138/7/1
f 4141/7/2 4142/7/2 4143/7/2 4144/7/2
f 4137/7/3 4138/7/3 4142/7/3 4141/7/3
f 4140/7/4 4144/7/4 4143/7/4 4139/7/4
f 4137/7/5 4141/7/5 4144/7/5 4140/7/5
f 4138/7/6 4139/7/6 4143/7/6 4142/7/6
f 4145/48/1 4148/48/1 4147/48/1 4146/48/1
f 4149/48/2 4150/48/2 4151/48/2 4152/48/2
f 4145/48/3 4146/48/3 4150/48/3 4149/48/3
f 4148/48/4 4152/48/4 4151/48/4 4147/48/4
f 4145/48/5 4149/48/5 4152/48/5 4148/48/5
f 4146/48/6 4147/48/6 4151/48/6 4150/48/6
f 4153/8/1 4156/8/1 4155/8/1 4154/8/1
f 4157/8/2 4158/8/2 4159/8/2 4160/8/2
f 4153/8/3 4154/8/3 4158/8/3 4157/8/3
f 4156/8/4 4160/8/4 4159/8/4 4155/8/4
f 4153/8/5 4157/8/5 4160/8/5 4156/8/5
f 4154/8/6 4155/8/6 4159/8/6 4158/8/6
f 4161/7/1 4164/7/1 4163/7/1 4162/7/1
f 4165/7/2 4166/7/2 4167/7/2 4168/7/2
f 4161/7/3 4162/7/3 4166/7/3 4165/7/3
f 4164/7/4 4168/7/4 4167/7/4 4163/7/4
f 4161/7/5 4165/7/5 4168/7/5 4164/7/5
f 4162/7/6 4163/7/6 4167/7/6 4166/7/6
f 4169/48/1 4172/48/1 4171/48/1 4170/48/1
f 4173/48/2 4174/48/2 4175/48/2 4176/48/2
f 4169/48/3 4170/48/3 4174/48/3 4173/48/3
f 4172/48/4 4176/48/4 4175/48/4 4171/48/4
f 4169/48/5 4173/48/5 4176/48/5 4172/48/5
f 4170/48/6 4171/48/6 4175/48/6 4174/48/6
f 4177/8/1 4180/8/1 4179/8/1 4178/8/1
f 4181/8/2 4182/8/2 4183/8/2 4184/8/2
f 4177/8/3 4178/8/3 4182/8/3 4181/8/3
f 4180/8/4 4184/8/4 4183/8/4 4179/8/4
f 4177/8/5 4181/8/5 4184/8/5 4180/8/5
f 4178/8/6 4179/8/6 4183/8/6 4182/8/6
f 4185/7/1 4188/7/1 4187/7/1 4186/7/1
f 4189/7/2 4190/7/2 4191/7/2 4192/7/2
f 4185/7/3 4186/7/3 4190/7/3 4189/7/3
f 4188/7/4 4192/7/4 4191/7/4 4187/7/4
f 4185/7/5 4189/7/5 4192/7/5 4188/7/5
f 4186/7/6 4187/7/6 4191/7/6 4190/7/6
f 4193/48/1 4196/48/1 4195/48/1 4194/48/1
f 4197/48/2 4198/48/2 4199/48/2 4200/48/2
f 4193/48/3 4194/48/3 4198/48/3 4197/48/3
f 4196/48/4 4200/48/4 4199/48/4 4195/48/4
f 4193/48/5 4197/48/5 4200/48/5 4196/48/5
f 4194/48/6 4195/48/6 4199/48/6 4198/48/6
f 4201/8/1 4204/8/1 4203/8/1 4202/8/1
f 4205/8/2 4206/8/2 4207/8/2 4208/8/2
f 4201/8/3 4202/8/3 4206/8/3 4205/8/3
f 4204/8/4 4208/8/4 4207/8/4 4203/8/4
f 4201/8/5 4205/8/5 4208/8/5 4204/8/5
f 4202/8/6 4203/8/6 4207/8/6 4206/8/6
f 4209/7/1 4212/7/1 4211/7/1 4210/7/1
f 4213/7/2 4214/7/2 4215/7/2 4216/7/2
f 4209/7/3 4210/7/3 4214/7/3 4213/7/3
f 4212/7/4 4216/7/4 4215/7/4 4211/7/4
f 4209/7/5 4213/7/5 4216/7/5 4212/7/5
f 4210/7/6 4211/7/6 4215/7/6 4214/7/6
f 4217/48/1 4220/48/1 4219/48/1 4218/48/1
f 4221/48/2 4222/48/2 4223/48/2 4224/48/2
f 4217/48/3 4218/48/3 4222/48/3 4221/48/3
f 4220/48/4 4224/48/4 4223/48/4 4219/48/4
f 4217/48/5 4221/48/5 4224/48/5 4220/48/5
f 4218/48/6 4219/48/6 4223/48/6 4222/48/6
f 4225/8/1 4228/8/1 4227/8/1 4226/8/1
f 4229/8/2 4230/8/2 4231/8/2 4232/8/2
f 4225/8/3 4226/8/3 4230/8/3 4229/8/3
f 4228/8/4 4232/8/4 4231/8/4 4227/8/4
f 4225/8/5 4229/8/5 4232/8/5 4228/8/5
f 4226/8/6 4227/8/6 4231/8/6 4230/8/6
f 4233/7/1 4236/7/1 4235/7/1 4234/7/1
f 4237/7/2 4238/7/2 4239/7/2 4240/7/2
f 4233/7/3 4234/7/3 4238/7/3 4237/7/3
f 4236/7/4 4240/7/4 4239/7/4 4235/7/4
f 4233/7/5 4237/7/5 4240/7/5 4236/7/5
f 4234/7/6 4235/7/6 4239/7/6 4238/7/6
f 4241/48/1 4244/48/1 4243/48/1 4242/48/1
f 4245/48/2 4246/48/2 4247/48/2 4248/48/2
f 4241/48/3 4242/48/3 4246/48/3 4245/48/3
f 4244/48/4 4248/48/4 4247/48/4 4243/48/4
f 4241/48/5 4245/48/5 4248/48/5 4244/48/5
f 4242/48/6 4243/48/6 4247/48/6 4246/48/6
f 4249/8/1 4252/8/1 4251/8/1 4250/8/1
f 4253/8/2 4254/8/2 4255/8/2 4256/8/2
f 4249/8/3 4250/8/3 4254/8/3 4253/8/3
f 4252/8/4 4256/8/4 4255/8/4 4251/8/4
f 4249/8/5 4253/8/5 4256/8/5 4252/8/5
f 4250/8/6 4251/8/6 4255/8/6 4254/8/6
f 4257/7/1 4260/7/1 4259/7/1 4258/7/1
f 4261/7/2 4262/7/2 4263/7/2 4264/7/2
f 4257/7/3 4258/7/3 4262/7/3 4261/7/3
f 4260/7/4 4264/7/4 4263/7/4 4259/7/4
f 4257/7/5 4261/7/5 4264/7/5 4260/7/5
f 4258/7/6 4259/7/6 4263/7/6 4262/7/6
f 4265/48/1 4268/48/1 4267/48/1 4266/48/1
f 4269/48/2 4270/48/2 4271/48/2 4272/48/2
f 4265/48/3 4266/48/3 4270/48/3 4269/48/3
f 4268/48/4 4272/48/4 4271/48/4 4267/48/4
f 4265/48/5 4269/48/5 4272/48/5 4268/48/5
f 4266/48/6 4267/48/6 4271/48/6 4270/48/6
f 4273/8/1 4276/8/1 4275/8/1 4274/8/1
f 4277/8/2 4278/8/2 4279/8/2 4280/8/2
f 4273/8/3 4274/8/3 4278/8/3 4277/8/3
f 4276/8/4 4280/8/4 4279/8/4 4275/8/4
f 4273/8/5 4277/8/5 4280/8/5 4276/8/5
f 4274/8/6 4275/8/6 4279/8/6 4278/8/6
f 4281/7/1 4284/7/1 4283/7/1 4282/7/1
f 4285/7/2 4286/7/2 4287/7/2 4288/7/2
f 4281/7/3 4282/7/3 4286/7/3 4285/7/3
f 4284/7/4 4288/7/4 4287/7/4 4283/7/4
f 4281/7/5 4285/7/5 4288/7/5 4284/7/5
f 4282/7/6 4283/7/6 4287/7/6 4286/7/6
f 4289/48/1 4292/48/1 4291/48/1 4290/48/1
f 4293/48/2 4294/48/2 4295/48/2 4296/48/2
f 4289/48/3 4290/48/3 4294/48/3 4293/48/3
f 4292/48/4 4296/48/4 4295/48/4 4291/48/4
f 4289/48/5 4293/48/5 4296/48/5 4292/48/5
f 4290/48/6 4291/48/6 4295/48/6 4294/48/6
f 4297/8/1 4300/8/1 4299/8/1 4298/8/1
f 4301/8/2 4302/8/2 4303/8/2 4304/8/2
f 4297/8/3 4298/8/3 4302/8/3 4301/8/3
f 4300/8/4 4304/8/4 4303/8/4 4299/8/4
f 4297/8/5 4301/8/5 4304/8/5 4300/8/5
f 4298/8/6 4299/8/6 4303/8/6 4302/8/6
f 4305/7/1 4308/7/1 4307/7/1 4306/7/1
f 4309/7/2 4310/7/2 4311/7/2 4312/7/2
f 4305/7/3 4306/7/3 4310/7/3 4309/7/3
f 4308/7/4 4312/7/4 4311/7/4 4307/7/4
f 4305/7/5 4309/7/5 4312/7/5 4308/7/5
f 4306/7/6 4307/7/6 4311/7/6 4310/7/6
f 4313/48/1 4316/48/1 4315/48/1 4314/48/1
f 4317/48/2 4318/48/2 4319/48/2 4320/48/2
f 4313/48/3 4314/48/3 4318/48/3 4317/48/3
f 4316/48/4 4320/48/4 4319/48/4 4315/48/4
f 4313/48/5 4317/48/5 4320/48/5 4316/48/5
f 4314/48/6 4315/48/6 4319/48/6 4318/48/6
f 4321/8/1 4324/8/1 4323/8/1 4322/8/1
f 4325/8/2 4326/8/2 4327/8/2 4328/8/2
f 4321/8/3 4322/8/3 4326/8/3 4325/8/3
f 4324/8/4 4328/8/4 4327/8/4 4323/8/4
f 4321/8/5 4325/8/5 4328/8/5 4324/8/5
f 4322/8/6 4323/8/6 4327/8/6 4326/8/6
f 4329/7/1 4332/7/1 4331/7/1 4330/7/1
f 4333/7/2 4334/7/2 4335/7/2 4336/7/2
f 4329/7/3 4330/7/3 4334/7/3 4333/7/3
f 4332/7/4 4336/7/4 4335/7/4 4331/7/4
f 4329/7/5 4333/7/5 4336/7/5 4332/7/5
f 4330/7/6 4331/7/6 4335/7/6 4334/7/6
f 4337/48/1 4340/48/1 4339/48/1 4338/48/1
f 4341/48/2 4342/48/2 4343/48/2 4344/48/2
f 4337/48/3 4338/48/3 4342/48/3 4341/48/3
f 4340/48/4 4344/48/4 4343/48/4 4339/48/4
f 4337/48/5 4341/48/5 4344/48/5 4340/48/5
f 4338/48/6 4339/48/6 4343/48/6 4342/48/6
f 4345/8/1 4348/8/1 4347/8/1 4346/8/1
f 4349/8/2 4350/8/2 4351/8/2 4352/8/2
f 4345/8/3 4346/8/3 4350/8/3 4349/8/3
f 4348/8/4 4352/8/4 4351/8/4 4347/8/4
f 4345/8/5 4349/8/5 4352/8/5 4348/8/5
f 4346/8/6 4347/8/6 4351/8/6 4350/8/6
f 4353/7/1 4356/7/1 4355/7/1 4354/7/1
f 4357/7/2 4358/7/2 4359/7/2 4360/7/2
f 4353/7/3 4354/7/3 4358/7/3 4357/7/3
f 4356/7/4 4360/7/4 4359/7/4 4355/7/4
f 4353/7/5 4357/7/5 4360/7/5 4356/7/5
f 4354/7/6 4355/7/6 4359/7/6 4358/7/6
f 4361/48/1 4364/48/1 4363/48/1 4362/48/1
f 4365/48/2 4366/48/2 4367/48/2 4368/48/2
f 4361/48/3 4362/48/3 4366/48/3 4365/48/3
f 4364/48/4 4368/48/4 4367/48/4 4363/48/4
f 4361/48/5 4365/48/5 4368/48/5 4364/48/5
f 4362/48/6 4363/48/6 4367/48/6 4366/48/6
f 4369/8/1 4372/8/1 4371/8/1 4370/8/1
f 4373/8/2 4374/8/2 4375/8/2 4376/8/2
f 4369/8/3 4370/8/3 4374/8/3 4373/8/3
f 4372/8/4 4376/8/4 4375/8/4 4371/8/4
f 4369/8/5 4373/8/5 4376/8/5 4372/8/5
f 4370/8/6 4371/8/6 4375/8/6 4374/8/6
f 4377/7/1 4380/7/1 4379/7/1 4378/7/1
f 4381/7/2 4382/7/2 4383/7/2 4384/7/2
f 4377/7/3 4378/7/3 4382/7/3 4381/7/3
f 4380/7/4 4384/7/4 4383/7/4 4379/7/4
f 4377/7/5 4381/7/5 4384/7/5 4380/7/5
f 4378/7/6 4379/7/6 4383/7/6 4382/7/6
f 4385/48/1 4388/48/1 4387/48/1 4386/48/1
f 4389/48/2 4390/48/2 4391/48/2 4392/48/2
f 4385/48/3 4386/48/3 4390/48/3 4389/48/3
f 4388/48/4 4392/48/4 4391/48/4 4387/48/4
f 4385/48/5 4389/48/5 4392/48/5 4388/48/5
f 4386/48/6 4387/48/6 4391/48/6 4390/48/6
f 4393/8/1 4396/8/1 4395/8/1 4394/8/1
f 4397/8/2 4398/8/2 4399/8/2 4400/8/2
f 4393/8/3 4394/8/3 4398/8/3 4397/8/3
f 4396/8/4 4400/8/4 4399/8/4 4395/8/4
f 4393/8/5 4397/8/5 4400/8/5 4396/8/5
f 4394/8/6 4395/8/6 4399/8/6 4398/8/6
f 4401/7/1 4404/7/1 4403/7/1 4402/7/1
f 4405/7/2 4406/7/2 4407/7/2 4408/7/2
f 4401/7/3 4402/7/3 4406/7/3 4405/7/3
f 4404/7/4 4408/7/4 4407/7/4 4403/7/4
f 4401/7/5 4405/7/5 4408/7/5 4404/7/5
f 4402/7/6 4403/7/6 4407/7/6 4406/7/6
f 4409/48/1 4412/48/1 4411/48/1 4410/48/1
f 4413/48/2 4414/48/2 4415/48/2 4416/48/2
f 4409/48/3 4410/48/3 4414/48/3 4413/48/3
f 4412/48/4 4416/48/4 4415/48/4 4411/48/4
f 4409/48/5 4413/48/5 4416/48/5 4412/48/5
f 4410/48/6 4411/48/6 4415/48/6 4414/48/6
f 4417/8/1 4420/8/1 4419/8/1 4418/8/1
f 4421/8/2 4422/8/2 4423/8/2 4424/8/2
f 4417/8/3 4418/8/3 4422/8/3 4421/8/3
f 4420/8/4 4424/8/4 4423/8/4 4419/8/4
f 4417/8/5 4421/8/5 4424/8/5 4420/8/5
f 4418/8/6 4419/8/6 4423/8/6 4422/8/6
f 4425/7/1 4428/7/1 4427/7/1 4426/7/1
f 4429/7/2 4430/7/2 4431/7/2 4432/7/2
f 4425/7/3 4426/7/3 4430/7/3 4429/7/3
f 4428/7/4 4432/7/4 4431/7/4 4427/7/4
f 4425/7/5 4429/7/5 4432/7/5 4428/7/5
f 4426/7/6 4427/7/6 4431/7/6 4430/7/6
f 4433/48/1 4436/48/1 4435/48/1 4434/48/1
f 4437/48/2 4438/48/2 4439/48/2 4440/48/2
f 4433/48/3 4434/48/3 4438/48/3 4437/48/3
f 4436/48/4 4440/48/4 4439/48/4 4435/48/4
f 4433/48/5 4437/48/5 4440/48/5 4436/48/5
f 4434/48/6 4435/48/6 4439/48/6 4438/48/6
f 4441/8/1 4444/8/1 4443/8/1 4442/8/1
f 4445/8/2 4446/8/2 4447/8/2 4448/8/2
f 4441/8/3 4442/8/3 4446/8/3 4445/8/3
f 4444/8/4 4448/8/4 4447/8/4 4443/8/4
f 4441/8/5 4445/8/5 4448/8/5 4444/8/5
f 4442/8/6 4443/8/6 4447/8/6 4446/8/6
f 4449/7/1 4452/7/1 4451/7/1 4450/7/1
f 4453/7/2 4454/7/2 4455/7/2 4456/7/2
f 4449/7/3 4450/7/3 4454/7/3 4453/7/3
f 4452/7/4 4456/7/4 4455/7/4 4451/7/4
f 4449/7/5 4453/7/5 4456/7/5 4452/7/5
f 4450/7/6 4451/7/6 4455/7/6 4454/7/6
f 4457/48/1 4460/48/1 4459/48/1 4458/48/1
f 4461/48/2 4462/48/2 4463/48/2 4464/48/2
f 4457/48/3 4458/48/3 4462/48/3 4461/48/3
f 4460/48/4 4464/48/4 4463/48/4 4459/48/4
f 4457/48/5 4461/48/5 4464/48/5 4460/48/5
f 4458/48/6 4459/48/6 4463/48/6 4462/48/6
f 4465/8/1 4468/8/1 4467/8/1 4466/8/1
f 4469/8/2 4470/8/2 4471/8/2 4472/8/2
f 4465/8/3 4466/8/3 4470/8/3 4469/8/3
f 4468/8/4 4472/8/4 4471/8/4 4467/8/4
f 4465/8/5 4469/8/5 4472/8/5 4468/8/5
f 4466/8/6 4467/8/6 4471/8/6 4470/8/6
f 4473/7/1 4476/7/1 4475/7/1 4474/7/1
f 4477/7/2 4478/7/2 4479/7/2 4480/7/2
f 4473/7/3 4474/7/3 4478/7/3 4477/7/3
f 4476/7/4 4480/7/4 4479/7/4 4475/7/4
f 4473/7/5 4477/7/5 4480/7/5 4476/7/5
f 4474/7/6 4475/7/6 4479/7/6 4478/7/6
f 4481/48/1 4484/48/1 4483/48/1 4482/48/1
f 4485/48/2 4486/48/2 4487/48/2 4488/48/2
f 4481/48/3 4482/48/3 4486/48/3 4485/48/3
f 4484/48/4 4488/48/4 4487/48/4 4483/48/4
f 4481/48/5 4485/48/5 4488/48/5 4484/48/5
f 4482/48/6 4483/48/6 4487/48/6 4486/48/6
f 4489/8/1 4492/8/1 4491/8/1 4490/8/1
f 4493/8/2 4494/8/2 4495/8/2 4496/8/2
f 4489/8/3 4490/8/3 4494/8/3 4493/8/3
f 4492/8/4 4496/8/4 4495/8/4 4491/8/4
f 4489/8/5 4493/8/5 4496/8/5 4492/8/5
f 4490/8/6 4491/8/6 4495/8/6 4494/8/6
f 4497/7/1 4500/7/1 4499/7/1 4498/7/1
f 4501/7/2 4502/7/2 4503/7/2 4504/7/2
f 4497/7/3 4498/7/3 4502/7/3 4501/7/3
f 4500/7/4 4504/7/4 4503/7/4 4499/7/4
f 4497/7/5 4501/7/5 4504/7/5 4500/7/5
f 4498/7/6 4499/7/6 4503/7/6 4502/7/6
f 4505/48/1 4508/48/1 4507/48/1 4506/48/1
f 4509/48/2 4510/48/2 4511/48/2 4512/48/2
f 4505/48/3 4506/48/3 4510/48/3 4509/48/3
f 4508/48/4 4512/48/4 4511/48/4 4507/48/4
f 4505/48/5 4509/48/5 4512/48/5 4508/48/5
f 4506/48/6 4507/48/6 4511/48/6 4510/48/6
f 4513/8/1 4516/8/1 4515/8/1 4514/8/1
f 4517/8/2 4518/8/2 4519/8/2 4520/8/2
f 4513/8/3 4514/8/3 4518/8/3 4517/8/3
f 4516/8/4 4520/8/4 4519/8/4 4515/8/4
f 4513/8/5 4517/8/5 4520/8/5 4516/8/5
f 4514/8/6 4515/8/6 4519/8/6 4518/8/6
f 4521/7/1 4524/7/1 4523/7/1 4522/7/1
f 4525/7/2 4526/7/2 4527/7/2 4528/7/2
f 4521/7/3 4522/7/3 4526/7/3 4525/7/3
f 4524/7/4 4528/7/4 4527/7/4 4523/7/4
f 4521/7/5 4525/7/5 4528/7/5 4524/7/5
f 4522/7/6 4523/7/6 4527/7/6 4526/7/6
f 4529/48/1 4532/48/1 4531/48/1 4530/48/1
f 4533/48/2 4534/48/2 4535/48/2 4536/48/2
f 4529/48/3 4530/48/3 4534/48/3 4533/48/3
f 4532/48/4 4536/48/4 4535/48/4 4531/48/4
f 4529/48/5 4533/48/5 4536/48/5 4532/48/5
f 4530/48/6 4531/48/6 4535/48/6 4534/48/6
f 4537/8/1 4540/8/1 4539/8/1 4538/8/1
f 4541/8/2 4542/8/2 4543/8/2 4544/8/2
f 4537/8/3 4538/8/3 4542/8/3 4541/8/3
f 4540/8/4 4544/8/4 4543/8/4 4539/8/4
f 4537/8/5 4541/8/5 4544/8/5 4540/8/5
f 4538/8/6 4539/8/6 4543/8/6 4542/8/6
f 4545/7/1 4548/7/1 4547/7/1 4546/7/1
f 4549/7/2 4550/7/2 4551/7/2 4552/7/2
f 4545/7/3 4546/7/3 4550/7/3 4549/7/3
f 4548/7/4 4552/7/4 4551/7/4 4547/7/4
f 4545/7/5 4549/7/5 4552/7/5 4548/7/5
f 4546/7/6 4547/7/6 4551/7/6 4550/7/6
f 4553/48/1 4556/48/1 4555/48/1 4554/48/1
f 4557/48/2 4558/48/2 4559/48/2 4560/48/2
f 4553/48/3 4554/48/3 4558/48/3 4557/48/3
f 4556/48/4 4560/48/4 4559/48/4 4555/48/4
f 4553/48/5 4557/48/5 4560/48/5 4556/48/5
f 4554/48/6 4555/48/6 4559/48/6 4558/48/6
f 4561/8/1 4564/8/1 4563/8/1 4562/8/1
f 4565/8/2 4566/8/2 4567/8/2 4568/8/2
f 4561/8/3 4562/8/3 4566/8/3 4565/8/3
f 4564/8/4 4568/8/4 4567/8/4 4563/8/4
f 4561/8/5 4565/8/5 4568/8/5 4564/8/5
f 4562/8/6 4563/8/6 4567/8/6 4566/8/6
f 4569/7/1 4572/7/1 4571/7/1 4570/7/1
f 4573/7/2 4574/7/2 4575/7/2 4576/7/2
f 4569/7/3 4570/7/3 4574/7/3 4573/7/3
f 4572/7/4 4576/7/4 4575/7/4 4571/7/4
f 4569/7/5 4573/7/5 4576/7/5 4572/7/5
f 4570/7/6 4571/7/6 4575/7/6 4574/7/6
f 4577/48/1 4580/48/1 4579/48/1 4578/48/1
f 4581/48/2 4582/48/2 4583/48/2 4584/48/2
f 4577/48/3 4578/48/3 4582/48/3 4581/48/3
f 4580/48/4 4584/48/4 4583/48/4 4579/48/4
f 4577/48/5 4581/48/5 4584/48/5 4580/48/5
f 4578/48/6 4579/48/6 4583/48/6 4582/48/6
f 4585/8/1 4588/8/1 4587/8/1 4586/8/1
f 4589/8/2 4590/8/2 4591/8/2 4592/8/2
f 4585/8/3 4586/8/3 4590/8/3 4589/8/3
f 4588/8/4 4592/8/4 4591/8/4 4587/8/4
f 4585/8/5 4589/8/5 4592/8/5 4588/8/5
f 4586/8/6 4587/8/6 4591/8/6 4590/8/6
f 4593/7/1 4596/7/1 4595/7/1 4594/7/1
f 4597/7/2 4598/7/2 4599/7/2 4600/7/2
f 4593/7/3 4594/7/3 4598/7/3 4597/7/3
f 4596/7/4 4600/7/4 4599/7/4 4595/7/4
f 4593/7/5 4597/7/5 4600/7/5 4596/7/5
f 4594/7/6 4595/7/6 4599/7/6 4598/7/6
f 4601/48/1 4604/48/1 4603/48/1 4602/48/1
f 4605/48/2 4606/48/2 4607/48/2 4608/48/2
f 4601/48/3 4602/48/3 4606/48/3 4605/48/3
f 4604/48/4 4608/48/4 4607/48/4 4603/48/4
f 4601/48/5 4605/48/5 4608/48/5 4604/48/5
f 4602/48/6 4603/48/6 4607/48/6 4606/48/6
f 4609/8/1 4612/8/1 4611/8/1 4610/8/1
f 4613/8/2 4614/8/2 4615/8/2 4616/8/2
f 4609/8/3 4610/8/3 4614/8/3 4613/8/3
f 4612/8/4 4616/8/4 4615/8/4 4611/8/4
f 4609/8/5 4613/8/5 4616/8/5 4612/8/5
f 4610/8/6 4611/8/6 4615/8/6 4614/8/6
f 4617/7/1 4620/7/1 4619/7/1 4618/7/1
f 4621/7/2 4622/7/2 4623/7/2 4624/7/2
f 4617/7/3 4618/7/3 4622/7/3 4621/7/3
f 4620/7/4 4624/7/4 4623/7/4 4619/7/4
f 4617/7/5 4621/7/5 4624/7/5 4620/7/5
f 4618/7/6 4619/7/6 4623/7/6 4622/7/6
f 4625/48/1 4628/48/1 4627/48/1 4626/48/1
f 4629/48/2 4630/48/2 4631/48/2 4632/48/2
f 4625/48/3 4626/48/3 4630/48/3 4629/48/3
f 4628/48/4 4632/48/4 4631/48/4 4627/48/4
f 4625/48/5 4629/48/5 4632/48/5 4628/48/5
f 4626/48/6 4627/48/6 4631/48/6 4630/48/6
f 4633/8/1 4636/8/1 4635/8/1 4634/8/1
f 4637/8/2 4638/8/2 4639/8/2 4640/8/2
f 4633/8/3 4634/8/3 4638/8/3 4637/8/3
f 4636/8/4 4640/8/4 4639/8/4 4635/8/4
f 4633/8/5 4637/8/5 4640/8/5 4636/8/5
f 4634/8/6 4635/8/6 4639/8/6 4638/8/6
f 4641/7/1 4644/7/1 4643/7/1 4642/7/1
f 4645/7/2 4646/7/2 4647/7/2 4648/7/2
f 4641/7/3 4642/7/3 4646/7/3 4645/7/3
f 4644/7/4 4648/7/4 4647/7/4 4643/7/4
f 4641/7/5 4645/7/5 4648/7/5 4644/7/5
f 4642/7/6 4643/7/6 4647/7/6 4646/7/6
f 4649/48/1 4652/48/1 4651/48/1 4650/48/1
f 4653/48/2 4654/48/2 4655/48/2 4656/48/2
f 4649/48/3 4650/48/3 4654/48/3 4653/48/3
f 4652/48/4 4656/48/4 4655/48/4 4651/48/4
f 4649/48/5 4653/48/5 4656/48/5 4652/48/5
f 4650/48/6 4651/48/6 4655/48/6 4654/48/6
f 4657/8/1 4660/8/1 4659/8/1 4658/8/1
f 4661/8/2 4662/8/2 4663/8/2 4664/8/2
f 4657/8/3 4658/8/3 4662/8/3 4661/8/3
f 4660/8/4 4664/8/4 4663/8/4 4659/8/4
f 4657/8/5 4661/8/5 4664/8/5 4660/8/5
f 4658/8/6 4659/8/6 4663/8/6 4662/8/6
f 4665/7/1 4668/7/1 4667/7/1 4666/7/1
f 4669/7/2 4670/7/2 4671/7/2 4672/7/2
f 4665/7/3 4666/7/3 4670/7/3 4669/7/3
f 4668/7/4 4672/7/4 4671/7/4 4667/7/4
f 4665/7/5 4669/7/5 4672/7/5 4668/7/5
f 4666/7/6 4667/7/6 4671/7/6 4670/7/6
f 4673/48/1 4676/48/1 4675/48/1 4674/48/1
f 4677/48/2 4678/48/2 4679/48/2 4680/48/2
f 4673/48/3 4674/48/3 4678/48/3 4677/48/3
f 4676/48/4 4680/48/4 4679/48/4 4675/48/4
f 4673/48/5 4677/48/5 4680/48/5 4676/48/5
f 4674/48/6 4675/48/6 4679/48/6 4678/48/6
f 4681/8/1 4684/8/1 4683/8/1 4682/8/1
f 4685/8/2 4686/8/2 4687/8/2 4688/8/2
f 4681/8/3 4682/8/3 4686/8/3 4685/8/3
f 4684/8/4 4688/8/4 4687/8/4 4683/8/4
f 4681/8/5 4685/8/5 4688/8/5 4684/8/5
f 4682/8/6 4683/8/6 4687/8/6 4686/8/6
f 4689/7/1 4692/7/1 4691/7/1 4690/7/1
f 4693/7/2 4694/7/2 4695/7/2 4696/7/2
f 4689/7/3 4690/7/3 4694/7/3 4693/7/3
f 4692/7/4 4696/7/4 4695/7/4 4691/7/4
f 4689/7/5 4693/7/5 4696/7/5 4692/7/5
f 4690/7/6 4691/7/6 4695/7/6 4694/7/6
f 4697/48/1 4700/48/1 4699/48/1 4698/48/1
f 4701/48/2 4702/48/2 4703/48/2 4704/48/2
f 4697/48/3 4698/48/3 4702/48/3 4701/48/3
f 4700/48/4 4704/48/4 4703/48/4 4699/48/4
f 4697/48/5 4701/48/5 4704/48/5 4700/48/5
f 4698/48/6 4699/48/6 4703/48/6 4702/48/6
f 4705/8/1 4708/8/1 4707/8/1 4706/8/1
f 4709/8/2 4710/8/2 4711/8/2 4712/8/2
f 4705/8/3 4706/8/3 4710/8/3 4709/8/3
f 4708/8/4 4712/8/4 4711/8/4 4707/8/4
f 4705/8/5 4709/8/5 4712/8/5 4708/8/5
f 4706/8/6 4707/8/6 4711/8/6 4710/8/6
f 4713/7/1 4716/7/1 4715/7/1 4714/7/1
f 4717/7/2 4718/7/2 4719/7/2 4720/7/2
f 4713/7/3 4714/7/3 4718/7/3 4717/7/3
f 4716/7/4 4720/7/4 4719/7/4 4715/7/4
f 4713/7/5 4717/7/5 4720/7/5 4716/7/5
f 4714/7/6 4715/7/6 4719/7/6 4718/7/6
f 4721/48/1 4724/48/1 4723/48/1 4722/48/1
f 4725/48/2 4726/48/2 4727/48/2 4728/48/2
f 4721/48/3 4722/48/3 4726/48/3 4725/48/3
f 4724/48/4 4728/48/4 4727/48/4 4723/48/4
f 4721/48/5 4725/48/5 4728/48/5 4724/48/5
f 4722/48/6 4723/48/6 4727/48/6 4726/48/6
f 4729/8/1 4732/8/1 4731/8/1 4730/8/1
f 4733/8/2 4734/8/2 4735/8/2 4736/8/2
f 4729/8/3 4730/8/3 4734/8/3 4733/8/3
f 4732/8/4 4736/8/4 4735/8/4 4731/8/4
f 4729/8/5 4733/8/5 4736/8/5 4732/8/5
f 4730/8/6 4731/8/6 4735/8/6 4734/8/6
f 4737/7/1 4740/7/1 4739/7/1 4738/7/1
f 4741/7/2 4742/7/2 4743/7/2 4744/7/2
f 4737/7/3 4738/7/3 4742/7/3 4741/7/3
f 4740/7/4 4744/7/4 4743/7/4 4739/7/4
f 4737/7/5 4741/7/5 4744/7/5 4740/7/5
f 4738/7/6 4739/7/6 4743/7/6 4742/7/6
f 4745/48/1 4748/48/1 4747/48/1 4746/48/1
f 4749/48/2 4750/48/2 4751/48/2 4752/48/2
f 4745/48/3 4746/48/3 4750/48/3 4749/48/3
f 4748/48/4 4752/48/4 4751/48/4 4747/48/4
f 4745/48/5 4749/48/5 4752/48/5 4748/48/5
f 4746/48/6 4747/48/6 4751/48/6 4750/48/6
f 4753/8/1 4756/8/1 4755/8/1 4754/8/1
f 4757/8/2 4758/8/2 4759/8/2 4760/8/2
f 4753/8/3 4754/8/3 4758/8/3 4757/8/3
f 4756/8/4 4760/8/4 4759/8/4 4755/8/4
f 4753/8/5 4757/8/5 4760/8/5 4756/8/5
f 4754/8/6 4755/8/6 4759/8/6 4758/8/6
f 4761/7/1 4764/7/1 4763/7/1 4762/7/1
f 4765/7/2 4766/7/2 4767/7/2 4768/7/2
f 4761/7/3 4762/7/3 4766/7/3 4765/7/3
f 4764/7/4 4768/7/4 4767/7/4 4763/7/4
f 4761/7/5 4765/7/5 4768/7/5 4764/7/5
f 4762/7/6 4763/7/6 4767/7/6 4766/7/6
f 4769/48/1 4772/48/1 4771/48/1 4770/48/1
f 4773/48/2 4774/48/2 4775/48/2 4776/48/2
f 4769/48/3 4770/48/3 4774/48/3 4773/48/3
f 4772/48/4 4776/48/4 4775/48/4 4771/48/4
f 4769/48/5 4773/48/5 4776/48/5 4772/48/5
f 4770/48/6 4771/48/6 4775/48/6 4774/48/6
f 4777/8/1 4780/8/1 4779/8/1 4778/8/1
f 4781/8/2 4782/8/2 4783/8/2 4784/8/2
f 4777/8/3 4778/8/3 4782/8/3 4781/8/3
f 4780/8/4 4784/8/4 4783/8/4 4779/8/4
f 4777/8/5 4781/8/5 4784/8/5 4780/8/5
f 4778/8/6 4779/8/6 4783/8/6 4782/8/6
f 4785/7/1 4788/7/1 4787/7/1 4786/7/1
f 4789/7/2 4790/7/2 4791/7/2 4792/7/2
f 4785/7/3 4786/7/3 4790/7/3 4789/7/3
f 4788/7/4 4792/7/4 4791/7/4 4787/7/4
f 4785/7/5 4789/7/5 4792/7/5 4788/7/5
f 4786/7/6 4787/7/6 4791/7/6 4790/7/6
f 4793/48/1 4796/48/1 4795/48/1 4794/48/1
f 4797/48/2 4798/48/2 4799/48/2 4800/48/2
f 4793/48/3 4794/48/3 4798/48/3 4797/48/3
f 4796/48/4 4800/48/4 4799/48/4 4795/48/4
f 4793/48/5 4797/48/5 4800/48/5 4796/48/5
f 4794/48/6 4795/48/6 4799/48/6 4798/48/6
f 4801/8/1 4804/8/1 4803/8/1 4802/8/1
f 4805/8/2 4806/8/2 4807/8/2 4808/8/2
f 4801/8/3 4802/8/3 4806/8/3 4805/8/3
f 4804/8/4 4808/8/4 4807/8/4 4803/8/4
f 4801/8/5 4805/8/5 4808/8/5 4804/8/5
f 4802/8/6 4803/8/6 4807/8/6 4806/8/6
f 4809/7/1 4812/7/1 4811/7/1 4810/7/1
f 4813/7/2 4814/7/2 4815/7/2 4816/7/2
f 4809/7/3 4810/7/3 4814/7/3 4813/7/3
f 4812/7/4 4816/7/4 4815/7/4 4811/7/4
f 4809/7/5 4813/7/5 4816/7/5 4812/7/5
f 4810/7/6 4811/7/6 4815/7/6 4814/7/6
f 4817/48/1 4820/48/1 4819/48/1 4818/48/1
f 4821/48/2 4822/48/2 4823/48/2 4824/48/2
f 4817/48/3 4818/48/3 4822/48/3 4821/48/3
f 4820/48/4 4824/48/4 4823/48/4 4819/48/4
f 4817/48/5 4821/48/5 4824/48/5 4820/48/5
f 4818/48/6 4819/48/6 4823/48/6 4822/48/6
f 4825/8/1 4828/8/1 4827/8/1 4826/8/1
f 4829/8/2 4830/8/2 4831/8/2 4832/8/2
f 4825/8/3 4826/8/3 4830/8/3 4829/8/3
f 4828/8/4 4832/8/4 4831/8/4 4827/8/4
f 4825/8/5 4829/8/5 4832/8/5 4828/8/5
f 4826/8/6 4827/8/6 4831/8/6 4830/8/6
f 4833/7/1 4836/7/1 4835/7/1 4834/7/1
f 4837/7/2 4838/7/2 4839/7/2 4840/7/2
f 4833/7/3 4834/7/3 4838/7/3 4837/7/3
f 4836/7/4 4840/7/4 4839/7/4 4835/7/4
f 4833/7/5 4837/7/5 4840/7/5 4836/7/5
f 4834/7/6 4835/7/6 4839/7/6 4838/7/6
f 4841/48/1 4844/48/1 4843/48/1 4842/48/1
f 4845/48/2 4846/48/2 4847/48/2 4848/48/2
f 4841/48/3 4842/48/3 4846/48/3 4845/48/3
f 4844/48/4 4848/48/4 4847/48/4 4843/48/4
f 4841/48/5 4845/48/5 4848/48/5 4844/48/5
f 4842/48/6 4843/48/6 4847/48/6 4846/48/6
f 4849/8/1 4852/8/1 4851/8/1 4850/8/1
f 4853/8/2 4854/8/2 4855/8/2 4856/8/2
f 4849/8/3 4850/8/3 4854/8/3 4853/8/3
f 4852/8/4 4856/8/4 4855/8/4 4851/8/4
f 4849/8/5 4853/8/5 4856/8/5 4852/8/5
f 4850/8/6 4851/8/6 4855/8/6 4854/8/6
f 4857/7/1 4860/7/1 4859/7/1 4858/7/1
f 4861/7/2 4862/7/2 4863/7/2 4864/7/2
f 4857/7/3 4858/7/3 4862/7/3 4861/7/3
f 4860/7/4 4864/7/4 4863/7/4 4859/7/4
f 4857/7/5 4861/7/5 4864/7/5 4860/7/5
f 4858/7/6 4859/7/6 4863/7/6 4862/7/6
f 4865/48/1 4868/48/1 4867/48/1 4866/48/1
f 4869/48/2 4870/48/2 4871/48/2 4872/48/2
f 4865/48/3 4866/48/3 4870/48/3 4869/48/3
f 4868/48/4 4872/48/4 4871/48/4 4867/48/4
f 4865/48/5 4869/48/5 4872/48/5 4868/48/5
f 4866/48/6 4867/48/6 4871/48/6 4870/48/6
f 4873/8/1 4876/8/1 4875/8/1 4874/8/1
f 4877/8/2 4878/8/2 4879/8/2 4880/8/2
f 4873/8/3 4874/8/3 4878/8/3 4877/8/3
f 4876/8/4 4880/8/4 4879/8/4 4875/8/4
f 4873/8/5 4877/8/5 4880/8/5 4876/8/5
f 4874/8/6 4875/8/6 4879/8/6 4878/8/6
f 4881/7/1 4884/7/1 4883/7/1 4882/7/1
f 4885/7/2 4886/7/2 4887/7/2 4888/7/2
f 4881/7/3 4882/7/3 4886/7/3 4885/7/3
f 4884/7/4 4888/7/4 4887/7/4 4883/7/4
f 4881/7/5 4885/7/5 4888/7/5 4884/7/5
f 4882/7/6 4883/7/6 4887/7/6 4886/7/6
f 4889/48/1 4892/48/1 4891/48/1 4890/48/1
f 4893/48/2 4894/48/2 4895/48/2 4896/48/2
f 4889/48/3 4890/48/3 4894/48/3 4893/48/3
f 4892/48/4 4896/48/4 4895/48/4 4891/48/4
f 4889/48/5 4893/48/5 4896/48/5 4892/48/5
f 4890/48/6 4891/48/6 4895/48/6 4894/48/6
f 4897/8/1 4900/8/1 4899/8/1 4898/8/1
f 4901/8/2 4902/8/2 4903/8/2 4904/8/2
f 4897/8/3 4898/8/3 4902/8/3 4901/8/3
f 4900/8/4 4904/8/4 4903/8/4 4899/8/4
f 4897/8/5 4901/8/5 4904/8/5 4900/8/5
f 4898/8/6 4899/8/6 4903/8/6 4902/8/6
f 4905/7/1 4908/7/1 4907/7/1 4906/7/1
f 4909/7/2 4910/7/2 4911/7/2 4912/7/2
f 4905/7/3 4906/7/3 4910/7/3 4909/7/3
f 4908/7/4 4912/7/4 4911/7/4 4907/7/4
f 4905/7/5 4909/7/5 4912/7/5 4908/7/5
f 4906/7/6 4907/7/6 4911/7/6 4910/7/6
f 4913/48/1 4916/48/1 4915/48/1 4914/48/1
f 4917/48/2 4918/48/2 4919/48/2 4920/48/2
f 4913/48/3 4914/48/3 4918/48/3 4917/48/3
f 4916/48/4 4920/48/4 4919/48/4 4915/48/4
f 4913/48/5 4917/48/5 4920/48/5 4916/48/5
f 4914/48/6 4915/48/6 4919/48/6 4918/48/6
f 4921/8/1 4924/8/1 4923/8/1 4922/8/1
f 4925/8/2 4926/8/2 4927/8/2 4928/8/2
f 4921/8/3 4922/8/3 4926/8/3 4925/8/3
f 4924/8/4 4928/8/4 4927/8/4 4923/8/4
f 4921/8/5 4925/8/5 4928/8/5 4924/8/5
f 4922/8/6 4923/8/6 4927/8/6 4926/8/6
f 4929/7/1 4932/7/1 4931/7/1 4930/7/1
f 4933/7/2 4934/7/2 4935/7/2 4936/7/2
f 4929/7/3 4930/7/3 4934/7/3 4933/7/3
f 4932/7/4 4936/7/4 4935/7/4 4931/7/4
f 4929/7/5 4933/7/5 4936/7/5 4932/7/5
f 4930/7/6 4931/7/6 4935/7/6 4934/7/6
f 4937/48/1 4940/48/1 4939/48/1 4938/48/1
f 4941/48/2 4942/48/2 4943/48/2 4944/48/2
f 4937/48/3 4938/48/3 4942/48/3 4941/48/3
f 4940/48/4 4944/48/4 4943/48/4 4939/48/4
f 4937/48/5 4941/48/5 4944/48/5 4940/48/5
f 4938/48/6 4939/48/6 4943/48/6 4942/48/6
f 4945/8/1 4948/8/1 4947/8/1 4946/8/1
f 4949/8/2 4950/8/2 4951/8/2 4952/8/2
f 4945/8/3 4946/8/3 4950/8/3 4949/8/3
f 4948/8/4 4952/8/4 4951/8/4 4947/8/4
f 4945/8/5 4949/8/5 4952/8/5 4948/8/5
f 4946/8/6 4947/8/6 4951/8/6 4950/8/6
f 4953/7/1 4956/7/1 4955/7/1 4954/7/1
f 4957/7/2 4958/7/2 4959/7/2 4960/7/2
f 4953/7/3 4954/7/3 4958/7/3 4957/7/3
f 4956/7/4 4960/7/4 4959/7/4 4955/7/4
f 4953/7/5 4957/7/5 4960/7/5 4956/7/5
f 4954/7/6 4955/7/6 4959/7/6 4958/7/6
f 4961/48/1 4964/48/1 4963/48/1 4962/48/1
f 4965/48/2 4966/48/2 4967/48/2 4968/48/2
f 4961/48/3 4962/48/3 4966/48/3 4965/48/3
f 4964/48/4 4968/48/4 4967/48/4 4963/48/4
f 4961/48/5 4965/48/5 4968/48/5 4964/48/5
f 4962/48/6 4963/48/6 4967/48/6 4966/48/6
f 4969/8/1 4972/8/1 4971/8/1 4970/8/1
f 4973/8/2 4974/8/2 4975/8/2 4976/8/2
f 4969/8/3 4970/8/3 4974/8/3 4973/8/3
f 4972/8/4 4976/8/4 4975/8/4 4971/8/4
f 4969/8/5 4973/8/5 4976/8/5 4972/8/5
f 4970/8/6 4971/8/6 4975/8/6 4974/8/6
f 4977/7/1 4980/7/1 4979/7/1 4978/7/1
f 4981/7/2 4982/7/2 4983/7/2 4984/7/2
f 4977/7/3 4978/7/3 4982/7/3 4981/7/3
f 4980/7/4 4984/7/4 4983/7/4 4979/7/4
f 4977/7/5 4981/7/5 4984/7/5 4980/7/5
f 4978/7/6 4979/7/6 4983/7/6 4982/7/6
f 4985/48/1 4988/48/1 4987/48/1 4986/48/1
f 4989/48/2 4990/48/2 4991/48/2 4992/48/2
f 4985/48/3 4986/48/3 4990/48/3 4989/48/3
f 4988/48/4 4992/48/4 4991/48/4 4987/48/4
f 4985/48/5 4989/48/5 4992/48/5 4988/48/5
f 4986/48/6 4987/48/6 4991/48/6 4990/48/6
f 4993/8/1 4996/8/1 4995/8/1 4994/8/1
f 4997/8/2 4998/8/2 4999/8/2 5000/8/2
f 4993/8/3 4994/8/3 4998/8/3 4997/8/3
f 4996/8/4 5000/8/4 4999/8/4 4995/8/4
f 4993/8/5 4997/8/5 5000/8/5 4996/8/5
f 4994/8/6 4995/8/6 4999/8/6 4998/8/6
f 5001/7/1 5004/7/1 5003/7/1 5002/7/1
f 5005/7/2 5006/7/2 5007/7/2 5008/7/2
f 5001/7/3 5002/7/3 5006/7/3 5005/7/3
f 5004/7/4 5008/7/4 5007/7/4 5003/7/4
f 5001/7/5 5005/7/5 5008/7/5 5004/7/5
f 5002/7/6 5003/7/6 5007/7/6 5006/7/6
f 5009/48/1 5012/48/1 5011/48/1 5010/48/1
f 5013/48/2 5014/48/2 5015/48/2 5016/48/2
f 5009/48/3 5010/48/3 5014/48/3 5013/48/3
f 5012/48/4 5016/48/4 5015/48/4 5011/48/4
f 5009/48/5 5013/48/5 5016/48/5 5012/48/5
f 5010/48/6 5011/48/6 5015/48/6 5014/48/6
f 5017/8/1 5020/8/1 5019/8/1 5018/8/1
f 5021/8/2 5022/8/2 5023/8/2 5024/8/2
f 5017/8/3 5018/8/3 5022/8/3 5021/8/3
f 5020/8/4 5024/8/4 5023/8/4 5019/8/4
f 5017/8/5 5021/8/5 5024/8/5 5020/8/5
f 5018/8/6 5019/8/6 5023/8/6 5022/8/6
f 5025/7/1 5028/7/1 5027/7/1 5026/7/1
f 5029/7/2 5030/7/2 5031/7/2 5032/7/2
f 5025/7/3 5026/7/3 5030/7/3 5029/7/3
f 5028/7/4 5032/7/4 5031/7/4 5027/7/4
f 5025/7/5 5029/7/5 5032/7/5 5028/7/5
f 5026/7/6 5027/7/6 5031/7/6 5030/7/6
f 5033/48/1 5036/48/1 5035/48/1 5034/48/1
f 5037/48/2 5038/48/2 5039/48/2 5040/48/2
f 5033/48/3 5034/48/3 5038/48/3 5037/48/3
f 5036/48/4 5040/48/4 5039/48/4 5035/48/4
f 5033/48/5 5037/48/5 5040/48/5 5036/48/5
f 5034/48/6 5035/48/6 5039/48/6 5038/48/6
f 5041/8/1 5044/8/1 5043/8/1 5042/8/1
f 5045/8/2 5046/8/2 5047/8/2 5048/8/2
f 5041/8/3 5042/8/3 5046/8/3 5045/8/3
f 5044/8/4 5048/8/4 5047/8/4 5043/8/4
f 5041/8/5 5045/8/5 5048/8/5 5044/8/5
f 5042/8/6 5043/8/6 5047/8/6 5046/8/6
f 5049/7/1 5052/7/1 5051/7/1 5050/7/1
f 5053/7/2 5054/7/2 5055/7/2 5056/7/2
f 5049/7/3 5050/7/3 5054/7/3 5053/7/3
f 5052/7/4 5056/7/4 5055/7/4 5051/7/4
f 5049/7/5 5053/7/5 5056/7/5 5052/7/5
f 5050/7/6 5051/7/6 5055/7/6 5054/7/6
f 5057/48/1 5060/48/1 5059/48/1 5058/48/1
f 5061/48/2 5062/48/2 5063/48/2 5064/48/2
f 5057/48/3 5058/48/3 5062/48/3 5061/48/3
f 5060/48/4 5064/48/4 5063/48/4 5059/48/4
f 5057/48/5 5061/48/5 5064/48/5 5060/48/5
f 5058/48/6 5059/48/6 5063/48/6 5062/48/6
f 5065/8/1 5068/8/1 5067/8/1 5066/8/1
f 5069/8/2 5070/8/2 5071/8/2 5072/8/2
f 5065/8/3 5066/8/3 5070/8/3 5069/8/3
f 5068/8/4 5072/8/4 5071/8/4 5067/8/4
f 5065/8/5 5069/8/5 5072/8/5 5068/8/5
f 5066/8/6 5067/8/6 5071/8/6 5070/8/6
f 5073/7/1 5076/7/1 5075/7/1 5074/7/1
f 5077/7/2 5078/7/2 5079/7/2 5080/7/2
f 5073/7/3 5074/7/3 5078/7/3 5077/7/3
f 5076/7/4 5080/7/4 5079/7/4 5075/7/4
f 5073/7/5 5077/7/5 5080/7/5 5076/7/5
f 5074/7/6 5075/7/6 5079/7/6 5078/7/6
f 5081/48/1 5084/48/1 5083/48/1 5082/48/1
f 5085/48/2 5086/48/2 5087/48/2 5088/48/2
f 5081/48/3 5082/48/3 5086/48/3 5085/48/3
f 5084/48/4 5088/48/4 5087/48/4 5083/48/4
f 5081/48/5 5085/48/5 5088/48/5 5084/48/5
f 5082/48/6 5083/48/6 5087/48/6 5086/48/6
f 5089/8/1 5092/8/1 5091/8/1 5090/8/1
f 5093/8/2 5094/8/2 5095/8/2 5096/8/2
f 5089/8/3 5090/8/3 5094/8/3 5093/8/3
f 5092/8/4 5096/8/4 5095/8/4 5091/8/4
f 5089/8/5 5093/8/5 5096/8/5 5092/8/5
f 5090/8/6 5091/8/6 5095/8/6 5094/8/6
f 5097/7/1 5100/7/1 5099/7/1 5098/7/1
f 5101/7/2 5102/7/2 5103/7/2 5104/7/2
f 5097/7/3 5098/7/3 5102/7/3 5101/7/3
f 5100/7/4 5104/7/4 5103/7/4 5099/7/4
f 5097/7/5 5101/7/5 5104/7/5 5100/7/5
f 5098/7/6 5099/7/6 5103/7/6 5102/7/6
f 5105/48/1 5108/48/1 5107/48/1 5106/48/1
f 5109/48/2 5110/48/2 5111/48/2 5112/48/2
f 5105/48/3 5106/48/3 5110/48/3 5109/48/3
f 5108/48/4 5112/48/4 5111/48/4 5107/48/4
f 5105/48/5 5109/48/5 5112/48/5 5108/48/5
f 5106/48/6 5107/48/6 5111/48/6 5110/48/6
f 5113/8/1 5116/8/1 5115/8/1 5114/8/1
f 5117/8/2 5118/8/2 5119/8/2 5120/8/2
f 5113/8/3 5114/8/3 5118/8/3 5117/8/3
f 5116/8/4 5120/8/4 5119/8/4 5115/8/4
f 5113/8/5 5117/8/5 5120/8/5 5116/8/5
f 5114/8/6 5115/8/6 5119/8/6 5118/8/6
f 5121/7/1 5124/7/1 5123/7/1 5122/7/1
f 5125/7/2 5126/7/2 5127/7/2 5128/7/2
f 5121/7/3 5122/7/3 5126/7/3 5125/7/3
f 5124/7/4 5128/7/4 5127/7/4 5123/7/4
f 5121/7/5 5125/7/5 5128/7/5 5124/7/5
f 5122/7/6 5123/7/6 5127/7/6 5126/7/6
f 5129/48/1 5132/48/1 5131/48/1 5130/48/1
f 5133/48/2 5134/48/2 5135/48/2 5136/48/2
f 5129/48/3 5130/48/3 5134/48/3 5133/48/3
f 5132/48/4 5136/48/4 5135/48/4 5131/48/4
f 5129/48/5 5133/48/5 5136/48/5 5132/48/5
f 5130/48/6 5131/48/6 5135/48/6 5134/48/6
f 5137/8/1 5140/8/1 5139/8/1 5138/8/1
f 5141/8/2 5142/8/2 5143/8/2 5144/8/2
f 5137/8/3 5138/8/3 5142/8/3 5141/8/3
f 5140/8/4 5144/8/4 5143/8/4 5139/8/4
f 5137/8/5 5141/8/5 5144/8/5 5140/8/5
f 5138/8/6 5139/8/6 5143/8/6 5142/8/6
f 5145/7/1 5148/7/1 5147/7/1 5146/7/1
f 5149/7/2 5150/7/2 5151/7/2 5152/7/2
f 5145/7/3 5146/7/3 5150/7/3 5149/7/3
f 5148/7/4 5152/7/4 5151/7/4 5147/7/4
f 5145/7/5 5149/7/5 5152/7/5 5148/7/5
f 5146/7/6 5147/7/6 5151/7/6 5150/7/6
f 5153/48/1 5156/48/1 5155/48/1 5154/48/1
f 5157/48/2 5158/48/2 5159/48/2 5160/48/2
f 5153/48/3 5154/48/3 5158/48/3 5157/48/3
f 5156/48/4 5160/48/4 5159/48/4 5155/48/4
f 5153/48/5 5157/48/5 5160/48/5 5156/48/5
f 5154/48/6 5155/48/6 5159/48/6 5158/48/6
f 5161/8/1 5164/8/1 5163/8/1 5162/8/1
f 5165/8/2 5166/8/2 5167/8/2 5168/8/2
f 5161/8/3 5162/8/3 5166/8/3 5165/8/3
f 5164/8/4 5168/8/4 5167/8/4 5163/8/4
f 5161/8/5 5165/8/5 5168/8/5 5164/8/5
f 5162/8/6 5163/8/6 5167/8/6 5166/8/6
f 5169/7/1 5172/7/1 5171/7/1 5170/7/1
f 5173/7/2 5174/7/2 5175/7/2 5176/7/2
f 5169/7/3 5170/7/3 5174/7/3 5173/7/3
f 5172/7/4 5176/7/4 5175/7/4 5171/7/4
f 5169/7/5 5173/7/5 5176/7/5 5172/7/5
f 5170/7/6 5171/7/6 5175/7/6 5174/7/6
f 5177/48/1 5180/48/1 5179/48/1 5178/48/1
f 5181/48/2 5182/48/2 5183/48/2 5184/48/2
f 5177/48/3 5178/48/3 5182/48/3 5181/48/3
f 5180/48/4 5184/48/4 5183/48/4 5179/48/4
f 5177/48/5 5181/48/5 5184/48/5 5180/48/5
f 5178/48/6 5179/48/6 5183/48/6 5182/48/6
f 5185/8/1 5188/8/1 5187/8/1 5186/8/1
f 5189/8/2 5190/8/2 5191/8/2 5192/8/2
f 5185/8/3 5186/8/3 5190/8/3 5189/8/3
f 5188/8/4 5192/8/4 5191/8/4 5187/8/4
f 5185/8/5 5189/8/5 5192/8/5 5188/8/5
f 5186/8/6 5187/8/6 5191/8/6 5190/8/6
f 5193/7/1 5196/7/1 5195/7/1 5194/7/1
f 5197/7/2 5198/7/2 5199/7/2 5200/7/2
f 5193/7/3 5194/7/3 5198/7/3 5197/7/3
f 5196/7/4 5200/7/4 5199/7/4 5195/7/4
f 5193/7/5 5197/7/5 5200/7/5 5196/7/5
f 5194/7/6 5195/7/6 5199/7/6 5198/7/6
f 5201/48/1 5204/48/1 5203/48/1 5202/48/1
f 5205/48/2 5206/48/2 5207/48/2 5208/48/2
f 5201/48/3 5202/48/3 5206/48/3 5205/48/3
f 5204/48/4 5208/48/4 5207/48/4 5203/48/4
f 5201/48/5 5205/48/5 5208/48/5 5204/48/5
f 5202/48/6 5203/48/6 5207/48/6 5206/48/6
f 5209/8/1 5212/8/1 5211/8/1 5210/8/1
f 5213/8/2 5214/8/2 5215/8/2 5216/8/2
f 5209/8/3 5210/8/3 5214/8/3 5213/8/3
f 5212/8/4 5216/8/4 5215/8/4 5211/8/4
f 5209/8/5 5213/8/5 5216/8/5 5212/8/5
f 5210/8/6 5211/8/6 5215/8/6 5214/8/6
f 5217/7/1 5220/7/1 5219/7/1 5218/7/1
f 5221/7/2 5222/7/2 5223/7/2 5224/7/2
f 5217/7/3 5218/7/3 5222/7/3 5221/7/3
f 5220/7/4 5224/7/4 5223/7/4 5219/7/4
f 5217/7/5 5221/7/5 5224/7/5 5220/7/5
f 5218/7/6 5219/7/6 5223/7/6 5222/7/6
f 5225/48/1 5228/48/1 5227/48/1 5226/48/1
f 5229/48/2 5230/48/2 5231/48/2 5232/48/2
f 5225/48/3 5226/48/3 5230/48/3 5229/48/3
f 5228/48/4 5232/48/4 5231/48/4 5227/48/4
f 5225/48/5 5229/48/5 5232/48/5 5228/48/5
f 5226/48/6 5227/48/6 5231/48/6 5230/48/6
f 5233/8/1 5236/8/1 5235/8/1 5234/8/1
f 5237/8/2 5238/8/2 5239/8/2 5240/8/2
f 5233/8/3 5234/8/3 5238/8/3 5237/8/3
f 5236/8/4 5240/8/4 5239/8/4 5235/8/4
f 5233/8/5 5237/8/5 5240/8/5 5236/8/5
f 5234/8/6 5235/8/6 5239/8/6 5238/8/6
f 5241/7/1 5244/7/1 5243/7/1 5242/7/1
f 5245/7/2 5246/7/2 5247/7/2 5248/7/2
f 5241/7/3 5242/7/3 5246/7/3 5245/7/3
f 5244/7/4 5248/7/4 5247/7/4 5243/7/4
f 5241/7/5 5245/7/5 5248/7/5 5244/7/5
f 5242/7/6 5243/7/6 5247/7/6 5246/7/6
f 5249/48/1 5252/48/1 5251/48/1 5250/48/1
f 5253/48/2 5254/48/2 5255/48/2 5256/48/2
f 5249/48/3 5250/48/3 5254/48/3 5253/48/3
f 5252/48/4 5256/48/4 5255/48/4 5251/48/4
f 5249/48/5 5253/48/5 5256/48/5 5252/48/5
f 5250/48/6 5251/48/6 5255/48/6 5254/48/6
f 5257/8/1 5260/8/1 5259/8/1 5258/8/1
f 5261/8/2 5262/8/2 5263/8/2 5264/8/2
f 5257/8/3 5258/8/3 5262/8/3 5261/8/3
f 5260/8/4 5264/8/4 5263/8/4 5259/8/4
f 5257/8/5 5261/8/5 5264/8/5 5260/8/5
f 5258/8/6 5259/8/6 5263/8/6 5262/8/6
f 5265/7/1 5268/7/1 5267/7/1 5266/7/1
f 5269/7/2 5270/7/2 5271/7/2 5272/7/2
f 5265/7/3 5266/7/3 5270/7/3 5269/7/3
f 5268/7/4 5272/7/4 5271/7/4 5267/7/4
f 5265/7/5 5269/7/5 5272/7/5 5268/7/5
f 5266/7/6 5267/7/6 5271/7/6 5270/7/6
f 5273/48/1 5276/48/1 5275/48/1 5274/48/1
f 5277/48/2 5278/48/2 5279/48/2 5280/48/2
f 5273/48/3 5274/48/3 5278/48/3 5277/48/3
f 5276/48/4 5280/48/4 5279/48/4 5275/48/4
f 5273/48/5 5277/48/5 5280/48/5 5276/48/5
f 5274/48/6 5275/48/6 5279/48/6 5278/48/6
f 5281/8/1 5284/8/1 5283/8/1 5282/8/1
f 5285/8/2 5286/8/2 5287/8/2 5288/8/2
f 5281/8/3 5282/8/3 5286/8/3 5285/8/3
f 5284/8/4 5288/8/4 5287/8/4 5283/8/4
f 5281/8/5 5285/8/5 5288/8/5 5284/8/5
f 5282/8/6 5283/8/6 5287/8/6 5286/8/6
f 5289/7/1 5292/7/1 5291/7/1 5290/7/1
f 5293/7/2 5294/7/2 5295/7/2 5296/7/2
f 5289/7/3 5290/7/3 5294/7/3 5293/7/3
f 5292/7/4 5296/7/4 5295/7/4 5291/7/4
f 5289/7/5 5293/7/5 5296/7/5 5292/7/5
f 5290/7/6 5291/7/6 5295/7/6 5294/7/6
f 5297/48/1 5300/48/1 5299/48/1 5298/48/1
f 5301/48/2 5302/48/2 5303/48/2 5304/48/2
f 5297/48/3 5298/48/3 5302/48/3 5301/48/3
f 5300/48/4 5304/48/4 5303/48/4 5299/48/4
f 5297/48/5 5301/48/5 5304/48/5 5300/48/5
f 5298/48/6 5299/48/6 5303/48/6 5302/48/6
f 5305/8/1 5308/8/1 5307/8/1 5306/8/1
f 5309/8/2 5310/8/2 5311/8/2 5312/8/2
f 5305/8/3 5306/8/3 5310/8/3 5309/8/3
f 5308/8/4 5312/8/4 5311/8/4 5307/8/4
f 5305/8/5 5309/8/5 5312/8/5 5308/8/5
f 5306/8/6 5307/8/6 5311/8/6 5310/8/6
f 5313/7/1 5316/7/1 5315/7/1 5314/7/1
f 5317/7/2 5318/7/2 5319/7/2 5320/7/2
f 5313/7/3 5314/7/3 5318/7/3 5317/7/3
f 5316/7/4 5320/7/4 5319/7/4 5315/7/4
f 5313/7/5 5317/7/5 5320/7/5 5316/7/5
f 5314/7/6 5315/7/6 5319/7/6 5318/7/6
f 5321/48/1 5324/48/1 5323/48/1 5322/48/1
f 5325/48/2 5326/48/2 5327/48/2 5328/48/2
f 5321/48/3 5322/48/3 5326/48/3 5325/48/3
f 5324/48/4 5328/48/4 5327/48/4 5323/48/4
f 5321/48/5 5325/48/5 5328/48/5 5324/48/5
f 5322/48/6 5323/48/6 5327/48/6 5326/48/6
f 5329/8/1 5332/8/1 5331/8/1 5330/8/1
f 5333/8/2 5334/8/2 5335/8/2 5336/8/2
f 5329/8/3 5330/8/3 5334/8/3 5333/8/3
f 5332/8/4 5336/8/4 5335/8/4 5331/8/4
f 5329/8/5 5333/8/5 5336/8/5 5332/8/5
f 5330/8/6 5331/8/6 5335/8/6 5334/8/6
f 5337/7/1 5340/7/1 5339/7/1 5338/7/1
f 5341/7/2 5342/7/2 5343/7/2 5344/7/2
f 5337/7/3 5338/7/3 5342/7/3 5341/7/3
f 5340/7/4 5344/7/4 5343/7/4 5339/7/4
f 5337/7/5 5341/7/5 5344/7/5 5340/7/5
f 5338/7/6 5339/7/6 5343/7/6 5342/7/6
f 5345/48/1 5348/48/1 5347/48/1 5346/48/1
f 5349/48/2 5350/48/2 5351/48/2 5352/48/2
f 5345/48/3 5346/48/3 5350/48/3 5349/48/3
f 5348/48/4 5352/48/4 5351/48/4 5347/48/4
f 5345/48/5 5349/48/5 5352/48/5 5348/48/5
f 5346/48/6 5347/48/6 5351/48/6 5350/48/6
f 5353/8/1 5356/8/1 5355/8/1 5354/8/1
f 5357/8/2 5358/8/2 5359/8/2 5360/8/2
f 5353/8/3 5354/8/3 5358/8/3 5357/8/3
f 5356/8/4 5360/8/4 5359/8/4 5355/8/4
f 5353/8/5 5357/8/5 5360/8/5 5356/8/5
f 5354/8/6 5355/8/6 5359/8/6 5358/8/6
f 5361/7/1 5364/7/1 5363/7/1 5362/7/1
f 5365/7/2 5366/7/2 5367/7/2 5368/7/2
f 5361/7/3 5362/7/3 5366/7/3 5365/7/3
f 5364/7/4 5368/7/4 5367/7/4 5363/7/4
f 5361/7/5 5365/7/5 5368/7/5 5364/7/5
f 5362/7/6 5363/7/6 5367/7/6 5366/7/6
f 5369/48/1 5372/48/1 5371/48/1 5370/48/1
f 5373/48/2 5374/48/2 5375/48/2 5376/48/2
f 5369/48/3 5370/48/3 5374/48/3 5373/48/3
f 5372/48/4 5376/48/4 5375/48/4 5371/48/4
f 5369/48/5 5373/48/5 5376/48/5 5372/48/5
f 5370/48/6 5371/48/6 5375/48/6 5374/48/6
f 5377/8/1 5380/8/1 5379/8/1 5378/8/1
f 5381/8/2 5382/8/2 5383/8/2 5384/8/2
f 5377/8/3 5378/8/3 5382/8/3 5381/8/3
f 5380/8/4 5384/8/4 5383/8/4 5379/8/4
f 5377/8/5 5381/8/5 5384/8/5 5380/8/5
f 5378/8/6 5379/8/6 5383/8/6 5382/8/6
f 5385/7/1 5388/7/1 5387/7/1 5386/7/1
f 5389/7/2 5390/7/2 5391/7/2 5392/7/2
f 5385/7/3 5386/7/3 5390/7/3 5389/7/3
f 5388/7/4 5392/7/4 5391/7/4 5387/7/4
f 5385/7/5 5389/7/5 5392/7/5 5388/7/5
f 5386/7/6 5387/7/6 5391/7/6 5390/7/6
f 5393/48/1 5396/48/1 5395/48/1 5394/48/1
f 5397/48/2 5398/48/2 5399/48/2 5400/48/2
f 5393/48/3 5394/48/3 5398/48/3 5397/48/3
f 5396/48/4 5400/48/4 5399/48/4 5395/48/4
f 5393/48/5 5397/48/5 5400/48/5 5396/48/5
f 5394/48/6 5395/48/6 5399/48/6 5398/48/6
f 5401/8/1 5404/8/1 5403/8/1 5402/8/1
f 5405/8/2 5406/8/2 5407/8/2 5408/8/2
f 5401/8/3 5402/8/3 5406/8/3 5405/8/3
f 5404/8/4 5408/8/4 5407/8/4 5403/8/4
f 5401/8/5 5405/8/5 5408/8/5 5404/8/5
f 5402/8/6 5403/8/6 5407/8/6 5406/8/6
f 5409/7/1 5412/7/1 5411/7/1 5410/7/1
f 5413/7/2 5414/7/2 5415/7/2 5416/7/2
f 5409/7/3 5410/7/3 5414/7/3 5413/7/3
f 5412/7/4 5416/7/4 5415/7/4 5411/7/4
f 5409/7/5 5413/7/5 5416/7/5 5412/7/5
f 5410/7/6 5411/7/6 5415/7/6 5414/7/6
f 5417/48/1 5420/48/1 5419/48/1 5418/48/1
f 5421/48/2 5422/48/2 5423/48/2 5424/48/2
f 5417/48/3 5418/48/3 5422/48/3 5421/48/3
f 5420/48/4 5424/48/4 5423/48/4 5419/48/4
f 5417/48/5 5421/48/5 5424/48/5 5420/48/5
f 5418/48/6 5419/48/6 5423/48/6 5422/48/6
f 5425/8/1 5428/8/1 5427/8/1 5426/8/1
f 5429/8/2 5430/8/2 5431/8/2 5432/8/2
f 5425/8/3 5426/8/3 5430/8/3 5429/8/3
f 5428/8/4 5432/8/4 5431/8/4 5427/8/4
f 5425/8/5 5429/8/5 5432/8/5 5428/8/5
f 5426/8/6 5427/8/6 5431/8/6 5430/8/6
f 5433/7/1 5436/7/1 5435/7/1 5434/7/1
f 5437/7/2 5438/7/2 5439/7/2 5440/7/2
f 5433/7/3 5434/7/3 5438/7/3 5437/7/3
f 5436/7/4 5440/7/4 5439/7/4 5435/7/4
f 5433/7/5 5437/7/5 5440/7/5 5436/7/5
f 5434/7/6 5435/7/6 5439/7/6 5438/7/6
f 5441/48/1 5444/48/1 5443/48/1 5442/48/1
f 5445/48/2 5446/48/2 5447/48/2 5448/48/2
f 5441/48/3 5442/48/3 5446/48/3 5445/48/3
f 5444/48/4 5448/48/4 5447/48/4 5443/48/4
f 5441/48/5 5445/48/5 5448/48/5 5444/48/5
f 5442/48/6 5443/48/6 5447/48/6 5446/48/6
f 5449/8/1 5452/8/1 5451/8/1 5450/8/1
f 5453/8/2 5454/8/2 5455/8/2 5456/8/2
f 5449/8/3 5450/8/3 5454/8/3 5453/8/3
f 5452/8/4 5456/8/4 5455/8/4 5451/8/4
f 5449/8/5 5453/8/5 5456/8/5 5452/8/5
f 5450/8/6 5451/8/6 5455/8/6 5454/8/6
f 5457/7/1 5460/7/1 5459/7/1 5458/7/1
f 5461/7/2 5462/7/2 5463/7/2 5464/7/2
f 5457/7/3 5458/7/3 5462/7/3 5461/7/3
f 5460/7/4 5464/7/4 5463/7/4 5459/7/4
f 5457/7/5 5461/7/5 5464/7/5 5460/7/5
f 5458/7/6 5459/7/6 5463/7/6 5462/7/6
f 5465/48/1 5468/48/1 5467/48/1 5466/48/1
f 5469/48/2 5470/48/2 5471/48/2 5472/48/2
f 5465/48/3 5466/48/3 5470/48/3 5469/48/3
f 5468/48/4 5472/48/4 5471/48/4 5467/48/4
f 5465/48/5 5469/48/5 5472/48/5 5468/48/5
f 5466/48/6 5467/48/6 5471/48/6 5470/48/6
f 5473/8/1 5476/8/1 5475/8/1 5474/8/1
f 5477/8/2 5478/8/2 5479/8/2 5480/8/2
f 5473/8/3 5474/8/3 5478/8/3 5477/8/3
f 5476/8/4 5480/8/4 5479/8/4 5475/8/4
f 5473/8/5 5477/8/5 5480/8/5 5476/8/5
f 5474/8/6 5475/8/6 5479/8/6 5478/8/6
f 5481/7/1 5484/7/1 5483/7/1 5482/7/1
f 5485/7/2 5486/7/2 5487/7/2 5488/7/2
f 5481/7/3 5482/7/3 5486/7/3 5485/7/3
f 5484/7/4 5488/7/4 5487/7/4 5483/7/4
f 5481/7/5 5485/7/5 5488/7/5 5484/7/5
f 5482/7/6 5483/7/6 5487/7/6 5486/7/6
f 5489/48/1 5492/48/1 5491/48/1 5490/48/1
f 5493/48/2 5494/48/2 5495/48/2 5496/48/2
f 5489/48/3 5490/48/3 5494/48/3 5493/48/3
f 5492/48/4 5496/48/4 5495/48/4 5491/48/4
f 5489/48/5 5493/48/5 5496/48/5 5492/48/5
f 5490/48/6 5491/48/6 5495/48/6 5494/48/6
f 5497/8/1 5500/8/1 5499/8/1 5498/8/1
f 5501/8/2 5502/8/2 5503/8/2 5504/8/2
f 5497/8/3 5498/8/3 5502/8/3 5501/8/3
f 5500/8/4 5504/8/4 5503/8/4 5499/8/4
f 5497/8/5 5501/8/5 5504/8/5 5500/8/5
f 5498/8/6 5499/8/6 5503/8/6 5502/8/6
f 5505/7/1 5508/7/1 5507/7/1 5506/7/1
f 5509/7/2 5510/7/2 5511/7/2 5512/7/2
f 5505/7/3 5506/7/3 5510/7/3 5509/7/3
f 5508/7/4 5512/7/4 5511/7/4 5507/7/4
f 5505/7/5 5509/7/5 5512/7/5 5508/7/5
f 5506/7/6 5507/7/6 5511/7/6 5510/7/6
f 5513/48/1 5516/48/1 5515/48/1 5514/48/1
f 5517/48/2 5518/48/2 5519/48/2 5520/48/2
f 5513/48/3 5514/48/3 5518/48/3 5517/48/3
f 5516/48/4 5520/48/4 5519/48/4 5515/48/4
f 5513/48/5 5517/48/5 5520/48/5 5516/48/5
f 5514/48/6 5515/48/6 5519/48/6 5518/48/6
f 5521/8/1 5524/8/1 5523/8/1 5522/8/1
f 5525/8/2 5526/8/2 5527/8/2 5528/8/2
f 5521/8/3 5522/8/3 5526/8/3 5525/8/3
f 5524/8/4 5528/8/4 5527/8/4 5523/8/4
f 5521/8/5 5525/8/5 5528/8/5 5524/8/5
f 5522/8/6 5523/8/6 5527/8/6 5526/8/6
f 5529/7/1 5532/7/1 5531/7/1 5530/7/1
f 5533/7/2 5534/7/2 5535/7/2 5536/7/2
f 5529/7/3 5530/7/3 5534/7/3 5533/7/3
f 5532/7/4 5536/7/4 5535/7/4 5531/7/4
f 5529/7/5 5533/7/5 5536/7/5 5532/7/5
f 5530/7/6 5531/7/6 5535/7/6 5534/7/6
f 5537/48/1 5540/48/1 5539/48/1 5538/48/1
f 5541/48/2 5542/48/2 5543/48/2 5544/48/2
f 5537/48/3 5538/48/3 5542/48/3 5541/48/3
f 5540/48/4 5544/48/4 5543/48/4 5539/48/4
f 5537/48/5 5541/48/5 5544/48/5 5540/48/5
f 5538/48/6 5539/48/6 5543/48/6 5542/48/6
f 5545/8/1 5548/8/1 5547/8/1 5546/8/1
f 5549/8/2 5550/8/2 5551/8/2 5552/8/2
f 5545/8/3 5546/8/3 5550/8/3 5549/8/3
f 5548/8/4 5552/8/4 5551/8/4 5547/8/4
f 5545/8/5 5549/8/5 5552/8/5 5548/8/5
f 5546/8/6 5547/8/6 5551/8/6 5550/8/6
f 5553/7/1 5556/7/1 5555/7/1 5554/7/1
f 5557/7/2 5558/7/2 5559/7/2 5560/7/2
f 5553/7/3 5554/7/3 5558/7/3 5557/7/3
f 5556/7/4 5560/7/4 5559/7/4 5555/7/4
f 5553/7/5 5557/7/5 5560/7/5 5556/7/5
f 5554/7/6 5555/7/6 5559/7/6 5558/7/6
f 5561/48/1 5564/48/1 5563/48/1 5562/48/1
f 5565/48/2 5566/48/2 5567/48/2 5568/48/2
f 5561/48/3 5562/48/3 5566/48/3 5565/48/3
f 5564/48/4 5568/48/4 5567/48/4 5563/48/4
f 5561/48/5 5565/48/5 5568/48/5 5564/48/5
f 5562/48/6 5563/48/6 5567/48/6 5566/48/6
f 5569/8/1 5572/8/1 5571/8/1 5570/8/1
f 5573/8/2 5574/8/2 5575/8/2 5576/8/2
f 5569/8/3 5570/8/3 5574/8/3 5573/8/3
f 5572/8/4 5576/8/4 5575/8/4 5571/8/4
f 5569/8/5 5573/8/5 5576/8/5 5572/8/5
f 5570/8/6 5571/8/6 5575/8/6 5574/8/6
f 5577/7/1 5580/7/1 5579/7/1 5578/7/1
f 5581/7/2 5582/7/2 5583/7/2 5584/7/2
f 5577/7/3 5578/7/3 5582/7/3 5581/7/3
f 5580/7/4 5584/7/4 5583/7/4 5579/7/4
f 5577/7/5 5581/7/5 5584/7/5 5580/7/5
f 5578/7/6 5579/7/6 5583/7/6 5582/7/6
f 5585/48/1 5588/48/1 5587/48/1 5586/48/1
f 5589/48/2 5590/48/2 5591/48/2 5592/48/2
f 5585/48/3 5586/48/3 5590/48/3 5589/48/3
f 5588/48/4 5592/48/4 5591/48/4 5587/48/4
f 5585/48/5 5589/48/5 5592/48/5 5588/48/5
f 5586/48/6 5587/48/6 5591/48/6 5590/48/6
f 5593/8/1 5596/8/1 5595/8/1 5594/8/1
f 5597/8/2 5598/8/2 5599/8/2 5600/8/2
f 5593/8/3 5594/8/3 5598/8/3 5597/8/3
f 5596/8/4 5600/8/4 5599/8/4 5595/8/4
f 5593/8/5 5597/8/5 5600/8/5 5596/8/5
f 5594/8/6 5595/8/6 5599/8/6 5598/8/6
f 5601/7/1 5604/7/1 5603/7/1 5602/7/1
f 5605/7/2 5606/7/2 5607/7/2 5608/7/2
f 5601/7/3 5602/7/3 5606/7/3 5605/7/3
f 5604/7/4 5608/7/4 5607/7/4 5603/7/4
f 5601/7/5 5605/7/5 5608/7/5 5604/7/5
f 5602/7/6 5603/7/6 5607/7/6 5606/7/6
f 5609/48/1 5612/48/1 5611/48/1 5610/48/1
f 5613/48/2 5614/48/2 5615/48/2 5616/48/2
f 5609/48/3 5610/48/3 5614/48/3 5613/48/3
f 5612/48/4 5616/48/4 5615/48/4 5611/48/4
f 5609/48/5 5613/48/5 5616/48/5 5612/48/5
f 5610/48/6 5611/48/6 5615/48/6 5614/48/6
f 5617/8/1 5620/8/1 5619/8/1 5618/8/1
f 5621/8/2 5622/8/2 5623/8/2 5624/8/2
f 5617/8/3 5618/8/3 5622/8/3 5621/8/3
f 5620/8/4 5624/8/4 5623/8/4 5619/8/4
f 5617/8/5 5621/8/5 5624/8/5 5620/8/5
f 5618/8/6 5619/8/6 5623/8/6 5622/8/6
f 5625/7/1 5628/7/1 5627/7/1 5626/7/1
f 5629/7/2 5630/7/2 5631/7/2 5632/7/2
f 5625/7/3 5626/7/3 5630/7/3 5629/7/3
f 5628/7/4 5632/7/4 5631/7/4 5627/7/4
f 5625/7/5 5629/7/5 5632/7/5 5628/7/5
f 5626/7/6 5627/7/6 5631/7/6 5630/7/6
f 5633/48/1 5636/48/1 5635/48/1 5634/48/1
f 5637/48/2 5638/48/2 5639/48/2 5640/48/2
f 5633/48/3 5634/48/3 5638/48/3 5637/48/3
f 5636/48/4 5640/48/4 5639/48/4 5635/48/4
f 5633/48/5 5637/48/5 5640/48/5 5636/48/5
f 5634/48/6 5635/48/6 5639/48/6 5638/48/6
f 5641/8/1 5644/8/1 5643/8/1 5642/8/1
f 5645/8/2 5646/8/2 5647/8/2 5648/8/2
f 5641/8/3 5642/8/3 5646/8/3 5645/8/3
f 5644/8/4 5648/8/4 5647/8/4 5643/8/4
f 5641/8/5 5645/8/5 5648/8/5 5644/8/5
f 5642/8/6 5643/8/6 5647/8/6 5646/8/6
f 5649/7/1 5652/7/1 5651/7/1 5650/7/1
f 5653/7/2 5654/7/2 5655/7/2 5656/7/2
f 5649/7/3 5650/7/3 5654/7/3 5653/7/3
f 5652/7/4 5656/7/4 5655/7/4 5651/7/4
f 5649/7/5 5653/7/5 5656/7/5 5652/7/5
f 5650/7/6 5651/7/6 5655/7/6 5654/7/6
f 5657/48/1 5660/48/1 5659/48/1 5658/48/1
f 5661/48/2 5662/48/2 5663/48/2 5664/48/2
f 5657/48/3 5658/48/3 5662/48/3 5661/48/3
f 5660/48/4 5664/48/4 5663/48/4 5659/48/4
f 5657/48/5 5661/48/5 5664/48/5 5660/48/5
f 5658/48/6 5659/48/6 5663/48/6 5662/48/6
f 5665/8/1 5668/8/1 5667/8/1 5666/8/1
f 5669/8/2 5670/8/2 5671/8/2 5672/8/2
f 5665/8/3 5666/8/3 5670/8/3 5669/8/3
f 5668/8/4 5672/8/4 5671/8/4 5667/8/4
f 5665/8/5 5669/8/5 5672/8/5 5668/8/5
f 5666/8/6 5667/8/6 5671/8/6 5670/8/6
f 5673/7/1 5676/7/1 5675/7/1 5674/7/1
f 5677/7/2 5678/7/2 5679/7/2 5680/7/2
f 5673/7/3 5674/7/3 5678/7/3 5677/7/3
f 5676/7/4 5680/7/4 5679/7/4 5675/7/4
f 5673/7/5 5677/7/5 5680/7/5 5676/7/5
f 5674/7/6 5675/7/6 5679/7/6 5678/7/6
f 5681/48/1 5684/48/1 5683/48/1 5682/48/1
f 5685/48/2 5686/48/2 5687/48/2 5688/48/2
f 5681/48/3 5682/48/3 5686/48/3 5685/48/3
f 5684/48/4 5688/48/4 5687/48/4 5683/48/4
f 5681/48/5 5685/48/5 5688/48/5 5684/48/5
f 5682/48/6 5683/48/6 5687/48/6 5686/48/6
f 5689/8/1 5692/8/1 5691/8/1 5690/8/1
f 5693/8/2 5694/8/2 5695/8/2 5696/8/2
f 5689/8/3 5690/8/3 5694/8/3 5693/8/3
f 5692/8/4 5696/8/4 5695/8/4 5691/8/4
f 5689/8/5 5693/8/5 5696/8/5 5692/8/5
f 5690/8/6 5691/8/6 5695/8/6 5694/8/6
f 5697/7/1 5700/7/1 5699/7/1 5698/7/1
f 5701/7/2 5702/7/2 5703/7/2 5704/7/2
f 5697/7/3 5698/7/3 5702/7/3 5701/7/3
f 5700/7/4 5704/7/4 5703/7/4 5699/7/4
f 5697/7/5 5701/7/5 5704/7/5 5700/7/5
f 5698/7/6 5699/7/6 5703/7/6 5702/7/6
f 5705/48/1 5708/48/1 5707/48/1 5706/48/1
f 5709/48/2 5710/48/2 5711/48/2 5712/48/2
f 5705/48/3 5706/48/3 5710/48/3 5709/48/3
f 5708/48/4 5712/48/4 5711/48/4 5707/48/4
f 5705/48/5 5709/48/5 5712/48/5 5708/48/5
f 5706/48/6 5707/48/6 5711/48/6 5710/48/6
f 5713/8/1 5716/8/1 5715/8/1 5714/8/1
f 5717/8/2 5718/8/2 5719/8/2 5720/8/2
f 5713/8/3 5714/8/3 5718/8/3 5717/8/3
f 5716/8/4 5720/8/4 5719/8/4 5715/8/4
f 5713/8/5 5717/8/5 5720/8/5 5716/8/5
f 5714/8/6 5715/8/6 5719/8/6 5718/8/6
f 5721/7/1 5724/7/1 5723/7/1 5722/7/1
f 5725/7/2 5726/7/2 5727/7/2 5728/7/2
f 5721/7/3 5722/7/3 5726/7/3 5725/7/3
f 5724/7/4 5728/7/4 5727/7/4 5723/7/4
f 5721/7/5 5725/7/5 5728/7/5 5724/7/5
f 5722/7/6 5723/7/6 5727/7/6 5726/7/6
f 5729/48/1 5732/48/1 5731/48/1 5730/48/1
f 5733/48/2 5734/48/2 5735/48/2 5736/48/2
f 5729/48/3 5730/48/3 5734/48/3 5733/48/3
f 5732/48/4 5736/48/4 5735/48/4 5731/48/4
f 5729/48/5 5733/48/5 5736/48/5 5732/48/5
f 5730/48/6 5731/48/6 5735/48/6 5734/48/6
f 5737/8/1 5740/8/1 5739/8/1 5738/8/1
f 5741/8/2 5742/8/2 5743/8/2 5744/8/2
f 5737/8/3 5738/8/3 5742/8/3 5741/8/3
f 5740/8/4 5744/8/4 5743/8/4 5739/8/4
f 5737/8/5 5741/8/5 5744/8/5 5740/8/5
f 5738/8/6 5739/8/6 5743/8/6 5742/8/6
f 5745/7/1 5748/7/1 5747/7/1 5746/7/1
f 5749/7/2 5750/7/2 5751/7/2 5752/7/2
f 5745/7/3 5746/7/3 5750/7/3 5749/7/3
f 5748/7/4 5752/7/4 5751/7/4 5747/7/4
f 5745/7/5 5749/7/5 5752/7/5 5748/7/5
f 5746/7/6 5747/7/6 5751/7/6 5750/7/6
f 5753/48/1 5756/48/1 5755/48/1 5754/48/1
f 5757/48/2 5758/48/2 5759/48/2 5760/48/2
f 5753/48/3 5754/48/3 5758/48/3 5757/48/3
f 5756/48/4 5760/48/4 5759/48/4 5755/48/4
f 5753/48/5 5757/48/5 5760/48/5 5756/48/5
f 5754/48/6 5755/48/6 5759/48/6 5758/48/6
f 5761/8/1 5764/8/1 5763/8/1 5762/8/1
f 5765/8/2 5766/8/2 5767/8/2 5768/8/2
f 5761/8/3 5762/8/3 5766/8/3 5765/8/3
f 5764/8/4 5768/8/4 5767/8/4 5763/8/4
f 5761/8/5 5765/8/5 5768/8/5 5764/8/5
f 5762/8/6 5763/8/6 5767/8/6 5766/8/6
f 5769/7/1 5772/7/1 5771/7/1 5770/7/1
f 5773/7/2 5774/7/2 5775/7/2 5776/7/2
f 5769/7/3 5770/7/3 5774/7/3 5773/7/3
f 5772/7/4 5776/7/4 5775/7/4 5771/7/4
f 5769/7/5 5773/7/5 5776/7/5 5772/7/5
f 5770/7/6 5771/7/6 5775/7/6 5774/7/6
f 5777/48/1 5780/48/1 5779/48/1 5778/48/1
f 5781/48/2 5782/48/2 5783/48/2 5784/48/2
f 5777/48/3 5778/48/3 5782/48/3 5781/48/3
f 5780/48/4 5784/48/4 5783/48/4 5779/48/4
f 5777/48/5 5781/48/5 5784/48/5 5780/48/5
f 5778/48/6 5779/48/6 5783/48/6 5782/48/6
f 5785/8/1 5788/8/1 5787/8/1 5786/8/1
f 5789/8/2 5790/8/2 5791/8/2 5792/8/2
f 5785/8/3 5786/8/3 5790/8/3 5789/8/3
f 5788/8/4 5792/8/4 5791/8/4 5787/8/4
f 5785/8/5 5789/8/5 5792/8/5 5788/8/5
f 5786/8/6 5787/8/6 5791/8/6 5790/8/6
f 5793/7/1 5796/7/1 5795/7/1 5794/7/1
f 5797/7/2 5798/7/2 5799/7/2 5800/7/2
f 5793/7/3 5794/7/3 5798/7/3 5797/7/3
f 5796/7/4 5800/7/4 5799/7/4 5795/7/4
f 5793/7/5 5797/7/5 5800/7/5 5796/7/5
f 5794/7/6 5795/7/6 5799/7/6 5798/7/6
f 5801/48/1 5804/48/1 5803/48/1 5802/48/1
f 5805/48/2 5806/48/2 5807/48/2 5808/48/2
f 5801/48/3 5802/48/3 5806/48/3 5805/48/3
f 5804/48/4 5808/48/4 5807/48/4 5803/48/4
f 5801/48/5 5805/48/5 5808/48/5 5804/48/5
f 5802/48/6 5803/48/6 5807/48/6 5806/48/6
f 5809/8/1 5812/8/1 5811/8/1 5810/8/1
f 5813/8/2 5814/8/2 5815/8/2 5816/8/2
f 5809/8/3 5810/8/3 5814/8/3 5813/8/3
f 5812/8/4 5816/8/4 5815/8/4 5811/8/4
f 5809/8/5 5813/8/5 5816/8/5 5812/8/5
f 5810/8/6 5811/8/6 5815/8/6 5814/8/6
f 5817/7/1 5820/7/1 5819/7/1 5818/7/1
f 5821/7/2 5822/7/2 5823/7/2 5824/7/2
f 5817/7/3 5818/7/3 5822/7/3 5821/7/3
f 5820/7/4 5824/7/4 5823/7/4 5819/7/4
f 5817/7/5 5821/7/5 5824/7/5 5820/7/5
f 5818/7/6 5819/7/6 5823/7/6 5822/7/6
f 5825/48/1 5828/48/1 5827/48/1 5826/48/1
f 5829/48/2 5830/48/2 5831/48/2 5832/48/2
f 5825/48/3 5826/48/3 5830/48/3 5829/48/3
f 5828/48/4 5832/48/4 5831/48/4 5827/48/4
f 5825/48/5 5829/48/5 5832/48/5 5828/48/5
f 5826/48/6 5827/48/6 5831/48/6 5830/48/6
f 5833/8/1 5836/8/1 5835/8/1 5834/8/1
f 5837/8/2 5838/8/2 5839/8/2 5840/8/2
f 5833/8/3 5834/8/3 5838/8/3 5837/8/3
f 5836/8/4 5840/8/4 5839/8/4 5835/8/4
f 5833/8/5 5837/8/5 5840/8/5 5836/8/5
f 5834/8/6 5835/8/6 5839/8/6 5838/8/6
f 5841/7/1 5844/7/1 5843/7/1 5842/7/1
f 5845/7/2 5846/7/2 5847/7/2 5848/7/2
f 5841/7/3 5842/7/3 5846/7/3 5845/7/3
f 5844/7/4 5848/7/4 5847/7/4 5843/7/4
f 5841/7/5 5845/7/5 5848/7/5 5844/7/5
f 5842/7/6 5843/7/6 5847/7/6 5846/7/6
f 5849/48/1 5852/48/1 5851/48/1 5850/48/1
f 5853/48/2 5854/48/2 5855/48/2 5856/48/2
f 5849/48/3 5850/48/3 5854/48/3 5853/48/3
f 5852/48/4 5856/48/4 5855/48/4 5851/48/4
f 5849/48/5 5853/48/5 5856/48/5 5852/48/5
f 5850/48/6 5851/48/6 5855/48/6 5854/48/6
f 5857/8/1 5860/8/1 5859/8/1 5858/8/1
f 5861/8/2 5862/8/2 5863/8/2 5864/8/2
f 5857/8/3 5858/8/3 5862/8/3 5861/8/3
f 5860/8/4 5864/8/4 5863/8/4 5859/8/4
f 5857/8/5 5861/8/5 5864/8/5 5860/8/5
f 5858/8/6 5859/8/6 5863/8/6 5862/8/6
f 5865/7/1 5868/7/1 5867/7/1 5866/7/1
f 5869/7/2 5870/7/2 5871/7/2 5872/7/2
f 5865/7/3 5866/7/3 5870/7/3 5869/7/3
f 5868/7/4 5872/7/4 5871/7/4 5867/7/4
f 5865/7/5 5869/7/5 5872/7/5 5868/7/5
f 5866/7/6 5867/7/6 5871/7/6 5870/7/6
f 5873/48/1 5876/48/1 5875/48/1 5874/48/1
f 5877/48/2 5878/48/2 5879/48/2 5880/48/2
f 5873/48/3 5874/48/3 5878/48/3 5877/48/3
f 5876/48/4 5880/48/4 5879/48/4 5875/48/4
f 5873/48/5 5877/48/5 5880/48/5 5876/48/5
f 5874/48/6 5875/48/6 5879/48/6 5878/48/6
f 5881/8/1 5884/8/1 5883/8/1 5882/8/1
f 5885/8/2 5886/8/2 5887/8/2 5888/8/2
f 5881/8/3 5882/8/3 5886/8/3 5885/8/3
f 5884/8/4 5888/8/4 5887/8/4 5883/8/4
f 5881/8/5 5885/8/5 5888/8/5 5884/8/5
f 5882/8/6 5883/8/6 5887/8/6 5886/8/6
f 5889/7/1 5892/7/1 5891/7/1 5890/7/1
f 5893/7/2 5894/7/2 5895/7/2 5896/7/2
f 5889/7/3 5890/7/3 5894/7/3 5893/7/3
f 5892/7/4 5896/7/4 5895/7/4 5891/7/4
f 5889/7/5 5893/7/5 5896/7/5 5892/7/5
f 5890/7/6 5891/7/6 5895/7/6 5894/7/6
f 5897/48/1 5900/48/1 5899/48/1 5898/48/1
f 5901/48/2 5902/48/2 5903/48/2 5904/48/2
f 5897/48/3 5898/48/3 5902/48/3 5901/48/3
f 5900/48/4 5904/48/4 5903/48/4 5899/48/4
f 5897/48/5 5901/48/5 5904/48/5 5900/48/5
f 5898/48/6 5899/48/6 5903/48/6 5902/48/6
f 5905/8/1 5908/8/1 5907/8/1 5906/8/1
f 5909/8/2 5910/8/2 5911/8/2 5912/8/2
f 5905/8/3 5906/8/3 5910/8/3 5909/8/3
f 5908/8/4 5912/8/4 5911/8/4 5907/8/4
f 5905/8/5 5909/8/5 5912/8/5 5908/8/5
f 5906/8/6 5907/8/6 5911/8/6 5910/8/6
f 5913/7/1 5916/7/1 5915/7/1 5914/7/1
f 5917/7/2 5918/7/2 5919/7/2 5920/7/2
f 5913/7/3 5914/7/3 5918/7/3 5917/7/3
f 5916/7/4 5920/7/4 5919/7/4 5915/7/4
f 5913/7/5 5917/7/5 5920/7/5 5916/7/5
f 5914/7/6 5915/7/6 5919/7/6 5918/7/6
f 5921/48/1 5924/48/1 5923/48/1 5922/48/1
f 5925/48/2 5926/48/2 5927/48/2 5928/48/2
f 5921/48/3 5922/48/3 5926/48/3 5925/48/3
f 5924/48/4 5928/48/4 5927/48/4 5923/48/4
f 5921/48/5 5925/48/5 5928/48/5 5924/48/5
f 5922/48/6 5923/48/6 5927/48/6 5926/48/6
f 5929/8/1 5932/8/1 5931/8/1 5930/8/1
f 5933/8/2 5934/8/2 5935/8/2 5936/8/2
f 5929/8/3 5930/8/3 5934/8/3 5933/8/3
f 5932/8/4 5936/8/4 5935/8/4 5931/8/4
f 5929/8/5 5933/8/5 5936/8/5 5932/8/5
f 5930/8/6 5931/8/6 5935/8/6 5934/8/6
f 5937/7/1 5940/7/1 5939/7/1 5938/7/1
f 5941/7/2 5942/7/2 5943/7/2 5944/7/2
f 5937/7/3 5938/7/3 5942/7/3 5941/7/3
f 5940/7/4 5944/7/4 5943/7/4 5939/7/4
f 5937/7/5 5941/7/5 5944/7/5 5940/7/5
f 5938/7/6 5939/7/6 5943/7/6 5942/7/6
f 5945/48/1 5948/48/1 5947/48/1 5946/48/1
f 5949/48/2 5950/48/2 5951/48/2 5952/48/2
f 5945/48/3 5946/48/3 5950/48/3 5949/48/3
f 5948/48/4 5952/48/4 5951/48/4 5947/48/4
f 5945/48/5 5949/48/5 5952/48/5 5948/48/5
f 5946/48/6 5947/48/6 5951/48/6 5950/48/6
f 5953/8/1 5956/8/1 5955/8/1 5954/8/1
f 5957/8/2 5958/8/2 5959/8/2 5960/8/2
f 5953/8/3 5954/8/3 5958/8/3 5957/8/3
f 5956/8/4 5960/8/4 5959/8/4 5955/8/4
f 5953/8/5 5957/8/5 5960/8/5 5956/8/5
f 5954/8/6 5955/8/6 5959/8/6 5958/8/6
f 5961/7/1 5964/7/1 5963/7/1 5962/7/1
f 5965/7/2 5966/7/2 5967/7/2 5968/7/2
f 5961/7/3 5962/7/3 5966/7/3 5965/7/3
f 5964/7/4 5968/7/4 5967/7/4 5963/7/4
f 5961/7/5 5965/7/5 5968/7/5 5964/7/5
f 5962/7/6 5963/7/6 5967/7/6 5966/7/6
o SEAT_2
usemtl palette
f 5969/48/1 5972/48/1 5971/48/1 5970/48/1
f 5973/48/2 5974/48/2 5975/48/2 5976/48/2
f 5969/48/3 5970/48/3 5974/48/3 5973/48/3
f 5972/48/4 5976/48/4 5975/48/4 5971/48/4
f 5969/48/5 5973/48/5 5976/48/5 5972/48/5
f 5970/48/6 5971/48/6 5975/48/6 5974/48/6
o SEAT_3
usemtl palette
f 5977/48/1 5980/48/1 5979/48/1 5978/48/1
f 5981/48/2 5982/48/2 5983/48/2 5984/48/2
f 5977/48/3 5978/48/3 5982/48/3 5981/48/3
f 5980/48/4 5984/48/4 5983/48/4 5979/48/4
f 5977/48/5 5981/48/5 5984/48/5 5980/48/5
f 5978/48/6 5979/48/6 5983/48/6 5982/48/6
o SEAT_4
usemtl palette
f 5985/48/1 5988/48/1 5987/48/1 5986/48/1
f 5989/48/2 5990/48/2 5991/48/2 5992/48/2
f 5985/48/3 5986/48/3 5990/48/3 5989/48/3
f 5988/48/4 5992/48/4 5991/48/4 5987/48/4
f 5985/48/5 5989/48/5 5992/48/5 5988/48/5
f 5986/48/6 5987/48/6 5991/48/6 5990/48/6
o SHELL_arm
usemtl palette
f 5993/7/1 5996/7/1 5995/7/1 5994/7/1
f 5997/7/2 5998/7/2 5999/7/2 6000/7/2
f 5993/7/3 5994/7/3 5998/7/3 5997/7/3
f 5996/7/4 6000/7/4 5999/7/4 5995/7/4
f 5993/7/5 5997/7/5 6000/7/5 5996/7/5
f 5994/7/6 5995/7/6 5999/7/6 5998/7/6
f 6001/7/1 6004/7/1 6003/7/1 6002/7/1
f 6005/7/2 6006/7/2 6007/7/2 6008/7/2
f 6001/7/3 6002/7/3 6006/7/3 6005/7/3
f 6004/7/4 6008/7/4 6007/7/4 6003/7/4
f 6001/7/5 6005/7/5 6008/7/5 6004/7/5
f 6002/7/6 6003/7/6 6007/7/6 6006/7/6
f 6009/7/1 6012/7/1 6011/7/1 6010/7/1
f 6013/7/2 6014/7/2 6015/7/2 6016/7/2
f 6009/7/3 6010/7/3 6014/7/3 6013/7/3
f 6012/7/4 6016/7/4 6015/7/4 6011/7/4
f 6009/7/5 6013/7/5 6016/7/5 6012/7/5
f 6010/7/6 6011/7/6 6015/7/6 6014/7/6
f 6017/7/1 6020/7/1 6019/7/1 6018/7/1
f 6021/7/2 6022/7/2 6023/7/2 6024/7/2
f 6017/7/3 6018/7/3 6022/7/3 6021/7/3
f 6020/7/4 6024/7/4 6023/7/4 6019/7/4
f 6017/7/5 6021/7/5 6024/7/5 6020/7/5
f 6018/7/6 6019/7/6 6023/7/6 6022/7/6
f 6025/7/1 6028/7/1 6027/7/1 6026/7/1
f 6029/7/2 6030/7/2 6031/7/2 6032/7/2
f 6025/7/3 6026/7/3 6030/7/3 6029/7/3
f 6028/7/4 6032/7/4 6031/7/4 6027/7/4
f 6025/7/5 6029/7/5 6032/7/5 6028/7/5
f 6026/7/6 6027/7/6 6031/7/6 6030/7/6
f 6033/7/1 6036/7/1 6035/7/1 6034/7/1
f 6037/7/2 6038/7/2 6039/7/2 6040/7/2
f 6033/7/3 6034/7/3 6038/7/3 6037/7/3
f 6036/7/4 6040/7/4 6039/7/4 6035/7/4
f 6033/7/5 6037/7/5 6040/7/5 6036/7/5
f 6034/7/6 6035/7/6 6039/7/6 6038/7/6
f 6041/7/1 6044/7/1 6043/7/1 6042/7/1
f 6045/7/2 6046/7/2 6047/7/2 6048/7/2
f 6041/7/3 6042/7/3 6046/7/3 6045/7/3
f 6044/7/4 6048/7/4 6047/7/4 6043/7/4
f 6041/7/5 6045/7/5 6048/7/5 6044/7/5
f 6042/7/6 6043/7/6 6047/7/6 6046/7/6
f 6049/7/1 6052/7/1 6051/7/1 6050/7/1
f 6053/7/2 6054/7/2 6055/7/2 6056/7/2
f 6049/7/3 6050/7/3 6054/7/3 6053/7/3
f 6052/7/4 6056/7/4 6055/7/4 6051/7/4
f 6049/7/5 6053/7/5 6056/7/5 6052/7/5
f 6050/7/6 6051/7/6 6055/7/6 6054/7/6
f 6057/7/1 6060/7/1 6059/7/1 6058/7/1
f 6061/7/2 6062/7/2 6063/7/2 6064/7/2
f 6057/7/3 6058/7/3 6062/7/3 6061/7/3
f 6060/7/4 6064/7/4 6063/7/4 6059/7/4
f 6057/7/5 6061/7/5 6064/7/5 6060/7/5
f 6058/7/6 6059/7/6 6063/7/6 6062/7/6
f 6065/7/1 6068/7/1 6067/7/1 6066/7/1
f 6069/7/2 6070/7/2 6071/7/2 6072/7/2
f 6065/7/3 6066/7/3 6070/7/3 6069/7/3
f 6068/7/4 6072/7/4 6071/7/4 6067/7/4
f 6065/7/5 6069/7/5 6072/7/5 6068/7/5
f 6066/7/6 6067/7/6 6071/7/6 6070/7/6
f 6073/7/1 6076/7/1 6075/7/1 6074/7/1
f 6077/7/2 6078/7/2 6079/7/2 6080/7/2
f 6073/7/3 6074/7/3 6078/7/3 6077/7/3
f 6076/7/4 6080/7/4 6079/7/4 6075/7/4
f 6073/7/5 6077/7/5 6080/7/5 6076/7/5
f 6074/7/6 6075/7/6 6079/7/6 6078/7/6
f 6081/7/1 6084/7/1 6083/7/1 6082/7/1
f 6085/7/2 6086/7/2 6087/7/2 6088/7/2
f 6081/7/3 6082/7/3 6086/7/3 6085/7/3
f 6084/7/4 6088/7/4 6087/7/4 6083/7/4
f 6081/7/5 6085/7/5 6088/7/5 6084/7/5
f 6082/7/6 6083/7/6 6087/7/6 6086/7/6
f 6089/7/1 6092/7/1 6091/7/1 6090/7/1
f 6093/7/2 6094/7/2 6095/7/2 6096/7/2
f 6089/7/3 6090/7/3 6094/7/3 6093/7/3
f 6092/7/4 6096/7/4 6095/7/4 6091/7/4
f 6089/7/5 6093/7/5 6096/7/5 6092/7/5
f 6090/7/6 6091/7/6 6095/7/6 6094/7/6
f 6097/7/1 6100/7/1 6099/7/1 6098/7/1
f 6101/7/2 6102/7/2 6103/7/2 6104/7/2
f 6097/7/3 6098/7/3 6102/7/3 6101/7/3
f 6100/7/4 6104/7/4 6103/7/4 6099/7/4
f 6097/7/5 6101/7/5 6104/7/5 6100/7/5
f 6098/7/6 6099/7/6 6103/7/6 6102/7/6
f 6105/7/1 6108/7/1 6107/7/1 6106/7/1
f 6109/7/2 6110/7/2 6111/7/2 6112/7/2
f 6105/7/3 6106/7/3 6110/7/3 6109/7/3
f 6108/7/4 6112/7/4 6111/7/4 6107/7/4
f 6105/7/5 6109/7/5 6112/7/5 6108/7/5
f 6106/7/6 6107/7/6 6111/7/6 6110/7/6
f 6113/7/1 6116/7/1 6115/7/1 6114/7/1
f 6117/7/2 6118/7/2 6119/7/2 6120/7/2
f 6113/7/3 6114/7/3 6118/7/3 6117/7/3
f 6116/7/4 6120/7/4 6119/7/4 6115/7/4
f 6113/7/5 6117/7/5 6120/7/5 6116/7/5
f 6114/7/6 6115/7/6 6119/7/6 6118/7/6
f 6121/7/1 6124/7/1 6123/7/1 6122/7/1
f 6125/7/2 6126/7/2 6127/7/2 6128/7/2
f 6121/7/3 6122/7/3 6126/7/3 6125/7/3
f 6124/7/4 6128/7/4 6127/7/4 6123/7/4
f 6121/7/5 6125/7/5 6128/7/5 6124/7/5
f 6122/7/6 6123/7/6 6127/7/6 6126/7/6
f 6129/7/1 6132/7/1 6131/7/1 6130/7/1
f 6133/7/2 6134/7/2 6135/7/2 6136/7/2
f 6129/7/3 6130/7/3 6134/7/3 6133/7/3
f 6132/7/4 6136/7/4 6135/7/4 6131/7/4
f 6129/7/5 6133/7/5 6136/7/5 6132/7/5
f 6130/7/6 6131/7/6 6135/7/6 6134/7/6
f 6137/7/1 6140/7/1 6139/7/1 6138/7/1
f 6141/7/2 6142/7/2 6143/7/2 6144/7/2
f 6137/7/3 6138/7/3 6142/7/3 6141/7/3
f 6140/7/4 6144/7/4 6143/7/4 6139/7/4
f 6137/7/5 6141/7/5 6144/7/5 6140/7/5
f 6138/7/6 6139/7/6 6143/7/6 6142/7/6
f 6145/7/1 6148/7/1 6147/7/1 6146/7/1
f 6149/7/2 6150/7/2 6151/7/2 6152/7/2
f 6145/7/3 6146/7/3 6150/7/3 6149/7/3
f 6148/7/4 6152/7/4 6151/7/4 6147/7/4
f 6145/7/5 6149/7/5 6152/7/5 6148/7/5
f 6146/7/6 6147/7/6 6151/7/6 6150/7/6
f 6153/7/1 6156/7/1 6155/7/1 6154/7/1
f 6157/7/2 6158/7/2 6159/7/2 6160/7/2
f 6153/7/3 6154/7/3 6158/7/3 6157/7/3
f 6156/7/4 6160/7/4 6159/7/4 6155/7/4
f 6153/7/5 6157/7/5 6160/7/5 6156/7/5
f 6154/7/6 6155/7/6 6159/7/6 6158/7/6
f 6161/7/1 6164/7/1 6163/7/1 6162/7/1
f 6165/7/2 6166/7/2 6167/7/2 6168/7/2
f 6161/7/3 6162/7/3 6166/7/3 6165/7/3
f 6164/7/4 6168/7/4 6167/7/4 6163/7/4
f 6161/7/5 6165/7/5 6168/7/5 6164/7/5
f 6162/7/6 6163/7/6 6167/7/6 6166/7/6
f 6169/7/1 6172/7/1 6171/7/1 6170/7/1
f 6173/7/2 6174/7/2 6175/7/2 6176/7/2
f 6169/7/3 6170/7/3 6174/7/3 6173/7/3
f 6172/7/4 6176/7/4 6175/7/4 6171/7/4
f 6169/7/5 6173/7/5 6176/7/5 6172/7/5
f 6170/7/6 6171/7/6 6175/7/6 6174/7/6
f 6177/7/1 6180/7/1 6179/7/1 6178/7/1
f 6181/7/2 6182/7/2 6183/7/2 6184/7/2
f 6177/7/3 6178/7/3 6182/7/3 6181/7/3
f 6180/7/4 6184/7/4 6183/7/4 6179/7/4
f 6177/7/5 6181/7/5 6184/7/5 6180/7/5
f 6178/7/6 6179/7/6 6183/7/6 6182/7/6
f 6185/7/1 6188/7/1 6187/7/1 6186/7/1
f 6189/7/2 6190/7/2 6191/7/2 6192/7/2
f 6185/7/3 6186/7/3 6190/7/3 6189/7/3
f 6188/7/4 6192/7/4 6191/7/4 6187/7/4
f 6185/7/5 6189/7/5 6192/7/5 6188/7/5
f 6186/7/6 6187/7/6 6191/7/6 6190/7/6
f 6193/7/1 6196/7/1 6195/7/1 6194/7/1
f 6197/7/2 6198/7/2 6199/7/2 6200/7/2
f 6193/7/3 6194/7/3 6198/7/3 6197/7/3
f 6196/7/4 6200/7/4 6199/7/4 6195/7/4
f 6193/7/5 6197/7/5 6200/7/5 6196/7/5
f 6194/7/6 6195/7/6 6199/7/6 6198/7/6
f 6201/7/1 6204/7/1 6203/7/1 6202/7/1
f 6205/7/2 6206/7/2 6207/7/2 6208/7/2
f 6201/7/3 6202/7/3 6206/7/3 6205/7/3
f 6204/7/4 6208/7/4 6207/7/4 6203/7/4
f 6201/7/5 6205/7/5 6208/7/5 6204/7/5
f 6202/7/6 6203/7/6 6207/7/6 6206/7/6
f 6209/7/1 6212/7/1 6211/7/1 6210/7/1
f 6213/7/2 6214/7/2 6215/7/2 6216/7/2
f 6209/7/3 6210/7/3 6214/7/3 6213/7/3
f 6212/7/4 6216/7/4 6215/7/4 6211/7/4
f 6209/7/5 6213/7/5 6216/7/5 6212/7/5
f 6210/7/6 6211/7/6 6215/7/6 6214/7/6
f 6217/7/1 6220/7/1 6219/7/1 6218/7/1
f 6221/7/2 6222/7/2 6223/7/2 6224/7/2
f 6217/7/3 6218/7/3 6222/7/3 6221/7/3
f 6220/7/4 6224/7/4 6223/7/4 6219/7/4
f 6217/7/5 6221/7/5 6224/7/5 6220/7/5
f 6218/7/6 6219/7/6 6223/7/6 6222/7/6
f 6225/7/1 6228/7/1 6227/7/1 6226/7/1
f 6229/7/2 6230/7/2 6231/7/2 6232/7/2
f 6225/7/3 6226/7/3 6230/7/3 6229/7/3
f 6228/7/4 6232/7/4 6231/7/4 6227/7/4
f 6225/7/5 6229/7/5 6232/7/5 6228/7/5
f 6226/7/6 6227/7/6 6231/7/6 6230/7/6
f 6233/7/1 6236/7/1 6235/7/1 6234/7/1
f 6237/7/2 6238/7/2 6239/7/2 6240/7/2
f 6233/7/3 6234/7/3 6238/7/3 6237/7/3
f 6236/7/4 6240/7/4 6239/7/4 6235/7/4
f 6233/7/5 6237/7/5 6240/7/5 6236/7/5
f 6234/7/6 6235/7/6 6239/7/6 6238/7/6
f 6241/7/1 6244/7/1 6243/7/1 6242/7/1
f 6245/7/2 6246/7/2 6247/7/2 6248/7/2
f 6241/7/3 6242/7/3 6246/7/3 6245/7/3
f 6244/7/4 6248/7/4 6247/7/4 6243/7/4
f 6241/7/5 6245/7/5 6248/7/5 6244/7/5
f 6242/7/6 6243/7/6 6247/7/6 6246/7/6
f 6249/7/1 6252/7/1 6251/7/1 6250/7/1
f 6253/7/2 6254/7/2 6255/7/2 6256/7/2
f 6249/7/3 6250/7/3 6254/7/3 6253/7/3
f 6252/7/4 6256/7/4 6255/7/4 6251/7/4
f 6249/7/5 6253/7/5 6256/7/5 6252/7/5
f 6250/7/6 6251/7/6 6255/7/6 6254/7/6
f 6257/7/1 6260/7/1 6259/7/1 6258/7/1
f 6261/7/2 6262/7/2 6263/7/2 6264/7/2
f 6257/7/3 6258/7/3 6262/7/3 6261/7/3
f 6260/7/4 6264/7/4 6263/7/4 6259/7/4
f 6257/7/5 6261/7/5 6264/7/5 6260/7/5
f 6258/7/6 6259/7/6 6263/7/6 6262/7/6
f 6265/7/1 6268/7/1 6267/7/1 6266/7/1
f 6269/7/2 6270/7/2 6271/7/2 6272/7/2
f 6265/7/3 6266/7/3 6270/7/3 6269/7/3
f 6268/7/4 6272/7/4 6271/7/4 6267/7/4
f 6265/7/5 6269/7/5 6272/7/5 6268/7/5
f 6266/7/6 6267/7/6 6271/7/6 6270/7/6
f 6273/7/1 6276/7/1 6275/7/1 6274/7/1
f 6277/7/2 6278/7/2 6279/7/2 6280/7/2
f 6273/7/3 6274/7/3 6278/7/3 6277/7/3
f 6276/7/4 6280/7/4 6279/7/4 6275/7/4
f 6273/7/5 6277/7/5 6280/7/5 6276/7/5
f 6274/7/6 6275/7/6 6279/7/6 6278/7/6
f 6281/7/1 6284/7/1 6283/7/1 6282/7/1
f 6285/7/2 6286/7/2 6287/7/2 6288/7/2
f 6281/7/3 6282/7/3 6286/7/3 6285/7/3
f 6284/7/4 6288/7/4 6287/7/4 6283/7/4
f 6281/7/5 6285/7/5 6288/7/5 6284/7/5
f 6282/7/6 6283/7/6 6287/7/6 6286/7/6
f 6289/7/1 6292/7/1 6291/7/1 6290/7/1
f 6293/7/2 6294/7/2 6295/7/2 6296/7/2
f 6289/7/3 6290/7/3 6294/7/3 6293/7/3
f 6292/7/4 6296/7/4 6295/7/4 6291/7/4
f 6289/7/5 6293/7/5 6296/7/5 6292/7/5
f 6290/7/6 6291/7/6 6295/7/6 6294/7/6
f 6297/7/1 6300/7/1 6299/7/1 6298/7/1
f 6301/7/2 6302/7/2 6303/7/2 6304/7/2
f 6297/7/3 6298/7/3 6302/7/3 6301/7/3
f 6300/7/4 6304/7/4 6303/7/4 6299/7/4
f 6297/7/5 6301/7/5 6304/7/5 6300/7/5
f 6298/7/6 6299/7/6 6303/7/6 6302/7/6
f 6305/7/1 6308/7/1 6307/7/1 6306/7/1
f 6309/7/2 6310/7/2 6311/7/2 6312/7/2
f 6305/7/3 6306/7/3 6310/7/3 6309/7/3
f 6308/7/4 6312/7/4 6311/7/4 6307/7/4
f 6305/7/5 6309/7/5 6312/7/5 6308/7/5
f 6306/7/6 6307/7/6 6311/7/6 6310/7/6
f 6313/7/1 6316/7/1 6315/7/1 6314/7/1
f 6317/7/2 6318/7/2 6319/7/2 6320/7/2
f 6313/7/3 6314/7/3 6318/7/3 6317/7/3
f 6316/7/4 6320/7/4 6319/7/4 6315/7/4
f 6313/7/5 6317/7/5 6320/7/5 6316/7/5
f 6314/7/6 6315/7/6 6319/7/6 6318/7/6
f 6321/7/1 6324/7/1 6323/7/1 6322/7/1
f 6325/7/2 6326/7/2 6327/7/2 6328/7/2
f 6321/7/3 6322/7/3 6326/7/3 6325/7/3
f 6324/7/4 6328/7/4 6327/7/4 6323/7/4
f 6321/7/5 6325/7/5 6328/7/5 6324/7/5
f 6322/7/6 6323/7/6 6327/7/6 6326/7/6
f 6329/7/1 6332/7/1 6331/7/1 6330/7/1
f 6333/7/2 6334/7/2 6335/7/2 6336/7/2
f 6329/7/3 6330/7/3 6334/7/3 6333/7/3
f 6332/7/4 6336/7/4 6335/7/4 6331/7/4
f 6329/7/5 6333/7/5 6336/7/5 6332/7/5
f 6330/7/6 6331/7/6 6335/7/6 6334/7/6
f 6337/7/1 6340/7/1 6339/7/1 6338/7/1
f 6341/7/2 6342/7/2 6343/7/2 6344/7/2
f 6337/7/3 6338/7/3 6342/7/3 6341/7/3
f 6340/7/4 6344/7/4 6343/7/4 6339/7/4
f 6337/7/5 6341/7/5 6344/7/5 6340/7/5
f 6338/7/6 6339/7/6 6343/7/6 6342/7/6
f 6345/7/1 6348/7/1 6347/7/1 6346/7/1
f 6349/7/2 6350/7/2 6351/7/2 6352/7/2
f 6345/7/3 6346/7/3 6350/7/3 6349/7/3
f 6348/7/4 6352/7/4 6351/7/4 6347/7/4
f 6345/7/5 6349/7/5 6352/7/5 6348/7/5
f 6346/7/6 6347/7/6 6351/7/6 6350/7/6
f 6353/7/1 6356/7/1 6355/7/1 6354/7/1
f 6357/7/2 6358/7/2 6359/7/2 6360/7/2
f 6353/7/3 6354/7/3 6358/7/3 6357/7/3
f 6356/7/4 6360/7/4 6359/7/4 6355/7/4
f 6353/7/5 6357/7/5 6360/7/5 6356/7/5
f 6354/7/6 6355/7/6 6359/7/6 6358/7/6
f 6361/7/1 6364/7/1 6363/7/1 6362/7/1
f 6365/7/2 6366/7/2 6367/7/2 6368/7/2
f 6361/7/3 6362/7/3 6366/7/3 6365/7/3
f 6364/7/4 6368/7/4 6367/7/4 6363/7/4
f 6361/7/5 6365/7/5 6368/7/5 6364/7/5
f 6362/7/6 6363/7/6 6367/7/6 6366/7/6
f 6369/7/1 6372/7/1 6371/7/1 6370/7/1
f 6373/7/2 6374/7/2 6375/7/2 6376/7/2
f 6369/7/3 6370/7/3 6374/7/3 6373/7/3
f 6372/7/4 6376/7/4 6375/7/4 6371/7/4
f 6369/7/5 6373/7/5 6376/7/5 6372/7/5
f 6370/7/6 6371/7/6 6375/7/6 6374/7/6
f 6377/7/1 6380/7/1 6379/7/1 6378/7/1
f 6381/7/2 6382/7/2 6383/7/2 6384/7/2
f 6377/7/3 6378/7/3 6382/7/3 6381/7/3
f 6380/7/4 6384/7/4 6383/7/4 6379/7/4
f 6377/7/5 6381/7/5 6384/7/5 6380/7/5
f 6378/7/6 6379/7/6 6383/7/6 6382/7/6
f 6385/7/1 6388/7/1 6387/7/1 6386/7/1
f 6389/7/2 6390/7/2 6391/7/2 6392/7/2
f 6385/7/3 6386/7/3 6390/7/3 6389/7/3
f 6388/7/4 6392/7/4 6391/7/4 6387/7/4
f 6385/7/5 6389/7/5 6392/7/5 6388/7/5
f 6386/7/6 6387/7/6 6391/7/6 6390/7/6
f 6393/7/1 6396/7/1 6395/7/1 6394/7/1
f 6397/7/2 6398/7/2 6399/7/2 6400/7/2
f 6393/7/3 6394/7/3 6398/7/3 6397/7/3
f 6396/7/4 6400/7/4 6399/7/4 6395/7/4
f 6393/7/5 6397/7/5 6400/7/5 6396/7/5
f 6394/7/6 6395/7/6 6399/7/6 6398/7/6
f 6401/7/1 6404/7/1 6403/7/1 6402/7/1
f 6405/7/2 6406/7/2 6407/7/2 6408/7/2
f 6401/7/3 6402/7/3 6406/7/3 6405/7/3
f 6404/7/4 6408/7/4 6407/7/4 6403/7/4
f 6401/7/5 6405/7/5 6408/7/5 6404/7/5
f 6402/7/6 6403/7/6 6407/7/6 6406/7/6
f 6409/7/1 6412/7/1 6411/7/1 6410/7/1
f 6413/7/2 6414/7/2 6415/7/2 6416/7/2
f 6409/7/3 6410/7/3 6414/7/3 6413/7/3
f 6412/7/4 6416/7/4 6415/7/4 6411/7/4
f 6409/7/5 6413/7/5 6416/7/5 6412/7/5
f 6410/7/6 6411/7/6 6415/7/6 6414/7/6
f 6417/7/1 6420/7/1 6419/7/1 6418/7/1
f 6421/7/2 6422/7/2 6423/7/2 6424/7/2
f 6417/7/3 6418/7/3 6422/7/3 6421/7/3
f 6420/7/4 6424/7/4 6423/7/4 6419/7/4
f 6417/7/5 6421/7/5 6424/7/5 6420/7/5
f 6418/7/6 6419/7/6 6423/7/6 6422/7/6
f 6425/7/1 6428/7/1 6427/7/1 6426/7/1
f 6429/7/2 6430/7/2 6431/7/2 6432/7/2
f 6425/7/3 6426/7/3 6430/7/3 6429/7/3
f 6428/7/4 6432/7/4 6431/7/4 6427/7/4
f 6425/7/5 6429/7/5 6432/7/5 6428/7/5
f 6426/7/6 6427/7/6 6431/7/6 6430/7/6
f 6433/7/1 6436/7/1 6435/7/1 6434/7/1
f 6437/7/2 6438/7/2 6439/7/2 6440/7/2
f 6433/7/3 6434/7/3 6438/7/3 6437/7/3
f 6436/7/4 6440/7/4 6439/7/4 6435/7/4
f 6433/7/5 6437/7/5 6440/7/5 6436/7/5
f 6434/7/6 6435/7/6 6439/7/6 6438/7/6
f 6441/7/1 6444/7/1 6443/7/1 6442/7/1
f 6445/7/2 6446/7/2 6447/7/2 6448/7/2
f 6441/7/3 6442/7/3 6446/7/3 6445/7/3
f 6444/7/4 6448/7/4 6447/7/4 6443/7/4
f 6441/7/5 6445/7/5 6448/7/5 6444/7/5
f 6442/7/6 6443/7/6 6447/7/6 6446/7/6
f 6449/7/1 6452/7/1 6451/7/1 6450/7/1
f 6453/7/2 6454/7/2 6455/7/2 6456/7/2
f 6449/7/3 6450/7/3 6454/7/3 6453/7/3
f 6452/7/4 6456/7/4 6455/7/4 6451/7/4
f 6449/7/5 6453/7/5 6456/7/5 6452/7/5
f 6450/7/6 6451/7/6 6455/7/6 6454/7/6
f 6457/7/1 6460/7/1 6459/7/1 6458/7/1
f 6461/7/2 6462/7/2 6463/7/2 6464/7/2
f 6457/7/3 6458/7/3 6462/7/3 6461/7/3
f 6460/7/4 6464/7/4 6463/7/4 6459/7/4
f 6457/7/5 6461/7/5 6464/7/5 6460/7/5
f 6458/7/6 6459/7/6 6463/7/6 6462/7/6
f 6465/7/1 6468/7/1 6467/7/1 6466/7/1
f 6469/7/2 6470/7/2 6471/7/2 6472/7/2
f 6465/7/3 6466/7/3 6470/7/3 6469/7/3
f 6468/7/4 6472/7/4 6471/7/4 6467/7/4
f 6465/7/5 6469/7/5 6472/7/5 6468/7/5
f 6466/7/6 6467/7/6 6471/7/6 6470/7/6
f 6473/7/1 6476/7/1 6475/7/1 6474/7/1
f 6477/7/2 6478/7/2 6479/7/2 6480/7/2
f 6473/7/3 6474/7/3 6478/7/3 6477/7/3
f 6476/7/4 6480/7/4 6479/7/4 6475/7/4
f 6473/7/5 6477/7/5 6480/7/5 6476/7/5
f 6474/7/6 6475/7/6 6479/7/6 6478/7/6
f 6481/7/1 6484/7/1 6483/7/1 6482/7/1
f 6485/7/2 6486/7/2 6487/7/2 6488/7/2
f 6481/7/3 6482/7/3 6486/7/3 6485/7/3
f 6484/7/4 6488/7/4 6487/7/4 6483/7/4
f 6481/7/5 6485/7/5 6488/7/5 6484/7/5
f 6482/7/6 6483/7/6 6487/7/6 6486/7/6
f 6489/7/1 6492/7/1 6491/7/1 6490/7/1
f 6493/7/2 6494/7/2 6495/7/2 6496/7/2
f 6489/7/3 6490/7/3 6494/7/3 6493/7/3
f 6492/7/4 6496/7/4 6495/7/4 6491/7/4
f 6489/7/5 6493/7/5 6496/7/5 6492/7/5
f 6490/7/6 6491/7/6 6495/7/6 6494/7/6
f 6497/7/1 6500/7/1 6499/7/1 6498/7/1
f 6501/7/2 6502/7/2 6503/7/2 6504/7/2
f 6497/7/3 6498/7/3 6502/7/3 6501/7/3
f 6500/7/4 6504/7/4 6503/7/4 6499/7/4
f 6497/7/5 6501/7/5 6504/7/5 6500/7/5
f 6498/7/6 6499/7/6 6503/7/6 6502/7/6
f 6505/7/1 6508/7/1 6507/7/1 6506/7/1
f 6509/7/2 6510/7/2 6511/7/2 6512/7/2
f 6505/7/3 6506/7/3 6510/7/3 6509/7/3
f 6508/7/4 6512/7/4 6511/7/4 6507/7/4
f 6505/7/5 6509/7/5 6512/7/5 6508/7/5
f 6506/7/6 6507/7/6 6511/7/6 6510/7/6
f 6513/7/1 6516/7/1 6515/7/1 6514/7/1
f 6517/7/2 6518/7/2 6519/7/2 6520/7/2
f 6513/7/3 6514/7/3 6518/7/3 6517/7/3
f 6516/7/4 6520/7/4 6519/7/4 6515/7/4
f 6513/7/5 6517/7/5 6520/7/5 6516/7/5
f 6514/7/6 6515/7/6 6519/7/6 6518/7/6
f 6521/7/1 6524/7/1 6523/7/1 6522/7/1
f 6525/7/2 6526/7/2 6527/7/2 6528/7/2
f 6521/7/3 6522/7/3 6526/7/3 6525/7/3
f 6524/7/4 6528/7/4 6527/7/4 6523/7/4
f 6521/7/5 6525/7/5 6528/7/5 6524/7/5
f 6522/7/6 6523/7/6 6527/7/6 6526/7/6
f 6529/7/1 6532/7/1 6531/7/1 6530/7/1
f 6533/7/2 6534/7/2 6535/7/2 6536/7/2
f 6529/7/3 6530/7/3 6534/7/3 6533/7/3
f 6532/7/4 6536/7/4 6535/7/4 6531/7/4
f 6529/7/5 6533/7/5 6536/7/5 6532/7/5
f 6530/7/6 6531/7/6 6535/7/6 6534/7/6
f 6537/7/1 6540/7/1 6539/7/1 6538/7/1
f 6541/7/2 6542/7/2 6543/7/2 6544/7/2
f 6537/7/3 6538/7/3 6542/7/3 6541/7/3
f 6540/7/4 6544/7/4 6543/7/4 6539/7/4
f 6537/7/5 6541/7/5 6544/7/5 6540/7/5
f 6538/7/6 6539/7/6 6543/7/6 6542/7/6
f 6545/7/1 6548/7/1 6547/7/1 6546/7/1
f 6549/7/2 6550/7/2 6551/7/2 6552/7/2
f 6545/7/3 6546/7/3 6550/7/3 6549/7/3
f 6548/7/4 6552/7/4 6551/7/4 6547/7/4
f 6545/7/5 6549/7/5 6552/7/5 6548/7/5
f 6546/7/6 6547/7/6 6551/7/6 6550/7/6
f 6553/7/1 6556/7/1 6555/7/1 6554/7/1
f 6557/7/2 6558/7/2 6559/7/2 6560/7/2
f 6553/7/3 6554/7/3 6558/7/3 6557/7/3
f 6556/7/4 6560/7/4 6559/7/4 6555/7/4
f 6553/7/5 6557/7/5 6560/7/5 6556/7/5
f 6554/7/6 6555/7/6 6559/7/6 6558/7/6
f 6561/7/1 6564/7/1 6563/7/1 6562/7/1
f 6565/7/2 6566/7/2 6567/7/2 6568/7/2
f 6561/7/3 6562/7/3 6566/7/3 6565/7/3
f 6564/7/4 6568/7/4 6567/7/4 6563/7/4
f 6561/7/5 6565/7/5 6568/7/5 6564/7/5
f 6562/7/6 6563/7/6 6567/7/6 6566/7/6
f 6569/7/1 6572/7/1 6571/7/1 6570/7/1
f 6573/7/2 6574/7/2 6575/7/2 6576/7/2
f 6569/7/3 6570/7/3 6574/7/3 6573/7/3
f 6572/7/4 6576/7/4 6575/7/4 6571/7/4
f 6569/7/5 6573/7/5 6576/7/5 6572/7/5
f 6570/7/6 6571/7/6 6575/7/6 6574/7/6
f 6577/7/1 6580/7/1 6579/7/1 6578/7/1
f 6581/7/2 6582/7/2 6583/7/2 6584/7/2
f 6577/7/3 6578/7/3 6582/7/3 6581/7/3
f 6580/7/4 6584/7/4 6583/7/4 6579/7/4
f 6577/7/5 6581/7/5 6584/7/5 6580/7/5
f 6578/7/6 6579/7/6 6583/7/6 6582/7/6
f 6585/7/1 6588/7/1 6587/7/1 6586/7/1
f 6589/7/2 6590/7/2 6591/7/2 6592/7/2
f 6585/7/3 6586/7/3 6590/7/3 6589/7/3
f 6588/7/4 6592/7/4 6591/7/4 6587/7/4
f 6585/7/5 6589/7/5 6592/7/5 6588/7/5
f 6586/7/6 6587/7/6 6591/7/6 6590/7/6
f 6593/7/1 6596/7/1 6595/7/1 6594/7/1
f 6597/7/2 6598/7/2 6599/7/2 6600/7/2
f 6593/7/3 6594/7/3 6598/7/3 6597/7/3
f 6596/7/4 6600/7/4 6599/7/4 6595/7/4
f 6593/7/5 6597/7/5 6600/7/5 6596/7/5
f 6594/7/6 6595/7/6 6599/7/6 6598/7/6
f 6601/7/1 6604/7/1 6603/7/1 6602/7/1
f 6605/7/2 6606/7/2 6607/7/2 6608/7/2
f 6601/7/3 6602/7/3 6606/7/3 6605/7/3
f 6604/7/4 6608/7/4 6607/7/4 6603/7/4
f 6601/7/5 6605/7/5 6608/7/5 6604/7/5
f 6602/7/6 6603/7/6 6607/7/6 6606/7/6
f 6609/7/1 6612/7/1 6611/7/1 6610/7/1
f 6613/7/2 6614/7/2 6615/7/2 6616/7/2
f 6609/7/3 6610/7/3 6614/7/3 6613/7/3
f 6612/7/4 6616/7/4 6615/7/4 6611/7/4
f 6609/7/5 6613/7/5 6616/7/5 6612/7/5
f 6610/7/6 6611/7/6 6615/7/6 6614/7/6
f 6617/7/1 6620/7/1 6619/7/1 6618/7/1
f 6621/7/2 6622/7/2 6623/7/2 6624/7/2
f 6617/7/3 6618/7/3 6622/7/3 6621/7/3
f 6620/7/4 6624/7/4 6623/7/4 6619/7/4
f 6617/7/5 6621/7/5 6624/7/5 6620/7/5
f 6618/7/6 6619/7/6 6623/7/6 6622/7/6
f 6625/7/1 6628/7/1 6627/7/1 6626/7/1
f 6629/7/2 6630/7/2 6631/7/2 6632/7/2
f 6625/7/3 6626/7/3 6630/7/3 6629/7/3
f 6628/7/4 6632/7/4 6631/7/4 6627/7/4
f 6625/7/5 6629/7/5 6632/7/5 6628/7/5
f 6626/7/6 6627/7/6 6631/7/6 6630/7/6
f 6633/7/1 6636/7/1 6635/7/1 6634/7/1
f 6637/7/2 6638/7/2 6639/7/2 6640/7/2
f 6633/7/3 6634/7/3 6638/7/3 6637/7/3
f 6636/7/4 6640/7/4 6639/7/4 6635/7/4
f 6633/7/5 6637/7/5 6640/7/5 6636/7/5
f 6634/7/6 6635/7/6 6639/7/6 6638/7/6
f 6641/7/1 6644/7/1 6643/7/1 6642/7/1
f 6645/7/2 6646/7/2 6647/7/2 6648/7/2
f 6641/7/3 6642/7/3 6646/7/3 6645/7/3
f 6644/7/4 6648/7/4 6647/7/4 6643/7/4
f 6641/7/5 6645/7/5 6648/7/5 6644/7/5
f 6642/7/6 6643/7/6 6647/7/6 6646/7/6
f 6649/7/1 6652/7/1 6651/7/1 6650/7/1
f 6653/7/2 6654/7/2 6655/7/2 6656/7/2
f 6649/7/3 6650/7/3 6654/7/3 6653/7/3
f 6652/7/4 6656/7/4 6655/7/4 6651/7/4
f 6649/7/5 6653/7/5 6656/7/5 6652/7/5
f 6650/7/6 6651/7/6 6655/7/6 6654/7/6
f 6657/7/1 6660/7/1 6659/7/1 6658/7/1
f 6661/7/2 6662/7/2 6663/7/2 6664/7/2
f 6657/7/3 6658/7/3 6662/7/3 6661/7/3
f 6660/7/4 6664/7/4 6663/7/4 6659/7/4
f 6657/7/5 6661/7/5 6664/7/5 6660/7/5
f 6658/7/6 6659/7/6 6663/7/6 6662/7/6
o SEAT_5
usemtl palette
f 6665/48/1 6668/48/1 6667/48/1 6666/48/1
f 6669/48/2 6670/48/2 6671/48/2 6672/48/2
f 6665/48/3 6666/48/3 6670/48/3 6669/48/3
f 6668/48/4 6672/48/4 6671/48/4 6667/48/4
f 6665/48/5 6669/48/5 6672/48/5 6668/48/5
f 6666/48/6 6667/48/6 6671/48/6 6670/48/6
o SEAT_6
usemtl palette
f 6673/48/1 6676/48/1 6675/48/1 6674/48/1
f 6677/48/2 6678/48/2 6679/48/2 6680/48/2
f 6673/48/3 6674/48/3 6678/48/3 6677/48/3
f 6676/48/4 6680/48/4 6679/48/4 6675/48/4
f 6673/48/5 6677/48/5 6680/48/5 6676/48/5
f 6674/48/6 6675/48/6 6679/48/6 6678/48/6
o SEAT_7
usemtl palette
f 6681/48/1 6684/48/1 6683/48/1 6682/48/1
f 6685/48/2 6686/48/2 6687/48/2 6688/48/2
f 6681/48/3 6682/48/3 6686/48/3 6685/48/3
f 6684/48/4 6688/48/4 6687/48/4 6683/48/4
f 6681/48/5 6685/48/5 6688/48/5 6684/48/5
f 6682/48/6 6683/48/6 6687/48/6 6686/48/6
o SEAT_8
usemtl palette
f 6689/48/1 6692/48/1 6691/48/1 6690/48/1
f 6693/48/2 6694/48/2 6695/48/2 6696/48/2
f 6689/48/3 6690/48/3 6694/48/3 6693/48/3
f 6692/48/4 6696/48/4 6695/48/4 6691/48/4
f 6689/48/5 6693/48/5 6696/48/5 6692/48/5
f 6690/48/6 6691/48/6 6695/48/6 6694/48/6
o SEAT_9
usemtl palette
f 6697/48/1 6700/48/1 6699/48/1 6698/48/1
f 6701/48/2 6702/48/2 6703/48/2 6704/48/2
f 6697/48/3 6698/48/3 6702/48/3 6701/48/3
f 6700/48/4 6704/48/4 6703/48/4 6699/48/4
f 6697/48/5 6701/48/5 6704/48/5 6700/48/5
f 6698/48/6 6699/48/6 6703/48/6 6702/48/6
o SEAT_10
usemtl palette
f 6705/48/1 6708/48/1 6707/48/1 6706/48/1
f 6709/48/2 6710/48/2 6711/48/2 6712/48/2
f 6705/48/3 6706/48/3 6710/48/3 6709/48/3
f 6708/48/4 6712/48/4 6711/48/4 6707/48/4
f 6705/48/5 6709/48/5 6712/48/5 6708/48/5
f 6706/48/6 6707/48/6 6711/48/6 6710/48/6
o SEAT_11
usemtl palette
f 6713/48/1 6716/48/1 6715/48/1 6714/48/1
f 6717/48/2 6718/48/2 6719/48/2 6720/48/2
f 6713/48/3 6714/48/3 6718/48/3 6717/48/3
f 6716/48/4 6720/48/4 6719/48/4 6715/48/4
f 6713/48/5 6717/48/5 6720/48/5 6716/48/5
f 6714/48/6 6715/48/6 6719/48/6 6718/48/6
o SEAT_12
usemtl palette
f 6721/48/1 6724/48/1 6723/48/1 6722/48/1
f 6725/48/2 6726/48/2 6727/48/2 6728/48/2
f 6721/48/3 6722/48/3 6726/48/3 6725/48/3
f 6724/48/4 6728/48/4 6727/48/4 6723/48/4
f 6721/48/5 6725/48/5 6728/48/5 6724/48/5
f 6722/48/6 6723/48/6 6727/48/6 6726/48/6
o SEAT_13
usemtl palette
f 6729/48/1 6732/48/1 6731/48/1 6730/48/1
f 6733/48/2 6734/48/2 6735/48/2 6736/48/2
f 6729/48/3 6730/48/3 6734/48/3 6733/48/3
f 6732/48/4 6736/48/4 6735/48/4 6731/48/4
f 6729/48/5 6733/48/5 6736/48/5 6732/48/5
f 6730/48/6 6731/48/6 6735/48/6 6734/48/6
o SEAT_14
usemtl palette
f 6737/48/1 6740/48/1 6739/48/1 6738/48/1
f 6741/48/2 6742/48/2 6743/48/2 6744/48/2
f 6737/48/3 6738/48/3 6742/48/3 6741/48/3
f 6740/48/4 6744/48/4 6743/48/4 6739/48/4
f 6737/48/5 6741/48/5 6744/48/5 6740/48/5
f 6738/48/6 6739/48/6 6743/48/6 6742/48/6
o SEAT_15
usemtl palette
f 6745/48/1 6748/48/1 6747/48/1 6746/48/1
f 6749/48/2 6750/48/2 6751/48/2 6752/48/2
f 6745/48/3 6746/48/3 6750/48/3 6749/48/3
f 6748/48/4 6752/48/4 6751/48/4 6747/48/4
f 6745/48/5 6749/48/5 6752/48/5 6748/48/5
f 6746/48/6 6747/48/6 6751/48/6 6750/48/6
o SEAT_16
usemtl palette
f 6753/48/1 6756/48/1 6755/48/1 6754/48/1
f 6757/48/2 6758/48/2 6759/48/2 6760/48/2
f 6753/48/3 6754/48/3 6758/48/3 6757/48/3
f 6756/48/4 6760/48/4 6759/48/4 6755/48/4
f 6753/48/5 6757/48/5 6760/48/5 6756/48/5
f 6754/48/6 6755/48/6 6759/48/6 6758/48/6
o SEAT_17
usemtl palette
f 6761/48/1 6764/48/1 6763/48/1 6762/48/1
f 6765/48/2 6766/48/2 6767/48/2 6768/48/2
f 6761/48/3 6762/48/3 6766/48/3 6765/48/3
f 6764/48/4 6768/48/4 6767/48/4 6763/48/4
f 6761/48/5 6765/48/5 6768/48/5 6764/48/5
f 6762/48/6 6763/48/6 6767/48/6 6766/48/6
o SEAT_18
usemtl palette
f 6769/48/1 6772/48/1 6771/48/1 6770/48/1
f 6773/48/2 6774/48/2 6775/48/2 6776/48/2
f 6769/48/3 6770/48/3 6774/48/3 6773/48/3
f 6772/48/4 6776/48/4 6775/48/4 6771/48/4
f 6769/48/5 6773/48/5 6776/48/5 6772/48/5
f 6770/48/6 6771/48/6 6775/48/6 6774/48/6
o SEAT_19
usemtl palette
f 6777/48/1 6780/48/1 6779/48/1 6778/48/1
f 6781/48/2 6782/48/2 6783/48/2 6784/48/2
f 6777/48/3 6778/48/3 6782/48/3 6781/48/3
f 6780/48/4 6784/48/4 6783/48/4 6779/48/4
f 6777/48/5 6781/48/5 6784/48/5 6780/48/5
f 6778/48/6 6779/48/6 6783/48/6 6782/48/6
o SEAT_20
usemtl palette
f 6785/48/1 6788/48/1 6787/48/1 6786/48/1
f 6789/48/2 6790/48/2 6791/48/2 6792/48/2
f 6785/48/3 6786/48/3 6790/48/3 6789/48/3
f 6788/48/4 6792/48/4 6791/48/4 6787/48/4
f 6785/48/5 6789/48/5 6792/48/5 6788/48/5
f 6786/48/6 6787/48/6 6791/48/6 6790/48/6
o SEAT_21
usemtl palette
f 6793/48/1 6796/48/1 6795/48/1 6794/48/1
f 6797/48/2 6798/48/2 6799/48/2 6800/48/2
f 6793/48/3 6794/48/3 6798/48/3 6797/48/3
f 6796/48/4 6800/48/4 6799/48/4 6795/48/4
f 6793/48/5 6797/48/5 6800/48/5 6796/48/5
f 6794/48/6 6795/48/6 6799/48/6 6798/48/6
o SEAT_22
usemtl palette
f 6801/48/1 6804/48/1 6803/48/1 6802/48/1
f 6805/48/2 6806/48/2 6807/48/2 6808/48/2
f 6801/48/3 6802/48/3 6806/48/3 6805/48/3
f 6804/48/4 6808/48/4 6807/48/4 6803/48/4
f 6801/48/5 6805/48/5 6808/48/5 6804/48/5
f 6802/48/6 6803/48/6 6807/48/6 6806/48/6
o SEAT_23
usemtl palette
f 6809/48/1 6812/48/1 6811/48/1 6810/48/1
f 6813/48/2 6814/48/2 6815/48/2 6816/48/2
f 6809/48/3 6810/48/3 6814/48/3 6813/48/3
f 6812/48/4 6816/48/4 6815/48/4 6811/48/4
f 6809/48/5 6813/48/5 6816/48/5 6812/48/5
f 6810/48/6 6811/48/6 6815/48/6 6814/48/6
o SEAT_24
usemtl palette
f 6817/48/1 6820/48/1 6819/48/1 6818/48/1
f 6821/48/2 6822/48/2 6823/48/2 6824/48/2
f 6817/48/3 6818/48/3 6822/48/3 6821/48/3
f 6820/48/4 6824/48/4 6823/48/4 6819/48/4
f 6817/48/5 6821/48/5 6824/48/5 6820/48/5
f 6818/48/6 6819/48/6 6823/48/6 6822/48/6
o SEAT_25
usemtl palette
f 6825/48/1 6828/48/1 6827/48/1 6826/48/1
f 6829/48/2 6830/48/2 6831/48/2 6832/48/2
f 6825/48/3 6826/48/3 6830/48/3 6829/48/3
f 6828/48/4 6832/48/4 6831/48/4 6827/48/4
f 6825/48/5 6829/48/5 6832/48/5 6828/48/5
f 6826/48/6 6827/48/6 6831/48/6 6830/48/6
o SEAT_26
usemtl palette
f 6833/48/1 6836/48/1 6835/48/1 6834/48/1
f 6837/48/2 6838/48/2 6839/48/2 6840/48/2
f 6833/48/3 6834/48/3 6838/48/3 6837/48/3
f 6836/48/4 6840/48/4 6839/48/4 6835/48/4
f 6833/48/5 6837/48/5 6840/48/5 6836/48/5
f 6834/48/6 6835/48/6 6839/48/6 6838/48/6
o SEAT_27
usemtl palette
f 6841/48/1 6844/48/1 6843/48/1 6842/48/1
f 6845/48/2 6846/48/2 6847/48/2 6848/48/2
f 6841/48/3 6842/48/3 6846/48/3 6845/48/3
f 6844/48/4 6848/48/4 6847/48/4 6843/48/4
f 6841/48/5 6845/48/5 6848/48/5 6844/48/5
f 6842/48/6 6843/48/6 6847/48/6 6846/48/6
o SEAT_28
usemtl palette
f 6849/48/1 6852/48/1 6851/48/1 6850/48/1
f 6853/48/2 6854/48/2 6855/48/2 6856/48/2
f 6849/48/3 6850/48/3 6854/48/3 6853/48/3
f 6852/48/4 6856/48/4 6855/48/4 6851/48/4
f 6849/48/5 6853/48/5 6856/48/5 6852/48/5
f 6850/48/6 6851/48/6 6855/48/6 6854/48/6
o SEAT_29
usemtl palette
f 6857/48/1 6860/48/1 6859/48/1 6858/48/1
f 6861/48/2 6862/48/2 6863/48/2 6864/48/2
f 6857/48/3 6858/48/3 6862/48/3 6861/48/3
f 6860/48/4 6864/48/4 6863/48/4 6859/48/4
f 6857/48/5 6861/48/5 6864/48/5 6860/48/5
f 6858/48/6 6859/48/6 6863/48/6 6862/48/6
o SEAT_30
usemtl palette
f 6865/48/1 6868/48/1 6867/48/1 6866/48/1
f 6869/48/2 6870/48/2 6871/48/2 6872/48/2
f 6865/48/3 6866/48/3 6870/48/3 6869/48/3
f 6868/48/4 6872/48/4 6871/48/4 6867/48/4
f 6865/48/5 6869/48/5 6872/48/5 6868/48/5
f 6866/48/6 6867/48/6 6871/48/6 6870/48/6
o SEAT_31
usemtl palette
f 6873/48/1 6876/48/1 6875/48/1 6874/48/1
f 6877/48/2 6878/48/2 6879/48/2 6880/48/2
f 6873/48/3 6874/48/3 6878/48/3 6877/48/3
f 6876/48/4 6880/48/4 6879/48/4 6875/48/4
f 6873/48/5 6877/48/5 6880/48/5 6876/48/5
f 6874/48/6 6875/48/6 6879/48/6 6878/48/6
o SEAT_32
usemtl palette
f 6881/48/1 6884/48/1 6883/48/1 6882/48/1
f 6885/48/2 6886/48/2 6887/48/2 6888/48/2
f 6881/48/3 6882/48/3 6886/48/3 6885/48/3
f 6884/48/4 6888/48/4 6887/48/4 6883/48/4
f 6881/48/5 6885/48/5 6888/48/5 6884/48/5
f 6882/48/6 6883/48/6 6887/48/6 6886/48/6
o SEAT_33
usemtl palette
f 6889/48/1 6892/48/1 6891/48/1 6890/48/1
f 6893/48/2 6894/48/2 6895/48/2 6896/48/2
f 6889/48/3 6890/48/3 6894/48/3 6893/48/3
f 6892/48/4 6896/48/4 6895/48/4 6891/48/4
f 6889/48/5 6893/48/5 6896/48/5 6892/48/5
f 6890/48/6 6891/48/6 6895/48/6 6894/48/6
o SEAT_34
usemtl palette
f 6897/48/1 6900/48/1 6899/48/1 6898/48/1
f 6901/48/2 6902/48/2 6903/48/2 6904/48/2
f 6897/48/3 6898/48/3 6902/48/3 6901/48/3
f 6900/48/4 6904/48/4 6903/48/4 6899/48/4
f 6897/48/5 6901/48/5 6904/48/5 6900/48/5
f 6898/48/6 6899/48/6 6903/48/6 6902/48/6
o SEAT_35
usemtl palette
f 6905/48/1 6908/48/1 6907/48/1 6906/48/1
f 6909/48/2 6910/48/2 6911/48/2 6912/48/2
f 6905/48/3 6906/48/3 6910/48/3 6909/48/3
f 6908/48/4 6912/48/4 6911/48/4 6907/48/4
f 6905/48/5 6909/48/5 6912/48/5 6908/48/5
f 6906/48/6 6907/48/6 6911/48/6 6910/48/6
o SEAT_36
usemtl palette
f 6913/48/1 6916/48/1 6915/48/1 6914/48/1
f 6917/48/2 6918/48/2 6919/48/2 6920/48/2
f 6913/48/3 6914/48/3 6918/48/3 6917/48/3
f 6916/48/4 6920/48/4 6919/48/4 6915/48/4
f 6913/48/5 6917/48/5 6920/48/5 6916/48/5
f 6914/48/6 6915/48/6 6919/48/6 6918/48/6
o SEAT_37
usemtl palette
f 6921/48/1 6924/48/1 6923/48/1 6922/48/1
f 6925/48/2 6926/48/2 6927/48/2 6928/48/2
f 6921/48/3 6922/48/3 6926/48/3 6925/48/3
f 6924/48/4 6928/48/4 6927/48/4 6923/48/4
f 6921/48/5 6925/48/5 6928/48/5 6924/48/5
f 6922/48/6 6923/48/6 6927/48/6 6926/48/6
o SEAT_38
usemtl palette
f 6929/48/1 6932/48/1 6931/48/1 6930/48/1
f 6933/48/2 6934/48/2 6935/48/2 6936/48/2
f 6929/48/3 6930/48/3 6934/48/3 6933/48/3
f 6932/48/4 6936/48/4 6935/48/4 6931/48/4
f 6929/48/5 6933/48/5 6936/48/5 6932/48/5
f 6930/48/6 6931/48/6 6935/48/6 6934/48/6
o SEAT_39
usemtl palette
f 6937/48/1 6940/48/1 6939/48/1 6938/48/1
f 6941/48/2 6942/48/2 6943/48/2 6944/48/2
f 6937/48/3 6938/48/3 6942/48/3 6941/48/3
f 6940/48/4 6944/48/4 6943/48/4 6939/48/4
f 6937/48/5 6941/48/5 6944/48/5 6940/48/5
f 6938/48/6 6939/48/6 6943/48/6 6942/48/6
o SEAT_40
usemtl palette
f 6945/48/1 6948/48/1 6947/48/1 6946/48/1
f 6949/48/2 6950/48/2 6951/48/2 6952/48/2
f 6945/48/3 6946/48/3 6950/48/3 6949/48/3
f 6948/48/4 6952/48/4 6951/48/4 6947/48/4
f 6945/48/5 6949/48/5 6952/48/5 6948/48/5
f 6946/48/6 6947/48/6 6951/48/6 6950/48/6
o SEAT_41
usemtl palette
f 6953/48/1 6956/48/1 6955/48/1 6954/48/1
f 6957/48/2 6958/48/2 6959/48/2 6960/48/2
f 6953/48/3 6954/48/3 6958/48/3 6957/48/3
f 6956/48/4 6960/48/4 6959/48/4 6955/48/4
f 6953/48/5 6957/48/5 6960/48/5 6956/48/5
f 6954/48/6 6955/48/6 6959/48/6 6958/48/6
o SEAT_42
usemtl palette
f 6961/48/1 6964/48/1 6963/48/1 6962/48/1
f 6965/48/2 6966/48/2 6967/48/2 6968/48/2
f 6961/48/3 6962/48/3 6966/48/3 6965/48/3
f 6964/48/4 6968/48/4 6967/48/4 6963/48/4
f 6961/48/5 6965/48/5 6968/48/5 6964/48/5
f 6962/48/6 6963/48/6 6967/48/6 6966/48/6
o SEAT_43
usemtl palette
f 6969/48/1 6972/48/1 6971/48/1 6970/48/1
f 6973/48/2 6974/48/2 6975/48/2 6976/48/2
f 6969/48/3 6970/48/3 6974/48/3 6973/48/3
f 6972/48/4 6976/48/4 6975/48/4 6971/48/4
f 6969/48/5 6973/48/5 6976/48/5 6972/48/5
f 6970/48/6 6971/48/6 6975/48/6 6974/48/6
o SEAT_44
usemtl palette
f 6977/48/1 6980/48/1 6979/48/1 6978/48/1
f 6981/48/2 6982/48/2 6983/48/2 6984/48/2
f 6977/48/3 6978/48/3 6982/48/3 6981/48/3
f 6980/48/4 6984/48/4 6983/48/4 6979/48/4
f 6977/48/5 6981/48/5 6984/48/5 6980/48/5
f 6978/48/6 6979/48/6 6983/48/6 6982/48/6
o SEAT_45
usemtl palette
f 6985/48/1 6988/48/1 6987/48/1 6986/48/1
f 6989/48/2 6990/48/2 6991/48/2 6992/48/2
f 6985/48/3 6986/48/3 6990/48/3 6989/48/3
f 6988/48/4 6992/48/4 6991/48/4 6987/48/4
f 6985/48/5 6989/48/5 6992/48/5 6988/48/5
f 6986/48/6 6987/48/6 6991/48/6 6990/48/6
o SEAT_46
usemtl palette
f 6993/48/1 6996/48/1 6995/48/1 6994/48/1
f 6997/48/2 6998/48/2 6999/48/2 7000/48/2
f 6993/48/3 6994/48/3 6998/48/3 6997/48/3
f 6996/48/4 7000/48/4 6999/48/4 6995/48/4
f 6993/48/5 6997/48/5 7000/48/5 6996/48/5
f 6994/48/6 6995/48/6 6999/48/6 6998/48/6
o SEAT_47
usemtl palette
f 7001/48/1 7004/48/1 7003/48/1 7002/48/1
f 7005/48/2 7006/48/2 7007/48/2 7008/48/2
f 7001/48/3 7002/48/3 7006/48/3 7005/48/3
f 7004/48/4 7008/48/4 7007/48/4 7003/48/4
f 7001/48/5 7005/48/5 7008/48/5 7004/48/5
f 7002/48/6 7003/48/6 7007/48/6 7006/48/6
o SEAT_48
usemtl palette
f 7009/48/1 7012/48/1 7011/48/1 7010/48/1
f 7013/48/2 7014/48/2 7015/48/2 7016/48/2
f 7009/48/3 7010/48/3 7014/48/3 7013/48/3
f 7012/48/4 7016/48/4 7015/48/4 7011/48/4
f 7009/48/5 7013/48/5 7016/48/5 7012/48/5
f 7010/48/6 7011/48/6 7015/48/6 7014/48/6
o SEAT_49
usemtl palette
f 7017/48/1 7020/48/1 7019/48/1 7018/48/1
f 7021/48/2 7022/48/2 7023/48/2 7024/48/2
f 7017/48/3 7018/48/3 7022/48/3 7021/48/3
f 7020/48/4 7024/48/4 7023/48/4 7019/48/4
f 7017/48/5 7021/48/5 7024/48/5 7020/48/5
f 7018/48/6 7019/48/6 7023/48/6 7022/48/6
o SEAT_50
usemtl palette
f 7025/48/1 7028/48/1 7027/48/1 7026/48/1
f 7029/48/2 7030/48/2 7031/48/2 7032/48/2
f 7025/48/3 7026/48/3 7030/48/3 7029/48/3
f 7028/48/4 7032/48/4 7031/48/4 7027/48/4
f 7025/48/5 7029/48/5 7032/48/5 7028/48/5
f 7026/48/6 7027/48/6 7031/48/6 7030/48/6
o SEAT_51
usemtl palette
f 7033/48/1 7036/48/1 7035/48/1 7034/48/1
f 7037/48/2 7038/48/2 7039/48/2 7040/48/2
f 7033/48/3 7034/48/3 7038/48/3 7037/48/3
f 7036/48/4 7040/48/4 7039/48/4 7035/48/4
f 7033/48/5 7037/48/5 7040/48/5 7036/48/5
f 7034/48/6 7035/48/6 7039/48/6 7038/48/6
o SEAT_52
usemtl palette
f 7041/48/1 7044/48/1 7043/48/1 7042/48/1
f 7045/48/2 7046/48/2 7047/48/2 7048/48/2
f 7041/48/3 7042/48/3 7046/48/3 7045/48/3
f 7044/48/4 7048/48/4 7047/48/4 7043/48/4
f 7041/48/5 7045/48/5 7048/48/5 7044/48/5
f 7042/48/6 7043/48/6 7047/48/6 7046/48/6
o SEAT_53
usemtl palette
f 7049/48/1 7052/48/1 7051/48/1 7050/48/1
f 7053/48/2 7054/48/2 7055/48/2 7056/48/2
f 7049/48/3 7050/48/3 7054/48/3 7053/48/3
f 7052/48/4 7056/48/4 7055/48/4 7051/48/4
f 7049/48/5 7053/48/5 7056/48/5 7052/48/5
f 7050/48/6 7051/48/6 7055/48/6 7054/48/6
o SEAT_54
usemtl palette
f 7057/48/1 7060/48/1 7059/48/1 7058/48/1
f 7061/48/2 7062/48/2 7063/48/2 7064/48/2
f 7057/48/3 7058/48/3 7062/48/3 7061/48/3
f 7060/48/4 7064/48/4 7063/48/4 7059/48/4
f 7057/48/5 7061/48/5 7064/48/5 7060/48/5
f 7058/48/6 7059/48/6 7063/48/6 7062/48/6
o SEAT_55
usemtl palette
f 7065/48/1 7068/48/1 7067/48/1 7066/48/1
f 7069/48/2 7070/48/2 7071/48/2 7072/48/2
f 7065/48/3 7066/48/3 7070/48/3 7069/48/3
f 7068/48/4 7072/48/4 7071/48/4 7067/48/4
f 7065/48/5 7069/48/5 7072/48/5 7068/48/5
f 7066/48/6 7067/48/6 7071/48/6 7070/48/6
o SEAT_56
usemtl palette
f 7073/48/1 7076/48/1 7075/48/1 7074/48/1
f 7077/48/2 7078/48/2 7079/48/2 7080/48/2
f 7073/48/3 7074/48/3 7078/48/3 7077/48/3
f 7076/48/4 7080/48/4 7079/48/4 7075/48/4
f 7073/48/5 7077/48/5 7080/48/5 7076/48/5
f 7074/48/6 7075/48/6 7079/48/6 7078/48/6
o SEAT_57
usemtl palette
f 7081/48/1 7084/48/1 7083/48/1 7082/48/1
f 7085/48/2 7086/48/2 7087/48/2 7088/48/2
f 7081/48/3 7082/48/3 7086/48/3 7085/48/3
f 7084/48/4 7088/48/4 7087/48/4 7083/48/4
f 7081/48/5 7085/48/5 7088/48/5 7084/48/5
f 7082/48/6 7083/48/6 7087/48/6 7086/48/6
o SEAT_58
usemtl palette
f 7089/48/1 7092/48/1 7091/48/1 7090/48/1
f 7093/48/2 7094/48/2 7095/48/2 7096/48/2
f 7089/48/3 7090/48/3 7094/48/3 7093/48/3
f 7092/48/4 7096/48/4 7095/48/4 7091/48/4
f 7089/48/5 7093/48/5 7096/48/5 7092/48/5
f 7090/48/6 7091/48/6 7095/48/6 7094/48/6
o SEAT_59
usemtl palette
f 7097/48/1 7100/48/1 7099/48/1 7098/48/1
f 7101/48/2 7102/48/2 7103/48/2 7104/48/2
f 7097/48/3 7098/48/3 7102/48/3 7101/48/3
f 7100/48/4 7104/48/4 7103/48/4 7099/48/4
f 7097/48/5 7101/48/5 7104/48/5 7100/48/5
f 7098/48/6 7099/48/6 7103/48/6 7102/48/6
o SEAT_60
usemtl palette
f 7105/48/1 7108/48/1 7107/48/1 7106/48/1
f 7109/48/2 7110/48/2 7111/48/2 7112/48/2
f 7105/48/3 7106/48/3 7110/48/3 7109/48/3
f 7108/48/4 7112/48/4 7111/48/4 7107/48/4
f 7105/48/5 7109/48/5 7112/48/5 7108/48/5
f 7106/48/6 7107/48/6 7111/48/6 7110/48/6
o SEAT_61
usemtl palette
f 7113/48/1 7116/48/1 7115/48/1 7114/48/1
f 7117/48/2 7118/48/2 7119/48/2 7120/48/2
f 7113/48/3 7114/48/3 7118/48/3 7117/48/3
f 7116/48/4 7120/48/4 7119/48/4 7115/48/4
f 7113/48/5 7117/48/5 7120/48/5 7116/48/5
f 7114/48/6 7115/48/6 7119/48/6 7118/48/6
o SEAT_62
usemtl palette
f 7121/48/1 7124/48/1 7123/48/1 7122/48/1
f 7125/48/2 7126/48/2 7127/48/2 7128/48/2
f 7121/48/3 7122/48/3 7126/48/3 7125/48/3
f 7124/48/4 7128/48/4 7127/48/4 7123/48/4
f 7121/48/5 7125/48/5 7128/48/5 7124/48/5
f 7122/48/6 7123/48/6 7127/48/6 7126/48/6
o SEAT_63
usemtl palette
f 7129/48/1 7132/48/1 7131/48/1 7130/48/1
f 7133/48/2 7134/48/2 7135/48/2 7136/48/2
f 7129/48/3 7130/48/3 7134/48/3 7133/48/3
f 7132/48/4 7136/48/4 7135/48/4 7131/48/4
f 7129/48/5 7133/48/5 7136/48/5 7132/48/5
f 7130/48/6 7131/48/6 7135/48/6 7134/48/6
o SEAT_64
usemtl palette
f 7137/48/1 7140/48/1 7139/48/1 7138/48/1
f 7141/48/2 7142/48/2 7143/48/2 7144/48/2
f 7137/48/3 7138/48/3 7142/48/3 7141/48/3
f 7140/48/4 7144/48/4 7143/48/4 7139/48/4
f 7137/48/5 7141/48/5 7144/48/5 7140/48/5
f 7138/48/6 7139/48/6 7143/48/6 7142/48/6
o SEAT_65
usemtl palette
f 7145/48/1 7148/48/1 7147/48/1 7146/48/1
f 7149/48/2 7150/48/2 7151/48/2 7152/48/2
f 7145/48/3 7146/48/3 7150/48/3 7149/48/3
f 7148/48/4 7152/48/4 7151/48/4 7147/48/4
f 7145/48/5 7149/48/5 7152/48/5 7148/48/5
f 7146/48/6 7147/48/6 7151/48/6 7150/48/6
o SEAT_66
usemtl palette
f 7153/48/1 7156/48/1 7155/48/1 7154/48/1
f 7157/48/2 7158/48/2 7159/48/2 7160/48/2
f 7153/48/3 7154/48/3 7158/48/3 7157/48/3
f 7156/48/4 7160/48/4 7159/48/4 7155/48/4
f 7153/48/5 7157/48/5 7160/48/5 7156/48/5
f 7154/48/6 7155/48/6 7159/48/6 7158/48/6
o SEAT_67
usemtl palette
f 7161/48/1 7164/48/1 7163/48/1 7162/48/1
f 7165/48/2 7166/48/2 7167/48/2 7168/48/2
f 7161/48/3 7162/48/3 7166/48/3 7165/48/3
f 7164/48/4 7168/48/4 7167/48/4 7163/48/4
f 7161/48/5 7165/48/5 7168/48/5 7164/48/5
f 7162/48/6 7163/48/6 7167/48/6 7166/48/6
o SEAT_68
usemtl palette
f 7169/48/1 7172/48/1 7171/48/1 7170/48/1
f 7173/48/2 7174/48/2 7175/48/2 7176/48/2
f 7169/48/3 7170/48/3 7174/48/3 7173/48/3
f 7172/48/4 7176/48/4 7175/48/4 7171/48/4
f 7169/48/5 7173/48/5 7176/48/5 7172/48/5
f 7170/48/6 7171/48/6 7175/48/6 7174/48/6
o SEAT_69
usemtl palette
f 7177/48/1 7180/48/1 7179/48/1 7178/48/1
f 7181/48/2 7182/48/2 7183/48/2 7184/48/2
f 7177/48/3 7178/48/3 7182/48/3 7181/48/3
f 7180/48/4 7184/48/4 7183/48/4 7179/48/4
f 7177/48/5 7181/48/5 7184/48/5 7180/48/5
f 7178/48/6 7179/48/6 7183/48/6 7182/48/6
o SEAT_70
usemtl palette
f 7185/48/1 7188/48/1 7187/48/1 7186/48/1
f 7189/48/2 7190/48/2 7191/48/2 7192/48/2
f 7185/48/3 7186/48/3 7190/48/3 7189/48/3
f 7188/48/4 7192/48/4 7191/48/4 7187/48/4
f 7185/48/5 7189/48/5 7192/48/5 7188/48/5
f 7186/48/6 7187/48/6 7191/48/6 7190/48/6
o SEAT_71
usemtl palette
f 7193/48/1 7196/48/1 7195/48/1 7194/48/1
f 7197/48/2 7198/48/2 7199/48/2 7200/48/2
f 7193/48/3 7194/48/3 7198/48/3 7197/48/3
f 7196/48/4 7200/48/4 7199/48/4 7195/48/4
f 7193/48/5 7197/48/5 7200/48/5 7196/48/5
f 7194/48/6 7195/48/6 7199/48/6 7198/48/6
o SEAT_72
usemtl palette
f 7201/48/1 7204/48/1 7203/48/1 7202/48/1
f 7205/48/2 7206/48/2 7207/48/2 7208/48/2
f 7201/48/3 7202/48/3 7206/48/3 7205/48/3
f 7204/48/4 7208/48/4 7207/48/4 7203/48/4
f 7201/48/5 7205/48/5 7208/48/5 7204/48/5
f 7202/48/6 7203/48/6 7207/48/6 7206/48/6
o SEAT_73
usemtl palette
f 7209/48/1 7212/48/1 7211/48/1 7210/48/1
f 7213/48/2 7214/48/2 7215/48/2 7216/48/2
f 7209/48/3 7210/48/3 7214/48/3 7213/48/3
f 7212/48/4 7216/48/4 7215/48/4 7211/48/4
f 7209/48/5 7213/48/5 7216/48/5 7212/48/5
f 7210/48/6 7211/48/6 7215/48/6 7214/48/6
o SEAT_74
usemtl palette
f 7217/48/1 7220/48/1 7219/48/1 7218/48/1
f 7221/48/2 7222/48/2 7223/48/2 7224/48/2
f 7217/48/3 7218/48/3 7222/48/3 7221/48/3
f 7220/48/4 7224/48/4 7223/48/4 7219/48/4
f 7217/48/5 7221/48/5 7224/48/5 7220/48/5
f 7218/48/6 7219/48/6 7223/48/6 7222/48/6
o SEAT_75
usemtl palette
f 7225/48/1 7228/48/1 7227/48/1 7226/48/1
f 7229/48/2 7230/48/2 7231/48/2 7232/48/2
f 7225/48/3 7226/48/3 7230/48/3 7229/48/3
f 7228/48/4 7232/48/4 7231/48/4 7227/48/4
f 7225/48/5 7229/48/5 7232/48/5 7228/48/5
f 7226/48/6 7227/48/6 7231/48/6 7230/48/6
o SEAT_76
usemtl palette
f 7233/48/1 7236/48/1 7235/48/1 7234/48/1
f 7237/48/2 7238/48/2 7239/48/2 7240/48/2
f 7233/48/3 7234/48/3 7238/48/3 7237/48/3
f 7236/48/4 7240/48/4 7239/48/4 7235/48/4
f 7233/48/5 7237/48/5 7240/48/5 7236/48/5
f 7234/48/6 7235/48/6 7239/48/6 7238/48/6
o SEAT_77
usemtl palette
f 7241/48/1 7244/48/1 7243/48/1 7242/48/1
f 7245/48/2 7246/48/2 7247/48/2 7248/48/2
f 7241/48/3 7242/48/3 7246/48/3 7245/48/3
f 7244/48/4 7248/48/4 7247/48/4 7243/48/4
f 7241/48/5 7245/48/5 7248/48/5 7244/48/5
f 7242/48/6 7243/48/6 7247/48/6 7246/48/6
o SEAT_78
usemtl palette
f 7249/48/1 7252/48/1 7251/48/1 7250/48/1
f 7253/48/2 7254/48/2 7255/48/2 7256/48/2
f 7249/48/3 7250/48/3 7254/48/3 7253/48/3
f 7252/48/4 7256/48/4 7255/48/4 7251/48/4
f 7249/48/5 7253/48/5 7256/48/5 7252/48/5
f 7250/48/6 7251/48/6 7255/48/6 7254/48/6
o SEAT_79
usemtl palette
f 7257/48/1 7260/48/1 7259/48/1 7258/48/1
f 7261/48/2 7262/48/2 7263/48/2 7264/48/2
f 7257/48/3 7258/48/3 7262/48/3 7261/48/3
f 7260/48/4 7264/48/4 7263/48/4 7259/48/4
f 7257/48/5 7261/48/5 7264/48/5 7260/48/5
f 7258/48/6 7259/48/6 7263/48/6 7262/48/6
o SEAT_80
usemtl palette
f 7265/48/1 7268/48/1 7267/48/1 7266/48/1
f 7269/48/2 7270/48/2 7271/48/2 7272/48/2
f 7265/48/3 7266/48/3 7270/48/3 7269/48/3
f 7268/48/4 7272/48/4 7271/48/4 7267/48/4
f 7265/48/5 7269/48/5 7272/48/5 7268/48/5
f 7266/48/6 7267/48/6 7271/48/6 7270/48/6
o SEAT_81
usemtl palette
f 7273/48/1 7276/48/1 7275/48/1 7274/48/1
f 7277/48/2 7278/48/2 7279/48/2 7280/48/2
f 7273/48/3 7274/48/3 7278/48/3 7277/48/3
f 7276/48/4 7280/48/4 7279/48/4 7275/48/4
f 7273/48/5 7277/48/5 7280/48/5 7276/48/5
f 7274/48/6 7275/48/6 7279/48/6 7278/48/6
o SEAT_82
usemtl palette
f 7281/48/1 7284/48/1 7283/48/1 7282/48/1
f 7285/48/2 7286/48/2 7287/48/2 7288/48/2
f 7281/48/3 7282/48/3 7286/48/3 7285/48/3
f 7284/48/4 7288/48/4 7287/48/4 7283/48/4
f 7281/48/5 7285/48/5 7288/48/5 7284/48/5
f 7282/48/6 7283/48/6 7287/48/6 7286/48/6
o SEAT_83
usemtl palette
f 7289/48/1 7292/48/1 7291/48/1 7290/48/1
f 7293/48/2 7294/48/2 7295/48/2 7296/48/2
f 7289/48/3 7290/48/3 7294/48/3 7293/48/3
f 7292/48/4 7296/48/4 7295/48/4 7291/48/4
f 7289/48/5 7293/48/5 7296/48/5 7292/48/5
f 7290/48/6 7291/48/6 7295/48/6 7294/48/6
o SEAT_84
usemtl palette
f 7297/48/1 7300/48/1 7299/48/1 7298/48/1
f 7301/48/2 7302/48/2 7303/48/2 7304/48/2
f 7297/48/3 7298/48/3 7302/48/3 7301/48/3
f 7300/48/4 7304/48/4 7303/48/4 7299/48/4
f 7297/48/5 7301/48/5 7304/48/5 7300/48/5
f 7298/48/6 7299/48/6 7303/48/6 7302/48/6
o SHELL_rack
usemtl palette
f 7305/9/1 7308/9/1 7307/9/1 7306/9/1
f 7309/9/2 7310/9/2 7311/9/2 7312/9/2
f 7305/9/3 7306/9/3 7310/9/3 7309/9/3
f 7308/9/4 7312/9/4 7311/9/4 7307/9/4
f 7305/9/5 7309/9/5 7312/9/5 7308/9/5
f 7306/9/6 7307/9/6 7311/9/6 7310/9/6
f 7313/9/1 7316/9/1 7315/9/1 7314/9/1
f 7317/9/2 7318/9/2 7319/9/2 7320/9/2
f 7313/9/3 7314/9/3 7318/9/3 7317/9/3
f 7316/9/4 7320/9/4 7319/9/4 7315/9/4
f 7313/9/5 7317/9/5 7320/9/5 7316/9/5
f 7314/9/6 7315/9/6 7319/9/6 7318/9/6
f 7321/37/1 7324/37/1 7323/37/1 7322/37/1
f 7325/37/2 7326/37/2 7327/37/2 7328/37/2
f 7321/37/3 7322/37/3 7326/37/3 7325/37/3
f 7324/37/4 7328/37/4 7327/37/4 7323/37/4
f 7321/37/5 7325/37/5 7328/37/5 7324/37/5
f 7322/37/6 7323/37/6 7327/37/6 7326/37/6
f 7329/9/1 7332/9/1 7331/9/1 7330/9/1
f 7333/9/2 7334/9/2 7335/9/2 7336/9/2
f 7329/9/3 7330/9/3 7334/9/3 7333/9/3
f 7332/9/4 7336/9/4 7335/9/4 7331/9/4
f 7329/9/5 7333/9/5 7336/9/5 7332/9/5
f 7330/9/6 7331/9/6 7335/9/6 7334/9/6
f 7337/9/1 7340/9/1 7339/9/1 7338/9/1
f 7341/9/2 7342/9/2 7343/9/2 7344/9/2
f 7337/9/3 7338/9/3 7342/9/3 7341/9/3
f 7340/9/4 7344/9/4 7343/9/4 7339/9/4
f 7337/9/5 7341/9/5 7344/9/5 7340/9/5
f 7338/9/6 7339/9/6 7343/9/6 7342/9/6
f 7345/37/1 7348/37/1 7347/37/1 7346/37/1
f 7349/37/2 7350/37/2 7351/37/2 7352/37/2
f 7345/37/3 7346/37/3 7350/37/3 7349/37/3
f 7348/37/4 7352/37/4 7351/37/4 7347/37/4
f 7345/37/5 7349/37/5 7352/37/5 7348/37/5
f 7346/37/6 7347/37/6 7351/37/6 7350/37/6
o SHELL_ceil
usemtl palette
f 7353/19/1 7356/19/1 7355/19/1 7354/19/1
f 7357/19/2 7358/19/2 7359/19/2 7360/19/2
f 7353/19/3 7354/19/3 7358/19/3 7357/19/3
f 7356/19/4 7360/19/4 7359/19/4 7355/19/4
f 7353/19/5 7357/19/5 7360/19/5 7356/19/5
f 7354/19/6 7355/19/6 7359/19/6 7358/19/6
f 7361/30/1 7364/30/1 7363/30/1 7362/30/1
f 7365/30/2 7366/30/2 7367/30/2 7368/30/2
f 7361/30/3 7362/30/3 7366/30/3 7365/30/3
f 7364/30/4 7368/30/4 7367/30/4 7363/30/4
f 7361/30/5 7365/30/5 7368/30/5 7364/30/5
f 7362/30/6 7363/30/6 7367/30/6 7366/30/6
f 7369/30/1 7372/30/1 7371/30/1 7370/30/1
f 7373/30/2 7374/30/2 7375/30/2 7376/30/2
f 7369/30/3 7370/30/3 7374/30/3 7373/30/3
f 7372/30/4 7376/30/4 7375/30/4 7371/30/4
f 7369/30/5 7373/30/5 7376/30/5 7372/30/5
f 7370/30/6 7371/30/6 7375/30/6 7374/30/6
f 7377/30/1 7380/30/1 7379/30/1 7378/30/1
f 7381/30/2 7382/30/2 7383/30/2 7384/30/2
f 7377/30/3 7378/30/3 7382/30/3 7381/30/3
f 7380/30/4 7384/30/4 7383/30/4 7379/30/4
f 7377/30/5 7381/30/5 7384/30/5 7380/30/5
f 7378/30/6 7379/30/6 7383/30/6 7382/30/6
f 7385/30/1 7388/30/1 7387/30/1 7386/30/1
f 7389/30/2 7390/30/2 7391/30/2 7392/30/2
f 7385/30/3 7386/30/3 7390/30/3 7389/30/3
f 7388/30/4 7392/30/4 7391/30/4 7387/30/4
f 7385/30/5 7389/30/5 7392/30/5 7388/30/5
f 7386/30/6 7387/30/6 7391/30/6 7390/30/6
f 7393/30/1 7396/30/1 7395/30/1 7394/30/1
f 7397/30/2 7398/30/2 7399/30/2 7400/30/2
f 7393/30/3 7394/30/3 7398/30/3 7397/30/3
f 7396/30/4 7400/30/4 7399/30/4 7395/30/4
f 7393/30/5 7397/30/5 7400/30/5 7396/30/5
f 7394/30/6 7395/30/6 7399/30/6 7398/30/6
f 7401/19/1 7404/19/1 7403/19/1 7402/19/1
f 7405/19/2 7406/19/2 7407/19/2 7408/19/2
f 7401/19/3 7402/19/3 7406/19/3 7405/19/3
f 7404/19/4 7408/19/4 7407/19/4 7403/19/4
f 7401/19/5 7405/19/5 7408/19/5 7404/19/5
f 7402/19/6 7403/19/6 7407/19/6 7406/19/6
f 7409/30/1 7412/30/1 7411/30/1 7410/30/1
f 7413/30/2 7414/30/2 7415/30/2 7416/30/2
f 7409/30/3 7410/30/3 7414/30/3 7413/30/3
f 7412/30/4 7416/30/4 7415/30/4 7411/30/4
f 7409/30/5 7413/30/5 7416/30/5 7412/30/5
f 7410/30/6 7411/30/6 7415/30/6 7414/30/6
f 7417/30/1 7420/30/1 7419/30/1 7418/30/1
f 7421/30/2 7422/30/2 7423/30/2 7424/30/2
f 7417/30/3 7418/30/3 7422/30/3 7421/30/3
f 7420/30/4 7424/30/4 7423/30/4 7419/30/4
f 7417/30/5 7421/30/5 7424/30/5 7420/30/5
f 7418/30/6 7419/30/6 7423/30/6 7422/30/6
f 7425/30/1 7428/30/1 7427/30/1 7426/30/1
f 7429/30/2 7430/30/2 7431/30/2 7432/30/2
f 7425/30/3 7426/30/3 7430/30/3 7429/30/3
f 7428/30/4 7432/30/4 7431/30/4 7427/30/4
f 7425/30/5 7429/30/5 7432/30/5 7428/30/5
f 7426/30/6 7427/30/6 7431/30/6 7430/30/6
f 7433/30/1 7436/30/1 7435/30/1 7434/30/1
f 7437/30/2 7438/30/2 7439/30/2 7440/30/2
f 7433/30/3 7434/30/3 7438/30/3 7437/30/3
f 7436/30/4 7440/30/4 7439/30/4 7435/30/4
f 7433/30/5 7437/30/5 7440/30/5 7436/30/5
f 7434/30/6 7435/30/6 7439/30/6 7438/30/6
f 7441/50/1 7444/50/1 7443/50/1 7442/50/1
f 7445/50/2 7446/50/2 7447/50/2 7448/50/2
f 7441/50/3 7442/50/3 7446/50/3 7445/50/3
f 7444/50/4 7448/50/4 7447/50/4 7443/50/4
f 7441/50/5 7445/50/5 7448/50/5 7444/50/5
f 7442/50/6 7443/50/6 7447/50/6 7446/50/6
f 7449/19/1 7452/19/1 7451/19/1 7450/19/1
f 7453/19/2 7454/19/2 7455/19/2 7456/19/2
f 7449/19/3 7450/19/3 7454/19/3 7453/19/3
f 7452/19/4 7456/19/4 7455/19/4 7451/19/4
f 7449/19/5 7453/19/5 7456/19/5 7452/19/5
f 7450/19/6 7451/19/6 7455/19/6 7454/19/6
f 7457/30/1 7460/30/1 7459/30/1 7458/30/1
f 7461/30/2 7462/30/2 7463/30/2 7464/30/2
f 7457/30/3 7458/30/3 7462/30/3 7461/30/3
f 7460/30/4 7464/30/4 7463/30/4 7459/30/4
f 7457/30/5 7461/30/5 7464/30/5 7460/30/5
f 7458/30/6 7459/30/6 7463/30/6 7462/30/6
f 7465/30/1 7468/30/1 7467/30/1 7466/30/1
f 7469/30/2 7470/30/2 7471/30/2 7472/30/2
f 7465/30/3 7466/30/3 7470/30/3 7469/30/3
f 7468/30/4 7472/30/4 7471/30/4 7467/30/4
f 7465/30/5 7469/30/5 7472/30/5 7468/30/5
f 7466/30/6 7467/30/6 7471/30/6 7470/30/6
f 7473/30/1 7476/30/1 7475/30/1 7474/30/1
f 7477/30/2 7478/30/2 7479/30/2 7480/30/2
f 7473/30/3 7474/30/3 7478/30/3 7477/30/3
f 7476/30/4 7480/30/4 7479/30/4 7475/30/4
f 7473/30/5 7477/30/5 7480/30/5 7476/30/5
f 7474/30/6 7475/30/6 7479/30/6 7478/30/6
f 7481/30/1 7484/30/1 7483/30/1 7482/30/1
f 7485/30/2 7486/30/2 7487/30/2 7488/30/2
f 7481/30/3 7482/30/3 7486/30/3 7485/30/3
f 7484/30/4 7488/30/4 7487/30/4 7483/30/4
f 7481/30/5 7485/30/5 7488/30/5 7484/30/5
f 7482/30/6 7483/30/6 7487/30/6 7486/30/6
f 7489/30/1 7492/30/1 7491/30/1 7490/30/1
f 7493/30/2 7494/30/2 7495/30/2 7496/30/2
f 7489/30/3 7490/30/3 7494/30/3 7493/30/3
f 7492/30/4 7496/30/4 7495/30/4 7491/30/4
f 7489/30/5 7493/30/5 7496/30/5 7492/30/5
f 7490/30/6 7491/30/6 7495/30/6 7494/30/6
f 7497/19/1 7500/19/1 7499/19/1 7498/19/1
f 7501/19/2 7502/19/2 7503/19/2 7504/19/2
f 7497/19/3 7498/19/3 7502/19/3 7501/19/3
f 7500/19/4 7504/19/4 7503/19/4 7499/19/4
f 7497/19/5 7501/19/5 7504/19/5 7500/19/5
f 7498/19/6 7499/19/6 7503/19/6 7502/19/6
f 7505/30/1 7508/30/1 7507/30/1 7506/30/1
f 7509/30/2 7510/30/2 7511/30/2 7512/30/2
f 7505/30/3 7506/30/3 7510/30/3 7509/30/3
f 7508/30/4 7512/30/4 7511/30/4 7507/30/4
f 7505/30/5 7509/30/5 7512/30/5 7508/30/5
f 7506/30/6 7507/30/6 7511/30/6 7510/30/6
f 7513/30/1 7516/30/1 7515/30/1 7514/30/1
f 7517/30/2 7518/30/2 7519/30/2 7520/30/2
f 7513/30/3 7514/30/3 7518/30/3 7517/30/3
f 7516/30/4 7520/30/4 7519/30/4 7515/30/4
f 7513/30/5 7517/30/5 7520/30/5 7516/30/5
f 7514/30/6 7515/30/6 7519/30/6 7518/30/6
f 7521/30/1 7524/30/1 7523/30/1 7522/30/1
f 7525/30/2 7526/30/2 7527/30/2 7528/30/2
f 7521/30/3 7522/30/3 7526/30/3 7525/30/3
f 7524/30/4 7528/30/4 7527/30/4 7523/30/4
f 7521/30/5 7525/30/5 7528/30/5 7524/30/5
f 7522/30/6 7523/30/6 7527/30/6 7526/30/6
f 7529/30/1 7532/30/1 7531/30/1 7530/30/1
f 7533/30/2 7534/30/2 7535/30/2 7536/30/2
f 7529/30/3 7530/30/3 7534/30/3 7533/30/3
f 7532/30/4 7536/30/4 7535/30/4 7531/30/4
f 7529/30/5 7533/30/5 7536/30/5 7532/30/5
f 7530/30/6 7531/30/6 7535/30/6 7534/30/6
f 7537/19/1 7540/19/1 7539/19/1 7538/19/1
f 7541/19/2 7542/19/2 7543/19/2 7544/19/2
f 7537/19/3 7538/19/3 7542/19/3 7541/19/3
f 7540/19/4 7544/19/4 7543/19/4 7539/19/4
f 7537/19/5 7541/19/5 7544/19/5 7540/19/5
f 7538/19/6 7539/19/6 7543/19/6 7542/19/6
f 7545/30/1 7548/30/1 7547/30/1 7546/30/1
f 7549/30/2 7550/30/2 7551/30/2 7552/30/2
f 7545/30/3 7546/30/3 7550/30/3 7549/30/3
f 7548/30/4 7552/30/4 7551/30/4 7547/30/4
f 7545/30/5 7549/30/5 7552/30/5 7548/30/5
f 7546/30/6 7547/30/6 7551/30/6 7550/30/6
f 7553/30/1 7556/30/1 7555/30/1 7554/30/1
f 7557/30/2 7558/30/2 7559/30/2 7560/30/2
f 7553/30/3 7554/30/3 7558/30/3 7557/30/3
f 7556/30/4 7560/30/4 7559/30/4 7555/30/4
f 7553/30/5 7557/30/5 7560/30/5 7556/30/5
f 7554/30/6 7555/30/6 7559/30/6 7558/30/6
f 7561/30/1 7564/30/1 7563/30/1 7562/30/1
f 7565/30/2 7566/30/2 7567/30/2 7568/30/2
f 7561/30/3 7562/30/3 7566/30/3 7565/30/3
f 7564/30/4 7568/30/4 7567/30/4 7563/30/4
f 7561/30/5 7565/30/5 7568/30/5 7564/30/5
f 7562/30/6 7563/30/6 7567/30/6 7566/30/6
f 7569/30/1 7572/30/1 7571/30/1 7570/30/1
f 7573/30/2 7574/30/2 7575/30/2 7576/30/2
f 7569/30/3 7570/30/3 7574/30/3 7573/30/3
f 7572/30/4 7576/30/4 7575/30/4 7571/30/4
f 7569/30/5 7573/30/5 7576/30/5 7572/30/5
f 7570/30/6 7571/30/6 7575/30/6 7574/30/6
f 7577/50/1 7580/50/1 7579/50/1 7578/50/1
f 7581/50/2 7582/50/2 7583/50/2 7584/50/2
f 7577/50/3 7578/50/3 7582/50/3 7581/50/3
f 7580/50/4 7584/50/4 7583/50/4 7579/50/4
f 7577/50/5 7581/50/5 7584/50/5 7580/50/5
f 7578/50/6 7579/50/6 7583/50/6 7582/50/6
f 7585/30/1 7588/30/1 7587/30/1 7586/30/1
f 7589/30/2 7590/30/2 7591/30/2 7592/30/2
f 7585/30/3 7586/30/3 7590/30/3 7589/30/3
f 7588/30/4 7592/30/4 7591/30/4 7587/30/4
f 7585/30/5 7589/30/5 7592/30/5 7588/30/5
f 7586/30/6 7587/30/6 7591/30/6 7590/30/6
f 7593/19/1 7596/19/1 7595/19/1 7594/19/1
f 7597/19/2 7598/19/2 7599/19/2 7600/19/2
f 7593/19/3 7594/19/3 7598/19/3 7597/19/3
f 7596/19/4 7600/19/4 7599/19/4 7595/19/4
f 7593/19/5 7597/19/5 7600/19/5 7596/19/5
f 7594/19/6 7595/19/6 7599/19/6 7598/19/6
f 7601/30/1 7604/30/1 7603/30/1 7602/30/1
f 7605/30/2 7606/30/2 7607/30/2 7608/30/2
f 7601/30/3 7602/30/3 7606/30/3 7605/30/3
f 7604/30/4 7608/30/4 7607/30/4 7603/30/4
f 7601/30/5 7605/30/5 7608/30/5 7604/30/5
f 7602/30/6 7603/30/6 7607/30/6 7606/30/6
f 7609/30/1 7612/30/1 7611/30/1 7610/30/1
f 7613/30/2 7614/30/2 7615/30/2 7616/30/2
f 7609/30/3 7610/30/3 7614/30/3 7613/30/3
f 7612/30/4 7616/30/4 7615/30/4 7611/30/4
f 7609/30/5 7613/30/5 7616/30/5 7612/30/5
f 7610/30/6 7611/30/6 7615/30/6 7614/30/6
f 7617/30/1 7620/30/1 7619/30/1 7618/30/1
f 7621/30/2 7622/30/2 7623/30/2 7624/30/2
f 7617/30/3 7618/30/3 7622/30/3 7621/30/3
f 7620/30/4 7624/30/4 7623/30/4 7619/30/4
f 7617/30/5 7621/30/5 7624/30/5 7620/30/5
f 7618/30/6 7619/30/6 7623/30/6 7622/30/6
f 7625/30/1 7628/30/1 7627/30/1 7626/30/1
f 7629/30/2 7630/30/2 7631/30/2 7632/30/2
f 7625/30/3 7626/30/3 7630/30/3 7629/30/3
f 7628/30/4 7632/30/4 7631/30/4 7627/30/4
f 7625/30/5 7629/30/5 7632/30/5 7628/30/5
f 7626/30/6 7627/30/6 7631/30/6 7630/30/6
f 7633/19/1 7636/19/1 7635/19/1 7634/19/1
f 7637/19/2 7638/19/2 7639/19/2 7640/19/2
f 7633/19/3 7634/19/3 7638/19/3 7637/19/3
f 7636/19/4 7640/19/4 7639/19/4 7635/19/4
f 7633/19/5 7637/19/5 7640/19/5 7636/19/5
f 7634/19/6 7635/19/6 7639/19/6 7638/19/6
f 7641/30/1 7644/30/1 7643/30/1 7642/30/1
f 7645/30/2 7646/30/2 7647/30/2 7648/30/2
f 7641/30/3 7642/30/3 7646/30/3 7645/30/3
f 7644/30/4 7648/30/4 7647/30/4 7643/30/4
f 7641/30/5 7645/30/5 7648/30/5 7644/30/5
f 7642/30/6 7643/30/6 7647/30/6 7646/30/6
f 7649/30/1 7652/30/1 7651/30/1 7650/30/1
f 7653/30/2 7654/30/2 7655/30/2 7656/30/2
f 7649/30/3 7650/30/3 7654/30/3 7653/30/3
f 7652/30/4 7656/30/4 7655/30/4 7651/30/4
f 7649/30/5 7653/30/5 7656/30/5 7652/30/5
f 7650/30/6 7651/30/6 7655/30/6 7654/30/6
f 7657/30/1 7660/30/1 7659/30/1 7658/30/1
f 7661/30/2 7662/30/2 7663/30/2 7664/30/2
f 7657/30/3 7658/30/3 7662/30/3 7661/30/3
f 7660/30/4 7664/30/4 7663/30/4 7659/30/4
f 7657/30/5 7661/30/5 7664/30/5 7660/30/5
f 7658/30/6 7659/30/6 7663/30/6 7662/30/6
f 7665/30/1 7668/30/1 7667/30/1 7666/30/1
f 7669/30/2 7670/30/2 7671/30/2 7672/30/2
f 7665/30/3 7666/30/3 7670/30/3 7669/30/3
f 7668/30/4 7672/30/4 7671/30/4 7667/30/4
f 7665/30/5 7669/30/5 7672/30/5 7668/30/5
f 7666/30/6 7667/30/6 7671/30/6 7670/30/6
f 7673/30/1 7676/30/1 7675/30/1 7674/30/1
f 7677/30/2 7678/30/2 7679/30/2 7680/30/2
f 7673/30/3 7674/30/3 7678/30/3 7677/30/3
f 7676/30/4 7680/30/4 7679/30/4 7675/30/4
f 7673/30/5 7677/30/5 7680/30/5 7676/30/5
f 7674/30/6 7675/30/6 7679/30/6 7678/30/6
f 7681/19/1 7684/19/1 7683/19/1 7682/19/1
f 7685/19/2 7686/19/2 7687/19/2 7688/19/2
f 7681/19/3 7682/19/3 7686/19/3 7685/19/3
f 7684/19/4 7688/19/4 7687/19/4 7683/19/4
f 7681/19/5 7685/19/5 7688/19/5 7684/19/5
f 7682/19/6 7683/19/6 7687/19/6 7686/19/6
f 7689/30/1 7692/30/1 7691/30/1 7690/30/1
f 7693/30/2 7694/30/2 7695/30/2 7696/30/2
f 7689/30/3 7690/30/3 7694/30/3 7693/30/3
f 7692/30/4 7696/30/4 7695/30/4 7691/30/4
f 7689/30/5 7693/30/5 7696/30/5 7692/30/5
f 7690/30/6 7691/30/6 7695/30/6 7694/30/6
f 7697/30/1 7700/30/1 7699/30/1 7698/30/1
f 7701/30/2 7702/30/2 7703/30/2 7704/30/2
f 7697/30/3 7698/30/3 7702/30/3 7701/30/3
f 7700/30/4 7704/30/4 7703/30/4 7699/30/4
f 7697/30/5 7701/30/5 7704/30/5 7700/30/5
f 7698/30/6 7699/30/6 7703/30/6 7702/30/6
f 7705/30/1 7708/30/1 7707/30/1 7706/30/1
f 7709/30/2 7710/30/2 7711/30/2 7712/30/2
f 7705/30/3 7706/30/3 7710/30/3 7709/30/3
f 7708/30/4 7712/30/4 7711/30/4 7707/30/4
f 7705/30/5 7709/30/5 7712/30/5 7708/30/5
f 7706/30/6 7707/30/6 7711/30/6 7710/30/6
f 7713/30/1 7716/30/1 7715/30/1 7714/30/1
f 7717/30/2 7718/30/2 7719/30/2 7720/30/2
f 7713/30/3 7714/30/3 7718/30/3 7717/30/3
f 7716/30/4 7720/30/4 7719/30/4 7715/30/4
f 7713/30/5 7717/30/5 7720/30/5 7716/30/5
f 7714/30/6 7715/30/6 7719/30/6 7718/30/6
f 7721/50/1 7724/50/1 7723/50/1 7722/50/1
f 7725/50/2 7726/50/2 7727/50/2 7728/50/2
f 7721/50/3 7722/50/3 7726/50/3 7725/50/3
f 7724/50/4 7728/50/4 7727/50/4 7723/50/4
f 7721/50/5 7725/50/5 7728/50/5 7724/50/5
f 7722/50/6 7723/50/6 7727/50/6 7726/50/6
f 7729/19/1 7732/19/1 7731/19/1 7730/19/1
f 7733/19/2 7734/19/2 7735/19/2 7736/19/2
f 7729/19/3 7730/19/3 7734/19/3 7733/19/3
f 7732/19/4 7736/19/4 7735/19/4 7731/19/4
f 7729/19/5 7733/19/5 7736/19/5 7732/19/5
f 7730/19/6 7731/19/6 7735/19/6 7734/19/6
f 7737/30/1 7740/30/1 7739/30/1 7738/30/1
f 7741/30/2 7742/30/2 7743/30/2 7744/30/2
f 7737/30/3 7738/30/3 7742/30/3 7741/30/3
f 7740/30/4 7744/30/4 7743/30/4 7739/30/4
f 7737/30/5 7741/30/5 7744/30/5 7740/30/5
f 7738/30/6 7739/30/6 7743/30/6 7742/30/6
f 7745/30/1 7748/30/1 7747/30/1 7746/30/1
f 7749/30/2 7750/30/2 7751/30/2 7752/30/2
f 7745/30/3 7746/30/3 7750/30/3 7749/30/3
f 7748/30/4 7752/30/4 7751/30/4 7747/30/4
f 7745/30/5 7749/30/5 7752/30/5 7748/30/5
f 7746/30/6 7747/30/6 7751/30/6 7750/30/6
f 7753/30/1 7756/30/1 7755/30/1 7754/30/1
f 7757/30/2 7758/30/2 7759/30/2 7760/30/2
f 7753/30/3 7754/30/3 7758/30/3 7757/30/3
f 7756/30/4 7760/30/4 7759/30/4 7755/30/4
f 7753/30/5 7757/30/5 7760/30/5 7756/30/5
f 7754/30/6 7755/30/6 7759/30/6 7758/30/6
f 7761/30/1 7764/30/1 7763/30/1 7762/30/1
f 7765/30/2 7766/30/2 7767/30/2 7768/30/2
f 7761/30/3 7762/30/3 7766/30/3 7765/30/3
f 7764/30/4 7768/30/4 7767/30/4 7763/30/4
f 7761/30/5 7765/30/5 7768/30/5 7764/30/5
f 7762/30/6 7763/30/6 7767/30/6 7766/30/6
f 7769/30/1 7772/30/1 7771/30/1 7770/30/1
f 7773/30/2 7774/30/2 7775/30/2 7776/30/2
f 7769/30/3 7770/30/3 7774/30/3 7773/30/3
f 7772/30/4 7776/30/4 7775/30/4 7771/30/4
f 7769/30/5 7773/30/5 7776/30/5 7772/30/5
f 7770/30/6 7771/30/6 7775/30/6 7774/30/6
f 7777/19/1 7780/19/1 7779/19/1 7778/19/1
f 7781/19/2 7782/19/2 7783/19/2 7784/19/2
f 7777/19/3 7778/19/3 7782/19/3 7781/19/3
f 7780/19/4 7784/19/4 7783/19/4 7779/19/4
f 7777/19/5 7781/19/5 7784/19/5 7780/19/5
f 7778/19/6 7779/19/6 7783/19/6 7782/19/6
f 7785/30/1 7788/30/1 7787/30/1 7786/30/1
f 7789/30/2 7790/30/2 7791/30/2 7792/30/2
f 7785/30/3 7786/30/3 7790/30/3 7789/30/3
f 7788/30/4 7792/30/4 7791/30/4 7787/30/4
f 7785/30/5 7789/30/5 7792/30/5 7788/30/5
f 7786/30/6 7787/30/6 7791/30/6 7790/30/6
f 7793/30/1 7796/30/1 7795/30/1 7794/30/1
f 7797/30/2 7798/30/2 7799/30/2 7800/30/2
f 7793/30/3 7794/30/3 7798/30/3 7797/30/3
f 7796/30/4 7800/30/4 7799/30/4 7795/30/4
f 7793/30/5 7797/30/5 7800/30/5 7796/30/5
f 7794/30/6 7795/30/6 7799/30/6 7798/30/6
f 7801/30/1 7804/30/1 7803/30/1 7802/30/1
f 7805/30/2 7806/30/2 7807/30/2 7808/30/2
f 7801/30/3 7802/30/3 7806/30/3 7805/30/3
f 7804/30/4 7808/30/4 7807/30/4 7803/30/4
f 7801/30/5 7805/30/5 7808/30/5 7804/30/5
f 7802/30/6 7803/30/6 7807/30/6 7806/30/6
f 7809/30/1 7812/30/1 7811/30/1 7810/30/1
f 7813/30/2 7814/30/2 7815/30/2 7816/30/2
f 7809/30/3 7810/30/3 7814/30/3 7813/30/3
f 7812/30/4 7816/30/4 7815/30/4 7811/30/4
f 7809/30/5 7813/30/5 7816/30/5 7812/30/5
f 7810/30/6 7811/30/6 7815/30/6 7814/30/6
f 7817/19/1 7820/19/1 7819/19/1 7818/19/1
f 7821/19/2 7822/19/2 7823/19/2 7824/19/2
f 7817/19/3 7818/19/3 7822/19/3 7821/19/3
f 7820/19/4 7824/19/4 7823/19/4 7819/19/4
f 7817/19/5 7821/19/5 7824/19/5 7820/19/5
f 7818/19/6 7819/19/6 7823/19/6 7822/19/6
f 7825/30/1 7828/30/1 7827/30/1 7826/30/1
f 7829/30/2 7830/30/2 7831/30/2 7832/30/2
f 7825/30/3 7826/30/3 7830/30/3 7829/30/3
f 7828/30/4 7832/30/4 7831/30/4 7827/30/4
f 7825/30/5 7829/30/5 7832/30/5 7828/30/5
f 7826/30/6 7827/30/6 7831/30/6 7830/30/6
f 7833/30/1 7836/30/1 7835/30/1 7834/30/1
f 7837/30/2 7838/30/2 7839/30/2 7840/30/2
f 7833/30/3 7834/30/3 7838/30/3 7837/30/3
f 7836/30/4 7840/30/4 7839/30/4 7835/30/4
f 7833/30/5 7837/30/5 7840/30/5 7836/30/5
f 7834/30/6 7835/30/6 7839/30/6 7838/30/6
f 7841/30/1 7844/30/1 7843/30/1 7842/30/1
f 7845/30/2 7846/30/2 7847/30/2 7848/30/2
f 7841/30/3 7842/30/3 7846/30/3 7845/30/3
f 7844/30/4 7848/30/4 7847/30/4 7843/30/4
f 7841/30/5 7845/30/5 7848/30/5 7844/30/5
f 7842/30/6 7843/30/6 7847/30/6 7846/30/6
f 7849/30/1 7852/30/1 7851/30/1 7850/30/1
f 7853/30/2 7854/30/2 7855/30/2 7856/30/2
f 7849/30/3 7850/30/3 7854/30/3 7853/30/3
f 7852/30/4 7856/30/4 7855/30/4 7851/30/4
f 7849/30/5 7853/30/5 7856/30/5 7852/30/5
f 7850/30/6 7851/30/6 7855/30/6 7854/30/6
f 7857/50/1 7860/50/1 7859/50/1 7858/50/1
f 7861/50/2 7862/50/2 7863/50/2 7864/50/2
f 7857/50/3 7858/50/3 7862/50/3 7861/50/3
f 7860/50/4 7864/50/4 7863/50/4 7859/50/4
f 7857/50/5 7861/50/5 7864/50/5 7860/50/5
f 7858/50/6 7859/50/6 7863/50/6 7862/50/6
f 7865/30/1 7868/30/1 7867/30/1 7866/30/1
f 7869/30/2 7870/30/2 7871/30/2 7872/30/2
f 7865/30/3 7866/30/3 7870/30/3 7869/30/3
f 7868/30/4 7872/30/4 7871/30/4 7867/30/4
f 7865/30/5 7869/30/5 7872/30/5 7868/30/5
f 7866/30/6 7867/30/6 7871/30/6 7870/30/6
f 7873/19/1 7876/19/1 7875/19/1 7874/19/1
f 7877/19/2 7878/19/2 7879/19/2 7880/19/2
f 7873/19/3 7874/19/3 7878/19/3 7877/19/3
f 7876/19/4 7880/19/4 7879/19/4 7875/19/4
f 7873/19/5 7877/19/5 7880/19/5 7876/19/5
f 7874/19/6 7875/19/6 7879/19/6 7878/19/6
f 7881/30/1 7884/30/1 7883/30/1 7882/30/1
f 7885/30/2 7886/30/2 7887/30/2 7888/30/2
f 7881/30/3 7882/30/3 7886/30/3 7885/30/3
f 7884/30/4 7888/30/4 7887/30/4 7883/30/4
f 7881/30/5 7885/30/5 7888/30/5 7884/30/5
f 7882/30/6 7883/30/6 7887/30/6 7886/30/6
f 7889/30/1 7892/30/1 7891/30/1 7890/30/1
f 7893/30/2 7894/30/2 7895/30/2 7896/30/2
f 7889/30/3 7890/30/3 7894/30/3 7893/30/3
f 7892/30/4 7896/30/4 7895/30/4 7891/30/4
f 7889/30/5 7893/30/5 7896/30/5 7892/30/5
f 7890/30/6 7891/30/6 7895/30/6 7894/30/6
f 7897/30/1 7900/30/1 7899/30/1 7898/30/1
f 7901/30/2 7902/30/2 7903/30/2 7904/30/2
f 7897/30/3 7898/30/3 7902/30/3 7901/30/3
f 7900/30/4 7904/30/4 7903/30/4 7899/30/4
f 7897/30/5 7901/30/5 7904/30/5 7900/30/5
f 7898/30/6 7899/30/6 7903/30/6 7902/30/6
f 7905/30/1 7908/30/1 7907/30/1 7906/30/1
f 7909/30/2 7910/30/2 7911/30/2 7912/30/2
f 7905/30/3 7906/30/3 7910/30/3 7909/30/3
f 7908/30/4 7912/30/4 7911/30/4 7907/30/4
f 7905/30/5 7909/30/5 7912/30/5 7908/30/5
f 7906/30/6 7907/30/6 7911/30/6 7910/30/6
o SHELL_safety
usemtl palette
f 7913/20/1 7916/20/1 7915/20/1 7914/20/1
f 7917/20/2 7918/20/2 7919/20/2 7920/20/2
f 7913/20/3 7914/20/3 7918/20/3 7917/20/3
f 7916/20/4 7920/20/4 7919/20/4 7915/20/4
f 7913/20/5 7917/20/5 7920/20/5 7916/20/5
f 7914/20/6 7915/20/6 7919/20/6 7918/20/6
f 7921/50/1 7924/50/1 7923/50/1 7922/50/1
f 7925/50/2 7926/50/2 7927/50/2 7928/50/2
f 7921/50/3 7922/50/3 7926/50/3 7925/50/3
f 7924/50/4 7928/50/4 7927/50/4 7923/50/4
f 7921/50/5 7925/50/5 7928/50/5 7924/50/5
f 7922/50/6 7923/50/6 7927/50/6 7926/50/6
f 7929/13/1 7932/13/1 7931/13/1 7930/13/1
f 7933/13/2 7934/13/2 7935/13/2 7936/13/2
f 7929/13/3 7930/13/3 7934/13/3 7933/13/3
f 7932/13/4 7936/13/4 7935/13/4 7931/13/4
f 7929/13/5 7933/13/5 7936/13/5 7932/13/5
f 7930/13/6 7931/13/6 7935/13/6 7934/13/6
f 7937/38/1 7940/38/1 7939/38/1 7938/38/1
f 7941/38/2 7942/38/2 7943/38/2 7944/38/2
f 7937/38/3 7938/38/3 7942/38/3 7941/38/3
f 7940/38/4 7944/38/4 7943/38/4 7939/38/4
f 7937/38/5 7941/38/5 7944/38/5 7940/38/5
f 7938/38/6 7939/38/6 7943/38/6 7942/38/6
f 7945/20/1 7948/20/1 7947/20/1 7946/20/1
f 7949/20/2 7950/20/2 7951/20/2 7952/20/2
f 7945/20/3 7946/20/3 7950/20/3 7949/20/3
f 7948/20/4 7952/20/4 7951/20/4 7947/20/4
f 7945/20/5 7949/20/5 7952/20/5 7948/20/5
f 7946/20/6 7947/20/6 7951/20/6 7950/20/6
f 7953/50/1 7956/50/1 7955/50/1 7954/50/1
f 7957/50/2 7958/50/2 7959/50/2 7960/50/2
f 7953/50/3 7954/50/3 7958/50/3 7957/50/3
f 7956/50/4 7960/50/4 7959/50/4 7955/50/4
f 7953/50/5 7957/50/5 7960/50/5 7956/50/5
f 7954/50/6 7955/50/6 7959/50/6 7958/50/6
f 7961/13/1 7964/13/1 7963/13/1 7962/13/1
f 7965/13/2 7966/13/2 7967/13/2 7968/13/2
f 7961/13/3 7962/13/3 7966/13/3 7965/13/3
f 7964/13/4 7968/13/4 7967/13/4 7963/13/4
f 7961/13/5 7965/13/5 7968/13/5 7964/13/5
f 7962/13/6 7963/13/6 7967/13/6 7966/13/6
f 7969/38/1 7972/38/1 7971/38/1 7970/38/1
f 7973/38/2 7974/38/2 7975/38/2 7976/38/2
f 7969/38/3 7970/38/3 7974/38/3 7973/38/3
f 7972/38/4 7976/38/4 7975/38/4 7971/38/4
f 7969/38/5 7973/38/5 7976/38/5 7972/38/5
f 7970/38/6 7971/38/6 7975/38/6 7974/38/6
