# Pride Rail - r160_front (generated by tools/voxtrain.py; Blockbench project in blockbench/)
mtllib r160_front.mtl
v -9.2000 0.6200 -1.1700
v -8.9497 0.6200 -1.1700
v -8.9497 0.7210 -1.1700
v -9.2000 0.7210 -1.1700
v -9.2000 0.6200 1.1700
v -8.9497 0.6200 1.1700
v -8.9497 0.7210 1.1700
v -9.2000 0.7210 1.1700
v -8.9497 0.6200 -1.2250
v -8.8245 0.6200 -1.2250
v -8.8245 0.7210 -1.2250
v -8.9497 0.7210 -1.2250
v -8.9497 0.6200 1.2250
v -8.8245 0.6200 1.2250
v -8.8245 0.7210 1.2250
v -8.9497 0.7210 1.2250
v -8.8245 0.6200 -1.2600
v -8.0735 0.6200 -1.2600
v -8.0735 0.7210 -1.2600
v -8.8245 0.7210 -1.2600
v -8.8245 0.6200 1.2600
v -8.0735 0.6200 1.2600
v -8.0735 0.7210 1.2600
v -8.8245 0.7210 1.2600
v -4.5687 0.6200 -1.2600
v 4.5687 0.6200 -1.2600
v 4.5687 0.7210 -1.2600
v -4.5687 0.7210 -1.2600
v -4.5687 0.6200 1.2600
v 4.5687 0.6200 1.2600
v 4.5687 0.7210 1.2600
v -4.5687 0.7210 1.2600
v 8.0735 0.6200 -1.2600
v 8.4490 0.6200 -1.2600
v 8.4490 0.7210 -1.2600
v 8.0735 0.7210 -1.2600
v 8.0735 0.6200 1.2600
v 8.4490 0.6200 1.2600
v 8.4490 0.7210 1.2600
v 8.0735 0.7210 1.2600
v 8.4490 0.6200 -1.2600
v 8.5741 0.6200 -1.2600
v 8.5741 0.7210 -1.2600
v 8.4490 0.7210 -1.2600
v 8.4490 0.6200 1.2600
v 8.5741 0.6200 1.2600
v 8.5741 0.7210 1.2600
v 8.4490 0.7210 1.2600
v 8.5741 0.6200 -1.2570
v 8.6993 0.6200 -1.2570
v 8.6993 0.7210 -1.2570
v 8.5741 0.7210 -1.2570
v 8.5741 0.6200 1.2570
v 8.6993 0.6200 1.2570
v 8.6993 0.7210 1.2570
v 8.5741 0.7210 1.2570
v 8.6993 0.6200 -1.2510
v 8.8245 0.6200 -1.2510
v 8.8245 0.7210 -1.2510
v 8.6993 0.7210 -1.2510
v 8.6993 0.6200 1.2510
v 8.8245 0.6200 1.2510
v 8.8245 0.7210 1.2510
v 8.6993 0.7210 1.2510
v -9.2000 0.7210 -1.2530
v -8.9497 0.7210 -1.2530
v -8.9497 0.8220 -1.2530
v -9.2000 0.8220 -1.2530
v -9.2000 0.7210 1.2530
v -8.9497 0.7210 1.2530
v -8.9497 0.8220 1.2530
v -9.2000 0.8220 1.2530
v -8.9497 0.7210 -1.3080
v -8.8245 0.7210 -1.3080
v -8.8245 0.8220 -1.3080
v -8.9497 0.8220 -1.3080
v -8.9497 0.7210 1.3080
v -8.8245 0.7210 1.3080
v -8.8245 0.8220 1.3080
v -8.9497 0.8220 1.3080
v -8.8245 0.7210 -1.3430
v -8.6993 0.7210 -1.3430
v -8.6993 0.8220 -1.3430
v -8.8245 0.8220 -1.3430
v -8.8245 0.7210 1.3430
v -8.6993 0.7210 1.3430
v -8.6993 0.8220 1.3430
v -8.8245 0.8220 1.3430
v -8.6993 0.7210 -1.3430
v -8.0735 0.7210 -1.3430
v -8.0735 0.8220 -1.3430
v -8.6993 0.8220 -1.3430
v -8.6993 0.7210 1.3430
v -8.0735 0.7210 1.3430
v -8.0735 0.8220 1.3430
v -8.6993 0.8220 1.3430
v -4.5687 0.7210 -1.3430
v -4.4435 0.7210 -1.3430
v -4.4435 0.8220 -1.3430
v -4.5687 0.8220 -1.3430
v -4.5687 0.7210 1.3430
v -4.4435 0.7210 1.3430
v -4.4435 0.8220 1.3430
v -4.5687 0.8220 1.3430
v -4.4435 0.7210 -1.3430
v -4.3184 0.7210 -1.3430
v -4.3184 0.8220 -1.3430
v -4.4435 0.8220 -1.3430
v -4.4435 0.7210 1.3430
v -4.3184 0.7210 1.3430
v -4.3184 0.8220 1.3430
v -4.4435 0.8220 1.3430
v -4.3184 0.7210 -1.3430
v -0.0626 0.7210 -1.3430
v -0.0626 0.8220 -1.3430
v -4.3184 0.8220 -1.3430
v -4.3184 0.7210 1.3430
v -0.0626 0.7210 1.3430
v -0.0626 0.8220 1.3430
v -4.3184 0.8220 1.3430
v -0.0626 0.7210 -1.3430
v 0.0626 0.7210 -1.3430
v 0.0626 0.8220 -1.3430
v -0.0626 0.8220 -1.3430
v -0.0626 0.7210 1.3430
v 0.0626 0.7210 1.3430
v 0.0626 0.8220 1.3430
v -0.0626 0.8220 1.3430
v 0.0626 0.7210 -1.3430
v 4.5687 0.7210 -1.3430
v 4.5687 0.8220 -1.3430
v 0.0626 0.8220 -1.3430
v 0.0626 0.7210 1.3430
v 4.5687 0.7210 1.3430
v 4.5687 0.8220 1.3430
v 0.0626 0.8220 1.3430
v 8.0735 0.7210 -1.3430
v 8.5741 0.7210 -1.3430
v 8.5741 0.8220 -1.3430
v 8.0735 0.8220 -1.3430
v 8.0735 0.7210 1.3430
v 8.5741 0.7210 1.3430
v 8.5741 0.8220 1.3430
v 8.0735 0.8220 1.3430
v 8.5741 0.7210 -1.3400
v 8.6993 0.7210 -1.3400
v 8.6993 0.8220 -1.3400
v 8.5741 0.8220 -1.3400
v 8.5741 0.7210 1.3400
v 8.6993 0.7210 1.3400
v 8.6993 0.8220 1.3400
v 8.5741 0.8220 1.3400
v 8.6993 0.7210 -1.3340
v 8.8245 0.7210 -1.3340
v 8.8245 0.8220 -1.3340
v 8.6993 0.8220 -1.3340
v 8.6993 0.7210 1.3340
v 8.8245 0.7210 1.3340
v 8.8245 0.8220 1.3340
v 8.6993 0.8220 1.3340
v 8.8245 0.7210 -1.3220
v 8.9497 0.7210 -1.3220
v 8.9497 0.8220 -1.3220
v 8.8245 0.8220 -1.3220
v 8.8245 0.7210 1.3220
v 8.9497 0.7210 1.3220
v 8.9497 0.8220 1.3220
v 8.8245 0.8220 1.3220
v 8.9497 0.7210 -1.3070
v 9.0748 0.7210 -1.3070
v 9.0748 0.8220 -1.3070
v 8.9497 0.8220 -1.3070
v 8.9497 0.7210 1.3070
v 9.0748 0.7210 1.3070
v 9.0748 0.8220 1.3070
v 8.9497 0.8220 1.3070
v 9.0748 0.7210 -1.2870
v 9.2000 0.7210 -1.2870
v 9.2000 0.8220 -1.2870
v 9.0748 0.8220 -1.2870
v 9.0748 0.7210 1.2870
v 9.2000 0.7210 1.2870
v 9.2000 0.8220 1.2870
v 9.0748 0.8220 1.2870
v -9.2000 0.8220 -1.3140
v -8.9497 0.8220 -1.3140
v -8.9497 0.9230 -1.3140
v -9.2000 0.9230 -1.3140
v -9.2000 0.8220 1.3140
v -8.9497 0.8220 1.3140
v -8.9497 0.9230 1.3140
v -9.2000 0.9230 1.3140
v -8.9497 0.8220 -1.3690
v -8.8245 0.8220 -1.3690
v -8.8245 0.9230 -1.3690
v -8.9497 0.9230 -1.3690
v -8.9497 0.8220 1.3690
v -8.8245 0.8220 1.3690
v -8.8245 0.9230 1.3690
v -8.9497 0.9230 1.3690
v -8.8245 0.8220 -1.4040
v -8.6993 0.8220 -1.4040
v -8.6993 0.9230 -1.4040
v -8.8245 0.9230 -1.4040
v -8.8245 0.8220 1.4040
v -8.6993 0.8220 1.4040
v -8.6993 0.9230 1.4040
v -8.8245 0.9230 1.4040
v -8.6993 0.8220 -1.4040
v -8.0735 0.8220 -1.4040
v -8.0735 0.9230 -1.4040
v -8.6993 0.9230 -1.4040
v -8.6993 0.8220 1.4040
v -8.0735 0.8220 1.4040
v -8.0735 0.9230 1.4040
v -8.6993 0.9230 1.4040
v -4.5687 0.8220 -1.4040
v -4.4435 0.8220 -1.4040
v -4.4435 0.9230 -1.4040
v -4.5687 0.9230 -1.4040
v -4.5687 0.8220 1.4040
v -4.4435 0.8220 1.4040
v -4.4435 0.9230 1.4040
v -4.5687 0.9230 1.4040
v -4.4435 0.8220 -1.4040
v -4.3184 0.8220 -1.4040
v -4.3184 0.9230 -1.4040
v -4.4435 0.9230 -1.4040
v -4.4435 0.8220 1.4040
v -4.3184 0.8220 1.4040
v -4.3184 0.9230 1.4040
v -4.4435 0.9230 1.4040
v -4.3184 0.8220 -1.4040
v -0.0626 0.8220 -1.4040
v -0.0626 0.9230 -1.4040
v -4.3184 0.9230 -1.4040
v -4.3184 0.8220 1.4040
v -0.0626 0.8220 1.4040
v -0.0626 0.9230 1.4040
v -4.3184 0.9230 1.4040
v -0.0626 0.8220 -1.4040
v 0.0626 0.8220 -1.4040
v 0.0626 0.9230 -1.4040
v -0.0626 0.9230 -1.4040
v -0.0626 0.8220 1.4040
v 0.0626 0.8220 1.4040
v 0.0626 0.9230 1.4040
v -0.0626 0.9230 1.4040
v 0.0626 0.8220 -1.4040
v 4.5687 0.8220 -1.4040
v 4.5687 0.9230 -1.4040
v 0.0626 0.9230 -1.4040
v 0.0626 0.8220 1.4040
v 4.5687 0.8220 1.4040
v 4.5687 0.9230 1.4040
v 0.0626 0.9230 1.4040
v 8.0735 0.8220 -1.4040
v 8.5741 0.8220 -1.4040
v 8.5741 0.9230 -1.4040
v 8.0735 0.9230 -1.4040
v 8.0735 0.8220 1.4040
v 8.5741 0.8220 1.4040
v 8.5741 0.9230 1.4040
v 8.0735 0.9230 1.4040
v 8.5741 0.8220 -1.4010
v 8.6993 0.8220 -1.4010
v 8.6993 0.9230 -1.4010
v 8.5741 0.9230 -1.4010
v 8.5741 0.8220 1.4010
v 8.6993 0.8220 1.4010
v 8.6993 0.9230 1.4010
v 8.5741 0.9230 1.4010
v 8.6993 0.8220 -1.3940
v 8.8245 0.8220 -1.3940
v 8.8245 0.9230 -1.3940
v 8.6993 0.9230 -1.3940
v 8.6993 0.8220 1.3940
v 8.8245 0.8220 1.3940
v 8.8245 0.9230 1.3940
v 8.6993 0.9230 1.3940
v 8.8245 0.8220 -1.3820
v 8.9497 0.8220 -1.3820
v 8.9497 0.9230 -1.3820
v 8.8245 0.9230 -1.3820
v 8.8245 0.8220 1.3820
v 8.9497 0.8220 1.3820
v 8.9497 0.9230 1.3820
v 8.8245 0.9230 1.3820
v 8.9497 0.8220 -1.3660
v 9.0748 0.8220 -1.3660
v 9.0748 0.9230 -1.3660
v 8.9497 0.9230 -1.3660
v 8.9497 0.8220 1.3660
v 9.0748 0.8220 1.3660
v 9.0748 0.9230 1.3660
v 8.9497 0.9230 1.3660
v 9.0748 0.8220 -1.3460
v 9.2000 0.8220 -1.3460
v 9.2000 0.9230 -1.3460
v 9.0748 0.9230 -1.3460
v 9.0748 0.8220 1.3460
v 9.2000 0.8220 1.3460
v 9.2000 0.9230 1.3460
v 9.0748 0.9230 1.3460
v -9.2000 0.9230 -1.3530
v -8.9497 0.9230 -1.3530
v -8.9497 1.0240 -1.3530
v -9.2000 1.0240 -1.3530
v -9.2000 0.9230 1.3530
v -8.9497 0.9230 1.3530
v -8.9497 1.0240 1.3530
v -9.2000 1.0240 1.3530
v -8.9497 0.9230 -1.4080
v -8.8245 0.9230 -1.4080
v -8.8245 1.0240 -1.4080
v -8.9497 1.0240 -1.4080
v -8.9497 0.9230 1.4080
v -8.8245 0.9230 1.4080
v -8.8245 1.0240 1.4080
v -8.9497 1.0240 1.4080
v -8.8245 0.9230 -1.4430
v -8.6993 0.9230 -1.4430
v -8.6993 1.0240 -1.4430
v -8.8245 1.0240 -1.4430
v -8.8245 0.9230 1.4430
v -8.6993 0.9230 1.4430
v -8.6993 1.0240 1.4430
v -8.8245 1.0240 1.4430
v -8.6993 0.9230 -1.4430
v -8.0735 0.9230 -1.4430
v -8.0735 1.0240 -1.4430
v -8.6993 1.0240 -1.4430
v -8.6993 0.9230 1.4430
v -8.0735 0.9230 1.4430
v -8.0735 1.0240 1.4430
v -8.6993 1.0240 1.4430
v -4.5687 0.9230 -1.4430
v -4.4435 0.9230 -1.4430
v -4.4435 1.0240 -1.4430
v -4.5687 1.0240 -1.4430
v -4.5687 0.9230 1.4430
v -4.4435 0.9230 1.4430
v -4.4435 1.0240 1.4430
v -4.5687 1.0240 1.4430
v -4.4435 0.9230 -1.4430
v -4.3184 0.9230 -1.4430
v -4.3184 1.0240 -1.4430
v -4.4435 1.0240 -1.4430
v -4.4435 0.9230 1.4430
v -4.3184 0.9230 1.4430
v -4.3184 1.0240 1.4430
v -4.4435 1.0240 1.4430
v -4.3184 0.9230 -1.4430
v -0.0626 0.9230 -1.4430
v -0.0626 1.0240 -1.4430
v -4.3184 1.0240 -1.4430
v -4.3184 0.9230 1.4430
v -0.0626 0.9230 1.4430
v -0.0626 1.0240 1.4430
v -4.3184 1.0240 1.4430
v -0.0626 0.9230 -1.4430
v 0.0626 0.9230 -1.4430
v 0.0626 1.0240 -1.4430
v -0.0626 1.0240 -1.4430
v -0.0626 0.9230 1.4430
v 0.0626 0.9230 1.4430
v 0.0626 1.0240 1.4430
v -0.0626 1.0240 1.4430
v 0.0626 0.9230 -1.4430
v 4.5687 0.9230 -1.4430
v 4.5687 1.0240 -1.4430
v 0.0626 1.0240 -1.4430
v 0.0626 0.9230 1.4430
v 4.5687 0.9230 1.4430
v 4.5687 1.0240 1.4430
v 0.0626 1.0240 1.4430
v 8.0735 0.9230 -1.4430
v 8.5741 0.9230 -1.4430
v 8.5741 1.0240 -1.4430
v 8.0735 1.0240 -1.4430
v 8.0735 0.9230 1.4430
v 8.5741 0.9230 1.4430
v 8.5741 1.0240 1.4430
v 8.0735 1.0240 1.4430
v 8.5741 0.9230 -1.4400
v 8.6993 0.9230 -1.4400
v 8.6993 1.0240 -1.4400
v 8.5741 1.0240 -1.4400
v 8.5741 0.9230 1.4400
v 8.6993 0.9230 1.4400
v 8.6993 1.0240 1.4400
v 8.5741 1.0240 1.4400
v 8.6993 0.9230 -1.4330
v 8.8245 0.9230 -1.4330
v 8.8245 1.0240 -1.4330
v 8.6993 1.0240 -1.4330
v 8.6993 0.9230 1.4330
v 8.8245 0.9230 1.4330
v 8.8245 1.0240 1.4330
v 8.6993 1.0240 1.4330
v 8.8245 0.9230 -1.4210
v 8.9497 0.9230 -1.4210
v 8.9497 1.0240 -1.4210
v 8.8245 1.0240 -1.4210
v 8.8245 0.9230 1.4210
v 8.9497 0.9230 1.4210
v 8.9497 1.0240 1.4210
v 8.8245 1.0240 1.4210
v 8.9497 0.9230 -1.4040
v 9.0748 0.9230 -1.4040
v 9.0748 1.0240 -1.4040
v 8.9497 1.0240 -1.4040
v 8.9497 0.9230 1.4040
v 9.0748 0.9230 1.4040
v 9.0748 1.0240 1.4040
v 8.9497 1.0240 1.4040
v 9.0748 0.9230 -1.3830
v 9.2000 0.9230 -1.3830
v 9.2000 1.0240 -1.3830
v 9.0748 1.0240 -1.3830
v 9.0748 0.9230 1.3830
v 9.2000 0.9230 1.3830
v 9.2000 1.0240 1.3830
v 9.0748 1.0240 1.3830
v -9.2000 1.0240 -1.4300
v -8.9497 1.0240 -1.4300
v -8.9497 1.1250 -1.4300
v -9.2000 1.1250 -1.4300
v -9.2000 1.0240 1.4300
v -8.9497 1.0240 1.4300
v -8.9497 1.1250 1.4300
v -9.2000 1.1250 1.4300
v -8.9497 1.0240 -1.4850
v -8.8245 1.0240 -1.4850
v -8.8245 1.1250 -1.4850
v -8.9497 1.1250 -1.4850
v -8.9497 1.0240 1.4850
v -8.8245 1.0240 1.4850
v -8.8245 1.1250 1.4850
v -8.9497 1.1250 1.4850
v -8.8245 1.0240 -1.5200
v -6.5714 1.0240 -1.5200
v -6.5714 1.1250 -1.5200
v -8.8245 1.1250 -1.5200
v -8.8245 1.0240 1.5200
v -6.5714 1.0240 1.5200
v -6.5714 1.1250 1.5200
v -8.8245 1.1250 1.5200
v -6.5714 1.0240 -1.5200
v -5.9456 1.0240 -1.5200
v -5.9456 1.1250 -1.5200
v -6.5714 1.1250 -1.5200
v -6.5714 1.0240 1.5200
v -5.9456 1.0240 1.5200
v -5.9456 1.1250 1.5200
v -6.5714 1.1250 1.5200
v -5.9456 1.0240 -1.5200
v -5.8204 1.0240 -1.5200
v -5.8204 1.1250 -1.5200
v -5.9456 1.1250 -1.5200
v -5.9456 1.0240 1.5200
v -5.8204 1.0240 1.5200
v -5.8204 1.1250 1.5200
v -5.9456 1.1250 1.5200
v -5.8204 1.0240 -1.5200
v -5.3197 1.0240 -1.5200
v -5.3197 1.1250 -1.5200
v -5.8204 1.1250 -1.5200
v -5.8204 1.0240 1.5200
v -5.3197 1.0240 1.5200
v -5.3197 1.1250 1.5200
v -5.8204 1.1250 1.5200
v -5.3197 1.0240 -1.5200
v -5.1946 1.0240 -1.5200
v -5.1946 1.1250 -1.5200
v -5.3197 1.1250 -1.5200
v -5.3197 1.0240 1.5200
v -5.1946 1.0240 1.5200
v -5.1946 1.1250 1.5200
v -5.3197 1.1250 1.5200
v -5.1946 1.0240 -1.5200
v -2.8163 1.0240 -1.5200
v -2.8163 1.1250 -1.5200
v -5.1946 1.1250 -1.5200
v -5.1946 1.0240 1.5200
v -2.8163 1.0240 1.5200
v -2.8163 1.1250 1.5200
v -5.1946 1.1250 1.5200
v -2.8163 1.0240 -1.5200
v -2.6912 1.0240 -1.5200
v -2.6912 1.1250 -1.5200
v -2.8163 1.1250 -1.5200
v -2.8163 1.0240 1.5200
v -2.6912 1.0240 1.5200
v -2.6912 1.1250 1.5200
v -2.8163 1.1250 1.5200
v -2.6912 1.0240 -1.5200
v -2.1905 1.0240 -1.5200
v -2.1905 1.1250 -1.5200
v -2.6912 1.1250 -1.5200
v -2.6912 1.0240 1.5200
v -2.1905 1.0240 1.5200
v -2.1905 1.1250 1.5200
v -2.6912 1.1250 1.5200
v -2.1905 1.0240 -1.5200
v -2.0653 1.0240 -1.5200
v -2.0653 1.1250 -1.5200
v -2.1905 1.1250 -1.5200
v -2.1905 1.0240 1.5200
v -2.0653 1.0240 1.5200
v -2.0653 1.1250 1.5200
v -2.1905 1.1250 1.5200
v -2.0653 1.0240 -1.5200
v -1.5646 1.0240 -1.5200
v -1.5646 1.1250 -1.5200
v -2.0653 1.1250 -1.5200
v -2.0653 1.0240 1.5200
v -1.5646 1.0240 1.5200
v -1.5646 1.1250 1.5200
v -2.0653 1.1250 1.5200
v -1.5646 1.0240 -1.5200
v -1.4395 1.0240 -1.5200
v -1.4395 1.1250 -1.5200
v -1.5646 1.1250 -1.5200
v -1.5646 1.0240 1.5200
v -1.4395 1.0240 1.5200
v -1.4395 1.1250 1.5200
v -1.5646 1.1250 1.5200
v -1.4395 1.0240 -1.5200
v 0.9388 1.0240 -1.5200
v 0.9388 1.1250 -1.5200
v -1.4395 1.1250 -1.5200
v -1.4395 1.0240 1.5200
v 0.9388 1.0240 1.5200
v 0.9388 1.1250 1.5200
v -1.4395 1.1250 1.5200
v 0.9388 1.0240 -1.5200
v 1.0639 1.0240 -1.5200
v 1.0639 1.1250 -1.5200
v 0.9388 1.1250 -1.5200
v 0.9388 1.0240 1.5200
v 1.0639 1.0240 1.5200
v 1.0639 1.1250 1.5200
v 0.9388 1.1250 1.5200
v 1.0639 1.0240 -1.5200
v 1.5646 1.0240 -1.5200
v 1.5646 1.1250 -1.5200
v 1.0639 1.1250 -1.5200
v 1.0639 1.0240 1.5200
v 1.5646 1.0240 1.5200
v 1.5646 1.1250 1.5200
v 1.0639 1.1250 1.5200
v 1.5646 1.0240 -1.5200
v 1.6898 1.0240 -1.5200
v 1.6898 1.1250 -1.5200
v 1.5646 1.1250 -1.5200
v 1.5646 1.0240 1.5200
v 1.6898 1.0240 1.5200
v 1.6898 1.1250 1.5200
v 1.5646 1.1250 1.5200
v 1.6898 1.0240 -1.5200
v 2.1905 1.0240 -1.5200
v 2.1905 1.1250 -1.5200
v 1.6898 1.1250 -1.5200
v 1.6898 1.0240 1.5200
v 2.1905 1.0240 1.5200
v 2.1905 1.1250 1.5200
v 1.6898 1.1250 1.5200
v 2.1905 1.0240 -1.5200
v 2.3156 1.0240 -1.5200
v 2.3156 1.1250 -1.5200
v 2.1905 1.1250 -1.5200
v 2.1905 1.0240 1.5200
v 2.3156 1.0240 1.5200
v 2.3156 1.1250 1.5200
v 2.1905 1.1250 1.5200
v 2.3156 1.0240 -1.5200
v 4.6939 1.0240 -1.5200
v 4.6939 1.1250 -1.5200
v 2.3156 1.1250 -1.5200
v 2.3156 1.0240 1.5200
v 4.6939 1.0240 1.5200
v 4.6939 1.1250 1.5200
v 2.3156 1.1250 1.5200
v 4.6939 1.0240 -1.5200
v 4.8190 1.0240 -1.5200
v 4.8190 1.1250 -1.5200
v 4.6939 1.1250 -1.5200
v 4.6939 1.0240 1.5200
v 4.8190 1.0240 1.5200
v 4.8190 1.1250 1.5200
v 4.6939 1.1250 1.5200
v 4.8190 1.0240 -1.5200
v 5.3197 1.0240 -1.5200
v 5.3197 1.1250 -1.5200
v 4.8190 1.1250 -1.5200
v 4.8190 1.0240 1.5200
v 5.3197 1.0240 1.5200
v 5.3197 1.1250 1.5200
v 4.8190 1.1250 1.5200
v 5.3197 1.0240 -1.5200
v 5.4449 1.0240 -1.5200
v 5.4449 1.1250 -1.5200
v 5.3197 1.1250 -1.5200
v 5.3197 1.0240 1.5200
v 5.4449 1.0240 1.5200
v 5.4449 1.1250 1.5200
v 5.3197 1.1250 1.5200
v 5.4449 1.0240 -1.5200
v 6.0707 1.0240 -1.5200
v 6.0707 1.1250 -1.5200
v 5.4449 1.1250 -1.5200
v 5.4449 1.0240 1.5200
v 6.0707 1.0240 1.5200
v 6.0707 1.1250 1.5200
v 5.4449 1.1250 1.5200
v 6.0707 1.0240 -1.5200
v 8.4490 1.0240 -1.5200
v 8.4490 1.1250 -1.5200
v 6.0707 1.1250 -1.5200
v 6.0707 1.0240 1.5200
v 8.4490 1.0240 1.5200
v 8.4490 1.1250 1.5200
v 6.0707 1.1250 1.5200
v 8.4490 1.0240 -1.5200
v 8.5741 1.0240 -1.5200
v 8.5741 1.1250 -1.5200
v 8.4490 1.1250 -1.5200
v 8.4490 1.0240 1.5200
v 8.5741 1.0240 1.5200
v 8.5741 1.1250 1.5200
v 8.4490 1.1250 1.5200
v 8.5741 1.0240 -1.5170
v 8.6993 1.0240 -1.5170
v 8.6993 1.1250 -1.5170
v 8.5741 1.1250 -1.5170
v 8.5741 1.0240 1.5170
v 8.6993 1.0240 1.5170
v 8.6993 1.1250 1.5170
v 8.5741 1.1250 1.5170
v 8.6993 1.0240 -1.5090
v 8.8245 1.0240 -1.5090
v 8.8245 1.1250 -1.5090
v 8.6993 1.1250 -1.5090
v 8.6993 1.0240 1.5090
v 8.8245 1.0240 1.5090
v 8.8245 1.1250 1.5090
v 8.6993 1.1250 1.5090
v 8.8245 1.0240 -1.4970
v 8.9497 1.0240 -1.4970
v 8.9497 1.1250 -1.4970
v 8.8245 1.1250 -1.4970
v 8.8245 1.0240 1.4970
v 8.9497 1.0240 1.4970
v 8.9497 1.1250 1.4970
v 8.8245 1.1250 1.4970
v 8.9497 1.0240 -1.4790
v 9.0748 1.0240 -1.4790
v 9.0748 1.1250 -1.4790
v 8.9497 1.1250 -1.4790
v 8.9497 1.0240 1.4790
v 9.0748 1.0240 1.4790
v 9.0748 1.1250 1.4790
v 8.9497 1.1250 1.4790
v 9.0748 1.0240 -1.4570
v 9.2000 1.0240 -1.4570
v 9.2000 1.1250 -1.4570
v 9.0748 1.1250 -1.4570
v 9.0748 1.0240 1.4570
v 9.2000 1.0240 1.4570
v 9.2000 1.1250 1.4570
v 9.0748 1.1250 1.4570
v -9.2000 1.1250 1.3600
v -8.9497 1.1250 1.3600
v -8.9497 3.1450 1.3600
v -9.2000 3.1450 1.3600
v -9.2000 1.1250 1.4300
v -8.9497 1.1250 1.4300
v -8.9497 3.1450 1.4300
v -9.2000 3.1450 1.4300
v -9.2000 1.1250 -1.4300
v -8.9497 1.1250 -1.4300
v -8.9497 3.1450 -1.4300
v -9.2000 3.1450 -1.4300
v -9.2000 1.1250 -1.3600
v -8.9497 1.1250 -1.3600
v -8.9497 3.1450 -1.3600
v -9.2000 3.1450 -1.3600
v -8.9497 1.1250 1.4150
v -8.8245 1.1250 1.4150
v -8.8245 1.2260 1.4150
v -8.9497 1.2260 1.4150
v -8.9497 1.1250 1.4850
v -8.8245 1.1250 1.4850
v -8.8245 1.2260 1.4850
v -8.9497 1.2260 1.4850
v -8.9497 1.5290 1.4150
v -8.8245 1.5290 1.4150
v -8.8245 1.6300 1.4150
v -8.9497 1.6300 1.4150
v -8.9497 1.5290 1.4850
v -8.8245 1.5290 1.4850
v -8.8245 1.6300 1.4850
v -8.9497 1.6300 1.4850
v -8.9497 2.4380 1.4150
v -8.8245 2.4380 1.4150
v -8.8245 3.1450 1.4150
v -8.9497 3.1450 1.4150
v -8.9497 2.4380 1.4850
v -8.8245 2.4380 1.4850
v -8.8245 3.1450 1.4850
v -8.9497 3.1450 1.4850
v -8.9497 1.1250 -1.4850
v -8.8245 1.1250 -1.4850
v -8.8245 1.2260 -1.4850
v -8.9497 1.2260 -1.4850
v -8.9497 1.1250 -1.4150
v -8.8245 1.1250 -1.4150
v -8.8245 1.2260 -1.4150
v -8.9497 1.2260 -1.4150
v -8.9497 1.5290 -1.4850
v -8.8245 1.5290 -1.4850
v -8.8245 1.6300 -1.4850
v -8.9497 1.6300 -1.4850
v -8.9497 1.5290 -1.4150
v -8.8245 1.5290 -1.4150
v -8.8245 1.6300 -1.4150
v -8.9497 1.6300 -1.4150
v -8.9497 2.4380 -1.4850
v -8.8245 2.4380 -1.4850
v -8.8245 3.1450 -1.4850
v -8.9497 3.1450 -1.4850
v -8.9497 2.4380 -1.4150
v -8.8245 2.4380 -1.4150
v -8.8245 3.1450 -1.4150
v -8.9497 3.1450 -1.4150
v -8.8245 1.1250 1.4500
v -6.5714 1.1250 1.4500
v -6.5714 1.2260 1.4500
v -8.8245 1.2260 1.4500
v -8.8245 1.1250 1.5200
v -6.5714 1.1250 1.5200
v -6.5714 1.2260 1.5200
v -8.8245 1.2260 1.5200
v -8.8245 1.5290 1.4500
v -6.5714 1.5290 1.4500
v -6.5714 1.6300 1.4500
v -8.8245 1.6300 1.4500
v -8.8245 1.5290 1.5200
v -6.5714 1.5290 1.5200
v -6.5714 1.6300 1.5200
v -8.8245 1.6300 1.5200
v -8.8245 2.4380 1.4500
v -6.5714 2.4380 1.4500
v -6.5714 2.6400 1.4500
v -8.8245 2.6400 1.4500
v -8.8245 2.4380 1.5200
v -6.5714 2.4380 1.5200
v -6.5714 2.6400 1.5200
v -8.8245 2.6400 1.5200
v -8.8245 1.1250 -1.5200
v -6.5714 1.1250 -1.5200
v -6.5714 1.2260 -1.5200
v -8.8245 1.2260 -1.5200
v -8.8245 1.1250 -1.4500
v -6.5714 1.1250 -1.4500
v -6.5714 1.2260 -1.4500
v -8.8245 1.2260 -1.4500
v -8.8245 1.5290 -1.5200
v -6.5714 1.5290 -1.5200
v -6.5714 1.6300 -1.5200
v -8.8245 1.6300 -1.5200
v -8.8245 1.5290 -1.4500
v -6.5714 1.5290 -1.4500
v -6.5714 1.6300 -1.4500
v -8.8245 1.6300 -1.4500
v -8.8245 2.4380 -1.5200
v -6.5714 2.4380 -1.5200
v -6.5714 2.6400 -1.5200
v -8.8245 2.6400 -1.5200
v -8.8245 2.4380 -1.4500
v -6.5714 2.4380 -1.4500
v -6.5714 2.6400 -1.4500
v -8.8245 2.6400 -1.4500
v -5.1946 1.1250 1.4500
v -2.8163 1.1250 1.4500
v -2.8163 1.2260 1.4500
v -5.1946 1.2260 1.4500
v -5.1946 1.1250 1.5200
v -2.8163 1.1250 1.5200
v -2.8163 1.2260 1.5200
v -5.1946 1.2260 1.5200
v -5.1946 1.5290 1.4500
v -2.8163 1.5290 1.4500
v -2.8163 1.6300 1.4500
v -5.1946 1.6300 1.4500
v -5.1946 1.5290 1.5200
v -2.8163 1.5290 1.5200
v -2.8163 1.6300 1.5200
v -5.1946 1.6300 1.5200
v -5.1946 2.4380 1.4500
v -2.8163 2.4380 1.4500
v -2.8163 2.6400 1.4500
v -5.1946 2.6400 1.4500
v -5.1946 2.4380 1.5200
v -2.8163 2.4380 1.5200
v -2.8163 2.6400 1.5200
v -5.1946 2.6400 1.5200
v -5.1946 1.1250 -1.5200
v -2.8163 1.1250 -1.5200
v -2.8163 1.2260 -1.5200
v -5.1946 1.2260 -1.5200
v -5.1946 1.1250 -1.4500
v -2.8163 1.1250 -1.4500
v -2.8163 1.2260 -1.4500
v -5.1946 1.2260 -1.4500
v -5.1946 1.5290 -1.5200
v -2.8163 1.5290 -1.5200
v -2.8163 1.6300 -1.5200
v -5.1946 1.6300 -1.5200
v -5.1946 1.5290 -1.4500
v -2.8163 1.5290 -1.4500
v -2.8163 1.6300 -1.4500
v -5.1946 1.6300 -1.4500
v -5.1946 2.4380 -1.5200
v -2.8163 2.4380 -1.5200
v -2.8163 2.6400 -1.5200
v -5.1946 2.6400 -1.5200
v -5.1946 2.4380 -1.4500
v -2.8163 2.4380 -1.4500
v -2.8163 2.6400 -1.4500
v -5.1946 2.6400 -1.4500
v -1.4395 1.1250 1.4500
v 0.9388 1.1250 1.4500
v 0.9388 1.2260 1.4500
v -1.4395 1.2260 1.4500
v -1.4395 1.1250 1.5200
v 0.9388 1.1250 1.5200
v 0.9388 1.2260 1.5200
v -1.4395 1.2260 1.5200
v -1.4395 1.5290 1.4500
v 0.9388 1.5290 1.4500
v 0.9388 1.6300 1.4500
v -1.4395 1.6300 1.4500
v -1.4395 1.5290 1.5200
v 0.9388 1.5290 1.5200
v 0.9388 1.6300 1.5200
v -1.4395 1.6300 1.5200
v -1.4395 2.4380 1.4500
v 0.9388 2.4380 1.4500
v 0.9388 2.6400 1.4500
v -1.4395 2.6400 1.4500
v -1.4395 2.4380 1.5200
v 0.9388 2.4380 1.5200
v 0.9388 2.6400 1.5200
v -1.4395 2.6400 1.5200
v -1.4395 1.1250 -1.5200
v 0.9388 1.1250 -1.5200
v 0.9388 1.2260 -1.5200
v -1.4395 1.2260 -1.5200
v -1.4395 1.1250 -1.4500
v 0.9388 1.1250 -1.4500
v 0.9388 1.2260 -1.4500
v -1.4395 1.2260 -1.4500
v -1.4395 1.5290 -1.5200
v 0.9388 1.5290 -1.5200
v 0.9388 1.6300 -1.5200
v -1.4395 1.6300 -1.5200
v -1.4395 1.5290 -1.4500
v 0.9388 1.5290 -1.4500
v 0.9388 1.6300 -1.4500
v -1.4395 1.6300 -1.4500
v -1.4395 2.4380 -1.5200
v 0.9388 2.4380 -1.5200
v 0.9388 2.6400 -1.5200
v -1.4395 2.6400 -1.5200
v -1.4395 2.4380 -1.4500
v 0.9388 2.4380 -1.4500
v 0.9388 2.6400 -1.4500
v -1.4395 2.6400 -1.4500
v 2.3156 1.1250 1.4500
v 4.6939 1.1250 1.4500
v 4.6939 1.2260 1.4500
v 2.3156 1.2260 1.4500
v 2.3156 1.1250 1.5200
v 4.6939 1.1250 1.5200
v 4.6939 1.2260 1.5200
v 2.3156 1.2260 1.5200
v 2.3156 1.5290 1.4500
v 4.6939 1.5290 1.4500
v 4.6939 1.6300 1.4500
v 2.3156 1.6300 1.4500
v 2.3156 1.5290 1.5200
v 4.6939 1.5290 1.5200
v 4.6939 1.6300 1.5200
v 2.3156 1.6300 1.5200
v 2.3156 2.4380 1.4500
v 4.6939 2.4380 1.4500
v 4.6939 2.6400 1.4500
v 2.3156 2.6400 1.4500
v 2.3156 2.4380 1.5200
v 4.6939 2.4380 1.5200
v 4.6939 2.6400 1.5200
v 2.3156 2.6400 1.5200
v 2.3156 1.1250 -1.5200
v 4.6939 1.1250 -1.5200
v 4.6939 1.2260 -1.5200
v 2.3156 1.2260 -1.5200
v 2.3156 1.1250 -1.4500
v 4.6939 1.1250 -1.4500
v 4.6939 1.2260 -1.4500
v 2.3156 1.2260 -1.4500
v 2.3156 1.5290 -1.5200
v 4.6939 1.5290 -1.5200
v 4.6939 1.6300 -1.5200
v 2.3156 1.6300 -1.5200
v 2.3156 1.5290 -1.4500
v 4.6939 1.5290 -1.4500
v 4.6939 1.6300 -1.4500
v 2.3156 1.6300 -1.4500
v 2.3156 2.4380 -1.5200
v 4.6939 2.4380 -1.5200
v 4.6939 2.6400 -1.5200
v 2.3156 2.6400 -1.5200
v 2.3156 2.4380 -1.4500
v 4.6939 2.4380 -1.4500
v 4.6939 2.6400 -1.4500
v 2.3156 2.6400 -1.4500
v 6.0707 1.1250 1.4500
v 8.4490 1.1250 1.4500
v 8.4490 1.2260 1.4500
v 6.0707 1.2260 1.4500
v 6.0707 1.1250 1.5200
v 8.4490 1.1250 1.5200
v 8.4490 1.2260 1.5200
v 6.0707 1.2260 1.5200
v 6.0707 1.5290 1.4500
v 8.4490 1.5290 1.4500
v 8.4490 1.6300 1.4500
v 6.0707 1.6300 1.4500
v 6.0707 1.5290 1.5200
v 8.4490 1.5290 1.5200
v 8.4490 1.6300 1.5200
v 6.0707 1.6300 1.5200
v 6.0707 2.4380 1.4500
v 8.4490 2.4380 1.4500
v 8.4490 2.6400 1.4500
v 6.0707 2.6400 1.4500
v 6.0707 2.4380 1.5200
v 8.4490 2.4380 1.5200
v 8.4490 2.6400 1.5200
v 6.0707 2.6400 1.5200
v 6.0707 1.1250 -1.5200
v 8.4490 1.1250 -1.5200
v 8.4490 1.2260 -1.5200
v 6.0707 1.2260 -1.5200
v 6.0707 1.1250 -1.4500
v 8.4490 1.1250 -1.4500
v 8.4490 1.2260 -1.4500
v 6.0707 1.2260 -1.4500
v 6.0707 1.5290 -1.5200
v 8.4490 1.5290 -1.5200
v 8.4490 1.6300 -1.5200
v 6.0707 1.6300 -1.5200
v 6.0707 1.5290 -1.4500
v 8.4490 1.5290 -1.4500
v 8.4490 1.6300 -1.4500
v 6.0707 1.6300 -1.4500
v 6.0707 2.4380 -1.5200
v 8.4490 2.4380 -1.5200
v 8.4490 2.6400 -1.5200
v 6.0707 2.6400 -1.5200
v 6.0707 2.4380 -1.4500
v 8.4490 2.4380 -1.4500
v 8.4490 2.6400 -1.4500
v 6.0707 2.6400 -1.4500
v 8.4490 1.1250 1.4500
v 8.5741 1.1250 1.4500
v 8.5741 1.2260 1.4500
v 8.4490 1.2260 1.4500
v 8.4490 1.1250 1.5200
v 8.5741 1.1250 1.5200
v 8.5741 1.2260 1.5200
v 8.4490 1.2260 1.5200
v 8.4490 1.5290 1.4500
v 8.5741 1.5290 1.4500
v 8.5741 3.1450 1.4500
v 8.4490 3.1450 1.4500
v 8.4490 1.5290 1.5200
v 8.5741 1.5290 1.5200
v 8.5741 3.1450 1.5200
v 8.4490 3.1450 1.5200
v 8.4490 1.1250 -1.5200
v 8.5741 1.1250 -1.5200
v 8.5741 1.2260 -1.5200
v 8.4490 1.2260 -1.5200
v 8.4490 1.1250 -1.4500
v 8.5741 1.1250 -1.4500
v 8.5741 1.2260 -1.4500
v 8.4490 1.2260 -1.4500
v 8.4490 1.5290 -1.5200
v 8.5741 1.5290 -1.5200
v 8.5741 3.1450 -1.5200
v 8.4490 3.1450 -1.5200
v 8.4490 1.5290 -1.4500
v 8.5741 1.5290 -1.4500
v 8.5741 3.1450 -1.4500
v 8.4490 3.1450 -1.4500
v 8.5741 1.1250 1.4470
v 8.6993 1.1250 1.4470
v 8.6993 1.2260 1.4470
v 8.5741 1.2260 1.4470
v 8.5741 1.1250 1.5170
v 8.6993 1.1250 1.5170
v 8.6993 1.2260 1.5170
v 8.5741 1.2260 1.5170
v 8.5741 1.5290 1.4470
v 8.6993 1.5290 1.4470
v 8.6993 3.1450 1.4470
v 8.5741 3.1450 1.4470
v 8.5741 1.5290 1.5170
v 8.6993 1.5290 1.5170
v 8.6993 3.1450 1.5170
v 8.5741 3.1450 1.5170
v 8.5741 1.1250 -1.5170
v 8.6993 1.1250 -1.5170
v 8.6993 1.2260 -1.5170
v 8.5741 1.2260 -1.5170
v 8.5741 1.1250 -1.4470
v 8.6993 1.1250 -1.4470
v 8.6993 1.2260 -1.4470
v 8.5741 1.2260 -1.4470
v 8.5741 1.5290 -1.5170
v 8.6993 1.5290 -1.5170
v 8.6993 3.1450 -1.5170
v 8.5741 3.1450 -1.5170
v 8.5741 1.5290 -1.4470
v 8.6993 1.5290 -1.4470
v 8.6993 3.1450 -1.4470
v 8.5741 3.1450 -1.4470
v 8.6993 1.1250 1.4390
v 8.8245 1.1250 1.4390
v 8.8245 1.2260 1.4390
v 8.6993 1.2260 1.4390
v 8.6993 1.1250 1.5090
v 8.8245 1.1250 1.5090
v 8.8245 1.2260 1.5090
v 8.6993 1.2260 1.5090
v 8.6993 1.5290 1.4390
v 8.8245 1.5290 1.4390
v 8.8245 3.0440 1.4390
v 8.6993 3.0440 1.4390
v 8.6993 1.5290 1.5090
v 8.8245 1.5290 1.5090
v 8.8245 3.0440 1.5090
v 8.6993 3.0440 1.5090
v 8.6993 1.1250 -1.5090
v 8.8245 1.1250 -1.5090
v 8.8245 1.2260 -1.5090
v 8.6993 1.2260 -1.5090
v 8.6993 1.1250 -1.4390
v 8.8245 1.1250 -1.4390
v 8.8245 1.2260 -1.4390
v 8.6993 1.2260 -1.4390
v 8.6993 1.5290 -1.5090
v 8.8245 1.5290 -1.5090
v 8.8245 3.0440 -1.5090
v 8.6993 3.0440 -1.5090
v 8.6993 1.5290 -1.4390
v 8.8245 1.5290 -1.4390
v 8.8245 3.0440 -1.4390
v 8.6993 3.0440 -1.4390
v 8.8245 1.1250 1.4270
v 8.9497 1.1250 1.4270
v 8.9497 1.2260 1.4270
v 8.8245 1.2260 1.4270
v 8.8245 1.1250 1.4970
v 8.9497 1.1250 1.4970
v 8.9497 1.2260 1.4970
v 8.8245 1.2260 1.4970
v 8.8245 1.1250 -1.4970
v 8.9497 1.1250 -1.4970
v 8.9497 1.2260 -1.4970
v 8.8245 1.2260 -1.4970
v 8.8245 1.1250 -1.4270
v 8.9497 1.1250 -1.4270
v 8.9497 1.2260 -1.4270
v 8.8245 1.2260 -1.4270
v 8.9497 1.1250 1.4090
v 9.0748 1.1250 1.4090
v 9.0748 1.2260 1.4090
v 8.9497 1.2260 1.4090
v 8.9497 1.1250 1.4790
v 9.0748 1.1250 1.4790
v 9.0748 1.2260 1.4790
v 8.9497 1.2260 1.4790
v 8.9497 1.1250 -1.4790
v 9.0748 1.1250 -1.4790
v 9.0748 1.2260 -1.4790
v 8.9497 1.2260 -1.4790
v 8.9497 1.1250 -1.4090
v 9.0748 1.1250 -1.4090
v 9.0748 1.2260 -1.4090
v 8.9497 1.2260 -1.4090
v 9.0748 1.1250 1.3870
v 9.2000 1.1250 1.3870
v 9.2000 1.2260 1.3870
v 9.0748 1.2260 1.3870
v 9.0748 1.1250 1.4570
v 9.2000 1.1250 1.4570
v 9.2000 1.2260 1.4570
v 9.0748 1.2260 1.4570
v 9.0748 1.1250 -1.4570
v 9.2000 1.1250 -1.4570
v 9.2000 1.2260 -1.4570
v 9.0748 1.2260 -1.4570
v 9.0748 1.1250 -1.3870
v 9.2000 1.1250 -1.3870
v 9.2000 1.2260 -1.3870
v 9.0748 1.2260 -1.3870
v -8.9497 1.2260 1.4150
v -8.8245 1.2260 1.4150
v -8.8245 1.3270 1.4150
v -8.9497 1.3270 1.4150
v -8.9497 1.2260 1.4850
v -8.8245 1.2260 1.4850
v -8.8245 1.3270 1.4850
v -8.9497 1.3270 1.4850
v -8.9497 1.2260 -1.4850
v -8.8245 1.2260 -1.4850
v -8.8245 1.3270 -1.4850
v -8.9497 1.3270 -1.4850
v -8.9497 1.2260 -1.4150
v -8.8245 1.2260 -1.4150
v -8.8245 1.3270 -1.4150
v -8.9497 1.3270 -1.4150
v -8.8245 1.2260 1.4500
v -6.5714 1.2260 1.4500
v -6.5714 1.3270 1.4500
v -8.8245 1.3270 1.4500
v -8.8245 1.2260 1.5200
v -6.5714 1.2260 1.5200
v -6.5714 1.3270 1.5200
v -8.8245 1.3270 1.5200
v -8.8245 1.2260 -1.5200
v -6.5714 1.2260 -1.5200
v -6.5714 1.3270 -1.5200
v -8.8245 1.3270 -1.5200
v -8.8245 1.2260 -1.4500
v -6.5714 1.2260 -1.4500
v -6.5714 1.3270 -1.4500
v -8.8245 1.3270 -1.4500
v -5.1946 1.2260 1.4500
v -2.8163 1.2260 1.4500
v -2.8163 1.3270 1.4500
v -5.1946 1.3270 1.4500
v -5.1946 1.2260 1.5200
v -2.8163 1.2260 1.5200
v -2.8163 1.3270 1.5200
v -5.1946 1.3270 1.5200
v -5.1946 1.2260 -1.5200
v -2.8163 1.2260 -1.5200
v -2.8163 1.3270 -1.5200
v -5.1946 1.3270 -1.5200
v -5.1946 1.2260 -1.4500
v -2.8163 1.2260 -1.4500
v -2.8163 1.3270 -1.4500
v -5.1946 1.3270 -1.4500
v -1.4395 1.2260 1.4500
v 0.9388 1.2260 1.4500
v 0.9388 1.3270 1.4500
v -1.4395 1.3270 1.4500
v -1.4395 1.2260 1.5200
v 0.9388 1.2260 1.5200
v 0.9388 1.3270 1.5200
v -1.4395 1.3270 1.5200
v -1.4395 1.2260 -1.5200
v 0.9388 1.2260 -1.5200
v 0.9388 1.3270 -1.5200
v -1.4395 1.3270 -1.5200
v -1.4395 1.2260 -1.4500
v 0.9388 1.2260 -1.4500
v 0.9388 1.3270 -1.4500
v -1.4395 1.3270 -1.4500
v 2.3156 1.2260 1.4500
v 4.6939 1.2260 1.4500
v 4.6939 1.3270 1.4500
v 2.3156 1.3270 1.4500
v 2.3156 1.2260 1.5200
v 4.6939 1.2260 1.5200
v 4.6939 1.3270 1.5200
v 2.3156 1.3270 1.5200
v 2.3156 1.2260 -1.5200
v 4.6939 1.2260 -1.5200
v 4.6939 1.3270 -1.5200
v 2.3156 1.3270 -1.5200
v 2.3156 1.2260 -1.4500
v 4.6939 1.2260 -1.4500
v 4.6939 1.3270 -1.4500
v 2.3156 1.3270 -1.4500
v 6.0707 1.2260 1.4500
v 8.5741 1.2260 1.4500
v 8.5741 1.3270 1.4500
v 6.0707 1.3270 1.4500
v 6.0707 1.2260 1.5200
v 8.5741 1.2260 1.5200
v 8.5741 1.3270 1.5200
v 6.0707 1.3270 1.5200
v 6.0707 1.2260 -1.5200
v 8.5741 1.2260 -1.5200
v 8.5741 1.3270 -1.5200
v 6.0707 1.3270 -1.5200
v 6.0707 1.2260 -1.4500
v 8.5741 1.2260 -1.4500
v 8.5741 1.3270 -1.4500
v 6.0707 1.3270 -1.4500
v 8.5741 1.2260 1.4470
v 8.6993 1.2260 1.4470
v 8.6993 1.3270 1.4470
v 8.5741 1.3270 1.4470
v 8.5741 1.2260 1.5170
v 8.6993 1.2260 1.5170
v 8.6993 1.3270 1.5170
v 8.5741 1.3270 1.5170
v 8.5741 1.2260 -1.5170
v 8.6993 1.2260 -1.5170
v 8.6993 1.3270 -1.5170
v 8.5741 1.3270 -1.5170
v 8.5741 1.2260 -1.4470
v 8.6993 1.2260 -1.4470
v 8.6993 1.3270 -1.4470
v 8.5741 1.3270 -1.4470
v 8.6993 1.2260 1.4390
v 8.8245 1.2260 1.4390
v 8.8245 1.3270 1.4390
v 8.6993 1.3270 1.4390
v 8.6993 1.2260 1.5090
v 8.8245 1.2260 1.5090
v 8.8245 1.3270 1.5090
v 8.6993 1.3270 1.5090
v 8.6993 1.2260 -1.5090
v 8.8245 1.2260 -1.5090
v 8.8245 1.3270 -1.5090
v 8.6993 1.3270 -1.5090
v 8.6993 1.2260 -1.4390
v 8.8245 1.2260 -1.4390
v 8.8245 1.3270 -1.4390
v 8.6993 1.3270 -1.4390
v 8.8245 1.2260 1.4270
v 8.9497 1.2260 1.4270
v 8.9497 1.3270 1.4270
v 8.8245 1.3270 1.4270
v 8.8245 1.2260 1.4970
v 8.9497 1.2260 1.4970
v 8.9497 1.3270 1.4970
v 8.8245 1.3270 1.4970
v 8.8245 1.2260 -1.4970
v 8.9497 1.2260 -1.4970
v 8.9497 1.3270 -1.4970
v 8.8245 1.3270 -1.4970
v 8.8245 1.2260 -1.4270
v 8.9497 1.2260 -1.4270
v 8.9497 1.3270 -1.4270
v 8.8245 1.3270 -1.4270
v 8.9497 1.2260 1.4090
v 9.0748 1.2260 1.4090
v 9.0748 1.3270 1.4090
v 8.9497 1.3270 1.4090
v 8.9497 1.2260 1.4790
v 9.0748 1.2260 1.4790
v 9.0748 1.3270 1.4790
v 8.9497 1.3270 1.4790
v 8.9497 1.2260 -1.4790
v 9.0748 1.2260 -1.4790
v 9.0748 1.3270 -1.4790
v 8.9497 1.3270 -1.4790
v 8.9497 1.2260 -1.4090
v 9.0748 1.2260 -1.4090
v 9.0748 1.3270 -1.4090
v 8.9497 1.3270 -1.4090
v 9.0748 1.2260 1.3870
v 9.2000 1.2260 1.3870
v 9.2000 1.3270 1.3870
v 9.0748 1.3270 1.3870
v 9.0748 1.2260 1.4570
v 9.2000 1.2260 1.4570
v 9.2000 1.3270 1.4570
v 9.0748 1.3270 1.4570
v 9.0748 1.2260 -1.4570
v 9.2000 1.2260 -1.4570
v 9.2000 1.3270 -1.4570
v 9.0748 1.3270 -1.4570
v 9.0748 1.2260 -1.3870
v 9.2000 1.2260 -1.3870
v 9.2000 1.3270 -1.3870
v 9.0748 1.3270 -1.3870
v -8.9497 1.3270 1.4150
v -8.8245 1.3270 1.4150
v -8.8245 1.4280 1.4150
v -8.9497 1.4280 1.4150
v -8.9497 1.3270 1.4850
v -8.8245 1.3270 1.4850
v -8.8245 1.4280 1.4850
v -8.9497 1.4280 1.4850
v -8.9497 1.3270 -1.4850
v -8.8245 1.3270 -1.4850
v -8.8245 1.4280 -1.4850
v -8.9497 1.4280 -1.4850
v -8.9497 1.3270 -1.4150
v -8.8245 1.3270 -1.4150
v -8.8245 1.4280 -1.4150
v -8.9497 1.4280 -1.4150
v -8.8245 1.3270 1.4500
v -6.5714 1.3270 1.4500
v -6.5714 1.4280 1.4500
v -8.8245 1.4280 1.4500
v -8.8245 1.3270 1.5200
v -6.5714 1.3270 1.5200
v -6.5714 1.4280 1.5200
v -8.8245 1.4280 1.5200
v -8.8245 1.3270 -1.5200
v -6.5714 1.3270 -1.5200
v -6.5714 1.4280 -1.5200
v -8.8245 1.4280 -1.5200
v -8.8245 1.3270 -1.4500
v -6.5714 1.3270 -1.4500
v -6.5714 1.4280 -1.4500
v -8.8245 1.4280 -1.4500
v -5.1946 1.3270 1.4500
v -2.8163 1.3270 1.4500
v -2.8163 1.4280 1.4500
v -5.1946 1.4280 1.4500
v -5.1946 1.3270 1.5200
v -2.8163 1.3270 1.5200
v -2.8163 1.4280 1.5200
v -5.1946 1.4280 1.5200
v -5.1946 1.3270 -1.5200
v -2.8163 1.3270 -1.5200
v -2.8163 1.4280 -1.5200
v -5.1946 1.4280 -1.5200
v -5.1946 1.3270 -1.4500
v -2.8163 1.3270 -1.4500
v -2.8163 1.4280 -1.4500
v -5.1946 1.4280 -1.4500
v -1.4395 1.3270 1.4500
v 0.9388 1.3270 1.4500
v 0.9388 1.4280 1.4500
v -1.4395 1.4280 1.4500
v -1.4395 1.3270 1.5200
v 0.9388 1.3270 1.5200
v 0.9388 1.4280 1.5200
v -1.4395 1.4280 1.5200
v -1.4395 1.3270 -1.5200
v 0.9388 1.3270 -1.5200
v 0.9388 1.4280 -1.5200
v -1.4395 1.4280 -1.5200
v -1.4395 1.3270 -1.4500
v 0.9388 1.3270 -1.4500
v 0.9388 1.4280 -1.4500
v -1.4395 1.4280 -1.4500
v 2.3156 1.3270 1.4500
v 4.6939 1.3270 1.4500
v 4.6939 1.4280 1.4500
v 2.3156 1.4280 1.4500
v 2.3156 1.3270 1.5200
v 4.6939 1.3270 1.5200
v 4.6939 1.4280 1.5200
v 2.3156 1.4280 1.5200
v 2.3156 1.3270 -1.5200
v 4.6939 1.3270 -1.5200
v 4.6939 1.4280 -1.5200
v 2.3156 1.4280 -1.5200
v 2.3156 1.3270 -1.4500
v 4.6939 1.3270 -1.4500
v 4.6939 1.4280 -1.4500
v 2.3156 1.4280 -1.4500
v 6.0707 1.3270 1.4500
v 8.5741 1.3270 1.4500
v 8.5741 1.4280 1.4500
v 6.0707 1.4280 1.4500
v 6.0707 1.3270 1.5200
v 8.5741 1.3270 1.5200
v 8.5741 1.4280 1.5200
v 6.0707 1.4280 1.5200
v 6.0707 1.3270 -1.5200
v 8.5741 1.3270 -1.5200
v 8.5741 1.4280 -1.5200
v 6.0707 1.4280 -1.5200
v 6.0707 1.3270 -1.4500
v 8.5741 1.3270 -1.4500
v 8.5741 1.4280 -1.4500
v 6.0707 1.4280 -1.4500
v 8.5741 1.3270 1.4470
v 8.6993 1.3270 1.4470
v 8.6993 1.4280 1.4470
v 8.5741 1.4280 1.4470
v 8.5741 1.3270 1.5170
v 8.6993 1.3270 1.5170
v 8.6993 1.4280 1.5170
v 8.5741 1.4280 1.5170
v 8.5741 1.3270 -1.5170
v 8.6993 1.3270 -1.5170
v 8.6993 1.4280 -1.5170
v 8.5741 1.4280 -1.5170
v 8.5741 1.3270 -1.4470
v 8.6993 1.3270 -1.4470
v 8.6993 1.4280 -1.4470
v 8.5741 1.4280 -1.4470
v 8.6993 1.3270 1.4390
v 8.8245 1.3270 1.4390
v 8.8245 1.4280 1.4390
v 8.6993 1.4280 1.4390
v 8.6993 1.3270 1.5090
v 8.8245 1.3270 1.5090
v 8.8245 1.4280 1.5090
v 8.6993 1.4280 1.5090
v 8.6993 1.3270 -1.5090
v 8.8245 1.3270 -1.5090
v 8.8245 1.4280 -1.5090
v 8.6993 1.4280 -1.5090
v 8.6993 1.3270 -1.4390
v 8.8245 1.3270 -1.4390
v 8.8245 1.4280 -1.4390
v 8.6993 1.4280 -1.4390
v 8.8245 1.3270 1.4270
v 8.9497 1.3270 1.4270
v 8.9497 1.4280 1.4270
v 8.8245 1.4280 1.4270
v 8.8245 1.3270 1.4970
v 8.9497 1.3270 1.4970
v 8.9497 1.4280 1.4970
v 8.8245 1.4280 1.4970
v 8.8245 1.3270 -1.4970
v 8.9497 1.3270 -1.4970
v 8.9497 1.4280 -1.4970
v 8.8245 1.4280 -1.4970
v 8.8245 1.3270 -1.4270
v 8.9497 1.3270 -1.4270
v 8.9497 1.4280 -1.4270
v 8.8245 1.4280 -1.4270
v 8.9497 1.3270 1.4090
v 9.0748 1.3270 1.4090
v 9.0748 1.4280 1.4090
v 8.9497 1.4280 1.4090
v 8.9497 1.3270 1.4790
v 9.0748 1.3270 1.4790
v 9.0748 1.4280 1.4790
v 8.9497 1.4280 1.4790
v 8.9497 1.3270 -1.4790
v 9.0748 1.3270 -1.4790
v 9.0748 1.4280 -1.4790
v 8.9497 1.4280 -1.4790
v 8.9497 1.3270 -1.4090
v 9.0748 1.3270 -1.4090
v 9.0748 1.4280 -1.4090
v 8.9497 1.4280 -1.4090
v 9.0748 1.3270 1.3870
v 9.2000 1.3270 1.3870
v 9.2000 1.4280 1.3870
v 9.0748 1.4280 1.3870
v 9.0748 1.3270 1.4570
v 9.2000 1.3270 1.4570
v 9.2000 1.4280 1.4570
v 9.0748 1.4280 1.4570
v 9.0748 1.3270 -1.4570
v 9.2000 1.3270 -1.4570
v 9.2000 1.4280 -1.4570
v 9.0748 1.4280 -1.4570
v 9.0748 1.3270 -1.3870
v 9.2000 1.3270 -1.3870
v 9.2000 1.4280 -1.3870
v 9.0748 1.4280 -1.3870
v -8.9497 1.4280 1.4150
v -8.8245 1.4280 1.4150
v -8.8245 1.5290 1.4150
v -8.9497 1.5290 1.4150
v -8.9497 1.4280 1.4850
v -8.8245 1.4280 1.4850
v -8.8245 1.5290 1.4850
v -8.9497 1.5290 1.4850
v -8.9497 1.4280 -1.4850
v -8.8245 1.4280 -1.4850
v -8.8245 1.5290 -1.4850
v -8.9497 1.5290 -1.4850
v -8.9497 1.4280 -1.4150
v -8.8245 1.4280 -1.4150
v -8.8245 1.5290 -1.4150
v -8.9497 1.5290 -1.4150
v -8.8245 1.4280 1.4500
v -6.5714 1.4280 1.4500
v -6.5714 1.5290 1.4500
v -8.8245 1.5290 1.4500
v -8.8245 1.4280 1.5200
v -6.5714 1.4280 1.5200
v -6.5714 1.5290 1.5200
v -8.8245 1.5290 1.5200
v -8.8245 1.4280 -1.5200
v -6.5714 1.4280 -1.5200
v -6.5714 1.5290 -1.5200
v -8.8245 1.5290 -1.5200
v -8.8245 1.4280 -1.4500
v -6.5714 1.4280 -1.4500
v -6.5714 1.5290 -1.4500
v -8.8245 1.5290 -1.4500
v -5.1946 1.4280 1.4500
v -2.8163 1.4280 1.4500
v -2.8163 1.5290 1.4500
v -5.1946 1.5290 1.4500
v -5.1946 1.4280 1.5200
v -2.8163 1.4280 1.5200
v -2.8163 1.5290 1.5200
v -5.1946 1.5290 1.5200
v -5.1946 1.4280 -1.5200
v -2.8163 1.4280 -1.5200
v -2.8163 1.5290 -1.5200
v -5.1946 1.5290 -1.5200
v -5.1946 1.4280 -1.4500
v -2.8163 1.4280 -1.4500
v -2.8163 1.5290 -1.4500
v -5.1946 1.5290 -1.4500
v -1.4395 1.4280 1.4500
v 0.9388 1.4280 1.4500
v 0.9388 1.5290 1.4500
v -1.4395 1.5290 1.4500
v -1.4395 1.4280 1.5200
v 0.9388 1.4280 1.5200
v 0.9388 1.5290 1.5200
v -1.4395 1.5290 1.5200
v -1.4395 1.4280 -1.5200
v 0.9388 1.4280 -1.5200
v 0.9388 1.5290 -1.5200
v -1.4395 1.5290 -1.5200
v -1.4395 1.4280 -1.4500
v 0.9388 1.4280 -1.4500
v 0.9388 1.5290 -1.4500
v -1.4395 1.5290 -1.4500
v 2.3156 1.4280 1.4500
v 4.6939 1.4280 1.4500
v 4.6939 1.5290 1.4500
v 2.3156 1.5290 1.4500
v 2.3156 1.4280 1.5200
v 4.6939 1.4280 1.5200
v 4.6939 1.5290 1.5200
v 2.3156 1.5290 1.5200
v 2.3156 1.4280 -1.5200
v 4.6939 1.4280 -1.5200
v 4.6939 1.5290 -1.5200
v 2.3156 1.5290 -1.5200
v 2.3156 1.4280 -1.4500
v 4.6939 1.4280 -1.4500
v 4.6939 1.5290 -1.4500
v 2.3156 1.5290 -1.4500
v 6.0707 1.4280 1.4500
v 8.5741 1.4280 1.4500
v 8.5741 1.5290 1.4500
v 6.0707 1.5290 1.4500
v 6.0707 1.4280 1.5200
v 8.5741 1.4280 1.5200
v 8.5741 1.5290 1.5200
v 6.0707 1.5290 1.5200
v 6.0707 1.4280 -1.5200
v 8.5741 1.4280 -1.5200
v 8.5741 1.5290 -1.5200
v 6.0707 1.5290 -1.5200
v 6.0707 1.4280 -1.4500
v 8.5741 1.4280 -1.4500
v 8.5741 1.5290 -1.4500
v 6.0707 1.5290 -1.4500
v 8.5741 1.4280 1.4470
v 8.6993 1.4280 1.4470
v 8.6993 1.5290 1.4470
v 8.5741 1.5290 1.4470
v 8.5741 1.4280 1.5170
v 8.6993 1.4280 1.5170
v 8.6993 1.5290 1.5170
v 8.5741 1.5290 1.5170
v 8.5741 1.4280 -1.5170
v 8.6993 1.4280 -1.5170
v 8.6993 1.5290 -1.5170
v 8.5741 1.5290 -1.5170
v 8.5741 1.4280 -1.4470
v 8.6993 1.4280 -1.4470
v 8.6993 1.5290 -1.4470
v 8.5741 1.5290 -1.4470
v 8.6993 1.4280 1.4390
v 8.8245 1.4280 1.4390
v 8.8245 1.5290 1.4390
v 8.6993 1.5290 1.4390
v 8.6993 1.4280 1.5090
v 8.8245 1.4280 1.5090
v 8.8245 1.5290 1.5090
v 8.6993 1.5290 1.5090
v 8.6993 1.4280 -1.5090
v 8.8245 1.4280 -1.5090
v 8.8245 1.5290 -1.5090
v 8.6993 1.5290 -1.5090
v 8.6993 1.4280 -1.4390
v 8.8245 1.4280 -1.4390
v 8.8245 1.5290 -1.4390
v 8.6993 1.5290 -1.4390
v 8.8245 1.4280 1.4270
v 8.9497 1.4280 1.4270
v 8.9497 1.5290 1.4270
v 8.8245 1.5290 1.4270
v 8.8245 1.4280 1.4970
v 8.9497 1.4280 1.4970
v 8.9497 1.5290 1.4970
v 8.8245 1.5290 1.4970
v 8.8245 1.4280 -1.4970
v 8.9497 1.4280 -1.4970
v 8.9497 1.5290 -1.4970
v 8.8245 1.5290 -1.4970
v 8.8245 1.4280 -1.4270
v 8.9497 1.4280 -1.4270
v 8.9497 1.5290 -1.4270
v 8.8245 1.5290 -1.4270
v 8.9497 1.4280 1.4090
v 9.0748 1.4280 1.4090
v 9.0748 1.5290 1.4090
v 8.9497 1.5290 1.4090
v 8.9497 1.4280 1.4790
v 9.0748 1.4280 1.4790
v 9.0748 1.5290 1.4790
v 8.9497 1.5290 1.4790
v 8.9497 1.4280 -1.4790
v 9.0748 1.4280 -1.4790
v 9.0748 1.5290 -1.4790
v 8.9497 1.5290 -1.4790
v 8.9497 1.4280 -1.4090
v 9.0748 1.4280 -1.4090
v 9.0748 1.5290 -1.4090
v 8.9497 1.5290 -1.4090
v 9.0748 1.4280 1.3870
v 9.2000 1.4280 1.3870
v 9.2000 1.5290 1.3870
v 9.0748 1.5290 1.3870
v 9.0748 1.4280 1.4570
v 9.2000 1.4280 1.4570
v 9.2000 1.5290 1.4570
v 9.0748 1.5290 1.4570
v 9.0748 1.4280 -1.4570
v 9.2000 1.4280 -1.4570
v 9.2000 1.5290 -1.4570
v 9.0748 1.5290 -1.4570
v 9.0748 1.4280 -1.3870
v 9.2000 1.4280 -1.3870
v 9.2000 1.5290 -1.3870
v 9.0748 1.5290 -1.3870
v 8.8245 1.5290 1.4270
v 8.9497 1.5290 1.4270
v 8.9497 3.0440 1.4270
v 8.8245 3.0440 1.4270
v 8.8245 1.5290 1.4770
v 8.9497 1.5290 1.4770
v 8.9497 3.0440 1.4770
v 8.8245 3.0440 1.4770
v 8.8245 1.5290 -1.4770
v 8.9497 1.5290 -1.4770
v 8.9497 3.0440 -1.4770
v 8.8245 3.0440 -1.4770
v 8.8245 1.5290 -1.4270
v 8.9497 1.5290 -1.4270
v 8.9497 3.0440 -1.4270
v 8.8245 3.0440 -1.4270
v 8.9497 1.5290 1.4090
v 9.0748 1.5290 1.4090
v 9.0748 2.9430 1.4090
v 8.9497 2.9430 1.4090
v 8.9497 1.5290 1.4590
v 9.0748 1.5290 1.4590
v 9.0748 2.9430 1.4590
v 8.9497 2.9430 1.4590
v 8.9497 1.5290 -1.4590
v 9.0748 1.5290 -1.4590
v 9.0748 2.9430 -1.4590
v 8.9497 2.9430 -1.4590
v 8.9497 1.5290 -1.4090
v 9.0748 1.5290 -1.4090
v 9.0748 2.9430 -1.4090
v 8.9497 2.9430 -1.4090
v 9.0748 1.5290 1.3870
v 9.2000 1.5290 1.3870
v 9.2000 2.8420 1.3870
v 9.0748 2.8420 1.3870
v 9.0748 1.5290 1.4370
v 9.2000 1.5290 1.4370
v 9.2000 2.8420 1.4370
v 9.0748 2.8420 1.4370
v 9.0748 1.5290 -1.4370
v 9.2000 1.5290 -1.4370
v 9.2000 2.8420 -1.4370
v 9.0748 2.8420 -1.4370
v 9.0748 1.5290 -1.3870
v 9.2000 1.5290 -1.3870
v 9.2000 2.8420 -1.3870
v 9.0748 2.8420 -1.3870
v -8.9497 1.6300 1.4150
v -8.8245 1.6300 1.4150
v -8.8245 2.4380 1.4150
v -8.9497 2.4380 1.4150
v -8.9497 1.6300 1.4650
v -8.8245 1.6300 1.4650
v -8.8245 2.4380 1.4650
v -8.9497 2.4380 1.4650
v -8.9497 1.6300 -1.4650
v -8.8245 1.6300 -1.4650
v -8.8245 2.4380 -1.4650
v -8.9497 2.4380 -1.4650
v -8.9497 1.6300 -1.4150
v -8.8245 1.6300 -1.4150
v -8.8245 2.4380 -1.4150
v -8.9497 2.4380 -1.4150
v -8.8245 1.6300 1.4500
v -8.0735 1.6300 1.4500
v -8.0735 2.4380 1.4500
v -8.8245 2.4380 1.4500
v -8.8245 1.6300 1.5000
v -8.0735 1.6300 1.5000
v -8.0735 2.4380 1.5000
v -8.8245 2.4380 1.5000
v -8.8245 1.6300 -1.5000
v -8.0735 1.6300 -1.5000
v -8.0735 2.4380 -1.5000
v -8.8245 2.4380 -1.5000
v -8.8245 1.6300 -1.4500
v -8.0735 1.6300 -1.4500
v -8.0735 2.4380 -1.4500
v -8.8245 2.4380 -1.4500
v -8.0735 1.6300 1.4500
v -7.8231 1.6300 1.4500
v -7.8231 2.4380 1.4500
v -8.0735 2.4380 1.4500
v -8.0735 1.6300 1.5200
v -7.8231 1.6300 1.5200
v -7.8231 2.4380 1.5200
v -8.0735 2.4380 1.5200
v -8.0735 1.6300 -1.5200
v -7.8231 1.6300 -1.5200
v -7.8231 2.4380 -1.5200
v -8.0735 2.4380 -1.5200
v -8.0735 1.6300 -1.4500
v -7.8231 1.6300 -1.4500
v -7.8231 2.4380 -1.4500
v -8.0735 2.4380 -1.4500
v -7.8231 1.6300 1.4500
v -6.9469 1.6300 1.4500
v -6.9469 2.4380 1.4500
v -7.8231 2.4380 1.4500
v -7.8231 1.6300 1.5000
v -6.9469 1.6300 1.5000
v -6.9469 2.4380 1.5000
v -7.8231 2.4380 1.5000
v -7.8231 1.6300 -1.5000
v -6.9469 1.6300 -1.5000
v -6.9469 2.4380 -1.5000
v -7.8231 2.4380 -1.5000
v -7.8231 1.6300 -1.4500
v -6.9469 1.6300 -1.4500
v -6.9469 2.4380 -1.4500
v -7.8231 2.4380 -1.4500
v -6.9469 1.6300 1.4500
v -6.6966 1.6300 1.4500
v -6.6966 2.4380 1.4500
v -6.9469 2.4380 1.4500
v -6.9469 1.6300 1.5200
v -6.6966 1.6300 1.5200
v -6.6966 2.4380 1.5200
v -6.9469 2.4380 1.5200
v -6.9469 1.6300 -1.5200
v -6.6966 1.6300 -1.5200
v -6.6966 2.4380 -1.5200
v -6.9469 2.4380 -1.5200
v -6.9469 1.6300 -1.4500
v -6.6966 1.6300 -1.4500
v -6.6966 2.4380 -1.4500
v -6.9469 2.4380 -1.4500
v -6.6966 1.6300 1.4500
v -6.5714 1.6300 1.4500
v -6.5714 2.4380 1.4500
v -6.6966 2.4380 1.4500
v -6.6966 1.6300 1.5000
v -6.5714 1.6300 1.5000
v -6.5714 2.4380 1.5000
v -6.6966 2.4380 1.5000
v -6.6966 1.6300 -1.5000
v -6.5714 1.6300 -1.5000
v -6.5714 2.4380 -1.5000
v -6.6966 2.4380 -1.5000
v -6.6966 1.6300 -1.4500
v -6.5714 1.6300 -1.4500
v -6.5714 2.4380 -1.4500
v -6.6966 2.4380 -1.4500
v -5.1946 1.6300 1.4500
v -4.6939 1.6300 1.4500
v -4.6939 2.4380 1.4500
v -5.1946 2.4380 1.4500
v -5.1946 1.6300 1.5000
v -4.6939 1.6300 1.5000
v -4.6939 2.4380 1.5000
v -5.1946 2.4380 1.5000
v -5.1946 1.6300 -1.5000
v -4.6939 1.6300 -1.5000
v -4.6939 2.4380 -1.5000
v -5.1946 2.4380 -1.5000
v -5.1946 1.6300 -1.4500
v -4.6939 1.6300 -1.4500
v -4.6939 2.4380 -1.4500
v -5.1946 2.4380 -1.4500
v -4.6939 1.6300 1.4500
v -4.4435 1.6300 1.4500
v -4.4435 2.4380 1.4500
v -4.6939 2.4380 1.4500
v -4.6939 1.6300 1.5200
v -4.4435 1.6300 1.5200
v -4.4435 2.4380 1.5200
v -4.6939 2.4380 1.5200
v -4.6939 1.6300 -1.5200
v -4.4435 1.6300 -1.5200
v -4.4435 2.4380 -1.5200
v -4.6939 2.4380 -1.5200
v -4.6939 1.6300 -1.4500
v -4.4435 1.6300 -1.4500
v -4.4435 2.4380 -1.4500
v -4.6939 2.4380 -1.4500
v -4.4435 1.6300 1.4500
v -3.4422 1.6300 1.4500
v -3.4422 2.4380 1.4500
v -4.4435 2.4380 1.4500
v -4.4435 1.6300 1.5000
v -3.4422 1.6300 1.5000
v -3.4422 2.4380 1.5000
v -4.4435 2.4380 1.5000
v -4.4435 1.6300 -1.5000
v -3.4422 1.6300 -1.5000
v -3.4422 2.4380 -1.5000
v -4.4435 2.4380 -1.5000
v -4.4435 1.6300 -1.4500
v -3.4422 1.6300 -1.4500
v -3.4422 2.4380 -1.4500
v -4.4435 2.4380 -1.4500
v -3.4422 1.6300 1.4500
v -3.1918 1.6300 1.4500
v -3.1918 2.4380 1.4500
v -3.4422 2.4380 1.4500
v -3.4422 1.6300 1.5200
v -3.1918 1.6300 1.5200
v -3.1918 2.4380 1.5200
v -3.4422 2.4380 1.5200
v -3.4422 1.6300 -1.5200
v -3.1918 1.6300 -1.5200
v -3.1918 2.4380 -1.5200
v -3.4422 2.4380 -1.5200
v -3.4422 1.6300 -1.4500
v -3.1918 1.6300 -1.4500
v -3.1918 2.4380 -1.4500
v -3.4422 2.4380 -1.4500
v -3.1918 1.6300 1.4500
v -2.8163 1.6300 1.4500
v -2.8163 2.4380 1.4500
v -3.1918 2.4380 1.4500
v -3.1918 1.6300 1.5000
v -2.8163 1.6300 1.5000
v -2.8163 2.4380 1.5000
v -3.1918 2.4380 1.5000
v -3.1918 1.6300 -1.5000
v -2.8163 1.6300 -1.5000
v -2.8163 2.4380 -1.5000
v -3.1918 2.4380 -1.5000
v -3.1918 1.6300 -1.4500
v -2.8163 1.6300 -1.4500
v -2.8163 2.4380 -1.4500
v -3.1918 2.4380 -1.4500
v -1.4395 1.6300 1.4500
v -1.1891 1.6300 1.4500
v -1.1891 2.4380 1.4500
v -1.4395 2.4380 1.4500
v -1.4395 1.6300 1.5000
v -1.1891 1.6300 1.5000
v -1.1891 2.4380 1.5000
v -1.4395 2.4380 1.5000
v -1.4395 1.6300 -1.5000
v -1.1891 1.6300 -1.5000
v -1.1891 2.4380 -1.5000
v -1.4395 2.4380 -1.5000
v -1.4395 1.6300 -1.4500
v -1.1891 1.6300 -1.4500
v -1.1891 2.4380 -1.4500
v -1.4395 2.4380 -1.4500
v -1.1891 1.6300 1.4500
v -0.9388 1.6300 1.4500
v -0.9388 2.4380 1.4500
v -1.1891 2.4380 1.4500
v -1.1891 1.6300 1.5200
v -0.9388 1.6300 1.5200
v -0.9388 2.4380 1.5200
v -1.1891 2.4380 1.5200
v -1.1891 1.6300 -1.5200
v -0.9388 1.6300 -1.5200
v -0.9388 2.4380 -1.5200
v -1.1891 2.4380 -1.5200
v -1.1891 1.6300 -1.4500
v -0.9388 1.6300 -1.4500
v -0.9388 2.4380 -1.4500
v -1.1891 2.4380 -1.4500
v -0.9388 1.6300 1.4500
v -0.0626 1.6300 1.4500
v -0.0626 2.4380 1.4500
v -0.9388 2.4380 1.4500
v -0.9388 1.6300 1.5000
v -0.0626 1.6300 1.5000
v -0.0626 2.4380 1.5000
v -0.9388 2.4380 1.5000
v -0.9388 1.6300 -1.5000
v -0.0626 1.6300 -1.5000
v -0.0626 2.4380 -1.5000
v -0.9388 2.4380 -1.5000
v -0.9388 1.6300 -1.4500
v -0.0626 1.6300 -1.4500
v -0.0626 2.4380 -1.4500
v -0.9388 2.4380 -1.4500
v -0.0626 1.6300 1.4500
v 0.1878 1.6300 1.4500
v 0.1878 2.4380 1.4500
v -0.0626 2.4380 1.4500
v -0.0626 1.6300 1.5200
v 0.1878 1.6300 1.5200
v 0.1878 2.4380 1.5200
v -0.0626 2.4380 1.5200
v -0.0626 1.6300 -1.5200
v 0.1878 1.6300 -1.5200
v 0.1878 2.4380 -1.5200
v -0.0626 2.4380 -1.5200
v -0.0626 1.6300 -1.4500
v 0.1878 1.6300 -1.4500
v 0.1878 2.4380 -1.4500
v -0.0626 2.4380 -1.4500
v 0.1878 1.6300 1.4500
v 0.9388 1.6300 1.4500
v 0.9388 2.4380 1.4500
v 0.1878 2.4380 1.4500
v 0.1878 1.6300 1.5000
v 0.9388 1.6300 1.5000
v 0.9388 2.4380 1.5000
v 0.1878 2.4380 1.5000
v 0.1878 1.6300 -1.5000
v 0.9388 1.6300 -1.5000
v 0.9388 2.4380 -1.5000
v 0.1878 2.4380 -1.5000
v 0.1878 1.6300 -1.4500
v 0.9388 1.6300 -1.4500
v 0.9388 2.4380 -1.4500
v 0.1878 2.4380 -1.4500
v 2.3156 1.6300 1.4500
v 2.4408 1.6300 1.4500
v 2.4408 2.4380 1.4500
v 2.3156 2.4380 1.4500
v 2.3156 1.6300 1.5200
v 2.4408 1.6300 1.5200
v 2.4408 2.4380 1.5200
v 2.3156 2.4380 1.5200
v 2.3156 1.6300 -1.5200
v 2.4408 1.6300 -1.5200
v 2.4408 2.4380 -1.5200
v 2.3156 2.4380 -1.5200
v 2.3156 1.6300 -1.4500
v 2.4408 1.6300 -1.4500
v 2.4408 2.4380 -1.4500
v 2.3156 2.4380 -1.4500
v 2.4408 1.6300 1.4500
v 3.4422 1.6300 1.4500
v 3.4422 2.4380 1.4500
v 2.4408 2.4380 1.4500
v 2.4408 1.6300 1.5000
v 3.4422 1.6300 1.5000
v 3.4422 2.4380 1.5000
v 2.4408 2.4380 1.5000
v 2.4408 1.6300 -1.5000
v 3.4422 1.6300 -1.5000
v 3.4422 2.4380 -1.5000
v 2.4408 2.4380 -1.5000
v 2.4408 1.6300 -1.4500
v 3.4422 1.6300 -1.4500
v 3.4422 2.4380 -1.4500
v 2.4408 2.4380 -1.4500
v 3.4422 1.6300 1.4500
v 3.6925 1.6300 1.4500
v 3.6925 2.4380 1.4500
v 3.4422 2.4380 1.4500
v 3.4422 1.6300 1.5200
v 3.6925 1.6300 1.5200
v 3.6925 2.4380 1.5200
v 3.4422 2.4380 1.5200
v 3.4422 1.6300 -1.5200
v 3.6925 1.6300 -1.5200
v 3.6925 2.4380 -1.5200
v 3.4422 2.4380 -1.5200
v 3.4422 1.6300 -1.4500
v 3.6925 1.6300 -1.4500
v 3.6925 2.4380 -1.4500
v 3.4422 2.4380 -1.4500
v 3.6925 1.6300 1.4500
v 4.5687 1.6300 1.4500
v 4.5687 2.4380 1.4500
v 3.6925 2.4380 1.4500
v 3.6925 1.6300 1.5000
v 4.5687 1.6300 1.5000
v 4.5687 2.4380 1.5000
v 3.6925 2.4380 1.5000
v 3.6925 1.6300 -1.5000
v 4.5687 1.6300 -1.5000
v 4.5687 2.4380 -1.5000
v 3.6925 2.4380 -1.5000
v 3.6925 1.6300 -1.4500
v 4.5687 1.6300 -1.4500
v 4.5687 2.4380 -1.4500
v 3.6925 2.4380 -1.4500
v 4.5687 1.6300 1.4500
v 4.6939 1.6300 1.4500
v 4.6939 2.4380 1.4500
v 4.5687 2.4380 1.4500
v 4.5687 1.6300 1.5200
v 4.6939 1.6300 1.5200
v 4.6939 2.4380 1.5200
v 4.5687 2.4380 1.5200
v 4.5687 1.6300 -1.5200
v 4.6939 1.6300 -1.5200
v 4.6939 2.4380 -1.5200
v 4.5687 2.4380 -1.5200
v 4.5687 1.6300 -1.4500
v 4.6939 1.6300 -1.4500
v 4.6939 2.4380 -1.4500
v 4.5687 2.4380 -1.4500
v 6.0707 1.6300 1.4500
v 6.8218 1.6300 1.4500
v 6.8218 2.4380 1.4500
v 6.0707 2.4380 1.4500
v 6.0707 1.6300 1.5000
v 6.8218 1.6300 1.5000
v 6.8218 2.4380 1.5000
v 6.0707 2.4380 1.5000
v 6.0707 1.6300 -1.5000
v 6.8218 1.6300 -1.5000
v 6.8218 2.4380 -1.5000
v 6.0707 2.4380 -1.5000
v 6.0707 1.6300 -1.4500
v 6.8218 1.6300 -1.4500
v 6.8218 2.4380 -1.4500
v 6.0707 2.4380 -1.4500
v 6.8218 1.6300 1.4500
v 7.0721 1.6300 1.4500
v 7.0721 2.4380 1.4500
v 6.8218 2.4380 1.4500
v 6.8218 1.6300 1.5200
v 7.0721 1.6300 1.5200
v 7.0721 2.4380 1.5200
v 6.8218 2.4380 1.5200
v 6.8218 1.6300 -1.5200
v 7.0721 1.6300 -1.5200
v 7.0721 2.4380 -1.5200
v 6.8218 2.4380 -1.5200
v 6.8218 1.6300 -1.4500
v 7.0721 1.6300 -1.4500
v 7.0721 2.4380 -1.4500
v 6.8218 2.4380 -1.4500
v 7.0721 1.6300 1.4500
v 7.9483 1.6300 1.4500
v 7.9483 2.4380 1.4500
v 7.0721 2.4380 1.4500
v 7.0721 1.6300 1.5000
v 7.9483 1.6300 1.5000
v 7.9483 2.4380 1.5000
v 7.0721 2.4380 1.5000
v 7.0721 1.6300 -1.5000
v 7.9483 1.6300 -1.5000
v 7.9483 2.4380 -1.5000
v 7.0721 2.4380 -1.5000
v 7.0721 1.6300 -1.4500
v 7.9483 1.6300 -1.4500
v 7.9483 2.4380 -1.4500
v 7.0721 2.4380 -1.4500
v 7.9483 1.6300 1.4500
v 8.1986 1.6300 1.4500
v 8.1986 2.4380 1.4500
v 7.9483 2.4380 1.4500
v 7.9483 1.6300 1.5200
v 8.1986 1.6300 1.5200
v 8.1986 2.4380 1.5200
v 7.9483 2.4380 1.5200
v 7.9483 1.6300 -1.5200
v 8.1986 1.6300 -1.5200
v 8.1986 2.4380 -1.5200
v 7.9483 2.4380 -1.5200
v 7.9483 1.6300 -1.4500
v 8.1986 1.6300 -1.4500
v 8.1986 2.4380 -1.4500
v 7.9483 2.4380 -1.4500
v 8.1986 1.6300 1.4500
v 8.4490 1.6300 1.4500
v 8.4490 2.4380 1.4500
v 8.1986 2.4380 1.4500
v 8.1986 1.6300 1.5000
v 8.4490 1.6300 1.5000
v 8.4490 2.4380 1.5000
v 8.1986 2.4380 1.5000
v 8.1986 1.6300 -1.5000
v 8.4490 1.6300 -1.5000
v 8.4490 2.4380 -1.5000
v 8.1986 2.4380 -1.5000
v 8.1986 1.6300 -1.4500
v 8.4490 1.6300 -1.4500
v 8.4490 2.4380 -1.4500
v 8.1986 2.4380 -1.4500
v -6.5714 2.5390 1.4500
v -5.1946 2.5390 1.4500
v -5.1946 2.6400 1.4500
v -6.5714 2.6400 1.4500
v -6.5714 2.5390 1.5200
v -5.1946 2.5390 1.5200
v -5.1946 2.6400 1.5200
v -6.5714 2.6400 1.5200
v -6.5714 2.5390 -1.5200
v -5.1946 2.5390 -1.5200
v -5.1946 2.6400 -1.5200
v -6.5714 2.6400 -1.5200
v -6.5714 2.5390 -1.4500
v -5.1946 2.5390 -1.4500
v -5.1946 2.6400 -1.4500
v -6.5714 2.6400 -1.4500
v -2.8163 2.5390 1.4500
v -1.4395 2.5390 1.4500
v -1.4395 2.6400 1.4500
v -2.8163 2.6400 1.4500
v -2.8163 2.5390 1.5200
v -1.4395 2.5390 1.5200
v -1.4395 2.6400 1.5200
v -2.8163 2.6400 1.5200
v -2.8163 2.5390 -1.5200
v -1.4395 2.5390 -1.5200
v -1.4395 2.6400 -1.5200
v -2.8163 2.6400 -1.5200
v -2.8163 2.5390 -1.4500
v -1.4395 2.5390 -1.4500
v -1.4395 2.6400 -1.4500
v -2.8163 2.6400 -1.4500
v 0.9388 2.5390 1.4500
v 2.3156 2.5390 1.4500
v 2.3156 2.6400 1.4500
v 0.9388 2.6400 1.4500
v 0.9388 2.5390 1.5200
v 2.3156 2.5390 1.5200
v 2.3156 2.6400 1.5200
v 0.9388 2.6400 1.5200
v 0.9388 2.5390 -1.5200
v 2.3156 2.5390 -1.5200
v 2.3156 2.6400 -1.5200
v 0.9388 2.6400 -1.5200
v 0.9388 2.5390 -1.4500
v 2.3156 2.5390 -1.4500
v 2.3156 2.6400 -1.4500
v 0.9388 2.6400 -1.4500
v 4.6939 2.5390 1.4500
v 6.0707 2.5390 1.4500
v 6.0707 2.6400 1.4500
v 4.6939 2.6400 1.4500
v 4.6939 2.5390 1.5200
v 6.0707 2.5390 1.5200
v 6.0707 2.6400 1.5200
v 4.6939 2.6400 1.5200
v 4.6939 2.5390 -1.5200
v 6.0707 2.5390 -1.5200
v 6.0707 2.6400 -1.5200
v 4.6939 2.6400 -1.5200
v 4.6939 2.5390 -1.4500
v 6.0707 2.5390 -1.4500
v 6.0707 2.6400 -1.4500
v 4.6939 2.6400 -1.4500
v -8.8245 2.6400 1.4500
v 8.4490 2.6400 1.4500
v 8.4490 3.1450 1.4500
v -8.8245 3.1450 1.4500
v -8.8245 2.6400 1.5200
v 8.4490 2.6400 1.5200
v 8.4490 3.1450 1.5200
v -8.8245 3.1450 1.5200
v -8.8245 2.6400 -1.5200
v 8.4490 2.6400 -1.5200
v 8.4490 3.1450 -1.5200
v -8.8245 3.1450 -1.5200
v -8.8245 2.6400 -1.4500
v 8.4490 2.6400 -1.4500
v 8.4490 3.1450 -1.4500
v -8.8245 3.1450 -1.4500
v 9.0748 2.8420 1.3730
v 9.2000 2.8420 1.3730
v 9.2000 2.9430 1.3730
v 9.0748 2.9430 1.3730
v 9.0748 2.8420 1.4230
v 9.2000 2.8420 1.4230
v 9.2000 2.9430 1.4230
v 9.0748 2.9430 1.4230
v 9.0748 2.8420 -1.4230
v 9.2000 2.8420 -1.4230
v 9.2000 2.9430 -1.4230
v 9.0748 2.9430 -1.4230
v 9.0748 2.8420 -1.3730
v 9.2000 2.8420 -1.3730
v 9.2000 2.9430 -1.3730
v 9.0748 2.9430 -1.3730
v 8.9497 2.9430 1.3960
v 9.0748 2.9430 1.3960
v 9.0748 3.0440 1.3960
v 8.9497 3.0440 1.3960
v 8.9497 2.9430 1.4460
v 9.0748 2.9430 1.4460
v 9.0748 3.0440 1.4460
v 8.9497 3.0440 1.4460
v 8.9497 2.9430 -1.4460
v 9.0748 2.9430 -1.4460
v 9.0748 3.0440 -1.4460
v 8.9497 3.0440 -1.4460
v 8.9497 2.9430 -1.3960
v 9.0748 2.9430 -1.3960
v 9.0748 3.0440 -1.3960
v 8.9497 3.0440 -1.3960
v 9.0748 2.9430 1.3170
v 9.2000 2.9430 1.3170
v 9.2000 3.0440 1.3170
v 9.0748 3.0440 1.3170
v 9.0748 2.9430 1.3870
v 9.2000 2.9430 1.3870
v 9.2000 3.0440 1.3870
v 9.0748 3.0440 1.3870
v 9.0748 2.9430 -1.3870
v 9.2000 2.9430 -1.3870
v 9.2000 3.0440 -1.3870
v 9.0748 3.0440 -1.3870
v 9.0748 2.9430 -1.3170
v 9.2000 2.9430 -1.3170
v 9.2000 3.0440 -1.3170
v 9.0748 3.0440 -1.3170
v 8.6993 3.0440 1.4350
v 8.8245 3.0440 1.4350
v 8.8245 3.1450 1.4350
v 8.6993 3.1450 1.4350
v 8.6993 3.0440 1.5050
v 8.8245 3.0440 1.5050
v 8.8245 3.1450 1.5050
v 8.6993 3.1450 1.5050
v 8.6993 3.0440 -1.5050
v 8.8245 3.0440 -1.5050
v 8.8245 3.1450 -1.5050
v 8.6993 3.1450 -1.5050
v 8.6993 3.0440 -1.4350
v 8.8245 3.0440 -1.4350
v 8.8245 3.1450 -1.4350
v 8.6993 3.1450 -1.4350
v 8.8245 3.0440 1.4050
v 8.9497 3.0440 1.4050
v 8.9497 3.1450 1.4050
v 8.8245 3.1450 1.4050
v 8.8245 3.0440 1.4550
v 8.9497 3.0440 1.4550
v 8.9497 3.1450 1.4550
v 8.8245 3.1450 1.4550
v 8.8245 3.0440 -1.4550
v 8.9497 3.0440 -1.4550
v 8.9497 3.1450 -1.4550
v 8.8245 3.1450 -1.4550
v 8.8245 3.0440 -1.4050
v 8.9497 3.0440 -1.4050
v 8.9497 3.1450 -1.4050
v 8.8245 3.1450 -1.4050
v 8.9497 3.0440 1.3400
v 9.0748 3.0440 1.3400
v 9.0748 3.1450 1.3400
v 8.9497 3.1450 1.3400
v 8.9497 3.0440 1.4100
v 9.0748 3.0440 1.4100
v 9.0748 3.1450 1.4100
v 8.9497 3.1450 1.4100
v 8.9497 3.0440 -1.4100
v 9.0748 3.0440 -1.4100
v 9.0748 3.1450 -1.4100
v 8.9497 3.1450 -1.4100
v 8.9497 3.0440 -1.3400
v 9.0748 3.0440 -1.3400
v 9.0748 3.1450 -1.3400
v 8.9497 3.1450 -1.3400
v 9.0748 3.0440 1.2130
v 9.2000 3.0440 1.2130
v 9.2000 3.1450 1.2130
v 9.0748 3.1450 1.2130
v 9.0748 3.0440 1.2830
v 9.2000 3.0440 1.2830
v 9.2000 3.1450 1.2830
v 9.0748 3.1450 1.2830
v 9.0748 3.0440 -1.2830
v 9.2000 3.0440 -1.2830
v 9.2000 3.1450 -1.2830
v 9.0748 3.1450 -1.2830
v 9.0748 3.0440 -1.2130
v 9.2000 3.0440 -1.2130
v 9.2000 3.1450 -1.2130
v 9.0748 3.1450 -1.2130
v -9.2000 3.1450 1.3570
v -8.9497 3.1450 1.3570
v -8.9497 3.2460 1.3570
v -9.2000 3.2460 1.3570
v -9.2000 3.1450 1.4270
v -8.9497 3.1450 1.4270
v -8.9497 3.2460 1.4270
v -9.2000 3.2460 1.4270
v -9.2000 3.1450 -1.4270
v -8.9497 3.1450 -1.4270
v -8.9497 3.2460 -1.4270
v -9.2000 3.2460 -1.4270
v -9.2000 3.1450 -1.3570
v -8.9497 3.1450 -1.3570
v -8.9497 3.2460 -1.3570
v -9.2000 3.2460 -1.3570
v -8.9497 3.1450 1.4120
v -8.8245 3.1450 1.4120
v -8.8245 3.2460 1.4120
v -8.9497 3.2460 1.4120
v -8.9497 3.1450 1.4820
v -8.8245 3.1450 1.4820
v -8.8245 3.2460 1.4820
v -8.9497 3.2460 1.4820
v -8.9497 3.1450 -1.4820
v -8.8245 3.1450 -1.4820
v -8.8245 3.2460 -1.4820
v -8.9497 3.2460 -1.4820
v -8.9497 3.1450 -1.4120
v -8.8245 3.1450 -1.4120
v -8.8245 3.2460 -1.4120
v -8.9497 3.2460 -1.4120
v -8.8245 3.1450 1.4470
v 8.4490 3.1450 1.4470
v 8.4490 3.2460 1.4470
v -8.8245 3.2460 1.4470
v -8.8245 3.1450 1.5170
v 8.4490 3.1450 1.5170
v 8.4490 3.2460 1.5170
v -8.8245 3.2460 1.5170
v -8.8245 3.1450 -1.5170
v 8.4490 3.1450 -1.5170
v 8.4490 3.2460 -1.5170
v -8.8245 3.2460 -1.5170
v -8.8245 3.1450 -1.4470
v 8.4490 3.1450 -1.4470
v 8.4490 3.2460 -1.4470
v -8.8245 3.2460 -1.4470
v 8.4490 3.1450 1.4270
v 8.5741 3.1450 1.4270
v 8.5741 3.2460 1.4270
v 8.4490 3.2460 1.4270
v 8.4490 3.1450 1.4970
v 8.5741 3.1450 1.4970
v 8.5741 3.2460 1.4970
v 8.4490 3.2460 1.4970
v 8.4490 3.1450 -1.4970
v 8.5741 3.1450 -1.4970
v 8.5741 3.2460 -1.4970
v 8.4490 3.2460 -1.4970
v 8.4490 3.1450 -1.4270
v 8.5741 3.1450 -1.4270
v 8.5741 3.2460 -1.4270
v 8.4490 3.2460 -1.4270
v 8.5741 3.1450 1.4190
v 8.6993 3.1450 1.4190
v 8.6993 3.2460 1.4190
v 8.5741 3.2460 1.4190
v 8.5741 3.1450 1.4890
v 8.6993 3.1450 1.4890
v 8.6993 3.2460 1.4890
v 8.5741 3.2460 1.4890
v 8.5741 3.1450 -1.4890
v 8.6993 3.1450 -1.4890
v 8.6993 3.2460 -1.4890
v 8.5741 3.2460 -1.4890
v 8.5741 3.1450 -1.4190
v 8.6993 3.1450 -1.4190
v 8.6993 3.2460 -1.4190
v 8.5741 3.2460 -1.4190
v 8.6993 3.1450 1.3920
v 8.8245 3.1450 1.3920
v 8.8245 3.2460 1.3920
v 8.6993 3.2460 1.3920
v 8.6993 3.1450 1.4620
v 8.8245 3.1450 1.4620
v 8.8245 3.2460 1.4620
v 8.6993 3.2460 1.4620
v 8.6993 3.1450 -1.4620
v 8.8245 3.1450 -1.4620
v 8.8245 3.2460 -1.4620
v 8.6993 3.2460 -1.4620
v 8.6993 3.1450 -1.3920
v 8.8245 3.1450 -1.3920
v 8.8245 3.2460 -1.3920
v 8.6993 3.2460 -1.3920
v 8.8245 3.1450 1.3360
v 8.9497 3.1450 1.3360
v 8.9497 3.2460 1.3360
v 8.8245 3.2460 1.3360
v 8.8245 3.1450 1.4060
v 8.9497 3.1450 1.4060
v 8.9497 3.2460 1.4060
v 8.8245 3.2460 1.4060
v 8.8245 3.1450 -1.4060
v 8.9497 3.1450 -1.4060
v 8.9497 3.2460 -1.4060
v 8.8245 3.2460 -1.4060
v 8.8245 3.1450 -1.3360
v 8.9497 3.1450 -1.3360
v 8.9497 3.2460 -1.3360
v 8.8245 3.2460 -1.3360
v 8.9497 3.1450 1.2320
v 9.0748 3.1450 1.2320
v 9.0748 3.2460 1.2320
v 8.9497 3.2460 1.2320
v 8.9497 3.1450 1.3020
v 9.0748 3.1450 1.3020
v 9.0748 3.2460 1.3020
v 8.9497 3.2460 1.3020
v 8.9497 3.1450 -1.3020
v 9.0748 3.1450 -1.3020
v 9.0748 3.2460 -1.3020
v 8.9497 3.2460 -1.3020
v 8.9497 3.1450 -1.2320
v 9.0748 3.1450 -1.2320
v 9.0748 3.2460 -1.2320
v 8.9497 3.2460 -1.2320
v 9.0748 3.1450 -1.1140
v 9.2000 3.1450 -1.1140
v 9.2000 3.2460 -1.1140
v 9.0748 3.2460 -1.1140
v 9.0748 3.1450 1.1140
v 9.2000 3.1450 1.1140
v 9.2000 3.2460 1.1140
v 9.0748 3.2460 1.1140
v -9.2000 3.2460 1.3260
v -8.9497 3.2460 1.3260
v -8.9497 3.3470 1.3260
v -9.2000 3.3470 1.3260
v -9.2000 3.2460 1.3960
v -8.9497 3.2460 1.3960
v -8.9497 3.3470 1.3960
v -9.2000 3.3470 1.3960
v -9.2000 3.2460 -1.3960
v -8.9497 3.2460 -1.3960
v -8.9497 3.3470 -1.3960
v -9.2000 3.3470 -1.3960
v -9.2000 3.2460 -1.3260
v -8.9497 3.2460 -1.3260
v -8.9497 3.3470 -1.3260
v -9.2000 3.3470 -1.3260
v -8.9497 3.2460 1.3810
v -8.8245 3.2460 1.3810
v -8.8245 3.3470 1.3810
v -8.9497 3.3470 1.3810
v -8.9497 3.2460 1.4510
v -8.8245 3.2460 1.4510
v -8.8245 3.3470 1.4510
v -8.9497 3.3470 1.4510
v -8.9497 3.2460 -1.4510
v -8.8245 3.2460 -1.4510
v -8.8245 3.3470 -1.4510
v -8.9497 3.3470 -1.4510
v -8.9497 3.2460 -1.3810
v -8.8245 3.2460 -1.3810
v -8.8245 3.3470 -1.3810
v -8.9497 3.3470 -1.3810
v -8.8245 3.2460 1.4160
v 8.4490 3.2460 1.4160
v 8.4490 3.3470 1.4160
v -8.8245 3.3470 1.4160
v -8.8245 3.2460 1.4860
v 8.4490 3.2460 1.4860
v 8.4490 3.3470 1.4860
v -8.8245 3.3470 1.4860
v -8.8245 3.2460 -1.4860
v 8.4490 3.2460 -1.4860
v 8.4490 3.3470 -1.4860
v -8.8245 3.3470 -1.4860
v -8.8245 3.2460 -1.4160
v 8.4490 3.2460 -1.4160
v 8.4490 3.3470 -1.4160
v -8.8245 3.3470 -1.4160
v 8.4490 3.2460 1.3340
v 8.5741 3.2460 1.3340
v 8.5741 3.3470 1.3340
v 8.4490 3.3470 1.3340
v 8.4490 3.2460 1.4040
v 8.5741 3.2460 1.4040
v 8.5741 3.3470 1.4040
v 8.4490 3.3470 1.4040
v 8.4490 3.2460 -1.4040
v 8.5741 3.2460 -1.4040
v 8.5741 3.3470 -1.4040
v 8.4490 3.3470 -1.4040
v 8.4490 3.2460 -1.3340
v 8.5741 3.2460 -1.3340
v 8.5741 3.3470 -1.3340
v 8.4490 3.3470 -1.3340
v 8.5741 3.2460 1.3190
v 8.6993 3.2460 1.3190
v 8.6993 3.3470 1.3190
v 8.5741 3.3470 1.3190
v 8.5741 3.2460 1.3890
v 8.6993 3.2460 1.3890
v 8.6993 3.3470 1.3890
v 8.5741 3.3470 1.3890
v 8.5741 3.2460 -1.3890
v 8.6993 3.2460 -1.3890
v 8.6993 3.3470 -1.3890
v 8.5741 3.3470 -1.3890
v 8.5741 3.2460 -1.3190
v 8.6993 3.2460 -1.3190
v 8.6993 3.3470 -1.3190
v 8.5741 3.3470 -1.3190
v 8.6993 3.2460 1.2760
v 8.8245 3.2460 1.2760
v 8.8245 3.3470 1.2760
v 8.6993 3.3470 1.2760
v 8.6993 3.2460 1.3460
v 8.8245 3.2460 1.3460
v 8.8245 3.3470 1.3460
v 8.6993 3.3470 1.3460
v 8.6993 3.2460 -1.3460
v 8.8245 3.2460 -1.3460
v 8.8245 3.3470 -1.3460
v 8.6993 3.3470 -1.3460
v 8.6993 3.2460 -1.2760
v 8.8245 3.2460 -1.2760
v 8.8245 3.3470 -1.2760
v 8.6993 3.3470 -1.2760
v 8.8245 3.2460 1.1920
v 8.9497 3.2460 1.1920
v 8.9497 3.3470 1.1920
v 8.8245 3.3470 1.1920
v 8.8245 3.2460 1.2620
v 8.9497 3.2460 1.2620
v 8.9497 3.3470 1.2620
v 8.8245 3.3470 1.2620
v 8.8245 3.2460 -1.2620
v 8.9497 3.2460 -1.2620
v 8.9497 3.3470 -1.2620
v 8.8245 3.3470 -1.2620
v 8.8245 3.2460 -1.1920
v 8.9497 3.2460 -1.1920
v 8.9497 3.3470 -1.1920
v 8.8245 3.3470 -1.1920
v 8.9497 3.2460 -1.1110
v 9.0748 3.2460 -1.1110
v 9.0748 3.3470 -1.1110
v 8.9497 3.3470 -1.1110
v 8.9497 3.2460 1.1110
v 9.0748 3.2460 1.1110
v 9.0748 3.3470 1.1110
v 8.9497 3.3470 1.1110
v 9.0748 3.2460 -0.8330
v 9.2000 3.2460 -0.8330
v 9.2000 3.3470 -0.8330
v 9.0748 3.3470 -0.8330
v 9.0748 3.2460 0.8330
v 9.2000 3.2460 0.8330
v 9.2000 3.3470 0.8330
v 9.0748 3.3470 0.8330
v -9.2000 3.3470 1.2620
v -8.9497 3.3470 1.2620
v -8.9497 3.4480 1.2620
v -9.2000 3.4480 1.2620
v -9.2000 3.3470 1.3320
v -8.9497 3.3470 1.3320
v -8.9497 3.4480 1.3320
v -9.2000 3.4480 1.3320
v -9.2000 3.3470 -1.3320
v -8.9497 3.3470 -1.3320
v -8.9497 3.4480 -1.3320
v -9.2000 3.4480 -1.3320
v -9.2000 3.3470 -1.2620
v -8.9497 3.3470 -1.2620
v -8.9497 3.4480 -1.2620
v -9.2000 3.4480 -1.2620
v -8.9497 3.3470 1.3170
v -8.8245 3.3470 1.3170
v -8.8245 3.4480 1.3170
v -8.9497 3.4480 1.3170
v -8.9497 3.3470 1.3870
v -8.8245 3.3470 1.3870
v -8.8245 3.4480 1.3870
v -8.9497 3.4480 1.3870
v -8.9497 3.3470 -1.3870
v -8.8245 3.3470 -1.3870
v -8.8245 3.4480 -1.3870
v -8.9497 3.4480 -1.3870
v -8.9497 3.3470 -1.3170
v -8.8245 3.3470 -1.3170
v -8.8245 3.4480 -1.3170
v -8.9497 3.4480 -1.3170
v -8.8245 3.3470 1.3520
v 8.4490 3.3470 1.3520
v 8.4490 3.4480 1.3520
v -8.8245 3.4480 1.3520
v -8.8245 3.3470 1.4220
v 8.4490 3.3470 1.4220
v 8.4490 3.4480 1.4220
v -8.8245 3.4480 1.4220
v -8.8245 3.3470 -1.4220
v 8.4490 3.3470 -1.4220
v 8.4490 3.4480 -1.4220
v -8.8245 3.4480 -1.4220
v -8.8245 3.3470 -1.3520
v 8.4490 3.3470 -1.3520
v 8.4490 3.4480 -1.3520
v -8.8245 3.4480 -1.3520
v 8.4490 3.3470 1.1650
v 8.5741 3.3470 1.1650
v 8.5741 3.4480 1.1650
v 8.4490 3.4480 1.1650
v 8.4490 3.3470 1.2350
v 8.5741 3.3470 1.2350
v 8.5741 3.4480 1.2350
v 8.4490 3.4480 1.2350
v 8.4490 3.3470 -1.2350
v 8.5741 3.3470 -1.2350
v 8.5741 3.4480 -1.2350
v 8.4490 3.4480 -1.2350
v 8.4490 3.3470 -1.1650
v 8.5741 3.3470 -1.1650
v 8.5741 3.4480 -1.1650
v 8.4490 3.4480 -1.1650
v 8.5741 3.3470 1.1440
v 8.6993 3.3470 1.1440
v 8.6993 3.4480 1.1440
v 8.5741 3.4480 1.1440
v 8.5741 3.3470 1.2140
v 8.6993 3.3470 1.2140
v 8.6993 3.4480 1.2140
v 8.5741 3.4480 1.2140
v 8.5741 3.3470 -1.2140
v 8.6993 3.3470 -1.2140
v 8.6993 3.4480 -1.2140
v 8.5741 3.4480 -1.2140
v 8.5741 3.3470 -1.1440
v 8.6993 3.3470 -1.1440
v 8.6993 3.4480 -1.1440
v 8.5741 3.4480 -1.1440
v 8.6993 3.3470 1.0830
v 8.8245 3.3470 1.0830
v 8.8245 3.4480 1.0830
v 8.6993 3.4480 1.0830
v 8.6993 3.3470 1.1530
v 8.8245 3.3470 1.1530
v 8.8245 3.4480 1.1530
v 8.6993 3.4480 1.1530
v 8.6993 3.3470 -1.1530
v 8.8245 3.3470 -1.1530
v 8.8245 3.4480 -1.1530
v 8.6993 3.4480 -1.1530
v 8.6993 3.3470 -1.0830
v 8.8245 3.3470 -1.0830
v 8.8245 3.4480 -1.0830
v 8.6993 3.4480 -1.0830
v 8.8245 3.3470 -1.0340
v 8.9497 3.3470 -1.0340
v 8.9497 3.4480 -1.0340
v 8.8245 3.4480 -1.0340
v 8.8245 3.3470 1.0340
v 8.9497 3.3470 1.0340
v 8.9497 3.4480 1.0340
v 8.8245 3.4480 1.0340
v 8.9497 3.3470 -0.8150
v 9.0748 3.3470 -0.8150
v 9.0748 3.4480 -0.8150
v 8.9497 3.4480 -0.8150
v 8.9497 3.3470 0.8150
v 9.0748 3.3470 0.8150
v 9.0748 3.4480 0.8150
v 8.9497 3.4480 0.8150
v -9.2000 3.4480 -1.2360
v -8.9497 3.4480 -1.2360
v -8.9497 3.5490 -1.2360
v -9.2000 3.5490 -1.2360
v -9.2000 3.4480 1.2360
v -8.9497 3.4480 1.2360
v -8.9497 3.5490 1.2360
v -9.2000 3.5490 1.2360
v -8.9497 3.4480 -1.2910
v -8.8245 3.4480 -1.2910
v -8.8245 3.5490 -1.2910
v -8.9497 3.5490 -1.2910
v -8.9497 3.4480 1.2910
v -8.8245 3.4480 1.2910
v -8.8245 3.5490 1.2910
v -8.9497 3.5490 1.2910
v -8.8245 3.4480 -1.3260
v -6.5714 3.4480 -1.3260
v -6.5714 3.5490 -1.3260
v -8.8245 3.5490 -1.3260
v -8.8245 3.4480 1.3260
v -6.5714 3.4480 1.3260
v -6.5714 3.5490 1.3260
v -8.8245 3.5490 1.3260
v -6.5714 3.4480 -1.3260
v -5.1946 3.4480 -1.3260
v -5.1946 3.5490 -1.3260
v -6.5714 3.5490 -1.3260
v -6.5714 3.4480 1.3260
v -5.1946 3.4480 1.3260
v -5.1946 3.5490 1.3260
v -6.5714 3.5490 1.3260
v -5.1946 3.4480 -1.3260
v -2.8163 3.4480 -1.3260
v -2.8163 3.5490 -1.3260
v -5.1946 3.5490 -1.3260
v -5.1946 3.4480 1.3260
v -2.8163 3.4480 1.3260
v -2.8163 3.5490 1.3260
v -5.1946 3.5490 1.3260
v -2.8163 3.4480 -1.3260
v -1.4395 3.4480 -1.3260
v -1.4395 3.5490 -1.3260
v -2.8163 3.5490 -1.3260
v -2.8163 3.4480 1.3260
v -1.4395 3.4480 1.3260
v -1.4395 3.5490 1.3260
v -2.8163 3.5490 1.3260
v -1.4395 3.4480 -1.3260
v 0.9388 3.4480 -1.3260
v 0.9388 3.5490 -1.3260
v -1.4395 3.5490 -1.3260
v -1.4395 3.4480 1.3260
v 0.9388 3.4480 1.3260
v 0.9388 3.5490 1.3260
v -1.4395 3.5490 1.3260
v 0.9388 3.4480 -1.3260
v 2.3156 3.4480 -1.3260
v 2.3156 3.5490 -1.3260
v 0.9388 3.5490 -1.3260
v 0.9388 3.4480 1.3260
v 2.3156 3.4480 1.3260
v 2.3156 3.5490 1.3260
v 0.9388 3.5490 1.3260
v 2.3156 3.4480 -1.3260
v 4.6939 3.4480 -1.3260
v 4.6939 3.5490 -1.3260
v 2.3156 3.5490 -1.3260
v 2.3156 3.4480 1.3260
v 4.6939 3.4480 1.3260
v 4.6939 3.5490 1.3260
v 2.3156 3.5490 1.3260
v 4.6939 3.4480 -1.3260
v 6.0707 3.4480 -1.3260
v 6.0707 3.5490 -1.3260
v 4.6939 3.5490 -1.3260
v 4.6939 3.4480 1.3260
v 6.0707 3.4480 1.3260
v 6.0707 3.5490 1.3260
v 4.6939 3.5490 1.3260
v 6.0707 3.4480 -1.3260
v 8.4490 3.4480 -1.3260
v 8.4490 3.5490 -1.3260
v 6.0707 3.5490 -1.3260
v 6.0707 3.4480 1.3260
v 8.4490 3.4480 1.3260
v 8.4490 3.5490 1.3260
v 6.0707 3.5490 1.3260
v 8.4490 3.4480 -0.9910
v 8.5741 3.4480 -0.9910
v 8.5741 3.5490 -0.9910
v 8.4490 3.5490 -0.9910
v 8.4490 3.4480 0.9910
v 8.5741 3.4480 0.9910
v 8.5741 3.5490 0.9910
v 8.4490 3.5490 0.9910
v 8.5741 3.4480 -0.9620
v 8.6993 3.4480 -0.9620
v 8.6993 3.5490 -0.9620
v 8.5741 3.5490 -0.9620
v 8.5741 3.4480 0.9620
v 8.6993 3.4480 0.9620
v 8.6993 3.5490 0.9620
v 8.5741 3.5490 0.9620
v 8.6993 3.4480 -0.8770
v 8.8245 3.4480 -0.8770
v 8.8245 3.5490 -0.8770
v 8.6993 3.5490 -0.8770
v 8.6993 3.4480 0.8770
v 8.8245 3.4480 0.8770
v 8.8245 3.5490 0.8770
v 8.6993 3.5490 0.8770
v 8.8245 3.4480 -0.7030
v 8.9497 3.4480 -0.7030
v 8.9497 3.5490 -0.7030
v 8.8245 3.5490 -0.7030
v 8.8245 3.4480 0.7030
v 8.9497 3.4480 0.7030
v 8.9497 3.5490 0.7030
v 8.8245 3.5490 0.7030
v -9.2000 3.5490 -1.1070
v -8.9497 3.5490 -1.1070
v -8.9497 3.6500 -1.1070
v -9.2000 3.6500 -1.1070
v -9.2000 3.5490 1.1070
v -8.9497 3.5490 1.1070
v -8.9497 3.6500 1.1070
v -9.2000 3.6500 1.1070
v -8.9497 3.5490 -1.1620
v -8.8245 3.5490 -1.1620
v -8.8245 3.6500 -1.1620
v -8.9497 3.6500 -1.1620
v -8.9497 3.5490 1.1620
v -8.8245 3.5490 1.1620
v -8.8245 3.6500 1.1620
v -8.9497 3.6500 1.1620
v -8.8245 3.5490 -1.1970
v -6.5714 3.5490 -1.1970
v -6.5714 3.6500 -1.1970
v -8.8245 3.6500 -1.1970
v -8.8245 3.5490 1.1970
v -6.5714 3.5490 1.1970
v -6.5714 3.6500 1.1970
v -8.8245 3.6500 1.1970
v -6.5714 3.5490 -1.1970
v -5.1946 3.5490 -1.1970
v -5.1946 3.6500 -1.1970
v -6.5714 3.6500 -1.1970
v -6.5714 3.5490 1.1970
v -5.1946 3.5490 1.1970
v -5.1946 3.6500 1.1970
v -6.5714 3.6500 1.1970
v -5.1946 3.5490 -1.1970
v -2.8163 3.5490 -1.1970
v -2.8163 3.6500 -1.1970
v -5.1946 3.6500 -1.1970
v -5.1946 3.5490 1.1970
v -2.8163 3.5490 1.1970
v -2.8163 3.6500 1.1970
v -5.1946 3.6500 1.1970
v -2.8163 3.5490 -1.1970
v -1.4395 3.5490 -1.1970
v -1.4395 3.6500 -1.1970
v -2.8163 3.6500 -1.1970
v -2.8163 3.5490 1.1970
v -1.4395 3.5490 1.1970
v -1.4395 3.6500 1.1970
v -2.8163 3.6500 1.1970
v -1.4395 3.5490 -1.1970
v 0.9388 3.5490 -1.1970
v 0.9388 3.6500 -1.1970
v -1.4395 3.6500 -1.1970
v -1.4395 3.5490 1.1970
v 0.9388 3.5490 1.1970
v 0.9388 3.6500 1.1970
v -1.4395 3.6500 1.1970
v 0.9388 3.5490 -1.1970
v 2.3156 3.5490 -1.1970
v 2.3156 3.6500 -1.1970
v 0.9388 3.6500 -1.1970
v 0.9388 3.5490 1.1970
v 2.3156 3.5490 1.1970
v 2.3156 3.6500 1.1970
v 0.9388 3.6500 1.1970
v 2.3156 3.5490 -1.1970
v 4.6939 3.5490 -1.1970
v 4.6939 3.6500 -1.1970
v 2.3156 3.6500 -1.1970
v 2.3156 3.5490 1.1970
v 4.6939 3.5490 1.1970
v 4.6939 3.6500 1.1970
v 2.3156 3.6500 1.1970
v 4.6939 3.5490 -1.1970
v 6.0707 3.5490 -1.1970
v 6.0707 3.6500 -1.1970
v 4.6939 3.6500 -1.1970
v 4.6939 3.5490 1.1970
v 6.0707 3.5490 1.1970
v 6.0707 3.6500 1.1970
v 4.6939 3.6500 1.1970
v 6.0707 3.5490 -1.1970
v 8.4490 3.5490 -1.1970
v 8.4490 3.6500 -1.1970
v 6.0707 3.6500 -1.1970
v 6.0707 3.5490 1.1970
v 8.4490 3.5490 1.1970
v 8.4490 3.6500 1.1970
v 6.0707 3.6500 1.1970
v 8.4490 3.5490 -0.6630
v 8.5741 3.5490 -0.6630
v 8.5741 3.6500 -0.6630
v 8.4490 3.6500 -0.6630
v 8.4490 3.5490 0.6630
v 8.5741 3.5490 0.6630
v 8.5741 3.6500 0.6630
v 8.4490 3.6500 0.6630
v 8.5741 3.5490 -0.6200
v 8.6993 3.5490 -0.6200
v 8.6993 3.6500 -0.6200
v 8.5741 3.6500 -0.6200
v 8.5741 3.5490 0.6200
v 8.6993 3.5490 0.6200
v 8.6993 3.6500 0.6200
v 8.5741 3.6500 0.6200
v 8.6993 3.5490 -0.4820
v 8.8245 3.5490 -0.4820
v 8.8245 3.6500 -0.4820
v 8.6993 3.6500 -0.4820
v 8.6993 3.5490 0.4820
v 8.8245 3.5490 0.4820
v 8.8245 3.6500 0.4820
v 8.6993 3.6500 0.4820
v -8.9000 0.9800 -1.4000
v 8.3000 0.9800 -1.4000
v 8.3000 1.1000 -1.4000
v -8.9000 1.1000 -1.4000
v -8.9000 0.9800 1.4000
v 8.3000 0.9800 1.4000
v 8.3000 1.1000 1.4000
v -8.9000 1.1000 1.4000
v -4.4000 0.5700 -1.2900
v -3.2000 0.5700 -1.2900
v -3.2000 0.9800 -1.2900
v -4.4000 0.9800 -1.2900
v -4.4000 0.5700 1.2900
v -3.2000 0.5700 1.2900
v -3.2000 0.9800 1.2900
v -4.4000 0.9800 1.2900
v -4.2800 0.6500 1.2700
v -4.2300 0.6500 1.2700
v -4.2300 0.9000 1.2700
v -4.2800 0.9000 1.2700
v -4.2800 0.6500 1.3000
v -4.2300 0.6500 1.3000
v -4.2300 0.9000 1.3000
v -4.2800 0.9000 1.3000
v -4.2800 0.6500 -1.3000
v -4.2300 0.6500 -1.3000
v -4.2300 0.9000 -1.3000
v -4.2800 0.9000 -1.3000
v -4.2800 0.6500 -1.2700
v -4.2300 0.6500 -1.2700
v -4.2300 0.9000 -1.2700
v -4.2800 0.9000 -1.2700
v -4.0300 0.6500 1.2700
v -3.9800 0.6500 1.2700
v -3.9800 0.9000 1.2700
v -4.0300 0.9000 1.2700
v -4.0300 0.6500 1.3000
v -3.9800 0.6500 1.3000
v -3.9800 0.9000 1.3000
v -4.0300 0.9000 1.3000
v -4.0300 0.6500 -1.3000
v -3.9800 0.6500 -1.3000
v -3.9800 0.9000 -1.3000
v -4.0300 0.9000 -1.3000
v -4.0300 0.6500 -1.2700
v -3.9800 0.6500 -1.2700
v -3.9800 0.9000 -1.2700
v -4.0300 0.9000 -1.2700
v -3.7800 0.6500 1.2700
v -3.7300 0.6500 1.2700
v -3.7300 0.9000 1.2700
v -3.7800 0.9000 1.2700
v -3.7800 0.6500 1.3000
v -3.7300 0.6500 1.3000
v -3.7300 0.9000 1.3000
v -3.7800 0.9000 1.3000
v -3.7800 0.6500 -1.3000
v -3.7300 0.6500 -1.3000
v -3.7300 0.9000 -1.3000
v -3.7800 0.9000 -1.3000
v -3.7800 0.6500 -1.2700
v -3.7300 0.6500 -1.2700
v -3.7300 0.9000 -1.2700
v -3.7800 0.9000 -1.2700
v -3.5300 0.6500 1.2700
v -3.4800 0.6500 1.2700
v -3.4800 0.9000 1.2700
v -3.5300 0.9000 1.2700
v -3.5300 0.6500 1.3000
v -3.4800 0.6500 1.3000
v -3.4800 0.9000 1.3000
v -3.5300 0.9000 1.3000
v -3.5300 0.6500 -1.3000
v -3.4800 0.6500 -1.3000
v -3.4800 0.9000 -1.3000
v -3.5300 0.9000 -1.3000
v -3.5300 0.6500 -1.2700
v -3.4800 0.6500 -1.2700
v -3.4800 0.9000 -1.2700
v -3.5300 0.9000 -1.2700
v -2.9500 0.5700 -1.2900
v -1.1500 0.5700 -1.2900
v -1.1500 0.9800 -1.2900
v -2.9500 0.9800 -1.2900
v -2.9500 0.5700 1.2900
v -1.1500 0.5700 1.2900
v -1.1500 0.9800 1.2900
v -2.9500 0.9800 1.2900
v -2.8300 0.6500 1.2700
v -2.7800 0.6500 1.2700
v -2.7800 0.9000 1.2700
v -2.8300 0.9000 1.2700
v -2.8300 0.6500 1.3000
v -2.7800 0.6500 1.3000
v -2.7800 0.9000 1.3000
v -2.8300 0.9000 1.3000
v -2.8300 0.6500 -1.3000
v -2.7800 0.6500 -1.3000
v -2.7800 0.9000 -1.3000
v -2.8300 0.9000 -1.3000
v -2.8300 0.6500 -1.2700
v -2.7800 0.6500 -1.2700
v -2.7800 0.9000 -1.2700
v -2.8300 0.9000 -1.2700
v -2.5800 0.6500 1.2700
v -2.5300 0.6500 1.2700
v -2.5300 0.9000 1.2700
v -2.5800 0.9000 1.2700
v -2.5800 0.6500 1.3000
v -2.5300 0.6500 1.3000
v -2.5300 0.9000 1.3000
v -2.5800 0.9000 1.3000
v -2.5800 0.6500 -1.3000
v -2.5300 0.6500 -1.3000
v -2.5300 0.9000 -1.3000
v -2.5800 0.9000 -1.3000
v -2.5800 0.6500 -1.2700
v -2.5300 0.6500 -1.2700
v -2.5300 0.9000 -1.2700
v -2.5800 0.9000 -1.2700
v -2.3300 0.6500 1.2700
v -2.2800 0.6500 1.2700
v -2.2800 0.9000 1.2700
v -2.3300 0.9000 1.2700
v -2.3300 0.6500 1.3000
v -2.2800 0.6500 1.3000
v -2.2800 0.9000 1.3000
v -2.3300 0.9000 1.3000
v -2.3300 0.6500 -1.3000
v -2.2800 0.6500 -1.3000
v -2.2800 0.9000 -1.3000
v -2.3300 0.9000 -1.3000
v -2.3300 0.6500 -1.2700
v -2.2800 0.6500 -1.2700
v -2.2800 0.9000 -1.2700
v -2.3300 0.9000 -1.2700
v -2.0800 0.6500 1.2700
v -2.0300 0.6500 1.2700
v -2.0300 0.9000 1.2700
v -2.0800 0.9000 1.2700
v -2.0800 0.6500 1.3000
v -2.0300 0.6500 1.3000
v -2.0300 0.9000 1.3000
v -2.0800 0.9000 1.3000
v -2.0800 0.6500 -1.3000
v -2.0300 0.6500 -1.3000
v -2.0300 0.9000 -1.3000
v -2.0800 0.9000 -1.3000
v -2.0800 0.6500 -1.2700
v -2.0300 0.6500 -1.2700
v -2.0300 0.9000 -1.2700
v -2.0800 0.9000 -1.2700
v -1.8300 0.6500 1.2700
v -1.7800 0.6500 1.2700
v -1.7800 0.9000 1.2700
v -1.8300 0.9000 1.2700
v -1.8300 0.6500 1.3000
v -1.7800 0.6500 1.3000
v -1.7800 0.9000 1.3000
v -1.8300 0.9000 1.3000
v -1.8300 0.6500 -1.3000
v -1.7800 0.6500 -1.3000
v -1.7800 0.9000 -1.3000
v -1.8300 0.9000 -1.3000
v -1.8300 0.6500 -1.2700
v -1.7800 0.6500 -1.2700
v -1.7800 0.9000 -1.2700
v -1.8300 0.9000 -1.2700
v -1.5800 0.6500 1.2700
v -1.5300 0.6500 1.2700
v -1.5300 0.9000 1.2700
v -1.5800 0.9000 1.2700
v -1.5800 0.6500 1.3000
v -1.5300 0.6500 1.3000
v -1.5300 0.9000 1.3000
v -1.5800 0.9000 1.3000
v -1.5800 0.6500 -1.3000
v -1.5300 0.6500 -1.3000
v -1.5300 0.9000 -1.3000
v -1.5800 0.9000 -1.3000
v -1.5800 0.6500 -1.2700
v -1.5300 0.6500 -1.2700
v -1.5300 0.9000 -1.2700
v -1.5800 0.9000 -1.2700
v -1.3300 0.6500 1.2700
v -1.2800 0.6500 1.2700
v -1.2800 0.9000 1.2700
v -1.3300 0.9000 1.2700
v -1.3300 0.6500 1.3000
v -1.2800 0.6500 1.3000
v -1.2800 0.9000 1.3000
v -1.3300 0.9000 1.3000
v -1.3300 0.6500 -1.3000
v -1.2800 0.6500 -1.3000
v -1.2800 0.9000 -1.3000
v -1.3300 0.9000 -1.3000
v -1.3300 0.6500 -1.2700
v -1.2800 0.6500 -1.2700
v -1.2800 0.9000 -1.2700
v -1.3300 0.9000 -1.2700
v -0.8500 0.6700 -0.6700
v 1.4500 0.6700 -0.6700
v 1.4500 0.9300 -0.6700
v -0.8500 0.9300 -0.6700
v -0.8500 0.6700 -0.2300
v 1.4500 0.6700 -0.2300
v 1.4500 0.9300 -0.2300
v -0.8500 0.9300 -0.2300
v -0.8500 0.6700 0.2300
v 1.4500 0.6700 0.2300
v 1.4500 0.9300 0.2300
v -0.8500 0.9300 0.2300
v -0.8500 0.6700 0.6700
v 1.4500 0.6700 0.6700
v 1.4500 0.9300 0.6700
v -0.8500 0.9300 0.6700
v 1.7500 0.5700 -1.2900
v 2.9500 0.5700 -1.2900
v 2.9500 0.9800 -1.2900
v 1.7500 0.9800 -1.2900
v 1.7500 0.5700 1.2900
v 2.9500 0.5700 1.2900
v 2.9500 0.9800 1.2900
v 1.7500 0.9800 1.2900
v 1.8700 0.6500 1.2700
v 1.9200 0.6500 1.2700
v 1.9200 0.9000 1.2700
v 1.8700 0.9000 1.2700
v 1.8700 0.6500 1.3000
v 1.9200 0.6500 1.3000
v 1.9200 0.9000 1.3000
v 1.8700 0.9000 1.3000
v 1.8700 0.6500 -1.3000
v 1.9200 0.6500 -1.3000
v 1.9200 0.9000 -1.3000
v 1.8700 0.9000 -1.3000
v 1.8700 0.6500 -1.2700
v 1.9200 0.6500 -1.2700
v 1.9200 0.9000 -1.2700
v 1.8700 0.9000 -1.2700
v 2.1200 0.6500 1.2700
v 2.1700 0.6500 1.2700
v 2.1700 0.9000 1.2700
v 2.1200 0.9000 1.2700
v 2.1200 0.6500 1.3000
v 2.1700 0.6500 1.3000
v 2.1700 0.9000 1.3000
v 2.1200 0.9000 1.3000
v 2.1200 0.6500 -1.3000
v 2.1700 0.6500 -1.3000
v 2.1700 0.9000 -1.3000
v 2.1200 0.9000 -1.3000
v 2.1200 0.6500 -1.2700
v 2.1700 0.6500 -1.2700
v 2.1700 0.9000 -1.2700
v 2.1200 0.9000 -1.2700
v 2.3700 0.6500 1.2700
v 2.4200 0.6500 1.2700
v 2.4200 0.9000 1.2700
v 2.3700 0.9000 1.2700
v 2.3700 0.6500 1.3000
v 2.4200 0.6500 1.3000
v 2.4200 0.9000 1.3000
v 2.3700 0.9000 1.3000
v 2.3700 0.6500 -1.3000
v 2.4200 0.6500 -1.3000
v 2.4200 0.9000 -1.3000
v 2.3700 0.9000 -1.3000
v 2.3700 0.6500 -1.2700
v 2.4200 0.6500 -1.2700
v 2.4200 0.9000 -1.2700
v 2.3700 0.9000 -1.2700
v 2.6200 0.6500 1.2700
v 2.6700 0.6500 1.2700
v 2.6700 0.9000 1.2700
v 2.6200 0.9000 1.2700
v 2.6200 0.6500 1.3000
v 2.6700 0.6500 1.3000
v 2.6700 0.9000 1.3000
v 2.6200 0.9000 1.3000
v 2.6200 0.6500 -1.3000
v 2.6700 0.6500 -1.3000
v 2.6700 0.9000 -1.3000
v 2.6200 0.9000 -1.3000
v 2.6200 0.6500 -1.2700
v 2.6700 0.6500 -1.2700
v 2.6700 0.9000 -1.2700
v 2.6200 0.9000 -1.2700
v 3.2000 0.5700 -1.2900
v 4.4000 0.5700 -1.2900
v 4.4000 0.9800 -1.2900
v 3.2000 0.9800 -1.2900
v 3.2000 0.5700 1.2900
v 4.4000 0.5700 1.2900
v 4.4000 0.9800 1.2900
v 3.2000 0.9800 1.2900
v 3.3200 0.6500 1.2700
v 3.3700 0.6500 1.2700
v 3.3700 0.9000 1.2700
v 3.3200 0.9000 1.2700
v 3.3200 0.6500 1.3000
v 3.3700 0.6500 1.3000
v 3.3700 0.9000 1.3000
v 3.3200 0.9000 1.3000
v 3.3200 0.6500 -1.3000
v 3.3700 0.6500 -1.3000
v 3.3700 0.9000 -1.3000
v 3.3200 0.9000 -1.3000
v 3.3200 0.6500 -1.2700
v 3.3700 0.6500 -1.2700
v 3.3700 0.9000 -1.2700
v 3.3200 0.9000 -1.2700
v 3.5700 0.6500 1.2700
v 3.6200 0.6500 1.2700
v 3.6200 0.9000 1.2700
v 3.5700 0.9000 1.2700
v 3.5700 0.6500 1.3000
v 3.6200 0.6500 1.3000
v 3.6200 0.9000 1.3000
v 3.5700 0.9000 1.3000
v 3.5700 0.6500 -1.3000
v 3.6200 0.6500 -1.3000
v 3.6200 0.9000 -1.3000
v 3.5700 0.9000 -1.3000
v 3.5700 0.6500 -1.2700
v 3.6200 0.6500 -1.2700
v 3.6200 0.9000 -1.2700
v 3.5700 0.9000 -1.2700
v 3.8200 0.6500 1.2700
v 3.8700 0.6500 1.2700
v 3.8700 0.9000 1.2700
v 3.8200 0.9000 1.2700
v 3.8200 0.6500 1.3000
v 3.8700 0.6500 1.3000
v 3.8700 0.9000 1.3000
v 3.8200 0.9000 1.3000
v 3.8200 0.6500 -1.3000
v 3.8700 0.6500 -1.3000
v 3.8700 0.9000 -1.3000
v 3.8200 0.9000 -1.3000
v 3.8200 0.6500 -1.2700
v 3.8700 0.6500 -1.2700
v 3.8700 0.9000 -1.2700
v 3.8200 0.9000 -1.2700
v 4.0700 0.6500 1.2700
v 4.1200 0.6500 1.2700
v 4.1200 0.9000 1.2700
v 4.0700 0.9000 1.2700
v 4.0700 0.6500 1.3000
v 4.1200 0.6500 1.3000
v 4.1200 0.9000 1.3000
v 4.0700 0.9000 1.3000
v 4.0700 0.6500 -1.3000
v 4.1200 0.6500 -1.3000
v 4.1200 0.9000 -1.3000
v 4.0700 0.9000 -1.3000
v 4.0700 0.6500 -1.2700
v 4.1200 0.6500 -1.2700
v 4.1200 0.9000 -1.2700
v 4.0700 0.9000 -1.2700
v -9.6500 0.8000 -0.0800
v -9.2000 0.8000 -0.0800
v -9.2000 0.9400 -0.0800
v -9.6500 0.9400 -0.0800
v -9.6500 0.8000 0.0800
v -9.2000 0.8000 0.0800
v -9.2000 0.9400 0.0800
v -9.6500 0.9400 0.0800
v -9.8200 0.6900 -0.2000
v -9.6000 0.6900 -0.2000
v -9.6000 1.0500 -0.2000
v -9.8200 1.0500 -0.2000
v -9.8200 0.6900 0.2000
v -9.6000 0.6900 0.2000
v -9.6000 1.0500 0.2000
v -9.8200 1.0500 0.2000
v -9.8200 0.7500 -0.2400
v -9.7500 0.7500 -0.2400
v -9.7500 0.9900 -0.2400
v -9.8200 0.9900 -0.2400
v -9.8200 0.7500 0.2400
v -9.7500 0.7500 0.2400
v -9.7500 0.9900 0.2400
v -9.8200 0.9900 0.2400
v -9.2700 0.7000 -0.3000
v -9.2300 0.7000 -0.3000
v -9.2300 0.7400 -0.3000
v -9.2700 0.7400 -0.3000
v -9.2700 0.7000 -0.2600
v -9.2300 0.7000 -0.2600
v -9.2300 0.7400 -0.2600
v -9.2700 0.7400 -0.2600
v -9.3089 0.6833 -0.3062
v -9.2689 0.6833 -0.3062
v -9.2689 0.7233 -0.3062
v -9.3089 0.7233 -0.3062
v -9.3089 0.6833 -0.2662
v -9.2689 0.6833 -0.2662
v -9.2689 0.7233 -0.2662
v -9.3089 0.7233 -0.2662
v -9.3478 0.6667 -0.3124
v -9.3078 0.6667 -0.3124
v -9.3078 0.7067 -0.3124
v -9.3478 0.7067 -0.3124
v -9.3478 0.6667 -0.2724
v -9.3078 0.6667 -0.2724
v -9.3078 0.7067 -0.2724
v -9.3478 0.7067 -0.2724
v -9.3867 0.6500 -0.3187
v -9.3467 0.6500 -0.3187
v -9.3467 0.6900 -0.3187
v -9.3867 0.6900 -0.3187
v -9.3867 0.6500 -0.2787
v -9.3467 0.6500 -0.2787
v -9.3467 0.6900 -0.2787
v -9.3867 0.6900 -0.2787
v -9.4256 0.6333 -0.3249
v -9.3856 0.6333 -0.3249
v -9.3856 0.6733 -0.3249
v -9.4256 0.6733 -0.3249
v -9.4256 0.6333 -0.2849
v -9.3856 0.6333 -0.2849
v -9.3856 0.6733 -0.2849
v -9.4256 0.6733 -0.2849
v -9.4644 0.6167 -0.3311
v -9.4244 0.6167 -0.3311
v -9.4244 0.6567 -0.3311
v -9.4644 0.6567 -0.3311
v -9.4644 0.6167 -0.2911
v -9.4244 0.6167 -0.2911
v -9.4244 0.6567 -0.2911
v -9.4644 0.6567 -0.2911
v -9.5033 0.6000 -0.3373
v -9.4633 0.6000 -0.3373
v -9.4633 0.6400 -0.3373
v -9.5033 0.6400 -0.3373
v -9.5033 0.6000 -0.2973
v -9.4633 0.6000 -0.2973
v -9.4633 0.6400 -0.2973
v -9.5033 0.6400 -0.2973
v -9.5422 0.5833 -0.3436
v -9.5022 0.5833 -0.3436
v -9.5022 0.6233 -0.3436
v -9.5422 0.6233 -0.3436
v -9.5422 0.5833 -0.3036
v -9.5022 0.5833 -0.3036
v -9.5022 0.6233 -0.3036
v -9.5422 0.6233 -0.3036
v -9.5811 0.5667 -0.3498
v -9.5411 0.5667 -0.3498
v -9.5411 0.6067 -0.3498
v -9.5811 0.6067 -0.3498
v -9.5811 0.5667 -0.3098
v -9.5411 0.5667 -0.3098
v -9.5411 0.6067 -0.3098
v -9.5811 0.6067 -0.3098
v -9.6200 0.5500 -0.3560
v -9.5800 0.5500 -0.3560
v -9.5800 0.5900 -0.3560
v -9.6200 0.5900 -0.3560
v -9.6200 0.5500 -0.3160
v -9.5800 0.5500 -0.3160
v -9.5800 0.5900 -0.3160
v -9.6200 0.5900 -0.3160
v -9.2700 0.7000 0.2600
v -9.2300 0.7000 0.2600
v -9.2300 0.7400 0.2600
v -9.2700 0.7400 0.2600
v -9.2700 0.7000 0.3000
v -9.2300 0.7000 0.3000
v -9.2300 0.7400 0.3000
v -9.2700 0.7400 0.3000
v -9.3089 0.6833 0.2662
v -9.2689 0.6833 0.2662
v -9.2689 0.7233 0.2662
v -9.3089 0.7233 0.2662
v -9.3089 0.6833 0.3062
v -9.2689 0.6833 0.3062
v -9.2689 0.7233 0.3062
v -9.3089 0.7233 0.3062
v -9.3478 0.6667 0.2724
v -9.3078 0.6667 0.2724
v -9.3078 0.7067 0.2724
v -9.3478 0.7067 0.2724
v -9.3478 0.6667 0.3124
v -9.3078 0.6667 0.3124
v -9.3078 0.7067 0.3124
v -9.3478 0.7067 0.3124
v -9.3867 0.6500 0.2787
v -9.3467 0.6500 0.2787
v -9.3467 0.6900 0.2787
v -9.3867 0.6900 0.2787
v -9.3867 0.6500 0.3187
v -9.3467 0.6500 0.3187
v -9.3467 0.6900 0.3187
v -9.3867 0.6900 0.3187
v -9.4256 0.6333 0.2849
v -9.3856 0.6333 0.2849
v -9.3856 0.6733 0.2849
v -9.4256 0.6733 0.2849
v -9.4256 0.6333 0.3249
v -9.3856 0.6333 0.3249
v -9.3856 0.6733 0.3249
v -9.4256 0.6733 0.3249
v -9.4644 0.6167 0.2911
v -9.4244 0.6167 0.2911
v -9.4244 0.6567 0.2911
v -9.4644 0.6567 0.2911
v -9.4644 0.6167 0.3311
v -9.4244 0.6167 0.3311
v -9.4244 0.6567 0.3311
v -9.4644 0.6567 0.3311
v -9.5033 0.6000 0.2973
v -9.4633 0.6000 0.2973
v -9.4633 0.6400 0.2973
v -9.5033 0.6400 0.2973
v -9.5033 0.6000 0.3373
v -9.4633 0.6000 0.3373
v -9.4633 0.6400 0.3373
v -9.5033 0.6400 0.3373
v -9.5422 0.5833 0.3036
v -9.5022 0.5833 0.3036
v -9.5022 0.6233 0.3036
v -9.5422 0.6233 0.3036
v -9.5422 0.5833 0.3436
v -9.5022 0.5833 0.3436
v -9.5022 0.6233 0.3436
v -9.5422 0.6233 0.3436
v -9.5811 0.5667 0.3098
v -9.5411 0.5667 0.3098
v -9.5411 0.6067 0.3098
v -9.5811 0.6067 0.3098
v -9.5811 0.5667 0.3498
v -9.5411 0.5667 0.3498
v -9.5411 0.6067 0.3498
v -9.5811 0.6067 0.3498
v -9.6200 0.5500 0.3160
v -9.5800 0.5500 0.3160
v -9.5800 0.5900 0.3160
v -9.6200 0.5900 0.3160
v -9.6200 0.5500 0.3560
v -9.5800 0.5500 0.3560
v -9.5800 0.5900 0.3560
v -9.6200 0.5900 0.3560
v 9.2000 0.8000 -0.0800
v 9.6500 0.8000 -0.0800
v 9.6500 0.9400 -0.0800
v 9.2000 0.9400 -0.0800
v 9.2000 0.8000 0.0800
v 9.6500 0.8000 0.0800
v 9.6500 0.9400 0.0800
v 9.2000 0.9400 0.0800
v 9.6000 0.6900 -0.2000
v 9.8200 0.6900 -0.2000
v 9.8200 1.0500 -0.2000
v 9.6000 1.0500 -0.2000
v 9.6000 0.6900 0.2000
v 9.8200 0.6900 0.2000
v 9.8200 1.0500 0.2000
v 9.6000 1.0500 0.2000
v 9.7500 0.7500 -0.2400
v 9.8200 0.7500 -0.2400
v 9.8200 0.9900 -0.2400
v 9.7500 0.9900 -0.2400
v 9.7500 0.7500 0.2400
v 9.8200 0.7500 0.2400
v 9.8200 0.9900 0.2400
v 9.7500 0.9900 0.2400
v 9.2300 0.7000 -0.3000
v 9.2700 0.7000 -0.3000
v 9.2700 0.7400 -0.3000
v 9.2300 0.7400 -0.3000
v 9.2300 0.7000 -0.2600
v 9.2700 0.7000 -0.2600
v 9.2700 0.7400 -0.2600
v 9.2300 0.7400 -0.2600
v 9.2689 0.6833 -0.3062
v 9.3089 0.6833 -0.3062
v 9.3089 0.7233 -0.3062
v 9.2689 0.7233 -0.3062
v 9.2689 0.6833 -0.2662
v 9.3089 0.6833 -0.2662
v 9.3089 0.7233 -0.2662
v 9.2689 0.7233 -0.2662
v 9.3078 0.6667 -0.3124
v 9.3478 0.6667 -0.3124
v 9.3478 0.7067 -0.3124
v 9.3078 0.7067 -0.3124
v 9.3078 0.6667 -0.2724
v 9.3478 0.6667 -0.2724
v 9.3478 0.7067 -0.2724
v 9.3078 0.7067 -0.2724
v 9.3467 0.6500 -0.3187
v 9.3867 0.6500 -0.3187
v 9.3867 0.6900 -0.3187
v 9.3467 0.6900 -0.3187
v 9.3467 0.6500 -0.2787
v 9.3867 0.6500 -0.2787
v 9.3867 0.6900 -0.2787
v 9.3467 0.6900 -0.2787
v 9.3856 0.6333 -0.3249
v 9.4256 0.6333 -0.3249
v 9.4256 0.6733 -0.3249
v 9.3856 0.6733 -0.3249
v 9.3856 0.6333 -0.2849
v 9.4256 0.6333 -0.2849
v 9.4256 0.6733 -0.2849
v 9.3856 0.6733 -0.2849
v 9.4244 0.6167 -0.3311
v 9.4644 0.6167 -0.3311
v 9.4644 0.6567 -0.3311
v 9.4244 0.6567 -0.3311
v 9.4244 0.6167 -0.2911
v 9.4644 0.6167 -0.2911
v 9.4644 0.6567 -0.2911
v 9.4244 0.6567 -0.2911
v 9.4633 0.6000 -0.3373
v 9.5033 0.6000 -0.3373
v 9.5033 0.6400 -0.3373
v 9.4633 0.6400 -0.3373
v 9.4633 0.6000 -0.2973
v 9.5033 0.6000 -0.2973
v 9.5033 0.6400 -0.2973
v 9.4633 0.6400 -0.2973
v 9.5022 0.5833 -0.3436
v 9.5422 0.5833 -0.3436
v 9.5422 0.6233 -0.3436
v 9.5022 0.6233 -0.3436
v 9.5022 0.5833 -0.3036
v 9.5422 0.5833 -0.3036
v 9.5422 0.6233 -0.3036
v 9.5022 0.6233 -0.3036
v 9.5411 0.5667 -0.3498
v 9.5811 0.5667 -0.3498
v 9.5811 0.6067 -0.3498
v 9.5411 0.6067 -0.3498
v 9.5411 0.5667 -0.3098
v 9.5811 0.5667 -0.3098
v 9.5811 0.6067 -0.3098
v 9.5411 0.6067 -0.3098
v 9.5800 0.5500 -0.3560
v 9.6200 0.5500 -0.3560
v 9.6200 0.5900 -0.3560
v 9.5800 0.5900 -0.3560
v 9.5800 0.5500 -0.3160
v 9.6200 0.5500 -0.3160
v 9.6200 0.5900 -0.3160
v 9.5800 0.5900 -0.3160
v 9.2300 0.7000 0.2600
v 9.2700 0.7000 0.2600
v 9.2700 0.7400 0.2600
v 9.2300 0.7400 0.2600
v 9.2300 0.7000 0.3000
v 9.2700 0.7000 0.3000
v 9.2700 0.7400 0.3000
v 9.2300 0.7400 0.3000
v 9.2689 0.6833 0.2662
v 9.3089 0.6833 0.2662
v 9.3089 0.7233 0.2662
v 9.2689 0.7233 0.2662
v 9.2689 0.6833 0.3062
v 9.3089 0.6833 0.3062
v 9.3089 0.7233 0.3062
v 9.2689 0.7233 0.3062
v 9.3078 0.6667 0.2724
v 9.3478 0.6667 0.2724
v 9.3478 0.7067 0.2724
v 9.3078 0.7067 0.2724
v 9.3078 0.6667 0.3124
v 9.3478 0.6667 0.3124
v 9.3478 0.7067 0.3124
v 9.3078 0.7067 0.3124
v 9.3467 0.6500 0.2787
v 9.3867 0.6500 0.2787
v 9.3867 0.6900 0.2787
v 9.3467 0.6900 0.2787
v 9.3467 0.6500 0.3187
v 9.3867 0.6500 0.3187
v 9.3867 0.6900 0.3187
v 9.3467 0.6900 0.3187
v 9.3856 0.6333 0.2849
v 9.4256 0.6333 0.2849
v 9.4256 0.6733 0.2849
v 9.3856 0.6733 0.2849
v 9.3856 0.6333 0.3249
v 9.4256 0.6333 0.3249
v 9.4256 0.6733 0.3249
v 9.3856 0.6733 0.3249
v 9.4244 0.6167 0.2911
v 9.4644 0.6167 0.2911
v 9.4644 0.6567 0.2911
v 9.4244 0.6567 0.2911
v 9.4244 0.6167 0.3311
v 9.4644 0.6167 0.3311
v 9.4644 0.6567 0.3311
v 9.4244 0.6567 0.3311
v 9.4633 0.6000 0.2973
v 9.5033 0.6000 0.2973
v 9.5033 0.6400 0.2973
v 9.4633 0.6400 0.2973
v 9.4633 0.6000 0.3373
v 9.5033 0.6000 0.3373
v 9.5033 0.6400 0.3373
v 9.4633 0.6400 0.3373
v 9.5022 0.5833 0.3036
v 9.5422 0.5833 0.3036
v 9.5422 0.6233 0.3036
v 9.5022 0.6233 0.3036
v 9.5022 0.5833 0.3436
v 9.5422 0.5833 0.3436
v 9.5422 0.6233 0.3436
v 9.5022 0.6233 0.3436
v 9.5411 0.5667 0.3098
v 9.5811 0.5667 0.3098
v 9.5811 0.6067 0.3098
v 9.5411 0.6067 0.3098
v 9.5411 0.5667 0.3498
v 9.5811 0.5667 0.3498
v 9.5811 0.6067 0.3498
v 9.5411 0.6067 0.3498
v 9.5800 0.5500 0.3160
v 9.6200 0.5500 0.3160
v 9.6200 0.5900 0.3160
v 9.5800 0.5900 0.3160
v 9.5800 0.5500 0.3560
v 9.6200 0.5500 0.3560
v 9.6200 0.5900 0.3560
v 9.5800 0.5900 0.3560
v -9.3500 0.7700 -1.2740
v -9.2000 0.7700 -1.2740
v -9.2000 0.8686 -1.2740
v -9.3500 0.8686 -1.2740
v -9.3500 0.7700 1.2740
v -9.2000 0.7700 1.2740
v -9.2000 0.8686 1.2740
v -9.3500 0.8686 1.2740
v -9.3500 0.8686 -1.3240
v -9.2000 0.8686 -1.3240
v -9.2000 0.9671 -1.3240
v -9.3500 0.9671 -1.3240
v -9.3500 0.8686 1.3240
v -9.2000 0.8686 1.3240
v -9.2000 0.9671 1.3240
v -9.3500 0.9671 1.3240
v -9.3500 0.9671 -1.3520
v -9.2000 0.9671 -1.3520
v -9.2000 1.0657 -1.3520
v -9.3500 1.0657 -1.3520
v -9.3500 0.9671 1.3520
v -9.2000 0.9671 1.3520
v -9.2000 1.0657 1.3520
v -9.3500 1.0657 1.3520
v -9.3500 1.0657 0.5800
v -9.2000 1.0657 0.5800
v -9.2000 3.1357 0.5800
v -9.3500 3.1357 0.5800
v -9.3500 1.0657 1.4200
v -9.2000 1.0657 1.4200
v -9.2000 3.1357 1.4200
v -9.3500 3.1357 1.4200
v -9.3500 1.0657 -1.4200
v -9.2000 1.0657 -1.4200
v -9.2000 3.1357 -1.4200
v -9.3500 3.1357 -1.4200
v -9.3500 1.0657 -0.5800
v -9.2000 1.0657 -0.5800
v -9.2000 3.1357 -0.5800
v -9.3500 3.1357 -0.5800
v -9.3500 3.1357 0.5800
v -9.2000 3.1357 0.5800
v -9.2000 3.2343 0.5800
v -9.3500 3.2343 0.5800
v -9.3500 3.1357 1.4180
v -9.2000 3.1357 1.4180
v -9.2000 3.2343 1.4180
v -9.3500 3.2343 1.4180
v -9.3500 3.1357 -1.4180
v -9.2000 3.1357 -1.4180
v -9.2000 3.2343 -1.4180
v -9.3500 3.2343 -1.4180
v -9.3500 3.1357 -0.5800
v -9.2000 3.1357 -0.5800
v -9.2000 3.2343 -0.5800
v -9.3500 3.2343 -0.5800
v -9.3500 3.2343 -1.3910
v -9.2000 3.2343 -1.3910
v -9.2000 3.3329 -1.3910
v -9.3500 3.3329 -1.3910
v -9.3500 3.2343 1.3910
v -9.2000 3.2343 1.3910
v -9.2000 3.3329 1.3910
v -9.3500 3.3329 1.3910
v -9.3500 3.3329 -1.3340
v -9.2000 3.3329 -1.3340
v -9.2000 3.4314 -1.3340
v -9.3500 3.4314 -1.3340
v -9.3500 3.3329 1.3340
v -9.2000 3.3329 1.3340
v -9.2000 3.4314 1.3340
v -9.3500 3.4314 1.3340
v -9.3500 3.4314 -1.2450
v -9.2000 3.4314 -1.2450
v -9.2000 3.5300 -1.2450
v -9.3500 3.5300 -1.2450
v -9.3500 3.4314 1.2450
v -9.2000 3.4314 1.2450
v -9.2000 3.5300 1.2450
v -9.3500 3.5300 1.2450
v -9.3600 1.0700 -0.5600
v -9.0800 1.0700 -0.5600
v -9.0800 1.1000 -0.5600
v -9.3600 1.1000 -0.5600
v -9.3600 1.0700 0.5600
v -9.0800 1.0700 0.5600
v -9.0800 1.1000 0.5600
v -9.3600 1.1000 0.5600
v -9.1000 1.0700 -1.4500
v 8.8850 1.0700 -1.4500
v 8.8850 1.1000 -1.4500
v -9.1000 1.1000 -1.4500
v -9.1000 1.0700 1.4500
v 8.8850 1.0700 1.4500
v 8.8850 1.1000 1.4500
v -9.1000 1.1000 1.4500
v -9.3600 1.0800 -0.5600
v -9.0800 1.0800 -0.5600
v -9.0800 1.1050 -0.5600
v -9.3600 1.1050 -0.5600
v -9.3600 1.0800 0.5600
v -9.0800 1.0800 0.5600
v -9.0800 1.1050 0.5600
v -9.3600 1.1050 0.5600
v 4.6000 0.3100 0.8600
v 8.0000 0.3100 0.8600
v 8.0000 0.7500 0.8600
v 4.6000 0.7500 0.8600
v 4.6000 0.3100 1.0200
v 8.0000 0.3100 1.0200
v 8.0000 0.7500 1.0200
v 4.6000 0.7500 1.0200
v 4.6000 0.3100 -1.0200
v 8.0000 0.3100 -1.0200
v 8.0000 0.7500 -1.0200
v 4.6000 0.7500 -1.0200
v 4.6000 0.3100 -0.8600
v 8.0000 0.3100 -0.8600
v 8.0000 0.7500 -0.8600
v 4.6000 0.7500 -0.8600
v 5.8000 0.6300 -1.0000
v 6.8000 0.6300 -1.0000
v 6.8000 0.8500 -1.0000
v 5.8000 0.8500 -1.0000
v 5.8000 0.6300 1.0000
v 6.8000 0.6300 1.0000
v 6.8000 0.8500 1.0000
v 5.8000 0.8500 1.0000
v 5.9500 0.0800 0.9300
v 6.6500 0.0800 0.9300
v 6.6500 0.4800 0.9300
v 5.9500 0.4800 0.9300
v 5.9500 0.0800 1.0400
v 6.6500 0.0800 1.0400
v 6.6500 0.4800 1.0400
v 5.9500 0.4800 1.0400
v 5.9500 0.0800 -1.0400
v 6.6500 0.0800 -1.0400
v 6.6500 0.4800 -1.0400
v 5.9500 0.4800 -1.0400
v 5.9500 0.0800 -0.9300
v 6.6500 0.0800 -0.9300
v 6.6500 0.4800 -0.9300
v 5.9500 0.4800 -0.9300
v 4.8900 0.2900 0.8200
v 5.2100 0.2900 0.8200
v 5.2100 0.5700 0.8200
v 4.8900 0.5700 0.8200
v 4.8900 0.2900 1.0500
v 5.2100 0.2900 1.0500
v 5.2100 0.5700 1.0500
v 4.8900 0.5700 1.0500
v 4.8900 0.2900 -1.0500
v 5.2100 0.2900 -1.0500
v 5.2100 0.5700 -1.0500
v 4.8900 0.5700 -1.0500
v 4.8900 0.2900 -0.8200
v 5.2100 0.2900 -0.8200
v 5.2100 0.5700 -0.8200
v 4.8900 0.5700 -0.8200
v 4.9200 0.5700 0.8600
v 5.1800 0.5700 0.8600
v 5.1800 0.6300 0.8600
v 4.9200 0.6300 0.8600
v 4.9200 0.5700 1.0000
v 5.1800 0.5700 1.0000
v 5.1800 0.6300 1.0000
v 4.9200 0.6300 1.0000
v 4.9200 0.5700 -1.0000
v 5.1800 0.5700 -1.0000
v 5.1800 0.6300 -1.0000
v 4.9200 0.6300 -1.0000
v 4.9200 0.5700 -0.8600
v 5.1800 0.5700 -0.8600
v 5.1800 0.6300 -0.8600
v 4.9200 0.6300 -0.8600
v 4.9500 0.6300 0.8800
v 5.1500 0.6300 0.8800
v 5.1500 0.6600 0.8800
v 4.9500 0.6600 0.8800
v 4.9500 0.6300 0.9800
v 5.1500 0.6300 0.9800
v 5.1500 0.6600 0.9800
v 4.9500 0.6600 0.9800
v 4.9500 0.6800 0.8800
v 5.1500 0.6800 0.8800
v 5.1500 0.7100 0.8800
v 4.9500 0.7100 0.8800
v 4.9500 0.6800 0.9800
v 5.1500 0.6800 0.9800
v 5.1500 0.7100 0.9800
v 4.9500 0.7100 0.9800
v 4.9500 0.7300 0.8800
v 5.1500 0.7300 0.8800
v 5.1500 0.7600 0.8800
v 4.9500 0.7600 0.8800
v 4.9500 0.7300 0.9800
v 5.1500 0.7300 0.9800
v 5.1500 0.7600 0.9800
v 4.9500 0.7600 0.9800
v 4.9500 0.7800 0.8800
v 5.1500 0.7800 0.8800
v 5.1500 0.8100 0.8800
v 4.9500 0.8100 0.8800
v 4.9500 0.7800 0.9800
v 5.1500 0.7800 0.9800
v 5.1500 0.8100 0.9800
v 4.9500 0.8100 0.9800
v 4.9500 0.6300 -0.9800
v 5.1500 0.6300 -0.9800
v 5.1500 0.6600 -0.9800
v 4.9500 0.6600 -0.9800
v 4.9500 0.6300 -0.8800
v 5.1500 0.6300 -0.8800
v 5.1500 0.6600 -0.8800
v 4.9500 0.6600 -0.8800
v 4.9500 0.6800 -0.9800
v 5.1500 0.6800 -0.9800
v 5.1500 0.7100 -0.9800
v 4.9500 0.7100 -0.9800
v 4.9500 0.6800 -0.8800
v 5.1500 0.6800 -0.8800
v 5.1500 0.7100 -0.8800
v 4.9500 0.7100 -0.8800
v 4.9500 0.7300 -0.9800
v 5.1500 0.7300 -0.9800
v 5.1500 0.7600 -0.9800
v 4.9500 0.7600 -0.9800
v 4.9500 0.7300 -0.8800
v 5.1500 0.7300 -0.8800
v 5.1500 0.7600 -0.8800
v 4.9500 0.7600 -0.8800
v 4.9500 0.7800 -0.9800
v 5.1500 0.7800 -0.9800
v 5.1500 0.8100 -0.9800
v 4.9500 0.8100 -0.9800
v 4.9500 0.7800 -0.8800
v 5.1500 0.7800 -0.8800
v 5.1500 0.8100 -0.8800
v 4.9500 0.8100 -0.8800
v 7.3900 0.2900 0.8200
v 7.7100 0.2900 0.8200
v 7.7100 0.5700 0.8200
v 7.3900 0.5700 0.8200
v 7.3900 0.2900 1.0500
v 7.7100 0.2900 1.0500
v 7.7100 0.5700 1.0500
v 7.3900 0.5700 1.0500
v 7.3900 0.2900 -1.0500
v 7.7100 0.2900 -1.0500
v 7.7100 0.5700 -1.0500
v 7.3900 0.5700 -1.0500
v 7.3900 0.2900 -0.8200
v 7.7100 0.2900 -0.8200
v 7.7100 0.5700 -0.8200
v 7.3900 0.5700 -0.8200
v 7.4200 0.5700 0.8600
v 7.6800 0.5700 0.8600
v 7.6800 0.6300 0.8600
v 7.4200 0.6300 0.8600
v 7.4200 0.5700 1.0000
v 7.6800 0.5700 1.0000
v 7.6800 0.6300 1.0000
v 7.4200 0.6300 1.0000
v 7.4200 0.5700 -1.0000
v 7.6800 0.5700 -1.0000
v 7.6800 0.6300 -1.0000
v 7.4200 0.6300 -1.0000
v 7.4200 0.5700 -0.8600
v 7.6800 0.5700 -0.8600
v 7.6800 0.6300 -0.8600
v 7.4200 0.6300 -0.8600
v 7.4500 0.6300 0.8800
v 7.6500 0.6300 0.8800
v 7.6500 0.6600 0.8800
v 7.4500 0.6600 0.8800
v 7.4500 0.6300 0.9800
v 7.6500 0.6300 0.9800
v 7.6500 0.6600 0.9800
v 7.4500 0.6600 0.9800
v 7.4500 0.6800 0.8800
v 7.6500 0.6800 0.8800
v 7.6500 0.7100 0.8800
v 7.4500 0.7100 0.8800
v 7.4500 0.6800 0.9800
v 7.6500 0.6800 0.9800
v 7.6500 0.7100 0.9800
v 7.4500 0.7100 0.9800
v 7.4500 0.7300 0.8800
v 7.6500 0.7300 0.8800
v 7.6500 0.7600 0.8800
v 7.4500 0.7600 0.8800
v 7.4500 0.7300 0.9800
v 7.6500 0.7300 0.9800
v 7.6500 0.7600 0.9800
v 7.4500 0.7600 0.9800
v 7.4500 0.7800 0.8800
v 7.6500 0.7800 0.8800
v 7.6500 0.8100 0.8800
v 7.4500 0.8100 0.8800
v 7.4500 0.7800 0.9800
v 7.6500 0.7800 0.9800
v 7.6500 0.8100 0.9800
v 7.4500 0.8100 0.9800
v 7.4500 0.6300 -0.9800
v 7.6500 0.6300 -0.9800
v 7.6500 0.6600 -0.9800
v 7.4500 0.6600 -0.9800
v 7.4500 0.6300 -0.8800
v 7.6500 0.6300 -0.8800
v 7.6500 0.6600 -0.8800
v 7.4500 0.6600 -0.8800
v 7.4500 0.6800 -0.9800
v 7.6500 0.6800 -0.9800
v 7.6500 0.7100 -0.9800
v 7.4500 0.7100 -0.9800
v 7.4500 0.6800 -0.8800
v 7.6500 0.6800 -0.8800
v 7.6500 0.7100 -0.8800
v 7.4500 0.7100 -0.8800
v 7.4500 0.7300 -0.9800
v 7.6500 0.7300 -0.9800
v 7.6500 0.7600 -0.9800
v 7.4500 0.7600 -0.9800
v 7.4500 0.7300 -0.8800
v 7.6500 0.7300 -0.8800
v 7.6500 0.7600 -0.8800
v 7.4500 0.7600 -0.8800
v 7.4500 0.7800 -0.9800
v 7.6500 0.7800 -0.9800
v 7.6500 0.8100 -0.9800
v 7.4500 0.8100 -0.9800
v 7.4500 0.7800 -0.8800
v 7.6500 0.7800 -0.8800
v 7.6500 0.8100 -0.8800
v 7.4500 0.8100 -0.8800
v 6.0800 0.8500 0.7200
v 6.5200 0.8500 0.7200
v 6.5200 1.0500 0.7200
v 6.0800 1.0500 0.7200
v 6.0800 0.8500 0.9800
v 6.5200 0.8500 0.9800
v 6.5200 1.0500 0.9800
v 6.0800 1.0500 0.9800
v 6.0800 0.8500 -0.9800
v 6.5200 0.8500 -0.9800
v 6.5200 1.0500 -0.9800
v 6.0800 1.0500 -0.9800
v 6.0800 0.8500 -0.7200
v 6.5200 0.8500 -0.7200
v 6.5200 1.0500 -0.7200
v 6.0800 1.0500 -0.7200
v 5.3700 0.5000 1.0500
v 5.4300 0.5000 1.0500
v 5.4300 0.5600 1.0500
v 5.3700 0.5600 1.0500
v 5.3700 0.5000 1.1100
v 5.4300 0.5000 1.1100
v 5.4300 0.5600 1.1100
v 5.3700 0.5600 1.1100
v 5.4271 0.5250 1.0500
v 5.4871 0.5250 1.0500
v 5.4871 0.5850 1.0500
v 5.4271 0.5850 1.0500
v 5.4271 0.5250 1.1100
v 5.4871 0.5250 1.1100
v 5.4871 0.5850 1.1100
v 5.4271 0.5850 1.1100
v 5.4843 0.5500 1.0500
v 5.5443 0.5500 1.0500
v 5.5443 0.6100 1.0500
v 5.4843 0.6100 1.0500
v 5.4843 0.5500 1.1100
v 5.5443 0.5500 1.1100
v 5.5443 0.6100 1.1100
v 5.4843 0.6100 1.1100
v 5.5414 0.5750 1.0500
v 5.6014 0.5750 1.0500
v 5.6014 0.6350 1.0500
v 5.5414 0.6350 1.0500
v 5.5414 0.5750 1.1100
v 5.6014 0.5750 1.1100
v 5.6014 0.6350 1.1100
v 5.5414 0.6350 1.1100
v 5.5986 0.6000 1.0500
v 5.6586 0.6000 1.0500
v 5.6586 0.6600 1.0500
v 5.5986 0.6600 1.0500
v 5.5986 0.6000 1.1100
v 5.6586 0.6000 1.1100
v 5.6586 0.6600 1.1100
v 5.5986 0.6600 1.1100
v 5.6557 0.6250 1.0500
v 5.7157 0.6250 1.0500
v 5.7157 0.6850 1.0500
v 5.6557 0.6850 1.0500
v 5.6557 0.6250 1.1100
v 5.7157 0.6250 1.1100
v 5.7157 0.6850 1.1100
v 5.6557 0.6850 1.1100
v 5.7129 0.6500 1.0500
v 5.7729 0.6500 1.0500
v 5.7729 0.7100 1.0500
v 5.7129 0.7100 1.0500
v 5.7129 0.6500 1.1100
v 5.7729 0.6500 1.1100
v 5.7729 0.7100 1.1100
v 5.7129 0.7100 1.1100
v 5.7700 0.6750 1.0500
v 5.8300 0.6750 1.0500
v 5.8300 0.7350 1.0500
v 5.7700 0.7350 1.0500
v 5.7700 0.6750 1.1100
v 5.8300 0.6750 1.1100
v 5.8300 0.7350 1.1100
v 5.7700 0.7350 1.1100
v 5.8271 0.7000 1.0500
v 5.8871 0.7000 1.0500
v 5.8871 0.7600 1.0500
v 5.8271 0.7600 1.0500
v 5.8271 0.7000 1.1100
v 5.8871 0.7000 1.1100
v 5.8871 0.7600 1.1100
v 5.8271 0.7600 1.1100
v 5.8843 0.7250 1.0500
v 5.9443 0.7250 1.0500
v 5.9443 0.7850 1.0500
v 5.8843 0.7850 1.0500
v 5.8843 0.7250 1.1100
v 5.9443 0.7250 1.1100
v 5.9443 0.7850 1.1100
v 5.8843 0.7850 1.1100
v 5.9414 0.7500 1.0500
v 6.0014 0.7500 1.0500
v 6.0014 0.8100 1.0500
v 5.9414 0.8100 1.0500
v 5.9414 0.7500 1.1100
v 6.0014 0.7500 1.1100
v 6.0014 0.8100 1.1100
v 5.9414 0.8100 1.1100
v 5.9986 0.7750 1.0500
v 6.0586 0.7750 1.0500
v 6.0586 0.8350 1.0500
v 5.9986 0.8350 1.0500
v 5.9986 0.7750 1.1100
v 6.0586 0.7750 1.1100
v 6.0586 0.8350 1.1100
v 5.9986 0.8350 1.1100
v 6.0557 0.8000 1.0500
v 6.1157 0.8000 1.0500
v 6.1157 0.8600 1.0500
v 6.0557 0.8600 1.0500
v 6.0557 0.8000 1.1100
v 6.1157 0.8000 1.1100
v 6.1157 0.8600 1.1100
v 6.0557 0.8600 1.1100
v 6.1129 0.8250 1.0500
v 6.1729 0.8250 1.0500
v 6.1729 0.8850 1.0500
v 6.1129 0.8850 1.0500
v 6.1129 0.8250 1.1100
v 6.1729 0.8250 1.1100
v 6.1729 0.8850 1.1100
v 6.1129 0.8850 1.1100
v 6.1700 0.8500 1.0500
v 6.2300 0.8500 1.0500
v 6.2300 0.9100 1.0500
v 6.1700 0.9100 1.0500
v 6.1700 0.8500 1.1100
v 6.2300 0.8500 1.1100
v 6.2300 0.9100 1.1100
v 6.1700 0.9100 1.1100
v 5.3700 0.5000 -1.1100
v 5.4300 0.5000 -1.1100
v 5.4300 0.5600 -1.1100
v 5.3700 0.5600 -1.1100
v 5.3700 0.5000 -1.0500
v 5.4300 0.5000 -1.0500
v 5.4300 0.5600 -1.0500
v 5.3700 0.5600 -1.0500
v 5.4271 0.5250 -1.1100
v 5.4871 0.5250 -1.1100
v 5.4871 0.5850 -1.1100
v 5.4271 0.5850 -1.1100
v 5.4271 0.5250 -1.0500
v 5.4871 0.5250 -1.0500
v 5.4871 0.5850 -1.0500
v 5.4271 0.5850 -1.0500
v 5.4843 0.5500 -1.1100
v 5.5443 0.5500 -1.1100
v 5.5443 0.6100 -1.1100
v 5.4843 0.6100 -1.1100
v 5.4843 0.5500 -1.0500
v 5.5443 0.5500 -1.0500
v 5.5443 0.6100 -1.0500
v 5.4843 0.6100 -1.0500
v 5.5414 0.5750 -1.1100
v 5.6014 0.5750 -1.1100
v 5.6014 0.6350 -1.1100
v 5.5414 0.6350 -1.1100
v 5.5414 0.5750 -1.0500
v 5.6014 0.5750 -1.0500
v 5.6014 0.6350 -1.0500
v 5.5414 0.6350 -1.0500
v 5.5986 0.6000 -1.1100
v 5.6586 0.6000 -1.1100
v 5.6586 0.6600 -1.1100
v 5.5986 0.6600 -1.1100
v 5.5986 0.6000 -1.0500
v 5.6586 0.6000 -1.0500
v 5.6586 0.6600 -1.0500
v 5.5986 0.6600 -1.0500
v 5.6557 0.6250 -1.1100
v 5.7157 0.6250 -1.1100
v 5.7157 0.6850 -1.1100
v 5.6557 0.6850 -1.1100
v 5.6557 0.6250 -1.0500
v 5.7157 0.6250 -1.0500
v 5.7157 0.6850 -1.0500
v 5.6557 0.6850 -1.0500
v 5.7129 0.6500 -1.1100
v 5.7729 0.6500 -1.1100
v 5.7729 0.7100 -1.1100
v 5.7129 0.7100 -1.1100
v 5.7129 0.6500 -1.0500
v 5.7729 0.6500 -1.0500
v 5.7729 0.7100 -1.0500
v 5.7129 0.7100 -1.0500
v 5.7700 0.6750 -1.1100
v 5.8300 0.6750 -1.1100
v 5.8300 0.7350 -1.1100
v 5.7700 0.7350 -1.1100
v 5.7700 0.6750 -1.0500
v 5.8300 0.6750 -1.0500
v 5.8300 0.7350 -1.0500
v 5.7700 0.7350 -1.0500
v 5.8271 0.7000 -1.1100
v 5.8871 0.7000 -1.1100
v 5.8871 0.7600 -1.1100
v 5.8271 0.7600 -1.1100
v 5.8271 0.7000 -1.0500
v 5.8871 0.7000 -1.0500
v 5.8871 0.7600 -1.0500
v 5.8271 0.7600 -1.0500
v 5.8843 0.7250 -1.1100
v 5.9443 0.7250 -1.1100
v 5.9443 0.7850 -1.1100
v 5.8843 0.7850 -1.1100
v 5.8843 0.7250 -1.0500
v 5.9443 0.7250 -1.0500
v 5.9443 0.7850 -1.0500
v 5.8843 0.7850 -1.0500
v 5.9414 0.7500 -1.1100
v 6.0014 0.7500 -1.1100
v 6.0014 0.8100 -1.1100
v 5.9414 0.8100 -1.1100
v 5.9414 0.7500 -1.0500
v 6.0014 0.7500 -1.0500
v 6.0014 0.8100 -1.0500
v 5.9414 0.8100 -1.0500
v 5.9986 0.7750 -1.1100
v 6.0586 0.7750 -1.1100
v 6.0586 0.8350 -1.1100
v 5.9986 0.8350 -1.1100
v 5.9986 0.7750 -1.0500
v 6.0586 0.7750 -1.0500
v 6.0586 0.8350 -1.0500
v 5.9986 0.8350 -1.0500
v 6.0557 0.8000 -1.1100
v 6.1157 0.8000 -1.1100
v 6.1157 0.8600 -1.1100
v 6.0557 0.8600 -1.1100
v 6.0557 0.8000 -1.0500
v 6.1157 0.8000 -1.0500
v 6.1157 0.8600 -1.0500
v 6.0557 0.8600 -1.0500
v 6.1129 0.8250 -1.1100
v 6.1729 0.8250 -1.1100
v 6.1729 0.8850 -1.1100
v 6.1129 0.8850 -1.1100
v 6.1129 0.8250 -1.0500
v 6.1729 0.8250 -1.0500
v 6.1729 0.8850 -1.0500
v 6.1129 0.8850 -1.0500
v 6.1700 0.8500 -1.1100
v 6.2300 0.8500 -1.1100
v 6.2300 0.9100 -1.1100
v 6.1700 0.9100 -1.1100
v 6.1700 0.8500 -1.0500
v 6.2300 0.8500 -1.0500
v 6.2300 0.9100 -1.0500
v 6.1700 0.9100 -1.0500
v 5.9500 0.2800 -0.4500
v 6.6500 0.2800 -0.4500
v 6.6500 0.6300 -0.4500
v 5.9500 0.6300 -0.4500
v 5.9500 0.2800 0.4500
v 6.6500 0.2800 0.4500
v 6.6500 0.6300 0.4500
v 5.9500 0.6300 0.4500
v 4.9900 0.3800 0.2000
v 5.1100 0.3800 0.2000
v 5.1100 0.5500 0.2000
v 4.9900 0.5500 0.2000
v 4.9900 0.3800 0.3600
v 5.1100 0.3800 0.3600
v 5.1100 0.5500 0.3600
v 4.9900 0.5500 0.3600
v 4.9900 0.3800 -0.3600
v 5.1100 0.3800 -0.3600
v 5.1100 0.5500 -0.3600
v 4.9900 0.5500 -0.3600
v 4.9900 0.3800 -0.2000
v 5.1100 0.3800 -0.2000
v 5.1100 0.5500 -0.2000
v 4.9900 0.5500 -0.2000
v 7.4900 0.3800 0.2000
v 7.6100 0.3800 0.2000
v 7.6100 0.5500 0.2000
v 7.4900 0.5500 0.2000
v 7.4900 0.3800 0.3600
v 7.6100 0.3800 0.3600
v 7.6100 0.5500 0.3600
v 7.4900 0.5500 0.3600
v 7.4900 0.3800 -0.3600
v 7.6100 0.3800 -0.3600
v 7.6100 0.5500 -0.3600
v 7.4900 0.5500 -0.3600
v 7.4900 0.3800 -0.2000
v 7.6100 0.3800 -0.2000
v 7.6100 0.5500 -0.2000
v 7.4900 0.5500 -0.2000
v 5.8500 0.3800 1.0500
v 6.7500 0.3800 1.0500
v 6.7500 0.4400 1.0500
v 5.8500 0.4400 1.0500
v 5.8500 0.3800 1.4200
v 6.7500 0.3800 1.4200
v 6.7500 0.4400 1.4200
v 5.8500 0.4400 1.4200
v 6.2400 0.4400 1.0000
v 6.3600 0.4400 1.0000
v 6.3600 0.6200 1.0000
v 6.2400 0.6200 1.0000
v 6.2400 0.4400 1.1200
v 6.3600 0.4400 1.1200
v 6.3600 0.6200 1.1200
v 6.2400 0.6200 1.1200
v 5.8500 0.3800 -1.4200
v 6.7500 0.3800 -1.4200
v 6.7500 0.4400 -1.4200
v 5.8500 0.4400 -1.4200
v 5.8500 0.3800 -1.0500
v 6.7500 0.3800 -1.0500
v 6.7500 0.4400 -1.0500
v 5.8500 0.4400 -1.0500
v 6.2400 0.4400 -1.1200
v 6.3600 0.4400 -1.1200
v 6.3600 0.6200 -1.1200
v 6.2400 0.6200 -1.1200
v 6.2400 0.4400 -1.0000
v 6.3600 0.4400 -1.0000
v 6.3600 0.6200 -1.0000
v 6.2400 0.6200 -1.0000
v 4.6200 0.2494 0.6575
v 5.4800 0.2494 0.6575
v 5.4800 0.6106 0.6575
v 4.6200 0.6106 0.6575
v 4.6200 0.2494 0.7875
v 5.4800 0.2494 0.7875
v 5.4800 0.6106 0.7875
v 4.6200 0.6106 0.7875
v 4.8694 0.0000 0.6575
v 5.2306 0.0000 0.6575
v 5.2306 0.8600 0.6575
v 4.8694 0.8600 0.6575
v 4.8694 0.0000 0.7875
v 5.2306 0.0000 0.7875
v 5.2306 0.8600 0.7875
v 4.8694 0.8600 0.7875
v 4.7146 0.0946 0.6575
v 5.3854 0.0946 0.6575
v 5.3854 0.7654 0.6575
v 4.7146 0.7654 0.6575
v 4.7146 0.0946 0.7875
v 5.3854 0.0946 0.7875
v 5.3854 0.7654 0.7875
v 4.7146 0.7654 0.7875
v 4.8995 0.2795 0.6380
v 5.2005 0.2795 0.6380
v 5.2005 0.5805 0.6380
v 4.8995 0.5805 0.6380
v 4.8995 0.2795 0.8070
v 5.2005 0.2795 0.8070
v 5.2005 0.5805 0.8070
v 4.8995 0.5805 0.8070
v 4.6200 0.2494 -0.7875
v 5.4800 0.2494 -0.7875
v 5.4800 0.6106 -0.7875
v 4.6200 0.6106 -0.7875
v 4.6200 0.2494 -0.6575
v 5.4800 0.2494 -0.6575
v 5.4800 0.6106 -0.6575
v 4.6200 0.6106 -0.6575
v 4.8694 0.0000 -0.7875
v 5.2306 0.0000 -0.7875
v 5.2306 0.8600 -0.7875
v 4.8694 0.8600 -0.7875
v 4.8694 0.0000 -0.6575
v 5.2306 0.0000 -0.6575
v 5.2306 0.8600 -0.6575
v 4.8694 0.8600 -0.6575
v 4.7146 0.0946 -0.7875
v 5.3854 0.0946 -0.7875
v 5.3854 0.7654 -0.7875
v 4.7146 0.7654 -0.7875
v 4.7146 0.0946 -0.6575
v 5.3854 0.0946 -0.6575
v 5.3854 0.7654 -0.6575
v 4.7146 0.7654 -0.6575
v 4.8995 0.2795 -0.8070
v 5.2005 0.2795 -0.8070
v 5.2005 0.5805 -0.8070
v 4.8995 0.5805 -0.8070
v 4.8995 0.2795 -0.6380
v 5.2005 0.2795 -0.6380
v 5.2005 0.5805 -0.6380
v 4.8995 0.5805 -0.6380
v 4.9900 0.3700 -0.8600
v 5.1100 0.3700 -0.8600
v 5.1100 0.4900 -0.8600
v 4.9900 0.4900 -0.8600
v 4.9900 0.3700 0.8600
v 5.1100 0.3700 0.8600
v 5.1100 0.4900 0.8600
v 4.9900 0.4900 0.8600
v 4.7490 0.3036 0.2600
v 5.3510 0.3036 0.2600
v 5.3510 0.5564 0.2600
v 4.7490 0.5564 0.2600
v 4.7490 0.3036 0.3000
v 5.3510 0.3036 0.3000
v 5.3510 0.5564 0.3000
v 4.7490 0.5564 0.3000
v 4.9236 0.1290 0.2600
v 5.1764 0.1290 0.2600
v 5.1764 0.7310 0.2600
v 4.9236 0.7310 0.2600
v 4.9236 0.1290 0.3000
v 5.1764 0.1290 0.3000
v 5.1764 0.7310 0.3000
v 4.9236 0.7310 0.3000
v 4.8152 0.1952 0.2600
v 5.2848 0.1952 0.2600
v 5.2848 0.6648 0.2600
v 4.8152 0.6648 0.2600
v 4.8152 0.1952 0.3000
v 5.2848 0.1952 0.3000
v 5.2848 0.6648 0.3000
v 4.8152 0.6648 0.3000
v 4.7490 0.3036 -0.3000
v 5.3510 0.3036 -0.3000
v 5.3510 0.5564 -0.3000
v 4.7490 0.5564 -0.3000
v 4.7490 0.3036 -0.2600
v 5.3510 0.3036 -0.2600
v 5.3510 0.5564 -0.2600
v 4.7490 0.5564 -0.2600
v 4.9236 0.1290 -0.3000
v 5.1764 0.1290 -0.3000
v 5.1764 0.7310 -0.3000
v 4.9236 0.7310 -0.3000
v 4.9236 0.1290 -0.2600
v 5.1764 0.1290 -0.2600
v 5.1764 0.7310 -0.2600
v 4.9236 0.7310 -0.2600
v 4.8152 0.1952 -0.3000
v 5.2848 0.1952 -0.3000
v 5.2848 0.6648 -0.3000
v 4.8152 0.6648 -0.3000
v 4.8152 0.1952 -0.2600
v 5.2848 0.1952 -0.2600
v 5.2848 0.6648 -0.2600
v 4.8152 0.6648 -0.2600
v 7.1200 0.2494 0.6575
v 7.9800 0.2494 0.6575
v 7.9800 0.6106 0.6575
v 7.1200 0.6106 0.6575
v 7.1200 0.2494 0.7875
v 7.9800 0.2494 0.7875
v 7.9800 0.6106 0.7875
v 7.1200 0.6106 0.7875
v 7.3694 0.0000 0.6575
v 7.7306 0.0000 0.6575
v 7.7306 0.8600 0.6575
v 7.3694 0.8600 0.6575
v 7.3694 0.0000 0.7875
v 7.7306 0.0000 0.7875
v 7.7306 0.8600 0.7875
v 7.3694 0.8600 0.7875
v 7.2146 0.0946 0.6575
v 7.8854 0.0946 0.6575
v 7.8854 0.7654 0.6575
v 7.2146 0.7654 0.6575
v 7.2146 0.0946 0.7875
v 7.8854 0.0946 0.7875
v 7.8854 0.7654 0.7875
v 7.2146 0.7654 0.7875
v 7.3995 0.2795 0.6380
v 7.7005 0.2795 0.6380
v 7.7005 0.5805 0.6380
v 7.3995 0.5805 0.6380
v 7.3995 0.2795 0.8070
v 7.7005 0.2795 0.8070
v 7.7005 0.5805 0.8070
v 7.3995 0.5805 0.8070
v 7.1200 0.2494 -0.7875
v 7.9800 0.2494 -0.7875
v 7.9800 0.6106 -0.7875
v 7.1200 0.6106 -0.7875
v 7.1200 0.2494 -0.6575
v 7.9800 0.2494 -0.6575
v 7.9800 0.6106 -0.6575
v 7.1200 0.6106 -0.6575
v 7.3694 0.0000 -0.7875
v 7.7306 0.0000 -0.7875
v 7.7306 0.8600 -0.7875
v 7.3694 0.8600 -0.7875
v 7.3694 0.0000 -0.6575
v 7.7306 0.0000 -0.6575
v 7.7306 0.8600 -0.6575
v 7.3694 0.8600 -0.6575
v 7.2146 0.0946 -0.7875
v 7.8854 0.0946 -0.7875
v 7.8854 0.7654 -0.7875
v 7.2146 0.7654 -0.7875
v 7.2146 0.0946 -0.6575
v 7.8854 0.0946 -0.6575
v 7.8854 0.7654 -0.6575
v 7.2146 0.7654 -0.6575
v 7.3995 0.2795 -0.8070
v 7.7005 0.2795 -0.8070
v 7.7005 0.5805 -0.8070
v 7.3995 0.5805 -0.8070
v 7.3995 0.2795 -0.6380
v 7.7005 0.2795 -0.6380
v 7.7005 0.5805 -0.6380
v 7.3995 0.5805 -0.6380
v 7.4900 0.3700 -0.8600
v 7.6100 0.3700 -0.8600
v 7.6100 0.4900 -0.8600
v 7.4900 0.4900 -0.8600
v 7.4900 0.3700 0.8600
v 7.6100 0.3700 0.8600
v 7.6100 0.4900 0.8600
v 7.4900 0.4900 0.8600
v 7.2490 0.3036 0.2600
v 7.8510 0.3036 0.2600
v 7.8510 0.5564 0.2600
v 7.2490 0.5564 0.2600
v 7.2490 0.3036 0.3000
v 7.8510 0.3036 0.3000
v 7.8510 0.5564 0.3000
v 7.2490 0.5564 0.3000
v 7.4236 0.1290 0.2600
v 7.6764 0.1290 0.2600
v 7.6764 0.7310 0.2600
v 7.4236 0.7310 0.2600
v 7.4236 0.1290 0.3000
v 7.6764 0.1290 0.3000
v 7.6764 0.7310 0.3000
v 7.4236 0.7310 0.3000
v 7.3152 0.1952 0.2600
v 7.7848 0.1952 0.2600
v 7.7848 0.6648 0.2600
v 7.3152 0.6648 0.2600
v 7.3152 0.1952 0.3000
v 7.7848 0.1952 0.3000
v 7.7848 0.6648 0.3000
v 7.3152 0.6648 0.3000
v 7.2490 0.3036 -0.3000
v 7.8510 0.3036 -0.3000
v 7.8510 0.5564 -0.3000
v 7.2490 0.5564 -0.3000
v 7.2490 0.3036 -0.2600
v 7.8510 0.3036 -0.2600
v 7.8510 0.5564 -0.2600
v 7.2490 0.5564 -0.2600
v 7.4236 0.1290 -0.3000
v 7.6764 0.1290 -0.3000
v 7.6764 0.7310 -0.3000
v 7.4236 0.7310 -0.3000
v 7.4236 0.1290 -0.2600
v 7.6764 0.1290 -0.2600
v 7.6764 0.7310 -0.2600
v 7.4236 0.7310 -0.2600
v 7.3152 0.1952 -0.3000
v 7.7848 0.1952 -0.3000
v 7.7848 0.6648 -0.3000
v 7.3152 0.6648 -0.3000
v 7.3152 0.1952 -0.2600
v 7.7848 0.1952 -0.2600
v 7.7848 0.6648 -0.2600
v 7.3152 0.6648 -0.2600
v -8.0000 0.3100 0.8600
v -4.6000 0.3100 0.8600
v -4.6000 0.7500 0.8600
v -8.0000 0.7500 0.8600
v -8.0000 0.3100 1.0200
v -4.6000 0.3100 1.0200
v -4.6000 0.7500 1.0200
v -8.0000 0.7500 1.0200
v -8.0000 0.3100 -1.0200
v -4.6000 0.3100 -1.0200
v -4.6000 0.7500 -1.0200
v -8.0000 0.7500 -1.0200
v -8.0000 0.3100 -0.8600
v -4.6000 0.3100 -0.8600
v -4.6000 0.7500 -0.8600
v -8.0000 0.7500 -0.8600
v -6.8000 0.6300 -1.0000
v -5.8000 0.6300 -1.0000
v -5.8000 0.8500 -1.0000
v -6.8000 0.8500 -1.0000
v -6.8000 0.6300 1.0000
v -5.8000 0.6300 1.0000
v -5.8000 0.8500 1.0000
v -6.8000 0.8500 1.0000
v -6.6500 0.0800 0.9300
v -5.9500 0.0800 0.9300
v -5.9500 0.4800 0.9300
v -6.6500 0.4800 0.9300
v -6.6500 0.0800 1.0400
v -5.9500 0.0800 1.0400
v -5.9500 0.4800 1.0400
v -6.6500 0.4800 1.0400
v -6.6500 0.0800 -1.0400
v -5.9500 0.0800 -1.0400
v -5.9500 0.4800 -1.0400
v -6.6500 0.4800 -1.0400
v -6.6500 0.0800 -0.9300
v -5.9500 0.0800 -0.9300
v -5.9500 0.4800 -0.9300
v -6.6500 0.4800 -0.9300
v -7.7100 0.2900 0.8200
v -7.3900 0.2900 0.8200
v -7.3900 0.5700 0.8200
v -7.7100 0.5700 0.8200
v -7.7100 0.2900 1.0500
v -7.3900 0.2900 1.0500
v -7.3900 0.5700 1.0500
v -7.7100 0.5700 1.0500
v -7.7100 0.2900 -1.0500
v -7.3900 0.2900 -1.0500
v -7.3900 0.5700 -1.0500
v -7.7100 0.5700 -1.0500
v -7.7100 0.2900 -0.8200
v -7.3900 0.2900 -0.8200
v -7.3900 0.5700 -0.8200
v -7.7100 0.5700 -0.8200
v -7.6800 0.5700 0.8600
v -7.4200 0.5700 0.8600
v -7.4200 0.6300 0.8600
v -7.6800 0.6300 0.8600
v -7.6800 0.5700 1.0000
v -7.4200 0.5700 1.0000
v -7.4200 0.6300 1.0000
v -7.6800 0.6300 1.0000
v -7.6800 0.5700 -1.0000
v -7.4200 0.5700 -1.0000
v -7.4200 0.6300 -1.0000
v -7.6800 0.6300 -1.0000
v -7.6800 0.5700 -0.8600
v -7.4200 0.5700 -0.8600
v -7.4200 0.6300 -0.8600
v -7.6800 0.6300 -0.8600
v -7.6500 0.6300 0.8800
v -7.4500 0.6300 0.8800
v -7.4500 0.6600 0.8800
v -7.6500 0.6600 0.8800
v -7.6500 0.6300 0.9800
v -7.4500 0.6300 0.9800
v -7.4500 0.6600 0.9800
v -7.6500 0.6600 0.9800
v -7.6500 0.6800 0.8800
v -7.4500 0.6800 0.8800
v -7.4500 0.7100 0.8800
v -7.6500 0.7100 0.8800
v -7.6500 0.6800 0.9800
v -7.4500 0.6800 0.9800
v -7.4500 0.7100 0.9800
v -7.6500 0.7100 0.9800
v -7.6500 0.7300 0.8800
v -7.4500 0.7300 0.8800
v -7.4500 0.7600 0.8800
v -7.6500 0.7600 0.8800
v -7.6500 0.7300 0.9800
v -7.4500 0.7300 0.9800
v -7.4500 0.7600 0.9800
v -7.6500 0.7600 0.9800
v -7.6500 0.7800 0.8800
v -7.4500 0.7800 0.8800
v -7.4500 0.8100 0.8800
v -7.6500 0.8100 0.8800
v -7.6500 0.7800 0.9800
v -7.4500 0.7800 0.9800
v -7.4500 0.8100 0.9800
v -7.6500 0.8100 0.9800
v -7.6500 0.6300 -0.9800
v -7.4500 0.6300 -0.9800
v -7.4500 0.6600 -0.9800
v -7.6500 0.6600 -0.9800
v -7.6500 0.6300 -0.8800
v -7.4500 0.6300 -0.8800
v -7.4500 0.6600 -0.8800
v -7.6500 0.6600 -0.8800
v -7.6500 0.6800 -0.9800
v -7.4500 0.6800 -0.9800
v -7.4500 0.7100 -0.9800
v -7.6500 0.7100 -0.9800
v -7.6500 0.6800 -0.8800
v -7.4500 0.6800 -0.8800
v -7.4500 0.7100 -0.8800
v -7.6500 0.7100 -0.8800
v -7.6500 0.7300 -0.9800
v -7.4500 0.7300 -0.9800
v -7.4500 0.7600 -0.9800
v -7.6500 0.7600 -0.9800
v -7.6500 0.7300 -0.8800
v -7.4500 0.7300 -0.8800
v -7.4500 0.7600 -0.8800
v -7.6500 0.7600 -0.8800
v -7.6500 0.7800 -0.9800
v -7.4500 0.7800 -0.9800
v -7.4500 0.8100 -0.9800
v -7.6500 0.8100 -0.9800
v -7.6500 0.7800 -0.8800
v -7.4500 0.7800 -0.8800
v -7.4500 0.8100 -0.8800
v -7.6500 0.8100 -0.8800
v -5.2100 0.2900 0.8200
v -4.8900 0.2900 0.8200
v -4.8900 0.5700 0.8200
v -5.2100 0.5700 0.8200
v -5.2100 0.2900 1.0500
v -4.8900 0.2900 1.0500
v -4.8900 0.5700 1.0500
v -5.2100 0.5700 1.0500
v -5.2100 0.2900 -1.0500
v -4.8900 0.2900 -1.0500
v -4.8900 0.5700 -1.0500
v -5.2100 0.5700 -1.0500
v -5.2100 0.2900 -0.8200
v -4.8900 0.2900 -0.8200
v -4.8900 0.5700 -0.8200
v -5.2100 0.5700 -0.8200
v -5.1800 0.5700 0.8600
v -4.9200 0.5700 0.8600
v -4.9200 0.6300 0.8600
v -5.1800 0.6300 0.8600
v -5.1800 0.5700 1.0000
v -4.9200 0.5700 1.0000
v -4.9200 0.6300 1.0000
v -5.1800 0.6300 1.0000
v -5.1800 0.5700 -1.0000
v -4.9200 0.5700 -1.0000
v -4.9200 0.6300 -1.0000
v -5.1800 0.6300 -1.0000
v -5.1800 0.5700 -0.8600
v -4.9200 0.5700 -0.8600
v -4.9200 0.6300 -0.8600
v -5.1800 0.6300 -0.8600
v -5.1500 0.6300 0.8800
v -4.9500 0.6300 0.8800
v -4.9500 0.6600 0.8800
v -5.1500 0.6600 0.8800
v -5.1500 0.6300 0.9800
v -4.9500 0.6300 0.9800
v -4.9500 0.6600 0.9800
v -5.1500 0.6600 0.9800
v -5.1500 0.6800 0.8800
v -4.9500 0.6800 0.8800
v -4.9500 0.7100 0.8800
v -5.1500 0.7100 0.8800
v -5.1500 0.6800 0.9800
v -4.9500 0.6800 0.9800
v -4.9500 0.7100 0.9800
v -5.1500 0.7100 0.9800
v -5.1500 0.7300 0.8800
v -4.9500 0.7300 0.8800
v -4.9500 0.7600 0.8800
v -5.1500 0.7600 0.8800
v -5.1500 0.7300 0.9800
v -4.9500 0.7300 0.9800
v -4.9500 0.7600 0.9800
v -5.1500 0.7600 0.9800
v -5.1500 0.7800 0.8800
v -4.9500 0.7800 0.8800
v -4.9500 0.8100 0.8800
v -5.1500 0.8100 0.8800
v -5.1500 0.7800 0.9800
v -4.9500 0.7800 0.9800
v -4.9500 0.8100 0.9800
v -5.1500 0.8100 0.9800
v -5.1500 0.6300 -0.9800
v -4.9500 0.6300 -0.9800
v -4.9500 0.6600 -0.9800
v -5.1500 0.6600 -0.9800
v -5.1500 0.6300 -0.8800
v -4.9500 0.6300 -0.8800
v -4.9500 0.6600 -0.8800
v -5.1500 0.6600 -0.8800
v -5.1500 0.6800 -0.9800
v -4.9500 0.6800 -0.9800
v -4.9500 0.7100 -0.9800
v -5.1500 0.7100 -0.9800
v -5.1500 0.6800 -0.8800
v -4.9500 0.6800 -0.8800
v -4.9500 0.7100 -0.8800
v -5.1500 0.7100 -0.8800
v -5.1500 0.7300 -0.9800
v -4.9500 0.7300 -0.9800
v -4.9500 0.7600 -0.9800
v -5.1500 0.7600 -0.9800
v -5.1500 0.7300 -0.8800
v -4.9500 0.7300 -0.8800
v -4.9500 0.7600 -0.8800
v -5.1500 0.7600 -0.8800
v -5.1500 0.7800 -0.9800
v -4.9500 0.7800 -0.9800
v -4.9500 0.8100 -0.9800
v -5.1500 0.8100 -0.9800
v -5.1500 0.7800 -0.8800
v -4.9500 0.7800 -0.8800
v -4.9500 0.8100 -0.8800
v -5.1500 0.8100 -0.8800
v -6.5200 0.8500 0.7200
v -6.0800 0.8500 0.7200
v -6.0800 1.0500 0.7200
v -6.5200 1.0500 0.7200
v -6.5200 0.8500 0.9800
v -6.0800 0.8500 0.9800
v -6.0800 1.0500 0.9800
v -6.5200 1.0500 0.9800
v -6.5200 0.8500 -0.9800
v -6.0800 0.8500 -0.9800
v -6.0800 1.0500 -0.9800
v -6.5200 1.0500 -0.9800
v -6.5200 0.8500 -0.7200
v -6.0800 0.8500 -0.7200
v -6.0800 1.0500 -0.7200
v -6.5200 1.0500 -0.7200
v -7.2300 0.5000 1.0500
v -7.1700 0.5000 1.0500
v -7.1700 0.5600 1.0500
v -7.2300 0.5600 1.0500
v -7.2300 0.5000 1.1100
v -7.1700 0.5000 1.1100
v -7.1700 0.5600 1.1100
v -7.2300 0.5600 1.1100
v -7.1729 0.5250 1.0500
v -7.1129 0.5250 1.0500
v -7.1129 0.5850 1.0500
v -7.1729 0.5850 1.0500
v -7.1729 0.5250 1.1100
v -7.1129 0.5250 1.1100
v -7.1129 0.5850 1.1100
v -7.1729 0.5850 1.1100
v -7.1157 0.5500 1.0500
v -7.0557 0.5500 1.0500
v -7.0557 0.6100 1.0500
v -7.1157 0.6100 1.0500
v -7.1157 0.5500 1.1100
v -7.0557 0.5500 1.1100
v -7.0557 0.6100 1.1100
v -7.1157 0.6100 1.1100
v -7.0586 0.5750 1.0500
v -6.9986 0.5750 1.0500
v -6.9986 0.6350 1.0500
v -7.0586 0.6350 1.0500
v -7.0586 0.5750 1.1100
v -6.9986 0.5750 1.1100
v -6.9986 0.6350 1.1100
v -7.0586 0.6350 1.1100
v -7.0014 0.6000 1.0500
v -6.9414 0.6000 1.0500
v -6.9414 0.6600 1.0500
v -7.0014 0.6600 1.0500
v -7.0014 0.6000 1.1100
v -6.9414 0.6000 1.1100
v -6.9414 0.6600 1.1100
v -7.0014 0.6600 1.1100
v -6.9443 0.6250 1.0500
v -6.8843 0.6250 1.0500
v -6.8843 0.6850 1.0500
v -6.9443 0.6850 1.0500
v -6.9443 0.6250 1.1100
v -6.8843 0.6250 1.1100
v -6.8843 0.6850 1.1100
v -6.9443 0.6850 1.1100
v -6.8871 0.6500 1.0500
v -6.8271 0.6500 1.0500
v -6.8271 0.7100 1.0500
v -6.8871 0.7100 1.0500
v -6.8871 0.6500 1.1100
v -6.8271 0.6500 1.1100
v -6.8271 0.7100 1.1100
v -6.8871 0.7100 1.1100
v -6.8300 0.6750 1.0500
v -6.7700 0.6750 1.0500
v -6.7700 0.7350 1.0500
v -6.8300 0.7350 1.0500
v -6.8300 0.6750 1.1100
v -6.7700 0.6750 1.1100
v -6.7700 0.7350 1.1100
v -6.8300 0.7350 1.1100
v -6.7729 0.7000 1.0500
v -6.7129 0.7000 1.0500
v -6.7129 0.7600 1.0500
v -6.7729 0.7600 1.0500
v -6.7729 0.7000 1.1100
v -6.7129 0.7000 1.1100
v -6.7129 0.7600 1.1100
v -6.7729 0.7600 1.1100
v -6.7157 0.7250 1.0500
v -6.6557 0.7250 1.0500
v -6.6557 0.7850 1.0500
v -6.7157 0.7850 1.0500
v -6.7157 0.7250 1.1100
v -6.6557 0.7250 1.1100
v -6.6557 0.7850 1.1100
v -6.7157 0.7850 1.1100
v -6.6586 0.7500 1.0500
v -6.5986 0.7500 1.0500
v -6.5986 0.8100 1.0500
v -6.6586 0.8100 1.0500
v -6.6586 0.7500 1.1100
v -6.5986 0.7500 1.1100
v -6.5986 0.8100 1.1100
v -6.6586 0.8100 1.1100
v -6.6014 0.7750 1.0500
v -6.5414 0.7750 1.0500
v -6.5414 0.8350 1.0500
v -6.6014 0.8350 1.0500
v -6.6014 0.7750 1.1100
v -6.5414 0.7750 1.1100
v -6.5414 0.8350 1.1100
v -6.6014 0.8350 1.1100
v -6.5443 0.8000 1.0500
v -6.4843 0.8000 1.0500
v -6.4843 0.8600 1.0500
v -6.5443 0.8600 1.0500
v -6.5443 0.8000 1.1100
v -6.4843 0.8000 1.1100
v -6.4843 0.8600 1.1100
v -6.5443 0.8600 1.1100
v -6.4871 0.8250 1.0500
v -6.4271 0.8250 1.0500
v -6.4271 0.8850 1.0500
v -6.4871 0.8850 1.0500
v -6.4871 0.8250 1.1100
v -6.4271 0.8250 1.1100
v -6.4271 0.8850 1.1100
v -6.4871 0.8850 1.1100
v -6.4300 0.8500 1.0500
v -6.3700 0.8500 1.0500
v -6.3700 0.9100 1.0500
v -6.4300 0.9100 1.0500
v -6.4300 0.8500 1.1100
v -6.3700 0.8500 1.1100
v -6.3700 0.9100 1.1100
v -6.4300 0.9100 1.1100
v -7.2300 0.5000 -1.1100
v -7.1700 0.5000 -1.1100
v -7.1700 0.5600 -1.1100
v -7.2300 0.5600 -1.1100
v -7.2300 0.5000 -1.0500
v -7.1700 0.5000 -1.0500
v -7.1700 0.5600 -1.0500
v -7.2300 0.5600 -1.0500
v -7.1729 0.5250 -1.1100
v -7.1129 0.5250 -1.1100
v -7.1129 0.5850 -1.1100
v -7.1729 0.5850 -1.1100
v -7.1729 0.5250 -1.0500
v -7.1129 0.5250 -1.0500
v -7.1129 0.5850 -1.0500
v -7.1729 0.5850 -1.0500
v -7.1157 0.5500 -1.1100
v -7.0557 0.5500 -1.1100
v -7.0557 0.6100 -1.1100
v -7.1157 0.6100 -1.1100
v -7.1157 0.5500 -1.0500
v -7.0557 0.5500 -1.0500
v -7.0557 0.6100 -1.0500
v -7.1157 0.6100 -1.0500
v -7.0586 0.5750 -1.1100
v -6.9986 0.5750 -1.1100
v -6.9986 0.6350 -1.1100
v -7.0586 0.6350 -1.1100
v -7.0586 0.5750 -1.0500
v -6.9986 0.5750 -1.0500
v -6.9986 0.6350 -1.0500
v -7.0586 0.6350 -1.0500
v -7.0014 0.6000 -1.1100
v -6.9414 0.6000 -1.1100
v -6.9414 0.6600 -1.1100
v -7.0014 0.6600 -1.1100
v -7.0014 0.6000 -1.0500
v -6.9414 0.6000 -1.0500
v -6.9414 0.6600 -1.0500
v -7.0014 0.6600 -1.0500
v -6.9443 0.6250 -1.1100
v -6.8843 0.6250 -1.1100
v -6.8843 0.6850 -1.1100
v -6.9443 0.6850 -1.1100
v -6.9443 0.6250 -1.0500
v -6.8843 0.6250 -1.0500
v -6.8843 0.6850 -1.0500
v -6.9443 0.6850 -1.0500
v -6.8871 0.6500 -1.1100
v -6.8271 0.6500 -1.1100
v -6.8271 0.7100 -1.1100
v -6.8871 0.7100 -1.1100
v -6.8871 0.6500 -1.0500
v -6.8271 0.6500 -1.0500
v -6.8271 0.7100 -1.0500
v -6.8871 0.7100 -1.0500
v -6.8300 0.6750 -1.1100
v -6.7700 0.6750 -1.1100
v -6.7700 0.7350 -1.1100
v -6.8300 0.7350 -1.1100
v -6.8300 0.6750 -1.0500
v -6.7700 0.6750 -1.0500
v -6.7700 0.7350 -1.0500
v -6.8300 0.7350 -1.0500
v -6.7729 0.7000 -1.1100
v -6.7129 0.7000 -1.1100
v -6.7129 0.7600 -1.1100
v -6.7729 0.7600 -1.1100
v -6.7729 0.7000 -1.0500
v -6.7129 0.7000 -1.0500
v -6.7129 0.7600 -1.0500
v -6.7729 0.7600 -1.0500
v -6.7157 0.7250 -1.1100
v -6.6557 0.7250 -1.1100
v -6.6557 0.7850 -1.1100
v -6.7157 0.7850 -1.1100
v -6.7157 0.7250 -1.0500
v -6.6557 0.7250 -1.0500
v -6.6557 0.7850 -1.0500
v -6.7157 0.7850 -1.0500
v -6.6586 0.7500 -1.1100
v -6.5986 0.7500 -1.1100
v -6.5986 0.8100 -1.1100
v -6.6586 0.8100 -1.1100
v -6.6586 0.7500 -1.0500
v -6.5986 0.7500 -1.0500
v -6.5986 0.8100 -1.0500
v -6.6586 0.8100 -1.0500
v -6.6014 0.7750 -1.1100
v -6.5414 0.7750 -1.1100
v -6.5414 0.8350 -1.1100
v -6.6014 0.8350 -1.1100
v -6.6014 0.7750 -1.0500
v -6.5414 0.7750 -1.0500
v -6.5414 0.8350 -1.0500
v -6.6014 0.8350 -1.0500
v -6.5443 0.8000 -1.1100
v -6.4843 0.8000 -1.1100
v -6.4843 0.8600 -1.1100
v -6.5443 0.8600 -1.1100
v -6.5443 0.8000 -1.0500
v -6.4843 0.8000 -1.0500
v -6.4843 0.8600 -1.0500
v -6.5443 0.8600 -1.0500
v -6.4871 0.8250 -1.1100
v -6.4271 0.8250 -1.1100
v -6.4271 0.8850 -1.1100
v -6.4871 0.8850 -1.1100
v -6.4871 0.8250 -1.0500
v -6.4271 0.8250 -1.0500
v -6.4271 0.8850 -1.0500
v -6.4871 0.8850 -1.0500
v -6.4300 0.8500 -1.1100
v -6.3700 0.8500 -1.1100
v -6.3700 0.9100 -1.1100
v -6.4300 0.9100 -1.1100
v -6.4300 0.8500 -1.0500
v -6.3700 0.8500 -1.0500
v -6.3700 0.9100 -1.0500
v -6.4300 0.9100 -1.0500
v -6.6500 0.2800 -0.4500
v -5.9500 0.2800 -0.4500
v -5.9500 0.6300 -0.4500
v -6.6500 0.6300 -0.4500
v -6.6500 0.2800 0.4500
v -5.9500 0.2800 0.4500
v -5.9500 0.6300 0.4500
v -6.6500 0.6300 0.4500
v -7.6100 0.3800 0.2000
v -7.4900 0.3800 0.2000
v -7.4900 0.5500 0.2000
v -7.6100 0.5500 0.2000
v -7.6100 0.3800 0.3600
v -7.4900 0.3800 0.3600
v -7.4900 0.5500 0.3600
v -7.6100 0.5500 0.3600
v -7.6100 0.3800 -0.3600
v -7.4900 0.3800 -0.3600
v -7.4900 0.5500 -0.3600
v -7.6100 0.5500 -0.3600
v -7.6100 0.3800 -0.2000
v -7.4900 0.3800 -0.2000
v -7.4900 0.5500 -0.2000
v -7.6100 0.5500 -0.2000
v -5.1100 0.3800 0.2000
v -4.9900 0.3800 0.2000
v -4.9900 0.5500 0.2000
v -5.1100 0.5500 0.2000
v -5.1100 0.3800 0.3600
v -4.9900 0.3800 0.3600
v -4.9900 0.5500 0.3600
v -5.1100 0.5500 0.3600
v -5.1100 0.3800 -0.3600
v -4.9900 0.3800 -0.3600
v -4.9900 0.5500 -0.3600
v -5.1100 0.5500 -0.3600
v -5.1100 0.3800 -0.2000
v -4.9900 0.3800 -0.2000
v -4.9900 0.5500 -0.2000
v -5.1100 0.5500 -0.2000
v -6.7500 0.3800 1.0500
v -5.8500 0.3800 1.0500
v -5.8500 0.4400 1.0500
v -6.7500 0.4400 1.0500
v -6.7500 0.3800 1.4200
v -5.8500 0.3800 1.4200
v -5.8500 0.4400 1.4200
v -6.7500 0.4400 1.4200
v -6.3600 0.4400 1.0000
v -6.2400 0.4400 1.0000
v -6.2400 0.6200 1.0000
v -6.3600 0.6200 1.0000
v -6.3600 0.4400 1.1200
v -6.2400 0.4400 1.1200
v -6.2400 0.6200 1.1200
v -6.3600 0.6200 1.1200
v -6.7500 0.3800 -1.4200
v -5.8500 0.3800 -1.4200
v -5.8500 0.4400 -1.4200
v -6.7500 0.4400 -1.4200
v -6.7500 0.3800 -1.0500
v -5.8500 0.3800 -1.0500
v -5.8500 0.4400 -1.0500
v -6.7500 0.4400 -1.0500
v -6.3600 0.4400 -1.1200
v -6.2400 0.4400 -1.1200
v -6.2400 0.6200 -1.1200
v -6.3600 0.6200 -1.1200
v -6.3600 0.4400 -1.0000
v -6.2400 0.4400 -1.0000
v -6.2400 0.6200 -1.0000
v -6.3600 0.6200 -1.0000
v -7.9800 0.2494 0.6575
v -7.1200 0.2494 0.6575
v -7.1200 0.6106 0.6575
v -7.9800 0.6106 0.6575
v -7.9800 0.2494 0.7875
v -7.1200 0.2494 0.7875
v -7.1200 0.6106 0.7875
v -7.9800 0.6106 0.7875
v -7.7306 0.0000 0.6575
v -7.3694 0.0000 0.6575
v -7.3694 0.8600 0.6575
v -7.7306 0.8600 0.6575
v -7.7306 0.0000 0.7875
v -7.3694 0.0000 0.7875
v -7.3694 0.8600 0.7875
v -7.7306 0.8600 0.7875
v -7.8854 0.0946 0.6575
v -7.2146 0.0946 0.6575
v -7.2146 0.7654 0.6575
v -7.8854 0.7654 0.6575
v -7.8854 0.0946 0.7875
v -7.2146 0.0946 0.7875
v -7.2146 0.7654 0.7875
v -7.8854 0.7654 0.7875
v -7.7005 0.2795 0.6380
v -7.3995 0.2795 0.6380
v -7.3995 0.5805 0.6380
v -7.7005 0.5805 0.6380
v -7.7005 0.2795 0.8070
v -7.3995 0.2795 0.8070
v -7.3995 0.5805 0.8070
v -7.7005 0.5805 0.8070
v -7.9800 0.2494 -0.7875
v -7.1200 0.2494 -0.7875
v -7.1200 0.6106 -0.7875
v -7.9800 0.6106 -0.7875
v -7.9800 0.2494 -0.6575
v -7.1200 0.2494 -0.6575
v -7.1200 0.6106 -0.6575
v -7.9800 0.6106 -0.6575
v -7.7306 0.0000 -0.7875
v -7.3694 0.0000 -0.7875
v -7.3694 0.8600 -0.7875
v -7.7306 0.8600 -0.7875
v -7.7306 0.0000 -0.6575
v -7.3694 0.0000 -0.6575
v -7.3694 0.8600 -0.6575
v -7.7306 0.8600 -0.6575
v -7.8854 0.0946 -0.7875
v -7.2146 0.0946 -0.7875
v -7.2146 0.7654 -0.7875
v -7.8854 0.7654 -0.7875
v -7.8854 0.0946 -0.6575
v -7.2146 0.0946 -0.6575
v -7.2146 0.7654 -0.6575
v -7.8854 0.7654 -0.6575
v -7.7005 0.2795 -0.8070
v -7.3995 0.2795 -0.8070
v -7.3995 0.5805 -0.8070
v -7.7005 0.5805 -0.8070
v -7.7005 0.2795 -0.6380
v -7.3995 0.2795 -0.6380
v -7.3995 0.5805 -0.6380
v -7.7005 0.5805 -0.6380
v -7.6100 0.3700 -0.8600
v -7.4900 0.3700 -0.8600
v -7.4900 0.4900 -0.8600
v -7.6100 0.4900 -0.8600
v -7.6100 0.3700 0.8600
v -7.4900 0.3700 0.8600
v -7.4900 0.4900 0.8600
v -7.6100 0.4900 0.8600
v -7.8510 0.3036 0.2600
v -7.2490 0.3036 0.2600
v -7.2490 0.5564 0.2600
v -7.8510 0.5564 0.2600
v -7.8510 0.3036 0.3000
v -7.2490 0.3036 0.3000
v -7.2490 0.5564 0.3000
v -7.8510 0.5564 0.3000
v -7.6764 0.1290 0.2600
v -7.4236 0.1290 0.2600
v -7.4236 0.7310 0.2600
v -7.6764 0.7310 0.2600
v -7.6764 0.1290 0.3000
v -7.4236 0.1290 0.3000
v -7.4236 0.7310 0.3000
v -7.6764 0.7310 0.3000
v -7.7848 0.1952 0.2600
v -7.3152 0.1952 0.2600
v -7.3152 0.6648 0.2600
v -7.7848 0.6648 0.2600
v -7.7848 0.1952 0.3000
v -7.3152 0.1952 0.3000
v -7.3152 0.6648 0.3000
v -7.7848 0.6648 0.3000
v -7.8510 0.3036 -0.3000
v -7.2490 0.3036 -0.3000
v -7.2490 0.5564 -0.3000
v -7.8510 0.5564 -0.3000
v -7.8510 0.3036 -0.2600
v -7.2490 0.3036 -0.2600
v -7.2490 0.5564 -0.2600
v -7.8510 0.5564 -0.2600
v -7.6764 0.1290 -0.3000
v -7.4236 0.1290 -0.3000
v -7.4236 0.7310 -0.3000
v -7.6764 0.7310 -0.3000
v -7.6764 0.1290 -0.2600
v -7.4236 0.1290 -0.2600
v -7.4236 0.7310 -0.2600
v -7.6764 0.7310 -0.2600
v -7.7848 0.1952 -0.3000
v -7.3152 0.1952 -0.3000
v -7.3152 0.6648 -0.3000
v -7.7848 0.6648 -0.3000
v -7.7848 0.1952 -0.2600
v -7.3152 0.1952 -0.2600
v -7.3152 0.6648 -0.2600
v -7.7848 0.6648 -0.2600
v -5.4800 0.2494 0.6575
v -4.6200 0.2494 0.6575
v -4.6200 0.6106 0.6575
v -5.4800 0.6106 0.6575
v -5.4800 0.2494 0.7875
v -4.6200 0.2494 0.7875
v -4.6200 0.6106 0.7875
v -5.4800 0.6106 0.7875
v -5.2306 0.0000 0.6575
v -4.8694 0.0000 0.6575
v -4.8694 0.8600 0.6575
v -5.2306 0.8600 0.6575
v -5.2306 0.0000 0.7875
v -4.8694 0.0000 0.7875
v -4.8694 0.8600 0.7875
v -5.2306 0.8600 0.7875
v -5.3854 0.0946 0.6575
v -4.7146 0.0946 0.6575
v -4.7146 0.7654 0.6575
v -5.3854 0.7654 0.6575
v -5.3854 0.0946 0.7875
v -4.7146 0.0946 0.7875
v -4.7146 0.7654 0.7875
v -5.3854 0.7654 0.7875
v -5.2005 0.2795 0.6380
v -4.8995 0.2795 0.6380
v -4.8995 0.5805 0.6380
v -5.2005 0.5805 0.6380
v -5.2005 0.2795 0.8070
v -4.8995 0.2795 0.8070
v -4.8995 0.5805 0.8070
v -5.2005 0.5805 0.8070
v -5.4800 0.2494 -0.7875
v -4.6200 0.2494 -0.7875
v -4.6200 0.6106 -0.7875
v -5.4800 0.6106 -0.7875
v -5.4800 0.2494 -0.6575
v -4.6200 0.2494 -0.6575
v -4.6200 0.6106 -0.6575
v -5.4800 0.6106 -0.6575
v -5.2306 0.0000 -0.7875
v -4.8694 0.0000 -0.7875
v -4.8694 0.8600 -0.7875
v -5.2306 0.8600 -0.7875
v -5.2306 0.0000 -0.6575
v -4.8694 0.0000 -0.6575
v -4.8694 0.8600 -0.6575
v -5.2306 0.8600 -0.6575
v -5.3854 0.0946 -0.7875
v -4.7146 0.0946 -0.7875
v -4.7146 0.7654 -0.7875
v -5.3854 0.7654 -0.7875
v -5.3854 0.0946 -0.6575
v -4.7146 0.0946 -0.6575
v -4.7146 0.7654 -0.6575
v -5.3854 0.7654 -0.6575
v -5.2005 0.2795 -0.8070
v -4.8995 0.2795 -0.8070
v -4.8995 0.5805 -0.8070
v -5.2005 0.5805 -0.8070
v -5.2005 0.2795 -0.6380
v -4.8995 0.2795 -0.6380
v -4.8995 0.5805 -0.6380
v -5.2005 0.5805 -0.6380
v -5.1100 0.3700 -0.8600
v -4.9900 0.3700 -0.8600
v -4.9900 0.4900 -0.8600
v -5.1100 0.4900 -0.8600
v -5.1100 0.3700 0.8600
v -4.9900 0.3700 0.8600
v -4.9900 0.4900 0.8600
v -5.1100 0.4900 0.8600
v -5.3510 0.3036 0.2600
v -4.7490 0.3036 0.2600
v -4.7490 0.5564 0.2600
v -5.3510 0.5564 0.2600
v -5.3510 0.3036 0.3000
v -4.7490 0.3036 0.3000
v -4.7490 0.5564 0.3000
v -5.3510 0.5564 0.3000
v -5.1764 0.1290 0.2600
v -4.9236 0.1290 0.2600
v -4.9236 0.7310 0.2600
v -5.1764 0.7310 0.2600
v -5.1764 0.1290 0.3000
v -4.9236 0.1290 0.3000
v -4.9236 0.7310 0.3000
v -5.1764 0.7310 0.3000
v -5.2848 0.1952 0.2600
v -4.8152 0.1952 0.2600
v -4.8152 0.6648 0.2600
v -5.2848 0.6648 0.2600
v -5.2848 0.1952 0.3000
v -4.8152 0.1952 0.3000
v -4.8152 0.6648 0.3000
v -5.2848 0.6648 0.3000
v -5.3510 0.3036 -0.3000
v -4.7490 0.3036 -0.3000
v -4.7490 0.5564 -0.3000
v -5.3510 0.5564 -0.3000
v -5.3510 0.3036 -0.2600
v -4.7490 0.3036 -0.2600
v -4.7490 0.5564 -0.2600
v -5.3510 0.5564 -0.2600
v -5.1764 0.1290 -0.3000
v -4.9236 0.1290 -0.3000
v -4.9236 0.7310 -0.3000
v -5.1764 0.7310 -0.3000
v -5.1764 0.1290 -0.2600
v -4.9236 0.1290 -0.2600
v -4.9236 0.7310 -0.2600
v -5.1764 0.7310 -0.2600
v -5.2848 0.1952 -0.3000
v -4.8152 0.1952 -0.3000
v -4.8152 0.6648 -0.3000
v -5.2848 0.6648 -0.3000
v -5.2848 0.1952 -0.2600
v -4.8152 0.1952 -0.2600
v -4.8152 0.6648 -0.2600
v -5.2848 0.6648 -0.2600
v -5.9000 3.5900 -0.8000
v -3.3000 3.5900 -0.8000
v -3.3000 3.9500 -0.8000
v -5.9000 3.9500 -0.8000
v -5.9000 3.5900 0.8000
v -3.3000 3.5900 0.8000
v -3.3000 3.9500 0.8000
v -5.9000 3.9500 0.8000
v -5.6900 3.9500 -0.6000
v -5.5900 3.9500 -0.6000
v -5.5900 3.9800 -0.6000
v -5.6900 3.9800 -0.6000
v -5.6900 3.9500 0.6000
v -5.5900 3.9500 0.6000
v -5.5900 3.9800 0.6000
v -5.6900 3.9800 0.6000
v -5.4300 3.9500 -0.6000
v -5.3300 3.9500 -0.6000
v -5.3300 3.9800 -0.6000
v -5.4300 3.9800 -0.6000
v -5.4300 3.9500 0.6000
v -5.3300 3.9500 0.6000
v -5.3300 3.9800 0.6000
v -5.4300 3.9800 0.6000
v -5.1700 3.9500 -0.6000
v -5.0700 3.9500 -0.6000
v -5.0700 3.9800 -0.6000
v -5.1700 3.9800 -0.6000
v -5.1700 3.9500 0.6000
v -5.0700 3.9500 0.6000
v -5.0700 3.9800 0.6000
v -5.1700 3.9800 0.6000
v -4.9100 3.9500 -0.6000
v -4.8100 3.9500 -0.6000
v -4.8100 3.9800 -0.6000
v -4.9100 3.9800 -0.6000
v -4.9100 3.9500 0.6000
v -4.8100 3.9500 0.6000
v -4.8100 3.9800 0.6000
v -4.9100 3.9800 0.6000
v -4.6500 3.9500 -0.6000
v -4.5500 3.9500 -0.6000
v -4.5500 3.9800 -0.6000
v -4.6500 3.9800 -0.6000
v -4.6500 3.9500 0.6000
v -4.5500 3.9500 0.6000
v -4.5500 3.9800 0.6000
v -4.6500 3.9800 0.6000
v -4.3900 3.9500 -0.6000
v -4.2900 3.9500 -0.6000
v -4.2900 3.9800 -0.6000
v -4.3900 3.9800 -0.6000
v -4.3900 3.9500 0.6000
v -4.2900 3.9500 0.6000
v -4.2900 3.9800 0.6000
v -4.3900 3.9800 0.6000
v -4.1300 3.9500 -0.6000
v -4.0300 3.9500 -0.6000
v -4.0300 3.9800 -0.6000
v -4.1300 3.9800 -0.6000
v -4.1300 3.9500 0.6000
v -4.0300 3.9500 0.6000
v -4.0300 3.9800 0.6000
v -4.1300 3.9800 0.6000
v -3.8700 3.9500 -0.6000
v -3.7700 3.9500 -0.6000
v -3.7700 3.9800 -0.6000
v -3.8700 3.9800 -0.6000
v -3.8700 3.9500 0.6000
v -3.7700 3.9500 0.6000
v -3.7700 3.9800 0.6000
v -3.8700 3.9800 0.6000
v -3.6100 3.9500 -0.6000
v -3.5100 3.9500 -0.6000
v -3.5100 3.9800 -0.6000
v -3.6100 3.9800 -0.6000
v -3.6100 3.9500 0.6000
v -3.5100 3.9500 0.6000
v -3.5100 3.9800 0.6000
v -3.6100 3.9800 0.6000
v -5.0000 3.9500 -0.3000
v -4.2000 3.9500 -0.3000
v -4.2000 4.0100 -0.3000
v -5.0000 4.0100 -0.3000
v -5.0000 3.9500 0.3000
v -4.2000 3.9500 0.3000
v -4.2000 4.0100 0.3000
v -5.0000 4.0100 0.3000
v 2.7000 3.5900 -0.8000
v 5.3000 3.5900 -0.8000
v 5.3000 3.9500 -0.8000
v 2.7000 3.9500 -0.8000
v 2.7000 3.5900 0.8000
v 5.3000 3.5900 0.8000
v 5.3000 3.9500 0.8000
v 2.7000 3.9500 0.8000
v 2.9100 3.9500 -0.6000
v 3.0100 3.9500 -0.6000
v 3.0100 3.9800 -0.6000
v 2.9100 3.9800 -0.6000
v 2.9100 3.9500 0.6000
v 3.0100 3.9500 0.6000
v 3.0100 3.9800 0.6000
v 2.9100 3.9800 0.6000
v 3.1700 3.9500 -0.6000
v 3.2700 3.9500 -0.6000
v 3.2700 3.9800 -0.6000
v 3.1700 3.9800 -0.6000
v 3.1700 3.9500 0.6000
v 3.2700 3.9500 0.6000
v 3.2700 3.9800 0.6000
v 3.1700 3.9800 0.6000
v 3.4300 3.9500 -0.6000
v 3.5300 3.9500 -0.6000
v 3.5300 3.9800 -0.6000
v 3.4300 3.9800 -0.6000
v 3.4300 3.9500 0.6000
v 3.5300 3.9500 0.6000
v 3.5300 3.9800 0.6000
v 3.4300 3.9800 0.6000
v 3.6900 3.9500 -0.6000
v 3.7900 3.9500 -0.6000
v 3.7900 3.9800 -0.6000
v 3.6900 3.9800 -0.6000
v 3.6900 3.9500 0.6000
v 3.7900 3.9500 0.6000
v 3.7900 3.9800 0.6000
v 3.6900 3.9800 0.6000
v 3.9500 3.9500 -0.6000
v 4.0500 3.9500 -0.6000
v 4.0500 3.9800 -0.6000
v 3.9500 3.9800 -0.6000
v 3.9500 3.9500 0.6000
v 4.0500 3.9500 0.6000
v 4.0500 3.9800 0.6000
v 3.9500 3.9800 0.6000
v 4.2100 3.9500 -0.6000
v 4.3100 3.9500 -0.6000
v 4.3100 3.9800 -0.6000
v 4.2100 3.9800 -0.6000
v 4.2100 3.9500 0.6000
v 4.3100 3.9500 0.6000
v 4.3100 3.9800 0.6000
v 4.2100 3.9800 0.6000
v 4.4700 3.9500 -0.6000
v 4.5700 3.9500 -0.6000
v 4.5700 3.9800 -0.6000
v 4.4700 3.9800 -0.6000
v 4.4700 3.9500 0.6000
v 4.5700 3.9500 0.6000
v 4.5700 3.9800 0.6000
v 4.4700 3.9800 0.6000
v 4.7300 3.9500 -0.6000
v 4.8300 3.9500 -0.6000
v 4.8300 3.9800 -0.6000
v 4.7300 3.9800 -0.6000
v 4.7300 3.9500 0.6000
v 4.8300 3.9500 0.6000
v 4.8300 3.9800 0.6000
v 4.7300 3.9800 0.6000
v 4.9900 3.9500 -0.6000
v 5.0900 3.9500 -0.6000
v 5.0900 3.9800 -0.6000
v 4.9900 3.9800 -0.6000
v 4.9900 3.9500 0.6000
v 5.0900 3.9500 0.6000
v 5.0900 3.9800 0.6000
v 4.9900 3.9800 0.6000
v 3.6000 3.9500 -0.3000
v 4.4000 3.9500 -0.3000
v 4.4000 4.0100 -0.3000
v 3.6000 4.0100 -0.3000
v 3.6000 3.9500 0.3000
v 4.4000 3.9500 0.3000
v 4.4000 4.0100 0.3000
v 3.6000 4.0100 0.3000
v -0.1000 3.6300 -0.0600
v 0.1000 3.6300 -0.0600
v 0.1000 3.9000 -0.0600
v -0.1000 3.9000 -0.0600
v -0.1000 3.6300 0.0600
v 0.1000 3.6300 0.0600
v 0.1000 3.9000 0.0600
v -0.1000 3.9000 0.0600
v -0.2500 3.8700 -0.1200
v 0.2500 3.8700 -0.1200
v 0.2500 3.9100 -0.1200
v -0.2500 3.9100 -0.1200
v -0.2500 3.8700 0.1200
v 0.2500 3.8700 0.1200
v 0.2500 3.9100 0.1200
v -0.2500 3.9100 0.1200
v 8.8200 0.9000 0.7104
v 8.9800 0.9000 0.7104
v 8.9800 1.0800 0.7104
v 8.8200 1.0800 0.7104
v 8.8200 0.9000 1.1651
v 8.9800 0.9000 1.1651
v 8.9800 1.0800 1.1651
v 8.8200 1.0800 1.1651
v 8.8200 0.9000 -1.1651
v 8.9800 0.9000 -1.1651
v 8.9800 1.0800 -1.1651
v 8.8200 1.0800 -1.1651
v 8.8200 0.9000 -0.7104
v 8.9800 0.9000 -0.7104
v 8.9800 1.0800 -0.7104
v 8.8200 1.0800 -0.7104
v 8.8000 0.9000 1.1951
v 8.9600 0.9000 1.1951
v 8.9600 1.0800 1.1951
v 8.8000 1.0800 1.1951
v 8.8000 0.9000 1.3782
v 8.9600 0.9000 1.3782
v 8.9600 1.0800 1.3782
v 8.8000 1.0800 1.3782
v 8.8000 0.9000 -1.3782
v 8.9600 0.9000 -1.3782
v 8.9600 1.0800 -1.3782
v 8.8000 1.0800 -1.3782
v 8.8000 0.9000 -1.1951
v 8.9600 0.9000 -1.1951
v 8.9600 1.0800 -1.1951
v 8.8000 1.0800 -1.1951
v -8.8000 3.3600 0.4200
v 8.1000 3.3600 0.4200
v 8.1000 3.3900 0.4200
v -8.8000 3.3900 0.4200
v -8.8000 3.3600 0.6200
v 8.1000 3.3600 0.6200
v 8.1000 3.3900 0.6200
v -8.8000 3.3900 0.6200
v -8.8000 3.3600 -0.6200
v 8.1000 3.3600 -0.6200
v 8.1000 3.3900 -0.6200
v -8.8000 3.3900 -0.6200
v -8.8000 3.3600 -0.4200
v 8.1000 3.3600 -0.4200
v 8.1000 3.3900 -0.4200
v -8.8000 3.3900 -0.4200
v 6.3350 2.4700 1.5100
v 7.9350 2.4700 1.5100
v 7.9350 2.6700 1.5100
v 6.3350 2.6700 1.5100
v 6.3350 2.4700 1.5320
v 7.9350 2.4700 1.5320
v 7.9350 2.6700 1.5320
v 6.3350 2.6700 1.5320
v 6.3350 2.4700 -1.5320
v 7.9350 2.4700 -1.5320
v 7.9350 2.6700 -1.5320
v 6.3350 2.6700 -1.5320
v 6.3350 2.4700 -1.5100
v 7.9350 2.4700 -1.5100
v 7.9350 2.6700 -1.5100
v 6.3350 2.6700 -1.5100
v 9.2150 1.6350 -0.4650
v 9.2450 1.6350 -0.4650
v 9.2450 1.6650 -0.4650
v 9.2150 1.6650 -0.4650
v 9.2150 1.6350 -0.4350
v 9.2450 1.6350 -0.4350
v 9.2450 1.6650 -0.4350
v 9.2150 1.6650 -0.4350
v 9.2150 1.6625 -0.4525
v 9.2450 1.6625 -0.4525
v 9.2450 1.6925 -0.4525
v 9.2150 1.6925 -0.4525
v 9.2150 1.6625 -0.4225
v 9.2450 1.6625 -0.4225
v 9.2450 1.6925 -0.4225
v 9.2150 1.6925 -0.4225
v 9.2150 1.6900 -0.4400
v 9.2450 1.6900 -0.4400
v 9.2450 1.7200 -0.4400
v 9.2150 1.7200 -0.4400
v 9.2150 1.6900 -0.4100
v 9.2450 1.6900 -0.4100
v 9.2450 1.7200 -0.4100
v 9.2150 1.7200 -0.4100
v 9.2150 1.7175 -0.4275
v 9.2450 1.7175 -0.4275
v 9.2450 1.7475 -0.4275
v 9.2150 1.7475 -0.4275
v 9.2150 1.7175 -0.3975
v 9.2450 1.7175 -0.3975
v 9.2450 1.7475 -0.3975
v 9.2150 1.7475 -0.3975
v 9.2150 1.7450 -0.4150
v 9.2450 1.7450 -0.4150
v 9.2450 1.7750 -0.4150
v 9.2150 1.7750 -0.4150
v 9.2150 1.7450 -0.3850
v 9.2450 1.7450 -0.3850
v 9.2450 1.7750 -0.3850
v 9.2150 1.7750 -0.3850
v 9.2150 1.7725 -0.4025
v 9.2450 1.7725 -0.4025
v 9.2450 1.8025 -0.4025
v 9.2150 1.8025 -0.4025
v 9.2150 1.7725 -0.3725
v 9.2450 1.7725 -0.3725
v 9.2450 1.8025 -0.3725
v 9.2150 1.8025 -0.3725
v 9.2150 1.8000 -0.3900
v 9.2450 1.8000 -0.3900
v 9.2450 1.8300 -0.3900
v 9.2150 1.8300 -0.3900
v 9.2150 1.8000 -0.3600
v 9.2450 1.8000 -0.3600
v 9.2450 1.8300 -0.3600
v 9.2150 1.8300 -0.3600
v 9.2150 1.8275 -0.3775
v 9.2450 1.8275 -0.3775
v 9.2450 1.8575 -0.3775
v 9.2150 1.8575 -0.3775
v 9.2150 1.8275 -0.3475
v 9.2450 1.8275 -0.3475
v 9.2450 1.8575 -0.3475
v 9.2150 1.8575 -0.3475
v 9.2150 1.8550 -0.3650
v 9.2450 1.8550 -0.3650
v 9.2450 1.8850 -0.3650
v 9.2150 1.8850 -0.3650
v 9.2150 1.8550 -0.3350
v 9.2450 1.8550 -0.3350
v 9.2450 1.8850 -0.3350
v 9.2150 1.8850 -0.3350
v 9.2150 1.8825 -0.3525
v 9.2450 1.8825 -0.3525
v 9.2450 1.9125 -0.3525
v 9.2150 1.9125 -0.3525
v 9.2150 1.8825 -0.3225
v 9.2450 1.8825 -0.3225
v 9.2450 1.9125 -0.3225
v 9.2150 1.9125 -0.3225
v 9.2150 1.9100 -0.3400
v 9.2450 1.9100 -0.3400
v 9.2450 1.9400 -0.3400
v 9.2150 1.9400 -0.3400
v 9.2150 1.9100 -0.3100
v 9.2450 1.9100 -0.3100
v 9.2450 1.9400 -0.3100
v 9.2150 1.9400 -0.3100
v 9.2150 1.9375 -0.3275
v 9.2450 1.9375 -0.3275
v 9.2450 1.9675 -0.3275
v 9.2150 1.9675 -0.3275
v 9.2150 1.9375 -0.2975
v 9.2450 1.9375 -0.2975
v 9.2450 1.9675 -0.2975
v 9.2150 1.9675 -0.2975
v 9.2150 1.9650 -0.3150
v 9.2450 1.9650 -0.3150
v 9.2450 1.9950 -0.3150
v 9.2150 1.9950 -0.3150
v 9.2150 1.9650 -0.2850
v 9.2450 1.9650 -0.2850
v 9.2450 1.9950 -0.2850
v 9.2150 1.9950 -0.2850
v 9.2150 1.9925 -0.3025
v 9.2450 1.9925 -0.3025
v 9.2450 2.0225 -0.3025
v 9.2150 2.0225 -0.3025
v 9.2150 1.9925 -0.2725
v 9.2450 1.9925 -0.2725
v 9.2450 2.0225 -0.2725
v 9.2150 2.0225 -0.2725
v 9.2150 2.0200 -0.2900
v 9.2450 2.0200 -0.2900
v 9.2450 2.0500 -0.2900
v 9.2150 2.0500 -0.2900
v 9.2150 2.0200 -0.2600
v 9.2450 2.0200 -0.2600
v 9.2450 2.0500 -0.2600
v 9.2150 2.0500 -0.2600
v 9.2150 2.0475 -0.2775
v 9.2450 2.0475 -0.2775
v 9.2450 2.0775 -0.2775
v 9.2150 2.0775 -0.2775
v 9.2150 2.0475 -0.2475
v 9.2450 2.0475 -0.2475
v 9.2450 2.0775 -0.2475
v 9.2150 2.0775 -0.2475
v 9.2150 2.0750 -0.2650
v 9.2450 2.0750 -0.2650
v 9.2450 2.1050 -0.2650
v 9.2150 2.1050 -0.2650
v 9.2150 2.0750 -0.2350
v 9.2450 2.0750 -0.2350
v 9.2450 2.1050 -0.2350
v 9.2150 2.1050 -0.2350
v 9.2150 2.1025 -0.2525
v 9.2450 2.1025 -0.2525
v 9.2450 2.1325 -0.2525
v 9.2150 2.1325 -0.2525
v 9.2150 2.1025 -0.2225
v 9.2450 2.1025 -0.2225
v 9.2450 2.1325 -0.2225
v 9.2150 2.1325 -0.2225
v 9.2150 2.1300 -0.2400
v 9.2450 2.1300 -0.2400
v 9.2450 2.1600 -0.2400
v 9.2150 2.1600 -0.2400
v 9.2150 2.1300 -0.2100
v 9.2450 2.1300 -0.2100
v 9.2450 2.1600 -0.2100
v 9.2150 2.1600 -0.2100
v 9.2150 2.1575 -0.2275
v 9.2450 2.1575 -0.2275
v 9.2450 2.1875 -0.2275
v 9.2150 2.1875 -0.2275
v 9.2150 2.1575 -0.1975
v 9.2450 2.1575 -0.1975
v 9.2450 2.1875 -0.1975
v 9.2150 2.1875 -0.1975
v 9.2150 2.1850 -0.2150
v 9.2450 2.1850 -0.2150
v 9.2450 2.2150 -0.2150
v 9.2150 2.2150 -0.2150
v 9.2150 2.1850 -0.1850
v 9.2450 2.1850 -0.1850
v 9.2450 2.2150 -0.1850
v 9.2150 2.2150 -0.1850
v 9.2150 1.6350 0.4350
v 9.2450 1.6350 0.4350
v 9.2450 1.6650 0.4350
v 9.2150 1.6650 0.4350
v 9.2150 1.6350 0.4650
v 9.2450 1.6350 0.4650
v 9.2450 1.6650 0.4650
v 9.2150 1.6650 0.4650
v 9.2150 1.6625 0.4475
v 9.2450 1.6625 0.4475
v 9.2450 1.6925 0.4475
v 9.2150 1.6925 0.4475
v 9.2150 1.6625 0.4775
v 9.2450 1.6625 0.4775
v 9.2450 1.6925 0.4775
v 9.2150 1.6925 0.4775
v 9.2150 1.6900 0.4600
v 9.2450 1.6900 0.4600
v 9.2450 1.7200 0.4600
v 9.2150 1.7200 0.4600
v 9.2150 1.6900 0.4900
v 9.2450 1.6900 0.4900
v 9.2450 1.7200 0.4900
v 9.2150 1.7200 0.4900
v 9.2150 1.7175 0.4725
v 9.2450 1.7175 0.4725
v 9.2450 1.7475 0.4725
v 9.2150 1.7475 0.4725
v 9.2150 1.7175 0.5025
v 9.2450 1.7175 0.5025
v 9.2450 1.7475 0.5025
v 9.2150 1.7475 0.5025
v 9.2150 1.7450 0.4850
v 9.2450 1.7450 0.4850
v 9.2450 1.7750 0.4850
v 9.2150 1.7750 0.4850
v 9.2150 1.7450 0.5150
v 9.2450 1.7450 0.5150
v 9.2450 1.7750 0.5150
v 9.2150 1.7750 0.5150
v 9.2150 1.7725 0.4975
v 9.2450 1.7725 0.4975
v 9.2450 1.8025 0.4975
v 9.2150 1.8025 0.4975
v 9.2150 1.7725 0.5275
v 9.2450 1.7725 0.5275
v 9.2450 1.8025 0.5275
v 9.2150 1.8025 0.5275
v 9.2150 1.8000 0.5100
v 9.2450 1.8000 0.5100
v 9.2450 1.8300 0.5100
v 9.2150 1.8300 0.5100
v 9.2150 1.8000 0.5400
v 9.2450 1.8000 0.5400
v 9.2450 1.8300 0.5400
v 9.2150 1.8300 0.5400
v 9.2150 1.8275 0.5225
v 9.2450 1.8275 0.5225
v 9.2450 1.8575 0.5225
v 9.2150 1.8575 0.5225
v 9.2150 1.8275 0.5525
v 9.2450 1.8275 0.5525
v 9.2450 1.8575 0.5525
v 9.2150 1.8575 0.5525
v 9.2150 1.8550 0.5350
v 9.2450 1.8550 0.5350
v 9.2450 1.8850 0.5350
v 9.2150 1.8850 0.5350
v 9.2150 1.8550 0.5650
v 9.2450 1.8550 0.5650
v 9.2450 1.8850 0.5650
v 9.2150 1.8850 0.5650
v 9.2150 1.8825 0.5475
v 9.2450 1.8825 0.5475
v 9.2450 1.9125 0.5475
v 9.2150 1.9125 0.5475
v 9.2150 1.8825 0.5775
v 9.2450 1.8825 0.5775
v 9.2450 1.9125 0.5775
v 9.2150 1.9125 0.5775
v 9.2150 1.9100 0.5600
v 9.2450 1.9100 0.5600
v 9.2450 1.9400 0.5600
v 9.2150 1.9400 0.5600
v 9.2150 1.9100 0.5900
v 9.2450 1.9100 0.5900
v 9.2450 1.9400 0.5900
v 9.2150 1.9400 0.5900
v 9.2150 1.9375 0.5725
v 9.2450 1.9375 0.5725
v 9.2450 1.9675 0.5725
v 9.2150 1.9675 0.5725
v 9.2150 1.9375 0.6025
v 9.2450 1.9375 0.6025
v 9.2450 1.9675 0.6025
v 9.2150 1.9675 0.6025
v 9.2150 1.9650 0.5850
v 9.2450 1.9650 0.5850
v 9.2450 1.9950 0.5850
v 9.2150 1.9950 0.5850
v 9.2150 1.9650 0.6150
v 9.2450 1.9650 0.6150
v 9.2450 1.9950 0.6150
v 9.2150 1.9950 0.6150
v 9.2150 1.9925 0.5975
v 9.2450 1.9925 0.5975
v 9.2450 2.0225 0.5975
v 9.2150 2.0225 0.5975
v 9.2150 1.9925 0.6275
v 9.2450 1.9925 0.6275
v 9.2450 2.0225 0.6275
v 9.2150 2.0225 0.6275
v 9.2150 2.0200 0.6100
v 9.2450 2.0200 0.6100
v 9.2450 2.0500 0.6100
v 9.2150 2.0500 0.6100
v 9.2150 2.0200 0.6400
v 9.2450 2.0200 0.6400
v 9.2450 2.0500 0.6400
v 9.2150 2.0500 0.6400
v 9.2150 2.0475 0.6225
v 9.2450 2.0475 0.6225
v 9.2450 2.0775 0.6225
v 9.2150 2.0775 0.6225
v 9.2150 2.0475 0.6525
v 9.2450 2.0475 0.6525
v 9.2450 2.0775 0.6525
v 9.2150 2.0775 0.6525
v 9.2150 2.0750 0.6350
v 9.2450 2.0750 0.6350
v 9.2450 2.1050 0.6350
v 9.2150 2.1050 0.6350
v 9.2150 2.0750 0.6650
v 9.2450 2.0750 0.6650
v 9.2450 2.1050 0.6650
v 9.2150 2.1050 0.6650
v 9.2150 2.1025 0.6475
v 9.2450 2.1025 0.6475
v 9.2450 2.1325 0.6475
v 9.2150 2.1325 0.6475
v 9.2150 2.1025 0.6775
v 9.2450 2.1025 0.6775
v 9.2450 2.1325 0.6775
v 9.2150 2.1325 0.6775
v 9.2150 2.1300 0.6600
v 9.2450 2.1300 0.6600
v 9.2450 2.1600 0.6600
v 9.2150 2.1600 0.6600
v 9.2150 2.1300 0.6900
v 9.2450 2.1300 0.6900
v 9.2450 2.1600 0.6900
v 9.2150 2.1600 0.6900
v 9.2150 2.1575 0.6725
v 9.2450 2.1575 0.6725
v 9.2450 2.1875 0.6725
v 9.2150 2.1875 0.6725
v 9.2150 2.1575 0.7025
v 9.2450 2.1575 0.7025
v 9.2450 2.1875 0.7025
v 9.2150 2.1875 0.7025
v 9.2150 2.1850 0.6850
v 9.2450 2.1850 0.6850
v 9.2450 2.2150 0.6850
v 9.2150 2.2150 0.6850
v 9.2150 2.1850 0.7150
v 9.2450 2.1850 0.7150
v 9.2450 2.2150 0.7150
v 9.2150 2.2150 0.7150
v -6.7100 1.7000 1.5000
v -6.6600 1.7000 1.5000
v -6.6600 2.5000 1.5000
v -6.7100 2.5000 1.5000
v -6.7100 1.7000 1.5400
v -6.6600 1.7000 1.5400
v -6.6600 2.5000 1.5400
v -6.7100 2.5000 1.5400
v -5.1600 1.7000 1.5000
v -5.1100 1.7000 1.5000
v -5.1100 2.5000 1.5000
v -5.1600 2.5000 1.5000
v -5.1600 1.7000 1.5400
v -5.1100 1.7000 1.5400
v -5.1100 2.5000 1.5400
v -5.1600 2.5000 1.5400
v -6.7100 1.7000 -1.5400
v -6.6600 1.7000 -1.5400
v -6.6600 2.5000 -1.5400
v -6.7100 2.5000 -1.5400
v -6.7100 1.7000 -1.5000
v -6.6600 1.7000 -1.5000
v -6.6600 2.5000 -1.5000
v -6.7100 2.5000 -1.5000
v -5.1600 1.7000 -1.5400
v -5.1100 1.7000 -1.5400
v -5.1100 2.5000 -1.5400
v -5.1600 2.5000 -1.5400
v -5.1600 1.7000 -1.5000
v -5.1100 1.7000 -1.5000
v -5.1100 2.5000 -1.5000
v -5.1600 2.5000 -1.5000
v -2.9400 1.7000 1.5000
v -2.8900 1.7000 1.5000
v -2.8900 2.5000 1.5000
v -2.9400 2.5000 1.5000
v -2.9400 1.7000 1.5400
v -2.8900 1.7000 1.5400
v -2.8900 2.5000 1.5400
v -2.9400 2.5000 1.5400
v -1.3900 1.7000 1.5000
v -1.3400 1.7000 1.5000
v -1.3400 2.5000 1.5000
v -1.3900 2.5000 1.5000
v -1.3900 1.7000 1.5400
v -1.3400 1.7000 1.5400
v -1.3400 2.5000 1.5400
v -1.3900 2.5000 1.5400
v -2.9400 1.7000 -1.5400
v -2.8900 1.7000 -1.5400
v -2.8900 2.5000 -1.5400
v -2.9400 2.5000 -1.5400
v -2.9400 1.7000 -1.5000
v -2.8900 1.7000 -1.5000
v -2.8900 2.5000 -1.5000
v -2.9400 2.5000 -1.5000
v -1.3900 1.7000 -1.5400
v -1.3400 1.7000 -1.5400
v -1.3400 2.5000 -1.5400
v -1.3900 2.5000 -1.5400
v -1.3900 1.7000 -1.5000
v -1.3400 1.7000 -1.5000
v -1.3400 2.5000 -1.5000
v -1.3900 2.5000 -1.5000
v 0.8400 1.7000 1.5000
v 0.8900 1.7000 1.5000
v 0.8900 2.5000 1.5000
v 0.8400 2.5000 1.5000
v 0.8400 1.7000 1.5400
v 0.8900 1.7000 1.5400
v 0.8900 2.5000 1.5400
v 0.8400 2.5000 1.5400
v 2.3900 1.7000 1.5000
v 2.4400 1.7000 1.5000
v 2.4400 2.5000 1.5000
v 2.3900 2.5000 1.5000
v 2.3900 1.7000 1.5400
v 2.4400 1.7000 1.5400
v 2.4400 2.5000 1.5400
v 2.3900 2.5000 1.5400
v 0.8400 1.7000 -1.5400
v 0.8900 1.7000 -1.5400
v 0.8900 2.5000 -1.5400
v 0.8400 2.5000 -1.5400
v 0.8400 1.7000 -1.5000
v 0.8900 1.7000 -1.5000
v 0.8900 2.5000 -1.5000
v 0.8400 2.5000 -1.5000
v 2.3900 1.7000 -1.5400
v 2.4400 1.7000 -1.5400
v 2.4400 2.5000 -1.5400
v 2.3900 2.5000 -1.5400
v 2.3900 1.7000 -1.5000
v 2.4400 1.7000 -1.5000
v 2.4400 2.5000 -1.5000
v 2.3900 2.5000 -1.5000
v 4.6100 1.7000 1.5000
v 4.6600 1.7000 1.5000
v 4.6600 2.5000 1.5000
v 4.6100 2.5000 1.5000
v 4.6100 1.7000 1.5400
v 4.6600 1.7000 1.5400
v 4.6600 2.5000 1.5400
v 4.6100 2.5000 1.5400
v 6.1600 1.7000 1.5000
v 6.2100 1.7000 1.5000
v 6.2100 2.5000 1.5000
v 6.1600 2.5000 1.5000
v 6.1600 1.7000 1.5400
v 6.2100 1.7000 1.5400
v 6.2100 2.5000 1.5400
v 6.1600 2.5000 1.5400
v 4.6100 1.7000 -1.5400
v 4.6600 1.7000 -1.5400
v 4.6600 2.5000 -1.5400
v 4.6100 2.5000 -1.5400
v 4.6100 1.7000 -1.5000
v 4.6600 1.7000 -1.5000
v 4.6600 2.5000 -1.5000
v 4.6100 2.5000 -1.5000
v 6.1600 1.7000 -1.5400
v 6.2100 1.7000 -1.5400
v 6.2100 2.5000 -1.5400
v 6.1600 2.5000 -1.5400
v 6.1600 1.7000 -1.5000
v 6.2100 1.7000 -1.5000
v 6.2100 2.5000 -1.5000
v 6.1600 2.5000 -1.5000
v -5.0650 2.1000 1.5150
v -4.9650 2.1000 1.5150
v -4.9650 2.2000 1.5150
v -5.0650 2.2000 1.5150
v -5.0650 2.1000 1.5400
v -4.9650 2.1000 1.5400
v -4.9650 2.2000 1.5400
v -5.0650 2.2000 1.5400
v -5.0650 2.1000 -1.5400
v -4.9650 2.1000 -1.5400
v -4.9650 2.2000 -1.5400
v -5.0650 2.2000 -1.5400
v -5.0650 2.1000 -1.5150
v -4.9650 2.1000 -1.5150
v -4.9650 2.2000 -1.5150
v -5.0650 2.2000 -1.5150
v -1.2950 2.1000 1.5150
v -1.1950 2.1000 1.5150
v -1.1950 2.2000 1.5150
v -1.2950 2.2000 1.5150
v -1.2950 2.1000 1.5400
v -1.1950 2.1000 1.5400
v -1.1950 2.2000 1.5400
v -1.2950 2.2000 1.5400
v -1.2950 2.1000 -1.5400
v -1.1950 2.1000 -1.5400
v -1.1950 2.2000 -1.5400
v -1.2950 2.2000 -1.5400
v -1.2950 2.1000 -1.5150
v -1.1950 2.1000 -1.5150
v -1.1950 2.2000 -1.5150
v -1.2950 2.2000 -1.5150
v 2.4850 2.1000 1.5150
v 2.5850 2.1000 1.5150
v 2.5850 2.2000 1.5150
v 2.4850 2.2000 1.5150
v 2.4850 2.1000 1.5400
v 2.5850 2.1000 1.5400
v 2.5850 2.2000 1.5400
v 2.4850 2.2000 1.5400
v 2.4850 2.1000 -1.5400
v 2.5850 2.1000 -1.5400
v 2.5850 2.2000 -1.5400
v 2.4850 2.2000 -1.5400
v 2.4850 2.1000 -1.5150
v 2.5850 2.1000 -1.5150
v 2.5850 2.2000 -1.5150
v 2.4850 2.2000 -1.5150
v 6.2550 2.1000 1.5150
v 6.3550 2.1000 1.5150
v 6.3550 2.2000 1.5150
v 6.2550 2.2000 1.5150
v 6.2550 2.1000 1.5400
v 6.3550 2.1000 1.5400
v 6.3550 2.2000 1.5400
v 6.2550 2.2000 1.5400
v 6.2550 2.1000 -1.5400
v 6.3550 2.1000 -1.5400
v 6.3550 2.2000 -1.5400
v 6.2550 2.2000 -1.5400
v 6.2550 2.1000 -1.5150
v 6.3550 2.1000 -1.5150
v 6.3550 2.2000 -1.5150
v 6.2550 2.2000 -1.5150
v -8.4000 1.0000 1.5250
v -7.9500 1.0000 1.5250
v -7.9500 1.1500 1.5250
v -8.4000 1.1500 1.5250
v -8.4000 1.0000 1.5320
v -7.9500 1.0000 1.5320
v -7.9500 1.1500 1.5320
v -8.4000 1.1500 1.5320
v -8.3500 1.0400 1.5320
v -8.0000 1.0400 1.5320
v -8.0000 1.1100 1.5320
v -8.3500 1.1100 1.5320
v -8.3500 1.0400 1.5360
v -8.0000 1.0400 1.5360
v -8.0000 1.1100 1.5360
v -8.3500 1.1100 1.5360
v -8.4000 1.0000 -1.5320
v -7.9500 1.0000 -1.5320
v -7.9500 1.1500 -1.5320
v -8.4000 1.1500 -1.5320
v -8.4000 1.0000 -1.5250
v -7.9500 1.0000 -1.5250
v -7.9500 1.1500 -1.5250
v -8.4000 1.1500 -1.5250
v -8.3500 1.0400 -1.5360
v -8.0000 1.0400 -1.5360
v -8.0000 1.1100 -1.5360
v -8.3500 1.1100 -1.5360
v -8.3500 1.0400 -1.5320
v -8.0000 1.0400 -1.5320
v -8.0000 1.1100 -1.5320
v -8.3500 1.1100 -1.5320
v 9.1400 3.0150 -0.8900
v 9.2080 3.0150 -0.8900
v 9.2080 3.2850 -0.8900
v 9.1400 3.2850 -0.8900
v 9.1400 3.0150 0.8900
v 9.2080 3.0150 0.8900
v 9.2080 3.2850 0.8900
v 9.1400 3.2850 0.8900
v -9.1000 1.0750 -1.4500
v 8.8850 1.0750 -1.4500
v 8.8850 1.1040 -1.4500
v -9.1000 1.1040 -1.4500
v -9.1000 1.0750 1.4500
v 8.8850 1.0750 1.4500
v 8.8850 1.1040 1.4500
v -9.1000 1.1040 1.4500
v -9.1000 3.3900 -1.4500
v 8.4000 3.3900 -1.4500
v 8.4000 3.4300 -1.4500
v -9.1000 3.4300 -1.4500
v -9.1000 3.3900 1.4500
v 8.4000 3.3900 1.4500
v 8.4000 3.4300 1.4500
v -9.1000 3.4300 1.4500
v -9.1600 1.1000 0.5200
v -9.0800 1.1000 0.5200
v -9.0800 3.4300 0.5200
v -9.1600 3.4300 0.5200
v -9.1600 1.1000 1.4500
v -9.0800 1.1000 1.4500
v -9.0800 3.4300 1.4500
v -9.1600 3.4300 1.4500
v -9.1600 1.1000 -1.4500
v -9.0800 1.1000 -1.4500
v -9.0800 3.4300 -1.4500
v -9.1600 3.4300 -1.4500
v -9.1600 1.1000 -0.5200
v -9.0800 1.1000 -0.5200
v -9.0800 3.4300 -0.5200
v -9.1600 3.4300 -0.5200
v -9.1600 3.1500 -0.5200
v -9.0800 3.1500 -0.5200
v -9.0800 3.4300 -0.5200
v -9.1600 3.4300 -0.5200
v -9.1600 3.1500 0.5200
v -9.0800 3.1500 0.5200
v -9.0800 3.4300 0.5200
v -9.1600 3.4300 0.5200
v -9.1800 3.1500 -0.5000
v -9.0600 3.1500 -0.5000
v -9.0600 3.5500 -0.5000
v -9.1800 3.5500 -0.5000
v -9.1800 3.1500 0.5000
v -9.0600 3.1500 0.5000
v -9.0600 3.5500 0.5000
v -9.1800 3.5500 0.5000
v -9.1700 1.1000 -0.5000
v -9.0900 1.1000 -0.5000
v -9.0900 3.1500 -0.5000
v -9.1700 3.1500 -0.5000
v -9.1700 1.1000 0.5000
v -9.0900 1.1000 0.5000
v -9.0900 3.1500 0.5000
v -9.1700 3.1500 0.5000
v -9.1720 2.1000 -0.4000
v -9.0920 2.1000 -0.4000
v -9.0920 3.0000 -0.4000
v -9.1720 3.0000 -0.4000
v -9.1720 2.1000 0.4000
v -9.0920 2.1000 0.4000
v -9.0920 3.0000 0.4000
v -9.1720 3.0000 0.4000
v -6.5850 1.1000 1.4500
v -5.9100 1.1000 1.4500
v -5.9100 1.5000 1.4500
v -6.5850 1.5000 1.4500
v -6.5850 1.1000 1.5080
v -5.9100 1.1000 1.5080
v -5.9100 1.5000 1.5080
v -6.5850 1.5000 1.5080
v -6.5850 2.3300 1.4500
v -5.9100 2.3300 1.4500
v -5.9100 2.5700 1.4500
v -6.5850 2.5700 1.4500
v -6.5850 2.3300 1.5080
v -5.9100 2.3300 1.5080
v -5.9100 2.5700 1.5080
v -6.5850 2.5700 1.5080
v -6.5850 1.5000 1.4500
v -6.5150 1.5000 1.4500
v -6.5150 2.3300 1.4500
v -6.5850 2.3300 1.4500
v -6.5850 1.5000 1.5080
v -6.5150 1.5000 1.5080
v -6.5150 2.3300 1.5080
v -6.5850 2.3300 1.5080
v -5.9800 1.5000 1.4500
v -5.9100 1.5000 1.4500
v -5.9100 2.3300 1.4500
v -5.9800 2.3300 1.4500
v -5.9800 1.5000 1.5080
v -5.9100 1.5000 1.5080
v -5.9100 2.3300 1.5080
v -5.9800 2.3300 1.5080
v -6.5150 1.5000 1.4700
v -5.9800 1.5000 1.4700
v -5.9800 2.3300 1.4700
v -6.5150 2.3300 1.4700
v -6.5150 1.5000 1.4880
v -5.9800 1.5000 1.4880
v -5.9800 2.3300 1.4880
v -6.5150 2.3300 1.4880
v -5.9250 1.1000 1.4450
v -5.8950 1.1000 1.4450
v -5.8950 2.5700 1.4450
v -5.9250 2.5700 1.4450
v -5.9250 1.1000 1.5130
v -5.8950 1.1000 1.5130
v -5.8950 2.5700 1.5130
v -5.9250 2.5700 1.5130
v -5.9100 1.1000 1.4500
v -5.2350 1.1000 1.4500
v -5.2350 1.5000 1.4500
v -5.9100 1.5000 1.4500
v -5.9100 1.1000 1.5080
v -5.2350 1.1000 1.5080
v -5.2350 1.5000 1.5080
v -5.9100 1.5000 1.5080
v -5.9100 2.3300 1.4500
v -5.2350 2.3300 1.4500
v -5.2350 2.5700 1.4500
v -5.9100 2.5700 1.4500
v -5.9100 2.3300 1.5080
v -5.2350 2.3300 1.5080
v -5.2350 2.5700 1.5080
v -5.9100 2.5700 1.5080
v -5.9100 1.5000 1.4500
v -5.8400 1.5000 1.4500
v -5.8400 2.3300 1.4500
v -5.9100 2.3300 1.4500
v -5.9100 1.5000 1.5080
v -5.8400 1.5000 1.5080
v -5.8400 2.3300 1.5080
v -5.9100 2.3300 1.5080
v -5.3050 1.5000 1.4500
v -5.2350 1.5000 1.4500
v -5.2350 2.3300 1.4500
v -5.3050 2.3300 1.4500
v -5.3050 1.5000 1.5080
v -5.2350 1.5000 1.5080
v -5.2350 2.3300 1.5080
v -5.3050 2.3300 1.5080
v -5.8400 1.5000 1.4700
v -5.3050 1.5000 1.4700
v -5.3050 2.3300 1.4700
v -5.8400 2.3300 1.4700
v -5.8400 1.5000 1.4880
v -5.3050 1.5000 1.4880
v -5.3050 2.3300 1.4880
v -5.8400 2.3300 1.4880
v -5.9250 1.1000 1.4450
v -5.8950 1.1000 1.4450
v -5.8950 2.5700 1.4450
v -5.9250 2.5700 1.4450
v -5.9250 1.1000 1.5130
v -5.8950 1.1000 1.5130
v -5.8950 2.5700 1.5130
v -5.9250 2.5700 1.5130
v -6.5850 1.1000 1.1900
v -5.2350 1.1000 1.1900
v -5.2350 1.1050 1.1900
v -6.5850 1.1050 1.1900
v -6.5850 1.1000 1.4400
v -5.2350 1.1000 1.4400
v -5.2350 1.1050 1.4400
v -6.5850 1.1050 1.4400
v -6.3600 2.5900 1.4000
v -5.4600 2.5900 1.4000
v -5.4600 2.7700 1.4000
v -6.3600 2.7700 1.4000
v -6.3600 2.5900 1.4400
v -5.4600 2.5900 1.4400
v -5.4600 2.7700 1.4400
v -6.3600 2.7700 1.4400
v -6.5850 1.1000 -1.4400
v -5.2350 1.1000 -1.4400
v -5.2350 1.1050 -1.4400
v -6.5850 1.1050 -1.4400
v -6.5850 1.1000 -1.1900
v -5.2350 1.1000 -1.1900
v -5.2350 1.1050 -1.1900
v -6.5850 1.1050 -1.1900
v -6.3600 2.5900 -1.4400
v -5.4600 2.5900 -1.4400
v -5.4600 2.7700 -1.4400
v -6.3600 2.7700 -1.4400
v -6.3600 2.5900 -1.4000
v -5.4600 2.5900 -1.4000
v -5.4600 2.7700 -1.4000
v -6.3600 2.7700 -1.4000
v -2.8150 1.1000 1.1900
v -1.4650 1.1000 1.1900
v -1.4650 1.1050 1.1900
v -2.8150 1.1050 1.1900
v -2.8150 1.1000 1.4400
v -1.4650 1.1000 1.4400
v -1.4650 1.1050 1.4400
v -2.8150 1.1050 1.4400
v -2.5900 2.5900 1.4000
v -1.6900 2.5900 1.4000
v -1.6900 2.7700 1.4000
v -2.5900 2.7700 1.4000
v -2.5900 2.5900 1.4400
v -1.6900 2.5900 1.4400
v -1.6900 2.7700 1.4400
v -2.5900 2.7700 1.4400
v -2.8150 1.1000 -1.4400
v -1.4650 1.1000 -1.4400
v -1.4650 1.1050 -1.4400
v -2.8150 1.1050 -1.4400
v -2.8150 1.1000 -1.1900
v -1.4650 1.1000 -1.1900
v -1.4650 1.1050 -1.1900
v -2.8150 1.1050 -1.1900
v -2.5900 2.5900 -1.4400
v -1.6900 2.5900 -1.4400
v -1.6900 2.7700 -1.4400
v -2.5900 2.7700 -1.4400
v -2.5900 2.5900 -1.4000
v -1.6900 2.5900 -1.4000
v -1.6900 2.7700 -1.4000
v -2.5900 2.7700 -1.4000
v 0.9650 1.1000 1.1900
v 2.3150 1.1000 1.1900
v 2.3150 1.1050 1.1900
v 0.9650 1.1050 1.1900
v 0.9650 1.1000 1.4400
v 2.3150 1.1000 1.4400
v 2.3150 1.1050 1.4400
v 0.9650 1.1050 1.4400
v 1.1900 2.5900 1.4000
v 2.0900 2.5900 1.4000
v 2.0900 2.7700 1.4000
v 1.1900 2.7700 1.4000
v 1.1900 2.5900 1.4400
v 2.0900 2.5900 1.4400
v 2.0900 2.7700 1.4400
v 1.1900 2.7700 1.4400
v 0.9650 1.1000 -1.4400
v 2.3150 1.1000 -1.4400
v 2.3150 1.1050 -1.4400
v 0.9650 1.1050 -1.4400
v 0.9650 1.1000 -1.1900
v 2.3150 1.1000 -1.1900
v 2.3150 1.1050 -1.1900
v 0.9650 1.1050 -1.1900
v 1.1900 2.5900 -1.4400
v 2.0900 2.5900 -1.4400
v 2.0900 2.7700 -1.4400
v 1.1900 2.7700 -1.4400
v 1.1900 2.5900 -1.4000
v 2.0900 2.5900 -1.4000
v 2.0900 2.7700 -1.4000
v 1.1900 2.7700 -1.4000
v 4.7350 1.1000 1.1900
v 6.0850 1.1000 1.1900
v 6.0850 1.1050 1.1900
v 4.7350 1.1050 1.1900
v 4.7350 1.1000 1.4400
v 6.0850 1.1000 1.4400
v 6.0850 1.1050 1.4400
v 4.7350 1.1050 1.4400
v 4.9600 2.5900 1.4000
v 5.8600 2.5900 1.4000
v 5.8600 2.7700 1.4000
v 4.9600 2.7700 1.4000
v 4.9600 2.5900 1.4400
v 5.8600 2.5900 1.4400
v 5.8600 2.7700 1.4400
v 4.9600 2.7700 1.4400
v 4.7350 1.1000 -1.4400
v 6.0850 1.1000 -1.4400
v 6.0850 1.1050 -1.4400
v 4.7350 1.1050 -1.4400
v 4.7350 1.1000 -1.1900
v 6.0850 1.1000 -1.1900
v 6.0850 1.1050 -1.1900
v 4.7350 1.1050 -1.1900
v 4.9600 2.5900 -1.4400
v 5.8600 2.5900 -1.4400
v 5.8600 2.7700 -1.4400
v 4.9600 2.7700 -1.4400
v 4.9600 2.5900 -1.4000
v 5.8600 2.5900 -1.4000
v 5.8600 2.7700 -1.4000
v 4.9600 2.7700 -1.4000
v -6.5850 1.1000 -1.5080
v -5.9100 1.1000 -1.5080
v -5.9100 1.5000 -1.5080
v -6.5850 1.5000 -1.5080
v -6.5850 1.1000 -1.4500
v -5.9100 1.1000 -1.4500
v -5.9100 1.5000 -1.4500
v -6.5850 1.5000 -1.4500
v -6.5850 2.3300 -1.5080
v -5.9100 2.3300 -1.5080
v -5.9100 2.5700 -1.5080
v -6.5850 2.5700 -1.5080
v -6.5850 2.3300 -1.4500
v -5.9100 2.3300 -1.4500
v -5.9100 2.5700 -1.4500
v -6.5850 2.5700 -1.4500
v -6.5850 1.5000 -1.5080
v -6.5150 1.5000 -1.5080
v -6.5150 2.3300 -1.5080
v -6.5850 2.3300 -1.5080
v -6.5850 1.5000 -1.4500
v -6.5150 1.5000 -1.4500
v -6.5150 2.3300 -1.4500
v -6.5850 2.3300 -1.4500
v -5.9800 1.5000 -1.5080
v -5.9100 1.5000 -1.5080
v -5.9100 2.3300 -1.5080
v -5.9800 2.3300 -1.5080
v -5.9800 1.5000 -1.4500
v -5.9100 1.5000 -1.4500
v -5.9100 2.3300 -1.4500
v -5.9800 2.3300 -1.4500
v -6.5150 1.5000 -1.4880
v -5.9800 1.5000 -1.4880
v -5.9800 2.3300 -1.4880
v -6.5150 2.3300 -1.4880
v -6.5150 1.5000 -1.4700
v -5.9800 1.5000 -1.4700
v -5.9800 2.3300 -1.4700
v -6.5150 2.3300 -1.4700
v -5.9250 1.1000 -1.5130
v -5.8950 1.1000 -1.5130
v -5.8950 2.5700 -1.5130
v -5.9250 2.5700 -1.5130
v -5.9250 1.1000 -1.4450
v -5.8950 1.1000 -1.4450
v -5.8950 2.5700 -1.4450
v -5.9250 2.5700 -1.4450
v -5.9100 1.1000 -1.5080
v -5.2350 1.1000 -1.5080
v -5.2350 1.5000 -1.5080
v -5.9100 1.5000 -1.5080
v -5.9100 1.1000 -1.4500
v -5.2350 1.1000 -1.4500
v -5.2350 1.5000 -1.4500
v -5.9100 1.5000 -1.4500
v -5.9100 2.3300 -1.5080
v -5.2350 2.3300 -1.5080
v -5.2350 2.5700 -1.5080
v -5.9100 2.5700 -1.5080
v -5.9100 2.3300 -1.4500
v -5.2350 2.3300 -1.4500
v -5.2350 2.5700 -1.4500
v -5.9100 2.5700 -1.4500
v -5.9100 1.5000 -1.5080
v -5.8400 1.5000 -1.5080
v -5.8400 2.3300 -1.5080
v -5.9100 2.3300 -1.5080
v -5.9100 1.5000 -1.4500
v -5.8400 1.5000 -1.4500
v -5.8400 2.3300 -1.4500
v -5.9100 2.3300 -1.4500
v -5.3050 1.5000 -1.5080
v -5.2350 1.5000 -1.5080
v -5.2350 2.3300 -1.5080
v -5.3050 2.3300 -1.5080
v -5.3050 1.5000 -1.4500
v -5.2350 1.5000 -1.4500
v -5.2350 2.3300 -1.4500
v -5.3050 2.3300 -1.4500
v -5.8400 1.5000 -1.4880
v -5.3050 1.5000 -1.4880
v -5.3050 2.3300 -1.4880
v -5.8400 2.3300 -1.4880
v -5.8400 1.5000 -1.4700
v -5.3050 1.5000 -1.4700
v -5.3050 2.3300 -1.4700
v -5.8400 2.3300 -1.4700
v -5.9250 1.1000 -1.5130
v -5.8950 1.1000 -1.5130
v -5.8950 2.5700 -1.5130
v -5.9250 2.5700 -1.5130
v -5.9250 1.1000 -1.4450
v -5.8950 1.1000 -1.4450
v -5.8950 2.5700 -1.4450
v -5.9250 2.5700 -1.4450
v -2.8150 1.1000 1.4500
v -2.1400 1.1000 1.4500
v -2.1400 1.5000 1.4500
v -2.8150 1.5000 1.4500
v -2.8150 1.1000 1.5080
v -2.1400 1.1000 1.5080
v -2.1400 1.5000 1.5080
v -2.8150 1.5000 1.5080
v -2.8150 2.3300 1.4500
v -2.1400 2.3300 1.4500
v -2.1400 2.5700 1.4500
v -2.8150 2.5700 1.4500
v -2.8150 2.3300 1.5080
v -2.1400 2.3300 1.5080
v -2.1400 2.5700 1.5080
v -2.8150 2.5700 1.5080
v -2.8150 1.5000 1.4500
v -2.7450 1.5000 1.4500
v -2.7450 2.3300 1.4500
v -2.8150 2.3300 1.4500
v -2.8150 1.5000 1.5080
v -2.7450 1.5000 1.5080
v -2.7450 2.3300 1.5080
v -2.8150 2.3300 1.5080
v -2.2100 1.5000 1.4500
v -2.1400 1.5000 1.4500
v -2.1400 2.3300 1.4500
v -2.2100 2.3300 1.4500
v -2.2100 1.5000 1.5080
v -2.1400 1.5000 1.5080
v -2.1400 2.3300 1.5080
v -2.2100 2.3300 1.5080
v -2.7450 1.5000 1.4700
v -2.2100 1.5000 1.4700
v -2.2100 2.3300 1.4700
v -2.7450 2.3300 1.4700
v -2.7450 1.5000 1.4880
v -2.2100 1.5000 1.4880
v -2.2100 2.3300 1.4880
v -2.7450 2.3300 1.4880
v -2.1550 1.1000 1.4450
v -2.1250 1.1000 1.4450
v -2.1250 2.5700 1.4450
v -2.1550 2.5700 1.4450
v -2.1550 1.1000 1.5130
v -2.1250 1.1000 1.5130
v -2.1250 2.5700 1.5130
v -2.1550 2.5700 1.5130
v -2.1400 1.1000 1.4500
v -1.4650 1.1000 1.4500
v -1.4650 1.5000 1.4500
v -2.1400 1.5000 1.4500
v -2.1400 1.1000 1.5080
v -1.4650 1.1000 1.5080
v -1.4650 1.5000 1.5080
v -2.1400 1.5000 1.5080
v -2.1400 2.3300 1.4500
v -1.4650 2.3300 1.4500
v -1.4650 2.5700 1.4500
v -2.1400 2.5700 1.4500
v -2.1400 2.3300 1.5080
v -1.4650 2.3300 1.5080
v -1.4650 2.5700 1.5080
v -2.1400 2.5700 1.5080
v -2.1400 1.5000 1.4500
v -2.0700 1.5000 1.4500
v -2.0700 2.3300 1.4500
v -2.1400 2.3300 1.4500
v -2.1400 1.5000 1.5080
v -2.0700 1.5000 1.5080
v -2.0700 2.3300 1.5080
v -2.1400 2.3300 1.5080
v -1.5350 1.5000 1.4500
v -1.4650 1.5000 1.4500
v -1.4650 2.3300 1.4500
v -1.5350 2.3300 1.4500
v -1.5350 1.5000 1.5080
v -1.4650 1.5000 1.5080
v -1.4650 2.3300 1.5080
v -1.5350 2.3300 1.5080
v -2.0700 1.5000 1.4700
v -1.5350 1.5000 1.4700
v -1.5350 2.3300 1.4700
v -2.0700 2.3300 1.4700
v -2.0700 1.5000 1.4880
v -1.5350 1.5000 1.4880
v -1.5350 2.3300 1.4880
v -2.0700 2.3300 1.4880
v -2.1550 1.1000 1.4450
v -2.1250 1.1000 1.4450
v -2.1250 2.5700 1.4450
v -2.1550 2.5700 1.4450
v -2.1550 1.1000 1.5130
v -2.1250 1.1000 1.5130
v -2.1250 2.5700 1.5130
v -2.1550 2.5700 1.5130
v -2.8150 1.1000 -1.5080
v -2.1400 1.1000 -1.5080
v -2.1400 1.5000 -1.5080
v -2.8150 1.5000 -1.5080
v -2.8150 1.1000 -1.4500
v -2.1400 1.1000 -1.4500
v -2.1400 1.5000 -1.4500
v -2.8150 1.5000 -1.4500
v -2.8150 2.3300 -1.5080
v -2.1400 2.3300 -1.5080
v -2.1400 2.5700 -1.5080
v -2.8150 2.5700 -1.5080
v -2.8150 2.3300 -1.4500
v -2.1400 2.3300 -1.4500
v -2.1400 2.5700 -1.4500
v -2.8150 2.5700 -1.4500
v -2.8150 1.5000 -1.5080
v -2.7450 1.5000 -1.5080
v -2.7450 2.3300 -1.5080
v -2.8150 2.3300 -1.5080
v -2.8150 1.5000 -1.4500
v -2.7450 1.5000 -1.4500
v -2.7450 2.3300 -1.4500
v -2.8150 2.3300 -1.4500
v -2.2100 1.5000 -1.5080
v -2.1400 1.5000 -1.5080
v -2.1400 2.3300 -1.5080
v -2.2100 2.3300 -1.5080
v -2.2100 1.5000 -1.4500
v -2.1400 1.5000 -1.4500
v -2.1400 2.3300 -1.4500
v -2.2100 2.3300 -1.4500
v -2.7450 1.5000 -1.4880
v -2.2100 1.5000 -1.4880
v -2.2100 2.3300 -1.4880
v -2.7450 2.3300 -1.4880
v -2.7450 1.5000 -1.4700
v -2.2100 1.5000 -1.4700
v -2.2100 2.3300 -1.4700
v -2.7450 2.3300 -1.4700
v -2.1550 1.1000 -1.5130
v -2.1250 1.1000 -1.5130
v -2.1250 2.5700 -1.5130
v -2.1550 2.5700 -1.5130
v -2.1550 1.1000 -1.4450
v -2.1250 1.1000 -1.4450
v -2.1250 2.5700 -1.4450
v -2.1550 2.5700 -1.4450
v -2.1400 1.1000 -1.5080
v -1.4650 1.1000 -1.5080
v -1.4650 1.5000 -1.5080
v -2.1400 1.5000 -1.5080
v -2.1400 1.1000 -1.4500
v -1.4650 1.1000 -1.4500
v -1.4650 1.5000 -1.4500
v -2.1400 1.5000 -1.4500
v -2.1400 2.3300 -1.5080
v -1.4650 2.3300 -1.5080
v -1.4650 2.5700 -1.5080
v -2.1400 2.5700 -1.5080
v -2.1400 2.3300 -1.4500
v -1.4650 2.3300 -1.4500
v -1.4650 2.5700 -1.4500
v -2.1400 2.5700 -1.4500
v -2.1400 1.5000 -1.5080
v -2.0700 1.5000 -1.5080
v -2.0700 2.3300 -1.5080
v -2.1400 2.3300 -1.5080
v -2.1400 1.5000 -1.4500
v -2.0700 1.5000 -1.4500
v -2.0700 2.3300 -1.4500
v -2.1400 2.3300 -1.4500
v -1.5350 1.5000 -1.5080
v -1.4650 1.5000 -1.5080
v -1.4650 2.3300 -1.5080
v -1.5350 2.3300 -1.5080
v -1.5350 1.5000 -1.4500
v -1.4650 1.5000 -1.4500
v -1.4650 2.3300 -1.4500
v -1.5350 2.3300 -1.4500
v -2.0700 1.5000 -1.4880
v -1.5350 1.5000 -1.4880
v -1.5350 2.3300 -1.4880
v -2.0700 2.3300 -1.4880
v -2.0700 1.5000 -1.4700
v -1.5350 1.5000 -1.4700
v -1.5350 2.3300 -1.4700
v -2.0700 2.3300 -1.4700
v -2.1550 1.1000 -1.5130
v -2.1250 1.1000 -1.5130
v -2.1250 2.5700 -1.5130
v -2.1550 2.5700 -1.5130
v -2.1550 1.1000 -1.4450
v -2.1250 1.1000 -1.4450
v -2.1250 2.5700 -1.4450
v -2.1550 2.5700 -1.4450
v 0.9650 1.1000 1.4500
v 1.6400 1.1000 1.4500
v 1.6400 1.5000 1.4500
v 0.9650 1.5000 1.4500
v 0.9650 1.1000 1.5080
v 1.6400 1.1000 1.5080
v 1.6400 1.5000 1.5080
v 0.9650 1.5000 1.5080
v 0.9650 2.3300 1.4500
v 1.6400 2.3300 1.4500
v 1.6400 2.5700 1.4500
v 0.9650 2.5700 1.4500
v 0.9650 2.3300 1.5080
v 1.6400 2.3300 1.5080
v 1.6400 2.5700 1.5080
v 0.9650 2.5700 1.5080
v 0.9650 1.5000 1.4500
v 1.0350 1.5000 1.4500
v 1.0350 2.3300 1.4500
v 0.9650 2.3300 1.4500
v 0.9650 1.5000 1.5080
v 1.0350 1.5000 1.5080
v 1.0350 2.3300 1.5080
v 0.9650 2.3300 1.5080
v 1.5700 1.5000 1.4500
v 1.6400 1.5000 1.4500
v 1.6400 2.3300 1.4500
v 1.5700 2.3300 1.4500
v 1.5700 1.5000 1.5080
v 1.6400 1.5000 1.5080
v 1.6400 2.3300 1.5080
v 1.5700 2.3300 1.5080
v 1.0350 1.5000 1.4700
v 1.5700 1.5000 1.4700
v 1.5700 2.3300 1.4700
v 1.0350 2.3300 1.4700
v 1.0350 1.5000 1.4880
v 1.5700 1.5000 1.4880
v 1.5700 2.3300 1.4880
v 1.0350 2.3300 1.4880
v 1.6250 1.1000 1.4450
v 1.6550 1.1000 1.4450
v 1.6550 2.5700 1.4450
v 1.6250 2.5700 1.4450
v 1.6250 1.1000 1.5130
v 1.6550 1.1000 1.5130
v 1.6550 2.5700 1.5130
v 1.6250 2.5700 1.5130
v 1.6400 1.1000 1.4500
v 2.3150 1.1000 1.4500
v 2.3150 1.5000 1.4500
v 1.6400 1.5000 1.4500
v 1.6400 1.1000 1.5080
v 2.3150 1.1000 1.5080
v 2.3150 1.5000 1.5080
v 1.6400 1.5000 1.5080
v 1.6400 2.3300 1.4500
v 2.3150 2.3300 1.4500
v 2.3150 2.5700 1.4500
v 1.6400 2.5700 1.4500
v 1.6400 2.3300 1.5080
v 2.3150 2.3300 1.5080
v 2.3150 2.5700 1.5080
v 1.6400 2.5700 1.5080
v 1.6400 1.5000 1.4500
v 1.7100 1.5000 1.4500
v 1.7100 2.3300 1.4500
v 1.6400 2.3300 1.4500
v 1.6400 1.5000 1.5080
v 1.7100 1.5000 1.5080
v 1.7100 2.3300 1.5080
v 1.6400 2.3300 1.5080
v 2.2450 1.5000 1.4500
v 2.3150 1.5000 1.4500
v 2.3150 2.3300 1.4500
v 2.2450 2.3300 1.4500
v 2.2450 1.5000 1.5080
v 2.3150 1.5000 1.5080
v 2.3150 2.3300 1.5080
v 2.2450 2.3300 1.5080
v 1.7100 1.5000 1.4700
v 2.2450 1.5000 1.4700
v 2.2450 2.3300 1.4700
v 1.7100 2.3300 1.4700
v 1.7100 1.5000 1.4880
v 2.2450 1.5000 1.4880
v 2.2450 2.3300 1.4880
v 1.7100 2.3300 1.4880
v 1.6250 1.1000 1.4450
v 1.6550 1.1000 1.4450
v 1.6550 2.5700 1.4450
v 1.6250 2.5700 1.4450
v 1.6250 1.1000 1.5130
v 1.6550 1.1000 1.5130
v 1.6550 2.5700 1.5130
v 1.6250 2.5700 1.5130
v 0.9650 1.1000 -1.5080
v 1.6400 1.1000 -1.5080
v 1.6400 1.5000 -1.5080
v 0.9650 1.5000 -1.5080
v 0.9650 1.1000 -1.4500
v 1.6400 1.1000 -1.4500
v 1.6400 1.5000 -1.4500
v 0.9650 1.5000 -1.4500
v 0.9650 2.3300 -1.5080
v 1.6400 2.3300 -1.5080
v 1.6400 2.5700 -1.5080
v 0.9650 2.5700 -1.5080
v 0.9650 2.3300 -1.4500
v 1.6400 2.3300 -1.4500
v 1.6400 2.5700 -1.4500
v 0.9650 2.5700 -1.4500
v 0.9650 1.5000 -1.5080
v 1.0350 1.5000 -1.5080
v 1.0350 2.3300 -1.5080
v 0.9650 2.3300 -1.5080
v 0.9650 1.5000 -1.4500
v 1.0350 1.5000 -1.4500
v 1.0350 2.3300 -1.4500
v 0.9650 2.3300 -1.4500
v 1.5700 1.5000 -1.5080
v 1.6400 1.5000 -1.5080
v 1.6400 2.3300 -1.5080
v 1.5700 2.3300 -1.5080
v 1.5700 1.5000 -1.4500
v 1.6400 1.5000 -1.4500
v 1.6400 2.3300 -1.4500
v 1.5700 2.3300 -1.4500
v 1.0350 1.5000 -1.4880
v 1.5700 1.5000 -1.4880
v 1.5700 2.3300 -1.4880
v 1.0350 2.3300 -1.4880
v 1.0350 1.5000 -1.4700
v 1.5700 1.5000 -1.4700
v 1.5700 2.3300 -1.4700
v 1.0350 2.3300 -1.4700
v 1.6250 1.1000 -1.5130
v 1.6550 1.1000 -1.5130
v 1.6550 2.5700 -1.5130
v 1.6250 2.5700 -1.5130
v 1.6250 1.1000 -1.4450
v 1.6550 1.1000 -1.4450
v 1.6550 2.5700 -1.4450
v 1.6250 2.5700 -1.4450
v 1.6400 1.1000 -1.5080
v 2.3150 1.1000 -1.5080
v 2.3150 1.5000 -1.5080
v 1.6400 1.5000 -1.5080
v 1.6400 1.1000 -1.4500
v 2.3150 1.1000 -1.4500
v 2.3150 1.5000 -1.4500
v 1.6400 1.5000 -1.4500
v 1.6400 2.3300 -1.5080
v 2.3150 2.3300 -1.5080
v 2.3150 2.5700 -1.5080
v 1.6400 2.5700 -1.5080
v 1.6400 2.3300 -1.4500
v 2.3150 2.3300 -1.4500
v 2.3150 2.5700 -1.4500
v 1.6400 2.5700 -1.4500
v 1.6400 1.5000 -1.5080
v 1.7100 1.5000 -1.5080
v 1.7100 2.3300 -1.5080
v 1.6400 2.3300 -1.5080
v 1.6400 1.5000 -1.4500
v 1.7100 1.5000 -1.4500
v 1.7100 2.3300 -1.4500
v 1.6400 2.3300 -1.4500
v 2.2450 1.5000 -1.5080
v 2.3150 1.5000 -1.5080
v 2.3150 2.3300 -1.5080
v 2.2450 2.3300 -1.5080
v 2.2450 1.5000 -1.4500
v 2.3150 1.5000 -1.4500
v 2.3150 2.3300 -1.4500
v 2.2450 2.3300 -1.4500
v 1.7100 1.5000 -1.4880
v 2.2450 1.5000 -1.4880
v 2.2450 2.3300 -1.4880
v 1.7100 2.3300 -1.4880
v 1.7100 1.5000 -1.4700
v 2.2450 1.5000 -1.4700
v 2.2450 2.3300 -1.4700
v 1.7100 2.3300 -1.4700
v 1.6250 1.1000 -1.5130
v 1.6550 1.1000 -1.5130
v 1.6550 2.5700 -1.5130
v 1.6250 2.5700 -1.5130
v 1.6250 1.1000 -1.4450
v 1.6550 1.1000 -1.4450
v 1.6550 2.5700 -1.4450
v 1.6250 2.5700 -1.4450
v 4.7350 1.1000 1.4500
v 5.4100 1.1000 1.4500
v 5.4100 1.5000 1.4500
v 4.7350 1.5000 1.4500
v 4.7350 1.1000 1.5080
v 5.4100 1.1000 1.5080
v 5.4100 1.5000 1.5080
v 4.7350 1.5000 1.5080
v 4.7350 2.3300 1.4500
v 5.4100 2.3300 1.4500
v 5.4100 2.5700 1.4500
v 4.7350 2.5700 1.4500
v 4.7350 2.3300 1.5080
v 5.4100 2.3300 1.5080
v 5.4100 2.5700 1.5080
v 4.7350 2.5700 1.5080
v 4.7350 1.5000 1.4500
v 4.8050 1.5000 1.4500
v 4.8050 2.3300 1.4500
v 4.7350 2.3300 1.4500
v 4.7350 1.5000 1.5080
v 4.8050 1.5000 1.5080
v 4.8050 2.3300 1.5080
v 4.7350 2.3300 1.5080
v 5.3400 1.5000 1.4500
v 5.4100 1.5000 1.4500
v 5.4100 2.3300 1.4500
v 5.3400 2.3300 1.4500
v 5.3400 1.5000 1.5080
v 5.4100 1.5000 1.5080
v 5.4100 2.3300 1.5080
v 5.3400 2.3300 1.5080
v 4.8050 1.5000 1.4700
v 5.3400 1.5000 1.4700
v 5.3400 2.3300 1.4700
v 4.8050 2.3300 1.4700
v 4.8050 1.5000 1.4880
v 5.3400 1.5000 1.4880
v 5.3400 2.3300 1.4880
v 4.8050 2.3300 1.4880
v 5.3950 1.1000 1.4450
v 5.4250 1.1000 1.4450
v 5.4250 2.5700 1.4450
v 5.3950 2.5700 1.4450
v 5.3950 1.1000 1.5130
v 5.4250 1.1000 1.5130
v 5.4250 2.5700 1.5130
v 5.3950 2.5700 1.5130
v 5.4100 1.1000 1.4500
v 6.0850 1.1000 1.4500
v 6.0850 1.5000 1.4500
v 5.4100 1.5000 1.4500
v 5.4100 1.1000 1.5080
v 6.0850 1.1000 1.5080
v 6.0850 1.5000 1.5080
v 5.4100 1.5000 1.5080
v 5.4100 2.3300 1.4500
v 6.0850 2.3300 1.4500
v 6.0850 2.5700 1.4500
v 5.4100 2.5700 1.4500
v 5.4100 2.3300 1.5080
v 6.0850 2.3300 1.5080
v 6.0850 2.5700 1.5080
v 5.4100 2.5700 1.5080
v 5.4100 1.5000 1.4500
v 5.4800 1.5000 1.4500
v 5.4800 2.3300 1.4500
v 5.4100 2.3300 1.4500
v 5.4100 1.5000 1.5080
v 5.4800 1.5000 1.5080
v 5.4800 2.3300 1.5080
v 5.4100 2.3300 1.5080
v 6.0150 1.5000 1.4500
v 6.0850 1.5000 1.4500
v 6.0850 2.3300 1.4500
v 6.0150 2.3300 1.4500
v 6.0150 1.5000 1.5080
v 6.0850 1.5000 1.5080
v 6.0850 2.3300 1.5080
v 6.0150 2.3300 1.5080
v 5.4800 1.5000 1.4700
v 6.0150 1.5000 1.4700
v 6.0150 2.3300 1.4700
v 5.4800 2.3300 1.4700
v 5.4800 1.5000 1.4880
v 6.0150 1.5000 1.4880
v 6.0150 2.3300 1.4880
v 5.4800 2.3300 1.4880
v 5.3950 1.1000 1.4450
v 5.4250 1.1000 1.4450
v 5.4250 2.5700 1.4450
v 5.3950 2.5700 1.4450
v 5.3950 1.1000 1.5130
v 5.4250 1.1000 1.5130
v 5.4250 2.5700 1.5130
v 5.3950 2.5700 1.5130
v 4.7350 1.1000 -1.5080
v 5.4100 1.1000 -1.5080
v 5.4100 1.5000 -1.5080
v 4.7350 1.5000 -1.5080
v 4.7350 1.1000 -1.4500
v 5.4100 1.1000 -1.4500
v 5.4100 1.5000 -1.4500
v 4.7350 1.5000 -1.4500
v 4.7350 2.3300 -1.5080
v 5.4100 2.3300 -1.5080
v 5.4100 2.5700 -1.5080
v 4.7350 2.5700 -1.5080
v 4.7350 2.3300 -1.4500
v 5.4100 2.3300 -1.4500
v 5.4100 2.5700 -1.4500
v 4.7350 2.5700 -1.4500
v 4.7350 1.5000 -1.5080
v 4.8050 1.5000 -1.5080
v 4.8050 2.3300 -1.5080
v 4.7350 2.3300 -1.5080
v 4.7350 1.5000 -1.4500
v 4.8050 1.5000 -1.4500
v 4.8050 2.3300 -1.4500
v 4.7350 2.3300 -1.4500
v 5.3400 1.5000 -1.5080
v 5.4100 1.5000 -1.5080
v 5.4100 2.3300 -1.5080
v 5.3400 2.3300 -1.5080
v 5.3400 1.5000 -1.4500
v 5.4100 1.5000 -1.4500
v 5.4100 2.3300 -1.4500
v 5.3400 2.3300 -1.4500
v 4.8050 1.5000 -1.4880
v 5.3400 1.5000 -1.4880
v 5.3400 2.3300 -1.4880
v 4.8050 2.3300 -1.4880
v 4.8050 1.5000 -1.4700
v 5.3400 1.5000 -1.4700
v 5.3400 2.3300 -1.4700
v 4.8050 2.3300 -1.4700
v 5.3950 1.1000 -1.5130
v 5.4250 1.1000 -1.5130
v 5.4250 2.5700 -1.5130
v 5.3950 2.5700 -1.5130
v 5.3950 1.1000 -1.4450
v 5.4250 1.1000 -1.4450
v 5.4250 2.5700 -1.4450
v 5.3950 2.5700 -1.4450
v 5.4100 1.1000 -1.5080
v 6.0850 1.1000 -1.5080
v 6.0850 1.5000 -1.5080
v 5.4100 1.5000 -1.5080
v 5.4100 1.1000 -1.4500
v 6.0850 1.1000 -1.4500
v 6.0850 1.5000 -1.4500
v 5.4100 1.5000 -1.4500
v 5.4100 2.3300 -1.5080
v 6.0850 2.3300 -1.5080
v 6.0850 2.5700 -1.5080
v 5.4100 2.5700 -1.5080
v 5.4100 2.3300 -1.4500
v 6.0850 2.3300 -1.4500
v 6.0850 2.5700 -1.4500
v 5.4100 2.5700 -1.4500
v 5.4100 1.5000 -1.5080
v 5.4800 1.5000 -1.5080
v 5.4800 2.3300 -1.5080
v 5.4100 2.3300 -1.5080
v 5.4100 1.5000 -1.4500
v 5.4800 1.5000 -1.4500
v 5.4800 2.3300 -1.4500
v 5.4100 2.3300 -1.4500
v 6.0150 1.5000 -1.5080
v 6.0850 1.5000 -1.5080
v 6.0850 2.3300 -1.5080
v 6.0150 2.3300 -1.5080
v 6.0150 1.5000 -1.4500
v 6.0850 1.5000 -1.4500
v 6.0850 2.3300 -1.4500
v 6.0150 2.3300 -1.4500
v 5.4800 1.5000 -1.4880
v 6.0150 1.5000 -1.4880
v 6.0150 2.3300 -1.4880
v 5.4800 2.3300 -1.4880
v 5.4800 1.5000 -1.4700
v 6.0150 1.5000 -1.4700
v 6.0150 2.3300 -1.4700
v 5.4800 2.3300 -1.4700
v 5.3950 1.1000 -1.5130
v 5.4250 1.1000 -1.5130
v 5.4250 2.5700 -1.5130
v 5.3950 2.5700 -1.5130
v 5.3950 1.1000 -1.4450
v 5.4250 1.1000 -1.4450
v 5.4250 2.5700 -1.4450
v 5.3950 2.5700 -1.4450
v -8.9500 1.1000 1.0300
v -6.9350 1.1000 1.0300
v -6.9350 1.5000 1.0300
v -8.9500 1.5000 1.0300
v -8.9500 1.1000 1.4350
v -6.9350 1.1000 1.4350
v -6.9350 1.5000 1.4350
v -8.9500 1.5000 1.4350
v -8.9500 1.6000 1.3500
v -6.9350 1.6000 1.3500
v -6.9350 2.1500 1.3500
v -8.9500 2.1500 1.3500
v -8.9500 1.6000 1.4350
v -6.9350 1.6000 1.4350
v -6.9350 2.1500 1.4350
v -8.9500 2.1500 1.4350
v -8.9800 1.1000 0.9000
v -8.9200 1.1000 0.9000
v -8.9200 2.3000 0.9000
v -8.9800 2.3000 0.9000
v -8.9800 1.1000 1.4350
v -8.9200 1.1000 1.4350
v -8.9200 2.3000 1.4350
v -8.9800 2.3000 1.4350
v -6.9650 1.1000 0.9000
v -6.9050 1.1000 0.9000
v -6.9050 2.3000 0.9000
v -6.9650 2.3000 0.9000
v -6.9650 1.1000 1.4350
v -6.9050 1.1000 1.4350
v -6.9050 2.3000 1.4350
v -6.9650 2.3000 1.4350
v -8.9500 1.1000 -1.4350
v -6.9350 1.1000 -1.4350
v -6.9350 1.5000 -1.4350
v -8.9500 1.5000 -1.4350
v -8.9500 1.1000 -1.0300
v -6.9350 1.1000 -1.0300
v -6.9350 1.5000 -1.0300
v -8.9500 1.5000 -1.0300
v -8.9500 1.6000 -1.4350
v -6.9350 1.6000 -1.4350
v -6.9350 2.1500 -1.4350
v -8.9500 2.1500 -1.4350
v -8.9500 1.6000 -1.3500
v -6.9350 1.6000 -1.3500
v -6.9350 2.1500 -1.3500
v -8.9500 2.1500 -1.3500
v -8.9800 1.1000 -1.4350
v -8.9200 1.1000 -1.4350
v -8.9200 2.3000 -1.4350
v -8.9800 2.3000 -1.4350
v -8.9800 1.1000 -0.9000
v -8.9200 1.1000 -0.9000
v -8.9200 2.3000 -0.9000
v -8.9800 2.3000 -0.9000
v -6.9650 1.1000 -1.4350
v -6.9050 1.1000 -1.4350
v -6.9050 2.3000 -1.4350
v -6.9650 2.3000 -1.4350
v -6.9650 1.1000 -0.9000
v -6.9050 1.1000 -0.9000
v -6.9050 2.3000 -0.9000
v -6.9650 2.3000 -0.9000
v -4.8850 1.1000 1.0300
v -3.1650 1.1000 1.0300
v -3.1650 1.5000 1.0300
v -4.8850 1.5000 1.0300
v -4.8850 1.1000 1.4350
v -3.1650 1.1000 1.4350
v -3.1650 1.5000 1.4350
v -4.8850 1.5000 1.4350
v -4.8850 1.6000 1.3500
v -3.1650 1.6000 1.3500
v -3.1650 2.1500 1.3500
v -4.8850 2.1500 1.3500
v -4.8850 1.6000 1.4350
v -3.1650 1.6000 1.4350
v -3.1650 2.1500 1.4350
v -4.8850 2.1500 1.4350
v -4.9150 1.1000 0.9000
v -4.8550 1.1000 0.9000
v -4.8550 2.3000 0.9000
v -4.9150 2.3000 0.9000
v -4.9150 1.1000 1.4350
v -4.8550 1.1000 1.4350
v -4.8550 2.3000 1.4350
v -4.9150 2.3000 1.4350
v -3.1950 1.1000 0.9000
v -3.1350 1.1000 0.9000
v -3.1350 2.3000 0.9000
v -3.1950 2.3000 0.9000
v -3.1950 1.1000 1.4350
v -3.1350 1.1000 1.4350
v -3.1350 2.3000 1.4350
v -3.1950 2.3000 1.4350
v -4.8850 1.1000 -1.4350
v -3.1650 1.1000 -1.4350
v -3.1650 1.5000 -1.4350
v -4.8850 1.5000 -1.4350
v -4.8850 1.1000 -1.0300
v -3.1650 1.1000 -1.0300
v -3.1650 1.5000 -1.0300
v -4.8850 1.5000 -1.0300
v -4.8850 1.6000 -1.4350
v -3.1650 1.6000 -1.4350
v -3.1650 2.1500 -1.4350
v -4.8850 2.1500 -1.4350
v -4.8850 1.6000 -1.3500
v -3.1650 1.6000 -1.3500
v -3.1650 2.1500 -1.3500
v -4.8850 2.1500 -1.3500
v -4.9150 1.1000 -1.4350
v -4.8550 1.1000 -1.4350
v -4.8550 2.3000 -1.4350
v -4.9150 2.3000 -1.4350
v -4.9150 1.1000 -0.9000
v -4.8550 1.1000 -0.9000
v -4.8550 2.3000 -0.9000
v -4.9150 2.3000 -0.9000
v -3.1950 1.1000 -1.4350
v -3.1350 1.1000 -1.4350
v -3.1350 2.3000 -1.4350
v -3.1950 2.3000 -1.4350
v -3.1950 1.1000 -0.9000
v -3.1350 1.1000 -0.9000
v -3.1350 2.3000 -0.9000
v -3.1950 2.3000 -0.9000
v -1.1150 1.1000 1.0300
v 0.6150 1.1000 1.0300
v 0.6150 1.5000 1.0300
v -1.1150 1.5000 1.0300
v -1.1150 1.1000 1.4350
v 0.6150 1.1000 1.4350
v 0.6150 1.5000 1.4350
v -1.1150 1.5000 1.4350
v -1.1150 1.6000 1.3500
v 0.6150 1.6000 1.3500
v 0.6150 2.1500 1.3500
v -1.1150 2.1500 1.3500
v -1.1150 1.6000 1.4350
v 0.6150 1.6000 1.4350
v 0.6150 2.1500 1.4350
v -1.1150 2.1500 1.4350
v -1.1450 1.1000 0.9000
v -1.0850 1.1000 0.9000
v -1.0850 2.3000 0.9000
v -1.1450 2.3000 0.9000
v -1.1450 1.1000 1.4350
v -1.0850 1.1000 1.4350
v -1.0850 2.3000 1.4350
v -1.1450 2.3000 1.4350
v 0.5850 1.1000 0.9000
v 0.6450 1.1000 0.9000
v 0.6450 2.3000 0.9000
v 0.5850 2.3000 0.9000
v 0.5850 1.1000 1.4350
v 0.6450 1.1000 1.4350
v 0.6450 2.3000 1.4350
v 0.5850 2.3000 1.4350
v -1.1150 1.1000 -1.4350
v 0.6150 1.1000 -1.4350
v 0.6150 1.5000 -1.4350
v -1.1150 1.5000 -1.4350
v -1.1150 1.1000 -1.0300
v 0.6150 1.1000 -1.0300
v 0.6150 1.5000 -1.0300
v -1.1150 1.5000 -1.0300
v -1.1150 1.6000 -1.4350
v 0.6150 1.6000 -1.4350
v 0.6150 2.1500 -1.4350
v -1.1150 2.1500 -1.4350
v -1.1150 1.6000 -1.3500
v 0.6150 1.6000 -1.3500
v 0.6150 2.1500 -1.3500
v -1.1150 2.1500 -1.3500
v -1.1450 1.1000 -1.4350
v -1.0850 1.1000 -1.4350
v -1.0850 2.3000 -1.4350
v -1.1450 2.3000 -1.4350
v -1.1450 1.1000 -0.9000
v -1.0850 1.1000 -0.9000
v -1.0850 2.3000 -0.9000
v -1.1450 2.3000 -0.9000
v 0.5850 1.1000 -1.4350
v 0.6450 1.1000 -1.4350
v 0.6450 2.3000 -1.4350
v 0.5850 2.3000 -1.4350
v 0.5850 1.1000 -0.9000
v 0.6450 1.1000 -0.9000
v 0.6450 2.3000 -0.9000
v 0.5850 2.3000 -0.9000
v 2.6650 1.1000 1.0300
v 4.3850 1.1000 1.0300
v 4.3850 1.5000 1.0300
v 2.6650 1.5000 1.0300
v 2.6650 1.1000 1.4350
v 4.3850 1.1000 1.4350
v 4.3850 1.5000 1.4350
v 2.6650 1.5000 1.4350
v 2.6650 1.6000 1.3500
v 4.3850 1.6000 1.3500
v 4.3850 2.1500 1.3500
v 2.6650 2.1500 1.3500
v 2.6650 1.6000 1.4350
v 4.3850 1.6000 1.4350
v 4.3850 2.1500 1.4350
v 2.6650 2.1500 1.4350
v 2.6350 1.1000 0.9000
v 2.6950 1.1000 0.9000
v 2.6950 2.3000 0.9000
v 2.6350 2.3000 0.9000
v 2.6350 1.1000 1.4350
v 2.6950 1.1000 1.4350
v 2.6950 2.3000 1.4350
v 2.6350 2.3000 1.4350
v 4.3550 1.1000 0.9000
v 4.4150 1.1000 0.9000
v 4.4150 2.3000 0.9000
v 4.3550 2.3000 0.9000
v 4.3550 1.1000 1.4350
v 4.4150 1.1000 1.4350
v 4.4150 2.3000 1.4350
v 4.3550 2.3000 1.4350
v 2.6650 1.1000 -1.4350
v 4.3850 1.1000 -1.4350
v 4.3850 1.5000 -1.4350
v 2.6650 1.5000 -1.4350
v 2.6650 1.1000 -1.0300
v 4.3850 1.1000 -1.0300
v 4.3850 1.5000 -1.0300
v 2.6650 1.5000 -1.0300
v 2.6650 1.6000 -1.4350
v 4.3850 1.6000 -1.4350
v 4.3850 2.1500 -1.4350
v 2.6650 2.1500 -1.4350
v 2.6650 1.6000 -1.3500
v 4.3850 1.6000 -1.3500
v 4.3850 2.1500 -1.3500
v 2.6650 2.1500 -1.3500
v 2.6350 1.1000 -1.4350
v 2.6950 1.1000 -1.4350
v 2.6950 2.3000 -1.4350
v 2.6350 2.3000 -1.4350
v 2.6350 1.1000 -0.9000
v 2.6950 1.1000 -0.9000
v 2.6950 2.3000 -0.9000
v 2.6350 2.3000 -0.9000
v 4.3550 1.1000 -1.4350
v 4.4150 1.1000 -1.4350
v 4.4150 2.3000 -1.4350
v 4.3550 2.3000 -1.4350
v 4.3550 1.1000 -0.9000
v 4.4150 1.1000 -0.9000
v 4.4150 2.3000 -0.9000
v 4.3550 2.3000 -0.9000
v 6.4350 1.1000 1.0300
v 8.2500 1.1000 1.0300
v 8.2500 1.5000 1.0300
v 6.4350 1.5000 1.0300
v 6.4350 1.1000 1.4350
v 8.2500 1.1000 1.4350
v 8.2500 1.5000 1.4350
v 6.4350 1.5000 1.4350
v 6.4350 1.6000 1.3500
v 8.2500 1.6000 1.3500
v 8.2500 2.1500 1.3500
v 6.4350 2.1500 1.3500
v 6.4350 1.6000 1.4350
v 8.2500 1.6000 1.4350
v 8.2500 2.1500 1.4350
v 6.4350 2.1500 1.4350
v 6.4050 1.1000 0.9000
v 6.4650 1.1000 0.9000
v 6.4650 2.3000 0.9000
v 6.4050 2.3000 0.9000
v 6.4050 1.1000 1.4350
v 6.4650 1.1000 1.4350
v 6.4650 2.3000 1.4350
v 6.4050 2.3000 1.4350
v 8.2200 1.1000 0.9000
v 8.2800 1.1000 0.9000
v 8.2800 2.3000 0.9000
v 8.2200 2.3000 0.9000
v 8.2200 1.1000 1.4350
v 8.2800 1.1000 1.4350
v 8.2800 2.3000 1.4350
v 8.2200 2.3000 1.4350
v 6.4350 1.1000 -1.4350
v 8.2500 1.1000 -1.4350
v 8.2500 1.5000 -1.4350
v 6.4350 1.5000 -1.4350
v 6.4350 1.1000 -1.0300
v 8.2500 1.1000 -1.0300
v 8.2500 1.5000 -1.0300
v 6.4350 1.5000 -1.0300
v 6.4350 1.6000 -1.4350
v 8.2500 1.6000 -1.4350
v 8.2500 2.1500 -1.4350
v 6.4350 2.1500 -1.4350
v 6.4350 1.6000 -1.3500
v 8.2500 1.6000 -1.3500
v 8.2500 2.1500 -1.3500
v 6.4350 2.1500 -1.3500
v 6.4050 1.1000 -1.4350
v 6.4650 1.1000 -1.4350
v 6.4650 2.3000 -1.4350
v 6.4050 2.3000 -1.4350
v 6.4050 1.1000 -0.9000
v 6.4650 1.1000 -0.9000
v 6.4650 2.3000 -0.9000
v 6.4050 2.3000 -0.9000
v 8.2200 1.1000 -1.4350
v 8.2800 1.1000 -1.4350
v 8.2800 2.3000 -1.4350
v 8.2200 2.3000 -1.4350
v 8.2200 1.1000 -0.9000
v 8.2800 1.1000 -0.9000
v 8.2800 2.3000 -0.9000
v 8.2200 2.3000 -0.9000
v -8.9300 1.5000 0.9500
v -8.4662 1.5000 0.9500
v -8.4662 1.6000 0.9500
v -8.9300 1.6000 0.9500
v -8.9300 1.5000 1.3850
v -8.4662 1.5000 1.3850
v -8.4662 1.6000 1.3850
v -8.9300 1.6000 1.3850
v -8.4262 1.5000 0.9500
v -7.9625 1.5000 0.9500
v -7.9625 1.6000 0.9500
v -8.4262 1.6000 0.9500
v -8.4262 1.5000 1.3850
v -7.9625 1.5000 1.3850
v -7.9625 1.6000 1.3850
v -8.4262 1.6000 1.3850
v -7.9225 1.5000 0.9500
v -7.4587 1.5000 0.9500
v -7.4587 1.6000 0.9500
v -7.9225 1.6000 0.9500
v -7.9225 1.5000 1.3850
v -7.4587 1.5000 1.3850
v -7.4587 1.6000 1.3850
v -7.9225 1.6000 1.3850
v -7.4188 1.5000 0.9500
v -6.9550 1.5000 0.9500
v -6.9550 1.6000 0.9500
v -7.4188 1.6000 0.9500
v -7.4188 1.5000 1.3850
v -6.9550 1.5000 1.3850
v -6.9550 1.6000 1.3850
v -7.4188 1.6000 1.3850
v -8.9500 3.1100 1.0000
v -6.9350 3.1100 1.0000
v -6.9350 3.1600 1.0000
v -8.9500 3.1600 1.0000
v -8.9500 3.1100 1.0500
v -6.9350 3.1100 1.0500
v -6.9350 3.1600 1.0500
v -8.9500 3.1600 1.0500
v -8.9500 3.1100 -1.0500
v -6.9350 3.1100 -1.0500
v -6.9350 3.1600 -1.0500
v -8.9500 3.1600 -1.0500
v -8.9500 3.1100 -1.0000
v -6.9350 3.1100 -1.0000
v -6.9350 3.1600 -1.0000
v -8.9500 3.1600 -1.0000
v -4.8850 3.1100 1.0000
v -3.1650 3.1100 1.0000
v -3.1650 3.1600 1.0000
v -4.8850 3.1600 1.0000
v -4.8850 3.1100 1.0500
v -3.1650 3.1100 1.0500
v -3.1650 3.1600 1.0500
v -4.8850 3.1600 1.0500
v -4.8850 3.1100 -1.0500
v -3.1650 3.1100 -1.0500
v -3.1650 3.1600 -1.0500
v -4.8850 3.1600 -1.0500
v -4.8850 3.1100 -1.0000
v -3.1650 3.1100 -1.0000
v -3.1650 3.1600 -1.0000
v -4.8850 3.1600 -1.0000
v -1.1150 3.1100 1.0000
v 0.6150 3.1100 1.0000
v 0.6150 3.1600 1.0000
v -1.1150 3.1600 1.0000
v -1.1150 3.1100 1.0500
v 0.6150 3.1100 1.0500
v 0.6150 3.1600 1.0500
v -1.1150 3.1600 1.0500
v -1.1150 3.1100 -1.0500
v 0.6150 3.1100 -1.0500
v 0.6150 3.1600 -1.0500
v -1.1150 3.1600 -1.0500
v -1.1150 3.1100 -1.0000
v 0.6150 3.1100 -1.0000
v 0.6150 3.1600 -1.0000
v -1.1150 3.1600 -1.0000
v 2.6650 3.1100 1.0000
v 4.3850 3.1100 1.0000
v 4.3850 3.1600 1.0000
v 2.6650 3.1600 1.0000
v 2.6650 3.1100 1.0500
v 4.3850 3.1100 1.0500
v 4.3850 3.1600 1.0500
v 2.6650 3.1600 1.0500
v 2.6650 3.1100 -1.0500
v 4.3850 3.1100 -1.0500
v 4.3850 3.1600 -1.0500
v 2.6650 3.1600 -1.0500
v 2.6650 3.1100 -1.0000
v 4.3850 3.1100 -1.0000
v 4.3850 3.1600 -1.0000
v 2.6650 3.1600 -1.0000
v 6.4350 3.1100 1.0000
v 8.2500 3.1100 1.0000
v 8.2500 3.1600 1.0000
v 6.4350 3.1600 1.0000
v 6.4350 3.1100 1.0500
v 8.2500 3.1100 1.0500
v 8.2500 3.1600 1.0500
v 6.4350 3.1600 1.0500
v 6.4350 3.1100 -1.0500
v 8.2500 3.1100 -1.0500
v 8.2500 3.1600 -1.0500
v 6.4350 3.1600 -1.0500
v 6.4350 3.1100 -1.0000
v 8.2500 3.1100 -1.0000
v 8.2500 3.1600 -1.0000
v 6.4350 3.1600 -1.0000
v -8.6650 2.8800 1.0100
v -8.6350 2.8800 1.0100
v -8.6350 3.1300 1.0100
v -8.6650 3.1300 1.0100
v -8.6650 2.8800 1.0400
v -8.6350 2.8800 1.0400
v -8.6350 3.1300 1.0400
v -8.6650 3.1300 1.0400
v -8.7100 2.8100 0.9900
v -8.5900 2.8100 0.9900
v -8.5900 2.8800 0.9900
v -8.7100 2.8800 0.9900
v -8.7100 2.8100 1.0600
v -8.5900 2.8100 1.0600
v -8.5900 2.8800 1.0600
v -8.7100 2.8800 1.0600
v -8.0650 2.8800 1.0100
v -8.0350 2.8800 1.0100
v -8.0350 3.1300 1.0100
v -8.0650 3.1300 1.0100
v -8.0650 2.8800 1.0400
v -8.0350 2.8800 1.0400
v -8.0350 3.1300 1.0400
v -8.0650 3.1300 1.0400
v -8.1100 2.8100 0.9900
v -7.9900 2.8100 0.9900
v -7.9900 2.8800 0.9900
v -8.1100 2.8800 0.9900
v -8.1100 2.8100 1.0600
v -7.9900 2.8100 1.0600
v -7.9900 2.8800 1.0600
v -8.1100 2.8800 1.0600
v -7.4650 2.8800 1.0100
v -7.4350 2.8800 1.0100
v -7.4350 3.1300 1.0100
v -7.4650 3.1300 1.0100
v -7.4650 2.8800 1.0400
v -7.4350 2.8800 1.0400
v -7.4350 3.1300 1.0400
v -7.4650 3.1300 1.0400
v -7.5100 2.8100 0.9900
v -7.3900 2.8100 0.9900
v -7.3900 2.8800 0.9900
v -7.5100 2.8800 0.9900
v -7.5100 2.8100 1.0600
v -7.3900 2.8100 1.0600
v -7.3900 2.8800 1.0600
v -7.5100 2.8800 1.0600
v -8.6650 2.8800 -1.0400
v -8.6350 2.8800 -1.0400
v -8.6350 3.1300 -1.0400
v -8.6650 3.1300 -1.0400
v -8.6650 2.8800 -1.0100
v -8.6350 2.8800 -1.0100
v -8.6350 3.1300 -1.0100
v -8.6650 3.1300 -1.0100
v -8.7100 2.8100 -1.0600
v -8.5900 2.8100 -1.0600
v -8.5900 2.8800 -1.0600
v -8.7100 2.8800 -1.0600
v -8.7100 2.8100 -0.9900
v -8.5900 2.8100 -0.9900
v -8.5900 2.8800 -0.9900
v -8.7100 2.8800 -0.9900
v -8.0650 2.8800 -1.0400
v -8.0350 2.8800 -1.0400
v -8.0350 3.1300 -1.0400
v -8.0650 3.1300 -1.0400
v -8.0650 2.8800 -1.0100
v -8.0350 2.8800 -1.0100
v -8.0350 3.1300 -1.0100
v -8.0650 3.1300 -1.0100
v -8.1100 2.8100 -1.0600
v -7.9900 2.8100 -1.0600
v -7.9900 2.8800 -1.0600
v -8.1100 2.8800 -1.0600
v -8.1100 2.8100 -0.9900
v -7.9900 2.8100 -0.9900
v -7.9900 2.8800 -0.9900
v -8.1100 2.8800 -0.9900
v -7.4650 2.8800 -1.0400
v -7.4350 2.8800 -1.0400
v -7.4350 3.1300 -1.0400
v -7.4650 3.1300 -1.0400
v -7.4650 2.8800 -1.0100
v -7.4350 2.8800 -1.0100
v -7.4350 3.1300 -1.0100
v -7.4650 3.1300 -1.0100
v -7.5100 2.8100 -1.0600
v -7.3900 2.8100 -1.0600
v -7.3900 2.8800 -1.0600
v -7.5100 2.8800 -1.0600
v -7.5100 2.8100 -0.9900
v -7.3900 2.8100 -0.9900
v -7.3900 2.8800 -0.9900
v -7.5100 2.8800 -0.9900
v -4.6000 2.8800 1.0100
v -4.5700 2.8800 1.0100
v -4.5700 3.1300 1.0100
v -4.6000 3.1300 1.0100
v -4.6000 2.8800 1.0400
v -4.5700 2.8800 1.0400
v -4.5700 3.1300 1.0400
v -4.6000 3.1300 1.0400
v -4.6450 2.8100 0.9900
v -4.5250 2.8100 0.9900
v -4.5250 2.8800 0.9900
v -4.6450 2.8800 0.9900
v -4.6450 2.8100 1.0600
v -4.5250 2.8100 1.0600
v -4.5250 2.8800 1.0600
v -4.6450 2.8800 1.0600
v -4.0000 2.8800 1.0100
v -3.9700 2.8800 1.0100
v -3.9700 3.1300 1.0100
v -4.0000 3.1300 1.0100
v -4.0000 2.8800 1.0400
v -3.9700 2.8800 1.0400
v -3.9700 3.1300 1.0400
v -4.0000 3.1300 1.0400
v -4.0450 2.8100 0.9900
v -3.9250 2.8100 0.9900
v -3.9250 2.8800 0.9900
v -4.0450 2.8800 0.9900
v -4.0450 2.8100 1.0600
v -3.9250 2.8100 1.0600
v -3.9250 2.8800 1.0600
v -4.0450 2.8800 1.0600
v -4.6000 2.8800 -1.0400
v -4.5700 2.8800 -1.0400
v -4.5700 3.1300 -1.0400
v -4.6000 3.1300 -1.0400
v -4.6000 2.8800 -1.0100
v -4.5700 2.8800 -1.0100
v -4.5700 3.1300 -1.0100
v -4.6000 3.1300 -1.0100
v -4.6450 2.8100 -1.0600
v -4.5250 2.8100 -1.0600
v -4.5250 2.8800 -1.0600
v -4.6450 2.8800 -1.0600
v -4.6450 2.8100 -0.9900
v -4.5250 2.8100 -0.9900
v -4.5250 2.8800 -0.9900
v -4.6450 2.8800 -0.9900
v -4.0000 2.8800 -1.0400
v -3.9700 2.8800 -1.0400
v -3.9700 3.1300 -1.0400
v -4.0000 3.1300 -1.0400
v -4.0000 2.8800 -1.0100
v -3.9700 2.8800 -1.0100
v -3.9700 3.1300 -1.0100
v -4.0000 3.1300 -1.0100
v -4.0450 2.8100 -1.0600
v -3.9250 2.8100 -1.0600
v -3.9250 2.8800 -1.0600
v -4.0450 2.8800 -1.0600
v -4.0450 2.8100 -0.9900
v -3.9250 2.8100 -0.9900
v -3.9250 2.8800 -0.9900
v -4.0450 2.8800 -0.9900
v -0.8300 2.8800 1.0100
v -0.8000 2.8800 1.0100
v -0.8000 3.1300 1.0100
v -0.8300 3.1300 1.0100
v -0.8300 2.8800 1.0400
v -0.8000 2.8800 1.0400
v -0.8000 3.1300 1.0400
v -0.8300 3.1300 1.0400
v -0.8750 2.8100 0.9900
v -0.7550 2.8100 0.9900
v -0.7550 2.8800 0.9900
v -0.8750 2.8800 0.9900
v -0.8750 2.8100 1.0600
v -0.7550 2.8100 1.0600
v -0.7550 2.8800 1.0600
v -0.8750 2.8800 1.0600
v -0.2300 2.8800 1.0100
v -0.2000 2.8800 1.0100
v -0.2000 3.1300 1.0100
v -0.2300 3.1300 1.0100
v -0.2300 2.8800 1.0400
v -0.2000 2.8800 1.0400
v -0.2000 3.1300 1.0400
v -0.2300 3.1300 1.0400
v -0.2750 2.8100 0.9900
v -0.1550 2.8100 0.9900
v -0.1550 2.8800 0.9900
v -0.2750 2.8800 0.9900
v -0.2750 2.8100 1.0600
v -0.1550 2.8100 1.0600
v -0.1550 2.8800 1.0600
v -0.2750 2.8800 1.0600
v -0.8300 2.8800 -1.0400
v -0.8000 2.8800 -1.0400
v -0.8000 3.1300 -1.0400
v -0.8300 3.1300 -1.0400
v -0.8300 2.8800 -1.0100
v -0.8000 2.8800 -1.0100
v -0.8000 3.1300 -1.0100
v -0.8300 3.1300 -1.0100
v -0.8750 2.8100 -1.0600
v -0.7550 2.8100 -1.0600
v -0.7550 2.8800 -1.0600
v -0.8750 2.8800 -1.0600
v -0.8750 2.8100 -0.9900
v -0.7550 2.8100 -0.9900
v -0.7550 2.8800 -0.9900
v -0.8750 2.8800 -0.9900
v -0.2300 2.8800 -1.0400
v -0.2000 2.8800 -1.0400
v -0.2000 3.1300 -1.0400
v -0.2300 3.1300 -1.0400
v -0.2300 2.8800 -1.0100
v -0.2000 2.8800 -1.0100
v -0.2000 3.1300 -1.0100
v -0.2300 3.1300 -1.0100
v -0.2750 2.8100 -1.0600
v -0.1550 2.8100 -1.0600
v -0.1550 2.8800 -1.0600
v -0.2750 2.8800 -1.0600
v -0.2750 2.8100 -0.9900
v -0.1550 2.8100 -0.9900
v -0.1550 2.8800 -0.9900
v -0.2750 2.8800 -0.9900
v 2.9500 2.8800 1.0100
v 2.9800 2.8800 1.0100
v 2.9800 3.1300 1.0100
v 2.9500 3.1300 1.0100
v 2.9500 2.8800 1.0400
v 2.9800 2.8800 1.0400
v 2.9800 3.1300 1.0400
v 2.9500 3.1300 1.0400
v 2.9050 2.8100 0.9900
v 3.0250 2.8100 0.9900
v 3.0250 2.8800 0.9900
v 2.9050 2.8800 0.9900
v 2.9050 2.8100 1.0600
v 3.0250 2.8100 1.0600
v 3.0250 2.8800 1.0600
v 2.9050 2.8800 1.0600
v 3.5500 2.8800 1.0100
v 3.5800 2.8800 1.0100
v 3.5800 3.1300 1.0100
v 3.5500 3.1300 1.0100
v 3.5500 2.8800 1.0400
v 3.5800 2.8800 1.0400
v 3.5800 3.1300 1.0400
v 3.5500 3.1300 1.0400
v 3.5050 2.8100 0.9900
v 3.6250 2.8100 0.9900
v 3.6250 2.8800 0.9900
v 3.5050 2.8800 0.9900
v 3.5050 2.8100 1.0600
v 3.6250 2.8100 1.0600
v 3.6250 2.8800 1.0600
v 3.5050 2.8800 1.0600
v 2.9500 2.8800 -1.0400
v 2.9800 2.8800 -1.0400
v 2.9800 3.1300 -1.0400
v 2.9500 3.1300 -1.0400
v 2.9500 2.8800 -1.0100
v 2.9800 2.8800 -1.0100
v 2.9800 3.1300 -1.0100
v 2.9500 3.1300 -1.0100
v 2.9050 2.8100 -1.0600
v 3.0250 2.8100 -1.0600
v 3.0250 2.8800 -1.0600
v 2.9050 2.8800 -1.0600
v 2.9050 2.8100 -0.9900
v 3.0250 2.8100 -0.9900
v 3.0250 2.8800 -0.9900
v 2.9050 2.8800 -0.9900
v 3.5500 2.8800 -1.0400
v 3.5800 2.8800 -1.0400
v 3.5800 3.1300 -1.0400
v 3.5500 3.1300 -1.0400
v 3.5500 2.8800 -1.0100
v 3.5800 2.8800 -1.0100
v 3.5800 3.1300 -1.0100
v 3.5500 3.1300 -1.0100
v 3.5050 2.8100 -1.0600
v 3.6250 2.8100 -1.0600
v 3.6250 2.8800 -1.0600
v 3.5050 2.8800 -1.0600
v 3.5050 2.8100 -0.9900
v 3.6250 2.8100 -0.9900
v 3.6250 2.8800 -0.9900
v 3.5050 2.8800 -0.9900
v 6.7200 2.8800 1.0100
v 6.7500 2.8800 1.0100
v 6.7500 3.1300 1.0100
v 6.7200 3.1300 1.0100
v 6.7200 2.8800 1.0400
v 6.7500 2.8800 1.0400
v 6.7500 3.1300 1.0400
v 6.7200 3.1300 1.0400
v 6.6750 2.8100 0.9900
v 6.7950 2.8100 0.9900
v 6.7950 2.8800 0.9900
v 6.6750 2.8800 0.9900
v 6.6750 2.8100 1.0600
v 6.7950 2.8100 1.0600
v 6.7950 2.8800 1.0600
v 6.6750 2.8800 1.0600
v 7.3200 2.8800 1.0100
v 7.3500 2.8800 1.0100
v 7.3500 3.1300 1.0100
v 7.3200 3.1300 1.0100
v 7.3200 2.8800 1.0400
v 7.3500 2.8800 1.0400
v 7.3500 3.1300 1.0400
v 7.3200 3.1300 1.0400
v 7.2750 2.8100 0.9900
v 7.3950 2.8100 0.9900
v 7.3950 2.8800 0.9900
v 7.2750 2.8800 0.9900
v 7.2750 2.8100 1.0600
v 7.3950 2.8100 1.0600
v 7.3950 2.8800 1.0600
v 7.2750 2.8800 1.0600
v 7.9200 2.8800 1.0100
v 7.9500 2.8800 1.0100
v 7.9500 3.1300 1.0100
v 7.9200 3.1300 1.0100
v 7.9200 2.8800 1.0400
v 7.9500 2.8800 1.0400
v 7.9500 3.1300 1.0400
v 7.9200 3.1300 1.0400
v 7.8750 2.8100 0.9900
v 7.9950 2.8100 0.9900
v 7.9950 2.8800 0.9900
v 7.8750 2.8800 0.9900
v 7.8750 2.8100 1.0600
v 7.9950 2.8100 1.0600
v 7.9950 2.8800 1.0600
v 7.8750 2.8800 1.0600
v 6.7200 2.8800 -1.0400
v 6.7500 2.8800 -1.0400
v 6.7500 3.1300 -1.0400
v 6.7200 3.1300 -1.0400
v 6.7200 2.8800 -1.0100
v 6.7500 2.8800 -1.0100
v 6.7500 3.1300 -1.0100
v 6.7200 3.1300 -1.0100
v 6.6750 2.8100 -1.0600
v 6.7950 2.8100 -1.0600
v 6.7950 2.8800 -1.0600
v 6.6750 2.8800 -1.0600
v 6.6750 2.8100 -0.9900
v 6.7950 2.8100 -0.9900
v 6.7950 2.8800 -0.9900
v 6.6750 2.8800 -0.9900
v 7.3200 2.8800 -1.0400
v 7.3500 2.8800 -1.0400
v 7.3500 3.1300 -1.0400
v 7.3200 3.1300 -1.0400
v 7.3200 2.8800 -1.0100
v 7.3500 2.8800 -1.0100
v 7.3500 3.1300 -1.0100
v 7.3200 3.1300 -1.0100
v 7.2750 2.8100 -1.0600
v 7.3950 2.8100 -1.0600
v 7.3950 2.8800 -1.0600
v 7.2750 2.8800 -1.0600
v 7.2750 2.8100 -0.9900
v 7.3950 2.8100 -0.9900
v 7.3950 2.8800 -0.9900
v 7.2750 2.8800 -0.9900
v 7.9200 2.8800 -1.0400
v 7.9500 2.8800 -1.0400
v 7.9500 3.1300 -1.0400
v 7.9200 3.1300 -1.0400
v 7.9200 2.8800 -1.0100
v 7.9500 2.8800 -1.0100
v 7.9500 3.1300 -1.0100
v 7.9200 3.1300 -1.0100
v 7.8750 2.8100 -1.0600
v 7.9950 2.8100 -1.0600
v 7.9950 2.8800 -1.0600
v 7.8750 2.8800 -1.0600
v 7.8750 2.8100 -0.9900
v 7.9950 2.8100 -0.9900
v 7.9950 2.8800 -0.9900
v 7.8750 2.8800 -0.9900
v -8.7500 3.1800 1.4300
v -7.1350 3.1800 1.4300
v -7.1350 3.3800 1.4300
v -8.7500 3.3800 1.4300
v -8.7500 3.1800 1.4350
v -7.1350 3.1800 1.4350
v -7.1350 3.3800 1.4350
v -8.7500 3.3800 1.4350
v -8.7500 3.1800 -1.4350
v -7.1350 3.1800 -1.4350
v -7.1350 3.3800 -1.4350
v -8.7500 3.3800 -1.4350
v -8.7500 3.1800 -1.4300
v -7.1350 3.1800 -1.4300
v -7.1350 3.3800 -1.4300
v -8.7500 3.3800 -1.4300
v -4.6850 3.1800 1.4300
v -3.3650 3.1800 1.4300
v -3.3650 3.3800 1.4300
v -4.6850 3.3800 1.4300
v -4.6850 3.1800 1.4350
v -3.3650 3.1800 1.4350
v -3.3650 3.3800 1.4350
v -4.6850 3.3800 1.4350
v -4.6850 3.1800 -1.4350
v -3.3650 3.1800 -1.4350
v -3.3650 3.3800 -1.4350
v -4.6850 3.3800 -1.4350
v -4.6850 3.1800 -1.4300
v -3.3650 3.1800 -1.4300
v -3.3650 3.3800 -1.4300
v -4.6850 3.3800 -1.4300
v -0.9150 3.1800 1.4300
v 0.4150 3.1800 1.4300
v 0.4150 3.3800 1.4300
v -0.9150 3.3800 1.4300
v -0.9150 3.1800 1.4350
v 0.4150 3.1800 1.4350
v 0.4150 3.3800 1.4350
v -0.9150 3.3800 1.4350
v -0.9150 3.1800 -1.4350
v 0.4150 3.1800 -1.4350
v 0.4150 3.3800 -1.4350
v -0.9150 3.3800 -1.4350
v -0.9150 3.1800 -1.4300
v 0.4150 3.1800 -1.4300
v 0.4150 3.3800 -1.4300
v -0.9150 3.3800 -1.4300
v 2.8650 3.1800 1.4300
v 4.1850 3.1800 1.4300
v 4.1850 3.3800 1.4300
v 2.8650 3.3800 1.4300
v 2.8650 3.1800 1.4350
v 4.1850 3.1800 1.4350
v 4.1850 3.3800 1.4350
v 2.8650 3.3800 1.4350
v 2.8650 3.1800 -1.4350
v 4.1850 3.1800 -1.4350
v 4.1850 3.3800 -1.4350
v 2.8650 3.3800 -1.4350
v 2.8650 3.1800 -1.4300
v 4.1850 3.1800 -1.4300
v 4.1850 3.3800 -1.4300
v 2.8650 3.3800 -1.4300
v 6.6350 3.1800 1.4300
v 8.0500 3.1800 1.4300
v 8.0500 3.3800 1.4300
v 6.6350 3.3800 1.4300
v 6.6350 3.1800 1.4350
v 8.0500 3.1800 1.4350
v 8.0500 3.3800 1.4350
v 6.6350 3.3800 1.4350
v 6.6350 3.1800 -1.4350
v 8.0500 3.1800 -1.4350
v 8.0500 3.3800 -1.4350
v 6.6350 3.3800 -1.4350
v 6.6350 3.1800 -1.4300
v 8.0500 3.1800 -1.4300
v 8.0500 3.3800 -1.4300
v 6.6350 3.3800 -1.4300
v -8.9300 1.5000 -1.3850
v -8.4662 1.5000 -1.3850
v -8.4662 1.6000 -1.3850
v -8.9300 1.6000 -1.3850
v -8.9300 1.5000 -0.9500
v -8.4662 1.5000 -0.9500
v -8.4662 1.6000 -0.9500
v -8.9300 1.6000 -0.9500
v -8.4262 1.5000 -1.3850
v -7.9625 1.5000 -1.3850
v -7.9625 1.6000 -1.3850
v -8.4262 1.6000 -1.3850
v -8.4262 1.5000 -0.9500
v -7.9625 1.5000 -0.9500
v -7.9625 1.6000 -0.9500
v -8.4262 1.6000 -0.9500
v -7.9225 1.5000 -1.3850
v -7.4587 1.5000 -1.3850
v -7.4587 1.6000 -1.3850
v -7.9225 1.6000 -1.3850
v -7.9225 1.5000 -0.9500
v -7.4587 1.5000 -0.9500
v -7.4587 1.6000 -0.9500
v -7.9225 1.6000 -0.9500
v -7.4188 1.5000 -1.3850
v -6.9550 1.5000 -1.3850
v -6.9550 1.6000 -1.3850
v -7.4188 1.6000 -1.3850
v -7.4188 1.5000 -0.9500
v -6.9550 1.5000 -0.9500
v -6.9550 1.6000 -0.9500
v -7.4188 1.6000 -0.9500
v -4.8650 1.5000 0.9500
v -4.3317 1.5000 0.9500
v -4.3317 1.6000 0.9500
v -4.8650 1.6000 0.9500
v -4.8650 1.5000 1.3850
v -4.3317 1.5000 1.3850
v -4.3317 1.6000 1.3850
v -4.8650 1.6000 1.3850
v -4.2917 1.5000 0.9500
v -3.7583 1.5000 0.9500
v -3.7583 1.6000 0.9500
v -4.2917 1.6000 0.9500
v -4.2917 1.5000 1.3850
v -3.7583 1.5000 1.3850
v -3.7583 1.6000 1.3850
v -4.2917 1.6000 1.3850
v -3.7183 1.5000 0.9500
v -3.1850 1.5000 0.9500
v -3.1850 1.6000 0.9500
v -3.7183 1.6000 0.9500
v -3.7183 1.5000 1.3850
v -3.1850 1.5000 1.3850
v -3.1850 1.6000 1.3850
v -3.7183 1.6000 1.3850
v -4.8650 1.5000 -1.3850
v -4.3317 1.5000 -1.3850
v -4.3317 1.6000 -1.3850
v -4.8650 1.6000 -1.3850
v -4.8650 1.5000 -0.9500
v -4.3317 1.5000 -0.9500
v -4.3317 1.6000 -0.9500
v -4.8650 1.6000 -0.9500
v -4.2917 1.5000 -1.3850
v -3.7583 1.5000 -1.3850
v -3.7583 1.6000 -1.3850
v -4.2917 1.6000 -1.3850
v -4.2917 1.5000 -0.9500
v -3.7583 1.5000 -0.9500
v -3.7583 1.6000 -0.9500
v -4.2917 1.6000 -0.9500
v -3.7183 1.5000 -1.3850
v -3.1850 1.5000 -1.3850
v -3.1850 1.6000 -1.3850
v -3.7183 1.6000 -1.3850
v -3.7183 1.5000 -0.9500
v -3.1850 1.5000 -0.9500
v -3.1850 1.6000 -0.9500
v -3.7183 1.6000 -0.9500
v -1.0950 1.5000 0.9500
v -0.5583 1.5000 0.9500
v -0.5583 1.6000 0.9500
v -1.0950 1.6000 0.9500
v -1.0950 1.5000 1.3850
v -0.5583 1.5000 1.3850
v -0.5583 1.6000 1.3850
v -1.0950 1.6000 1.3850
v -0.5183 1.5000 0.9500
v 0.0183 1.5000 0.9500
v 0.0183 1.6000 0.9500
v -0.5183 1.6000 0.9500
v -0.5183 1.5000 1.3850
v 0.0183 1.5000 1.3850
v 0.0183 1.6000 1.3850
v -0.5183 1.6000 1.3850
v 0.0583 1.5000 0.9500
v 0.5950 1.5000 0.9500
v 0.5950 1.6000 0.9500
v 0.0583 1.6000 0.9500
v 0.0583 1.5000 1.3850
v 0.5950 1.5000 1.3850
v 0.5950 1.6000 1.3850
v 0.0583 1.6000 1.3850
v -1.0950 1.5000 -1.3850
v -0.5583 1.5000 -1.3850
v -0.5583 1.6000 -1.3850
v -1.0950 1.6000 -1.3850
v -1.0950 1.5000 -0.9500
v -0.5583 1.5000 -0.9500
v -0.5583 1.6000 -0.9500
v -1.0950 1.6000 -0.9500
v -0.5183 1.5000 -1.3850
v 0.0183 1.5000 -1.3850
v 0.0183 1.6000 -1.3850
v -0.5183 1.6000 -1.3850
v -0.5183 1.5000 -0.9500
v 0.0183 1.5000 -0.9500
v 0.0183 1.6000 -0.9500
v -0.5183 1.6000 -0.9500
v 0.0583 1.5000 -1.3850
v 0.5950 1.5000 -1.3850
v 0.5950 1.6000 -1.3850
v 0.0583 1.6000 -1.3850
v 0.0583 1.5000 -0.9500
v 0.5950 1.5000 -0.9500
v 0.5950 1.6000 -0.9500
v 0.0583 1.6000 -0.9500
v 2.6850 1.5000 0.9500
v 3.2183 1.5000 0.9500
v 3.2183 1.6000 0.9500
v 2.6850 1.6000 0.9500
v 2.6850 1.5000 1.3850
v 3.2183 1.5000 1.3850
v 3.2183 1.6000 1.3850
v 2.6850 1.6000 1.3850
v 3.2583 1.5000 0.9500
v 3.7917 1.5000 0.9500
v 3.7917 1.6000 0.9500
v 3.2583 1.6000 0.9500
v 3.2583 1.5000 1.3850
v 3.7917 1.5000 1.3850
v 3.7917 1.6000 1.3850
v 3.2583 1.6000 1.3850
v 3.8317 1.5000 0.9500
v 4.3650 1.5000 0.9500
v 4.3650 1.6000 0.9500
v 3.8317 1.6000 0.9500
v 3.8317 1.5000 1.3850
v 4.3650 1.5000 1.3850
v 4.3650 1.6000 1.3850
v 3.8317 1.6000 1.3850
v 2.6850 1.5000 -1.3850
v 3.2183 1.5000 -1.3850
v 3.2183 1.6000 -1.3850
v 2.6850 1.6000 -1.3850
v 2.6850 1.5000 -0.9500
v 3.2183 1.5000 -0.9500
v 3.2183 1.6000 -0.9500
v 2.6850 1.6000 -0.9500
v 3.2583 1.5000 -1.3850
v 3.7917 1.5000 -1.3850
v 3.7917 1.6000 -1.3850
v 3.2583 1.6000 -1.3850
v 3.2583 1.5000 -0.9500
v 3.7917 1.5000 -0.9500
v 3.7917 1.6000 -0.9500
v 3.2583 1.6000 -0.9500
v 3.8317 1.5000 -1.3850
v 4.3650 1.5000 -1.3850
v 4.3650 1.6000 -1.3850
v 3.8317 1.6000 -1.3850
v 3.8317 1.5000 -0.9500
v 4.3650 1.5000 -0.9500
v 4.3650 1.6000 -0.9500
v 3.8317 1.6000 -0.9500
v 6.4550 1.5000 0.9500
v 7.0200 1.5000 0.9500
v 7.0200 1.6000 0.9500
v 6.4550 1.6000 0.9500
v 6.4550 1.5000 1.3850
v 7.0200 1.5000 1.3850
v 7.0200 1.6000 1.3850
v 6.4550 1.6000 1.3850
v 7.0600 1.5000 0.9500
v 7.6250 1.5000 0.9500
v 7.6250 1.6000 0.9500
v 7.0600 1.6000 0.9500
v 7.0600 1.5000 1.3850
v 7.6250 1.5000 1.3850
v 7.6250 1.6000 1.3850
v 7.0600 1.6000 1.3850
v 7.6650 1.5000 0.9500
v 8.2300 1.5000 0.9500
v 8.2300 1.6000 0.9500
v 7.6650 1.6000 0.9500
v 7.6650 1.5000 1.3850
v 8.2300 1.5000 1.3850
v 8.2300 1.6000 1.3850
v 7.6650 1.6000 1.3850
v 6.4550 1.5000 -1.3850
v 7.0200 1.5000 -1.3850
v 7.0200 1.6000 -1.3850
v 6.4550 1.6000 -1.3850
v 6.4550 1.5000 -0.9500
v 7.0200 1.5000 -0.9500
v 7.0200 1.6000 -0.9500
v 6.4550 1.6000 -0.9500
v 7.0600 1.5000 -1.3850
v 7.6250 1.5000 -1.3850
v 7.6250 1.6000 -1.3850
v 7.0600 1.6000 -1.3850
v 7.0600 1.5000 -0.9500
v 7.6250 1.5000 -0.9500
v 7.6250 1.6000 -0.9500
v 7.0600 1.6000 -0.9500
v 7.6650 1.5000 -1.3850
v 8.2300 1.5000 -1.3850
v 8.2300 1.6000 -1.3850
v 7.6650 1.6000 -1.3850
v 7.6650 1.5000 -0.9500
v 8.2300 1.5000 -0.9500
v 8.2300 1.6000 -0.9500
v 7.6650 1.6000 -0.9500
v -6.8100 1.1000 0.8750
v -6.7600 1.1000 0.8750
v -6.7600 3.4300 0.8750
v -6.8100 3.4300 0.8750
v -6.8100 1.1000 0.9250
v -6.7600 1.1000 0.9250
v -6.7600 3.4300 0.9250
v -6.8100 3.4300 0.9250
v -5.0600 1.1000 0.8750
v -5.0100 1.1000 0.8750
v -5.0100 3.4300 0.8750
v -5.0600 3.4300 0.8750
v -5.0600 1.1000 0.9250
v -5.0100 1.1000 0.9250
v -5.0100 3.4300 0.9250
v -5.0600 3.4300 0.9250
v -6.8100 1.1000 -0.9250
v -6.7600 1.1000 -0.9250
v -6.7600 3.4300 -0.9250
v -6.8100 3.4300 -0.9250
v -6.8100 1.1000 -0.8750
v -6.7600 1.1000 -0.8750
v -6.7600 3.4300 -0.8750
v -6.8100 3.4300 -0.8750
v -5.0600 1.1000 -0.9250
v -5.0100 1.1000 -0.9250
v -5.0100 3.4300 -0.9250
v -5.0600 3.4300 -0.9250
v -5.0600 1.1000 -0.8750
v -5.0100 1.1000 -0.8750
v -5.0100 3.4300 -0.8750
v -5.0600 3.4300 -0.8750
v -5.9350 1.1000 -0.0250
v -5.8850 1.1000 -0.0250
v -5.8850 3.4300 -0.0250
v -5.9350 3.4300 -0.0250
v -5.9350 1.1000 0.0250
v -5.8850 1.1000 0.0250
v -5.8850 3.4300 0.0250
v -5.9350 3.4300 0.0250
v -3.0400 1.1000 0.8750
v -2.9900 1.1000 0.8750
v -2.9900 3.4300 0.8750
v -3.0400 3.4300 0.8750
v -3.0400 1.1000 0.9250
v -2.9900 1.1000 0.9250
v -2.9900 3.4300 0.9250
v -3.0400 3.4300 0.9250
v -1.2900 1.1000 0.8750
v -1.2400 1.1000 0.8750
v -1.2400 3.4300 0.8750
v -1.2900 3.4300 0.8750
v -1.2900 1.1000 0.9250
v -1.2400 1.1000 0.9250
v -1.2400 3.4300 0.9250
v -1.2900 3.4300 0.9250
v -3.0400 1.1000 -0.9250
v -2.9900 1.1000 -0.9250
v -2.9900 3.4300 -0.9250
v -3.0400 3.4300 -0.9250
v -3.0400 1.1000 -0.8750
v -2.9900 1.1000 -0.8750
v -2.9900 3.4300 -0.8750
v -3.0400 3.4300 -0.8750
v -1.2900 1.1000 -0.9250
v -1.2400 1.1000 -0.9250
v -1.2400 3.4300 -0.9250
v -1.2900 3.4300 -0.9250
v -1.2900 1.1000 -0.8750
v -1.2400 1.1000 -0.8750
v -1.2400 3.4300 -0.8750
v -1.2900 3.4300 -0.8750
v -2.1650 1.1000 -0.0250
v -2.1150 1.1000 -0.0250
v -2.1150 3.4300 -0.0250
v -2.1650 3.4300 -0.0250
v -2.1650 1.1000 0.0250
v -2.1150 1.1000 0.0250
v -2.1150 3.4300 0.0250
v -2.1650 3.4300 0.0250
v 0.7400 1.1000 0.8750
v 0.7900 1.1000 0.8750
v 0.7900 3.4300 0.8750
v 0.7400 3.4300 0.8750
v 0.7400 1.1000 0.9250
v 0.7900 1.1000 0.9250
v 0.7900 3.4300 0.9250
v 0.7400 3.4300 0.9250
v 2.4900 1.1000 0.8750
v 2.5400 1.1000 0.8750
v 2.5400 3.4300 0.8750
v 2.4900 3.4300 0.8750
v 2.4900 1.1000 0.9250
v 2.5400 1.1000 0.9250
v 2.5400 3.4300 0.9250
v 2.4900 3.4300 0.9250
v 0.7400 1.1000 -0.9250
v 0.7900 1.1000 -0.9250
v 0.7900 3.4300 -0.9250
v 0.7400 3.4300 -0.9250
v 0.7400 1.1000 -0.8750
v 0.7900 1.1000 -0.8750
v 0.7900 3.4300 -0.8750
v 0.7400 3.4300 -0.8750
v 2.4900 1.1000 -0.9250
v 2.5400 1.1000 -0.9250
v 2.5400 3.4300 -0.9250
v 2.4900 3.4300 -0.9250
v 2.4900 1.1000 -0.8750
v 2.5400 1.1000 -0.8750
v 2.5400 3.4300 -0.8750
v 2.4900 3.4300 -0.8750
v 1.6150 1.1000 -0.0250
v 1.6650 1.1000 -0.0250
v 1.6650 3.4300 -0.0250
v 1.6150 3.4300 -0.0250
v 1.6150 1.1000 0.0250
v 1.6650 1.1000 0.0250
v 1.6650 3.4300 0.0250
v 1.6150 3.4300 0.0250
v 4.5100 1.1000 0.8750
v 4.5600 1.1000 0.8750
v 4.5600 3.4300 0.8750
v 4.5100 3.4300 0.8750
v 4.5100 1.1000 0.9250
v 4.5600 1.1000 0.9250
v 4.5600 3.4300 0.9250
v 4.5100 3.4300 0.9250
v 6.2600 1.1000 0.8750
v 6.3100 1.1000 0.8750
v 6.3100 3.4300 0.8750
v 6.2600 3.4300 0.8750
v 6.2600 1.1000 0.9250
v 6.3100 1.1000 0.9250
v 6.3100 3.4300 0.9250
v 6.2600 3.4300 0.9250
v 4.5100 1.1000 -0.9250
v 4.5600 1.1000 -0.9250
v 4.5600 3.4300 -0.9250
v 4.5100 3.4300 -0.9250
v 4.5100 1.1000 -0.8750
v 4.5600 1.1000 -0.8750
v 4.5600 3.4300 -0.8750
v 4.5100 3.4300 -0.8750
v 6.2600 1.1000 -0.9250
v 6.3100 1.1000 -0.9250
v 6.3100 3.4300 -0.9250
v 6.2600 3.4300 -0.9250
v 6.2600 1.1000 -0.8750
v 6.3100 1.1000 -0.8750
v 6.3100 3.4300 -0.8750
v 6.2600 3.4300 -0.8750
v 5.3850 1.1000 -0.0250
v 5.4350 1.1000 -0.0250
v 5.4350 3.4300 -0.0250
v 5.3850 3.4300 -0.0250
v 5.3850 1.1000 0.0250
v 5.4350 1.1000 0.0250
v 5.4350 3.4300 0.0250
v 5.3850 3.4300 0.0250
v -8.6500 3.3700 -0.1800
v -7.9500 3.3700 -0.1800
v -7.9500 3.3900 -0.1800
v -8.6500 3.3900 -0.1800
v -8.6500 3.3700 0.1800
v -7.9500 3.3700 0.1800
v -7.9500 3.3900 0.1800
v -8.6500 3.3900 0.1800
v -8.6000 3.3650 -0.1500
v -8.5400 3.3650 -0.1500
v -8.5400 3.3700 -0.1500
v -8.6000 3.3700 -0.1500
v -8.6000 3.3650 0.1500
v -8.5400 3.3650 0.1500
v -8.5400 3.3700 0.1500
v -8.6000 3.3700 0.1500
v -8.4200 3.3650 -0.1500
v -8.3600 3.3650 -0.1500
v -8.3600 3.3700 -0.1500
v -8.4200 3.3700 -0.1500
v -8.4200 3.3650 0.1500
v -8.3600 3.3650 0.1500
v -8.3600 3.3700 0.1500
v -8.4200 3.3700 0.1500
v -8.2400 3.3650 -0.1500
v -8.1800 3.3650 -0.1500
v -8.1800 3.3700 -0.1500
v -8.2400 3.3700 -0.1500
v -8.2400 3.3650 0.1500
v -8.1800 3.3650 0.1500
v -8.1800 3.3700 0.1500
v -8.2400 3.3700 0.1500
v -8.0600 3.3650 -0.1500
v -8.0000 3.3650 -0.1500
v -8.0000 3.3700 -0.1500
v -8.0600 3.3700 -0.1500
v -8.0600 3.3650 0.1500
v -8.0000 3.3650 0.1500
v -8.0000 3.3700 0.1500
v -8.0600 3.3700 0.1500
v -9.2000 3.3800 0.7500
v -9.0500 3.3800 0.7500
v -9.0500 3.3900 0.7500
v -9.2000 3.3900 0.7500
v -9.2000 3.3800 0.9000
v -9.0500 3.3800 0.9000
v -9.0500 3.3900 0.9000
v -9.2000 3.3900 0.9000
v -6.6500 3.3700 -0.1800
v -5.9500 3.3700 -0.1800
v -5.9500 3.3900 -0.1800
v -6.6500 3.3900 -0.1800
v -6.6500 3.3700 0.1800
v -5.9500 3.3700 0.1800
v -5.9500 3.3900 0.1800
v -6.6500 3.3900 0.1800
v -6.6000 3.3650 -0.1500
v -6.5400 3.3650 -0.1500
v -6.5400 3.3700 -0.1500
v -6.6000 3.3700 -0.1500
v -6.6000 3.3650 0.1500
v -6.5400 3.3650 0.1500
v -6.5400 3.3700 0.1500
v -6.6000 3.3700 0.1500
v -6.4200 3.3650 -0.1500
v -6.3600 3.3650 -0.1500
v -6.3600 3.3700 -0.1500
v -6.4200 3.3700 -0.1500
v -6.4200 3.3650 0.1500
v -6.3600 3.3650 0.1500
v -6.3600 3.3700 0.1500
v -6.4200 3.3700 0.1500
v -6.2400 3.3650 -0.1500
v -6.1800 3.3650 -0.1500
v -6.1800 3.3700 -0.1500
v -6.2400 3.3700 -0.1500
v -6.2400 3.3650 0.1500
v -6.1800 3.3650 0.1500
v -6.1800 3.3700 0.1500
v -6.2400 3.3700 0.1500
v -6.0600 3.3650 -0.1500
v -6.0000 3.3650 -0.1500
v -6.0000 3.3700 -0.1500
v -6.0600 3.3700 -0.1500
v -6.0600 3.3650 0.1500
v -6.0000 3.3650 0.1500
v -6.0000 3.3700 0.1500
v -6.0600 3.3700 0.1500
v -5.7000 3.3500 -0.0700
v -5.5500 3.3500 -0.0700
v -5.5500 3.3900 -0.0700
v -5.7000 3.3900 -0.0700
v -5.7000 3.3500 0.0700
v -5.5500 3.3500 0.0700
v -5.5500 3.3900 0.0700
v -5.7000 3.3900 0.0700
v -4.6500 3.3700 -0.1800
v -3.9500 3.3700 -0.1800
v -3.9500 3.3900 -0.1800
v -4.6500 3.3900 -0.1800
v -4.6500 3.3700 0.1800
v -3.9500 3.3700 0.1800
v -3.9500 3.3900 0.1800
v -4.6500 3.3900 0.1800
v -4.6000 3.3650 -0.1500
v -4.5400 3.3650 -0.1500
v -4.5400 3.3700 -0.1500
v -4.6000 3.3700 -0.1500
v -4.6000 3.3650 0.1500
v -4.5400 3.3650 0.1500
v -4.5400 3.3700 0.1500
v -4.6000 3.3700 0.1500
v -4.4200 3.3650 -0.1500
v -4.3600 3.3650 -0.1500
v -4.3600 3.3700 -0.1500
v -4.4200 3.3700 -0.1500
v -4.4200 3.3650 0.1500
v -4.3600 3.3650 0.1500
v -4.3600 3.3700 0.1500
v -4.4200 3.3700 0.1500
v -4.2400 3.3650 -0.1500
v -4.1800 3.3650 -0.1500
v -4.1800 3.3700 -0.1500
v -4.2400 3.3700 -0.1500
v -4.2400 3.3650 0.1500
v -4.1800 3.3650 0.1500
v -4.1800 3.3700 0.1500
v -4.2400 3.3700 0.1500
v -4.0600 3.3650 -0.1500
v -4.0000 3.3650 -0.1500
v -4.0000 3.3700 -0.1500
v -4.0600 3.3700 -0.1500
v -4.0600 3.3650 0.1500
v -4.0000 3.3650 0.1500
v -4.0000 3.3700 0.1500
v -4.0600 3.3700 0.1500
v -5.2000 3.3800 0.7500
v -5.0500 3.3800 0.7500
v -5.0500 3.3900 0.7500
v -5.2000 3.3900 0.7500
v -5.2000 3.3800 0.9000
v -5.0500 3.3800 0.9000
v -5.0500 3.3900 0.9000
v -5.2000 3.3900 0.9000
v -2.6500 3.3700 -0.1800
v -1.9500 3.3700 -0.1800
v -1.9500 3.3900 -0.1800
v -2.6500 3.3900 -0.1800
v -2.6500 3.3700 0.1800
v -1.9500 3.3700 0.1800
v -1.9500 3.3900 0.1800
v -2.6500 3.3900 0.1800
v -2.6000 3.3650 -0.1500
v -2.5400 3.3650 -0.1500
v -2.5400 3.3700 -0.1500
v -2.6000 3.3700 -0.1500
v -2.6000 3.3650 0.1500
v -2.5400 3.3650 0.1500
v -2.5400 3.3700 0.1500
v -2.6000 3.3700 0.1500
v -2.4200 3.3650 -0.1500
v -2.3600 3.3650 -0.1500
v -2.3600 3.3700 -0.1500
v -2.4200 3.3700 -0.1500
v -2.4200 3.3650 0.1500
v -2.3600 3.3650 0.1500
v -2.3600 3.3700 0.1500
v -2.4200 3.3700 0.1500
v -2.2400 3.3650 -0.1500
v -2.1800 3.3650 -0.1500
v -2.1800 3.3700 -0.1500
v -2.2400 3.3700 -0.1500
v -2.2400 3.3650 0.1500
v -2.1800 3.3650 0.1500
v -2.1800 3.3700 0.1500
v -2.2400 3.3700 0.1500
v -2.0600 3.3650 -0.1500
v -2.0000 3.3650 -0.1500
v -2.0000 3.3700 -0.1500
v -2.0600 3.3700 -0.1500
v -2.0600 3.3650 0.1500
v -2.0000 3.3650 0.1500
v -2.0000 3.3700 0.1500
v -2.0600 3.3700 0.1500
v -0.6500 3.3700 -0.1800
v 0.0500 3.3700 -0.1800
v 0.0500 3.3900 -0.1800
v -0.6500 3.3900 -0.1800
v -0.6500 3.3700 0.1800
v 0.0500 3.3700 0.1800
v 0.0500 3.3900 0.1800
v -0.6500 3.3900 0.1800
v -0.6000 3.3650 -0.1500
v -0.5400 3.3650 -0.1500
v -0.5400 3.3700 -0.1500
v -0.6000 3.3700 -0.1500
v -0.6000 3.3650 0.1500
v -0.5400 3.3650 0.1500
v -0.5400 3.3700 0.1500
v -0.6000 3.3700 0.1500
v -0.4200 3.3650 -0.1500
v -0.3600 3.3650 -0.1500
v -0.3600 3.3700 -0.1500
v -0.4200 3.3700 -0.1500
v -0.4200 3.3650 0.1500
v -0.3600 3.3650 0.1500
v -0.3600 3.3700 0.1500
v -0.4200 3.3700 0.1500
v -0.2400 3.3650 -0.1500
v -0.1800 3.3650 -0.1500
v -0.1800 3.3700 -0.1500
v -0.2400 3.3700 -0.1500
v -0.2400 3.3650 0.1500
v -0.1800 3.3650 0.1500
v -0.1800 3.3700 0.1500
v -0.2400 3.3700 0.1500
v -0.0600 3.3650 -0.1500
v 0.0000 3.3650 -0.1500
v 0.0000 3.3700 -0.1500
v -0.0600 3.3700 -0.1500
v -0.0600 3.3650 0.1500
v 0.0000 3.3650 0.1500
v 0.0000 3.3700 0.1500
v -0.0600 3.3700 0.1500
v 0.3000 3.3500 -0.0700
v 0.4500 3.3500 -0.0700
v 0.4500 3.3900 -0.0700
v 0.3000 3.3900 -0.0700
v 0.3000 3.3500 0.0700
v 0.4500 3.3500 0.0700
v 0.4500 3.3900 0.0700
v 0.3000 3.3900 0.0700
v -1.2000 3.3800 0.7500
v -1.0500 3.3800 0.7500
v -1.0500 3.3900 0.7500
v -1.2000 3.3900 0.7500
v -1.2000 3.3800 0.9000
v -1.0500 3.3800 0.9000
v -1.0500 3.3900 0.9000
v -1.2000 3.3900 0.9000
v 1.3500 3.3700 -0.1800
v 2.0500 3.3700 -0.1800
v 2.0500 3.3900 -0.1800
v 1.3500 3.3900 -0.1800
v 1.3500 3.3700 0.1800
v 2.0500 3.3700 0.1800
v 2.0500 3.3900 0.1800
v 1.3500 3.3900 0.1800
v 1.4000 3.3650 -0.1500
v 1.4600 3.3650 -0.1500
v 1.4600 3.3700 -0.1500
v 1.4000 3.3700 -0.1500
v 1.4000 3.3650 0.1500
v 1.4600 3.3650 0.1500
v 1.4600 3.3700 0.1500
v 1.4000 3.3700 0.1500
v 1.5800 3.3650 -0.1500
v 1.6400 3.3650 -0.1500
v 1.6400 3.3700 -0.1500
v 1.5800 3.3700 -0.1500
v 1.5800 3.3650 0.1500
v 1.6400 3.3650 0.1500
v 1.6400 3.3700 0.1500
v 1.5800 3.3700 0.1500
v 1.7600 3.3650 -0.1500
v 1.8200 3.3650 -0.1500
v 1.8200 3.3700 -0.1500
v 1.7600 3.3700 -0.1500
v 1.7600 3.3650 0.1500
v 1.8200 3.3650 0.1500
v 1.8200 3.3700 0.1500
v 1.7600 3.3700 0.1500
v 1.9400 3.3650 -0.1500
v 2.0000 3.3650 -0.1500
v 2.0000 3.3700 -0.1500
v 1.9400 3.3700 -0.1500
v 1.9400 3.3650 0.1500
v 2.0000 3.3650 0.1500
v 2.0000 3.3700 0.1500
v 1.9400 3.3700 0.1500
v 3.3500 3.3700 -0.1800
v 4.0500 3.3700 -0.1800
v 4.0500 3.3900 -0.1800
v 3.3500 3.3900 -0.1800
v 3.3500 3.3700 0.1800
v 4.0500 3.3700 0.1800
v 4.0500 3.3900 0.1800
v 3.3500 3.3900 0.1800
v 3.4000 3.3650 -0.1500
v 3.4600 3.3650 -0.1500
v 3.4600 3.3700 -0.1500
v 3.4000 3.3700 -0.1500
v 3.4000 3.3650 0.1500
v 3.4600 3.3650 0.1500
v 3.4600 3.3700 0.1500
v 3.4000 3.3700 0.1500
v 3.5800 3.3650 -0.1500
v 3.6400 3.3650 -0.1500
v 3.6400 3.3700 -0.1500
v 3.5800 3.3700 -0.1500
v 3.5800 3.3650 0.1500
v 3.6400 3.3650 0.1500
v 3.6400 3.3700 0.1500
v 3.5800 3.3700 0.1500
v 3.7600 3.3650 -0.1500
v 3.8200 3.3650 -0.1500
v 3.8200 3.3700 -0.1500
v 3.7600 3.3700 -0.1500
v 3.7600 3.3650 0.1500
v 3.8200 3.3650 0.1500
v 3.8200 3.3700 0.1500
v 3.7600 3.3700 0.1500
v 3.9400 3.3650 -0.1500
v 4.0000 3.3650 -0.1500
v 4.0000 3.3700 -0.1500
v 3.9400 3.3700 -0.1500
v 3.9400 3.3650 0.1500
v 4.0000 3.3650 0.1500
v 4.0000 3.3700 0.1500
v 3.9400 3.3700 0.1500
v 2.8000 3.3800 0.7500
v 2.9500 3.3800 0.7500
v 2.9500 3.3900 0.7500
v 2.8000 3.3900 0.7500
v 2.8000 3.3800 0.9000
v 2.9500 3.3800 0.9000
v 2.9500 3.3900 0.9000
v 2.8000 3.3900 0.9000
v 5.3500 3.3700 -0.1800
v 6.0500 3.3700 -0.1800
v 6.0500 3.3900 -0.1800
v 5.3500 3.3900 -0.1800
v 5.3500 3.3700 0.1800
v 6.0500 3.3700 0.1800
v 6.0500 3.3900 0.1800
v 5.3500 3.3900 0.1800
v 5.4000 3.3650 -0.1500
v 5.4600 3.3650 -0.1500
v 5.4600 3.3700 -0.1500
v 5.4000 3.3700 -0.1500
v 5.4000 3.3650 0.1500
v 5.4600 3.3650 0.1500
v 5.4600 3.3700 0.1500
v 5.4000 3.3700 0.1500
v 5.5800 3.3650 -0.1500
v 5.6400 3.3650 -0.1500
v 5.6400 3.3700 -0.1500
v 5.5800 3.3700 -0.1500
v 5.5800 3.3650 0.1500
v 5.6400 3.3650 0.1500
v 5.6400 3.3700 0.1500
v 5.5800 3.3700 0.1500
v 5.7600 3.3650 -0.1500
v 5.8200 3.3650 -0.1500
v 5.8200 3.3700 -0.1500
v 5.7600 3.3700 -0.1500
v 5.7600 3.3650 0.1500
v 5.8200 3.3650 0.1500
v 5.8200 3.3700 0.1500
v 5.7600 3.3700 0.1500
v 5.9400 3.3650 -0.1500
v 6.0000 3.3650 -0.1500
v 6.0000 3.3700 -0.1500
v 5.9400 3.3700 -0.1500
v 5.9400 3.3650 0.1500
v 6.0000 3.3650 0.1500
v 6.0000 3.3700 0.1500
v 5.9400 3.3700 0.1500
v 6.3000 3.3500 -0.0700
v 6.4500 3.3500 -0.0700
v 6.4500 3.3900 -0.0700
v 6.3000 3.3900 -0.0700
v 6.3000 3.3500 0.0700
v 6.4500 3.3500 0.0700
v 6.4500 3.3900 0.0700
v 6.3000 3.3900 0.0700
v 7.3500 3.3700 -0.1800
v 8.0500 3.3700 -0.1800
v 8.0500 3.3900 -0.1800
v 7.3500 3.3900 -0.1800
v 7.3500 3.3700 0.1800
v 8.0500 3.3700 0.1800
v 8.0500 3.3900 0.1800
v 7.3500 3.3900 0.1800
v 7.4000 3.3650 -0.1500
v 7.4600 3.3650 -0.1500
v 7.4600 3.3700 -0.1500
v 7.4000 3.3700 -0.1500
v 7.4000 3.3650 0.1500
v 7.4600 3.3650 0.1500
v 7.4600 3.3700 0.1500
v 7.4000 3.3700 0.1500
v 7.5800 3.3650 -0.1500
v 7.6400 3.3650 -0.1500
v 7.6400 3.3700 -0.1500
v 7.5800 3.3700 -0.1500
v 7.5800 3.3650 0.1500
v 7.6400 3.3650 0.1500
v 7.6400 3.3700 0.1500
v 7.5800 3.3700 0.1500
v 7.7600 3.3650 -0.1500
v 7.8200 3.3650 -0.1500
v 7.8200 3.3700 -0.1500
v 7.7600 3.3700 -0.1500
v 7.7600 3.3650 0.1500
v 7.8200 3.3650 0.1500
v 7.8200 3.3700 0.1500
v 7.7600 3.3700 0.1500
v 7.9400 3.3650 -0.1500
v 8.0000 3.3650 -0.1500
v 8.0000 3.3700 -0.1500
v 7.9400 3.3700 -0.1500
v 7.9400 3.3650 0.1500
v 8.0000 3.3650 0.1500
v 8.0000 3.3700 0.1500
v 7.9400 3.3700 0.1500
v 6.8000 3.3800 0.7500
v 6.9500 3.3800 0.7500
v 6.9500 3.3900 0.7500
v 6.8000 3.3900 0.7500
v 6.8000 3.3800 0.9000
v 6.9500 3.3800 0.9000
v 6.9500 3.3900 0.9000
v 6.8000 3.3900 0.9000
v -6.5100 3.0100 1.4250
v -5.3100 3.0100 1.4250
v -5.3100 3.2100 1.4250
v -6.5100 3.2100 1.4250
v -6.5100 3.0100 1.4400
v -5.3100 3.0100 1.4400
v -5.3100 3.2100 1.4400
v -6.5100 3.2100 1.4400
v -6.4600 3.1000 1.4200
v -5.3600 3.1000 1.4200
v -5.3600 3.1200 1.4200
v -6.4600 3.1200 1.4200
v -6.4600 3.1000 1.4250
v -5.3600 3.1000 1.4250
v -5.3600 3.1200 1.4250
v -6.4600 3.1200 1.4250
v -6.4500 3.0850 1.4150
v -6.4100 3.0850 1.4150
v -6.4100 3.1350 1.4150
v -6.4500 3.1350 1.4150
v -6.4500 3.0850 1.4250
v -6.4100 3.0850 1.4250
v -6.4100 3.1350 1.4250
v -6.4500 3.1350 1.4250
v -6.2767 3.0850 1.4150
v -6.2367 3.0850 1.4150
v -6.2367 3.1350 1.4150
v -6.2767 3.1350 1.4150
v -6.2767 3.0850 1.4250
v -6.2367 3.0850 1.4250
v -6.2367 3.1350 1.4250
v -6.2767 3.1350 1.4250
v -6.1033 3.0850 1.4150
v -6.0633 3.0850 1.4150
v -6.0633 3.1350 1.4150
v -6.1033 3.1350 1.4150
v -6.1033 3.0850 1.4250
v -6.0633 3.0850 1.4250
v -6.0633 3.1350 1.4250
v -6.1033 3.1350 1.4250
v -5.9300 3.0850 1.4150
v -5.8900 3.0850 1.4150
v -5.8900 3.1350 1.4150
v -5.9300 3.1350 1.4150
v -5.9300 3.0850 1.4250
v -5.8900 3.0850 1.4250
v -5.8900 3.1350 1.4250
v -5.9300 3.1350 1.4250
v -5.7567 3.0850 1.4150
v -5.7167 3.0850 1.4150
v -5.7167 3.1350 1.4150
v -5.7567 3.1350 1.4150
v -5.7567 3.0850 1.4250
v -5.7167 3.0850 1.4250
v -5.7167 3.1350 1.4250
v -5.7567 3.1350 1.4250
v -5.5833 3.0850 1.4150
v -5.5433 3.0850 1.4150
v -5.5433 3.1350 1.4150
v -5.5833 3.1350 1.4150
v -5.5833 3.0850 1.4250
v -5.5433 3.0850 1.4250
v -5.5433 3.1350 1.4250
v -5.5833 3.1350 1.4250
v -5.4100 3.0850 1.4150
v -5.3700 3.0850 1.4150
v -5.3700 3.1350 1.4150
v -5.4100 3.1350 1.4150
v -5.4100 3.0850 1.4250
v -5.3700 3.0850 1.4250
v -5.3700 3.1350 1.4250
v -5.4100 3.1350 1.4250
v -6.5100 3.0100 -1.4400
v -5.3100 3.0100 -1.4400
v -5.3100 3.2100 -1.4400
v -6.5100 3.2100 -1.4400
v -6.5100 3.0100 -1.4250
v -5.3100 3.0100 -1.4250
v -5.3100 3.2100 -1.4250
v -6.5100 3.2100 -1.4250
v -6.4600 3.1000 -1.4250
v -5.3600 3.1000 -1.4250
v -5.3600 3.1200 -1.4250
v -6.4600 3.1200 -1.4250
v -6.4600 3.1000 -1.4200
v -5.3600 3.1000 -1.4200
v -5.3600 3.1200 -1.4200
v -6.4600 3.1200 -1.4200
v -6.4500 3.0850 -1.4250
v -6.4100 3.0850 -1.4250
v -6.4100 3.1350 -1.4250
v -6.4500 3.1350 -1.4250
v -6.4500 3.0850 -1.4150
v -6.4100 3.0850 -1.4150
v -6.4100 3.1350 -1.4150
v -6.4500 3.1350 -1.4150
v -6.2767 3.0850 -1.4250
v -6.2367 3.0850 -1.4250
v -6.2367 3.1350 -1.4250
v -6.2767 3.1350 -1.4250
v -6.2767 3.0850 -1.4150
v -6.2367 3.0850 -1.4150
v -6.2367 3.1350 -1.4150
v -6.2767 3.1350 -1.4150
v -6.1033 3.0850 -1.4250
v -6.0633 3.0850 -1.4250
v -6.0633 3.1350 -1.4250
v -6.1033 3.1350 -1.4250
v -6.1033 3.0850 -1.4150
v -6.0633 3.0850 -1.4150
v -6.0633 3.1350 -1.4150
v -6.1033 3.1350 -1.4150
v -5.9300 3.0850 -1.4250
v -5.8900 3.0850 -1.4250
v -5.8900 3.1350 -1.4250
v -5.9300 3.1350 -1.4250
v -5.9300 3.0850 -1.4150
v -5.8900 3.0850 -1.4150
v -5.8900 3.1350 -1.4150
v -5.9300 3.1350 -1.4150
v -5.7567 3.0850 -1.4250
v -5.7167 3.0850 -1.4250
v -5.7167 3.1350 -1.4250
v -5.7567 3.1350 -1.4250
v -5.7567 3.0850 -1.4150
v -5.7167 3.0850 -1.4150
v -5.7167 3.1350 -1.4150
v -5.7567 3.1350 -1.4150
v -5.5833 3.0850 -1.4250
v -5.5433 3.0850 -1.4250
v -5.5433 3.1350 -1.4250
v -5.5833 3.1350 -1.4250
v -5.5833 3.0850 -1.4150
v -5.5433 3.0850 -1.4150
v -5.5433 3.1350 -1.4150
v -5.5833 3.1350 -1.4150
v -5.4100 3.0850 -1.4250
v -5.3700 3.0850 -1.4250
v -5.3700 3.1350 -1.4250
v -5.4100 3.1350 -1.4250
v -5.4100 3.0850 -1.4150
v -5.3700 3.0850 -1.4150
v -5.3700 3.1350 -1.4150
v -5.4100 3.1350 -1.4150
v -2.7400 3.0100 1.4250
v -1.5400 3.0100 1.4250
v -1.5400 3.2100 1.4250
v -2.7400 3.2100 1.4250
v -2.7400 3.0100 1.4400
v -1.5400 3.0100 1.4400
v -1.5400 3.2100 1.4400
v -2.7400 3.2100 1.4400
v -2.6900 3.1000 1.4200
v -1.5900 3.1000 1.4200
v -1.5900 3.1200 1.4200
v -2.6900 3.1200 1.4200
v -2.6900 3.1000 1.4250
v -1.5900 3.1000 1.4250
v -1.5900 3.1200 1.4250
v -2.6900 3.1200 1.4250
v -2.6800 3.0850 1.4150
v -2.6400 3.0850 1.4150
v -2.6400 3.1350 1.4150
v -2.6800 3.1350 1.4150
v -2.6800 3.0850 1.4250
v -2.6400 3.0850 1.4250
v -2.6400 3.1350 1.4250
v -2.6800 3.1350 1.4250
v -2.5067 3.0850 1.4150
v -2.4667 3.0850 1.4150
v -2.4667 3.1350 1.4150
v -2.5067 3.1350 1.4150
v -2.5067 3.0850 1.4250
v -2.4667 3.0850 1.4250
v -2.4667 3.1350 1.4250
v -2.5067 3.1350 1.4250
v -2.3333 3.0850 1.4150
v -2.2933 3.0850 1.4150
v -2.2933 3.1350 1.4150
v -2.3333 3.1350 1.4150
v -2.3333 3.0850 1.4250
v -2.2933 3.0850 1.4250
v -2.2933 3.1350 1.4250
v -2.3333 3.1350 1.4250
v -2.1600 3.0850 1.4150
v -2.1200 3.0850 1.4150
v -2.1200 3.1350 1.4150
v -2.1600 3.1350 1.4150
v -2.1600 3.0850 1.4250
v -2.1200 3.0850 1.4250
v -2.1200 3.1350 1.4250
v -2.1600 3.1350 1.4250
v -1.9867 3.0850 1.4150
v -1.9467 3.0850 1.4150
v -1.9467 3.1350 1.4150
v -1.9867 3.1350 1.4150
v -1.9867 3.0850 1.4250
v -1.9467 3.0850 1.4250
v -1.9467 3.1350 1.4250
v -1.9867 3.1350 1.4250
v -1.8133 3.0850 1.4150
v -1.7733 3.0850 1.4150
v -1.7733 3.1350 1.4150
v -1.8133 3.1350 1.4150
v -1.8133 3.0850 1.4250
v -1.7733 3.0850 1.4250
v -1.7733 3.1350 1.4250
v -1.8133 3.1350 1.4250
v -1.6400 3.0850 1.4150
v -1.6000 3.0850 1.4150
v -1.6000 3.1350 1.4150
v -1.6400 3.1350 1.4150
v -1.6400 3.0850 1.4250
v -1.6000 3.0850 1.4250
v -1.6000 3.1350 1.4250
v -1.6400 3.1350 1.4250
v -2.7400 3.0100 -1.4400
v -1.5400 3.0100 -1.4400
v -1.5400 3.2100 -1.4400
v -2.7400 3.2100 -1.4400
v -2.7400 3.0100 -1.4250
v -1.5400 3.0100 -1.4250
v -1.5400 3.2100 -1.4250
v -2.7400 3.2100 -1.4250
v -2.6900 3.1000 -1.4250
v -1.5900 3.1000 -1.4250
v -1.5900 3.1200 -1.4250
v -2.6900 3.1200 -1.4250
v -2.6900 3.1000 -1.4200
v -1.5900 3.1000 -1.4200
v -1.5900 3.1200 -1.4200
v -2.6900 3.1200 -1.4200
v -2.6800 3.0850 -1.4250
v -2.6400 3.0850 -1.4250
v -2.6400 3.1350 -1.4250
v -2.6800 3.1350 -1.4250
v -2.6800 3.0850 -1.4150
v -2.6400 3.0850 -1.4150
v -2.6400 3.1350 -1.4150
v -2.6800 3.1350 -1.4150
v -2.5067 3.0850 -1.4250
v -2.4667 3.0850 -1.4250
v -2.4667 3.1350 -1.4250
v -2.5067 3.1350 -1.4250
v -2.5067 3.0850 -1.4150
v -2.4667 3.0850 -1.4150
v -2.4667 3.1350 -1.4150
v -2.5067 3.1350 -1.4150
v -2.3333 3.0850 -1.4250
v -2.2933 3.0850 -1.4250
v -2.2933 3.1350 -1.4250
v -2.3333 3.1350 -1.4250
v -2.3333 3.0850 -1.4150
v -2.2933 3.0850 -1.4150
v -2.2933 3.1350 -1.4150
v -2.3333 3.1350 -1.4150
v -2.1600 3.0850 -1.4250
v -2.1200 3.0850 -1.4250
v -2.1200 3.1350 -1.4250
v -2.1600 3.1350 -1.4250
v -2.1600 3.0850 -1.4150
v -2.1200 3.0850 -1.4150
v -2.1200 3.1350 -1.4150
v -2.1600 3.1350 -1.4150
v -1.9867 3.0850 -1.4250
v -1.9467 3.0850 -1.4250
v -1.9467 3.1350 -1.4250
v -1.9867 3.1350 -1.4250
v -1.9867 3.0850 -1.4150
v -1.9467 3.0850 -1.4150
v -1.9467 3.1350 -1.4150
v -1.9867 3.1350 -1.4150
v -1.8133 3.0850 -1.4250
v -1.7733 3.0850 -1.4250
v -1.7733 3.1350 -1.4250
v -1.8133 3.1350 -1.4250
v -1.8133 3.0850 -1.4150
v -1.7733 3.0850 -1.4150
v -1.7733 3.1350 -1.4150
v -1.8133 3.1350 -1.4150
v -1.6400 3.0850 -1.4250
v -1.6000 3.0850 -1.4250
v -1.6000 3.1350 -1.4250
v -1.6400 3.1350 -1.4250
v -1.6400 3.0850 -1.4150
v -1.6000 3.0850 -1.4150
v -1.6000 3.1350 -1.4150
v -1.6400 3.1350 -1.4150
v 1.0400 3.0100 1.4250
v 2.2400 3.0100 1.4250
v 2.2400 3.2100 1.4250
v 1.0400 3.2100 1.4250
v 1.0400 3.0100 1.4400
v 2.2400 3.0100 1.4400
v 2.2400 3.2100 1.4400
v 1.0400 3.2100 1.4400
v 1.0900 3.1000 1.4200
v 2.1900 3.1000 1.4200
v 2.1900 3.1200 1.4200
v 1.0900 3.1200 1.4200
v 1.0900 3.1000 1.4250
v 2.1900 3.1000 1.4250
v 2.1900 3.1200 1.4250
v 1.0900 3.1200 1.4250
v 1.1000 3.0850 1.4150
v 1.1400 3.0850 1.4150
v 1.1400 3.1350 1.4150
v 1.1000 3.1350 1.4150
v 1.1000 3.0850 1.4250
v 1.1400 3.0850 1.4250
v 1.1400 3.1350 1.4250
v 1.1000 3.1350 1.4250
v 1.2733 3.0850 1.4150
v 1.3133 3.0850 1.4150
v 1.3133 3.1350 1.4150
v 1.2733 3.1350 1.4150
v 1.2733 3.0850 1.4250
v 1.3133 3.0850 1.4250
v 1.3133 3.1350 1.4250
v 1.2733 3.1350 1.4250
v 1.4467 3.0850 1.4150
v 1.4867 3.0850 1.4150
v 1.4867 3.1350 1.4150
v 1.4467 3.1350 1.4150
v 1.4467 3.0850 1.4250
v 1.4867 3.0850 1.4250
v 1.4867 3.1350 1.4250
v 1.4467 3.1350 1.4250
v 1.6200 3.0850 1.4150
v 1.6600 3.0850 1.4150
v 1.6600 3.1350 1.4150
v 1.6200 3.1350 1.4150
v 1.6200 3.0850 1.4250
v 1.6600 3.0850 1.4250
v 1.6600 3.1350 1.4250
v 1.6200 3.1350 1.4250
v 1.7933 3.0850 1.4150
v 1.8333 3.0850 1.4150
v 1.8333 3.1350 1.4150
v 1.7933 3.1350 1.4150
v 1.7933 3.0850 1.4250
v 1.8333 3.0850 1.4250
v 1.8333 3.1350 1.4250
v 1.7933 3.1350 1.4250
v 1.9667 3.0850 1.4150
v 2.0067 3.0850 1.4150
v 2.0067 3.1350 1.4150
v 1.9667 3.1350 1.4150
v 1.9667 3.0850 1.4250
v 2.0067 3.0850 1.4250
v 2.0067 3.1350 1.4250
v 1.9667 3.1350 1.4250
v 2.1400 3.0850 1.4150
v 2.1800 3.0850 1.4150
v 2.1800 3.1350 1.4150
v 2.1400 3.1350 1.4150
v 2.1400 3.0850 1.4250
v 2.1800 3.0850 1.4250
v 2.1800 3.1350 1.4250
v 2.1400 3.1350 1.4250
v 1.0400 3.0100 -1.4400
v 2.2400 3.0100 -1.4400
v 2.2400 3.2100 -1.4400
v 1.0400 3.2100 -1.4400
v 1.0400 3.0100 -1.4250
v 2.2400 3.0100 -1.4250
v 2.2400 3.2100 -1.4250
v 1.0400 3.2100 -1.4250
v 1.0900 3.1000 -1.4250
v 2.1900 3.1000 -1.4250
v 2.1900 3.1200 -1.4250
v 1.0900 3.1200 -1.4250
v 1.0900 3.1000 -1.4200
v 2.1900 3.1000 -1.4200
v 2.1900 3.1200 -1.4200
v 1.0900 3.1200 -1.4200
v 1.1000 3.0850 -1.4250
v 1.1400 3.0850 -1.4250
v 1.1400 3.1350 -1.4250
v 1.1000 3.1350 -1.4250
v 1.1000 3.0850 -1.4150
v 1.1400 3.0850 -1.4150
v 1.1400 3.1350 -1.4150
v 1.1000 3.1350 -1.4150
v 1.2733 3.0850 -1.4250
v 1.3133 3.0850 -1.4250
v 1.3133 3.1350 -1.4250
v 1.2733 3.1350 -1.4250
v 1.2733 3.0850 -1.4150
v 1.3133 3.0850 -1.4150
v 1.3133 3.1350 -1.4150
v 1.2733 3.1350 -1.4150
v 1.4467 3.0850 -1.4250
v 1.4867 3.0850 -1.4250
v 1.4867 3.1350 -1.4250
v 1.4467 3.1350 -1.4250
v 1.4467 3.0850 -1.4150
v 1.4867 3.0850 -1.4150
v 1.4867 3.1350 -1.4150
v 1.4467 3.1350 -1.4150
v 1.6200 3.0850 -1.4250
v 1.6600 3.0850 -1.4250
v 1.6600 3.1350 -1.4250
v 1.6200 3.1350 -1.4250
v 1.6200 3.0850 -1.4150
v 1.6600 3.0850 -1.4150
v 1.6600 3.1350 -1.4150
v 1.6200 3.1350 -1.4150
v 1.7933 3.0850 -1.4250
v 1.8333 3.0850 -1.4250
v 1.8333 3.1350 -1.4250
v 1.7933 3.1350 -1.4250
v 1.7933 3.0850 -1.4150
v 1.8333 3.0850 -1.4150
v 1.8333 3.1350 -1.4150
v 1.7933 3.1350 -1.4150
v 1.9667 3.0850 -1.4250
v 2.0067 3.0850 -1.4250
v 2.0067 3.1350 -1.4250
v 1.9667 3.1350 -1.4250
v 1.9667 3.0850 -1.4150
v 2.0067 3.0850 -1.4150
v 2.0067 3.1350 -1.4150
v 1.9667 3.1350 -1.4150
v 2.1400 3.0850 -1.4250
v 2.1800 3.0850 -1.4250
v 2.1800 3.1350 -1.4250
v 2.1400 3.1350 -1.4250
v 2.1400 3.0850 -1.4150
v 2.1800 3.0850 -1.4150
v 2.1800 3.1350 -1.4150
v 2.1400 3.1350 -1.4150
v 4.8100 3.0100 1.4250
v 6.0100 3.0100 1.4250
v 6.0100 3.2100 1.4250
v 4.8100 3.2100 1.4250
v 4.8100 3.0100 1.4400
v 6.0100 3.0100 1.4400
v 6.0100 3.2100 1.4400
v 4.8100 3.2100 1.4400
v 4.8600 3.1000 1.4200
v 5.9600 3.1000 1.4200
v 5.9600 3.1200 1.4200
v 4.8600 3.1200 1.4200
v 4.8600 3.1000 1.4250
v 5.9600 3.1000 1.4250
v 5.9600 3.1200 1.4250
v 4.8600 3.1200 1.4250
v 4.8700 3.0850 1.4150
v 4.9100 3.0850 1.4150
v 4.9100 3.1350 1.4150
v 4.8700 3.1350 1.4150
v 4.8700 3.0850 1.4250
v 4.9100 3.0850 1.4250
v 4.9100 3.1350 1.4250
v 4.8700 3.1350 1.4250
v 5.0433 3.0850 1.4150
v 5.0833 3.0850 1.4150
v 5.0833 3.1350 1.4150
v 5.0433 3.1350 1.4150
v 5.0433 3.0850 1.4250
v 5.0833 3.0850 1.4250
v 5.0833 3.1350 1.4250
v 5.0433 3.1350 1.4250
v 5.2167 3.0850 1.4150
v 5.2567 3.0850 1.4150
v 5.2567 3.1350 1.4150
v 5.2167 3.1350 1.4150
v 5.2167 3.0850 1.4250
v 5.2567 3.0850 1.4250
v 5.2567 3.1350 1.4250
v 5.2167 3.1350 1.4250
v 5.3900 3.0850 1.4150
v 5.4300 3.0850 1.4150
v 5.4300 3.1350 1.4150
v 5.3900 3.1350 1.4150
v 5.3900 3.0850 1.4250
v 5.4300 3.0850 1.4250
v 5.4300 3.1350 1.4250
v 5.3900 3.1350 1.4250
v 5.5633 3.0850 1.4150
v 5.6033 3.0850 1.4150
v 5.6033 3.1350 1.4150
v 5.5633 3.1350 1.4150
v 5.5633 3.0850 1.4250
v 5.6033 3.0850 1.4250
v 5.6033 3.1350 1.4250
v 5.5633 3.1350 1.4250
v 5.7367 3.0850 1.4150
v 5.7767 3.0850 1.4150
v 5.7767 3.1350 1.4150
v 5.7367 3.1350 1.4150
v 5.7367 3.0850 1.4250
v 5.7767 3.0850 1.4250
v 5.7767 3.1350 1.4250
v 5.7367 3.1350 1.4250
v 5.9100 3.0850 1.4150
v 5.9500 3.0850 1.4150
v 5.9500 3.1350 1.4150
v 5.9100 3.1350 1.4150
v 5.9100 3.0850 1.4250
v 5.9500 3.0850 1.4250
v 5.9500 3.1350 1.4250
v 5.9100 3.1350 1.4250
v 4.8100 3.0100 -1.4400
v 6.0100 3.0100 -1.4400
v 6.0100 3.2100 -1.4400
v 4.8100 3.2100 -1.4400
v 4.8100 3.0100 -1.4250
v 6.0100 3.0100 -1.4250
v 6.0100 3.2100 -1.4250
v 4.8100 3.2100 -1.4250
v 4.8600 3.1000 -1.4250
v 5.9600 3.1000 -1.4250
v 5.9600 3.1200 -1.4250
v 4.8600 3.1200 -1.4250
v 4.8600 3.1000 -1.4200
v 5.9600 3.1000 -1.4200
v 5.9600 3.1200 -1.4200
v 4.8600 3.1200 -1.4200
v 4.8700 3.0850 -1.4250
v 4.9100 3.0850 -1.4250
v 4.9100 3.1350 -1.4250
v 4.8700 3.1350 -1.4250
v 4.8700 3.0850 -1.4150
v 4.9100 3.0850 -1.4150
v 4.9100 3.1350 -1.4150
v 4.8700 3.1350 -1.4150
v 5.0433 3.0850 -1.4250
v 5.0833 3.0850 -1.4250
v 5.0833 3.1350 -1.4250
v 5.0433 3.1350 -1.4250
v 5.0433 3.0850 -1.4150
v 5.0833 3.0850 -1.4150
v 5.0833 3.1350 -1.4150
v 5.0433 3.1350 -1.4150
v 5.2167 3.0850 -1.4250
v 5.2567 3.0850 -1.4250
v 5.2567 3.1350 -1.4250
v 5.2167 3.1350 -1.4250
v 5.2167 3.0850 -1.4150
v 5.2567 3.0850 -1.4150
v 5.2567 3.1350 -1.4150
v 5.2167 3.1350 -1.4150
v 5.3900 3.0850 -1.4250
v 5.4300 3.0850 -1.4250
v 5.4300 3.1350 -1.4250
v 5.3900 3.1350 -1.4250
v 5.3900 3.0850 -1.4150
v 5.4300 3.0850 -1.4150
v 5.4300 3.1350 -1.4150
v 5.3900 3.1350 -1.4150
v 5.5633 3.0850 -1.4250
v 5.6033 3.0850 -1.4250
v 5.6033 3.1350 -1.4250
v 5.5633 3.1350 -1.4250
v 5.5633 3.0850 -1.4150
v 5.6033 3.0850 -1.4150
v 5.6033 3.1350 -1.4150
v 5.5633 3.1350 -1.4150
v 5.7367 3.0850 -1.4250
v 5.7767 3.0850 -1.4250
v 5.7767 3.1350 -1.4250
v 5.7367 3.1350 -1.4250
v 5.7367 3.0850 -1.4150
v 5.7767 3.0850 -1.4150
v 5.7767 3.1350 -1.4150
v 5.7367 3.1350 -1.4150
v 5.9100 3.0850 -1.4250
v 5.9500 3.0850 -1.4250
v 5.9500 3.1350 -1.4250
v 5.9100 3.1350 -1.4250
v 5.9100 3.0850 -1.4150
v 5.9500 3.0850 -1.4150
v 5.9500 3.1350 -1.4150
v 5.9100 3.1350 -1.4150
v -8.8300 1.2500 1.2550
v -8.6700 1.2500 1.2550
v -8.6700 1.7500 1.2550
v -8.8300 1.7500 1.2550
v -8.8300 1.2500 1.4150
v -8.6700 1.2500 1.4150
v -8.6700 1.7500 1.4150
v -8.8300 1.7500 1.4150
v -8.7800 1.7500 1.3150
v -8.7200 1.7500 1.3150
v -8.7200 1.8500 1.3150
v -8.7800 1.8500 1.3150
v -8.7800 1.7500 1.3550
v -8.7200 1.7500 1.3550
v -8.7200 1.8500 1.3550
v -8.7800 1.8500 1.3550
v -8.8500 2.4500 1.4050
v -8.6500 2.4500 1.4050
v -8.6500 2.7000 1.4050
v -8.8500 2.7000 1.4050
v -8.8500 2.4500 1.4350
v -8.6500 2.4500 1.4350
v -8.6500 2.7000 1.4350
v -8.8500 2.7000 1.4350
v -8.7900 2.5200 1.3950
v -8.7100 2.5200 1.3950
v -8.7100 2.6000 1.3950
v -8.7900 2.6000 1.3950
v -8.7900 2.5200 1.4050
v -8.7100 2.5200 1.4050
v -8.7100 2.6000 1.4050
v -8.7900 2.6000 1.4050
v -8.8300 1.2500 -1.4150
v -8.6700 1.2500 -1.4150
v -8.6700 1.7500 -1.4150
v -8.8300 1.7500 -1.4150
v -8.8300 1.2500 -1.2550
v -8.6700 1.2500 -1.2550
v -8.6700 1.7500 -1.2550
v -8.8300 1.7500 -1.2550
v -8.7800 1.7500 -1.3550
v -8.7200 1.7500 -1.3550
v -8.7200 1.8500 -1.3550
v -8.7800 1.8500 -1.3550
v -8.7800 1.7500 -1.3150
v -8.7200 1.7500 -1.3150
v -8.7200 1.8500 -1.3150
v -8.7800 1.8500 -1.3150
v -8.8500 2.4500 -1.4350
v -8.6500 2.4500 -1.4350
v -8.6500 2.7000 -1.4350
v -8.8500 2.7000 -1.4350
v -8.8500 2.4500 -1.4050
v -8.6500 2.4500 -1.4050
v -8.6500 2.7000 -1.4050
v -8.8500 2.7000 -1.4050
v -8.7900 2.5200 -1.4050
v -8.7100 2.5200 -1.4050
v -8.7100 2.6000 -1.4050
v -8.7900 2.6000 -1.4050
v -8.7900 2.5200 -1.3950
v -8.7100 2.5200 -1.3950
v -8.7100 2.6000 -1.3950
v -8.7900 2.6000 -1.3950
v 8.4000 1.1000 0.4500
v 8.4800 1.1000 0.4500
v 8.4800 3.4300 0.4500
v 8.4000 3.4300 0.4500
v 8.4000 1.1000 1.4500
v 8.4800 1.1000 1.4500
v 8.4800 3.4300 1.4500
v 8.4000 3.4300 1.4500
v 8.4000 1.1000 -1.4500
v 8.4800 1.1000 -1.4500
v 8.4800 3.4300 -1.4500
v 8.4000 3.4300 -1.4500
v 8.4000 1.1000 -0.4500
v 8.4800 1.1000 -0.4500
v 8.4800 3.4300 -0.4500
v 8.4000 3.4300 -0.4500
v 8.4000 3.1000 -0.4500
v 8.4800 3.1000 -0.4500
v 8.4800 3.4300 -0.4500
v 8.4000 3.4300 -0.4500
v 8.4000 3.1000 0.4500
v 8.4800 3.1000 0.4500
v 8.4800 3.4300 0.4500
v 8.4000 3.4300 0.4500
v 8.2230 1.1000 -1.3884
v 8.9230 1.1000 -1.3884
v 8.9230 1.9500 -1.3884
v 8.2230 1.9500 -1.3884
v 8.2230 1.1000 1.3884
v 8.9230 1.1000 1.3884
v 8.9230 1.9500 1.3884
v 8.2230 1.9500 1.3884
v 8.1730 1.9500 -1.3884
v 8.8730 1.9500 -1.3884
v 8.8730 2.0200 -1.3884
v 8.1730 2.0200 -1.3884
v 8.1730 1.9500 1.3884
v 8.8730 1.9500 1.3884
v 8.8730 2.0200 1.3884
v 8.1730 2.0200 1.3884
v 8.5230 2.0200 -0.5500
v 8.5930 2.0200 -0.5500
v 8.5930 2.3000 -0.5500
v 8.5230 2.3000 -0.5500
v 8.5230 2.0200 -0.0500
v 8.5930 2.0200 -0.0500
v 8.5930 2.3000 -0.0500
v 8.5230 2.3000 -0.0500
v 8.5130 2.0600 -0.5200
v 8.5230 2.0600 -0.5200
v 8.5230 2.2600 -0.5200
v 8.5130 2.2600 -0.5200
v 8.5130 2.0600 -0.0800
v 8.5230 2.0600 -0.0800
v 8.5230 2.2600 -0.0800
v 8.5130 2.2600 -0.0800
v 8.5230 2.0200 0.0500
v 8.5930 2.0200 0.0500
v 8.5930 2.3000 0.0500
v 8.5230 2.3000 0.0500
v 8.5230 2.0200 0.4500
v 8.5930 2.0200 0.4500
v 8.5930 2.3000 0.4500
v 8.5230 2.3000 0.4500
v 8.5130 2.0600 0.0800
v 8.5230 2.0600 0.0800
v 8.5230 2.2600 0.0800
v 8.5130 2.2600 0.0800
v 8.5130 2.0600 0.4200
v 8.5230 2.0600 0.4200
v 8.5230 2.2600 0.4200
v 8.5130 2.2600 0.4200
v 8.2730 2.0200 -0.4200
v 8.3330 2.0200 -0.4200
v 8.3330 2.2200 -0.4200
v 8.2730 2.2200 -0.4200
v 8.2730 2.0200 -0.3600
v 8.3330 2.0200 -0.3600
v 8.3330 2.2200 -0.3600
v 8.2730 2.2200 -0.3600
v 8.2530 2.2200 -0.4400
v 8.3530 2.2200 -0.4400
v 8.3530 2.2700 -0.4400
v 8.2530 2.2700 -0.4400
v 8.2530 2.2200 -0.3400
v 8.3530 2.2200 -0.3400
v 8.3530 2.2700 -0.3400
v 8.2530 2.2700 -0.3400
v 8.2730 2.0200 -0.2600
v 8.3330 2.0200 -0.2600
v 8.3330 2.2000 -0.2600
v 8.2730 2.2000 -0.2600
v 8.2730 2.0200 -0.2000
v 8.3330 2.0200 -0.2000
v 8.3330 2.2000 -0.2000
v 8.2730 2.2000 -0.2000
v 8.2530 2.2000 -0.2800
v 8.3530 2.2000 -0.2800
v 8.3530 2.2500 -0.2800
v 8.2530 2.2500 -0.2800
v 8.2530 2.2000 -0.1800
v 8.3530 2.2000 -0.1800
v 8.3530 2.2500 -0.1800
v 8.2530 2.2500 -0.1800
v 8.2730 2.0200 0.1200
v 8.3230 2.0200 0.1200
v 8.3230 2.1200 0.1200
v 8.2730 2.1200 0.1200
v 8.2730 2.0200 0.1700
v 8.3230 2.0200 0.1700
v 8.3230 2.1200 0.1700
v 8.2730 2.1200 0.1700
v 8.2730 2.0200 0.2800
v 8.3530 2.0200 0.2800
v 8.3530 2.0600 0.2800
v 8.2730 2.0600 0.2800
v 8.2730 2.0200 0.3600
v 8.3530 2.0200 0.3600
v 8.3530 2.0600 0.3600
v 8.2730 2.0600 0.3600
v 8.2730 2.0200 0.4000
v 8.3530 2.0200 0.4000
v 8.3530 2.0600 0.4000
v 8.2730 2.0600 0.4000
v 8.2730 2.0200 0.4800
v 8.3530 2.0200 0.4800
v 8.3530 2.0600 0.4800
v 8.2730 2.0600 0.4800
v 7.6030 1.1000 -0.4200
v 7.8430 1.1000 -0.4200
v 7.8430 1.5200 -0.4200
v 7.6030 1.5200 -0.4200
v 7.6030 1.1000 -0.1800
v 7.8430 1.1000 -0.1800
v 7.8430 1.5200 -0.1800
v 7.6030 1.5200 -0.1800
v 7.4030 1.6000 -0.5500
v 7.4830 1.6000 -0.5500
v 7.4830 2.3500 -0.5500
v 7.4030 2.3500 -0.5500
v 7.4030 1.6000 -0.0500
v 7.4830 1.6000 -0.0500
v 7.4830 2.3500 -0.0500
v 7.4030 2.3500 -0.0500
v 7.6030 1.1000 0.2200
v 7.8430 1.1000 0.2200
v 7.8430 1.5200 0.2200
v 7.6030 1.5200 0.2200
v 7.6030 1.1000 0.4500
v 7.8430 1.1000 0.4500
v 7.8430 1.5200 0.4500
v 7.6030 1.5200 0.4500
v 7.4730 1.5200 -0.5500
v 7.9730 1.5200 -0.5500
v 7.9730 1.6200 -0.5500
v 7.4730 1.6200 -0.5500
v 7.4730 1.5200 -0.0500
v 7.9730 1.5200 -0.0500
v 7.9730 1.6200 -0.0500
v 7.4730 1.6200 -0.0500
v 7.4730 1.5200 0.1200
v 7.9730 1.5200 0.1200
v 7.9730 1.6200 0.1200
v 7.4730 1.6200 0.1200
v 7.4730 1.5200 0.5500
v 7.9730 1.5200 0.5500
v 7.9730 1.6200 0.5500
v 7.4730 1.6200 0.5500
vt 0.031250 0.968750
vt 0.093750 0.968750
vt 0.156250 0.968750
vt 0.218750 0.968750
vt 0.281250 0.968750
vt 0.343750 0.968750
vt 0.406250 0.968750
vt 0.468750 0.968750
vt 0.531250 0.968750
vt 0.593750 0.968750
vt 0.656250 0.968750
vt 0.718750 0.968750
vt 0.781250 0.968750
vt 0.843750 0.968750
vt 0.906250 0.968750
vt 0.968750 0.968750
vt 0.031250 0.906250
vt 0.093750 0.906250
vt 0.156250 0.906250
vt 0.218750 0.906250
vt 0.281250 0.906250
vt 0.343750 0.906250
vt 0.406250 0.906250
vt 0.468750 0.906250
vt 0.531250 0.906250
vt 0.593750 0.906250
vt 0.656250 0.906250
vt 0.718750 0.906250
vt 0.781250 0.906250
vt 0.843750 0.906250
vt 0.906250 0.906250
vt 0.968750 0.906250
vt 0.031250 0.843750
vt 0.093750 0.843750
vt 0.156250 0.843750
vt 0.218750 0.843750
vt 0.281250 0.843750
vt 0.343750 0.843750
vt 0.406250 0.843750
vt 0.468750 0.843750
vt 0.531250 0.843750
vt 0.593750 0.843750
vt 0.656250 0.843750
vt 0.718750 0.843750
vt 0.781250 0.843750
vt 0.843750 0.843750
vt 0.906250 0.843750
vt 0.968750 0.843750
vt 0.031250 0.781250
vt 0.093750 0.781250
vt 0.156250 0.781250
vt 0.218750 0.781250
vt 0.281250 0.781250
vt 0.343750 0.781250
vt 0.406250 0.781250
vt 0.468750 0.781250
vt 0.531250 0.781250
vt 0.593750 0.781250
vt 0.656250 0.781250
vt 0.718750 0.781250
vt 0.781250 0.781250
vt 0.843750 0.781250
vn 0 0 -1
vn 0 0 1
vn 0 -1 0
vn 0 1 0
vn -1 0 0
vn 1 0 0
o SHELL
usemtl palette
f 1/39/1 4/39/1 3/39/1 2/39/1
f 5/39/2 6/39/2 7/39/2 8/39/2
f 1/39/3 2/39/3 6/39/3 5/39/3
f 4/39/4 8/39/4 7/39/4 3/39/4
f 1/39/5 5/39/5 8/39/5 4/39/5
f 2/39/6 3/39/6 7/39/6 6/39/6
f 9/45/1 12/45/1 11/45/1 10/45/1
f 13/45/2 14/45/2 15/45/2 16/45/2
f 9/45/3 10/45/3 14/45/3 13/45/3
f 12/45/4 16/45/4 15/45/4 11/45/4
f 9/45/5 13/45/5 16/45/5 12/45/5
f 10/45/6 11/45/6 15/45/6 14/45/6
f 17/45/1 20/45/1 19/45/1 18/45/1
f 21/45/2 22/45/2 23/45/2 24/45/2
f 17/45/3 18/45/3 22/45/3 21/45/3
f 20/45/4 24/45/4 23/45/4 19/45/4
f 17/45/5 21/45/5 24/45/5 20/45/5
f 18/45/6 19/45/6 23/45/6 22/45/6
f 25/45/1 28/45/1 27/45/1 26/45/1
f 29/45/2 30/45/2 31/45/2 32/45/2
f 25/45/3 26/45/3 30/45/3 29/45/3
f 28/45/4 32/45/4 31/45/4 27/45/4
f 25/45/5 29/45/5 32/45/5 28/45/5
f 26/45/6 27/45/6 31/45/6 30/45/6
f 33/45/1 36/45/1 35/45/1 34/45/1
f 37/45/2 38/45/2 39/45/2 40/45/2
f 33/45/3 34/45/3 38/45/3 37/45/3
f 36/45/4 40/45/4 39/45/4 35/45/4
f 33/45/5 37/45/5 40/45/5 36/45/5
f 34/45/6 35/45/6 39/45/6 38/45/6
f 41/54/1 44/54/1 43/54/1 42/54/1
f 45/54/2 46/54/2 47/54/2 48/54/2
f 41/54/3 42/54/3 46/54/3 45/54/3
f 44/54/4 48/54/4 47/54/4 43/54/4
f 41/54/5 45/54/5 48/54/5 44/54/5
f 42/54/6 43/54/6 47/54/6 46/54/6
f 49/54/1 52/54/1 51/54/1 50/54/1
f 53/54/2 54/54/2 55/54/2 56/54/2
f 49/54/3 50/54/3 54/54/3 53/54/3
f 52/54/4 56/54/4 55/54/4 51/54/4
f 49/54/5 53/54/5 56/54/5 52/54/5
f 50/54/6 51/54/6 55/54/6 54/54/6
f 57/54/1 60/54/1 59/54/1 58/54/1
f 61/54/2 62/54/2 63/54/2 64/54/2
f 57/54/3 58/54/3 62/54/3 61/54/3
f 60/54/4 64/54/4 63/54/4 59/54/4
f 57/54/5 61/54/5 64/54/5 60/54/5
f 58/54/6 59/54/6 63/54/6 62/54/6
f 65/39/1 68/39/1 67/39/1 66/39/1
f 69/39/2 70/39/2 71/39/2 72/39/2
f 65/39/3 66/39/3 70/39/3 69/39/3
f 68/39/4 72/39/4 71/39/4 67/39/4
f 65/39/5 69/39/5 72/39/5 68/39/5
f 66/39/6 67/39/6 71/39/6 70/39/6
f 73/54/1 76/54/1 75/54/1 74/54/1
f 77/54/2 78/54/2 79/54/2 80/54/2
f 73/54/3 74/54/3 78/54/3 77/54/3
f 76/54/4 80/54/4 79/54/4 75/54/4
f 73/54/5 77/54/5 80/54/5 76/54/5
f 74/54/6 75/54/6 79/54/6 78/54/6
f 81/45/1 84/45/1 83/45/1 82/45/1
f 85/45/2 86/45/2 87/45/2 88/45/2
f 81/45/3 82/45/3 86/45/3 85/45/3
f 84/45/4 88/45/4 87/45/4 83/45/4
f 81/45/5 85/45/5 88/45/5 84/45/5
f 82/45/6 83/45/6 87/45/6 86/45/6
f 89/54/1 92/54/1 91/54/1 90/54/1
f 93/54/2 94/54/2 95/54/2 96/54/2
f 89/54/3 90/54/3 94/54/3 93/54/3
f 92/54/4 96/54/4 95/54/4 91/54/4
f 89/54/5 93/54/5 96/54/5 92/54/5
f 90/54/6 91/54/6 95/54/6 94/54/6
f 97/54/1 100/54/1 99/54/1 98/54/1
f 101/54/2 102/54/2 103/54/2 104/54/2
f 97/54/3 98/54/3 102/54/3 101/54/3
f 100/54/4 104/54/4 103/54/4 99/54/4
f 97/54/5 101/54/5 104/54/5 100/54/5
f 98/54/6 99/54/6 103/54/6 102/54/6
f 105/45/1 108/45/1 107/45/1 106/45/1
f 109/45/2 110/45/2 111/45/2 112/45/2
f 105/45/3 106/45/3 110/45/3 109/45/3
f 108/45/4 112/45/4 111/45/4 107/45/4
f 105/45/5 109/45/5 112/45/5 108/45/5
f 106/45/6 107/45/6 111/45/6 110/45/6
f 113/54/1 116/54/1 115/54/1 114/54/1
f 117/54/2 118/54/2 119/54/2 120/54/2
f 113/54/3 114/54/3 118/54/3 117/54/3
f 116/54/4 120/54/4 119/54/4 115/54/4
f 113/54/5 117/54/5 120/54/5 116/54/5
f 114/54/6 115/54/6 119/54/6 118/54/6
f 121/45/1 124/45/1 123/45/1 122/45/1
f 125/45/2 126/45/2 127/45/2 128/45/2
f 121/45/3 122/45/3 126/45/3 125/45/3
f 124/45/4 128/45/4 127/45/4 123/45/4
f 121/45/5 125/45/5 128/45/5 124/45/5
f 122/45/6 123/45/6 127/45/6 126/45/6
f 129/54/1 132/54/1 131/54/1 130/54/1
f 133/54/2 134/54/2 135/54/2 136/54/2
f 129/54/3 130/54/3 134/54/3 133/54/3
f 132/54/4 136/54/4 135/54/4 131/54/4
f 129/54/5 133/54/5 136/54/5 132/54/5
f 130/54/6 131/54/6 135/54/6 134/54/6
f 137/54/1 140/54/1 139/54/1 138/54/1
f 141/54/2 142/54/2 143/54/2 144/54/2
f 137/54/3 138/54/3 142/54/3 141/54/3
f 140/54/4 144/54/4 143/54/4 139/54/4
f 137/54/5 141/54/5 144/54/5 140/54/5
f 138/54/6 139/54/6 143/54/6 142/54/6
f 145/54/1 148/54/1 147/54/1 146/54/1
f 149/54/2 150/54/2 151/54/2 152/54/2
f 145/54/3 146/54/3 150/54/3 149/54/3
f 148/54/4 152/54/4 151/54/4 147/54/4
f 145/54/5 149/54/5 152/54/5 148/54/5
f 146/54/6 147/54/6 151/54/6 150/54/6
f 153/54/1 156/54/1 155/54/1 154/54/1
f 157/54/2 158/54/2 159/54/2 160/54/2
f 153/54/3 154/54/3 158/54/3 157/54/3
f 156/54/4 160/54/4 159/54/4 155/54/4
f 153/54/5 157/54/5 160/54/5 156/54/5
f 154/54/6 155/54/6 159/54/6 158/54/6
f 161/54/1 164/54/1 163/54/1 162/54/1
f 165/54/2 166/54/2 167/54/2 168/54/2
f 161/54/3 162/54/3 166/54/3 165/54/3
f 164/54/4 168/54/4 167/54/4 163/54/4
f 161/54/5 165/54/5 168/54/5 164/54/5
f 162/54/6 163/54/6 167/54/6 166/54/6
f 169/54/1 172/54/1 171/54/1 170/54/1
f 173/54/2 174/54/2 175/54/2 176/54/2
f 169/54/3 170/54/3 174/54/3 173/54/3
f 172/54/4 176/54/4 175/54/4 171/54/4
f 169/54/5 173/54/5 176/54/5 172/54/5
f 170/54/6 171/54/6 175/54/6 174/54/6
f 177/54/1 180/54/1 179/54/1 178/54/1
f 181/54/2 182/54/2 183/54/2 184/54/2
f 177/54/3 178/54/3 182/54/3 181/54/3
f 180/54/4 184/54/4 183/54/4 179/54/4
f 177/54/5 181/54/5 184/54/5 180/54/5
f 178/54/6 179/54/6 183/54/6 182/54/6
f 185/39/1 188/39/1 187/39/1 186/39/1
f 189/39/2 190/39/2 191/39/2 192/39/2
f 185/39/3 186/39/3 190/39/3 189/39/3
f 188/39/4 192/39/4 191/39/4 187/39/4
f 185/39/5 189/39/5 192/39/5 188/39/5
f 186/39/6 187/39/6 191/39/6 190/39/6
f 193/54/1 196/54/1 195/54/1 194/54/1
f 197/54/2 198/54/2 199/54/2 200/54/2
f 193/54/3 194/54/3 198/54/3 197/54/3
f 196/54/4 200/54/4 199/54/4 195/54/4
f 193/54/5 197/54/5 200/54/5 196/54/5
f 194/54/6 195/54/6 199/54/6 198/54/6
f 201/45/1 204/45/1 203/45/1 202/45/1
f 205/45/2 206/45/2 207/45/2 208/45/2
f 201/45/3 202/45/3 206/45/3 205/45/3
f 204/45/4 208/45/4 207/45/4 203/45/4
f 201/45/5 205/45/5 208/45/5 204/45/5
f 202/45/6 203/45/6 207/45/6 206/45/6
f 209/54/1 212/54/1 211/54/1 210/54/1
f 213/54/2 214/54/2 215/54/2 216/54/2
f 209/54/3 210/54/3 214/54/3 213/54/3
f 212/54/4 216/54/4 215/54/4 211/54/4
f 209/54/5 213/54/5 216/54/5 212/54/5
f 210/54/6 211/54/6 215/54/6 214/54/6
f 217/54/1 220/54/1 219/54/1 218/54/1
f 221/54/2 222/54/2 223/54/2 224/54/2
f 217/54/3 218/54/3 222/54/3 221/54/3
f 220/54/4 224/54/4 223/54/4 219/54/4
f 217/54/5 221/54/5 224/54/5 220/54/5
f 218/54/6 219/54/6 223/54/6 222/54/6
f 225/45/1 228/45/1 227/45/1 226/45/1
f 229/45/2 230/45/2 231/45/2 232/45/2
f 225/45/3 226/45/3 230/45/3 229/45/3
f 228/45/4 232/45/4 231/45/4 227/45/4
f 225/45/5 229/45/5 232/45/5 228/45/5
f 226/45/6 227/45/6 231/45/6 230/45/6
f 233/54/1 236/54/1 235/54/1 234/54/1
f 237/54/2 238/54/2 239/54/2 240/54/2
f 233/54/3 234/54/3 238/54/3 237/54/3
f 236/54/4 240/54/4 239/54/4 235/54/4
f 233/54/5 237/54/5 240/54/5 236/54/5
f 234/54/6 235/54/6 239/54/6 238/54/6
f 241/45/1 244/45/1 243/45/1 242/45/1
f 245/45/2 246/45/2 247/45/2 248/45/2
f 241/45/3 242/45/3 246/45/3 245/45/3
f 244/45/4 248/45/4 247/45/4 243/45/4
f 241/45/5 245/45/5 248/45/5 244/45/5
f 242/45/6 243/45/6 247/45/6 246/45/6
f 249/54/1 252/54/1 251/54/1 250/54/1
f 253/54/2 254/54/2 255/54/2 256/54/2
f 249/54/3 250/54/3 254/54/3 253/54/3
f 252/54/4 256/54/4 255/54/4 251/54/4
f 249/54/5 253/54/5 256/54/5 252/54/5
f 250/54/6 251/54/6 255/54/6 254/54/6
f 257/54/1 260/54/1 259/54/1 258/54/1
f 261/54/2 262/54/2 263/54/2 264/54/2
f 257/54/3 258/54/3 262/54/3 261/54/3
f 260/54/4 264/54/4 263/54/4 259/54/4
f 257/54/5 261/54/5 264/54/5 260/54/5
f 258/54/6 259/54/6 263/54/6 262/54/6
f 265/54/1 268/54/1 267/54/1 266/54/1
f 269/54/2 270/54/2 271/54/2 272/54/2
f 265/54/3 266/54/3 270/54/3 269/54/3
f 268/54/4 272/54/4 271/54/4 267/54/4
f 265/54/5 269/54/5 272/54/5 268/54/5
f 266/54/6 267/54/6 271/54/6 270/54/6
f 273/54/1 276/54/1 275/54/1 274/54/1
f 277/54/2 278/54/2 279/54/2 280/54/2
f 273/54/3 274/54/3 278/54/3 277/54/3
f 276/54/4 280/54/4 279/54/4 275/54/4
f 273/54/5 277/54/5 280/54/5 276/54/5
f 274/54/6 275/54/6 279/54/6 278/54/6
f 281/54/1 284/54/1 283/54/1 282/54/1
f 285/54/2 286/54/2 287/54/2 288/54/2
f 281/54/3 282/54/3 286/54/3 285/54/3
f 284/54/4 288/54/4 287/54/4 283/54/4
f 281/54/5 285/54/5 288/54/5 284/54/5
f 282/54/6 283/54/6 287/54/6 286/54/6
f 289/54/1 292/54/1 291/54/1 290/54/1
f 293/54/2 294/54/2 295/54/2 296/54/2
f 289/54/3 290/54/3 294/54/3 293/54/3
f 292/54/4 296/54/4 295/54/4 291/54/4
f 289/54/5 293/54/5 296/54/5 292/54/5
f 290/54/6 291/54/6 295/54/6 294/54/6
f 297/54/1 300/54/1 299/54/1 298/54/1
f 301/54/2 302/54/2 303/54/2 304/54/2
f 297/54/3 298/54/3 302/54/3 301/54/3
f 300/54/4 304/54/4 303/54/4 299/54/4
f 297/54/5 301/54/5 304/54/5 300/54/5
f 298/54/6 299/54/6 303/54/6 302/54/6
f 305/39/1 308/39/1 307/39/1 306/39/1
f 309/39/2 310/39/2 311/39/2 312/39/2
f 305/39/3 306/39/3 310/39/3 309/39/3
f 308/39/4 312/39/4 311/39/4 307/39/4
f 305/39/5 309/39/5 312/39/5 308/39/5
f 306/39/6 307/39/6 311/39/6 310/39/6
f 313/54/1 316/54/1 315/54/1 314/54/1
f 317/54/2 318/54/2 319/54/2 320/54/2
f 313/54/3 314/54/3 318/54/3 317/54/3
f 316/54/4 320/54/4 319/54/4 315/54/4
f 313/54/5 317/54/5 320/54/5 316/54/5
f 314/54/6 315/54/6 319/54/6 318/54/6
f 321/45/1 324/45/1 323/45/1 322/45/1
f 325/45/2 326/45/2 327/45/2 328/45/2
f 321/45/3 322/45/3 326/45/3 325/45/3
f 324/45/4 328/45/4 327/45/4 323/45/4
f 321/45/5 325/45/5 328/45/5 324/45/5
f 322/45/6 323/45/6 327/45/6 326/45/6
f 329/54/1 332/54/1 331/54/1 330/54/1
f 333/54/2 334/54/2 335/54/2 336/54/2
f 329/54/3 330/54/3 334/54/3 333/54/3
f 332/54/4 336/54/4 335/54/4 331/54/4
f 329/54/5 333/54/5 336/54/5 332/54/5
f 330/54/6 331/54/6 335/54/6 334/54/6
f 337/54/1 340/54/1 339/54/1 338/54/1
f 341/54/2 342/54/2 343/54/2 344/54/2
f 337/54/3 338/54/3 342/54/3 341/54/3
f 340/54/4 344/54/4 343/54/4 339/54/4
f 337/54/5 341/54/5 344/54/5 340/54/5
f 338/54/6 339/54/6 343/54/6 342/54/6
f 345/45/1 348/45/1 347/45/1 346/45/1
f 349/45/2 350/45/2 351/45/2 352/45/2
f 345/45/3 346/45/3 350/45/3 349/45/3
f 348/45/4 352/45/4 351/45/4 347/45/4
f 345/45/5 349/45/5 352/45/5 348/45/5
f 346/45/6 347/45/6 351/45/6 350/45/6
f 353/54/1 356/54/1 355/54/1 354/54/1
f 357/54/2 358/54/2 359/54/2 360/54/2
f 353/54/3 354/54/3 358/54/3 357/54/3
f 356/54/4 360/54/4 359/54/4 355/54/4
f 353/54/5 357/54/5 360/54/5 356/54/5
f 354/54/6 355/54/6 359/54/6 358/54/6
f 361/45/1 364/45/1 363/45/1 362/45/1
f 365/45/2 366/45/2 367/45/2 368/45/2
f 361/45/3 362/45/3 366/45/3 365/45/3
f 364/45/4 368/45/4 367/45/4 363/45/4
f 361/45/5 365/45/5 368/45/5 364/45/5
f 362/45/6 363/45/6 367/45/6 366/45/6
f 369/54/1 372/54/1 371/54/1 370/54/1
f 373/54/2 374/54/2 375/54/2 376/54/2
f 369/54/3 370/54/3 374/54/3 373/54/3
f 372/54/4 376/54/4 375/54/4 371/54/4
f 369/54/5 373/54/5 376/54/5 372/54/5
f 370/54/6 371/54/6 375/54/6 374/54/6
f 377/54/1 380/54/1 379/54/1 378/54/1
f 381/54/2 382/54/2 383/54/2 384/54/2
f 377/54/3 378/54/3 382/54/3 381/54/3
f 380/54/4 384/54/4 383/54/4 379/54/4
f 377/54/5 381/54/5 384/54/5 380/54/5
f 378/54/6 379/54/6 383/54/6 382/54/6
f 385/54/1 388/54/1 387/54/1 386/54/1
f 389/54/2 390/54/2 391/54/2 392/54/2
f 385/54/3 386/54/3 390/54/3 389/54/3
f 388/54/4 392/54/4 391/54/4 387/54/4
f 385/54/5 389/54/5 392/54/5 388/54/5
f 386/54/6 387/54/6 391/54/6 390/54/6
f 393/54/1 396/54/1 395/54/1 394/54/1
f 397/54/2 398/54/2 399/54/2 400/54/2
f 393/54/3 394/54/3 398/54/3 397/54/3
f 396/54/4 400/54/4 399/54/4 395/54/4
f 393/54/5 397/54/5 400/54/5 396/54/5
f 394/54/6 395/54/6 399/54/6 398/54/6
f 401/54/1 404/54/1 403/54/1 402/54/1
f 405/54/2 406/54/2 407/54/2 408/54/2
f 401/54/3 402/54/3 406/54/3 405/54/3
f 404/54/4 408/54/4 407/54/4 403/54/4
f 401/54/5 405/54/5 408/54/5 404/54/5
f 402/54/6 403/54/6 407/54/6 406/54/6
f 409/54/1 412/54/1 411/54/1 410/54/1
f 413/54/2 414/54/2 415/54/2 416/54/2
f 409/54/3 410/54/3 414/54/3 413/54/3
f 412/54/4 416/54/4 415/54/4 411/54/4
f 409/54/5 413/54/5 416/54/5 412/54/5
f 410/54/6 411/54/6 415/54/6 414/54/6
f 417/54/1 420/54/1 419/54/1 418/54/1
f 421/54/2 422/54/2 423/54/2 424/54/2
f 417/54/3 418/54/3 422/54/3 421/54/3
f 420/54/4 424/54/4 423/54/4 419/54/4
f 417/54/5 421/54/5 424/54/5 420/54/5
f 418/54/6 419/54/6 423/54/6 422/54/6
f 425/39/1 428/39/1 427/39/1 426/39/1
f 429/39/2 430/39/2 431/39/2 432/39/2
f 425/39/3 426/39/3 430/39/3 429/39/3
f 428/39/4 432/39/4 431/39/4 427/39/4
f 425/39/5 429/39/5 432/39/5 428/39/5
f 426/39/6 427/39/6 431/39/6 430/39/6
f 433/52/1 436/52/1 435/52/1 434/52/1
f 437/52/2 438/52/2 439/52/2 440/52/2
f 433/52/3 434/52/3 438/52/3 437/52/3
f 436/52/4 440/52/4 439/52/4 435/52/4
f 433/52/5 437/52/5 440/52/5 436/52/5
f 434/52/6 435/52/6 439/52/6 438/52/6
f 441/52/1 444/52/1 443/52/1 442/52/1
f 445/52/2 446/52/2 447/52/2 448/52/2
f 441/52/3 442/52/3 446/52/3 445/52/3
f 444/52/4 448/52/4 447/52/4 443/52/4
f 441/52/5 445/52/5 448/52/5 444/52/5
f 442/52/6 443/52/6 447/52/6 446/52/6
f 449/55/1 452/55/1 451/55/1 450/55/1
f 453/55/2 454/55/2 455/55/2 456/55/2
f 449/55/3 450/55/3 454/55/3 453/55/3
f 452/55/4 456/55/4 455/55/4 451/55/4
f 449/55/5 453/55/5 456/55/5 452/55/5
f 450/55/6 451/55/6 455/55/6 454/55/6
f 457/31/1 460/31/1 459/31/1 458/31/1
f 461/31/2 462/31/2 463/31/2 464/31/2
f 457/31/3 458/31/3 462/31/3 461/31/3
f 460/31/4 464/31/4 463/31/4 459/31/4
f 457/31/5 461/31/5 464/31/5 460/31/5
f 458/31/6 459/31/6 463/31/6 462/31/6
f 465/55/1 468/55/1 467/55/1 466/55/1
f 469/55/2 470/55/2 471/55/2 472/55/2
f 465/55/3 466/55/3 470/55/3 469/55/3
f 468/55/4 472/55/4 471/55/4 467/55/4
f 465/55/5 469/55/5 472/55/5 468/55/5
f 466/55/6 467/55/6 471/55/6 470/55/6
f 473/31/1 476/31/1 475/31/1 474/31/1
f 477/31/2 478/31/2 479/31/2 480/31/2
f 473/31/3 474/31/3 478/31/3 477/31/3
f 476/31/4 480/31/4 479/31/4 475/31/4
f 473/31/5 477/31/5 480/31/5 476/31/5
f 474/31/6 475/31/6 479/31/6 478/31/6
f 481/52/1 484/52/1 483/52/1 482/52/1
f 485/52/2 486/52/2 487/52/2 488/52/2
f 481/52/3 482/52/3 486/52/3 485/52/3
f 484/52/4 488/52/4 487/52/4 483/52/4
f 481/52/5 485/52/5 488/52/5 484/52/5
f 482/52/6 483/52/6 487/52/6 486/52/6
f 489/31/1 492/31/1 491/31/1 490/31/1
f 493/31/2 494/31/2 495/31/2 496/31/2
f 489/31/3 490/31/3 494/31/3 493/31/3
f 492/31/4 496/31/4 495/31/4 491/31/4
f 489/31/5 493/31/5 496/31/5 492/31/5
f 490/31/6 491/31/6 495/31/6 494/31/6
f 497/55/1 500/55/1 499/55/1 498/55/1
f 501/55/2 502/55/2 503/55/2 504/55/2
f 497/55/3 498/55/3 502/55/3 501/55/3
f 500/55/4 504/55/4 503/55/4 499/55/4
f 497/55/5 501/55/5 504/55/5 500/55/5
f 498/55/6 499/55/6 503/55/6 502/55/6
f 505/31/1 508/31/1 507/31/1 506/31/1
f 509/31/2 510/31/2 511/31/2 512/31/2
f 505/31/3 506/31/3 510/31/3 509/31/3
f 508/31/4 512/31/4 511/31/4 507/31/4
f 505/31/5 509/31/5 512/31/5 508/31/5
f 506/31/6 507/31/6 511/31/6 510/31/6
f 513/55/1 516/55/1 515/55/1 514/55/1
f 517/55/2 518/55/2 519/55/2 520/55/2
f 513/55/3 514/55/3 518/55/3 517/55/3
f 516/55/4 520/55/4 519/55/4 515/55/4
f 513/55/5 517/55/5 520/55/5 516/55/5
f 514/55/6 515/55/6 519/55/6 518/55/6
f 521/31/1 524/31/1 523/31/1 522/31/1
f 525/31/2 526/31/2 527/31/2 528/31/2
f 521/31/3 522/31/3 526/31/3 525/31/3
f 524/31/4 528/31/4 527/31/4 523/31/4
f 521/31/5 525/31/5 528/31/5 524/31/5
f 522/31/6 523/31/6 527/31/6 526/31/6
f 529/52/1 532/52/1 531/52/1 530/52/1
f 533/52/2 534/52/2 535/52/2 536/52/2
f 529/52/3 530/52/3 534/52/3 533/52/3
f 532/52/4 536/52/4 535/52/4 531/52/4
f 529/52/5 533/52/5 536/52/5 532/52/5
f 530/52/6 531/52/6 535/52/6 534/52/6
f 537/31/1 540/31/1 539/31/1 538/31/1
f 541/31/2 542/31/2 543/31/2 544/31/2
f 537/31/3 538/31/3 542/31/3 541/31/3
f 540/31/4 544/31/4 543/31/4 539/31/4
f 537/31/5 541/31/5 544/31/5 540/31/5
f 538/31/6 539/31/6 543/31/6 542/31/6
f 545/55/1 548/55/1 547/55/1 546/55/1
f 549/55/2 550/55/2 551/55/2 552/55/2
f 545/55/3 546/55/3 550/55/3 549/55/3
f 548/55/4 552/55/4 551/55/4 547/55/4
f 545/55/5 549/55/5 552/55/5 548/55/5
f 546/55/6 547/55/6 551/55/6 550/55/6
f 553/31/1 556/31/1 555/31/1 554/31/1
f 557/31/2 558/31/2 559/31/2 560/31/2
f 553/31/3 554/31/3 558/31/3 557/31/3
f 556/31/4 560/31/4 559/31/4 555/31/4
f 553/31/5 557/31/5 560/31/5 556/31/5
f 554/31/6 555/31/6 559/31/6 558/31/6
f 561/55/1 564/55/1 563/55/1 562/55/1
f 565/55/2 566/55/2 567/55/2 568/55/2
f 561/55/3 562/55/3 566/55/3 565/55/3
f 564/55/4 568/55/4 567/55/4 563/55/4
f 561/55/5 565/55/5 568/55/5 564/55/5
f 562/55/6 563/55/6 567/55/6 566/55/6
f 569/31/1 572/31/1 571/31/1 570/31/1
f 573/31/2 574/31/2 575/31/2 576/31/2
f 569/31/3 570/31/3 574/31/3 573/31/3
f 572/31/4 576/31/4 575/31/4 571/31/4
f 569/31/5 573/31/5 576/31/5 572/31/5
f 570/31/6 571/31/6 575/31/6 574/31/6
f 577/52/1 580/52/1 579/52/1 578/52/1
f 581/52/2 582/52/2 583/52/2 584/52/2
f 577/52/3 578/52/3 582/52/3 581/52/3
f 580/52/4 584/52/4 583/52/4 579/52/4
f 577/52/5 581/52/5 584/52/5 580/52/5
f 578/52/6 579/52/6 583/52/6 582/52/6
f 585/31/1 588/31/1 587/31/1 586/31/1
f 589/31/2 590/31/2 591/31/2 592/31/2
f 585/31/3 586/31/3 590/31/3 589/31/3
f 588/31/4 592/31/4 591/31/4 587/31/4
f 585/31/5 589/31/5 592/31/5 588/31/5
f 586/31/6 587/31/6 591/31/6 590/31/6
f 593/55/1 596/55/1 595/55/1 594/55/1
f 597/55/2 598/55/2 599/55/2 600/55/2
f 593/55/3 594/55/3 598/55/3 597/55/3
f 596/55/4 600/55/4 599/55/4 595/55/4
f 593/55/5 597/55/5 600/55/5 596/55/5
f 594/55/6 595/55/6 599/55/6 598/55/6
f 601/31/1 604/31/1 603/31/1 602/31/1
f 605/31/2 606/31/2 607/31/2 608/31/2
f 601/31/3 602/31/3 606/31/3 605/31/3
f 604/31/4 608/31/4 607/31/4 603/31/4
f 601/31/5 605/31/5 608/31/5 604/31/5
f 602/31/6 603/31/6 607/31/6 606/31/6
f 609/55/1 612/55/1 611/55/1 610/55/1
f 613/55/2 614/55/2 615/55/2 616/55/2
f 609/55/3 610/55/3 614/55/3 613/55/3
f 612/55/4 616/55/4 615/55/4 611/55/4
f 609/55/5 613/55/5 616/55/5 612/55/5
f 610/55/6 611/55/6 615/55/6 614/55/6
f 617/52/1 620/52/1 619/52/1 618/52/1
f 621/52/2 622/52/2 623/52/2 624/52/2
f 617/52/3 618/52/3 622/52/3 621/52/3
f 620/52/4 624/52/4 623/52/4 619/52/4
f 617/52/5 621/52/5 624/52/5 620/52/5
f 618/52/6 619/52/6 623/52/6 622/52/6
f 625/56/1 628/56/1 627/56/1 626/56/1
f 629/56/2 630/56/2 631/56/2 632/56/2
f 625/56/3 626/56/3 630/56/3 629/56/3
f 628/56/4 632/56/4 631/56/4 627/56/4
f 625/56/5 629/56/5 632/56/5 628/56/5
f 626/56/6 627/56/6 631/56/6 630/56/6
f 633/56/1 636/56/1 635/56/1 634/56/1
f 637/56/2 638/56/2 639/56/2 640/56/2
f 633/56/3 634/56/3 638/56/3 637/56/3
f 636/56/4 640/56/4 639/56/4 635/56/4
f 633/56/5 637/56/5 640/56/5 636/56/5
f 634/56/6 635/56/6 639/56/6 638/56/6
f 641/56/1 644/56/1 643/56/1 642/56/1
f 645/56/2 646/56/2 647/56/2 648/56/2
f 641/56/3 642/56/3 646/56/3 645/56/3
f 644/56/4 648/56/4 647/56/4 643/56/4
f 641/56/5 645/56/5 648/56/5 644/56/5
f 642/56/6 643/56/6 647/56/6 646/56/6
f 649/56/1 652/56/1 651/56/1 650/56/1
f 653/56/2 654/56/2 655/56/2 656/56/2
f 649/56/3 650/56/3 654/56/3 653/56/3
f 652/56/4 656/56/4 655/56/4 651/56/4
f 649/56/5 653/56/5 656/56/5 652/56/5
f 650/56/6 651/56/6 655/56/6 654/56/6
f 657/56/1 660/56/1 659/56/1 658/56/1
f 661/56/2 662/56/2 663/56/2 664/56/2
f 657/56/3 658/56/3 662/56/3 661/56/3
f 660/56/4 664/56/4 663/56/4 659/56/4
f 657/56/5 661/56/5 664/56/5 660/56/5
f 658/56/6 659/56/6 663/56/6 662/56/6
f 665/56/1 668/56/1 667/56/1 666/56/1
f 669/56/2 670/56/2 671/56/2 672/56/2
f 665/56/3 666/56/3 670/56/3 669/56/3
f 668/56/4 672/56/4 671/56/4 667/56/4
f 665/56/5 669/56/5 672/56/5 668/56/5
f 666/56/6 667/56/6 671/56/6 670/56/6
f 673/39/1 676/39/1 675/39/1 674/39/1
f 677/39/2 678/39/2 679/39/2 680/39/2
f 673/39/3 674/39/3 678/39/3 677/39/3
f 676/39/4 680/39/4 679/39/4 675/39/4
f 673/39/5 677/39/5 680/39/5 676/39/5
f 674/39/6 675/39/6 679/39/6 678/39/6
f 681/39/1 684/39/1 683/39/1 682/39/1
f 685/39/2 686/39/2 687/39/2 688/39/2
f 681/39/3 682/39/3 686/39/3 685/39/3
f 684/39/4 688/39/4 687/39/4 683/39/4
f 681/39/5 685/39/5 688/39/5 684/39/5
f 682/39/6 683/39/6 687/39/6 686/39/6
f 689/52/1 692/52/1 691/52/1 690/52/1
f 693/52/2 694/52/2 695/52/2 696/52/2
f 689/52/3 690/52/3 694/52/3 693/52/3
f 692/52/4 696/52/4 695/52/4 691/52/4
f 689/52/5 693/52/5 696/52/5 692/52/5
f 690/52/6 691/52/6 695/52/6 694/52/6
f 697/52/1 700/52/1 699/52/1 698/52/1
f 701/52/2 702/52/2 703/52/2 704/52/2
f 697/52/3 698/52/3 702/52/3 701/52/3
f 700/52/4 704/52/4 703/52/4 699/52/4
f 697/52/5 701/52/5 704/52/5 700/52/5
f 698/52/6 699/52/6 703/52/6 702/52/6
f 705/52/1 708/52/1 707/52/1 706/52/1
f 709/52/2 710/52/2 711/52/2 712/52/2
f 705/52/3 706/52/3 710/52/3 709/52/3
f 708/52/4 712/52/4 711/52/4 707/52/4
f 705/52/5 709/52/5 712/52/5 708/52/5
f 706/52/6 707/52/6 711/52/6 710/52/6
f 713/52/1 716/52/1 715/52/1 714/52/1
f 717/52/2 718/52/2 719/52/2 720/52/2
f 713/52/3 714/52/3 718/52/3 717/52/3
f 716/52/4 720/52/4 719/52/4 715/52/4
f 713/52/5 717/52/5 720/52/5 716/52/5
f 714/52/6 715/52/6 719/52/6 718/52/6
f 721/52/1 724/52/1 723/52/1 722/52/1
f 725/52/2 726/52/2 727/52/2 728/52/2
f 721/52/3 722/52/3 726/52/3 725/52/3
f 724/52/4 728/52/4 727/52/4 723/52/4
f 721/52/5 725/52/5 728/52/5 724/52/5
f 722/52/6 723/52/6 727/52/6 726/52/6
f 729/52/1 732/52/1 731/52/1 730/52/1
f 733/52/2 734/52/2 735/52/2 736/52/2
f 729/52/3 730/52/3 734/52/3 733/52/3
f 732/52/4 736/52/4 735/52/4 731/52/4
f 729/52/5 733/52/5 736/52/5 732/52/5
f 730/52/6 731/52/6 735/52/6 734/52/6
f 737/52/1 740/52/1 739/52/1 738/52/1
f 741/52/2 742/52/2 743/52/2 744/52/2
f 737/52/3 738/52/3 742/52/3 741/52/3
f 740/52/4 744/52/4 743/52/4 739/52/4
f 737/52/5 741/52/5 744/52/5 740/52/5
f 738/52/6 739/52/6 743/52/6 742/52/6
f 745/52/1 748/52/1 747/52/1 746/52/1
f 749/52/2 750/52/2 751/52/2 752/52/2
f 745/52/3 746/52/3 750/52/3 749/52/3
f 748/52/4 752/52/4 751/52/4 747/52/4
f 745/52/5 749/52/5 752/52/5 748/52/5
f 746/52/6 747/52/6 751/52/6 750/52/6
f 753/52/1 756/52/1 755/52/1 754/52/1
f 757/52/2 758/52/2 759/52/2 760/52/2
f 753/52/3 754/52/3 758/52/3 757/52/3
f 756/52/4 760/52/4 759/52/4 755/52/4
f 753/52/5 757/52/5 760/52/5 756/52/5
f 754/52/6 755/52/6 759/52/6 758/52/6
f 761/52/1 764/52/1 763/52/1 762/52/1
f 765/52/2 766/52/2 767/52/2 768/52/2
f 761/52/3 762/52/3 766/52/3 765/52/3
f 764/52/4 768/52/4 767/52/4 763/52/4
f 761/52/5 765/52/5 768/52/5 764/52/5
f 762/52/6 763/52/6 767/52/6 766/52/6
f 769/52/1 772/52/1 771/52/1 770/52/1
f 773/52/2 774/52/2 775/52/2 776/52/2
f 769/52/3 770/52/3 774/52/3 773/52/3
f 772/52/4 776/52/4 775/52/4 771/52/4
f 769/52/5 773/52/5 776/52/5 772/52/5
f 770/52/6 771/52/6 775/52/6 774/52/6
f 777/52/1 780/52/1 779/52/1 778/52/1
f 781/52/2 782/52/2 783/52/2 784/52/2
f 777/52/3 778/52/3 782/52/3 781/52/3
f 780/52/4 784/52/4 783/52/4 779/52/4
f 777/52/5 781/52/5 784/52/5 780/52/5
f 778/52/6 779/52/6 783/52/6 782/52/6
f 785/52/1 788/52/1 787/52/1 786/52/1
f 789/52/2 790/52/2 791/52/2 792/52/2
f 785/52/3 786/52/3 790/52/3 789/52/3
f 788/52/4 792/52/4 791/52/4 787/52/4
f 785/52/5 789/52/5 792/52/5 788/52/5
f 786/52/6 787/52/6 791/52/6 790/52/6
f 793/52/1 796/52/1 795/52/1 794/52/1
f 797/52/2 798/52/2 799/52/2 800/52/2
f 793/52/3 794/52/3 798/52/3 797/52/3
f 796/52/4 800/52/4 799/52/4 795/52/4
f 793/52/5 797/52/5 800/52/5 796/52/5
f 794/52/6 795/52/6 799/52/6 798/52/6
f 801/52/1 804/52/1 803/52/1 802/52/1
f 805/52/2 806/52/2 807/52/2 808/52/2
f 801/52/3 802/52/3 806/52/3 805/52/3
f 804/52/4 808/52/4 807/52/4 803/52/4
f 801/52/5 805/52/5 808/52/5 804/52/5
f 802/52/6 803/52/6 807/52/6 806/52/6
f 809/52/1 812/52/1 811/52/1 810/52/1
f 813/52/2 814/52/2 815/52/2 816/52/2
f 809/52/3 810/52/3 814/52/3 813/52/3
f 812/52/4 816/52/4 815/52/4 811/52/4
f 809/52/5 813/52/5 816/52/5 812/52/5
f 810/52/6 811/52/6 815/52/6 814/52/6
f 817/52/1 820/52/1 819/52/1 818/52/1
f 821/52/2 822/52/2 823/52/2 824/52/2
f 817/52/3 818/52/3 822/52/3 821/52/3
f 820/52/4 824/52/4 823/52/4 819/52/4
f 817/52/5 821/52/5 824/52/5 820/52/5
f 818/52/6 819/52/6 823/52/6 822/52/6
f 825/52/1 828/52/1 827/52/1 826/52/1
f 829/52/2 830/52/2 831/52/2 832/52/2
f 825/52/3 826/52/3 830/52/3 829/52/3
f 828/52/4 832/52/4 831/52/4 827/52/4
f 825/52/5 829/52/5 832/52/5 828/52/5
f 826/52/6 827/52/6 831/52/6 830/52/6
f 833/52/1 836/52/1 835/52/1 834/52/1
f 837/52/2 838/52/2 839/52/2 840/52/2
f 833/52/3 834/52/3 838/52/3 837/52/3
f 836/52/4 840/52/4 839/52/4 835/52/4
f 833/52/5 837/52/5 840/52/5 836/52/5
f 834/52/6 835/52/6 839/52/6 838/52/6
f 841/52/1 844/52/1 843/52/1 842/52/1
f 845/52/2 846/52/2 847/52/2 848/52/2
f 841/52/3 842/52/3 846/52/3 845/52/3
f 844/52/4 848/52/4 847/52/4 843/52/4
f 841/52/5 845/52/5 848/52/5 844/52/5
f 842/52/6 843/52/6 847/52/6 846/52/6
f 849/52/1 852/52/1 851/52/1 850/52/1
f 853/52/2 854/52/2 855/52/2 856/52/2
f 849/52/3 850/52/3 854/52/3 853/52/3
f 852/52/4 856/52/4 855/52/4 851/52/4
f 849/52/5 853/52/5 856/52/5 852/52/5
f 850/52/6 851/52/6 855/52/6 854/52/6
f 857/52/1 860/52/1 859/52/1 858/52/1
f 861/52/2 862/52/2 863/52/2 864/52/2
f 857/52/3 858/52/3 862/52/3 861/52/3
f 860/52/4 864/52/4 863/52/4 859/52/4
f 857/52/5 861/52/5 864/52/5 860/52/5
f 858/52/6 859/52/6 863/52/6 862/52/6
f 865/52/1 868/52/1 867/52/1 866/52/1
f 869/52/2 870/52/2 871/52/2 872/52/2
f 865/52/3 866/52/3 870/52/3 869/52/3
f 868/52/4 872/52/4 871/52/4 867/52/4
f 865/52/5 869/52/5 872/52/5 868/52/5
f 866/52/6 867/52/6 871/52/6 870/52/6
f 873/52/1 876/52/1 875/52/1 874/52/1
f 877/52/2 878/52/2 879/52/2 880/52/2
f 873/52/3 874/52/3 878/52/3 877/52/3
f 876/52/4 880/52/4 879/52/4 875/52/4
f 873/52/5 877/52/5 880/52/5 876/52/5
f 874/52/6 875/52/6 879/52/6 878/52/6
f 881/52/1 884/52/1 883/52/1 882/52/1
f 885/52/2 886/52/2 887/52/2 888/52/2
f 881/52/3 882/52/3 886/52/3 885/52/3
f 884/52/4 888/52/4 887/52/4 883/52/4
f 881/52/5 885/52/5 888/52/5 884/52/5
f 882/52/6 883/52/6 887/52/6 886/52/6
f 889/52/1 892/52/1 891/52/1 890/52/1
f 893/52/2 894/52/2 895/52/2 896/52/2
f 889/52/3 890/52/3 894/52/3 893/52/3
f 892/52/4 896/52/4 895/52/4 891/52/4
f 889/52/5 893/52/5 896/52/5 892/52/5
f 890/52/6 891/52/6 895/52/6 894/52/6
f 897/52/1 900/52/1 899/52/1 898/52/1
f 901/52/2 902/52/2 903/52/2 904/52/2
f 897/52/3 898/52/3 902/52/3 901/52/3
f 900/52/4 904/52/4 903/52/4 899/52/4
f 897/52/5 901/52/5 904/52/5 900/52/5
f 898/52/6 899/52/6 903/52/6 902/52/6
f 905/52/1 908/52/1 907/52/1 906/52/1
f 909/52/2 910/52/2 911/52/2 912/52/2
f 905/52/3 906/52/3 910/52/3 909/52/3
f 908/52/4 912/52/4 911/52/4 907/52/4
f 905/52/5 909/52/5 912/52/5 908/52/5
f 906/52/6 907/52/6 911/52/6 910/52/6
f 913/52/1 916/52/1 915/52/1 914/52/1
f 917/52/2 918/52/2 919/52/2 920/52/2
f 913/52/3 914/52/3 918/52/3 917/52/3
f 916/52/4 920/52/4 919/52/4 915/52/4
f 913/52/5 917/52/5 920/52/5 916/52/5
f 914/52/6 915/52/6 919/52/6 918/52/6
f 921/52/1 924/52/1 923/52/1 922/52/1
f 925/52/2 926/52/2 927/52/2 928/52/2
f 921/52/3 922/52/3 926/52/3 925/52/3
f 924/52/4 928/52/4 927/52/4 923/52/4
f 921/52/5 925/52/5 928/52/5 924/52/5
f 922/52/6 923/52/6 927/52/6 926/52/6
f 929/52/1 932/52/1 931/52/1 930/52/1
f 933/52/2 934/52/2 935/52/2 936/52/2
f 929/52/3 930/52/3 934/52/3 933/52/3
f 932/52/4 936/52/4 935/52/4 931/52/4
f 929/52/5 933/52/5 936/52/5 932/52/5
f 930/52/6 931/52/6 935/52/6 934/52/6
f 937/52/1 940/52/1 939/52/1 938/52/1
f 941/52/2 942/52/2 943/52/2 944/52/2
f 937/52/3 938/52/3 942/52/3 941/52/3
f 940/52/4 944/52/4 943/52/4 939/52/4
f 937/52/5 941/52/5 944/52/5 940/52/5
f 938/52/6 939/52/6 943/52/6 942/52/6
f 945/52/1 948/52/1 947/52/1 946/52/1
f 949/52/2 950/52/2 951/52/2 952/52/2
f 945/52/3 946/52/3 950/52/3 949/52/3
f 948/52/4 952/52/4 951/52/4 947/52/4
f 945/52/5 949/52/5 952/52/5 948/52/5
f 946/52/6 947/52/6 951/52/6 950/52/6
f 953/52/1 956/52/1 955/52/1 954/52/1
f 957/52/2 958/52/2 959/52/2 960/52/2
f 953/52/3 954/52/3 958/52/3 957/52/3
f 956/52/4 960/52/4 959/52/4 955/52/4
f 953/52/5 957/52/5 960/52/5 956/52/5
f 954/52/6 955/52/6 959/52/6 958/52/6
f 961/52/1 964/52/1 963/52/1 962/52/1
f 965/52/2 966/52/2 967/52/2 968/52/2
f 961/52/3 962/52/3 966/52/3 965/52/3
f 964/52/4 968/52/4 967/52/4 963/52/4
f 961/52/5 965/52/5 968/52/5 964/52/5
f 962/52/6 963/52/6 967/52/6 966/52/6
f 969/52/1 972/52/1 971/52/1 970/52/1
f 973/52/2 974/52/2 975/52/2 976/52/2
f 969/52/3 970/52/3 974/52/3 973/52/3
f 972/52/4 976/52/4 975/52/4 971/52/4
f 969/52/5 973/52/5 976/52/5 972/52/5
f 970/52/6 971/52/6 975/52/6 974/52/6
f 977/56/1 980/56/1 979/56/1 978/56/1
f 981/56/2 982/56/2 983/56/2 984/56/2
f 977/56/3 978/56/3 982/56/3 981/56/3
f 980/56/4 984/56/4 983/56/4 979/56/4
f 977/56/5 981/56/5 984/56/5 980/56/5
f 978/56/6 979/56/6 983/56/6 982/56/6
f 985/56/1 988/56/1 987/56/1 986/56/1
f 989/56/2 990/56/2 991/56/2 992/56/2
f 985/56/3 986/56/3 990/56/3 989/56/3
f 988/56/4 992/56/4 991/56/4 987/56/4
f 985/56/5 989/56/5 992/56/5 988/56/5
f 986/56/6 987/56/6 991/56/6 990/56/6
f 993/56/1 996/56/1 995/56/1 994/56/1
f 997/56/2 998/56/2 999/56/2 1000/56/2
f 993/56/3 994/56/3 998/56/3 997/56/3
f 996/56/4 1000/56/4 999/56/4 995/56/4
f 993/56/5 997/56/5 1000/56/5 996/56/5
f 994/56/6 995/56/6 999/56/6 998/56/6
f 1001/56/1 1004/56/1 1003/56/1 1002/56/1
f 1005/56/2 1006/56/2 1007/56/2 1008/56/2
f 1001/56/3 1002/56/3 1006/56/3 1005/56/3
f 1004/56/4 1008/56/4 1007/56/4 1003/56/4
f 1001/56/5 1005/56/5 1008/56/5 1004/56/5
f 1002/56/6 1003/56/6 1007/56/6 1006/56/6
f 1009/56/1 1012/56/1 1011/56/1 1010/56/1
f 1013/56/2 1014/56/2 1015/56/2 1016/56/2
f 1009/56/3 1010/56/3 1014/56/3 1013/56/3
f 1012/56/4 1016/56/4 1015/56/4 1011/56/4
f 1009/56/5 1013/56/5 1016/56/5 1012/56/5
f 1010/56/6 1011/56/6 1015/56/6 1014/56/6
f 1017/56/1 1020/56/1 1019/56/1 1018/56/1
f 1021/56/2 1022/56/2 1023/56/2 1024/56/2
f 1017/56/3 1018/56/3 1022/56/3 1021/56/3
f 1020/56/4 1024/56/4 1023/56/4 1019/56/4
f 1017/56/5 1021/56/5 1024/56/5 1020/56/5
f 1018/56/6 1019/56/6 1023/56/6 1022/56/6
f 1025/56/1 1028/56/1 1027/56/1 1026/56/1
f 1029/56/2 1030/56/2 1031/56/2 1032/56/2
f 1025/56/3 1026/56/3 1030/56/3 1029/56/3
f 1028/56/4 1032/56/4 1031/56/4 1027/56/4
f 1025/56/5 1029/56/5 1032/56/5 1028/56/5
f 1026/56/6 1027/56/6 1031/56/6 1030/56/6
f 1033/56/1 1036/56/1 1035/56/1 1034/56/1
f 1037/56/2 1038/56/2 1039/56/2 1040/56/2
f 1033/56/3 1034/56/3 1038/56/3 1037/56/3
f 1036/56/4 1040/56/4 1039/56/4 1035/56/4
f 1033/56/5 1037/56/5 1040/56/5 1036/56/5
f 1034/56/6 1035/56/6 1039/56/6 1038/56/6
f 1041/56/1 1044/56/1 1043/56/1 1042/56/1
f 1045/56/2 1046/56/2 1047/56/2 1048/56/2
f 1041/56/3 1042/56/3 1046/56/3 1045/56/3
f 1044/56/4 1048/56/4 1047/56/4 1043/56/4
f 1041/56/5 1045/56/5 1048/56/5 1044/56/5
f 1042/56/6 1043/56/6 1047/56/6 1046/56/6
f 1049/56/1 1052/56/1 1051/56/1 1050/56/1
f 1053/56/2 1054/56/2 1055/56/2 1056/56/2
f 1049/56/3 1050/56/3 1054/56/3 1053/56/3
f 1052/56/4 1056/56/4 1055/56/4 1051/56/4
f 1049/56/5 1053/56/5 1056/56/5 1052/56/5
f 1050/56/6 1051/56/6 1055/56/6 1054/56/6
f 1057/56/1 1060/56/1 1059/56/1 1058/56/1
f 1061/56/2 1062/56/2 1063/56/2 1064/56/2
f 1057/56/3 1058/56/3 1062/56/3 1061/56/3
f 1060/56/4 1064/56/4 1063/56/4 1059/56/4
f 1057/56/5 1061/56/5 1064/56/5 1060/56/5
f 1058/56/6 1059/56/6 1063/56/6 1062/56/6
f 1065/56/1 1068/56/1 1067/56/1 1066/56/1
f 1069/56/2 1070/56/2 1071/56/2 1072/56/2
f 1065/56/3 1066/56/3 1070/56/3 1069/56/3
f 1068/56/4 1072/56/4 1071/56/4 1067/56/4
f 1065/56/5 1069/56/5 1072/56/5 1068/56/5
f 1066/56/6 1067/56/6 1071/56/6 1070/56/6
f 1073/56/1 1076/56/1 1075/56/1 1074/56/1
f 1077/56/2 1078/56/2 1079/56/2 1080/56/2
f 1073/56/3 1074/56/3 1078/56/3 1077/56/3
f 1076/56/4 1080/56/4 1079/56/4 1075/56/4
f 1073/56/5 1077/56/5 1080/56/5 1076/56/5
f 1074/56/6 1075/56/6 1079/56/6 1078/56/6
f 1081/56/1 1084/56/1 1083/56/1 1082/56/1
f 1085/56/2 1086/56/2 1087/56/2 1088/56/2
f 1081/56/3 1082/56/3 1086/56/3 1085/56/3
f 1084/56/4 1088/56/4 1087/56/4 1083/56/4
f 1081/56/5 1085/56/5 1088/56/5 1084/56/5
f 1082/56/6 1083/56/6 1087/56/6 1086/56/6
f 1089/56/1 1092/56/1 1091/56/1 1090/56/1
f 1093/56/2 1094/56/2 1095/56/2 1096/56/2
f 1089/56/3 1090/56/3 1094/56/3 1093/56/3
f 1092/56/4 1096/56/4 1095/56/4 1091/56/4
f 1089/56/5 1093/56/5 1096/56/5 1092/56/5
f 1090/56/6 1091/56/6 1095/56/6 1094/56/6
f 1097/56/1 1100/56/1 1099/56/1 1098/56/1
f 1101/56/2 1102/56/2 1103/56/2 1104/56/2
f 1097/56/3 1098/56/3 1102/56/3 1101/56/3
f 1100/56/4 1104/56/4 1103/56/4 1099/56/4
f 1097/56/5 1101/56/5 1104/56/5 1100/56/5
f 1098/56/6 1099/56/6 1103/56/6 1102/56/6
f 1105/56/1 1108/56/1 1107/56/1 1106/56/1
f 1109/56/2 1110/56/2 1111/56/2 1112/56/2
f 1105/56/3 1106/56/3 1110/56/3 1109/56/3
f 1108/56/4 1112/56/4 1111/56/4 1107/56/4
f 1105/56/5 1109/56/5 1112/56/5 1108/56/5
f 1106/56/6 1107/56/6 1111/56/6 1110/56/6
f 1113/56/1 1116/56/1 1115/56/1 1114/56/1
f 1117/56/2 1118/56/2 1119/56/2 1120/56/2
f 1113/56/3 1114/56/3 1118/56/3 1117/56/3
f 1116/56/4 1120/56/4 1119/56/4 1115/56/4
f 1113/56/5 1117/56/5 1120/56/5 1116/56/5
f 1114/56/6 1115/56/6 1119/56/6 1118/56/6
f 1121/57/1 1124/57/1 1123/57/1 1122/57/1
f 1125/57/2 1126/57/2 1127/57/2 1128/57/2
f 1121/57/3 1122/57/3 1126/57/3 1125/57/3
f 1124/57/4 1128/57/4 1127/57/4 1123/57/4
f 1121/57/5 1125/57/5 1128/57/5 1124/57/5
f 1122/57/6 1123/57/6 1127/57/6 1126/57/6
f 1129/57/1 1132/57/1 1131/57/1 1130/57/1
f 1133/57/2 1134/57/2 1135/57/2 1136/57/2
f 1129/57/3 1130/57/3 1134/57/3 1133/57/3
f 1132/57/4 1136/57/4 1135/57/4 1131/57/4
f 1129/57/5 1133/57/5 1136/57/5 1132/57/5
f 1130/57/6 1131/57/6 1135/57/6 1134/57/6
f 1137/57/1 1140/57/1 1139/57/1 1138/57/1
f 1141/57/2 1142/57/2 1143/57/2 1144/57/2
f 1137/57/3 1138/57/3 1142/57/3 1141/57/3
f 1140/57/4 1144/57/4 1143/57/4 1139/57/4
f 1137/57/5 1141/57/5 1144/57/5 1140/57/5
f 1138/57/6 1139/57/6 1143/57/6 1142/57/6
f 1145/57/1 1148/57/1 1147/57/1 1146/57/1
f 1149/57/2 1150/57/2 1151/57/2 1152/57/2
f 1145/57/3 1146/57/3 1150/57/3 1149/57/3
f 1148/57/4 1152/57/4 1151/57/4 1147/57/4
f 1145/57/5 1149/57/5 1152/57/5 1148/57/5
f 1146/57/6 1147/57/6 1151/57/6 1150/57/6
f 1153/57/1 1156/57/1 1155/57/1 1154/57/1
f 1157/57/2 1158/57/2 1159/57/2 1160/57/2
f 1153/57/3 1154/57/3 1158/57/3 1157/57/3
f 1156/57/4 1160/57/4 1159/57/4 1155/57/4
f 1153/57/5 1157/57/5 1160/57/5 1156/57/5
f 1154/57/6 1155/57/6 1159/57/6 1158/57/6
f 1161/57/1 1164/57/1 1163/57/1 1162/57/1
f 1165/57/2 1166/57/2 1167/57/2 1168/57/2
f 1161/57/3 1162/57/3 1166/57/3 1165/57/3
f 1164/57/4 1168/57/4 1167/57/4 1163/57/4
f 1161/57/5 1165/57/5 1168/57/5 1164/57/5
f 1162/57/6 1163/57/6 1167/57/6 1166/57/6
f 1169/57/1 1172/57/1 1171/57/1 1170/57/1
f 1173/57/2 1174/57/2 1175/57/2 1176/57/2
f 1169/57/3 1170/57/3 1174/57/3 1173/57/3
f 1172/57/4 1176/57/4 1175/57/4 1171/57/4
f 1169/57/5 1173/57/5 1176/57/5 1172/57/5
f 1170/57/6 1171/57/6 1175/57/6 1174/57/6
f 1177/57/1 1180/57/1 1179/57/1 1178/57/1
f 1181/57/2 1182/57/2 1183/57/2 1184/57/2
f 1177/57/3 1178/57/3 1182/57/3 1181/57/3
f 1180/57/4 1184/57/4 1183/57/4 1179/57/4
f 1177/57/5 1181/57/5 1184/57/5 1180/57/5
f 1178/57/6 1179/57/6 1183/57/6 1182/57/6
f 1185/57/1 1188/57/1 1187/57/1 1186/57/1
f 1189/57/2 1190/57/2 1191/57/2 1192/57/2
f 1185/57/3 1186/57/3 1190/57/3 1189/57/3
f 1188/57/4 1192/57/4 1191/57/4 1187/57/4
f 1185/57/5 1189/57/5 1192/57/5 1188/57/5
f 1186/57/6 1187/57/6 1191/57/6 1190/57/6
f 1193/57/1 1196/57/1 1195/57/1 1194/57/1
f 1197/57/2 1198/57/2 1199/57/2 1200/57/2
f 1193/57/3 1194/57/3 1198/57/3 1197/57/3
f 1196/57/4 1200/57/4 1199/57/4 1195/57/4
f 1193/57/5 1197/57/5 1200/57/5 1196/57/5
f 1194/57/6 1195/57/6 1199/57/6 1198/57/6
f 1201/57/1 1204/57/1 1203/57/1 1202/57/1
f 1205/57/2 1206/57/2 1207/57/2 1208/57/2
f 1201/57/3 1202/57/3 1206/57/3 1205/57/3
f 1204/57/4 1208/57/4 1207/57/4 1203/57/4
f 1201/57/5 1205/57/5 1208/57/5 1204/57/5
f 1202/57/6 1203/57/6 1207/57/6 1206/57/6
f 1209/57/1 1212/57/1 1211/57/1 1210/57/1
f 1213/57/2 1214/57/2 1215/57/2 1216/57/2
f 1209/57/3 1210/57/3 1214/57/3 1213/57/3
f 1212/57/4 1216/57/4 1215/57/4 1211/57/4
f 1209/57/5 1213/57/5 1216/57/5 1212/57/5
f 1210/57/6 1211/57/6 1215/57/6 1214/57/6
f 1217/57/1 1220/57/1 1219/57/1 1218/57/1
f 1221/57/2 1222/57/2 1223/57/2 1224/57/2
f 1217/57/3 1218/57/3 1222/57/3 1221/57/3
f 1220/57/4 1224/57/4 1223/57/4 1219/57/4
f 1217/57/5 1221/57/5 1224/57/5 1220/57/5
f 1218/57/6 1219/57/6 1223/57/6 1222/57/6
f 1225/57/1 1228/57/1 1227/57/1 1226/57/1
f 1229/57/2 1230/57/2 1231/57/2 1232/57/2
f 1225/57/3 1226/57/3 1230/57/3 1229/57/3
f 1228/57/4 1232/57/4 1231/57/4 1227/57/4
f 1225/57/5 1229/57/5 1232/57/5 1228/57/5
f 1226/57/6 1227/57/6 1231/57/6 1230/57/6
f 1233/57/1 1236/57/1 1235/57/1 1234/57/1
f 1237/57/2 1238/57/2 1239/57/2 1240/57/2
f 1233/57/3 1234/57/3 1238/57/3 1237/57/3
f 1236/57/4 1240/57/4 1239/57/4 1235/57/4
f 1233/57/5 1237/57/5 1240/57/5 1236/57/5
f 1234/57/6 1235/57/6 1239/57/6 1238/57/6
f 1241/57/1 1244/57/1 1243/57/1 1242/57/1
f 1245/57/2 1246/57/2 1247/57/2 1248/57/2
f 1241/57/3 1242/57/3 1246/57/3 1245/57/3
f 1244/57/4 1248/57/4 1247/57/4 1243/57/4
f 1241/57/5 1245/57/5 1248/57/5 1244/57/5
f 1242/57/6 1243/57/6 1247/57/6 1246/57/6
f 1249/57/1 1252/57/1 1251/57/1 1250/57/1
f 1253/57/2 1254/57/2 1255/57/2 1256/57/2
f 1249/57/3 1250/57/3 1254/57/3 1253/57/3
f 1252/57/4 1256/57/4 1255/57/4 1251/57/4
f 1249/57/5 1253/57/5 1256/57/5 1252/57/5
f 1250/57/6 1251/57/6 1255/57/6 1254/57/6
f 1257/57/1 1260/57/1 1259/57/1 1258/57/1
f 1261/57/2 1262/57/2 1263/57/2 1264/57/2
f 1257/57/3 1258/57/3 1262/57/3 1261/57/3
f 1260/57/4 1264/57/4 1263/57/4 1259/57/4
f 1257/57/5 1261/57/5 1264/57/5 1260/57/5
f 1258/57/6 1259/57/6 1263/57/6 1262/57/6
f 1265/57/1 1268/57/1 1267/57/1 1266/57/1
f 1269/57/2 1270/57/2 1271/57/2 1272/57/2
f 1265/57/3 1266/57/3 1270/57/3 1269/57/3
f 1268/57/4 1272/57/4 1271/57/4 1267/57/4
f 1265/57/5 1269/57/5 1272/57/5 1268/57/5
f 1266/57/6 1267/57/6 1271/57/6 1270/57/6
f 1273/57/1 1276/57/1 1275/57/1 1274/57/1
f 1277/57/2 1278/57/2 1279/57/2 1280/57/2
f 1273/57/3 1274/57/3 1278/57/3 1277/57/3
f 1276/57/4 1280/57/4 1279/57/4 1275/57/4
f 1273/57/5 1277/57/5 1280/57/5 1276/57/5
f 1274/57/6 1275/57/6 1279/57/6 1278/57/6
f 1281/57/1 1284/57/1 1283/57/1 1282/57/1
f 1285/57/2 1286/57/2 1287/57/2 1288/57/2
f 1281/57/3 1282/57/3 1286/57/3 1285/57/3
f 1284/57/4 1288/57/4 1287/57/4 1283/57/4
f 1281/57/5 1285/57/5 1288/57/5 1284/57/5
f 1282/57/6 1283/57/6 1287/57/6 1286/57/6
f 1289/57/1 1292/57/1 1291/57/1 1290/57/1
f 1293/57/2 1294/57/2 1295/57/2 1296/57/2
f 1289/57/3 1290/57/3 1294/57/3 1293/57/3
f 1292/57/4 1296/57/4 1295/57/4 1291/57/4
f 1289/57/5 1293/57/5 1296/57/5 1292/57/5
f 1290/57/6 1291/57/6 1295/57/6 1294/57/6
f 1297/59/1 1300/59/1 1299/59/1 1298/59/1
f 1301/59/2 1302/59/2 1303/59/2 1304/59/2
f 1297/59/3 1298/59/3 1302/59/3 1301/59/3
f 1300/59/4 1304/59/4 1303/59/4 1299/59/4
f 1297/59/5 1301/59/5 1304/59/5 1300/59/5
f 1298/59/6 1299/59/6 1303/59/6 1302/59/6
f 1305/59/1 1308/59/1 1307/59/1 1306/59/1
f 1309/59/2 1310/59/2 1311/59/2 1312/59/2
f 1305/59/3 1306/59/3 1310/59/3 1309/59/3
f 1308/59/4 1312/59/4 1311/59/4 1307/59/4
f 1305/59/5 1309/59/5 1312/59/5 1308/59/5
f 1306/59/6 1307/59/6 1311/59/6 1310/59/6
f 1313/59/1 1316/59/1 1315/59/1 1314/59/1
f 1317/59/2 1318/59/2 1319/59/2 1320/59/2
f 1313/59/3 1314/59/3 1318/59/3 1317/59/3
f 1316/59/4 1320/59/4 1319/59/4 1315/59/4
f 1313/59/5 1317/59/5 1320/59/5 1316/59/5
f 1314/59/6 1315/59/6 1319/59/6 1318/59/6
f 1321/59/1 1324/59/1 1323/59/1 1322/59/1
f 1325/59/2 1326/59/2 1327/59/2 1328/59/2
f 1321/59/3 1322/59/3 1326/59/3 1325/59/3
f 1324/59/4 1328/59/4 1327/59/4 1323/59/4
f 1321/59/5 1325/59/5 1328/59/5 1324/59/5
f 1322/59/6 1323/59/6 1327/59/6 1326/59/6
f 1329/59/1 1332/59/1 1331/59/1 1330/59/1
f 1333/59/2 1334/59/2 1335/59/2 1336/59/2
f 1329/59/3 1330/59/3 1334/59/3 1333/59/3
f 1332/59/4 1336/59/4 1335/59/4 1331/59/4
f 1329/59/5 1333/59/5 1336/59/5 1332/59/5
f 1330/59/6 1331/59/6 1335/59/6 1334/59/6
f 1337/59/1 1340/59/1 1339/59/1 1338/59/1
f 1341/59/2 1342/59/2 1343/59/2 1344/59/2
f 1337/59/3 1338/59/3 1342/59/3 1341/59/3
f 1340/59/4 1344/59/4 1343/59/4 1339/59/4
f 1337/59/5 1341/59/5 1344/59/5 1340/59/5
f 1338/59/6 1339/59/6 1343/59/6 1342/59/6
f 1345/59/1 1348/59/1 1347/59/1 1346/59/1
f 1349/59/2 1350/59/2 1351/59/2 1352/59/2
f 1345/59/3 1346/59/3 1350/59/3 1349/59/3
f 1348/59/4 1352/59/4 1351/59/4 1347/59/4
f 1345/59/5 1349/59/5 1352/59/5 1348/59/5
f 1346/59/6 1347/59/6 1351/59/6 1350/59/6
f 1353/59/1 1356/59/1 1355/59/1 1354/59/1
f 1357/59/2 1358/59/2 1359/59/2 1360/59/2
f 1353/59/3 1354/59/3 1358/59/3 1357/59/3
f 1356/59/4 1360/59/4 1359/59/4 1355/59/4
f 1353/59/5 1357/59/5 1360/59/5 1356/59/5
f 1354/59/6 1355/59/6 1359/59/6 1358/59/6
f 1361/59/1 1364/59/1 1363/59/1 1362/59/1
f 1365/59/2 1366/59/2 1367/59/2 1368/59/2
f 1361/59/3 1362/59/3 1366/59/3 1365/59/3
f 1364/59/4 1368/59/4 1367/59/4 1363/59/4
f 1361/59/5 1365/59/5 1368/59/5 1364/59/5
f 1362/59/6 1363/59/6 1367/59/6 1366/59/6
f 1369/59/1 1372/59/1 1371/59/1 1370/59/1
f 1373/59/2 1374/59/2 1375/59/2 1376/59/2
f 1369/59/3 1370/59/3 1374/59/3 1373/59/3
f 1372/59/4 1376/59/4 1375/59/4 1371/59/4
f 1369/59/5 1373/59/5 1376/59/5 1372/59/5
f 1370/59/6 1371/59/6 1375/59/6 1374/59/6
f 1377/59/1 1380/59/1 1379/59/1 1378/59/1
f 1381/59/2 1382/59/2 1383/59/2 1384/59/2
f 1377/59/3 1378/59/3 1382/59/3 1381/59/3
f 1380/59/4 1384/59/4 1383/59/4 1379/59/4
f 1377/59/5 1381/59/5 1384/59/5 1380/59/5
f 1378/59/6 1379/59/6 1383/59/6 1382/59/6
f 1385/59/1 1388/59/1 1387/59/1 1386/59/1
f 1389/59/2 1390/59/2 1391/59/2 1392/59/2
f 1385/59/3 1386/59/3 1390/59/3 1389/59/3
f 1388/59/4 1392/59/4 1391/59/4 1387/59/4
f 1385/59/5 1389/59/5 1392/59/5 1388/59/5
f 1386/59/6 1387/59/6 1391/59/6 1390/59/6
f 1393/59/1 1396/59/1 1395/59/1 1394/59/1
f 1397/59/2 1398/59/2 1399/59/2 1400/59/2
f 1393/59/3 1394/59/3 1398/59/3 1397/59/3
f 1396/59/4 1400/59/4 1399/59/4 1395/59/4
f 1393/59/5 1397/59/5 1400/59/5 1396/59/5
f 1394/59/6 1395/59/6 1399/59/6 1398/59/6
f 1401/59/1 1404/59/1 1403/59/1 1402/59/1
f 1405/59/2 1406/59/2 1407/59/2 1408/59/2
f 1401/59/3 1402/59/3 1406/59/3 1405/59/3
f 1404/59/4 1408/59/4 1407/59/4 1403/59/4
f 1401/59/5 1405/59/5 1408/59/5 1404/59/5
f 1402/59/6 1403/59/6 1407/59/6 1406/59/6
f 1409/59/1 1412/59/1 1411/59/1 1410/59/1
f 1413/59/2 1414/59/2 1415/59/2 1416/59/2
f 1409/59/3 1410/59/3 1414/59/3 1413/59/3
f 1412/59/4 1416/59/4 1415/59/4 1411/59/4
f 1409/59/5 1413/59/5 1416/59/5 1412/59/5
f 1410/59/6 1411/59/6 1415/59/6 1414/59/6
f 1417/59/1 1420/59/1 1419/59/1 1418/59/1
f 1421/59/2 1422/59/2 1423/59/2 1424/59/2
f 1417/59/3 1418/59/3 1422/59/3 1421/59/3
f 1420/59/4 1424/59/4 1423/59/4 1419/59/4
f 1417/59/5 1421/59/5 1424/59/5 1420/59/5
f 1418/59/6 1419/59/6 1423/59/6 1422/59/6
f 1425/59/1 1428/59/1 1427/59/1 1426/59/1
f 1429/59/2 1430/59/2 1431/59/2 1432/59/2
f 1425/59/3 1426/59/3 1430/59/3 1429/59/3
f 1428/59/4 1432/59/4 1431/59/4 1427/59/4
f 1425/59/5 1429/59/5 1432/59/5 1428/59/5
f 1426/59/6 1427/59/6 1431/59/6 1430/59/6
f 1433/59/1 1436/59/1 1435/59/1 1434/59/1
f 1437/59/2 1438/59/2 1439/59/2 1440/59/2
f 1433/59/3 1434/59/3 1438/59/3 1437/59/3
f 1436/59/4 1440/59/4 1439/59/4 1435/59/4
f 1433/59/5 1437/59/5 1440/59/5 1436/59/5
f 1434/59/6 1435/59/6 1439/59/6 1438/59/6
f 1441/59/1 1444/59/1 1443/59/1 1442/59/1
f 1445/59/2 1446/59/2 1447/59/2 1448/59/2
f 1441/59/3 1442/59/3 1446/59/3 1445/59/3
f 1444/59/4 1448/59/4 1447/59/4 1443/59/4
f 1441/59/5 1445/59/5 1448/59/5 1444/59/5
f 1442/59/6 1443/59/6 1447/59/6 1446/59/6
f 1449/59/1 1452/59/1 1451/59/1 1450/59/1
f 1453/59/2 1454/59/2 1455/59/2 1456/59/2
f 1449/59/3 1450/59/3 1454/59/3 1453/59/3
f 1452/59/4 1456/59/4 1455/59/4 1451/59/4
f 1449/59/5 1453/59/5 1456/59/5 1452/59/5
f 1450/59/6 1451/59/6 1455/59/6 1454/59/6
f 1457/59/1 1460/59/1 1459/59/1 1458/59/1
f 1461/59/2 1462/59/2 1463/59/2 1464/59/2
f 1457/59/3 1458/59/3 1462/59/3 1461/59/3
f 1460/59/4 1464/59/4 1463/59/4 1459/59/4
f 1457/59/5 1461/59/5 1464/59/5 1460/59/5
f 1458/59/6 1459/59/6 1463/59/6 1462/59/6
f 1465/59/1 1468/59/1 1467/59/1 1466/59/1
f 1469/59/2 1470/59/2 1471/59/2 1472/59/2
f 1465/59/3 1466/59/3 1470/59/3 1469/59/3
f 1468/59/4 1472/59/4 1471/59/4 1467/59/4
f 1465/59/5 1469/59/5 1472/59/5 1468/59/5
f 1466/59/6 1467/59/6 1471/59/6 1470/59/6
f 1473/61/1 1476/61/1 1475/61/1 1474/61/1
f 1477/61/2 1478/61/2 1479/61/2 1480/61/2
f 1473/61/3 1474/61/3 1478/61/3 1477/61/3
f 1476/61/4 1480/61/4 1479/61/4 1475/61/4
f 1473/61/5 1477/61/5 1480/61/5 1476/61/5
f 1474/61/6 1475/61/6 1479/61/6 1478/61/6
f 1481/61/1 1484/61/1 1483/61/1 1482/61/1
f 1485/61/2 1486/61/2 1487/61/2 1488/61/2
f 1481/61/3 1482/61/3 1486/61/3 1485/61/3
f 1484/61/4 1488/61/4 1487/61/4 1483/61/4
f 1481/61/5 1485/61/5 1488/61/5 1484/61/5
f 1482/61/6 1483/61/6 1487/61/6 1486/61/6
f 1489/61/1 1492/61/1 1491/61/1 1490/61/1
f 1493/61/2 1494/61/2 1495/61/2 1496/61/2
f 1489/61/3 1490/61/3 1494/61/3 1493/61/3
f 1492/61/4 1496/61/4 1495/61/4 1491/61/4
f 1489/61/5 1493/61/5 1496/61/5 1492/61/5
f 1490/61/6 1491/61/6 1495/61/6 1494/61/6
f 1497/61/1 1500/61/1 1499/61/1 1498/61/1
f 1501/61/2 1502/61/2 1503/61/2 1504/61/2
f 1497/61/3 1498/61/3 1502/61/3 1501/61/3
f 1500/61/4 1504/61/4 1503/61/4 1499/61/4
f 1497/61/5 1501/61/5 1504/61/5 1500/61/5
f 1498/61/6 1499/61/6 1503/61/6 1502/61/6
f 1505/61/1 1508/61/1 1507/61/1 1506/61/1
f 1509/61/2 1510/61/2 1511/61/2 1512/61/2
f 1505/61/3 1506/61/3 1510/61/3 1509/61/3
f 1508/61/4 1512/61/4 1511/61/4 1507/61/4
f 1505/61/5 1509/61/5 1512/61/5 1508/61/5
f 1506/61/6 1507/61/6 1511/61/6 1510/61/6
f 1513/61/1 1516/61/1 1515/61/1 1514/61/1
f 1517/61/2 1518/61/2 1519/61/2 1520/61/2
f 1513/61/3 1514/61/3 1518/61/3 1517/61/3
f 1516/61/4 1520/61/4 1519/61/4 1515/61/4
f 1513/61/5 1517/61/5 1520/61/5 1516/61/5
f 1514/61/6 1515/61/6 1519/61/6 1518/61/6
f 1521/61/1 1524/61/1 1523/61/1 1522/61/1
f 1525/61/2 1526/61/2 1527/61/2 1528/61/2
f 1521/61/3 1522/61/3 1526/61/3 1525/61/3
f 1524/61/4 1528/61/4 1527/61/4 1523/61/4
f 1521/61/5 1525/61/5 1528/61/5 1524/61/5
f 1522/61/6 1523/61/6 1527/61/6 1526/61/6
f 1529/61/1 1532/61/1 1531/61/1 1530/61/1
f 1533/61/2 1534/61/2 1535/61/2 1536/61/2
f 1529/61/3 1530/61/3 1534/61/3 1533/61/3
f 1532/61/4 1536/61/4 1535/61/4 1531/61/4
f 1529/61/5 1533/61/5 1536/61/5 1532/61/5
f 1530/61/6 1531/61/6 1535/61/6 1534/61/6
f 1537/61/1 1540/61/1 1539/61/1 1538/61/1
f 1541/61/2 1542/61/2 1543/61/2 1544/61/2
f 1537/61/3 1538/61/3 1542/61/3 1541/61/3
f 1540/61/4 1544/61/4 1543/61/4 1539/61/4
f 1537/61/5 1541/61/5 1544/61/5 1540/61/5
f 1538/61/6 1539/61/6 1543/61/6 1542/61/6
f 1545/61/1 1548/61/1 1547/61/1 1546/61/1
f 1549/61/2 1550/61/2 1551/61/2 1552/61/2
f 1545/61/3 1546/61/3 1550/61/3 1549/61/3
f 1548/61/4 1552/61/4 1551/61/4 1547/61/4
f 1545/61/5 1549/61/5 1552/61/5 1548/61/5
f 1546/61/6 1547/61/6 1551/61/6 1550/61/6
f 1553/61/1 1556/61/1 1555/61/1 1554/61/1
f 1557/61/2 1558/61/2 1559/61/2 1560/61/2
f 1553/61/3 1554/61/3 1558/61/3 1557/61/3
f 1556/61/4 1560/61/4 1559/61/4 1555/61/4
f 1553/61/5 1557/61/5 1560/61/5 1556/61/5
f 1554/61/6 1555/61/6 1559/61/6 1558/61/6
f 1561/61/1 1564/61/1 1563/61/1 1562/61/1
f 1565/61/2 1566/61/2 1567/61/2 1568/61/2
f 1561/61/3 1562/61/3 1566/61/3 1565/61/3
f 1564/61/4 1568/61/4 1567/61/4 1563/61/4
f 1561/61/5 1565/61/5 1568/61/5 1564/61/5
f 1562/61/6 1563/61/6 1567/61/6 1566/61/6
f 1569/61/1 1572/61/1 1571/61/1 1570/61/1
f 1573/61/2 1574/61/2 1575/61/2 1576/61/2
f 1569/61/3 1570/61/3 1574/61/3 1573/61/3
f 1572/61/4 1576/61/4 1575/61/4 1571/61/4
f 1569/61/5 1573/61/5 1576/61/5 1572/61/5
f 1570/61/6 1571/61/6 1575/61/6 1574/61/6
f 1577/61/1 1580/61/1 1579/61/1 1578/61/1
f 1581/61/2 1582/61/2 1583/61/2 1584/61/2
f 1577/61/3 1578/61/3 1582/61/3 1581/61/3
f 1580/61/4 1584/61/4 1583/61/4 1579/61/4
f 1577/61/5 1581/61/5 1584/61/5 1580/61/5
f 1578/61/6 1579/61/6 1583/61/6 1582/61/6
f 1585/61/1 1588/61/1 1587/61/1 1586/61/1
f 1589/61/2 1590/61/2 1591/61/2 1592/61/2
f 1585/61/3 1586/61/3 1590/61/3 1589/61/3
f 1588/61/4 1592/61/4 1591/61/4 1587/61/4
f 1585/61/5 1589/61/5 1592/61/5 1588/61/5
f 1586/61/6 1587/61/6 1591/61/6 1590/61/6
f 1593/61/1 1596/61/1 1595/61/1 1594/61/1
f 1597/61/2 1598/61/2 1599/61/2 1600/61/2
f 1593/61/3 1594/61/3 1598/61/3 1597/61/3
f 1596/61/4 1600/61/4 1599/61/4 1595/61/4
f 1593/61/5 1597/61/5 1600/61/5 1596/61/5
f 1594/61/6 1595/61/6 1599/61/6 1598/61/6
f 1601/61/1 1604/61/1 1603/61/1 1602/61/1
f 1605/61/2 1606/61/2 1607/61/2 1608/61/2
f 1601/61/3 1602/61/3 1606/61/3 1605/61/3
f 1604/61/4 1608/61/4 1607/61/4 1603/61/4
f 1601/61/5 1605/61/5 1608/61/5 1604/61/5
f 1602/61/6 1603/61/6 1607/61/6 1606/61/6
f 1609/61/1 1612/61/1 1611/61/1 1610/61/1
f 1613/61/2 1614/61/2 1615/61/2 1616/61/2
f 1609/61/3 1610/61/3 1614/61/3 1613/61/3
f 1612/61/4 1616/61/4 1615/61/4 1611/61/4
f 1609/61/5 1613/61/5 1616/61/5 1612/61/5
f 1610/61/6 1611/61/6 1615/61/6 1614/61/6
f 1617/61/1 1620/61/1 1619/61/1 1618/61/1
f 1621/61/2 1622/61/2 1623/61/2 1624/61/2
f 1617/61/3 1618/61/3 1622/61/3 1621/61/3
f 1620/61/4 1624/61/4 1623/61/4 1619/61/4
f 1617/61/5 1621/61/5 1624/61/5 1620/61/5
f 1618/61/6 1619/61/6 1623/61/6 1622/61/6
f 1625/61/1 1628/61/1 1627/61/1 1626/61/1
f 1629/61/2 1630/61/2 1631/61/2 1632/61/2
f 1625/61/3 1626/61/3 1630/61/3 1629/61/3
f 1628/61/4 1632/61/4 1631/61/4 1627/61/4
f 1625/61/5 1629/61/5 1632/61/5 1628/61/5
f 1626/61/6 1627/61/6 1631/61/6 1630/61/6
f 1633/61/1 1636/61/1 1635/61/1 1634/61/1
f 1637/61/2 1638/61/2 1639/61/2 1640/61/2
f 1633/61/3 1634/61/3 1638/61/3 1637/61/3
f 1636/61/4 1640/61/4 1639/61/4 1635/61/4
f 1633/61/5 1637/61/5 1640/61/5 1636/61/5
f 1634/61/6 1635/61/6 1639/61/6 1638/61/6
f 1641/61/1 1644/61/1 1643/61/1 1642/61/1
f 1645/61/2 1646/61/2 1647/61/2 1648/61/2
f 1641/61/3 1642/61/3 1646/61/3 1645/61/3
f 1644/61/4 1648/61/4 1647/61/4 1643/61/4
f 1641/61/5 1645/61/5 1648/61/5 1644/61/5
f 1642/61/6 1643/61/6 1647/61/6 1646/61/6
f 1649/1/1 1652/1/1 1651/1/1 1650/1/1
f 1653/1/2 1654/1/2 1655/1/2 1656/1/2
f 1649/1/3 1650/1/3 1654/1/3 1653/1/3
f 1652/1/4 1656/1/4 1655/1/4 1651/1/4
f 1649/1/5 1653/1/5 1656/1/5 1652/1/5
f 1650/1/6 1651/1/6 1655/1/6 1654/1/6
f 1657/1/1 1660/1/1 1659/1/1 1658/1/1
f 1661/1/2 1662/1/2 1663/1/2 1664/1/2
f 1657/1/3 1658/1/3 1662/1/3 1661/1/3
f 1660/1/4 1664/1/4 1663/1/4 1659/1/4
f 1657/1/5 1661/1/5 1664/1/5 1660/1/5
f 1658/1/6 1659/1/6 1663/1/6 1662/1/6
f 1665/1/1 1668/1/1 1667/1/1 1666/1/1
f 1669/1/2 1670/1/2 1671/1/2 1672/1/2
f 1665/1/3 1666/1/3 1670/1/3 1669/1/3
f 1668/1/4 1672/1/4 1671/1/4 1667/1/4
f 1665/1/5 1669/1/5 1672/1/5 1668/1/5
f 1666/1/6 1667/1/6 1671/1/6 1670/1/6
f 1673/1/1 1676/1/1 1675/1/1 1674/1/1
f 1677/1/2 1678/1/2 1679/1/2 1680/1/2
f 1673/1/3 1674/1/3 1678/1/3 1677/1/3
f 1676/1/4 1680/1/4 1679/1/4 1675/1/4
f 1673/1/5 1677/1/5 1680/1/5 1676/1/5
f 1674/1/6 1675/1/6 1679/1/6 1678/1/6
f 1681/1/1 1684/1/1 1683/1/1 1682/1/1
f 1685/1/2 1686/1/2 1687/1/2 1688/1/2
f 1681/1/3 1682/1/3 1686/1/3 1685/1/3
f 1684/1/4 1688/1/4 1687/1/4 1683/1/4
f 1681/1/5 1685/1/5 1688/1/5 1684/1/5
f 1682/1/6 1683/1/6 1687/1/6 1686/1/6
f 1689/1/1 1692/1/1 1691/1/1 1690/1/1
f 1693/1/2 1694/1/2 1695/1/2 1696/1/2
f 1689/1/3 1690/1/3 1694/1/3 1693/1/3
f 1692/1/4 1696/1/4 1695/1/4 1691/1/4
f 1689/1/5 1693/1/5 1696/1/5 1692/1/5
f 1690/1/6 1691/1/6 1695/1/6 1694/1/6
f 1697/1/1 1700/1/1 1699/1/1 1698/1/1
f 1701/1/2 1702/1/2 1703/1/2 1704/1/2
f 1697/1/3 1698/1/3 1702/1/3 1701/1/3
f 1700/1/4 1704/1/4 1703/1/4 1699/1/4
f 1697/1/5 1701/1/5 1704/1/5 1700/1/5
f 1698/1/6 1699/1/6 1703/1/6 1702/1/6
f 1705/1/1 1708/1/1 1707/1/1 1706/1/1
f 1709/1/2 1710/1/2 1711/1/2 1712/1/2
f 1705/1/3 1706/1/3 1710/1/3 1709/1/3
f 1708/1/4 1712/1/4 1711/1/4 1707/1/4
f 1705/1/5 1709/1/5 1712/1/5 1708/1/5
f 1706/1/6 1707/1/6 1711/1/6 1710/1/6
f 1713/1/1 1716/1/1 1715/1/1 1714/1/1
f 1717/1/2 1718/1/2 1719/1/2 1720/1/2
f 1713/1/3 1714/1/3 1718/1/3 1717/1/3
f 1716/1/4 1720/1/4 1719/1/4 1715/1/4
f 1713/1/5 1717/1/5 1720/1/5 1716/1/5
f 1714/1/6 1715/1/6 1719/1/6 1718/1/6
f 1721/1/1 1724/1/1 1723/1/1 1722/1/1
f 1725/1/2 1726/1/2 1727/1/2 1728/1/2
f 1721/1/3 1722/1/3 1726/1/3 1725/1/3
f 1724/1/4 1728/1/4 1727/1/4 1723/1/4
f 1721/1/5 1725/1/5 1728/1/5 1724/1/5
f 1722/1/6 1723/1/6 1727/1/6 1726/1/6
f 1729/52/1 1732/52/1 1731/52/1 1730/52/1
f 1733/52/2 1734/52/2 1735/52/2 1736/52/2
f 1729/52/3 1730/52/3 1734/52/3 1733/52/3
f 1732/52/4 1736/52/4 1735/52/4 1731/52/4
f 1729/52/5 1733/52/5 1736/52/5 1732/52/5
f 1730/52/6 1731/52/6 1735/52/6 1734/52/6
f 1737/52/1 1740/52/1 1739/52/1 1738/52/1
f 1741/52/2 1742/52/2 1743/52/2 1744/52/2
f 1737/52/3 1738/52/3 1742/52/3 1741/52/3
f 1740/52/4 1744/52/4 1743/52/4 1739/52/4
f 1737/52/5 1741/52/5 1744/52/5 1740/52/5
f 1738/52/6 1739/52/6 1743/52/6 1742/52/6
f 1745/1/1 1748/1/1 1747/1/1 1746/1/1
f 1749/1/2 1750/1/2 1751/1/2 1752/1/2
f 1745/1/3 1746/1/3 1750/1/3 1749/1/3
f 1748/1/4 1752/1/4 1751/1/4 1747/1/4
f 1745/1/5 1749/1/5 1752/1/5 1748/1/5
f 1746/1/6 1747/1/6 1751/1/6 1750/1/6
f 1753/1/1 1756/1/1 1755/1/1 1754/1/1
f 1757/1/2 1758/1/2 1759/1/2 1760/1/2
f 1753/1/3 1754/1/3 1758/1/3 1757/1/3
f 1756/1/4 1760/1/4 1759/1/4 1755/1/4
f 1753/1/5 1757/1/5 1760/1/5 1756/1/5
f 1754/1/6 1755/1/6 1759/1/6 1758/1/6
f 1761/52/1 1764/52/1 1763/52/1 1762/52/1
f 1765/52/2 1766/52/2 1767/52/2 1768/52/2
f 1761/52/3 1762/52/3 1766/52/3 1765/52/3
f 1764/52/4 1768/52/4 1767/52/4 1763/52/4
f 1761/52/5 1765/52/5 1768/52/5 1764/52/5
f 1762/52/6 1763/52/6 1767/52/6 1766/52/6
f 1769/52/1 1772/52/1 1771/52/1 1770/52/1
f 1773/52/2 1774/52/2 1775/52/2 1776/52/2
f 1769/52/3 1770/52/3 1774/52/3 1773/52/3
f 1772/52/4 1776/52/4 1775/52/4 1771/52/4
f 1769/52/5 1773/52/5 1776/52/5 1772/52/5
f 1770/52/6 1771/52/6 1775/52/6 1774/52/6
f 1777/1/1 1780/1/1 1779/1/1 1778/1/1
f 1781/1/2 1782/1/2 1783/1/2 1784/1/2
f 1777/1/3 1778/1/3 1782/1/3 1781/1/3
f 1780/1/4 1784/1/4 1783/1/4 1779/1/4
f 1777/1/5 1781/1/5 1784/1/5 1780/1/5
f 1778/1/6 1779/1/6 1783/1/6 1782/1/6
f 1785/1/1 1788/1/1 1787/1/1 1786/1/1
f 1789/1/2 1790/1/2 1791/1/2 1792/1/2
f 1785/1/3 1786/1/3 1790/1/3 1789/1/3
f 1788/1/4 1792/1/4 1791/1/4 1787/1/4
f 1785/1/5 1789/1/5 1792/1/5 1788/1/5
f 1786/1/6 1787/1/6 1791/1/6 1790/1/6
f 1793/1/1 1796/1/1 1795/1/1 1794/1/1
f 1797/1/2 1798/1/2 1799/1/2 1800/1/2
f 1793/1/3 1794/1/3 1798/1/3 1797/1/3
f 1796/1/4 1800/1/4 1799/1/4 1795/1/4
f 1793/1/5 1797/1/5 1800/1/5 1796/1/5
f 1794/1/6 1795/1/6 1799/1/6 1798/1/6
f 1801/1/1 1804/1/1 1803/1/1 1802/1/1
f 1805/1/2 1806/1/2 1807/1/2 1808/1/2
f 1801/1/3 1802/1/3 1806/1/3 1805/1/3
f 1804/1/4 1808/1/4 1807/1/4 1803/1/4
f 1801/1/5 1805/1/5 1808/1/5 1804/1/5
f 1802/1/6 1803/1/6 1807/1/6 1806/1/6
f 1809/52/1 1812/52/1 1811/52/1 1810/52/1
f 1813/52/2 1814/52/2 1815/52/2 1816/52/2
f 1809/52/3 1810/52/3 1814/52/3 1813/52/3
f 1812/52/4 1816/52/4 1815/52/4 1811/52/4
f 1809/52/5 1813/52/5 1816/52/5 1812/52/5
f 1810/52/6 1811/52/6 1815/52/6 1814/52/6
f 1817/52/1 1820/52/1 1819/52/1 1818/52/1
f 1821/52/2 1822/52/2 1823/52/2 1824/52/2
f 1817/52/3 1818/52/3 1822/52/3 1821/52/3
f 1820/52/4 1824/52/4 1823/52/4 1819/52/4
f 1817/52/5 1821/52/5 1824/52/5 1820/52/5
f 1818/52/6 1819/52/6 1823/52/6 1822/52/6
f 1825/1/1 1828/1/1 1827/1/1 1826/1/1
f 1829/1/2 1830/1/2 1831/1/2 1832/1/2
f 1825/1/3 1826/1/3 1830/1/3 1829/1/3
f 1828/1/4 1832/1/4 1831/1/4 1827/1/4
f 1825/1/5 1829/1/5 1832/1/5 1828/1/5
f 1826/1/6 1827/1/6 1831/1/6 1830/1/6
f 1833/1/1 1836/1/1 1835/1/1 1834/1/1
f 1837/1/2 1838/1/2 1839/1/2 1840/1/2
f 1833/1/3 1834/1/3 1838/1/3 1837/1/3
f 1836/1/4 1840/1/4 1839/1/4 1835/1/4
f 1833/1/5 1837/1/5 1840/1/5 1836/1/5
f 1834/1/6 1835/1/6 1839/1/6 1838/1/6
f 1841/52/1 1844/52/1 1843/52/1 1842/52/1
f 1845/52/2 1846/52/2 1847/52/2 1848/52/2
f 1841/52/3 1842/52/3 1846/52/3 1845/52/3
f 1844/52/4 1848/52/4 1847/52/4 1843/52/4
f 1841/52/5 1845/52/5 1848/52/5 1844/52/5
f 1842/52/6 1843/52/6 1847/52/6 1846/52/6
f 1849/52/1 1852/52/1 1851/52/1 1850/52/1
f 1853/52/2 1854/52/2 1855/52/2 1856/52/2
f 1849/52/3 1850/52/3 1854/52/3 1853/52/3
f 1852/52/4 1856/52/4 1855/52/4 1851/52/4
f 1849/52/5 1853/52/5 1856/52/5 1852/52/5
f 1850/52/6 1851/52/6 1855/52/6 1854/52/6
f 1857/1/1 1860/1/1 1859/1/1 1858/1/1
f 1861/1/2 1862/1/2 1863/1/2 1864/1/2
f 1857/1/3 1858/1/3 1862/1/3 1861/1/3
f 1860/1/4 1864/1/4 1863/1/4 1859/1/4
f 1857/1/5 1861/1/5 1864/1/5 1860/1/5
f 1858/1/6 1859/1/6 1863/1/6 1862/1/6
f 1865/1/1 1868/1/1 1867/1/1 1866/1/1
f 1869/1/2 1870/1/2 1871/1/2 1872/1/2
f 1865/1/3 1866/1/3 1870/1/3 1869/1/3
f 1868/1/4 1872/1/4 1871/1/4 1867/1/4
f 1865/1/5 1869/1/5 1872/1/5 1868/1/5
f 1866/1/6 1867/1/6 1871/1/6 1870/1/6
f 1873/1/1 1876/1/1 1875/1/1 1874/1/1
f 1877/1/2 1878/1/2 1879/1/2 1880/1/2
f 1873/1/3 1874/1/3 1878/1/3 1877/1/3
f 1876/1/4 1880/1/4 1879/1/4 1875/1/4
f 1873/1/5 1877/1/5 1880/1/5 1876/1/5
f 1874/1/6 1875/1/6 1879/1/6 1878/1/6
f 1881/1/1 1884/1/1 1883/1/1 1882/1/1
f 1885/1/2 1886/1/2 1887/1/2 1888/1/2
f 1881/1/3 1882/1/3 1886/1/3 1885/1/3
f 1884/1/4 1888/1/4 1887/1/4 1883/1/4
f 1881/1/5 1885/1/5 1888/1/5 1884/1/5
f 1882/1/6 1883/1/6 1887/1/6 1886/1/6
f 1889/52/1 1892/52/1 1891/52/1 1890/52/1
f 1893/52/2 1894/52/2 1895/52/2 1896/52/2
f 1889/52/3 1890/52/3 1894/52/3 1893/52/3
f 1892/52/4 1896/52/4 1895/52/4 1891/52/4
f 1889/52/5 1893/52/5 1896/52/5 1892/52/5
f 1890/52/6 1891/52/6 1895/52/6 1894/52/6
f 1897/52/1 1900/52/1 1899/52/1 1898/52/1
f 1901/52/2 1902/52/2 1903/52/2 1904/52/2
f 1897/52/3 1898/52/3 1902/52/3 1901/52/3
f 1900/52/4 1904/52/4 1903/52/4 1899/52/4
f 1897/52/5 1901/52/5 1904/52/5 1900/52/5
f 1898/52/6 1899/52/6 1903/52/6 1902/52/6
f 1905/1/1 1908/1/1 1907/1/1 1906/1/1
f 1909/1/2 1910/1/2 1911/1/2 1912/1/2
f 1905/1/3 1906/1/3 1910/1/3 1909/1/3
f 1908/1/4 1912/1/4 1911/1/4 1907/1/4
f 1905/1/5 1909/1/5 1912/1/5 1908/1/5
f 1906/1/6 1907/1/6 1911/1/6 1910/1/6
f 1913/1/1 1916/1/1 1915/1/1 1914/1/1
f 1917/1/2 1918/1/2 1919/1/2 1920/1/2
f 1913/1/3 1914/1/3 1918/1/3 1917/1/3
f 1916/1/4 1920/1/4 1919/1/4 1915/1/4
f 1913/1/5 1917/1/5 1920/1/5 1916/1/5
f 1914/1/6 1915/1/6 1919/1/6 1918/1/6
f 1921/52/1 1924/52/1 1923/52/1 1922/52/1
f 1925/52/2 1926/52/2 1927/52/2 1928/52/2
f 1921/52/3 1922/52/3 1926/52/3 1925/52/3
f 1924/52/4 1928/52/4 1927/52/4 1923/52/4
f 1921/52/5 1925/52/5 1928/52/5 1924/52/5
f 1922/52/6 1923/52/6 1927/52/6 1926/52/6
f 1929/52/1 1932/52/1 1931/52/1 1930/52/1
f 1933/52/2 1934/52/2 1935/52/2 1936/52/2
f 1929/52/3 1930/52/3 1934/52/3 1933/52/3
f 1932/52/4 1936/52/4 1935/52/4 1931/52/4
f 1929/52/5 1933/52/5 1936/52/5 1932/52/5
f 1930/52/6 1931/52/6 1935/52/6 1934/52/6
f 1937/1/1 1940/1/1 1939/1/1 1938/1/1
f 1941/1/2 1942/1/2 1943/1/2 1944/1/2
f 1937/1/3 1938/1/3 1942/1/3 1941/1/3
f 1940/1/4 1944/1/4 1943/1/4 1939/1/4
f 1937/1/5 1941/1/5 1944/1/5 1940/1/5
f 1938/1/6 1939/1/6 1943/1/6 1942/1/6
f 1945/1/1 1948/1/1 1947/1/1 1946/1/1
f 1949/1/2 1950/1/2 1951/1/2 1952/1/2
f 1945/1/3 1946/1/3 1950/1/3 1949/1/3
f 1948/1/4 1952/1/4 1951/1/4 1947/1/4
f 1945/1/5 1949/1/5 1952/1/5 1948/1/5
f 1946/1/6 1947/1/6 1951/1/6 1950/1/6
f 1953/52/1 1956/52/1 1955/52/1 1954/52/1
f 1957/52/2 1958/52/2 1959/52/2 1960/52/2
f 1953/52/3 1954/52/3 1958/52/3 1957/52/3
f 1956/52/4 1960/52/4 1959/52/4 1955/52/4
f 1953/52/5 1957/52/5 1960/52/5 1956/52/5
f 1954/52/6 1955/52/6 1959/52/6 1958/52/6
f 1961/52/1 1964/52/1 1963/52/1 1962/52/1
f 1965/52/2 1966/52/2 1967/52/2 1968/52/2
f 1961/52/3 1962/52/3 1966/52/3 1965/52/3
f 1964/52/4 1968/52/4 1967/52/4 1963/52/4
f 1961/52/5 1965/52/5 1968/52/5 1964/52/5
f 1962/52/6 1963/52/6 1967/52/6 1966/52/6
f 1969/1/1 1972/1/1 1971/1/1 1970/1/1
f 1973/1/2 1974/1/2 1975/1/2 1976/1/2
f 1969/1/3 1970/1/3 1974/1/3 1973/1/3
f 1972/1/4 1976/1/4 1975/1/4 1971/1/4
f 1969/1/5 1973/1/5 1976/1/5 1972/1/5
f 1970/1/6 1971/1/6 1975/1/6 1974/1/6
f 1977/1/1 1980/1/1 1979/1/1 1978/1/1
f 1981/1/2 1982/1/2 1983/1/2 1984/1/2
f 1977/1/3 1978/1/3 1982/1/3 1981/1/3
f 1980/1/4 1984/1/4 1983/1/4 1979/1/4
f 1977/1/5 1981/1/5 1984/1/5 1980/1/5
f 1978/1/6 1979/1/6 1983/1/6 1982/1/6
f 1985/52/1 1988/52/1 1987/52/1 1986/52/1
f 1989/52/2 1990/52/2 1991/52/2 1992/52/2
f 1985/52/3 1986/52/3 1990/52/3 1989/52/3
f 1988/52/4 1992/52/4 1991/52/4 1987/52/4
f 1985/52/5 1989/52/5 1992/52/5 1988/52/5
f 1986/52/6 1987/52/6 1991/52/6 1990/52/6
f 1993/52/1 1996/52/1 1995/52/1 1994/52/1
f 1997/52/2 1998/52/2 1999/52/2 2000/52/2
f 1993/52/3 1994/52/3 1998/52/3 1997/52/3
f 1996/52/4 2000/52/4 1999/52/4 1995/52/4
f 1993/52/5 1997/52/5 2000/52/5 1996/52/5
f 1994/52/6 1995/52/6 1999/52/6 1998/52/6
f 2001/1/1 2004/1/1 2003/1/1 2002/1/1
f 2005/1/2 2006/1/2 2007/1/2 2008/1/2
f 2001/1/3 2002/1/3 2006/1/3 2005/1/3
f 2004/1/4 2008/1/4 2007/1/4 2003/1/4
f 2001/1/5 2005/1/5 2008/1/5 2004/1/5
f 2002/1/6 2003/1/6 2007/1/6 2006/1/6
f 2009/1/1 2012/1/1 2011/1/1 2010/1/1
f 2013/1/2 2014/1/2 2015/1/2 2016/1/2
f 2009/1/3 2010/1/3 2014/1/3 2013/1/3
f 2012/1/4 2016/1/4 2015/1/4 2011/1/4
f 2009/1/5 2013/1/5 2016/1/5 2012/1/5
f 2010/1/6 2011/1/6 2015/1/6 2014/1/6
f 2017/52/1 2020/52/1 2019/52/1 2018/52/1
f 2021/52/2 2022/52/2 2023/52/2 2024/52/2
f 2017/52/3 2018/52/3 2022/52/3 2021/52/3
f 2020/52/4 2024/52/4 2023/52/4 2019/52/4
f 2017/52/5 2021/52/5 2024/52/5 2020/52/5
f 2018/52/6 2019/52/6 2023/52/6 2022/52/6
f 2025/52/1 2028/52/1 2027/52/1 2026/52/1
f 2029/52/2 2030/52/2 2031/52/2 2032/52/2
f 2025/52/3 2026/52/3 2030/52/3 2029/52/3
f 2028/52/4 2032/52/4 2031/52/4 2027/52/4
f 2025/52/5 2029/52/5 2032/52/5 2028/52/5
f 2026/52/6 2027/52/6 2031/52/6 2030/52/6
f 2033/1/1 2036/1/1 2035/1/1 2034/1/1
f 2037/1/2 2038/1/2 2039/1/2 2040/1/2
f 2033/1/3 2034/1/3 2038/1/3 2037/1/3
f 2036/1/4 2040/1/4 2039/1/4 2035/1/4
f 2033/1/5 2037/1/5 2040/1/5 2036/1/5
f 2034/1/6 2035/1/6 2039/1/6 2038/1/6
f 2041/1/1 2044/1/1 2043/1/1 2042/1/1
f 2045/1/2 2046/1/2 2047/1/2 2048/1/2
f 2041/1/3 2042/1/3 2046/1/3 2045/1/3
f 2044/1/4 2048/1/4 2047/1/4 2043/1/4
f 2041/1/5 2045/1/5 2048/1/5 2044/1/5
f 2042/1/6 2043/1/6 2047/1/6 2046/1/6
f 2049/52/1 2052/52/1 2051/52/1 2050/52/1
f 2053/52/2 2054/52/2 2055/52/2 2056/52/2
f 2049/52/3 2050/52/3 2054/52/3 2053/52/3
f 2052/52/4 2056/52/4 2055/52/4 2051/52/4
f 2049/52/5 2053/52/5 2056/52/5 2052/52/5
f 2050/52/6 2051/52/6 2055/52/6 2054/52/6
f 2057/52/1 2060/52/1 2059/52/1 2058/52/1
f 2061/52/2 2062/52/2 2063/52/2 2064/52/2
f 2057/52/3 2058/52/3 2062/52/3 2061/52/3
f 2060/52/4 2064/52/4 2063/52/4 2059/52/4
f 2057/52/5 2061/52/5 2064/52/5 2060/52/5
f 2058/52/6 2059/52/6 2063/52/6 2062/52/6
f 2065/1/1 2068/1/1 2067/1/1 2066/1/1
f 2069/1/2 2070/1/2 2071/1/2 2072/1/2
f 2065/1/3 2066/1/3 2070/1/3 2069/1/3
f 2068/1/4 2072/1/4 2071/1/4 2067/1/4
f 2065/1/5 2069/1/5 2072/1/5 2068/1/5
f 2066/1/6 2067/1/6 2071/1/6 2070/1/6
f 2073/1/1 2076/1/1 2075/1/1 2074/1/1
f 2077/1/2 2078/1/2 2079/1/2 2080/1/2
f 2073/1/3 2074/1/3 2078/1/3 2077/1/3
f 2076/1/4 2080/1/4 2079/1/4 2075/1/4
f 2073/1/5 2077/1/5 2080/1/5 2076/1/5
f 2074/1/6 2075/1/6 2079/1/6 2078/1/6
f 2081/52/1 2084/52/1 2083/52/1 2082/52/1
f 2085/52/2 2086/52/2 2087/52/2 2088/52/2
f 2081/52/3 2082/52/3 2086/52/3 2085/52/3
f 2084/52/4 2088/52/4 2087/52/4 2083/52/4
f 2081/52/5 2085/52/5 2088/52/5 2084/52/5
f 2082/52/6 2083/52/6 2087/52/6 2086/52/6
f 2089/52/1 2092/52/1 2091/52/1 2090/52/1
f 2093/52/2 2094/52/2 2095/52/2 2096/52/2
f 2089/52/3 2090/52/3 2094/52/3 2093/52/3
f 2092/52/4 2096/52/4 2095/52/4 2091/52/4
f 2089/52/5 2093/52/5 2096/52/5 2092/52/5
f 2090/52/6 2091/52/6 2095/52/6 2094/52/6
f 2097/1/1 2100/1/1 2099/1/1 2098/1/1
f 2101/1/2 2102/1/2 2103/1/2 2104/1/2
f 2097/1/3 2098/1/3 2102/1/3 2101/1/3
f 2100/1/4 2104/1/4 2103/1/4 2099/1/4
f 2097/1/5 2101/1/5 2104/1/5 2100/1/5
f 2098/1/6 2099/1/6 2103/1/6 2102/1/6
f 2105/1/1 2108/1/1 2107/1/1 2106/1/1
f 2109/1/2 2110/1/2 2111/1/2 2112/1/2
f 2105/1/3 2106/1/3 2110/1/3 2109/1/3
f 2108/1/4 2112/1/4 2111/1/4 2107/1/4
f 2105/1/5 2109/1/5 2112/1/5 2108/1/5
f 2106/1/6 2107/1/6 2111/1/6 2110/1/6
f 2113/31/1 2116/31/1 2115/31/1 2114/31/1
f 2117/31/2 2118/31/2 2119/31/2 2120/31/2
f 2113/31/3 2114/31/3 2118/31/3 2117/31/3
f 2116/31/4 2120/31/4 2119/31/4 2115/31/4
f 2113/31/5 2117/31/5 2120/31/5 2116/31/5
f 2114/31/6 2115/31/6 2119/31/6 2118/31/6
f 2121/31/1 2124/31/1 2123/31/1 2122/31/1
f 2125/31/2 2126/31/2 2127/31/2 2128/31/2
f 2121/31/3 2122/31/3 2126/31/3 2125/31/3
f 2124/31/4 2128/31/4 2127/31/4 2123/31/4
f 2121/31/5 2125/31/5 2128/31/5 2124/31/5
f 2122/31/6 2123/31/6 2127/31/6 2126/31/6
f 2129/31/1 2132/31/1 2131/31/1 2130/31/1
f 2133/31/2 2134/31/2 2135/31/2 2136/31/2
f 2129/31/3 2130/31/3 2134/31/3 2133/31/3
f 2132/31/4 2136/31/4 2135/31/4 2131/31/4
f 2129/31/5 2133/31/5 2136/31/5 2132/31/5
f 2130/31/6 2131/31/6 2135/31/6 2134/31/6
f 2137/31/1 2140/31/1 2139/31/1 2138/31/1
f 2141/31/2 2142/31/2 2143/31/2 2144/31/2
f 2137/31/3 2138/31/3 2142/31/3 2141/31/3
f 2140/31/4 2144/31/4 2143/31/4 2139/31/4
f 2137/31/5 2141/31/5 2144/31/5 2140/31/5
f 2138/31/6 2139/31/6 2143/31/6 2142/31/6
f 2145/31/1 2148/31/1 2147/31/1 2146/31/1
f 2149/31/2 2150/31/2 2151/31/2 2152/31/2
f 2145/31/3 2146/31/3 2150/31/3 2149/31/3
f 2148/31/4 2152/31/4 2151/31/4 2147/31/4
f 2145/31/5 2149/31/5 2152/31/5 2148/31/5
f 2146/31/6 2147/31/6 2151/31/6 2150/31/6
f 2153/31/1 2156/31/1 2155/31/1 2154/31/1
f 2157/31/2 2158/31/2 2159/31/2 2160/31/2
f 2153/31/3 2154/31/3 2158/31/3 2157/31/3
f 2156/31/4 2160/31/4 2159/31/4 2155/31/4
f 2153/31/5 2157/31/5 2160/31/5 2156/31/5
f 2154/31/6 2155/31/6 2159/31/6 2158/31/6
f 2161/31/1 2164/31/1 2163/31/1 2162/31/1
f 2165/31/2 2166/31/2 2167/31/2 2168/31/2
f 2161/31/3 2162/31/3 2166/31/3 2165/31/3
f 2164/31/4 2168/31/4 2167/31/4 2163/31/4
f 2161/31/5 2165/31/5 2168/31/5 2164/31/5
f 2162/31/6 2163/31/6 2167/31/6 2166/31/6
f 2169/31/1 2172/31/1 2171/31/1 2170/31/1
f 2173/31/2 2174/31/2 2175/31/2 2176/31/2
f 2169/31/3 2170/31/3 2174/31/3 2173/31/3
f 2172/31/4 2176/31/4 2175/31/4 2171/31/4
f 2169/31/5 2173/31/5 2176/31/5 2172/31/5
f 2170/31/6 2171/31/6 2175/31/6 2174/31/6
f 2177/52/1 2180/52/1 2179/52/1 2178/52/1
f 2181/52/2 2182/52/2 2183/52/2 2184/52/2
f 2177/52/3 2178/52/3 2182/52/3 2181/52/3
f 2180/52/4 2184/52/4 2183/52/4 2179/52/4
f 2177/52/5 2181/52/5 2184/52/5 2180/52/5
f 2178/52/6 2179/52/6 2183/52/6 2182/52/6
f 2185/52/1 2188/52/1 2187/52/1 2186/52/1
f 2189/52/2 2190/52/2 2191/52/2 2192/52/2
f 2185/52/3 2186/52/3 2190/52/3 2189/52/3
f 2188/52/4 2192/52/4 2191/52/4 2187/52/4
f 2185/52/5 2189/52/5 2192/52/5 2188/52/5
f 2186/52/6 2187/52/6 2191/52/6 2190/52/6
f 2193/1/1 2196/1/1 2195/1/1 2194/1/1
f 2197/1/2 2198/1/2 2199/1/2 2200/1/2
f 2193/1/3 2194/1/3 2198/1/3 2197/1/3
f 2196/1/4 2200/1/4 2199/1/4 2195/1/4
f 2193/1/5 2197/1/5 2200/1/5 2196/1/5
f 2194/1/6 2195/1/6 2199/1/6 2198/1/6
f 2201/1/1 2204/1/1 2203/1/1 2202/1/1
f 2205/1/2 2206/1/2 2207/1/2 2208/1/2
f 2201/1/3 2202/1/3 2206/1/3 2205/1/3
f 2204/1/4 2208/1/4 2207/1/4 2203/1/4
f 2201/1/5 2205/1/5 2208/1/5 2204/1/5
f 2202/1/6 2203/1/6 2207/1/6 2206/1/6
f 2209/1/1 2212/1/1 2211/1/1 2210/1/1
f 2213/1/2 2214/1/2 2215/1/2 2216/1/2
f 2209/1/3 2210/1/3 2214/1/3 2213/1/3
f 2212/1/4 2216/1/4 2215/1/4 2211/1/4
f 2209/1/5 2213/1/5 2216/1/5 2212/1/5
f 2210/1/6 2211/1/6 2215/1/6 2214/1/6
f 2217/1/1 2220/1/1 2219/1/1 2218/1/1
f 2221/1/2 2222/1/2 2223/1/2 2224/1/2
f 2217/1/3 2218/1/3 2222/1/3 2221/1/3
f 2220/1/4 2224/1/4 2223/1/4 2219/1/4
f 2217/1/5 2221/1/5 2224/1/5 2220/1/5
f 2218/1/6 2219/1/6 2223/1/6 2222/1/6
f 2225/2/1 2228/2/1 2227/2/1 2226/2/1
f 2229/2/2 2230/2/2 2231/2/2 2232/2/2
f 2225/2/3 2226/2/3 2230/2/3 2229/2/3
f 2228/2/4 2232/2/4 2231/2/4 2227/2/4
f 2225/2/5 2229/2/5 2232/2/5 2228/2/5
f 2226/2/6 2227/2/6 2231/2/6 2230/2/6
f 2233/2/1 2236/2/1 2235/2/1 2234/2/1
f 2237/2/2 2238/2/2 2239/2/2 2240/2/2
f 2233/2/3 2234/2/3 2238/2/3 2237/2/3
f 2236/2/4 2240/2/4 2239/2/4 2235/2/4
f 2233/2/5 2237/2/5 2240/2/5 2236/2/5
f 2234/2/6 2235/2/6 2239/2/6 2238/2/6
f 2241/56/1 2244/56/1 2243/56/1 2242/56/1
f 2245/56/2 2246/56/2 2247/56/2 2248/56/2
f 2241/56/3 2242/56/3 2246/56/3 2245/56/3
f 2244/56/4 2248/56/4 2247/56/4 2243/56/4
f 2241/56/5 2245/56/5 2248/56/5 2244/56/5
f 2242/56/6 2243/56/6 2247/56/6 2246/56/6
f 2249/56/1 2252/56/1 2251/56/1 2250/56/1
f 2253/56/2 2254/56/2 2255/56/2 2256/56/2
f 2249/56/3 2250/56/3 2254/56/3 2253/56/3
f 2252/56/4 2256/56/4 2255/56/4 2251/56/4
f 2249/56/5 2253/56/5 2256/56/5 2252/56/5
f 2250/56/6 2251/56/6 2255/56/6 2254/56/6
f 2257/1/1 2260/1/1 2259/1/1 2258/1/1
f 2261/1/2 2262/1/2 2263/1/2 2264/1/2
f 2257/1/3 2258/1/3 2262/1/3 2261/1/3
f 2260/1/4 2264/1/4 2263/1/4 2259/1/4
f 2257/1/5 2261/1/5 2264/1/5 2260/1/5
f 2258/1/6 2259/1/6 2263/1/6 2262/1/6
f 2265/1/1 2268/1/1 2267/1/1 2266/1/1
f 2269/1/2 2270/1/2 2271/1/2 2272/1/2
f 2265/1/3 2266/1/3 2270/1/3 2269/1/3
f 2268/1/4 2272/1/4 2271/1/4 2267/1/4
f 2265/1/5 2269/1/5 2272/1/5 2268/1/5
f 2266/1/6 2267/1/6 2271/1/6 2270/1/6
f 2273/2/1 2276/2/1 2275/2/1 2274/2/1
f 2277/2/2 2278/2/2 2279/2/2 2280/2/2
f 2273/2/3 2274/2/3 2278/2/3 2277/2/3
f 2276/2/4 2280/2/4 2279/2/4 2275/2/4
f 2273/2/5 2277/2/5 2280/2/5 2276/2/5
f 2274/2/6 2275/2/6 2279/2/6 2278/2/6
f 2281/2/1 2284/2/1 2283/2/1 2282/2/1
f 2285/2/2 2286/2/2 2287/2/2 2288/2/2
f 2281/2/3 2282/2/3 2286/2/3 2285/2/3
f 2284/2/4 2288/2/4 2287/2/4 2283/2/4
f 2281/2/5 2285/2/5 2288/2/5 2284/2/5
f 2282/2/6 2283/2/6 2287/2/6 2286/2/6
f 2289/2/1 2292/2/1 2291/2/1 2290/2/1
f 2293/2/2 2294/2/2 2295/2/2 2296/2/2
f 2289/2/3 2290/2/3 2294/2/3 2293/2/3
f 2292/2/4 2296/2/4 2295/2/4 2291/2/4
f 2289/2/5 2293/2/5 2296/2/5 2292/2/5
f 2290/2/6 2291/2/6 2295/2/6 2294/2/6
f 2297/2/1 2300/2/1 2299/2/1 2298/2/1
f 2301/2/2 2302/2/2 2303/2/2 2304/2/2
f 2297/2/3 2298/2/3 2302/2/3 2301/2/3
f 2300/2/4 2304/2/4 2303/2/4 2299/2/4
f 2297/2/5 2301/2/5 2304/2/5 2300/2/5
f 2298/2/6 2299/2/6 2303/2/6 2302/2/6
f 2305/39/1 2308/39/1 2307/39/1 2306/39/1
f 2309/39/2 2310/39/2 2311/39/2 2312/39/2
f 2305/39/3 2306/39/3 2310/39/3 2309/39/3
f 2308/39/4 2312/39/4 2311/39/4 2307/39/4
f 2305/39/5 2309/39/5 2312/39/5 2308/39/5
f 2306/39/6 2307/39/6 2311/39/6 2310/39/6
f 2313/39/1 2316/39/1 2315/39/1 2314/39/1
f 2317/39/2 2318/39/2 2319/39/2 2320/39/2
f 2313/39/3 2314/39/3 2318/39/3 2317/39/3
f 2316/39/4 2320/39/4 2319/39/4 2315/39/4
f 2313/39/5 2317/39/5 2320/39/5 2316/39/5
f 2314/39/6 2315/39/6 2319/39/6 2318/39/6
f 2321/52/1 2324/52/1 2323/52/1 2322/52/1
f 2325/52/2 2326/52/2 2327/52/2 2328/52/2
f 2321/52/3 2322/52/3 2326/52/3 2325/52/3
f 2324/52/4 2328/52/4 2327/52/4 2323/52/4
f 2321/52/5 2325/52/5 2328/52/5 2324/52/5
f 2322/52/6 2323/52/6 2327/52/6 2326/52/6
f 2329/52/1 2332/52/1 2331/52/1 2330/52/1
f 2333/52/2 2334/52/2 2335/52/2 2336/52/2
f 2329/52/3 2330/52/3 2334/52/3 2333/52/3
f 2332/52/4 2336/52/4 2335/52/4 2331/52/4
f 2329/52/5 2333/52/5 2336/52/5 2332/52/5
f 2330/52/6 2331/52/6 2335/52/6 2334/52/6
f 2337/52/1 2340/52/1 2339/52/1 2338/52/1
f 2341/52/2 2342/52/2 2343/52/2 2344/52/2
f 2337/52/3 2338/52/3 2342/52/3 2341/52/3
f 2340/52/4 2344/52/4 2343/52/4 2339/52/4
f 2337/52/5 2341/52/5 2344/52/5 2340/52/5
f 2338/52/6 2339/52/6 2343/52/6 2342/52/6
f 2345/52/1 2348/52/1 2347/52/1 2346/52/1
f 2349/52/2 2350/52/2 2351/52/2 2352/52/2
f 2345/52/3 2346/52/3 2350/52/3 2349/52/3
f 2348/52/4 2352/52/4 2351/52/4 2347/52/4
f 2345/52/5 2349/52/5 2352/52/5 2348/52/5
f 2346/52/6 2347/52/6 2351/52/6 2350/52/6
f 2353/56/1 2356/56/1 2355/56/1 2354/56/1
f 2357/56/2 2358/56/2 2359/56/2 2360/56/2
f 2353/56/3 2354/56/3 2358/56/3 2357/56/3
f 2356/56/4 2360/56/4 2359/56/4 2355/56/4
f 2353/56/5 2357/56/5 2360/56/5 2356/56/5
f 2354/56/6 2355/56/6 2359/56/6 2358/56/6
f 2361/56/1 2364/56/1 2363/56/1 2362/56/1
f 2365/56/2 2366/56/2 2367/56/2 2368/56/2
f 2361/56/3 2362/56/3 2366/56/3 2365/56/3
f 2364/56/4 2368/56/4 2367/56/4 2363/56/4
f 2361/56/5 2365/56/5 2368/56/5 2364/56/5
f 2362/56/6 2363/56/6 2367/56/6 2366/56/6
f 2369/56/1 2372/56/1 2371/56/1 2370/56/1
f 2373/56/2 2374/56/2 2375/56/2 2376/56/2
f 2369/56/3 2370/56/3 2374/56/3 2373/56/3
f 2372/56/4 2376/56/4 2375/56/4 2371/56/4
f 2369/56/5 2373/56/5 2376/56/5 2372/56/5
f 2370/56/6 2371/56/6 2375/56/6 2374/56/6
f 2377/56/1 2380/56/1 2379/56/1 2378/56/1
f 2381/56/2 2382/56/2 2383/56/2 2384/56/2
f 2377/56/3 2378/56/3 2382/56/3 2381/56/3
f 2380/56/4 2384/56/4 2383/56/4 2379/56/4
f 2377/56/5 2381/56/5 2384/56/5 2380/56/5
f 2378/56/6 2379/56/6 2383/56/6 2382/56/6
f 2385/56/1 2388/56/1 2387/56/1 2386/56/1
f 2389/56/2 2390/56/2 2391/56/2 2392/56/2
f 2385/56/3 2386/56/3 2390/56/3 2389/56/3
f 2388/56/4 2392/56/4 2391/56/4 2387/56/4
f 2385/56/5 2389/56/5 2392/56/5 2388/56/5
f 2386/56/6 2387/56/6 2391/56/6 2390/56/6
f 2393/56/1 2396/56/1 2395/56/1 2394/56/1
f 2397/56/2 2398/56/2 2399/56/2 2400/56/2
f 2393/56/3 2394/56/3 2398/56/3 2397/56/3
f 2396/56/4 2400/56/4 2399/56/4 2395/56/4
f 2393/56/5 2397/56/5 2400/56/5 2396/56/5
f 2394/56/6 2395/56/6 2399/56/6 2398/56/6
f 2401/47/1 2404/47/1 2403/47/1 2402/47/1
f 2405/47/2 2406/47/2 2407/47/2 2408/47/2
f 2401/47/3 2402/47/3 2406/47/3 2405/47/3
f 2404/47/4 2408/47/4 2407/47/4 2403/47/4
f 2401/47/5 2405/47/5 2408/47/5 2404/47/5
f 2402/47/6 2403/47/6 2407/47/6 2406/47/6
f 2409/47/1 2412/47/1 2411/47/1 2410/47/1
f 2413/47/2 2414/47/2 2415/47/2 2416/47/2
f 2409/47/3 2410/47/3 2414/47/3 2413/47/3
f 2412/47/4 2416/47/4 2415/47/4 2411/47/4
f 2409/47/5 2413/47/5 2416/47/5 2412/47/5
f 2410/47/6 2411/47/6 2415/47/6 2414/47/6
f 2417/47/1 2420/47/1 2419/47/1 2418/47/1
f 2421/47/2 2422/47/2 2423/47/2 2424/47/2
f 2417/47/3 2418/47/3 2422/47/3 2421/47/3
f 2420/47/4 2424/47/4 2423/47/4 2419/47/4
f 2417/47/5 2421/47/5 2424/47/5 2420/47/5
f 2418/47/6 2419/47/6 2423/47/6 2422/47/6
f 2425/47/1 2428/47/1 2427/47/1 2426/47/1
f 2429/47/2 2430/47/2 2431/47/2 2432/47/2
f 2425/47/3 2426/47/3 2430/47/3 2429/47/3
f 2428/47/4 2432/47/4 2431/47/4 2427/47/4
f 2425/47/5 2429/47/5 2432/47/5 2428/47/5
f 2426/47/6 2427/47/6 2431/47/6 2430/47/6
f 2433/47/1 2436/47/1 2435/47/1 2434/47/1
f 2437/47/2 2438/47/2 2439/47/2 2440/47/2
f 2433/47/3 2434/47/3 2438/47/3 2437/47/3
f 2436/47/4 2440/47/4 2439/47/4 2435/47/4
f 2433/47/5 2437/47/5 2440/47/5 2436/47/5
f 2434/47/6 2435/47/6 2439/47/6 2438/47/6
f 2441/39/1 2444/39/1 2443/39/1 2442/39/1
f 2445/39/2 2446/39/2 2447/39/2 2448/39/2
f 2441/39/3 2442/39/3 2446/39/3 2445/39/3
f 2444/39/4 2448/39/4 2447/39/4 2443/39/4
f 2441/39/5 2445/39/5 2448/39/5 2444/39/5
f 2442/39/6 2443/39/6 2447/39/6 2446/39/6
f 2449/39/1 2452/39/1 2451/39/1 2450/39/1
f 2453/39/2 2454/39/2 2455/39/2 2456/39/2
f 2449/39/3 2450/39/3 2454/39/3 2453/39/3
f 2452/39/4 2456/39/4 2455/39/4 2451/39/4
f 2449/39/5 2453/39/5 2456/39/5 2452/39/5
f 2450/39/6 2451/39/6 2455/39/6 2454/39/6
f 2457/52/1 2460/52/1 2459/52/1 2458/52/1
f 2461/52/2 2462/52/2 2463/52/2 2464/52/2
f 2457/52/3 2458/52/3 2462/52/3 2461/52/3
f 2460/52/4 2464/52/4 2463/52/4 2459/52/4
f 2457/52/5 2461/52/5 2464/52/5 2460/52/5
f 2458/52/6 2459/52/6 2463/52/6 2462/52/6
f 2465/52/1 2468/52/1 2467/52/1 2466/52/1
f 2469/52/2 2470/52/2 2471/52/2 2472/52/2
f 2465/52/3 2466/52/3 2470/52/3 2469/52/3
f 2468/52/4 2472/52/4 2471/52/4 2467/52/4
f 2465/52/5 2469/52/5 2472/52/5 2468/52/5
f 2466/52/6 2467/52/6 2471/52/6 2470/52/6
f 2473/52/1 2476/52/1 2475/52/1 2474/52/1
f 2477/52/2 2478/52/2 2479/52/2 2480/52/2
f 2473/52/3 2474/52/3 2478/52/3 2477/52/3
f 2476/52/4 2480/52/4 2479/52/4 2475/52/4
f 2473/52/5 2477/52/5 2480/52/5 2476/52/5
f 2474/52/6 2475/52/6 2479/52/6 2478/52/6
f 2481/52/1 2484/52/1 2483/52/1 2482/52/1
f 2485/52/2 2486/52/2 2487/52/2 2488/52/2
f 2481/52/3 2482/52/3 2486/52/3 2485/52/3
f 2484/52/4 2488/52/4 2487/52/4 2483/52/4
f 2481/52/5 2485/52/5 2488/52/5 2484/52/5
f 2482/52/6 2483/52/6 2487/52/6 2486/52/6
f 2489/56/1 2492/56/1 2491/56/1 2490/56/1
f 2493/56/2 2494/56/2 2495/56/2 2496/56/2
f 2489/56/3 2490/56/3 2494/56/3 2493/56/3
f 2492/56/4 2496/56/4 2495/56/4 2491/56/4
f 2489/56/5 2493/56/5 2496/56/5 2492/56/5
f 2490/56/6 2491/56/6 2495/56/6 2494/56/6
f 2497/56/1 2500/56/1 2499/56/1 2498/56/1
f 2501/56/2 2502/56/2 2503/56/2 2504/56/2
f 2497/56/3 2498/56/3 2502/56/3 2501/56/3
f 2500/56/4 2504/56/4 2503/56/4 2499/56/4
f 2497/56/5 2501/56/5 2504/56/5 2500/56/5
f 2498/56/6 2499/56/6 2503/56/6 2502/56/6
f 2505/56/1 2508/56/1 2507/56/1 2506/56/1
f 2509/56/2 2510/56/2 2511/56/2 2512/56/2
f 2505/56/3 2506/56/3 2510/56/3 2509/56/3
f 2508/56/4 2512/56/4 2511/56/4 2507/56/4
f 2505/56/5 2509/56/5 2512/56/5 2508/56/5
f 2506/56/6 2507/56/6 2511/56/6 2510/56/6
f 2513/56/1 2516/56/1 2515/56/1 2514/56/1
f 2517/56/2 2518/56/2 2519/56/2 2520/56/2
f 2513/56/3 2514/56/3 2518/56/3 2517/56/3
f 2516/56/4 2520/56/4 2519/56/4 2515/56/4
f 2513/56/5 2517/56/5 2520/56/5 2516/56/5
f 2514/56/6 2515/56/6 2519/56/6 2518/56/6
f 2521/56/1 2524/56/1 2523/56/1 2522/56/1
f 2525/56/2 2526/56/2 2527/56/2 2528/56/2
f 2521/56/3 2522/56/3 2526/56/3 2525/56/3
f 2524/56/4 2528/56/4 2527/56/4 2523/56/4
f 2521/56/5 2525/56/5 2528/56/5 2524/56/5
f 2522/56/6 2523/56/6 2527/56/6 2526/56/6
f 2529/56/1 2532/56/1 2531/56/1 2530/56/1
f 2533/56/2 2534/56/2 2535/56/2 2536/56/2
f 2529/56/3 2530/56/3 2534/56/3 2533/56/3
f 2532/56/4 2536/56/4 2535/56/4 2531/56/4
f 2529/56/5 2533/56/5 2536/56/5 2532/56/5
f 2530/56/6 2531/56/6 2535/56/6 2534/56/6
f 2537/47/1 2540/47/1 2539/47/1 2538/47/1
f 2541/47/2 2542/47/2 2543/47/2 2544/47/2
f 2537/47/3 2538/47/3 2542/47/3 2541/47/3
f 2540/47/4 2544/47/4 2543/47/4 2539/47/4
f 2537/47/5 2541/47/5 2544/47/5 2540/47/5
f 2538/47/6 2539/47/6 2543/47/6 2542/47/6
f 2545/47/1 2548/47/1 2547/47/1 2546/47/1
f 2549/47/2 2550/47/2 2551/47/2 2552/47/2
f 2545/47/3 2546/47/3 2550/47/3 2549/47/3
f 2548/47/4 2552/47/4 2551/47/4 2547/47/4
f 2545/47/5 2549/47/5 2552/47/5 2548/47/5
f 2546/47/6 2547/47/6 2551/47/6 2550/47/6
f 2553/47/1 2556/47/1 2555/47/1 2554/47/1
f 2557/47/2 2558/47/2 2559/47/2 2560/47/2
f 2553/47/3 2554/47/3 2558/47/3 2557/47/3
f 2556/47/4 2560/47/4 2559/47/4 2555/47/4
f 2553/47/5 2557/47/5 2560/47/5 2556/47/5
f 2554/47/6 2555/47/6 2559/47/6 2558/47/6
f 2561/47/1 2564/47/1 2563/47/1 2562/47/1
f 2565/47/2 2566/47/2 2567/47/2 2568/47/2
f 2561/47/3 2562/47/3 2566/47/3 2565/47/3
f 2564/47/4 2568/47/4 2567/47/4 2563/47/4
f 2561/47/5 2565/47/5 2568/47/5 2564/47/5
f 2562/47/6 2563/47/6 2567/47/6 2566/47/6
f 2569/39/1 2572/39/1 2571/39/1 2570/39/1
f 2573/39/2 2574/39/2 2575/39/2 2576/39/2
f 2569/39/3 2570/39/3 2574/39/3 2573/39/3
f 2572/39/4 2576/39/4 2575/39/4 2571/39/4
f 2569/39/5 2573/39/5 2576/39/5 2572/39/5
f 2570/39/6 2571/39/6 2575/39/6 2574/39/6
f 2577/39/1 2580/39/1 2579/39/1 2578/39/1
f 2581/39/2 2582/39/2 2583/39/2 2584/39/2
f 2577/39/3 2578/39/3 2582/39/3 2581/39/3
f 2580/39/4 2584/39/4 2583/39/4 2579/39/4
f 2577/39/5 2581/39/5 2584/39/5 2580/39/5
f 2578/39/6 2579/39/6 2583/39/6 2582/39/6
f 2585/52/1 2588/52/1 2587/52/1 2586/52/1
f 2589/52/2 2590/52/2 2591/52/2 2592/52/2
f 2585/52/3 2586/52/3 2590/52/3 2589/52/3
f 2588/52/4 2592/52/4 2591/52/4 2587/52/4
f 2585/52/5 2589/52/5 2592/52/5 2588/52/5
f 2586/52/6 2587/52/6 2591/52/6 2590/52/6
f 2593/52/1 2596/52/1 2595/52/1 2594/52/1
f 2597/52/2 2598/52/2 2599/52/2 2600/52/2
f 2593/52/3 2594/52/3 2598/52/3 2597/52/3
f 2596/52/4 2600/52/4 2599/52/4 2595/52/4
f 2593/52/5 2597/52/5 2600/52/5 2596/52/5
f 2594/52/6 2595/52/6 2599/52/6 2598/52/6
f 2601/52/1 2604/52/1 2603/52/1 2602/52/1
f 2605/52/2 2606/52/2 2607/52/2 2608/52/2
f 2601/52/3 2602/52/3 2606/52/3 2605/52/3
f 2604/52/4 2608/52/4 2607/52/4 2603/52/4
f 2601/52/5 2605/52/5 2608/52/5 2604/52/5
f 2602/52/6 2603/52/6 2607/52/6 2606/52/6
f 2609/52/1 2612/52/1 2611/52/1 2610/52/1
f 2613/52/2 2614/52/2 2615/52/2 2616/52/2
f 2609/52/3 2610/52/3 2614/52/3 2613/52/3
f 2612/52/4 2616/52/4 2615/52/4 2611/52/4
f 2609/52/5 2613/52/5 2616/52/5 2612/52/5
f 2610/52/6 2611/52/6 2615/52/6 2614/52/6
f 2617/56/1 2620/56/1 2619/56/1 2618/56/1
f 2621/56/2 2622/56/2 2623/56/2 2624/56/2
f 2617/56/3 2618/56/3 2622/56/3 2621/56/3
f 2620/56/4 2624/56/4 2623/56/4 2619/56/4
f 2617/56/5 2621/56/5 2624/56/5 2620/56/5
f 2618/56/6 2619/56/6 2623/56/6 2622/56/6
f 2625/56/1 2628/56/1 2627/56/1 2626/56/1
f 2629/56/2 2630/56/2 2631/56/2 2632/56/2
f 2625/56/3 2626/56/3 2630/56/3 2629/56/3
f 2628/56/4 2632/56/4 2631/56/4 2627/56/4
f 2625/56/5 2629/56/5 2632/56/5 2628/56/5
f 2626/56/6 2627/56/6 2631/56/6 2630/56/6
f 2633/56/1 2636/56/1 2635/56/1 2634/56/1
f 2637/56/2 2638/56/2 2639/56/2 2640/56/2
f 2633/56/3 2634/56/3 2638/56/3 2637/56/3
f 2636/56/4 2640/56/4 2639/56/4 2635/56/4
f 2633/56/5 2637/56/5 2640/56/5 2636/56/5
f 2634/56/6 2635/56/6 2639/56/6 2638/56/6
f 2641/56/1 2644/56/1 2643/56/1 2642/56/1
f 2645/56/2 2646/56/2 2647/56/2 2648/56/2
f 2641/56/3 2642/56/3 2646/56/3 2645/56/3
f 2644/56/4 2648/56/4 2647/56/4 2643/56/4
f 2641/56/5 2645/56/5 2648/56/5 2644/56/5
f 2642/56/6 2643/56/6 2647/56/6 2646/56/6
f 2649/56/1 2652/56/1 2651/56/1 2650/56/1
f 2653/56/2 2654/56/2 2655/56/2 2656/56/2
f 2649/56/3 2650/56/3 2654/56/3 2653/56/3
f 2652/56/4 2656/56/4 2655/56/4 2651/56/4
f 2649/56/5 2653/56/5 2656/56/5 2652/56/5
f 2650/56/6 2651/56/6 2655/56/6 2654/56/6
f 2657/56/1 2660/56/1 2659/56/1 2658/56/1
f 2661/56/2 2662/56/2 2663/56/2 2664/56/2
f 2657/56/3 2658/56/3 2662/56/3 2661/56/3
f 2660/56/4 2664/56/4 2663/56/4 2659/56/4
f 2657/56/5 2661/56/5 2664/56/5 2660/56/5
f 2658/56/6 2659/56/6 2663/56/6 2662/56/6
f 2665/47/1 2668/47/1 2667/47/1 2666/47/1
f 2669/47/2 2670/47/2 2671/47/2 2672/47/2
f 2665/47/3 2666/47/3 2670/47/3 2669/47/3
f 2668/47/4 2672/47/4 2671/47/4 2667/47/4
f 2665/47/5 2669/47/5 2672/47/5 2668/47/5
f 2666/47/6 2667/47/6 2671/47/6 2670/47/6
f 2673/47/1 2676/47/1 2675/47/1 2674/47/1
f 2677/47/2 2678/47/2 2679/47/2 2680/47/2
f 2673/47/3 2674/47/3 2678/47/3 2677/47/3
f 2676/47/4 2680/47/4 2679/47/4 2675/47/4
f 2673/47/5 2677/47/5 2680/47/5 2676/47/5
f 2674/47/6 2675/47/6 2679/47/6 2678/47/6
f 2681/39/1 2684/39/1 2683/39/1 2682/39/1
f 2685/39/2 2686/39/2 2687/39/2 2688/39/2
f 2681/39/3 2682/39/3 2686/39/3 2685/39/3
f 2684/39/4 2688/39/4 2687/39/4 2683/39/4
f 2681/39/5 2685/39/5 2688/39/5 2684/39/5
f 2682/39/6 2683/39/6 2687/39/6 2686/39/6
f 2689/53/1 2692/53/1 2691/53/1 2690/53/1
f 2693/53/2 2694/53/2 2695/53/2 2696/53/2
f 2689/53/3 2690/53/3 2694/53/3 2693/53/3
f 2692/53/4 2696/53/4 2695/53/4 2691/53/4
f 2689/53/5 2693/53/5 2696/53/5 2692/53/5
f 2690/53/6 2691/53/6 2695/53/6 2694/53/6
f 2697/53/1 2700/53/1 2699/53/1 2698/53/1
f 2701/53/2 2702/53/2 2703/53/2 2704/53/2
f 2697/53/3 2698/53/3 2702/53/3 2701/53/3
f 2700/53/4 2704/53/4 2703/53/4 2699/53/4
f 2697/53/5 2701/53/5 2704/53/5 2700/53/5
f 2698/53/6 2699/53/6 2703/53/6 2702/53/6
f 2705/52/1 2708/52/1 2707/52/1 2706/52/1
f 2709/52/2 2710/52/2 2711/52/2 2712/52/2
f 2705/52/3 2706/52/3 2710/52/3 2709/52/3
f 2708/52/4 2712/52/4 2711/52/4 2707/52/4
f 2705/52/5 2709/52/5 2712/52/5 2708/52/5
f 2706/52/6 2707/52/6 2711/52/6 2710/52/6
f 2713/53/1 2716/53/1 2715/53/1 2714/53/1
f 2717/53/2 2718/53/2 2719/53/2 2720/53/2
f 2713/53/3 2714/53/3 2718/53/3 2717/53/3
f 2716/53/4 2720/53/4 2719/53/4 2715/53/4
f 2713/53/5 2717/53/5 2720/53/5 2716/53/5
f 2714/53/6 2715/53/6 2719/53/6 2718/53/6
f 2721/52/1 2724/52/1 2723/52/1 2722/52/1
f 2725/52/2 2726/52/2 2727/52/2 2728/52/2
f 2721/52/3 2722/52/3 2726/52/3 2725/52/3
f 2724/52/4 2728/52/4 2727/52/4 2723/52/4
f 2721/52/5 2725/52/5 2728/52/5 2724/52/5
f 2722/52/6 2723/52/6 2727/52/6 2726/52/6
f 2729/53/1 2732/53/1 2731/53/1 2730/53/1
f 2733/53/2 2734/53/2 2735/53/2 2736/53/2
f 2729/53/3 2730/53/3 2734/53/3 2733/53/3
f 2732/53/4 2736/53/4 2735/53/4 2731/53/4
f 2729/53/5 2733/53/5 2736/53/5 2732/53/5
f 2730/53/6 2731/53/6 2735/53/6 2734/53/6
f 2737/52/1 2740/52/1 2739/52/1 2738/52/1
f 2741/52/2 2742/52/2 2743/52/2 2744/52/2
f 2737/52/3 2738/52/3 2742/52/3 2741/52/3
f 2740/52/4 2744/52/4 2743/52/4 2739/52/4
f 2737/52/5 2741/52/5 2744/52/5 2740/52/5
f 2738/52/6 2739/52/6 2743/52/6 2742/52/6
f 2745/53/1 2748/53/1 2747/53/1 2746/53/1
f 2749/53/2 2750/53/2 2751/53/2 2752/53/2
f 2745/53/3 2746/53/3 2750/53/3 2749/53/3
f 2748/53/4 2752/53/4 2751/53/4 2747/53/4
f 2745/53/5 2749/53/5 2752/53/5 2748/53/5
f 2746/53/6 2747/53/6 2751/53/6 2750/53/6
f 2753/52/1 2756/52/1 2755/52/1 2754/52/1
f 2757/52/2 2758/52/2 2759/52/2 2760/52/2
f 2753/52/3 2754/52/3 2758/52/3 2757/52/3
f 2756/52/4 2760/52/4 2759/52/4 2755/52/4
f 2753/52/5 2757/52/5 2760/52/5 2756/52/5
f 2754/52/6 2755/52/6 2759/52/6 2758/52/6
f 2761/53/1 2764/53/1 2763/53/1 2762/53/1
f 2765/53/2 2766/53/2 2767/53/2 2768/53/2
f 2761/53/3 2762/53/3 2766/53/3 2765/53/3
f 2764/53/4 2768/53/4 2767/53/4 2763/53/4
f 2761/53/5 2765/53/5 2768/53/5 2764/53/5
f 2762/53/6 2763/53/6 2767/53/6 2766/53/6
f 2769/56/1 2772/56/1 2771/56/1 2770/56/1
f 2773/56/2 2774/56/2 2775/56/2 2776/56/2
f 2769/56/3 2770/56/3 2774/56/3 2773/56/3
f 2772/56/4 2776/56/4 2775/56/4 2771/56/4
f 2769/56/5 2773/56/5 2776/56/5 2772/56/5
f 2770/56/6 2771/56/6 2775/56/6 2774/56/6
f 2777/56/1 2780/56/1 2779/56/1 2778/56/1
f 2781/56/2 2782/56/2 2783/56/2 2784/56/2
f 2777/56/3 2778/56/3 2782/56/3 2781/56/3
f 2780/56/4 2784/56/4 2783/56/4 2779/56/4
f 2777/56/5 2781/56/5 2784/56/5 2780/56/5
f 2778/56/6 2779/56/6 2783/56/6 2782/56/6
f 2785/56/1 2788/56/1 2787/56/1 2786/56/1
f 2789/56/2 2790/56/2 2791/56/2 2792/56/2
f 2785/56/3 2786/56/3 2790/56/3 2789/56/3
f 2788/56/4 2792/56/4 2791/56/4 2787/56/4
f 2785/56/5 2789/56/5 2792/56/5 2788/56/5
f 2786/56/6 2787/56/6 2791/56/6 2790/56/6
f 2793/47/1 2796/47/1 2795/47/1 2794/47/1
f 2797/47/2 2798/47/2 2799/47/2 2800/47/2
f 2793/47/3 2794/47/3 2798/47/3 2797/47/3
f 2796/47/4 2800/47/4 2799/47/4 2795/47/4
f 2793/47/5 2797/47/5 2800/47/5 2796/47/5
f 2794/47/6 2795/47/6 2799/47/6 2798/47/6
f 2801/39/1 2804/39/1 2803/39/1 2802/39/1
f 2805/39/2 2806/39/2 2807/39/2 2808/39/2
f 2801/39/3 2802/39/3 2806/39/3 2805/39/3
f 2804/39/4 2808/39/4 2807/39/4 2803/39/4
f 2801/39/5 2805/39/5 2808/39/5 2804/39/5
f 2802/39/6 2803/39/6 2807/39/6 2806/39/6
f 2809/53/1 2812/53/1 2811/53/1 2810/53/1
f 2813/53/2 2814/53/2 2815/53/2 2816/53/2
f 2809/53/3 2810/53/3 2814/53/3 2813/53/3
f 2812/53/4 2816/53/4 2815/53/4 2811/53/4
f 2809/53/5 2813/53/5 2816/53/5 2812/53/5
f 2810/53/6 2811/53/6 2815/53/6 2814/53/6
f 2817/53/1 2820/53/1 2819/53/1 2818/53/1
f 2821/53/2 2822/53/2 2823/53/2 2824/53/2
f 2817/53/3 2818/53/3 2822/53/3 2821/53/3
f 2820/53/4 2824/53/4 2823/53/4 2819/53/4
f 2817/53/5 2821/53/5 2824/53/5 2820/53/5
f 2818/53/6 2819/53/6 2823/53/6 2822/53/6
f 2825/52/1 2828/52/1 2827/52/1 2826/52/1
f 2829/52/2 2830/52/2 2831/52/2 2832/52/2
f 2825/52/3 2826/52/3 2830/52/3 2829/52/3
f 2828/52/4 2832/52/4 2831/52/4 2827/52/4
f 2825/52/5 2829/52/5 2832/52/5 2828/52/5
f 2826/52/6 2827/52/6 2831/52/6 2830/52/6
f 2833/53/1 2836/53/1 2835/53/1 2834/53/1
f 2837/53/2 2838/53/2 2839/53/2 2840/53/2
f 2833/53/3 2834/53/3 2838/53/3 2837/53/3
f 2836/53/4 2840/53/4 2839/53/4 2835/53/4
f 2833/53/5 2837/53/5 2840/53/5 2836/53/5
f 2834/53/6 2835/53/6 2839/53/6 2838/53/6
f 2841/52/1 2844/52/1 2843/52/1 2842/52/1
f 2845/52/2 2846/52/2 2847/52/2 2848/52/2
f 2841/52/3 2842/52/3 2846/52/3 2845/52/3
f 2844/52/4 2848/52/4 2847/52/4 2843/52/4
f 2841/52/5 2845/52/5 2848/52/5 2844/52/5
f 2842/52/6 2843/52/6 2847/52/6 2846/52/6
f 2849/53/1 2852/53/1 2851/53/1 2850/53/1
f 2853/53/2 2854/53/2 2855/53/2 2856/53/2
f 2849/53/3 2850/53/3 2854/53/3 2853/53/3
f 2852/53/4 2856/53/4 2855/53/4 2851/53/4
f 2849/53/5 2853/53/5 2856/53/5 2852/53/5
f 2850/53/6 2851/53/6 2855/53/6 2854/53/6
f 2857/52/1 2860/52/1 2859/52/1 2858/52/1
f 2861/52/2 2862/52/2 2863/52/2 2864/52/2
f 2857/52/3 2858/52/3 2862/52/3 2861/52/3
f 2860/52/4 2864/52/4 2863/52/4 2859/52/4
f 2857/52/5 2861/52/5 2864/52/5 2860/52/5
f 2858/52/6 2859/52/6 2863/52/6 2862/52/6
f 2865/53/1 2868/53/1 2867/53/1 2866/53/1
f 2869/53/2 2870/53/2 2871/53/2 2872/53/2
f 2865/53/3 2866/53/3 2870/53/3 2869/53/3
f 2868/53/4 2872/53/4 2871/53/4 2867/53/4
f 2865/53/5 2869/53/5 2872/53/5 2868/53/5
f 2866/53/6 2867/53/6 2871/53/6 2870/53/6
f 2873/52/1 2876/52/1 2875/52/1 2874/52/1
f 2877/52/2 2878/52/2 2879/52/2 2880/52/2
f 2873/52/3 2874/52/3 2878/52/3 2877/52/3
f 2876/52/4 2880/52/4 2879/52/4 2875/52/4
f 2873/52/5 2877/52/5 2880/52/5 2876/52/5
f 2874/52/6 2875/52/6 2879/52/6 2878/52/6
f 2881/53/1 2884/53/1 2883/53/1 2882/53/1
f 2885/53/2 2886/53/2 2887/53/2 2888/53/2
f 2881/53/3 2882/53/3 2886/53/3 2885/53/3
f 2884/53/4 2888/53/4 2887/53/4 2883/53/4
f 2881/53/5 2885/53/5 2888/53/5 2884/53/5
f 2882/53/6 2883/53/6 2887/53/6 2886/53/6
f 2889/56/1 2892/56/1 2891/56/1 2890/56/1
f 2893/56/2 2894/56/2 2895/56/2 2896/56/2
f 2889/56/3 2890/56/3 2894/56/3 2893/56/3
f 2892/56/4 2896/56/4 2895/56/4 2891/56/4
f 2889/56/5 2893/56/5 2896/56/5 2892/56/5
f 2890/56/6 2891/56/6 2895/56/6 2894/56/6
f 2897/56/1 2900/56/1 2899/56/1 2898/56/1
f 2901/56/2 2902/56/2 2903/56/2 2904/56/2
f 2897/56/3 2898/56/3 2902/56/3 2901/56/3
f 2900/56/4 2904/56/4 2903/56/4 2899/56/4
f 2897/56/5 2901/56/5 2904/56/5 2900/56/5
f 2898/56/6 2899/56/6 2903/56/6 2902/56/6
f 2905/56/1 2908/56/1 2907/56/1 2906/56/1
f 2909/56/2 2910/56/2 2911/56/2 2912/56/2
f 2905/56/3 2906/56/3 2910/56/3 2909/56/3
f 2908/56/4 2912/56/4 2911/56/4 2907/56/4
f 2905/56/5 2909/56/5 2912/56/5 2908/56/5
f 2906/56/6 2907/56/6 2911/56/6 2910/56/6
o FRAME
usemtl palette
f 2913/30/1 2916/30/1 2915/30/1 2914/30/1
f 2917/30/2 2918/30/2 2919/30/2 2920/30/2
f 2913/30/3 2914/30/3 2918/30/3 2917/30/3
f 2916/30/4 2920/30/4 2919/30/4 2915/30/4
f 2913/30/5 2917/30/5 2920/30/5 2916/30/5
f 2914/30/6 2915/30/6 2919/30/6 2918/30/6
f 2921/33/1 2924/33/1 2923/33/1 2922/33/1
f 2925/33/2 2926/33/2 2927/33/2 2928/33/2
f 2921/33/3 2922/33/3 2926/33/3 2925/33/3
f 2924/33/4 2928/33/4 2927/33/4 2923/33/4
f 2921/33/5 2925/33/5 2928/33/5 2924/33/5
f 2922/33/6 2923/33/6 2927/33/6 2926/33/6
f 2929/30/1 2932/30/1 2931/30/1 2930/30/1
f 2933/30/2 2934/30/2 2935/30/2 2936/30/2
f 2929/30/3 2930/30/3 2934/30/3 2933/30/3
f 2932/30/4 2936/30/4 2935/30/4 2931/30/4
f 2929/30/5 2933/30/5 2936/30/5 2932/30/5
f 2930/30/6 2931/30/6 2935/30/6 2934/30/6
f 2937/30/1 2940/30/1 2939/30/1 2938/30/1
f 2941/30/2 2942/30/2 2943/30/2 2944/30/2
f 2937/30/3 2938/30/3 2942/30/3 2941/30/3
f 2940/30/4 2944/30/4 2943/30/4 2939/30/4
f 2937/30/5 2941/30/5 2944/30/5 2940/30/5
f 2938/30/6 2939/30/6 2943/30/6 2942/30/6
f 2945/30/1 2948/30/1 2947/30/1 2946/30/1
f 2949/30/2 2950/30/2 2951/30/2 2952/30/2
f 2945/30/3 2946/30/3 2950/30/3 2949/30/3
f 2948/30/4 2952/30/4 2951/30/4 2947/30/4
f 2945/30/5 2949/30/5 2952/30/5 2948/30/5
f 2946/30/6 2947/30/6 2951/30/6 2950/30/6
f 2953/30/1 2956/30/1 2955/30/1 2954/30/1
f 2957/30/2 2958/30/2 2959/30/2 2960/30/2
f 2953/30/3 2954/30/3 2958/30/3 2957/30/3
f 2956/30/4 2960/30/4 2959/30/4 2955/30/4
f 2953/30/5 2957/30/5 2960/30/5 2956/30/5
f 2954/30/6 2955/30/6 2959/30/6 2958/30/6
f 2961/30/1 2964/30/1 2963/30/1 2962/30/1
f 2965/30/2 2966/30/2 2967/30/2 2968/30/2
f 2961/30/3 2962/30/3 2966/30/3 2965/30/3
f 2964/30/4 2968/30/4 2967/30/4 2963/30/4
f 2961/30/5 2965/30/5 2968/30/5 2964/30/5
f 2962/30/6 2963/30/6 2967/30/6 2966/30/6
f 2969/30/1 2972/30/1 2971/30/1 2970/30/1
f 2973/30/2 2974/30/2 2975/30/2 2976/30/2
f 2969/30/3 2970/30/3 2974/30/3 2973/30/3
f 2972/30/4 2976/30/4 2975/30/4 2971/30/4
f 2969/30/5 2973/30/5 2976/30/5 2972/30/5
f 2970/30/6 2971/30/6 2975/30/6 2974/30/6
f 2977/30/1 2980/30/1 2979/30/1 2978/30/1
f 2981/30/2 2982/30/2 2983/30/2 2984/30/2
f 2977/30/3 2978/30/3 2982/30/3 2981/30/3
f 2980/30/4 2984/30/4 2983/30/4 2979/30/4
f 2977/30/5 2981/30/5 2984/30/5 2980/30/5
f 2978/30/6 2979/30/6 2983/30/6 2982/30/6
f 2985/30/1 2988/30/1 2987/30/1 2986/30/1
f 2989/30/2 2990/30/2 2991/30/2 2992/30/2
f 2985/30/3 2986/30/3 2990/30/3 2989/30/3
f 2988/30/4 2992/30/4 2991/30/4 2987/30/4
f 2985/30/5 2989/30/5 2992/30/5 2988/30/5
f 2986/30/6 2987/30/6 2991/30/6 2990/30/6
f 2993/32/1 2996/32/1 2995/32/1 2994/32/1
f 2997/32/2 2998/32/2 2999/32/2 3000/32/2
f 2993/32/3 2994/32/3 2998/32/3 2997/32/3
f 2996/32/4 3000/32/4 2999/32/4 2995/32/4
f 2993/32/5 2997/32/5 3000/32/5 2996/32/5
f 2994/32/6 2995/32/6 2999/32/6 2998/32/6
f 3001/30/1 3004/30/1 3003/30/1 3002/30/1
f 3005/30/2 3006/30/2 3007/30/2 3008/30/2
f 3001/30/3 3002/30/3 3006/30/3 3005/30/3
f 3004/30/4 3008/30/4 3007/30/4 3003/30/4
f 3001/30/5 3005/30/5 3008/30/5 3004/30/5
f 3002/30/6 3003/30/6 3007/30/6 3006/30/6
f 3009/30/1 3012/30/1 3011/30/1 3010/30/1
f 3013/30/2 3014/30/2 3015/30/2 3016/30/2
f 3009/30/3 3010/30/3 3014/30/3 3013/30/3
f 3012/30/4 3016/30/4 3015/30/4 3011/30/4
f 3009/30/5 3013/30/5 3016/30/5 3012/30/5
f 3010/30/6 3011/30/6 3015/30/6 3014/30/6
f 3017/30/1 3020/30/1 3019/30/1 3018/30/1
f 3021/30/2 3022/30/2 3023/30/2 3024/30/2
f 3017/30/3 3018/30/3 3022/30/3 3021/30/3
f 3020/30/4 3024/30/4 3023/30/4 3019/30/4
f 3017/30/5 3021/30/5 3024/30/5 3020/30/5
f 3018/30/6 3019/30/6 3023/30/6 3022/30/6
f 3025/30/1 3028/30/1 3027/30/1 3026/30/1
f 3029/30/2 3030/30/2 3031/30/2 3032/30/2
f 3025/30/3 3026/30/3 3030/30/3 3029/30/3
f 3028/30/4 3032/30/4 3031/30/4 3027/30/4
f 3025/30/5 3029/30/5 3032/30/5 3028/30/5
f 3026/30/6 3027/30/6 3031/30/6 3030/30/6
f 3033/30/1 3036/30/1 3035/30/1 3034/30/1
f 3037/30/2 3038/30/2 3039/30/2 3040/30/2
f 3033/30/3 3034/30/3 3038/30/3 3037/30/3
f 3036/30/4 3040/30/4 3039/30/4 3035/30/4
f 3033/30/5 3037/30/5 3040/30/5 3036/30/5
f 3034/30/6 3035/30/6 3039/30/6 3038/30/6
f 3041/30/1 3044/30/1 3043/30/1 3042/30/1
f 3045/30/2 3046/30/2 3047/30/2 3048/30/2
f 3041/30/3 3042/30/3 3046/30/3 3045/30/3
f 3044/30/4 3048/30/4 3047/30/4 3043/30/4
f 3041/30/5 3045/30/5 3048/30/5 3044/30/5
f 3042/30/6 3043/30/6 3047/30/6 3046/30/6
f 3049/30/1 3052/30/1 3051/30/1 3050/30/1
f 3053/30/2 3054/30/2 3055/30/2 3056/30/2
f 3049/30/3 3050/30/3 3054/30/3 3053/30/3
f 3052/30/4 3056/30/4 3055/30/4 3051/30/4
f 3049/30/5 3053/30/5 3056/30/5 3052/30/5
f 3050/30/6 3051/30/6 3055/30/6 3054/30/6
f 3057/30/1 3060/30/1 3059/30/1 3058/30/1
f 3061/30/2 3062/30/2 3063/30/2 3064/30/2
f 3057/30/3 3058/30/3 3062/30/3 3061/30/3
f 3060/30/4 3064/30/4 3063/30/4 3059/30/4
f 3057/30/5 3061/30/5 3064/30/5 3060/30/5
f 3058/30/6 3059/30/6 3063/30/6 3062/30/6
f 3065/30/1 3068/30/1 3067/30/1 3066/30/1
f 3069/30/2 3070/30/2 3071/30/2 3072/30/2
f 3065/30/3 3066/30/3 3070/30/3 3069/30/3
f 3068/30/4 3072/30/4 3071/30/4 3067/30/4
f 3065/30/5 3069/30/5 3072/30/5 3068/30/5
f 3066/30/6 3067/30/6 3071/30/6 3070/30/6
f 3073/30/1 3076/30/1 3075/30/1 3074/30/1
f 3077/30/2 3078/30/2 3079/30/2 3080/30/2
f 3073/30/3 3074/30/3 3078/30/3 3077/30/3
f 3076/30/4 3080/30/4 3079/30/4 3075/30/4
f 3073/30/5 3077/30/5 3080/30/5 3076/30/5
f 3074/30/6 3075/30/6 3079/30/6 3078/30/6
f 3081/30/1 3084/30/1 3083/30/1 3082/30/1
f 3085/30/2 3086/30/2 3087/30/2 3088/30/2
f 3081/30/3 3082/30/3 3086/30/3 3085/30/3
f 3084/30/4 3088/30/4 3087/30/4 3083/30/4
f 3081/30/5 3085/30/5 3088/30/5 3084/30/5
f 3082/30/6 3083/30/6 3087/30/6 3086/30/6
f 3089/30/1 3092/30/1 3091/30/1 3090/30/1
f 3093/30/2 3094/30/2 3095/30/2 3096/30/2
f 3089/30/3 3090/30/3 3094/30/3 3093/30/3
f 3092/30/4 3096/30/4 3095/30/4 3091/30/4
f 3089/30/5 3093/30/5 3096/30/5 3092/30/5
f 3090/30/6 3091/30/6 3095/30/6 3094/30/6
f 3097/30/1 3100/30/1 3099/30/1 3098/30/1
f 3101/30/2 3102/30/2 3103/30/2 3104/30/2
f 3097/30/3 3098/30/3 3102/30/3 3101/30/3
f 3100/30/4 3104/30/4 3103/30/4 3099/30/4
f 3097/30/5 3101/30/5 3104/30/5 3100/30/5
f 3098/30/6 3099/30/6 3103/30/6 3102/30/6
f 3105/30/1 3108/30/1 3107/30/1 3106/30/1
f 3109/30/2 3110/30/2 3111/30/2 3112/30/2
f 3105/30/3 3106/30/3 3110/30/3 3109/30/3
f 3108/30/4 3112/30/4 3111/30/4 3107/30/4
f 3105/30/5 3109/30/5 3112/30/5 3108/30/5
f 3106/30/6 3107/30/6 3111/30/6 3110/30/6
f 3113/36/1 3116/36/1 3115/36/1 3114/36/1
f 3117/36/2 3118/36/2 3119/36/2 3120/36/2
f 3113/36/3 3114/36/3 3118/36/3 3117/36/3
f 3116/36/4 3120/36/4 3119/36/4 3115/36/4
f 3113/36/5 3117/36/5 3120/36/5 3116/36/5
f 3114/36/6 3115/36/6 3119/36/6 3118/36/6
f 3121/36/1 3124/36/1 3123/36/1 3122/36/1
f 3125/36/2 3126/36/2 3127/36/2 3128/36/2
f 3121/36/3 3122/36/3 3126/36/3 3125/36/3
f 3124/36/4 3128/36/4 3127/36/4 3123/36/4
f 3121/36/5 3125/36/5 3128/36/5 3124/36/5
f 3122/36/6 3123/36/6 3127/36/6 3126/36/6
f 3129/32/1 3132/32/1 3131/32/1 3130/32/1
f 3133/32/2 3134/32/2 3135/32/2 3136/32/2
f 3129/32/3 3130/32/3 3134/32/3 3133/32/3
f 3132/32/4 3136/32/4 3135/32/4 3131/32/4
f 3129/32/5 3133/32/5 3136/32/5 3132/32/5
f 3130/32/6 3131/32/6 3135/32/6 3134/32/6
f 3137/30/1 3140/30/1 3139/30/1 3138/30/1
f 3141/30/2 3142/30/2 3143/30/2 3144/30/2
f 3137/30/3 3138/30/3 3142/30/3 3141/30/3
f 3140/30/4 3144/30/4 3143/30/4 3139/30/4
f 3137/30/5 3141/30/5 3144/30/5 3140/30/5
f 3138/30/6 3139/30/6 3143/30/6 3142/30/6
f 3145/30/1 3148/30/1 3147/30/1 3146/30/1
f 3149/30/2 3150/30/2 3151/30/2 3152/30/2
f 3145/30/3 3146/30/3 3150/30/3 3149/30/3
f 3148/30/4 3152/30/4 3151/30/4 3147/30/4
f 3145/30/5 3149/30/5 3152/30/5 3148/30/5
f 3146/30/6 3147/30/6 3151/30/6 3150/30/6
f 3153/30/1 3156/30/1 3155/30/1 3154/30/1
f 3157/30/2 3158/30/2 3159/30/2 3160/30/2
f 3153/30/3 3154/30/3 3158/30/3 3157/30/3
f 3156/30/4 3160/30/4 3159/30/4 3155/30/4
f 3153/30/5 3157/30/5 3160/30/5 3156/30/5
f 3154/30/6 3155/30/6 3159/30/6 3158/30/6
f 3161/30/1 3164/30/1 3163/30/1 3162/30/1
f 3165/30/2 3166/30/2 3167/30/2 3168/30/2
f 3161/30/3 3162/30/3 3166/30/3 3165/30/3
f 3164/30/4 3168/30/4 3167/30/4 3163/30/4
f 3161/30/5 3165/30/5 3168/30/5 3164/30/5
f 3162/30/6 3163/30/6 3167/30/6 3166/30/6
f 3169/30/1 3172/30/1 3171/30/1 3170/30/1
f 3173/30/2 3174/30/2 3175/30/2 3176/30/2
f 3169/30/3 3170/30/3 3174/30/3 3173/30/3
f 3172/30/4 3176/30/4 3175/30/4 3171/30/4
f 3169/30/5 3173/30/5 3176/30/5 3172/30/5
f 3170/30/6 3171/30/6 3175/30/6 3174/30/6
f 3177/30/1 3180/30/1 3179/30/1 3178/30/1
f 3181/30/2 3182/30/2 3183/30/2 3184/30/2
f 3177/30/3 3178/30/3 3182/30/3 3181/30/3
f 3180/30/4 3184/30/4 3183/30/4 3179/30/4
f 3177/30/5 3181/30/5 3184/30/5 3180/30/5
f 3178/30/6 3179/30/6 3183/30/6 3182/30/6
f 3185/30/1 3188/30/1 3187/30/1 3186/30/1
f 3189/30/2 3190/30/2 3191/30/2 3192/30/2
f 3185/30/3 3186/30/3 3190/30/3 3189/30/3
f 3188/30/4 3192/30/4 3191/30/4 3187/30/4
f 3185/30/5 3189/30/5 3192/30/5 3188/30/5
f 3186/30/6 3187/30/6 3191/30/6 3190/30/6
f 3193/30/1 3196/30/1 3195/30/1 3194/30/1
f 3197/30/2 3198/30/2 3199/30/2 3200/30/2
f 3193/30/3 3194/30/3 3198/30/3 3197/30/3
f 3196/30/4 3200/30/4 3199/30/4 3195/30/4
f 3193/30/5 3197/30/5 3200/30/5 3196/30/5
f 3194/30/6 3195/30/6 3199/30/6 3198/30/6
f 3201/33/1 3204/33/1 3203/33/1 3202/33/1
f 3205/33/2 3206/33/2 3207/33/2 3208/33/2
f 3201/33/3 3202/33/3 3206/33/3 3205/33/3
f 3204/33/4 3208/33/4 3207/33/4 3203/33/4
f 3201/33/5 3205/33/5 3208/33/5 3204/33/5
f 3202/33/6 3203/33/6 3207/33/6 3206/33/6
f 3209/30/1 3212/30/1 3211/30/1 3210/30/1
f 3213/30/2 3214/30/2 3215/30/2 3216/30/2
f 3209/30/3 3210/30/3 3214/30/3 3213/30/3
f 3212/30/4 3216/30/4 3215/30/4 3211/30/4
f 3209/30/5 3213/30/5 3216/30/5 3212/30/5
f 3210/30/6 3211/30/6 3215/30/6 3214/30/6
f 3217/30/1 3220/30/1 3219/30/1 3218/30/1
f 3221/30/2 3222/30/2 3223/30/2 3224/30/2
f 3217/30/3 3218/30/3 3222/30/3 3221/30/3
f 3220/30/4 3224/30/4 3223/30/4 3219/30/4
f 3217/30/5 3221/30/5 3224/30/5 3220/30/5
f 3218/30/6 3219/30/6 3223/30/6 3222/30/6
f 3225/30/1 3228/30/1 3227/30/1 3226/30/1
f 3229/30/2 3230/30/2 3231/30/2 3232/30/2
f 3225/30/3 3226/30/3 3230/30/3 3229/30/3
f 3228/30/4 3232/30/4 3231/30/4 3227/30/4
f 3225/30/5 3229/30/5 3232/30/5 3228/30/5
f 3226/30/6 3227/30/6 3231/30/6 3230/30/6
f 3233/30/1 3236/30/1 3235/30/1 3234/30/1
f 3237/30/2 3238/30/2 3239/30/2 3240/30/2
f 3233/30/3 3234/30/3 3238/30/3 3237/30/3
f 3236/30/4 3240/30/4 3239/30/4 3235/30/4
f 3233/30/5 3237/30/5 3240/30/5 3236/30/5
f 3234/30/6 3235/30/6 3239/30/6 3238/30/6
f 3241/30/1 3244/30/1 3243/30/1 3242/30/1
f 3245/30/2 3246/30/2 3247/30/2 3248/30/2
f 3241/30/3 3242/30/3 3246/30/3 3245/30/3
f 3244/30/4 3248/30/4 3247/30/4 3243/30/4
f 3241/30/5 3245/30/5 3248/30/5 3244/30/5
f 3242/30/6 3243/30/6 3247/30/6 3246/30/6
f 3249/30/1 3252/30/1 3251/30/1 3250/30/1
f 3253/30/2 3254/30/2 3255/30/2 3256/30/2
f 3249/30/3 3250/30/3 3254/30/3 3253/30/3
f 3252/30/4 3256/30/4 3255/30/4 3251/30/4
f 3249/30/5 3253/30/5 3256/30/5 3252/30/5
f 3250/30/6 3251/30/6 3255/30/6 3254/30/6
f 3257/30/1 3260/30/1 3259/30/1 3258/30/1
f 3261/30/2 3262/30/2 3263/30/2 3264/30/2
f 3257/30/3 3258/30/3 3262/30/3 3261/30/3
f 3260/30/4 3264/30/4 3263/30/4 3259/30/4
f 3257/30/5 3261/30/5 3264/30/5 3260/30/5
f 3258/30/6 3259/30/6 3263/30/6 3262/30/6
f 3265/30/1 3268/30/1 3267/30/1 3266/30/1
f 3269/30/2 3270/30/2 3271/30/2 3272/30/2
f 3265/30/3 3266/30/3 3270/30/3 3269/30/3
f 3268/30/4 3272/30/4 3271/30/4 3267/30/4
f 3265/30/5 3269/30/5 3272/30/5 3268/30/5
f 3266/30/6 3267/30/6 3271/30/6 3270/30/6
f 3273/36/1 3276/36/1 3275/36/1 3274/36/1
f 3277/36/2 3278/36/2 3279/36/2 3280/36/2
f 3273/36/3 3274/36/3 3278/36/3 3277/36/3
f 3276/36/4 3280/36/4 3279/36/4 3275/36/4
f 3273/36/5 3277/36/5 3280/36/5 3276/36/5
f 3274/36/6 3275/36/6 3279/36/6 3278/36/6
f 3281/33/1 3284/33/1 3283/33/1 3282/33/1
f 3285/33/2 3286/33/2 3287/33/2 3288/33/2
f 3281/33/3 3282/33/3 3286/33/3 3285/33/3
f 3284/33/4 3288/33/4 3287/33/4 3283/33/4
f 3281/33/5 3285/33/5 3288/33/5 3284/33/5
f 3282/33/6 3283/33/6 3287/33/6 3286/33/6
f 3289/35/1 3292/35/1 3291/35/1 3290/35/1
f 3293/35/2 3294/35/2 3295/35/2 3296/35/2
f 3289/35/3 3290/35/3 3294/35/3 3293/35/3
f 3292/35/4 3296/35/4 3295/35/4 3291/35/4
f 3289/35/5 3293/35/5 3296/35/5 3292/35/5
f 3290/35/6 3291/35/6 3295/35/6 3294/35/6
f 3297/34/1 3300/34/1 3299/34/1 3298/34/1
f 3301/34/2 3302/34/2 3303/34/2 3304/34/2
f 3297/34/3 3298/34/3 3302/34/3 3301/34/3
f 3300/34/4 3304/34/4 3303/34/4 3299/34/4
f 3297/34/5 3301/34/5 3304/34/5 3300/34/5
f 3298/34/6 3299/34/6 3303/34/6 3302/34/6
f 3305/34/1 3308/34/1 3307/34/1 3306/34/1
f 3309/34/2 3310/34/2 3311/34/2 3312/34/2
f 3305/34/3 3306/34/3 3310/34/3 3309/34/3
f 3308/34/4 3312/34/4 3311/34/4 3307/34/4
f 3305/34/5 3309/34/5 3312/34/5 3308/34/5
f 3306/34/6 3307/34/6 3311/34/6 3310/34/6
f 3313/34/1 3316/34/1 3315/34/1 3314/34/1
f 3317/34/2 3318/34/2 3319/34/2 3320/34/2
f 3313/34/3 3314/34/3 3318/34/3 3317/34/3
f 3316/34/4 3320/34/4 3319/34/4 3315/34/4
f 3313/34/5 3317/34/5 3320/34/5 3316/34/5
f 3314/34/6 3315/34/6 3319/34/6 3318/34/6
f 3321/34/1 3324/34/1 3323/34/1 3322/34/1
f 3325/34/2 3326/34/2 3327/34/2 3328/34/2
f 3321/34/3 3322/34/3 3326/34/3 3325/34/3
f 3324/34/4 3328/34/4 3327/34/4 3323/34/4
f 3321/34/5 3325/34/5 3328/34/5 3324/34/5
f 3322/34/6 3323/34/6 3327/34/6 3326/34/6
f 3329/34/1 3332/34/1 3331/34/1 3330/34/1
f 3333/34/2 3334/34/2 3335/34/2 3336/34/2
f 3329/34/3 3330/34/3 3334/34/3 3333/34/3
f 3332/34/4 3336/34/4 3335/34/4 3331/34/4
f 3329/34/5 3333/34/5 3336/34/5 3332/34/5
f 3330/34/6 3331/34/6 3335/34/6 3334/34/6
f 3337/34/1 3340/34/1 3339/34/1 3338/34/1
f 3341/34/2 3342/34/2 3343/34/2 3344/34/2
f 3337/34/3 3338/34/3 3342/34/3 3341/34/3
f 3340/34/4 3344/34/4 3343/34/4 3339/34/4
f 3337/34/5 3341/34/5 3344/34/5 3340/34/5
f 3338/34/6 3339/34/6 3343/34/6 3342/34/6
f 3345/34/1 3348/34/1 3347/34/1 3346/34/1
f 3349/34/2 3350/34/2 3351/34/2 3352/34/2
f 3345/34/3 3346/34/3 3350/34/3 3349/34/3
f 3348/34/4 3352/34/4 3351/34/4 3347/34/4
f 3345/34/5 3349/34/5 3352/34/5 3348/34/5
f 3346/34/6 3347/34/6 3351/34/6 3350/34/6
f 3353/34/1 3356/34/1 3355/34/1 3354/34/1
f 3357/34/2 3358/34/2 3359/34/2 3360/34/2
f 3353/34/3 3354/34/3 3358/34/3 3357/34/3
f 3356/34/4 3360/34/4 3359/34/4 3355/34/4
f 3353/34/5 3357/34/5 3360/34/5 3356/34/5
f 3354/34/6 3355/34/6 3359/34/6 3358/34/6
f 3361/34/1 3364/34/1 3363/34/1 3362/34/1
f 3365/34/2 3366/34/2 3367/34/2 3368/34/2
f 3361/34/3 3362/34/3 3366/34/3 3365/34/3
f 3364/34/4 3368/34/4 3367/34/4 3363/34/4
f 3361/34/5 3365/34/5 3368/34/5 3364/34/5
f 3362/34/6 3363/34/6 3367/34/6 3366/34/6
f 3369/34/1 3372/34/1 3371/34/1 3370/34/1
f 3373/34/2 3374/34/2 3375/34/2 3376/34/2
f 3369/34/3 3370/34/3 3374/34/3 3373/34/3
f 3372/34/4 3376/34/4 3375/34/4 3371/34/4
f 3369/34/5 3373/34/5 3376/34/5 3372/34/5
f 3370/34/6 3371/34/6 3375/34/6 3374/34/6
f 3377/34/1 3380/34/1 3379/34/1 3378/34/1
f 3381/34/2 3382/34/2 3383/34/2 3384/34/2
f 3377/34/3 3378/34/3 3382/34/3 3381/34/3
f 3380/34/4 3384/34/4 3383/34/4 3379/34/4
f 3377/34/5 3381/34/5 3384/34/5 3380/34/5
f 3378/34/6 3379/34/6 3383/34/6 3382/34/6
f 3385/34/1 3388/34/1 3387/34/1 3386/34/1
f 3389/34/2 3390/34/2 3391/34/2 3392/34/2
f 3385/34/3 3386/34/3 3390/34/3 3389/34/3
f 3388/34/4 3392/34/4 3391/34/4 3387/34/4
f 3385/34/5 3389/34/5 3392/34/5 3388/34/5
f 3386/34/6 3387/34/6 3391/34/6 3390/34/6
f 3393/34/1 3396/34/1 3395/34/1 3394/34/1
f 3397/34/2 3398/34/2 3399/34/2 3400/34/2
f 3393/34/3 3394/34/3 3398/34/3 3397/34/3
f 3396/34/4 3400/34/4 3399/34/4 3395/34/4
f 3393/34/5 3397/34/5 3400/34/5 3396/34/5
f 3394/34/6 3395/34/6 3399/34/6 3398/34/6
f 3401/34/1 3404/34/1 3403/34/1 3402/34/1
f 3405/34/2 3406/34/2 3407/34/2 3408/34/2
f 3401/34/3 3402/34/3 3406/34/3 3405/34/3
f 3404/34/4 3408/34/4 3407/34/4 3403/34/4
f 3401/34/5 3405/34/5 3408/34/5 3404/34/5
f 3402/34/6 3403/34/6 3407/34/6 3406/34/6
f 3409/34/1 3412/34/1 3411/34/1 3410/34/1
f 3413/34/2 3414/34/2 3415/34/2 3416/34/2
f 3409/34/3 3410/34/3 3414/34/3 3413/34/3
f 3412/34/4 3416/34/4 3415/34/4 3411/34/4
f 3409/34/5 3413/34/5 3416/34/5 3412/34/5
f 3410/34/6 3411/34/6 3415/34/6 3414/34/6
f 3417/34/1 3420/34/1 3419/34/1 3418/34/1
f 3421/34/2 3422/34/2 3423/34/2 3424/34/2
f 3417/34/3 3418/34/3 3422/34/3 3421/34/3
f 3420/34/4 3424/34/4 3423/34/4 3419/34/4
f 3417/34/5 3421/34/5 3424/34/5 3420/34/5
f 3418/34/6 3419/34/6 3423/34/6 3422/34/6
f 3425/34/1 3428/34/1 3427/34/1 3426/34/1
f 3429/34/2 3430/34/2 3431/34/2 3432/34/2
f 3425/34/3 3426/34/3 3430/34/3 3429/34/3
f 3428/34/4 3432/34/4 3431/34/4 3427/34/4
f 3425/34/5 3429/34/5 3432/34/5 3428/34/5
f 3426/34/6 3427/34/6 3431/34/6 3430/34/6
f 3433/34/1 3436/34/1 3435/34/1 3434/34/1
f 3437/34/2 3438/34/2 3439/34/2 3440/34/2
f 3433/34/3 3434/34/3 3438/34/3 3437/34/3
f 3436/34/4 3440/34/4 3439/34/4 3435/34/4
f 3433/34/5 3437/34/5 3440/34/5 3436/34/5
f 3434/34/6 3435/34/6 3439/34/6 3438/34/6
f 3441/34/1 3444/34/1 3443/34/1 3442/34/1
f 3445/34/2 3446/34/2 3447/34/2 3448/34/2
f 3441/34/3 3442/34/3 3446/34/3 3445/34/3
f 3444/34/4 3448/34/4 3447/34/4 3443/34/4
f 3441/34/5 3445/34/5 3448/34/5 3444/34/5
f 3442/34/6 3443/34/6 3447/34/6 3446/34/6
f 3449/34/1 3452/34/1 3451/34/1 3450/34/1
f 3453/34/2 3454/34/2 3455/34/2 3456/34/2
f 3449/34/3 3450/34/3 3454/34/3 3453/34/3
f 3452/34/4 3456/34/4 3455/34/4 3451/34/4
f 3449/34/5 3453/34/5 3456/34/5 3452/34/5
f 3450/34/6 3451/34/6 3455/34/6 3454/34/6
f 3457/36/1 3460/36/1 3459/36/1 3458/36/1
f 3461/36/2 3462/36/2 3463/36/2 3464/36/2
f 3457/36/3 3458/36/3 3462/36/3 3461/36/3
f 3460/36/4 3464/36/4 3463/36/4 3459/36/4
f 3457/36/5 3461/36/5 3464/36/5 3460/36/5
f 3458/36/6 3459/36/6 3463/36/6 3462/36/6
f 3465/33/1 3468/33/1 3467/33/1 3466/33/1
f 3469/33/2 3470/33/2 3471/33/2 3472/33/2
f 3465/33/3 3466/33/3 3470/33/3 3469/33/3
f 3468/33/4 3472/33/4 3471/33/4 3467/33/4
f 3465/33/5 3469/33/5 3472/33/5 3468/33/5
f 3466/33/6 3467/33/6 3471/33/6 3470/33/6
f 3473/35/1 3476/35/1 3475/35/1 3474/35/1
f 3477/35/2 3478/35/2 3479/35/2 3480/35/2
f 3473/35/3 3474/35/3 3478/35/3 3477/35/3
f 3476/35/4 3480/35/4 3479/35/4 3475/35/4
f 3473/35/5 3477/35/5 3480/35/5 3476/35/5
f 3474/35/6 3475/35/6 3479/35/6 3478/35/6
f 3481/34/1 3484/34/1 3483/34/1 3482/34/1
f 3485/34/2 3486/34/2 3487/34/2 3488/34/2
f 3481/34/3 3482/34/3 3486/34/3 3485/34/3
f 3484/34/4 3488/34/4 3487/34/4 3483/34/4
f 3481/34/5 3485/34/5 3488/34/5 3484/34/5
f 3482/34/6 3483/34/6 3487/34/6 3486/34/6
f 3489/34/1 3492/34/1 3491/34/1 3490/34/1
f 3493/34/2 3494/34/2 3495/34/2 3496/34/2
f 3489/34/3 3490/34/3 3494/34/3 3493/34/3
f 3492/34/4 3496/34/4 3495/34/4 3491/34/4
f 3489/34/5 3493/34/5 3496/34/5 3492/34/5
f 3490/34/6 3491/34/6 3495/34/6 3494/34/6
f 3497/34/1 3500/34/1 3499/34/1 3498/34/1
f 3501/34/2 3502/34/2 3503/34/2 3504/34/2
f 3497/34/3 3498/34/3 3502/34/3 3501/34/3
f 3500/34/4 3504/34/4 3503/34/4 3499/34/4
f 3497/34/5 3501/34/5 3504/34/5 3500/34/5
f 3498/34/6 3499/34/6 3503/34/6 3502/34/6
f 3505/34/1 3508/34/1 3507/34/1 3506/34/1
f 3509/34/2 3510/34/2 3511/34/2 3512/34/2
f 3505/34/3 3506/34/3 3510/34/3 3509/34/3
f 3508/34/4 3512/34/4 3511/34/4 3507/34/4
f 3505/34/5 3509/34/5 3512/34/5 3508/34/5
f 3506/34/6 3507/34/6 3511/34/6 3510/34/6
f 3513/34/1 3516/34/1 3515/34/1 3514/34/1
f 3517/34/2 3518/34/2 3519/34/2 3520/34/2
f 3513/34/3 3514/34/3 3518/34/3 3517/34/3
f 3516/34/4 3520/34/4 3519/34/4 3515/34/4
f 3513/34/5 3517/34/5 3520/34/5 3516/34/5
f 3514/34/6 3515/34/6 3519/34/6 3518/34/6
f 3521/34/1 3524/34/1 3523/34/1 3522/34/1
f 3525/34/2 3526/34/2 3527/34/2 3528/34/2
f 3521/34/3 3522/34/3 3526/34/3 3525/34/3
f 3524/34/4 3528/34/4 3527/34/4 3523/34/4
f 3521/34/5 3525/34/5 3528/34/5 3524/34/5
f 3522/34/6 3523/34/6 3527/34/6 3526/34/6
f 3529/34/1 3532/34/1 3531/34/1 3530/34/1
f 3533/34/2 3534/34/2 3535/34/2 3536/34/2
f 3529/34/3 3530/34/3 3534/34/3 3533/34/3
f 3532/34/4 3536/34/4 3535/34/4 3531/34/4
f 3529/34/5 3533/34/5 3536/34/5 3532/34/5
f 3530/34/6 3531/34/6 3535/34/6 3534/34/6
f 3537/34/1 3540/34/1 3539/34/1 3538/34/1
f 3541/34/2 3542/34/2 3543/34/2 3544/34/2
f 3537/34/3 3538/34/3 3542/34/3 3541/34/3
f 3540/34/4 3544/34/4 3543/34/4 3539/34/4
f 3537/34/5 3541/34/5 3544/34/5 3540/34/5
f 3538/34/6 3539/34/6 3543/34/6 3542/34/6
f 3545/34/1 3548/34/1 3547/34/1 3546/34/1
f 3549/34/2 3550/34/2 3551/34/2 3552/34/2
f 3545/34/3 3546/34/3 3550/34/3 3549/34/3
f 3548/34/4 3552/34/4 3551/34/4 3547/34/4
f 3545/34/5 3549/34/5 3552/34/5 3548/34/5
f 3546/34/6 3547/34/6 3551/34/6 3550/34/6
f 3553/34/1 3556/34/1 3555/34/1 3554/34/1
f 3557/34/2 3558/34/2 3559/34/2 3560/34/2
f 3553/34/3 3554/34/3 3558/34/3 3557/34/3
f 3556/34/4 3560/34/4 3559/34/4 3555/34/4
f 3553/34/5 3557/34/5 3560/34/5 3556/34/5
f 3554/34/6 3555/34/6 3559/34/6 3558/34/6
f 3561/34/1 3564/34/1 3563/34/1 3562/34/1
f 3565/34/2 3566/34/2 3567/34/2 3568/34/2
f 3561/34/3 3562/34/3 3566/34/3 3565/34/3
f 3564/34/4 3568/34/4 3567/34/4 3563/34/4
f 3561/34/5 3565/34/5 3568/34/5 3564/34/5
f 3562/34/6 3563/34/6 3567/34/6 3566/34/6
f 3569/34/1 3572/34/1 3571/34/1 3570/34/1
f 3573/34/2 3574/34/2 3575/34/2 3576/34/2
f 3569/34/3 3570/34/3 3574/34/3 3573/34/3
f 3572/34/4 3576/34/4 3575/34/4 3571/34/4
f 3569/34/5 3573/34/5 3576/34/5 3572/34/5
f 3570/34/6 3571/34/6 3575/34/6 3574/34/6
f 3577/34/1 3580/34/1 3579/34/1 3578/34/1
f 3581/34/2 3582/34/2 3583/34/2 3584/34/2
f 3577/34/3 3578/34/3 3582/34/3 3581/34/3
f 3580/34/4 3584/34/4 3583/34/4 3579/34/4
f 3577/34/5 3581/34/5 3584/34/5 3580/34/5
f 3578/34/6 3579/34/6 3583/34/6 3582/34/6
f 3585/34/1 3588/34/1 3587/34/1 3586/34/1
f 3589/34/2 3590/34/2 3591/34/2 3592/34/2
f 3585/34/3 3586/34/3 3590/34/3 3589/34/3
f 3588/34/4 3592/34/4 3591/34/4 3587/34/4
f 3585/34/5 3589/34/5 3592/34/5 3588/34/5
f 3586/34/6 3587/34/6 3591/34/6 3590/34/6
f 3593/34/1 3596/34/1 3595/34/1 3594/34/1
f 3597/34/2 3598/34/2 3599/34/2 3600/34/2
f 3593/34/3 3594/34/3 3598/34/3 3597/34/3
f 3596/34/4 3600/34/4 3599/34/4 3595/34/4
f 3593/34/5 3597/34/5 3600/34/5 3596/34/5
f 3594/34/6 3595/34/6 3599/34/6 3598/34/6
f 3601/34/1 3604/34/1 3603/34/1 3602/34/1
f 3605/34/2 3606/34/2 3607/34/2 3608/34/2
f 3601/34/3 3602/34/3 3606/34/3 3605/34/3
f 3604/34/4 3608/34/4 3607/34/4 3603/34/4
f 3601/34/5 3605/34/5 3608/34/5 3604/34/5
f 3602/34/6 3603/34/6 3607/34/6 3606/34/6
f 3609/34/1 3612/34/1 3611/34/1 3610/34/1
f 3613/34/2 3614/34/2 3615/34/2 3616/34/2
f 3609/34/3 3610/34/3 3614/34/3 3613/34/3
f 3612/34/4 3616/34/4 3615/34/4 3611/34/4
f 3609/34/5 3613/34/5 3616/34/5 3612/34/5
f 3610/34/6 3611/34/6 3615/34/6 3614/34/6
f 3617/34/1 3620/34/1 3619/34/1 3618/34/1
f 3621/34/2 3622/34/2 3623/34/2 3624/34/2
f 3617/34/3 3618/34/3 3622/34/3 3621/34/3
f 3620/34/4 3624/34/4 3623/34/4 3619/34/4
f 3617/34/5 3621/34/5 3624/34/5 3620/34/5
f 3618/34/6 3619/34/6 3623/34/6 3622/34/6
f 3625/34/1 3628/34/1 3627/34/1 3626/34/1
f 3629/34/2 3630/34/2 3631/34/2 3632/34/2
f 3625/34/3 3626/34/3 3630/34/3 3629/34/3
f 3628/34/4 3632/34/4 3631/34/4 3627/34/4
f 3625/34/5 3629/34/5 3632/34/5 3628/34/5
f 3626/34/6 3627/34/6 3631/34/6 3630/34/6
f 3633/34/1 3636/34/1 3635/34/1 3634/34/1
f 3637/34/2 3638/34/2 3639/34/2 3640/34/2
f 3633/34/3 3634/34/3 3638/34/3 3637/34/3
f 3636/34/4 3640/34/4 3639/34/4 3635/34/4
f 3633/34/5 3637/34/5 3640/34/5 3636/34/5
f 3634/34/6 3635/34/6 3639/34/6 3638/34/6
o SHELL_diaphragm
usemtl palette
f 3641/39/1 3644/39/1 3643/39/1 3642/39/1
f 3645/39/2 3646/39/2 3647/39/2 3648/39/2
f 3641/39/3 3642/39/3 3646/39/3 3645/39/3
f 3644/39/4 3648/39/4 3647/39/4 3643/39/4
f 3641/39/5 3645/39/5 3648/39/5 3644/39/5
f 3642/39/6 3643/39/6 3647/39/6 3646/39/6
f 3649/39/1 3652/39/1 3651/39/1 3650/39/1
f 3653/39/2 3654/39/2 3655/39/2 3656/39/2
f 3649/39/3 3650/39/3 3654/39/3 3653/39/3
f 3652/39/4 3656/39/4 3655/39/4 3651/39/4
f 3649/39/5 3653/39/5 3656/39/5 3652/39/5
f 3650/39/6 3651/39/6 3655/39/6 3654/39/6
f 3657/39/1 3660/39/1 3659/39/1 3658/39/1
f 3661/39/2 3662/39/2 3663/39/2 3664/39/2
f 3657/39/3 3658/39/3 3662/39/3 3661/39/3
f 3660/39/4 3664/39/4 3663/39/4 3659/39/4
f 3657/39/5 3661/39/5 3664/39/5 3660/39/5
f 3658/39/6 3659/39/6 3663/39/6 3662/39/6
f 3665/39/1 3668/39/1 3667/39/1 3666/39/1
f 3669/39/2 3670/39/2 3671/39/2 3672/39/2
f 3665/39/3 3666/39/3 3670/39/3 3669/39/3
f 3668/39/4 3672/39/4 3671/39/4 3667/39/4
f 3665/39/5 3669/39/5 3672/39/5 3668/39/5
f 3666/39/6 3667/39/6 3671/39/6 3670/39/6
f 3673/39/1 3676/39/1 3675/39/1 3674/39/1
f 3677/39/2 3678/39/2 3679/39/2 3680/39/2
f 3673/39/3 3674/39/3 3678/39/3 3677/39/3
f 3676/39/4 3680/39/4 3679/39/4 3675/39/4
f 3673/39/5 3677/39/5 3680/39/5 3676/39/5
f 3674/39/6 3675/39/6 3679/39/6 3678/39/6
f 3681/39/1 3684/39/1 3683/39/1 3682/39/1
f 3685/39/2 3686/39/2 3687/39/2 3688/39/2
f 3681/39/3 3682/39/3 3686/39/3 3685/39/3
f 3684/39/4 3688/39/4 3687/39/4 3683/39/4
f 3681/39/5 3685/39/5 3688/39/5 3684/39/5
f 3682/39/6 3683/39/6 3687/39/6 3686/39/6
f 3689/39/1 3692/39/1 3691/39/1 3690/39/1
f 3693/39/2 3694/39/2 3695/39/2 3696/39/2
f 3689/39/3 3690/39/3 3694/39/3 3693/39/3
f 3692/39/4 3696/39/4 3695/39/4 3691/39/4
f 3689/39/5 3693/39/5 3696/39/5 3692/39/5
f 3690/39/6 3691/39/6 3695/39/6 3694/39/6
f 3697/39/1 3700/39/1 3699/39/1 3698/39/1
f 3701/39/2 3702/39/2 3703/39/2 3704/39/2
f 3697/39/3 3698/39/3 3702/39/3 3701/39/3
f 3700/39/4 3704/39/4 3703/39/4 3699/39/4
f 3697/39/5 3701/39/5 3704/39/5 3700/39/5
f 3698/39/6 3699/39/6 3703/39/6 3702/39/6
f 3705/39/1 3708/39/1 3707/39/1 3706/39/1
f 3709/39/2 3710/39/2 3711/39/2 3712/39/2
f 3705/39/3 3706/39/3 3710/39/3 3709/39/3
f 3708/39/4 3712/39/4 3711/39/4 3707/39/4
f 3705/39/5 3709/39/5 3712/39/5 3708/39/5
f 3706/39/6 3707/39/6 3711/39/6 3710/39/6
f 3713/39/1 3716/39/1 3715/39/1 3714/39/1
f 3717/39/2 3718/39/2 3719/39/2 3720/39/2
f 3713/39/3 3714/39/3 3718/39/3 3717/39/3
f 3716/39/4 3720/39/4 3719/39/4 3715/39/4
f 3713/39/5 3717/39/5 3720/39/5 3716/39/5
f 3714/39/6 3715/39/6 3719/39/6 3718/39/6
o FLOOR
usemtl palette
f 3721/36/1 3724/36/1 3723/36/1 3722/36/1
f 3725/36/2 3726/36/2 3727/36/2 3728/36/2
f 3721/36/3 3722/36/3 3726/36/3 3725/36/3
f 3724/36/4 3728/36/4 3727/36/4 3723/36/4
f 3721/36/5 3725/36/5 3728/36/5 3724/36/5
f 3722/36/6 3723/36/6 3727/36/6 3726/36/6
f 3729/3/1 3732/3/1 3731/3/1 3730/3/1
f 3733/3/2 3734/3/2 3735/3/2 3736/3/2
f 3729/3/3 3730/3/3 3734/3/3 3733/3/3
f 3732/3/4 3736/3/4 3735/3/4 3731/3/4
f 3729/3/5 3733/3/5 3736/3/5 3732/3/5
f 3730/3/6 3731/3/6 3735/3/6 3734/3/6
o SHELL_gangway
usemtl palette
f 3737/36/1 3740/36/1 3739/36/1 3738/36/1
f 3741/36/2 3742/36/2 3743/36/2 3744/36/2
f 3737/36/3 3738/36/3 3742/36/3 3741/36/3
f 3740/36/4 3744/36/4 3743/36/4 3739/36/4
f 3737/36/5 3741/36/5 3744/36/5 3740/36/5
f 3738/36/6 3739/36/6 3743/36/6 3742/36/6
o BOGEY_FRONT
usemtl palette
f 3745/32/1 3748/32/1 3747/32/1 3746/32/1
f 3749/32/2 3750/32/2 3751/32/2 3752/32/2
f 3745/32/3 3746/32/3 3750/32/3 3749/32/3
f 3748/32/4 3752/32/4 3751/32/4 3747/32/4
f 3745/32/5 3749/32/5 3752/32/5 3748/32/5
f 3746/32/6 3747/32/6 3751/32/6 3750/32/6
f 3753/32/1 3756/32/1 3755/32/1 3754/32/1
f 3757/32/2 3758/32/2 3759/32/2 3760/32/2
f 3753/32/3 3754/32/3 3758/32/3 3757/32/3
f 3756/32/4 3760/32/4 3759/32/4 3755/32/4
f 3753/32/5 3757/32/5 3760/32/5 3756/32/5
f 3754/32/6 3755/32/6 3759/32/6 3758/32/6
f 3761/32/1 3764/32/1 3763/32/1 3762/32/1
f 3765/32/2 3766/32/2 3767/32/2 3768/32/2
f 3761/32/3 3762/32/3 3766/32/3 3765/32/3
f 3764/32/4 3768/32/4 3767/32/4 3763/32/4
f 3761/32/5 3765/32/5 3768/32/5 3764/32/5
f 3762/32/6 3763/32/6 3767/32/6 3766/32/6
f 3769/33/1 3772/33/1 3771/33/1 3770/33/1
f 3773/33/2 3774/33/2 3775/33/2 3776/33/2
f 3769/33/3 3770/33/3 3774/33/3 3773/33/3
f 3772/33/4 3776/33/4 3775/33/4 3771/33/4
f 3769/33/5 3773/33/5 3776/33/5 3772/33/5
f 3770/33/6 3771/33/6 3775/33/6 3774/33/6
f 3777/33/1 3780/33/1 3779/33/1 3778/33/1
f 3781/33/2 3782/33/2 3783/33/2 3784/33/2
f 3777/33/3 3778/33/3 3782/33/3 3781/33/3
f 3780/33/4 3784/33/4 3783/33/4 3779/33/4
f 3777/33/5 3781/33/5 3784/33/5 3780/33/5
f 3778/33/6 3779/33/6 3783/33/6 3782/33/6
f 3785/33/1 3788/33/1 3787/33/1 3786/33/1
f 3789/33/2 3790/33/2 3791/33/2 3792/33/2
f 3785/33/3 3786/33/3 3790/33/3 3789/33/3
f 3788/33/4 3792/33/4 3791/33/4 3787/33/4
f 3785/33/5 3789/33/5 3792/33/5 3788/33/5
f 3786/33/6 3787/33/6 3791/33/6 3790/33/6
f 3793/33/1 3796/33/1 3795/33/1 3794/33/1
f 3797/33/2 3798/33/2 3799/33/2 3800/33/2
f 3793/33/3 3794/33/3 3798/33/3 3797/33/3
f 3796/33/4 3800/33/4 3799/33/4 3795/33/4
f 3793/33/5 3797/33/5 3800/33/5 3796/33/5
f 3794/33/6 3795/33/6 3799/33/6 3798/33/6
f 3801/13/1 3804/13/1 3803/13/1 3802/13/1
f 3805/13/2 3806/13/2 3807/13/2 3808/13/2
f 3801/13/3 3802/13/3 3806/13/3 3805/13/3
f 3804/13/4 3808/13/4 3807/13/4 3803/13/4
f 3801/13/5 3805/13/5 3808/13/5 3804/13/5
f 3802/13/6 3803/13/6 3807/13/6 3806/13/6
f 3809/13/1 3812/13/1 3811/13/1 3810/13/1
f 3813/13/2 3814/13/2 3815/13/2 3816/13/2
f 3809/13/3 3810/13/3 3814/13/3 3813/13/3
f 3812/13/4 3816/13/4 3815/13/4 3811/13/4
f 3809/13/5 3813/13/5 3816/13/5 3812/13/5
f 3810/13/6 3811/13/6 3815/13/6 3814/13/6
f 3817/36/1 3820/36/1 3819/36/1 3818/36/1
f 3821/36/2 3822/36/2 3823/36/2 3824/36/2
f 3817/36/3 3818/36/3 3822/36/3 3821/36/3
f 3820/36/4 3824/36/4 3823/36/4 3819/36/4
f 3817/36/5 3821/36/5 3824/36/5 3820/36/5
f 3818/36/6 3819/36/6 3823/36/6 3822/36/6
f 3825/36/1 3828/36/1 3827/36/1 3826/36/1
f 3829/36/2 3830/36/2 3831/36/2 3832/36/2
f 3825/36/3 3826/36/3 3830/36/3 3829/36/3
f 3828/36/4 3832/36/4 3831/36/4 3827/36/4
f 3825/36/5 3829/36/5 3832/36/5 3828/36/5
f 3826/36/6 3827/36/6 3831/36/6 3830/36/6
f 3833/36/1 3836/36/1 3835/36/1 3834/36/1
f 3837/36/2 3838/36/2 3839/36/2 3840/36/2
f 3833/36/3 3834/36/3 3838/36/3 3837/36/3
f 3836/36/4 3840/36/4 3839/36/4 3835/36/4
f 3833/36/5 3837/36/5 3840/36/5 3836/36/5
f 3834/36/6 3835/36/6 3839/36/6 3838/36/6
f 3841/36/1 3844/36/1 3843/36/1 3842/36/1
f 3845/36/2 3846/36/2 3847/36/2 3848/36/2
f 3841/36/3 3842/36/3 3846/36/3 3845/36/3
f 3844/36/4 3848/36/4 3847/36/4 3843/36/4
f 3841/36/5 3845/36/5 3848/36/5 3844/36/5
f 3842/36/6 3843/36/6 3847/36/6 3846/36/6
f 3849/36/1 3852/36/1 3851/36/1 3850/36/1
f 3853/36/2 3854/36/2 3855/36/2 3856/36/2
f 3849/36/3 3850/36/3 3854/36/3 3853/36/3
f 3852/36/4 3856/36/4 3855/36/4 3851/36/4
f 3849/36/5 3853/36/5 3856/36/5 3852/36/5
f 3850/36/6 3851/36/6 3855/36/6 3854/36/6
f 3857/36/1 3860/36/1 3859/36/1 3858/36/1
f 3861/36/2 3862/36/2 3863/36/2 3864/36/2
f 3857/36/3 3858/36/3 3862/36/3 3861/36/3
f 3860/36/4 3864/36/4 3863/36/4 3859/36/4
f 3857/36/5 3861/36/5 3864/36/5 3860/36/5
f 3858/36/6 3859/36/6 3863/36/6 3862/36/6
f 3865/36/1 3868/36/1 3867/36/1 3866/36/1
f 3869/36/2 3870/36/2 3871/36/2 3872/36/2
f 3865/36/3 3866/36/3 3870/36/3 3869/36/3
f 3868/36/4 3872/36/4 3871/36/4 3867/36/4
f 3865/36/5 3869/36/5 3872/36/5 3868/36/5
f 3866/36/6 3867/36/6 3871/36/6 3870/36/6
f 3873/36/1 3876/36/1 3875/36/1 3874/36/1
f 3877/36/2 3878/36/2 3879/36/2 3880/36/2
f 3873/36/3 3874/36/3 3878/36/3 3877/36/3
f 3876/36/4 3880/36/4 3879/36/4 3875/36/4
f 3873/36/5 3877/36/5 3880/36/5 3876/36/5
f 3874/36/6 3875/36/6 3879/36/6 3878/36/6
f 3881/33/1 3884/33/1 3883/33/1 3882/33/1
f 3885/33/2 3886/33/2 3887/33/2 3888/33/2
f 3881/33/3 3882/33/3 3886/33/3 3885/33/3
f 3884/33/4 3888/33/4 3887/33/4 3883/33/4
f 3881/33/5 3885/33/5 3888/33/5 3884/33/5
f 3882/33/6 3883/33/6 3887/33/6 3886/33/6
f 3889/33/1 3892/33/1 3891/33/1 3890/33/1
f 3893/33/2 3894/33/2 3895/33/2 3896/33/2
f 3889/33/3 3890/33/3 3894/33/3 3893/33/3
f 3892/33/4 3896/33/4 3895/33/4 3891/33/4
f 3889/33/5 3893/33/5 3896/33/5 3892/33/5
f 3890/33/6 3891/33/6 3895/33/6 3894/33/6
f 3897/13/1 3900/13/1 3899/13/1 3898/13/1
f 3901/13/2 3902/13/2 3903/13/2 3904/13/2
f 3897/13/3 3898/13/3 3902/13/3 3901/13/3
f 3900/13/4 3904/13/4 3903/13/4 3899/13/4
f 3897/13/5 3901/13/5 3904/13/5 3900/13/5
f 3898/13/6 3899/13/6 3903/13/6 3902/13/6
f 3905/13/1 3908/13/1 3907/13/1 3906/13/1
f 3909/13/2 3910/13/2 3911/13/2 3912/13/2
f 3905/13/3 3906/13/3 3910/13/3 3909/13/3
f 3908/13/4 3912/13/4 3911/13/4 3907/13/4
f 3905/13/5 3909/13/5 3912/13/5 3908/13/5
f 3906/13/6 3907/13/6 3911/13/6 3910/13/6
f 3913/36/1 3916/36/1 3915/36/1 3914/36/1
f 3917/36/2 3918/36/2 3919/36/2 3920/36/2
f 3913/36/3 3914/36/3 3918/36/3 3917/36/3
f 3916/36/4 3920/36/4 3919/36/4 3915/36/4
f 3913/36/5 3917/36/5 3920/36/5 3916/36/5
f 3914/36/6 3915/36/6 3919/36/6 3918/36/6
f 3921/36/1 3924/36/1 3923/36/1 3922/36/1
f 3925/36/2 3926/36/2 3927/36/2 3928/36/2
f 3921/36/3 3922/36/3 3926/36/3 3925/36/3
f 3924/36/4 3928/36/4 3927/36/4 3923/36/4
f 3921/36/5 3925/36/5 3928/36/5 3924/36/5
f 3922/36/6 3923/36/6 3927/36/6 3926/36/6
f 3929/36/1 3932/36/1 3931/36/1 3930/36/1
f 3933/36/2 3934/36/2 3935/36/2 3936/36/2
f 3929/36/3 3930/36/3 3934/36/3 3933/36/3
f 3932/36/4 3936/36/4 3935/36/4 3931/36/4
f 3929/36/5 3933/36/5 3936/36/5 3932/36/5
f 3930/36/6 3931/36/6 3935/36/6 3934/36/6
f 3937/36/1 3940/36/1 3939/36/1 3938/36/1
f 3941/36/2 3942/36/2 3943/36/2 3944/36/2
f 3937/36/3 3938/36/3 3942/36/3 3941/36/3
f 3940/36/4 3944/36/4 3943/36/4 3939/36/4
f 3937/36/5 3941/36/5 3944/36/5 3940/36/5
f 3938/36/6 3939/36/6 3943/36/6 3942/36/6
f 3945/36/1 3948/36/1 3947/36/1 3946/36/1
f 3949/36/2 3950/36/2 3951/36/2 3952/36/2
f 3945/36/3 3946/36/3 3950/36/3 3949/36/3
f 3948/36/4 3952/36/4 3951/36/4 3947/36/4
f 3945/36/5 3949/36/5 3952/36/5 3948/36/5
f 3946/36/6 3947/36/6 3951/36/6 3950/36/6
f 3953/36/1 3956/36/1 3955/36/1 3954/36/1
f 3957/36/2 3958/36/2 3959/36/2 3960/36/2
f 3953/36/3 3954/36/3 3958/36/3 3957/36/3
f 3956/36/4 3960/36/4 3959/36/4 3955/36/4
f 3953/36/5 3957/36/5 3960/36/5 3956/36/5
f 3954/36/6 3955/36/6 3959/36/6 3958/36/6
f 3961/36/1 3964/36/1 3963/36/1 3962/36/1
f 3965/36/2 3966/36/2 3967/36/2 3968/36/2
f 3961/36/3 3962/36/3 3966/36/3 3965/36/3
f 3964/36/4 3968/36/4 3967/36/4 3963/36/4
f 3961/36/5 3965/36/5 3968/36/5 3964/36/5
f 3962/36/6 3963/36/6 3967/36/6 3966/36/6
f 3969/36/1 3972/36/1 3971/36/1 3970/36/1
f 3973/36/2 3974/36/2 3975/36/2 3976/36/2
f 3969/36/3 3970/36/3 3974/36/3 3973/36/3
f 3972/36/4 3976/36/4 3975/36/4 3971/36/4
f 3969/36/5 3973/36/5 3976/36/5 3972/36/5
f 3970/36/6 3971/36/6 3975/36/6 3974/36/6
f 3977/34/1 3980/34/1 3979/34/1 3978/34/1
f 3981/34/2 3982/34/2 3983/34/2 3984/34/2
f 3977/34/3 3978/34/3 3982/34/3 3981/34/3
f 3980/34/4 3984/34/4 3983/34/4 3979/34/4
f 3977/34/5 3981/34/5 3984/34/5 3980/34/5
f 3978/34/6 3979/34/6 3983/34/6 3982/34/6
f 3985/34/1 3988/34/1 3987/34/1 3986/34/1
f 3989/34/2 3990/34/2 3991/34/2 3992/34/2
f 3985/34/3 3986/34/3 3990/34/3 3989/34/3
f 3988/34/4 3992/34/4 3991/34/4 3987/34/4
f 3985/34/5 3989/34/5 3992/34/5 3988/34/5
f 3986/34/6 3987/34/6 3991/34/6 3990/34/6
f 3993/13/1 3996/13/1 3995/13/1 3994/13/1
f 3997/13/2 3998/13/2 3999/13/2 4000/13/2
f 3993/13/3 3994/13/3 3998/13/3 3997/13/3
f 3996/13/4 4000/13/4 3999/13/4 3995/13/4
f 3993/13/5 3997/13/5 4000/13/5 3996/13/5
f 3994/13/6 3995/13/6 3999/13/6 3998/13/6
f 4001/13/1 4004/13/1 4003/13/1 4002/13/1
f 4005/13/2 4006/13/2 4007/13/2 4008/13/2
f 4001/13/3 4002/13/3 4006/13/3 4005/13/3
f 4004/13/4 4008/13/4 4007/13/4 4003/13/4
f 4001/13/5 4005/13/5 4008/13/5 4004/13/5
f 4002/13/6 4003/13/6 4007/13/6 4006/13/6
f 4009/13/1 4012/13/1 4011/13/1 4010/13/1
f 4013/13/2 4014/13/2 4015/13/2 4016/13/2
f 4009/13/3 4010/13/3 4014/13/3 4013/13/3
f 4012/13/4 4016/13/4 4015/13/4 4011/13/4
f 4009/13/5 4013/13/5 4016/13/5 4012/13/5
f 4010/13/6 4011/13/6 4015/13/6 4014/13/6
f 4017/13/1 4020/13/1 4019/13/1 4018/13/1
f 4021/13/2 4022/13/2 4023/13/2 4024/13/2
f 4017/13/3 4018/13/3 4022/13/3 4021/13/3
f 4020/13/4 4024/13/4 4023/13/4 4019/13/4
f 4017/13/5 4021/13/5 4024/13/5 4020/13/5
f 4018/13/6 4019/13/6 4023/13/6 4022/13/6
f 4025/13/1 4028/13/1 4027/13/1 4026/13/1
f 4029/13/2 4030/13/2 4031/13/2 4032/13/2
f 4025/13/3 4026/13/3 4030/13/3 4029/13/3
f 4028/13/4 4032/13/4 4031/13/4 4027/13/4
f 4025/13/5 4029/13/5 4032/13/5 4028/13/5
f 4026/13/6 4027/13/6 4031/13/6 4030/13/6
f 4033/13/1 4036/13/1 4035/13/1 4034/13/1
f 4037/13/2 4038/13/2 4039/13/2 4040/13/2
f 4033/13/3 4034/13/3 4038/13/3 4037/13/3
f 4036/13/4 4040/13/4 4039/13/4 4035/13/4
f 4033/13/5 4037/13/5 4040/13/5 4036/13/5
f 4034/13/6 4035/13/6 4039/13/6 4038/13/6
f 4041/13/1 4044/13/1 4043/13/1 4042/13/1
f 4045/13/2 4046/13/2 4047/13/2 4048/13/2
f 4041/13/3 4042/13/3 4046/13/3 4045/13/3
f 4044/13/4 4048/13/4 4047/13/4 4043/13/4
f 4041/13/5 4045/13/5 4048/13/5 4044/13/5
f 4042/13/6 4043/13/6 4047/13/6 4046/13/6
f 4049/13/1 4052/13/1 4051/13/1 4050/13/1
f 4053/13/2 4054/13/2 4055/13/2 4056/13/2
f 4049/13/3 4050/13/3 4054/13/3 4053/13/3
f 4052/13/4 4056/13/4 4055/13/4 4051/13/4
f 4049/13/5 4053/13/5 4056/13/5 4052/13/5
f 4050/13/6 4051/13/6 4055/13/6 4054/13/6
f 4057/13/1 4060/13/1 4059/13/1 4058/13/1
f 4061/13/2 4062/13/2 4063/13/2 4064/13/2
f 4057/13/3 4058/13/3 4062/13/3 4061/13/3
f 4060/13/4 4064/13/4 4063/13/4 4059/13/4
f 4057/13/5 4061/13/5 4064/13/5 4060/13/5
f 4058/13/6 4059/13/6 4063/13/6 4062/13/6
f 4065/13/1 4068/13/1 4067/13/1 4066/13/1
f 4069/13/2 4070/13/2 4071/13/2 4072/13/2
f 4065/13/3 4066/13/3 4070/13/3 4069/13/3
f 4068/13/4 4072/13/4 4071/13/4 4067/13/4
f 4065/13/5 4069/13/5 4072/13/5 4068/13/5
f 4066/13/6 4067/13/6 4071/13/6 4070/13/6
f 4073/13/1 4076/13/1 4075/13/1 4074/13/1
f 4077/13/2 4078/13/2 4079/13/2 4080/13/2
f 4073/13/3 4074/13/3 4078/13/3 4077/13/3
f 4076/13/4 4080/13/4 4079/13/4 4075/13/4
f 4073/13/5 4077/13/5 4080/13/5 4076/13/5
f 4074/13/6 4075/13/6 4079/13/6 4078/13/6
f 4081/13/1 4084/13/1 4083/13/1 4082/13/1
f 4085/13/2 4086/13/2 4087/13/2 4088/13/2
f 4081/13/3 4082/13/3 4086/13/3 4085/13/3
f 4084/13/4 4088/13/4 4087/13/4 4083/13/4
f 4081/13/5 4085/13/5 4088/13/5 4084/13/5
f 4082/13/6 4083/13/6 4087/13/6 4086/13/6
f 4089/13/1 4092/13/1 4091/13/1 4090/13/1
f 4093/13/2 4094/13/2 4095/13/2 4096/13/2
f 4089/13/3 4090/13/3 4094/13/3 4093/13/3
f 4092/13/4 4096/13/4 4095/13/4 4091/13/4
f 4089/13/5 4093/13/5 4096/13/5 4092/13/5
f 4090/13/6 4091/13/6 4095/13/6 4094/13/6
f 4097/13/1 4100/13/1 4099/13/1 4098/13/1
f 4101/13/2 4102/13/2 4103/13/2 4104/13/2
f 4097/13/3 4098/13/3 4102/13/3 4101/13/3
f 4100/13/4 4104/13/4 4103/13/4 4099/13/4
f 4097/13/5 4101/13/5 4104/13/5 4100/13/5
f 4098/13/6 4099/13/6 4103/13/6 4102/13/6
f 4105/13/1 4108/13/1 4107/13/1 4106/13/1
f 4109/13/2 4110/13/2 4111/13/2 4112/13/2
f 4105/13/3 4106/13/3 4110/13/3 4109/13/3
f 4108/13/4 4112/13/4 4111/13/4 4107/13/4
f 4105/13/5 4109/13/5 4112/13/5 4108/13/5
f 4106/13/6 4107/13/6 4111/13/6 4110/13/6
f 4113/13/1 4116/13/1 4115/13/1 4114/13/1
f 4117/13/2 4118/13/2 4119/13/2 4120/13/2
f 4113/13/3 4114/13/3 4118/13/3 4117/13/3
f 4116/13/4 4120/13/4 4119/13/4 4115/13/4
f 4113/13/5 4117/13/5 4120/13/5 4116/13/5
f 4114/13/6 4115/13/6 4119/13/6 4118/13/6
f 4121/13/1 4124/13/1 4123/13/1 4122/13/1
f 4125/13/2 4126/13/2 4127/13/2 4128/13/2
f 4121/13/3 4122/13/3 4126/13/3 4125/13/3
f 4124/13/4 4128/13/4 4127/13/4 4123/13/4
f 4121/13/5 4125/13/5 4128/13/5 4124/13/5
f 4122/13/6 4123/13/6 4127/13/6 4126/13/6
f 4129/13/1 4132/13/1 4131/13/1 4130/13/1
f 4133/13/2 4134/13/2 4135/13/2 4136/13/2
f 4129/13/3 4130/13/3 4134/13/3 4133/13/3
f 4132/13/4 4136/13/4 4135/13/4 4131/13/4
f 4129/13/5 4133/13/5 4136/13/5 4132/13/5
f 4130/13/6 4131/13/6 4135/13/6 4134/13/6
f 4137/13/1 4140/13/1 4139/13/1 4138/13/1
f 4141/13/2 4142/13/2 4143/13/2 4144/13/2
f 4137/13/3 4138/13/3 4142/13/3 4141/13/3
f 4140/13/4 4144/13/4 4143/13/4 4139/13/4
f 4137/13/5 4141/13/5 4144/13/5 4140/13/5
f 4138/13/6 4139/13/6 4143/13/6 4142/13/6
f 4145/13/1 4148/13/1 4147/13/1 4146/13/1
f 4149/13/2 4150/13/2 4151/13/2 4152/13/2
f 4145/13/3 4146/13/3 4150/13/3 4149/13/3
f 4148/13/4 4152/13/4 4151/13/4 4147/13/4
f 4145/13/5 4149/13/5 4152/13/5 4148/13/5
f 4146/13/6 4147/13/6 4151/13/6 4150/13/6
f 4153/13/1 4156/13/1 4155/13/1 4154/13/1
f 4157/13/2 4158/13/2 4159/13/2 4160/13/2
f 4153/13/3 4154/13/3 4158/13/3 4157/13/3
f 4156/13/4 4160/13/4 4159/13/4 4155/13/4
f 4153/13/5 4157/13/5 4160/13/5 4156/13/5
f 4154/13/6 4155/13/6 4159/13/6 4158/13/6
f 4161/13/1 4164/13/1 4163/13/1 4162/13/1
f 4165/13/2 4166/13/2 4167/13/2 4168/13/2
f 4161/13/3 4162/13/3 4166/13/3 4165/13/3
f 4164/13/4 4168/13/4 4167/13/4 4163/13/4
f 4161/13/5 4165/13/5 4168/13/5 4164/13/5
f 4162/13/6 4163/13/6 4167/13/6 4166/13/6
f 4169/13/1 4172/13/1 4171/13/1 4170/13/1
f 4173/13/2 4174/13/2 4175/13/2 4176/13/2
f 4169/13/3 4170/13/3 4174/13/3 4173/13/3
f 4172/13/4 4176/13/4 4175/13/4 4171/13/4
f 4169/13/5 4173/13/5 4176/13/5 4172/13/5
f 4170/13/6 4171/13/6 4175/13/6 4174/13/6
f 4177/13/1 4180/13/1 4179/13/1 4178/13/1
f 4181/13/2 4182/13/2 4183/13/2 4184/13/2
f 4177/13/3 4178/13/3 4182/13/3 4181/13/3
f 4180/13/4 4184/13/4 4183/13/4 4179/13/4
f 4177/13/5 4181/13/5 4184/13/5 4180/13/5
f 4178/13/6 4179/13/6 4183/13/6 4182/13/6
f 4185/13/1 4188/13/1 4187/13/1 4186/13/1
f 4189/13/2 4190/13/2 4191/13/2 4192/13/2
f 4185/13/3 4186/13/3 4190/13/3 4189/13/3
f 4188/13/4 4192/13/4 4191/13/4 4187/13/4
f 4185/13/5 4189/13/5 4192/13/5 4188/13/5
f 4186/13/6 4187/13/6 4191/13/6 4190/13/6
f 4193/13/1 4196/13/1 4195/13/1 4194/13/1
f 4197/13/2 4198/13/2 4199/13/2 4200/13/2
f 4193/13/3 4194/13/3 4198/13/3 4197/13/3
f 4196/13/4 4200/13/4 4199/13/4 4195/13/4
f 4193/13/5 4197/13/5 4200/13/5 4196/13/5
f 4194/13/6 4195/13/6 4199/13/6 4198/13/6
f 4201/13/1 4204/13/1 4203/13/1 4202/13/1
f 4205/13/2 4206/13/2 4207/13/2 4208/13/2
f 4201/13/3 4202/13/3 4206/13/3 4205/13/3
f 4204/13/4 4208/13/4 4207/13/4 4203/13/4
f 4201/13/5 4205/13/5 4208/13/5 4204/13/5
f 4202/13/6 4203/13/6 4207/13/6 4206/13/6
f 4209/13/1 4212/13/1 4211/13/1 4210/13/1
f 4213/13/2 4214/13/2 4215/13/2 4216/13/2
f 4209/13/3 4210/13/3 4214/13/3 4213/13/3
f 4212/13/4 4216/13/4 4215/13/4 4211/13/4
f 4209/13/5 4213/13/5 4216/13/5 4212/13/5
f 4210/13/6 4211/13/6 4215/13/6 4214/13/6
f 4217/13/1 4220/13/1 4219/13/1 4218/13/1
f 4221/13/2 4222/13/2 4223/13/2 4224/13/2
f 4217/13/3 4218/13/3 4222/13/3 4221/13/3
f 4220/13/4 4224/13/4 4223/13/4 4219/13/4
f 4217/13/5 4221/13/5 4224/13/5 4220/13/5
f 4218/13/6 4219/13/6 4223/13/6 4222/13/6
f 4225/13/1 4228/13/1 4227/13/1 4226/13/1
f 4229/13/2 4230/13/2 4231/13/2 4232/13/2
f 4225/13/3 4226/13/3 4230/13/3 4229/13/3
f 4228/13/4 4232/13/4 4231/13/4 4227/13/4
f 4225/13/5 4229/13/5 4232/13/5 4228/13/5
f 4226/13/6 4227/13/6 4231/13/6 4230/13/6
f 4233/33/1 4236/33/1 4235/33/1 4234/33/1
f 4237/33/2 4238/33/2 4239/33/2 4240/33/2
f 4233/33/3 4234/33/3 4238/33/3 4237/33/3
f 4236/33/4 4240/33/4 4239/33/4 4235/33/4
f 4233/33/5 4237/33/5 4240/33/5 4236/33/5
f 4234/33/6 4235/33/6 4239/33/6 4238/33/6
f 4241/36/1 4244/36/1 4243/36/1 4242/36/1
f 4245/36/2 4246/36/2 4247/36/2 4248/36/2
f 4241/36/3 4242/36/3 4246/36/3 4245/36/3
f 4244/36/4 4248/36/4 4247/36/4 4243/36/4
f 4241/36/5 4245/36/5 4248/36/5 4244/36/5
f 4242/36/6 4243/36/6 4247/36/6 4246/36/6
f 4249/36/1 4252/36/1 4251/36/1 4250/36/1
f 4253/36/2 4254/36/2 4255/36/2 4256/36/2
f 4249/36/3 4250/36/3 4254/36/3 4253/36/3
f 4252/36/4 4256/36/4 4255/36/4 4251/36/4
f 4249/36/5 4253/36/5 4256/36/5 4252/36/5
f 4250/36/6 4251/36/6 4255/36/6 4254/36/6
f 4257/36/1 4260/36/1 4259/36/1 4258/36/1
f 4261/36/2 4262/36/2 4263/36/2 4264/36/2
f 4257/36/3 4258/36/3 4262/36/3 4261/36/3
f 4260/36/4 4264/36/4 4263/36/4 4259/36/4
f 4257/36/5 4261/36/5 4264/36/5 4260/36/5
f 4258/36/6 4259/36/6 4263/36/6 4262/36/6
f 4265/36/1 4268/36/1 4267/36/1 4266/36/1
f 4269/36/2 4270/36/2 4271/36/2 4272/36/2
f 4265/36/3 4266/36/3 4270/36/3 4269/36/3
f 4268/36/4 4272/36/4 4271/36/4 4267/36/4
f 4265/36/5 4269/36/5 4272/36/5 4268/36/5
f 4266/36/6 4267/36/6 4271/36/6 4270/36/6
f 4273/50/1 4276/50/1 4275/50/1 4274/50/1
f 4277/50/2 4278/50/2 4279/50/2 4280/50/2
f 4273/50/3 4274/50/3 4278/50/3 4277/50/3
f 4276/50/4 4280/50/4 4279/50/4 4275/50/4
f 4273/50/5 4277/50/5 4280/50/5 4276/50/5
f 4274/50/6 4275/50/6 4279/50/6 4278/50/6
f 4281/34/1 4284/34/1 4283/34/1 4282/34/1
f 4285/34/2 4286/34/2 4287/34/2 4288/34/2
f 4281/34/3 4282/34/3 4286/34/3 4285/34/3
f 4284/34/4 4288/34/4 4287/34/4 4283/34/4
f 4281/34/5 4285/34/5 4288/34/5 4284/34/5
f 4282/34/6 4283/34/6 4287/34/6 4286/34/6
f 4289/50/1 4292/50/1 4291/50/1 4290/50/1
f 4293/50/2 4294/50/2 4295/50/2 4296/50/2
f 4289/50/3 4290/50/3 4294/50/3 4293/50/3
f 4292/50/4 4296/50/4 4295/50/4 4291/50/4
f 4289/50/5 4293/50/5 4296/50/5 4292/50/5
f 4290/50/6 4291/50/6 4295/50/6 4294/50/6
f 4297/34/1 4300/34/1 4299/34/1 4298/34/1
f 4301/34/2 4302/34/2 4303/34/2 4304/34/2
f 4297/34/3 4298/34/3 4302/34/3 4301/34/3
f 4300/34/4 4304/34/4 4303/34/4 4299/34/4
f 4297/34/5 4301/34/5 4304/34/5 4300/34/5
f 4298/34/6 4299/34/6 4303/34/6 4302/34/6
o BOGEY_FRONT_WHEEL_1
usemtl palette
f 4305/36/1 4308/36/1 4307/36/1 4306/36/1
f 4309/36/2 4310/36/2 4311/36/2 4312/36/2
f 4305/36/3 4306/36/3 4310/36/3 4309/36/3
f 4308/36/4 4312/36/4 4311/36/4 4307/36/4
f 4305/36/5 4309/36/5 4312/36/5 4308/36/5
f 4306/36/6 4307/36/6 4311/36/6 4310/36/6
f 4313/36/1 4316/36/1 4315/36/1 4314/36/1
f 4317/36/2 4318/36/2 4319/36/2 4320/36/2
f 4313/36/3 4314/36/3 4318/36/3 4317/36/3
f 4316/36/4 4320/36/4 4319/36/4 4315/36/4
f 4313/36/5 4317/36/5 4320/36/5 4316/36/5
f 4314/36/6 4315/36/6 4319/36/6 4318/36/6
f 4321/36/1 4324/36/1 4323/36/1 4322/36/1
f 4325/36/2 4326/36/2 4327/36/2 4328/36/2
f 4321/36/3 4322/36/3 4326/36/3 4325/36/3
f 4324/36/4 4328/36/4 4327/36/4 4323/36/4
f 4321/36/5 4325/36/5 4328/36/5 4324/36/5
f 4322/36/6 4323/36/6 4327/36/6 4326/36/6
f 4329/35/1 4332/35/1 4331/35/1 4330/35/1
f 4333/35/2 4334/35/2 4335/35/2 4336/35/2
f 4329/35/3 4330/35/3 4334/35/3 4333/35/3
f 4332/35/4 4336/35/4 4335/35/4 4331/35/4
f 4329/35/5 4333/35/5 4336/35/5 4332/35/5
f 4330/35/6 4331/35/6 4335/35/6 4334/35/6
f 4337/36/1 4340/36/1 4339/36/1 4338/36/1
f 4341/36/2 4342/36/2 4343/36/2 4344/36/2
f 4337/36/3 4338/36/3 4342/36/3 4341/36/3
f 4340/36/4 4344/36/4 4343/36/4 4339/36/4
f 4337/36/5 4341/36/5 4344/36/5 4340/36/5
f 4338/36/6 4339/36/6 4343/36/6 4342/36/6
f 4345/36/1 4348/36/1 4347/36/1 4346/36/1
f 4349/36/2 4350/36/2 4351/36/2 4352/36/2
f 4345/36/3 4346/36/3 4350/36/3 4349/36/3
f 4348/36/4 4352/36/4 4351/36/4 4347/36/4
f 4345/36/5 4349/36/5 4352/36/5 4348/36/5
f 4346/36/6 4347/36/6 4351/36/6 4350/36/6
f 4353/36/1 4356/36/1 4355/36/1 4354/36/1
f 4357/36/2 4358/36/2 4359/36/2 4360/36/2
f 4353/36/3 4354/36/3 4358/36/3 4357/36/3
f 4356/36/4 4360/36/4 4359/36/4 4355/36/4
f 4353/36/5 4357/36/5 4360/36/5 4356/36/5
f 4354/36/6 4355/36/6 4359/36/6 4358/36/6
f 4361/35/1 4364/35/1 4363/35/1 4362/35/1
f 4365/35/2 4366/35/2 4367/35/2 4368/35/2
f 4361/35/3 4362/35/3 4366/35/3 4365/35/3
f 4364/35/4 4368/35/4 4367/35/4 4363/35/4
f 4361/35/5 4365/35/5 4368/35/5 4364/35/5
f 4362/35/6 4363/35/6 4367/35/6 4366/35/6
f 4369/36/1 4372/36/1 4371/36/1 4370/36/1
f 4373/36/2 4374/36/2 4375/36/2 4376/36/2
f 4369/36/3 4370/36/3 4374/36/3 4373/36/3
f 4372/36/4 4376/36/4 4375/36/4 4371/36/4
f 4369/36/5 4373/36/5 4376/36/5 4372/36/5
f 4370/36/6 4371/36/6 4375/36/6 4374/36/6
f 4377/35/1 4380/35/1 4379/35/1 4378/35/1
f 4381/35/2 4382/35/2 4383/35/2 4384/35/2
f 4377/35/3 4378/35/3 4382/35/3 4381/35/3
f 4380/35/4 4384/35/4 4383/35/4 4379/35/4
f 4377/35/5 4381/35/5 4384/35/5 4380/35/5
f 4378/35/6 4379/35/6 4383/35/6 4382/35/6
f 4385/35/1 4388/35/1 4387/35/1 4386/35/1
f 4389/35/2 4390/35/2 4391/35/2 4392/35/2
f 4385/35/3 4386/35/3 4390/35/3 4389/35/3
f 4388/35/4 4392/35/4 4391/35/4 4387/35/4
f 4385/35/5 4389/35/5 4392/35/5 4388/35/5
f 4386/35/6 4387/35/6 4391/35/6 4390/35/6
f 4393/35/1 4396/35/1 4395/35/1 4394/35/1
f 4397/35/2 4398/35/2 4399/35/2 4400/35/2
f 4393/35/3 4394/35/3 4398/35/3 4397/35/3
f 4396/35/4 4400/35/4 4399/35/4 4395/35/4
f 4393/35/5 4397/35/5 4400/35/5 4396/35/5
f 4394/35/6 4395/35/6 4399/35/6 4398/35/6
f 4401/35/1 4404/35/1 4403/35/1 4402/35/1
f 4405/35/2 4406/35/2 4407/35/2 4408/35/2
f 4401/35/3 4402/35/3 4406/35/3 4405/35/3
f 4404/35/4 4408/35/4 4407/35/4 4403/35/4
f 4401/35/5 4405/35/5 4408/35/5 4404/35/5
f 4402/35/6 4403/35/6 4407/35/6 4406/35/6
f 4409/35/1 4412/35/1 4411/35/1 4410/35/1
f 4413/35/2 4414/35/2 4415/35/2 4416/35/2
f 4409/35/3 4410/35/3 4414/35/3 4413/35/3
f 4412/35/4 4416/35/4 4415/35/4 4411/35/4
f 4409/35/5 4413/35/5 4416/35/5 4412/35/5
f 4410/35/6 4411/35/6 4415/35/6 4414/35/6
f 4417/35/1 4420/35/1 4419/35/1 4418/35/1
f 4421/35/2 4422/35/2 4423/35/2 4424/35/2
f 4417/35/3 4418/35/3 4422/35/3 4421/35/3
f 4420/35/4 4424/35/4 4423/35/4 4419/35/4
f 4417/35/5 4421/35/5 4424/35/5 4420/35/5
f 4418/35/6 4419/35/6 4423/35/6 4422/35/6
o BOGEY_FRONT_WHEEL_2
usemtl palette
f 4425/36/1 4428/36/1 4427/36/1 4426/36/1
f 4429/36/2 4430/36/2 4431/36/2 4432/36/2
f 4425/36/3 4426/36/3 4430/36/3 4429/36/3
f 4428/36/4 4432/36/4 4431/36/4 4427/36/4
f 4425/36/5 4429/36/5 4432/36/5 4428/36/5
f 4426/36/6 4427/36/6 4431/36/6 4430/36/6
f 4433/36/1 4436/36/1 4435/36/1 4434/36/1
f 4437/36/2 4438/36/2 4439/36/2 4440/36/2
f 4433/36/3 4434/36/3 4438/36/3 4437/36/3
f 4436/36/4 4440/36/4 4439/36/4 4435/36/4
f 4433/36/5 4437/36/5 4440/36/5 4436/36/5
f 4434/36/6 4435/36/6 4439/36/6 4438/36/6
f 4441/36/1 4444/36/1 4443/36/1 4442/36/1
f 4445/36/2 4446/36/2 4447/36/2 4448/36/2
f 4441/36/3 4442/36/3 4446/36/3 4445/36/3
f 4444/36/4 4448/36/4 4447/36/4 4443/36/4
f 4441/36/5 4445/36/5 4448/36/5 4444/36/5
f 4442/36/6 4443/36/6 4447/36/6 4446/36/6
f 4449/35/1 4452/35/1 4451/35/1 4450/35/1
f 4453/35/2 4454/35/2 4455/35/2 4456/35/2
f 4449/35/3 4450/35/3 4454/35/3 4453/35/3
f 4452/35/4 4456/35/4 4455/35/4 4451/35/4
f 4449/35/5 4453/35/5 4456/35/5 4452/35/5
f 4450/35/6 4451/35/6 4455/35/6 4454/35/6
f 4457/36/1 4460/36/1 4459/36/1 4458/36/1
f 4461/36/2 4462/36/2 4463/36/2 4464/36/2
f 4457/36/3 4458/36/3 4462/36/3 4461/36/3
f 4460/36/4 4464/36/4 4463/36/4 4459/36/4
f 4457/36/5 4461/36/5 4464/36/5 4460/36/5
f 4458/36/6 4459/36/6 4463/36/6 4462/36/6
f 4465/36/1 4468/36/1 4467/36/1 4466/36/1
f 4469/36/2 4470/36/2 4471/36/2 4472/36/2
f 4465/36/3 4466/36/3 4470/36/3 4469/36/3
f 4468/36/4 4472/36/4 4471/36/4 4467/36/4
f 4465/36/5 4469/36/5 4472/36/5 4468/36/5
f 4466/36/6 4467/36/6 4471/36/6 4470/36/6
f 4473/36/1 4476/36/1 4475/36/1 4474/36/1
f 4477/36/2 4478/36/2 4479/36/2 4480/36/2
f 4473/36/3 4474/36/3 4478/36/3 4477/36/3
f 4476/36/4 4480/36/4 4479/36/4 4475/36/4
f 4473/36/5 4477/36/5 4480/36/5 4476/36/5
f 4474/36/6 4475/36/6 4479/36/6 4478/36/6
f 4481/35/1 4484/35/1 4483/35/1 4482/35/1
f 4485/35/2 4486/35/2 4487/35/2 4488/35/2
f 4481/35/3 4482/35/3 4486/35/3 4485/35/3
f 4484/35/4 4488/35/4 4487/35/4 4483/35/4
f 4481/35/5 4485/35/5 4488/35/5 4484/35/5
f 4482/35/6 4483/35/6 4487/35/6 4486/35/6
f 4489/36/1 4492/36/1 4491/36/1 4490/36/1
f 4493/36/2 4494/36/2 4495/36/2 4496/36/2
f 4489/36/3 4490/36/3 4494/36/3 4493/36/3
f 4492/36/4 4496/36/4 4495/36/4 4491/36/4
f 4489/36/5 4493/36/5 4496/36/5 4492/36/5
f 4490/36/6 4491/36/6 4495/36/6 4494/36/6
f 4497/35/1 4500/35/1 4499/35/1 4498/35/1
f 4501/35/2 4502/35/2 4503/35/2 4504/35/2
f 4497/35/3 4498/35/3 4502/35/3 4501/35/3
f 4500/35/4 4504/35/4 4503/35/4 4499/35/4
f 4497/35/5 4501/35/5 4504/35/5 4500/35/5
f 4498/35/6 4499/35/6 4503/35/6 4502/35/6
f 4505/35/1 4508/35/1 4507/35/1 4506/35/1
f 4509/35/2 4510/35/2 4511/35/2 4512/35/2
f 4505/35/3 4506/35/3 4510/35/3 4509/35/3
f 4508/35/4 4512/35/4 4511/35/4 4507/35/4
f 4505/35/5 4509/35/5 4512/35/5 4508/35/5
f 4506/35/6 4507/35/6 4511/35/6 4510/35/6
f 4513/35/1 4516/35/1 4515/35/1 4514/35/1
f 4517/35/2 4518/35/2 4519/35/2 4520/35/2
f 4513/35/3 4514/35/3 4518/35/3 4517/35/3
f 4516/35/4 4520/35/4 4519/35/4 4515/35/4
f 4513/35/5 4517/35/5 4520/35/5 4516/35/5
f 4514/35/6 4515/35/6 4519/35/6 4518/35/6
f 4521/35/1 4524/35/1 4523/35/1 4522/35/1
f 4525/35/2 4526/35/2 4527/35/2 4528/35/2
f 4521/35/3 4522/35/3 4526/35/3 4525/35/3
f 4524/35/4 4528/35/4 4527/35/4 4523/35/4
f 4521/35/5 4525/35/5 4528/35/5 4524/35/5
f 4522/35/6 4523/35/6 4527/35/6 4526/35/6
f 4529/35/1 4532/35/1 4531/35/1 4530/35/1
f 4533/35/2 4534/35/2 4535/35/2 4536/35/2
f 4529/35/3 4530/35/3 4534/35/3 4533/35/3
f 4532/35/4 4536/35/4 4535/35/4 4531/35/4
f 4529/35/5 4533/35/5 4536/35/5 4532/35/5
f 4530/35/6 4531/35/6 4535/35/6 4534/35/6
f 4537/35/1 4540/35/1 4539/35/1 4538/35/1
f 4541/35/2 4542/35/2 4543/35/2 4544/35/2
f 4537/35/3 4538/35/3 4542/35/3 4541/35/3
f 4540/35/4 4544/35/4 4543/35/4 4539/35/4
f 4537/35/5 4541/35/5 4544/35/5 4540/35/5
f 4538/35/6 4539/35/6 4543/35/6 4542/35/6
o BOGEY_REAR
usemtl palette
f 4545/32/1 4548/32/1 4547/32/1 4546/32/1
f 4549/32/2 4550/32/2 4551/32/2 4552/32/2
f 4545/32/3 4546/32/3 4550/32/3 4549/32/3
f 4548/32/4 4552/32/4 4551/32/4 4547/32/4
f 4545/32/5 4549/32/5 4552/32/5 4548/32/5
f 4546/32/6 4547/32/6 4551/32/6 4550/32/6
f 4553/32/1 4556/32/1 4555/32/1 4554/32/1
f 4557/32/2 4558/32/2 4559/32/2 4560/32/2
f 4553/32/3 4554/32/3 4558/32/3 4557/32/3
f 4556/32/4 4560/32/4 4559/32/4 4555/32/4
f 4553/32/5 4557/32/5 4560/32/5 4556/32/5
f 4554/32/6 4555/32/6 4559/32/6 4558/32/6
f 4561/32/1 4564/32/1 4563/32/1 4562/32/1
f 4565/32/2 4566/32/2 4567/32/2 4568/32/2
f 4561/32/3 4562/32/3 4566/32/3 4565/32/3
f 4564/32/4 4568/32/4 4567/32/4 4563/32/4
f 4561/32/5 4565/32/5 4568/32/5 4564/32/5
f 4562/32/6 4563/32/6 4567/32/6 4566/32/6
f 4569/33/1 4572/33/1 4571/33/1 4570/33/1
f 4573/33/2 4574/33/2 4575/33/2 4576/33/2
f 4569/33/3 4570/33/3 4574/33/3 4573/33/3
f 4572/33/4 4576/33/4 4575/33/4 4571/33/4
f 4569/33/5 4573/33/5 4576/33/5 4572/33/5
f 4570/33/6 4571/33/6 4575/33/6 4574/33/6
f 4577/33/1 4580/33/1 4579/33/1 4578/33/1
f 4581/33/2 4582/33/2 4583/33/2 4584/33/2
f 4577/33/3 4578/33/3 4582/33/3 4581/33/3
f 4580/33/4 4584/33/4 4583/33/4 4579/33/4
f 4577/33/5 4581/33/5 4584/33/5 4580/33/5
f 4578/33/6 4579/33/6 4583/33/6 4582/33/6
f 4585/33/1 4588/33/1 4587/33/1 4586/33/1
f 4589/33/2 4590/33/2 4591/33/2 4592/33/2
f 4585/33/3 4586/33/3 4590/33/3 4589/33/3
f 4588/33/4 4592/33/4 4591/33/4 4587/33/4
f 4585/33/5 4589/33/5 4592/33/5 4588/33/5
f 4586/33/6 4587/33/6 4591/33/6 4590/33/6
f 4593/33/1 4596/33/1 4595/33/1 4594/33/1
f 4597/33/2 4598/33/2 4599/33/2 4600/33/2
f 4593/33/3 4594/33/3 4598/33/3 4597/33/3
f 4596/33/4 4600/33/4 4599/33/4 4595/33/4
f 4593/33/5 4597/33/5 4600/33/5 4596/33/5
f 4594/33/6 4595/33/6 4599/33/6 4598/33/6
f 4601/13/1 4604/13/1 4603/13/1 4602/13/1
f 4605/13/2 4606/13/2 4607/13/2 4608/13/2
f 4601/13/3 4602/13/3 4606/13/3 4605/13/3
f 4604/13/4 4608/13/4 4607/13/4 4603/13/4
f 4601/13/5 4605/13/5 4608/13/5 4604/13/5
f 4602/13/6 4603/13/6 4607/13/6 4606/13/6
f 4609/13/1 4612/13/1 4611/13/1 4610/13/1
f 4613/13/2 4614/13/2 4615/13/2 4616/13/2
f 4609/13/3 4610/13/3 4614/13/3 4613/13/3
f 4612/13/4 4616/13/4 4615/13/4 4611/13/4
f 4609/13/5 4613/13/5 4616/13/5 4612/13/5
f 4610/13/6 4611/13/6 4615/13/6 4614/13/6
f 4617/36/1 4620/36/1 4619/36/1 4618/36/1
f 4621/36/2 4622/36/2 4623/36/2 4624/36/2
f 4617/36/3 4618/36/3 4622/36/3 4621/36/3
f 4620/36/4 4624/36/4 4623/36/4 4619/36/4
f 4617/36/5 4621/36/5 4624/36/5 4620/36/5
f 4618/36/6 4619/36/6 4623/36/6 4622/36/6
f 4625/36/1 4628/36/1 4627/36/1 4626/36/1
f 4629/36/2 4630/36/2 4631/36/2 4632/36/2
f 4625/36/3 4626/36/3 4630/36/3 4629/36/3
f 4628/36/4 4632/36/4 4631/36/4 4627/36/4
f 4625/36/5 4629/36/5 4632/36/5 4628/36/5
f 4626/36/6 4627/36/6 4631/36/6 4630/36/6
f 4633/36/1 4636/36/1 4635/36/1 4634/36/1
f 4637/36/2 4638/36/2 4639/36/2 4640/36/2
f 4633/36/3 4634/36/3 4638/36/3 4637/36/3
f 4636/36/4 4640/36/4 4639/36/4 4635/36/4
f 4633/36/5 4637/36/5 4640/36/5 4636/36/5
f 4634/36/6 4635/36/6 4639/36/6 4638/36/6
f 4641/36/1 4644/36/1 4643/36/1 4642/36/1
f 4645/36/2 4646/36/2 4647/36/2 4648/36/2
f 4641/36/3 4642/36/3 4646/36/3 4645/36/3
f 4644/36/4 4648/36/4 4647/36/4 4643/36/4
f 4641/36/5 4645/36/5 4648/36/5 4644/36/5
f 4642/36/6 4643/36/6 4647/36/6 4646/36/6
f 4649/36/1 4652/36/1 4651/36/1 4650/36/1
f 4653/36/2 4654/36/2 4655/36/2 4656/36/2
f 4649/36/3 4650/36/3 4654/36/3 4653/36/3
f 4652/36/4 4656/36/4 4655/36/4 4651/36/4
f 4649/36/5 4653/36/5 4656/36/5 4652/36/5
f 4650/36/6 4651/36/6 4655/36/6 4654/36/6
f 4657/36/1 4660/36/1 4659/36/1 4658/36/1
f 4661/36/2 4662/36/2 4663/36/2 4664/36/2
f 4657/36/3 4658/36/3 4662/36/3 4661/36/3
f 4660/36/4 4664/36/4 4663/36/4 4659/36/4
f 4657/36/5 4661/36/5 4664/36/5 4660/36/5
f 4658/36/6 4659/36/6 4663/36/6 4662/36/6
f 4665/36/1 4668/36/1 4667/36/1 4666/36/1
f 4669/36/2 4670/36/2 4671/36/2 4672/36/2
f 4665/36/3 4666/36/3 4670/36/3 4669/36/3
f 4668/36/4 4672/36/4 4671/36/4 4667/36/4
f 4665/36/5 4669/36/5 4672/36/5 4668/36/5
f 4666/36/6 4667/36/6 4671/36/6 4670/36/6
f 4673/36/1 4676/36/1 4675/36/1 4674/36/1
f 4677/36/2 4678/36/2 4679/36/2 4680/36/2
f 4673/36/3 4674/36/3 4678/36/3 4677/36/3
f 4676/36/4 4680/36/4 4679/36/4 4675/36/4
f 4673/36/5 4677/36/5 4680/36/5 4676/36/5
f 4674/36/6 4675/36/6 4679/36/6 4678/36/6
f 4681/33/1 4684/33/1 4683/33/1 4682/33/1
f 4685/33/2 4686/33/2 4687/33/2 4688/33/2
f 4681/33/3 4682/33/3 4686/33/3 4685/33/3
f 4684/33/4 4688/33/4 4687/33/4 4683/33/4
f 4681/33/5 4685/33/5 4688/33/5 4684/33/5
f 4682/33/6 4683/33/6 4687/33/6 4686/33/6
f 4689/33/1 4692/33/1 4691/33/1 4690/33/1
f 4693/33/2 4694/33/2 4695/33/2 4696/33/2
f 4689/33/3 4690/33/3 4694/33/3 4693/33/3
f 4692/33/4 4696/33/4 4695/33/4 4691/33/4
f 4689/33/5 4693/33/5 4696/33/5 4692/33/5
f 4690/33/6 4691/33/6 4695/33/6 4694/33/6
f 4697/13/1 4700/13/1 4699/13/1 4698/13/1
f 4701/13/2 4702/13/2 4703/13/2 4704/13/2
f 4697/13/3 4698/13/3 4702/13/3 4701/13/3
f 4700/13/4 4704/13/4 4703/13/4 4699/13/4
f 4697/13/5 4701/13/5 4704/13/5 4700/13/5
f 4698/13/6 4699/13/6 4703/13/6 4702/13/6
f 4705/13/1 4708/13/1 4707/13/1 4706/13/1
f 4709/13/2 4710/13/2 4711/13/2 4712/13/2
f 4705/13/3 4706/13/3 4710/13/3 4709/13/3
f 4708/13/4 4712/13/4 4711/13/4 4707/13/4
f 4705/13/5 4709/13/5 4712/13/5 4708/13/5
f 4706/13/6 4707/13/6 4711/13/6 4710/13/6
f 4713/36/1 4716/36/1 4715/36/1 4714/36/1
f 4717/36/2 4718/36/2 4719/36/2 4720/36/2
f 4713/36/3 4714/36/3 4718/36/3 4717/36/3
f 4716/36/4 4720/36/4 4719/36/4 4715/36/4
f 4713/36/5 4717/36/5 4720/36/5 4716/36/5
f 4714/36/6 4715/36/6 4719/36/6 4718/36/6
f 4721/36/1 4724/36/1 4723/36/1 4722/36/1
f 4725/36/2 4726/36/2 4727/36/2 4728/36/2
f 4721/36/3 4722/36/3 4726/36/3 4725/36/3
f 4724/36/4 4728/36/4 4727/36/4 4723/36/4
f 4721/36/5 4725/36/5 4728/36/5 4724/36/5
f 4722/36/6 4723/36/6 4727/36/6 4726/36/6
f 4729/36/1 4732/36/1 4731/36/1 4730/36/1
f 4733/36/2 4734/36/2 4735/36/2 4736/36/2
f 4729/36/3 4730/36/3 4734/36/3 4733/36/3
f 4732/36/4 4736/36/4 4735/36/4 4731/36/4
f 4729/36/5 4733/36/5 4736/36/5 4732/36/5
f 4730/36/6 4731/36/6 4735/36/6 4734/36/6
f 4737/36/1 4740/36/1 4739/36/1 4738/36/1
f 4741/36/2 4742/36/2 4743/36/2 4744/36/2
f 4737/36/3 4738/36/3 4742/36/3 4741/36/3
f 4740/36/4 4744/36/4 4743/36/4 4739/36/4
f 4737/36/5 4741/36/5 4744/36/5 4740/36/5
f 4738/36/6 4739/36/6 4743/36/6 4742/36/6
f 4745/36/1 4748/36/1 4747/36/1 4746/36/1
f 4749/36/2 4750/36/2 4751/36/2 4752/36/2
f 4745/36/3 4746/36/3 4750/36/3 4749/36/3
f 4748/36/4 4752/36/4 4751/36/4 4747/36/4
f 4745/36/5 4749/36/5 4752/36/5 4748/36/5
f 4746/36/6 4747/36/6 4751/36/6 4750/36/6
f 4753/36/1 4756/36/1 4755/36/1 4754/36/1
f 4757/36/2 4758/36/2 4759/36/2 4760/36/2
f 4753/36/3 4754/36/3 4758/36/3 4757/36/3
f 4756/36/4 4760/36/4 4759/36/4 4755/36/4
f 4753/36/5 4757/36/5 4760/36/5 4756/36/5
f 4754/36/6 4755/36/6 4759/36/6 4758/36/6
f 4761/36/1 4764/36/1 4763/36/1 4762/36/1
f 4765/36/2 4766/36/2 4767/36/2 4768/36/2
f 4761/36/3 4762/36/3 4766/36/3 4765/36/3
f 4764/36/4 4768/36/4 4767/36/4 4763/36/4
f 4761/36/5 4765/36/5 4768/36/5 4764/36/5
f 4762/36/6 4763/36/6 4767/36/6 4766/36/6
f 4769/36/1 4772/36/1 4771/36/1 4770/36/1
f 4773/36/2 4774/36/2 4775/36/2 4776/36/2
f 4769/36/3 4770/36/3 4774/36/3 4773/36/3
f 4772/36/4 4776/36/4 4775/36/4 4771/36/4
f 4769/36/5 4773/36/5 4776/36/5 4772/36/5
f 4770/36/6 4771/36/6 4775/36/6 4774/36/6
f 4777/34/1 4780/34/1 4779/34/1 4778/34/1
f 4781/34/2 4782/34/2 4783/34/2 4784/34/2
f 4777/34/3 4778/34/3 4782/34/3 4781/34/3
f 4780/34/4 4784/34/4 4783/34/4 4779/34/4
f 4777/34/5 4781/34/5 4784/34/5 4780/34/5
f 4778/34/6 4779/34/6 4783/34/6 4782/34/6
f 4785/34/1 4788/34/1 4787/34/1 4786/34/1
f 4789/34/2 4790/34/2 4791/34/2 4792/34/2
f 4785/34/3 4786/34/3 4790/34/3 4789/34/3
f 4788/34/4 4792/34/4 4791/34/4 4787/34/4
f 4785/34/5 4789/34/5 4792/34/5 4788/34/5
f 4786/34/6 4787/34/6 4791/34/6 4790/34/6
f 4793/13/1 4796/13/1 4795/13/1 4794/13/1
f 4797/13/2 4798/13/2 4799/13/2 4800/13/2
f 4793/13/3 4794/13/3 4798/13/3 4797/13/3
f 4796/13/4 4800/13/4 4799/13/4 4795/13/4
f 4793/13/5 4797/13/5 4800/13/5 4796/13/5
f 4794/13/6 4795/13/6 4799/13/6 4798/13/6
f 4801/13/1 4804/13/1 4803/13/1 4802/13/1
f 4805/13/2 4806/13/2 4807/13/2 4808/13/2
f 4801/13/3 4802/13/3 4806/13/3 4805/13/3
f 4804/13/4 4808/13/4 4807/13/4 4803/13/4
f 4801/13/5 4805/13/5 4808/13/5 4804/13/5
f 4802/13/6 4803/13/6 4807/13/6 4806/13/6
f 4809/13/1 4812/13/1 4811/13/1 4810/13/1
f 4813/13/2 4814/13/2 4815/13/2 4816/13/2
f 4809/13/3 4810/13/3 4814/13/3 4813/13/3
f 4812/13/4 4816/13/4 4815/13/4 4811/13/4
f 4809/13/5 4813/13/5 4816/13/5 4812/13/5
f 4810/13/6 4811/13/6 4815/13/6 4814/13/6
f 4817/13/1 4820/13/1 4819/13/1 4818/13/1
f 4821/13/2 4822/13/2 4823/13/2 4824/13/2
f 4817/13/3 4818/13/3 4822/13/3 4821/13/3
f 4820/13/4 4824/13/4 4823/13/4 4819/13/4
f 4817/13/5 4821/13/5 4824/13/5 4820/13/5
f 4818/13/6 4819/13/6 4823/13/6 4822/13/6
f 4825/13/1 4828/13/1 4827/13/1 4826/13/1
f 4829/13/2 4830/13/2 4831/13/2 4832/13/2
f 4825/13/3 4826/13/3 4830/13/3 4829/13/3
f 4828/13/4 4832/13/4 4831/13/4 4827/13/4
f 4825/13/5 4829/13/5 4832/13/5 4828/13/5
f 4826/13/6 4827/13/6 4831/13/6 4830/13/6
f 4833/13/1 4836/13/1 4835/13/1 4834/13/1
f 4837/13/2 4838/13/2 4839/13/2 4840/13/2
f 4833/13/3 4834/13/3 4838/13/3 4837/13/3
f 4836/13/4 4840/13/4 4839/13/4 4835/13/4
f 4833/13/5 4837/13/5 4840/13/5 4836/13/5
f 4834/13/6 4835/13/6 4839/13/6 4838/13/6
f 4841/13/1 4844/13/1 4843/13/1 4842/13/1
f 4845/13/2 4846/13/2 4847/13/2 4848/13/2
f 4841/13/3 4842/13/3 4846/13/3 4845/13/3
f 4844/13/4 4848/13/4 4847/13/4 4843/13/4
f 4841/13/5 4845/13/5 4848/13/5 4844/13/5
f 4842/13/6 4843/13/6 4847/13/6 4846/13/6
f 4849/13/1 4852/13/1 4851/13/1 4850/13/1
f 4853/13/2 4854/13/2 4855/13/2 4856/13/2
f 4849/13/3 4850/13/3 4854/13/3 4853/13/3
f 4852/13/4 4856/13/4 4855/13/4 4851/13/4
f 4849/13/5 4853/13/5 4856/13/5 4852/13/5
f 4850/13/6 4851/13/6 4855/13/6 4854/13/6
f 4857/13/1 4860/13/1 4859/13/1 4858/13/1
f 4861/13/2 4862/13/2 4863/13/2 4864/13/2
f 4857/13/3 4858/13/3 4862/13/3 4861/13/3
f 4860/13/4 4864/13/4 4863/13/4 4859/13/4
f 4857/13/5 4861/13/5 4864/13/5 4860/13/5
f 4858/13/6 4859/13/6 4863/13/6 4862/13/6
f 4865/13/1 4868/13/1 4867/13/1 4866/13/1
f 4869/13/2 4870/13/2 4871/13/2 4872/13/2
f 4865/13/3 4866/13/3 4870/13/3 4869/13/3
f 4868/13/4 4872/13/4 4871/13/4 4867/13/4
f 4865/13/5 4869/13/5 4872/13/5 4868/13/5
f 4866/13/6 4867/13/6 4871/13/6 4870/13/6
f 4873/13/1 4876/13/1 4875/13/1 4874/13/1
f 4877/13/2 4878/13/2 4879/13/2 4880/13/2
f 4873/13/3 4874/13/3 4878/13/3 4877/13/3
f 4876/13/4 4880/13/4 4879/13/4 4875/13/4
f 4873/13/5 4877/13/5 4880/13/5 4876/13/5
f 4874/13/6 4875/13/6 4879/13/6 4878/13/6
f 4881/13/1 4884/13/1 4883/13/1 4882/13/1
f 4885/13/2 4886/13/2 4887/13/2 4888/13/2
f 4881/13/3 4882/13/3 4886/13/3 4885/13/3
f 4884/13/4 4888/13/4 4887/13/4 4883/13/4
f 4881/13/5 4885/13/5 4888/13/5 4884/13/5
f 4882/13/6 4883/13/6 4887/13/6 4886/13/6
f 4889/13/1 4892/13/1 4891/13/1 4890/13/1
f 4893/13/2 4894/13/2 4895/13/2 4896/13/2
f 4889/13/3 4890/13/3 4894/13/3 4893/13/3
f 4892/13/4 4896/13/4 4895/13/4 4891/13/4
f 4889/13/5 4893/13/5 4896/13/5 4892/13/5
f 4890/13/6 4891/13/6 4895/13/6 4894/13/6
f 4897/13/1 4900/13/1 4899/13/1 4898/13/1
f 4901/13/2 4902/13/2 4903/13/2 4904/13/2
f 4897/13/3 4898/13/3 4902/13/3 4901/13/3
f 4900/13/4 4904/13/4 4903/13/4 4899/13/4
f 4897/13/5 4901/13/5 4904/13/5 4900/13/5
f 4898/13/6 4899/13/6 4903/13/6 4902/13/6
f 4905/13/1 4908/13/1 4907/13/1 4906/13/1
f 4909/13/2 4910/13/2 4911/13/2 4912/13/2
f 4905/13/3 4906/13/3 4910/13/3 4909/13/3
f 4908/13/4 4912/13/4 4911/13/4 4907/13/4
f 4905/13/5 4909/13/5 4912/13/5 4908/13/5
f 4906/13/6 4907/13/6 4911/13/6 4910/13/6
f 4913/13/1 4916/13/1 4915/13/1 4914/13/1
f 4917/13/2 4918/13/2 4919/13/2 4920/13/2
f 4913/13/3 4914/13/3 4918/13/3 4917/13/3
f 4916/13/4 4920/13/4 4919/13/4 4915/13/4
f 4913/13/5 4917/13/5 4920/13/5 4916/13/5
f 4914/13/6 4915/13/6 4919/13/6 4918/13/6
f 4921/13/1 4924/13/1 4923/13/1 4922/13/1
f 4925/13/2 4926/13/2 4927/13/2 4928/13/2
f 4921/13/3 4922/13/3 4926/13/3 4925/13/3
f 4924/13/4 4928/13/4 4927/13/4 4923/13/4
f 4921/13/5 4925/13/5 4928/13/5 4924/13/5
f 4922/13/6 4923/13/6 4927/13/6 4926/13/6
f 4929/13/1 4932/13/1 4931/13/1 4930/13/1
f 4933/13/2 4934/13/2 4935/13/2 4936/13/2
f 4929/13/3 4930/13/3 4934/13/3 4933/13/3
f 4932/13/4 4936/13/4 4935/13/4 4931/13/4
f 4929/13/5 4933/13/5 4936/13/5 4932/13/5
f 4930/13/6 4931/13/6 4935/13/6 4934/13/6
f 4937/13/1 4940/13/1 4939/13/1 4938/13/1
f 4941/13/2 4942/13/2 4943/13/2 4944/13/2
f 4937/13/3 4938/13/3 4942/13/3 4941/13/3
f 4940/13/4 4944/13/4 4943/13/4 4939/13/4
f 4937/13/5 4941/13/5 4944/13/5 4940/13/5
f 4938/13/6 4939/13/6 4943/13/6 4942/13/6
f 4945/13/1 4948/13/1 4947/13/1 4946/13/1
f 4949/13/2 4950/13/2 4951/13/2 4952/13/2
f 4945/13/3 4946/13/3 4950/13/3 4949/13/3
f 4948/13/4 4952/13/4 4951/13/4 4947/13/4
f 4945/13/5 4949/13/5 4952/13/5 4948/13/5
f 4946/13/6 4947/13/6 4951/13/6 4950/13/6
f 4953/13/1 4956/13/1 4955/13/1 4954/13/1
f 4957/13/2 4958/13/2 4959/13/2 4960/13/2
f 4953/13/3 4954/13/3 4958/13/3 4957/13/3
f 4956/13/4 4960/13/4 4959/13/4 4955/13/4
f 4953/13/5 4957/13/5 4960/13/5 4956/13/5
f 4954/13/6 4955/13/6 4959/13/6 4958/13/6
f 4961/13/1 4964/13/1 4963/13/1 4962/13/1
f 4965/13/2 4966/13/2 4967/13/2 4968/13/2
f 4961/13/3 4962/13/3 4966/13/3 4965/13/3
f 4964/13/4 4968/13/4 4967/13/4 4963/13/4
f 4961/13/5 4965/13/5 4968/13/5 4964/13/5
f 4962/13/6 4963/13/6 4967/13/6 4966/13/6
f 4969/13/1 4972/13/1 4971/13/1 4970/13/1
f 4973/13/2 4974/13/2 4975/13/2 4976/13/2
f 4969/13/3 4970/13/3 4974/13/3 4973/13/3
f 4972/13/4 4976/13/4 4975/13/4 4971/13/4
f 4969/13/5 4973/13/5 4976/13/5 4972/13/5
f 4970/13/6 4971/13/6 4975/13/6 4974/13/6
f 4977/13/1 4980/13/1 4979/13/1 4978/13/1
f 4981/13/2 4982/13/2 4983/13/2 4984/13/2
f 4977/13/3 4978/13/3 4982/13/3 4981/13/3
f 4980/13/4 4984/13/4 4983/13/4 4979/13/4
f 4977/13/5 4981/13/5 4984/13/5 4980/13/5
f 4978/13/6 4979/13/6 4983/13/6 4982/13/6
f 4985/13/1 4988/13/1 4987/13/1 4986/13/1
f 4989/13/2 4990/13/2 4991/13/2 4992/13/2
f 4985/13/3 4986/13/3 4990/13/3 4989/13/3
f 4988/13/4 4992/13/4 4991/13/4 4987/13/4
f 4985/13/5 4989/13/5 4992/13/5 4988/13/5
f 4986/13/6 4987/13/6 4991/13/6 4990/13/6
f 4993/13/1 4996/13/1 4995/13/1 4994/13/1
f 4997/13/2 4998/13/2 4999/13/2 5000/13/2
f 4993/13/3 4994/13/3 4998/13/3 4997/13/3
f 4996/13/4 5000/13/4 4999/13/4 4995/13/4
f 4993/13/5 4997/13/5 5000/13/5 4996/13/5
f 4994/13/6 4995/13/6 4999/13/6 4998/13/6
f 5001/13/1 5004/13/1 5003/13/1 5002/13/1
f 5005/13/2 5006/13/2 5007/13/2 5008/13/2
f 5001/13/3 5002/13/3 5006/13/3 5005/13/3
f 5004/13/4 5008/13/4 5007/13/4 5003/13/4
f 5001/13/5 5005/13/5 5008/13/5 5004/13/5
f 5002/13/6 5003/13/6 5007/13/6 5006/13/6
f 5009/13/1 5012/13/1 5011/13/1 5010/13/1
f 5013/13/2 5014/13/2 5015/13/2 5016/13/2
f 5009/13/3 5010/13/3 5014/13/3 5013/13/3
f 5012/13/4 5016/13/4 5015/13/4 5011/13/4
f 5009/13/5 5013/13/5 5016/13/5 5012/13/5
f 5010/13/6 5011/13/6 5015/13/6 5014/13/6
f 5017/13/1 5020/13/1 5019/13/1 5018/13/1
f 5021/13/2 5022/13/2 5023/13/2 5024/13/2
f 5017/13/3 5018/13/3 5022/13/3 5021/13/3
f 5020/13/4 5024/13/4 5023/13/4 5019/13/4
f 5017/13/5 5021/13/5 5024/13/5 5020/13/5
f 5018/13/6 5019/13/6 5023/13/6 5022/13/6
f 5025/13/1 5028/13/1 5027/13/1 5026/13/1
f 5029/13/2 5030/13/2 5031/13/2 5032/13/2
f 5025/13/3 5026/13/3 5030/13/3 5029/13/3
f 5028/13/4 5032/13/4 5031/13/4 5027/13/4
f 5025/13/5 5029/13/5 5032/13/5 5028/13/5
f 5026/13/6 5027/13/6 5031/13/6 5030/13/6
f 5033/33/1 5036/33/1 5035/33/1 5034/33/1
f 5037/33/2 5038/33/2 5039/33/2 5040/33/2
f 5033/33/3 5034/33/3 5038/33/3 5037/33/3
f 5036/33/4 5040/33/4 5039/33/4 5035/33/4
f 5033/33/5 5037/33/5 5040/33/5 5036/33/5
f 5034/33/6 5035/33/6 5039/33/6 5038/33/6
f 5041/36/1 5044/36/1 5043/36/1 5042/36/1
f 5045/36/2 5046/36/2 5047/36/2 5048/36/2
f 5041/36/3 5042/36/3 5046/36/3 5045/36/3
f 5044/36/4 5048/36/4 5047/36/4 5043/36/4
f 5041/36/5 5045/36/5 5048/36/5 5044/36/5
f 5042/36/6 5043/36/6 5047/36/6 5046/36/6
f 5049/36/1 5052/36/1 5051/36/1 5050/36/1
f 5053/36/2 5054/36/2 5055/36/2 5056/36/2
f 5049/36/3 5050/36/3 5054/36/3 5053/36/3
f 5052/36/4 5056/36/4 5055/36/4 5051/36/4
f 5049/36/5 5053/36/5 5056/36/5 5052/36/5
f 5050/36/6 5051/36/6 5055/36/6 5054/36/6
f 5057/36/1 5060/36/1 5059/36/1 5058/36/1
f 5061/36/2 5062/36/2 5063/36/2 5064/36/2
f 5057/36/3 5058/36/3 5062/36/3 5061/36/3
f 5060/36/4 5064/36/4 5063/36/4 5059/36/4
f 5057/36/5 5061/36/5 5064/36/5 5060/36/5
f 5058/36/6 5059/36/6 5063/36/6 5062/36/6
f 5065/36/1 5068/36/1 5067/36/1 5066/36/1
f 5069/36/2 5070/36/2 5071/36/2 5072/36/2
f 5065/36/3 5066/36/3 5070/36/3 5069/36/3
f 5068/36/4 5072/36/4 5071/36/4 5067/36/4
f 5065/36/5 5069/36/5 5072/36/5 5068/36/5
f 5066/36/6 5067/36/6 5071/36/6 5070/36/6
f 5073/50/1 5076/50/1 5075/50/1 5074/50/1
f 5077/50/2 5078/50/2 5079/50/2 5080/50/2
f 5073/50/3 5074/50/3 5078/50/3 5077/50/3
f 5076/50/4 5080/50/4 5079/50/4 5075/50/4
f 5073/50/5 5077/50/5 5080/50/5 5076/50/5
f 5074/50/6 5075/50/6 5079/50/6 5078/50/6
f 5081/34/1 5084/34/1 5083/34/1 5082/34/1
f 5085/34/2 5086/34/2 5087/34/2 5088/34/2
f 5081/34/3 5082/34/3 5086/34/3 5085/34/3
f 5084/34/4 5088/34/4 5087/34/4 5083/34/4
f 5081/34/5 5085/34/5 5088/34/5 5084/34/5
f 5082/34/6 5083/34/6 5087/34/6 5086/34/6
f 5089/50/1 5092/50/1 5091/50/1 5090/50/1
f 5093/50/2 5094/50/2 5095/50/2 5096/50/2
f 5089/50/3 5090/50/3 5094/50/3 5093/50/3
f 5092/50/4 5096/50/4 5095/50/4 5091/50/4
f 5089/50/5 5093/50/5 5096/50/5 5092/50/5
f 5090/50/6 5091/50/6 5095/50/6 5094/50/6
f 5097/34/1 5100/34/1 5099/34/1 5098/34/1
f 5101/34/2 5102/34/2 5103/34/2 5104/34/2
f 5097/34/3 5098/34/3 5102/34/3 5101/34/3
f 5100/34/4 5104/34/4 5103/34/4 5099/34/4
f 5097/34/5 5101/34/5 5104/34/5 5100/34/5
f 5098/34/6 5099/34/6 5103/34/6 5102/34/6
o BOGEY_REAR_WHEEL_1
usemtl palette
f 5105/36/1 5108/36/1 5107/36/1 5106/36/1
f 5109/36/2 5110/36/2 5111/36/2 5112/36/2
f 5105/36/3 5106/36/3 5110/36/3 5109/36/3
f 5108/36/4 5112/36/4 5111/36/4 5107/36/4
f 5105/36/5 5109/36/5 5112/36/5 5108/36/5
f 5106/36/6 5107/36/6 5111/36/6 5110/36/6
f 5113/36/1 5116/36/1 5115/36/1 5114/36/1
f 5117/36/2 5118/36/2 5119/36/2 5120/36/2
f 5113/36/3 5114/36/3 5118/36/3 5117/36/3
f 5116/36/4 5120/36/4 5119/36/4 5115/36/4
f 5113/36/5 5117/36/5 5120/36/5 5116/36/5
f 5114/36/6 5115/36/6 5119/36/6 5118/36/6
f 5121/36/1 5124/36/1 5123/36/1 5122/36/1
f 5125/36/2 5126/36/2 5127/36/2 5128/36/2
f 5121/36/3 5122/36/3 5126/36/3 5125/36/3
f 5124/36/4 5128/36/4 5127/36/4 5123/36/4
f 5121/36/5 5125/36/5 5128/36/5 5124/36/5
f 5122/36/6 5123/36/6 5127/36/6 5126/36/6
f 5129/35/1 5132/35/1 5131/35/1 5130/35/1
f 5133/35/2 5134/35/2 5135/35/2 5136/35/2
f 5129/35/3 5130/35/3 5134/35/3 5133/35/3
f 5132/35/4 5136/35/4 5135/35/4 5131/35/4
f 5129/35/5 5133/35/5 5136/35/5 5132/35/5
f 5130/35/6 5131/35/6 5135/35/6 5134/35/6
f 5137/36/1 5140/36/1 5139/36/1 5138/36/1
f 5141/36/2 5142/36/2 5143/36/2 5144/36/2
f 5137/36/3 5138/36/3 5142/36/3 5141/36/3
f 5140/36/4 5144/36/4 5143/36/4 5139/36/4
f 5137/36/5 5141/36/5 5144/36/5 5140/36/5
f 5138/36/6 5139/36/6 5143/36/6 5142/36/6
f 5145/36/1 5148/36/1 5147/36/1 5146/36/1
f 5149/36/2 5150/36/2 5151/36/2 5152/36/2
f 5145/36/3 5146/36/3 5150/36/3 5149/36/3
f 5148/36/4 5152/36/4 5151/36/4 5147/36/4
f 5145/36/5 5149/36/5 5152/36/5 5148/36/5
f 5146/36/6 5147/36/6 5151/36/6 5150/36/6
f 5153/36/1 5156/36/1 5155/36/1 5154/36/1
f 5157/36/2 5158/36/2 5159/36/2 5160/36/2
f 5153/36/3 5154/36/3 5158/36/3 5157/36/3
f 5156/36/4 5160/36/4 5159/36/4 5155/36/4
f 5153/36/5 5157/36/5 5160/36/5 5156/36/5
f 5154/36/6 5155/36/6 5159/36/6 5158/36/6
f 5161/35/1 5164/35/1 5163/35/1 5162/35/1
f 5165/35/2 5166/35/2 5167/35/2 5168/35/2
f 5161/35/3 5162/35/3 5166/35/3 5165/35/3
f 5164/35/4 5168/35/4 5167/35/4 5163/35/4
f 5161/35/5 5165/35/5 5168/35/5 5164/35/5
f 5162/35/6 5163/35/6 5167/35/6 5166/35/6
f 5169/36/1 5172/36/1 5171/36/1 5170/36/1
f 5173/36/2 5174/36/2 5175/36/2 5176/36/2
f 5169/36/3 5170/36/3 5174/36/3 5173/36/3
f 5172/36/4 5176/36/4 5175/36/4 5171/36/4
f 5169/36/5 5173/36/5 5176/36/5 5172/36/5
f 5170/36/6 5171/36/6 5175/36/6 5174/36/6
f 5177/35/1 5180/35/1 5179/35/1 5178/35/1
f 5181/35/2 5182/35/2 5183/35/2 5184/35/2
f 5177/35/3 5178/35/3 5182/35/3 5181/35/3
f 5180/35/4 5184/35/4 5183/35/4 5179/35/4
f 5177/35/5 5181/35/5 5184/35/5 5180/35/5
f 5178/35/6 5179/35/6 5183/35/6 5182/35/6
f 5185/35/1 5188/35/1 5187/35/1 5186/35/1
f 5189/35/2 5190/35/2 5191/35/2 5192/35/2
f 5185/35/3 5186/35/3 5190/35/3 5189/35/3
f 5188/35/4 5192/35/4 5191/35/4 5187/35/4
f 5185/35/5 5189/35/5 5192/35/5 5188/35/5
f 5186/35/6 5187/35/6 5191/35/6 5190/35/6
f 5193/35/1 5196/35/1 5195/35/1 5194/35/1
f 5197/35/2 5198/35/2 5199/35/2 5200/35/2
f 5193/35/3 5194/35/3 5198/35/3 5197/35/3
f 5196/35/4 5200/35/4 5199/35/4 5195/35/4
f 5193/35/5 5197/35/5 5200/35/5 5196/35/5
f 5194/35/6 5195/35/6 5199/35/6 5198/35/6
f 5201/35/1 5204/35/1 5203/35/1 5202/35/1
f 5205/35/2 5206/35/2 5207/35/2 5208/35/2
f 5201/35/3 5202/35/3 5206/35/3 5205/35/3
f 5204/35/4 5208/35/4 5207/35/4 5203/35/4
f 5201/35/5 5205/35/5 5208/35/5 5204/35/5
f 5202/35/6 5203/35/6 5207/35/6 5206/35/6
f 5209/35/1 5212/35/1 5211/35/1 5210/35/1
f 5213/35/2 5214/35/2 5215/35/2 5216/35/2
f 5209/35/3 5210/35/3 5214/35/3 5213/35/3
f 5212/35/4 5216/35/4 5215/35/4 5211/35/4
f 5209/35/5 5213/35/5 5216/35/5 5212/35/5
f 5210/35/6 5211/35/6 5215/35/6 5214/35/6
f 5217/35/1 5220/35/1 5219/35/1 5218/35/1
f 5221/35/2 5222/35/2 5223/35/2 5224/35/2
f 5217/35/3 5218/35/3 5222/35/3 5221/35/3
f 5220/35/4 5224/35/4 5223/35/4 5219/35/4
f 5217/35/5 5221/35/5 5224/35/5 5220/35/5
f 5218/35/6 5219/35/6 5223/35/6 5222/35/6
o BOGEY_REAR_WHEEL_2
usemtl palette
f 5225/36/1 5228/36/1 5227/36/1 5226/36/1
f 5229/36/2 5230/36/2 5231/36/2 5232/36/2
f 5225/36/3 5226/36/3 5230/36/3 5229/36/3
f 5228/36/4 5232/36/4 5231/36/4 5227/36/4
f 5225/36/5 5229/36/5 5232/36/5 5228/36/5
f 5226/36/6 5227/36/6 5231/36/6 5230/36/6
f 5233/36/1 5236/36/1 5235/36/1 5234/36/1
f 5237/36/2 5238/36/2 5239/36/2 5240/36/2
f 5233/36/3 5234/36/3 5238/36/3 5237/36/3
f 5236/36/4 5240/36/4 5239/36/4 5235/36/4
f 5233/36/5 5237/36/5 5240/36/5 5236/36/5
f 5234/36/6 5235/36/6 5239/36/6 5238/36/6
f 5241/36/1 5244/36/1 5243/36/1 5242/36/1
f 5245/36/2 5246/36/2 5247/36/2 5248/36/2
f 5241/36/3 5242/36/3 5246/36/3 5245/36/3
f 5244/36/4 5248/36/4 5247/36/4 5243/36/4
f 5241/36/5 5245/36/5 5248/36/5 5244/36/5
f 5242/36/6 5243/36/6 5247/36/6 5246/36/6
f 5249/35/1 5252/35/1 5251/35/1 5250/35/1
f 5253/35/2 5254/35/2 5255/35/2 5256/35/2
f 5249/35/3 5250/35/3 5254/35/3 5253/35/3
f 5252/35/4 5256/35/4 5255/35/4 5251/35/4
f 5249/35/5 5253/35/5 5256/35/5 5252/35/5
f 5250/35/6 5251/35/6 5255/35/6 5254/35/6
f 5257/36/1 5260/36/1 5259/36/1 5258/36/1
f 5261/36/2 5262/36/2 5263/36/2 5264/36/2
f 5257/36/3 5258/36/3 5262/36/3 5261/36/3
f 5260/36/4 5264/36/4 5263/36/4 5259/36/4
f 5257/36/5 5261/36/5 5264/36/5 5260/36/5
f 5258/36/6 5259/36/6 5263/36/6 5262/36/6
f 5265/36/1 5268/36/1 5267/36/1 5266/36/1
f 5269/36/2 5270/36/2 5271/36/2 5272/36/2
f 5265/36/3 5266/36/3 5270/36/3 5269/36/3
f 5268/36/4 5272/36/4 5271/36/4 5267/36/4
f 5265/36/5 5269/36/5 5272/36/5 5268/36/5
f 5266/36/6 5267/36/6 5271/36/6 5270/36/6
f 5273/36/1 5276/36/1 5275/36/1 5274/36/1
f 5277/36/2 5278/36/2 5279/36/2 5280/36/2
f 5273/36/3 5274/36/3 5278/36/3 5277/36/3
f 5276/36/4 5280/36/4 5279/36/4 5275/36/4
f 5273/36/5 5277/36/5 5280/36/5 5276/36/5
f 5274/36/6 5275/36/6 5279/36/6 5278/36/6
f 5281/35/1 5284/35/1 5283/35/1 5282/35/1
f 5285/35/2 5286/35/2 5287/35/2 5288/35/2
f 5281/35/3 5282/35/3 5286/35/3 5285/35/3
f 5284/35/4 5288/35/4 5287/35/4 5283/35/4
f 5281/35/5 5285/35/5 5288/35/5 5284/35/5
f 5282/35/6 5283/35/6 5287/35/6 5286/35/6
f 5289/36/1 5292/36/1 5291/36/1 5290/36/1
f 5293/36/2 5294/36/2 5295/36/2 5296/36/2
f 5289/36/3 5290/36/3 5294/36/3 5293/36/3
f 5292/36/4 5296/36/4 5295/36/4 5291/36/4
f 5289/36/5 5293/36/5 5296/36/5 5292/36/5
f 5290/36/6 5291/36/6 5295/36/6 5294/36/6
f 5297/35/1 5300/35/1 5299/35/1 5298/35/1
f 5301/35/2 5302/35/2 5303/35/2 5304/35/2
f 5297/35/3 5298/35/3 5302/35/3 5301/35/3
f 5300/35/4 5304/35/4 5303/35/4 5299/35/4
f 5297/35/5 5301/35/5 5304/35/5 5300/35/5
f 5298/35/6 5299/35/6 5303/35/6 5302/35/6
f 5305/35/1 5308/35/1 5307/35/1 5306/35/1
f 5309/35/2 5310/35/2 5311/35/2 5312/35/2
f 5305/35/3 5306/35/3 5310/35/3 5309/35/3
f 5308/35/4 5312/35/4 5311/35/4 5307/35/4
f 5305/35/5 5309/35/5 5312/35/5 5308/35/5
f 5306/35/6 5307/35/6 5311/35/6 5310/35/6
f 5313/35/1 5316/35/1 5315/35/1 5314/35/1
f 5317/35/2 5318/35/2 5319/35/2 5320/35/2
f 5313/35/3 5314/35/3 5318/35/3 5317/35/3
f 5316/35/4 5320/35/4 5319/35/4 5315/35/4
f 5313/35/5 5317/35/5 5320/35/5 5316/35/5
f 5314/35/6 5315/35/6 5319/35/6 5318/35/6
f 5321/35/1 5324/35/1 5323/35/1 5322/35/1
f 5325/35/2 5326/35/2 5327/35/2 5328/35/2
f 5321/35/3 5322/35/3 5326/35/3 5325/35/3
f 5324/35/4 5328/35/4 5327/35/4 5323/35/4
f 5321/35/5 5325/35/5 5328/35/5 5324/35/5
f 5322/35/6 5323/35/6 5327/35/6 5326/35/6
f 5329/35/1 5332/35/1 5331/35/1 5330/35/1
f 5333/35/2 5334/35/2 5335/35/2 5336/35/2
f 5329/35/3 5330/35/3 5334/35/3 5333/35/3
f 5332/35/4 5336/35/4 5335/35/4 5331/35/4
f 5329/35/5 5333/35/5 5336/35/5 5332/35/5
f 5330/35/6 5331/35/6 5335/35/6 5334/35/6
f 5337/35/1 5340/35/1 5339/35/1 5338/35/1
f 5341/35/2 5342/35/2 5343/35/2 5344/35/2
f 5337/35/3 5338/35/3 5342/35/3 5341/35/3
f 5340/35/4 5344/35/4 5343/35/4 5339/35/4
f 5337/35/5 5341/35/5 5344/35/5 5340/35/5
f 5338/35/6 5339/35/6 5343/35/6 5342/35/6
o SHELL_roof
usemtl palette
f 5345/40/1 5348/40/1 5347/40/1 5346/40/1
f 5349/40/2 5350/40/2 5351/40/2 5352/40/2
f 5345/40/3 5346/40/3 5350/40/3 5349/40/3
f 5348/40/4 5352/40/4 5351/40/4 5347/40/4
f 5345/40/5 5349/40/5 5352/40/5 5348/40/5
f 5346/40/6 5347/40/6 5351/40/6 5350/40/6
f 5353/30/1 5356/30/1 5355/30/1 5354/30/1
f 5357/30/2 5358/30/2 5359/30/2 5360/30/2
f 5353/30/3 5354/30/3 5358/30/3 5357/30/3
f 5356/30/4 5360/30/4 5359/30/4 5355/30/4
f 5353/30/5 5357/30/5 5360/30/5 5356/30/5
f 5354/30/6 5355/30/6 5359/30/6 5358/30/6
f 5361/30/1 5364/30/1 5363/30/1 5362/30/1
f 5365/30/2 5366/30/2 5367/30/2 5368/30/2
f 5361/30/3 5362/30/3 5366/30/3 5365/30/3
f 5364/30/4 5368/30/4 5367/30/4 5363/30/4
f 5361/30/5 5365/30/5 5368/30/5 5364/30/5
f 5362/30/6 5363/30/6 5367/30/6 5366/30/6
f 5369/30/1 5372/30/1 5371/30/1 5370/30/1
f 5373/30/2 5374/30/2 5375/30/2 5376/30/2
f 5369/30/3 5370/30/3 5374/30/3 5373/30/3
f 5372/30/4 5376/30/4 5375/30/4 5371/30/4
f 5369/30/5 5373/30/5 5376/30/5 5372/30/5
f 5370/30/6 5371/30/6 5375/30/6 5374/30/6
f 5377/30/1 5380/30/1 5379/30/1 5378/30/1
f 5381/30/2 5382/30/2 5383/30/2 5384/30/2
f 5377/30/3 5378/30/3 5382/30/3 5381/30/3
f 5380/30/4 5384/30/4 5383/30/4 5379/30/4
f 5377/30/5 5381/30/5 5384/30/5 5380/30/5
f 5378/30/6 5379/30/6 5383/30/6 5382/30/6
f 5385/30/1 5388/30/1 5387/30/1 5386/30/1
f 5389/30/2 5390/30/2 5391/30/2 5392/30/2
f 5385/30/3 5386/30/3 5390/30/3 5389/30/3
f 5388/30/4 5392/30/4 5391/30/4 5387/30/4
f 5385/30/5 5389/30/5 5392/30/5 5388/30/5
f 5386/30/6 5387/30/6 5391/30/6 5390/30/6
f 5393/30/1 5396/30/1 5395/30/1 5394/30/1
f 5397/30/2 5398/30/2 5399/30/2 5400/30/2
f 5393/30/3 5394/30/3 5398/30/3 5397/30/3
f 5396/30/4 5400/30/4 5399/30/4 5395/30/4
f 5393/30/5 5397/30/5 5400/30/5 5396/30/5
f 5394/30/6 5395/30/6 5399/30/6 5398/30/6
f 5401/30/1 5404/30/1 5403/30/1 5402/30/1
f 5405/30/2 5406/30/2 5407/30/2 5408/30/2
f 5401/30/3 5402/30/3 5406/30/3 5405/30/3
f 5404/30/4 5408/30/4 5407/30/4 5403/30/4
f 5401/30/5 5405/30/5 5408/30/5 5404/30/5
f 5402/30/6 5403/30/6 5407/30/6 5406/30/6
f 5409/30/1 5412/30/1 5411/30/1 5410/30/1
f 5413/30/2 5414/30/2 5415/30/2 5416/30/2
f 5409/30/3 5410/30/3 5414/30/3 5413/30/3
f 5412/30/4 5416/30/4 5415/30/4 5411/30/4
f 5409/30/5 5413/30/5 5416/30/5 5412/30/5
f 5410/30/6 5411/30/6 5415/30/6 5414/30/6
f 5417/30/1 5420/30/1 5419/30/1 5418/30/1
f 5421/30/2 5422/30/2 5423/30/2 5424/30/2
f 5417/30/3 5418/30/3 5422/30/3 5421/30/3
f 5420/30/4 5424/30/4 5423/30/4 5419/30/4
f 5417/30/5 5421/30/5 5424/30/5 5420/30/5
f 5418/30/6 5419/30/6 5423/30/6 5422/30/6
f 5425/41/1 5428/41/1 5427/41/1 5426/41/1
f 5429/41/2 5430/41/2 5431/41/2 5432/41/2
f 5425/41/3 5426/41/3 5430/41/3 5429/41/3
f 5428/41/4 5432/41/4 5431/41/4 5427/41/4
f 5425/41/5 5429/41/5 5432/41/5 5428/41/5
f 5426/41/6 5427/41/6 5431/41/6 5430/41/6
f 5433/40/1 5436/40/1 5435/40/1 5434/40/1
f 5437/40/2 5438/40/2 5439/40/2 5440/40/2
f 5433/40/3 5434/40/3 5438/40/3 5437/40/3
f 5436/40/4 5440/40/4 5439/40/4 5435/40/4
f 5433/40/5 5437/40/5 5440/40/5 5436/40/5
f 5434/40/6 5435/40/6 5439/40/6 5438/40/6
f 5441/30/1 5444/30/1 5443/30/1 5442/30/1
f 5445/30/2 5446/30/2 5447/30/2 5448/30/2
f 5441/30/3 5442/30/3 5446/30/3 5445/30/3
f 5444/30/4 5448/30/4 5447/30/4 5443/30/4
f 5441/30/5 5445/30/5 5448/30/5 5444/30/5
f 5442/30/6 5443/30/6 5447/30/6 5446/30/6
f 5449/30/1 5452/30/1 5451/30/1 5450/30/1
f 5453/30/2 5454/30/2 5455/30/2 5456/30/2
f 5449/30/3 5450/30/3 5454/30/3 5453/30/3
f 5452/30/4 5456/30/4 5455/30/4 5451/30/4
f 5449/30/5 5453/30/5 5456/30/5 5452/30/5
f 5450/30/6 5451/30/6 5455/30/6 5454/30/6
f 5457/30/1 5460/30/1 5459/30/1 5458/30/1
f 5461/30/2 5462/30/2 5463/30/2 5464/30/2
f 5457/30/3 5458/30/3 5462/30/3 5461/30/3
f 5460/30/4 5464/30/4 5463/30/4 5459/30/4
f 5457/30/5 5461/30/5 5464/30/5 5460/30/5
f 5458/30/6 5459/30/6 5463/30/6 5462/30/6
f 5465/30/1 5468/30/1 5467/30/1 5466/30/1
f 5469/30/2 5470/30/2 5471/30/2 5472/30/2
f 5465/30/3 5466/30/3 5470/30/3 5469/30/3
f 5468/30/4 5472/30/4 5471/30/4 5467/30/4
f 5465/30/5 5469/30/5 5472/30/5 5468/30/5
f 5466/30/6 5467/30/6 5471/30/6 5470/30/6
f 5473/30/1 5476/30/1 5475/30/1 5474/30/1
f 5477/30/2 5478/30/2 5479/30/2 5480/30/2
f 5473/30/3 5474/30/3 5478/30/3 5477/30/3
f 5476/30/4 5480/30/4 5479/30/4 5475/30/4
f 5473/30/5 5477/30/5 5480/30/5 5476/30/5
f 5474/30/6 5475/30/6 5479/30/6 5478/30/6
f 5481/30/1 5484/30/1 5483/30/1 5482/30/1
f 5485/30/2 5486/30/2 5487/30/2 5488/30/2
f 5481/30/3 5482/30/3 5486/30/3 5485/30/3
f 5484/30/4 5488/30/4 5487/30/4 5483/30/4
f 5481/30/5 5485/30/5 5488/30/5 5484/30/5
f 5482/30/6 5483/30/6 5487/30/6 5486/30/6
f 5489/30/1 5492/30/1 5491/30/1 5490/30/1
f 5493/30/2 5494/30/2 5495/30/2 5496/30/2
f 5489/30/3 5490/30/3 5494/30/3 5493/30/3
f 5492/30/4 5496/30/4 5495/30/4 5491/30/4
f 5489/30/5 5493/30/5 5496/30/5 5492/30/5
f 5490/30/6 5491/30/6 5495/30/6 5494/30/6
f 5497/30/1 5500/30/1 5499/30/1 5498/30/1
f 5501/30/2 5502/30/2 5503/30/2 5504/30/2
f 5497/30/3 5498/30/3 5502/30/3 5501/30/3
f 5500/30/4 5504/30/4 5503/30/4 5499/30/4
f 5497/30/5 5501/30/5 5504/30/5 5500/30/5
f 5498/30/6 5499/30/6 5503/30/6 5502/30/6
f 5505/30/1 5508/30/1 5507/30/1 5506/30/1
f 5509/30/2 5510/30/2 5511/30/2 5512/30/2
f 5505/30/3 5506/30/3 5510/30/3 5509/30/3
f 5508/30/4 5512/30/4 5511/30/4 5507/30/4
f 5505/30/5 5509/30/5 5512/30/5 5508/30/5
f 5506/30/6 5507/30/6 5511/30/6 5510/30/6
f 5513/41/1 5516/41/1 5515/41/1 5514/41/1
f 5517/41/2 5518/41/2 5519/41/2 5520/41/2
f 5513/41/3 5514/41/3 5518/41/3 5517/41/3
f 5516/41/4 5520/41/4 5519/41/4 5515/41/4
f 5513/41/5 5517/41/5 5520/41/5 5516/41/5
f 5514/41/6 5515/41/6 5519/41/6 5518/41/6
f 5521/50/1 5524/50/1 5523/50/1 5522/50/1
f 5525/50/2 5526/50/2 5527/50/2 5528/50/2
f 5521/50/3 5522/50/3 5526/50/3 5525/50/3
f 5524/50/4 5528/50/4 5527/50/4 5523/50/4
f 5521/50/5 5525/50/5 5528/50/5 5524/50/5
f 5522/50/6 5523/50/6 5527/50/6 5526/50/6
f 5529/50/1 5532/50/1 5531/50/1 5530/50/1
f 5533/50/2 5534/50/2 5535/50/2 5536/50/2
f 5529/50/3 5530/50/3 5534/50/3 5533/50/3
f 5532/50/4 5536/50/4 5535/50/4 5531/50/4
f 5529/50/5 5533/50/5 5536/50/5 5532/50/5
f 5530/50/6 5531/50/6 5535/50/6 5534/50/6
o HEADLIGHT_1
usemtl palette
f 5537/37/1 5540/37/1 5539/37/1 5538/37/1
f 5541/37/2 5542/37/2 5543/37/2 5544/37/2
f 5537/37/3 5538/37/3 5542/37/3 5541/37/3
f 5540/37/4 5544/37/4 5543/37/4 5539/37/4
f 5537/37/5 5541/37/5 5544/37/5 5540/37/5
f 5538/37/6 5539/37/6 5543/37/6 5542/37/6
f 5545/37/1 5548/37/1 5547/37/1 5546/37/1
f 5549/37/2 5550/37/2 5551/37/2 5552/37/2
f 5545/37/3 5546/37/3 5550/37/3 5549/37/3
f 5548/37/4 5552/37/4 5551/37/4 5547/37/4
f 5545/37/5 5549/37/5 5552/37/5 5548/37/5
f 5546/37/6 5547/37/6 5551/37/6 5550/37/6
o SHELL_lights
usemtl palette
f 5553/38/1 5556/38/1 5555/38/1 5554/38/1
f 5557/38/2 5558/38/2 5559/38/2 5560/38/2
f 5553/38/3 5554/38/3 5558/38/3 5557/38/3
f 5556/38/4 5560/38/4 5559/38/4 5555/38/4
f 5553/38/5 5557/38/5 5560/38/5 5556/38/5
f 5554/38/6 5555/38/6 5559/38/6 5558/38/6
f 5561/38/1 5564/38/1 5563/38/1 5562/38/1
f 5565/38/2 5566/38/2 5567/38/2 5568/38/2
f 5561/38/3 5562/38/3 5566/38/3 5565/38/3
f 5564/38/4 5568/38/4 5567/38/4 5563/38/4
f 5561/38/5 5565/38/5 5568/38/5 5564/38/5
f 5562/38/6 5563/38/6 5567/38/6 5566/38/6
f 5569/37/1 5572/37/1 5571/37/1 5570/37/1
f 5573/37/2 5574/37/2 5575/37/2 5576/37/2
f 5569/37/3 5570/37/3 5574/37/3 5573/37/3
f 5572/37/4 5576/37/4 5575/37/4 5571/37/4
f 5569/37/5 5573/37/5 5576/37/5 5572/37/5
f 5570/37/6 5571/37/6 5575/37/6 5574/37/6
f 5577/37/1 5580/37/1 5579/37/1 5578/37/1
f 5581/37/2 5582/37/2 5583/37/2 5584/37/2
f 5577/37/3 5578/37/3 5582/37/3 5581/37/3
f 5580/37/4 5584/37/4 5583/37/4 5579/37/4
f 5577/37/5 5581/37/5 5584/37/5 5580/37/5
f 5578/37/6 5579/37/6 5583/37/6 5582/37/6
o SHELL_sign
usemtl palette
f 5585/47/1 5588/47/1 5587/47/1 5586/47/1
f 5589/47/2 5590/47/2 5591/47/2 5592/47/2
f 5585/47/3 5586/47/3 5590/47/3 5589/47/3
f 5588/47/4 5592/47/4 5591/47/4 5587/47/4
f 5585/47/5 5589/47/5 5592/47/5 5588/47/5
f 5586/47/6 5587/47/6 5591/47/6 5590/47/6
f 5593/47/1 5596/47/1 5595/47/1 5594/47/1
f 5597/47/2 5598/47/2 5599/47/2 5600/47/2
f 5593/47/3 5594/47/3 5598/47/3 5597/47/3
f 5596/47/4 5600/47/4 5599/47/4 5595/47/4
f 5593/47/5 5597/47/5 5600/47/5 5596/47/5
f 5594/47/6 5595/47/6 5599/47/6 5598/47/6
o SHELL_wiper
usemtl palette
f 5601/50/1 5604/50/1 5603/50/1 5602/50/1
f 5605/50/2 5606/50/2 5607/50/2 5608/50/2
f 5601/50/3 5602/50/3 5606/50/3 5605/50/3
f 5604/50/4 5608/50/4 5607/50/4 5603/50/4
f 5601/50/5 5605/50/5 5608/50/5 5604/50/5
f 5602/50/6 5603/50/6 5607/50/6 5606/50/6
f 5609/50/1 5612/50/1 5611/50/1 5610/50/1
f 5613/50/2 5614/50/2 5615/50/2 5616/50/2
f 5609/50/3 5610/50/3 5614/50/3 5613/50/3
f 5612/50/4 5616/50/4 5615/50/4 5611/50/4
f 5609/50/5 5613/50/5 5616/50/5 5612/50/5
f 5610/50/6 5611/50/6 5615/50/6 5614/50/6
f 5617/50/1 5620/50/1 5619/50/1 5618/50/1
f 5621/50/2 5622/50/2 5623/50/2 5624/50/2
f 5617/50/3 5618/50/3 5622/50/3 5621/50/3
f 5620/50/4 5624/50/4 5623/50/4 5619/50/4
f 5617/50/5 5621/50/5 5624/50/5 5620/50/5
f 5618/50/6 5619/50/6 5623/50/6 5622/50/6
f 5625/50/1 5628/50/1 5627/50/1 5626/50/1
f 5629/50/2 5630/50/2 5631/50/2 5632/50/2
f 5625/50/3 5626/50/3 5630/50/3 5629/50/3
f 5628/50/4 5632/50/4 5631/50/4 5627/50/4
f 5625/50/5 5629/50/5 5632/50/5 5628/50/5
f 5626/50/6 5627/50/6 5631/50/6 5630/50/6
f 5633/50/1 5636/50/1 5635/50/1 5634/50/1
f 5637/50/2 5638/50/2 5639/50/2 5640/50/2
f 5633/50/3 5634/50/3 5638/50/3 5637/50/3
f 5636/50/4 5640/50/4 5639/50/4 5635/50/4
f 5633/50/5 5637/50/5 5640/50/5 5636/50/5
f 5634/50/6 5635/50/6 5639/50/6 5638/50/6
f 5641/50/1 5644/50/1 5643/50/1 5642/50/1
f 5645/50/2 5646/50/2 5647/50/2 5648/50/2
f 5641/50/3 5642/50/3 5646/50/3 5645/50/3
f 5644/50/4 5648/50/4 5647/50/4 5643/50/4
f 5641/50/5 5645/50/5 5648/50/5 5644/50/5
f 5642/50/6 5643/50/6 5647/50/6 5646/50/6
f 5649/50/1 5652/50/1 5651/50/1 5650/50/1
f 5653/50/2 5654/50/2 5655/50/2 5656/50/2
f 5649/50/3 5650/50/3 5654/50/3 5653/50/3
f 5652/50/4 5656/50/4 5655/50/4 5651/50/4
f 5649/50/5 5653/50/5 5656/50/5 5652/50/5
f 5650/50/6 5651/50/6 5655/50/6 5654/50/6
f 5657/50/1 5660/50/1 5659/50/1 5658/50/1
f 5661/50/2 5662/50/2 5663/50/2 5664/50/2
f 5657/50/3 5658/50/3 5662/50/3 5661/50/3
f 5660/50/4 5664/50/4 5663/50/4 5659/50/4
f 5657/50/5 5661/50/5 5664/50/5 5660/50/5
f 5658/50/6 5659/50/6 5663/50/6 5662/50/6
f 5665/50/1 5668/50/1 5667/50/1 5666/50/1
f 5669/50/2 5670/50/2 5671/50/2 5672/50/2
f 5665/50/3 5666/50/3 5670/50/3 5669/50/3
f 5668/50/4 5672/50/4 5671/50/4 5667/50/4
f 5665/50/5 5669/50/5 5672/50/5 5668/50/5
f 5666/50/6 5667/50/6 5671/50/6 5670/50/6
f 5673/50/1 5676/50/1 5675/50/1 5674/50/1
f 5677/50/2 5678/50/2 5679/50/2 5680/50/2
f 5673/50/3 5674/50/3 5678/50/3 5677/50/3
f 5676/50/4 5680/50/4 5679/50/4 5675/50/4
f 5673/50/5 5677/50/5 5680/50/5 5676/50/5
f 5674/50/6 5675/50/6 5679/50/6 5678/50/6
f 5681/50/1 5684/50/1 5683/50/1 5682/50/1
f 5685/50/2 5686/50/2 5687/50/2 5688/50/2
f 5681/50/3 5682/50/3 5686/50/3 5685/50/3
f 5684/50/4 5688/50/4 5687/50/4 5683/50/4
f 5681/50/5 5685/50/5 5688/50/5 5684/50/5
f 5682/50/6 5683/50/6 5687/50/6 5686/50/6
f 5689/50/1 5692/50/1 5691/50/1 5690/50/1
f 5693/50/2 5694/50/2 5695/50/2 5696/50/2
f 5689/50/3 5690/50/3 5694/50/3 5693/50/3
f 5692/50/4 5696/50/4 5695/50/4 5691/50/4
f 5689/50/5 5693/50/5 5696/50/5 5692/50/5
f 5690/50/6 5691/50/6 5695/50/6 5694/50/6
f 5697/50/1 5700/50/1 5699/50/1 5698/50/1
f 5701/50/2 5702/50/2 5703/50/2 5704/50/2
f 5697/50/3 5698/50/3 5702/50/3 5701/50/3
f 5700/50/4 5704/50/4 5703/50/4 5699/50/4
f 5697/50/5 5701/50/5 5704/50/5 5700/50/5
f 5698/50/6 5699/50/6 5703/50/6 5702/50/6
f 5705/50/1 5708/50/1 5707/50/1 5706/50/1
f 5709/50/2 5710/50/2 5711/50/2 5712/50/2
f 5705/50/3 5706/50/3 5710/50/3 5709/50/3
f 5708/50/4 5712/50/4 5711/50/4 5707/50/4
f 5705/50/5 5709/50/5 5712/50/5 5708/50/5
f 5706/50/6 5707/50/6 5711/50/6 5710/50/6
f 5713/50/1 5716/50/1 5715/50/1 5714/50/1
f 5717/50/2 5718/50/2 5719/50/2 5720/50/2
f 5713/50/3 5714/50/3 5718/50/3 5717/50/3
f 5716/50/4 5720/50/4 5719/50/4 5715/50/4
f 5713/50/5 5717/50/5 5720/50/5 5716/50/5
f 5714/50/6 5715/50/6 5719/50/6 5718/50/6
f 5721/50/1 5724/50/1 5723/50/1 5722/50/1
f 5725/50/2 5726/50/2 5727/50/2 5728/50/2
f 5721/50/3 5722/50/3 5726/50/3 5725/50/3
f 5724/50/4 5728/50/4 5727/50/4 5723/50/4
f 5721/50/5 5725/50/5 5728/50/5 5724/50/5
f 5722/50/6 5723/50/6 5727/50/6 5726/50/6
f 5729/50/1 5732/50/1 5731/50/1 5730/50/1
f 5733/50/2 5734/50/2 5735/50/2 5736/50/2
f 5729/50/3 5730/50/3 5734/50/3 5733/50/3
f 5732/50/4 5736/50/4 5735/50/4 5731/50/4
f 5729/50/5 5733/50/5 5736/50/5 5732/50/5
f 5730/50/6 5731/50/6 5735/50/6 5734/50/6
f 5737/50/1 5740/50/1 5739/50/1 5738/50/1
f 5741/50/2 5742/50/2 5743/50/2 5744/50/2
f 5737/50/3 5738/50/3 5742/50/3 5741/50/3
f 5740/50/4 5744/50/4 5743/50/4 5739/50/4
f 5737/50/5 5741/50/5 5744/50/5 5740/50/5
f 5738/50/6 5739/50/6 5743/50/6 5742/50/6
f 5745/50/1 5748/50/1 5747/50/1 5746/50/1
f 5749/50/2 5750/50/2 5751/50/2 5752/50/2
f 5745/50/3 5746/50/3 5750/50/3 5749/50/3
f 5748/50/4 5752/50/4 5751/50/4 5747/50/4
f 5745/50/5 5749/50/5 5752/50/5 5748/50/5
f 5746/50/6 5747/50/6 5751/50/6 5750/50/6
f 5753/50/1 5756/50/1 5755/50/1 5754/50/1
f 5757/50/2 5758/50/2 5759/50/2 5760/50/2
f 5753/50/3 5754/50/3 5758/50/3 5757/50/3
f 5756/50/4 5760/50/4 5759/50/4 5755/50/4
f 5753/50/5 5757/50/5 5760/50/5 5756/50/5
f 5754/50/6 5755/50/6 5759/50/6 5758/50/6
f 5761/50/1 5764/50/1 5763/50/1 5762/50/1
f 5765/50/2 5766/50/2 5767/50/2 5768/50/2
f 5761/50/3 5762/50/3 5766/50/3 5765/50/3
f 5764/50/4 5768/50/4 5767/50/4 5763/50/4
f 5761/50/5 5765/50/5 5768/50/5 5764/50/5
f 5762/50/6 5763/50/6 5767/50/6 5766/50/6
f 5769/50/1 5772/50/1 5771/50/1 5770/50/1
f 5773/50/2 5774/50/2 5775/50/2 5776/50/2
f 5769/50/3 5770/50/3 5774/50/3 5773/50/3
f 5772/50/4 5776/50/4 5775/50/4 5771/50/4
f 5769/50/5 5773/50/5 5776/50/5 5772/50/5
f 5770/50/6 5771/50/6 5775/50/6 5774/50/6
f 5777/50/1 5780/50/1 5779/50/1 5778/50/1
f 5781/50/2 5782/50/2 5783/50/2 5784/50/2
f 5777/50/3 5778/50/3 5782/50/3 5781/50/3
f 5780/50/4 5784/50/4 5783/50/4 5779/50/4
f 5777/50/5 5781/50/5 5784/50/5 5780/50/5
f 5778/50/6 5779/50/6 5783/50/6 5782/50/6
f 5785/50/1 5788/50/1 5787/50/1 5786/50/1
f 5789/50/2 5790/50/2 5791/50/2 5792/50/2
f 5785/50/3 5786/50/3 5790/50/3 5789/50/3
f 5788/50/4 5792/50/4 5791/50/4 5787/50/4
f 5785/50/5 5789/50/5 5792/50/5 5788/50/5
f 5786/50/6 5787/50/6 5791/50/6 5790/50/6
f 5793/50/1 5796/50/1 5795/50/1 5794/50/1
f 5797/50/2 5798/50/2 5799/50/2 5800/50/2
f 5793/50/3 5794/50/3 5798/50/3 5797/50/3
f 5796/50/4 5800/50/4 5799/50/4 5795/50/4
f 5793/50/5 5797/50/5 5800/50/5 5796/50/5
f 5794/50/6 5795/50/6 5799/50/6 5798/50/6
f 5801/50/1 5804/50/1 5803/50/1 5802/50/1
f 5805/50/2 5806/50/2 5807/50/2 5808/50/2
f 5801/50/3 5802/50/3 5806/50/3 5805/50/3
f 5804/50/4 5808/50/4 5807/50/4 5803/50/4
f 5801/50/5 5805/50/5 5808/50/5 5804/50/5
f 5802/50/6 5803/50/6 5807/50/6 5806/50/6
f 5809/50/1 5812/50/1 5811/50/1 5810/50/1
f 5813/50/2 5814/50/2 5815/50/2 5816/50/2
f 5809/50/3 5810/50/3 5814/50/3 5813/50/3
f 5812/50/4 5816/50/4 5815/50/4 5811/50/4
f 5809/50/5 5813/50/5 5816/50/5 5812/50/5
f 5810/50/6 5811/50/6 5815/50/6 5814/50/6
f 5817/50/1 5820/50/1 5819/50/1 5818/50/1
f 5821/50/2 5822/50/2 5823/50/2 5824/50/2
f 5817/50/3 5818/50/3 5822/50/3 5821/50/3
f 5820/50/4 5824/50/4 5823/50/4 5819/50/4
f 5817/50/5 5821/50/5 5824/50/5 5820/50/5
f 5818/50/6 5819/50/6 5823/50/6 5822/50/6
f 5825/50/1 5828/50/1 5827/50/1 5826/50/1
f 5829/50/2 5830/50/2 5831/50/2 5832/50/2
f 5825/50/3 5826/50/3 5830/50/3 5829/50/3
f 5828/50/4 5832/50/4 5831/50/4 5827/50/4
f 5825/50/5 5829/50/5 5832/50/5 5828/50/5
f 5826/50/6 5827/50/6 5831/50/6 5830/50/6
f 5833/50/1 5836/50/1 5835/50/1 5834/50/1
f 5837/50/2 5838/50/2 5839/50/2 5840/50/2
f 5833/50/3 5834/50/3 5838/50/3 5837/50/3
f 5836/50/4 5840/50/4 5839/50/4 5835/50/4
f 5833/50/5 5837/50/5 5840/50/5 5836/50/5
f 5834/50/6 5835/50/6 5839/50/6 5838/50/6
f 5841/50/1 5844/50/1 5843/50/1 5842/50/1
f 5845/50/2 5846/50/2 5847/50/2 5848/50/2
f 5841/50/3 5842/50/3 5846/50/3 5845/50/3
f 5844/50/4 5848/50/4 5847/50/4 5843/50/4
f 5841/50/5 5845/50/5 5848/50/5 5844/50/5
f 5842/50/6 5843/50/6 5847/50/6 5846/50/6
f 5849/50/1 5852/50/1 5851/50/1 5850/50/1
f 5853/50/2 5854/50/2 5855/50/2 5856/50/2
f 5849/50/3 5850/50/3 5854/50/3 5853/50/3
f 5852/50/4 5856/50/4 5855/50/4 5851/50/4
f 5849/50/5 5853/50/5 5856/50/5 5852/50/5
f 5850/50/6 5851/50/6 5855/50/6 5854/50/6
f 5857/50/1 5860/50/1 5859/50/1 5858/50/1
f 5861/50/2 5862/50/2 5863/50/2 5864/50/2
f 5857/50/3 5858/50/3 5862/50/3 5861/50/3
f 5860/50/4 5864/50/4 5863/50/4 5859/50/4
f 5857/50/5 5861/50/5 5864/50/5 5860/50/5
f 5858/50/6 5859/50/6 5863/50/6 5862/50/6
f 5865/50/1 5868/50/1 5867/50/1 5866/50/1
f 5869/50/2 5870/50/2 5871/50/2 5872/50/2
f 5865/50/3 5866/50/3 5870/50/3 5869/50/3
f 5868/50/4 5872/50/4 5871/50/4 5867/50/4
f 5865/50/5 5869/50/5 5872/50/5 5868/50/5
f 5866/50/6 5867/50/6 5871/50/6 5870/50/6
f 5873/50/1 5876/50/1 5875/50/1 5874/50/1
f 5877/50/2 5878/50/2 5879/50/2 5880/50/2
f 5873/50/3 5874/50/3 5878/50/3 5877/50/3
f 5876/50/4 5880/50/4 5879/50/4 5875/50/4
f 5873/50/5 5877/50/5 5880/50/5 5876/50/5
f 5874/50/6 5875/50/6 5879/50/6 5878/50/6
f 5881/50/1 5884/50/1 5883/50/1 5882/50/1
f 5885/50/2 5886/50/2 5887/50/2 5888/50/2
f 5881/50/3 5882/50/3 5886/50/3 5885/50/3
f 5884/50/4 5888/50/4 5887/50/4 5883/50/4
f 5881/50/5 5885/50/5 5888/50/5 5884/50/5
f 5882/50/6 5883/50/6 5887/50/6 5886/50/6
f 5889/50/1 5892/50/1 5891/50/1 5890/50/1
f 5893/50/2 5894/50/2 5895/50/2 5896/50/2
f 5889/50/3 5890/50/3 5894/50/3 5893/50/3
f 5892/50/4 5896/50/4 5895/50/4 5891/50/4
f 5889/50/5 5893/50/5 5896/50/5 5892/50/5
f 5890/50/6 5891/50/6 5895/50/6 5894/50/6
f 5897/50/1 5900/50/1 5899/50/1 5898/50/1
f 5901/50/2 5902/50/2 5903/50/2 5904/50/2
f 5897/50/3 5898/50/3 5902/50/3 5901/50/3
f 5900/50/4 5904/50/4 5903/50/4 5899/50/4
f 5897/50/5 5901/50/5 5904/50/5 5900/50/5
f 5898/50/6 5899/50/6 5903/50/6 5902/50/6
f 5905/50/1 5908/50/1 5907/50/1 5906/50/1
f 5909/50/2 5910/50/2 5911/50/2 5912/50/2
f 5905/50/3 5906/50/3 5910/50/3 5909/50/3
f 5908/50/4 5912/50/4 5911/50/4 5907/50/4
f 5905/50/5 5909/50/5 5912/50/5 5908/50/5
f 5906/50/6 5907/50/6 5911/50/6 5910/50/6
f 5913/50/1 5916/50/1 5915/50/1 5914/50/1
f 5917/50/2 5918/50/2 5919/50/2 5920/50/2
f 5913/50/3 5914/50/3 5918/50/3 5917/50/3
f 5916/50/4 5920/50/4 5919/50/4 5915/50/4
f 5913/50/5 5917/50/5 5920/50/5 5916/50/5
f 5914/50/6 5915/50/6 5919/50/6 5918/50/6
f 5921/50/1 5924/50/1 5923/50/1 5922/50/1
f 5925/50/2 5926/50/2 5927/50/2 5928/50/2
f 5921/50/3 5922/50/3 5926/50/3 5925/50/3
f 5924/50/4 5928/50/4 5927/50/4 5923/50/4
f 5921/50/5 5925/50/5 5928/50/5 5924/50/5
f 5922/50/6 5923/50/6 5927/50/6 5926/50/6
f 5929/50/1 5932/50/1 5931/50/1 5930/50/1
f 5933/50/2 5934/50/2 5935/50/2 5936/50/2
f 5929/50/3 5930/50/3 5934/50/3 5933/50/3
f 5932/50/4 5936/50/4 5935/50/4 5931/50/4
f 5929/50/5 5933/50/5 5936/50/5 5932/50/5
f 5930/50/6 5931/50/6 5935/50/6 5934/50/6
o SHELL_handle
usemtl palette
f 5937/35/1 5940/35/1 5939/35/1 5938/35/1
f 5941/35/2 5942/35/2 5943/35/2 5944/35/2
f 5937/35/3 5938/35/3 5942/35/3 5941/35/3
f 5940/35/4 5944/35/4 5943/35/4 5939/35/4
f 5937/35/5 5941/35/5 5944/35/5 5940/35/5
f 5938/35/6 5939/35/6 5943/35/6 5942/35/6
f 5945/35/1 5948/35/1 5947/35/1 5946/35/1
f 5949/35/2 5950/35/2 5951/35/2 5952/35/2
f 5945/35/3 5946/35/3 5950/35/3 5949/35/3
f 5948/35/4 5952/35/4 5951/35/4 5947/35/4
f 5945/35/5 5949/35/5 5952/35/5 5948/35/5
f 5946/35/6 5947/35/6 5951/35/6 5950/35/6
f 5953/35/1 5956/35/1 5955/35/1 5954/35/1
f 5957/35/2 5958/35/2 5959/35/2 5960/35/2
f 5953/35/3 5954/35/3 5958/35/3 5957/35/3
f 5956/35/4 5960/35/4 5959/35/4 5955/35/4
f 5953/35/5 5957/35/5 5960/35/5 5956/35/5
f 5954/35/6 5955/35/6 5959/35/6 5958/35/6
f 5961/35/1 5964/35/1 5963/35/1 5962/35/1
f 5965/35/2 5966/35/2 5967/35/2 5968/35/2
f 5961/35/3 5962/35/3 5966/35/3 5965/35/3
f 5964/35/4 5968/35/4 5967/35/4 5963/35/4
f 5961/35/5 5965/35/5 5968/35/5 5964/35/5
f 5962/35/6 5963/35/6 5967/35/6 5966/35/6
f 5969/35/1 5972/35/1 5971/35/1 5970/35/1
f 5973/35/2 5974/35/2 5975/35/2 5976/35/2
f 5969/35/3 5970/35/3 5974/35/3 5973/35/3
f 5972/35/4 5976/35/4 5975/35/4 5971/35/4
f 5969/35/5 5973/35/5 5976/35/5 5972/35/5
f 5970/35/6 5971/35/6 5975/35/6 5974/35/6
f 5977/35/1 5980/35/1 5979/35/1 5978/35/1
f 5981/35/2 5982/35/2 5983/35/2 5984/35/2
f 5977/35/3 5978/35/3 5982/35/3 5981/35/3
f 5980/35/4 5984/35/4 5983/35/4 5979/35/4
f 5977/35/5 5981/35/5 5984/35/5 5980/35/5
f 5978/35/6 5979/35/6 5983/35/6 5982/35/6
f 5985/35/1 5988/35/1 5987/35/1 5986/35/1
f 5989/35/2 5990/35/2 5991/35/2 5992/35/2
f 5985/35/3 5986/35/3 5990/35/3 5989/35/3
f 5988/35/4 5992/35/4 5991/35/4 5987/35/4
f 5985/35/5 5989/35/5 5992/35/5 5988/35/5
f 5986/35/6 5987/35/6 5991/35/6 5990/35/6
f 5993/35/1 5996/35/1 5995/35/1 5994/35/1
f 5997/35/2 5998/35/2 5999/35/2 6000/35/2
f 5993/35/3 5994/35/3 5998/35/3 5997/35/3
f 5996/35/4 6000/35/4 5999/35/4 5995/35/4
f 5993/35/5 5997/35/5 6000/35/5 5996/35/5
f 5994/35/6 5995/35/6 5999/35/6 5998/35/6
f 6001/35/1 6004/35/1 6003/35/1 6002/35/1
f 6005/35/2 6006/35/2 6007/35/2 6008/35/2
f 6001/35/3 6002/35/3 6006/35/3 6005/35/3
f 6004/35/4 6008/35/4 6007/35/4 6003/35/4
f 6001/35/5 6005/35/5 6008/35/5 6004/35/5
f 6002/35/6 6003/35/6 6007/35/6 6006/35/6
f 6009/35/1 6012/35/1 6011/35/1 6010/35/1
f 6013/35/2 6014/35/2 6015/35/2 6016/35/2
f 6009/35/3 6010/35/3 6014/35/3 6013/35/3
f 6012/35/4 6016/35/4 6015/35/4 6011/35/4
f 6009/35/5 6013/35/5 6016/35/5 6012/35/5
f 6010/35/6 6011/35/6 6015/35/6 6014/35/6
f 6017/35/1 6020/35/1 6019/35/1 6018/35/1
f 6021/35/2 6022/35/2 6023/35/2 6024/35/2
f 6017/35/3 6018/35/3 6022/35/3 6021/35/3
f 6020/35/4 6024/35/4 6023/35/4 6019/35/4
f 6017/35/5 6021/35/5 6024/35/5 6020/35/5
f 6018/35/6 6019/35/6 6023/35/6 6022/35/6
f 6025/35/1 6028/35/1 6027/35/1 6026/35/1
f 6029/35/2 6030/35/2 6031/35/2 6032/35/2
f 6025/35/3 6026/35/3 6030/35/3 6029/35/3
f 6028/35/4 6032/35/4 6031/35/4 6027/35/4
f 6025/35/5 6029/35/5 6032/35/5 6028/35/5
f 6026/35/6 6027/35/6 6031/35/6 6030/35/6
f 6033/35/1 6036/35/1 6035/35/1 6034/35/1
f 6037/35/2 6038/35/2 6039/35/2 6040/35/2
f 6033/35/3 6034/35/3 6038/35/3 6037/35/3
f 6036/35/4 6040/35/4 6039/35/4 6035/35/4
f 6033/35/5 6037/35/5 6040/35/5 6036/35/5
f 6034/35/6 6035/35/6 6039/35/6 6038/35/6
f 6041/35/1 6044/35/1 6043/35/1 6042/35/1
f 6045/35/2 6046/35/2 6047/35/2 6048/35/2
f 6041/35/3 6042/35/3 6046/35/3 6045/35/3
f 6044/35/4 6048/35/4 6047/35/4 6043/35/4
f 6041/35/5 6045/35/5 6048/35/5 6044/35/5
f 6042/35/6 6043/35/6 6047/35/6 6046/35/6
f 6049/35/1 6052/35/1 6051/35/1 6050/35/1
f 6053/35/2 6054/35/2 6055/35/2 6056/35/2
f 6049/35/3 6050/35/3 6054/35/3 6053/35/3
f 6052/35/4 6056/35/4 6055/35/4 6051/35/4
f 6049/35/5 6053/35/5 6056/35/5 6052/35/5
f 6050/35/6 6051/35/6 6055/35/6 6054/35/6
f 6057/35/1 6060/35/1 6059/35/1 6058/35/1
f 6061/35/2 6062/35/2 6063/35/2 6064/35/2
f 6057/35/3 6058/35/3 6062/35/3 6061/35/3
f 6060/35/4 6064/35/4 6063/35/4 6059/35/4
f 6057/35/5 6061/35/5 6064/35/5 6060/35/5
f 6058/35/6 6059/35/6 6063/35/6 6062/35/6
o SHELL_button
usemtl palette
f 6065/14/1 6068/14/1 6067/14/1 6066/14/1
f 6069/14/2 6070/14/2 6071/14/2 6072/14/2
f 6065/14/3 6066/14/3 6070/14/3 6069/14/3
f 6068/14/4 6072/14/4 6071/14/4 6067/14/4
f 6065/14/5 6069/14/5 6072/14/5 6068/14/5
f 6066/14/6 6067/14/6 6071/14/6 6070/14/6
f 6073/14/1 6076/14/1 6075/14/1 6074/14/1
f 6077/14/2 6078/14/2 6079/14/2 6080/14/2
f 6073/14/3 6074/14/3 6078/14/3 6077/14/3
f 6076/14/4 6080/14/4 6079/14/4 6075/14/4
f 6073/14/5 6077/14/5 6080/14/5 6076/14/5
f 6074/14/6 6075/14/6 6079/14/6 6078/14/6
f 6081/14/1 6084/14/1 6083/14/1 6082/14/1
f 6085/14/2 6086/14/2 6087/14/2 6088/14/2
f 6081/14/3 6082/14/3 6086/14/3 6085/14/3
f 6084/14/4 6088/14/4 6087/14/4 6083/14/4
f 6081/14/5 6085/14/5 6088/14/5 6084/14/5
f 6082/14/6 6083/14/6 6087/14/6 6086/14/6
f 6089/14/1 6092/14/1 6091/14/1 6090/14/1
f 6093/14/2 6094/14/2 6095/14/2 6096/14/2
f 6089/14/3 6090/14/3 6094/14/3 6093/14/3
f 6092/14/4 6096/14/4 6095/14/4 6091/14/4
f 6089/14/5 6093/14/5 6096/14/5 6092/14/5
f 6090/14/6 6091/14/6 6095/14/6 6094/14/6
f 6097/14/1 6100/14/1 6099/14/1 6098/14/1
f 6101/14/2 6102/14/2 6103/14/2 6104/14/2
f 6097/14/3 6098/14/3 6102/14/3 6101/14/3
f 6100/14/4 6104/14/4 6103/14/4 6099/14/4
f 6097/14/5 6101/14/5 6104/14/5 6100/14/5
f 6098/14/6 6099/14/6 6103/14/6 6102/14/6
f 6105/14/1 6108/14/1 6107/14/1 6106/14/1
f 6109/14/2 6110/14/2 6111/14/2 6112/14/2
f 6105/14/3 6106/14/3 6110/14/3 6109/14/3
f 6108/14/4 6112/14/4 6111/14/4 6107/14/4
f 6105/14/5 6109/14/5 6112/14/5 6108/14/5
f 6106/14/6 6107/14/6 6111/14/6 6110/14/6
f 6113/14/1 6116/14/1 6115/14/1 6114/14/1
f 6117/14/2 6118/14/2 6119/14/2 6120/14/2
f 6113/14/3 6114/14/3 6118/14/3 6117/14/3
f 6116/14/4 6120/14/4 6119/14/4 6115/14/4
f 6113/14/5 6117/14/5 6120/14/5 6116/14/5
f 6114/14/6 6115/14/6 6119/14/6 6118/14/6
f 6121/14/1 6124/14/1 6123/14/1 6122/14/1
f 6125/14/2 6126/14/2 6127/14/2 6128/14/2
f 6121/14/3 6122/14/3 6126/14/3 6125/14/3
f 6124/14/4 6128/14/4 6127/14/4 6123/14/4
f 6121/14/5 6125/14/5 6128/14/5 6124/14/5
f 6122/14/6 6123/14/6 6127/14/6 6126/14/6
o SHELL_plate
usemtl palette
f 6129/51/1 6132/51/1 6131/51/1 6130/51/1
f 6133/51/2 6134/51/2 6135/51/2 6136/51/2
f 6129/51/3 6130/51/3 6134/51/3 6133/51/3
f 6132/51/4 6136/51/4 6135/51/4 6131/51/4
f 6129/51/5 6133/51/5 6136/51/5 6132/51/5
f 6130/51/6 6131/51/6 6135/51/6 6134/51/6
f 6137/50/1 6140/50/1 6139/50/1 6138/50/1
f 6141/50/2 6142/50/2 6143/50/2 6144/50/2
f 6137/50/3 6138/50/3 6142/50/3 6141/50/3
f 6140/50/4 6144/50/4 6143/50/4 6139/50/4
f 6137/50/5 6141/50/5 6144/50/5 6140/50/5
f 6138/50/6 6139/50/6 6143/50/6 6142/50/6
f 6145/51/1 6148/51/1 6147/51/1 6146/51/1
f 6149/51/2 6150/51/2 6151/51/2 6152/51/2
f 6145/51/3 6146/51/3 6150/51/3 6149/51/3
f 6148/51/4 6152/51/4 6151/51/4 6147/51/4
f 6145/51/5 6149/51/5 6152/51/5 6148/51/5
f 6146/51/6 6147/51/6 6151/51/6 6150/51/6
f 6153/50/1 6156/50/1 6155/50/1 6154/50/1
f 6157/50/2 6158/50/2 6159/50/2 6160/50/2
f 6153/50/3 6154/50/3 6158/50/3 6157/50/3
f 6156/50/4 6160/50/4 6159/50/4 6155/50/4
f 6153/50/5 6157/50/5 6160/50/5 6156/50/5
f 6154/50/6 6155/50/6 6159/50/6 6158/50/6
o SHELL_destbox
usemtl palette
f 6161/50/1 6164/50/1 6163/50/1 6162/50/1
f 6165/50/2 6166/50/2 6167/50/2 6168/50/2
f 6161/50/3 6162/50/3 6166/50/3 6165/50/3
f 6164/50/4 6168/50/4 6167/50/4 6163/50/4
f 6161/50/5 6165/50/5 6168/50/5 6164/50/5
f 6162/50/6 6163/50/6 6167/50/6 6166/50/6
o SHELL_floor
usemtl palette
f 6169/3/1 6172/3/1 6171/3/1 6170/3/1
f 6173/3/2 6174/3/2 6175/3/2 6176/3/2
f 6169/3/3 6170/3/3 6174/3/3 6173/3/3
f 6172/3/4 6176/3/4 6175/3/4 6171/3/4
f 6169/3/5 6173/3/5 6176/3/5 6172/3/5
f 6170/3/6 6171/3/6 6175/3/6 6174/3/6
o SHELL_ceiling
usemtl palette
f 6177/5/1 6180/5/1 6179/5/1 6178/5/1
f 6181/5/2 6182/5/2 6183/5/2 6184/5/2
f 6177/5/3 6178/5/3 6182/5/3 6181/5/3
f 6180/5/4 6184/5/4 6183/5/4 6179/5/4
f 6177/5/5 6181/5/5 6184/5/5 6180/5/5
f 6178/5/6 6179/5/6 6183/5/6 6182/5/6
o SHELL_end
usemtl palette
f 6185/12/1 6188/12/1 6187/12/1 6186/12/1
f 6189/12/2 6190/12/2 6191/12/2 6192/12/2
f 6185/12/3 6186/12/3 6190/12/3 6189/12/3
f 6188/12/4 6192/12/4 6191/12/4 6187/12/4
f 6185/12/5 6189/12/5 6192/12/5 6188/12/5
f 6186/12/6 6187/12/6 6191/12/6 6190/12/6
f 6193/12/1 6196/12/1 6195/12/1 6194/12/1
f 6197/12/2 6198/12/2 6199/12/2 6200/12/2
f 6193/12/3 6194/12/3 6198/12/3 6197/12/3
f 6196/12/4 6200/12/4 6199/12/4 6195/12/4
f 6193/12/5 6197/12/5 6200/12/5 6196/12/5
f 6194/12/6 6195/12/6 6199/12/6 6198/12/6
f 6201/12/1 6204/12/1 6203/12/1 6202/12/1
f 6205/12/2 6206/12/2 6207/12/2 6208/12/2
f 6201/12/3 6202/12/3 6206/12/3 6205/12/3
f 6204/12/4 6208/12/4 6207/12/4 6203/12/4
f 6201/12/5 6205/12/5 6208/12/5 6204/12/5
f 6202/12/6 6203/12/6 6207/12/6 6206/12/6
f 6209/10/1 6212/10/1 6211/10/1 6210/10/1
f 6213/10/2 6214/10/2 6215/10/2 6216/10/2
f 6209/10/3 6210/10/3 6214/10/3 6213/10/3
f 6212/10/4 6216/10/4 6215/10/4 6211/10/4
f 6209/10/5 6213/10/5 6216/10/5 6212/10/5
f 6210/10/6 6211/10/6 6215/10/6 6214/10/6
o CONNECTING_DOOR_1_CG_CR_TOGGLE_TL_0.98_Z
usemtl palette
f 6217/55/1 6220/55/1 6219/55/1 6218/55/1
f 6221/55/2 6222/55/2 6223/55/2 6224/55/2
f 6217/55/3 6218/55/3 6222/55/3 6221/55/3
f 6220/55/4 6224/55/4 6223/55/4 6219/55/4
f 6217/55/5 6221/55/5 6224/55/5 6220/55/5
f 6218/55/6 6219/55/6 6223/55/6 6222/55/6
f 6225/1/1 6228/1/1 6227/1/1 6226/1/1
f 6229/1/2 6230/1/2 6231/1/2 6232/1/2
f 6225/1/3 6226/1/3 6230/1/3 6229/1/3
f 6228/1/4 6232/1/4 6231/1/4 6227/1/4
f 6225/1/5 6229/1/5 6232/1/5 6228/1/5
f 6226/1/6 6227/1/6 6231/1/6 6230/1/6
o EXTERNAL_DOOR_3_CG_DR1_TOGGLE_TL_-0.61_X
usemtl palette
f 6233/55/1 6236/55/1 6235/55/1 6234/55/1
f 6237/55/2 6238/55/2 6239/55/2 6240/55/2
f 6233/55/3 6234/55/3 6238/55/3 6237/55/3
f 6236/55/4 6240/55/4 6239/55/4 6235/55/4
f 6233/55/5 6237/55/5 6240/55/5 6236/55/5
f 6234/55/6 6235/55/6 6239/55/6 6238/55/6
f 6241/55/1 6244/55/1 6243/55/1 6242/55/1
f 6245/55/2 6246/55/2 6247/55/2 6248/55/2
f 6241/55/3 6242/55/3 6246/55/3 6245/55/3
f 6244/55/4 6248/55/4 6247/55/4 6243/55/4
f 6241/55/5 6245/55/5 6248/55/5 6244/55/5
f 6242/55/6 6243/55/6 6247/55/6 6246/55/6
f 6249/55/1 6252/55/1 6251/55/1 6250/55/1
f 6253/55/2 6254/55/2 6255/55/2 6256/55/2
f 6249/55/3 6250/55/3 6254/55/3 6253/55/3
f 6252/55/4 6256/55/4 6255/55/4 6251/55/4
f 6249/55/5 6253/55/5 6256/55/5 6252/55/5
f 6250/55/6 6251/55/6 6255/55/6 6254/55/6
f 6257/55/1 6260/55/1 6259/55/1 6258/55/1
f 6261/55/2 6262/55/2 6263/55/2 6264/55/2
f 6257/55/3 6258/55/3 6262/55/3 6261/55/3
f 6260/55/4 6264/55/4 6263/55/4 6259/55/4
f 6257/55/5 6261/55/5 6264/55/5 6260/55/5
f 6258/55/6 6259/55/6 6263/55/6 6262/55/6
f 6265/1/1 6268/1/1 6267/1/1 6266/1/1
f 6269/1/2 6270/1/2 6271/1/2 6272/1/2
f 6265/1/3 6266/1/3 6270/1/3 6269/1/3
f 6268/1/4 6272/1/4 6271/1/4 6267/1/4
f 6265/1/5 6269/1/5 6272/1/5 6268/1/5
f 6266/1/6 6267/1/6 6271/1/6 6270/1/6
f 6273/7/1 6276/7/1 6275/7/1 6274/7/1
f 6277/7/2 6278/7/2 6279/7/2 6280/7/2
f 6273/7/3 6274/7/3 6278/7/3 6277/7/3
f 6276/7/4 6280/7/4 6279/7/4 6275/7/4
f 6273/7/5 6277/7/5 6280/7/5 6276/7/5
f 6274/7/6 6275/7/6 6279/7/6 6278/7/6
o EXTERNAL_DOOR_4_CG_DR1_TOGGLE_TL_0.61_X
usemtl palette
f 6281/55/1 6284/55/1 6283/55/1 6282/55/1
f 6285/55/2 6286/55/2 6287/55/2 6288/55/2
f 6281/55/3 6282/55/3 6286/55/3 6285/55/3
f 6284/55/4 6288/55/4 6287/55/4 6283/55/4
f 6281/55/5 6285/55/5 6288/55/5 6284/55/5
f 6282/55/6 6283/55/6 6287/55/6 6286/55/6
f 6289/55/1 6292/55/1 6291/55/1 6290/55/1
f 6293/55/2 6294/55/2 6295/55/2 6296/55/2
f 6289/55/3 6290/55/3 6294/55/3 6293/55/3
f 6292/55/4 6296/55/4 6295/55/4 6291/55/4
f 6289/55/5 6293/55/5 6296/55/5 6292/55/5
f 6290/55/6 6291/55/6 6295/55/6 6294/55/6
f 6297/55/1 6300/55/1 6299/55/1 6298/55/1
f 6301/55/2 6302/55/2 6303/55/2 6304/55/2
f 6297/55/3 6298/55/3 6302/55/3 6301/55/3
f 6300/55/4 6304/55/4 6303/55/4 6299/55/4
f 6297/55/5 6301/55/5 6304/55/5 6300/55/5
f 6298/55/6 6299/55/6 6303/55/6 6302/55/6
f 6305/55/1 6308/55/1 6307/55/1 6306/55/1
f 6309/55/2 6310/55/2 6311/55/2 6312/55/2
f 6305/55/3 6306/55/3 6310/55/3 6309/55/3
f 6308/55/4 6312/55/4 6311/55/4 6307/55/4
f 6305/55/5 6309/55/5 6312/55/5 6308/55/5
f 6306/55/6 6307/55/6 6311/55/6 6310/55/6
f 6313/1/1 6316/1/1 6315/1/1 6314/1/1
f 6317/1/2 6318/1/2 6319/1/2 6320/1/2
f 6313/1/3 6314/1/3 6318/1/3 6317/1/3
f 6316/1/4 6320/1/4 6319/1/4 6315/1/4
f 6313/1/5 6317/1/5 6320/1/5 6316/1/5
f 6314/1/6 6315/1/6 6319/1/6 6318/1/6
f 6321/7/1 6324/7/1 6323/7/1 6322/7/1
f 6325/7/2 6326/7/2 6327/7/2 6328/7/2
f 6321/7/3 6322/7/3 6326/7/3 6325/7/3
f 6324/7/4 6328/7/4 6327/7/4 6323/7/4
f 6321/7/5 6325/7/5 6328/7/5 6324/7/5
f 6322/7/6 6323/7/6 6327/7/6 6326/7/6
o SHELL_doorkit
usemtl palette
f 6329/13/1 6332/13/1 6331/13/1 6330/13/1
f 6333/13/2 6334/13/2 6335/13/2 6336/13/2
f 6329/13/3 6330/13/3 6334/13/3 6333/13/3
f 6332/13/4 6336/13/4 6335/13/4 6331/13/4
f 6329/13/5 6333/13/5 6336/13/5 6332/13/5
f 6330/13/6 6331/13/6 6335/13/6 6334/13/6
f 6337/10/1 6340/10/1 6339/10/1 6338/10/1
f 6341/10/2 6342/10/2 6343/10/2 6344/10/2
f 6337/10/3 6338/10/3 6342/10/3 6341/10/3
f 6340/10/4 6344/10/4 6343/10/4 6339/10/4
f 6337/10/5 6341/10/5 6344/10/5 6340/10/5
f 6338/10/6 6339/10/6 6343/10/6 6342/10/6
f 6345/13/1 6348/13/1 6347/13/1 6346/13/1
f 6349/13/2 6350/13/2 6351/13/2 6352/13/2
f 6345/13/3 6346/13/3 6350/13/3 6349/13/3
f 6348/13/4 6352/13/4 6351/13/4 6347/13/4
f 6345/13/5 6349/13/5 6352/13/5 6348/13/5
f 6346/13/6 6347/13/6 6351/13/6 6350/13/6
f 6353/10/1 6356/10/1 6355/10/1 6354/10/1
f 6357/10/2 6358/10/2 6359/10/2 6360/10/2
f 6353/10/3 6354/10/3 6358/10/3 6357/10/3
f 6356/10/4 6360/10/4 6359/10/4 6355/10/4
f 6353/10/5 6357/10/5 6360/10/5 6356/10/5
f 6354/10/6 6355/10/6 6359/10/6 6358/10/6
f 6361/13/1 6364/13/1 6363/13/1 6362/13/1
f 6365/13/2 6366/13/2 6367/13/2 6368/13/2
f 6361/13/3 6362/13/3 6366/13/3 6365/13/3
f 6364/13/4 6368/13/4 6367/13/4 6363/13/4
f 6361/13/5 6365/13/5 6368/13/5 6364/13/5
f 6362/13/6 6363/13/6 6367/13/6 6366/13/6
f 6369/10/1 6372/10/1 6371/10/1 6370/10/1
f 6373/10/2 6374/10/2 6375/10/2 6376/10/2
f 6369/10/3 6370/10/3 6374/10/3 6373/10/3
f 6372/10/4 6376/10/4 6375/10/4 6371/10/4
f 6369/10/5 6373/10/5 6376/10/5 6372/10/5
f 6370/10/6 6371/10/6 6375/10/6 6374/10/6
f 6377/13/1 6380/13/1 6379/13/1 6378/13/1
f 6381/13/2 6382/13/2 6383/13/2 6384/13/2
f 6377/13/3 6378/13/3 6382/13/3 6381/13/3
f 6380/13/4 6384/13/4 6383/13/4 6379/13/4
f 6377/13/5 6381/13/5 6384/13/5 6380/13/5
f 6378/13/6 6379/13/6 6383/13/6 6382/13/6
f 6385/10/1 6388/10/1 6387/10/1 6386/10/1
f 6389/10/2 6390/10/2 6391/10/2 6392/10/2
f 6385/10/3 6386/10/3 6390/10/3 6389/10/3
f 6388/10/4 6392/10/4 6391/10/4 6387/10/4
f 6385/10/5 6389/10/5 6392/10/5 6388/10/5
f 6386/10/6 6387/10/6 6391/10/6 6390/10/6
f 6393/13/1 6396/13/1 6395/13/1 6394/13/1
f 6397/13/2 6398/13/2 6399/13/2 6400/13/2
f 6393/13/3 6394/13/3 6398/13/3 6397/13/3
f 6396/13/4 6400/13/4 6399/13/4 6395/13/4
f 6393/13/5 6397/13/5 6400/13/5 6396/13/5
f 6394/13/6 6395/13/6 6399/13/6 6398/13/6
f 6401/10/1 6404/10/1 6403/10/1 6402/10/1
f 6405/10/2 6406/10/2 6407/10/2 6408/10/2
f 6401/10/3 6402/10/3 6406/10/3 6405/10/3
f 6404/10/4 6408/10/4 6407/10/4 6403/10/4
f 6401/10/5 6405/10/5 6408/10/5 6404/10/5
f 6402/10/6 6403/10/6 6407/10/6 6406/10/6
f 6409/13/1 6412/13/1 6411/13/1 6410/13/1
f 6413/13/2 6414/13/2 6415/13/2 6416/13/2
f 6409/13/3 6410/13/3 6414/13/3 6413/13/3
f 6412/13/4 6416/13/4 6415/13/4 6411/13/4
f 6409/13/5 6413/13/5 6416/13/5 6412/13/5
f 6410/13/6 6411/13/6 6415/13/6 6414/13/6
f 6417/10/1 6420/10/1 6419/10/1 6418/10/1
f 6421/10/2 6422/10/2 6423/10/2 6424/10/2
f 6417/10/3 6418/10/3 6422/10/3 6421/10/3
f 6420/10/4 6424/10/4 6423/10/4 6419/10/4
f 6417/10/5 6421/10/5 6424/10/5 6420/10/5
f 6418/10/6 6419/10/6 6423/10/6 6422/10/6
f 6425/13/1 6428/13/1 6427/13/1 6426/13/1
f 6429/13/2 6430/13/2 6431/13/2 6432/13/2
f 6425/13/3 6426/13/3 6430/13/3 6429/13/3
f 6428/13/4 6432/13/4 6431/13/4 6427/13/4
f 6425/13/5 6429/13/5 6432/13/5 6428/13/5
f 6426/13/6 6427/13/6 6431/13/6 6430/13/6
f 6433/10/1 6436/10/1 6435/10/1 6434/10/1
f 6437/10/2 6438/10/2 6439/10/2 6440/10/2
f 6433/10/3 6434/10/3 6438/10/3 6437/10/3
f 6436/10/4 6440/10/4 6439/10/4 6435/10/4
f 6433/10/5 6437/10/5 6440/10/5 6436/10/5
f 6434/10/6 6435/10/6 6439/10/6 6438/10/6
f 6441/13/1 6444/13/1 6443/13/1 6442/13/1
f 6445/13/2 6446/13/2 6447/13/2 6448/13/2
f 6441/13/3 6442/13/3 6446/13/3 6445/13/3
f 6444/13/4 6448/13/4 6447/13/4 6443/13/4
f 6441/13/5 6445/13/5 6448/13/5 6444/13/5
f 6442/13/6 6443/13/6 6447/13/6 6446/13/6
f 6449/10/1 6452/10/1 6451/10/1 6450/10/1
f 6453/10/2 6454/10/2 6455/10/2 6456/10/2
f 6449/10/3 6450/10/3 6454/10/3 6453/10/3
f 6452/10/4 6456/10/4 6455/10/4 6451/10/4
f 6449/10/5 6453/10/5 6456/10/5 6452/10/5
f 6450/10/6 6451/10/6 6455/10/6 6454/10/6
o EXTERNAL_DOOR_6_CG_DL1_TOGGLE_TL_-0.61_X
usemtl palette
f 6457/55/1 6460/55/1 6459/55/1 6458/55/1
f 6461/55/2 6462/55/2 6463/55/2 6464/55/2
f 6457/55/3 6458/55/3 6462/55/3 6461/55/3
f 6460/55/4 6464/55/4 6463/55/4 6459/55/4
f 6457/55/5 6461/55/5 6464/55/5 6460/55/5
f 6458/55/6 6459/55/6 6463/55/6 6462/55/6
f 6465/55/1 6468/55/1 6467/55/1 6466/55/1
f 6469/55/2 6470/55/2 6471/55/2 6472/55/2
f 6465/55/3 6466/55/3 6470/55/3 6469/55/3
f 6468/55/4 6472/55/4 6471/55/4 6467/55/4
f 6465/55/5 6469/55/5 6472/55/5 6468/55/5
f 6466/55/6 6467/55/6 6471/55/6 6470/55/6
f 6473/55/1 6476/55/1 6475/55/1 6474/55/1
f 6477/55/2 6478/55/2 6479/55/2 6480/55/2
f 6473/55/3 6474/55/3 6478/55/3 6477/55/3
f 6476/55/4 6480/55/4 6479/55/4 6475/55/4
f 6473/55/5 6477/55/5 6480/55/5 6476/55/5
f 6474/55/6 6475/55/6 6479/55/6 6478/55/6
f 6481/55/1 6484/55/1 6483/55/1 6482/55/1
f 6485/55/2 6486/55/2 6487/55/2 6488/55/2
f 6481/55/3 6482/55/3 6486/55/3 6485/55/3
f 6484/55/4 6488/55/4 6487/55/4 6483/55/4
f 6481/55/5 6485/55/5 6488/55/5 6484/55/5
f 6482/55/6 6483/55/6 6487/55/6 6486/55/6
f 6489/1/1 6492/1/1 6491/1/1 6490/1/1
f 6493/1/2 6494/1/2 6495/1/2 6496/1/2
f 6489/1/3 6490/1/3 6494/1/3 6493/1/3
f 6492/1/4 6496/1/4 6495/1/4 6491/1/4
f 6489/1/5 6493/1/5 6496/1/5 6492/1/5
f 6490/1/6 6491/1/6 6495/1/6 6494/1/6
f 6497/7/1 6500/7/1 6499/7/1 6498/7/1
f 6501/7/2 6502/7/2 6503/7/2 6504/7/2
f 6497/7/3 6498/7/3 6502/7/3 6501/7/3
f 6500/7/4 6504/7/4 6503/7/4 6499/7/4
f 6497/7/5 6501/7/5 6504/7/5 6500/7/5
f 6498/7/6 6499/7/6 6503/7/6 6502/7/6
o EXTERNAL_DOOR_7_CG_DL1_TOGGLE_TL_0.61_X
usemtl palette
f 6505/55/1 6508/55/1 6507/55/1 6506/55/1
f 6509/55/2 6510/55/2 6511/55/2 6512/55/2
f 6505/55/3 6506/55/3 6510/55/3 6509/55/3
f 6508/55/4 6512/55/4 6511/55/4 6507/55/4
f 6505/55/5 6509/55/5 6512/55/5 6508/55/5
f 6506/55/6 6507/55/6 6511/55/6 6510/55/6
f 6513/55/1 6516/55/1 6515/55/1 6514/55/1
f 6517/55/2 6518/55/2 6519/55/2 6520/55/2
f 6513/55/3 6514/55/3 6518/55/3 6517/55/3
f 6516/55/4 6520/55/4 6519/55/4 6515/55/4
f 6513/55/5 6517/55/5 6520/55/5 6516/55/5
f 6514/55/6 6515/55/6 6519/55/6 6518/55/6
f 6521/55/1 6524/55/1 6523/55/1 6522/55/1
f 6525/55/2 6526/55/2 6527/55/2 6528/55/2
f 6521/55/3 6522/55/3 6526/55/3 6525/55/3
f 6524/55/4 6528/55/4 6527/55/4 6523/55/4
f 6521/55/5 6525/55/5 6528/55/5 6524/55/5
f 6522/55/6 6523/55/6 6527/55/6 6526/55/6
f 6529/55/1 6532/55/1 6531/55/1 6530/55/1
f 6533/55/2 6534/55/2 6535/55/2 6536/55/2
f 6529/55/3 6530/55/3 6534/55/3 6533/55/3
f 6532/55/4 6536/55/4 6535/55/4 6531/55/4
f 6529/55/5 6533/55/5 6536/55/5 6532/55/5
f 6530/55/6 6531/55/6 6535/55/6 6534/55/6
f 6537/1/1 6540/1/1 6539/1/1 6538/1/1
f 6541/1/2 6542/1/2 6543/1/2 6544/1/2
f 6537/1/3 6538/1/3 6542/1/3 6541/1/3
f 6540/1/4 6544/1/4 6543/1/4 6539/1/4
f 6537/1/5 6541/1/5 6544/1/5 6540/1/5
f 6538/1/6 6539/1/6 6543/1/6 6542/1/6
f 6545/7/1 6548/7/1 6547/7/1 6546/7/1
f 6549/7/2 6550/7/2 6551/7/2 6552/7/2
f 6545/7/3 6546/7/3 6550/7/3 6549/7/3
f 6548/7/4 6552/7/4 6551/7/4 6547/7/4
f 6545/7/5 6549/7/5 6552/7/5 6548/7/5
f 6546/7/6 6547/7/6 6551/7/6 6550/7/6
o EXTERNAL_DOOR_9_CG_DR2_TOGGLE_TL_-0.61_X
usemtl palette
f 6553/55/1 6556/55/1 6555/55/1 6554/55/1
f 6557/55/2 6558/55/2 6559/55/2 6560/55/2
f 6553/55/3 6554/55/3 6558/55/3 6557/55/3
f 6556/55/4 6560/55/4 6559/55/4 6555/55/4
f 6553/55/5 6557/55/5 6560/55/5 6556/55/5
f 6554/55/6 6555/55/6 6559/55/6 6558/55/6
f 6561/55/1 6564/55/1 6563/55/1 6562/55/1
f 6565/55/2 6566/55/2 6567/55/2 6568/55/2
f 6561/55/3 6562/55/3 6566/55/3 6565/55/3
f 6564/55/4 6568/55/4 6567/55/4 6563/55/4
f 6561/55/5 6565/55/5 6568/55/5 6564/55/5
f 6562/55/6 6563/55/6 6567/55/6 6566/55/6
f 6569/55/1 6572/55/1 6571/55/1 6570/55/1
f 6573/55/2 6574/55/2 6575/55/2 6576/55/2
f 6569/55/3 6570/55/3 6574/55/3 6573/55/3
f 6572/55/4 6576/55/4 6575/55/4 6571/55/4
f 6569/55/5 6573/55/5 6576/55/5 6572/55/5
f 6570/55/6 6571/55/6 6575/55/6 6574/55/6
f 6577/55/1 6580/55/1 6579/55/1 6578/55/1
f 6581/55/2 6582/55/2 6583/55/2 6584/55/2
f 6577/55/3 6578/55/3 6582/55/3 6581/55/3
f 6580/55/4 6584/55/4 6583/55/4 6579/55/4
f 6577/55/5 6581/55/5 6584/55/5 6580/55/5
f 6578/55/6 6579/55/6 6583/55/6 6582/55/6
f 6585/1/1 6588/1/1 6587/1/1 6586/1/1
f 6589/1/2 6590/1/2 6591/1/2 6592/1/2
f 6585/1/3 6586/1/3 6590/1/3 6589/1/3
f 6588/1/4 6592/1/4 6591/1/4 6587/1/4
f 6585/1/5 6589/1/5 6592/1/5 6588/1/5
f 6586/1/6 6587/1/6 6591/1/6 6590/1/6
f 6593/7/1 6596/7/1 6595/7/1 6594/7/1
f 6597/7/2 6598/7/2 6599/7/2 6600/7/2
f 6593/7/3 6594/7/3 6598/7/3 6597/7/3
f 6596/7/4 6600/7/4 6599/7/4 6595/7/4
f 6593/7/5 6597/7/5 6600/7/5 6596/7/5
f 6594/7/6 6595/7/6 6599/7/6 6598/7/6
o EXTERNAL_DOOR_10_CG_DR2_TOGGLE_TL_0.61_X
usemtl palette
f 6601/55/1 6604/55/1 6603/55/1 6602/55/1
f 6605/55/2 6606/55/2 6607/55/2 6608/55/2
f 6601/55/3 6602/55/3 6606/55/3 6605/55/3
f 6604/55/4 6608/55/4 6607/55/4 6603/55/4
f 6601/55/5 6605/55/5 6608/55/5 6604/55/5
f 6602/55/6 6603/55/6 6607/55/6 6606/55/6
f 6609/55/1 6612/55/1 6611/55/1 6610/55/1
f 6613/55/2 6614/55/2 6615/55/2 6616/55/2
f 6609/55/3 6610/55/3 6614/55/3 6613/55/3
f 6612/55/4 6616/55/4 6615/55/4 6611/55/4
f 6609/55/5 6613/55/5 6616/55/5 6612/55/5
f 6610/55/6 6611/55/6 6615/55/6 6614/55/6
f 6617/55/1 6620/55/1 6619/55/1 6618/55/1
f 6621/55/2 6622/55/2 6623/55/2 6624/55/2
f 6617/55/3 6618/55/3 6622/55/3 6621/55/3
f 6620/55/4 6624/55/4 6623/55/4 6619/55/4
f 6617/55/5 6621/55/5 6624/55/5 6620/55/5
f 6618/55/6 6619/55/6 6623/55/6 6622/55/6
f 6625/55/1 6628/55/1 6627/55/1 6626/55/1
f 6629/55/2 6630/55/2 6631/55/2 6632/55/2
f 6625/55/3 6626/55/3 6630/55/3 6629/55/3
f 6628/55/4 6632/55/4 6631/55/4 6627/55/4
f 6625/55/5 6629/55/5 6632/55/5 6628/55/5
f 6626/55/6 6627/55/6 6631/55/6 6630/55/6
f 6633/1/1 6636/1/1 6635/1/1 6634/1/1
f 6637/1/2 6638/1/2 6639/1/2 6640/1/2
f 6633/1/3 6634/1/3 6638/1/3 6637/1/3
f 6636/1/4 6640/1/4 6639/1/4 6635/1/4
f 6633/1/5 6637/1/5 6640/1/5 6636/1/5
f 6634/1/6 6635/1/6 6639/1/6 6638/1/6
f 6641/7/1 6644/7/1 6643/7/1 6642/7/1
f 6645/7/2 6646/7/2 6647/7/2 6648/7/2
f 6641/7/3 6642/7/3 6646/7/3 6645/7/3
f 6644/7/4 6648/7/4 6647/7/4 6643/7/4
f 6641/7/5 6645/7/5 6648/7/5 6644/7/5
f 6642/7/6 6643/7/6 6647/7/6 6646/7/6
o EXTERNAL_DOOR_12_CG_DL2_TOGGLE_TL_-0.61_X
usemtl palette
f 6649/55/1 6652/55/1 6651/55/1 6650/55/1
f 6653/55/2 6654/55/2 6655/55/2 6656/55/2
f 6649/55/3 6650/55/3 6654/55/3 6653/55/3
f 6652/55/4 6656/55/4 6655/55/4 6651/55/4
f 6649/55/5 6653/55/5 6656/55/5 6652/55/5
f 6650/55/6 6651/55/6 6655/55/6 6654/55/6
f 6657/55/1 6660/55/1 6659/55/1 6658/55/1
f 6661/55/2 6662/55/2 6663/55/2 6664/55/2
f 6657/55/3 6658/55/3 6662/55/3 6661/55/3
f 6660/55/4 6664/55/4 6663/55/4 6659/55/4
f 6657/55/5 6661/55/5 6664/55/5 6660/55/5
f 6658/55/6 6659/55/6 6663/55/6 6662/55/6
f 6665/55/1 6668/55/1 6667/55/1 6666/55/1
f 6669/55/2 6670/55/2 6671/55/2 6672/55/2
f 6665/55/3 6666/55/3 6670/55/3 6669/55/3
f 6668/55/4 6672/55/4 6671/55/4 6667/55/4
f 6665/55/5 6669/55/5 6672/55/5 6668/55/5
f 6666/55/6 6667/55/6 6671/55/6 6670/55/6
f 6673/55/1 6676/55/1 6675/55/1 6674/55/1
f 6677/55/2 6678/55/2 6679/55/2 6680/55/2
f 6673/55/3 6674/55/3 6678/55/3 6677/55/3
f 6676/55/4 6680/55/4 6679/55/4 6675/55/4
f 6673/55/5 6677/55/5 6680/55/5 6676/55/5
f 6674/55/6 6675/55/6 6679/55/6 6678/55/6
f 6681/1/1 6684/1/1 6683/1/1 6682/1/1
f 6685/1/2 6686/1/2 6687/1/2 6688/1/2
f 6681/1/3 6682/1/3 6686/1/3 6685/1/3
f 6684/1/4 6688/1/4 6687/1/4 6683/1/4
f 6681/1/5 6685/1/5 6688/1/5 6684/1/5
f 6682/1/6 6683/1/6 6687/1/6 6686/1/6
f 6689/7/1 6692/7/1 6691/7/1 6690/7/1
f 6693/7/2 6694/7/2 6695/7/2 6696/7/2
f 6689/7/3 6690/7/3 6694/7/3 6693/7/3
f 6692/7/4 6696/7/4 6695/7/4 6691/7/4
f 6689/7/5 6693/7/5 6696/7/5 6692/7/5
f 6690/7/6 6691/7/6 6695/7/6 6694/7/6
o EXTERNAL_DOOR_13_CG_DL2_TOGGLE_TL_0.61_X
usemtl palette
f 6697/55/1 6700/55/1 6699/55/1 6698/55/1
f 6701/55/2 6702/55/2 6703/55/2 6704/55/2
f 6697/55/3 6698/55/3 6702/55/3 6701/55/3
f 6700/55/4 6704/55/4 6703/55/4 6699/55/4
f 6697/55/5 6701/55/5 6704/55/5 6700/55/5
f 6698/55/6 6699/55/6 6703/55/6 6702/55/6
f 6705/55/1 6708/55/1 6707/55/1 6706/55/1
f 6709/55/2 6710/55/2 6711/55/2 6712/55/2
f 6705/55/3 6706/55/3 6710/55/3 6709/55/3
f 6708/55/4 6712/55/4 6711/55/4 6707/55/4
f 6705/55/5 6709/55/5 6712/55/5 6708/55/5
f 6706/55/6 6707/55/6 6711/55/6 6710/55/6
f 6713/55/1 6716/55/1 6715/55/1 6714/55/1
f 6717/55/2 6718/55/2 6719/55/2 6720/55/2
f 6713/55/3 6714/55/3 6718/55/3 6717/55/3
f 6716/55/4 6720/55/4 6719/55/4 6715/55/4
f 6713/55/5 6717/55/5 6720/55/5 6716/55/5
f 6714/55/6 6715/55/6 6719/55/6 6718/55/6
f 6721/55/1 6724/55/1 6723/55/1 6722/55/1
f 6725/55/2 6726/55/2 6727/55/2 6728/55/2
f 6721/55/3 6722/55/3 6726/55/3 6725/55/3
f 6724/55/4 6728/55/4 6727/55/4 6723/55/4
f 6721/55/5 6725/55/5 6728/55/5 6724/55/5
f 6722/55/6 6723/55/6 6727/55/6 6726/55/6
f 6729/1/1 6732/1/1 6731/1/1 6730/1/1
f 6733/1/2 6734/1/2 6735/1/2 6736/1/2
f 6729/1/3 6730/1/3 6734/1/3 6733/1/3
f 6732/1/4 6736/1/4 6735/1/4 6731/1/4
f 6729/1/5 6733/1/5 6736/1/5 6732/1/5
f 6730/1/6 6731/1/6 6735/1/6 6734/1/6
f 6737/7/1 6740/7/1 6739/7/1 6738/7/1
f 6741/7/2 6742/7/2 6743/7/2 6744/7/2
f 6737/7/3 6738/7/3 6742/7/3 6741/7/3
f 6740/7/4 6744/7/4 6743/7/4 6739/7/4
f 6737/7/5 6741/7/5 6744/7/5 6740/7/5
f 6738/7/6 6739/7/6 6743/7/6 6742/7/6
o EXTERNAL_DOOR_15_CG_DR3_TOGGLE_TL_-0.61_X
usemtl palette
f 6745/55/1 6748/55/1 6747/55/1 6746/55/1
f 6749/55/2 6750/55/2 6751/55/2 6752/55/2
f 6745/55/3 6746/55/3 6750/55/3 6749/55/3
f 6748/55/4 6752/55/4 6751/55/4 6747/55/4
f 6745/55/5 6749/55/5 6752/55/5 6748/55/5
f 6746/55/6 6747/55/6 6751/55/6 6750/55/6
f 6753/55/1 6756/55/1 6755/55/1 6754/55/1
f 6757/55/2 6758/55/2 6759/55/2 6760/55/2
f 6753/55/3 6754/55/3 6758/55/3 6757/55/3
f 6756/55/4 6760/55/4 6759/55/4 6755/55/4
f 6753/55/5 6757/55/5 6760/55/5 6756/55/5
f 6754/55/6 6755/55/6 6759/55/6 6758/55/6
f 6761/55/1 6764/55/1 6763/55/1 6762/55/1
f 6765/55/2 6766/55/2 6767/55/2 6768/55/2
f 6761/55/3 6762/55/3 6766/55/3 6765/55/3
f 6764/55/4 6768/55/4 6767/55/4 6763/55/4
f 6761/55/5 6765/55/5 6768/55/5 6764/55/5
f 6762/55/6 6763/55/6 6767/55/6 6766/55/6
f 6769/55/1 6772/55/1 6771/55/1 6770/55/1
f 6773/55/2 6774/55/2 6775/55/2 6776/55/2
f 6769/55/3 6770/55/3 6774/55/3 6773/55/3
f 6772/55/4 6776/55/4 6775/55/4 6771/55/4
f 6769/55/5 6773/55/5 6776/55/5 6772/55/5
f 6770/55/6 6771/55/6 6775/55/6 6774/55/6
f 6777/1/1 6780/1/1 6779/1/1 6778/1/1
f 6781/1/2 6782/1/2 6783/1/2 6784/1/2
f 6777/1/3 6778/1/3 6782/1/3 6781/1/3
f 6780/1/4 6784/1/4 6783/1/4 6779/1/4
f 6777/1/5 6781/1/5 6784/1/5 6780/1/5
f 6778/1/6 6779/1/6 6783/1/6 6782/1/6
f 6785/7/1 6788/7/1 6787/7/1 6786/7/1
f 6789/7/2 6790/7/2 6791/7/2 6792/7/2
f 6785/7/3 6786/7/3 6790/7/3 6789/7/3
f 6788/7/4 6792/7/4 6791/7/4 6787/7/4
f 6785/7/5 6789/7/5 6792/7/5 6788/7/5
f 6786/7/6 6787/7/6 6791/7/6 6790/7/6
o EXTERNAL_DOOR_16_CG_DR3_TOGGLE_TL_0.61_X
usemtl palette
f 6793/55/1 6796/55/1 6795/55/1 6794/55/1
f 6797/55/2 6798/55/2 6799/55/2 6800/55/2
f 6793/55/3 6794/55/3 6798/55/3 6797/55/3
f 6796/55/4 6800/55/4 6799/55/4 6795/55/4
f 6793/55/5 6797/55/5 6800/55/5 6796/55/5
f 6794/55/6 6795/55/6 6799/55/6 6798/55/6
f 6801/55/1 6804/55/1 6803/55/1 6802/55/1
f 6805/55/2 6806/55/2 6807/55/2 6808/55/2
f 6801/55/3 6802/55/3 6806/55/3 6805/55/3
f 6804/55/4 6808/55/4 6807/55/4 6803/55/4
f 6801/55/5 6805/55/5 6808/55/5 6804/55/5
f 6802/55/6 6803/55/6 6807/55/6 6806/55/6
f 6809/55/1 6812/55/1 6811/55/1 6810/55/1
f 6813/55/2 6814/55/2 6815/55/2 6816/55/2
f 6809/55/3 6810/55/3 6814/55/3 6813/55/3
f 6812/55/4 6816/55/4 6815/55/4 6811/55/4
f 6809/55/5 6813/55/5 6816/55/5 6812/55/5
f 6810/55/6 6811/55/6 6815/55/6 6814/55/6
f 6817/55/1 6820/55/1 6819/55/1 6818/55/1
f 6821/55/2 6822/55/2 6823/55/2 6824/55/2
f 6817/55/3 6818/55/3 6822/55/3 6821/55/3
f 6820/55/4 6824/55/4 6823/55/4 6819/55/4
f 6817/55/5 6821/55/5 6824/55/5 6820/55/5
f 6818/55/6 6819/55/6 6823/55/6 6822/55/6
f 6825/1/1 6828/1/1 6827/1/1 6826/1/1
f 6829/1/2 6830/1/2 6831/1/2 6832/1/2
f 6825/1/3 6826/1/3 6830/1/3 6829/1/3
f 6828/1/4 6832/1/4 6831/1/4 6827/1/4
f 6825/1/5 6829/1/5 6832/1/5 6828/1/5
f 6826/1/6 6827/1/6 6831/1/6 6830/1/6
f 6833/7/1 6836/7/1 6835/7/1 6834/7/1
f 6837/7/2 6838/7/2 6839/7/2 6840/7/2
f 6833/7/3 6834/7/3 6838/7/3 6837/7/3
f 6836/7/4 6840/7/4 6839/7/4 6835/7/4
f 6833/7/5 6837/7/5 6840/7/5 6836/7/5
f 6834/7/6 6835/7/6 6839/7/6 6838/7/6
o EXTERNAL_DOOR_18_CG_DL3_TOGGLE_TL_-0.61_X
usemtl palette
f 6841/55/1 6844/55/1 6843/55/1 6842/55/1
f 6845/55/2 6846/55/2 6847/55/2 6848/55/2
f 6841/55/3 6842/55/3 6846/55/3 6845/55/3
f 6844/55/4 6848/55/4 6847/55/4 6843/55/4
f 6841/55/5 6845/55/5 6848/55/5 6844/55/5
f 6842/55/6 6843/55/6 6847/55/6 6846/55/6
f 6849/55/1 6852/55/1 6851/55/1 6850/55/1
f 6853/55/2 6854/55/2 6855/55/2 6856/55/2
f 6849/55/3 6850/55/3 6854/55/3 6853/55/3
f 6852/55/4 6856/55/4 6855/55/4 6851/55/4
f 6849/55/5 6853/55/5 6856/55/5 6852/55/5
f 6850/55/6 6851/55/6 6855/55/6 6854/55/6
f 6857/55/1 6860/55/1 6859/55/1 6858/55/1
f 6861/55/2 6862/55/2 6863/55/2 6864/55/2
f 6857/55/3 6858/55/3 6862/55/3 6861/55/3
f 6860/55/4 6864/55/4 6863/55/4 6859/55/4
f 6857/55/5 6861/55/5 6864/55/5 6860/55/5
f 6858/55/6 6859/55/6 6863/55/6 6862/55/6
f 6865/55/1 6868/55/1 6867/55/1 6866/55/1
f 6869/55/2 6870/55/2 6871/55/2 6872/55/2
f 6865/55/3 6866/55/3 6870/55/3 6869/55/3
f 6868/55/4 6872/55/4 6871/55/4 6867/55/4
f 6865/55/5 6869/55/5 6872/55/5 6868/55/5
f 6866/55/6 6867/55/6 6871/55/6 6870/55/6
f 6873/1/1 6876/1/1 6875/1/1 6874/1/1
f 6877/1/2 6878/1/2 6879/1/2 6880/1/2
f 6873/1/3 6874/1/3 6878/1/3 6877/1/3
f 6876/1/4 6880/1/4 6879/1/4 6875/1/4
f 6873/1/5 6877/1/5 6880/1/5 6876/1/5
f 6874/1/6 6875/1/6 6879/1/6 6878/1/6
f 6881/7/1 6884/7/1 6883/7/1 6882/7/1
f 6885/7/2 6886/7/2 6887/7/2 6888/7/2
f 6881/7/3 6882/7/3 6886/7/3 6885/7/3
f 6884/7/4 6888/7/4 6887/7/4 6883/7/4
f 6881/7/5 6885/7/5 6888/7/5 6884/7/5
f 6882/7/6 6883/7/6 6887/7/6 6886/7/6
o EXTERNAL_DOOR_19_CG_DL3_TOGGLE_TL_0.61_X
usemtl palette
f 6889/55/1 6892/55/1 6891/55/1 6890/55/1
f 6893/55/2 6894/55/2 6895/55/2 6896/55/2
f 6889/55/3 6890/55/3 6894/55/3 6893/55/3
f 6892/55/4 6896/55/4 6895/55/4 6891/55/4
f 6889/55/5 6893/55/5 6896/55/5 6892/55/5
f 6890/55/6 6891/55/6 6895/55/6 6894/55/6
f 6897/55/1 6900/55/1 6899/55/1 6898/55/1
f 6901/55/2 6902/55/2 6903/55/2 6904/55/2
f 6897/55/3 6898/55/3 6902/55/3 6901/55/3
f 6900/55/4 6904/55/4 6903/55/4 6899/55/4
f 6897/55/5 6901/55/5 6904/55/5 6900/55/5
f 6898/55/6 6899/55/6 6903/55/6 6902/55/6
f 6905/55/1 6908/55/1 6907/55/1 6906/55/1
f 6909/55/2 6910/55/2 6911/55/2 6912/55/2
f 6905/55/3 6906/55/3 6910/55/3 6909/55/3
f 6908/55/4 6912/55/4 6911/55/4 6907/55/4
f 6905/55/5 6909/55/5 6912/55/5 6908/55/5
f 6906/55/6 6907/55/6 6911/55/6 6910/55/6
f 6913/55/1 6916/55/1 6915/55/1 6914/55/1
f 6917/55/2 6918/55/2 6919/55/2 6920/55/2
f 6913/55/3 6914/55/3 6918/55/3 6917/55/3
f 6916/55/4 6920/55/4 6919/55/4 6915/55/4
f 6913/55/5 6917/55/5 6920/55/5 6916/55/5
f 6914/55/6 6915/55/6 6919/55/6 6918/55/6
f 6921/1/1 6924/1/1 6923/1/1 6922/1/1
f 6925/1/2 6926/1/2 6927/1/2 6928/1/2
f 6921/1/3 6922/1/3 6926/1/3 6925/1/3
f 6924/1/4 6928/1/4 6927/1/4 6923/1/4
f 6921/1/5 6925/1/5 6928/1/5 6924/1/5
f 6922/1/6 6923/1/6 6927/1/6 6926/1/6
f 6929/7/1 6932/7/1 6931/7/1 6930/7/1
f 6933/7/2 6934/7/2 6935/7/2 6936/7/2
f 6929/7/3 6930/7/3 6934/7/3 6933/7/3
f 6932/7/4 6936/7/4 6935/7/4 6931/7/4
f 6929/7/5 6933/7/5 6936/7/5 6932/7/5
f 6930/7/6 6931/7/6 6935/7/6 6934/7/6
o EXTERNAL_DOOR_21_CG_DR4_TOGGLE_TL_-0.61_X
usemtl palette
f 6937/55/1 6940/55/1 6939/55/1 6938/55/1
f 6941/55/2 6942/55/2 6943/55/2 6944/55/2
f 6937/55/3 6938/55/3 6942/55/3 6941/55/3
f 6940/55/4 6944/55/4 6943/55/4 6939/55/4
f 6937/55/5 6941/55/5 6944/55/5 6940/55/5
f 6938/55/6 6939/55/6 6943/55/6 6942/55/6
f 6945/55/1 6948/55/1 6947/55/1 6946/55/1
f 6949/55/2 6950/55/2 6951/55/2 6952/55/2
f 6945/55/3 6946/55/3 6950/55/3 6949/55/3
f 6948/55/4 6952/55/4 6951/55/4 6947/55/4
f 6945/55/5 6949/55/5 6952/55/5 6948/55/5
f 6946/55/6 6947/55/6 6951/55/6 6950/55/6
f 6953/55/1 6956/55/1 6955/55/1 6954/55/1
f 6957/55/2 6958/55/2 6959/55/2 6960/55/2
f 6953/55/3 6954/55/3 6958/55/3 6957/55/3
f 6956/55/4 6960/55/4 6959/55/4 6955/55/4
f 6953/55/5 6957/55/5 6960/55/5 6956/55/5
f 6954/55/6 6955/55/6 6959/55/6 6958/55/6
f 6961/55/1 6964/55/1 6963/55/1 6962/55/1
f 6965/55/2 6966/55/2 6967/55/2 6968/55/2
f 6961/55/3 6962/55/3 6966/55/3 6965/55/3
f 6964/55/4 6968/55/4 6967/55/4 6963/55/4
f 6961/55/5 6965/55/5 6968/55/5 6964/55/5
f 6962/55/6 6963/55/6 6967/55/6 6966/55/6
f 6969/1/1 6972/1/1 6971/1/1 6970/1/1
f 6973/1/2 6974/1/2 6975/1/2 6976/1/2
f 6969/1/3 6970/1/3 6974/1/3 6973/1/3
f 6972/1/4 6976/1/4 6975/1/4 6971/1/4
f 6969/1/5 6973/1/5 6976/1/5 6972/1/5
f 6970/1/6 6971/1/6 6975/1/6 6974/1/6
f 6977/7/1 6980/7/1 6979/7/1 6978/7/1
f 6981/7/2 6982/7/2 6983/7/2 6984/7/2
f 6977/7/3 6978/7/3 6982/7/3 6981/7/3
f 6980/7/4 6984/7/4 6983/7/4 6979/7/4
f 6977/7/5 6981/7/5 6984/7/5 6980/7/5
f 6978/7/6 6979/7/6 6983/7/6 6982/7/6
o EXTERNAL_DOOR_22_CG_DR4_TOGGLE_TL_0.61_X
usemtl palette
f 6985/55/1 6988/55/1 6987/55/1 6986/55/1
f 6989/55/2 6990/55/2 6991/55/2 6992/55/2
f 6985/55/3 6986/55/3 6990/55/3 6989/55/3
f 6988/55/4 6992/55/4 6991/55/4 6987/55/4
f 6985/55/5 6989/55/5 6992/55/5 6988/55/5
f 6986/55/6 6987/55/6 6991/55/6 6990/55/6
f 6993/55/1 6996/55/1 6995/55/1 6994/55/1
f 6997/55/2 6998/55/2 6999/55/2 7000/55/2
f 6993/55/3 6994/55/3 6998/55/3 6997/55/3
f 6996/55/4 7000/55/4 6999/55/4 6995/55/4
f 6993/55/5 6997/55/5 7000/55/5 6996/55/5
f 6994/55/6 6995/55/6 6999/55/6 6998/55/6
f 7001/55/1 7004/55/1 7003/55/1 7002/55/1
f 7005/55/2 7006/55/2 7007/55/2 7008/55/2
f 7001/55/3 7002/55/3 7006/55/3 7005/55/3
f 7004/55/4 7008/55/4 7007/55/4 7003/55/4
f 7001/55/5 7005/55/5 7008/55/5 7004/55/5
f 7002/55/6 7003/55/6 7007/55/6 7006/55/6
f 7009/55/1 7012/55/1 7011/55/1 7010/55/1
f 7013/55/2 7014/55/2 7015/55/2 7016/55/2
f 7009/55/3 7010/55/3 7014/55/3 7013/55/3
f 7012/55/4 7016/55/4 7015/55/4 7011/55/4
f 7009/55/5 7013/55/5 7016/55/5 7012/55/5
f 7010/55/6 7011/55/6 7015/55/6 7014/55/6
f 7017/1/1 7020/1/1 7019/1/1 7018/1/1
f 7021/1/2 7022/1/2 7023/1/2 7024/1/2
f 7017/1/3 7018/1/3 7022/1/3 7021/1/3
f 7020/1/4 7024/1/4 7023/1/4 7019/1/4
f 7017/1/5 7021/1/5 7024/1/5 7020/1/5
f 7018/1/6 7019/1/6 7023/1/6 7022/1/6
f 7025/7/1 7028/7/1 7027/7/1 7026/7/1
f 7029/7/2 7030/7/2 7031/7/2 7032/7/2
f 7025/7/3 7026/7/3 7030/7/3 7029/7/3
f 7028/7/4 7032/7/4 7031/7/4 7027/7/4
f 7025/7/5 7029/7/5 7032/7/5 7028/7/5
f 7026/7/6 7027/7/6 7031/7/6 7030/7/6
o EXTERNAL_DOOR_24_CG_DL4_TOGGLE_TL_-0.61_X
usemtl palette
f 7033/55/1 7036/55/1 7035/55/1 7034/55/1
f 7037/55/2 7038/55/2 7039/55/2 7040/55/2
f 7033/55/3 7034/55/3 7038/55/3 7037/55/3
f 7036/55/4 7040/55/4 7039/55/4 7035/55/4
f 7033/55/5 7037/55/5 7040/55/5 7036/55/5
f 7034/55/6 7035/55/6 7039/55/6 7038/55/6
f 7041/55/1 7044/55/1 7043/55/1 7042/55/1
f 7045/55/2 7046/55/2 7047/55/2 7048/55/2
f 7041/55/3 7042/55/3 7046/55/3 7045/55/3
f 7044/55/4 7048/55/4 7047/55/4 7043/55/4
f 7041/55/5 7045/55/5 7048/55/5 7044/55/5
f 7042/55/6 7043/55/6 7047/55/6 7046/55/6
f 7049/55/1 7052/55/1 7051/55/1 7050/55/1
f 7053/55/2 7054/55/2 7055/55/2 7056/55/2
f 7049/55/3 7050/55/3 7054/55/3 7053/55/3
f 7052/55/4 7056/55/4 7055/55/4 7051/55/4
f 7049/55/5 7053/55/5 7056/55/5 7052/55/5
f 7050/55/6 7051/55/6 7055/55/6 7054/55/6
f 7057/55/1 7060/55/1 7059/55/1 7058/55/1
f 7061/55/2 7062/55/2 7063/55/2 7064/55/2
f 7057/55/3 7058/55/3 7062/55/3 7061/55/3
f 7060/55/4 7064/55/4 7063/55/4 7059/55/4
f 7057/55/5 7061/55/5 7064/55/5 7060/55/5
f 7058/55/6 7059/55/6 7063/55/6 7062/55/6
f 7065/1/1 7068/1/1 7067/1/1 7066/1/1
f 7069/1/2 7070/1/2 7071/1/2 7072/1/2
f 7065/1/3 7066/1/3 7070/1/3 7069/1/3
f 7068/1/4 7072/1/4 7071/1/4 7067/1/4
f 7065/1/5 7069/1/5 7072/1/5 7068/1/5
f 7066/1/6 7067/1/6 7071/1/6 7070/1/6
f 7073/7/1 7076/7/1 7075/7/1 7074/7/1
f 7077/7/2 7078/7/2 7079/7/2 7080/7/2
f 7073/7/3 7074/7/3 7078/7/3 7077/7/3
f 7076/7/4 7080/7/4 7079/7/4 7075/7/4
f 7073/7/5 7077/7/5 7080/7/5 7076/7/5
f 7074/7/6 7075/7/6 7079/7/6 7078/7/6
o EXTERNAL_DOOR_25_CG_DL4_TOGGLE_TL_0.61_X
usemtl palette
f 7081/55/1 7084/55/1 7083/55/1 7082/55/1
f 7085/55/2 7086/55/2 7087/55/2 7088/55/2
f 7081/55/3 7082/55/3 7086/55/3 7085/55/3
f 7084/55/4 7088/55/4 7087/55/4 7083/55/4
f 7081/55/5 7085/55/5 7088/55/5 7084/55/5
f 7082/55/6 7083/55/6 7087/55/6 7086/55/6
f 7089/55/1 7092/55/1 7091/55/1 7090/55/1
f 7093/55/2 7094/55/2 7095/55/2 7096/55/2
f 7089/55/3 7090/55/3 7094/55/3 7093/55/3
f 7092/55/4 7096/55/4 7095/55/4 7091/55/4
f 7089/55/5 7093/55/5 7096/55/5 7092/55/5
f 7090/55/6 7091/55/6 7095/55/6 7094/55/6
f 7097/55/1 7100/55/1 7099/55/1 7098/55/1
f 7101/55/2 7102/55/2 7103/55/2 7104/55/2
f 7097/55/3 7098/55/3 7102/55/3 7101/55/3
f 7100/55/4 7104/55/4 7103/55/4 7099/55/4
f 7097/55/5 7101/55/5 7104/55/5 7100/55/5
f 7098/55/6 7099/55/6 7103/55/6 7102/55/6
f 7105/55/1 7108/55/1 7107/55/1 7106/55/1
f 7109/55/2 7110/55/2 7111/55/2 7112/55/2
f 7105/55/3 7106/55/3 7110/55/3 7109/55/3
f 7108/55/4 7112/55/4 7111/55/4 7107/55/4
f 7105/55/5 7109/55/5 7112/55/5 7108/55/5
f 7106/55/6 7107/55/6 7111/55/6 7110/55/6
f 7113/1/1 7116/1/1 7115/1/1 7114/1/1
f 7117/1/2 7118/1/2 7119/1/2 7120/1/2
f 7113/1/3 7114/1/3 7118/1/3 7117/1/3
f 7116/1/4 7120/1/4 7119/1/4 7115/1/4
f 7113/1/5 7117/1/5 7120/1/5 7116/1/5
f 7114/1/6 7115/1/6 7119/1/6 7118/1/6
f 7121/7/1 7124/7/1 7123/7/1 7122/7/1
f 7125/7/2 7126/7/2 7127/7/2 7128/7/2
f 7121/7/3 7122/7/3 7126/7/3 7125/7/3
f 7124/7/4 7128/7/4 7127/7/4 7123/7/4
f 7121/7/5 7125/7/5 7128/7/5 7124/7/5
f 7122/7/6 7123/7/6 7127/7/6 7126/7/6
o SHELL_bench
usemtl palette
f 7129/7/1 7132/7/1 7131/7/1 7130/7/1
f 7133/7/2 7134/7/2 7135/7/2 7136/7/2
f 7129/7/3 7130/7/3 7134/7/3 7133/7/3
f 7132/7/4 7136/7/4 7135/7/4 7131/7/4
f 7129/7/5 7133/7/5 7136/7/5 7132/7/5
f 7130/7/6 7131/7/6 7135/7/6 7134/7/6
f 7137/48/1 7140/48/1 7139/48/1 7138/48/1
f 7141/48/2 7142/48/2 7143/48/2 7144/48/2
f 7137/48/3 7138/48/3 7142/48/3 7141/48/3
f 7140/48/4 7144/48/4 7143/48/4 7139/48/4
f 7137/48/5 7141/48/5 7144/48/5 7140/48/5
f 7138/48/6 7139/48/6 7143/48/6 7142/48/6
f 7145/6/1 7148/6/1 7147/6/1 7146/6/1
f 7149/6/2 7150/6/2 7151/6/2 7152/6/2
f 7145/6/3 7146/6/3 7150/6/3 7149/6/3
f 7148/6/4 7152/6/4 7151/6/4 7147/6/4
f 7145/6/5 7149/6/5 7152/6/5 7148/6/5
f 7146/6/6 7147/6/6 7151/6/6 7150/6/6
f 7153/6/1 7156/6/1 7155/6/1 7154/6/1
f 7157/6/2 7158/6/2 7159/6/2 7160/6/2
f 7153/6/3 7154/6/3 7158/6/3 7157/6/3
f 7156/6/4 7160/6/4 7159/6/4 7155/6/4
f 7153/6/5 7157/6/5 7160/6/5 7156/6/5
f 7154/6/6 7155/6/6 7159/6/6 7158/6/6
f 7161/7/1 7164/7/1 7163/7/1 7162/7/1
f 7165/7/2 7166/7/2 7167/7/2 7168/7/2
f 7161/7/3 7162/7/3 7166/7/3 7165/7/3
f 7164/7/4 7168/7/4 7167/7/4 7163/7/4
f 7161/7/5 7165/7/5 7168/7/5 7164/7/5
f 7162/7/6 7163/7/6 7167/7/6 7166/7/6
f 7169/48/1 7172/48/1 7171/48/1 7170/48/1
f 7173/48/2 7174/48/2 7175/48/2 7176/48/2
f 7169/48/3 7170/48/3 7174/48/3 7173/48/3
f 7172/48/4 7176/48/4 7175/48/4 7171/48/4
f 7169/48/5 7173/48/5 7176/48/5 7172/48/5
f 7170/48/6 7171/48/6 7175/48/6 7174/48/6
f 7177/6/1 7180/6/1 7179/6/1 7178/6/1
f 7181/6/2 7182/6/2 7183/6/2 7184/6/2
f 7177/6/3 7178/6/3 7182/6/3 7181/6/3
f 7180/6/4 7184/6/4 7183/6/4 7179/6/4
f 7177/6/5 7181/6/5 7184/6/5 7180/6/5
f 7178/6/6 7179/6/6 7183/6/6 7182/6/6
f 7185/6/1 7188/6/1 7187/6/1 7186/6/1
f 7189/6/2 7190/6/2 7191/6/2 7192/6/2
f 7185/6/3 7186/6/3 7190/6/3 7189/6/3
f 7188/6/4 7192/6/4 7191/6/4 7187/6/4
f 7185/6/5 7189/6/5 7192/6/5 7188/6/5
f 7186/6/6 7187/6/6 7191/6/6 7190/6/6
f 7193/7/1 7196/7/1 7195/7/1 7194/7/1
f 7197/7/2 7198/7/2 7199/7/2 7200/7/2
f 7193/7/3 7194/7/3 7198/7/3 7197/7/3
f 7196/7/4 7200/7/4 7199/7/4 7195/7/4
f 7193/7/5 7197/7/5 7200/7/5 7196/7/5
f 7194/7/6 7195/7/6 7199/7/6 7198/7/6
f 7201/48/1 7204/48/1 7203/48/1 7202/48/1
f 7205/48/2 7206/48/2 7207/48/2 7208/48/2
f 7201/48/3 7202/48/3 7206/48/3 7205/48/3
f 7204/48/4 7208/48/4 7207/48/4 7203/48/4
f 7201/48/5 7205/48/5 7208/48/5 7204/48/5
f 7202/48/6 7203/48/6 7207/48/6 7206/48/6
f 7209/6/1 7212/6/1 7211/6/1 7210/6/1
f 7213/6/2 7214/6/2 7215/6/2 7216/6/2
f 7209/6/3 7210/6/3 7214/6/3 7213/6/3
f 7212/6/4 7216/6/4 7215/6/4 7211/6/4
f 7209/6/5 7213/6/5 7216/6/5 7212/6/5
f 7210/6/6 7211/6/6 7215/6/6 7214/6/6
f 7217/6/1 7220/6/1 7219/6/1 7218/6/1
f 7221/6/2 7222/6/2 7223/6/2 7224/6/2
f 7217/6/3 7218/6/3 7222/6/3 7221/6/3
f 7220/6/4 7224/6/4 7223/6/4 7219/6/4
f 7217/6/5 7221/6/5 7224/6/5 7220/6/5
f 7218/6/6 7219/6/6 7223/6/6 7222/6/6
f 7225/7/1 7228/7/1 7227/7/1 7226/7/1
f 7229/7/2 7230/7/2 7231/7/2 7232/7/2
f 7225/7/3 7226/7/3 7230/7/3 7229/7/3
f 7228/7/4 7232/7/4 7231/7/4 7227/7/4
f 7225/7/5 7229/7/5 7232/7/5 7228/7/5
f 7226/7/6 7227/7/6 7231/7/6 7230/7/6
f 7233/48/1 7236/48/1 7235/48/1 7234/48/1
f 7237/48/2 7238/48/2 7239/48/2 7240/48/2
f 7233/48/3 7234/48/3 7238/48/3 7237/48/3
f 7236/48/4 7240/48/4 7239/48/4 7235/48/4
f 7233/48/5 7237/48/5 7240/48/5 7236/48/5
f 7234/48/6 7235/48/6 7239/48/6 7238/48/6
f 7241/6/1 7244/6/1 7243/6/1 7242/6/1
f 7245/6/2 7246/6/2 7247/6/2 7248/6/2
f 7241/6/3 7242/6/3 7246/6/3 7245/6/3
f 7244/6/4 7248/6/4 7247/6/4 7243/6/4
f 7241/6/5 7245/6/5 7248/6/5 7244/6/5
f 7242/6/6 7243/6/6 7247/6/6 7246/6/6
f 7249/6/1 7252/6/1 7251/6/1 7250/6/1
f 7253/6/2 7254/6/2 7255/6/2 7256/6/2
f 7249/6/3 7250/6/3 7254/6/3 7253/6/3
f 7252/6/4 7256/6/4 7255/6/4 7251/6/4
f 7249/6/5 7253/6/5 7256/6/5 7252/6/5
f 7250/6/6 7251/6/6 7255/6/6 7254/6/6
f 7257/7/1 7260/7/1 7259/7/1 7258/7/1
f 7261/7/2 7262/7/2 7263/7/2 7264/7/2
f 7257/7/3 7258/7/3 7262/7/3 7261/7/3
f 7260/7/4 7264/7/4 7263/7/4 7259/7/4
f 7257/7/5 7261/7/5 7264/7/5 7260/7/5
f 7258/7/6 7259/7/6 7263/7/6 7262/7/6
f 7265/48/1 7268/48/1 7267/48/1 7266/48/1
f 7269/48/2 7270/48/2 7271/48/2 7272/48/2
f 7265/48/3 7266/48/3 7270/48/3 7269/48/3
f 7268/48/4 7272/48/4 7271/48/4 7267/48/4
f 7265/48/5 7269/48/5 7272/48/5 7268/48/5
f 7266/48/6 7267/48/6 7271/48/6 7270/48/6
f 7273/6/1 7276/6/1 7275/6/1 7274/6/1
f 7277/6/2 7278/6/2 7279/6/2 7280/6/2
f 7273/6/3 7274/6/3 7278/6/3 7277/6/3
f 7276/6/4 7280/6/4 7279/6/4 7275/6/4
f 7273/6/5 7277/6/5 7280/6/5 7276/6/5
f 7274/6/6 7275/6/6 7279/6/6 7278/6/6
f 7281/6/1 7284/6/1 7283/6/1 7282/6/1
f 7285/6/2 7286/6/2 7287/6/2 7288/6/2
f 7281/6/3 7282/6/3 7286/6/3 7285/6/3
f 7284/6/4 7288/6/4 7287/6/4 7283/6/4
f 7281/6/5 7285/6/5 7288/6/5 7284/6/5
f 7282/6/6 7283/6/6 7287/6/6 7286/6/6
f 7289/7/1 7292/7/1 7291/7/1 7290/7/1
f 7293/7/2 7294/7/2 7295/7/2 7296/7/2
f 7289/7/3 7290/7/3 7294/7/3 7293/7/3
f 7292/7/4 7296/7/4 7295/7/4 7291/7/4
f 7289/7/5 7293/7/5 7296/7/5 7292/7/5
f 7290/7/6 7291/7/6 7295/7/6 7294/7/6
f 7297/48/1 7300/48/1 7299/48/1 7298/48/1
f 7301/48/2 7302/48/2 7303/48/2 7304/48/2
f 7297/48/3 7298/48/3 7302/48/3 7301/48/3
f 7300/48/4 7304/48/4 7303/48/4 7299/48/4
f 7297/48/5 7301/48/5 7304/48/5 7300/48/5
f 7298/48/6 7299/48/6 7303/48/6 7302/48/6
f 7305/6/1 7308/6/1 7307/6/1 7306/6/1
f 7309/6/2 7310/6/2 7311/6/2 7312/6/2
f 7305/6/3 7306/6/3 7310/6/3 7309/6/3
f 7308/6/4 7312/6/4 7311/6/4 7307/6/4
f 7305/6/5 7309/6/5 7312/6/5 7308/6/5
f 7306/6/6 7307/6/6 7311/6/6 7310/6/6
f 7313/6/1 7316/6/1 7315/6/1 7314/6/1
f 7317/6/2 7318/6/2 7319/6/2 7320/6/2
f 7313/6/3 7314/6/3 7318/6/3 7317/6/3
f 7316/6/4 7320/6/4 7319/6/4 7315/6/4
f 7313/6/5 7317/6/5 7320/6/5 7316/6/5
f 7314/6/6 7315/6/6 7319/6/6 7318/6/6
f 7321/7/1 7324/7/1 7323/7/1 7322/7/1
f 7325/7/2 7326/7/2 7327/7/2 7328/7/2
f 7321/7/3 7322/7/3 7326/7/3 7325/7/3
f 7324/7/4 7328/7/4 7327/7/4 7323/7/4
f 7321/7/5 7325/7/5 7328/7/5 7324/7/5
f 7322/7/6 7323/7/6 7327/7/6 7326/7/6
f 7329/48/1 7332/48/1 7331/48/1 7330/48/1
f 7333/48/2 7334/48/2 7335/48/2 7336/48/2
f 7329/48/3 7330/48/3 7334/48/3 7333/48/3
f 7332/48/4 7336/48/4 7335/48/4 7331/48/4
f 7329/48/5 7333/48/5 7336/48/5 7332/48/5
f 7330/48/6 7331/48/6 7335/48/6 7334/48/6
f 7337/6/1 7340/6/1 7339/6/1 7338/6/1
f 7341/6/2 7342/6/2 7343/6/2 7344/6/2
f 7337/6/3 7338/6/3 7342/6/3 7341/6/3
f 7340/6/4 7344/6/4 7343/6/4 7339/6/4
f 7337/6/5 7341/6/5 7344/6/5 7340/6/5
f 7338/6/6 7339/6/6 7343/6/6 7342/6/6
f 7345/6/1 7348/6/1 7347/6/1 7346/6/1
f 7349/6/2 7350/6/2 7351/6/2 7352/6/2
f 7345/6/3 7346/6/3 7350/6/3 7349/6/3
f 7348/6/4 7352/6/4 7351/6/4 7347/6/4
f 7345/6/5 7349/6/5 7352/6/5 7348/6/5
f 7346/6/6 7347/6/6 7351/6/6 7350/6/6
f 7353/7/1 7356/7/1 7355/7/1 7354/7/1
f 7357/7/2 7358/7/2 7359/7/2 7360/7/2
f 7353/7/3 7354/7/3 7358/7/3 7357/7/3
f 7356/7/4 7360/7/4 7359/7/4 7355/7/4
f 7353/7/5 7357/7/5 7360/7/5 7356/7/5
f 7354/7/6 7355/7/6 7359/7/6 7358/7/6
f 7361/48/1 7364/48/1 7363/48/1 7362/48/1
f 7365/48/2 7366/48/2 7367/48/2 7368/48/2
f 7361/48/3 7362/48/3 7366/48/3 7365/48/3
f 7364/48/4 7368/48/4 7367/48/4 7363/48/4
f 7361/48/5 7365/48/5 7368/48/5 7364/48/5
f 7362/48/6 7363/48/6 7367/48/6 7366/48/6
f 7369/6/1 7372/6/1 7371/6/1 7370/6/1
f 7373/6/2 7374/6/2 7375/6/2 7376/6/2
f 7369/6/3 7370/6/3 7374/6/3 7373/6/3
f 7372/6/4 7376/6/4 7375/6/4 7371/6/4
f 7369/6/5 7373/6/5 7376/6/5 7372/6/5
f 7370/6/6 7371/6/6 7375/6/6 7374/6/6
f 7377/6/1 7380/6/1 7379/6/1 7378/6/1
f 7381/6/2 7382/6/2 7383/6/2 7384/6/2
f 7377/6/3 7378/6/3 7382/6/3 7381/6/3
f 7380/6/4 7384/6/4 7383/6/4 7379/6/4
f 7377/6/5 7381/6/5 7384/6/5 7380/6/5
f 7378/6/6 7379/6/6 7383/6/6 7382/6/6
f 7385/7/1 7388/7/1 7387/7/1 7386/7/1
f 7389/7/2 7390/7/2 7391/7/2 7392/7/2
f 7385/7/3 7386/7/3 7390/7/3 7389/7/3
f 7388/7/4 7392/7/4 7391/7/4 7387/7/4
f 7385/7/5 7389/7/5 7392/7/5 7388/7/5
f 7386/7/6 7387/7/6 7391/7/6 7390/7/6
f 7393/48/1 7396/48/1 7395/48/1 7394/48/1
f 7397/48/2 7398/48/2 7399/48/2 7400/48/2
f 7393/48/3 7394/48/3 7398/48/3 7397/48/3
f 7396/48/4 7400/48/4 7399/48/4 7395/48/4
f 7393/48/5 7397/48/5 7400/48/5 7396/48/5
f 7394/48/6 7395/48/6 7399/48/6 7398/48/6
f 7401/6/1 7404/6/1 7403/6/1 7402/6/1
f 7405/6/2 7406/6/2 7407/6/2 7408/6/2
f 7401/6/3 7402/6/3 7406/6/3 7405/6/3
f 7404/6/4 7408/6/4 7407/6/4 7403/6/4
f 7401/6/5 7405/6/5 7408/6/5 7404/6/5
f 7402/6/6 7403/6/6 7407/6/6 7406/6/6
f 7409/6/1 7412/6/1 7411/6/1 7410/6/1
f 7413/6/2 7414/6/2 7415/6/2 7416/6/2
f 7409/6/3 7410/6/3 7414/6/3 7413/6/3
f 7412/6/4 7416/6/4 7415/6/4 7411/6/4
f 7409/6/5 7413/6/5 7416/6/5 7412/6/5
f 7410/6/6 7411/6/6 7415/6/6 7414/6/6
f 7417/7/1 7420/7/1 7419/7/1 7418/7/1
f 7421/7/2 7422/7/2 7423/7/2 7424/7/2
f 7417/7/3 7418/7/3 7422/7/3 7421/7/3
f 7420/7/4 7424/7/4 7423/7/4 7419/7/4
f 7417/7/5 7421/7/5 7424/7/5 7420/7/5
f 7418/7/6 7419/7/6 7423/7/6 7422/7/6
f 7425/48/1 7428/48/1 7427/48/1 7426/48/1
f 7429/48/2 7430/48/2 7431/48/2 7432/48/2
f 7425/48/3 7426/48/3 7430/48/3 7429/48/3
f 7428/48/4 7432/48/4 7431/48/4 7427/48/4
f 7425/48/5 7429/48/5 7432/48/5 7428/48/5
f 7426/48/6 7427/48/6 7431/48/6 7430/48/6
f 7433/6/1 7436/6/1 7435/6/1 7434/6/1
f 7437/6/2 7438/6/2 7439/6/2 7440/6/2
f 7433/6/3 7434/6/3 7438/6/3 7437/6/3
f 7436/6/4 7440/6/4 7439/6/4 7435/6/4
f 7433/6/5 7437/6/5 7440/6/5 7436/6/5
f 7434/6/6 7435/6/6 7439/6/6 7438/6/6
f 7441/6/1 7444/6/1 7443/6/1 7442/6/1
f 7445/6/2 7446/6/2 7447/6/2 7448/6/2
f 7441/6/3 7442/6/3 7446/6/3 7445/6/3
f 7444/6/4 7448/6/4 7447/6/4 7443/6/4
f 7441/6/5 7445/6/5 7448/6/5 7444/6/5
f 7442/6/6 7443/6/6 7447/6/6 7446/6/6
o SEAT_1
usemtl palette
f 7449/48/1 7452/48/1 7451/48/1 7450/48/1
f 7453/48/2 7454/48/2 7455/48/2 7456/48/2
f 7449/48/3 7450/48/3 7454/48/3 7453/48/3
f 7452/48/4 7456/48/4 7455/48/4 7451/48/4
f 7449/48/5 7453/48/5 7456/48/5 7452/48/5
f 7450/48/6 7451/48/6 7455/48/6 7454/48/6
o SEAT_2
usemtl palette
f 7457/48/1 7460/48/1 7459/48/1 7458/48/1
f 7461/48/2 7462/48/2 7463/48/2 7464/48/2
f 7457/48/3 7458/48/3 7462/48/3 7461/48/3
f 7460/48/4 7464/48/4 7463/48/4 7459/48/4
f 7457/48/5 7461/48/5 7464/48/5 7460/48/5
f 7458/48/6 7459/48/6 7463/48/6 7462/48/6
o SEAT_3
usemtl palette
f 7465/16/1 7468/16/1 7467/16/1 7466/16/1
f 7469/16/2 7470/16/2 7471/16/2 7472/16/2
f 7465/16/3 7466/16/3 7470/16/3 7469/16/3
f 7468/16/4 7472/16/4 7471/16/4 7467/16/4
f 7465/16/5 7469/16/5 7472/16/5 7468/16/5
f 7466/16/6 7467/16/6 7471/16/6 7470/16/6
o SEAT_4
usemtl palette
f 7473/16/1 7476/16/1 7475/16/1 7474/16/1
f 7477/16/2 7478/16/2 7479/16/2 7480/16/2
f 7473/16/3 7474/16/3 7478/16/3 7477/16/3
f 7476/16/4 7480/16/4 7479/16/4 7475/16/4
f 7473/16/5 7477/16/5 7480/16/5 7476/16/5
f 7474/16/6 7475/16/6 7479/16/6 7478/16/6
o SHELL_rail
usemtl palette
f 7481/6/1 7484/6/1 7483/6/1 7482/6/1
f 7485/6/2 7486/6/2 7487/6/2 7488/6/2
f 7481/6/3 7482/6/3 7486/6/3 7485/6/3
f 7484/6/4 7488/6/4 7487/6/4 7483/6/4
f 7481/6/5 7485/6/5 7488/6/5 7484/6/5
f 7482/6/6 7483/6/6 7487/6/6 7486/6/6
f 7489/6/1 7492/6/1 7491/6/1 7490/6/1
f 7493/6/2 7494/6/2 7495/6/2 7496/6/2
f 7489/6/3 7490/6/3 7494/6/3 7493/6/3
f 7492/6/4 7496/6/4 7495/6/4 7491/6/4
f 7489/6/5 7493/6/5 7496/6/5 7492/6/5
f 7490/6/6 7491/6/6 7495/6/6 7494/6/6
f 7497/6/1 7500/6/1 7499/6/1 7498/6/1
f 7501/6/2 7502/6/2 7503/6/2 7504/6/2
f 7497/6/3 7498/6/3 7502/6/3 7501/6/3
f 7500/6/4 7504/6/4 7503/6/4 7499/6/4
f 7497/6/5 7501/6/5 7504/6/5 7500/6/5
f 7498/6/6 7499/6/6 7503/6/6 7502/6/6
f 7505/6/1 7508/6/1 7507/6/1 7506/6/1
f 7509/6/2 7510/6/2 7511/6/2 7512/6/2
f 7505/6/3 7506/6/3 7510/6/3 7509/6/3
f 7508/6/4 7512/6/4 7511/6/4 7507/6/4
f 7505/6/5 7509/6/5 7512/6/5 7508/6/5
f 7506/6/6 7507/6/6 7511/6/6 7510/6/6
f 7513/6/1 7516/6/1 7515/6/1 7514/6/1
f 7517/6/2 7518/6/2 7519/6/2 7520/6/2
f 7513/6/3 7514/6/3 7518/6/3 7517/6/3
f 7516/6/4 7520/6/4 7519/6/4 7515/6/4
f 7513/6/5 7517/6/5 7520/6/5 7516/6/5
f 7514/6/6 7515/6/6 7519/6/6 7518/6/6
f 7521/6/1 7524/6/1 7523/6/1 7522/6/1
f 7525/6/2 7526/6/2 7527/6/2 7528/6/2
f 7521/6/3 7522/6/3 7526/6/3 7525/6/3
f 7524/6/4 7528/6/4 7527/6/4 7523/6/4
f 7521/6/5 7525/6/5 7528/6/5 7524/6/5
f 7522/6/6 7523/6/6 7527/6/6 7526/6/6
f 7529/6/1 7532/6/1 7531/6/1 7530/6/1
f 7533/6/2 7534/6/2 7535/6/2 7536/6/2
f 7529/6/3 7530/6/3 7534/6/3 7533/6/3
f 7532/6/4 7536/6/4 7535/6/4 7531/6/4
f 7529/6/5 7533/6/5 7536/6/5 7532/6/5
f 7530/6/6 7531/6/6 7535/6/6 7534/6/6
f 7537/6/1 7540/6/1 7539/6/1 7538/6/1
f 7541/6/2 7542/6/2 7543/6/2 7544/6/2
f 7537/6/3 7538/6/3 7542/6/3 7541/6/3
f 7540/6/4 7544/6/4 7543/6/4 7539/6/4
f 7537/6/5 7541/6/5 7544/6/5 7540/6/5
f 7538/6/6 7539/6/6 7543/6/6 7542/6/6
f 7545/6/1 7548/6/1 7547/6/1 7546/6/1
f 7549/6/2 7550/6/2 7551/6/2 7552/6/2
f 7545/6/3 7546/6/3 7550/6/3 7549/6/3
f 7548/6/4 7552/6/4 7551/6/4 7547/6/4
f 7545/6/5 7549/6/5 7552/6/5 7548/6/5
f 7546/6/6 7547/6/6 7551/6/6 7550/6/6
f 7553/6/1 7556/6/1 7555/6/1 7554/6/1
f 7557/6/2 7558/6/2 7559/6/2 7560/6/2
f 7553/6/3 7554/6/3 7558/6/3 7557/6/3
f 7556/6/4 7560/6/4 7559/6/4 7555/6/4
f 7553/6/5 7557/6/5 7560/6/5 7556/6/5
f 7554/6/6 7555/6/6 7559/6/6 7558/6/6
o SHELL_strap
usemtl palette
f 7561/7/1 7564/7/1 7563/7/1 7562/7/1
f 7565/7/2 7566/7/2 7567/7/2 7568/7/2
f 7561/7/3 7562/7/3 7566/7/3 7565/7/3
f 7564/7/4 7568/7/4 7567/7/4 7563/7/4
f 7561/7/5 7565/7/5 7568/7/5 7564/7/5
f 7562/7/6 7563/7/6 7567/7/6 7566/7/6
f 7569/13/1 7572/13/1 7571/13/1 7570/13/1
f 7573/13/2 7574/13/2 7575/13/2 7576/13/2
f 7569/13/3 7570/13/3 7574/13/3 7573/13/3
f 7572/13/4 7576/13/4 7575/13/4 7571/13/4
f 7569/13/5 7573/13/5 7576/13/5 7572/13/5
f 7570/13/6 7571/13/6 7575/13/6 7574/13/6
f 7577/7/1 7580/7/1 7579/7/1 7578/7/1
f 7581/7/2 7582/7/2 7583/7/2 7584/7/2
f 7577/7/3 7578/7/3 7582/7/3 7581/7/3
f 7580/7/4 7584/7/4 7583/7/4 7579/7/4
f 7577/7/5 7581/7/5 7584/7/5 7580/7/5
f 7578/7/6 7579/7/6 7583/7/6 7582/7/6
f 7585/13/1 7588/13/1 7587/13/1 7586/13/1
f 7589/13/2 7590/13/2 7591/13/2 7592/13/2
f 7585/13/3 7586/13/3 7590/13/3 7589/13/3
f 7588/13/4 7592/13/4 7591/13/4 7587/13/4
f 7585/13/5 7589/13/5 7592/13/5 7588/13/5
f 7586/13/6 7587/13/6 7591/13/6 7590/13/6
f 7593/7/1 7596/7/1 7595/7/1 7594/7/1
f 7597/7/2 7598/7/2 7599/7/2 7600/7/2
f 7593/7/3 7594/7/3 7598/7/3 7597/7/3
f 7596/7/4 7600/7/4 7599/7/4 7595/7/4
f 7593/7/5 7597/7/5 7600/7/5 7596/7/5
f 7594/7/6 7595/7/6 7599/7/6 7598/7/6
f 7601/13/1 7604/13/1 7603/13/1 7602/13/1
f 7605/13/2 7606/13/2 7607/13/2 7608/13/2
f 7601/13/3 7602/13/3 7606/13/3 7605/13/3
f 7604/13/4 7608/13/4 7607/13/4 7603/13/4
f 7601/13/5 7605/13/5 7608/13/5 7604/13/5
f 7602/13/6 7603/13/6 7607/13/6 7606/13/6
f 7609/7/1 7612/7/1 7611/7/1 7610/7/1
f 7613/7/2 7614/7/2 7615/7/2 7616/7/2
f 7609/7/3 7610/7/3 7614/7/3 7613/7/3
f 7612/7/4 7616/7/4 7615/7/4 7611/7/4
f 7609/7/5 7613/7/5 7616/7/5 7612/7/5
f 7610/7/6 7611/7/6 7615/7/6 7614/7/6
f 7617/13/1 7620/13/1 7619/13/1 7618/13/1
f 7621/13/2 7622/13/2 7623/13/2 7624/13/2
f 7617/13/3 7618/13/3 7622/13/3 7621/13/3
f 7620/13/4 7624/13/4 7623/13/4 7619/13/4
f 7617/13/5 7621/13/5 7624/13/5 7620/13/5
f 7618/13/6 7619/13/6 7623/13/6 7622/13/6
f 7625/7/1 7628/7/1 7627/7/1 7626/7/1
f 7629/7/2 7630/7/2 7631/7/2 7632/7/2
f 7625/7/3 7626/7/3 7630/7/3 7629/7/3
f 7628/7/4 7632/7/4 7631/7/4 7627/7/4
f 7625/7/5 7629/7/5 7632/7/5 7628/7/5
f 7626/7/6 7627/7/6 7631/7/6 7630/7/6
f 7633/13/1 7636/13/1 7635/13/1 7634/13/1
f 7637/13/2 7638/13/2 7639/13/2 7640/13/2
f 7633/13/3 7634/13/3 7638/13/3 7637/13/3
f 7636/13/4 7640/13/4 7639/13/4 7635/13/4
f 7633/13/5 7637/13/5 7640/13/5 7636/13/5
f 7634/13/6 7635/13/6 7639/13/6 7638/13/6
f 7641/7/1 7644/7/1 7643/7/1 7642/7/1
f 7645/7/2 7646/7/2 7647/7/2 7648/7/2
f 7641/7/3 7642/7/3 7646/7/3 7645/7/3
f 7644/7/4 7648/7/4 7647/7/4 7643/7/4
f 7641/7/5 7645/7/5 7648/7/5 7644/7/5
f 7642/7/6 7643/7/6 7647/7/6 7646/7/6
f 7649/13/1 7652/13/1 7651/13/1 7650/13/1
f 7653/13/2 7654/13/2 7655/13/2 7656/13/2
f 7649/13/3 7650/13/3 7654/13/3 7653/13/3
f 7652/13/4 7656/13/4 7655/13/4 7651/13/4
f 7649/13/5 7653/13/5 7656/13/5 7652/13/5
f 7650/13/6 7651/13/6 7655/13/6 7654/13/6
f 7657/7/1 7660/7/1 7659/7/1 7658/7/1
f 7661/7/2 7662/7/2 7663/7/2 7664/7/2
f 7657/7/3 7658/7/3 7662/7/3 7661/7/3
f 7660/7/4 7664/7/4 7663/7/4 7659/7/4
f 7657/7/5 7661/7/5 7664/7/5 7660/7/5
f 7658/7/6 7659/7/6 7663/7/6 7662/7/6
f 7665/13/1 7668/13/1 7667/13/1 7666/13/1
f 7669/13/2 7670/13/2 7671/13/2 7672/13/2
f 7665/13/3 7666/13/3 7670/13/3 7669/13/3
f 7668/13/4 7672/13/4 7671/13/4 7667/13/4
f 7665/13/5 7669/13/5 7672/13/5 7668/13/5
f 7666/13/6 7667/13/6 7671/13/6 7670/13/6
f 7673/7/1 7676/7/1 7675/7/1 7674/7/1
f 7677/7/2 7678/7/2 7679/7/2 7680/7/2
f 7673/7/3 7674/7/3 7678/7/3 7677/7/3
f 7676/7/4 7680/7/4 7679/7/4 7675/7/4
f 7673/7/5 7677/7/5 7680/7/5 7676/7/5
f 7674/7/6 7675/7/6 7679/7/6 7678/7/6
f 7681/13/1 7684/13/1 7683/13/1 7682/13/1
f 7685/13/2 7686/13/2 7687/13/2 7688/13/2
f 7681/13/3 7682/13/3 7686/13/3 7685/13/3
f 7684/13/4 7688/13/4 7687/13/4 7683/13/4
f 7681/13/5 7685/13/5 7688/13/5 7684/13/5
f 7682/13/6 7683/13/6 7687/13/6 7686/13/6
f 7689/7/1 7692/7/1 7691/7/1 7690/7/1
f 7693/7/2 7694/7/2 7695/7/2 7696/7/2
f 7689/7/3 7690/7/3 7694/7/3 7693/7/3
f 7692/7/4 7696/7/4 7695/7/4 7691/7/4
f 7689/7/5 7693/7/5 7696/7/5 7692/7/5
f 7690/7/6 7691/7/6 7695/7/6 7694/7/6
f 7697/13/1 7700/13/1 7699/13/1 7698/13/1
f 7701/13/2 7702/13/2 7703/13/2 7704/13/2
f 7697/13/3 7698/13/3 7702/13/3 7701/13/3
f 7700/13/4 7704/13/4 7703/13/4 7699/13/4
f 7697/13/5 7701/13/5 7704/13/5 7700/13/5
f 7698/13/6 7699/13/6 7703/13/6 7702/13/6
f 7705/7/1 7708/7/1 7707/7/1 7706/7/1
f 7709/7/2 7710/7/2 7711/7/2 7712/7/2
f 7705/7/3 7706/7/3 7710/7/3 7709/7/3
f 7708/7/4 7712/7/4 7711/7/4 7707/7/4
f 7705/7/5 7709/7/5 7712/7/5 7708/7/5
f 7706/7/6 7707/7/6 7711/7/6 7710/7/6
f 7713/13/1 7716/13/1 7715/13/1 7714/13/1
f 7717/13/2 7718/13/2 7719/13/2 7720/13/2
f 7713/13/3 7714/13/3 7718/13/3 7717/13/3
f 7716/13/4 7720/13/4 7719/13/4 7715/13/4
f 7713/13/5 7717/13/5 7720/13/5 7716/13/5
f 7714/13/6 7715/13/6 7719/13/6 7718/13/6
f 7721/7/1 7724/7/1 7723/7/1 7722/7/1
f 7725/7/2 7726/7/2 7727/7/2 7728/7/2
f 7721/7/3 7722/7/3 7726/7/3 7725/7/3
f 7724/7/4 7728/7/4 7727/7/4 7723/7/4
f 7721/7/5 7725/7/5 7728/7/5 7724/7/5
f 7722/7/6 7723/7/6 7727/7/6 7726/7/6
f 7729/13/1 7732/13/1 7731/13/1 7730/13/1
f 7733/13/2 7734/13/2 7735/13/2 7736/13/2
f 7729/13/3 7730/13/3 7734/13/3 7733/13/3
f 7732/13/4 7736/13/4 7735/13/4 7731/13/4
f 7729/13/5 7733/13/5 7736/13/5 7732/13/5
f 7730/13/6 7731/13/6 7735/13/6 7734/13/6
f 7737/7/1 7740/7/1 7739/7/1 7738/7/1
f 7741/7/2 7742/7/2 7743/7/2 7744/7/2
f 7737/7/3 7738/7/3 7742/7/3 7741/7/3
f 7740/7/4 7744/7/4 7743/7/4 7739/7/4
f 7737/7/5 7741/7/5 7744/7/5 7740/7/5
f 7738/7/6 7739/7/6 7743/7/6 7742/7/6
f 7745/13/1 7748/13/1 7747/13/1 7746/13/1
f 7749/13/2 7750/13/2 7751/13/2 7752/13/2
f 7745/13/3 7746/13/3 7750/13/3 7749/13/3
f 7748/13/4 7752/13/4 7751/13/4 7747/13/4
f 7745/13/5 7749/13/5 7752/13/5 7748/13/5
f 7746/13/6 7747/13/6 7751/13/6 7750/13/6
f 7753/7/1 7756/7/1 7755/7/1 7754/7/1
f 7757/7/2 7758/7/2 7759/7/2 7760/7/2
f 7753/7/3 7754/7/3 7758/7/3 7757/7/3
f 7756/7/4 7760/7/4 7759/7/4 7755/7/4
f 7753/7/5 7757/7/5 7760/7/5 7756/7/5
f 7754/7/6 7755/7/6 7759/7/6 7758/7/6
f 7761/13/1 7764/13/1 7763/13/1 7762/13/1
f 7765/13/2 7766/13/2 7767/13/2 7768/13/2
f 7761/13/3 7762/13/3 7766/13/3 7765/13/3
f 7764/13/4 7768/13/4 7767/13/4 7763/13/4
f 7761/13/5 7765/13/5 7768/13/5 7764/13/5
f 7762/13/6 7763/13/6 7767/13/6 7766/13/6
f 7769/7/1 7772/7/1 7771/7/1 7770/7/1
f 7773/7/2 7774/7/2 7775/7/2 7776/7/2
f 7769/7/3 7770/7/3 7774/7/3 7773/7/3
f 7772/7/4 7776/7/4 7775/7/4 7771/7/4
f 7769/7/5 7773/7/5 7776/7/5 7772/7/5
f 7770/7/6 7771/7/6 7775/7/6 7774/7/6
f 7777/13/1 7780/13/1 7779/13/1 7778/13/1
f 7781/13/2 7782/13/2 7783/13/2 7784/13/2
f 7777/13/3 7778/13/3 7782/13/3 7781/13/3
f 7780/13/4 7784/13/4 7783/13/4 7779/13/4
f 7777/13/5 7781/13/5 7784/13/5 7780/13/5
f 7778/13/6 7779/13/6 7783/13/6 7782/13/6
f 7785/7/1 7788/7/1 7787/7/1 7786/7/1
f 7789/7/2 7790/7/2 7791/7/2 7792/7/2
f 7785/7/3 7786/7/3 7790/7/3 7789/7/3
f 7788/7/4 7792/7/4 7791/7/4 7787/7/4
f 7785/7/5 7789/7/5 7792/7/5 7788/7/5
f 7786/7/6 7787/7/6 7791/7/6 7790/7/6
f 7793/13/1 7796/13/1 7795/13/1 7794/13/1
f 7797/13/2 7798/13/2 7799/13/2 7800/13/2
f 7793/13/3 7794/13/3 7798/13/3 7797/13/3
f 7796/13/4 7800/13/4 7799/13/4 7795/13/4
f 7793/13/5 7797/13/5 7800/13/5 7796/13/5
f 7794/13/6 7795/13/6 7799/13/6 7798/13/6
f 7801/7/1 7804/7/1 7803/7/1 7802/7/1
f 7805/7/2 7806/7/2 7807/7/2 7808/7/2
f 7801/7/3 7802/7/3 7806/7/3 7805/7/3
f 7804/7/4 7808/7/4 7807/7/4 7803/7/4
f 7801/7/5 7805/7/5 7808/7/5 7804/7/5
f 7802/7/6 7803/7/6 7807/7/6 7806/7/6
f 7809/13/1 7812/13/1 7811/13/1 7810/13/1
f 7813/13/2 7814/13/2 7815/13/2 7816/13/2
f 7809/13/3 7810/13/3 7814/13/3 7813/13/3
f 7812/13/4 7816/13/4 7815/13/4 7811/13/4
f 7809/13/5 7813/13/5 7816/13/5 7812/13/5
f 7810/13/6 7811/13/6 7815/13/6 7814/13/6
f 7817/7/1 7820/7/1 7819/7/1 7818/7/1
f 7821/7/2 7822/7/2 7823/7/2 7824/7/2
f 7817/7/3 7818/7/3 7822/7/3 7821/7/3
f 7820/7/4 7824/7/4 7823/7/4 7819/7/4
f 7817/7/5 7821/7/5 7824/7/5 7820/7/5
f 7818/7/6 7819/7/6 7823/7/6 7822/7/6
f 7825/13/1 7828/13/1 7827/13/1 7826/13/1
f 7829/13/2 7830/13/2 7831/13/2 7832/13/2
f 7825/13/3 7826/13/3 7830/13/3 7829/13/3
f 7828/13/4 7832/13/4 7831/13/4 7827/13/4
f 7825/13/5 7829/13/5 7832/13/5 7828/13/5
f 7826/13/6 7827/13/6 7831/13/6 7830/13/6
f 7833/7/1 7836/7/1 7835/7/1 7834/7/1
f 7837/7/2 7838/7/2 7839/7/2 7840/7/2
f 7833/7/3 7834/7/3 7838/7/3 7837/7/3
f 7836/7/4 7840/7/4 7839/7/4 7835/7/4
f 7833/7/5 7837/7/5 7840/7/5 7836/7/5
f 7834/7/6 7835/7/6 7839/7/6 7838/7/6
f 7841/13/1 7844/13/1 7843/13/1 7842/13/1
f 7845/13/2 7846/13/2 7847/13/2 7848/13/2
f 7841/13/3 7842/13/3 7846/13/3 7845/13/3
f 7844/13/4 7848/13/4 7847/13/4 7843/13/4
f 7841/13/5 7845/13/5 7848/13/5 7844/13/5
f 7842/13/6 7843/13/6 7847/13/6 7846/13/6
f 7849/7/1 7852/7/1 7851/7/1 7850/7/1
f 7853/7/2 7854/7/2 7855/7/2 7856/7/2
f 7849/7/3 7850/7/3 7854/7/3 7853/7/3
f 7852/7/4 7856/7/4 7855/7/4 7851/7/4
f 7849/7/5 7853/7/5 7856/7/5 7852/7/5
f 7850/7/6 7851/7/6 7855/7/6 7854/7/6
f 7857/13/1 7860/13/1 7859/13/1 7858/13/1
f 7861/13/2 7862/13/2 7863/13/2 7864/13/2
f 7857/13/3 7858/13/3 7862/13/3 7861/13/3
f 7860/13/4 7864/13/4 7863/13/4 7859/13/4
f 7857/13/5 7861/13/5 7864/13/5 7860/13/5
f 7858/13/6 7859/13/6 7863/13/6 7862/13/6
f 7865/7/1 7868/7/1 7867/7/1 7866/7/1
f 7869/7/2 7870/7/2 7871/7/2 7872/7/2
f 7865/7/3 7866/7/3 7870/7/3 7869/7/3
f 7868/7/4 7872/7/4 7871/7/4 7867/7/4
f 7865/7/5 7869/7/5 7872/7/5 7868/7/5
f 7866/7/6 7867/7/6 7871/7/6 7870/7/6
f 7873/13/1 7876/13/1 7875/13/1 7874/13/1
f 7877/13/2 7878/13/2 7879/13/2 7880/13/2
f 7873/13/3 7874/13/3 7878/13/3 7877/13/3
f 7876/13/4 7880/13/4 7879/13/4 7875/13/4
f 7873/13/5 7877/13/5 7880/13/5 7876/13/5
f 7874/13/6 7875/13/6 7879/13/6 7878/13/6
f 7881/7/1 7884/7/1 7883/7/1 7882/7/1
f 7885/7/2 7886/7/2 7887/7/2 7888/7/2
f 7881/7/3 7882/7/3 7886/7/3 7885/7/3
f 7884/7/4 7888/7/4 7887/7/4 7883/7/4
f 7881/7/5 7885/7/5 7888/7/5 7884/7/5
f 7882/7/6 7883/7/6 7887/7/6 7886/7/6
f 7889/13/1 7892/13/1 7891/13/1 7890/13/1
f 7893/13/2 7894/13/2 7895/13/2 7896/13/2
f 7889/13/3 7890/13/3 7894/13/3 7893/13/3
f 7892/13/4 7896/13/4 7895/13/4 7891/13/4
f 7889/13/5 7893/13/5 7896/13/5 7892/13/5
f 7890/13/6 7891/13/6 7895/13/6 7894/13/6
f 7897/7/1 7900/7/1 7899/7/1 7898/7/1
f 7901/7/2 7902/7/2 7903/7/2 7904/7/2
f 7897/7/3 7898/7/3 7902/7/3 7901/7/3
f 7900/7/4 7904/7/4 7903/7/4 7899/7/4
f 7897/7/5 7901/7/5 7904/7/5 7900/7/5
f 7898/7/6 7899/7/6 7903/7/6 7902/7/6
f 7905/13/1 7908/13/1 7907/13/1 7906/13/1
f 7909/13/2 7910/13/2 7911/13/2 7912/13/2
f 7905/13/3 7906/13/3 7910/13/3 7909/13/3
f 7908/13/4 7912/13/4 7911/13/4 7907/13/4
f 7905/13/5 7909/13/5 7912/13/5 7908/13/5
f 7906/13/6 7907/13/6 7911/13/6 7910/13/6
f 7913/7/1 7916/7/1 7915/7/1 7914/7/1
f 7917/7/2 7918/7/2 7919/7/2 7920/7/2
f 7913/7/3 7914/7/3 7918/7/3 7917/7/3
f 7916/7/4 7920/7/4 7919/7/4 7915/7/4
f 7913/7/5 7917/7/5 7920/7/5 7916/7/5
f 7914/7/6 7915/7/6 7919/7/6 7918/7/6
f 7921/13/1 7924/13/1 7923/13/1 7922/13/1
f 7925/13/2 7926/13/2 7927/13/2 7928/13/2
f 7921/13/3 7922/13/3 7926/13/3 7925/13/3
f 7924/13/4 7928/13/4 7927/13/4 7923/13/4
f 7921/13/5 7925/13/5 7928/13/5 7924/13/5
f 7922/13/6 7923/13/6 7927/13/6 7926/13/6
f 7929/7/1 7932/7/1 7931/7/1 7930/7/1
f 7933/7/2 7934/7/2 7935/7/2 7936/7/2
f 7929/7/3 7930/7/3 7934/7/3 7933/7/3
f 7932/7/4 7936/7/4 7935/7/4 7931/7/4
f 7929/7/5 7933/7/5 7936/7/5 7932/7/5
f 7930/7/6 7931/7/6 7935/7/6 7934/7/6
f 7937/13/1 7940/13/1 7939/13/1 7938/13/1
f 7941/13/2 7942/13/2 7943/13/2 7944/13/2
f 7937/13/3 7938/13/3 7942/13/3 7941/13/3
f 7940/13/4 7944/13/4 7943/13/4 7939/13/4
f 7937/13/5 7941/13/5 7944/13/5 7940/13/5
f 7938/13/6 7939/13/6 7943/13/6 7942/13/6
o SHELL_ad
usemtl palette
f 7945/12/1 7948/12/1 7947/12/1 7946/12/1
f 7949/12/2 7950/12/2 7951/12/2 7952/12/2
f 7945/12/3 7946/12/3 7950/12/3 7949/12/3
f 7948/12/4 7952/12/4 7951/12/4 7947/12/4
f 7945/12/5 7949/12/5 7952/12/5 7948/12/5
f 7946/12/6 7947/12/6 7951/12/6 7950/12/6
f 7953/12/1 7956/12/1 7955/12/1 7954/12/1
f 7957/12/2 7958/12/2 7959/12/2 7960/12/2
f 7953/12/3 7954/12/3 7958/12/3 7957/12/3
f 7956/12/4 7960/12/4 7959/12/4 7955/12/4
f 7953/12/5 7957/12/5 7960/12/5 7956/12/5
f 7954/12/6 7955/12/6 7959/12/6 7958/12/6
f 7961/12/1 7964/12/1 7963/12/1 7962/12/1
f 7965/12/2 7966/12/2 7967/12/2 7968/12/2
f 7961/12/3 7962/12/3 7966/12/3 7965/12/3
f 7964/12/4 7968/12/4 7967/12/4 7963/12/4
f 7961/12/5 7965/12/5 7968/12/5 7964/12/5
f 7962/12/6 7963/12/6 7967/12/6 7966/12/6
f 7969/12/1 7972/12/1 7971/12/1 7970/12/1
f 7973/12/2 7974/12/2 7975/12/2 7976/12/2
f 7969/12/3 7970/12/3 7974/12/3 7973/12/3
f 7972/12/4 7976/12/4 7975/12/4 7971/12/4
f 7969/12/5 7973/12/5 7976/12/5 7972/12/5
f 7970/12/6 7971/12/6 7975/12/6 7974/12/6
f 7977/12/1 7980/12/1 7979/12/1 7978/12/1
f 7981/12/2 7982/12/2 7983/12/2 7984/12/2
f 7977/12/3 7978/12/3 7982/12/3 7981/12/3
f 7980/12/4 7984/12/4 7983/12/4 7979/12/4
f 7977/12/5 7981/12/5 7984/12/5 7980/12/5
f 7978/12/6 7979/12/6 7983/12/6 7982/12/6
f 7985/12/1 7988/12/1 7987/12/1 7986/12/1
f 7989/12/2 7990/12/2 7991/12/2 7992/12/2
f 7985/12/3 7986/12/3 7990/12/3 7989/12/3
f 7988/12/4 7992/12/4 7991/12/4 7987/12/4
f 7985/12/5 7989/12/5 7992/12/5 7988/12/5
f 7986/12/6 7987/12/6 7991/12/6 7990/12/6
f 7993/12/1 7996/12/1 7995/12/1 7994/12/1
f 7997/12/2 7998/12/2 7999/12/2 8000/12/2
f 7993/12/3 7994/12/3 7998/12/3 7997/12/3
f 7996/12/4 8000/12/4 7999/12/4 7995/12/4
f 7993/12/5 7997/12/5 8000/12/5 7996/12/5
f 7994/12/6 7995/12/6 7999/12/6 7998/12/6
f 8001/12/1 8004/12/1 8003/12/1 8002/12/1
f 8005/12/2 8006/12/2 8007/12/2 8008/12/2
f 8001/12/3 8002/12/3 8006/12/3 8005/12/3
f 8004/12/4 8008/12/4 8007/12/4 8003/12/4
f 8001/12/5 8005/12/5 8008/12/5 8004/12/5
f 8002/12/6 8003/12/6 8007/12/6 8006/12/6
f 8009/12/1 8012/12/1 8011/12/1 8010/12/1
f 8013/12/2 8014/12/2 8015/12/2 8016/12/2
f 8009/12/3 8010/12/3 8014/12/3 8013/12/3
f 8012/12/4 8016/12/4 8015/12/4 8011/12/4
f 8009/12/5 8013/12/5 8016/12/5 8012/12/5
f 8010/12/6 8011/12/6 8015/12/6 8014/12/6
f 8017/12/1 8020/12/1 8019/12/1 8018/12/1
f 8021/12/2 8022/12/2 8023/12/2 8024/12/2
f 8017/12/3 8018/12/3 8022/12/3 8021/12/3
f 8020/12/4 8024/12/4 8023/12/4 8019/12/4
f 8017/12/5 8021/12/5 8024/12/5 8020/12/5
f 8018/12/6 8019/12/6 8023/12/6 8022/12/6
o SEAT_5
usemtl palette
f 8025/48/1 8028/48/1 8027/48/1 8026/48/1
f 8029/48/2 8030/48/2 8031/48/2 8032/48/2
f 8025/48/3 8026/48/3 8030/48/3 8029/48/3
f 8028/48/4 8032/48/4 8031/48/4 8027/48/4
f 8025/48/5 8029/48/5 8032/48/5 8028/48/5
f 8026/48/6 8027/48/6 8031/48/6 8030/48/6
o SEAT_6
usemtl palette
f 8033/48/1 8036/48/1 8035/48/1 8034/48/1
f 8037/48/2 8038/48/2 8039/48/2 8040/48/2
f 8033/48/3 8034/48/3 8038/48/3 8037/48/3
f 8036/48/4 8040/48/4 8039/48/4 8035/48/4
f 8033/48/5 8037/48/5 8040/48/5 8036/48/5
f 8034/48/6 8035/48/6 8039/48/6 8038/48/6
o SEAT_7
usemtl palette
f 8041/16/1 8044/16/1 8043/16/1 8042/16/1
f 8045/16/2 8046/16/2 8047/16/2 8048/16/2
f 8041/16/3 8042/16/3 8046/16/3 8045/16/3
f 8044/16/4 8048/16/4 8047/16/4 8043/16/4
f 8041/16/5 8045/16/5 8048/16/5 8044/16/5
f 8042/16/6 8043/16/6 8047/16/6 8046/16/6
o SEAT_8
usemtl palette
f 8049/16/1 8052/16/1 8051/16/1 8050/16/1
f 8053/16/2 8054/16/2 8055/16/2 8056/16/2
f 8049/16/3 8050/16/3 8054/16/3 8053/16/3
f 8052/16/4 8056/16/4 8055/16/4 8051/16/4
f 8049/16/5 8053/16/5 8056/16/5 8052/16/5
f 8050/16/6 8051/16/6 8055/16/6 8054/16/6
o SEAT_9
usemtl palette
f 8057/16/1 8060/16/1 8059/16/1 8058/16/1
f 8061/16/2 8062/16/2 8063/16/2 8064/16/2
f 8057/16/3 8058/16/3 8062/16/3 8061/16/3
f 8060/16/4 8064/16/4 8063/16/4 8059/16/4
f 8057/16/5 8061/16/5 8064/16/5 8060/16/5
f 8058/16/6 8059/16/6 8063/16/6 8062/16/6
o SEAT_10
usemtl palette
f 8065/16/1 8068/16/1 8067/16/1 8066/16/1
f 8069/16/2 8070/16/2 8071/16/2 8072/16/2
f 8065/16/3 8066/16/3 8070/16/3 8069/16/3
f 8068/16/4 8072/16/4 8071/16/4 8067/16/4
f 8065/16/5 8069/16/5 8072/16/5 8068/16/5
f 8066/16/6 8067/16/6 8071/16/6 8070/16/6
o SEAT_11
usemtl palette
f 8073/16/1 8076/16/1 8075/16/1 8074/16/1
f 8077/16/2 8078/16/2 8079/16/2 8080/16/2
f 8073/16/3 8074/16/3 8078/16/3 8077/16/3
f 8076/16/4 8080/16/4 8079/16/4 8075/16/4
f 8073/16/5 8077/16/5 8080/16/5 8076/16/5
f 8074/16/6 8075/16/6 8079/16/6 8078/16/6
o SEAT_12
usemtl palette
f 8081/16/1 8084/16/1 8083/16/1 8082/16/1
f 8085/16/2 8086/16/2 8087/16/2 8088/16/2
f 8081/16/3 8082/16/3 8086/16/3 8085/16/3
f 8084/16/4 8088/16/4 8087/16/4 8083/16/4
f 8081/16/5 8085/16/5 8088/16/5 8084/16/5
f 8082/16/6 8083/16/6 8087/16/6 8086/16/6
o SEAT_13
usemtl palette
f 8089/16/1 8092/16/1 8091/16/1 8090/16/1
f 8093/16/2 8094/16/2 8095/16/2 8096/16/2
f 8089/16/3 8090/16/3 8094/16/3 8093/16/3
f 8092/16/4 8096/16/4 8095/16/4 8091/16/4
f 8089/16/5 8093/16/5 8096/16/5 8092/16/5
f 8090/16/6 8091/16/6 8095/16/6 8094/16/6
o SEAT_14
usemtl palette
f 8097/16/1 8100/16/1 8099/16/1 8098/16/1
f 8101/16/2 8102/16/2 8103/16/2 8104/16/2
f 8097/16/3 8098/16/3 8102/16/3 8101/16/3
f 8100/16/4 8104/16/4 8103/16/4 8099/16/4
f 8097/16/5 8101/16/5 8104/16/5 8100/16/5
f 8098/16/6 8099/16/6 8103/16/6 8102/16/6
o SEAT_15
usemtl palette
f 8105/16/1 8108/16/1 8107/16/1 8106/16/1
f 8109/16/2 8110/16/2 8111/16/2 8112/16/2
f 8105/16/3 8106/16/3 8110/16/3 8109/16/3
f 8108/16/4 8112/16/4 8111/16/4 8107/16/4
f 8105/16/5 8109/16/5 8112/16/5 8108/16/5
f 8106/16/6 8107/16/6 8111/16/6 8110/16/6
o SEAT_16
usemtl palette
f 8113/16/1 8116/16/1 8115/16/1 8114/16/1
f 8117/16/2 8118/16/2 8119/16/2 8120/16/2
f 8113/16/3 8114/16/3 8118/16/3 8117/16/3
f 8116/16/4 8120/16/4 8119/16/4 8115/16/4
f 8113/16/5 8117/16/5 8120/16/5 8116/16/5
f 8114/16/6 8115/16/6 8119/16/6 8118/16/6
o SEAT_17
usemtl palette
f 8121/16/1 8124/16/1 8123/16/1 8122/16/1
f 8125/16/2 8126/16/2 8127/16/2 8128/16/2
f 8121/16/3 8122/16/3 8126/16/3 8125/16/3
f 8124/16/4 8128/16/4 8127/16/4 8123/16/4
f 8121/16/5 8125/16/5 8128/16/5 8124/16/5
f 8122/16/6 8123/16/6 8127/16/6 8126/16/6
o SEAT_18
usemtl palette
f 8129/16/1 8132/16/1 8131/16/1 8130/16/1
f 8133/16/2 8134/16/2 8135/16/2 8136/16/2
f 8129/16/3 8130/16/3 8134/16/3 8133/16/3
f 8132/16/4 8136/16/4 8135/16/4 8131/16/4
f 8129/16/5 8133/16/5 8136/16/5 8132/16/5
f 8130/16/6 8131/16/6 8135/16/6 8134/16/6
o SEAT_19
usemtl palette
f 8137/16/1 8140/16/1 8139/16/1 8138/16/1
f 8141/16/2 8142/16/2 8143/16/2 8144/16/2
f 8137/16/3 8138/16/3 8142/16/3 8141/16/3
f 8140/16/4 8144/16/4 8143/16/4 8139/16/4
f 8137/16/5 8141/16/5 8144/16/5 8140/16/5
f 8138/16/6 8139/16/6 8143/16/6 8142/16/6
o SEAT_20
usemtl palette
f 8145/16/1 8148/16/1 8147/16/1 8146/16/1
f 8149/16/2 8150/16/2 8151/16/2 8152/16/2
f 8145/16/3 8146/16/3 8150/16/3 8149/16/3
f 8148/16/4 8152/16/4 8151/16/4 8147/16/4
f 8145/16/5 8149/16/5 8152/16/5 8148/16/5
f 8146/16/6 8147/16/6 8151/16/6 8150/16/6
o SEAT_21
usemtl palette
f 8153/16/1 8156/16/1 8155/16/1 8154/16/1
f 8157/16/2 8158/16/2 8159/16/2 8160/16/2
f 8153/16/3 8154/16/3 8158/16/3 8157/16/3
f 8156/16/4 8160/16/4 8159/16/4 8155/16/4
f 8153/16/5 8157/16/5 8160/16/5 8156/16/5
f 8154/16/6 8155/16/6 8159/16/6 8158/16/6
o SEAT_22
usemtl palette
f 8161/16/1 8164/16/1 8163/16/1 8162/16/1
f 8165/16/2 8166/16/2 8167/16/2 8168/16/2
f 8161/16/3 8162/16/3 8166/16/3 8165/16/3
f 8164/16/4 8168/16/4 8167/16/4 8163/16/4
f 8161/16/5 8165/16/5 8168/16/5 8164/16/5
f 8162/16/6 8163/16/6 8167/16/6 8166/16/6
o SEAT_23
usemtl palette
f 8169/16/1 8172/16/1 8171/16/1 8170/16/1
f 8173/16/2 8174/16/2 8175/16/2 8176/16/2
f 8169/16/3 8170/16/3 8174/16/3 8173/16/3
f 8172/16/4 8176/16/4 8175/16/4 8171/16/4
f 8169/16/5 8173/16/5 8176/16/5 8172/16/5
f 8170/16/6 8171/16/6 8175/16/6 8174/16/6
o SEAT_24
usemtl palette
f 8177/16/1 8180/16/1 8179/16/1 8178/16/1
f 8181/16/2 8182/16/2 8183/16/2 8184/16/2
f 8177/16/3 8178/16/3 8182/16/3 8181/16/3
f 8180/16/4 8184/16/4 8183/16/4 8179/16/4
f 8177/16/5 8181/16/5 8184/16/5 8180/16/5
f 8178/16/6 8179/16/6 8183/16/6 8182/16/6
o SEAT_25
usemtl palette
f 8185/16/1 8188/16/1 8187/16/1 8186/16/1
f 8189/16/2 8190/16/2 8191/16/2 8192/16/2
f 8185/16/3 8186/16/3 8190/16/3 8189/16/3
f 8188/16/4 8192/16/4 8191/16/4 8187/16/4
f 8185/16/5 8189/16/5 8192/16/5 8188/16/5
f 8186/16/6 8187/16/6 8191/16/6 8190/16/6
o SEAT_26
usemtl palette
f 8193/16/1 8196/16/1 8195/16/1 8194/16/1
f 8197/16/2 8198/16/2 8199/16/2 8200/16/2
f 8193/16/3 8194/16/3 8198/16/3 8197/16/3
f 8196/16/4 8200/16/4 8199/16/4 8195/16/4
f 8193/16/5 8197/16/5 8200/16/5 8196/16/5
f 8194/16/6 8195/16/6 8199/16/6 8198/16/6
o SEAT_27
usemtl palette
f 8201/16/1 8204/16/1 8203/16/1 8202/16/1
f 8205/16/2 8206/16/2 8207/16/2 8208/16/2
f 8201/16/3 8202/16/3 8206/16/3 8205/16/3
f 8204/16/4 8208/16/4 8207/16/4 8203/16/4
f 8201/16/5 8205/16/5 8208/16/5 8204/16/5
f 8202/16/6 8203/16/6 8207/16/6 8206/16/6
o SEAT_28
usemtl palette
f 8209/16/1 8212/16/1 8211/16/1 8210/16/1
f 8213/16/2 8214/16/2 8215/16/2 8216/16/2
f 8209/16/3 8210/16/3 8214/16/3 8213/16/3
f 8212/16/4 8216/16/4 8215/16/4 8211/16/4
f 8209/16/5 8213/16/5 8216/16/5 8212/16/5
f 8210/16/6 8211/16/6 8215/16/6 8214/16/6
o SEAT_29
usemtl palette
f 8217/48/1 8220/48/1 8219/48/1 8218/48/1
f 8221/48/2 8222/48/2 8223/48/2 8224/48/2
f 8217/48/3 8218/48/3 8222/48/3 8221/48/3
f 8220/48/4 8224/48/4 8223/48/4 8219/48/4
f 8217/48/5 8221/48/5 8224/48/5 8220/48/5
f 8218/48/6 8219/48/6 8223/48/6 8222/48/6
o SEAT_30
usemtl palette
f 8225/16/1 8228/16/1 8227/16/1 8226/16/1
f 8229/16/2 8230/16/2 8231/16/2 8232/16/2
f 8225/16/3 8226/16/3 8230/16/3 8229/16/3
f 8228/16/4 8232/16/4 8231/16/4 8227/16/4
f 8225/16/5 8229/16/5 8232/16/5 8228/16/5
f 8226/16/6 8227/16/6 8231/16/6 8230/16/6
o SEAT_31
usemtl palette
f 8233/16/1 8236/16/1 8235/16/1 8234/16/1
f 8237/16/2 8238/16/2 8239/16/2 8240/16/2
f 8233/16/3 8234/16/3 8238/16/3 8237/16/3
f 8236/16/4 8240/16/4 8239/16/4 8235/16/4
f 8233/16/5 8237/16/5 8240/16/5 8236/16/5
f 8234/16/6 8235/16/6 8239/16/6 8238/16/6
o SEAT_32
usemtl palette
f 8241/48/1 8244/48/1 8243/48/1 8242/48/1
f 8245/48/2 8246/48/2 8247/48/2 8248/48/2
f 8241/48/3 8242/48/3 8246/48/3 8245/48/3
f 8244/48/4 8248/48/4 8247/48/4 8243/48/4
f 8241/48/5 8245/48/5 8248/48/5 8244/48/5
f 8242/48/6 8243/48/6 8247/48/6 8246/48/6
o SHELL_pole
usemtl palette
f 8249/6/1 8252/6/1 8251/6/1 8250/6/1
f 8253/6/2 8254/6/2 8255/6/2 8256/6/2
f 8249/6/3 8250/6/3 8254/6/3 8253/6/3
f 8252/6/4 8256/6/4 8255/6/4 8251/6/4
f 8249/6/5 8253/6/5 8256/6/5 8252/6/5
f 8250/6/6 8251/6/6 8255/6/6 8254/6/6
f 8257/6/1 8260/6/1 8259/6/1 8258/6/1
f 8261/6/2 8262/6/2 8263/6/2 8264/6/2
f 8257/6/3 8258/6/3 8262/6/3 8261/6/3
f 8260/6/4 8264/6/4 8263/6/4 8259/6/4
f 8257/6/5 8261/6/5 8264/6/5 8260/6/5
f 8258/6/6 8259/6/6 8263/6/6 8262/6/6
f 8265/6/1 8268/6/1 8267/6/1 8266/6/1
f 8269/6/2 8270/6/2 8271/6/2 8272/6/2
f 8265/6/3 8266/6/3 8270/6/3 8269/6/3
f 8268/6/4 8272/6/4 8271/6/4 8267/6/4
f 8265/6/5 8269/6/5 8272/6/5 8268/6/5
f 8266/6/6 8267/6/6 8271/6/6 8270/6/6
f 8273/6/1 8276/6/1 8275/6/1 8274/6/1
f 8277/6/2 8278/6/2 8279/6/2 8280/6/2
f 8273/6/3 8274/6/3 8278/6/3 8277/6/3
f 8276/6/4 8280/6/4 8279/6/4 8275/6/4
f 8273/6/5 8277/6/5 8280/6/5 8276/6/5
f 8274/6/6 8275/6/6 8279/6/6 8278/6/6
f 8281/6/1 8284/6/1 8283/6/1 8282/6/1
f 8285/6/2 8286/6/2 8287/6/2 8288/6/2
f 8281/6/3 8282/6/3 8286/6/3 8285/6/3
f 8284/6/4 8288/6/4 8287/6/4 8283/6/4
f 8281/6/5 8285/6/5 8288/6/5 8284/6/5
f 8282/6/6 8283/6/6 8287/6/6 8286/6/6
f 8289/6/1 8292/6/1 8291/6/1 8290/6/1
f 8293/6/2 8294/6/2 8295/6/2 8296/6/2
f 8289/6/3 8290/6/3 8294/6/3 8293/6/3
f 8292/6/4 8296/6/4 8295/6/4 8291/6/4
f 8289/6/5 8293/6/5 8296/6/5 8292/6/5
f 8290/6/6 8291/6/6 8295/6/6 8294/6/6
f 8297/6/1 8300/6/1 8299/6/1 8298/6/1
f 8301/6/2 8302/6/2 8303/6/2 8304/6/2
f 8297/6/3 8298/6/3 8302/6/3 8301/6/3
f 8300/6/4 8304/6/4 8303/6/4 8299/6/4
f 8297/6/5 8301/6/5 8304/6/5 8300/6/5
f 8298/6/6 8299/6/6 8303/6/6 8302/6/6
f 8305/6/1 8308/6/1 8307/6/1 8306/6/1
f 8309/6/2 8310/6/2 8311/6/2 8312/6/2
f 8305/6/3 8306/6/3 8310/6/3 8309/6/3
f 8308/6/4 8312/6/4 8311/6/4 8307/6/4
f 8305/6/5 8309/6/5 8312/6/5 8308/6/5
f 8306/6/6 8307/6/6 8311/6/6 8310/6/6
f 8313/6/1 8316/6/1 8315/6/1 8314/6/1
f 8317/6/2 8318/6/2 8319/6/2 8320/6/2
f 8313/6/3 8314/6/3 8318/6/3 8317/6/3
f 8316/6/4 8320/6/4 8319/6/4 8315/6/4
f 8313/6/5 8317/6/5 8320/6/5 8316/6/5
f 8314/6/6 8315/6/6 8319/6/6 8318/6/6
f 8321/6/1 8324/6/1 8323/6/1 8322/6/1
f 8325/6/2 8326/6/2 8327/6/2 8328/6/2
f 8321/6/3 8322/6/3 8326/6/3 8325/6/3
f 8324/6/4 8328/6/4 8327/6/4 8323/6/4
f 8321/6/5 8325/6/5 8328/6/5 8324/6/5
f 8322/6/6 8323/6/6 8327/6/6 8326/6/6
f 8329/6/1 8332/6/1 8331/6/1 8330/6/1
f 8333/6/2 8334/6/2 8335/6/2 8336/6/2
f 8329/6/3 8330/6/3 8334/6/3 8333/6/3
f 8332/6/4 8336/6/4 8335/6/4 8331/6/4
f 8329/6/5 8333/6/5 8336/6/5 8332/6/5
f 8330/6/6 8331/6/6 8335/6/6 8334/6/6
f 8337/6/1 8340/6/1 8339/6/1 8338/6/1
f 8341/6/2 8342/6/2 8343/6/2 8344/6/2
f 8337/6/3 8338/6/3 8342/6/3 8341/6/3
f 8340/6/4 8344/6/4 8343/6/4 8339/6/4
f 8337/6/5 8341/6/5 8344/6/5 8340/6/5
f 8338/6/6 8339/6/6 8343/6/6 8342/6/6
f 8345/6/1 8348/6/1 8347/6/1 8346/6/1
f 8349/6/2 8350/6/2 8351/6/2 8352/6/2
f 8345/6/3 8346/6/3 8350/6/3 8349/6/3
f 8348/6/4 8352/6/4 8351/6/4 8347/6/4
f 8345/6/5 8349/6/5 8352/6/5 8348/6/5
f 8346/6/6 8347/6/6 8351/6/6 8350/6/6
f 8353/6/1 8356/6/1 8355/6/1 8354/6/1
f 8357/6/2 8358/6/2 8359/6/2 8360/6/2
f 8353/6/3 8354/6/3 8358/6/3 8357/6/3
f 8356/6/4 8360/6/4 8359/6/4 8355/6/4
f 8353/6/5 8357/6/5 8360/6/5 8356/6/5
f 8354/6/6 8355/6/6 8359/6/6 8358/6/6
f 8361/6/1 8364/6/1 8363/6/1 8362/6/1
f 8365/6/2 8366/6/2 8367/6/2 8368/6/2
f 8361/6/3 8362/6/3 8366/6/3 8365/6/3
f 8364/6/4 8368/6/4 8367/6/4 8363/6/4
f 8361/6/5 8365/6/5 8368/6/5 8364/6/5
f 8362/6/6 8363/6/6 8367/6/6 8366/6/6
f 8369/6/1 8372/6/1 8371/6/1 8370/6/1
f 8373/6/2 8374/6/2 8375/6/2 8376/6/2
f 8369/6/3 8370/6/3 8374/6/3 8373/6/3
f 8372/6/4 8376/6/4 8375/6/4 8371/6/4
f 8369/6/5 8373/6/5 8376/6/5 8372/6/5
f 8370/6/6 8371/6/6 8375/6/6 8374/6/6
f 8377/6/1 8380/6/1 8379/6/1 8378/6/1
f 8381/6/2 8382/6/2 8383/6/2 8384/6/2
f 8377/6/3 8378/6/3 8382/6/3 8381/6/3
f 8380/6/4 8384/6/4 8383/6/4 8379/6/4
f 8377/6/5 8381/6/5 8384/6/5 8380/6/5
f 8378/6/6 8379/6/6 8383/6/6 8382/6/6
f 8385/6/1 8388/6/1 8387/6/1 8386/6/1
f 8389/6/2 8390/6/2 8391/6/2 8392/6/2
f 8385/6/3 8386/6/3 8390/6/3 8389/6/3
f 8388/6/4 8392/6/4 8391/6/4 8387/6/4
f 8385/6/5 8389/6/5 8392/6/5 8388/6/5
f 8386/6/6 8387/6/6 8391/6/6 8390/6/6
f 8393/6/1 8396/6/1 8395/6/1 8394/6/1
f 8397/6/2 8398/6/2 8399/6/2 8400/6/2
f 8393/6/3 8394/6/3 8398/6/3 8397/6/3
f 8396/6/4 8400/6/4 8399/6/4 8395/6/4
f 8393/6/5 8397/6/5 8400/6/5 8396/6/5
f 8394/6/6 8395/6/6 8399/6/6 8398/6/6
f 8401/6/1 8404/6/1 8403/6/1 8402/6/1
f 8405/6/2 8406/6/2 8407/6/2 8408/6/2
f 8401/6/3 8402/6/3 8406/6/3 8405/6/3
f 8404/6/4 8408/6/4 8407/6/4 8403/6/4
f 8401/6/5 8405/6/5 8408/6/5 8404/6/5
f 8402/6/6 8403/6/6 8407/6/6 8406/6/6
o SHELL_ceil
usemtl palette
f 8409/19/1 8412/19/1 8411/19/1 8410/19/1
f 8413/19/2 8414/19/2 8415/19/2 8416/19/2
f 8409/19/3 8410/19/3 8414/19/3 8413/19/3
f 8412/19/4 8416/19/4 8415/19/4 8411/19/4
f 8409/19/5 8413/19/5 8416/19/5 8412/19/5
f 8410/19/6 8411/19/6 8415/19/6 8414/19/6
f 8417/30/1 8420/30/1 8419/30/1 8418/30/1
f 8421/30/2 8422/30/2 8423/30/2 8424/30/2
f 8417/30/3 8418/30/3 8422/30/3 8421/30/3
f 8420/30/4 8424/30/4 8423/30/4 8419/30/4
f 8417/30/5 8421/30/5 8424/30/5 8420/30/5
f 8418/30/6 8419/30/6 8423/30/6 8422/30/6
f 8425/30/1 8428/30/1 8427/30/1 8426/30/1
f 8429/30/2 8430/30/2 8431/30/2 8432/30/2
f 8425/30/3 8426/30/3 8430/30/3 8429/30/3
f 8428/30/4 8432/30/4 8431/30/4 8427/30/4
f 8425/30/5 8429/30/5 8432/30/5 8428/30/5
f 8426/30/6 8427/30/6 8431/30/6 8430/30/6
f 8433/30/1 8436/30/1 8435/30/1 8434/30/1
f 8437/30/2 8438/30/2 8439/30/2 8440/30/2
f 8433/30/3 8434/30/3 8438/30/3 8437/30/3
f 8436/30/4 8440/30/4 8439/30/4 8435/30/4
f 8433/30/5 8437/30/5 8440/30/5 8436/30/5
f 8434/30/6 8435/30/6 8439/30/6 8438/30/6
f 8441/30/1 8444/30/1 8443/30/1 8442/30/1
f 8445/30/2 8446/30/2 8447/30/2 8448/30/2
f 8441/30/3 8442/30/3 8446/30/3 8445/30/3
f 8444/30/4 8448/30/4 8447/30/4 8443/30/4
f 8441/30/5 8445/30/5 8448/30/5 8444/30/5
f 8442/30/6 8443/30/6 8447/30/6 8446/30/6
f 8449/30/1 8452/30/1 8451/30/1 8450/30/1
f 8453/30/2 8454/30/2 8455/30/2 8456/30/2
f 8449/30/3 8450/30/3 8454/30/3 8453/30/3
f 8452/30/4 8456/30/4 8455/30/4 8451/30/4
f 8449/30/5 8453/30/5 8456/30/5 8452/30/5
f 8450/30/6 8451/30/6 8455/30/6 8454/30/6
f 8457/19/1 8460/19/1 8459/19/1 8458/19/1
f 8461/19/2 8462/19/2 8463/19/2 8464/19/2
f 8457/19/3 8458/19/3 8462/19/3 8461/19/3
f 8460/19/4 8464/19/4 8463/19/4 8459/19/4
f 8457/19/5 8461/19/5 8464/19/5 8460/19/5
f 8458/19/6 8459/19/6 8463/19/6 8462/19/6
f 8465/30/1 8468/30/1 8467/30/1 8466/30/1
f 8469/30/2 8470/30/2 8471/30/2 8472/30/2
f 8465/30/3 8466/30/3 8470/30/3 8469/30/3
f 8468/30/4 8472/30/4 8471/30/4 8467/30/4
f 8465/30/5 8469/30/5 8472/30/5 8468/30/5
f 8466/30/6 8467/30/6 8471/30/6 8470/30/6
f 8473/30/1 8476/30/1 8475/30/1 8474/30/1
f 8477/30/2 8478/30/2 8479/30/2 8480/30/2
f 8473/30/3 8474/30/3 8478/30/3 8477/30/3
f 8476/30/4 8480/30/4 8479/30/4 8475/30/4
f 8473/30/5 8477/30/5 8480/30/5 8476/30/5
f 8474/30/6 8475/30/6 8479/30/6 8478/30/6
f 8481/30/1 8484/30/1 8483/30/1 8482/30/1
f 8485/30/2 8486/30/2 8487/30/2 8488/30/2
f 8481/30/3 8482/30/3 8486/30/3 8485/30/3
f 8484/30/4 8488/30/4 8487/30/4 8483/30/4
f 8481/30/5 8485/30/5 8488/30/5 8484/30/5
f 8482/30/6 8483/30/6 8487/30/6 8486/30/6
f 8489/30/1 8492/30/1 8491/30/1 8490/30/1
f 8493/30/2 8494/30/2 8495/30/2 8496/30/2
f 8489/30/3 8490/30/3 8494/30/3 8493/30/3
f 8492/30/4 8496/30/4 8495/30/4 8491/30/4
f 8489/30/5 8493/30/5 8496/30/5 8492/30/5
f 8490/30/6 8491/30/6 8495/30/6 8494/30/6
f 8497/50/1 8500/50/1 8499/50/1 8498/50/1
f 8501/50/2 8502/50/2 8503/50/2 8504/50/2
f 8497/50/3 8498/50/3 8502/50/3 8501/50/3
f 8500/50/4 8504/50/4 8503/50/4 8499/50/4
f 8497/50/5 8501/50/5 8504/50/5 8500/50/5
f 8498/50/6 8499/50/6 8503/50/6 8502/50/6
f 8505/19/1 8508/19/1 8507/19/1 8506/19/1
f 8509/19/2 8510/19/2 8511/19/2 8512/19/2
f 8505/19/3 8506/19/3 8510/19/3 8509/19/3
f 8508/19/4 8512/19/4 8511/19/4 8507/19/4
f 8505/19/5 8509/19/5 8512/19/5 8508/19/5
f 8506/19/6 8507/19/6 8511/19/6 8510/19/6
f 8513/30/1 8516/30/1 8515/30/1 8514/30/1
f 8517/30/2 8518/30/2 8519/30/2 8520/30/2
f 8513/30/3 8514/30/3 8518/30/3 8517/30/3
f 8516/30/4 8520/30/4 8519/30/4 8515/30/4
f 8513/30/5 8517/30/5 8520/30/5 8516/30/5
f 8514/30/6 8515/30/6 8519/30/6 8518/30/6
f 8521/30/1 8524/30/1 8523/30/1 8522/30/1
f 8525/30/2 8526/30/2 8527/30/2 8528/30/2
f 8521/30/3 8522/30/3 8526/30/3 8525/30/3
f 8524/30/4 8528/30/4 8527/30/4 8523/30/4
f 8521/30/5 8525/30/5 8528/30/5 8524/30/5
f 8522/30/6 8523/30/6 8527/30/6 8526/30/6
f 8529/30/1 8532/30/1 8531/30/1 8530/30/1
f 8533/30/2 8534/30/2 8535/30/2 8536/30/2
f 8529/30/3 8530/30/3 8534/30/3 8533/30/3
f 8532/30/4 8536/30/4 8535/30/4 8531/30/4
f 8529/30/5 8533/30/5 8536/30/5 8532/30/5
f 8530/30/6 8531/30/6 8535/30/6 8534/30/6
f 8537/30/1 8540/30/1 8539/30/1 8538/30/1
f 8541/30/2 8542/30/2 8543/30/2 8544/30/2
f 8537/30/3 8538/30/3 8542/30/3 8541/30/3
f 8540/30/4 8544/30/4 8543/30/4 8539/30/4
f 8537/30/5 8541/30/5 8544/30/5 8540/30/5
f 8538/30/6 8539/30/6 8543/30/6 8542/30/6
f 8545/30/1 8548/30/1 8547/30/1 8546/30/1
f 8549/30/2 8550/30/2 8551/30/2 8552/30/2
f 8545/30/3 8546/30/3 8550/30/3 8549/30/3
f 8548/30/4 8552/30/4 8551/30/4 8547/30/4
f 8545/30/5 8549/30/5 8552/30/5 8548/30/5
f 8546/30/6 8547/30/6 8551/30/6 8550/30/6
f 8553/19/1 8556/19/1 8555/19/1 8554/19/1
f 8557/19/2 8558/19/2 8559/19/2 8560/19/2
f 8553/19/3 8554/19/3 8558/19/3 8557/19/3
f 8556/19/4 8560/19/4 8559/19/4 8555/19/4
f 8553/19/5 8557/19/5 8560/19/5 8556/19/5
f 8554/19/6 8555/19/6 8559/19/6 8558/19/6
f 8561/30/1 8564/30/1 8563/30/1 8562/30/1
f 8565/30/2 8566/30/2 8567/30/2 8568/30/2
f 8561/30/3 8562/30/3 8566/30/3 8565/30/3
f 8564/30/4 8568/30/4 8567/30/4 8563/30/4
f 8561/30/5 8565/30/5 8568/30/5 8564/30/5
f 8562/30/6 8563/30/6 8567/30/6 8566/30/6
f 8569/30/1 8572/30/1 8571/30/1 8570/30/1
f 8573/30/2 8574/30/2 8575/30/2 8576/30/2
f 8569/30/3 8570/30/3 8574/30/3 8573/30/3
f 8572/30/4 8576/30/4 8575/30/4 8571/30/4
f 8569/30/5 8573/30/5 8576/30/5 8572/30/5
f 8570/30/6 8571/30/6 8575/30/6 8574/30/6
f 8577/30/1 8580/30/1 8579/30/1 8578/30/1
f 8581/30/2 8582/30/2 8583/30/2 8584/30/2
f 8577/30/3 8578/30/3 8582/30/3 8581/30/3
f 8580/30/4 8584/30/4 8583/30/4 8579/30/4
f 8577/30/5 8581/30/5 8584/30/5 8580/30/5
f 8578/30/6 8579/30/6 8583/30/6 8582/30/6
f 8585/30/1 8588/30/1 8587/30/1 8586/30/1
f 8589/30/2 8590/30/2 8591/30/2 8592/30/2
f 8585/30/3 8586/30/3 8590/30/3 8589/30/3
f 8588/30/4 8592/30/4 8591/30/4 8587/30/4
f 8585/30/5 8589/30/5 8592/30/5 8588/30/5
f 8586/30/6 8587/30/6 8591/30/6 8590/30/6
f 8593/19/1 8596/19/1 8595/19/1 8594/19/1
f 8597/19/2 8598/19/2 8599/19/2 8600/19/2
f 8593/19/3 8594/19/3 8598/19/3 8597/19/3
f 8596/19/4 8600/19/4 8599/19/4 8595/19/4
f 8593/19/5 8597/19/5 8600/19/5 8596/19/5
f 8594/19/6 8595/19/6 8599/19/6 8598/19/6
f 8601/30/1 8604/30/1 8603/30/1 8602/30/1
f 8605/30/2 8606/30/2 8607/30/2 8608/30/2
f 8601/30/3 8602/30/3 8606/30/3 8605/30/3
f 8604/30/4 8608/30/4 8607/30/4 8603/30/4
f 8601/30/5 8605/30/5 8608/30/5 8604/30/5
f 8602/30/6 8603/30/6 8607/30/6 8606/30/6
f 8609/30/1 8612/30/1 8611/30/1 8610/30/1
f 8613/30/2 8614/30/2 8615/30/2 8616/30/2
f 8609/30/3 8610/30/3 8614/30/3 8613/30/3
f 8612/30/4 8616/30/4 8615/30/4 8611/30/4
f 8609/30/5 8613/30/5 8616/30/5 8612/30/5
f 8610/30/6 8611/30/6 8615/30/6 8614/30/6
f 8617/30/1 8620/30/1 8619/30/1 8618/30/1
f 8621/30/2 8622/30/2 8623/30/2 8624/30/2
f 8617/30/3 8618/30/3 8622/30/3 8621/30/3
f 8620/30/4 8624/30/4 8623/30/4 8619/30/4
f 8617/30/5 8621/30/5 8624/30/5 8620/30/5
f 8618/30/6 8619/30/6 8623/30/6 8622/30/6
f 8625/30/1 8628/30/1 8627/30/1 8626/30/1
f 8629/30/2 8630/30/2 8631/30/2 8632/30/2
f 8625/30/3 8626/30/3 8630/30/3 8629/30/3
f 8628/30/4 8632/30/4 8631/30/4 8627/30/4
f 8625/30/5 8629/30/5 8632/30/5 8628/30/5
f 8626/30/6 8627/30/6 8631/30/6 8630/30/6
f 8633/50/1 8636/50/1 8635/50/1 8634/50/1
f 8637/50/2 8638/50/2 8639/50/2 8640/50/2
f 8633/50/3 8634/50/3 8638/50/3 8637/50/3
f 8636/50/4 8640/50/4 8639/50/4 8635/50/4
f 8633/50/5 8637/50/5 8640/50/5 8636/50/5
f 8634/50/6 8635/50/6 8639/50/6 8638/50/6
f 8641/30/1 8644/30/1 8643/30/1 8642/30/1
f 8645/30/2 8646/30/2 8647/30/2 8648/30/2
f 8641/30/3 8642/30/3 8646/30/3 8645/30/3
f 8644/30/4 8648/30/4 8647/30/4 8643/30/4
f 8641/30/5 8645/30/5 8648/30/5 8644/30/5
f 8642/30/6 8643/30/6 8647/30/6 8646/30/6
f 8649/19/1 8652/19/1 8651/19/1 8650/19/1
f 8653/19/2 8654/19/2 8655/19/2 8656/19/2
f 8649/19/3 8650/19/3 8654/19/3 8653/19/3
f 8652/19/4 8656/19/4 8655/19/4 8651/19/4
f 8649/19/5 8653/19/5 8656/19/5 8652/19/5
f 8650/19/6 8651/19/6 8655/19/6 8654/19/6
f 8657/30/1 8660/30/1 8659/30/1 8658/30/1
f 8661/30/2 8662/30/2 8663/30/2 8664/30/2
f 8657/30/3 8658/30/3 8662/30/3 8661/30/3
f 8660/30/4 8664/30/4 8663/30/4 8659/30/4
f 8657/30/5 8661/30/5 8664/30/5 8660/30/5
f 8658/30/6 8659/30/6 8663/30/6 8662/30/6
f 8665/30/1 8668/30/1 8667/30/1 8666/30/1
f 8669/30/2 8670/30/2 8671/30/2 8672/30/2
f 8665/30/3 8666/30/3 8670/30/3 8669/30/3
f 8668/30/4 8672/30/4 8671/30/4 8667/30/4
f 8665/30/5 8669/30/5 8672/30/5 8668/30/5
f 8666/30/6 8667/30/6 8671/30/6 8670/30/6
f 8673/30/1 8676/30/1 8675/30/1 8674/30/1
f 8677/30/2 8678/30/2 8679/30/2 8680/30/2
f 8673/30/3 8674/30/3 8678/30/3 8677/30/3
f 8676/30/4 8680/30/4 8679/30/4 8675/30/4
f 8673/30/5 8677/30/5 8680/30/5 8676/30/5
f 8674/30/6 8675/30/6 8679/30/6 8678/30/6
f 8681/30/1 8684/30/1 8683/30/1 8682/30/1
f 8685/30/2 8686/30/2 8687/30/2 8688/30/2
f 8681/30/3 8682/30/3 8686/30/3 8685/30/3
f 8684/30/4 8688/30/4 8687/30/4 8683/30/4
f 8681/30/5 8685/30/5 8688/30/5 8684/30/5
f 8682/30/6 8683/30/6 8687/30/6 8686/30/6
f 8689/19/1 8692/19/1 8691/19/1 8690/19/1
f 8693/19/2 8694/19/2 8695/19/2 8696/19/2
f 8689/19/3 8690/19/3 8694/19/3 8693/19/3
f 8692/19/4 8696/19/4 8695/19/4 8691/19/4
f 8689/19/5 8693/19/5 8696/19/5 8692/19/5
f 8690/19/6 8691/19/6 8695/19/6 8694/19/6
f 8697/30/1 8700/30/1 8699/30/1 8698/30/1
f 8701/30/2 8702/30/2 8703/30/2 8704/30/2
f 8697/30/3 8698/30/3 8702/30/3 8701/30/3
f 8700/30/4 8704/30/4 8703/30/4 8699/30/4
f 8697/30/5 8701/30/5 8704/30/5 8700/30/5
f 8698/30/6 8699/30/6 8703/30/6 8702/30/6
f 8705/30/1 8708/30/1 8707/30/1 8706/30/1
f 8709/30/2 8710/30/2 8711/30/2 8712/30/2
f 8705/30/3 8706/30/3 8710/30/3 8709/30/3
f 8708/30/4 8712/30/4 8711/30/4 8707/30/4
f 8705/30/5 8709/30/5 8712/30/5 8708/30/5
f 8706/30/6 8707/30/6 8711/30/6 8710/30/6
f 8713/30/1 8716/30/1 8715/30/1 8714/30/1
f 8717/30/2 8718/30/2 8719/30/2 8720/30/2
f 8713/30/3 8714/30/3 8718/30/3 8717/30/3
f 8716/30/4 8720/30/4 8719/30/4 8715/30/4
f 8713/30/5 8717/30/5 8720/30/5 8716/30/5
f 8714/30/6 8715/30/6 8719/30/6 8718/30/6
f 8721/30/1 8724/30/1 8723/30/1 8722/30/1
f 8725/30/2 8726/30/2 8727/30/2 8728/30/2
f 8721/30/3 8722/30/3 8726/30/3 8725/30/3
f 8724/30/4 8728/30/4 8727/30/4 8723/30/4
f 8721/30/5 8725/30/5 8728/30/5 8724/30/5
f 8722/30/6 8723/30/6 8727/30/6 8726/30/6
f 8729/30/1 8732/30/1 8731/30/1 8730/30/1
f 8733/30/2 8734/30/2 8735/30/2 8736/30/2
f 8729/30/3 8730/30/3 8734/30/3 8733/30/3
f 8732/30/4 8736/30/4 8735/30/4 8731/30/4
f 8729/30/5 8733/30/5 8736/30/5 8732/30/5
f 8730/30/6 8731/30/6 8735/30/6 8734/30/6
f 8737/19/1 8740/19/1 8739/19/1 8738/19/1
f 8741/19/2 8742/19/2 8743/19/2 8744/19/2
f 8737/19/3 8738/19/3 8742/19/3 8741/19/3
f 8740/19/4 8744/19/4 8743/19/4 8739/19/4
f 8737/19/5 8741/19/5 8744/19/5 8740/19/5
f 8738/19/6 8739/19/6 8743/19/6 8742/19/6
f 8745/30/1 8748/30/1 8747/30/1 8746/30/1
f 8749/30/2 8750/30/2 8751/30/2 8752/30/2
f 8745/30/3 8746/30/3 8750/30/3 8749/30/3
f 8748/30/4 8752/30/4 8751/30/4 8747/30/4
f 8745/30/5 8749/30/5 8752/30/5 8748/30/5
f 8746/30/6 8747/30/6 8751/30/6 8750/30/6
f 8753/30/1 8756/30/1 8755/30/1 8754/30/1
f 8757/30/2 8758/30/2 8759/30/2 8760/30/2
f 8753/30/3 8754/30/3 8758/30/3 8757/30/3
f 8756/30/4 8760/30/4 8759/30/4 8755/30/4
f 8753/30/5 8757/30/5 8760/30/5 8756/30/5
f 8754/30/6 8755/30/6 8759/30/6 8758/30/6
f 8761/30/1 8764/30/1 8763/30/1 8762/30/1
f 8765/30/2 8766/30/2 8767/30/2 8768/30/2
f 8761/30/3 8762/30/3 8766/30/3 8765/30/3
f 8764/30/4 8768/30/4 8767/30/4 8763/30/4
f 8761/30/5 8765/30/5 8768/30/5 8764/30/5
f 8762/30/6 8763/30/6 8767/30/6 8766/30/6
f 8769/30/1 8772/30/1 8771/30/1 8770/30/1
f 8773/30/2 8774/30/2 8775/30/2 8776/30/2
f 8769/30/3 8770/30/3 8774/30/3 8773/30/3
f 8772/30/4 8776/30/4 8775/30/4 8771/30/4
f 8769/30/5 8773/30/5 8776/30/5 8772/30/5
f 8770/30/6 8771/30/6 8775/30/6 8774/30/6
f 8777/50/1 8780/50/1 8779/50/1 8778/50/1
f 8781/50/2 8782/50/2 8783/50/2 8784/50/2
f 8777/50/3 8778/50/3 8782/50/3 8781/50/3
f 8780/50/4 8784/50/4 8783/50/4 8779/50/4
f 8777/50/5 8781/50/5 8784/50/5 8780/50/5
f 8778/50/6 8779/50/6 8783/50/6 8782/50/6
f 8785/19/1 8788/19/1 8787/19/1 8786/19/1
f 8789/19/2 8790/19/2 8791/19/2 8792/19/2
f 8785/19/3 8786/19/3 8790/19/3 8789/19/3
f 8788/19/4 8792/19/4 8791/19/4 8787/19/4
f 8785/19/5 8789/19/5 8792/19/5 8788/19/5
f 8786/19/6 8787/19/6 8791/19/6 8790/19/6
f 8793/30/1 8796/30/1 8795/30/1 8794/30/1
f 8797/30/2 8798/30/2 8799/30/2 8800/30/2
f 8793/30/3 8794/30/3 8798/30/3 8797/30/3
f 8796/30/4 8800/30/4 8799/30/4 8795/30/4
f 8793/30/5 8797/30/5 8800/30/5 8796/30/5
f 8794/30/6 8795/30/6 8799/30/6 8798/30/6
f 8801/30/1 8804/30/1 8803/30/1 8802/30/1
f 8805/30/2 8806/30/2 8807/30/2 8808/30/2
f 8801/30/3 8802/30/3 8806/30/3 8805/30/3
f 8804/30/4 8808/30/4 8807/30/4 8803/30/4
f 8801/30/5 8805/30/5 8808/30/5 8804/30/5
f 8802/30/6 8803/30/6 8807/30/6 8806/30/6
f 8809/30/1 8812/30/1 8811/30/1 8810/30/1
f 8813/30/2 8814/30/2 8815/30/2 8816/30/2
f 8809/30/3 8810/30/3 8814/30/3 8813/30/3
f 8812/30/4 8816/30/4 8815/30/4 8811/30/4
f 8809/30/5 8813/30/5 8816/30/5 8812/30/5
f 8810/30/6 8811/30/6 8815/30/6 8814/30/6
f 8817/30/1 8820/30/1 8819/30/1 8818/30/1
f 8821/30/2 8822/30/2 8823/30/2 8824/30/2
f 8817/30/3 8818/30/3 8822/30/3 8821/30/3
f 8820/30/4 8824/30/4 8823/30/4 8819/30/4
f 8817/30/5 8821/30/5 8824/30/5 8820/30/5
f 8818/30/6 8819/30/6 8823/30/6 8822/30/6
f 8825/30/1 8828/30/1 8827/30/1 8826/30/1
f 8829/30/2 8830/30/2 8831/30/2 8832/30/2
f 8825/30/3 8826/30/3 8830/30/3 8829/30/3
f 8828/30/4 8832/30/4 8831/30/4 8827/30/4
f 8825/30/5 8829/30/5 8832/30/5 8828/30/5
f 8826/30/6 8827/30/6 8831/30/6 8830/30/6
o SHELL_map
usemtl palette
f 8833/23/1 8836/23/1 8835/23/1 8834/23/1
f 8837/23/2 8838/23/2 8839/23/2 8840/23/2
f 8833/23/3 8834/23/3 8838/23/3 8837/23/3
f 8836/23/4 8840/23/4 8839/23/4 8835/23/4
f 8833/23/5 8837/23/5 8840/23/5 8836/23/5
f 8834/23/6 8835/23/6 8839/23/6 8838/23/6
f 8841/24/1 8844/24/1 8843/24/1 8842/24/1
f 8845/24/2 8846/24/2 8847/24/2 8848/24/2
f 8841/24/3 8842/24/3 8846/24/3 8845/24/3
f 8844/24/4 8848/24/4 8847/24/4 8843/24/4
f 8841/24/5 8845/24/5 8848/24/5 8844/24/5
f 8842/24/6 8843/24/6 8847/24/6 8846/24/6
f 8849/38/1 8852/38/1 8851/38/1 8850/38/1
f 8853/38/2 8854/38/2 8855/38/2 8856/38/2
f 8849/38/3 8850/38/3 8854/38/3 8853/38/3
f 8852/38/4 8856/38/4 8855/38/4 8851/38/4
f 8849/38/5 8853/38/5 8856/38/5 8852/38/5
f 8850/38/6 8851/38/6 8855/38/6 8854/38/6
f 8857/51/1 8860/51/1 8859/51/1 8858/51/1
f 8861/51/2 8862/51/2 8863/51/2 8864/51/2
f 8857/51/3 8858/51/3 8862/51/3 8861/51/3
f 8860/51/4 8864/51/4 8863/51/4 8859/51/4
f 8857/51/5 8861/51/5 8864/51/5 8860/51/5
f 8858/51/6 8859/51/6 8863/51/6 8862/51/6
f 8865/51/1 8868/51/1 8867/51/1 8866/51/1
f 8869/51/2 8870/51/2 8871/51/2 8872/51/2
f 8865/51/3 8866/51/3 8870/51/3 8869/51/3
f 8868/51/4 8872/51/4 8871/51/4 8867/51/4
f 8865/51/5 8869/51/5 8872/51/5 8868/51/5
f 8866/51/6 8867/51/6 8871/51/6 8870/51/6
f 8873/38/1 8876/38/1 8875/38/1 8874/38/1
f 8877/38/2 8878/38/2 8879/38/2 8880/38/2
f 8873/38/3 8874/38/3 8878/38/3 8877/38/3
f 8876/38/4 8880/38/4 8879/38/4 8875/38/4
f 8873/38/5 8877/38/5 8880/38/5 8876/38/5
f 8874/38/6 8875/38/6 8879/38/6 8878/38/6
f 8881/51/1 8884/51/1 8883/51/1 8882/51/1
f 8885/51/2 8886/51/2 8887/51/2 8888/51/2
f 8881/51/3 8882/51/3 8886/51/3 8885/51/3
f 8884/51/4 8888/51/4 8887/51/4 8883/51/4
f 8881/51/5 8885/51/5 8888/51/5 8884/51/5
f 8882/51/6 8883/51/6 8887/51/6 8886/51/6
f 8889/51/1 8892/51/1 8891/51/1 8890/51/1
f 8893/51/2 8894/51/2 8895/51/2 8896/51/2
f 8889/51/3 8890/51/3 8894/51/3 8893/51/3
f 8892/51/4 8896/51/4 8895/51/4 8891/51/4
f 8889/51/5 8893/51/5 8896/51/5 8892/51/5
f 8890/51/6 8891/51/6 8895/51/6 8894/51/6
f 8897/38/1 8900/38/1 8899/38/1 8898/38/1
f 8901/38/2 8902/38/2 8903/38/2 8904/38/2
f 8897/38/3 8898/38/3 8902/38/3 8901/38/3
f 8900/38/4 8904/38/4 8903/38/4 8899/38/4
f 8897/38/5 8901/38/5 8904/38/5 8900/38/5
f 8898/38/6 8899/38/6 8903/38/6 8902/38/6
f 8905/23/1 8908/23/1 8907/23/1 8906/23/1
f 8909/23/2 8910/23/2 8911/23/2 8912/23/2
f 8905/23/3 8906/23/3 8910/23/3 8909/23/3
f 8908/23/4 8912/23/4 8911/23/4 8907/23/4
f 8905/23/5 8909/23/5 8912/23/5 8908/23/5
f 8906/23/6 8907/23/6 8911/23/6 8910/23/6
f 8913/24/1 8916/24/1 8915/24/1 8914/24/1
f 8917/24/2 8918/24/2 8919/24/2 8920/24/2
f 8913/24/3 8914/24/3 8918/24/3 8917/24/3
f 8916/24/4 8920/24/4 8919/24/4 8915/24/4
f 8913/24/5 8917/24/5 8920/24/5 8916/24/5
f 8914/24/6 8915/24/6 8919/24/6 8918/24/6
f 8921/38/1 8924/38/1 8923/38/1 8922/38/1
f 8925/38/2 8926/38/2 8927/38/2 8928/38/2
f 8921/38/3 8922/38/3 8926/38/3 8925/38/3
f 8924/38/4 8928/38/4 8927/38/4 8923/38/4
f 8921/38/5 8925/38/5 8928/38/5 8924/38/5
f 8922/38/6 8923/38/6 8927/38/6 8926/38/6
f 8929/51/1 8932/51/1 8931/51/1 8930/51/1
f 8933/51/2 8934/51/2 8935/51/2 8936/51/2
f 8929/51/3 8930/51/3 8934/51/3 8933/51/3
f 8932/51/4 8936/51/4 8935/51/4 8931/51/4
f 8929/51/5 8933/51/5 8936/51/5 8932/51/5
f 8930/51/6 8931/51/6 8935/51/6 8934/51/6
f 8937/51/1 8940/51/1 8939/51/1 8938/51/1
f 8941/51/2 8942/51/2 8943/51/2 8944/51/2
f 8937/51/3 8938/51/3 8942/51/3 8941/51/3
f 8940/51/4 8944/51/4 8943/51/4 8939/51/4
f 8937/51/5 8941/51/5 8944/51/5 8940/51/5
f 8938/51/6 8939/51/6 8943/51/6 8942/51/6
f 8945/38/1 8948/38/1 8947/38/1 8946/38/1
f 8949/38/2 8950/38/2 8951/38/2 8952/38/2
f 8945/38/3 8946/38/3 8950/38/3 8949/38/3
f 8948/38/4 8952/38/4 8951/38/4 8947/38/4
f 8945/38/5 8949/38/5 8952/38/5 8948/38/5
f 8946/38/6 8947/38/6 8951/38/6 8950/38/6
f 8953/51/1 8956/51/1 8955/51/1 8954/51/1
f 8957/51/2 8958/51/2 8959/51/2 8960/51/2
f 8953/51/3 8954/51/3 8958/51/3 8957/51/3
f 8956/51/4 8960/51/4 8959/51/4 8955/51/4
f 8953/51/5 8957/51/5 8960/51/5 8956/51/5
f 8954/51/6 8955/51/6 8959/51/6 8958/51/6
f 8961/51/1 8964/51/1 8963/51/1 8962/51/1
f 8965/51/2 8966/51/2 8967/51/2 8968/51/2
f 8961/51/3 8962/51/3 8966/51/3 8965/51/3
f 8964/51/4 8968/51/4 8967/51/4 8963/51/4
f 8961/51/5 8965/51/5 8968/51/5 8964/51/5
f 8962/51/6 8963/51/6 8967/51/6 8966/51/6
f 8969/38/1 8972/38/1 8971/38/1 8970/38/1
f 8973/38/2 8974/38/2 8975/38/2 8976/38/2
f 8969/38/3 8970/38/3 8974/38/3 8973/38/3
f 8972/38/4 8976/38/4 8975/38/4 8971/38/4
f 8969/38/5 8973/38/5 8976/38/5 8972/38/5
f 8970/38/6 8971/38/6 8975/38/6 8974/38/6
f 8977/23/1 8980/23/1 8979/23/1 8978/23/1
f 8981/23/2 8982/23/2 8983/23/2 8984/23/2
f 8977/23/3 8978/23/3 8982/23/3 8981/23/3
f 8980/23/4 8984/23/4 8983/23/4 8979/23/4
f 8977/23/5 8981/23/5 8984/23/5 8980/23/5
f 8978/23/6 8979/23/6 8983/23/6 8982/23/6
f 8985/24/1 8988/24/1 8987/24/1 8986/24/1
f 8989/24/2 8990/24/2 8991/24/2 8992/24/2
f 8985/24/3 8986/24/3 8990/24/3 8989/24/3
f 8988/24/4 8992/24/4 8991/24/4 8987/24/4
f 8985/24/5 8989/24/5 8992/24/5 8988/24/5
f 8986/24/6 8987/24/6 8991/24/6 8990/24/6
f 8993/38/1 8996/38/1 8995/38/1 8994/38/1
f 8997/38/2 8998/38/2 8999/38/2 9000/38/2
f 8993/38/3 8994/38/3 8998/38/3 8997/38/3
f 8996/38/4 9000/38/4 8999/38/4 8995/38/4
f 8993/38/5 8997/38/5 9000/38/5 8996/38/5
f 8994/38/6 8995/38/6 8999/38/6 8998/38/6
f 9001/51/1 9004/51/1 9003/51/1 9002/51/1
f 9005/51/2 9006/51/2 9007/51/2 9008/51/2
f 9001/51/3 9002/51/3 9006/51/3 9005/51/3
f 9004/51/4 9008/51/4 9007/51/4 9003/51/4
f 9001/51/5 9005/51/5 9008/51/5 9004/51/5
f 9002/51/6 9003/51/6 9007/51/6 9006/51/6
f 9009/51/1 9012/51/1 9011/51/1 9010/51/1
f 9013/51/2 9014/51/2 9015/51/2 9016/51/2
f 9009/51/3 9010/51/3 9014/51/3 9013/51/3
f 9012/51/4 9016/51/4 9015/51/4 9011/51/4
f 9009/51/5 9013/51/5 9016/51/5 9012/51/5
f 9010/51/6 9011/51/6 9015/51/6 9014/51/6
f 9017/38/1 9020/38/1 9019/38/1 9018/38/1
f 9021/38/2 9022/38/2 9023/38/2 9024/38/2
f 9017/38/3 9018/38/3 9022/38/3 9021/38/3
f 9020/38/4 9024/38/4 9023/38/4 9019/38/4
f 9017/38/5 9021/38/5 9024/38/5 9020/38/5
f 9018/38/6 9019/38/6 9023/38/6 9022/38/6
f 9025/51/1 9028/51/1 9027/51/1 9026/51/1
f 9029/51/2 9030/51/2 9031/51/2 9032/51/2
f 9025/51/3 9026/51/3 9030/51/3 9029/51/3
f 9028/51/4 9032/51/4 9031/51/4 9027/51/4
f 9025/51/5 9029/51/5 9032/51/5 9028/51/5
f 9026/51/6 9027/51/6 9031/51/6 9030/51/6
f 9033/51/1 9036/51/1 9035/51/1 9034/51/1
f 9037/51/2 9038/51/2 9039/51/2 9040/51/2
f 9033/51/3 9034/51/3 9038/51/3 9037/51/3
f 9036/51/4 9040/51/4 9039/51/4 9035/51/4
f 9033/51/5 9037/51/5 9040/51/5 9036/51/5
f 9034/51/6 9035/51/6 9039/51/6 9038/51/6
f 9041/38/1 9044/38/1 9043/38/1 9042/38/1
f 9045/38/2 9046/38/2 9047/38/2 9048/38/2
f 9041/38/3 9042/38/3 9046/38/3 9045/38/3
f 9044/38/4 9048/38/4 9047/38/4 9043/38/4
f 9041/38/5 9045/38/5 9048/38/5 9044/38/5
f 9042/38/6 9043/38/6 9047/38/6 9046/38/6
f 9049/23/1 9052/23/1 9051/23/1 9050/23/1
f 9053/23/2 9054/23/2 9055/23/2 9056/23/2
f 9049/23/3 9050/23/3 9054/23/3 9053/23/3
f 9052/23/4 9056/23/4 9055/23/4 9051/23/4
f 9049/23/5 9053/23/5 9056/23/5 9052/23/5
f 9050/23/6 9051/23/6 9055/23/6 9054/23/6
f 9057/24/1 9060/24/1 9059/24/1 9058/24/1
f 9061/24/2 9062/24/2 9063/24/2 9064/24/2
f 9057/24/3 9058/24/3 9062/24/3 9061/24/3
f 9060/24/4 9064/24/4 9063/24/4 9059/24/4
f 9057/24/5 9061/24/5 9064/24/5 9060/24/5
f 9058/24/6 9059/24/6 9063/24/6 9062/24/6
f 9065/38/1 9068/38/1 9067/38/1 9066/38/1
f 9069/38/2 9070/38/2 9071/38/2 9072/38/2
f 9065/38/3 9066/38/3 9070/38/3 9069/38/3
f 9068/38/4 9072/38/4 9071/38/4 9067/38/4
f 9065/38/5 9069/38/5 9072/38/5 9068/38/5
f 9066/38/6 9067/38/6 9071/38/6 9070/38/6
f 9073/51/1 9076/51/1 9075/51/1 9074/51/1
f 9077/51/2 9078/51/2 9079/51/2 9080/51/2
f 9073/51/3 9074/51/3 9078/51/3 9077/51/3
f 9076/51/4 9080/51/4 9079/51/4 9075/51/4
f 9073/51/5 9077/51/5 9080/51/5 9076/51/5
f 9074/51/6 9075/51/6 9079/51/6 9078/51/6
f 9081/51/1 9084/51/1 9083/51/1 9082/51/1
f 9085/51/2 9086/51/2 9087/51/2 9088/51/2
f 9081/51/3 9082/51/3 9086/51/3 9085/51/3
f 9084/51/4 9088/51/4 9087/51/4 9083/51/4
f 9081/51/5 9085/51/5 9088/51/5 9084/51/5
f 9082/51/6 9083/51/6 9087/51/6 9086/51/6
f 9089/38/1 9092/38/1 9091/38/1 9090/38/1
f 9093/38/2 9094/38/2 9095/38/2 9096/38/2
f 9089/38/3 9090/38/3 9094/38/3 9093/38/3
f 9092/38/4 9096/38/4 9095/38/4 9091/38/4
f 9089/38/5 9093/38/5 9096/38/5 9092/38/5
f 9090/38/6 9091/38/6 9095/38/6 9094/38/6
f 9097/51/1 9100/51/1 9099/51/1 9098/51/1
f 9101/51/2 9102/51/2 9103/51/2 9104/51/2
f 9097/51/3 9098/51/3 9102/51/3 9101/51/3
f 9100/51/4 9104/51/4 9103/51/4 9099/51/4
f 9097/51/5 9101/51/5 9104/51/5 9100/51/5
f 9098/51/6 9099/51/6 9103/51/6 9102/51/6
f 9105/51/1 9108/51/1 9107/51/1 9106/51/1
f 9109/51/2 9110/51/2 9111/51/2 9112/51/2
f 9105/51/3 9106/51/3 9110/51/3 9109/51/3
f 9108/51/4 9112/51/4 9111/51/4 9107/51/4
f 9105/51/5 9109/51/5 9112/51/5 9108/51/5
f 9106/51/6 9107/51/6 9111/51/6 9110/51/6
f 9113/38/1 9116/38/1 9115/38/1 9114/38/1
f 9117/38/2 9118/38/2 9119/38/2 9120/38/2
f 9113/38/3 9114/38/3 9118/38/3 9117/38/3
f 9116/38/4 9120/38/4 9119/38/4 9115/38/4
f 9113/38/5 9117/38/5 9120/38/5 9116/38/5
f 9114/38/6 9115/38/6 9119/38/6 9118/38/6
f 9121/23/1 9124/23/1 9123/23/1 9122/23/1
f 9125/23/2 9126/23/2 9127/23/2 9128/23/2
f 9121/23/3 9122/23/3 9126/23/3 9125/23/3
f 9124/23/4 9128/23/4 9127/23/4 9123/23/4
f 9121/23/5 9125/23/5 9128/23/5 9124/23/5
f 9122/23/6 9123/23/6 9127/23/6 9126/23/6
f 9129/24/1 9132/24/1 9131/24/1 9130/24/1
f 9133/24/2 9134/24/2 9135/24/2 9136/24/2
f 9129/24/3 9130/24/3 9134/24/3 9133/24/3
f 9132/24/4 9136/24/4 9135/24/4 9131/24/4
f 9129/24/5 9133/24/5 9136/24/5 9132/24/5
f 9130/24/6 9131/24/6 9135/24/6 9134/24/6
f 9137/38/1 9140/38/1 9139/38/1 9138/38/1
f 9141/38/2 9142/38/2 9143/38/2 9144/38/2
f 9137/38/3 9138/38/3 9142/38/3 9141/38/3
f 9140/38/4 9144/38/4 9143/38/4 9139/38/4
f 9137/38/5 9141/38/5 9144/38/5 9140/38/5
f 9138/38/6 9139/38/6 9143/38/6 9142/38/6
f 9145/51/1 9148/51/1 9147/51/1 9146/51/1
f 9149/51/2 9150/51/2 9151/51/2 9152/51/2
f 9145/51/3 9146/51/3 9150/51/3 9149/51/3
f 9148/51/4 9152/51/4 9151/51/4 9147/51/4
f 9145/51/5 9149/51/5 9152/51/5 9148/51/5
f 9146/51/6 9147/51/6 9151/51/6 9150/51/6
f 9153/51/1 9156/51/1 9155/51/1 9154/51/1
f 9157/51/2 9158/51/2 9159/51/2 9160/51/2
f 9153/51/3 9154/51/3 9158/51/3 9157/51/3
f 9156/51/4 9160/51/4 9159/51/4 9155/51/4
f 9153/51/5 9157/51/5 9160/51/5 9156/51/5
f 9154/51/6 9155/51/6 9159/51/6 9158/51/6
f 9161/38/1 9164/38/1 9163/38/1 9162/38/1
f 9165/38/2 9166/38/2 9167/38/2 9168/38/2
f 9161/38/3 9162/38/3 9166/38/3 9165/38/3
f 9164/38/4 9168/38/4 9167/38/4 9163/38/4
f 9161/38/5 9165/38/5 9168/38/5 9164/38/5
f 9162/38/6 9163/38/6 9167/38/6 9166/38/6
f 9169/51/1 9172/51/1 9171/51/1 9170/51/1
f 9173/51/2 9174/51/2 9175/51/2 9176/51/2
f 9169/51/3 9170/51/3 9174/51/3 9173/51/3
f 9172/51/4 9176/51/4 9175/51/4 9171/51/4
f 9169/51/5 9173/51/5 9176/51/5 9172/51/5
f 9170/51/6 9171/51/6 9175/51/6 9174/51/6
f 9177/51/1 9180/51/1 9179/51/1 9178/51/1
f 9181/51/2 9182/51/2 9183/51/2 9184/51/2
f 9177/51/3 9178/51/3 9182/51/3 9181/51/3
f 9180/51/4 9184/51/4 9183/51/4 9179/51/4
f 9177/51/5 9181/51/5 9184/51/5 9180/51/5
f 9178/51/6 9179/51/6 9183/51/6 9182/51/6
f 9185/38/1 9188/38/1 9187/38/1 9186/38/1
f 9189/38/2 9190/38/2 9191/38/2 9192/38/2
f 9185/38/3 9186/38/3 9190/38/3 9189/38/3
f 9188/38/4 9192/38/4 9191/38/4 9187/38/4
f 9185/38/5 9189/38/5 9192/38/5 9188/38/5
f 9186/38/6 9187/38/6 9191/38/6 9190/38/6
f 9193/23/1 9196/23/1 9195/23/1 9194/23/1
f 9197/23/2 9198/23/2 9199/23/2 9200/23/2
f 9193/23/3 9194/23/3 9198/23/3 9197/23/3
f 9196/23/4 9200/23/4 9199/23/4 9195/23/4
f 9193/23/5 9197/23/5 9200/23/5 9196/23/5
f 9194/23/6 9195/23/6 9199/23/6 9198/23/6
f 9201/24/1 9204/24/1 9203/24/1 9202/24/1
f 9205/24/2 9206/24/2 9207/24/2 9208/24/2
f 9201/24/3 9202/24/3 9206/24/3 9205/24/3
f 9204/24/4 9208/24/4 9207/24/4 9203/24/4
f 9201/24/5 9205/24/5 9208/24/5 9204/24/5
f 9202/24/6 9203/24/6 9207/24/6 9206/24/6
f 9209/38/1 9212/38/1 9211/38/1 9210/38/1
f 9213/38/2 9214/38/2 9215/38/2 9216/38/2
f 9209/38/3 9210/38/3 9214/38/3 9213/38/3
f 9212/38/4 9216/38/4 9215/38/4 9211/38/4
f 9209/38/5 9213/38/5 9216/38/5 9212/38/5
f 9210/38/6 9211/38/6 9215/38/6 9214/38/6
f 9217/51/1 9220/51/1 9219/51/1 9218/51/1
f 9221/51/2 9222/51/2 9223/51/2 9224/51/2
f 9217/51/3 9218/51/3 9222/51/3 9221/51/3
f 9220/51/4 9224/51/4 9223/51/4 9219/51/4
f 9217/51/5 9221/51/5 9224/51/5 9220/51/5
f 9218/51/6 9219/51/6 9223/51/6 9222/51/6
f 9225/51/1 9228/51/1 9227/51/1 9226/51/1
f 9229/51/2 9230/51/2 9231/51/2 9232/51/2
f 9225/51/3 9226/51/3 9230/51/3 9229/51/3
f 9228/51/4 9232/51/4 9231/51/4 9227/51/4
f 9225/51/5 9229/51/5 9232/51/5 9228/51/5
f 9226/51/6 9227/51/6 9231/51/6 9230/51/6
f 9233/38/1 9236/38/1 9235/38/1 9234/38/1
f 9237/38/2 9238/38/2 9239/38/2 9240/38/2
f 9233/38/3 9234/38/3 9238/38/3 9237/38/3
f 9236/38/4 9240/38/4 9239/38/4 9235/38/4
f 9233/38/5 9237/38/5 9240/38/5 9236/38/5
f 9234/38/6 9235/38/6 9239/38/6 9238/38/6
f 9241/51/1 9244/51/1 9243/51/1 9242/51/1
f 9245/51/2 9246/51/2 9247/51/2 9248/51/2
f 9241/51/3 9242/51/3 9246/51/3 9245/51/3
f 9244/51/4 9248/51/4 9247/51/4 9243/51/4
f 9241/51/5 9245/51/5 9248/51/5 9244/51/5
f 9242/51/6 9243/51/6 9247/51/6 9246/51/6
f 9249/51/1 9252/51/1 9251/51/1 9250/51/1
f 9253/51/2 9254/51/2 9255/51/2 9256/51/2
f 9249/51/3 9250/51/3 9254/51/3 9253/51/3
f 9252/51/4 9256/51/4 9255/51/4 9251/51/4
f 9249/51/5 9253/51/5 9256/51/5 9252/51/5
f 9250/51/6 9251/51/6 9255/51/6 9254/51/6
f 9257/38/1 9260/38/1 9259/38/1 9258/38/1
f 9261/38/2 9262/38/2 9263/38/2 9264/38/2
f 9257/38/3 9258/38/3 9262/38/3 9261/38/3
f 9260/38/4 9264/38/4 9263/38/4 9259/38/4
f 9257/38/5 9261/38/5 9264/38/5 9260/38/5
f 9258/38/6 9259/38/6 9263/38/6 9262/38/6
f 9265/23/1 9268/23/1 9267/23/1 9266/23/1
f 9269/23/2 9270/23/2 9271/23/2 9272/23/2
f 9265/23/3 9266/23/3 9270/23/3 9269/23/3
f 9268/23/4 9272/23/4 9271/23/4 9267/23/4
f 9265/23/5 9269/23/5 9272/23/5 9268/23/5
f 9266/23/6 9267/23/6 9271/23/6 9270/23/6
f 9273/24/1 9276/24/1 9275/24/1 9274/24/1
f 9277/24/2 9278/24/2 9279/24/2 9280/24/2
f 9273/24/3 9274/24/3 9278/24/3 9277/24/3
f 9276/24/4 9280/24/4 9279/24/4 9275/24/4
f 9273/24/5 9277/24/5 9280/24/5 9276/24/5
f 9274/24/6 9275/24/6 9279/24/6 9278/24/6
f 9281/38/1 9284/38/1 9283/38/1 9282/38/1
f 9285/38/2 9286/38/2 9287/38/2 9288/38/2
f 9281/38/3 9282/38/3 9286/38/3 9285/38/3
f 9284/38/4 9288/38/4 9287/38/4 9283/38/4
f 9281/38/5 9285/38/5 9288/38/5 9284/38/5
f 9282/38/6 9283/38/6 9287/38/6 9286/38/6
f 9289/51/1 9292/51/1 9291/51/1 9290/51/1
f 9293/51/2 9294/51/2 9295/51/2 9296/51/2
f 9289/51/3 9290/51/3 9294/51/3 9293/51/3
f 9292/51/4 9296/51/4 9295/51/4 9291/51/4
f 9289/51/5 9293/51/5 9296/51/5 9292/51/5
f 9290/51/6 9291/51/6 9295/51/6 9294/51/6
f 9297/51/1 9300/51/1 9299/51/1 9298/51/1
f 9301/51/2 9302/51/2 9303/51/2 9304/51/2
f 9297/51/3 9298/51/3 9302/51/3 9301/51/3
f 9300/51/4 9304/51/4 9303/51/4 9299/51/4
f 9297/51/5 9301/51/5 9304/51/5 9300/51/5
f 9298/51/6 9299/51/6 9303/51/6 9302/51/6
f 9305/38/1 9308/38/1 9307/38/1 9306/38/1
f 9309/38/2 9310/38/2 9311/38/2 9312/38/2
f 9305/38/3 9306/38/3 9310/38/3 9309/38/3
f 9308/38/4 9312/38/4 9311/38/4 9307/38/4
f 9305/38/5 9309/38/5 9312/38/5 9308/38/5
f 9306/38/6 9307/38/6 9311/38/6 9310/38/6
f 9313/51/1 9316/51/1 9315/51/1 9314/51/1
f 9317/51/2 9318/51/2 9319/51/2 9320/51/2
f 9313/51/3 9314/51/3 9318/51/3 9317/51/3
f 9316/51/4 9320/51/4 9319/51/4 9315/51/4
f 9313/51/5 9317/51/5 9320/51/5 9316/51/5
f 9314/51/6 9315/51/6 9319/51/6 9318/51/6
f 9321/51/1 9324/51/1 9323/51/1 9322/51/1
f 9325/51/2 9326/51/2 9327/51/2 9328/51/2
f 9321/51/3 9322/51/3 9326/51/3 9325/51/3
f 9324/51/4 9328/51/4 9327/51/4 9323/51/4
f 9321/51/5 9325/51/5 9328/51/5 9324/51/5
f 9322/51/6 9323/51/6 9327/51/6 9326/51/6
f 9329/38/1 9332/38/1 9331/38/1 9330/38/1
f 9333/38/2 9334/38/2 9335/38/2 9336/38/2
f 9329/38/3 9330/38/3 9334/38/3 9333/38/3
f 9332/38/4 9336/38/4 9335/38/4 9331/38/4
f 9329/38/5 9333/38/5 9336/38/5 9332/38/5
f 9330/38/6 9331/38/6 9335/38/6 9334/38/6
f 9337/23/1 9340/23/1 9339/23/1 9338/23/1
f 9341/23/2 9342/23/2 9343/23/2 9344/23/2
f 9337/23/3 9338/23/3 9342/23/3 9341/23/3
f 9340/23/4 9344/23/4 9343/23/4 9339/23/4
f 9337/23/5 9341/23/5 9344/23/5 9340/23/5
f 9338/23/6 9339/23/6 9343/23/6 9342/23/6
f 9345/24/1 9348/24/1 9347/24/1 9346/24/1
f 9349/24/2 9350/24/2 9351/24/2 9352/24/2
f 9345/24/3 9346/24/3 9350/24/3 9349/24/3
f 9348/24/4 9352/24/4 9351/24/4 9347/24/4
f 9345/24/5 9349/24/5 9352/24/5 9348/24/5
f 9346/24/6 9347/24/6 9351/24/6 9350/24/6
f 9353/38/1 9356/38/1 9355/38/1 9354/38/1
f 9357/38/2 9358/38/2 9359/38/2 9360/38/2
f 9353/38/3 9354/38/3 9358/38/3 9357/38/3
f 9356/38/4 9360/38/4 9359/38/4 9355/38/4
f 9353/38/5 9357/38/5 9360/38/5 9356/38/5
f 9354/38/6 9355/38/6 9359/38/6 9358/38/6
f 9361/51/1 9364/51/1 9363/51/1 9362/51/1
f 9365/51/2 9366/51/2 9367/51/2 9368/51/2
f 9361/51/3 9362/51/3 9366/51/3 9365/51/3
f 9364/51/4 9368/51/4 9367/51/4 9363/51/4
f 9361/51/5 9365/51/5 9368/51/5 9364/51/5
f 9362/51/6 9363/51/6 9367/51/6 9366/51/6
f 9369/51/1 9372/51/1 9371/51/1 9370/51/1
f 9373/51/2 9374/51/2 9375/51/2 9376/51/2
f 9369/51/3 9370/51/3 9374/51/3 9373/51/3
f 9372/51/4 9376/51/4 9375/51/4 9371/51/4
f 9369/51/5 9373/51/5 9376/51/5 9372/51/5
f 9370/51/6 9371/51/6 9375/51/6 9374/51/6
f 9377/38/1 9380/38/1 9379/38/1 9378/38/1
f 9381/38/2 9382/38/2 9383/38/2 9384/38/2
f 9377/38/3 9378/38/3 9382/38/3 9381/38/3
f 9380/38/4 9384/38/4 9383/38/4 9379/38/4
f 9377/38/5 9381/38/5 9384/38/5 9380/38/5
f 9378/38/6 9379/38/6 9383/38/6 9382/38/6
f 9385/51/1 9388/51/1 9387/51/1 9386/51/1
f 9389/51/2 9390/51/2 9391/51/2 9392/51/2
f 9385/51/3 9386/51/3 9390/51/3 9389/51/3
f 9388/51/4 9392/51/4 9391/51/4 9387/51/4
f 9385/51/5 9389/51/5 9392/51/5 9388/51/5
f 9386/51/6 9387/51/6 9391/51/6 9390/51/6
f 9393/51/1 9396/51/1 9395/51/1 9394/51/1
f 9397/51/2 9398/51/2 9399/51/2 9400/51/2
f 9393/51/3 9394/51/3 9398/51/3 9397/51/3
f 9396/51/4 9400/51/4 9399/51/4 9395/51/4
f 9393/51/5 9397/51/5 9400/51/5 9396/51/5
f 9394/51/6 9395/51/6 9399/51/6 9398/51/6
f 9401/38/1 9404/38/1 9403/38/1 9402/38/1
f 9405/38/2 9406/38/2 9407/38/2 9408/38/2
f 9401/38/3 9402/38/3 9406/38/3 9405/38/3
f 9404/38/4 9408/38/4 9407/38/4 9403/38/4
f 9401/38/5 9405/38/5 9408/38/5 9404/38/5
f 9402/38/6 9403/38/6 9407/38/6 9406/38/6
o SHELL_safety
usemtl palette
f 9409/20/1 9412/20/1 9411/20/1 9410/20/1
f 9413/20/2 9414/20/2 9415/20/2 9416/20/2
f 9409/20/3 9410/20/3 9414/20/3 9413/20/3
f 9412/20/4 9416/20/4 9415/20/4 9411/20/4
f 9409/20/5 9413/20/5 9416/20/5 9412/20/5
f 9410/20/6 9411/20/6 9415/20/6 9414/20/6
f 9417/50/1 9420/50/1 9419/50/1 9418/50/1
f 9421/50/2 9422/50/2 9423/50/2 9424/50/2
f 9417/50/3 9418/50/3 9422/50/3 9421/50/3
f 9420/50/4 9424/50/4 9423/50/4 9419/50/4
f 9417/50/5 9421/50/5 9424/50/5 9420/50/5
f 9418/50/6 9419/50/6 9423/50/6 9422/50/6
f 9425/13/1 9428/13/1 9427/13/1 9426/13/1
f 9429/13/2 9430/13/2 9431/13/2 9432/13/2
f 9425/13/3 9426/13/3 9430/13/3 9429/13/3
f 9428/13/4 9432/13/4 9431/13/4 9427/13/4
f 9425/13/5 9429/13/5 9432/13/5 9428/13/5
f 9426/13/6 9427/13/6 9431/13/6 9430/13/6
f 9433/38/1 9436/38/1 9435/38/1 9434/38/1
f 9437/38/2 9438/38/2 9439/38/2 9440/38/2
f 9433/38/3 9434/38/3 9438/38/3 9437/38/3
f 9436/38/4 9440/38/4 9439/38/4 9435/38/4
f 9433/38/5 9437/38/5 9440/38/5 9436/38/5
f 9434/38/6 9435/38/6 9439/38/6 9438/38/6
f 9441/20/1 9444/20/1 9443/20/1 9442/20/1
f 9445/20/2 9446/20/2 9447/20/2 9448/20/2
f 9441/20/3 9442/20/3 9446/20/3 9445/20/3
f 9444/20/4 9448/20/4 9447/20/4 9443/20/4
f 9441/20/5 9445/20/5 9448/20/5 9444/20/5
f 9442/20/6 9443/20/6 9447/20/6 9446/20/6
f 9449/50/1 9452/50/1 9451/50/1 9450/50/1
f 9453/50/2 9454/50/2 9455/50/2 9456/50/2
f 9449/50/3 9450/50/3 9454/50/3 9453/50/3
f 9452/50/4 9456/50/4 9455/50/4 9451/50/4
f 9449/50/5 9453/50/5 9456/50/5 9452/50/5
f 9450/50/6 9451/50/6 9455/50/6 9454/50/6
f 9457/13/1 9460/13/1 9459/13/1 9458/13/1
f 9461/13/2 9462/13/2 9463/13/2 9464/13/2
f 9457/13/3 9458/13/3 9462/13/3 9461/13/3
f 9460/13/4 9464/13/4 9463/13/4 9459/13/4
f 9457/13/5 9461/13/5 9464/13/5 9460/13/5
f 9458/13/6 9459/13/6 9463/13/6 9462/13/6
f 9465/38/1 9468/38/1 9467/38/1 9466/38/1
f 9469/38/2 9470/38/2 9471/38/2 9472/38/2
f 9465/38/3 9466/38/3 9470/38/3 9469/38/3
f 9468/38/4 9472/38/4 9471/38/4 9467/38/4
f 9465/38/5 9469/38/5 9472/38/5 9468/38/5
f 9466/38/6 9467/38/6 9471/38/6 9470/38/6
o SHELL_cabwall
usemtl palette
f 9473/12/1 9476/12/1 9475/12/1 9474/12/1
f 9477/12/2 9478/12/2 9479/12/2 9480/12/2
f 9473/12/3 9474/12/3 9478/12/3 9477/12/3
f 9476/12/4 9480/12/4 9479/12/4 9475/12/4
f 9473/12/5 9477/12/5 9480/12/5 9476/12/5
f 9474/12/6 9475/12/6 9479/12/6 9478/12/6
f 9481/12/1 9484/12/1 9483/12/1 9482/12/1
f 9485/12/2 9486/12/2 9487/12/2 9488/12/2
f 9481/12/3 9482/12/3 9486/12/3 9485/12/3
f 9484/12/4 9488/12/4 9487/12/4 9483/12/4
f 9481/12/5 9485/12/5 9488/12/5 9484/12/5
f 9482/12/6 9483/12/6 9487/12/6 9486/12/6
f 9489/12/1 9492/12/1 9491/12/1 9490/12/1
f 9493/12/2 9494/12/2 9495/12/2 9496/12/2
f 9489/12/3 9490/12/3 9494/12/3 9493/12/3
f 9492/12/4 9496/12/4 9495/12/4 9491/12/4
f 9489/12/5 9493/12/5 9496/12/5 9492/12/5
f 9490/12/6 9491/12/6 9495/12/6 9494/12/6
o SHELL_desk
usemtl palette
f 9497/11/1 9500/11/1 9499/11/1 9498/11/1
f 9501/11/2 9502/11/2 9503/11/2 9504/11/2
f 9497/11/3 9498/11/3 9502/11/3 9501/11/3
f 9500/11/4 9504/11/4 9503/11/4 9499/11/4
f 9497/11/5 9501/11/5 9504/11/5 9500/11/5
f 9498/11/6 9499/11/6 9503/11/6 9502/11/6
f 9505/30/1 9508/30/1 9507/30/1 9506/30/1
f 9509/30/2 9510/30/2 9511/30/2 9512/30/2
f 9505/30/3 9506/30/3 9510/30/3 9509/30/3
f 9508/30/4 9512/30/4 9511/30/4 9507/30/4
f 9505/30/5 9509/30/5 9512/30/5 9508/30/5
f 9506/30/6 9507/30/6 9511/30/6 9510/30/6
f 9513/10/1 9516/10/1 9515/10/1 9514/10/1
f 9517/10/2 9518/10/2 9519/10/2 9520/10/2
f 9513/10/3 9514/10/3 9518/10/3 9517/10/3
f 9516/10/4 9520/10/4 9519/10/4 9515/10/4
f 9513/10/5 9517/10/5 9520/10/5 9516/10/5
f 9514/10/6 9515/10/6 9519/10/6 9518/10/6
f 9521/14/1 9524/14/1 9523/14/1 9522/14/1
f 9525/14/2 9526/14/2 9527/14/2 9528/14/2
f 9521/14/3 9522/14/3 9526/14/3 9525/14/3
f 9524/14/4 9528/14/4 9527/14/4 9523/14/4
f 9521/14/5 9525/14/5 9528/14/5 9524/14/5
f 9522/14/6 9523/14/6 9527/14/6 9526/14/6
f 9529/10/1 9532/10/1 9531/10/1 9530/10/1
f 9533/10/2 9534/10/2 9535/10/2 9536/10/2
f 9529/10/3 9530/10/3 9534/10/3 9533/10/3
f 9532/10/4 9536/10/4 9535/10/4 9531/10/4
f 9529/10/5 9533/10/5 9536/10/5 9532/10/5
f 9530/10/6 9531/10/6 9535/10/6 9534/10/6
f 9537/46/1 9540/46/1 9539/46/1 9538/46/1
f 9541/46/2 9542/46/2 9543/46/2 9544/46/2
f 9537/46/3 9538/46/3 9542/46/3 9541/46/3
f 9540/46/4 9544/46/4 9543/46/4 9539/46/4
f 9537/46/5 9541/46/5 9544/46/5 9540/46/5
f 9538/46/6 9539/46/6 9543/46/6 9542/46/6
o THROTTLE_1_TL_0.12_X
usemtl palette
f 9545/35/1 9548/35/1 9547/35/1 9546/35/1
f 9549/35/2 9550/35/2 9551/35/2 9552/35/2
f 9545/35/3 9546/35/3 9550/35/3 9549/35/3
f 9548/35/4 9552/35/4 9551/35/4 9547/35/4
f 9545/35/5 9549/35/5 9552/35/5 9548/35/5
f 9546/35/6 9547/35/6 9551/35/6 9550/35/6
f 9553/50/1 9556/50/1 9555/50/1 9554/50/1
f 9557/50/2 9558/50/2 9559/50/2 9560/50/2
f 9553/50/3 9554/50/3 9558/50/3 9557/50/3
f 9556/50/4 9560/50/4 9559/50/4 9555/50/4
f 9553/50/5 9557/50/5 9560/50/5 9556/50/5
f 9554/50/6 9555/50/6 9559/50/6 9558/50/6
o TRAIN_BRAKE_1_TL_0.12_X
usemtl palette
f 9561/35/1 9564/35/1 9563/35/1 9562/35/1
f 9565/35/2 9566/35/2 9567/35/2 9568/35/2
f 9561/35/3 9562/35/3 9566/35/3 9565/35/3
f 9564/35/4 9568/35/4 9567/35/4 9563/35/4
f 9561/35/5 9565/35/5 9568/35/5 9564/35/5
f 9562/35/6 9563/35/6 9567/35/6 9566/35/6
f 9569/38/1 9572/38/1 9571/38/1 9570/38/1
f 9573/38/2 9574/38/2 9575/38/2 9576/38/2
f 9569/38/3 9570/38/3 9574/38/3 9573/38/3
f 9572/38/4 9576/38/4 9575/38/4 9571/38/4
f 9569/38/5 9573/38/5 9576/38/5 9572/38/5
f 9570/38/6 9571/38/6 9575/38/6 9574/38/6
o REVERSER_1_TL_0.08_X
usemtl palette
f 9577/13/1 9580/13/1 9579/13/1 9578/13/1
f 9581/13/2 9582/13/2 9583/13/2 9584/13/2
f 9577/13/3 9578/13/3 9582/13/3 9581/13/3
f 9580/13/4 9584/13/4 9583/13/4 9579/13/4
f 9577/13/5 9581/13/5 9584/13/5 9580/13/5
f 9578/13/6 9579/13/6 9583/13/6 9582/13/6
o HORN_CONTROL_1_PRESS
usemtl palette
f 9585/38/1 9588/38/1 9587/38/1 9586/38/1
f 9589/38/2 9590/38/2 9591/38/2 9592/38/2
f 9585/38/3 9586/38/3 9590/38/3 9589/38/3
f 9588/38/4 9592/38/4 9591/38/4 9587/38/4
f 9585/38/5 9589/38/5 9592/38/5 9588/38/5
f 9586/38/6 9587/38/6 9591/38/6 9590/38/6
o BELL_CONTROL_1_PRESS
usemtl palette
f 9593/13/1 9596/13/1 9595/13/1 9594/13/1
f 9597/13/2 9598/13/2 9599/13/2 9600/13/2
f 9593/13/3 9594/13/3 9598/13/3 9597/13/3
f 9596/13/4 9600/13/4 9599/13/4 9595/13/4
f 9593/13/5 9597/13/5 9600/13/5 9596/13/5
f 9594/13/6 9595/13/6 9599/13/6 9598/13/6
o SHELL_cabseat
usemtl palette
f 9601/36/1 9604/36/1 9603/36/1 9602/36/1
f 9605/36/2 9606/36/2 9607/36/2 9608/36/2
f 9601/36/3 9602/36/3 9606/36/3 9605/36/3
f 9604/36/4 9608/36/4 9607/36/4 9603/36/4
f 9601/36/5 9605/36/5 9608/36/5 9604/36/5
f 9602/36/6 9603/36/6 9607/36/6 9606/36/6
f 9609/7/1 9612/7/1 9611/7/1 9610/7/1
f 9613/7/2 9614/7/2 9615/7/2 9616/7/2
f 9609/7/3 9610/7/3 9614/7/3 9613/7/3
f 9612/7/4 9616/7/4 9615/7/4 9611/7/4
f 9609/7/5 9613/7/5 9616/7/5 9612/7/5
f 9610/7/6 9611/7/6 9615/7/6 9614/7/6
f 9617/36/1 9620/36/1 9619/36/1 9618/36/1
f 9621/36/2 9622/36/2 9623/36/2 9624/36/2
f 9617/36/3 9618/36/3 9622/36/3 9621/36/3
f 9620/36/4 9624/36/4 9623/36/4 9619/36/4
f 9617/36/5 9621/36/5 9624/36/5 9620/36/5
f 9618/36/6 9619/36/6 9623/36/6 9622/36/6
o SEAT_33
usemtl palette
f 9625/7/1 9628/7/1 9627/7/1 9626/7/1
f 9629/7/2 9630/7/2 9631/7/2 9632/7/2
f 9625/7/3 9626/7/3 9630/7/3 9629/7/3
f 9628/7/4 9632/7/4 9631/7/4 9627/7/4
f 9625/7/5 9629/7/5 9632/7/5 9628/7/5
f 9626/7/6 9627/7/6 9631/7/6 9630/7/6
o SEAT_34
usemtl palette
f 9633/7/1 9636/7/1 9635/7/1 9634/7/1
f 9637/7/2 9638/7/2 9639/7/2 9640/7/2
f 9633/7/3 9634/7/3 9638/7/3 9637/7/3
f 9636/7/4 9640/7/4 9639/7/4 9635/7/4
f 9633/7/5 9637/7/5 9640/7/5 9636/7/5
f 9634/7/6 9635/7/6 9639/7/6 9638/7/6
